transition,folder,tag,model,calibration,param,k4,mean,mean_err,mean_B,ess_frac
AC,c_a,LR,Logistic Regression,uncalibrated,4.67,1.16367,0.00022626450731000596,0.0015142018455910969,100.0,8.344877164524838e-05
AC,c_a,LR,Logistic Regression,uncalibrated,4.671,1.1638186666666668,0.00023380547419260263,0.0015319012499242612,100.0,8.439826767777777e-05
AC,c_a,LR,Logistic Regression,uncalibrated,4.672,1.1639673333333334,0.00024155463920545218,0.001549688933084725,100.0,8.536969289630483e-05
AC,c_a,LR,Logistic Regression,uncalibrated,4.673,1.164116,0.0002495184327332327,0.0015675646215355396,100.0,8.636385881999471e-05
AC,c_a,LR,Logistic Regression,uncalibrated,4.674,1.1642646666666667,0.00025770376605536234,0.001585528452755035,100.0,8.73816224895784e-05
AC,c_a,LR,Logistic Regression,uncalibrated,4.675,1.1644133333333333,0.0002661180927245655,0.001603581052131236,100.0,8.842388989555044e-05
AC,c_a,LR,Logistic Regression,uncalibrated,4.676,1.164562,0.0002747694786500094,0.0016217236208371638,100.0,8.949161972145035e-05
AC,c_a,LR,Logistic Regression,uncalibrated,4.677,1.1647106666666667,0.00028366668219743994,0.0016399580362004105,100.0,9.058582743583647e-05
AC,c_a,LR,Logistic Regression,uncalibrated,4.678,1.1648593333333332,0.00029281924582961224,0.0016582869663001553,100.0,9.170758977082096e-05
AC,c_a,LR,Logistic Regression,uncalibrated,4.679,1.165008,0.0003022376010585182,0.0016767140007686256,100.0,9.285804962957498e-05
AC,c_a,LR,Logistic Regression,uncalibrated,4.68,1.1651566666666666,0.0003119331887677407,0.0016952438000601977,100.0,9.403842147055465e-05
AC,c_a,LR,Logistic Regression,uncalibrated,4.681,1.1653053333333332,0.0003219185973052641,0.0017138822657819183,100.0,9.524999722231415e-05
AC,c_a,LR,Logistic Regression,uncalibrated,4.682,1.165454,0.0003322077211428598,0.0017326367350551874,100.0,9.649415278955912e-05
AC,c_a,LR,Logistic Regression,uncalibrated,4.683,1.1656026666666666,0.00034281594336778884,0.0017515162023193384,100.0,9.777235521907038e-05
AC,c_a,LR,Logistic Regression,uncalibrated,4.684,1.1657513333333334,0.00035376034582396024,0.001770531572498156,100.0,9.908617060323098e-05
AC,c_a,LR,Logistic Regression,uncalibrated,4.685,1.1659,0.00036505995136800026,0.0017896959500355227,100.0,0.00010043727280913993
AC,c_a,LR,Logistic Regression,uncalibrated,4.686,1.1660486666666665,0.00037673600347211964,0.0018090249689971794,100.0,0.00010182745313344373
AC,c_a,LR,Logistic Regression,uncalibrated,4.687,1.1661973333333333,0.0003888122893115338,0.001828537170228524,100.0,0.00010325863099662726
AC,c_a,LR,Logistic Regression,uncalibrated,4.688,1.1663459999999999,0.00040131551354078993,0.001848254432488532,100.0,0.00010473286580649548
AC,c_a,LR,Logistic Regression,uncalibrated,4.689,1.1664946666666667,0.00041427573123243395,0.0018682024655645672,100.0,0.00010625237013902548
AC,c_a,LR,Logistic Regression,uncalibrated,4.69,1.1666433333333333,0.00042772684994722113,0.0018884113746318188,100.0,0.00010781952440591674
AC,c_a,LR,Logistic Regression,uncalibrated,4.691,1.1667919999999998,0.0004417072126866495,0.0019089163066023157,100.0,0.00010943689320315829
AC,c_a,LR,Logistic Regression,uncalibrated,4.692,1.1669406666666666,0.00045626027558569337,0.0019297581909254256,100.0,0.00011110724356349707
AC,c_a,LR,Logistic Regression,uncalibrated,4.693,1.1670893333333332,0.0004714353967138524,0.0019509845893179991,100.0,0.00011283356536946829
AC,c_a,LR,Logistic Regression,uncalibrated,4.694,1.1672379999999998,0.00048728875533382045,0.001972650671244844,100.0,0.00011461909422284111
AC,c_a,LR,Logistic Regression,uncalibrated,4.695,1.1673866666666666,0.0005038844245160777,0.0019948203346991664,100.0,0.00011646733711224581
AC,c_a,LR,Logistic Regression,uncalibrated,4.696,1.1675353333333331,0.0005212956242339134,0.002017567494998901,100.0,0.00011838210127475814
AC,c_a,LR,Logistic Regression,uncalibrated,4.697,1.167684,0.0005396061871050385,0.0020409775679753666,100.0,0.0001203675267107825
AC,c_a,LR,Logistic Regression,uncalibrated,4.698,1.1678326666666665,0.0005589122749479172,0.0020651491781253886,100.0,0.00012242812288621702
AC,c_a,LR,Logistic Regression,uncalibrated,4.699,1.167981333333333,0.0005793243914938239,0.0020901961270866766,100.0,0.00012456881024467596
AC,c_a,LR,Logistic Regression,uncalibrated,4.7,1.16813,0.0006009697451449904,0.002116249663175746,100.0,0.00012679496725714488
AC,c_a,LR,Logistic Regression,uncalibrated,4.701,1.1682819999999998,0.0006252632129804317,0.002145830115073552,100.0,0.0001292172037597969
AC,c_a,LR,Logistic Regression,uncalibrated,4.702,1.168434,0.0006512095253409676,0.0021768141845068213,100.0,0.00013174330426974875
AC,c_a,LR,Logistic Regression,uncalibrated,4.703,1.168586,0.0006790200254933518,0.002209414203263667,100.0,0.0001343809123327623
AC,c_a,LR,Logistic Regression,uncalibrated,4.704,1.1687379999999998,0.0007089403576592051,0.0022438756181748748,100.0,0.00013713846399900822
AC,c_a,LR,Logistic Regression,uncalibrated,4.705,1.16889,0.0007412565004582864,0.0022804821070659194,100.0,0.0001400252902684325
AC,c_a,LR,Logistic Regression,uncalibrated,4.706,1.169042,0.0007763019191015879,0.002319561468782424,100.0,0.00014305173518405043
AC,c_a,LR,Logistic Regression,uncalibrated,4.707,1.1691939999999998,0.0008144660513510048,0.0023614923836612406,100.0,0.00014622929232186138
AC,c_a,LR,Logistic Regression,uncalibrated,4.708,1.169346,0.0008562043839987223,0.002406712141002317,100.0,0.00014957076297127372
AC,c_a,LR,Logistic Regression,uncalibrated,4.709,1.169498,0.0009020504261689414,0.002455725423941163,100.0,0.00015309043996605769
AC,c_a,LR,Logistic Regression,uncalibrated,4.71,1.1696499999999999,0.0009526299443618001,0.0025091142267524807,100.0,0.0001568043219416903
AC,c_a,LR,Logistic Regression,uncalibrated,4.711,1.169802,0.0010086778931976742,0.002567548951578587,100.0,0.00016073036379798006
AC,c_a,LR,Logistic Regression,uncalibrated,4.712,1.169954,0.001071058556694704,0.0026318006869473164,100.0,0.00016488877038366989
AC,c_a,LR,Logistic Regression,uncalibrated,4.713,1.170106,0.0011407895090093344,0.0027027546051313052,100.0,0.00016930234195257585
AC,c_a,LR,Logistic Regression,uncalibrated,4.714,1.170258,0.0012041933520763304,0.0027822386275547055,74.0,0.00017399688184572157
AC,c_a,LR,Logistic Regression,uncalibrated,4.715,1.17041,0.0012918116180668264,0.0028708172813444507,74.0,0.0001790016792318094
AC,c_a,LR,Logistic Regression,uncalibrated,4.716,1.170562,0.0013910905746817473,0.0029697466271706827,74.0,0.0001843500827162729
AC,c_a,LR,Logistic Regression,uncalibrated,4.717,1.170714,0.0015040147362007329,0.0030805324719956704,74.0,0.00019008018437594962
AC,c_a,LR,Logistic Regression,uncalibrated,4.718,1.170866,0.0016329304020326657,0.003204867907441836,74.0,0.00019623563850860822
AC,c_a,LR,Logistic Regression,uncalibrated,4.719,1.1710180000000001,0.0017806126430985432,0.003344644624402393,74.0,0.00020286664538948107
AC,c_a,LR,Logistic Regression,uncalibrated,4.72,1.17117,0.0019503442075822345,0.0035019609316479412,74.0,0.00021003113797567964
AC,c_a,LR,Logistic Regression,uncalibrated,4.721,1.1713200000000001,0.002142632717152549,0.0036758467221408315,74.0,0.00021765008387230304
AC,c_a,LR,Logistic Regression,uncalibrated,4.722,1.1714700000000002,0.0023645689494751565,0.003871546093815534,74.0,0.00022592779898294828
AC,c_a,LR,Logistic Regression,uncalibrated,4.723,1.17162,0.0026213537711058128,0.00409167001803878,74.0,0.00023495153889872402
AC,c_a,LR,Logistic Regression,uncalibrated,4.724,1.1717700000000002,0.0029191143963100104,0.004338995952995832,74.0,0.0002448233606830385
AC,c_a,LR,Logistic Regression,uncalibrated,4.725,1.17192,0.003265059608358615,0.004616436926618503,74.0,0.00025566312937637815
AC,c_a,LR,Logistic Regression,uncalibrated,4.726,1.17207,0.0036676554977321044,0.004926997025082406,74.0,0.0002676122316967537
AC,c_a,LR,Logistic Regression,uncalibrated,4.727,1.17222,0.004136822059392763,0.005273710690837963,74.0,0.00028083818532370717
AC,c_a,LR,Logistic Regression,uncalibrated,4.728,1.17237,0.00468414988118423,0.005659562973161178,74.0,0.0002955403880103421
AC,c_a,LR,Logistic Regression,uncalibrated,4.729,1.17252,0.0053231345566524795,0.006087387721872436,74.0,0.00031195732478434533
AC,c_a,LR,Logistic Regression,uncalibrated,4.73,1.17267,0.0060694242665384895,0.00655974079275441,74.0,0.00033037565006073955
AC,c_a,LR,Logistic Regression,uncalibrated,4.731,1.172823,0.006960781442595904,0.007090176145467174,74.0,0.00035165085371380365
AC,c_a,LR,Logistic Regression,uncalibrated,4.732,1.172976,0.008004493004094795,0.007670597539868956,74.0,0.00037581691595679344
AC,c_a,LR,Logistic Regression,uncalibrated,4.733,1.1731289999999999,0.009225658998464174,0.008301709026642023,74.0,0.0004034219692603721
AC,c_a,LR,Logistic Regression,uncalibrated,4.734,1.173282,0.010652705426999955,0.008983058150893201,74.0,0.00043514209726528737
AC,c_a,LR,Logistic Regression,uncalibrated,4.735,1.173435,0.012317515603253053,0.009712752689172646,74.0,0.00047181629102988445
AC,c_a,LR,Logistic Regression,uncalibrated,4.736,1.1735879999999999,0.014255453311197232,0.010487169306184945,74.0,0.0005144922384397721
AC,c_a,LR,Logistic Regression,uncalibrated,4.737,1.173741,0.016505240167627812,0.011300673506459738,74.0,0.0005644866627967719
AC,c_a,LR,Logistic Regression,uncalibrated,4.738,1.173894,0.019108648775676928,0.012145376963520645,74.0,0.0006234653070401647
AC,c_a,LR,Logistic Regression,uncalibrated,4.739,1.1740469999999998,0.022031100595004387,0.01305370120600278,25.0,0.000693549584002521
AC,c_a,LR,Logistic Regression,uncalibrated,4.74,1.1742,0.02543620099734115,0.014004033875151832,25.0,0.0007774596018777305
AC,c_a,LR,Logistic Regression,uncalibrated,4.741,1.1743549999999998,0.02938292669517016,0.014975013792923325,25.0,0.0008801955825334139
AC,c_a,LR,Logistic Regression,uncalibrated,4.742,1.17451,0.03387865011498609,0.015936948927772258,25.0,0.0010054711246032212
AC,c_a,LR,Logistic Regression,uncalibrated,4.743,1.174665,0.03897058015197687,0.016870434594019018,25.0,0.001159525720367244
AC,c_a,LR,Logistic Regression,uncalibrated,4.744,1.17482,0.04470239705871111,0.017754482110125622,25.0,0.0013506100757524656
AC,c_a,LR,Logistic Regression,uncalibrated,4.745,1.1749749999999999,0.05111248925360762,0.018567368949220963,25.0,0.0015897070507698914
AC,c_a,LR,Logistic Regression,uncalibrated,4.746,1.17513,0.058232288673387256,0.019287687185512204,25.0,0.0018915291127492647
AC,c_a,LR,Logistic Regression,uncalibrated,4.747,1.175285,0.06608486108671477,0.019895525008884064,25.0,0.002275901077935863
AC,c_a,LR,Logistic Regression,uncalibrated,4.748,1.17544,0.07468389986777882,0.020373687519605815,25.0,0.002769678079472041
AC,c_a,LR,Logistic Regression,uncalibrated,4.749,1.175595,0.08403323970960673,0.020708843480638967,25.0,0.003409402713798438
AC,c_a,LR,Logistic Regression,uncalibrated,4.75,1.17575,0.09412695313314828,0.0208924794721925,25.0,0.004244973240747661
AC,c_a,LR,Logistic Regression,uncalibrated,4.751,1.175904,0.10487773468864543,0.02092156148147341,25.0,0.005336710335469649
AC,c_a,LR,Logistic Regression,uncalibrated,4.752,1.176058,0.11632585408326093,0.02080070717454118,25.0,0.006780877477035919
AC,c_a,LR,Logistic Regression,uncalibrated,4.753,1.176212,0.12844260936071153,0.020538058364061036,25.0,0.008702510750618668
AC,c_a,LR,Logistic Regression,uncalibrated,4.754,1.176366,0.1411948031214653,0.020146721312905434,25.0,0.011271520164585252
AC,c_a,LR,Logistic Regression,uncalibrated,4.755,1.17652,0.15454647019259196,0.01964392080326706,25.0,0.014717110165289557
AC,c_a,LR,Logistic Regression,uncalibrated,4.756,1.176674,0.1684604760255861,0.019049910874781553,25.0,0.019344967142865765
AC,c_a,LR,Logistic Regression,uncalibrated,4.757,1.176828,0.1828998654457706,0.018386748411771285,25.0,0.025556090061358894
AC,c_a,LR,Logistic Regression,uncalibrated,4.758,1.176982,0.19782888640687435,0.01767703887087241,25.0,0.033864516244485346
AC,c_a,LR,Logistic Regression,uncalibrated,4.759,1.177136,0.21321365967908434,0.016942753048220502,25.0,0.044908830856231124
AC,c_a,LR,Logistic Regression,uncalibrated,4.76,1.17729,0.22902250563871038,0.016204194266585852,25.0,0.05944958630405114
AC,c_a,LR,Logistic Regression,uncalibrated,4.761,1.177448,0.24565720333607022,0.01546077793522082,25.0,0.07888890256776035
AC,c_a,LR,Logistic Regression,uncalibrated,4.762,1.177606,0.26267849737837756,0.014747157681770765,25.0,0.10386790101355786
AC,c_a,LR,Logistic Regression,uncalibrated,4.763,1.177764,0.28006436100195775,0.01414947979492348,27.0,0.13527796217247937
AC,c_a,LR,Logistic Regression,uncalibrated,4.764,1.1779220000000001,0.29777350144023784,0.013645562192921646,27.0,0.17379794350683814
AC,c_a,LR,Logistic Regression,uncalibrated,4.765,1.17808,0.3157894301182898,0.013195943621031677,27.0,0.21974829295341783
AC,c_a,LR,Logistic Regression,uncalibrated,4.766,1.1782380000000001,0.3340856789737882,0.012798890562294732,27.0,0.2729815810547358
AC,c_a,LR,Logistic Regression,uncalibrated,4.767,1.1783960000000002,0.3526351536566145,0.01245018358711419,27.0,0.3328440378130527
AC,c_a,LR,Logistic Regression,uncalibrated,4.768,1.178554,0.37143026873265106,0.012195581792322711,23.0,0.3982182733217403
AC,c_a,LR,Logistic Regression,uncalibrated,4.769,1.1787120000000002,0.39042025042214556,0.0125094121053348,4.0,0.4676268106118885
AC,c_a,LR,Logistic Regression,uncalibrated,4.77,1.17887,0.40953706588525524,0.012868487873459015,4.0,0.5393577605446005
AC,c_a,LR,Logistic Regression,uncalibrated,4.771,1.1790250000000002,0.4284178996172918,0.013156121235565128,4.0,0.6102214962437416
AC,c_a,LR,Logistic Regression,uncalibrated,4.772,1.1791800000000001,0.4473955785802921,0.013377744543409967,4.0,0.6797843120989653
AC,c_a,LR,Logistic Regression,uncalibrated,4.773,1.179335,0.4664342897095391,0.013532447252062926,4.0,0.746288815471181
AC,c_a,LR,Logistic Regression,uncalibrated,4.774,1.1794900000000001,0.48549677813081726,0.013620488714523017,4.0,0.8080263069354313
AC,c_a,LR,Logistic Regression,uncalibrated,4.775,1.179645,0.5045446026819755,0.013643014404391128,4.0,0.8633744085968219
AC,c_a,LR,Logistic Regression,uncalibrated,4.776,1.1798,0.5235384540154014,0.01360185456457675,4.0,0.9108435741118219
AC,c_a,LR,Logistic Regression,uncalibrated,4.777,1.179955,0.5424385207089213,0.013499386266367338,4.0,0.9491333338489312
AC,c_a,LR,Logistic Regression,uncalibrated,4.778,1.18011,0.5612048879831957,0.013338442123005478,4.0,0.977193173796852
AC,c_a,LR,Logistic Regression,uncalibrated,4.779,1.180265,0.5797979534464426,0.013122251258557741,4.0,0.9942795528829523
AC,c_a,LR,Logistic Regression,uncalibrated,4.78,1.18042,0.5981788447319081,0.012854400460638264,4.0,1.0
AC,c_a,LR,Logistic Regression,uncalibrated,4.781,1.1805759999999998,0.6164277776277438,0.012536744024133758,4.0,0.9942645896402904
AC,c_a,LR,Logistic Regression,uncalibrated,4.782,1.180732,0.6343893607045977,0.012324289820358625,5.0,0.9773653329498592
AC,c_a,LR,Logistic Regression,uncalibrated,4.783,1.1808880000000002,0.6520266230000418,0.012065314633968862,5.0,0.9500273345790389
AC,c_a,LR,Logistic Regression,uncalibrated,4.784,1.181044,0.6693056915960895,0.01175989165240799,5.0,0.913288606465064
AC,c_a,LR,Logistic Regression,uncalibrated,4.785,1.1812,0.68619612153686,0.011411162928940777,5.0,0.8684379071846742
AC,c_a,LR,Logistic Regression,uncalibrated,4.786,1.1813559999999999,0.7026701555309768,0.011022840511349543,5.0,0.81694380785707
AC,c_a,LR,Logistic Regression,uncalibrated,4.787,1.181512,0.7187028799478926,0.010599132563275512,5.0,0.7603813072040916
AC,c_a,LR,Logistic Regression,uncalibrated,4.788,1.1816680000000002,0.7342723239917145,0.010144665173733676,5.0,0.7003609171659473
AC,c_a,LR,Logistic Regression,uncalibrated,4.789,1.181824,0.7493595048693051,0.009664401339000196,5.0,0.638463433960793
AC,c_a,LR,Logistic Regression,uncalibrated,4.79,1.18198,0.7639484234750686,0.009163558566849092,5.0,0.5761821615644567
AC,c_a,LR,Logistic Regression,uncalibrated,4.791,1.1821380000000001,0.7782057931606967,0.008640499154250284,5.0,0.5141088739386348
AC,c_a,LR,Logistic Regression,uncalibrated,4.792,1.182296,0.7919277630818862,0.008107446947412986,5.0,0.4542578398792472
AC,c_a,LR,Logistic Regression,uncalibrated,4.793,1.1824540000000001,0.8051555357158241,0.007663239650720083,86.0,0.3976342133286411
AC,c_a,LR,Logistic Regression,uncalibrated,4.794,1.182612,0.8178086935673415,0.007565554585691229,86.0,0.3450053447362541
AC,c_a,LR,Logistic Regression,uncalibrated,4.795,1.18277,0.8299129339551864,0.00746607059546055,86.0,0.2968951445077047
AC,c_a,LR,Logistic Regression,uncalibrated,4.796,1.1829280000000002,0.841467916778533,0.007364536514498454,86.0,0.25359268819238007
AC,c_a,LR,Logistic Regression,uncalibrated,4.797,1.183086,0.8524755181125672,0.007260589926438354,86.0,0.21517405422101685
AC,c_a,LR,Logistic Regression,uncalibrated,4.798,1.1832440000000002,0.8629396694228947,0.007153777621974845,86.0,0.1815347472846845
AC,c_a,LR,Logistic Regression,uncalibrated,4.799,1.183402,0.8728662027116965,0.00704358059232241,86.0,0.15242877440780478
AC,c_a,LR,Logistic Regression,uncalibrated,4.8,1.18356,0.8822627037245027,0.006929442641979018,86.0,0.12750990607931745
AC,c_a,LR,Logistic Regression,uncalibrated,4.801,1.183718,0.8911383741011363,0.006810801548900021,86.0,0.10637097994639055
AC,c_a,LR,Logistic Regression,uncalibrated,4.802,1.183876,0.8995039022340622,0.006687121514759197,86.0,0.08857810488917006
AC,c_a,LR,Logistic Regression,uncalibrated,4.803,1.184034,0.9073713416579746,0.006557925459042381,86.0,0.07369794618020596
AC,c_a,LR,Logistic Regression,uncalibrated,4.804,1.1841920000000001,0.9147539950879221,0.006422825561483284,86.0,0.061317559495885604
AC,c_a,LR,Logistic Regression,uncalibrated,4.805,1.18435,0.9216663017922474,0.0062815503966886545,86.0,0.0510572449757476
AC,c_a,LR,Logistic Regression,uncalibrated,4.806,1.1845080000000001,0.9281237258366015,0.006133967073866333,86.0,0.042577512612676796
AC,c_a,LR,Logistic Regression,uncalibrated,4.807,1.1846660000000002,0.9341426428727309,0.005980097015484821,86.0,0.03558150923239183
AC,c_a,LR,Logistic Regression,uncalibrated,4.808,1.184824,0.9397402235349793,0.005820124377632291,86.0,0.029814245500270068
AC,c_a,LR,Logistic Regression,uncalibrated,4.809,1.1849820000000002,0.9449343121066134,0.005654396601522384,86.0,0.02505978653191219
AC,c_a,LR,Logistic Regression,uncalibrated,4.81,1.18514,0.9497432998602109,0.0054834171383877665,86.0,0.021137324526073673
AC,c_a,LR,Logistic Regression,uncalibrated,4.811,1.1853010000000002,0.9542671017360997,0.005304610268209791,86.0,0.01784477152235389
AC,c_a,LR,Logistic Regression,uncalibrated,4.812,1.1854620000000002,0.9584305869873493,0.005121871664354436,86.0,0.015128833629589935
AC,c_a,LR,Logistic Regression,uncalibrated,4.813,1.185623,0.9622541376656916,0.00493610947537346,86.0,0.012882952875288303
AC,c_a,LR,Logistic Regression,uncalibrated,4.814,1.1857840000000002,0.9657581305514031,0.004748302449245549,86.0,0.011020415180630405
AC,c_a,LR,Logistic Regression,uncalibrated,4.815,1.185945,0.9689627877843595,0.004559467871995133,86.0,0.009470831475644235
AC,c_a,LR,Logistic Regression,uncalibrated,4.816,1.1861059999999999,0.9718880339120414,0.004370630156441871,86.0,0.008177146393509768
AC,c_a,LR,Logistic Regression,uncalibrated,4.817,1.186267,0.9745533624834428,0.004182791726083481,86.0,0.007093137529795764
AC,c_a,LR,Logistic Regression,uncalibrated,4.818,1.1864279999999998,0.9769777149951795,0.003996907480449721,86.0,0.006181350795700424
AC,c_a,LR,Logistic Regression,uncalibrated,4.819,1.186589,0.9791793744904025,0.003813863716434884,86.0,0.005411411706962208
AC,c_a,LR,Logistic Regression,uncalibrated,4.82,1.18675,0.981175875481474,0.003634461963616352,86.0,0.0047586537201537325
AC,c_a,LR,Logistic Regression,uncalibrated,4.821,1.1869159999999999,0.9830368462770928,0.003454470232312836,86.0,0.00418892283966249
AC,c_a,LR,Logistic Regression,uncalibrated,4.822,1.187082,0.9847148226511062,0.0032797559760967465,86.0,0.003704183047656208
AC,c_a,LR,Logistic Regression,uncalibrated,4.823,1.187248,0.9862261333677173,0.003110851959685243,86.0,0.003289984210921761
AC,c_a,LR,Logistic Regression,uncalibrated,4.824,1.187414,0.9875860435598718,0.0029481760152277525,86.0,0.0029345555428652377
AC,c_a,LR,Logistic Regression,uncalibrated,4.825,1.1875799999999999,0.9888087489655153,0.002792036432894554,86.0,0.0026282792544390127
AC,c_a,LR,Logistic Regression,uncalibrated,4.826,1.187746,0.9899073860054978,0.0026426398723288745,86.0,0.0023632712888706263
AC,c_a,LR,Logistic Regression,uncalibrated,4.827,1.1879119999999999,0.9908940553658058,0.0025001009682437264,86.0,0.0021330470785052304
AC,c_a,LR,Logistic Regression,uncalibrated,4.828,1.188078,0.9917798566628826,0.00236445290089304,86.0,0.0019322547342813965
AC,c_a,LR,Logistic Regression,uncalibrated,4.829,1.1882439999999999,0.9925749318091865,0.0022356583228735263,86.0,0.001756461701836695
AC,c_a,LR,Logistic Regression,uncalibrated,4.83,1.18841,0.993278358885961,0.002115667118680249,80.0,0.0016019838257777944
AC,c_a,LR,Logistic Regression,uncalibrated,4.831,1.188561,0.9937168520540726,0.002045923536242481,3.0,0.0014754868494637988
AC,c_a,LR,Logistic Regression,uncalibrated,4.832,1.188712,0.9942690893038856,0.0019815342718991864,3.0,0.001362413071908542
AC,c_a,LR,Logistic Regression,uncalibrated,4.833,1.188863,0.9947708387595963,0.001917693713386861,3.0,0.0012610582001769369
AC,c_a,LR,Logistic Regression,uncalibrated,4.834,1.189014,0.9952268122668725,0.0018547072703257001,3.0,0.0011699640632794014
AC,c_a,LR,Logistic Regression,uncalibrated,4.835,1.189165,0.9956413000328773,0.0017928248572213852,3.0,0.0010878795021856305
AC,c_a,LR,Logistic Regression,uncalibrated,4.836,1.189316,0.9960182027310602,0.0017322478140576292,3.0,0.0010137279429927517
AC,c_a,LR,Logistic Regression,uncalibrated,4.837,1.189467,0.9963610623543093,0.0016731352045695638,3.0,0.0009465804458299023
AC,c_a,LR,Logistic Regression,uncalibrated,4.838,1.189618,0.9966730916072972,0.001615609500947485,3.0,0.0008856332495530996
AC,c_a,LR,Logistic Regression,uncalibrated,4.839,1.189769,0.9969572016961373,0.001559761678478201,3.0,0.0008301890156313688
AC,c_a,LR,Logistic Regression,uncalibrated,4.84,1.18992,0.9972160284301553,0.001505655753372707,3.0,0.000779641122541762
AC,c_a,LR,Logistic Regression,uncalibrated,4.841,1.1900860000000002,0.9974739144901664,0.0014482762662514424,3.0,0.0007301382361791967
AC,c_a,LR,Logistic Regression,uncalibrated,4.842,1.190252,0.9977070322542031,0.0013929769505436464,3.0,0.0006851632898837707
AC,c_a,LR,Logistic Regression,uncalibrated,4.843,1.1904180000000002,0.997917924868672,0.0013397784946120454,3.0,0.0006442058942732731
AC,c_a,LR,Logistic Regression,uncalibrated,4.844,1.190584,0.9981088662126127,0.0012886801000656807,3.0,0.000606822894946506
AC,c_a,LR,Logistic Regression,uncalibrated,4.845,1.19075,0.9982818888695324,0.0012396634901630007,3.0,0.0005726283883030326
AC,c_a,LR,Logistic Regression,uncalibrated,4.846,1.190916,0.9984388094669697,0.0011926963469646487,3.0,0.0005412853659869972
AC,c_a,LR,Logistic Regression,uncalibrated,4.847,1.1910820000000002,0.9985812515605426,0.0011477352433546765,3.0,0.0005124987015359216
AC,c_a,LR,Logistic Regression,uncalibrated,4.848,1.191248,0.998710666244872,0.0011047281312841248,3.0,0.0004860092463781918
AC,c_a,LR,Logistic Regression,uncalibrated,4.849,1.1914140000000002,0.9988283506739407,0.0010636164423808152,3.0,0.000461588845347081
AC,c_a,LR,Logistic Regression,uncalibrated,4.85,1.19158,0.9989354646694613,0.001024336851695319,3.0,0.0004390361165269895
AC,c_a,LR,Logistic Regression,uncalibrated,4.851,1.1917380000000002,0.9990286049295228,0.0009887308085702836,3.0,0.0004188813254557926
AC,c_a,LR,Logistic Regression,uncalibrated,4.852,1.191896,0.9991139052756707,0.0009546805047864446,3.0,0.00040014840462568405
AC,c_a,LR,Logistic Regression,uncalibrated,4.853,1.192054,0.9991920898264055,0.0009221234432811998,3.0,0.0003827122255650064
AC,c_a,LR,Logistic Regression,uncalibrated,4.854,1.192212,0.9992638105181271,0.0008909971707458348,3.0,0.0003664607176601926
AC,c_a,LR,Logistic Regression,uncalibrated,4.855,1.1923700000000002,0.9993296545817958,0.0008612397706571066,3.0,0.0003512933059632569
AC,c_a,LR,Logistic Regression,uncalibrated,4.856,1.192528,0.9993901512413687,0.0008327902612767833,3.0,0.0003371195578184714
AC,c_a,LR,Logistic Regression,uncalibrated,4.857,1.1926860000000001,0.9994457777119518,0.0008055889127438698,3.0,0.00032385800773785365
AC,c_a,LR,Logistic Regression,uncalibrated,4.858,1.192844,0.9994969645687777,0.0007795774955249907,3.0,0.000311435134781197
AC,c_a,LR,Logistic Regression,uncalibrated,4.859,1.193002,0.9995441005516347,0.0007546994708367461,3.0,0.0002997844707101793
AC,c_a,LR,Logistic Regression,uncalibrated,4.86,1.19316,0.9995875368632887,0.00073090013221883,3.0,0.0002888458205335551
AC,c_a,LR,Logistic Regression,uncalibrated,4.861,1.1933159999999998,0.9996271170125219,0.0007084578982807843,3.0,0.0002786489903215892
AC,c_a,LR,Logistic Regression,uncalibrated,4.862,1.1934719999999999,0.9996759987460406,0.0006883729148814069,6.0,0.00026904882613347416
AC,c_a,LR,Logistic Regression,uncalibrated,4.863,1.1936280000000001,0.9997101807855532,0.0006693677993354689,6.0,0.00026000147859439203
AC,c_a,LR,Logistic Regression,uncalibrated,4.864,1.193784,0.9997418381429602,0.0006511306550810481,6.0,0.00025146694106232317
AC,c_a,LR,Logistic Regression,uncalibrated,4.865,1.19394,0.9997711738118389,0.0006336236959194795,6.0,0.00024340866049695894
AC,c_a,LR,Logistic Regression,uncalibrated,4.866,1.1940959999999998,0.9997983722103522,0.0006168106791564083,6.0,0.00023579319279142574
AC,c_a,LR,Logistic Regression,uncalibrated,4.867,1.1942519999999999,0.9998236010273475,0.00060065690752258,6.0,0.00022858989694238185
AC,c_a,LR,Logistic Regression,uncalibrated,4.868,1.1944080000000001,0.9998470128767717,0.0005851292190822954,6.0,0.00022177066321006948
AC,c_a,LR,Logistic Regression,uncalibrated,4.869,1.194564,0.9998687467807226,0.0005701959673296102,6.0,0.00021530967107963206
AC,c_a,LR,Logistic Regression,uncalibrated,4.87,1.19472,0.9998889294993608,0.0005558269933623756,6.0,0.00020918317339870863
AC,c_a,LR,Logistic Regression,uncalibrated,4.871,1.194878,0.999907889114496,0.000541767716032739,6.0,0.00020332507892461234
AC,c_a,LR,Logistic Regression,uncalibrated,4.872,1.195036,0.9999254848014513,0.0005282295083253127,6.0,0.0001977646699180801
AC,c_a,LR,Logistic Regression,uncalibrated,4.873,1.195194,0.9999418168007135,0.0005151855801555071,6.0,0.00019248280814583956
AC,c_a,LR,Logistic Regression,uncalibrated,4.874,1.195352,0.9999569767908724,0.0005026105269281916,6.0,0.0001874618263489724
AC,c_a,LR,Logistic Regression,uncalibrated,4.875,1.19551,0.9999710487102497,0.0004904802795107476,6.0,0.00018268539711658737
AC,c_a,LR,Logistic Regression,uncalibrated,4.876,1.195668,0.9999841094944978,0.0004787720528488887,6.0,0.00017813841501524027
AC,c_a,LR,Logistic Regression,uncalibrated,4.877,1.1958259999999998,0.9999962297391064,0.000467464293865072,6.0,0.00017380689048107604
AC,c_a,LR,Logistic Regression,uncalibrated,4.878,1.195984,1.0000074742947733,0.0004565366291628513,6.0,0.00016967785416654934
AC,c_a,LR,Logistic Regression,uncalibrated,4.879,1.1961419999999998,1.0000179028027056,0.0004459698129560181,6.0,0.0001657392705932273
AC,c_a,LR,Logistic Regression,uncalibrated,4.88,1.1963,1.0000275701761954,0.00043574567558655526,6.0,0.0001619799601007954
AC,c_a,LR,Logistic Regression,uncalibrated,4.881,1.196467,1.0000369083670266,0.00042506868093711444,6.0,0.00015827798098537742
AC,c_a,LR,Logistic Regression,uncalibrated,4.882,1.196634,1.0000455037151217,0.0004147388653207906,6.0,0.00015474688988033946
AC,c_a,LR,Logistic Regression,uncalibrated,4.883,1.196801,1.0000534071487341,0.00040473863855836805,6.0,0.00015137656886594547
AC,c_a,LR,Logistic Regression,uncalibrated,4.884,1.196968,1.000060665623013,0.00039505147682315805,6.0,0.0001481576167274749
AC,c_a,LR,Logistic Regression,uncalibrated,4.885,1.1971349999999998,1.0000673224863017,0.0003856618646108502,6.0,0.00014508128990073474
AC,c_a,LR,Logistic Regression,uncalibrated,4.886,1.1973019999999999,1.0000734178089525,0.00037655523875942655,6.0,0.00014213944895630443
AC,c_a,LR,Logistic Regression,uncalibrated,4.887,1.197469,1.0000789886787138,0.00036771793460370166,6.0,0.00013932451004151905
AC,c_a,LR,Logistic Regression,uncalibrated,4.888,1.197636,1.0000840694663014,0.00035913713430835837,6.0,0.00013662940076629096
AC,c_a,LR,Logistic Regression,uncalibrated,4.889,1.197803,1.0000886920643035,0.0003508008173929885,6.0,0.00013404752007777068
AC,c_a,LR,Logistic Regression,uncalibrated,4.89,1.19797,1.0000928861023162,0.00034269771346088167,6.0,0.0001315727017201525
AC,c_a,LR,Logistic Regression,uncalibrated,4.891,1.198137,1.0000966791407722,0.00033481725710856426,6.0,0.00012919918092107915
AC,c_a,LR,Logistic Regression,uncalibrated,4.892,1.198304,1.0001000968457632,0.00032714954498463657,6.0,0.00012692156398567828
AC,c_a,LR,Logistic Regression,uncalibrated,4.893,1.1984709999999998,1.0001031631468016,0.00031968529496373654,6.0,0.00012473480051406748
AC,c_a,LR,Logistic Regression,uncalibrated,4.894,1.198638,1.0001059003793493,0.00031241580737661876,6.0,0.0001226341579888442
AC,c_a,LR,Logistic Regression,uncalibrated,4.895,1.198805,1.0001083294136621,0.0003053329282426061,6.0,0.00012061519850617588
AC,c_a,LR,Logistic Regression,uncalibrated,4.896,1.198972,1.0001104697713892,0.0002984290144582329,6.0,0.0001186737574478816
AC,c_a,LR,Logistic Regression,uncalibrated,4.897,1.199139,1.0001123397311833,0.0002916969008513508,6.0,0.00011680592391322649
AC,c_a,LR,Logistic Regression,uncalibrated,4.898,1.199306,1.0001139564244443,0.00028512986905494814,6.0,0.00011500802274769143
AC,c_a,LR,Logistic Regression,uncalibrated,4.899,1.199473,1.0001153359222,0.00027872161812260334,6.0,0.00011327659802273293
AC,c_a,LR,Logistic Regression,uncalibrated,4.9,1.19964,1.000116493314041,0.0002724662368110353,6.0,0.00011160839783525014
AC,c_a,LR,Logistic Regression,uncalibrated,4.901,1.199805,1.000117459405101,0.0002664696167192079,6.0,0.00011001039108949201
AC,c_a,LR,Logistic Regression,uncalibrated,4.902,1.19997,1.0001182353332339,0.0002606107832068662,6.0,0.00010846891811833095
AC,c_a,LR,Logistic Regression,uncalibrated,4.903,1.200135,1.0001188331616486,0.00025488499946242323,6.0,0.00010698132195349244
AC,c_a,LR,Logistic Regression,uncalibrated,4.904,1.2003,1.00011926425903,0.00024928781175234357,6.0,0.00010554509487822688
AC,c_a,LR,Logistic Regression,uncalibrated,4.905,1.2004650000000001,1.0001195393464477,0.00024381503007350725,6.0,0.00010415786868809131
AC,c_a,LR,Logistic Regression,uncalibrated,4.906,1.2006299999999999,1.000119668540313,0.0002384627099980626,6.0,0.00010281740567616086
AC,c_a,LR,Logistic Regression,uncalibrated,4.907,1.200795,1.0001196613917158,0.00023322713563009024,6.0,0.00010152159028225475
AC,c_a,LR,Logistic Regression,uncalibrated,4.908,1.20096,1.0001195269225456,0.00022810480363589215,6.0,0.00010026842135139415
AC,c_a,LR,Logistic Regression,uncalibrated,4.909,1.201125,1.000119273658676,0.0002230924083001794,6.0,9.905600495161119e-05
AC,c_a,LR,Logistic Regression,uncalibrated,4.91,1.20129,1.0001189096604888,0.00021818682751521365,6.0,9.788254770583787e-05
AC,c_a,LR,Logistic Regression,uncalibrated,4.911,1.201455,1.0001184425510021,0.00021338510970226874,6.0,9.674635059659704e-05
AC,c_a,LR,Logistic Regression,uncalibrated,4.912,1.20162,1.0001178795418362,0.00020868446158284546,6.0,9.564580320590387e-05
AC,c_a,LR,Logistic Regression,uncalibrated,4.913,1.201785,1.0001172274571744,0.00020408223675382668,6.0,9.457937835609159e-05
AC,c_a,LR,Logistic Regression,uncalibrated,4.914,1.20195,1.0001164927559834,0.00019957592504849816,6.0,9.354562712025999e-05
AC,c_a,LR,Logistic Regression,uncalibrated,4.915,1.202115,1.0001156815525656,0.00019516314259979188,6.0,9.254317417374213e-05
AC,c_a,LR,Logistic Regression,uncalibrated,4.916,1.20228,1.0001147996356519,0.00019084162259375007,6.0,9.157071346045579e-05
AC,c_a,LR,Logistic Regression,uncalibrated,4.917,1.202445,1.000113852486157,0.00018660920666773245,6.0,9.062700415018994e-05
AC,c_a,LR,Logistic Regression,uncalibrated,4.918,1.2026100000000002,1.000112845293696,0.00018246383690279035,6.0,8.971086686491621e-05
AC,c_a,LR,Logistic Regression,uncalibrated,4.919,1.202775,1.000111782972005,0.00017840354839734364,6.0,8.882118015403962e-05
AC,c_a,LR,Logistic Regression,uncalibrated,4.92,1.2029400000000001,1.0001106701733105,0.0001744264623466118,6.0,8.79568772001331e-05
AC,c_a,LR,Logistic Regression,uncalibrated,4.921,1.203105,1.0001095113018126,0.00017053077965750445,6.0,8.711694273827285e-05
AC,c_a,LR,Logistic Regression,uncalibrated,4.922,1.20327,1.0001083105262736,0.0001667147750078493,6.0,8.630041017338768e-05
AC,c_a,LR,Logistic Regression,uncalibrated,4.923,1.203435,1.0001070717918528,0.00016297679134577594,6.0,8.550635888135777e-05
AC,c_a,LR,Logistic Regression,uncalibrated,4.924,1.2036000000000002,1.0001057988312199,0.00015931523481519625,6.0,8.473391168069699e-05
AC,c_a,LR,Logistic Regression,uncalibrated,4.925,1.203765,1.0001044951750013,0.00015572857005401985,6.0,8.398223246271867e-05
AC,c_a,LR,Logistic Regression,uncalibrated,4.926,1.2039300000000002,1.0001031641616285,0.00015221531584967997,6.0,8.325052396900877e-05
AC,c_a,LR,Logistic Regression,uncalibrated,4.927,1.204095,1.000101808946634,0.00014877404114561484,6.0,8.253802570595177e-05
AC,c_a,LR,Logistic Regression,uncalibrated,4.928,1.20426,1.0001004325114211,0.00014540336134649142,6.0,8.184401198677625e-05
AC,c_a,LR,Logistic Regression,uncalibrated,4.929,1.204425,1.000099037671566,0.00014210193492851533,6.0,8.11677900923973e-05
AC,c_a,LR,Logistic Regression,uncalibrated,4.93,1.20459,1.000097627084671,0.00013886846030290414,6.0,8.050869854292314e-05
AC,c_a,DT,Decision Tree,uncalibrated,4.67,1.16367,2.0837441453311962e-06,1.726576224738882e-05,70.0,8.344877164524838e-05
AC,c_a,DT,Decision Tree,uncalibrated,4.671,1.1638186666666668,2.3769037325889306e-06,1.895162954261428e-05,70.0,8.439826767777777e-05
AC,c_a,DT,Decision Tree,uncalibrated,4.672,1.1639673333333334,2.709044217351796e-06,2.0803133870728248e-05,70.0,8.536969289630483e-05
AC,c_a,DT,Decision Tree,uncalibrated,4.673,1.164116,3.0852248642913125e-06,2.2836698873074564e-05,70.0,8.636385881999471e-05
AC,c_a,DT,Decision Tree,uncalibrated,4.674,1.1642646666666667,3.511159473822027e-06,2.5070397523281774e-05,70.0,8.73816224895784e-05
AC,c_a,DT,Decision Tree,uncalibrated,4.675,1.1644133333333333,3.993302221371109e-06,2.7524120538653656e-05,70.0,8.842388989555044e-05
AC,c_a,DT,Decision Tree,uncalibrated,4.676,1.164562,4.538945079026708e-06,3.0219762336927393e-05,70.0,8.949161972145035e-05
AC,c_a,DT,Decision Tree,uncalibrated,4.677,1.1647106666666667,5.156328448495472e-06,3.318142640550147e-05,70.0,9.058582743583647e-05
AC,c_a,DT,Decision Tree,uncalibrated,4.678,1.1648593333333332,5.8547668755800995e-06,3.6435652152423656e-05,70.0,9.170758977082096e-05
AC,c_a,DT,Decision Tree,uncalibrated,4.679,1.165008,6.644791995328972e-06,4.001166553195774e-05,70.0,9.285804962957498e-05
AC,c_a,DT,Decision Tree,uncalibrated,4.68,1.1651566666666666,7.538315180154241e-06,4.394165598537849e-05,70.0,9.403842147055465e-05
AC,c_a,DT,Decision Tree,uncalibrated,4.681,1.1653053333333332,8.548812737790486e-06,4.826108251172805e-05,70.0,9.524999722231415e-05
AC,c_a,DT,Decision Tree,uncalibrated,4.682,1.165454,9.691536940602006e-06,5.3009011986000456e-05,70.0,9.649415278955912e-05
AC,c_a,DT,Decision Tree,uncalibrated,4.683,1.1656026666666666,1.0983756672825227e-05,5.822849317678014e-05,70.0,9.777235521907038e-05
AC,c_a,DT,Decision Tree,uncalibrated,4.684,1.1657513333333334,1.2445032069755096e-05,6.396697028414578e-05,70.0,9.908617060323098e-05
AC,c_a,DT,Decision Tree,uncalibrated,4.685,1.1659,1.4097528206681116e-05,7.027674022423351e-05,70.0,0.00010043727280913993
AC,c_a,DT,Decision Tree,uncalibrated,4.686,1.1660486666666665,1.5966373692754003e-05,7.721545833318783e-05,70.0,0.00010182745313344373
AC,c_a,DT,Decision Tree,uncalibrated,4.687,1.1661973333333333,1.8080070954954358e-05,8.484669765142957e-05,70.0,0.00010325863099662726
AC,c_a,DT,Decision Tree,uncalibrated,4.688,1.1663459999999999,2.047096608396917e-05,9.32405674834192e-05,70.0,0.00010473286580649548
AC,c_a,DT,Decision Tree,uncalibrated,4.689,1.1664946666666667,2.3175787384154833e-05,0.00010247439750963237,70.0,0.00010625237013902548
AC,c_a,DT,Decision Tree,uncalibrated,4.69,1.1666433333333333,2.6236263256611603e-05,0.00011263349435742855,70.0,0.00010781952440591674
AC,c_a,DT,Decision Tree,uncalibrated,4.691,1.1667919999999998,2.969983178634743e-05,0.00012381197821814894,70.0,0.00010943689320315829
AC,c_a,DT,Decision Tree,uncalibrated,4.692,1.1669406666666666,3.362045644696202e-05,0.00013611370782568648,70.0,0.00011110724356349707
AC,c_a,DT,Decision Tree,uncalibrated,4.693,1.1670893333333332,3.805956473338032e-05,0.00014965330288667722,70.0,0.00011283356536946829
AC,c_a,DT,Decision Tree,uncalibrated,4.694,1.1672379999999998,4.3087129348414035e-05,0.00016455727386735812,70.0,0.00011461909422284111
AC,c_a,DT,Decision Tree,uncalibrated,4.695,1.1673866666666666,4.878291487766208e-05,0.00018096526988754726,70.0,0.00011646733711224581
AC,c_a,DT,Decision Tree,uncalibrated,4.696,1.1675353333333331,5.5237916778591654e-05,0.00019903145633562647,70.0,0.00011838210127475814
AC,c_a,DT,Decision Tree,uncalibrated,4.697,1.167684,6.255602408829382e-05,0.00021892603467800692,70.0,0.0001203675267107825
AC,c_a,DT,Decision Tree,uncalibrated,4.698,1.1678326666666665,7.085594264333412e-05,0.00024083691776226218,70.0,0.00012242812288621702
AC,c_a,DT,Decision Tree,uncalibrated,4.699,1.167981333333333,8.027342195081374e-05,0.0002649715746682666,70.0,0.00012456881024467596
AC,c_a,DT,Decision Tree,uncalibrated,4.7,1.16813,9.096383632013435e-05,0.0002915590597860083,70.0,0.00012679496725714488
AC,c_a,DT,Decision Tree,uncalibrated,4.701,1.1682819999999998,0.00010338689627356753,0.00032157065362320507,67.0,0.0001292172037597969
AC,c_a,DT,Decision Tree,uncalibrated,4.702,1.168434,0.00011760726078589959,0.00035471574077173483,67.0,0.00013174330426974875
AC,c_a,DT,Decision Tree,uncalibrated,4.703,1.168586,0.00013382316350022842,0.00039132309418400576,67.0,0.0001343809123327623
AC,c_a,DT,Decision Tree,uncalibrated,4.704,1.1687379999999998,0.00015232529741763601,0.00043175855188267814,67.0,0.00013713846399900822
AC,c_a,DT,Decision Tree,uncalibrated,4.705,1.16889,0.00017344887854185698,0.0004764265427538552,67.0,0.0001400252902684325
AC,c_a,DT,Decision Tree,uncalibrated,4.706,1.169042,0.00019758085415409353,0.0005257739694503407,67.0,0.00014305173518405043
AC,c_a,DT,Decision Tree,uncalibrated,4.707,1.1691939999999998,0.00022516833836207922,0.0005802944059069321,67.0,0.00014622929232186138
AC,c_a,DT,Decision Tree,uncalibrated,4.708,1.169346,0.0002567284906515925,0.0006405326090704675,67.0,0.00014957076297127372
AC,c_a,DT,Decision Tree,uncalibrated,4.709,1.169498,0.00029286009086983405,0.0007070893342615484,67.0,0.00015309043996605769
AC,c_a,DT,Decision Tree,uncalibrated,4.71,1.1696499999999999,0.00033425710780439944,0.0007806264295783948,67.0,0.0001568043219416903
AC,c_a,DT,Decision Tree,uncalibrated,4.711,1.169802,0.0003817246089575125,0.0008618721658695525,67.0,0.00016073036379798006
AC,c_a,DT,Decision Tree,uncalibrated,4.712,1.169954,0.0004361974168540831,0.0009516267337635621,67.0,0.00016488877038366989
AC,c_a,DT,Decision Tree,uncalibrated,4.713,1.170106,0.0004987619826972186,0.001050767806500518,67.0,0.00016930234195257585
AC,c_a,DT,Decision Tree,uncalibrated,4.714,1.170258,0.000570682021543187,0.0011602560250333384,67.0,0.00017399688184572157
AC,c_a,DT,Decision Tree,uncalibrated,4.715,1.17041,0.0006534285340879004,0.0012811402079620396,67.0,0.0001790016792318094
AC,c_a,DT,Decision Tree,uncalibrated,4.716,1.170562,0.00074871492755326,0.0014145620209284663,67.0,0.0001843500827162729
AC,c_a,DT,Decision Tree,uncalibrated,4.717,1.170714,0.0008585380398755268,0.0015617597555805274,67.0,0.00019008018437594962
AC,c_a,DT,Decision Tree,uncalibrated,4.718,1.170866,0.000985225963666554,0.0017240707644521794,67.0,0.00019623563850860822
AC,c_a,DT,Decision Tree,uncalibrated,4.719,1.1710180000000001,0.00113149365325789,0.0019029319726141037,67.0,0.00020286664538948107
AC,c_a,DT,Decision Tree,uncalibrated,4.72,1.17117,0.0013005073705670404,0.0020998777378062575,67.0,0.00021003113797567964
AC,c_a,DT,Decision Tree,uncalibrated,4.721,1.1713200000000001,0.0014930319020551,0.002313542661384699,67.0,0.00021765008387230304
AC,c_a,DT,Decision Tree,uncalibrated,4.722,1.1714700000000002,0.001715414135779207,0.0025480467530701904,67.0,0.00022592779898294828
AC,c_a,DT,Decision Tree,uncalibrated,4.723,1.17162,0.0019724560829884248,0.002805092595090088,67.0,0.00023495153889872402
AC,c_a,DT,Decision Tree,uncalibrated,4.724,1.1717700000000002,0.0022697341118155783,0.0030864222907651647,67.0,0.0002448233606830385
AC,c_a,DT,Decision Tree,uncalibrated,4.725,1.17192,0.0026137145738790567,0.0033937866779747035,67.0,0.00025566312937637815
AC,c_a,DT,Decision Tree,uncalibrated,4.726,1.17207,0.0030118818935390658,0.003728904219606486,67.0,0.0002676122316967537
AC,c_a,DT,Decision Tree,uncalibrated,4.727,1.17222,0.0034728784701920793,0.004093407675399193,67.0,0.00028083818532370717
AC,c_a,DT,Decision Tree,uncalibrated,4.728,1.17237,0.0039049959581411936,0.004499380928525454,77.0,0.0002955403880103421
AC,c_a,DT,Decision Tree,uncalibrated,4.729,1.17252,0.00450495195236207,0.004941620838940282,77.0,0.00031195732478434533
AC,c_a,DT,Decision Tree,uncalibrated,4.73,1.17267,0.0052000412093963925,0.005419907514895665,77.0,0.00033037565006073955
AC,c_a,DT,Decision Tree,uncalibrated,4.731,1.172823,0.0060226190425870085,0.005945930207579389,77.0,0.00035165085371380365
AC,c_a,DT,Decision Tree,uncalibrated,4.732,1.172976,0.0069773314461427285,0.006510590390461211,77.0,0.00037581691595679344
AC,c_a,DT,Decision Tree,uncalibrated,4.733,1.1731289999999999,0.008084253237564632,0.007113320244591503,77.0,0.0004034219692603721
AC,c_a,DT,Decision Tree,uncalibrated,4.734,1.173282,0.009365848191866762,0.0077525379168004,77.0,0.00043514209726528737
AC,c_a,DT,Decision Tree,uncalibrated,4.735,1.173435,0.010847004806024808,0.00842544027997797,77.0,0.00047181629102988445
AC,c_a,DT,Decision Tree,uncalibrated,4.736,1.1735879999999999,0.012554980880056195,0.009127798334703719,77.0,0.0005144922384397721
AC,c_a,DT,Decision Tree,uncalibrated,4.737,1.173741,0.014519230556053739,0.009853771532791142,77.0,0.0005644866627967719
AC,c_a,DT,Decision Tree,uncalibrated,4.738,1.173894,0.016771088385483475,0.01059576185648819,77.0,0.0006234653070401647
AC,c_a,DT,Decision Tree,uncalibrated,4.739,1.1740469999999998,0.01934328948524074,0.011344332382562107,77.0,0.000693549584002521
AC,c_a,DT,Decision Tree,uncalibrated,4.74,1.1742,0.022269313847852117,0.012088217373388443,77.0,0.0007774596018777305
AC,c_a,DT,Decision Tree,uncalibrated,4.741,1.1743549999999998,0.02562868460759073,0.012824236751921557,77.0,0.0008801955825334139
AC,c_a,DT,Decision Tree,uncalibrated,4.742,1.17451,0.029419093057469675,0.0135272782628059,77.0,0.0010054711246032212
AC,c_a,DT,Decision Tree,uncalibrated,4.743,1.174665,0.03367188743092329,0.014181316400605066,77.0,0.001159525720367244
AC,c_a,DT,Decision Tree,uncalibrated,4.744,1.17482,0.03841492771850224,0.014769885314153573,77.0,0.0013506100757524656
AC,c_a,DT,Decision Tree,uncalibrated,4.745,1.1749749999999999,0.04367142333003516,0.015276846045527695,77.0,0.0015897070507698914
AC,c_a,DT,Decision Tree,uncalibrated,4.746,1.17513,0.049458926468836824,0.015687261141796485,77.0,0.0018915291127492647
AC,c_a,DT,Decision Tree,uncalibrated,4.747,1.175285,0.05578858873824421,0.015988314185817143,77.0,0.002275901077935863
AC,c_a,DT,Decision Tree,uncalibrated,4.748,1.17544,0.06266477185255508,0.01617019524603,77.0,0.002769678079472041
AC,c_a,DT,Decision Tree,uncalibrated,4.749,1.175595,0.06993575129247868,0.016229987109725355,81.0,0.003409402713798438
AC,c_a,DT,Decision Tree,uncalibrated,4.75,1.17575,0.07787787506456963,0.01619116917032613,81.0,0.004244973240747661
AC,c_a,DT,Decision Tree,uncalibrated,4.751,1.175904,0.08628596667645302,0.016034096055163014,81.0,0.005336710335469649
AC,c_a,DT,Decision Tree,uncalibrated,4.752,1.176058,0.09519205507989206,0.01576631780103173,81.0,0.006780877477035919
AC,c_a,DT,Decision Tree,uncalibrated,4.753,1.176212,0.10457523224789962,0.015398771580920251,81.0,0.008702510750618668
AC,c_a,DT,Decision Tree,uncalibrated,4.754,1.176366,0.11447411810129562,0.015035480118878744,25.0,0.011271520164585252
AC,c_a,DT,Decision Tree,uncalibrated,4.755,1.17652,0.12473582028872054,0.014610982435627124,25.0,0.014717110165289557
AC,c_a,DT,Decision Tree,uncalibrated,4.756,1.176674,0.13540862913698487,0.014128270588880441,25.0,0.019344967142865765
AC,c_a,DT,Decision Tree,uncalibrated,4.757,1.176828,0.14647100293004123,0.013604397635556145,25.0,0.025556090061358894
AC,c_a,DT,Decision Tree,uncalibrated,4.758,1.176982,0.15790354547243182,0.013056332373771155,25.0,0.033864516244485346
AC,c_a,DT,Decision Tree,uncalibrated,4.759,1.177136,0.16968937555293945,0.012500184049517582,25.0,0.044908830856231124
AC,c_a,DT,Decision Tree,uncalibrated,4.76,1.17729,0.18181422826997187,0.01195058039048957,25.0,0.05944958630405114
AC,c_a,DT,Decision Tree,uncalibrated,4.761,1.177448,0.19460012833479465,0.011407728634092233,25.0,0.07888890256776035
AC,c_a,DT,Decision Tree,uncalibrated,4.762,1.177606,0.20772070493551892,0.010896156612365829,25.0,0.10386790101355786
AC,c_a,DT,Decision Tree,uncalibrated,4.763,1.177764,0.22116740618352743,0.010424698688612304,25.0,0.13527796217247937
AC,c_a,DT,Decision Tree,uncalibrated,4.764,1.1779220000000001,0.23489752472366468,0.010079593596747465,52.0,0.17379794350683814
AC,c_a,DT,Decision Tree,uncalibrated,4.765,1.17808,0.24897082472740395,0.009846257743995739,52.0,0.21974829295341783
AC,c_a,DT,Decision Tree,uncalibrated,4.766,1.1782380000000001,0.2633511560887569,0.009675830272665437,52.0,0.2729815810547358
AC,c_a,DT,Decision Tree,uncalibrated,4.767,1.1783960000000002,0.278031528939401,0.009563303099701503,52.0,0.3328440378130527
AC,c_a,DT,Decision Tree,uncalibrated,4.768,1.178554,0.2930038883274304,0.009502136574252308,52.0,0.3982182733217403
AC,c_a,DT,Decision Tree,uncalibrated,4.769,1.1787120000000002,0.30825867151672515,0.00948494088447511,52.0,0.4676268106118885
AC,c_a,DT,Decision Tree,uncalibrated,4.77,1.17887,0.3237844502817936,0.009504049163021267,52.0,0.5393577605446005
AC,c_a,DT,Decision Tree,uncalibrated,4.771,1.1790250000000002,0.3392599422009743,0.009551019710029035,53.0,0.6102214962437416
AC,c_a,DT,Decision Tree,uncalibrated,4.772,1.1791800000000001,0.355073265914319,0.009799115528636918,7.0,0.6797843120989653
AC,c_a,DT,Decision Tree,uncalibrated,4.773,1.179335,0.37099385098507737,0.010121813112935514,7.0,0.746288815471181
AC,c_a,DT,Decision Tree,uncalibrated,4.774,1.1794900000000001,0.387111414905777,0.010423496512368423,7.0,0.8080263069354313
AC,c_a,DT,Decision Tree,uncalibrated,4.775,1.179645,0.40340432956682487,0.010702558823009514,7.0,0.8633744085968219
AC,c_a,DT,Decision Tree,uncalibrated,4.776,1.1798,0.4198490073728057,0.010957862439547909,7.0,0.9108435741118219
AC,c_a,DT,Decision Tree,uncalibrated,4.777,1.179955,0.4364091212279811,0.01125397883593498,3.0,0.9491333338489312
AC,c_a,DT,Decision Tree,uncalibrated,4.778,1.18011,0.4530781855852969,0.011571540115494286,3.0,0.977193173796852
AC,c_a,DT,Decision Tree,uncalibrated,4.779,1.180265,0.46981938162455983,0.0118653314981769,3.0,0.9942795528829523
AC,c_a,DT,Decision Tree,uncalibrated,4.78,1.18042,0.48660360848368683,0.0121300387441639,3.0,1.0
AC,c_a,DT,Decision Tree,uncalibrated,4.781,1.1805759999999998,0.5035109360163229,0.012361997542998417,3.0,0.9942645896402904
AC,c_a,DT,Decision Tree,uncalibrated,4.782,1.180732,0.5204008112105836,0.012553994789611726,3.0,0.9773653329498592
AC,c_a,DT,Decision Tree,uncalibrated,4.783,1.1808880000000002,0.5372423510516338,0.012701146548773752,3.0,0.9500273345790389
AC,c_a,DT,Decision Tree,uncalibrated,4.784,1.181044,0.5540048660040533,0.012798983702333096,3.0,0.913288606465064
AC,c_a,DT,Decision Tree,uncalibrated,4.785,1.1812,0.5706581276895023,0.012843552213629155,3.0,0.8684379071846742
AC,c_a,DT,Decision Tree,uncalibrated,4.786,1.1813559999999999,0.5871726075737568,0.012831500835360804,3.0,0.81694380785707
AC,c_a,DT,Decision Tree,uncalibrated,4.787,1.181512,0.603519682665407,0.01276015656483514,3.0,0.7603813072040916
AC,c_a,DT,Decision Tree,uncalibrated,4.788,1.1816680000000002,0.6196718061375747,0.01262758933118138,3.0,0.7003609171659473
AC,c_a,DT,Decision Tree,uncalibrated,4.789,1.181824,0.6355620732585113,0.01255641449320271,5.0,0.638463433960793
AC,c_a,DT,Decision Tree,uncalibrated,4.79,1.18198,0.6512466709755972,0.012641067039890128,5.0,0.5761821615644567
AC,c_a,DT,Decision Tree,uncalibrated,4.791,1.1821380000000001,0.666861818352269,0.012702351325188885,5.0,0.5141088739386348
AC,c_a,DT,Decision Tree,uncalibrated,4.792,1.182296,0.6821797968341526,0.012738031463576568,5.0,0.4542578398792472
AC,c_a,DT,Decision Tree,uncalibrated,4.793,1.1824540000000001,0.697179353434791,0.012747156058830564,5.0,0.3976342133286411
AC,c_a,DT,Decision Tree,uncalibrated,4.794,1.182612,0.7118406999118477,0.012728863470209644,5.0,0.3450053447362541
AC,c_a,DT,Decision Tree,uncalibrated,4.795,1.18277,0.7261454957684398,0.012682428222552236,5.0,0.2968951445077047
AC,c_a,DT,Decision Tree,uncalibrated,4.796,1.1829280000000002,0.7400768292164593,0.012607320058326585,5.0,0.25359268819238007
AC,c_a,DT,Decision Tree,uncalibrated,4.797,1.183086,0.7536192026464348,0.012503275104615671,5.0,0.21517405422101685
AC,c_a,DT,Decision Tree,uncalibrated,4.798,1.1832440000000002,0.7667585281490776,0.012370377193280673,5.0,0.1815347472846845
AC,c_a,DT,Decision Tree,uncalibrated,4.799,1.183402,0.7794821372472548,0.012209145747470463,5.0,0.15242877440780478
AC,c_a,DT,Decision Tree,uncalibrated,4.8,1.18356,0.7917788072905274,0.012020624969427891,5.0,0.12750990607931745
AC,c_a,DT,Decision Tree,uncalibrated,4.801,1.183718,0.8036388050328007,0.011806467491024415,5.0,0.10637097994639055
AC,c_a,DT,Decision Tree,uncalibrated,4.802,1.183876,0.8150539458861165,0.011569004335993255,5.0,0.08857810488917006
AC,c_a,DT,Decision Tree,uncalibrated,4.803,1.184034,0.8260176653685691,0.011311292127291185,5.0,0.07369794618020596
AC,c_a,DT,Decision Tree,uncalibrated,4.804,1.1841920000000001,0.836795526540212,0.0112874467790641,16.0,0.061317559495885604
AC,c_a,DT,Decision Tree,uncalibrated,4.805,1.18435,0.8468818078696746,0.01132948992005515,16.0,0.0510572449757476
AC,c_a,DT,Decision Tree,uncalibrated,4.806,1.1845080000000001,0.8565076735813668,0.01135362879450285,16.0,0.042577512612676796
AC,c_a,DT,Decision Tree,uncalibrated,4.807,1.1846660000000002,0.8656732445680393,0.011360012326428717,16.0,0.03558150923239183
AC,c_a,DT,Decision Tree,uncalibrated,4.808,1.184824,0.8743805632287771,0.011349323057012129,16.0,0.029814245500270068
AC,c_a,DT,Decision Tree,uncalibrated,4.809,1.1849820000000002,0.8826336174257314,0.011322721615002104,16.0,0.02505978653191219
AC,c_a,DT,Decision Tree,uncalibrated,4.81,1.18514,0.8904383327183484,0.011281760825370434,16.0,0.021137324526073673
AC,c_a,DT,Decision Tree,uncalibrated,4.811,1.1853010000000002,0.8979372875963462,0.011227354167420371,16.0,0.01784477152235389
AC,c_a,DT,Decision Tree,uncalibrated,4.812,1.1854620000000002,0.9049428641288014,0.01123712405042815,89.0,0.015128833629589935
AC,c_a,DT,Decision Tree,uncalibrated,4.813,1.185623,0.9115690829570477,0.011253950984192799,89.0,0.012882952875288303
AC,c_a,DT,Decision Tree,uncalibrated,4.814,1.1857840000000002,0.9177751870424671,0.0112601698647101,89.0,0.011020415180630405
AC,c_a,DT,Decision Tree,uncalibrated,4.815,1.185945,0.9235761562113437,0.011255638404043283,89.0,0.009470831475644235
AC,c_a,DT,Decision Tree,uncalibrated,4.816,1.1861059999999999,0.9289881779542755,0.011240332691004676,89.0,0.008177146393509768
AC,c_a,DT,Decision Tree,uncalibrated,4.817,1.186267,0.9340284206165141,0.011214319738917237,89.0,0.007093137529795764
AC,c_a,DT,Decision Tree,uncalibrated,4.818,1.1864279999999998,0.938714798614213,0.011177733353408383,89.0,0.006181350795700424
AC,c_a,DT,Decision Tree,uncalibrated,4.819,1.186589,0.9422608612282968,0.011425646122457903,3.0,0.005411411706962208
AC,c_a,DT,Decision Tree,uncalibrated,4.82,1.18675,0.9463546445368347,0.011758324289644372,3.0,0.0047586537201537325
AC,c_a,DT,Decision Tree,uncalibrated,4.821,1.1869159999999999,0.9502713222698226,0.012050448474862082,3.0,0.00418892283966249
AC,c_a,DT,Decision Tree,uncalibrated,4.822,1.187082,0.9539001212293226,0.012292492971891555,3.0,0.003704183047656208
AC,c_a,DT,Decision Tree,uncalibrated,4.823,1.187248,0.9572599343157542,0.012486550759305675,3.0,0.003289984210921761
AC,c_a,DT,Decision Tree,uncalibrated,4.824,1.187414,0.9603690821948179,0.01263517128328116,3.0,0.0029345555428652377
AC,c_a,DT,Decision Tree,uncalibrated,4.825,1.1875799999999999,0.9632452038054717,0.012741220270646515,3.0,0.0026282792544390127
AC,c_a,DT,Decision Tree,uncalibrated,4.826,1.187746,0.9659051714661936,0.01280776170019646,3.0,0.0023632712888706263
AC,c_a,DT,Decision Tree,uncalibrated,4.827,1.1879119999999999,0.9683650288512003,0.01283795988805439,3.0,0.0021330470785052304
AC,c_a,DT,Decision Tree,uncalibrated,4.828,1.188078,0.9706399496901678,0.012834999790674102,3.0,0.0019322547342813965
AC,c_a,DT,Decision Tree,uncalibrated,4.829,1.1882439999999999,0.9727442147996971,0.012802023632892397,3.0,0.001756461701836695
AC,c_a,DT,Decision Tree,uncalibrated,4.83,1.18841,0.9746912049550104,0.01274208194315941,3.0,0.0016019838257777944
AC,c_a,DT,Decision Tree,uncalibrated,4.831,1.188561,0.9763395581835139,0.012668952792939675,3.0,0.0014754868494637988
AC,c_a,DT,Decision Tree,uncalibrated,4.832,1.188712,0.9778765704693891,0.012578113024840867,3.0,0.001362413071908542
AC,c_a,DT,Decision Tree,uncalibrated,4.833,1.188863,0.9793104482198486,0.01247150227967223,3.0,0.0012610582001769369
AC,c_a,DT,Decision Tree,uncalibrated,4.834,1.189014,0.9806488360129691,0.012350941581561166,3.0,0.0011699640632794014
AC,c_a,DT,Decision Tree,uncalibrated,4.835,1.189165,0.9818988385974046,0.012218130036826978,3.0,0.0010878795021856305
AC,c_a,DT,Decision Tree,uncalibrated,4.836,1.189316,0.9830670452024888,0.012074644172460073,3.0,0.0010137279429927517
AC,c_a,DT,Decision Tree,uncalibrated,4.837,1.189467,0.9841595554351598,0.011921939356229812,3.0,0.0009465804458299023
AC,c_a,DT,Decision Tree,uncalibrated,4.838,1.189618,0.985182006143043,0.011761352818733901,3.0,0.0008856332495530996
AC,c_a,DT,Decision Tree,uncalibrated,4.839,1.189769,0.9861395987198573,0.011594107871644402,3.0,0.0008301890156313688
AC,c_a,DT,Decision Tree,uncalibrated,4.84,1.18992,0.987037126418516,0.011421318984294646,3.0,0.000779641122541762
AC,c_a,DT,Decision Tree,uncalibrated,4.841,1.1900860000000002,0.9879574015470436,0.011223505866836549,3.0,0.0007301382361791967
AC,c_a,DT,Decision Tree,uncalibrated,4.842,1.190252,0.9888159481055784,0.011021471946275674,3.0,0.0006851632898837707
AC,c_a,DT,Decision Tree,uncalibrated,4.843,1.1904180000000002,0.9896176265335594,0.010816304117071867,3.0,0.0006442058942732731
AC,c_a,DT,Decision Tree,uncalibrated,4.844,1.190584,0.9903668615718111,0.010608964512536252,3.0,0.000606822894946506
AC,c_a,DT,Decision Tree,uncalibrated,4.845,1.19075,0.9910676794511455,0.010400300827348139,3.0,0.0005726283883030326
AC,c_a,DT,Decision Tree,uncalibrated,4.846,1.190916,0.9917237428236653,0.010191056302047903,3.0,0.0005412853659869972
AC,c_a,DT,Decision Tree,uncalibrated,4.847,1.1910820000000002,0.9923383833810555,0.00998187926560143,3.0,0.0005124987015359216
AC,c_a,DT,Decision Tree,uncalibrated,4.848,1.191248,0.9929146321554676,0.00977333216812807,3.0,0.0004860092463781918
AC,c_a,DT,Decision Tree,uncalibrated,4.849,1.1914140000000002,0.9934552475385905,0.00956590006346876,3.0,0.000461588845347081
AC,c_a,DT,Decision Tree,uncalibrated,4.85,1.19158,0.9939627410847856,0.009359998522147778,3.0,0.0004390361165269895
AC,c_a,DT,Decision Tree,uncalibrated,4.851,1.1917380000000002,0.9944180223902307,0.009166890281591572,3.0,0.0004188813254557926
AC,c_a,DT,Decision Tree,uncalibrated,4.852,1.191896,0.9948471608893505,0.008975710792819083,3.0,0.00040014840462568405
AC,c_a,DT,Decision Tree,uncalibrated,4.853,1.192054,0.9952518142371194,0.008786677776906825,3.0,0.0003827122255650064
AC,c_a,DT,Decision Tree,uncalibrated,4.854,1.192212,0.9956335033837801,0.00859997304431236,3.0,0.0003664607176601926
AC,c_a,DT,Decision Tree,uncalibrated,4.855,1.1923700000000002,0.9959936255242878,0.008415746541349634,3.0,0.0003512933059632569
AC,c_a,DT,Decision Tree,uncalibrated,4.856,1.192528,0.9963334658854953,0.008234120048595668,3.0,0.0003371195578184714
AC,c_a,DT,Decision Tree,uncalibrated,4.857,1.1926860000000001,0.9966542084340261,0.008055190549939365,3.0,0.00032385800773785365
AC,c_a,DT,Decision Tree,uncalibrated,4.858,1.192844,0.9969569455856202,0.00787903329148877,3.0,0.000311435134781197
AC,c_a,DT,Decision Tree,uncalibrated,4.859,1.193002,0.997242686993842,0.007705704549711989,3.0,0.0002997844707101793
AC,c_a,DT,Decision Tree,uncalibrated,4.86,1.19316,0.9975123674925424,0.007535244128068375,3.0,0.0002888458205335551
AC,c_a,DT,Decision Tree,uncalibrated,4.861,1.1933159999999998,0.9977070769948838,0.0073829093038198755,6.0,0.0002786489903215892
AC,c_a,DT,Decision Tree,uncalibrated,4.862,1.1934719999999999,0.9979588402251526,0.007234164249837102,6.0,0.00026904882613347416
AC,c_a,DT,Decision Tree,uncalibrated,4.863,1.1936280000000001,0.9981969808367518,0.007087532449435147,6.0,0.00026000147859439203
AC,c_a,DT,Decision Tree,uncalibrated,4.864,1.193784,0.9984221476495686,0.00694304954305177,6.0,0.00025146694106232317
AC,c_a,DT,Decision Tree,uncalibrated,4.865,1.19394,0.9986349495362692,0.00680074027359274,6.0,0.00024340866049695894
AC,c_a,DT,Decision Tree,uncalibrated,4.866,1.1940959999999998,0.9988359591509248,0.006660619964229687,6.0,0.00023579319279142574
AC,c_a,DT,Decision Tree,uncalibrated,4.867,1.1942519999999999,0.9990257162606778,0.006522695850523264,6.0,0.00022858989694238185
AC,c_a,DT,Decision Tree,uncalibrated,4.868,1.1944080000000001,0.9992047307196263,0.006386968276250386,6.0,0.00022177066321006948
AC,c_a,DT,Decision Tree,uncalibrated,4.869,1.194564,0.9993734851207502,0.006253431762232903,6.0,0.00021530967107963206
AC,c_a,DT,Decision Tree,uncalibrated,4.87,1.19472,0.9995324371586095,0.006122075957305519,6.0,0.00020918317339870863
AC,c_a,DT,Decision Tree,uncalibrated,4.871,1.194878,0.9996836504707152,0.00599106704699841,6.0,0.00020332507892461234
AC,c_a,DT,Decision Tree,uncalibrated,4.872,1.195036,0.9998256880552491,0.005862268179017477,6.0,0.0001977646699180801
AC,c_a,DT,Decision Tree,uncalibrated,4.873,1.195194,0.9999589598800218,0.005735657885708561,6.0,0.00019248280814583956
AC,c_a,DT,Decision Tree,uncalibrated,4.874,1.195352,1.0000838572451265,0.005611212573817712,6.0,0.0001874618263489724
AC,c_a,DT,Decision Tree,uncalibrated,4.875,1.19551,1.0002007541711204,0.005488907038882328,6.0,0.00018268539711658737
AC,c_a,DT,Decision Tree,uncalibrated,4.876,1.195668,1.0003100086303938,0.0053687149056522296,6.0,0.00017813841501524027
AC,c_a,DT,Decision Tree,uncalibrated,4.877,1.1958259999999998,1.0004119636395723,0.005250609001984673,6.0,0.00017380689048107604
AC,c_a,DT,Decision Tree,uncalibrated,4.878,1.195984,1.0005069482290674,0.005134561673210398,6.0,0.00016967785416654934
AC,c_a,DT,Decision Tree,uncalibrated,4.879,1.1961419999999998,1.0005952783041892,0.005020545043484561,6.0,0.0001657392705932273
AC,c_a,DT,Decision Tree,uncalibrated,4.88,1.1963,1.0006772574107743,0.004908531230170027,6.0,0.0001619799601007954
AC,c_a,DT,Decision Tree,uncalibrated,4.881,1.196467,1.0007564007020595,0.004791618927445005,6.0,0.00015827798098537742
AC,c_a,DT,Decision Tree,uncalibrated,4.882,1.196634,1.0008291313220155,0.004676904045506706,6.0,0.00015474688988033946
AC,c_a,DT,Decision Tree,uncalibrated,4.883,1.196801,1.0008957682618704,0.004564354125070031,6.0,0.00015137656886594547
AC,c_a,DT,Decision Tree,uncalibrated,4.884,1.196968,1.0009566179431983,0.004453937381637944,6.0,0.0001481576167274749
AC,c_a,DT,Decision Tree,uncalibrated,4.885,1.1971349999999998,1.001011974785375,0.004345622763007639,6.0,0.00014508128990073474
AC,c_a,DT,Decision Tree,uncalibrated,4.886,1.1973019999999999,1.0010621217170987,0.004239379981324287,6.0,0.00014213944895630443
AC,c_a,DT,Decision Tree,uncalibrated,4.887,1.197469,1.0011073306398184,0.004135179524096833,6.0,0.00013932451004151905
AC,c_a,DT,Decision Tree,uncalibrated,4.888,1.197636,1.0011478628499995,0.004032992648089214,6.0,0.00013662940076629096
AC,c_a,DT,Decision Tree,uncalibrated,4.889,1.197803,1.001183969426175,0.003932791359507846,6.0,0.00013404752007777068
AC,c_a,DT,Decision Tree,uncalibrated,4.89,1.19797,1.0012158915860079,0.0038345483834915537,6.0,0.0001315727017201525
AC,c_a,DT,Decision Tree,uncalibrated,4.891,1.198137,1.0012438610178358,0.003738237125489031,6.0,0.00012919918092107915
AC,c_a,DT,Decision Tree,uncalibrated,4.892,1.198304,1.0012681001905612,0.003643831626766262,6.0,0.00012692156398567828
AC,c_a,DT,Decision Tree,uncalibrated,4.893,1.1984709999999998,1.0012888226452303,0.003551306515957465,6.0,0.00012473480051406748
AC,c_a,DT,Decision Tree,uncalibrated,4.894,1.198638,1.001306233271086,0.0034606369582621216,6.0,0.0001226341579888442
AC,c_a,DT,Decision Tree,uncalibrated,4.895,1.198805,1.0013205285685394,0.0033717986036590755,6.0,0.00012061519850617588
AC,c_a,DT,Decision Tree,uncalibrated,4.896,1.198972,1.0013318969010494,0.0032847675352499725,6.0,0.0001186737574478816
AC,c_a,DT,Decision Tree,uncalibrated,4.897,1.199139,1.0013405187376425,0.0031995202186483472,6.0,0.00011680592391322649
AC,c_a,DT,Decision Tree,uncalibrated,4.898,1.199306,1.0013465668874535,0.003116033453151115,6.0,0.00011500802274769143
AC,c_a,DT,Decision Tree,uncalibrated,4.899,1.199473,1.0013502067274804,0.0030342843252685213,6.0,0.00011327659802273293
AC,c_a,DT,Decision Tree,uncalibrated,4.9,1.19964,1.0013515964244966,0.0029542501650528675,6.0,0.00011160839783525014
AC,c_a,DT,Decision Tree,uncalibrated,4.901,1.199805,1.0013510413749351,0.0028769323626658297,6.0,0.00011001039108949201
AC,c_a,DT,Decision Tree,uncalibrated,4.902,1.19997,1.0013485708082568,0.0028012415215305383,6.0,0.00010846891811833095
AC,c_a,DT,Decision Tree,uncalibrated,4.903,1.200135,1.0013443178526598,0.0027271563350311223,6.0,0.00010698132195349244
AC,c_a,DT,Decision Tree,uncalibrated,4.904,1.2003,1.0013384095720044,0.0026546555939009593,6.0,0.00010554509487822688
AC,c_a,DT,Decision Tree,uncalibrated,4.905,1.2004650000000001,1.0013309671544666,0.0025837181609752354,6.0,0.00010415786868809131
AC,c_a,DT,Decision Tree,uncalibrated,4.906,1.2006299999999999,1.0013221060982822,0.0025143229491503796,6.0,0.00010281740567616086
AC,c_a,DT,Decision Tree,uncalibrated,4.907,1.200795,1.001311936394686,0.002446448902485468,6.0,0.00010152159028225475
AC,c_a,DT,Decision Tree,uncalibrated,4.908,1.20096,1.0013005627081288,0.002380074980332038,6.0,0.00010026842135139415
AC,c_a,DT,Decision Tree,uncalibrated,4.909,1.201125,1.00128808455377,0.0023151801443585143,6.0,9.905600495161119e-05
AC,c_a,DT,Decision Tree,uncalibrated,4.91,1.20129,1.0012745964722543,0.002251743348306172,6.0,9.788254770583787e-05
AC,c_a,DT,Decision Tree,uncalibrated,4.911,1.201455,1.0012601882017464,0.002189743530343864,6.0,9.674635059659704e-05
AC,c_a,DT,Decision Tree,uncalibrated,4.912,1.20162,1.0012449448471457,0.0021291596078001707,6.0,9.564580320590387e-05
AC,c_a,DT,Decision Tree,uncalibrated,4.913,1.201785,1.0012289470464477,0.0020699704741465675,6.0,9.457937835609159e-05
AC,c_a,DT,Decision Tree,uncalibrated,4.914,1.20195,1.0012122711341616,0.0020121549980135676,6.0,9.354562712025999e-05
AC,c_a,DT,Decision Tree,uncalibrated,4.915,1.202115,1.001194989301697,0.0019556920240667796,6.0,9.254317417374213e-05
AC,c_a,DT,Decision Tree,uncalibrated,4.916,1.20228,1.00117716975467,0.001900560375586384,6.0,9.157071346045579e-05
AC,c_a,DT,Decision Tree,uncalibrated,4.917,1.202445,1.0011588768670117,0.001846738858537241,6.0,9.062700415018994e-05
AC,c_a,DT,Decision Tree,uncalibrated,4.918,1.2026100000000002,1.001140171331838,0.0017942062670001722,6.0,8.971086686491621e-05
AC,c_a,DT,Decision Tree,uncalibrated,4.919,1.202775,1.001121110308979,0.0017429413897806568,6.0,8.882118015403962e-05
AC,c_a,DT,Decision Tree,uncalibrated,4.92,1.2029400000000001,1.0011017475691268,0.0016929230180298947,6.0,8.79568772001331e-05
AC,c_a,DT,Decision Tree,uncalibrated,4.921,1.203105,1.0010821336345272,0.0016441299537730432,6.0,8.711694273827285e-05
AC,c_a,DT,Decision Tree,uncalibrated,4.922,1.20327,1.0010623159161653,0.001596541019151688,6.0,8.630041017338768e-05
AC,c_a,DT,Decision Tree,uncalibrated,4.923,1.203435,1.0010423388474177,0.0015501350662937019,6.0,8.550635888135777e-05
AC,c_a,DT,Decision Tree,uncalibrated,4.924,1.2036000000000002,1.0010222440141125,0.0015048909876665669,6.0,8.473391168069699e-05
AC,c_a,DT,Decision Tree,uncalibrated,4.925,1.203765,1.0010020702809972,0.0014607877268100027,6.0,8.398223246271867e-05
AC,c_a,DT,Decision Tree,uncalibrated,4.926,1.2039300000000002,1.0009818539145727,0.0014178042893459187,6.0,8.325052396900877e-05
AC,c_a,DT,Decision Tree,uncalibrated,4.927,1.204095,1.0009616287023175,0.001375919754159691,6.0,8.253802570595177e-05
AC,c_a,DT,Decision Tree,uncalibrated,4.928,1.20426,1.0009414260682505,0.001335113284674198,6.0,8.184401198677625e-05
AC,c_a,DT,Decision Tree,uncalibrated,4.929,1.204425,1.0009212751849108,0.0012953641401414096,6.0,8.11677900923973e-05
AC,c_a,DT,Decision Tree,uncalibrated,4.93,1.20459,1.0009012030817033,0.0012566516868660973,6.0,8.050869854292314e-05
AC,c_a,RF,Random Forest,uncalibrated,4.67,1.16367,0.0002289835460218286,0.0005261626458934695,96.0,8.344877164524838e-05
AC,c_a,RF,Random Forest,uncalibrated,4.671,1.1638186666666668,0.00023419380960670177,0.0005332179899127507,96.0,8.439826767777777e-05
AC,c_a,RF,Random Forest,uncalibrated,4.672,1.1639673333333334,0.00023957850358531413,0.0005405823663326136,96.0,8.536969289630483e-05
AC,c_a,RF,Random Forest,uncalibrated,4.673,1.164116,0.0002451487623937603,0.0005482769896029474,96.0,8.636385881999471e-05
AC,c_a,RF,Random Forest,uncalibrated,4.674,1.1642646666666667,0.0002509166389265055,0.0005563244799610438,96.0,8.73816224895784e-05
AC,c_a,RF,Random Forest,uncalibrated,4.675,1.1644133333333333,0.000256895189877399,0.0005647489447834304,96.0,8.842388989555044e-05
AC,c_a,RF,Random Forest,uncalibrated,4.676,1.164562,0.00026309857006415015,0.0005735760639719197,96.0,8.949161972145035e-05
AC,c_a,RF,Random Forest,uncalibrated,4.677,1.1647106666666667,0.00026958931953741105,0.0005828348584920413,95.0,9.058582743583647e-05
AC,c_a,RF,Random Forest,uncalibrated,4.678,1.1648593333333332,0.00027629402619433246,0.0005925556943759478,95.0,9.170758977082096e-05
AC,c_a,RF,Random Forest,uncalibrated,4.679,1.165008,0.0002832743154872246,0.0006027672438524457,95.0,9.285804962957498e-05
AC,c_a,RF,Random Forest,uncalibrated,4.68,1.1651566666666666,0.0002905499843825816,0.0006135025076878408,95.0,9.403842147055465e-05
AC,c_a,RF,Random Forest,uncalibrated,4.681,1.1653053333333332,0.00029814258967681047,0.000624796569727302,95.0,9.524999722231415e-05
AC,c_a,RF,Random Forest,uncalibrated,4.682,1.165454,0.0003060756263299619,0.0006366867169238531,95.0,9.649415278955912e-05
AC,c_a,RF,Random Forest,uncalibrated,4.683,1.1656026666666666,0.0003143747264304304,0.0006492125676672471,95.0,9.777235521907038e-05
AC,c_a,RF,Random Forest,uncalibrated,4.684,1.1657513333333334,0.0003230678814969514,0.0006624162095624159,95.0,9.908617060323098e-05
AC,c_a,RF,Random Forest,uncalibrated,4.685,1.1659,0.00033218569121855324,0.0006763423480046187,95.0,0.00010043727280913993
AC,c_a,RF,Random Forest,uncalibrated,4.686,1.1660486666666665,0.0003417616421963382,0.0006910384671226834,95.0,0.00010182745313344373
AC,c_a,RF,Random Forest,uncalibrated,4.687,1.1661973333333333,0.0003518324207853838,0.0007065550049086749,95.0,0.00010325863099662726
AC,c_a,RF,Random Forest,uncalibrated,4.688,1.1663459999999999,0.0003624382647599676,0.0007229455446285788,95.0,0.00010473286580649548
AC,c_a,RF,Random Forest,uncalibrated,4.689,1.1664946666666667,0.00037362335925582855,0.000740267024913285,95.0,0.00010625237013902548
AC,c_a,RF,Random Forest,uncalibrated,4.69,1.1666433333333333,0.0003854362832937018,0.0007585799712632999,95.0,0.00010781952440591674
AC,c_a,RF,Random Forest,uncalibrated,4.691,1.1667919999999998,0.0003909024835666526,0.0007780848159606699,100.0,0.00010943689320315829
AC,c_a,RF,Random Forest,uncalibrated,4.692,1.1669406666666666,0.0004034308846241815,0.0007989101692529836,100.0,0.00011110724356349707
AC,c_a,RF,Random Forest,uncalibrated,4.693,1.1670893333333332,0.00041670582895574266,0.0008209845017686781,100.0,0.00011283356536946829
AC,c_a,RF,Random Forest,uncalibrated,4.694,1.1672379999999998,0.0004307944301760448,0.0008443913073593299,100.0,0.00011461909422284111
AC,c_a,RF,Random Forest,uncalibrated,4.695,1.1673866666666666,0.0004457710714433629,0.0008692198350690904,100.0,0.00011646733711224581
AC,c_a,RF,Random Forest,uncalibrated,4.696,1.1675353333333331,0.0004617183180111599,0.0008955655893417805,100.0,0.00011838210127475814
AC,c_a,RF,Random Forest,uncalibrated,4.697,1.167684,0.000478727960632566,0.000923530891048914,100.0,0.0001203675267107825
AC,c_a,RF,Random Forest,uncalibrated,4.698,1.1678326666666665,0.0004969022108222491,0.0009532255073010042,100.0,0.00012242812288621702
AC,c_a,RF,Random Forest,uncalibrated,4.699,1.167981333333333,0.0005163550726710648,0.0009847673589012,100.0,0.00012456881024467596
AC,c_a,RF,Random Forest,uncalibrated,4.7,1.16813,0.000537213920285801,0.0010182833152710018,100.0,0.00012679496725714488
AC,c_a,RF,Random Forest,uncalibrated,4.701,1.1682819999999998,0.000560643781628871,0.0010546898403078755,100.0,0.0001292172037597969
AC,c_a,RF,Random Forest,uncalibrated,4.702,1.168434,0.0005858757741603118,0.0010934393307922804,100.0,0.00013174330426974875
AC,c_a,RF,Random Forest,uncalibrated,4.703,1.168586,0.0006131028211289709,0.0011347029072559436,100.0,0.0001343809123327623
AC,c_a,RF,Random Forest,uncalibrated,4.704,1.1687379999999998,0.0006425426116615099,0.0011786663014612096,100.0,0.00013713846399900822
AC,c_a,RF,Random Forest,uncalibrated,4.705,1.16889,0.0006744412753860369,0.0012255314541823742,100.0,0.0001400252902684325
AC,c_a,RF,Random Forest,uncalibrated,4.706,1.169042,0.0007090776705184162,0.0012755183101773031,100.0,0.00014305173518405043
AC,c_a,RF,Random Forest,uncalibrated,4.707,1.1691939999999998,0.000746768397076497,0.001328866831501268,100.0,0.00014622929232186138
AC,c_a,RF,Random Forest,uncalibrated,4.708,1.169346,0.0007878736682617312,0.0013858392510092167,100.0,0.00014957076297127372
AC,c_a,RF,Random Forest,uncalibrated,4.709,1.169498,0.0008328041985374405,0.001446722587885576,100.0,0.00015309043996605769
AC,c_a,RF,Random Forest,uncalibrated,4.71,1.1696499999999999,0.0008820292972590038,0.0015118314459535826,100.0,0.0001568043219416903
AC,c_a,RF,Random Forest,uncalibrated,4.711,1.169802,0.0009360863926983437,0.0015815111128402739,100.0,0.00016073036379798006
AC,c_a,RF,Random Forest,uncalibrated,4.712,1.169954,0.0009955922538659005,0.0016561409731367907,100.0,0.00016488877038366989
AC,c_a,RF,Random Forest,uncalibrated,4.713,1.170106,0.0010612562276418084,0.001736138240597841,100.0,0.00016930234195257585
AC,c_a,RF,Random Forest,uncalibrated,4.714,1.170258,0.0011338958673716877,0.0018219620020091338,100.0,0.00017399688184572157
AC,c_a,RF,Random Forest,uncalibrated,4.715,1.17041,0.0012144553972365107,0.0019141175471562401,100.0,0.0001790016792318094
AC,c_a,RF,Random Forest,uncalibrated,4.716,1.170562,0.0013040275351397417,0.0020131609334896293,100.0,0.0001843500827162729
AC,c_a,RF,Random Forest,uncalibrated,4.717,1.170714,0.0014038792860562401,0.0021197036983643105,100.0,0.00019008018437594962
AC,c_a,RF,Random Forest,uncalibrated,4.718,1.170866,0.0015154824176311621,0.0022344175834423936,100.0,0.00019623563850860822
AC,c_a,RF,Random Forest,uncalibrated,4.719,1.1710180000000001,0.0016405494392201132,0.002358039071888679,100.0,0.00020286664538948107
AC,c_a,RF,Random Forest,uncalibrated,4.72,1.17117,0.00178107602202236,0.002491373455971124,100.0,0.00021003113797567964
AC,c_a,RF,Random Forest,uncalibrated,4.721,1.1713200000000001,0.0019368046204399428,0.0026334575232734823,100.0,0.00021765008387230304
AC,c_a,RF,Random Forest,uncalibrated,4.722,1.1714700000000002,0.0021124579607864655,0.002786769965310658,100.0,0.00022592779898294828
AC,c_a,RF,Random Forest,uncalibrated,4.723,1.17162,0.0023087057183680004,0.002952537793580333,73.0,0.00023495153889872402
AC,c_a,RF,Random Forest,uncalibrated,4.724,1.1717700000000002,0.0025333645638225865,0.003132301014092311,73.0,0.0002448233606830385
AC,c_a,RF,Random Forest,uncalibrated,4.725,1.17192,0.0027886551441040006,0.0033266589538789556,73.0,0.00025566312937637815
AC,c_a,RF,Random Forest,uncalibrated,4.726,1.17207,0.0030794233689203565,0.003536807201657625,73.0,0.0002676122316967537
AC,c_a,RF,Random Forest,uncalibrated,4.727,1.17222,0.003411323090890198,0.003763976479271166,73.0,0.00028083818532370717
AC,c_a,RF,Random Forest,uncalibrated,4.728,1.17237,0.0037909429984703397,0.004009406801496123,73.0,0.0002955403880103421
AC,c_a,RF,Random Forest,uncalibrated,4.729,1.17252,0.004225947727716101,0.004274311701654867,73.0,0.00031195732478434533
AC,c_a,RF,Random Forest,uncalibrated,4.73,1.17267,0.004725232269001638,0.004559830609543004,73.0,0.00033037565006073955
AC,c_a,RF,Random Forest,uncalibrated,4.731,1.172823,0.005312083225099457,0.0048732659126874385,73.0,0.00035165085371380365
AC,c_a,RF,Random Forest,uncalibrated,4.732,1.172976,0.005989177340878513,0.005210104940634058,73.0,0.00037581691595679344
AC,c_a,RF,Random Forest,uncalibrated,4.733,1.1731289999999999,0.006771029260583266,0.00557087668535439,73.0,0.0004034219692603721
AC,c_a,RF,Random Forest,uncalibrated,4.734,1.173282,0.007620442602054075,0.005957197044584043,74.0,0.00043514209726528737
AC,c_a,RF,Random Forest,uncalibrated,4.735,1.173435,0.00866457916196335,0.0063673558973527345,74.0,0.00047181629102988445
AC,c_a,RF,Random Forest,uncalibrated,4.736,1.1735879999999999,0.00987048995881013,0.006799595549736973,74.0,0.0005144922384397721
AC,c_a,RF,Random Forest,uncalibrated,4.737,1.173741,0.011261838109236392,0.007251667802356462,74.0,0.0005644866627967719
AC,c_a,RF,Random Forest,uncalibrated,4.738,1.173894,0.012864709304593908,0.007720274514600704,74.0,0.0006234653070401647
AC,c_a,RF,Random Forest,uncalibrated,4.739,1.1740469999999998,0.014707499362458267,0.00820094289067119,74.0,0.000693549584002521
AC,c_a,RF,Random Forest,uncalibrated,4.74,1.1742,0.01682068019484712,0.008687939816005396,74.0,0.0007774596018777305
AC,c_a,RF,Random Forest,uncalibrated,4.741,1.1743549999999998,0.019271214273504114,0.009181084054842678,74.0,0.0008801955825334139
AC,c_a,RF,Random Forest,uncalibrated,4.742,1.17451,0.02209060098484014,0.009687728754247081,25.0,0.0010054711246032212
AC,c_a,RF,Random Forest,uncalibrated,4.743,1.174665,0.02524847258393698,0.010184734528419665,25.0,0.001159525720367244
AC,c_a,RF,Random Forest,uncalibrated,4.744,1.17482,0.02882202245080643,0.010658265785209117,25.0,0.0013506100757524656
AC,c_a,RF,Random Forest,uncalibrated,4.745,1.1749749999999999,0.032845997902546435,0.011097263283841106,25.0,0.0015897070507698914
AC,c_a,RF,Random Forest,uncalibrated,4.746,1.17513,0.03735319146720304,0.011490451105622876,25.0,0.0018915291127492647
AC,c_a,RF,Random Forest,uncalibrated,4.747,1.175285,0.04237353845492638,0.01182690380873967,25.0,0.002275901077935863
AC,c_a,RF,Random Forest,uncalibrated,4.748,1.17544,0.047933335027068445,0.012096673169464356,25.0,0.002769678079472041
AC,c_a,RF,Random Forest,uncalibrated,4.749,1.175595,0.05405464816400119,0.012291423561809045,25.0,0.003409402713798438
AC,c_a,RF,Random Forest,uncalibrated,4.75,1.17575,0.060754970005484396,0.012405017025108857,25.0,0.004244973240747661
AC,c_a,RF,Random Forest,uncalibrated,4.751,1.175904,0.06799562838347514,0.012433418332331117,25.0,0.005336710335469649
AC,c_a,RF,Random Forest,uncalibrated,4.752,1.176058,0.07582803118212089,0.01237778762036099,25.0,0.006780877477035919
AC,c_a,RF,Random Forest,uncalibrated,4.753,1.176212,0.08425635414299325,0.012240710426440583,25.0,0.008702510750618668
AC,c_a,RF,Random Forest,uncalibrated,4.754,1.176366,0.09328134841800584,0.01202772572357088,25.0,0.011271520164585252
AC,c_a,RF,Random Forest,uncalibrated,4.755,1.17652,0.10290094665286056,0.01174705752030396,25.0,0.014717110165289557
AC,c_a,RF,Random Forest,uncalibrated,4.756,1.176674,0.11311086287226038,0.011409188307391656,25.0,0.019344967142865765
AC,c_a,RF,Random Forest,uncalibrated,4.757,1.176828,0.12390512031365121,0.01102631662675526,25.0,0.025556090061358894
AC,c_a,RF,Random Forest,uncalibrated,4.758,1.176982,0.1352764590965125,0.010611746019566382,25.0,0.033864516244485346
AC,c_a,RF,Random Forest,uncalibrated,4.759,1.177136,0.1472165965861978,0.010179249864825136,25.0,0.044908830856231124
AC,c_a,RF,Random Forest,uncalibrated,4.76,1.17729,0.1597163336918026,0.009742448120594686,25.0,0.05944958630405114
AC,c_a,RF,Random Forest,uncalibrated,4.761,1.177448,0.17313901517641558,0.009304904559000427,25.0,0.07888890256776035
AC,c_a,RF,Random Forest,uncalibrated,4.762,1.177606,0.18710382494464087,0.009126595285948903,5.0,0.10386790101355786
AC,c_a,RF,Random Forest,uncalibrated,4.763,1.177764,0.20162762491009928,0.009111204043477459,5.0,0.13527796217247937
AC,c_a,RF,Random Forest,uncalibrated,4.764,1.1779220000000001,0.21669824427043619,0.009108947960443932,5.0,0.17379794350683814
AC,c_a,RF,Random Forest,uncalibrated,4.765,1.17808,0.23229631675988308,0.00912058706856101,5.0,0.21974829295341783
AC,c_a,RF,Random Forest,uncalibrated,4.766,1.1782380000000001,0.24839991499580058,0.009145612129607539,5.0,0.2729815810547358
AC,c_a,RF,Random Forest,uncalibrated,4.767,1.1783960000000002,0.2649842603576011,0.009182364286828917,5.0,0.3328440378130527
AC,c_a,RF,Random Forest,uncalibrated,4.768,1.178554,0.2820214803617852,0.009228201456790482,5.0,0.3982182733217403
AC,c_a,RF,Random Forest,uncalibrated,4.769,1.1787120000000002,0.2994804385650866,0.00927969373977207,5.0,0.4676268106118885
AC,c_a,RF,Random Forest,uncalibrated,4.77,1.17887,0.3173266559475293,0.009332831741294175,5.0,0.5393577605446005
AC,c_a,RF,Random Forest,uncalibrated,4.771,1.1790250000000002,0.33514474083715706,0.009382127074647723,5.0,0.6102214962437416
AC,c_a,RF,Random Forest,uncalibrated,4.772,1.1791800000000001,0.3532598090140492,0.009424562758647215,5.0,0.6797843120989653
AC,c_a,RF,Random Forest,uncalibrated,4.773,1.179335,0.3716308178670114,0.009455854235220178,5.0,0.746288815471181
AC,c_a,RF,Random Forest,uncalibrated,4.774,1.1794900000000001,0.3902143170322257,0.00947186810116705,5.0,0.8080263069354313
AC,c_a,RF,Random Forest,uncalibrated,4.775,1.179645,0.4089648417897575,0.00946874927621644,5.0,0.8633744085968219
AC,c_a,RF,Random Forest,uncalibrated,4.776,1.1798,0.42783537716606823,0.009443029421267483,5.0,0.9108435741118219
AC,c_a,RF,Random Forest,uncalibrated,4.777,1.179955,0.44677787698551186,0.00939171758648512,5.0,0.9491333338489312
AC,c_a,RF,Random Forest,uncalibrated,4.778,1.18011,0.4657438201335711,0.009312374531178533,5.0,0.977193173796852
AC,c_a,RF,Random Forest,uncalibrated,4.779,1.180265,0.48468478520501174,0.009203172411535607,5.0,0.9942795528829523
AC,c_a,RF,Random Forest,uncalibrated,4.78,1.18042,0.5035530245155914,0.009062941688744308,5.0,1.0
AC,c_a,RF,Random Forest,uncalibrated,4.781,1.1805759999999998,0.5224318416168627,0.008889889733703402,5.0,0.9942645896402904
AC,c_a,RF,Random Forest,uncalibrated,4.782,1.180732,0.5411437506529672,0.00868513497709329,5.0,0.9773653329498592
AC,c_a,RF,Random Forest,uncalibrated,4.783,1.1808880000000002,0.5596453132618147,0.008449691491708829,5.0,0.9500273345790389
AC,c_a,RF,Random Forest,uncalibrated,4.784,1.181044,0.5778957972575163,0.008185352923906103,5.0,0.913288606465064
AC,c_a,RF,Random Forest,uncalibrated,4.785,1.1812,0.5958622281091704,0.007904546336307884,39.0,0.8684379071846742
AC,c_a,RF,Random Forest,uncalibrated,4.786,1.1813559999999999,0.6135077720291452,0.007874134691678275,39.0,0.81694380785707
AC,c_a,RF,Random Forest,uncalibrated,4.787,1.181512,0.6308015318701033,0.007833089158593863,39.0,0.7603813072040916
AC,c_a,RF,Random Forest,uncalibrated,4.788,1.1816680000000002,0.6477161812375186,0.007783347246639379,39.0,0.7003609171659473
AC,c_a,RF,Random Forest,uncalibrated,4.789,1.181824,0.6642279563494686,0.007726979446044245,39.0,0.638463433960793
AC,c_a,RF,Random Forest,uncalibrated,4.79,1.18198,0.6803165997433109,0.007666152700548316,39.0,0.5761821615644567
AC,c_a,RF,Random Forest,uncalibrated,4.791,1.1821380000000001,0.6961750206675515,0.007601933403269059,39.0,0.5141088739386348
AC,c_a,RF,Random Forest,uncalibrated,4.792,1.182296,0.7115664153147796,0.007537723880186766,39.0,0.4542578398792472
AC,c_a,RF,Random Forest,uncalibrated,4.793,1.1824540000000001,0.7264797880138474,0.007475766852019694,39.0,0.3976342133286411
AC,c_a,RF,Random Forest,uncalibrated,4.794,1.182612,0.7409070587282356,0.00741815036998422,39.0,0.3450053447362541
AC,c_a,RF,Random Forest,uncalibrated,4.795,1.18277,0.7548427816306235,0.007366715100597094,39.0,0.2968951445077047
AC,c_a,RF,Random Forest,uncalibrated,4.796,1.1829280000000002,0.7682885209119835,0.007365653381664155,84.0,0.25359268819238007
AC,c_a,RF,Random Forest,uncalibrated,4.797,1.183086,0.7812369584747964,0.007402463736332925,84.0,0.21517405422101685
AC,c_a,RF,Random Forest,uncalibrated,4.798,1.1832440000000002,0.7936930418611254,0.007463175326720222,86.0,0.1815347472846845
AC,c_a,RF,Random Forest,uncalibrated,4.799,1.183402,0.8056569040983054,0.007541428519647463,86.0,0.15242877440780478
AC,c_a,RF,Random Forest,uncalibrated,4.8,1.18356,0.8171325465190195,0.007620413015293078,86.0,0.12750990607931745
AC,c_a,RF,Random Forest,uncalibrated,4.801,1.183718,0.8281245850141681,0.0076978070201045926,86.0,0.10637097994639055
AC,c_a,RF,Random Forest,uncalibrated,4.802,1.183876,0.8386385724695204,0.007771186594110976,86.0,0.08857810488917006
AC,c_a,RF,Random Forest,uncalibrated,4.803,1.184034,0.8486808765635128,0.007838106668876842,86.0,0.07369794618020596
AC,c_a,RF,Random Forest,uncalibrated,4.804,1.1841920000000001,0.8582585904549999,0.007896182881003577,86.0,0.061317559495885604
AC,c_a,RF,Random Forest,uncalibrated,4.805,1.18435,0.8673794729712999,0.007943170791183693,86.0,0.0510572449757476
AC,c_a,RF,Random Forest,uncalibrated,4.806,1.1845080000000001,0.8760519135551875,0.007977039017107739,86.0,0.042577512612676796
AC,c_a,RF,Random Forest,uncalibrated,4.807,1.1846660000000002,0.8842849162523013,0.007996032996537698,86.0,0.03558150923239183
AC,c_a,RF,Random Forest,uncalibrated,4.808,1.184824,0.8920880964560918,0.007998726532837293,86.0,0.029814245500270068
AC,c_a,RF,Random Forest,uncalibrated,4.809,1.1849820000000002,0.8994716840000825,0.007984058942692532,86.0,0.02505978653191219
AC,c_a,RF,Random Forest,uncalibrated,4.81,1.18514,0.9064465264890931,0.007951356474771,86.0,0.021137324526073673
AC,c_a,RF,Random Forest,uncalibrated,4.811,1.1853010000000002,0.913147054760982,0.007899383232564493,86.0,0.01784477152235389
AC,c_a,RF,Random Forest,uncalibrated,4.812,1.1854620000000002,0.9194471630009479,0.007828586207751141,86.0,0.015128833629589935
AC,c_a,RF,Random Forest,uncalibrated,4.813,1.185623,0.92536037022226,0.007739453259406561,86.0,0.012882952875288303
AC,c_a,RF,Random Forest,uncalibrated,4.814,1.1857840000000002,0.9309007666484389,0.007632815988716861,86.0,0.011020415180630405
AC,c_a,RF,Random Forest,uncalibrated,4.815,1.185945,0.9360183826572075,0.007518283656411776,94.0,0.009470831475644235
AC,c_a,RF,Random Forest,uncalibrated,4.816,1.1861059999999999,0.9408631129088951,0.007389398971341266,94.0,0.008177146393509768
AC,c_a,RF,Random Forest,uncalibrated,4.817,1.186267,0.9453800261055688,0.007246288262881233,94.0,0.007093137529795764
AC,c_a,RF,Random Forest,uncalibrated,4.818,1.1864279999999998,0.949584689468207,0.007090519643157715,94.0,0.006181350795700424
AC,c_a,RF,Random Forest,uncalibrated,4.819,1.186589,0.9534928139685379,0.006923753829984224,94.0,0.005411411706962208
AC,c_a,RF,Random Forest,uncalibrated,4.82,1.18675,0.9571201445155223,0.006747692225470867,94.0,0.0047586537201537325
AC,c_a,RF,Random Forest,uncalibrated,4.821,1.1869159999999999,0.9605825099236474,0.006559013363963326,94.0,0.00418892283966249
AC,c_a,RF,Random Forest,uncalibrated,4.822,1.187082,0.9637797888091477,0.0063641049954120685,94.0,0.003704183047656208
AC,c_a,RF,Random Forest,uncalibrated,4.823,1.187248,0.9667287099527854,0.006164672375565854,94.0,0.003289984210921761
AC,c_a,RF,Random Forest,uncalibrated,4.824,1.187414,0.9694455670560411,0.0059623064645199,94.0,0.0029345555428652377
AC,c_a,RF,Random Forest,uncalibrated,4.825,1.1875799999999999,0.9719461307592276,0.005758464526130361,94.0,0.0026282792544390127
AC,c_a,RF,Random Forest,uncalibrated,4.826,1.187746,0.9742026110573578,0.005559571469399343,81.0,0.0023632712888706263
AC,c_a,RF,Random Forest,uncalibrated,4.827,1.1879119999999999,0.9763192875965419,0.005365841970954995,81.0,0.0021330470785052304
AC,c_a,RF,Random Forest,uncalibrated,4.828,1.188078,0.9782631087162162,0.00517230744251652,81.0,0.0019322547342813965
AC,c_a,RF,Random Forest,uncalibrated,4.829,1.1882439999999999,0.9800471156711967,0.0049800292386349004,81.0,0.001756461701836695
AC,c_a,RF,Random Forest,uncalibrated,4.83,1.18841,0.9816836172387851,0.004789926066309468,81.0,0.0016019838257777944
AC,c_a,RF,Random Forest,uncalibrated,4.831,1.188561,0.9828831113539508,0.004632154892395654,6.0,0.0014754868494637988
AC,c_a,RF,Random Forest,uncalibrated,4.832,1.188712,0.9841883970812504,0.00458123055863891,6.0,0.001362413071908542
AC,c_a,RF,Random Forest,uncalibrated,4.833,1.188863,0.9853974876152375,0.004524933284698538,6.0,0.0012610582001769369
AC,c_a,RF,Random Forest,uncalibrated,4.834,1.189014,0.986517258028991,0.004463731700853229,6.0,0.0011699640632794014
AC,c_a,RF,Random Forest,uncalibrated,4.835,1.189165,0.9875541462630776,0.004398115381202382,6.0,0.0010878795021856305
AC,c_a,RF,Random Forest,uncalibrated,4.836,1.189316,0.9885141703775148,0.004328581769353594,6.0,0.0010137279429927517
AC,c_a,RF,Random Forest,uncalibrated,4.837,1.189467,0.9894029470527613,0.004255625576921546,6.0,0.0009465804458299023
AC,c_a,RF,Random Forest,uncalibrated,4.838,1.189618,0.9902257109075232,0.0041797303937636905,6.0,0.0008856332495530996
AC,c_a,RF,Random Forest,uncalibrated,4.839,1.189769,0.9909873342642882,0.004101362236433157,6.0,0.0008301890156313688
AC,c_a,RF,Random Forest,uncalibrated,4.84,1.18992,0.9916923470525928,0.004020964764988876,6.0,0.000779641122541762
AC,c_a,RF,Random Forest,uncalibrated,4.841,1.1900860000000002,0.9924052068203745,0.003929579460703729,6.0,0.0007301382361791967
AC,c_a,RF,Random Forest,uncalibrated,4.842,1.190252,0.9930600287929995,0.003836758843558859,6.0,0.0006851632898837707
AC,c_a,RF,Random Forest,uncalibrated,4.843,1.1904180000000002,0.9936615673574353,0.003742991710785074,6.0,0.0006442058942732731
AC,c_a,RF,Random Forest,uncalibrated,4.844,1.190584,0.9942141917280066,0.0036487200733311595,6.0,0.000606822894946506
AC,c_a,RF,Random Forest,uncalibrated,4.845,1.19075,0.9947219145265591,0.003554340232540962,6.0,0.0005726283883030326
AC,c_a,RF,Random Forest,uncalibrated,4.846,1.190916,0.9951884188705434,0.0034602045593302463,6.0,0.0005412853659869972
AC,c_a,RF,Random Forest,uncalibrated,4.847,1.1910820000000002,0.9956170839121815,0.003366623763401434,6.0,0.0005124987015359216
AC,c_a,RF,Random Forest,uncalibrated,4.848,1.191248,0.9960110088080188,0.0032738694817312304,6.0,0.0004860092463781918
AC,c_a,RF,Random Forest,uncalibrated,4.849,1.1914140000000002,0.996373035126686,0.0031821770512341623,6.0,0.000461588845347081
AC,c_a,RF,Random Forest,uncalibrated,4.85,1.19158,0.9967057677248703,0.0030917483605513306,6.0,0.0004390361165269895
AC,c_a,RF,Random Forest,uncalibrated,4.851,1.1917380000000002,0.996998067932591,0.0030074903928170712,6.0,0.0004188813254557926
AC,c_a,RF,Random Forest,uncalibrated,4.852,1.191896,0.9972678402275695,0.002924636067157293,6.0,0.00040014840462568405
AC,c_a,RF,Random Forest,uncalibrated,4.853,1.192054,0.9975168275604579,0.0028432886216584823,6.0,0.0003827122255650064
AC,c_a,RF,Random Forest,uncalibrated,4.854,1.192212,0.9977466342437745,0.0027635328495240253,6.0,0.0003664607176601926
AC,c_a,RF,Random Forest,uncalibrated,4.855,1.1923700000000002,0.9979587370484863,0.002685436928042847,6.0,0.0003512933059632569
AC,c_a,RF,Random Forest,uncalibrated,4.856,1.192528,0.9981544954570626,0.0026090541380501455,6.0,0.0003371195578184714
AC,c_a,RF,Random Forest,uncalibrated,4.857,1.1926860000000001,0.9983351611253277,0.0025344244683348643,6.0,0.00032385800773785365
AC,c_a,RF,Random Forest,uncalibrated,4.858,1.192844,0.9985018866047296,0.0024615761030097596,6.0,0.000311435134781197
AC,c_a,RF,Random Forest,uncalibrated,4.859,1.193002,0.9986557333752466,0.002390526792553988,6.0,0.0002997844707101793
AC,c_a,RF,Random Forest,uncalibrated,4.86,1.19316,0.9987976792374168,0.0023212851112538306,6.0,0.0002888458205335551
AC,c_a,RF,Random Forest,uncalibrated,4.861,1.1933159999999998,0.9989271497949381,0.0022547959363375344,6.0,0.0002786489903215892
AC,c_a,RF,Random Forest,uncalibrated,4.862,1.1934719999999999,0.9990466896799509,0.0021900588345258377,6.0,0.00026904882613347416
AC,c_a,RF,Random Forest,uncalibrated,4.863,1.1936280000000001,0.9991570372372944,0.0021270620259170644,6.0,0.00026000147859439203
AC,c_a,RF,Random Forest,uncalibrated,4.864,1.193784,0.9992588739836817,0.0020657887853998114,6.0,0.00025146694106232317
AC,c_a,RF,Random Forest,uncalibrated,4.865,1.19394,0.9993528291586452,0.0020062181628435843,6.0,0.00024340866049695894
AC,c_a,RF,Random Forest,uncalibrated,4.866,1.1940959999999998,0.9994394839054682,0.0019483256300248143,6.0,0.00023579319279142574
AC,c_a,RF,Random Forest,uncalibrated,4.867,1.1942519999999999,0.999519375111333,0.0018920836598907264,6.0,0.00022858989694238185
AC,c_a,RF,Random Forest,uncalibrated,4.868,1.1944080000000001,0.9995929989338149,0.0018374622436184084,6.0,0.00022177066321006948
AC,c_a,RF,Random Forest,uncalibrated,4.869,1.194564,0.9996608140389777,0.0017844293506861768,6.0,0.00021530967107963206
AC,c_a,RF,Random Forest,uncalibrated,4.87,1.19472,0.9997232445743668,0.0017329513369293255,6.0,0.00020918317339870863
AC,c_a,RF,Random Forest,uncalibrated,4.871,1.194878,0.9997812989456437,0.0016822794152721477,6.0,0.00020332507892461234
AC,c_a,RF,Random Forest,uncalibrated,4.872,1.195036,0.999834613739102,0.0016331332018220354,6.0,0.0001977646699180801
AC,c_a,RF,Random Forest,uncalibrated,4.873,1.195194,0.9998835373550955,0.0015854746596183804,6.0,0.00019248280814583956
AC,c_a,RF,Random Forest,uncalibrated,4.874,1.195352,0.9999283921049223,0.0015392653278771809,6.0,0.0001874618263489724
AC,c_a,RF,Random Forest,uncalibrated,4.875,1.19551,0.9999694762703725,0.0014944665470339588,6.0,0.00018268539711658737
AC,c_a,RF,Random Forest,uncalibrated,4.876,1.195668,1.0000070659930378,0.0014510396532153704,6.0,0.00017813841501524027
AC,c_a,RF,Random Forest,uncalibrated,4.877,1.1958259999999998,1.000041417007726,0.0014089461453476238,6.0,0.00017380689048107604
AC,c_a,RF,Random Forest,uncalibrated,4.878,1.195984,1.0000727662331452,0.0013681478278633793,6.0,0.00016967785416654934
AC,c_a,RF,Random Forest,uncalibrated,4.879,1.1961419999999998,1.0001013332319109,0.0013286069316695832,6.0,0.0001657392705932273
AC,c_a,RF,Random Forest,uncalibrated,4.88,1.1963,1.000127321550933,0.001290286215814475,6.0,0.0001619799601007954
AC,c_a,RF,Random Forest,uncalibrated,4.881,1.196467,1.0001518838209,0.0012507780428147033,6.0,0.00015827798098537742
AC,c_a,RF,Random Forest,uncalibrated,4.882,1.196634,1.0001739978334239,0.0012125656619533507,6.0,0.00015474688988033946
AC,c_a,RF,Random Forest,uncalibrated,4.883,1.196801,1.000193853641682,0.0011756069874030513,6.0,0.00015137656886594547
AC,c_a,RF,Random Forest,uncalibrated,4.884,1.196968,1.0002116269190506,0.0011398609316419274,6.0,0.0001481576167274749
AC,c_a,RF,Random Forest,uncalibrated,4.885,1.1971349999999998,1.000227480097593,0.0011052874481243438,6.0,0.00014508128990073474
AC,c_a,RF,Random Forest,uncalibrated,4.886,1.1973019999999999,1.000241563410433,0.0010718475617994127,6.0,0.00014213944895630443
AC,c_a,RF,Random Forest,uncalibrated,4.887,1.197469,1.0002540158465378,0.0010395033891661847,6.0,0.00013932451004151905
AC,c_a,RF,Random Forest,uncalibrated,4.888,1.197636,1.0002649660256857,0.0010082181493585845,6.0,0.00013662940076629096
AC,c_a,RF,Random Forest,uncalibrated,4.889,1.197803,1.000274533000674,0.000977956167589225,6.0,0.00013404752007777068
AC,c_a,RF,Random Forest,uncalibrated,4.89,1.19797,1.000282826993161,0.0009486828721181019,6.0,0.0001315727017201525
AC,c_a,RF,Random Forest,uncalibrated,4.891,1.198137,1.0002899500690017,0.0009203647857723072,6.0,0.00012919918092107915
AC,c_a,RF,Random Forest,uncalibrated,4.892,1.198304,1.0002959967583367,0.0008929695129189103,6.0,0.00012692156398567828
AC,c_a,RF,Random Forest,uncalibrated,4.893,1.1984709999999998,1.0003010546252877,0.0008664657226927489,6.0,0.00012473480051406748
AC,c_a,RF,Random Forest,uncalibrated,4.894,1.198638,1.000305204791609,0.0008408231291540441,6.0,0.0001226341579888442
AC,c_a,RF,Random Forest,uncalibrated,4.895,1.198805,1.0003085224182986,0.0008160124689953392,6.0,0.00012061519850617588
AC,c_a,RF,Random Forest,uncalibrated,4.896,1.198972,1.0003110771487695,0.0007920054773119952,6.0,0.0001186737574478816
AC,c_a,RF,Random Forest,uncalibrated,4.897,1.199139,1.000312933516903,0.0007687748618966483,6.0,0.00011680592391322649
AC,c_a,RF,Random Forest,uncalibrated,4.898,1.199306,1.000314151322951,0.000746294276443917,6.0,0.00011500802274769143
AC,c_a,RF,Random Forest,uncalibrated,4.899,1.199473,1.0003147859800263,0.0007245382930056234,6.0,0.00011327659802273293
AC,c_a,RF,Random Forest,uncalibrated,4.9,1.19964,1.0003148888336875,0.0007034823739877519,6.0,0.00011160839783525014
AC,c_a,RF,Random Forest,uncalibrated,4.901,1.199805,1.0003145529516968,0.000683375628708921,6.0,0.00011001039108949201
AC,c_a,RF,Random Forest,uncalibrated,4.902,1.19997,1.0003137848283963,0.0006639051587818745,6.0,0.00010846891811833095
AC,c_a,RF,Random Forest,uncalibrated,4.903,1.200135,1.0003126239666715,0.000645049787488006,6.0,0.00010698132195349244
AC,c_a,RF,Random Forest,uncalibrated,4.904,1.2003,1.0003111069887067,0.0006267890773435169,6.0,0.00010554509487822688
AC,c_a,RF,Random Forest,uncalibrated,4.905,1.2004650000000001,1.0003092678389698,0.0006091033043907418,6.0,0.00010415786868809131
AC,c_a,RF,Random Forest,uncalibrated,4.906,1.2006299999999999,1.000307137972216,0.0005919734329771018,6.0,0.00010281740567616086
AC,c_a,RF,Random Forest,uncalibrated,4.907,1.200795,1.0003047465277082,0.0005753810910839275,6.0,0.00010152159028225475
AC,c_a,RF,Random Forest,uncalibrated,4.908,1.20096,1.000302120490763,0.0005593085462872676,6.0,0.00010026842135139415
AC,c_a,RF,Random Forest,uncalibrated,4.909,1.201125,1.000299284842602,0.0005437386823729507,6.0,9.905600495161119e-05
AC,c_a,RF,Random Forest,uncalibrated,4.91,1.20129,1.0002962626994334,0.0005286549766335488,6.0,9.788254770583787e-05
AC,c_a,RF,Random Forest,uncalibrated,4.911,1.201455,1.0002930754416206,0.0005140414778988132,6.0,9.674635059659704e-05
AC,c_a,RF,Random Forest,uncalibrated,4.912,1.20162,1.0002897428336666,0.000499882785281459,6.0,9.564580320590387e-05
AC,c_a,RF,Random Forest,uncalibrated,4.913,1.201785,1.0002862831357435,0.0004861640276531012,6.0,9.457937835609159e-05
AC,c_a,RF,Random Forest,uncalibrated,4.914,1.20195,1.0002827132074272,0.000472870843877773,6.0,9.354562712025999e-05
AC,c_a,RF,Random Forest,uncalibrated,4.915,1.202115,1.0002790486041695,0.00045998936374607683,6.0,9.254317417374213e-05
AC,c_a,RF,Random Forest,uncalibrated,4.916,1.20228,1.0002753036671095,0.00044750618965113114,6.0,9.157071346045579e-05
AC,c_a,RF,Random Forest,uncalibrated,4.917,1.202445,1.0002714916066924,0.0004354083789745687,6.0,9.062700415018994e-05
AC,c_a,RF,Random Forest,uncalibrated,4.918,1.2026100000000002,1.0002676245805477,0.00042368342714221196,6.0,8.971086686491621e-05
AC,c_a,RF,Random Forest,uncalibrated,4.919,1.202775,1.0002637137660702,0.0004123192513961979,6.0,8.882118015403962e-05
AC,c_a,RF,Random Forest,uncalibrated,4.92,1.2029400000000001,1.0002597694280526,0.00040130417518221233,6.0,8.79568772001331e-05
AC,c_a,RF,Random Forest,uncalibrated,4.921,1.203105,1.000255800981765,0.0003906269132078575,6.0,8.711694273827285e-05
AC,c_a,RF,Random Forest,uncalibrated,4.922,1.20327,1.000251817051781,0.00038027655709153244,6.0,8.630041017338768e-05
AC,c_a,RF,Random Forest,uncalibrated,4.923,1.203435,1.0002478255268543,0.0003702425616268531,6.0,8.550635888135777e-05
AC,c_a,RF,Random Forest,uncalibrated,4.924,1.2036000000000002,1.0002438336111414,0.00036051473159620174,6.0,8.473391168069699e-05
AC,c_a,RF,Random Forest,uncalibrated,4.925,1.203765,1.0002398478720047,0.0003510832091567579,6.0,8.398223246271867e-05
AC,c_a,RF,Random Forest,uncalibrated,4.926,1.2039300000000002,1.0002358742846273,0.0003419384617223596,6.0,8.325052396900877e-05
AC,c_a,RF,Random Forest,uncalibrated,4.927,1.204095,1.0002319182737158,0.00033307127039021694,6.0,8.253802570595177e-05
AC,c_a,RF,Random Forest,uncalibrated,4.928,1.20426,1.0002279847523896,0.0003244727188043189,6.0,8.184401198677625e-05
AC,c_a,RF,Random Forest,uncalibrated,4.929,1.204425,1.0002240781585576,0.0003161341825238089,6.0,8.11677900923973e-05
AC,c_a,RF,Random Forest,uncalibrated,4.93,1.20459,1.0002202024888653,0.0003080473187920363,6.0,8.050869854292314e-05
AC,c_a,GBT,Gradient Boosted Trees,uncalibrated,4.67,1.16367,2.1696026481089698e-05,3.009022169069753e-07,99.0,8.344877164524838e-05
AC,c_a,GBT,Gradient Boosted Trees,uncalibrated,4.671,1.1638186666666668,2.1699726454368222e-05,3.1766054632452847e-07,99.0,8.439826767777777e-05
AC,c_a,GBT,Gradient Boosted Trees,uncalibrated,4.672,1.1639673333333334,2.1703771914496443e-05,3.355283037663591e-07,99.0,8.536969289630483e-05
AC,c_a,GBT,Gradient Boosted Trees,uncalibrated,4.673,1.164116,2.1708197632122123e-05,3.545931658988702e-07,99.0,8.636385881999471e-05
AC,c_a,GBT,Gradient Boosted Trees,uncalibrated,4.674,1.1642646666666667,2.171304226729983e-05,3.7495092960904833e-07,99.0,8.73816224895784e-05
AC,c_a,GBT,Gradient Boosted Trees,uncalibrated,4.675,1.1644133333333333,2.1718348856055874e-05,3.9670638297332637e-07,99.0,8.842388989555044e-05
AC,c_a,GBT,Gradient Boosted Trees,uncalibrated,4.676,1.164562,2.172416536532254e-05,4.1997428466187795e-07,99.0,8.949161972145035e-05
AC,c_a,GBT,Gradient Boosted Trees,uncalibrated,4.677,1.1647106666666667,2.1730545327069905e-05,4.4488046749541755e-07,99.0,9.058582743583647e-05
AC,c_a,GBT,Gradient Boosted Trees,uncalibrated,4.678,1.1648593333333332,2.1737548564403743e-05,4.71563084501289e-07,99.0,9.170758977082096e-05
AC,c_a,GBT,Gradient Boosted Trees,uncalibrated,4.679,1.165008,2.1745242024742135e-05,5.001740189393779e-07,99.0,9.285804962957498e-05
AC,c_a,GBT,Gradient Boosted Trees,uncalibrated,4.68,1.1651566666666666,2.1753700737970714e-05,5.308804834947894e-07,99.0,9.403842147055465e-05
AC,c_a,GBT,Gradient Boosted Trees,uncalibrated,4.681,1.1653053333333332,2.176300892083934e-05,5.638668382869771e-07,99.0,9.524999722231415e-05
AC,c_a,GBT,Gradient Boosted Trees,uncalibrated,4.682,1.165454,2.1773261252985465e-05,5.993366626798914e-07,99.0,9.649415278955912e-05
AC,c_a,GBT,Gradient Boosted Trees,uncalibrated,4.683,1.1656026666666666,2.1784564354912293e-05,6.3751512228928e-07,99.0,9.777235521907038e-05
AC,c_a,GBT,Gradient Boosted Trees,uncalibrated,4.684,1.1657513333333334,2.17970385042977e-05,6.78651680305767e-07,99.0,9.908617060323098e-05
AC,c_a,GBT,Gradient Boosted Trees,uncalibrated,4.685,1.1659,2.181081963441564e-05,7.23023211576003e-07,99.0,0.00010043727280913993
AC,c_a,GBT,Gradient Boosted Trees,uncalibrated,4.686,1.1660486666666665,2.182606166750278e-05,7.709375891783893e-07,99.0,0.00010182745313344373
AC,c_a,GBT,Gradient Boosted Trees,uncalibrated,4.687,1.1661973333333333,2.184293924701271e-05,8.227378269310534e-07,99.0,0.00010325863099662726
AC,c_a,GBT,Gradient Boosted Trees,uncalibrated,4.688,1.1663459999999999,2.186165094647326e-05,8.78806877947281e-07,99.0,0.00010473286580649548
AC,c_a,GBT,Gradient Boosted Trees,uncalibrated,4.689,1.1664946666666667,2.1882423049595336e-05,9.395732096919807e-07,99.0,0.00010625237013902548
AC,c_a,GBT,Gradient Boosted Trees,uncalibrated,4.69,1.1666433333333333,2.1905514017410868e-05,1.005517300855256e-06,99.0,0.00010781952440591674
AC,c_a,GBT,Gradient Boosted Trees,uncalibrated,4.691,1.1667919999999998,2.1931219784394454e-05,1.0771792358306242e-06,99.0,0.00010943689320315829
AC,c_a,GBT,Gradient Boosted Trees,uncalibrated,4.692,1.1669406666666666,2.1959880058347538e-05,1.155167609994167e-06,99.0,0.00011110724356349707
AC,c_a,GBT,Gradient Boosted Trees,uncalibrated,4.693,1.1670893333333332,2.1991885839819473e-05,1.2401700050232463e-06,99.0,0.00011283356536946829
AC,c_a,GBT,Gradient Boosted Trees,uncalibrated,4.694,1.1672379999999998,2.2027688428435275e-05,1.3329653502577738e-06,99.0,0.00011461909422284111
AC,c_a,GBT,Gradient Boosted Trees,uncalibrated,4.695,1.1673866666666666,2.2067810248511386e-05,1.434438556219337e-06,99.0,0.00011646733711224581
AC,c_a,GBT,Gradient Boosted Trees,uncalibrated,4.696,1.1675353333333331,2.2112857908505627e-05,1.545597893161036e-06,99.0,0.00011838210127475814
AC,c_a,GBT,Gradient Boosted Trees,uncalibrated,4.697,1.167684,2.2163538013085815e-05,1.6675956950239804e-06,99.0,0.0001203675267107825
AC,c_a,GBT,Gradient Boosted Trees,uncalibrated,4.698,1.1678326666666665,2.222067637910398e-05,1.8017531025622609e-06,99.0,0.00012242812288621702
AC,c_a,GBT,Gradient Boosted Trees,uncalibrated,4.699,1.167981333333333,2.228524147582335e-05,1.9495897251066303e-06,99.0,0.00012456881024467596
AC,c_a,GBT,Gradient Boosted Trees,uncalibrated,4.7,1.16813,2.2358373125875115e-05,2.1128593064441948e-06,99.0,0.00012679496725714488
AC,c_a,GBT,Gradient Boosted Trees,uncalibrated,4.701,1.1682819999999998,2.2443881735997307e-05,2.2979014866131825e-06,99.0,0.0001292172037597969
AC,c_a,GBT,Gradient Boosted Trees,uncalibrated,4.702,1.168434,2.2541540366480016e-05,2.5037214211742837e-06,99.0,0.00013174330426974875
AC,c_a,GBT,Gradient Boosted Trees,uncalibrated,4.703,1.168586,2.2653404483554247e-05,2.7332757106938245e-06,99.0,0.0001343809123327623
AC,c_a,GBT,Gradient Boosted Trees,uncalibrated,4.704,1.1687379999999998,2.278194103343692e-05,2.990038218408958e-06,99.0,0.00013713846399900822
AC,c_a,GBT,Gradient Boosted Trees,uncalibrated,4.705,1.16889,2.2930123611445955e-05,3.278106088757169e-06,99.0,0.0001400252902684325
AC,c_a,GBT,Gradient Boosted Trees,uncalibrated,4.706,1.169042,2.310155228834038e-05,3.6023299266733308e-06,99.0,0.00014305173518405043
AC,c_a,GBT,Gradient Boosted Trees,uncalibrated,4.707,1.1691939999999998,2.330060504566062e-05,3.968473985430339e-06,99.0,0.00014622929232186138
AC,c_a,GBT,Gradient Boosted Trees,uncalibrated,4.708,1.169346,2.355881436954894e-05,4.387932778641089e-06,34.0,0.00014957076297127372
AC,c_a,GBT,Gradient Boosted Trees,uncalibrated,4.709,1.169498,2.3827159702895176e-05,4.867034451208289e-06,34.0,0.00015309043996605769
AC,c_a,GBT,Gradient Boosted Trees,uncalibrated,4.71,1.1696499999999999,2.414206275319088e-05,5.414515135908106e-06,34.0,0.0001568043219416903
AC,c_a,GBT,Gradient Boosted Trees,uncalibrated,4.711,1.169802,2.4513313329729317e-05,6.042563819159314e-06,34.0,0.00016073036379798006
AC,c_a,GBT,Gradient Boosted Trees,uncalibrated,4.712,1.169954,2.4808209733557473e-05,6.770800373831097e-06,100.0,0.00016488877038366989
AC,c_a,GBT,Gradient Boosted Trees,uncalibrated,4.713,1.170106,2.530818513213587e-05,7.619624380092646e-06,100.0,0.00016930234195257585
AC,c_a,GBT,Gradient Boosted Trees,uncalibrated,4.714,1.170258,2.5906353068329644e-05,8.607609900108174e-06,100.0,0.00017399688184572157
AC,c_a,GBT,Gradient Boosted Trees,uncalibrated,4.715,1.17041,2.6625767013456333e-05,9.762412632509957e-06,100.0,0.0001790016792318094
AC,c_a,GBT,Gradient Boosted Trees,uncalibrated,4.716,1.170562,2.7495636458210902e-05,1.1117856898582526e-05,100.0,0.0001843500827162729
AC,c_a,GBT,Gradient Boosted Trees,uncalibrated,4.717,1.170714,2.8559950960853522e-05,1.2715862192886623e-05,97.0,0.00019008018437594962
AC,c_a,GBT,Gradient Boosted Trees,uncalibrated,4.718,1.170866,2.985531424050595e-05,1.4607798521313194e-05,97.0,0.00019623563850860822
AC,c_a,GBT,Gradient Boosted Trees,uncalibrated,4.719,1.1710180000000001,3.144744738704783e-05,1.685544281046976e-05,97.0,0.00020286664538948107
AC,c_a,GBT,Gradient Boosted Trees,uncalibrated,4.72,1.17117,3.341476199643435e-05,1.953552940526437e-05,97.0,0.00021003113797567964
AC,c_a,GBT,Gradient Boosted Trees,uncalibrated,4.721,1.1713200000000001,3.582017348321223e-05,2.2695290943155854e-05,97.0,0.00021765008387230304
AC,c_a,GBT,Gradient Boosted Trees,uncalibrated,4.722,1.1714700000000002,3.881373606430137e-05,2.6478323396796125e-05,97.0,0.00022592779898294828
AC,c_a,GBT,Gradient Boosted Trees,uncalibrated,4.723,1.17162,4.255683775653114e-05,3.1020132567012067e-05,97.0,0.00023495153889872402
AC,c_a,GBT,Gradient Boosted Trees,uncalibrated,4.724,1.1717700000000002,4.725811812463105e-05,3.648612657036804e-05,97.0,0.0002448233606830385
AC,c_a,GBT,Gradient Boosted Trees,uncalibrated,4.725,1.17192,5.31876599808054e-05,4.307774214015116e-05,97.0,0.00025566312937637815
AC,c_a,GBT,Gradient Boosted Trees,uncalibrated,4.726,1.17207,6.069539194966917e-05,5.1039539927804564e-05,97.0,0.0002676122316967537
AC,c_a,GBT,Gradient Boosted Trees,uncalibrated,4.727,1.17222,7.023487615809034e-05,6.066728691266851e-05,97.0,0.00028083818532370717
AC,c_a,GBT,Gradient Boosted Trees,uncalibrated,4.728,1.17237,8.239393468080589e-05,7.231697292505152e-05,97.0,0.0002955403880103421
AC,c_a,GBT,Gradient Boosted Trees,uncalibrated,4.729,1.17252,9.801432573127729e-05,8.642145189378057e-05,78.0,0.00031195732478434533
AC,c_a,GBT,Gradient Boosted Trees,uncalibrated,4.73,1.17267,0.00011791165193102102,0.00010350901762473406,78.0,0.00033037565006073955
AC,c_a,GBT,Gradient Boosted Trees,uncalibrated,4.731,1.172823,0.00014404457323942527,0.00012464262028353542,78.0,0.00035165085371380365
AC,c_a,GBT,Gradient Boosted Trees,uncalibrated,4.732,1.172976,0.000177789666377701,0.0001502518110443503,78.0,0.00037581691595679344
AC,c_a,GBT,Gradient Boosted Trees,uncalibrated,4.733,1.1731289999999999,0.00022058588458449656,0.0001812517052407364,81.0,0.0004034219692603721
AC,c_a,GBT,Gradient Boosted Trees,uncalibrated,4.734,1.173282,0.0002767028128236954,0.00021864231900904242,81.0,0.00043514209726528737
AC,c_a,GBT,Gradient Boosted Trees,uncalibrated,4.735,1.173435,0.000349200013773303,0.0002635490854780335,81.0,0.00047181629102988445
AC,c_a,GBT,Gradient Boosted Trees,uncalibrated,4.736,1.1735879999999999,0.0004427582478672734,0.00031723158779073103,81.0,0.0005144922384397721
AC,c_a,GBT,Gradient Boosted Trees,uncalibrated,4.737,1.173741,0.0005632881837697752,0.0003810535370463176,81.0,0.0005644866627967719
AC,c_a,GBT,Gradient Boosted Trees,uncalibrated,4.738,1.173894,0.0007181966395113896,0.00045645144599566414,81.0,0.0006234653070401647
AC,c_a,GBT,Gradient Boosted Trees,uncalibrated,4.739,1.1740469999999998,0.0009166859408942319,0.0005448875042692688,81.0,0.000693549584002521
AC,c_a,GBT,Gradient Boosted Trees,uncalibrated,4.74,1.1742,0.0011700809680357388,0.0006477851712406372,81.0,0.0007774596018777305
AC,c_a,GBT,Gradient Boosted Trees,uncalibrated,4.741,1.1743549999999998,0.0014971398769221835,0.0007682405300661227,81.0,0.0008801955825334139
AC,c_a,GBT,Gradient Boosted Trees,uncalibrated,4.742,1.17451,0.0019121351271648899,0.000906056671620887,81.0,0.0010054711246032212
AC,c_a,GBT,Gradient Boosted Trees,uncalibrated,4.743,1.174665,0.0024357378665563274,0.0010620304543522796,81.0,0.001159525720367244
AC,c_a,GBT,Gradient Boosted Trees,uncalibrated,4.744,1.17482,0.0030922829438396597,0.0012365021497500084,81.0,0.0013506100757524656
AC,c_a,GBT,Gradient Boosted Trees,uncalibrated,4.745,1.1749749999999999,0.003910031376695904,0.0014292510421693824,81.0,0.0015897070507698914
AC,c_a,GBT,Gradient Boosted Trees,uncalibrated,4.746,1.17513,0.004921347753352399,0.0016394170331478564,81.0,0.0018915291127492647
AC,c_a,GBT,Gradient Boosted Trees,uncalibrated,4.747,1.175285,0.006162773456647469,0.00186546409632899,81.0,0.002275901077935863
AC,c_a,GBT,Gradient Boosted Trees,uncalibrated,4.748,1.17544,0.007674983653501492,0.0021051998514086657,81.0,0.002769678079472041
AC,c_a,GBT,Gradient Boosted Trees,uncalibrated,4.749,1.175595,0.009502624875565805,0.0023558611822029414,81.0,0.003409402713798438
AC,c_a,GBT,Gradient Boosted Trees,uncalibrated,4.75,1.17575,0.01169403917727458,0.0026142688614149588,81.0,0.004244973240747661
AC,c_a,GBT,Gradient Boosted Trees,uncalibrated,4.751,1.175904,0.014281518138506444,0.0028750811577416603,81.0,0.005336710335469649
AC,c_a,GBT,Gradient Boosted Trees,uncalibrated,4.752,1.176058,0.017332100776172452,0.003136918851467794,81.0,0.006780877477035919
AC,c_a,GBT,Gradient Boosted Trees,uncalibrated,4.753,1.176212,0.020901442992804317,0.003396886844702788,81.0,0.008702510750618668
AC,c_a,GBT,Gradient Boosted Trees,uncalibrated,4.754,1.176366,0.025046932611458628,0.0036527128572215934,81.0,0.011271520164585252
AC,c_a,GBT,Gradient Boosted Trees,uncalibrated,4.755,1.17652,0.029827108438161488,0.003902984890274044,81.0,0.014717110165289557
AC,c_a,GBT,Gradient Boosted Trees,uncalibrated,4.756,1.176674,0.035300115635640644,0.004151622135961393,54.0,0.019344967142865765
AC,c_a,GBT,Gradient Boosted Trees,uncalibrated,4.757,1.176828,0.04152525214201974,0.004428179113906459,7.0,0.025556090061358894
AC,c_a,GBT,Gradient Boosted Trees,uncalibrated,4.758,1.176982,0.04855285197561881,0.004715684020571572,7.0,0.033864516244485346
AC,c_a,GBT,Gradient Boosted Trees,uncalibrated,4.759,1.177136,0.05644655743265262,0.00501361486089783,7.0,0.044908830856231124
AC,c_a,GBT,Gradient Boosted Trees,uncalibrated,4.76,1.17729,0.06525958767332045,0.005423781163103709,5.0,0.05944958630405114
AC,c_a,GBT,Gradient Boosted Trees,uncalibrated,4.761,1.177448,0.07531828492895888,0.0058892010850936155,5.0,0.07888890256776035
AC,c_a,GBT,Gradient Boosted Trees,uncalibrated,4.762,1.177606,0.08645715771063474,0.006376404731645415,5.0,0.10386790101355786
AC,c_a,GBT,Gradient Boosted Trees,uncalibrated,4.763,1.177764,0.09872150223956914,0.006883960064867515,5.0,0.13527796217247937
AC,c_a,GBT,Gradient Boosted Trees,uncalibrated,4.764,1.1779220000000001,0.11214954676354294,0.007409512522982917,5.0,0.17379794350683814
AC,c_a,GBT,Gradient Boosted Trees,uncalibrated,4.765,1.17808,0.12677125230972658,0.00794972805525141,5.0,0.21974829295341783
AC,c_a,GBT,Gradient Boosted Trees,uncalibrated,4.766,1.1782380000000001,0.14260711961898967,0.008500286290427553,5.0,0.2729815810547358
AC,c_a,GBT,Gradient Boosted Trees,uncalibrated,4.767,1.1783960000000002,0.15966704071854454,0.009055919674734344,5.0,0.3328440378130527
AC,c_a,GBT,Gradient Boosted Trees,uncalibrated,4.768,1.178554,0.17794923958418377,0.009610493505686374,5.0,0.3982182733217403
AC,c_a,GBT,Gradient Boosted Trees,uncalibrated,4.769,1.1787120000000002,0.19743934990326667,0.010157121979340142,5.0,0.4676268106118885
AC,c_a,GBT,Gradient Boosted Trees,uncalibrated,4.77,1.17887,0.21810967866265418,0.010688315864339173,5.0,0.5393577605446005
AC,c_a,GBT,Gradient Boosted Trees,uncalibrated,4.771,1.1790250000000002,0.23946157432702345,0.011185710075955113,5.0,0.6102214962437416
AC,c_a,GBT,Gradient Boosted Trees,uncalibrated,4.772,1.1791800000000001,0.26185385843875286,0.011653023820279421,5.0,0.6797843120989653
AC,c_a,GBT,Gradient Boosted Trees,uncalibrated,4.773,1.179335,0.2852215627748232,0.012082583615704972,5.0,0.746288815471181
AC,c_a,GBT,Gradient Boosted Trees,uncalibrated,4.774,1.1794900000000001,0.30948718969298766,0.012466906640415026,5.0,0.8080263069354313
AC,c_a,GBT,Gradient Boosted Trees,uncalibrated,4.775,1.179645,0.3345613625005736,0.012798911531067023,5.0,0.8633744085968219
AC,c_a,GBT,Gradient Boosted Trees,uncalibrated,4.776,1.1798,0.3603437701625686,0.013072126967585203,5.0,0.9108435741118219
AC,c_a,GBT,Gradient Boosted Trees,uncalibrated,4.777,1.179955,0.3867243907441592,0.013280890655317804,5.0,0.9491333338489312
AC,c_a,GBT,Gradient Boosted Trees,uncalibrated,4.778,1.18011,0.4135849662990437,0.01342053117392582,5.0,0.977193173796852
AC,c_a,GBT,Gradient Boosted Trees,uncalibrated,4.779,1.180265,0.440800691339924,0.013487525441170208,5.0,0.9942795528829523
AC,c_a,GBT,Gradient Boosted Trees,uncalibrated,4.78,1.18042,0.46824206818905456,0.01347962524157397,5.0,1.0
AC,c_a,GBT,Gradient Boosted Trees,uncalibrated,4.781,1.1805759999999998,0.49596864348338204,0.013395225405605289,5.0,0.9942645896402904
AC,c_a,GBT,Gradient Boosted Trees,uncalibrated,4.782,1.180732,0.5236542302825076,0.01323452869978438,5.0,0.9773653329498592
AC,c_a,GBT,Gradient Boosted Trees,uncalibrated,4.783,1.1808880000000002,0.551164485297545,0.012999538757322305,5.0,0.9500273345790389
AC,c_a,GBT,Gradient Boosted Trees,uncalibrated,4.784,1.181044,0.5783684734557595,0.012693681145757765,5.0,0.913288606465064
AC,c_a,GBT,Gradient Boosted Trees,uncalibrated,4.785,1.1812,0.6051405823401641,0.012321720432797377,5.0,0.8684379071846742
AC,c_a,GBT,Gradient Boosted Trees,uncalibrated,4.786,1.1813559999999999,0.6313622699731708,0.011889635729819244,5.0,0.81694380785707
AC,c_a,GBT,Gradient Boosted Trees,uncalibrated,4.787,1.181512,0.6569433752380797,0.011534691017723047,39.0,0.7603813072040916
AC,c_a,GBT,Gradient Boosted Trees,uncalibrated,4.788,1.1816680000000002,0.6817554615659497,0.011261328331923507,39.0,0.7003609171659473
AC,c_a,GBT,Gradient Boosted Trees,uncalibrated,4.789,1.181824,0.7057199688716503,0.010945311004008544,39.0,0.638463433960793
AC,c_a,GBT,Gradient Boosted Trees,uncalibrated,4.79,1.18198,0.7287592392709901,0.01059165041887699,39.0,0.5761821615644567
AC,c_a,GBT,Gradient Boosted Trees,uncalibrated,4.791,1.1821380000000001,0.7511051448088957,0.01019998988644459,39.0,0.5141088739386348
AC,c_a,GBT,Gradient Boosted Trees,uncalibrated,4.792,1.182296,0.7723774555883991,0.009780852436700373,39.0,0.4542578398792472
AC,c_a,GBT,Gradient Boosted Trees,uncalibrated,4.793,1.1824540000000001,0.792534124955579,0.009340039555536282,39.0,0.3976342133286411
AC,c_a,GBT,Gradient Boosted Trees,uncalibrated,4.794,1.182612,0.8115460104649971,0.008883278045913927,39.0,0.3450053447362541
AC,c_a,GBT,Gradient Boosted Trees,uncalibrated,4.795,1.18277,0.8293964141664548,0.008416097026794562,39.0,0.2968951445077047
AC,c_a,GBT,Gradient Boosted Trees,uncalibrated,4.796,1.1829280000000002,0.8460804333527098,0.00794371812191095,39.0,0.25359268819238007
AC,c_a,GBT,Gradient Boosted Trees,uncalibrated,4.797,1.183086,0.8616041533630956,0.007470962438002291,39.0,0.21517405422101685
AC,c_a,GBT,Gradient Boosted Trees,uncalibrated,4.798,1.1832440000000002,0.8759837144689974,0.007002177350295745,39.0,0.1815347472846845
AC,c_a,GBT,Gradient Boosted Trees,uncalibrated,4.799,1.183402,0.8892589966011399,0.006543077398811595,84.0,0.15242877440780478
AC,c_a,GBT,Gradient Boosted Trees,uncalibrated,4.8,1.18356,0.9014797939131656,0.006146824344537105,95.0,0.12750990607931745
AC,c_a,GBT,Gradient Boosted Trees,uncalibrated,4.801,1.183718,0.9126058762382586,0.00576042628493882,95.0,0.10637097994639055
AC,c_a,GBT,Gradient Boosted Trees,uncalibrated,4.802,1.183876,0.9227321766602635,0.005380983584239837,95.0,0.08857810488917006
AC,c_a,GBT,Gradient Boosted Trees,uncalibrated,4.803,1.184034,0.9319086562318146,0.005010407773142041,95.0,0.07369794618020596
AC,c_a,GBT,Gradient Boosted Trees,uncalibrated,4.804,1.1841920000000001,0.9401887291943788,0.0046503705666809765,95.0,0.061317559495885604
AC,c_a,GBT,Gradient Boosted Trees,uncalibrated,4.805,1.18435,0.9476282247358958,0.004302317788802312,95.0,0.0510572449757476
AC,c_a,GBT,Gradient Boosted Trees,uncalibrated,4.806,1.1845080000000001,0.9542844127039484,0.003967482847283078,95.0,0.042577512612676796
AC,c_a,GBT,Gradient Boosted Trees,uncalibrated,4.807,1.1846660000000002,0.9602151056617335,0.003646898606889953,95.0,0.03558150923239183
AC,c_a,GBT,Gradient Boosted Trees,uncalibrated,4.808,1.184824,0.9654778471300984,0.0033414070600999175,95.0,0.029814245500270068
AC,c_a,GBT,Gradient Boosted Trees,uncalibrated,4.809,1.1849820000000002,0.9701291933103616,0.00305166676347359,95.0,0.02505978653191219
AC,c_a,GBT,Gradient Boosted Trees,uncalibrated,4.81,1.18514,0.9742240930305595,0.0027781585081673586,95.0,0.021137324526073673
AC,c_a,GBT,Gradient Boosted Trees,uncalibrated,4.811,1.1853010000000002,0.9778830102019346,0.0025161090547574914,95.0,0.01784477152235389
AC,c_a,GBT,Gradient Boosted Trees,uncalibrated,4.812,1.1854620000000002,0.9810646651182731,0.002271575181691368,84.0,0.015128833629589935
AC,c_a,GBT,Gradient Boosted Trees,uncalibrated,4.813,1.185623,0.9838331739276094,0.002046542323039241,84.0,0.012882952875288303
AC,c_a,GBT,Gradient Boosted Trees,uncalibrated,4.814,1.1857840000000002,0.9862277773744266,0.0018382050375912813,84.0,0.011020415180630405
AC,c_a,GBT,Gradient Boosted Trees,uncalibrated,4.815,1.185945,0.988291878771036,0.0016462238166664652,84.0,0.009470831475644235
AC,c_a,GBT,Gradient Boosted Trees,uncalibrated,4.816,1.1861059999999999,0.9900652913366011,0.0014701385078132727,84.0,0.008177146393509768
AC,c_a,GBT,Gradient Boosted Trees,uncalibrated,4.817,1.186267,0.9915842499839499,0.0013093775727089153,84.0,0.007093137529795764
AC,c_a,GBT,Gradient Boosted Trees,uncalibrated,4.818,1.1864279999999998,0.9928814880178414,0.001163271187965995,84.0,0.006181350795700424
AC,c_a,GBT,Gradient Boosted Trees,uncalibrated,4.819,1.186589,0.9939863668471566,0.0010310674012012286,84.0,0.005411411706962208
AC,c_a,GBT,Gradient Boosted Trees,uncalibrated,4.82,1.18675,0.9949250470035489,0.0009119503050254692,84.0,0.0047586537201537325
AC,c_a,GBT,Gradient Boosted Trees,uncalibrated,4.821,1.1869159999999999,0.9957444841112365,0.000801795451789216,84.0,0.00418892283966249
AC,c_a,GBT,Gradient Boosted Trees,uncalibrated,4.822,1.187082,0.9964337316241055,0.0007037129536706703,84.0,0.003704183047656208
AC,c_a,GBT,Gradient Boosted Trees,uncalibrated,4.823,1.187248,0.9970123224751205,0.0006167116990032638,84.0,0.003289984210921761
AC,c_a,GBT,Gradient Boosted Trees,uncalibrated,4.824,1.187414,0.997497173420985,0.0005398120285806333,84.0,0.0029345555428652377
AC,c_a,GBT,Gradient Boosted Trees,uncalibrated,4.825,1.1875799999999999,0.9979028588291815,0.0004720615857426684,84.0,0.0026282792544390127
AC,c_a,GBT,Gradient Boosted Trees,uncalibrated,4.826,1.187746,0.9982418740556447,0.00041254812076452007,84.0,0.0023632712888706263
AC,c_a,GBT,Gradient Boosted Trees,uncalibrated,4.827,1.1879119999999999,0.9985248839401905,0.000360409214314976,84.0,0.0021330470785052304
AC,c_a,GBT,Gradient Boosted Trees,uncalibrated,4.828,1.188078,0.9987609534024985,0.000314839070947892,84.0,0.0019322547342813965
AC,c_a,GBT,Gradient Boosted Trees,uncalibrated,4.829,1.1882439999999999,0.9989577583697785,0.00027509266437262945,84.0,0.001756461701836695
AC,c_a,GBT,Gradient Boosted Trees,uncalibrated,4.83,1.18841,0.9991217762928787,0.00024048759522006942,84.0,0.0016019838257777944
AC,c_a,GBT,Gradient Boosted Trees,uncalibrated,4.831,1.188561,0.9992466756619937,0.00021297675166729178,84.0,0.0014754868494637988
AC,c_a,GBT,Gradient Boosted Trees,uncalibrated,4.832,1.188712,0.9993525811126039,0.00018876692343431351,84.0,0.001362413071908542
AC,c_a,GBT,Gradient Boosted Trees,uncalibrated,4.833,1.188863,0.9994424008412215,0.00016748141296212248,84.0,0.0012610582001769369
AC,c_a,GBT,Gradient Boosted Trees,uncalibrated,4.834,1.189014,0.9995186069724293,0.0001487804162037444,84.0,0.0011699640632794014
AC,c_a,GBT,Gradient Boosted Trees,uncalibrated,4.835,1.189165,0.9995832975268921,0.0001323588135115024,84.0,0.0010878795021856305
AC,c_a,GBT,Gradient Boosted Trees,uncalibrated,4.836,1.189316,0.9996382505036269,0.00011794375331816542,84.0,0.0010137279429927517
AC,c_a,GBT,Gradient Boosted Trees,uncalibrated,4.837,1.189467,0.9996849708511523,0.00010529213319775694,84.0,0.0009465804458299023
AC,c_a,GBT,Gradient Boosted Trees,uncalibrated,4.838,1.189618,0.9997247310843445,9.418806201173779e-05,84.0,0.0008856332495530996
AC,c_a,GBT,Gradient Boosted Trees,uncalibrated,4.839,1.189769,0.9997576756547825,8.619467103942338e-05,6.0,0.0008301890156313688
AC,c_a,GBT,Gradient Boosted Trees,uncalibrated,4.84,1.18992,0.9997875467401605,7.96517075714731e-05,6.0,0.000779641122541762
AC,c_a,GBT,Gradient Boosted Trees,uncalibrated,4.841,1.1900860000000002,0.9998154508734515,7.314630567181382e-05,6.0,0.0007301382361791967
AC,c_a,GBT,Gradient Boosted Trees,uncalibrated,4.842,1.190252,0.9998389560367599,6.734959361643289e-05,6.0,0.0006851632898837707
AC,c_a,GBT,Gradient Boosted Trees,uncalibrated,4.843,1.1904180000000002,0.9998587942885494,6.217670265447095e-05,6.0,0.0006442058942732731
AC,c_a,GBT,Gradient Boosted Trees,uncalibrated,4.844,1.190584,0.9998755728717554,5.755299442817882e-05,6.0,0.000606822894946506
AC,c_a,GBT,Gradient Boosted Trees,uncalibrated,4.845,1.19075,0.9998897955433844,5.341284759261376e-05,6.0,0.0005726283883030326
AC,c_a,GBT,Gradient Boosted Trees,uncalibrated,4.846,1.190916,0.9999018803236248,4.969859486016362e-05,6.0,0.0005412853659869972
AC,c_a,GBT,Gradient Boosted Trees,uncalibrated,4.847,1.1910820000000002,0.9999121742397116,4.63595868591222e-05,6.0,0.0005124987015359216
AC,c_a,GBT,Gradient Boosted Trees,uncalibrated,4.848,1.191248,0.9999209655552387,4.3351364381110705e-05,6.0,0.0004860092463781918
AC,c_a,GBT,Gradient Boosted Trees,uncalibrated,4.849,1.1914140000000002,0.9999284939012002,4.063492449550136e-05,6.0,0.000461588845347081
AC,c_a,GBT,Gradient Boosted Trees,uncalibrated,4.85,1.19158,0.9999349586603088,3.817606894555554e-05,6.0,0.0004390361165269895
AC,c_a,GBT,Gradient Boosted Trees,uncalibrated,4.851,1.1917380000000002,0.9999402738971214,3.60683720578372e-05,6.0,0.0004188813254557926
AC,c_a,GBT,Gradient Boosted Trees,uncalibrated,4.852,1.191896,0.9999448970136656,3.414289993930099e-05,6.0,0.00040014840462568405
AC,c_a,GBT,Gradient Boosted Trees,uncalibrated,4.853,1.192054,0.9999489287593896,3.237978386554913e-05,6.0,0.0003827122255650064
AC,c_a,GBT,Gradient Boosted Trees,uncalibrated,4.854,1.192212,0.9999524541398052,3.0761497320250505e-05,6.0,0.0003664607176601926
AC,c_a,GBT,Gradient Boosted Trees,uncalibrated,4.855,1.1923700000000002,0.9999555449733863,2.9272578395705446e-05,6.0,0.0003512933059632569
AC,c_a,GBT,Gradient Boosted Trees,uncalibrated,4.856,1.192528,0.9999582620248918,2.7899383403701415e-05,6.0,0.0003371195578184714
AC,c_a,GBT,Gradient Boosted Trees,uncalibrated,4.857,1.1926860000000001,0.9999606567856808,2.6629868578827035e-05,6.0,0.00032385800773785365
AC,c_a,GBT,Gradient Boosted Trees,uncalibrated,4.858,1.192844,0.999962772959904,2.5453397037195884e-05,6.0,0.000311435134781197
AC,c_a,GBT,Gradient Boosted Trees,uncalibrated,4.859,1.193002,0.9999646477057088,2.4360568360359716e-05,6.0,0.0002997844707101793
AC,c_a,GBT,Gradient Boosted Trees,uncalibrated,4.86,1.19316,0.9999663126724582,2.3343068424626506e-05,6.0,0.0002888458205335551
AC,c_a,GBT,Gradient Boosted Trees,uncalibrated,4.861,1.1933159999999998,0.9999677773048266,2.240945822826953e-05,6.0,0.0002786489903215892
AC,c_a,GBT,Gradient Boosted Trees,uncalibrated,4.862,1.1934719999999999,0.9999690861185401,2.1535654035380924e-05,6.0,0.00026904882613347416
AC,c_a,GBT,Gradient Boosted Trees,uncalibrated,4.863,1.1936280000000001,0.9999702582078893,2.07160833109095e-05,6.0,0.00026000147859439203
AC,c_a,GBT,Gradient Boosted Trees,uncalibrated,4.864,1.193784,0.9999713099971078,1.9945788783214065e-05,6.0,0.00025146694106232317
AC,c_a,GBT,Gradient Boosted Trees,uncalibrated,4.865,1.19394,0.9999722556433298,1.9220355019205107e-05,6.0,0.00024340866049695894
AC,c_a,GBT,Gradient Boosted Trees,uncalibrated,4.866,1.1940959999999998,0.9999731073759156,1.8535844032501965e-05,6.0,0.00023579319279142574
AC,c_a,GBT,Gradient Boosted Trees,uncalibrated,4.867,1.1942519999999999,0.9999738757824833,1.7888738826019423e-05,6.0,0.00022858989694238185
AC,c_a,GBT,Gradient Boosted Trees,uncalibrated,4.868,1.1944080000000001,0.9999745700503134,1.7275893910135424e-05,6.0,0.00022177066321006948
AC,c_a,GBT,Gradient Boosted Trees,uncalibrated,4.869,1.194564,0.9999751981703302,1.6694491935688965e-05,6.0,0.00021530967107963206
AC,c_a,GBT,Gradient Boosted Trees,uncalibrated,4.87,1.19472,0.9999757671096655,1.6142005680645294e-05,6.0,0.00020918317339870863
AC,c_a,GBT,Gradient Boosted Trees,uncalibrated,4.871,1.194878,0.9999762886177267,1.5605990435784877e-05,6.0,0.00020332507892461234
AC,c_a,GBT,Gradient Boosted Trees,uncalibrated,4.872,1.195036,0.9999767611189918,1.5095325563984538e-05,6.0,0.0001977646699180801
AC,c_a,GBT,Gradient Boosted Trees,uncalibrated,4.873,1.195194,0.9999771894770145,1.4608099121316704e-05,6.0,0.00019248280814583956
AC,c_a,GBT,Gradient Boosted Trees,uncalibrated,4.874,1.195352,0.9999775779700611,1.4142587637366757e-05,6.0,0.0001874618263489724
AC,c_a,GBT,Gradient Boosted Trees,uncalibrated,4.875,1.19551,0.9999779303719704,1.3697235036265787e-05,6.0,0.00018268539711658737
AC,c_a,GBT,Gradient Boosted Trees,uncalibrated,4.876,1.195668,0.9999782500209854,1.3270634128467721e-05,6.0,0.00017813841501524027
AC,c_a,GBT,Gradient Boosted Trees,uncalibrated,4.877,1.1958259999999998,0.999978539878416,1.2861510337963652e-05,6.0,0.00017380689048107604
AC,c_a,GBT,Gradient Boosted Trees,uncalibrated,4.878,1.195984,0.9999788025787345,1.2468707381769537e-05,6.0,0.00016967785416654934
AC,c_a,GBT,Gradient Boosted Trees,uncalibrated,4.879,1.1961419999999998,0.9999790404723999,1.2091174646303492e-05,6.0,0.0001657392705932273
AC,c_a,GBT,Gradient Boosted Trees,uncalibrated,4.88,1.1963,0.9999792556625307,1.1727956052461441e-05,6.0,0.0001619799601007954
AC,c_a,GBT,Gradient Boosted Trees,uncalibrated,4.881,1.196467,0.9999794562296062,1.1345604291417048e-05,6.0,0.00015827798098537742
AC,c_a,GBT,Gradient Boosted Trees,uncalibrated,4.882,1.196634,0.9999796353416278,1.0977926234816064e-05,6.0,0.00015474688988033946
AC,c_a,GBT,Gradient Boosted Trees,uncalibrated,4.883,1.196801,0.999979794823893,1.0624057649730586e-05,6.0,0.00015137656886594547
AC,c_a,GBT,Gradient Boosted Trees,uncalibrated,4.884,1.196968,0.9999799363218715,1.0283210137781265e-05,6.0,0.0001481576167274749
AC,c_a,GBT,Gradient Boosted Trees,uncalibrated,4.885,1.1971349999999998,0.9999800613233519,9.954663162328738e-06,6.0,0.00014508128990073474
AC,c_a,GBT,Gradient Boosted Trees,uncalibrated,4.886,1.1973019999999999,0.9999801711774439,9.637757013029239e-06,6.0,0.00014213944895630443
AC,c_a,GBT,Gradient Boosted Trees,uncalibrated,4.887,1.197469,0.9999802671109059,9.331886570168624e-06,6.0,0.00013932451004151905
AC,c_a,GBT,Gradient Boosted Trees,uncalibrated,4.888,1.197636,0.9999803502422188,9.036495776776672e-06,6.0,0.00013662940076629096
AC,c_a,GBT,Gradient Boosted Trees,uncalibrated,4.889,1.197803,0.9999804215937239,8.751072725262339e-06,6.0,0.00013404752007777068
AC,c_a,GBT,Gradient Boosted Trees,uncalibrated,4.89,1.19797,0.9999804821021344,8.475145290037201e-06,6.0,0.0001315727017201525
AC,c_a,GBT,Gradient Boosted Trees,uncalibrated,4.891,1.198137,0.9999805326276406,8.208277233633514e-06,6.0,0.00012919918092107915
AC,c_a,GBT,Gradient Boosted Trees,uncalibrated,4.892,1.198304,0.9999805739618352,7.950064729302178e-06,6.0,0.00012692156398567828
AC,c_a,GBT,Gradient Boosted Trees,uncalibrated,4.893,1.1984709999999998,0.9999806068346062,7.700133257990907e-06,6.0,0.00012473480051406748
AC,c_a,GBT,Gradient Boosted Trees,uncalibrated,4.894,1.198638,0.9999806319201711,7.458134829786264e-06,6.0,0.0001226341579888442
AC,c_a,GBT,Gradient Boosted Trees,uncalibrated,4.895,1.198805,0.99998064984235,7.223745489513397e-06,6.0,0.00012061519850617588
AC,c_a,GBT,Gradient Boosted Trees,uncalibrated,4.896,1.198972,0.9999806611792043,6.996663087027445e-06,6.0,0.0001186737574478816
AC,c_a,GBT,Gradient Boosted Trees,uncalibrated,4.897,1.199139,0.9999806664671196,6.776605271169779e-06,6.0,0.00011680592391322649
AC,c_a,GBT,Gradient Boosted Trees,uncalibrated,4.898,1.199306,0.9999806662044103,6.563307683075027e-06,6.0,0.00011500802274769143
AC,c_a,GBT,Gradient Boosted Trees,uncalibrated,4.899,1.199473,0.9999806608545162,6.356522338052581e-06,6.0,0.00011327659802273293
AC,c_a,GBT,Gradient Boosted Trees,uncalibrated,4.9,1.19964,0.9999806508488357,6.1560161589397995e-06,6.0,0.00011160839783525014
AC,c_a,GBT,Gradient Boosted Trees,uncalibrated,4.901,1.199805,0.9999806377412864,5.965495714845062e-06,6.0,0.00011001039108949201
AC,c_a,GBT,Gradient Boosted Trees,uncalibrated,4.902,1.19997,0.9999806208218951,5.780601110398518e-06,6.0,0.00010846891811833095
AC,c_a,GBT,Gradient Boosted Trees,uncalibrated,4.903,1.200135,0.9999806004259125,5.601146058349387e-06,6.0,0.00010698132195349244
AC,c_a,GBT,Gradient Boosted Trees,uncalibrated,4.904,1.2003,0.9999805768665139,5.4269541615695805e-06,6.0,0.00010554509487822688
AC,c_a,GBT,Gradient Boosted Trees,uncalibrated,4.905,1.2004650000000001,0.9999805504363559,5.257858088698947e-06,6.0,0.00010415786868809131
AC,c_a,GBT,Gradient Boosted Trees,uncalibrated,4.906,1.2006299999999999,0.9999805214089709,5.093698817676446e-06,6.0,0.00010281740567616086
AC,c_a,GBT,Gradient Boosted Trees,uncalibrated,4.907,1.200795,0.9999804900400439,4.934324962018937e-06,6.0,0.00010152159028225475
AC,c_a,GBT,Gradient Boosted Trees,uncalibrated,4.908,1.20096,0.9999804565685816,4.779592150175397e-06,6.0,0.00010026842135139415
AC,c_a,GBT,Gradient Boosted Trees,uncalibrated,4.909,1.201125,0.9999804212179685,4.62936247575181e-06,6.0,9.905600495161119e-05
AC,c_a,GBT,Gradient Boosted Trees,uncalibrated,4.91,1.20129,0.9999803841969546,4.483503992404746e-06,6.0,9.788254770583787e-05
AC,c_a,GBT,Gradient Boosted Trees,uncalibrated,4.911,1.201455,0.9999803457005462,4.3418902517126065e-06,6.0,9.674635059659704e-05
AC,c_a,GBT,Gradient Boosted Trees,uncalibrated,4.912,1.20162,0.9999803059108426,4.204399896559856e-06,6.0,9.564580320590387e-05
AC,c_a,GBT,Gradient Boosted Trees,uncalibrated,4.913,1.201785,0.9999802649978075,4.07091628302657e-06,6.0,9.457937835609159e-05
AC,c_a,GBT,Gradient Boosted Trees,uncalibrated,4.914,1.20195,0.9999802231199794,3.941327141408408e-06,6.0,9.354562712025999e-05
AC,c_a,GBT,Gradient Boosted Trees,uncalibrated,4.915,1.202115,0.9999801804251421,3.815524269806777e-06,6.0,9.254317417374213e-05
AC,c_a,GBT,Gradient Boosted Trees,uncalibrated,4.916,1.20228,0.999980137050941,3.693403253915079e-06,6.0,9.157071346045579e-05
AC,c_a,GBT,Gradient Boosted Trees,uncalibrated,4.917,1.202445,0.9999800931254731,3.5748632212995652e-06,6.0,9.062700415018994e-05
AC,c_a,GBT,Gradient Boosted Trees,uncalibrated,4.918,1.2026100000000002,0.9999800487678209,3.4598066009161166e-06,6.0,8.971086686491621e-05
AC,c_a,GBT,Gradient Boosted Trees,uncalibrated,4.919,1.202775,0.999980004088572,3.3481389277726826e-06,6.0,8.882118015403962e-05
AC,c_a,GBT,Gradient Boosted Trees,uncalibrated,4.92,1.2029400000000001,0.9999799591902976,3.2397686472444107e-06,6.0,8.79568772001331e-05
AC,c_a,GBT,Gradient Boosted Trees,uncalibrated,4.921,1.203105,0.9999799141680038,3.1346069534802145e-06,6.0,8.711694273827285e-05
AC,c_a,GBT,Gradient Boosted Trees,uncalibrated,4.922,1.20327,0.999979869109568,3.032567627439156e-06,6.0,8.630041017338768e-05
AC,c_a,GBT,Gradient Boosted Trees,uncalibrated,4.923,1.203435,0.9999798240961325,2.9335669012893497e-06,6.0,8.550635888135777e-05
AC,c_a,GBT,Gradient Boosted Trees,uncalibrated,4.924,1.2036000000000002,0.9999797792024931,2.8375233313081904e-06,6.0,8.473391168069699e-05
AC,c_a,GBT,Gradient Boosted Trees,uncalibrated,4.925,1.203765,0.9999797344974583,2.7443576838698595e-06,6.0,8.398223246271867e-05
AC,c_a,GBT,Gradient Boosted Trees,uncalibrated,4.926,1.2039300000000002,0.9999796900441937,2.6539928287391258e-06,6.0,8.325052396900877e-05
AC,c_a,GBT,Gradient Boosted Trees,uncalibrated,4.927,1.204095,0.9999796459005493,2.5663536484558165e-06,6.0,8.253802570595177e-05
AC,c_a,GBT,Gradient Boosted Trees,uncalibrated,4.928,1.20426,0.9999796021193615,2.4813669457642633e-06,6.0,8.184401198677625e-05
AC,c_a,GBT,Gradient Boosted Trees,uncalibrated,4.929,1.204425,0.9999795587487571,2.398961374573213e-06,6.0,8.11677900923973e-05
AC,c_a,GBT,Gradient Boosted Trees,uncalibrated,4.93,1.20459,0.9999795158324161,2.319067360253033e-06,6.0,8.050869854292314e-05
AC,c_a,KNN,kNN,uncalibrated,4.67,1.16367,3.879827360931774e-08,4.141613636761006e-07,11.0,0.00015612249628499996
AC,c_a,KNN,kNN,uncalibrated,4.671,1.1638186666666668,5.082817579784112e-08,4.6699100905941966e-07,11.0,0.00015929363496111707
AC,c_a,KNN,kNN,uncalibrated,4.672,1.1639673333333334,6.546275401286224e-08,5.26483303879331e-07,11.0,0.0001625882694513525
AC,c_a,KNN,kNN,uncalibrated,4.673,1.164116,8.319608730919175e-08,5.934693219753101e-07,11.0,0.00016601333174825927
AC,c_a,KNN,kNN,uncalibrated,4.674,1.1642646666666667,1.0461017184769376e-07,6.688829036790858e-07,11.0,0.0001695762591739924
AC,c_a,KNN,kNN,uncalibrated,4.675,1.1644133333333333,1.303901320840758e-07,7.537733253135373e-07,11.0,0.00017328503934745554
AC,c_a,KNN,kNN,uncalibrated,4.676,1.164562,1.6134206391323964e-07,8.493195429529095e-07,11.0,0.00017714825985582562
AC,c_a,KNN,kNN,uncalibrated,4.677,1.1647106666666667,1.984139778195272e-07,9.568462108917222e-07,11.0,0.00018117516319531463
AC,c_a,KNN,kNN,uncalibrated,4.678,1.1648593333333332,2.427203978150223e-07,1.0778417019282427e-06,11.0,0.0001853757076226751
AC,c_a,KNN,kNN,uncalibrated,4.679,1.165008,2.95571277279263e-07,1.2139783869577453e-06,11.0,0.00018976063464679706
AC,c_a,KNN,kNN,uncalibrated,4.68,1.1651566666666666,3.585060195288598e-07,1.3671354660697895e-06,11.0,0.0001943415439913573
AC,c_a,KNN,kNN,uncalibrated,4.681,1.1653053333333332,4.3333354366882184e-07,1.5394246829765015e-06,11.0,0.0001991309769765301
AC,c_a,KNN,kNN,uncalibrated,4.682,1.165454,5.221795206833475e-07,1.7332192998982731e-06,11.0,0.00020414250940319322
AC,c_a,KNN,kNN,uncalibrated,4.683,1.1656026666666666,6.2754212778613e-07,1.951186761866125e-06,11.0,0.00020939085518012889
AC,c_a,KNN,kNN,uncalibrated,4.684,1.1657513333333334,7.523579393188052e-07,2.196325538734305e-06,11.0,0.00021489198211682709
AC,c_a,KNN,kNN,uncalibrated,4.685,1.1659,9.000799004620031e-07,2.4720067011523413e-06,11.0,0.00022066324151627314
AC,c_a,KNN,kNN,uncalibrated,4.686,1.1660486666666665,1.0747697286320904e-06,2.7820208646710916e-06,11.0,0.00022672351344916856
AC,c_a,KNN,kNN,uncalibrated,4.687,1.1661973333333333,1.2812075724994763e-06,3.130631225493297e-06,11.0,0.00023309336987886378
AC,c_a,KNN,kNN,uncalibrated,4.688,1.1663459999999999,1.5250223495737084e-06,3.5226335139256663e-06,11.0,0.0002397952581435596
AC,c_a,KNN,kNN,uncalibrated,4.689,1.1664946666666667,1.8128469041258697e-06,3.9634238093065526e-06,11.0,0.00024685370769721913
AC,c_a,KNN,kNN,uncalibrated,4.69,1.1666433333333333,2.1525030071336336e-06,4.4590752953445e-06,11.0,0.00025429556347433824
AC,c_a,KNN,kNN,uncalibrated,4.691,1.1667919999999998,2.553222294865323e-06,5.016425190104433e-06,11.0,0.0002621502497899229
AC,c_a,KNN,kNN,uncalibrated,4.692,1.1669406666666666,3.025910556491555e-06,5.643173263183579e-06,11.0,0.00027045006932943454
AC,c_a,KNN,kNN,uncalibrated,4.693,1.1670893333333332,3.583464387424777e-06,6.3479935574089546e-06,11.0,0.0002792305425443914
AC,c_a,KNN,kNN,uncalibrated,4.694,1.1672379999999998,4.241151189292768e-06,7.140661167354151e-06,11.0,0.00028853079367061307
AC,c_a,KNN,kNN,uncalibrated,4.695,1.1673866666666666,5.017065899097841e-06,8.032196196226575e-06,11.0,0.00029839399065541663
AC,c_a,KNN,kNN,uncalibrated,4.696,1.1675353333333331,5.9326807658359304e-06,9.035027320747822e-06,11.0,0.00030886784755316475
AC,c_a,KNN,kNN,uncalibrated,4.697,1.167684,7.013508079483139e-06,1.01631777451138e-05,11.0,0.00032000519946616683
AC,c_a,KNN,kNN,uncalibrated,4.698,1.1678326666666665,8.289900135717414e-06,1.1432476724511716e-05,11.0,0.00033186466192190744
AC,c_a,KNN,kNN,uncalibrated,4.699,1.167981333333333,9.79801605958058e-06,1.2860800290362355e-05,11.0,0.00034451138875181804
AC,c_a,KNN,kNN,uncalibrated,4.7,1.16813,1.1580991614837749e-05,1.4468345316305638e-05,11.0,0.00035801794514714287
AC,c_a,KNN,kNN,uncalibrated,4.701,1.1682819999999998,1.374307759305409e-05,1.6323861057157348e-05,11.0,0.0003726344297942711
AC,c_a,KNN,kNN,uncalibrated,4.702,1.168434,1.6313565200364475e-05,1.8419449089270157e-05,11.0,0.00038831803187899886
AC,c_a,KNN,kNN,uncalibrated,4.703,1.168586,1.9372360679448934e-05,2.0786819632645606e-05,11.0,0.0004051761794507494
AC,c_a,KNN,kNN,uncalibrated,4.704,1.1687379999999998,2.301576485897336e-05,2.346200762432675e-05,11.0,0.0004233298547337899
AC,c_a,KNN,kNN,uncalibrated,4.705,1.16889,2.73599900357535e-05,2.6485982409606242e-05,11.0,0.0004429156303591895
AC,c_a,KNN,kNN,uncalibrated,4.706,1.169042,3.254545159515983e-05,2.9905343617531665e-05,11.0,0.0004640880581742971
AC,c_a,KNN,kNN,uncalibrated,4.707,1.1691939999999998,3.8742004555139275e-05,3.3773113987672156e-05,11.0,0.0004870224793935885
AC,c_a,KNN,kNN,uncalibrated,4.708,1.169346,4.615533099559023e-05,3.814964042163199e-05,11.0,0.0005119183396997773
AC,c_a,KNN,kNN,uncalibrated,4.709,1.169498,5.5034726832204085e-05,4.3103614640817535e-05,11.0,0.0005390031112487056
AC,c_a,KNN,kNN,uncalibrated,4.71,1.1696499999999999,6.568258655435816e-05,4.87132243220812e-05,11.0,0.0005685369462644419
AC,c_a,KNN,kNN,uncalibrated,4.711,1.169802,7.846594331874885e-05,5.506744416823452e-05,11.0,0.0006008182151605556
AC,c_a,KNN,kNN,uncalibrated,4.712,1.169954,9.383049007019853e-05,6.226747368841169e-05,11.0,0.0006361901173337739
AC,c_a,KNN,kNN,uncalibrated,4.713,1.170106,0.00011231758590113779,7.042832406943667e-05,11.0,0.0006750485967830285
AC,c_a,KNN,kNN,uncalibrated,4.714,1.170258,0.00013458484114935257,7.968054989167962e-05,11.0,0.0007178518498645997
AC,c_a,KNN,kNN,uncalibrated,4.715,1.17041,0.00016143097483210125,9.017211199990486e-05,11.0,0.0007651317818270876
AC,c_a,KNN,kNN,uncalibrated,4.716,1.170562,0.00019382574833330974,0.00010207034496855396,11.0,0.0008175078561520992
AC,c_a,KNN,kNN,uncalibrated,4.717,1.170714,0.0002329458983018716,0.000115563985724481,11.0,0.0008757038911631235
AC,c_a,KNN,kNN,uncalibrated,4.718,1.170866,0.00028021811672980745,0.0001308651985473371,11.0,0.0009405684982970554
AC,c_a,KNN,kNN,uncalibrated,4.719,1.1710180000000001,0.00033737025276768057,0.00014821150564372698,11.0,0.001013100034178421
AC,c_a,KNN,kNN,uncalibrated,4.72,1.17117,0.0004064920325358096,0.00016786750198321114,11.0,0.0010944771649552523
AC,c_a,KNN,kNN,uncalibrated,4.721,1.1713200000000001,0.0004887823129247052,0.00018975892783816765,11.0,0.0011851187359850188
AC,c_a,KNN,kNN,uncalibrated,4.722,1.1714700000000002,0.0005880505658183995,0.00021447580397445767,11.0,0.0012873782397530677
AC,c_a,KNN,kNN,uncalibrated,4.723,1.17162,0.0007077805155972243,0.00024235124150527595,11.0,0.0014031632214368665
AC,c_a,KNN,kNN,uncalibrated,4.724,1.1717700000000002,0.0008521395575505969,0.00027374449125478254,11.0,0.001534753505005574
AC,c_a,KNN,kNN,uncalibrated,4.725,1.17192,0.0010260990994943146,0.00030903874476700304,11.0,0.0016848838868815993
AC,c_a,KNN,kNN,uncalibrated,4.726,1.17207,0.0012355713438666855,0.00034863748501676346,11.0,0.0018568470955358468
AC,c_a,KNN,kNN,uncalibrated,4.727,1.17222,0.0014875632817109793,0.0003929591605611493,11.0,0.0020546223512744608
AC,c_a,KNN,kNN,uncalibrated,4.728,1.17237,0.001790348219589112,0.00044243001191980174,11.0,0.002283036326323479
AC,c_a,KNN,kNN,uncalibrated,4.729,1.17252,0.0021536545420791,0.0004974749758375136,11.0,0.002547965176103037
AC,c_a,KNN,kNN,uncalibrated,4.73,1.17267,0.0025890748248460784,0.0005603588810128872,69.0,0.0028565886933590275
AC,c_a,KNN,kNN,uncalibrated,4.731,1.172823,0.003119711165596283,0.0006386943137116347,69.0,0.003224361873128362
AC,c_a,KNN,kNN,uncalibrated,4.732,1.172976,0.0037553690925339303,0.000726663383063618,69.0,0.0036579939279488285
AC,c_a,KNN,kNN,uncalibrated,4.733,1.1731289999999999,0.00451505405752847,0.0008250277460501063,69.0,0.004171699468346448
AC,c_a,KNN,kNN,uncalibrated,4.734,1.173282,0.005420617295390289,0.0009345047446042654,69.0,0.00478315780239419
AC,c_a,KNN,kNN,uncalibrated,4.735,1.173435,0.00649701358180554,0.0010557416319166956,69.0,0.005514422470269203
AC,c_a,KNN,kNN,uncalibrated,4.736,1.1735879999999999,0.0077725379414871325,0.001189288450261359,69.0,0.0063930755955171935
AC,c_a,KNN,kNN,uncalibrated,4.737,1.173741,0.009279027795314417,0.0013355709439242308,69.0,0.007453689743299668
AC,c_a,KNN,kNN,uncalibrated,4.738,1.173894,0.011052015381888113,0.001494865184769329,69.0,0.008739672590760184
AC,c_a,KNN,kNN,uncalibrated,4.739,1.1740469999999998,0.013130814123666361,0.0016672757793883245,69.0,0.010305582329470552
AC,c_a,KNN,kNN,uncalibrated,4.74,1.1742,0.015558522129281702,0.0018527195635670577,69.0,0.012220012220003695
AC,c_a,KNN,kNN,uncalibrated,4.741,1.1743549999999998,0.018426326943776054,0.0020541818907918096,69.0,0.014600334274827072
AC,c_a,KNN,kNN,uncalibrated,4.742,1.17451,0.021754068841289102,0.0022683341393218365,69.0,0.01753854541279662
AC,c_a,KNN,kNN,uncalibrated,4.743,1.174665,0.02559762993482903,0.002494478014504428,69.0,0.021175626577257703
AC,c_a,KNN,kNN,uncalibrated,4.744,1.17482,0.030015712545935342,0.00273173299460757,69.0,0.025687558122408485
AC,c_a,KNN,kNN,uncalibrated,4.745,1.1749749999999999,0.035069175999779545,0.0029790648079588374,69.0,0.03129252936787827
AC,c_a,KNN,kNN,uncalibrated,4.746,1.17513,0.04082022235068961,0.0032353211116253554,69.0,0.03825859642479302
AC,c_a,KNN,kNN,uncalibrated,4.747,1.175285,0.047331439636292535,0.003499271522982082,69.0,0.04691112848329908
AC,c_a,KNN,kNN,uncalibrated,4.748,1.17544,0.054664718431967574,0.00376964857571769,69.0,0.05763893583460512
AC,c_a,KNN,kNN,uncalibrated,4.749,1.175595,0.06288006444934378,0.0040451859721243365,69.0,0.07089741056540572
AC,c_a,KNN,kNN,uncalibrated,4.75,1.17575,0.0720343362186211,0.004324650729292054,69.0,0.08720639106882132
AC,c_a,KNN,kNN,uncalibrated,4.751,1.175904,0.08214962408136214,0.004729099791729537,4.0,0.10700334291662791
AC,c_a,KNN,kNN,uncalibrated,4.752,1.176058,0.09322657352959632,0.005225208753553471,4.0,0.130973985154092
AC,c_a,KNN,kNN,uncalibrated,4.753,1.176212,0.1053638780980157,0.0057585968542506255,4.0,0.15971098883387108
AC,c_a,KNN,kNN,uncalibrated,4.754,1.176366,0.11859306270777212,0.006324356668619765,4.0,0.1937558426694827
AC,c_a,KNN,kNN,uncalibrated,4.755,1.17652,0.13293670580048045,0.0069159488616581735,4.0,0.23353620697576258
AC,c_a,KNN,kNN,uncalibrated,4.756,1.176674,0.14840749756813318,0.007525432766406905,4.0,0.279293623504077
AC,c_a,KNN,kNN,uncalibrated,4.757,1.176828,0.1650074655368403,0.008143761261443097,4.0,0.3310092854772446
AC,c_a,KNN,kNN,uncalibrated,4.758,1.176982,0.18272739346777583,0.008761118930366574,4.0,0.3883385361297017
AC,c_a,KNN,kNN,uncalibrated,4.759,1.177136,0.20154645288469678,0.009367283324916797,4.0,0.4505659749679436
AC,c_a,KNN,kNN,uncalibrated,4.76,1.17729,0.22139179023557357,0.009981561465922056,3.0,0.5165916531186091
AC,c_a,KNN,kNN,uncalibrated,4.761,1.177448,0.2429205892740952,0.010837127823825668,3.0,0.586739103268819
AC,c_a,KNN,kNN,uncalibrated,4.762,1.177606,0.2654748695874125,0.011669521237106859,3.0,0.6574476208848211
AC,c_a,KNN,kNN,uncalibrated,4.763,1.177764,0.2889821860468107,0.012467357128536524,3.0,0.7265871642247941
AC,c_a,KNN,kNN,uncalibrated,4.764,1.1779220000000001,0.3133587157849532,0.01322004320311139,3.0,0.7919329310251078
AC,c_a,KNN,kNN,uncalibrated,4.765,1.17808,0.33851029676031996,0.01391803597549717,3.0,0.8513044255960027
AC,c_a,KNN,kNN,uncalibrated,4.766,1.1782380000000001,0.36433365253051514,0.01455303851507,3.0,0.9026969788026565
AC,c_a,KNN,kNN,uncalibrated,4.767,1.1783960000000002,0.39071777043308414,0.015118134902049787,3.0,0.9443933571016201
AC,c_a,KNN,kNN,uncalibrated,4.768,1.178554,0.4175453983322482,0.015607861516135422,3.0,0.9750478599087188
AC,c_a,KNN,kNN,uncalibrated,4.769,1.1787120000000002,0.44469462442857016,0.016018219450225663,3.0,0.9937401526407411
AC,c_a,KNN,kNN,uncalibrated,4.77,1.17887,0.4720405051638331,0.01634663571874042,3.0,1.0
AC,c_a,KNN,kNN,uncalibrated,4.771,1.1790250000000002,0.49886650263476545,0.016588689532763313,3.0,0.9940380439151055
AC,c_a,KNN,kNN,uncalibrated,4.772,1.1791800000000001,0.5256413380855999,0.01675114552740394,3.0,0.9764700450196748
AC,c_a,KNN,kNN,uncalibrated,4.773,1.179335,0.5522485699925271,0.016835036152147178,3.0,0.9480388608454116
AC,c_a,KNN,kNN,uncalibrated,4.774,1.1794900000000001,0.5785747552272468,0.01684228234350976,3.0,0.9098048014262782
AC,c_a,KNN,kNN,uncalibrated,4.775,1.179645,0.6045107213376314,0.016775569663810296,3.0,0.8630921249235696
AC,c_a,KNN,kNN,uncalibrated,4.776,1.1798,0.6299527414350757,0.016638230592476416,3.0,0.8094285595774418
AC,c_a,KNN,kNN,uncalibrated,4.777,1.179955,0.6548035977691611,0.01643413652099532,3.0,0.7504790328272987
AC,c_a,KNN,kNN,uncalibrated,4.778,1.18011,0.6789735224515049,0.01616760102511963,3.0,0.6879748915745776
AC,c_a,KNN,kNN,uncalibrated,4.779,1.180265,0.7023810060182508,0.01584329431670163,3.0,0.6236405723459145
AC,c_a,KNN,kNN,uncalibrated,4.78,1.18042,0.7249534666073002,0.015466167558889557,3.0,0.5591207833238048
AC,c_a,KNN,kNN,uncalibrated,4.781,1.1805759999999998,0.7467835556596614,0.01503761384191601,3.0,0.495514587607701
AC,c_a,KNN,kNN,uncalibrated,4.782,1.180732,0.7676478178330538,0.014566135573023803,3.0,0.43455195357271553
AC,c_a,KNN,kNN,uncalibrated,4.783,1.1808880000000002,0.7875021556473359,0.014057269552981484,3.0,0.3772920528140295
AC,c_a,KNN,kNN,uncalibrated,4.784,1.181044,0.8063129101143424,0.013516589239633035,3.0,0.3245132031214815
AC,c_a,KNN,kNN,uncalibrated,4.785,1.1812,0.8240567868056732,0.012949647507133186,3.0,0.276709420837742
AC,c_a,KNN,kNN,uncalibrated,4.786,1.1813559999999999,0.840720633561367,0.012361920979814253,3.0,0.23410748645460638
AC,c_a,KNN,kNN,uncalibrated,4.787,1.181512,0.8563010770390186,0.011758756487619388,3.0,0.19670080934340053
AC,c_a,KNN,kNN,uncalibrated,4.788,1.1816680000000002,0.8708040277122925,0.011145320560806337,3.0,0.16429446070629286
AC,c_a,KNN,kNN,uncalibrated,4.789,1.181824,0.8842440653749959,0.010526553012336433,3.0,0.13655503867412716
AC,c_a,KNN,kNN,uncalibrated,4.79,1.18198,0.8966437196069565,0.009907125568226656,3.0,0.1130595376013502
AC,c_a,KNN,kNN,uncalibrated,4.791,1.1821380000000001,0.9081915245981242,0.00928174714608683,3.0,0.09311072752602648
AC,c_a,KNN,kNN,uncalibrated,4.792,1.182296,0.9187365357127131,0.008664488839982647,3.0,0.07653472881848208
AC,c_a,KNN,kNN,uncalibrated,4.793,1.1824540000000001,0.928321973036769,0.008059188316180976,3.0,0.06284957635124827
AC,c_a,KNN,kNN,uncalibrated,4.794,1.182612,0.9369956679777627,0.00746928394187298,3.0,0.05160840666122334
AC,c_a,KNN,kNN,uncalibrated,4.795,1.18277,0.9448090293379143,0.006897802581025766,3.0,0.04241005133371724
AC,c_a,KNN,kNN,uncalibrated,4.796,1.1829280000000002,0.9518160267895586,0.006347353122033444,3.0,0.034903397198424446
AC,c_a,KNN,kNN,uncalibrated,4.797,1.183086,0.9580722139208502,0.005820125311427699,3.0,0.02878729885396772
AC,c_a,KNN,kNN,uncalibrated,4.798,1.1832440000000002,0.9636338108669216,0.005317893579657272,3.0,0.023807616783022463
AC,c_a,KNN,kNN,uncalibrated,4.799,1.183402,0.9685568636529083,0.004842025666155354,3.0,0.019752634733592556
AC,c_a,KNN,kNN,uncalibrated,4.8,1.18356,0.9728964939023369,0.004393495935989019,3.0,0.01644777465715839
AC,c_a,KNN,kNN,uncalibrated,4.801,1.183718,0.9767062487022976,0.003972903298687325,3.0,0.013750229093392378
AC,c_a,KNN,kNN,uncalibrated,4.802,1.183876,0.9800375563890766,0.0035804935803368915,3.0,0.011543892078805075
AC,c_a,KNN,kNN,uncalibrated,4.803,1.184034,0.9829392900505026,0.0032161860711388108,3.0,0.009734793508707169
AC,c_a,KNN,kNN,uncalibrated,4.804,1.1841920000000001,0.9854574368458838,0.0028796037956294145,3.0,0.0082471210535895
AC,c_a,KNN,kNN,uncalibrated,4.805,1.18435,0.9876348679993838,0.002570106862963173,3.0,0.0070198368359821834
AC,c_a,KNN,kNN,uncalibrated,4.806,1.1845080000000001,0.9895112016584674,0.0022868280823744075,3.0,0.006003851464525251
AC,c_a,KNN,kNN,uncalibrated,4.807,1.1846660000000002,0.9911227488043258,0.0020287099011362096,3.0,0.005159695630497759
AC,c_a,KNN,kNN,uncalibrated,4.808,1.184824,0.9925025310799598,0.0017945416568833986,3.0,0.004455621426513127
AC,c_a,KNN,kNN,uncalibrated,4.809,1.1849820000000002,0.9936803587390025,0.0015829961402216682,3.0,0.0038660661192094934
AC,c_a,KNN,kNN,uncalibrated,4.81,1.18514,0.9946829568502864,0.0013926645340744666,3.0,0.0033704163685880336
AC,c_a,KNN,kNN,uncalibrated,4.811,1.1853010000000002,0.9955512564061474,0.0012185395890406175,3.0,0.002944844690371077
AC,c_a,KNN,kNN,uncalibrated,4.812,1.1854620000000002,0.9962839153103841,0.0010634853075225505,3.0,0.002585225174833262
AC,c_a,KNN,kNN,uncalibrated,4.813,1.185623,0.9969006185661283,0.0009259269535750852,3.0,0.002280047986708132
AC,c_a,KNN,kNN,uncalibrated,4.814,1.1857840000000002,0.9974185444356386,0.0008043227972189372,3.0,0.0020199792191905237
AC,c_a,KNN,kNN,uncalibrated,4.815,1.185945,0.9978406990083697,0.0007022280285725641,9.0,0.0017974264372109276
AC,c_a,KNN,kNN,uncalibrated,4.816,1.1861059999999999,0.9982078481982638,0.0006134221776745577,9.0,0.001606193988670525
AC,c_a,KNN,kNN,uncalibrated,4.817,1.186267,0.9985142676804367,0.000534607406235187,9.0,0.0014412092704570577
AC,c_a,KNN,kNN,uncalibrated,4.818,1.1864279999999998,0.9987695595524253,0.00046491507231521674,9.0,0.0012983050374618507
AC,c_a,KNN,kNN,uncalibrated,4.819,1.186589,0.9989819180495592,0.0004034990555553792,9.0,0.0011740459748553053
AC,c_a,KNN,kNN,uncalibrated,4.82,1.18675,0.9991583093727247,0.0003495477233286529,9.0,0.0010655902485320857
AC,c_a,KNN,kNN,uncalibrated,4.821,1.1869159999999999,0.9993094491348261,0.0003006776826458467,9.0,0.0009678844262874812
AC,c_a,KNN,kNN,uncalibrated,4.822,1.187082,0.9994338403480537,0.0002582050385728829,9.0,0.0008823138952435679
AC,c_a,KNN,kNN,uncalibrated,4.823,1.187248,0.9995361007054492,0.00022139071722827758,9.0,0.0008070941194214777
AC,c_a,KNN,kNN,uncalibrated,4.824,1.187414,0.9996200830732641,0.00018955891771576925,9.0,0.0007407358359443072
AC,c_a,KNN,kNN,uncalibrated,4.825,1.1875799999999999,0.9996889935577099,0.0001620968638774422,9.0,0.0006819916666617238
AC,c_a,KNN,kNN,uncalibrated,4.826,1.187746,0.9997454935792374,0.00013845305990034697,9.0,0.0006298130712592209
AC,c_a,KNN,kNN,uncalibrated,4.827,1.1879119999999999,0.9997917875424194,0.00011813445545805879,9.0,0.000583315527560719
AC,c_a,KNN,kNN,uncalibrated,4.828,1.188078,0.9998296976895187,0.00010070286669977868,9.0,0.0005417502754167036
AC,c_a,KNN,kNN,uncalibrated,4.829,1.1882439999999999,0.9998607276711117,8.57709393219467e-05,9.0,0.0005044813121994248
AC,c_a,KNN,kNN,uncalibrated,4.83,1.18841,0.9998861162754396,7.299788302125106e-05,9.0,0.00047096660269193294
AC,c_a,KNN,kNN,uncalibrated,4.831,1.188561,0.9999048467120131,6.316377769757977e-05,9.0,0.00044325787501638223
AC,c_a,KNN,kNN,uncalibrated,4.832,1.188712,0.9999204910179034,5.4628321834921885e-05,9.0,0.00041797950615988605
AC,c_a,KNN,kNN,uncalibrated,4.833,1.188863,0.9999335568237256,4.722602747799232e-05,9.0,0.00039486796115491073
AC,c_a,KNN,kNN,uncalibrated,4.834,1.189014,0.9999444688704672,4.08111530141591e-05,9.0,0.0003736928539991989
AC,c_a,KNN,kNN,uncalibrated,4.835,1.189165,0.9999535823268947,3.5255643125736945e-05,9.0,0.000354252278359843
AC,c_a,KNN,kNN,uncalibrated,4.836,1.189316,0.9999611940314796,3.0447217423553494e-05,9.0,0.0003363688581120198
AC,c_a,KNN,kNN,uncalibrated,4.837,1.189467,0.9999675519649369,2.6287613060619395e-05,9.0,0.00031988639822445604
AC,c_a,KNN,kNN,uncalibrated,4.838,1.189618,0.999972863218894,2.2690981458492004e-05,9.0,0.0003046670375965238
AC,c_a,KNN,kNN,uncalibrated,4.839,1.189769,0.9999773006896693,1.958243543812163e-05,9.0,0.0002905888226242261
AC,c_a,KNN,kNN,uncalibrated,4.84,1.18992,0.9999810086939783,1.6896740350676665e-05,9.0,0.00027754363428500754
AC,c_a,KNN,kNN,uncalibrated,4.841,1.1900860000000002,0.9999844531342282,1.4323232979579817e-05,9.0,0.0002643403706979439
AC,c_a,KNN,kNN,uncalibrated,4.842,1.190252,0.9999872710198949,1.2139656557785427e-05,9.0,0.0002521505242385118
AC,c_a,KNN,kNN,uncalibrated,4.843,1.1904180000000002,0.999989576628464,1.0287522597842704e-05,9.0,0.00024087488186565285
AC,c_a,KNN,kNN,uncalibrated,4.844,1.190584,0.9999914633631445,8.716954457057464e-06,9.0,0.00023042570087240368
AC,c_a,KNN,kNN,uncalibrated,4.845,1.19075,0.9999930075622641,7.385461352023747e-06,9.0,0.0002207252025944106
AC,c_a,KNN,kNN,uncalibrated,4.846,1.190916,0.9999942716170135,6.256876224788312e-06,9.0,0.00021170428529345006
AC,c_a,KNN,kNN,uncalibrated,4.847,1.1910820000000002,0.9999953065216645,5.30043826040642e-06,9.0,0.00020330142149724677
AC,c_a,KNN,kNN,uncalibrated,4.848,1.191248,0.9999961539585722,4.4900024048231644e-06,9.0,0.00019546171098580516
AC,c_a,KNN,kNN,uncalibrated,4.849,1.1914140000000002,0.9999968480021635,3.803359863266322e-06,9.0,0.00018813606545390772
AC,c_a,KNN,kNN,uncalibrated,4.85,1.19158,0.9999974165112043,3.22165516906908e-06,9.0,0.0001812805048535241
AC,c_a,KNN,kNN,uncalibrated,4.851,1.1917380000000002,0.9999978568272503,2.7547228818582523e-06,9.0,0.0001751379860495199
AC,c_a,KNN,kNN,uncalibrated,4.852,1.191896,0.9999982218509178,2.355457885370535e-06,9.0,0.00016935656722002175
AC,c_a,KNN,kNN,uncalibrated,4.853,1.192054,0.9999985245127353,2.014065997067727e-06,9.0,0.00016390836094837768
AC,c_a,KNN,kNN,uncalibrated,4.854,1.192212,0.9999987755113982,1.7221658243429885e-06,9.0,0.00015876807227170562
AC,c_a,KNN,kNN,uncalibrated,4.855,1.1923700000000002,0.9999989837010215,1.472586475335732e-06,9.0,0.00015391272108718164
AC,c_a,KNN,kNN,uncalibrated,4.856,1.192528,0.9999991564108418,1.2591938163345284e-06,9.0,0.0001493213978803103
AC,c_a,KNN,kNN,uncalibrated,4.857,1.1926860000000001,0.9999992997092604,1.0767413564413799e-06,9.0,0.000144975048375395
AC,c_a,KNN,kNN,uncalibrated,4.858,1.192844,0.9999994186219071,9.207423451438616e-07,9.0,0.0001408562833384842
AC,c_a,KNN,kNN,uncalibrated,4.859,1.193002,0.9999995173117922,7.873601421797897e-07,9.0,0.00013694921029610646
AC,c_a,KNN,kNN,uncalibrated,4.86,1.19316,0.9999995992281467,6.733142760236858e-07,9.0,0.00013323928438569327
AC,c_a,KNN,kNN,uncalibrated,4.861,1.1933159999999998,0.999999666211449,5.771559253558255e-07,9.0,0.0001297540286965738
AC,c_a,KNN,kNN,uncalibrated,4.862,1.1934719999999999,0.9999997219871941,4.94740659609008e-07,9.0,0.00012643651547035036
AC,c_a,KNN,kNN,uncalibrated,4.863,1.1936280000000001,0.9999997684353749,4.241028995776248e-07,9.0,0.00012327589444293747
AC,c_a,KNN,kNN,uncalibrated,4.864,1.193784,0.9999998071194093,3.635583041324039e-07,9.0,0.00012026217260587787
AC,c_a,KNN,kNN,uncalibrated,4.865,1.19394,0.9999998393397272,3.1166354713949254e-07,9.0,0.00011738613540057903
AC,c_a,KNN,kNN,uncalibrated,4.866,1.1940959999999998,0.9999998661782133,2.6718183499975455e-07,9.0,0.00011463927609975525
AC,c_a,KNN,kNN,uncalibrated,4.867,1.1942519999999999,0.9999998885351009,2.2905334657963207e-07,9.0,0.00011201373243357055
AC,c_a,KNN,kNN,uncalibrated,4.868,1.1944080000000001,0.9999999071596145,1.96369903306502e-07,9.0,0.00010950222963666088
AC,c_a,KNN,kNN,uncalibrated,4.869,1.194564,0.9999999226754005,1.683532603990869e-07,9.0,0.00010709802919436983
AC,c_a,KNN,kNN,uncalibrated,4.87,1.19472,0.9999999356016551,1.4433650281511632e-07,9.0,0.00010479488265521269
AC,c_a,KNN,kNN,uncalibrated,4.871,1.194878,0.9999999465397613,1.234582502919276e-07,9.0,0.00010256050933249516
AC,c_a,KNN,kNN,uncalibrated,4.872,1.195036,0.9999999556247975,1.0560199452016753e-07,9.0,0.0001004179992569283
AC,c_a,KNN,kNN,uncalibrated,4.873,1.195194,0.9999999631704584,9.03299719098452e-08,9.0,9.83621621168772e-05
AC,c_a,KNN,kNN,uncalibrated,4.874,1.195352,0.9999999694372927,7.726789377159303e-08,9.0,9.638817023218844e-05
AC,c_a,KNN,kNN,uncalibrated,4.875,1.19551,0.9999999746417253,6.609572957118429e-08,9.0,9.449152885274235e-05
AC,c_a,KNN,kNN,uncalibrated,4.876,1.195668,0.9999999789635443,5.653983701985936e-08,9.0,9.2668049221982e-05
AC,c_a,KNN,kNN,uncalibrated,4.877,1.1958259999999998,0.9999999825521213,4.8366228360300126e-08,9.0,9.091382411868887e-05
AC,c_a,KNN,kNN,uncalibrated,4.878,1.195984,0.999999985531548,4.1374821865790694e-08,9.0,8.92252056230428e-05
AC,c_a,KNN,kNN,uncalibrated,4.879,1.1961419999999998,0.9999999880049405,3.539451811477014e-08,9.0,8.759878488146184e-05
AC,c_a,KNN,kNN,uncalibrated,4.88,1.1963,0.999999990057969,3.0279003030155267e-08,9.0,8.603137366984786e-05
AC,c_a,KNN,kNN,uncalibrated,4.881,1.196467,0.9999999918841065,2.5631998195999725e-08,9.0,8.443608459068243e-05
AC,c_a,KNN,kNN,uncalibrated,4.882,1.196634,0.9999999933780933,2.1698557463784852e-08,9.0,8.289924911977928e-05
AC,c_a,KNN,kNN,uncalibrated,4.883,1.196801,0.9999999945999453,1.836904175656262e-08,9.0,8.141782333129906e-05
AC,c_a,KNN,kNN,uncalibrated,4.884,1.196968,0.9999999955988778,1.555067165151386e-08,9.0,7.99889619996482e-05
AC,c_a,KNN,kNN,uncalibrated,4.885,1.1971349999999998,0.999999996415252,1.3164930506692009e-08,9.0,7.861000334230818e-05
AC,c_a,KNN,kNN,uncalibrated,4.886,1.1973019999999999,0.9999999970821525,1.1145371737362507e-08,9.0,7.727845509726707e-05
AC,c_a,KNN,kNN,uncalibrated,4.887,1.197469,0.9999999976267033,9.435759924246464e-09,9.0,7.599198180466288e-05
AC,c_a,KNN,kNN,uncalibrated,4.888,1.197636,0.9999999980711348,7.988502868889573e-09,9.0,7.474839317622896e-05
AC,c_a,KNN,kNN,uncalibrated,4.889,1.197803,0.9999999984336659,6.763320951810591e-09,9.0,7.354563344857428e-05
AC,c_a,KNN,kNN,uncalibrated,4.89,1.19797,0.9999999987292206,5.726119762244325e-09,9.0,7.238177162724785e-05
AC,c_a,KNN,kNN,uncalibrated,4.891,1.198137,0.9999999989700288,4.848045065933782e-09,9.0,7.125499253823675e-05
AC,c_a,KNN,kNN,uncalibrated,4.892,1.198304,0.9999999991660983,4.104672941703917e-09,9.0,7.016358861215512e-05
AC,c_a,KNN,kNN,uncalibrated,4.893,1.1984709999999998,0.9999999993256323,3.4753297169295745e-09,9.0,6.910595233399948e-05
AC,c_a,KNN,kNN,uncalibrated,4.894,1.198638,0.9999999994553365,2.9425171601801468e-09,9.0,6.80805692981207e-05
AC,c_a,KNN,kNN,uncalibrated,4.895,1.198805,0.9999999995607023,2.4914222673675205e-09,9.0,6.708601181414496e-05
AC,c_a,KNN,kNN,uncalibrated,4.896,1.198972,0.9999999996462217,2.109508017574721e-09,9.0,6.612093301484945e-05
AC,c_a,KNN,kNN,uncalibrated,4.897,1.199139,0.999999999715564,1.7861600547090873e-09,9.0,6.518406142193411e-05
AC,c_a,KNN,kNN,uncalibrated,4.898,1.199306,0.999999999771731,1.512393097830651e-09,9.0,6.427419592978448e-05
AC,c_a,KNN,kNN,uncalibrated,4.899,1.199473,0.9999999998171749,1.2806029962037286e-09,9.0,6.339020117123226e-05
AC,c_a,KNN,kNN,uncalibrated,4.9,1.19964,0.9999999998538979,1.084350337504631e-09,9.0,6.253100323271191e-05
AC,c_a,KNN,kNN,uncalibrated,4.901,1.199805,0.9999999998830263,9.203257541141473e-10,9.0,6.170662753353074e-05
AC,c_a,KNN,kNN,uncalibrated,4.902,1.19997,0.9999999999065868,7.811220701262338e-10,9.0,6.090463140935869e-05
AC,c_a,KNN,kNN,uncalibrated,4.903,1.200135,0.9999999999256112,6.629805064712284e-10,9.0,6.012412988010506e-05
AC,c_a,KNN,kNN,uncalibrated,4.904,1.2003,0.9999999999409515,5.627148013066855e-10,9.0,5.9364283186681356e-05
AC,c_a,KNN,kNN,uncalibrated,4.905,1.2004650000000001,0.9999999999532967,4.776178433606623e-10,9.0,5.862429402358551e-05
AC,c_a,KNN,kNN,uncalibrated,4.906,1.2006299999999999,0.9999999999632141,4.053944846762741e-10,9.0,5.7903404966127815e-05
AC,c_a,KNN,kNN,uncalibrated,4.907,1.200795,0.9999999999711625,3.440974711013778e-10,9.0,5.720089607690873e-05
AC,c_a,KNN,kNN,uncalibrated,4.908,1.20096,0.9999999999775163,2.920719974159673e-10,9.0,5.6516082677565897e-05
AC,c_a,KNN,kNN,uncalibrated,4.909,1.201125,0.9999999999825835,2.479156050939315e-10,9.0,5.584831327293083e-05
AC,c_a,KNN,kNN,uncalibrated,4.91,1.20129,0.9999999999866119,2.1043797495650545e-10,9.0,5.519696761591923e-05
AC,c_a,KNN,kNN,uncalibrated,4.911,1.201455,0.9999999999898023,1.786281905176207e-10,9.0,5.4561454902423884e-05
AC,c_a,KNN,kNN,uncalibrated,4.912,1.20162,0.9999999999923207,1.516283992041441e-10,9.0,5.394121208639229e-05
AC,c_a,KNN,kNN,uncalibrated,4.913,1.201785,0.9999999999942991,1.2871153260692707e-10,9.0,5.3335702306104734e-05
AC,c_a,KNN,kNN,uncalibrated,4.914,1.20195,0.9999999999958467,1.0925993970377826e-10,9.0,5.274441341339714e-05
AC,c_a,KNN,kNN,uncalibrated,4.915,1.202115,0.9999999999970459,9.274969613720023e-11,9.0,5.2166856598251425e-05
AC,c_a,KNN,kNN,uncalibrated,4.916,1.20228,0.9999999999979737,7.873516510457644e-11,9.0,5.160256510181103e-05
AC,c_a,KNN,kNN,uncalibrated,4.917,1.202445,0.9999999999986822,6.683893625120514e-11,9.0,5.10510930114145e-05
AC,c_a,KNN,kNN,uncalibrated,4.918,1.2026100000000002,0.9999999999992183,5.67416120598712e-11,9.0,5.051201413177042e-05
AC,c_a,KNN,kNN,uncalibrated,4.919,1.202775,0.9999999999996215,4.8169942602442147e-11,9.0,4.998492092686153e-05
AC,c_a,KNN,kNN,uncalibrated,4.92,1.2029400000000001,0.9999999999999148,4.089348987982745e-11,9.0,4.946942352757096e-05
AC,c_a,KNN,kNN,uncalibrated,4.921,1.203105,1.0000000000001275,3.4717043434627516e-11,9.0,4.8965148800467055e-05
AC,c_a,KNN,kNN,uncalibrated,4.922,1.20327,1.0000000000002751,2.947430390963948e-11,9.0,4.8471739473459134e-05
AC,c_a,KNN,kNN,uncalibrated,4.923,1.203435,1.0000000000003735,2.5023796593357816e-11,9.0,4.798885331444445e-05
AC,c_a,KNN,kNN,uncalibrated,4.924,1.2036000000000002,1.0000000000004334,2.124526261021872e-11,9.0,4.751616235930646e-05
AC,c_a,KNN,kNN,uncalibrated,4.925,1.203765,1.0000000000004676,1.8037735377778405e-11,9.0,4.7053352185933355e-05
AC,c_a,KNN,kNN,uncalibrated,4.926,1.2039300000000002,1.000000000000479,1.5314027320202004e-11,9.0,4.6600121231144245e-05
AC,c_a,KNN,kNN,uncalibrated,4.927,1.204095,1.0000000000004767,1.3002777537231396e-11,9.0,4.615618014769159e-05
AC,c_a,KNN,kNN,uncalibrated,4.928,1.20426,1.0000000000004632,1.1040785445527338e-11,9.0,4.572125119864822e-05
AC,c_a,KNN,kNN,uncalibrated,4.929,1.204425,1.0000000000004436,9.374088314368717e-12,9.0,4.5295067686763765e-05
AC,c_a,KNN,kNN,uncalibrated,4.93,1.20459,1.0000000000004168,7.959126035482998e-12,9.0,4.4877373416474965e-05
AC,c_a,SVM,SVM (RBF),uncalibrated,4.67,1.16367,0.030829894028029263,0.003417972556295464,7.0,0.00015612249628499996
AC,c_a,SVM,SVM (RBF),uncalibrated,4.671,1.1638186666666668,0.03086774037654197,0.0034742532717611315,7.0,0.00015929363496111707
AC,c_a,SVM,SVM (RBF),uncalibrated,4.672,1.1639673333333334,0.030910011326853025,0.00353073960014552,7.0,0.0001625882694513525
AC,c_a,SVM,SVM (RBF),uncalibrated,4.673,1.164116,0.030956932388062575,0.003587421923855072,7.0,0.00016601333174825927
AC,c_a,SVM,SVM (RBF),uncalibrated,4.674,1.1642646666666667,0.031008743007891068,0.0036442912434163505,7.0,0.0001695762591739924
AC,c_a,SVM,SVM (RBF),uncalibrated,4.675,1.1644133333333333,0.031065697672477265,0.0037013392531005523,7.0,0.00017328503934745554
AC,c_a,SVM,SVM (RBF),uncalibrated,4.676,1.164562,0.03112806711212634,0.0037585584274551858,7.0,0.00017714825985582562
AC,c_a,SVM,SVM (RBF),uncalibrated,4.677,1.1647106666666667,0.031196139624493704,0.0038159421194614586,7.0,0.00018117516319531463
AC,c_a,SVM,SVM (RBF),uncalibrated,4.678,1.1648593333333332,0.03127022252801409,0.0038734846710966812,7.0,0.0001853757076226751
AC,c_a,SVM,SVM (RBF),uncalibrated,4.679,1.165008,0.03135064375982005,0.0039311815371246995,7.0,0.00018976063464679706
AC,c_a,SVM,SVM (RBF),uncalibrated,4.68,1.1651566666666666,0.03143775363401082,0.003989029422991412,7.0,0.0001943415439913573
AC,c_a,SVM,SVM (RBF),uncalibrated,4.681,1.1653053333333332,0.03153192677792559,0.004047026437756769,7.0,0.0001991309769765301
AC,c_a,SVM,SVM (RBF),uncalibrated,4.682,1.165454,0.03163356426604466,0.0041051722630367415,7.0,0.00020414250940319322
AC,c_a,SVM,SVM (RBF),uncalibrated,4.683,1.1656026666666666,0.03174309597334491,0.004163468338980627,7.0,0.00020939085518012889
AC,c_a,SVM,SVM (RBF),uncalibrated,4.684,1.1657513333333334,0.031860983172364216,0.004221918068355752,7.0,0.00021489198211682709
AC,c_a,SVM,SVM (RBF),uncalibrated,4.685,1.1659,0.031987721400896965,0.004280527039842546,7.0,0.00022066324151627314
AC,c_a,SVM,SVM (RBF),uncalibrated,4.686,1.1660486666666665,0.03212384363020982,0.004339303271685443,7.0,0.00022672351344916856
AC,c_a,SVM,SVM (RBF),uncalibrated,4.687,1.1661973333333333,0.0322699237669003,0.0043982574768597965,7.0,0.00023309336987886378
AC,c_a,SVM,SVM (RBF),uncalibrated,4.688,1.1663459999999999,0.0324265805250874,0.0044574033509271645,7.0,0.0002397952581435596
AC,c_a,SVM,SVM (RBF),uncalibrated,4.689,1.1664946666666667,0.032594481709529846,0.004516757883744208,7.0,0.00024685370769721913
AC,c_a,SVM,SVM (RBF),uncalibrated,4.69,1.1666433333333333,0.032774348954502264,0.004576341696146841,7.0,0.00025429556347433824
AC,c_a,SVM,SVM (RBF),uncalibrated,4.691,1.1667919999999998,0.032966962967900956,0.0046361794026698305,7.0,0.0002621502497899229
AC,c_a,SVM,SVM (RBF),uncalibrated,4.692,1.1669406666666666,0.03317316933503792,0.004696300001233528,7.0,0.00027045006932943454
AC,c_a,SVM,SVM (RBF),uncalibrated,4.693,1.1670893333333332,0.03339388494198134,0.004756737290553352,7.0,0.0002792305425443914
AC,c_a,SVM,SVM (RBF),uncalibrated,4.694,1.1672379999999998,0.03363010508407323,0.004817530315756745,7.0,0.00028853079367061307
AC,c_a,SVM,SVM (RBF),uncalibrated,4.695,1.1673866666666666,0.0338829113313824,0.00487872384230823,7.0,0.00029839399065541663
AC,c_a,SVM,SVM (RBF),uncalibrated,4.696,1.1675353333333331,0.0341534802293322,0.004940368857813193,7.0,0.00030886784755316475
AC,c_a,SVM,SVM (RBF),uncalibrated,4.697,1.167684,0.03413776603834059,0.005008554801100787,10.0,0.00032000519946616683
AC,c_a,SVM,SVM (RBF),uncalibrated,4.698,1.1678326666666665,0.03444315813992704,0.005084833923880694,10.0,0.00033186466192190744
AC,c_a,SVM,SVM (RBF),uncalibrated,4.699,1.167981333333333,0.03477057312930135,0.005162800786398918,10.0,0.00034451138875181804
AC,c_a,SVM,SVM (RBF),uncalibrated,4.7,1.16813,0.0351216920746543,0.005242592295226265,10.0,0.00035801794514714287
AC,c_a,SVM,SVM (RBF),uncalibrated,4.701,1.1682819999999998,0.03551218966349497,0.005327796323269043,10.0,0.0003726344297942711
AC,c_a,SVM,SVM (RBF),uncalibrated,4.702,1.168434,0.03587738219627972,0.005418026441761315,11.0,0.00038831803187899886
AC,c_a,SVM,SVM (RBF),uncalibrated,4.703,1.168586,0.03632665985238211,0.005512654105084017,11.0,0.0004051761794507494
AC,c_a,SVM,SVM (RBF),uncalibrated,4.704,1.1687379999999998,0.03680990882979464,0.005609646888563816,11.0,0.0004233298547337899
AC,c_a,SVM,SVM (RBF),uncalibrated,4.705,1.16889,0.03732998472870335,0.0057091709234803195,11.0,0.0004429156303591895
AC,c_a,SVM,SVM (RBF),uncalibrated,4.706,1.169042,0.0378900237490162,0.005811396090601884,11.0,0.0004640880581742971
AC,c_a,SVM,SVM (RBF),uncalibrated,4.707,1.1691939999999998,0.038493471156526037,0.0059164940817023675,11.0,0.0004870224793935885
AC,c_a,SVM,SVM (RBF),uncalibrated,4.708,1.169346,0.03914411228359764,0.006024635922479709,11.0,0.0005119183396997773
AC,c_a,SVM,SVM (RBF),uncalibrated,4.709,1.169498,0.03984610617320187,0.006135988863655255,11.0,0.0005390031112487056
AC,c_a,SVM,SVM (RBF),uncalibrated,4.71,1.1696499999999999,0.04060402194599688,0.0062507125376296,11.0,0.0005685369462644419
AC,c_a,SVM,SVM (RBF),uncalibrated,4.711,1.169802,0.041422877929653566,0.00636895426972735,11.0,0.0006008182151605556
AC,c_a,SVM,SVM (RBF),uncalibrated,4.712,1.169954,0.04230818353539978,0.006490843426710027,11.0,0.0006361901173337739
AC,c_a,SVM,SVM (RBF),uncalibrated,4.713,1.170106,0.04326598379614997,0.0066164846820742805,11.0,0.0006750485967830285
AC,c_a,SVM,SVM (RBF),uncalibrated,4.714,1.170258,0.044302906390691066,0.006745950079205657,11.0,0.0007178518498645997
AC,c_a,SVM,SVM (RBF),uncalibrated,4.715,1.17041,0.04542621086650864,0.006879269781657035,11.0,0.0007651317818270876
AC,c_a,SVM,SVM (RBF),uncalibrated,4.716,1.170562,0.04664383963677843,0.007016421416886853,11.0,0.0008175078561520992
AC,c_a,SVM,SVM (RBF),uncalibrated,4.717,1.170714,0.047964470162526376,0.007157317948407951,11.0,0.0008757038911631235
AC,c_a,SVM,SVM (RBF),uncalibrated,4.718,1.170866,0.04939756753671588,0.007301794054367102,11.0,0.0009405684982970554
AC,c_a,SVM,SVM (RBF),uncalibrated,4.719,1.1710180000000001,0.05095343646195951,0.0074495910512337275,11.0,0.001013100034178421
AC,c_a,SVM,SVM (RBF),uncalibrated,4.72,1.17117,0.052643271358068795,0.007600340482660084,11.0,0.0010944771649552523
AC,c_a,SVM,SVM (RBF),uncalibrated,4.721,1.1713200000000001,0.0544497048131426,0.007750452350555389,11.0,0.0011851187359850188
AC,c_a,SVM,SVM (RBF),uncalibrated,4.722,1.1714700000000002,0.05642749123374499,0.007905339810847343,4.0,0.0012873782397530677
AC,c_a,SVM,SVM (RBF),uncalibrated,4.723,1.17162,0.05855490229793346,0.00809377249879492,4.0,0.0014031632214368665
AC,c_a,SVM,SVM (RBF),uncalibrated,4.724,1.1717700000000002,0.06086567467118545,0.008282803346509956,4.0,0.001534753505005574
AC,c_a,SVM,SVM (RBF),uncalibrated,4.725,1.17192,0.06337532176968103,0.008471131367215617,4.0,0.0016848838868815993
AC,c_a,SVM,SVM (RBF),uncalibrated,4.726,1.17207,0.06610033279934399,0.008657213949519136,4.0,0.0018568470955358468
AC,c_a,SVM,SVM (RBF),uncalibrated,4.727,1.17222,0.06905814861065009,0.008839248909343357,4.0,0.0020546223512744608
AC,c_a,SVM,SVM (RBF),uncalibrated,4.728,1.17237,0.07226711654355075,0.009015160363624214,4.0,0.002283036326323479
AC,c_a,SVM,SVM (RBF),uncalibrated,4.729,1.17252,0.075746421186115,0.009182590205106563,4.0,0.002547965176103037
AC,c_a,SVM,SVM (RBF),uncalibrated,4.73,1.17267,0.07951598815033616,0.009338897253963216,4.0,0.0028565886933590275
AC,c_a,SVM,SVM (RBF),uncalibrated,4.731,1.172823,0.08369134335984597,0.009486939476994966,4.0,0.003224361873128362
AC,c_a,SVM,SVM (RBF),uncalibrated,4.732,1.172976,0.08821361874981294,0.009617212178040107,4.0,0.0036579939279488285
AC,c_a,SVM,SVM (RBF),uncalibrated,4.733,1.1731289999999999,0.09310557112140036,0.009726104763158166,4.0,0.004171699468346448
AC,c_a,SVM,SVM (RBF),uncalibrated,4.734,1.173282,0.0983900079721009,0.009809827375775048,4.0,0.00478315780239419
AC,c_a,SVM,SVM (RBF),uncalibrated,4.735,1.173435,0.10408950228273556,0.009864494148022053,4.0,0.005514422470269203
AC,c_a,SVM,SVM (RBF),uncalibrated,4.736,1.1735879999999999,0.11022607374627807,0.009886231732488366,4.0,0.0063930755955171935
AC,c_a,SVM,SVM (RBF),uncalibrated,4.737,1.173741,0.11682084111603519,0.009871314609649675,4.0,0.007453689743299668
AC,c_a,SVM,SVM (RBF),uncalibrated,4.738,1.173894,0.12389365218081921,0.00981632765162554,4.0,0.008739672590760184
AC,c_a,SVM,SVM (RBF),uncalibrated,4.739,1.1740469999999998,0.13146269961058527,0.009718355243075778,4.0,0.010305582329470552
AC,c_a,SVM,SVM (RBF),uncalibrated,4.74,1.1742,0.13954413242301877,0.00957519503978804,4.0,0.012220012220003695
AC,c_a,SVM,SVM (RBF),uncalibrated,4.741,1.1743549999999998,0.14802773598643923,0.009460100700725784,80.0,0.014600334274827072
AC,c_a,SVM,SVM (RBF),uncalibrated,4.742,1.17451,0.15729516076064223,0.009463149418602388,80.0,0.01753854541279662
AC,c_a,SVM,SVM (RBF),uncalibrated,4.743,1.174665,0.16713037263398137,0.009428937903705682,80.0,0.021175626577257703
AC,c_a,SVM,SVM (RBF),uncalibrated,4.744,1.17482,0.17753014681344106,0.009376402884903458,82.0,0.025687558122408485
AC,c_a,SVM,SVM (RBF),uncalibrated,4.745,1.1749749999999999,0.18851356047935536,0.009293279149282367,82.0,0.03129252936787827
AC,c_a,SVM,SVM (RBF),uncalibrated,4.746,1.17513,0.20006655762398035,0.009175639690381123,82.0,0.03825859642479302
AC,c_a,SVM,SVM (RBF),uncalibrated,4.747,1.175285,0.21218099382256578,0.009025271785483934,82.0,0.04691112848329908
AC,c_a,SVM,SVM (RBF),uncalibrated,4.748,1.17544,0.2248442844503669,0.008844761807815798,82.0,0.05763893583460512
AC,c_a,SVM,SVM (RBF),uncalibrated,4.749,1.175595,0.23803947021854258,0.008637427023468362,82.0,0.07089741056540572
AC,c_a,SVM,SVM (RBF),uncalibrated,4.75,1.17575,0.25169192675157304,0.008410441537755475,73.0,0.08720639106882132
AC,c_a,SVM,SVM (RBF),uncalibrated,4.751,1.175904,0.26577571839237984,0.00817003287702396,73.0,0.10700334291662791
AC,c_a,SVM,SVM (RBF),uncalibrated,4.752,1.176058,0.28039068975237286,0.007924195441032223,69.0,0.130973985154092
AC,c_a,SVM,SVM (RBF),uncalibrated,4.753,1.176212,0.29534618375879507,0.0077113491719521966,69.0,0.15971098883387108
AC,c_a,SVM,SVM (RBF),uncalibrated,4.754,1.176366,0.3106865994581371,0.007493223411920122,69.0,0.1937558426694827
AC,c_a,SVM,SVM (RBF),uncalibrated,4.755,1.17652,0.3263754201062598,0.00727317242185431,69.0,0.23353620697576258
AC,c_a,SVM,SVM (RBF),uncalibrated,4.756,1.176674,0.34237432867274525,0.00705433457613652,69.0,0.279293623504077
AC,c_a,SVM,SVM (RBF),uncalibrated,4.757,1.176828,0.35864370771017606,0.006839570937189553,69.0,0.3310092854772446
AC,c_a,SVM,SVM (RBF),uncalibrated,4.758,1.176982,0.3751431322004173,0.006631421187376902,69.0,0.3883385361297017
AC,c_a,SVM,SVM (RBF),uncalibrated,4.759,1.177136,0.3918318423488604,0.006432074961945807,69.0,0.4505659749679436
AC,c_a,SVM,SVM (RBF),uncalibrated,4.76,1.17729,0.4086245827064027,0.00636090037173568,4.0,0.5165916531186091
AC,c_a,SVM,SVM (RBF),uncalibrated,4.761,1.177448,0.4260631045234937,0.006612489949545196,4.0,0.586739103268819
AC,c_a,SVM,SVM (RBF),uncalibrated,4.762,1.177606,0.44354015403753344,0.007172082598725923,3.0,0.6574476208848211
AC,c_a,SVM,SVM (RBF),uncalibrated,4.763,1.177764,0.46108690644282163,0.007693910139865456,3.0,0.7265871642247941
AC,c_a,SVM,SVM (RBF),uncalibrated,4.764,1.1779220000000001,0.47863107143959294,0.008163811384945874,3.0,0.7919329310251078
AC,c_a,SVM,SVM (RBF),uncalibrated,4.765,1.17808,0.4961339407568218,0.008579759384757463,3.0,0.8513044255960027
AC,c_a,SVM,SVM (RBF),uncalibrated,4.766,1.1782380000000001,0.5135586971780922,0.008941326560401463,3.0,0.9026969788026565
AC,c_a,SVM,SVM (RBF),uncalibrated,4.767,1.1783960000000002,0.5308705642683362,0.009249385311546553,3.0,0.9443933571016201
AC,c_a,SVM,SVM (RBF),uncalibrated,4.768,1.178554,0.5480369024063345,0.009505846661038203,3.0,0.9750478599087188
AC,c_a,SVM,SVM (RBF),uncalibrated,4.769,1.1787120000000002,0.5650272556827981,0.0097134224676871,3.0,0.9937401526407411
AC,c_a,SVM,SVM (RBF),uncalibrated,4.77,1.17887,0.5818133553450887,0.009875406684018194,3.0,1.0
AC,c_a,SVM,SVM (RBF),uncalibrated,4.771,1.1790250000000002,0.5980149426927619,0.009994139425857938,3.0,0.9940380439151055
AC,c_a,SVM,SVM (RBF),uncalibrated,4.772,1.1791800000000001,0.6139731244573604,0.010076276999765038,3.0,0.9764700450196748
AC,c_a,SVM,SVM (RBF),uncalibrated,4.773,1.179335,0.6296672848882828,0.010125534918516038,3.0,0.9480388608454116
AC,c_a,SVM,SVM (RBF),uncalibrated,4.774,1.1794900000000001,0.6450785520696546,0.010145558779661525,3.0,0.9098048014262782
AC,c_a,SVM,SVM (RBF),uncalibrated,4.775,1.179645,0.6601896944520974,0.010139833052038687,3.0,0.8630921249235696
AC,c_a,SVM,SVM (RBF),uncalibrated,4.776,1.1798,0.6749850137069932,0.010111614102244548,3.0,0.8094285595774418
AC,c_a,SVM,SVM (RBF),uncalibrated,4.777,1.179955,0.689450238569715,0.010063886001391709,3.0,0.7504790328272987
AC,c_a,SVM,SVM (RBF),uncalibrated,4.778,1.18011,0.7035724237570761,0.009999336595297352,3.0,0.6879748915745776
AC,c_a,SVM,SVM (RBF),uncalibrated,4.779,1.180265,0.7173398574244735,0.009920350510918462,3.0,0.6236405723459145
AC,c_a,SVM,SVM (RBF),uncalibrated,4.78,1.18042,0.7307419799852972,0.009829015293683399,3.0,0.5591207833238048
AC,c_a,SVM,SVM (RBF),uncalibrated,4.781,1.1805759999999998,0.7438637706382294,0.00972614468946761,3.0,0.495514587607701
AC,c_a,SVM,SVM (RBF),uncalibrated,4.782,1.180732,0.75659661824652,0.009614161263017866,3.0,0.43455195357271553
AC,c_a,SVM,SVM (RBF),uncalibrated,4.783,1.1808880000000002,0.7689329163500893,0.009494401462635374,3.0,0.3772920528140295
AC,c_a,SVM,SVM (RBF),uncalibrated,4.784,1.181044,0.7808660656631125,0.009367982726975012,3.0,0.3245132031214815
AC,c_a,SVM,SVM (RBF),uncalibrated,4.785,1.1812,0.7923904685928903,0.0092358263172353,3.0,0.276709420837742
AC,c_a,SVM,SVM (RBF),uncalibrated,4.786,1.1813559999999999,0.8035015383890495,0.009098678193323812,3.0,0.23410748645460638
AC,c_a,SVM,SVM (RBF),uncalibrated,4.787,1.181512,0.8141957209136816,0.00895712804579181,3.0,0.19670080934340053
AC,c_a,SVM,SVM (RBF),uncalibrated,4.788,1.1816680000000002,0.8244705263774319,0.008811627098051064,3.0,0.16429446070629286
AC,c_a,SVM,SVM (RBF),uncalibrated,4.789,1.181824,0.8343245678262047,0.008662505526745,3.0,0.13655503867412716
AC,c_a,SVM,SVM (RBF),uncalibrated,4.79,1.18198,0.843757602720445,0.008509990319299957,3.0,0.1130595376013502
AC,c_a,SVM,SVM (RBF),uncalibrated,4.791,1.1821380000000001,0.8528992862585192,0.008351693929072855,3.0,0.09311072752602648
AC,c_a,SVM,SVM (RBF),uncalibrated,4.792,1.182296,0.8616109126821389,0.00819019775423675,3.0,0.07653472881848208
AC,c_a,SVM,SVM (RBF),uncalibrated,4.793,1.1824540000000001,0.869896101450077,0.008025544995687157,3.0,0.06284957635124827
AC,c_a,SVM,SVM (RBF),uncalibrated,4.794,1.182612,0.8777598091625285,0.007857755385287374,3.0,0.05160840666122334
AC,c_a,SVM,SVM (RBF),uncalibrated,4.795,1.18277,0.8852083265654862,0.007686847381893224,3.0,0.04241005133371724
AC,c_a,SVM,SVM (RBF),uncalibrated,4.796,1.1829280000000002,0.8922492561905614,0.007512858705577404,3.0,0.034903397198424446
AC,c_a,SVM,SVM (RBF),uncalibrated,4.797,1.183086,0.8988914691118952,0.0073358641425421214,3.0,0.02878729885396772
AC,c_a,SVM,SVM (RBF),uncalibrated,4.798,1.1832440000000002,0.9051450403708995,0.007155989735364984,3.0,0.023807616783022463
AC,c_a,SVM,SVM (RBF),uncalibrated,4.799,1.183402,0.9107940944372067,0.007113445013165944,9.0,0.019752634733592556
AC,c_a,SVM,SVM (RBF),uncalibrated,4.8,1.18356,0.9163342385638478,0.007127833521376493,9.0,0.01644777465715839
AC,c_a,SVM,SVM (RBF),uncalibrated,4.801,1.183718,0.92152503315702,0.007128147343442731,9.0,0.013750229093392378
AC,c_a,SVM,SVM (RBF),uncalibrated,4.802,1.183876,0.9263799716103959,0.007113619835179931,9.0,0.011543892078805075
AC,c_a,SVM,SVM (RBF),uncalibrated,4.803,1.184034,0.9309131191683366,0.007083913352700496,9.0,0.009734793508707169
AC,c_a,SVM,SVM (RBF),uncalibrated,4.804,1.1841920000000001,0.935138980114198,0.0070390962332561305,9.0,0.0082471210535895
AC,c_a,SVM,SVM (RBF),uncalibrated,4.805,1.18435,0.9390723642211166,0.006979602730236447,9.0,0.0070198368359821834
AC,c_a,SVM,SVM (RBF),uncalibrated,4.806,1.1845080000000001,0.9427282553381786,0.006906181168199747,9.0,0.006003851464525251
AC,c_a,SVM,SVM (RBF),uncalibrated,4.807,1.1846660000000002,0.9461216847691022,0.006819835295736817,9.0,0.005159695630497759
AC,c_a,SVM,SVM (RBF),uncalibrated,4.808,1.184824,0.9492676117997823,0.006721763223224449,9.0,0.004455621426513127
AC,c_a,SVM,SVM (RBF),uncalibrated,4.809,1.1849820000000002,0.9521808133632297,0.006613297565196052,9.0,0.0038660661192094934
AC,c_a,SVM,SVM (RBF),uncalibrated,4.81,1.18514,0.954875784416357,0.006495849568178053,9.0,0.0033704163685880336
AC,c_a,SVM,SVM (RBF),uncalibrated,4.811,1.1853010000000002,0.9574207522229701,0.006367632046547043,9.0,0.002944844690371077
AC,c_a,SVM,SVM (RBF),uncalibrated,4.812,1.1854620000000002,0.9597674362468674,0.006233111194954099,9.0,0.002585225174833262
AC,c_a,SVM,SVM (RBF),uncalibrated,4.813,1.185623,0.9619298361416533,0.00609374617920802,9.0,0.002280047986708132
AC,c_a,SVM,SVM (RBF),uncalibrated,4.814,1.1857840000000002,0.9639213429593283,0.005950911289863843,9.0,0.0020199792191905237
AC,c_a,SVM,SVM (RBF),uncalibrated,4.815,1.185945,0.9657546987234517,0.005805874261587243,9.0,0.0017974264372109276
AC,c_a,SVM,SVM (RBF),uncalibrated,4.816,1.1861059999999999,0.9674419689368908,0.005659781994604907,9.0,0.001606193988670525
AC,c_a,SVM,SVM (RBF),uncalibrated,4.817,1.186267,0.9689945269221798,0.005513652708613114,9.0,0.0014412092704570577
AC,c_a,SVM,SVM (RBF),uncalibrated,4.818,1.1864279999999998,0.9704230487271783,0.005368373476541808,9.0,0.0012983050374618507
AC,c_a,SVM,SVM (RBF),uncalibrated,4.819,1.186589,0.9717375172350672,0.0052247020835860455,9.0,0.0011740459748553053
AC,c_a,SVM,SVM (RBF),uncalibrated,4.82,1.18675,0.972947234087404,0.005083272213199418,9.0,0.0010655902485320857
AC,c_a,SVM,SVM (RBF),uncalibrated,4.821,1.1869159999999999,0.974103068041596,0.004939278169359243,9.0,0.0009678844262874812
AC,c_a,SVM,SVM (RBF),uncalibrated,4.822,1.187082,0.975164751896595,0.004798713975372577,9.0,0.0008823138952435679
AC,c_a,SVM,SVM (RBF),uncalibrated,4.823,1.187248,0.9761404196346724,0.004661916573859948,9.0,0.0008070941194214777
AC,c_a,SVM,SVM (RBF),uncalibrated,4.824,1.187414,0.9770375433093689,0.004529125754613318,9.0,0.0007407358359443072
AC,c_a,SVM,SVM (RBF),uncalibrated,4.825,1.1875799999999999,0.9778629713061902,0.00440049671027755,9.0,0.0006819916666617238
AC,c_a,SVM,SVM (RBF),uncalibrated,4.826,1.187746,0.9786229677590885,0.004276112153223218,9.0,0.0006298130712592209
AC,c_a,SVM,SVM (RBF),uncalibrated,4.827,1.1879119999999999,0.979323252268259,0.004155993719748784,9.0,0.000583315527560719
AC,c_a,SVM,SVM (RBF),uncalibrated,4.828,1.188078,0.9799690392238023,0.0040401124831937535,9.0,0.0005417502754167036
AC,c_a,SVM,SVM (RBF),uncalibrated,4.829,1.1882439999999999,0.9805650761851221,0.003928398474544799,9.0,0.0005044813121994248
AC,c_a,SVM,SVM (RBF),uncalibrated,4.83,1.18841,0.9811156808957134,0.003820749169271281,9.0,0.00047096660269193294
AC,c_a,SVM,SVM (RBF),uncalibrated,4.831,1.188561,0.9815621176868052,0.0037286938681876983,9.0,0.00044325787501638223
AC,c_a,SVM,SVM (RBF),uncalibrated,4.832,1.188712,0.9819779698572284,0.003639682146400817,9.0,0.00041797950615988605
AC,c_a,SVM,SVM (RBF),uncalibrated,4.833,1.188863,0.9823656294710392,0.0035535982660846637,9.0,0.00039486796115491073
AC,c_a,SVM,SVM (RBF),uncalibrated,4.834,1.189014,0.9827272859599099,0.003470319609060871,9.0,0.0003736928539991989
AC,c_a,SVM,SVM (RBF),uncalibrated,4.835,1.189165,0.9830649427454969,0.003389719213918655,9.0,0.000354252278359843
AC,c_a,SVM,SVM (RBF),uncalibrated,4.836,1.189316,0.9833804327505808,0.0033116679227990406,9.0,0.0003363688581120198
AC,c_a,SVM,SVM (RBF),uncalibrated,4.837,1.189467,0.9836754328202182,0.0032360361770303833,9.0,0.00031988639822445604
AC,c_a,SVM,SVM (RBF),uncalibrated,4.838,1.189618,0.9839514770859407,0.0031626955000143386,9.0,0.0003046670375965238
AC,c_a,SVM,SVM (RBF),uncalibrated,4.839,1.189769,0.9842099693147152,0.003091519704066378,9.0,0.0002905888226242261
AC,c_a,SVM,SVM (RBF),uncalibrated,4.84,1.18992,0.984452194290541,0.003022385855698082,9.0,0.00027754363428500754
AC,c_a,SVM,SVM (RBF),uncalibrated,4.841,1.1900860000000002,0.9847164465259274,0.002946413341994938,9.0,0.0002643403706979439
AC,c_a,SVM,SVM (RBF),uncalibrated,4.842,1.190252,0.9849630362938205,0.0028727236944141063,9.0,0.0002521505242385118
AC,c_a,SVM,SVM (RBF),uncalibrated,4.843,1.1904180000000002,0.9851933102573042,0.0028011734988976104,9.0,0.00024087488186565285
AC,c_a,SVM,SVM (RBF),uncalibrated,4.844,1.190584,0.9854084934365739,0.0027316274722280647,9.0,0.00023042570087240368
AC,c_a,SVM,SVM (RBF),uncalibrated,4.845,1.19075,0.9856097011472713,0.002663958620895189,9.0,0.0002207252025944106
AC,c_a,SVM,SVM (RBF),uncalibrated,4.846,1.190916,0.9857979497769376,0.0025980482522991438,9.0,0.00021170428529345006
AC,c_a,SVM,SVM (RBF),uncalibrated,4.847,1.1910820000000002,0.9859741665008482,0.0025337858691172575,9.0,0.00020330142149724677
AC,c_a,SVM,SVM (RBF),uncalibrated,4.848,1.191248,0.986139198032547,0.002471068972954672,9.0,0.00019546171098580516
AC,c_a,SVM,SVM (RBF),uncalibrated,4.849,1.1914140000000002,0.9862938184980556,0.0024098027992187896,9.0,0.00018813606545390772
AC,c_a,SVM,SVM (RBF),uncalibrated,4.85,1.19158,0.9864387365163654,0.0023499000014957764,9.0,0.0001812805048535241
AC,c_a,SVM,SVM (RBF),uncalibrated,4.851,1.1917380000000002,0.9865625774543025,0.0022948251047072324,9.0,0.0001751379860495199
AC,c_a,SVM,SVM (RBF),uncalibrated,4.852,1.191896,0.9866789970801193,0.002240789164760438,9.0,0.00016935656722002175
AC,c_a,SVM,SVM (RBF),uncalibrated,4.853,1.192054,0.9867884565655435,0.002187733256511478,9.0,0.00016390836094837768
AC,c_a,SVM,SVM (RBF),uncalibrated,4.854,1.192212,0.9868913817063952,0.002135603448850171,9.0,0.00015876807227170562
AC,c_a,SVM,SVM (RBF),uncalibrated,4.855,1.1923700000000002,0.98698816613715,0.0020843505115080473,9.0,0.00015391272108718164
AC,c_a,SVM,SVM (RBF),uncalibrated,4.856,1.192528,0.9870791742314079,0.0020339296238969114,9.0,0.0001493213978803103
AC,c_a,SVM,SVM (RBF),uncalibrated,4.857,1.1926860000000001,0.9871647437189278,0.0019843000890559194,9.0,0.000144975048375395
AC,c_a,SVM,SVM (RBF),uncalibrated,4.858,1.192844,0.9872451880470449,0.0019354250551328225,9.0,0.0001408562833384842
AC,c_a,SVM,SVM (RBF),uncalibrated,4.859,1.193002,0.9873207985117288,0.0018872712462718782,9.0,0.00013694921029610646
AC,c_a,SVM,SVM (RBF),uncalibrated,4.86,1.19316,0.9873918461811335,0.0018398087043231233,9.0,0.00013323928438569327
AC,c_a,SVM,SVM (RBF),uncalibrated,4.861,1.1933159999999998,0.9874565704497008,0.0017937213629506618,9.0,0.0001297540286965738
AC,c_a,SVM,SVM (RBF),uncalibrated,4.862,1.1934719999999999,0.9875173687950533,0.0017482441153001986,9.0,0.00012643651547035036
AC,c_a,SVM,SVM (RBF),uncalibrated,4.863,1.1936280000000001,0.9875744512225798,0.0017033564020343488,9.0,0.00012327589444293747
AC,c_a,SVM,SVM (RBF),uncalibrated,4.864,1.193784,0.9876280143056878,0.0016590399891363756,9.0,0.00012026217260587787
AC,c_a,SVM,SVM (RBF),uncalibrated,4.865,1.19394,0.9876782422698551,0.001615278785778925,9.0,0.00011738613540057903
AC,c_a,SVM,SVM (RBF),uncalibrated,4.866,1.1940959999999998,0.9877253079747863,0.0015720586745297104,9.0,0.00011463927609975525
AC,c_a,SVM,SVM (RBF),uncalibrated,4.867,1.1942519999999999,0.9877693738048516,0.0015293673538689023,9.0,0.00011201373243357055
AC,c_a,SVM,SVM (RBF),uncalibrated,4.868,1.1944080000000001,0.9878105924769118,0.001487194192949399,9.0,0.00010950222963666088
AC,c_a,SVM,SVM (RBF),uncalibrated,4.869,1.194564,0.9878491077737541,0.001445530098489028,9.0,0.00010709802919436983
AC,c_a,SVM,SVM (RBF),uncalibrated,4.87,1.19472,0.9878850552105213,0.0014043673936720512,9.0,0.00010479488265521269
AC,c_a,SVM,SVM (RBF),uncalibrated,4.871,1.194878,0.9879199680627831,0.0013631264684310972,9.0,0.00010256050933249516
AC,c_a,SVM,SVM (RBF),uncalibrated,4.872,1.195036,0.987952465469423,0.001322401272305789,9.0,0.0001004179992569283
AC,c_a,SVM,SVM (RBF),uncalibrated,4.873,1.195194,0.9876696179648056,0.001303356811303247,13.0,9.83621621168772e-05
AC,c_a,SVM,SVM (RBF),uncalibrated,4.874,1.195352,0.9877139403671998,0.0012860138389559227,13.0,9.638817023218844e-05
AC,c_a,SVM,SVM (RBF),uncalibrated,4.875,1.19551,0.9877561846779712,0.0012688821558894273,13.0,9.449152885274235e-05
AC,c_a,SVM,SVM (RBF),uncalibrated,4.876,1.195668,0.9877964460281891,0.0012519580485867634,13.0,9.2668049221982e-05
AC,c_a,SVM,SVM (RBF),uncalibrated,4.877,1.1958259999999998,0.9878348143054687,0.0012352380892300607,13.0,9.091382411868887e-05
AC,c_a,SVM,SVM (RBF),uncalibrated,4.878,1.195984,0.9878713745137911,0.0012187191112042165,13.0,8.92252056230428e-05
AC,c_a,SVM,SVM (RBF),uncalibrated,4.879,1.1961419999999998,0.9879062071038685,0.0012023981865122654,13.0,8.759878488146184e-05
AC,c_a,SVM,SVM (RBF),uncalibrated,4.88,1.1963,0.9879393882767246,0.0011862726049443157,13.0,8.603137366984786e-05
AC,c_a,SVM,SVM (RBF),uncalibrated,4.881,1.196467,0.9879764074603034,0.0011697168202973683,13.0,8.443608459068243e-05
AC,c_a,SVM,SVM (RBF),uncalibrated,4.882,1.196634,0.9880116055716872,0.0011534008177209178,13.0,8.289924911977928e-05
AC,c_a,SVM,SVM (RBF),uncalibrated,4.883,1.196801,0.9880450645122036,0.0011373192918983043,13.0,8.141782333129906e-05
AC,c_a,SVM,SVM (RBF),uncalibrated,4.884,1.196968,0.9880768618749894,0.001121467212761244,13.0,7.99889619996482e-05
AC,c_a,SVM,SVM (RBF),uncalibrated,4.885,1.1971349999999998,0.9881070712235935,0.0011058398069272485,13.0,7.861000334230818e-05
AC,c_a,SVM,SVM (RBF),uncalibrated,4.886,1.1973019999999999,0.9881357623486903,0.001090432540396196,13.0,7.727845509726707e-05
AC,c_a,SVM,SVM (RBF),uncalibrated,4.887,1.197469,0.9881630015049565,0.0010752411024422658,13.0,7.599198180466288e-05
AC,c_a,SVM,SVM (RBF),uncalibrated,4.888,1.197636,0.9881888516298238,0.0010602613906186746,13.0,7.474839317622896e-05
AC,c_a,SVM,SVM (RBF),uncalibrated,4.889,1.197803,0.9882133725457772,0.0010454894968216243,13.0,7.354563344857428e-05
AC,c_a,SVM,SVM (RBF),uncalibrated,4.89,1.19797,0.9882366211476123,0.0010309216943422917,13.0,7.238177162724785e-05
AC,c_a,SVM,SVM (RBF),uncalibrated,4.891,1.198137,0.9882586515759942,0.0010165544258551014,13.0,7.125499253823675e-05
AC,c_a,SVM,SVM (RBF),uncalibrated,4.892,1.198304,0.9882795153784817,0.0010023842922789394,13.0,7.016358861215512e-05
AC,c_a,SVM,SVM (RBF),uncalibrated,4.893,1.1984709999999998,0.9882992616590744,0.0009884080424656919,13.0,6.910595233399948e-05
AC,c_a,SVM,SVM (RBF),uncalibrated,4.894,1.198638,0.9883179372172649,0.0009746225636567556,13.0,6.80805692981207e-05
AC,c_a,SVM,SVM (RBF),uncalibrated,4.895,1.198805,0.9883355866774862,0.0009610248726662833,13.0,6.708601181414496e-05
AC,c_a,SVM,SVM (RBF),uncalibrated,4.896,1.198972,0.9883522526097263,0.0009476121077348531,13.0,6.612093301484945e-05
AC,c_a,SVM,SVM (RBF),uncalibrated,4.897,1.199139,0.9883679756420137,0.0009343815210199436,13.0,6.518406142193411e-05
AC,c_a,SVM,SVM (RBF),uncalibrated,4.898,1.199306,0.9883827945654681,0.0009213304716736527,13.0,6.427419592978448e-05
AC,c_a,SVM,SVM (RBF),uncalibrated,4.899,1.199473,0.9883967464324703,0.0009084564194661821,13.0,6.339020117123226e-05
AC,c_a,SVM,SVM (RBF),uncalibrated,4.9,1.19964,0.9884098666485043,0.0008957569189219453,13.0,6.253100323271191e-05
AC,c_a,SVM,SVM (RBF),uncalibrated,4.901,1.199805,0.9884214993407943,0.0008832860350957562,13.0,6.170662753353074e-05
AC,c_a,SVM,SVM (RBF),uncalibrated,4.902,1.19997,0.9884324014553904,0.0008709809513676656,13.0,6.090463140935869e-05
AC,c_a,SVM,SVM (RBF),uncalibrated,4.903,1.200135,0.9879172522295131,0.0008662539737968208,36.0,6.012412988010506e-05
AC,c_a,SVM,SVM (RBF),uncalibrated,4.904,1.2003,0.9879243717964584,0.0008657748049832835,36.0,5.9364283186681356e-05
AC,c_a,SVM,SVM (RBF),uncalibrated,4.905,1.2004650000000001,0.9879309620713362,0.0008653746001000513,36.0,5.862429402358551e-05
AC,c_a,SVM,SVM (RBF),uncalibrated,4.906,1.2006299999999999,0.9879370463235414,0.000865044964859302,36.0,5.7903404966127815e-05
AC,c_a,SVM,SVM (RBF),uncalibrated,4.907,1.200795,0.9879426467765422,0.0008647780718675118,36.0,5.720089607690873e-05
AC,c_a,SVM,SVM (RBF),uncalibrated,4.908,1.20096,0.987947784661324,0.0008645666320887789,36.0,5.6516082677565897e-05
AC,c_a,SVM,SVM (RBF),uncalibrated,4.909,1.201125,0.9879524802666363,0.0008644038668472346,36.0,5.584831327293083e-05
AC,c_a,SVM,SVM (RBF),uncalibrated,4.91,1.20129,0.9879567529862968,0.0008642834804940074,36.0,5.519696761591923e-05
AC,c_a,SVM,SVM (RBF),uncalibrated,4.911,1.201455,0.98796062136374,0.0008641996338251429,36.0,5.4561454902423884e-05
AC,c_a,SVM,SVM (RBF),uncalibrated,4.912,1.20162,0.9879641031340289,0.0008641469183371703,36.0,5.394121208639229e-05
AC,c_a,SVM,SVM (RBF),uncalibrated,4.913,1.201785,0.9879672152634568,0.0008641203313743724,36.0,5.3335702306104734e-05
AC,c_a,SVM,SVM (RBF),uncalibrated,4.914,1.20195,0.987969973987012,0.0008641152522137887,36.0,5.274441341339714e-05
AC,c_a,SVM,SVM (RBF),uncalibrated,4.915,1.202115,0.9879723948435506,0.0008641274191130662,36.0,5.2166856598251425e-05
AC,c_a,SVM,SVM (RBF),uncalibrated,4.916,1.20228,0.9879744927092474,0.0008641529073471577,36.0,5.160256510181103e-05
AC,c_a,SVM,SVM (RBF),uncalibrated,4.917,1.202445,0.9879762818290372,0.0008641881082287123,36.0,5.10510930114145e-05
AC,c_a,SVM,SVM (RBF),uncalibrated,4.918,1.2026100000000002,0.9879762419758441,0.0008643945559016924,47.0,5.051201413177042e-05
AC,c_a,SVM,SVM (RBF),uncalibrated,4.919,1.202775,0.987977408490835,0.0008646459275878147,47.0,4.998492092686153e-05
AC,c_a,SVM,SVM (RBF),uncalibrated,4.92,1.2029400000000001,0.9879783069282654,0.0008648852816666046,47.0,4.946942352757096e-05
AC,c_a,SVM,SVM (RBF),uncalibrated,4.921,1.203105,0.987978949215962,0.0008651108447229555,47.0,4.8965148800467055e-05
AC,c_a,SVM,SVM (RBF),uncalibrated,4.922,1.20327,0.987979346788884,0.0008653210271022321,47.0,4.8471739473459134e-05
AC,c_a,SVM,SVM (RBF),uncalibrated,4.923,1.203435,0.9879795106115808,0.0008655144094052773,47.0,4.798885331444445e-05
AC,c_a,SVM,SVM (RBF),uncalibrated,4.924,1.2036000000000002,0.9879794511993809,0.0008656897298424791,47.0,4.751616235930646e-05
AC,c_a,SVM,SVM (RBF),uncalibrated,4.925,1.203765,0.987979178638647,0.0008658458724030212,47.0,4.7053352185933355e-05
AC,c_a,SVM,SVM (RBF),uncalibrated,4.926,1.2039300000000002,0.9879787026057766,0.0008659818557942144,47.0,4.6600121231144245e-05
AC,c_a,SVM,SVM (RBF),uncalibrated,4.927,1.204095,0.9879780323855378,0.0008660968231110721,47.0,4.615618014769159e-05
AC,c_a,SVM,SVM (RBF),uncalibrated,4.928,1.20426,0.98797717688823,0.0008661900321891579,47.0,4.572125119864822e-05
AC,c_a,SVM,SVM (RBF),uncalibrated,4.929,1.204425,0.9879761446660701,0.000866260846614048,47.0,4.5295067686763765e-05
AC,c_a,SVM,SVM (RBF),uncalibrated,4.93,1.20459,0.9879749439288145,0.0008663087273321241,47.0,4.4877373416474965e-05
AC,c_a,NN,Neural Network,uncalibrated,4.67,1.16367,0.002594126262933306,0.002224497352939301,99.0,8.344877164524838e-05
AC,c_a,NN,Neural Network,uncalibrated,4.671,1.1638186666666668,0.0026444865429318246,0.00227377814110833,99.0,8.439826767777777e-05
AC,c_a,NN,Neural Network,uncalibrated,4.672,1.1639673333333334,0.0026957744455976757,0.0023238863790758504,99.0,8.536969289630483e-05
AC,c_a,NN,Neural Network,uncalibrated,4.673,1.164116,0.002748008957844826,0.0023748209597328237,99.0,8.636385881999471e-05
AC,c_a,NN,Neural Network,uncalibrated,4.674,1.1642646666666667,0.0028012100610226554,0.002426579557056036,99.0,8.73816224895784e-05
AC,c_a,NN,Neural Network,uncalibrated,4.675,1.1644133333333333,0.002855398835993409,0.002479158524039683,99.0,8.842388989555044e-05
AC,c_a,NN,Neural Network,uncalibrated,4.676,1.164562,0.0029105975807242573,0.002532552783588328,99.0,8.949161972145035e-05
AC,c_a,NN,Neural Network,uncalibrated,4.677,1.1647106666666667,0.002966829942030928,0.00258675571200024,99.0,9.058582743583647e-05
AC,c_a,NN,Neural Network,uncalibrated,4.678,1.1648593333333332,0.0030241210633593016,0.002641759014695414,99.0,9.170758977082096e-05
AC,c_a,NN,Neural Network,uncalibrated,4.679,1.165008,0.0030824977507702563,0.0026975525938644214,99.0,9.285804962957498e-05
AC,c_a,NN,Neural Network,uncalibrated,4.68,1.1651566666666666,0.0031419886596162462,0.002754124407761038,99.0,9.403842147055465e-05
AC,c_a,NN,Neural Network,uncalibrated,4.681,1.1653053333333332,0.0032026245047876794,0.0028114603214308967,99.0,9.524999722231415e-05
AC,c_a,NN,Neural Network,uncalibrated,4.682,1.165454,0.0032644382978436813,0.002869543948754651,99.0,9.649415278955912e-05
AC,c_a,NN,Neural Network,uncalibrated,4.683,1.1656026666666666,0.0033274656148622136,0.002928356485813957,99.0,9.777235521907038e-05
AC,c_a,NN,Neural Network,uncalibrated,4.684,1.1657513333333334,0.0033917448994577916,0.0029878765357619964,99.0,9.908617060323098e-05
AC,c_a,NN,Neural Network,uncalibrated,4.685,1.1659,0.003457317806113644,0.003048079925596645,99.0,0.00010043727280913993
AC,c_a,NN,Neural Network,uncalibrated,4.686,1.1660486666666665,0.0035242295898165093,0.00310893951553933,99.0,0.00010182745313344373
AC,c_a,NN,Neural Network,uncalibrated,4.687,1.1661973333333333,0.0035925295489505665,0.003170425002095955,99.0,0.00010325863099662726
AC,c_a,NN,Neural Network,uncalibrated,4.688,1.1663459999999999,0.0036622715295532658,0.0032325027163728703,99.0,0.00010473286580649548
AC,c_a,NN,Neural Network,uncalibrated,4.689,1.1664946666666667,0.0037335145003827555,0.0032951354198548347,99.0,0.00010625237013902548
AC,c_a,NN,Neural Network,uncalibrated,4.69,1.1666433333333333,0.0038063232098176367,0.0033582821006477265,99.0,0.00010781952440591674
AC,c_a,NN,Neural Network,uncalibrated,4.691,1.1667919999999998,0.0038807689374829816,0.0034218977742241138,99.0,0.00010943689320315829
AC,c_a,NN,Neural Network,uncalibrated,4.692,1.1669406666666666,0.003956930355670679,0.003485933293992652,99.0,0.00011110724356349707
AC,c_a,NN,Neural Network,uncalibrated,4.693,1.1670893333333332,0.004034894518212616,0.003550335178659499,99.0,0.00011283356536946829
AC,c_a,NN,Neural Network,uncalibrated,4.694,1.1672379999999998,0.004114757997506495,0.0036150454654089205,99.0,0.00011461909422284111
AC,c_a,NN,Neural Network,uncalibrated,4.695,1.1673866666666666,0.004196628193974453,0.0036800016005225354,99.0,0.00011646733711224581
AC,c_a,NN,Neural Network,uncalibrated,4.696,1.1675353333333331,0.004280624846475259,0.0037451363823153825,99.0,0.00011838210127475814
AC,c_a,NN,Neural Network,uncalibrated,4.697,1.167684,0.004366881777192851,0.003810377975349132,99.0,0.0001203675267107825
AC,c_a,NN,Neural Network,uncalibrated,4.698,1.1678326666666665,0.0044555489104113515,0.003875650019972574,99.0,0.00012242812288621702
AC,c_a,NN,Neural Network,uncalibrated,4.699,1.167981333333333,0.004546794611571356,0.0039408718676148,99.0,0.00012456881024467596
AC,c_a,NN,Neural Network,uncalibrated,4.7,1.16813,0.004640808401207464,0.004005958980162128,99.0,0.00012679496725714488
AC,c_a,NN,Neural Network,uncalibrated,4.701,1.1682819999999998,0.004742072346997593,0.004075350838091893,99.0,0.0001292172037597969
AC,c_a,NN,Neural Network,uncalibrated,4.702,1.168434,0.005131177085484842,0.00414793534385321,7.0,0.00013174330426974875
AC,c_a,NN,Neural Network,uncalibrated,4.703,1.168586,0.005258040114839641,0.004228041328705296,7.0,0.0001343809123327623
AC,c_a,NN,Neural Network,uncalibrated,4.704,1.1687379999999998,0.0053897741580471795,0.0043080812971818,7.0,0.00013713846399900822
AC,c_a,NN,Neural Network,uncalibrated,4.705,1.16889,0.005526772728587036,0.004387868230777986,7.0,0.0001400252902684325
AC,c_a,NN,Neural Network,uncalibrated,4.706,1.169042,0.005669480148626209,0.004467194827559966,7.0,0.00014305173518405043
AC,c_a,NN,Neural Network,uncalibrated,4.707,1.1691939999999998,0.0058183995726456,0.004545832736189863,7.0,0.00014622929232186138
AC,c_a,NN,Neural Network,uncalibrated,4.708,1.169346,0.005974102416309463,0.004623532226788703,7.0,0.00014957076297127372
AC,c_a,NN,Neural Network,uncalibrated,4.709,1.169498,0.006137239448610146,0.004700022507900245,7.0,0.00015309043996605769
AC,c_a,NN,Neural Network,uncalibrated,4.71,1.1696499999999999,0.00630855385245578,0.004775012968155087,7.0,0.0001568043219416903
AC,c_a,NN,Neural Network,uncalibrated,4.711,1.169802,0.006488896613860642,0.004848195710344742,7.0,0.00016073036379798006
AC,c_a,NN,Neural Network,uncalibrated,4.712,1.169954,0.0066792446636601156,0.00491924985918696,7.0,0.00016488877038366989
AC,c_a,NN,Neural Network,uncalibrated,4.713,1.170106,0.0068807222689860085,0.00498784826732579,7.0,0.00016930234195257585
AC,c_a,NN,Neural Network,uncalibrated,4.714,1.170258,0.007094626255135246,0.005053667422399414,7.0,0.00017399688184572157
AC,c_a,NN,Neural Network,uncalibrated,4.715,1.17041,0.007322455732116261,0.005116401575949029,7.0,0.0001790016792318094
AC,c_a,NN,Neural Network,uncalibrated,4.716,1.170562,0.007565947103374469,0.005175782374497751,7.0,0.0001843500827162729
AC,c_a,NN,Neural Network,uncalibrated,4.717,1.170714,0.007827115245316244,0.005231605570523606,7.0,0.00019008018437594962
AC,c_a,NN,Neural Network,uncalibrated,4.718,1.170866,0.008108301861782028,0.005283766710803626,7.0,0.00019623563850860822
AC,c_a,NN,Neural Network,uncalibrated,4.719,1.1710180000000001,0.008412232131701275,0.005332308005026971,7.0,0.00020286664538948107
AC,c_a,NN,Neural Network,uncalibrated,4.72,1.17117,0.008742080871509928,0.00537747879519628,7.0,0.00021003113797567964
AC,c_a,NN,Neural Network,uncalibrated,4.721,1.1713200000000001,0.009095216426740315,0.0054171144728518104,7.0,0.00021765008387230304
AC,c_a,NN,Neural Network,uncalibrated,4.722,1.1714700000000002,0.008703811889759749,0.005501077016381166,67.0,0.00022592779898294828
AC,c_a,NN,Neural Network,uncalibrated,4.723,1.17162,0.00910471209240254,0.005603415731994235,67.0,0.00023495153889872402
AC,c_a,NN,Neural Network,uncalibrated,4.724,1.1717700000000002,0.00955109140410791,0.005721014763270261,67.0,0.0002448233606830385
AC,c_a,NN,Neural Network,uncalibrated,4.725,1.17192,0.010049990402974135,0.0058574499132192336,67.0,0.00025566312937637815
AC,c_a,NN,Neural Network,uncalibrated,4.726,1.17207,0.010609553376898477,0.006016662003926724,67.0,0.0002676122316967537
AC,c_a,NN,Neural Network,uncalibrated,4.727,1.17222,0.011239176696684944,0.006202852271524074,67.0,0.00028083818532370717
AC,c_a,NN,Neural Network,uncalibrated,4.728,1.17237,0.011788128575616057,0.0064276345656246745,27.0,0.0002955403880103421
AC,c_a,NN,Neural Network,uncalibrated,4.729,1.17252,0.012567335509338251,0.006710304078920591,27.0,0.00031195732478434533
AC,c_a,NN,Neural Network,uncalibrated,4.73,1.17267,0.01345124218964984,0.007038582996349843,27.0,0.00033037565006073955
AC,c_a,NN,Neural Network,uncalibrated,4.731,1.172823,0.014478870190536192,0.0074266269564716055,27.0,0.00035165085371380365
AC,c_a,NN,Neural Network,uncalibrated,4.732,1.172976,0.015650874867206444,0.0078684650682837,27.0,0.00037581691595679344
AC,c_a,NN,Neural Network,uncalibrated,4.733,1.1731289999999999,0.016988649691117293,0.008365526740835598,27.0,0.0004034219692603721
AC,c_a,NN,Neural Network,uncalibrated,4.734,1.173282,0.018516018681378203,0.008917587886820216,27.0,0.00043514209726528737
AC,c_a,NN,Neural Network,uncalibrated,4.735,1.173435,0.020207709141169913,0.00952644707275506,25.0,0.00047181629102988445
AC,c_a,NN,Neural Network,uncalibrated,4.736,1.1735879999999999,0.022186933974767214,0.010194866246055354,25.0,0.0005144922384397721
AC,c_a,NN,Neural Network,uncalibrated,4.737,1.173741,0.0244405584689597,0.01090830208212144,25.0,0.0005644866627967719
AC,c_a,NN,Neural Network,uncalibrated,4.738,1.173894,0.0270009596433753,0.011658129498087486,25.0,0.0006234653070401647
AC,c_a,NN,Neural Network,uncalibrated,4.739,1.1740469999999998,0.02990159749907044,0.012433374020937263,25.0,0.000693549584002521
AC,c_a,NN,Neural Network,uncalibrated,4.74,1.1742,0.033176218475812744,0.013220792551451588,25.0,0.0007774596018777305
AC,c_a,NN,Neural Network,uncalibrated,4.741,1.1743549999999998,0.036909268894285176,0.014015879505080453,25.0,0.0008801955825334139
AC,c_a,NN,Neural Network,uncalibrated,4.742,1.17451,0.041092308427198104,0.01478998141496729,25.0,0.0010054711246032212
AC,c_a,NN,Neural Network,uncalibrated,4.743,1.174665,0.04575446167107384,0.015524154772649039,25.0,0.001159525720367244
AC,c_a,NN,Neural Network,uncalibrated,4.744,1.17482,0.050920180307334084,0.0161989078907855,25.0,0.0013506100757524656
AC,c_a,NN,Neural Network,uncalibrated,4.745,1.1749749999999999,0.056607943661083675,0.016795078886739246,25.0,0.0015897070507698914
AC,c_a,NN,Neural Network,uncalibrated,4.746,1.17513,0.06282916780743071,0.017294825959679044,25.0,0.0018915291127492647
AC,c_a,NN,Neural Network,uncalibrated,4.747,1.175285,0.06958744945703738,0.017682660486709387,25.0,0.002275901077935863
AC,c_a,NN,Neural Network,uncalibrated,4.748,1.17544,0.07687824963619888,0.017946434783754527,25.0,0.002769678079472041
AC,c_a,NN,Neural Network,uncalibrated,4.749,1.175595,0.0846890815097625,0.018078187939417442,25.0,0.003409402713798438
AC,c_a,NN,Neural Network,uncalibrated,4.75,1.17575,0.09300021137846418,0.018074758223351556,25.0,0.004244973240747661
AC,c_a,NN,Neural Network,uncalibrated,4.751,1.175904,0.10172747838211563,0.017939107441454247,25.0,0.005336710335469649
AC,c_a,NN,Neural Network,uncalibrated,4.752,1.176058,0.11089323083107867,0.017678821076778508,25.0,0.006780877477035919
AC,c_a,NN,Neural Network,uncalibrated,4.753,1.176212,0.12046486754634679,0.017305341282072527,25.0,0.008702510750618668
AC,c_a,NN,Neural Network,uncalibrated,4.754,1.176366,0.1304087154683265,0.016834001456354584,25.0,0.011271520164585252
AC,c_a,NN,Neural Network,uncalibrated,4.755,1.17652,0.14069162739395877,0.01628311908327725,25.0,0.014717110165289557
AC,c_a,NN,Neural Network,uncalibrated,4.756,1.176674,0.1512823463378924,0.015672941210975157,25.0,0.019344967142865765
AC,c_a,NN,Neural Network,uncalibrated,4.757,1.176828,0.16215255386637,0.015024533753904766,25.0,0.025556090061358894
AC,c_a,NN,Neural Network,uncalibrated,4.758,1.176982,0.17327756425350754,0.014358699021911885,25.0,0.033864516244485346
AC,c_a,NN,Neural Network,uncalibrated,4.759,1.177136,0.18463666727006017,0.013694990430254989,25.0,0.044908830856231124
AC,c_a,NN,Neural Network,uncalibrated,4.76,1.17729,0.19616956754215994,0.013272325495006669,5.0,0.05944958630405114
AC,c_a,NN,Neural Network,uncalibrated,4.761,1.177448,0.20821625146044115,0.013187492222594908,5.0,0.07888890256776035
AC,c_a,NN,Neural Network,uncalibrated,4.762,1.177606,0.22048148609400028,0.013120291155199,5.0,0.10386790101355786
AC,c_a,NN,Neural Network,uncalibrated,4.763,1.177764,0.23295584363160993,0.01307319190538755,5.0,0.13527796217247937
AC,c_a,NN,Neural Network,uncalibrated,4.764,1.1779220000000001,0.24563232897851264,0.013046662096306217,5.0,0.17379794350683814
AC,c_a,NN,Neural Network,uncalibrated,4.765,1.17808,0.25850572801353344,0.013039415049707386,5.0,0.21974829295341783
AC,c_a,NN,Neural Network,uncalibrated,4.766,1.1782380000000001,0.27157193982113453,0.013048719010884283,5.0,0.2729815810547358
AC,c_a,NN,Neural Network,uncalibrated,4.767,1.1783960000000002,0.28482733467964844,0.013070726355829282,5.0,0.3328440378130527
AC,c_a,NN,Neural Network,uncalibrated,4.768,1.178554,0.2982681692411306,0.013100790849058559,5.0,0.3982182733217403
AC,c_a,NN,Neural Network,uncalibrated,4.769,1.1787120000000002,0.3118900806527175,0.013133752462158461,5.0,0.4676268106118885
AC,c_a,NN,Neural Network,uncalibrated,4.77,1.17887,0.32568767290624456,0.013164179926299781,5.0,0.5393577605446005
AC,c_a,NN,Neural Network,uncalibrated,4.771,1.1790250000000002,0.33938437330571064,0.013185942266064232,5.0,0.6102214962437416
AC,c_a,NN,Neural Network,uncalibrated,4.772,1.1791800000000001,0.3532357608530502,0.013194855378108522,5.0,0.6797843120989653
AC,c_a,NN,Neural Network,uncalibrated,4.773,1.179335,0.3672324579195781,0.013186012786719914,5.0,0.746288815471181
AC,c_a,NN,Neural Network,uncalibrated,4.774,1.1794900000000001,0.3813634951184261,0.0131547962159636,5.0,0.8080263069354313
AC,c_a,NN,Neural Network,uncalibrated,4.775,1.179645,0.39561635230263653,0.013096947651868305,5.0,0.8633744085968219
AC,c_a,NN,Neural Network,uncalibrated,4.776,1.1798,0.40997706073172807,0.01300862870016334,5.0,0.9108435741118219
AC,c_a,NN,Neural Network,uncalibrated,4.777,1.179955,0.42443035574947524,0.012886471022819201,5.0,0.9491333338489312
AC,c_a,NN,Neural Network,uncalibrated,4.778,1.18011,0.43895986875893794,0.01272762065048206,5.0,0.977193173796852
AC,c_a,NN,Neural Network,uncalibrated,4.779,1.180265,0.45354834708083525,0.012529778213893332,5.0,0.9942795528829523
AC,c_a,NN,Neural Network,uncalibrated,4.78,1.18042,0.46817789040584856,0.012291236659453869,5.0,1.0
AC,c_a,NN,Neural Network,uncalibrated,4.781,1.1805759999999998,0.4829258714181159,0.01200896209738663,5.0,0.9942645896402904
AC,c_a,NN,Neural Network,uncalibrated,4.782,1.180732,0.49767805906155266,0.011683896704804637,5.0,0.9773653329498592
AC,c_a,NN,Neural Network,uncalibrated,4.783,1.1808880000000002,0.5124156688574801,0.01131633634318225,5.0,0.9500273345790389
AC,c_a,NN,Neural Network,uncalibrated,4.784,1.181044,0.5271201833247126,0.010907345207692404,5.0,0.913288606465064
AC,c_a,NN,Neural Network,uncalibrated,4.785,1.1812,0.5417735317765928,0.01045880879782465,5.0,0.8684379071846742
AC,c_a,NN,Neural Network,uncalibrated,4.786,1.1813559999999999,0.5563582355703134,0.009973499770326286,5.0,0.81694380785707
AC,c_a,NN,Neural Network,uncalibrated,4.787,1.181512,0.5708519800405457,0.009556674290721504,91.0,0.7603813072040916
AC,c_a,NN,Neural Network,uncalibrated,4.788,1.1816680000000002,0.5852638324123192,0.009632082993757448,91.0,0.7003609171659473
AC,c_a,NN,Neural Network,uncalibrated,4.789,1.181824,0.599562424508874,0.00971144819027999,91.0,0.638463433960793
AC,c_a,NN,Neural Network,uncalibrated,4.79,1.18198,0.6137332749089629,0.009796505372085712,91.0,0.5761821615644567
AC,c_a,NN,Neural Network,uncalibrated,4.791,1.1821380000000001,0.6279432009516555,0.009890281832904314,91.0,0.5141088739386348
AC,c_a,NN,Neural Network,uncalibrated,4.792,1.182296,0.6420767008438799,0.01000926679128954,94.0,0.4542578398792472
AC,c_a,NN,Neural Network,uncalibrated,4.793,1.1824540000000001,0.6559541667211584,0.010172865593525742,94.0,0.3976342133286411
AC,c_a,NN,Neural Network,uncalibrated,4.794,1.182612,0.6696483338844209,0.010349278982044312,94.0,0.3450053447362541
AC,c_a,NN,Neural Network,uncalibrated,4.795,1.18277,0.6831468819787163,0.010539173403432554,94.0,0.2968951445077047
AC,c_a,NN,Neural Network,uncalibrated,4.796,1.1829280000000002,0.6964376532461823,0.010742695937995103,94.0,0.25359268819238007
AC,c_a,NN,Neural Network,uncalibrated,4.797,1.183086,0.7095085462803115,0.010959390864161875,94.0,0.21517405422101685
AC,c_a,NN,Neural Network,uncalibrated,4.798,1.1832440000000002,0.7223474302935163,0.011188143246518612,94.0,0.1815347472846845
AC,c_a,NN,Neural Network,uncalibrated,4.799,1.183402,0.7349420872072571,0.011427155690950479,94.0,0.15242877440780478
AC,c_a,NN,Neural Network,uncalibrated,4.8,1.18356,0.7472801875190636,0.01167396196689461,94.0,0.12750990607931745
AC,c_a,NN,Neural Network,uncalibrated,4.801,1.183718,0.7593493041657776,0.011925478237162303,94.0,0.10637097994639055
AC,c_a,NN,Neural Network,uncalibrated,4.802,1.183876,0.7711369665617859,0.01217808958619991,94.0,0.08857810488917006
AC,c_a,NN,Neural Network,uncalibrated,4.803,1.184034,0.7826703539206962,0.012429484175953047,95.0,0.07369794618020596
AC,c_a,NN,Neural Network,uncalibrated,4.804,1.1841920000000001,0.7938563303638876,0.012677000994466388,95.0,0.061317559495885604
AC,c_a,NN,Neural Network,uncalibrated,4.805,1.18435,0.8047242150646586,0.012911510503569246,95.0,0.0510572449757476
AC,c_a,NN,Neural Network,uncalibrated,4.806,1.1845080000000001,0.815262709020913,0.013128971823222401,95.0,0.042577512612676796
AC,c_a,NN,Neural Network,uncalibrated,4.807,1.1846660000000002,0.8253145559953948,0.013349367119331063,84.0,0.03558150923239183
AC,c_a,NN,Neural Network,uncalibrated,4.808,1.184824,0.8351638967250854,0.0135688881455387,84.0,0.029814245500270068
AC,c_a,NN,Neural Network,uncalibrated,4.809,1.1849820000000002,0.8446561517144772,0.013759833700575763,84.0,0.02505978653191219
AC,c_a,NN,Neural Network,uncalibrated,4.81,1.18514,0.8537842784534694,0.013918710007054823,84.0,0.021137324526073673
AC,c_a,NN,Neural Network,uncalibrated,4.811,1.1853010000000002,0.8627053556956036,0.014045490328698484,84.0,0.01784477152235389
AC,c_a,NN,Neural Network,uncalibrated,4.812,1.1854620000000002,0.871238504194357,0.014134073443630988,84.0,0.015128833629589935
AC,c_a,NN,Neural Network,uncalibrated,4.813,1.185623,0.8793815936147329,0.014183221123226546,84.0,0.012882952875288303
AC,c_a,NN,Neural Network,uncalibrated,4.814,1.1857840000000002,0.88713446092771,0.014192526578285203,84.0,0.011020415180630405
AC,c_a,NN,Neural Network,uncalibrated,4.815,1.185945,0.8944989292562421,0.014162363435234665,84.0,0.009470831475644235
AC,c_a,NN,Neural Network,uncalibrated,4.816,1.1861059999999999,0.9014787775891143,0.014093811349898344,84.0,0.008177146393509768
AC,c_a,NN,Neural Network,uncalibrated,4.817,1.186267,0.9080796641703394,0.01398856435917624,84.0,0.007093137529795764
AC,c_a,NN,Neural Network,uncalibrated,4.818,1.1864279999999998,0.9143090085357425,0.013848828217637414,84.0,0.006181350795700424
AC,c_a,NN,Neural Network,uncalibrated,4.819,1.186589,0.9201758388208916,0.013677212691878837,84.0,0.005411411706962208
AC,c_a,NN,Neural Network,uncalibrated,4.82,1.18675,0.9256906120343315,0.013476624168150788,84.0,0.0047586537201537325
AC,c_a,NN,Neural Network,uncalibrated,4.821,1.1869159999999999,0.9310210565381168,0.013243796565775906,84.0,0.00418892283966249
AC,c_a,NN,Neural Network,uncalibrated,4.822,1.187082,0.936003922631303,0.012986851577681804,84.0,0.003704183047656208
AC,c_a,NN,Neural Network,uncalibrated,4.823,1.187248,0.9406540666717089,0.012709293078544789,84.0,0.003289984210921761
AC,c_a,NN,Neural Network,uncalibrated,4.824,1.187414,0.9449869989570441,0.012414561491593763,84.0,0.0029345555428652377
AC,c_a,NN,Neural Network,uncalibrated,4.825,1.1875799999999999,0.9490186538259653,0.012105966902072744,84.0,0.0026282792544390127
AC,c_a,NN,Neural Network,uncalibrated,4.826,1.187746,0.9527651768374327,0.011786637243724217,84.0,0.0023632712888706263
AC,c_a,NN,Neural Network,uncalibrated,4.827,1.1879119999999999,0.9562427328254764,0.011459480644180299,84.0,0.0021330470785052304
AC,c_a,NN,Neural Network,uncalibrated,4.828,1.188078,0.9584960572368232,0.011192686197499597,3.0,0.0019322547342813965
AC,c_a,NN,Neural Network,uncalibrated,4.829,1.1882439999999999,0.9615615568282622,0.011017725339482563,3.0,0.001756461701836695
AC,c_a,NN,Neural Network,uncalibrated,4.83,1.18841,0.964408810285181,0.010836002611276985,3.0,0.0016019838257777944
AC,c_a,NN,Neural Network,uncalibrated,4.831,1.188561,0.9668158588776791,0.010673499842823515,3.0,0.0014754868494637988
AC,c_a,NN,Neural Network,uncalibrated,4.832,1.188712,0.9690639859124592,0.010509076466901461,3.0,0.001362413071908542
AC,c_a,NN,Neural Network,uncalibrated,4.833,1.188863,0.9711630198755612,0.010343467869755993,3.0,0.0012610582001769369
AC,c_a,NN,Neural Network,uncalibrated,4.834,1.189014,0.9731223588670219,0.010177303584125486,3.0,0.0011699640632794014
AC,c_a,NN,Neural Network,uncalibrated,4.835,1.189165,0.9749509573016168,0.010011121380388881,3.0,0.0010878795021856305
AC,c_a,NN,Neural Network,uncalibrated,4.836,1.189316,0.9766573194313742,0.009845380044790141,3.0,0.0010137279429927517
AC,c_a,NN,Neural Network,uncalibrated,4.837,1.189467,0.978249498658932,0.009680470735392993,3.0,0.0009465804458299023
AC,c_a,NN,Neural Network,uncalibrated,4.838,1.189618,0.9797351016787931,0.009516726900006761,3.0,0.0008856332495530996
AC,c_a,NN,Neural Network,uncalibrated,4.839,1.189769,0.9811212965649636,0.009354432809083183,3.0,0.0008301890156313688
AC,c_a,NN,Neural Network,uncalibrated,4.84,1.18992,0.982414824011981,0.009193830803280848,3.0,0.000779641122541762
AC,c_a,NN,Neural Network,uncalibrated,4.841,1.1900860000000002,0.9841220230443153,0.00901405712490346,6.0,0.0007301382361791967
AC,c_a,NN,Neural Network,uncalibrated,4.842,1.190252,0.9853526268310869,0.00885908376076632,6.0,0.0006851632898837707
AC,c_a,NN,Neural Network,uncalibrated,4.843,1.1904180000000002,0.986493484900269,0.008703193548924352,6.0,0.0006442058942732731
AC,c_a,NN,Neural Network,uncalibrated,4.844,1.190584,0.987551330466282,0.008546966770641679,6.0,0.000606822894946506
AC,c_a,NN,Neural Network,uncalibrated,4.845,1.19075,0.9885324097155361,0.008390917961092424,6.0,0.0005726283883030326
AC,c_a,NN,Neural Network,uncalibrated,4.846,1.190916,0.989442510124202,0.00823549979672505,6.0,0.0005412853659869972
AC,c_a,NN,Neural Network,uncalibrated,4.847,1.1910820000000002,0.9902869885610415,0.00808110727247151,6.0,0.0005124987015359216
AC,c_a,NN,Neural Network,uncalibrated,4.848,1.191248,0.991070798845001,0.007928082025700459,6.0,0.0004860092463781918
AC,c_a,NN,Neural Network,uncalibrated,4.849,1.1914140000000002,0.9917985185046224,0.007776716692004509,6.0,0.000461588845347081
AC,c_a,NN,Neural Network,uncalibrated,4.85,1.19158,0.9924743745518275,0.007627259202800735,6.0,0.0004390361165269895
AC,c_a,NN,Neural Network,uncalibrated,4.851,1.1917380000000002,0.993071475419039,0.007492382997659829,6.0,0.0004188813254557926
AC,c_a,NN,Neural Network,uncalibrated,4.852,1.191896,0.9936284371208591,0.0073596719417750875,6.0,0.00040014840462568405
AC,c_a,NN,Neural Network,uncalibrated,4.853,1.192054,0.9941481487512102,0.007229239827654319,6.0,0.0003827122255650064
AC,c_a,NN,Neural Network,uncalibrated,4.854,1.192212,0.9946332832289756,0.007101176446787793,6.0,0.0003664607176601926
AC,c_a,NN,Neural Network,uncalibrated,4.855,1.1923700000000002,0.9950863128469403,0.006975550116788076,6.0,0.0003512933059632569
AC,c_a,NN,Neural Network,uncalibrated,4.856,1.192528,0.9955095238831736,0.006852410041182856,6.0,0.0003371195578184714
AC,c_a,NN,Neural Network,uncalibrated,4.857,1.1926860000000001,0.9959050302958647,0.006731788498778821,6.0,0.00032385800773785365
AC,c_a,NN,Neural Network,uncalibrated,4.858,1.192844,0.9962747865299812,0.006613702863182377,6.0,0.000311435134781197
AC,c_a,NN,Neural Network,uncalibrated,4.859,1.193002,0.9966205994695366,0.006498157455880961,6.0,0.0002997844707101793
AC,c_a,NN,Neural Network,uncalibrated,4.86,1.19316,0.9969441395729387,0.006385145238446642,6.0,0.0002888458205335551
AC,c_a,NN,Neural Network,uncalibrated,4.861,1.1933159999999998,0.9972431193486246,0.006277580196622713,6.0,0.0002786489903215892
AC,c_a,NN,Neural Network,uncalibrated,4.862,1.1934719999999999,0.9975233300221841,0.006172463168413053,6.0,0.00026904882613347416
AC,c_a,NN,Neural Network,uncalibrated,4.863,1.1936280000000001,0.9977860447489565,0.006069761428028118,6.0,0.00026000147859439203
AC,c_a,NN,Neural Network,uncalibrated,4.864,1.193784,0.9980324419152021,0.005969436479968436,6.0,0.00025146694106232317
AC,c_a,NN,Neural Network,uncalibrated,4.865,1.19394,0.9982636123646634,0.005871445012813603,6.0,0.00024340866049695894
AC,c_a,NN,Neural Network,uncalibrated,4.866,1.1940959999999998,0.9984805660927233,0.005775739752065114,6.0,0.00023579319279142574
AC,c_a,NN,Neural Network,uncalibrated,4.867,1.1942519999999999,0.9986842384430114,0.005682270220049907,6.0,0.00022858989694238185
AC,c_a,NN,Neural Network,uncalibrated,4.868,1.1944080000000001,0.998875495839904,0.0055909834106486886,6.0,0.00022177066321006948
AC,c_a,NN,Neural Network,uncalibrated,4.869,1.194564,0.9990551410887806,0.005501824386271222,6.0,0.00021530967107963206
AC,c_a,NN,Neural Network,uncalibrated,4.87,1.19472,0.9992239182742724,0.0054147368041021415,6.0,0.00020918317339870863
AC,c_a,NN,Neural Network,uncalibrated,4.871,1.194878,0.9993842948446047,0.005326939346558337,6.0,0.00020332507892461234
AC,c_a,NN,Neural Network,uncalibrated,4.872,1.195036,0.999534833337472,0.0052411389591721855,6.0,0.0001977646699180801
AC,c_a,NN,Neural Network,uncalibrated,4.873,1.195194,0.9996761509440933,0.005157276952217814,6.0,0.00019248280814583956
AC,c_a,NN,Neural Network,uncalibrated,4.874,1.195352,0.9998088202622185,0.0050752947418786516,6.0,0.0001874618263489724
AC,c_a,NN,Neural Network,uncalibrated,4.875,1.19551,0.9999333727726909,0.004995134126651173,6.0,0.00018268539711658737
AC,c_a,NN,Neural Network,uncalibrated,4.876,1.195668,1.0000503020424527,0.004916737523596654,6.0,0.00017813841501524027
AC,c_a,NN,Neural Network,uncalibrated,4.877,1.1958259999999998,1.00016006667492,0.004840048168835806,6.0,0.00017380689048107604
AC,c_a,NN,Neural Network,uncalibrated,4.878,1.195984,1.0002630930271597,0.004765010286284686,6.0,0.00016967785416654934
AC,c_a,NN,Neural Network,uncalibrated,4.879,1.1961419999999998,1.0003597777119175,0.004691569228226178,6.0,0.0001657392705932273
AC,c_a,NN,Neural Network,uncalibrated,4.88,1.1963,1.0004504899012234,0.004619671590967401,6.0,0.0001619799601007954
AC,c_a,NN,Neural Network,uncalibrated,4.881,1.196467,1.0005381364483754,0.004537922901380348,6.0,0.00015827798098537742
AC,c_a,NN,Neural Network,uncalibrated,4.882,1.196634,1.000619644056961,0.0044578106759576505,6.0,0.00015474688988033946
AC,c_a,NN,Neural Network,uncalibrated,4.883,1.196801,1.0006953745475673,0.004379283515634269,6.0,0.00015137656886594547
AC,c_a,NN,Neural Network,uncalibrated,4.884,1.196968,1.0007656652755168,0.004302291676864055,6.0,0.0001481576167274749
AC,c_a,NN,Neural Network,uncalibrated,4.885,1.1971349999999998,1.0008308310645453,0.004226787107161279,6.0,0.00014508128990073474
AC,c_a,NN,Neural Network,uncalibrated,4.886,1.1973019999999999,1.0008911659772446,0.004152723465790608,6.0,0.00014213944895630443
AC,c_a,NN,Neural Network,uncalibrated,4.887,1.197469,1.0009469449360546,0.004080056131657426,6.0,0.00013932451004151905
AC,c_a,NN,Neural Network,uncalibrated,4.888,1.197636,1.0009984252074768,0.004008742200196217,6.0,0.00013662940076629096
AC,c_a,NN,Neural Network,uncalibrated,4.889,1.197803,1.0010458477611306,0.00393874047085863,6.0,0.00013404752007777068
AC,c_a,NN,Neural Network,uncalibrated,4.89,1.19797,1.0010894385143003,0.0038700114266072626,6.0,0.0001315727017201525
AC,c_a,NN,Neural Network,uncalibrated,4.891,1.198137,1.0011294094717273,0.003802517206645813,6.0,0.00012919918092107915
AC,c_a,NN,Neural Network,uncalibrated,4.892,1.198304,1.0011659597696148,0.0037362215734861983,6.0,0.00012692156398567828
AC,c_a,NN,Neural Network,uncalibrated,4.893,1.1984709999999998,1.0011992766320117,0.0036710898753139075,6.0,0.00012473480051406748
AC,c_a,NN,Neural Network,uncalibrated,4.894,1.198638,1.0012295362471066,0.0036070890044850056,6.0,0.0001226341579888442
AC,c_a,NN,Neural Network,uncalibrated,4.895,1.198805,1.0012569045702888,0.003544187352923819,6.0,0.00012061519850617588
AC,c_a,NN,Neural Network,uncalibrated,4.896,1.198972,1.001281538060284,0.0034823547650577533,6.0,0.0001186737574478816
AC,c_a,NN,Neural Network,uncalibrated,4.897,1.199139,1.0013035843541078,0.0034215624888760785,6.0,0.00011680592391322649
AC,c_a,NN,Neural Network,uncalibrated,4.898,1.199306,1.001323182886125,0.003361783125616168,6.0,0.00011500802274769143
AC,c_a,NN,Neural Network,uncalibrated,4.899,1.199473,1.0013404654560207,0.0033029905785219985,6.0,0.00011327659802273293
AC,c_a,NN,Neural Network,uncalibrated,4.9,1.19964,1.0013555567501218,0.003245160001063586,6.0,0.00011160839783525014
AC,c_a,NN,Neural Network,uncalibrated,4.901,1.199805,1.0013691839816183,0.00319031615947555,6.0,0.00011001039108949201
AC,c_a,NN,Neural Network,uncalibrated,4.902,1.19997,1.001380910278602,0.003136344130044234,6.0,0.00010846891811833095
AC,c_a,NN,Neural Network,uncalibrated,4.903,1.200135,1.0013908360747141,0.0030832226654812114,6.0,0.00010698132195349244
AC,c_a,NN,Neural Network,uncalibrated,4.904,1.2003,1.00139905669187,0.003030931556481225,6.0,0.00010554509487822688
AC,c_a,NN,Neural Network,uncalibrated,4.905,1.2004650000000001,1.0014056626644607,0.002979451583552932,6.0,0.00010415786868809131
AC,c_a,NN,Neural Network,uncalibrated,4.906,1.2006299999999999,1.0014107400379832,0.00292876446967227,6.0,0.00010281740567616086
AC,c_a,NN,Neural Network,uncalibrated,4.907,1.200795,1.0014143706442935,0.002878852833926919,6.0,0.00010152159028225475
AC,c_a,NN,Neural Network,uncalibrated,4.908,1.20096,1.0014166323554927,0.0028297001462422207,6.0,0.00010026842135139415
AC,c_a,NN,Neural Network,uncalibrated,4.909,1.201125,1.0014175993182544,0.0027812906832859964,6.0,9.905600495161119e-05
AC,c_a,NN,Neural Network,uncalibrated,4.91,1.20129,1.0014173421702837,0.00273360948561817,6.0,9.788254770583787e-05
AC,c_a,NN,Neural Network,uncalibrated,4.911,1.201455,1.0014159282404276,0.002686642316142875,6.0,9.674635059659704e-05
AC,c_a,NN,Neural Network,uncalibrated,4.912,1.20162,1.0014134217338528,0.002640375619938404,6.0,9.564580320590387e-05
AC,c_a,NN,Neural Network,uncalibrated,4.913,1.201785,1.001409883903533,0.0025947964854466164,6.0,9.457937835609159e-05
AC,c_a,NN,Neural Network,uncalibrated,4.914,1.20195,1.001405373209249,0.002549892607103868,6.0,9.354562712025999e-05
AC,c_a,NN,Neural Network,uncalibrated,4.915,1.202115,1.00139994546514,0.0025056522493819987,6.0,9.254317417374213e-05
AC,c_a,NN,Neural Network,uncalibrated,4.916,1.20228,1.001393653976786,0.0024620642122662848,6.0,9.157071346045579e-05
AC,c_a,NN,Neural Network,uncalibrated,4.917,1.202445,1.0013865496687155,0.0024191177981832375,6.0,9.062700415018994e-05
AC,c_a,NN,Neural Network,uncalibrated,4.918,1.2026100000000002,1.0013786812031418,0.002376802780335276,6.0,8.971086686491621e-05
AC,c_a,NN,Neural Network,uncalibrated,4.919,1.202775,1.0013700950906501,0.002335109372467464,6.0,8.882118015403962e-05
AC,c_a,NN,Neural Network,uncalibrated,4.92,1.2029400000000001,1.0013608357935508,0.002294028200014611,6.0,8.79568772001331e-05
AC,c_a,NN,Neural Network,uncalibrated,4.921,1.203105,1.0013509458224599,0.0022535502726400056,6.0,8.711694273827285e-05
AC,c_a,NN,Neural Network,uncalibrated,4.922,1.20327,1.0013404658267122,0.002213666958114335,6.0,8.630041017338768e-05
AC,c_a,NN,Neural Network,uncalibrated,4.923,1.203435,1.0013294346790897,0.002174369957514678,6.0,8.550635888135777e-05
AC,c_a,NN,Neural Network,uncalibrated,4.924,1.2036000000000002,1.0013178895553392,0.0021356512817136083,6.0,8.473391168069699e-05
AC,c_a,NN,Neural Network,uncalibrated,4.925,1.203765,1.001305866008909,0.0020975032291330868,6.0,8.398223246271867e-05
AC,c_a,NN,Neural Network,uncalibrated,4.926,1.2039300000000002,1.001293398041273,0.0020599183646977455,6.0,8.325052396900877e-05
AC,c_a,NN,Neural Network,uncalibrated,4.927,1.204095,1.0012805181682203,0.0020228894999958493,6.0,8.253802570595177e-05
AC,c_a,NN,Neural Network,uncalibrated,4.928,1.20426,1.0012672574823975,0.0019864096745603336,6.0,8.184401198677625e-05
AC,c_a,NN,Neural Network,uncalibrated,4.929,1.204425,1.0012536457124424,0.0019504721382833882,6.0,8.11677900923973e-05
AC,c_a,NN,Neural Network,uncalibrated,4.93,1.20459,1.0012397112789082,0.0019150703348659033,6.0,8.050869854292314e-05
