transition,folder,tag,model,calibration,param,k4,chi,chi_err,chi_B,variance,variance_err,variance_B,ess_frac
AC,c_a,LR,Logistic Regression,uncalibrated,4.67,1.16367,0.06490487632524945,0.024707592578503315,5.0,9.758709083394144e-06,6.516019947540639e-05,100.0,8.344877164524838e-05
AC,c_a,LR,Logistic Regression,uncalibrated,4.671,1.1638186666666668,0.06442061369846962,0.023920327713640166,5.0,1.0191071750910143e-05,6.605392836411765e-05,100.0,8.439826767777777e-05
AC,c_a,LR,Logistic Regression,uncalibrated,4.672,1.1639673333333334,0.0638746850971215,0.02304402639329479,5.0,1.0640017022694702e-05,6.69764014172399e-05,100.0,8.536969289630483e-05
AC,c_a,LR,Logistic Regression,uncalibrated,4.673,1.164116,0.01659783175994172,0.027121691869719654,7.0,1.1106904533945627e-05,6.793095593800868e-05,100.0,8.636385881999471e-05
AC,c_a,LR,Logistic Regression,uncalibrated,4.674,1.1642646666666667,0.012509124135214836,0.03169790134123548,7.0,1.1593285798817476e-05,6.892139667203867e-05,100.0,8.73816224895784e-05
AC,c_a,LR,Logistic Regression,uncalibrated,4.675,1.1644133333333333,0.008191833448522881,0.03655612054345838,7.0,1.2100933858844796e-05,6.995206325526047e-05,100.0,8.842388989555044e-05
AC,c_a,LR,Logistic Regression,uncalibrated,4.676,1.164562,0.003646184778770184,0.04170211956520666,7.0,1.263187760805316e-05,7.102790791671773e-05,100.0,8.949161972145035e-05
AC,c_a,LR,Logistic Regression,uncalibrated,4.677,1.1647106666666667,-0.001125201561321204,0.04714001531070211,7.0,1.3188441553284357e-05,7.215458505382857e-05,100.0,9.058582743583647e-05
AC,c_a,LR,Logistic Regression,uncalibrated,4.678,1.1648593333333332,-0.0061169556066238764,0.05287197675645392,7.0,1.377329189589111e-05,7.333855454286334e-05,100.0,9.170758977082096e-05
AC,c_a,LR,Logistic Regression,uncalibrated,4.679,1.165008,-0.011320591841187999,0.0588979337805512,7.0,1.4389489970821173e-05,7.458720092010986e-05,100.0,9.285804962957498e-05
AC,c_a,LR,Logistic Regression,uncalibrated,4.68,1.1651566666666666,-0.016724137591239904,0.06521529221237524,7.0,1.5040554255490596e-05,7.59089708691971e-05,100.0,9.403842147055465e-05
AC,c_a,LR,Logistic Regression,uncalibrated,4.681,1.1653053333333332,-0.02231176237905526,0.07181866036193679,7.0,1.573053236851198e-05,7.731353177435352e-05,100.0,9.524999722231415e-05
AC,c_a,LR,Logistic Regression,uncalibrated,4.682,1.165454,-0.028063415647555358,0.0786995937418793,7.0,1.6464084723081934e-05,7.88119544424961e-05,100.0,9.649415278955912e-05
AC,c_a,LR,Logistic Regression,uncalibrated,4.683,1.1656026666666666,-0.03395448078494544,0.08584636545231868,7.0,1.7246581788649717e-05,8.041692345129504e-05,100.0,9.777235521907038e-05
AC,c_a,LR,Logistic Regression,uncalibrated,4.684,1.1657513333333334,-0.03995545362120324,0.09324376991078101,7.0,1.8084217255704e-05,8.21429789338735e-05,100.0,9.908617060323098e-05
AC,c_a,LR,Logistic Regression,uncalibrated,4.685,1.1659,-0.04603165349531005,0.10087296731876585,7.0,1.8984139801737447e-05,8.400679394831221e-05,100.0,0.00010043727280913993
AC,c_a,LR,Logistic Regression,uncalibrated,4.686,1.1660486666666665,-0.0521429745927071,0.10871137547645468,7.0,1.99546066339281e-05,8.602749188467373e-05,100.0,0.00010182745313344373
AC,c_a,LR,Logistic Regression,uncalibrated,4.687,1.1661973333333333,-0.05824368454731702,0.11673261430488106,7.0,2.1005162549684318e-05,8.822700861380907e-05,100.0,0.00010325863099662726
AC,c_a,LR,Logistic Regression,uncalibrated,4.688,1.1663459999999999,-0.06428227635745973,0.12490650675792034,7.0,2.2146848927095573e-05,9.063050426437593e-05,100.0,0.00010473286580649548
AC,c_a,LR,Logistic Regression,uncalibrated,4.689,1.1664946666666667,-0.07020137858839635,0.13319913778450923,7.0,2.3392447853809277e-05,9.326682961610755e-05,100.0,0.00010625237013902548
AC,c_a,LR,Logistic Regression,uncalibrated,4.69,1.1666433333333333,-0.07593772778008614,0.14157297075414416,7.0,2.475676754943344e-05,9.616905212015118e-05,100.0,0.00010781952440591674
AC,c_a,LR,Logistic Regression,uncalibrated,4.691,1.1667919999999998,-0.08142220614124289,0.14998701844297851,7.0,2.625697636277088e-05,9.937504652509107e-05,100.0,0.00010943689320315829
AC,c_a,LR,Logistic Regression,uncalibrated,4.692,1.1669406666666666,-0.08657994720807283,0.1583970634743234,7.0,2.7912993965983793e-05,0.00010292815505076879,100.0,0.00011110724356349707
AC,c_a,LR,Logistic Regression,uncalibrated,4.693,1.1670893333333332,-0.09133051240980349,0.16675592121664212,7.0,2.974794996608767e-05,0.00010687792210022201,100.0,0.00011283356536946829
AC,c_a,LR,Logistic Regression,uncalibrated,4.694,1.1672379999999998,-0.09558814262818459,0.17501373676002316,7.0,3.178872206069967e-05,0.00011128090875722993,100.0,0.00011461909422284111
AC,c_a,LR,Logistic Regression,uncalibrated,4.695,1.1673866666666666,-0.09926209104058444,0.1831183068985973,7.0,3.40665681409434e-05,0.00011620159293944835,100.0,0.00011646733711224581
AC,c_a,LR,Logistic Regression,uncalibrated,4.696,1.1675353333333331,-0.10225704690030811,0.19101541818735654,7.0,3.661786946399759e-05,0.0001217133622340307,100.0,0.00011838210127475814
AC,c_a,LR,Logistic Regression,uncalibrated,4.697,1.167684,-0.10447366443195479,0.19864919321256133,7.0,3.948500526906239e-05,0.00012789960828420803,100.0,0.0001203675267107825
AC,c_a,LR,Logistic Regression,uncalibrated,4.698,1.1678326666666665,-0.10580921656304217,0.20596243925100488,7.0,4.2717383099798756e-05,0.0001348549342116837,100.0,0.00012242812288621702
AC,c_a,LR,Logistic Regression,uncalibrated,4.699,1.167981333333333,-0.10615839946020024,0.21289699646446728,7.0,4.6372653751174204e-05,0.0001426864899399554,100.0,0.00012456881024467596
AC,c_a,LR,Logistic Regression,uncalibrated,4.7,1.16813,-0.10541432026034057,0.21939408657610027,7.0,5.0518145331216374e-05,0.00015151545427592015,100.0,0.00012679496725714488
AC,c_a,LR,Logistic Regression,uncalibrated,4.701,1.1682819999999998,-0.10348321921707937,0.22554020517213247,7.0,5.539729105791941e-05,0.00016176748351284166,100.0,0.0001292172037597969
AC,c_a,LR,Logistic Regression,uncalibrated,4.702,1.168434,-0.10020083844535235,0.23111117315825894,7.0,6.097369334995986e-05,0.00017336677935498034,100.0,0.00013174330426974875
AC,c_a,LR,Logistic Regression,uncalibrated,4.703,1.168586,-0.09545843007904692,0.23604542290217603,7.0,6.73635921751162e-05,0.0001864993768693719,100.0,0.0001343809123327623
AC,c_a,LR,Logistic Regression,uncalibrated,4.704,1.1687379999999998,-0.08915261963359614,0.24028245629781175,7.0,7.470368833234768e-05,0.00020137534990531745,100.0,0.00013713846399900822
AC,c_a,LR,Logistic Regression,uncalibrated,4.705,1.16889,-0.08118812327708308,0.24376341441019853,7.0,8.315490003274093e-05,0.00021823176484235654,100.0,0.0001400252902684325
AC,c_a,LR,Logistic Regression,uncalibrated,4.706,1.169042,-0.06454999193992364,0.24822038252559034,98.0,9.290683676334828e-05,0.0002373360107005028,100.0,0.00014305173518405043
AC,c_a,LR,Logistic Regression,uncalibrated,4.707,1.1691939999999998,-0.05550688271875609,0.25343934604516766,98.0,0.00010418313145894707,0.00025898954191484665,100.0,0.00014622929232186138
AC,c_a,LR,Logistic Regression,uncalibrated,4.708,1.169346,-0.04430768097850174,0.25750539239373393,98.0,0.00011724779992729146,0.0002835320647109019,100.0,0.00014957076297127372
AC,c_a,LR,Logistic Regression,uncalibrated,4.709,1.169498,-0.030903404660179212,0.2603483957576839,98.0,0.00013241282970996994,0.00031134618998804916,100.0,0.00015309043996605769
AC,c_a,LR,Logistic Regression,uncalibrated,4.71,1.1696499999999999,-0.015281334769193522,0.26191214381104916,98.0,0.00015004723997603654,0.00034286256449900286,100.0,0.0001568043219416903
AC,c_a,LR,Logistic Regression,uncalibrated,4.711,1.169802,0.0025306604301281177,0.26215612922298676,98.0,0.00017058790056523234,0.000378565477148552,100.0,0.00016073036379798006
AC,c_a,LR,Logistic Regression,uncalibrated,4.712,1.169954,0.022460666237840737,0.26105725359703524,98.0,0.0001945524528756979,0.0004189989172473722,100.0,0.00016488877038366989
AC,c_a,LR,Logistic Regression,uncalibrated,4.713,1.170106,0.04439052764117235,0.25861138029013886,98.0,0.0002225547388319595,0.00046477303487702437,100.0,0.00016930234195257585
AC,c_a,LR,Logistic Regression,uncalibrated,4.714,1.170258,0.06769821929628778,0.25490140493508556,67.0,0.0002553232174274141,0.0005165709179677122,100.0,0.00017399688184572157
AC,c_a,LR,Logistic Regression,uncalibrated,4.715,1.17041,0.09299490891192952,0.249928507768231,67.0,0.00029372293174425234,0.000575155553574162,100.0,0.0001790016792318094
AC,c_a,LR,Logistic Regression,uncalibrated,4.716,1.170562,0.11967019127518588,0.2437244259318581,67.0,0.0003387816827614687,0.0006413767789566301,100.0,0.0001843500827162729
AC,c_a,LR,Logistic Regression,uncalibrated,4.717,1.170714,0.14743949849856985,0.23636890594835278,67.0,0.00039172116858112523,0.0007161779478145832,100.0,0.00019008018437594962
AC,c_a,LR,Logistic Regression,uncalibrated,4.718,1.170866,0.17599148259638148,0.22796230592883154,67.0,0.00045399395637446115,0.0008006019344050118,100.0,0.00019623563850860822
AC,c_a,LR,Logistic Regression,uncalibrated,4.719,1.1710180000000001,0.20499834272612966,0.21862387703362726,67.0,0.0005273272646300286,0.0008957959691968021,100.0,0.00020286664538948107
AC,c_a,LR,Logistic Regression,uncalibrated,4.72,1.17117,0.2341274347262428,0.208489182581332,67.0,0.0006137746373088453,0.0010030146402820212,100.0,0.00021003113797567964
AC,c_a,LR,Logistic Regression,uncalibrated,4.721,1.1713200000000001,0.2627883855966973,0.19779318453165243,67.0,0.0007142585622202245,0.0011219776076722755,100.0,0.00021765008387230304
AC,c_a,LR,Logistic Regression,uncalibrated,4.722,1.1714700000000002,0.29094592337173675,0.18661897690898638,67.0,0.0008326711970429623,0.0012554008531145573,100.0,0.00022592779898294828
AC,c_a,LR,Logistic Regression,uncalibrated,4.723,1.17162,0.3183305320944624,0.17512329534816823,67.0,0.0009723084194813872,0.001404785309874039,100.0,0.00023495153889872402
AC,c_a,LR,Logistic Regression,uncalibrated,4.724,1.1717700000000002,0.3447085469663259,0.16346225262368816,67.0,0.001137067030138474,0.0015717083081939326,100.0,0.0002448233606830385
AC,c_a,LR,Logistic Regression,uncalibrated,4.725,1.17192,0.36988736814720136,0.15178677716114888,67.0,0.0013315459591465829,0.0017578012215730137,100.0,0.00025566312937637815
AC,c_a,LR,Logistic Regression,uncalibrated,4.726,1.17207,0.3937179317444067,0.1402384034984232,67.0,0.0015611601820854429,0.0019647170753545285,100.0,0.0002676122316967537
AC,c_a,LR,Logistic Regression,uncalibrated,4.727,1.17222,0.4160945129325814,0.1289456779422525,67.0,0.0018322670203290928,0.0021940858794621057,100.0,0.00028083818532370717
AC,c_a,LR,Logistic Regression,uncalibrated,4.728,1.17237,0.4369521892675792,0.11802138662844779,67.0,0.002152303506707134,0.002447455326391731,100.0,0.0002955403880103421
AC,c_a,LR,Logistic Regression,uncalibrated,4.729,1.17252,0.4562624723819677,0.10756073661595197,67.0,0.0025299320933415714,0.0027262145380528018,100.0,0.00031195732478434533
AC,c_a,LR,Logistic Regression,uncalibrated,4.73,1.17267,0.47402770687028334,0.09764053485513399,67.0,0.002975190085415795,0.003031498840290741,100.0,0.00033037565006073955
AC,c_a,LR,Logistic Regression,uncalibrated,4.731,1.172823,0.49051381958177326,0.08819063767931747,67.0,0.0035110341804150437,0.0033708268272580216,100.0,0.00035165085371380365
AC,c_a,LR,Logistic Regression,uncalibrated,4.732,1.172976,0.5061696882948981,0.07946934928392403,36.0,0.00415009631747998,0.003739140857023405,25.0,0.00037581691595679344
AC,c_a,LR,Logistic Regression,uncalibrated,4.733,1.1731289999999999,0.5196228607776485,0.07143438984714312,36.0,0.0048875687210548245,0.0041494133874362136,25.0,0.0004034219692603721
AC,c_a,LR,Logistic Regression,uncalibrated,4.734,1.173282,0.5316936359016706,0.0640942683060952,36.0,0.005753525000821943,0.0045905699417079955,25.0,0.00043514209726528737
AC,c_a,LR,Logistic Regression,uncalibrated,4.735,1.173435,0.5424505769567738,0.05745032378022597,36.0,0.00676771290598494,0.005060810237897493,25.0,0.00047181629102988445
AC,c_a,LR,Logistic Regression,uncalibrated,4.736,1.1735879999999999,0.5519607099056208,0.051494242666290976,36.0,0.007951799662443885,0.005557043066782656,25.0,0.0005144922384397721
AC,c_a,LR,Logistic Regression,uncalibrated,4.737,1.173741,0.5602866823144496,0.046210168967018767,36.0,0.009329155211734242,0.00607467954997696,25.0,0.0005644866627967719
AC,c_a,LR,Logistic Regression,uncalibrated,4.738,1.173894,0.5674848780565491,0.04157621958792825,36.0,0.010924475020803823,0.006607461360183445,25.0,0.0006234653070401647
AC,c_a,LR,Logistic Regression,uncalibrated,4.739,1.1740469999999998,0.5736044076327029,0.03756516088962202,36.0,0.012763216310410594,0.00714735182074987,25.0,0.000693549584002521
AC,c_a,LR,Logistic Regression,uncalibrated,4.74,1.1742,0.578686875687041,0.03414412381552291,36.0,0.014870831824822874,0.0076845213316261395,25.0,0.0007774596018777305
AC,c_a,LR,Logistic Regression,uncalibrated,4.741,1.1743549999999998,0.5828049313625935,0.03124587293601589,36.0,0.01730497768036152,0.008214164741977,25.0,0.0008801955825334139
AC,c_a,LR,Logistic Regression,uncalibrated,4.742,1.17451,0.5862406514740052,0.02898473579839637,48.0,0.020063390182315753,0.00871582224312372,25.0,0.0010054711246032212
AC,c_a,LR,Logistic Regression,uncalibrated,4.743,1.174665,0.5884413229002504,0.027248015915684397,48.0,0.023165743299762964,0.009175028818276941,25.0,0.001159525720367244
AC,c_a,LR,Logistic Regression,uncalibrated,4.744,1.17482,0.589685267385327,0.025918915231188867,48.0,0.02662673750387924,0.00957693874491003,25.0,0.0013506100757524656
AC,c_a,LR,Logistic Regression,uncalibrated,4.745,1.1749749999999999,0.5899913466600671,0.02491531743766044,48.0,0.030454772841752874,0.009907134583122775,25.0,0.0015897070507698914
AC,c_a,LR,Logistic Regression,uncalibrated,4.746,1.17513,0.5893791569689504,0.024152212916769066,48.0,0.034650827911615445,0.010152544496841446,25.0,0.0018915291127492647
AC,c_a,LR,Logistic Regression,uncalibrated,4.747,1.175285,0.587870678466656,0.02354791826857725,48.0,0.039207676281218865,0.010302389239774676,25.0,0.002275901077935863
AC,c_a,LR,Logistic Regression,uncalibrated,4.748,1.17544,0.5854915381372687,0.023029401799156173,48.0,0.04410954722215224,0.010349060613418882,25.0,0.002769678079472041
AC,c_a,LR,Logistic Regression,uncalibrated,4.749,1.175595,0.5822717712766836,0.022535829017940153,48.0,0.049332291363904816,0.010288826412799521,25.0,0.003409402713798438
AC,c_a,LR,Logistic Regression,uncalibrated,4.75,1.17575,0.5782460256605182,0.02202022126552962,48.0,0.054844050468782095,0.010122266666322459,25.0,0.004244973240747661
AC,c_a,LR,Logistic Regression,uncalibrated,4.751,1.175904,0.5733911251583734,0.021490933424908452,45.0,0.06056836522002258,0.009856273397974487,25.0,0.005336710335469649
AC,c_a,LR,Logistic Regression,uncalibrated,4.752,1.176058,0.5679273031420611,0.020948969762098785,45.0,0.06649711296459,0.00949921136461944,25.0,0.006780877477035919
AC,c_a,LR,Logistic Regression,uncalibrated,4.753,1.176212,0.5617901808523521,0.0202861029187969,45.0,0.07258399145060596,0.009063495710505545,25.0,0.008702510750618668
AC,c_a,LR,Logistic Regression,uncalibrated,4.754,1.176366,0.5550250240758979,0.01951146770597677,45.0,0.07878072433246258,0.00856412920286235,25.0,0.011271520164585252
AC,c_a,LR,Logistic Regression,uncalibrated,4.755,1.17652,0.5476767048057031,0.018640356286105633,45.0,0.08503844818108701,0.008017664708713906,25.0,0.014717110165289557
AC,c_a,LR,Logistic Regression,uncalibrated,4.756,1.176674,0.5397885343256531,0.01769245220074243,45.0,0.09130885656308335,0.007441103325646059,25.0,0.019344967142865765
AC,c_a,LR,Logistic Regression,uncalibrated,4.757,1.176828,0.5314013239068869,0.016690166933867292,45.0,0.09754504859499392,0.00685083916873013,25.0,0.025556090061358894
AC,c_a,LR,Logistic Regression,uncalibrated,4.758,1.176982,0.5225527356160616,0.01565713006171983,45.0,0.103702076069519,0.006261746616034841,25.0,0.033864516244485346
AC,c_a,LR,Logistic Regression,uncalibrated,4.759,1.177136,0.5135264973168995,0.014836332741135981,27.0,0.10973722115837001,0.005686480772493249,25.0,0.044908830856231124
AC,c_a,LR,Logistic Regression,uncalibrated,4.76,1.17729,0.5038587156172483,0.014064522667908422,25.0,0.11561006158810547,0.0051350329046124885,25.0,0.05944958630405114
AC,c_a,LR,Logistic Regression,uncalibrated,4.761,1.177448,0.4935147629847308,0.013284330614621765,25.0,0.12136764929279144,0.0047446995801554825,6.0,0.07888890256776035
AC,c_a,LR,Logistic Regression,uncalibrated,4.762,1.177606,0.48281046874112166,0.012532531371938651,25.0,0.12693459883620922,0.004509211750741458,6.0,0.10386790101355786
AC,c_a,LR,Logistic Regression,uncalibrated,4.763,1.177764,0.4717700941697772,0.011823085545885782,25.0,0.13221895713920592,0.004266065311356195,6.0,0.13527796217247937
AC,c_a,LR,Logistic Regression,uncalibrated,4.764,1.1779220000000001,0.4604158405653315,0.01116603786720485,25.0,0.1371797003566458,0.004191805183537924,4.0,0.17379794350683814
AC,c_a,LR,Logistic Regression,uncalibrated,4.765,1.17808,0.4487686330233957,0.01056750751387437,25.0,0.14178995538766798,0.004085182749484738,4.0,0.21974829295341783
AC,c_a,LR,Logistic Regression,uncalibrated,4.766,1.1782380000000001,0.4368488850711372,0.010029924949744388,25.0,0.14601818086054286,0.003918048955937015,4.0,0.2729815810547358
AC,c_a,LR,Logistic Regression,uncalibrated,4.767,1.1783960000000002,0.42468138500343117,0.009587525386765458,27.0,0.14983353641090075,0.003692256154747268,4.0,0.3328440378130527
AC,c_a,LR,Logistic Regression,uncalibrated,4.768,1.178554,0.4122791293912838,0.00921609654685865,27.0,0.15320759218081467,0.003411925373046158,4.0,0.3982182733217403
AC,c_a,LR,Logistic Regression,uncalibrated,4.769,1.1787120000000002,0.3996378414785155,0.008925952083949583,23.0,0.15611466568697774,0.0030829210383872016,4.0,0.4676268106118885
AC,c_a,LR,Logistic Regression,uncalibrated,4.77,1.17887,0.3868496982674798,0.00872751843330211,23.0,0.15853220972254606,0.002712517107468466,4.0,0.5393577605446005
AC,c_a,LR,Logistic Regression,uncalibrated,4.771,1.1790250000000002,0.3741530184162838,0.008571621642896024,23.0,0.16040898780271862,0.0023173738324753553,4.0,0.6102214962437416
AC,c_a,LR,Logistic Regression,uncalibrated,4.772,1.1791800000000001,0.36133038911661286,0.008443707485906204,23.0,0.16170831261274218,0.001985327498711625,3.0,0.6797843120989653
AC,c_a,LR,Logistic Regression,uncalibrated,4.773,1.179335,0.3484102075786582,0.008334609872624495,23.0,0.1625692887103776,0.0016952048136491707,3.0,0.746288815471181
AC,c_a,LR,Logistic Regression,uncalibrated,4.774,1.1794900000000001,0.3354224937400574,0.008236266416228493,23.0,0.16291311808548053,0.0013758308847797937,3.0,0.8080263069354313
AC,c_a,LR,Logistic Regression,uncalibrated,4.775,1.179645,0.32239867352380963,0.0081418490024878,23.0,0.1627212180070295,0.001185146949992415,79.0,0.8633744085968219
AC,c_a,LR,Logistic Regression,uncalibrated,4.776,1.1798,0.3094214823783271,0.008311042912521828,4.0,0.16203086920524096,0.001253990679763675,25.0,0.9108435741118219
AC,c_a,LR,Logistic Regression,uncalibrated,4.777,1.179955,0.29641478404248656,0.00848274197029137,4.0,0.16082381941818585,0.0013675474516103689,25.0,0.9491333338489312
AC,c_a,LR,Logistic Regression,uncalibrated,4.778,1.18011,0.28347123061350943,0.008599296851280074,4.0,0.15914644082231272,0.001507193416637293,23.0,0.977193173796852
AC,c_a,LR,Logistic Regression,uncalibrated,4.779,1.180265,0.27062492157031653,0.008662085684309094,4.0,0.1569706676404441,0.0017134758753011594,23.0,0.9942795528829523
AC,c_a,LR,Logistic Regression,uncalibrated,4.78,1.18042,0.2579094857954173,0.008673135333768128,4.0,0.15434092450428094,0.0019209627488217297,23.0,1.0
AC,c_a,LR,Logistic Regression,uncalibrated,4.781,1.1805759999999998,0.2452761921580455,0.008634736156990577,4.0,0.15130287228795938,0.002280383167337079,4.0,0.9942645896402904
AC,c_a,LR,Logistic Regression,uncalibrated,4.782,1.180732,0.2328408168447284,0.008549480056268348,4.0,0.1478148111268251,0.0026128410620611157,4.0,0.9773653329498592
AC,c_a,LR,Logistic Regression,uncalibrated,4.783,1.1808880000000002,0.22063388906495546,0.008420731439065235,4.0,0.14395659265933686,0.0029106929079918075,4.0,0.9500273345790389
AC,c_a,LR,Logistic Regression,uncalibrated,4.784,1.181044,0.2086840095374183,0.008252153624150564,4.0,0.13976465827005702,0.003170428544976591,4.0,0.913288606465064
AC,c_a,LR,Logistic Regression,uncalibrated,4.785,1.1812,0.19701758997024887,0.008047654041557956,4.0,0.13527746671155583,0.003389869423967313,4.0,0.8684379071846742
AC,c_a,LR,Logistic Regression,uncalibrated,4.786,1.1813559999999999,0.18565864517569733,0.0078113282615030035,4.0,0.13053486389158275,0.0035679357964620013,4.0,0.81694380785707
AC,c_a,LR,Logistic Regression,uncalibrated,4.787,1.181512,0.17462863941200424,0.007547400740128724,4.0,0.12557745707544518,0.003704510859340262,4.0,0.7603813072040916
AC,c_a,LR,Logistic Regression,uncalibrated,4.788,1.1816680000000002,0.16394638630358283,0.007260162031538027,4.0,0.12044601128896315,0.0038003353134573306,4.0,0.7003609171659473
AC,c_a,LR,Logistic Regression,uncalibrated,4.789,1.181824,0.15362799972839442,0.006953903496391109,4.0,0.11518088309322388,0.003856906581182519,4.0,0.638463433960793
AC,c_a,LR,Logistic Regression,uncalibrated,4.79,1.18198,0.1436868914504972,0.006632851359009113,4.0,0.10982150379138378,0.0038763733008284305,4.0,0.5761821615644567
AC,c_a,LR,Logistic Regression,uncalibrated,4.791,1.1821380000000001,0.13401220846531448,0.006296710652552791,4.0,0.10433533034828349,0.003861022185478976,4.0,0.5141088739386348
AC,c_a,LR,Logistic Regression,uncalibrated,4.792,1.182296,0.12474419003816542,0.005953569856498355,4.0,0.09882916702058886,0.003813533395916972,4.0,0.4542578398792472
AC,c_a,LR,Logistic Regression,uncalibrated,4.793,1.1824540000000001,0.11588869267110476,0.005607233882434812,4.0,0.09333848670393022,0.0037374534653386057,4.0,0.3976342133286411
AC,c_a,LR,Logistic Regression,uncalibrated,4.794,1.182612,0.10744908768310918,0.005261204360278638,4.0,0.08789625796242073,0.003636523656903789,4.0,0.3450053447362541
AC,c_a,LR,Logistic Regression,uncalibrated,4.795,1.18277,0.09942641020918583,0.0049186422211479576,4.0,0.08253273192375543,0.00351456299337879,4.0,0.2968951445077047
AC,c_a,LR,Logistic Regression,uncalibrated,4.796,1.1829280000000002,0.09181951854491603,0.004582342171543088,4.0,0.07727529213193057,0.0033753625623603382,4.0,0.25359268819238007
AC,c_a,LR,Logistic Regression,uncalibrated,4.797,1.183086,0.08465821409506627,0.004290532653394248,2.0,0.07214836150948864,0.0032225943608226244,4.0,0.21517405422101685
AC,c_a,LR,Logistic Regression,uncalibrated,4.798,1.1832440000000002,0.07786570787927259,0.004129995108317533,2.0,0.0672028613142488,0.0031330778383927838,2.0,0.1815347472846845
AC,c_a,LR,Logistic Regression,uncalibrated,4.799,1.183402,0.07141024520447734,0.003961801420722421,86.0,0.06239480101599665,0.0030761230929574057,2.0,0.15242877440780478
AC,c_a,LR,Logistic Regression,uncalibrated,4.8,1.18356,0.06540366485319304,0.0038471897970408313,86.0,0.05777204607058667,0.0030009940186474515,2.0,0.12750990607931745
AC,c_a,LR,Logistic Regression,uncalibrated,4.801,1.183718,0.059780028944736635,0.0037306727276902167,86.0,0.053297213391816554,0.002921891292943397,86.0,0.10637097994639055
AC,c_a,LR,Logistic Regression,uncalibrated,4.802,1.183876,0.054528696929857984,0.003612116037894701,86.0,0.049072483738985234,0.002887796555373023,86.0,0.08857810488917006
AC,c_a,LR,Logistic Regression,uncalibrated,4.803,1.184034,0.04963794591647315,0.003491449240922176,86.0,0.04506252658889129,0.0028448097841504666,86.0,0.07369794618020596
AC,c_a,LR,Logistic Regression,uncalibrated,4.804,1.1841920000000001,0.045095107709167394,0.0033686790012254614,86.0,0.04127217408293059,0.0027932587327612213,86.0,0.061317559495885604
AC,c_a,LR,Logistic Regression,uncalibrated,4.805,1.18435,0.04088670200917111,0.003243898665866992,86.0,0.03770390773290594,0.0027335553811596333,86.0,0.0510572449757476
AC,c_a,LR,Logistic Regression,uncalibrated,4.806,1.1845080000000001,0.036998566790645164,0.0031172933258770555,86.0,0.034358032979622144,0.002666201836534019,86.0,0.042577512612676796
AC,c_a,LR,Logistic Regression,uncalibrated,4.807,1.1846660000000002,0.03341598673087864,0.002989140108051908,86.0,0.031232866168596052,0.002591791730377731,86.0,0.03558150923239183
AC,c_a,LR,Logistic Regression,uncalibrated,4.808,1.184824,0.0301238202739274,0.0028598036755998414,86.0,0.028324931549757175,0.0025110067124358166,86.0,0.029814245500270068
AC,c_a,LR,Logistic Regression,uncalibrated,4.809,1.1849820000000002,0.027106625498076582,0.0027297272149576467,86.0,0.025629165795743074,0.002424608025317377,86.0,0.02505978653191219
AC,c_a,LR,Logistic Regression,uncalibrated,4.81,1.18514,0.02434878448753631,0.0025994194791111682,86.0,0.023139127327016014,0.0023334235360437565,86.0,0.021137324526073673
AC,c_a,LR,Logistic Regression,uncalibrated,4.811,1.1853010000000002,0.02178893009518978,0.002467010548310204,86.0,0.020805352612882588,0.002236522242764054,86.0,0.01784477152235389
AC,c_a,LR,Logistic Regression,uncalibrated,4.812,1.1854620000000002,0.01946570083282856,0.0023355858314549195,86.0,0.018668319705561945,0.0021365428082130607,86.0,0.015128833629589935
AC,c_a,LR,Logistic Regression,uncalibrated,4.813,1.185623,0.01736275820459052,0.0022057795132733077,86.0,0.01671813372790449,0.002034453955435887,86.0,0.012882952875288303
AC,c_a,LR,Logistic Regression,uncalibrated,4.814,1.1857840000000002,0.015464077347504306,0.002078217247949672,86.0,0.014944310404634719,0.0019312098153465933,86.0,0.011020415180630405
AC,c_a,LR,Logistic Regression,uncalibrated,4.815,1.185945,0.013754055185489967,0.001953496860298837,86.0,0.013335980811915534,0.001827727754107366,86.0,0.009470831475644235
AC,c_a,LR,Logistic Regression,uncalibrated,4.816,1.1861059999999999,0.012217607161262422,0.0018321714150137968,86.0,0.011882080461819853,0.0017248685598526266,86.0,0.008177146393509768
AC,c_a,LR,Logistic Regression,uncalibrated,4.817,1.186267,0.010840250989863217,0.0017147353800923812,86.0,0.010571520104619335,0.0016234199250803475,86.0,0.007093137529795764
AC,c_a,LR,Logistic Regression,uncalibrated,4.818,1.1864279999999998,0.009608176289309727,0.0016016143211761368,86.0,0.009393336304982479,0.0015240838329292018,86.0,0.006181350795700424
AC,c_a,LR,Logistic Regression,uncalibrated,4.819,1.186589,0.008508299431193408,0.001493158275245542,86.0,0.008336820593451491,0.0014274681165104856,86.0,0.005411411706962208
AC,c_a,LR,Logistic Regression,uncalibrated,4.82,1.18675,0.007528303471169093,0.0013896386927071097,86.0,0.007391626756668276,0.00133408214653009,86.0,0.0047586537201537325
AC,c_a,LR,Logistic Regression,uncalibrated,4.821,1.1869159999999999,0.006631337995247931,0.0012884287419513288,86.0,0.006523297090766882,0.0012417555766953395,86.0,0.00418892283966249
AC,c_a,LR,Logistic Regression,uncalibrated,4.822,1.187082,0.005837848304518999,0.0011928014300620394,86.0,0.005752532857387288,0.0011536448230259773,86.0,0.003704183047656208
AC,c_a,LR,Logistic Regression,uncalibrated,4.823,1.187248,0.00513699161782363,0.0011028013665354017,86.0,0.005069677647155557,0.0010699867495978718,86.0,0.003289984210921761
AC,c_a,LR,Logistic Regression,uncalibrated,4.824,1.187414,0.0045261483732054,0.0010207815161811884,90.0,0.004472898241145951,0.0009932845319876448,90.0,0.0029345555428652377
AC,c_a,LR,Logistic Regression,uncalibrated,4.825,1.1875799999999999,0.003980150394663008,0.0009439746922665767,90.0,0.003938198834800068,0.0009209178682052362,90.0,0.0026282792544390127
AC,c_a,LR,Logistic Regression,uncalibrated,4.826,1.187746,0.003499710938259928,0.0008719112036063165,90.0,0.0034666700398068044,0.0008525898808178157,90.0,0.0023632712888706263
AC,c_a,LR,Logistic Regression,uncalibrated,4.827,1.1879119999999999,0.003077360261212173,0.0008045280815087611,90.0,0.0030513403505545477,0.0007883431875026703,90.0,0.0021330470785052304
AC,c_a,LR,Logistic Regression,uncalibrated,4.828,1.188078,0.0027063708406701997,0.0007417159218357551,90.0,0.002685879182349517,0.0007281600906381841,90.0,0.0019322547342813965
AC,c_a,LR,Logistic Regression,uncalibrated,4.829,1.1882439999999999,0.0023807075735380505,0.0006833276683875407,90.0,0.0023645667533374153,0.000671972651343194,90.0,0.001756461701836695
AC,c_a,LR,Logistic Regression,uncalibrated,4.83,1.18841,0.0020949761880943063,0.0006291869889707144,90.0,0.0020822586408470157,0.0006196723826710071,90.0,0.0016019838257777944
AC,c_a,LR,Logistic Regression,uncalibrated,4.831,1.188561,0.001865379161663782,0.0005830713717384591,90.0,0.0018551386974275984,0.0005749740596779026,90.0,0.0014754868494637988
AC,c_a,LR,Logistic Regression,uncalibrated,4.832,1.188712,0.001661649617713652,0.0005401830655866967,90.0,0.0016534004366924768,0.0005332882207653215,90.0,0.001362413071908542
AC,c_a,LR,Logistic Regression,uncalibrated,4.833,1.188863,0.0014808959876076119,0.0005003560874839565,90.0,0.0014742478320545706,0.0004944811607449561,90.0,0.0012610582001769369
AC,c_a,LR,Logistic Regression,uncalibrated,4.834,1.189014,0.0013205326493327624,0.0004634208665859208,90.0,0.0013151721055457248,0.0004584109416036807,90.0,0.0011699640632794014
AC,c_a,LR,Logistic Regression,uncalibrated,4.835,1.189165,0.0011782519220610477,0.00042920706315741227,90.0,0.0011739273241814176,0.0004249308141330625,90.0,0.0010878795021856305
AC,c_a,LR,Logistic Regression,uncalibrated,4.836,1.189316,0.0010519976872208582,0.0003975458958905375,90.0,0.0010485069505228321,0.00039389208796906315,90.0,0.0010137279429927517
AC,c_a,LR,Logistic Regression,uncalibrated,4.837,1.189467,0.0009399407464027953,0.00036827201651063466,90.0,0.0009371215763744683,0.00036514648987053384,90.0,0.0009465804458299023
AC,c_a,LR,Logistic Regression,uncalibrated,4.838,1.189618,0.0008434317493053982,0.0003431036198817742,6.0,0.0008411867397527156,0.0003401775079381733,6.0,0.0008856332495530996
AC,c_a,LR,Logistic Regression,uncalibrated,4.839,1.189769,0.0007522006757079835,0.0003239544786688042,6.0,0.0007504254387929271,0.0003213866618304479,6.0,0.0008301890156313688
AC,c_a,LR,Logistic Regression,uncalibrated,4.84,1.18992,0.0006710977975911242,0.00030582113281788745,6.0,0.0006696998007248434,0.00030356574587526866,6.0,0.000779641122541762
AC,c_a,LR,Logistic Regression,uncalibrated,4.841,1.1900860000000002,0.0005924938101649473,0.0002870940647065119,6.0,0.0005914243688941628,0.0002851357484012927,6.0,0.0007301382361791967
AC,c_a,LR,Logistic Regression,uncalibrated,4.842,1.190252,0.0005233658412237494,0.0002694980772081443,6.0,0.0005225541422188934,0.00026779556214451007,6.0,0.0006851632898837707
AC,c_a,LR,Logistic Regression,uncalibrated,4.843,1.1904180000000002,0.0004625404479088473,0.0002529848221842989,6.0,0.00046193065744174866,0.0002515026811991854,6.0,0.0006442058942732731
AC,c_a,LR,Logistic Regression,uncalibrated,4.844,1.190584,0.0004089901850155099,0.0002375048210760109,6.0,0.0004085382848480662,0.0002362126540739424,6.0,0.000606822894946506
AC,c_a,LR,Logistic Regression,uncalibrated,4.845,1.19075,0.0003618158645566577,0.00022300795442699455,6.0,0.00036148715739664494,0.00022187968038691434,6.0,0.0005726283883030326
AC,c_a,LR,Logistic Regression,uncalibrated,4.846,1.190916,0.00032023082707417983,0.0002094439388449123,6.0,0.00031999796996336677,0.00020845718280741076,6.0,0.0005412853659869972
AC,c_a,LR,Logistic Regression,uncalibrated,4.847,1.1910820000000002,0.0002835470330682155,0.0001967627703446362,6.0,0.0002833884868545336,0.00019589833410868098,6.0,0.0005124987015359216
AC,c_a,LR,Logistic Regression,uncalibrated,4.848,1.191248,0.000251162792257422,0.00018491512107661668,6.0,0.00025106159891460006,0.0001841565272935239,6.0,0.0004860092463781918
AC,c_a,LR,Logistic Regression,uncalibrated,4.849,1.1914140000000002,0.00022944092248054483,0.00017393274712459666,3.0,0.00022938332274794837,0.00017330079997853026,3.0,0.000461588845347081
AC,c_a,LR,Logistic Regression,uncalibrated,4.85,1.19158,0.00020353382707529773,0.00016374538630302562,3.0,0.0002035104248516717,0.00016318818600691602,3.0,0.0004390361165269895
AC,c_a,LR,Logistic Regression,uncalibrated,4.851,1.1917380000000002,0.00018160764249499503,0.00015463124772409072,3.0,0.0001816089598216294,0.00015413607688415036,3.0,0.0004188813254557926
AC,c_a,LR,Logistic Regression,uncalibrated,4.852,1.191896,0.00016207176286417907,0.00014608013666194157,3.0,0.00016209173425355922,0.00014563930127546972,3.0,0.00040014840462568405
AC,c_a,LR,Logistic Regression,uncalibrated,4.853,1.192054,0.00014465278450494042,0.00013806038391067012,3.0,0.00014468661403329214,0.00013766721544613297,3.0,0.0003827122255650064
AC,c_a,LR,Logistic Regression,uncalibrated,4.854,1.192212,0.0001291096587922687,0.00013054124566160905,3.0,0.00012915356419921736,0.0001301899577624908,3.0,0.0003664607176601926
AC,c_a,LR,Logistic Regression,uncalibrated,4.855,1.1923700000000002,0.00011522979671935342,0.00012349305133554496,3.0,0.00011528080480827096,0.00012317861709222643,3.0,0.0003512933059632569
AC,c_a,LR,Logistic Regression,uncalibrated,4.856,1.192528,0.00010282564201208506,0.00011688730823819074,3.0,0.00010288142501705771,0.00011660535506257945,3.0,0.0003371195578184714
AC,c_a,LR,Logistic Regression,uncalibrated,4.857,1.1926860000000001,9.173165795893539e-05,0.00011069677077944763,3.0,9.179040264091959e-05,0.00011044349033292406,3.0,0.00032385800773785365
AC,c_a,LR,Logistic Regression,uncalibrated,4.858,1.192844,8.180167900633138e-05,0.00010489548083276921,3.0,8.186198190992161e-05,0.00010466755182057818,3.0,0.000311435134781197
AC,c_a,LR,Logistic Regression,uncalibrated,4.859,1.193002,7.290658368516152e-05,9.945878479357657e-05,3.0,7.296736731580528e-05,9.92533067531878e-05,3.0,0.0002997844707101793
AC,c_a,LR,Logistic Regression,uncalibrated,4.86,1.19316,6.493225028700661e-05,9.436333204254083e-05,3.0,6.499269602629659e-05,9.417776852496184e-05,3.0,0.0002888458205335551
AC,c_a,LR,Logistic Regression,uncalibrated,4.861,1.1933159999999998,5.786002790909404e-05,8.964491912334662e-05,3.0,5.791954494571705e-05,8.947682907440962e-05,3.0,0.0002786489903215892
AC,c_a,LR,Logistic Regression,uncalibrated,4.862,1.1934719999999999,5.150155671114068e-05,8.521827118769977e-05,3.0,5.155970321935044e-05,8.50657524766811e-05,3.0,0.00026904882613347416
AC,c_a,LR,Logistic Regression,uncalibrated,4.863,1.1936280000000001,4.3331702791231144e-05,8.110409096755982e-05,6.0,4.3387643091530315e-05,8.096018532675313e-05,6.0,0.00026000147859439203
AC,c_a,LR,Logistic Regression,uncalibrated,4.864,1.193784,3.830174719167066e-05,7.727584620481913e-05,6.0,3.835588623764728e-05,7.714495971528591e-05,6.0,0.00025146694106232317
AC,c_a,LR,Logistic Regression,uncalibrated,4.865,1.19394,3.376753447930579e-05,7.368630435207979e-05,6.0,3.38197230814926e-05,7.356705801484645e-05,6.0,0.00024340866049695894
AC,c_a,LR,Logistic Regression,uncalibrated,4.866,1.1940959999999998,2.9677033518497162e-05,7.031912481072774e-05,6.0,2.9727181064679656e-05,7.021030215298775e-05,6.0,0.00023579319279142574
AC,c_a,LR,Logistic Regression,uncalibrated,4.867,1.1942519999999999,2.598403203479932e-05,6.715905746222443e-05,6.0,2.603209335601729e-05,6.705958391092823e-05,6.0,0.00022858989694238185
AC,c_a,LR,Logistic Regression,uncalibrated,4.868,1.1944080000000001,2.264745773237551e-05,6.419188121428016e-05,6.0,2.2693422611593447e-05,6.410080623223695e-05,6.0,0.00022177066321006948
AC,c_a,LR,Logistic Regression,uncalibrated,4.869,1.194564,1.9630780890463464e-05,6.140434383208067e-05,6.0,1.9674665696560005e-05,6.132082543215687e-05,6.0,0.00021530967107963206
AC,c_a,LR,Logistic Regression,uncalibrated,4.87,1.19472,1.6901488467869553e-05,5.8784103461254305e-05,6.0,1.6943329498716083e-05,5.8707394769010225e-05,6.0,0.00020918317339870863
AC,c_a,LR,Logistic Regression,uncalibrated,4.871,1.194878,1.4402469922194956e-05,5.6287542538313034e-05,6.0,1.4442287082546308e-05,5.621706157527268e-05,6.0,0.00020332507892461234
AC,c_a,LR,Logistic Regression,uncalibrated,4.872,1.195036,1.2141605463075805e-05,5.393942289347279e-05,6.0,1.217946212415482e-05,5.387456490250305e-05,6.0,0.0001977646699180801
AC,c_a,LR,Logistic Regression,uncalibrated,4.873,1.195194,1.0095063502639844e-05,5.172946472789849e-05,6.0,1.013103043182955e-05,5.166969173443865e-05,6.0,0.00019248280814583956
AC,c_a,LR,Logistic Regression,uncalibrated,4.874,1.195352,8.24159605148261e-06,4.964811996629722e-05,6.0,8.275748715554539e-06,4.9592952714361445e-05,6.0,0.0001874618263489724
AC,c_a,LR,Logistic Regression,uncalibrated,4.875,1.19551,6.562242721671798e-06,4.768652254759955e-05,6.0,6.5946591932264376e-06,4.763553347651391e-05,6.0,0.00018268539711658737
AC,c_a,LR,Logistic Regression,uncalibrated,4.876,1.195668,5.040069971288149e-06,4.583644147043171e-05,6.0,5.070829316814844e-06,4.5789248590859735e-05,6.0,0.00017813841501524027
AC,c_a,LR,Logistic Regression,uncalibrated,4.877,1.1958259999999998,3.6599412647529827e-06,4.409023658072563e-05,6.0,3.6891223165747e-06,4.4046498128510945e-05,6.0,0.00017380689048107604
AC,c_a,LR,Logistic Regression,uncalibrated,4.878,1.195984,2.4083143587414724e-06,4.244081704223026e-05,6.0,2.4359947922899044e-06,4.240022680568314e-05,6.0,0.00016967785416654934
AC,c_a,LR,Logistic Regression,uncalibrated,4.879,1.1961419999999998,1.2730624382732402e-06,4.0881602393392916e-05,6.0,1.2993180915447583e-06,4.084388562428458e-05,6.0,0.0001657392705932273
AC,c_a,LR,Logistic Regression,uncalibrated,4.88,1.1963,2.4331619698166434e-07,3.9406486122609196e-05,6.0,2.6822058146747096e-07,3.937139595361568e-05,6.0,0.0001619799601007954
AC,c_a,LR,Logistic Regression,uncalibrated,4.881,1.196467,-7.337016866123733e-07,3.792129291540256e-05,6.0,-7.101688462111436e-07,3.7888760549184084e-05,6.0,0.00015827798098537742
AC,c_a,LR,Logistic Regression,uncalibrated,4.882,1.196634,-1.6139974706176484e-06,3.651698712086456e-05,6.0,-1.5917592643595843e-06,3.648678877759179e-05,6.0,0.00015474688988033946
AC,c_a,LR,Logistic Regression,uncalibrated,4.883,1.196801,-2.4067396444441015e-06,3.5187939748141596e-05,6.0,-2.385722743691865e-06,3.51598745365048e-05,6.0,0.00015137656886594547
AC,c_a,LR,Logistic Regression,uncalibrated,4.884,1.196968,-3.120136972219805e-06,3.392894830539547e-05,6.0,-3.10027169629171e-06,3.390283560134386e-05,6.0,0.0001481576167274749
AC,c_a,LR,Logistic Regression,uncalibrated,4.885,1.1971349999999998,-3.761547512195263e-06,3.273520386697905e-05,6.0,-3.7427678259242295e-06,3.2710881018348516e-05,6.0,0.00014508128990073474
AC,c_a,LR,Logistic Regression,uncalibrated,4.886,1.1973019999999999,-4.337574582452929e-06,3.1602260630661726e-05,6.0,-4.319818042460479e-06,3.157958094446721e-05,6.0,0.00014213944895630443
AC,c_a,LR,Logistic Regression,uncalibrated,4.887,1.197469,-4.8541512752249936e-06,3.052600781595768e-05,6.0,-4.837358938876903e-06,3.050483879114956e-05,6.0,0.00013932451004151905
AC,c_a,LR,Logistic Regression,uncalibrated,4.888,1.197636,-5.3166149659913005e-06,2.9502643722992574e-05,6.0,-5.300731273971682e-06,2.9482865496673767e-05,6.0,0.00013662940076629096
AC,c_a,LR,Logistic Regression,uncalibrated,4.889,1.197803,-5.729773030627307e-06,2.852865179920111e-05,6.0,-5.714745671644063e-06,2.8510155778703152e-05,6.0,0.00013404752007777068
AC,c_a,LR,Logistic Regression,uncalibrated,4.89,1.19797,-6.097960880161167e-06,2.760077856839937e-05,6.0,-6.083740644369229e-06,2.7583466225398183e-05,6.0,0.0001315727017201525
AC,c_a,LR,Logistic Regression,uncalibrated,4.891,1.198137,-6.4250932195866285e-06,2.671601329120198e-05,6.0,-6.41163384579313e-06,2.669979509728281e-05,6.0,0.00012919918092107915
AC,c_a,LR,Logistic Regression,uncalibrated,4.892,1.198304,-6.7147093914911945e-06,2.5871569206248487e-05,6.0,-6.701967412000201e-06,2.585636369211518e-05,6.0,0.00012692156398567828
AC,c_a,LR,Logistic Regression,uncalibrated,4.893,1.1984709999999998,-6.970013496148197e-06,2.5064866254025535e-05,6.0,-6.957948082142451e-06,2.505059917691797e-05,6.0,0.00012473480051406748
AC,c_a,LR,Logistic Regression,uncalibrated,4.894,1.198638,-7.19390992090696e-06,2.4293515148990722e-05,6.0,-7.182482730516693e-06,2.4280118754925762e-05,6.0,0.0001226341579888442
AC,c_a,LR,Logistic Regression,uncalibrated,4.895,1.198805,-7.389034827401359e-06,2.355530269328822e-05,6.0,-7.378209858022178e-06,2.3542715062508895e-05,6.0,0.00012061519850617588
AC,c_a,LR,Logistic Regression,uncalibrated,4.896,1.198972,-7.557784098770942e-06,2.284817826798696e-05,6.0,-7.547527544708263e-06,2.283634273349112e-05,6.0,0.0001186737574478816
AC,c_a,LR,Logistic Regression,uncalibrated,4.897,1.199139,-7.702338129789388e-06,2.2170241359177015e-05,6.0,-7.692618245976515e-06,2.215910598954239e-05,6.0,0.00011680592391322649
AC,c_a,LR,Logistic Regression,uncalibrated,4.898,1.199306,-7.824683863805894e-06,2.151973007182973e-05,6.0,-7.815470836040436e-06,2.1509247210653085e-05,6.0,0.00011500802274769143
AC,c_a,LR,Logistic Regression,uncalibrated,4.899,1.199473,-7.926634379334347e-06,2.089501054564589e-05,6.0,-7.917900201270811e-06,2.0885136400898562e-05,6.0,0.00011327659802273293
AC,c_a,LR,Logistic Regression,uncalibrated,4.9,1.19964,-8.009846310904561e-06,2.0294567179088376e-05,6.0,-8.001564667884748e-06,2.028526145654458e-05,6.0,0.00011160839783525014
AC,c_a,LR,Logistic Regression,uncalibrated,4.901,1.199805,-8.076922949825556e-06,1.9726398856450987e-05,6.0,-8.06906197444353e-06,1.9717616018714176e-05,6.0,0.00011001039108949201
AC,c_a,LR,Logistic Regression,uncalibrated,4.902,1.19997,-8.128533057446153e-06,1.917925815134141e-05,6.0,-8.1210701953216e-06,1.917096491371889e-05,6.0,0.00010846891811833095
AC,c_a,LR,Logistic Regression,uncalibrated,4.903,1.200135,-8.165903302087498e-06,1.865196978291149e-05,6.0,-8.158817327408308e-06,1.8644135377327817e-05,6.0,0.00010698132195349244
AC,c_a,LR,Logistic Regression,uncalibrated,4.904,1.2003,-8.190161302391931e-06,1.8143441327375763e-05,6.0,-8.18343223200439e-06,1.813603727759434e-05,6.0,0.00010554509487822688
AC,c_a,LR,Logistic Regression,uncalibrated,4.905,1.2004650000000001,-8.202344959920147e-06,1.765265701612837e-05,6.0,-8.195953973018826e-06,1.7645656935693657e-05,6.0,0.00010415786868809131
AC,c_a,LR,Logistic Regression,uncalibrated,4.906,1.2006299999999999,-8.20341079973773e-06,1.7178672028101333e-05,6.0,-8.197340162866924e-06,1.7172051438489574e-05,6.0,0.00010281740567616086
AC,c_a,LR,Logistic Regression,uncalibrated,4.907,1.200795,-8.194241448285114e-06,1.672060719340734e-05,6.0,-8.18847444537344e-06,1.6714343360191767e-05,6.0,0.00010152159028225475
AC,c_a,LR,Logistic Regression,uncalibrated,4.908,1.20096,-8.175652322151403e-06,1.6277644097590916e-05,6.0,-8.170173189288775e-06,1.627171588266968e-05,6.0,0.00010026842135139415
AC,c_a,LR,Logistic Regression,uncalibrated,4.909,1.201125,-8.148397657637181e-06,1.5849020588253318e-05,6.0,-8.143191522295513e-06,1.5843408316404783e-05,6.0,9.905600495161119e-05
AC,c_a,LR,Logistic Regression,uncalibrated,4.91,1.20129,-8.113175894632737e-06,1.5434026572729434e-05,6.0,-8.108228719068876e-06,1.542871191099001e-05,6.0,9.788254770583787e-05
AC,c_a,LR,Logistic Regression,uncalibrated,4.911,1.201455,-8.070634529559191e-06,1.5032000170759272e-05,6.0,-8.065933058113796e-06,1.502696601925377e-05,6.0,9.674635059659704e-05
AC,c_a,LR,Logistic Regression,uncalibrated,4.912,1.20162,-8.021374476546967e-06,1.4642324134135392e-05,6.0,-8.016906186588311e-06,1.4637554527172992e-05,6.0,9.564580320590387e-05
AC,c_a,LR,Logistic Regression,uncalibrated,4.913,1.201785,-7.965953990530021e-06,1.4264422537383162e-05,6.0,-7.961707046792256e-06,1.4259902553750745e-05,6.0,9.457937835609159e-05
AC,c_a,LR,Logistic Regression,uncalibrated,4.914,1.20195,-7.904892218673184e-06,1.3897757731420672e-05,6.0,-7.900855430749885e-06,1.3893473412923867e-05,6.0,9.354562712025999e-05
AC,c_a,LR,Logistic Regression,uncalibrated,4.915,1.202115,-7.838672383069858e-06,1.3541827506116233e-05,6.0,-7.834835165846744e-06,1.3537765783532785e-05,6.0,9.254317417374213e-05
AC,c_a,LR,Logistic Regression,uncalibrated,4.916,1.20228,-7.767744655525636e-06,1.319616246499566e-05,6.0,-7.764096992342782e-06,1.3192311090691046e-05,6.0,9.157071346045579e-05
AC,c_a,LR,Logistic Regression,uncalibrated,4.917,1.202445,-7.692528775914089e-06,1.2860323610118463e-05,6.0,-7.689061184257273e-06,1.2856671096652006e-05,6.0,9.062700415018994e-05
AC,c_a,LR,Logistic Regression,uncalibrated,4.918,1.2026100000000002,-7.613416405925126e-06,1.2533900097419238e-05,6.0,-7.610119905465673e-06,1.253043566154684e-05,6.0,8.971086686491621e-05
AC,c_a,LR,Logistic Regression,uncalibrated,4.919,1.202775,-7.530773268324184e-06,1.2216507168575982e-05,6.0,-7.527639351134763e-06,1.2213220680116777e-05,6.0,8.882118015403962e-05
AC,c_a,LR,Logistic Regression,uncalibrated,4.92,1.2029400000000001,-7.44494106607688e-06,1.1907784203001098e-05,6.0,-7.441961668871087e-06,1.1904666138099764e-05,6.0,8.79568772001331e-05
AC,c_a,LR,Logistic Regression,uncalibrated,4.921,1.203105,-7.356239266094717e-06,1.1607392966607031e-05,6.0,-7.3534067443296395e-06,1.1604434364953808e-05,6.0,8.711694273827285e-05
AC,c_a,LR,Logistic Regression,uncalibrated,4.922,1.20327,-7.264966690263904e-06,1.1315015956254204e-05,6.0,-7.262273793976849e-06,1.1312208381890646e-05,6.0,8.630041017338768e-05
AC,c_a,LR,Logistic Regression,uncalibrated,4.923,1.203435,-7.171402965251149e-06,1.1030354864449992e-05,6.0,-7.168842816503616e-06,1.1027690369820367e-05,6.0,8.550635888135777e-05
AC,c_a,LR,Logistic Regression,uncalibrated,4.924,1.2036000000000002,-7.075809866871357e-06,1.0753129187667075e-05,6.0,-7.073375938674666e-06,1.0750600280601985e-05,6.0,8.473391168069699e-05
AC,c_a,LR,Logistic Regression,uncalibrated,4.925,1.203765,-6.978432511512641e-06,1.048307490649173e-05,6.0,-6.976118608133703e-06,1.0480674519857105e-05,6.0,8.398223246271867e-05
AC,c_a,LR,Logistic Regression,uncalibrated,4.926,1.2039300000000002,-6.87950049060109e-06,1.0219943279726793e-05,6.0,-6.877300729143016e-06,1.021766474348851e-05,6.0,8.325052396900877e-05
AC,c_a,LR,Logistic Regression,uncalibrated,4.927,1.204095,-6.779228867490979e-06,9.963499728018472e-06,6.0,-6.7771376606555016e-06,9.96133674350024e-06,6.0,8.253802570595177e-05
AC,c_a,LR,Logistic Regression,uncalibrated,4.928,1.20426,-6.677819123962836e-06,9.713522800129563e-06,6.0,-6.6758311639085015e-06,9.71146941626612e-06,6.0,8.184401198677625e-05
AC,c_a,LR,Logistic Regression,uncalibrated,4.929,1.204425,-6.575460018152076e-06,9.469803223033077e-06,6.0,-6.573570261366363e-06,9.46785381443616e-06,6.0,8.11677900923973e-05
AC,c_a,LR,Logistic Regression,uncalibrated,4.93,1.20459,-6.4723283581483184e-06,9.232142993533339e-06,6.0,-6.470532011267533e-06,9.23029224021705e-06,6.0,8.050869854292314e-05
AC,c_a,DT,Decision Tree,uncalibrated,4.67,1.16367,0.9999979162558462,1.7265762247439113e-05,70.0,2.0841478915413585e-06,1.726515861542661e-05,70.0,8.344877164524838e-05
AC,c_a,DT,Decision Tree,uncalibrated,4.671,1.1638186666666668,0.9999976230962597,1.895162954262038e-05,70.0,2.3773893467107635e-06,1.8950899965638508e-05,70.0,8.439826767777777e-05
AC,c_a,DT,Decision Tree,uncalibrated,4.672,1.1639673333333334,0.9999972909557647,2.0803133870676762e-05,70.0,2.709628323324038e-06,2.0802251924761612e-05,70.0,8.536969289630483e-05
AC,c_a,DT,Decision Tree,uncalibrated,4.673,1.164116,0.999996914775127,2.2836698873055614e-05,70.0,3.085927467553758e-06,2.2835632552907634e-05,70.0,8.636385881999471e-05
AC,c_a,DT,Decision Tree,uncalibrated,4.674,1.1642646666666667,0.9999964888405319,2.50703975232662e-05,70.0,3.5120046504975126e-06,2.5069108054114796e-05,70.0,8.73816224895784e-05
AC,c_a,DT,Decision Tree,uncalibrated,4.675,1.1644133333333333,0.9999960066977863,2.7524120538705447e-05,70.0,3.994318948179055e-06,2.7522560932301752e-05,70.0,8.842388989555044e-05
AC,c_a,DT,Decision Tree,uncalibrated,4.676,1.164562,0.9999954610549132,3.021976233687758e-05,70.0,4.540168232710142e-06,3.0217875637072764e-05,70.0,8.949161972145035e-05
AC,c_a,DT,Decision Tree,uncalibrated,4.677,1.1647106666666667,0.999994843671545,3.318142640552275e-05,70.0,5.157800009424356e-06,3.3179143554255426e-05,70.0,9.058582743583647e-05
AC,c_a,DT,Decision Tree,uncalibrated,4.678,1.1648593333333332,0.9999941452331459,3.643565215240735e-05,70.0,5.856537377284946e-06,3.643288939551222e-05,70.0,9.170758977082096e-05
AC,c_a,DT,Decision Tree,uncalibrated,4.679,1.165008,0.9999933552079934,4.0011665531881464e-05,70.0,6.6469222702409685e-06,4.000832126154686e-05,70.0,9.285804962957498e-05
AC,c_a,DT,Decision Tree,uncalibrated,4.68,1.1651566666666666,0.9999924616848056,4.3941655985359774e-05,70.0,7.540878462102254e-06,4.393760689714761e-05,70.0,9.403842147055465e-05
AC,c_a,DT,Decision Tree,uncalibrated,4.681,1.1653053333333332,0.9999914511872657,4.826108251173262e-05,70.0,8.551897194130194e-06,4.825617892534425e-05,70.0,9.524999722231415e-05
AC,c_a,DT,Decision Tree,uncalibrated,4.682,1.165454,0.9999903084630656,5.300901198602803e-05,70.0,9.695248721714998e-06,5.300307214448418e-05,70.0,9.649415278955912e-05
AC,c_a,DT,Decision Tree,uncalibrated,4.683,1.1656026666666666,0.9999890162433354,5.8228493176820636e-05,70.0,1.0988223584542987e-05,5.8221296298960855e-05,70.0,9.777235521907038e-05
AC,c_a,DT,Decision Tree,uncalibrated,4.684,1.1657513333333334,0.9999875549679175,6.39669702841558e-05,70.0,1.2450407995672421e-05,6.395824809372163e-05,70.0,9.908617060323098e-05
AC,c_a,DT,Decision Tree,uncalibrated,4.685,1.1659,0.9999859024717916,7.027674022417246e-05,70.0,1.4103998433036989e-05,7.026616661670267e-05,70.0,0.00010043727280913993
AC,c_a,DT,Decision Tree,uncalibrated,4.686,1.1660486666666665,0.9999840336262947,7.721545833317088e-05,70.0,1.5974161319330608e-05,7.720263676542379e-05,70.0,0.00010182745313344373
AC,c_a,DT,Decision Tree,uncalibrated,4.687,1.1661973333333333,0.9999819199290498,8.484669765152425e-05,70.0,1.8089444612369663e-05,8.483114574461404e-05,70.0,0.00010325863099662726
AC,c_a,DT,Decision Tree,uncalibrated,4.688,1.1663459999999999,0.999979529033908,9.324056748342559e-05,70.0,2.0482249221795028e-05,9.322169821431924e-05,70.0,0.00010473286580649548
AC,c_a,DT,Decision Tree,uncalibrated,4.689,1.1664946666666667,0.9999768242126129,0.00010247439750964613,70.0,2.3189369447072582e-05,0.00010245149622273676,70.0,0.00010625237013902548
AC,c_a,DT,Decision Tree,uncalibrated,4.69,1.1666433333333333,0.9999737637367534,0.00011263349435746854,70.0,2.625261312847081e-05,0.00011260569065495698,70.0,0.00010781952440591674
AC,c_a,DT,Decision Tree,uncalibrated,4.691,1.1667919999999998,0.9999703001682065,0.0001238119782181298,70.0,2.9719513956875815e-05,0.00012377821156863013,70.0,0.00010943689320315829
AC,c_a,DT,Decision Tree,uncalibrated,4.692,1.1669406666666666,0.9999663795435815,0.00013611370782560118,70.0,3.364415044438326e-05,0.00013607268546502003,70.0,0.00011110724356349707
AC,c_a,DT,Decision Tree,uncalibrated,4.693,1.1670893333333332,0.9999619404352815,0.00014965330288674007,70.0,3.8088088471085443e-05,0.00014960344825639275,70.0,0.00011283356536946829
AC,c_a,DT,Decision Tree,uncalibrated,4.694,1.1672379999999998,0.999956912870636,0.00016455727386730564,70.0,4.312146715749465e-05,0.00016449666342833414,70.0,0.00011461909422284111
AC,c_a,DT,Decision Tree,uncalibrated,4.695,1.1673866666666666,0.9999512170851045,0.00018096526988750723,70.0,4.882425114205495e-05,0.00018089155564536514,70.0,0.00011646733711224581
AC,c_a,DT,Decision Tree,uncalibrated,4.696,1.1675353333333331,0.9999447620832146,0.00019903145633555502,70.0,5.5287676258915e-05,0.0001989417707932106,70.0,0.00011838210127475814
AC,c_a,DT,Decision Tree,uncalibrated,4.697,1.167684,0.9999374439759059,0.00021892603467799277,70.0,6.26159202167845e-05,0.00021881687416395437,70.0,0.0001203675267107825
AC,c_a,DT,Decision Tree,uncalibrated,4.698,1.1678326666666665,0.9999291440573556,0.00024083691776221166,70.0,7.092803529788142e-05,0.0002407039991342387,70.0,0.00012242812288621702
AC,c_a,DT,Decision Tree,uncalibrated,4.699,1.167981333333333,0.9999197265780602,0.0002649715746682259,70.0,8.036018647302089e-05,0.00026480965921657046,70.0,0.00012456881024467596
AC,c_a,DT,Decision Tree,uncalibrated,4.7,1.16813,0.999909036163668,0.00029155905978595965,70.0,9.106824583059289e-05,0.000291361736709055,70.0,0.00012679496725714488
AC,c_a,DT,Decision Tree,uncalibrated,4.701,1.1682819999999998,0.999896613103718,0.00032157065362318566,67.0,0.00010351310667277159,0.0003213290285438105,67.0,0.0001292172037597969
AC,c_a,DT,Decision Tree,uncalibrated,4.702,1.168434,0.9998823927392264,0.0003547157407717011,67.0,0.00011775972598219542,0.0003544196446842757,67.0,0.00013174330426974875
AC,c_a,DT,Decision Tree,uncalibrated,4.703,1.168586,0.999866176836493,0.00039132309418409857,67.0,0.00013400729694559995,0.00039096007589049374,67.0,0.0001343809123327623
AC,c_a,DT,Decision Tree,uncalibrated,4.704,1.1687379999999998,0.9998476747025753,0.0004317585518825897,67.0,0.0001525476065864015,0.000431313270778086,67.0,0.00013713846399900822
AC,c_a,DT,Decision Tree,uncalibrated,4.705,1.16889,0.9998265511214615,0.000476426542753794,67.0,0.00017371717637935718,0.00047588008786116727,67.0,0.0001400252902684325
AC,c_a,DT,Decision Tree,uncalibrated,4.706,1.169042,0.9998024191458412,0.0005257739694504353,67.0,0.00019790450725167593,0.0005251030156594416,67.0,0.00014305173518405043
AC,c_a,DT,Decision Tree,uncalibrated,4.707,1.1691939999999998,0.9997748316616433,0.0005802944059069004,67.0,0.00022555855641023044,0.0005794701680937944,67.0,0.00014622929232186138
AC,c_a,DT,Decision Tree,uncalibrated,4.708,1.169346,0.9997432715093606,0.0006405326090705627,67.0,0.00025719866139953804,0.000639519545259722,67.0,0.00014957076297127372
AC,c_a,DT,Decision Tree,uncalibrated,4.709,1.169498,0.9997071399091328,0.0007070893342613802,67.0,0.0002934261639185138,0.0007058435372177549,67.0,0.00015309043996605769
AC,c_a,DT,Decision Tree,uncalibrated,4.71,1.1696499999999999,0.9996657428921998,0.0007806264295783988,67.0,0.0003349380287589066,0.0007790936316584414,67.0,0.0001568043219416903
AC,c_a,DT,Decision Tree,uncalibrated,4.711,1.169802,0.9996182753910363,0.0008618721658696665,67.0,0.0003825428023008082,0.0008599852640306907,67.0,0.00016073036379798006
AC,c_a,DT,Decision Tree,uncalibrated,4.712,1.169954,0.9995638025831528,0.0009516267337636243,67.0,0.00043717931070848747,0.0009493027195787609,67.0,0.00016488877038366989
AC,c_a,DT,Decision Tree,uncalibrated,4.713,1.170106,0.9995012380173025,0.0010507678065005235,67.0,0.00049993856046641,0.0010479039590483765,67.0,0.00016930234195257585
AC,c_a,DT,Decision Tree,uncalibrated,4.714,1.170258,0.9994293179784595,0.0011602560250333336,67.0,0.0005720893729368548,0.0011567251916506033,67.0,0.00017399688184572157
AC,c_a,DT,Decision Tree,uncalibrated,4.715,1.17041,0.9993465714659144,0.0012811402079620127,67.0,0.000655108359347025,0.0012767849580168635,67.0,0.0001790016792318094
AC,c_a,DT,Decision Tree,uncalibrated,4.716,1.170562,0.9992512850724441,0.0014145620209285398,67.0,0.0007507149212098684,0.001409187409867941,67.0,0.0001843500827162729
AC,c_a,DT,Decision Tree,uncalibrated,4.717,1.170714,0.9991414619601179,0.0015617597555804576,67.0,0.0008609120404948828,0.0015551243794026178,67.0,0.00019008018437594962
AC,c_a,DT,Decision Tree,uncalibrated,4.718,1.170866,0.9990147740363229,0.0017240707644520861,67.0,0.0009880336988018089,0.0017158757174433473,67.0,0.00019623563850860822
AC,c_a,DT,Decision Tree,uncalibrated,4.719,1.1710180000000001,0.9988685063467346,0.0019029319726140306,67.0,0.0011347998276106026,0.001892807242980344,67.0,0.00020286664538948107
AC,c_a,DT,Decision Tree,uncalibrated,4.72,1.17117,0.9986994926294303,0.0020998777378061755,67.0,0.001304379731102711,0.0020873654866060023,67.0,0.00021003113797567964
AC,c_a,DT,Decision Tree,uncalibrated,4.721,1.1713200000000001,0.9985069680979541,0.002313542661384621,67.0,0.0014975295849386982,0.002298120167163383,67.0,0.00021765008387230304
AC,c_a,DT,Decision Tree,uncalibrated,4.722,1.1714700000000002,0.998284585864236,0.0025480467530701345,67.0,0.001720597043983489,0.0025290348402671322,67.0,0.00022592779898294828
AC,c_a,DT,Decision Tree,uncalibrated,4.723,1.17162,0.9980275439170111,0.0028050925950899993,67.0,0.001978369683219138,0.0027816553705112632,67.0,0.00023495153889872402
AC,c_a,DT,Decision Tree,uncalibrated,4.724,1.1717700000000002,0.9977302658881859,0.0030864222907651478,67.0,0.002276396405261555,0.0030575324260647485,67.0,0.0002448233606830385
AC,c_a,DT,Decision Tree,uncalibrated,4.725,1.17192,0.9973862854261264,0.003393786677974806,67.0,0.0026210967874680975,0.003358183775729937,67.0,0.00025566312937637815
AC,c_a,DT,Decision Tree,uncalibrated,4.726,1.17207,0.9969881181064605,0.0037289042196065043,67.0,0.0030198804133547835,0.0036850452505934775,67.0,0.0002676122316967537
AC,c_a,DT,Decision Tree,uncalibrated,4.727,1.17222,0.9965271215297996,0.004093407675399204,67.0,0.0034812746954666777,0.004039408496166381,67.0,0.00028083818532370717
AC,c_a,DT,Decision Tree,uncalibrated,4.728,1.17237,0.9960950040418782,0.004499380928525433,77.0,0.003914727136357795,0.004432782891652119,77.0,0.0002955403880103421
AC,c_a,DT,Decision Tree,uncalibrated,4.729,1.17252,0.9954950480476323,0.004941620838940339,77.0,0.004514609475104272,0.004859490870575885,77.0,0.00031195732478434533
AC,c_a,DT,Decision Tree,uncalibrated,4.73,1.17267,0.9947999587906181,0.005419907514895734,77.0,0.005208803484756719,0.005318746759374047,77.0,0.00033037565006073955
AC,c_a,DT,Decision Tree,uncalibrated,4.731,1.172823,0.9939773809574046,0.005945930207579364,77.0,0.0060291419764033245,0.005820997205604582,77.0,0.00035165085371380365
AC,c_a,DT,Decision Tree,uncalibrated,4.732,1.172976,0.9930226685538565,0.006510590390461227,77.0,0.006979586927014787,0.006356595630874839,77.0,0.00037581691595679344
AC,c_a,DT,Decision Tree,uncalibrated,4.733,1.1731289999999999,0.9919157467624419,0.007113320244591411,77.0,0.008079242983157436,0.006923941155606522,77.0,0.0004034219692603721
AC,c_a,DT,Decision Tree,uncalibrated,4.734,1.173282,0.9906341518081325,0.007752537916800375,77.0,0.009349235861555427,0.0075202785927983755,77.0,0.00043514209726528737
AC,c_a,DT,Decision Tree,uncalibrated,4.735,1.173435,0.9891529951939725,0.00842544027997792,77.0,0.010812634948601772,0.008141497206628354,77.0,0.00047181629102988445
AC,c_a,DT,Decision Tree,uncalibrated,4.736,1.1735879999999999,0.9874450191199345,0.009127798334703627,77.0,0.012494260311904211,0.00878194414649173,77.0,0.0005144922384397721
AC,c_a,DT,Decision Tree,uncalibrated,4.737,1.173741,0.9854807694439554,0.009853771532791107,77.0,0.014420347153383303,0.009434272629242225,77.0,0.0005644866627967719
AC,c_a,DT,Decision Tree,uncalibrated,4.738,1.173894,0.9832289116145297,0.010595761856488238,77.0,0.016618044048512862,0.01008934942152884,77.0,0.0006234653070401647
AC,c_a,DT,Decision Tree,uncalibrated,4.739,1.1740469999999998,0.9806567105147818,0.011344332382562147,77.0,0.01911472917246313,0.010736249369936017,77.0,0.000693549584002521
AC,c_a,DT,Decision Tree,uncalibrated,4.74,1.1742,0.9777306861521452,0.012088217373388482,77.0,0.02193714197616386,0.011362365485675588,77.0,0.0007774596018777305
AC,c_a,DT,Decision Tree,uncalibrated,4.741,1.1743549999999998,0.9743713153923874,0.012824236751921658,77.0,0.02515436776354109,0.01196152246373834,77.0,0.0008801955825334139
AC,c_a,DT,Decision Tree,uncalibrated,4.742,1.17451,0.9705809069425388,0.013527278262805843,77.0,0.02875472371399302,0.012509376893064937,77.0,0.0010054711246032212
AC,c_a,DT,Decision Tree,uncalibrated,4.743,1.174665,0.9663281125690952,0.014181316400605134,77.0,0.03275702243687198,0.012989807296250483,77.0,0.001159525720367244
AC,c_a,DT,Decision Tree,uncalibrated,4.744,1.17482,0.9615850722815094,0.014769885314153557,77.0,0.03717450344924626,0.013386998758587338,77.0,0.0013506100757524656
AC,c_a,DT,Decision Tree,uncalibrated,4.745,1.1749749999999999,0.9563285766699495,0.015276846045527736,77.0,0.04201369893644885,0.013686339225018255,77.0,0.0015897070507698914
AC,c_a,DT,Decision Tree,uncalibrated,4.746,1.17513,0.9505410735311648,0.01568726114179648,77.0,0.04727356788320841,0.013875374652049742,77.0,0.0018915291127492647
AC,c_a,DT,Decision Tree,uncalibrated,4.747,1.175285,0.94421141126177,0.015988314185817063,77.0,0.052945007871173996,0.013944737957561737,77.0,0.002275901077935863
AC,c_a,DT,Decision Tree,uncalibrated,4.748,1.17544,0.9373352281474249,0.016170195246029972,77.0,0.05901082113312835,0.0138889546064795,77.0,0.002769678079472041
AC,c_a,DT,Decision Tree,uncalibrated,4.749,1.175595,0.9300642487075124,0.016229987109725234,81.0,0.0653184916763895,0.013709513211857953,81.0,0.003409402713798438
AC,c_a,DT,Decision Tree,uncalibrated,4.75,1.17575,0.9221221249354337,0.01619116917032607,81.0,0.07208369484229395,0.013431412297771145,81.0,0.004244973240747661
AC,c_a,DT,Decision Tree,uncalibrated,4.751,1.175904,0.9137140333235281,0.01603409605516302,81.0,0.07910482743011109,0.013044816632139333,81.0,0.005336710335469649
AC,c_a,DT,Decision Tree,uncalibrated,4.752,1.176058,0.9048079449201012,0.015766317801031736,81.0,0.08638470800057756,0.012560506128883514,81.0,0.006780877477035919
AC,c_a,DT,Decision Tree,uncalibrated,4.753,1.176212,0.8954247677521003,0.015398771580920297,81.0,0.09388073803627471,0.01199363634091072,81.0,0.008702510750618668
AC,c_a,DT,Decision Tree,uncalibrated,4.754,1.176366,0.8855258818987003,0.01503548011887875,25.0,0.10159920988738924,0.01142521233858629,25.0,0.011271520164585252
AC,c_a,DT,Decision Tree,uncalibrated,4.755,1.17652,0.8752641797112788,0.01461098243562711,25.0,0.10939279913059241,0.010817024540868048,25.0,0.014717110165289557
AC,c_a,DT,Decision Tree,uncalibrated,4.756,1.176674,0.8645913708630172,0.014128270588880443,25.0,0.11727460594377134,0.010171992356053991,25.0,0.019344967142865765
AC,c_a,DT,Decision Tree,uncalibrated,4.757,1.176828,0.8535289970699601,0.013604397635556185,25.0,0.1252036858780628,0.009507126031579407,25.0,0.025556090061358894
AC,c_a,DT,Decision Tree,uncalibrated,4.758,1.176982,0.8420964545275702,0.013056332373771146,25.0,0.13314145952992268,0.00883808255018132,25.0,0.033864516244485346
AC,c_a,DT,Decision Tree,uncalibrated,4.759,1.177136,0.8303106244470565,0.012500184049517566,25.0,0.1410518406358482,0.008178522345656903,25.0,0.044908830856231124
AC,c_a,DT,Decision Tree,uncalibrated,4.76,1.17729,0.8181857717300302,0.011950580390489544,25.0,0.14890112254060445,0.0075396875752722775,25.0,0.05944958630405114
AC,c_a,DT,Decision Tree,uncalibrated,4.761,1.177448,0.8053998716651999,0.011407728634092253,25.0,0.15686139859831028,0.006915224865983383,25.0,0.07888890256776035
AC,c_a,DT,Decision Tree,uncalibrated,4.762,1.177606,0.7922792950644784,0.010896156612365747,25.0,0.16469178098324694,0.006327870560624546,25.0,0.10386790101355786
AC,c_a,DT,Decision Tree,uncalibrated,4.763,1.177764,0.7788325938164693,0.010424698688612281,25.0,0.1723612288879414,0.0057813765126387045,25.0,0.13527796217247937
AC,c_a,DT,Decision Tree,uncalibrated,4.764,1.1779220000000001,0.7651024752763382,0.01007959359674745,52.0,0.17982241039693114,0.0053190073487710135,52.0,0.17379794350683814
AC,c_a,DT,Decision Tree,uncalibrated,4.765,1.17808,0.751029175272589,0.009846257743995694,52.0,0.18708140362621511,0.004922850333531993,52.0,0.21974829295341783
AC,c_a,DT,Decision Tree,uncalibrated,4.766,1.1782380000000001,0.7366488439112431,0.009675830272665477,52.0,0.19409102442450338,0.004562691005241251,52.0,0.2729815810547358
AC,c_a,DT,Decision Tree,uncalibrated,4.767,1.1783960000000002,0.7219684710606018,0.00956330309970153,52.0,0.20082151542183926,0.004231506672538683,52.0,0.3328440378130527
AC,c_a,DT,Decision Tree,uncalibrated,4.768,1.178554,0.7069961116725667,0.00950213657425234,52.0,0.20724294824876235,0.003922010711626961,52.0,0.3982182733217403
AC,c_a,DT,Decision Tree,uncalibrated,4.769,1.1787120000000002,0.6917413284832833,0.00948494088447511,52.0,0.21332526504352967,0.003627190201507044,52.0,0.4676268106118885
AC,c_a,DT,Decision Tree,uncalibrated,4.77,1.17887,0.6762155497181979,0.009504049163021295,52.0,0.21903843715028698,0.0033406914916702156,52.0,0.5393577605446005
AC,c_a,DT,Decision Tree,uncalibrated,4.771,1.1790250000000002,0.6607400577990257,0.009551019710029031,53.0,0.22425403336697522,0.0030625333409554233,52.0,0.6102214962437416
AC,c_a,DT,Decision Tree,uncalibrated,4.772,1.1791800000000001,0.6449267340856804,0.00979911552863689,7.0,0.22909228729598163,0.002846087991553122,7.0,0.6797843120989653
AC,c_a,DT,Decision Tree,uncalibrated,4.773,1.179335,0.6290061490149237,0.010121813112935434,7.0,0.2334598830887457,0.002616810615165723,7.0,0.746288815471181
AC,c_a,DT,Decision Tree,uncalibrated,4.774,1.1794900000000001,0.6128885850942237,0.010423496512368378,7.0,0.23736483091558225,0.0023584236681448907,7.0,0.8080263069354313
AC,c_a,DT,Decision Tree,uncalibrated,4.775,1.179645,0.5965956704331751,0.010702558823009526,7.0,0.24078383161981973,0.0020727656538361357,7.0,0.8633744085968219
AC,c_a,DT,Decision Tree,uncalibrated,4.776,1.1798,0.5801509926271943,0.010957862439547938,7.0,0.24369590008109077,0.001762088413618135,7.0,0.9108435741118219
AC,c_a,DT,Decision Tree,uncalibrated,4.777,1.179955,0.5635908787720189,0.011253978835935013,3.0,0.24608278432264202,0.0014289621133315139,7.0,0.9491333338489312
AC,c_a,DT,Decision Tree,uncalibrated,4.778,1.18011,0.5469218144147032,0.011571540115494319,3.0,0.24792934738416603,0.0010762234626183068,7.0,0.977193173796852
AC,c_a,DT,Decision Tree,uncalibrated,4.779,1.180265,0.5301806183754403,0.011865331498176899,3.0,0.2492238966917474,0.000706991873429148,7.0,0.9942795528829523
AC,c_a,DT,Decision Tree,uncalibrated,4.78,1.18042,0.5133963915163129,0.012130038744163902,3.0,0.2499393803251061,0.0003490331975442953,5.0,1.0
AC,c_a,DT,Decision Tree,uncalibrated,4.781,1.1805759999999998,0.4964890639836769,0.012361997542998448,3.0,0.2501404929343999,0.0001231383215454761,3.0,0.9942645896402904
AC,c_a,DT,Decision Tree,uncalibrated,4.782,1.180732,0.4795991887894164,0.012553994789611726,3.0,0.24974141225848734,0.0005272106292724129,3.0,0.9773653329498592
AC,c_a,DT,Decision Tree,uncalibrated,4.783,1.1808880000000002,0.46275764894836624,0.012701146548773787,3.0,0.24877433231061913,0.0009574734415191857,3.0,0.9500273345790389
AC,c_a,DT,Decision Tree,uncalibrated,4.784,1.181044,0.44599513399594676,0.012798983702333096,3.0,0.24724729898453202,0.0013919797217470588,3.0,0.913288606465064
AC,c_a,DT,Decision Tree,uncalibrated,4.785,1.1812,0.4293418723104978,0.012843552213629155,3.0,0.24517240218581343,0.00182338211426809,3.0,0.8684379071846742
AC,c_a,DT,Decision Tree,uncalibrated,4.786,1.1813559999999999,0.4128273924262432,0.012831500835360773,3.0,0.24256560692950613,0.0022447783956082512,3.0,0.81694380785707
AC,c_a,DT,Decision Tree,uncalibrated,4.787,1.181512,0.39648031733459277,0.012760156564835172,3.0,0.2394465270373642,0.0026492272154795887,3.0,0.7603813072040916
AC,c_a,DT,Decision Tree,uncalibrated,4.788,1.1816680000000002,0.3803281938624257,0.012627589331181382,3.0,0.23583815203023756,0.0030298076162464274,3.0,0.7003609171659473
AC,c_a,DT,Decision Tree,uncalibrated,4.789,1.181824,0.36443792674148817,0.012556414493202701,5.0,0.23176653820721443,0.0033797662014762417,3.0,0.638463433960793
AC,c_a,DT,Decision Tree,uncalibrated,4.79,1.18198,0.34875332902440276,0.012641067039890161,5.0,0.22728426386908418,0.003740627249168294,5.0,0.5761821615644567
AC,c_a,DT,Decision Tree,uncalibrated,4.791,1.1821380000000001,0.333138181647731,0.012702351325188863,5.0,0.2223185095845246,0.0041569328774656395,5.0,0.5141088739386348
AC,c_a,DT,Decision Tree,uncalibrated,4.792,1.182296,0.31782020316584736,0.012738031463576563,5.0,0.21697280875065567,0.004561201624643772,5.0,0.4542578398792472
AC,c_a,DT,Decision Tree,uncalibrated,4.793,1.1824540000000001,0.3028206465652088,0.012747156058830525,5.0,0.21128282549329902,0.004950099654626622,5.0,0.3976342133286411
AC,c_a,DT,Decision Tree,uncalibrated,4.794,1.182612,0.28815930008815205,0.012728863470209613,5.0,0.20528557781881418,0.005320318991121814,5.0,0.3450053447362541
AC,c_a,DT,Decision Tree,uncalibrated,4.795,1.18277,0.2738545042315595,0.012682428222552248,5.0,0.19901909760061665,0.005668625062216217,5.0,0.2968951445077047
AC,c_a,DT,Decision Tree,uncalibrated,4.796,1.1829280000000002,0.2599231707835405,0.012607320058326576,5.0,0.1925221021677318,0.005991917708051016,5.0,0.25359268819238007
AC,c_a,DT,Decision Tree,uncalibrated,4.797,1.183086,0.2463807973535652,0.01250327510461568,5.0,0.1858336760702568,0.006287307334316492,5.0,0.21517405422101685
AC,c_a,DT,Decision Tree,uncalibrated,4.798,1.1832440000000002,0.2332414718509222,0.012370377193280708,5.0,0.1789929604755348,0.0065522066438287105,5.0,0.1815347472846845
AC,c_a,DT,Decision Tree,uncalibrated,4.799,1.183402,0.22051786275274535,0.01220914574747051,5.0,0.17203884717434104,0.006784436624310744,5.0,0.15242877440780478
AC,c_a,DT,Decision Tree,uncalibrated,4.8,1.18356,0.208221192709472,0.0120206249694279,5.0,0.16500967439562708,0.006982343321136433,5.0,0.12750990607931745
AC,c_a,DT,Decision Tree,uncalibrated,4.801,1.183718,0.19636119496719942,0.011806467491024375,5.0,0.15794292252602204,0.0071449195578585315,5.0,0.10637097994639055
AC,c_a,DT,Decision Tree,uncalibrated,4.802,1.183876,0.18494605411388365,0.011569004335993225,5.0,0.15087490931910175,0.007271923415480861,5.0,0.08857810488917006
AC,c_a,DT,Decision Tree,uncalibrated,4.803,1.184034,0.17398233463143103,0.011311292127291213,5.0,0.14384048610468292,0.007363983196709377,5.0,0.07369794618020596
AC,c_a,DT,Decision Tree,uncalibrated,4.804,1.1841920000000001,0.16320447345978623,0.011287446779064066,16.0,0.13669644171192402,0.007590541348632979,16.0,0.061317559495885604
AC,c_a,DT,Decision Tree,uncalibrated,4.805,1.18435,0.15311819213032368,0.011329489920055124,16.0,0.1298016781329327,0.007847437510263868,16.0,0.0510572449757476
AC,c_a,DT,Decision Tree,uncalibrated,4.806,1.1845080000000001,0.14349232641863235,0.011353628794502796,16.0,0.12303154515617298,0.00808249247150919,16.0,0.042577512612676796
AC,c_a,DT,Decision Tree,uncalibrated,4.807,1.1846660000000002,0.1343267554319595,0.011360012326428724,16.0,0.11641254605905196,0.00829472903704106,16.0,0.03558150923239183
AC,c_a,DT,Decision Tree,uncalibrated,4.808,1.184824,0.12561943677122328,0.01134932305701212,16.0,0.1099684788859294,0.008483740451928025,16.0,0.029814245500270068
AC,c_a,DT,Decision Tree,uncalibrated,4.809,1.1849820000000002,0.117366382574268,0.01132272161500209,16.0,0.10372025929205343,0.008649688243374337,16.0,0.02505978653191219
AC,c_a,DT,Decision Tree,uncalibrated,4.81,1.18514,0.10956166728165201,0.011281760825370427,16.0,0.0976857912019917,0.00879326129723458,16.0,0.021137324526073673
AC,c_a,DT,Decision Tree,uncalibrated,4.811,1.1853010000000002,0.10206271240365493,0.01122735416742036,16.0,0.09177263974818123,0.008917846230107938,16.0,0.01784477152235389
AC,c_a,DT,Decision Tree,uncalibrated,4.812,1.1854620000000002,0.09505713587119487,0.011237124050428177,89.0,0.08614829038231608,0.009069059855281511,89.0,0.015128833629589935
AC,c_a,DT,Decision Tree,uncalibrated,4.813,1.185623,0.08843091704293758,0.011253950984192745,89.0,0.08073835395027862,0.009231241518493244,89.0,0.012882952875288303
AC,c_a,DT,Decision Tree,uncalibrated,4.814,1.1857840000000002,0.08222481295753535,0.011260169864710116,89.0,0.07559157037555442,0.00937580953070751,89.0,0.011020415180630405
AC,c_a,DT,Decision Tree,uncalibrated,4.815,1.185945,0.0764238437886661,0.011255638404043294,89.0,0.07071088896043032,0.009502578440847387,89.0,0.009470831475644235
AC,c_a,DT,Decision Tree,uncalibrated,4.816,1.1861059999999999,0.07101182204571838,0.011240332691004678,89.0,0.06609652151943812,0.009611526395236386,89.0,0.008177146393509768
AC,c_a,DT,Decision Tree,uncalibrated,4.817,1.186267,0.06597157938348709,0.011214319738917237,89.0,0.06174619697011485,0.009702770133045806,89.0,0.007093137529795764
AC,c_a,DT,Decision Tree,uncalibrated,4.818,1.1864279999999998,0.0612852013857857,0.011177733353408364,89.0,0.057655444150067514,0.009776540176148955,89.0,0.006181350795700424
AC,c_a,DT,Decision Tree,uncalibrated,4.819,1.186589,0.05773913877170328,0.011425646122457923,3.0,0.05453598265620503,0.010123345514921875,3.0,0.005411411706962208
AC,c_a,DT,Decision Tree,uncalibrated,4.82,1.18675,0.05364535546316546,0.01175832428964435,3.0,0.050905982857415946,0.010513792337784683,3.0,0.0047586537201537325
AC,c_a,DT,Decision Tree,uncalibrated,4.821,1.1869159999999999,0.0497286777301774,0.012050448474862084,3.0,0.047401269552933445,0.010868034465712413,3.0,0.00418892283966249
AC,c_a,DT,Decision Tree,uncalibrated,4.822,1.187082,0.046099878770677685,0.012292492971891555,3.0,0.04412627371434508,0.011173461802844238,3.0,0.003704183047656208
AC,c_a,DT,Decision Tree,uncalibrated,4.823,1.187248,0.04274006568424565,0.012486550759305728,3.0,0.04106996879158893,0.011431020862520567,3.0,0.003289984210921761
AC,c_a,DT,Decision Tree,uncalibrated,4.824,1.187414,0.039630917805182256,0.012635171283281187,3.0,0.03822091983705851,0.011642327093475652,3.0,0.0029345555428652377
AC,c_a,DT,Decision Tree,uncalibrated,4.825,1.1875799999999999,0.03675479619452841,0.012741220270646468,3.0,0.03556749434714972,0.01180951020429117,3.0,0.0026282792544390127
AC,c_a,DT,Decision Tree,uncalibrated,4.826,1.187746,0.03409482853380661,0.01280776170019643,3.0,0.03309804294181666,0.011935076181676932,3.0,0.0023632712888706263
AC,c_a,DT,Decision Tree,uncalibrated,4.827,1.1879119999999999,0.03163497114879969,0.012837959888054366,3.0,0.030801050698610763,0.012021786757874563,3.0,0.0021330470785052304
AC,c_a,DT,Decision Tree,uncalibrated,4.828,1.188078,0.029360050309832072,0.012834999790674135,3.0,0.028665260751172705,0.012072556452875744,3.0,0.0019322547342813965
AC,c_a,DT,Decision Tree,uncalibrated,4.829,1.1882439999999999,0.02725578520030278,0.012802023632892416,3.0,0.026679772315665984,0.012090366694254744,3.0,0.001756461701836695
AC,c_a,DT,Decision Tree,uncalibrated,4.83,1.18841,0.025308795044989747,0.012742081943159433,3.0,0.024834115652643596,0.012078195995442293,3.0,0.0016019838257777944
AC,c_a,DT,Decision Tree,uncalibrated,4.831,1.188561,0.02366044181648578,0.012668952792939668,3.0,0.023265117082222342,0.01204587531578908,3.0,0.0014754868494637988
AC,c_a,DT,Decision Tree,uncalibrated,4.832,1.188712,0.02212342953061105,0.012578113024840855,3.0,0.021796696032259165,0.011993381567413227,3.0,0.001362413071908542
AC,c_a,DT,Decision Tree,uncalibrated,4.833,1.188863,0.0206895517801514,0.012471502279672248,3.0,0.020422066403129602,0.011922720353050269,3.0,0.0012610582001769369
AC,c_a,DT,Decision Tree,uncalibrated,4.834,1.189014,0.019351163987031038,0.012350941581561142,3.0,0.019134817717340935,0.011835799280425998,3.0,0.0011699640632794014
AC,c_a,DT,Decision Tree,uncalibrated,4.835,1.189165,0.018101161402595576,0.012218130036826957,3.0,0.017928916787962268,0.011734418559521254,3.0,0.0010878795021856305
AC,c_a,DT,Decision Tree,uncalibrated,4.836,1.189316,0.016932954797511383,0.012074644172460071,3.0,0.016798704314552916,0.011620265328846887,3.0,0.0010137279429927517
AC,c_a,DT,Decision Tree,uncalibrated,4.837,1.189467,0.01584044456484011,0.0119219393562298,3.0,0.015738887388651444,0.011494911026332594,3.0,0.0009465804458299023
AC,c_a,DT,Decision Tree,uncalibrated,4.838,1.189618,0.01481799385695719,0.011761352818733917,3.0,0.014744528779601529,0.0113598111974926,3.0,0.0008856332495530996
AC,c_a,DT,Decision Tree,uncalibrated,4.839,1.189769,0.013860401280142869,0.011594107871644393,3.0,0.013811033762090842,0.011216307212429982,3.0,0.0008301890156313688
AC,c_a,DT,Decision Tree,uncalibrated,4.84,1.18992,0.012962873581484114,0.011421318984294652,3.0,0.012934135142281665,0.011065629440012518,3.0,0.000779641122541762
AC,c_a,DT,Decision Tree,uncalibrated,4.841,1.1900860000000002,0.012042598452956068,0.011223505866836604,3.0,0.012032965012473824,0.01089041766285731,3.0,0.0007301382361791967
AC,c_a,DT,Decision Tree,uncalibrated,4.842,1.190252,0.011184051894421605,0.011021471946275644,3.0,0.011190417747712011,0.01070929604482227,3.0,0.0006851632898837707
AC,c_a,DT,Decision Tree,uncalibrated,4.843,1.1904180000000002,0.010382373466440315,0.010816304117071835,3.0,0.010402077570727086,0.010523486216422344,3.0,0.0006442058942732731
AC,c_a,DT,Decision Tree,uncalibrated,4.844,1.190584,0.009633138428188852,0.010608964512536302,3.0,0.009663900360366424,0.010334076685819265,3.0,0.000606822894946506
AC,c_a,DT,Decision Tree,uncalibrated,4.845,1.19075,0.008932320548854539,0.010400300827348132,3.0,0.008972185870625243,0.0101420328992491,3.0,0.0005726283883030326
AC,c_a,DT,Decision Tree,uncalibrated,4.846,1.190916,0.0082762571763348,0.010191056302047873,3.0,0.008323550822281495,0.009948207218930031,3.0,0.0005412853659869972
AC,c_a,DT,Decision Tree,uncalibrated,4.847,1.1910820000000002,0.007661616618944522,0.00998187926560142,3.0,0.007714903121520195,0.009753348644256634,3.0,0.0005124987015359216
AC,c_a,DT,Decision Tree,uncalibrated,4.848,1.191248,0.0070853678445325224,0.009773332168128012,3.0,0.007143417382102519,0.00955811215295462,3.0,0.0004860092463781918
AC,c_a,DT,Decision Tree,uncalibrated,4.849,1.1914140000000002,0.006544752461409658,0.009565900063468764,3.0,0.006606511864038083,0.009363067578779909,3.0,0.000461588845347081
AC,c_a,DT,Decision Tree,uncalibrated,4.85,1.19158,0.006037258915214533,0.009359998522147783,3.0,0.0061018268906318784,0.009168707973284998,3.0,0.0004390361165269895
AC,c_a,DT,Decision Tree,uncalibrated,4.851,1.1917380000000002,0.00558197760976932,0.00916689028159154,3.0,0.005648534110437309,0.00898584293427345,3.0,0.0004188813254557926
AC,c_a,DT,Decision Tree,uncalibrated,4.852,1.191896,0.005152839110649277,0.008975710792819083,3.0,0.0052207809537884176,0.008804260470538464,3.0,0.00040014840462568405
AC,c_a,DT,Decision Tree,uncalibrated,4.853,1.192054,0.004748185762880634,0.008786677776906839,3.0,0.004816994561268013,0.008624229218801824,3.0,0.0003827122255650064
AC,c_a,DT,Decision Tree,uncalibrated,4.854,1.192212,0.004366496616219874,0.008599973044312339,3.0,0.004435727662747246,0.008445977442849474,3.0,0.0003664607176601926
AC,c_a,DT,Decision Tree,uncalibrated,4.855,1.1923700000000002,0.004006374475712385,0.00841574654134958,3.0,0.004075647138290301,0.00826969743500796,3.0,0.0003512933059632569
AC,c_a,DT,Decision Tree,uncalibrated,4.856,1.192528,0.0036665341145044536,0.008234120048595668,3.0,0.003735523528221079,0.008095549552917043,3.0,0.0003371195578184714
AC,c_a,DT,Decision Tree,uncalibrated,4.857,1.1926860000000001,0.003345791565973942,0.008055190549939337,3.0,0.0034142214399992925,0.007923665908333053,3.0,0.00032385800773785365
AC,c_a,DT,Decision Tree,uncalibrated,4.858,1.192844,0.0030430544143797136,0.007879033291488735,3.0,0.0031106907972931665,0.007754153726105616,3.0,0.000311435134781197
AC,c_a,DT,Decision Tree,uncalibrated,4.859,1.193002,0.0027573130061578953,0.007705704549711964,3.0,0.0028239588757931564,0.0075870983922953885,3.0,0.0002997844707101793
AC,c_a,DT,Decision Tree,uncalibrated,4.86,1.19316,0.0024876325074575534,0.00753524412806836,3.0,0.002620595692153227,0.007426080330135169,6.0,0.0002888458205335551
AC,c_a,DT,Decision Tree,uncalibrated,4.861,1.1933159999999998,0.0022929230051161207,0.007382909303819867,6.0,0.0023536697588589428,0.007280399349529981,6.0,0.0002786489903215892
AC,c_a,DT,Decision Tree,uncalibrated,4.862,1.1934719999999999,0.002041159774847372,0.007234164249837105,6.0,0.0021009153927547897,0.00713651448757149,6.0,0.00026904882613347416
AC,c_a,DT,Decision Tree,uncalibrated,4.863,1.1936280000000001,0.0018030191632483197,0.007087532449435134,6.0,0.0018616628169958105,0.006994492324877862,6.0,0.00026000147859439203
AC,c_a,DT,Decision Tree,uncalibrated,4.864,1.193784,0.0015778523504319172,0.00694304954305177,6.0,0.0016352836291021267,0.0068543852921614384,6.0,0.00025146694106232317
AC,c_a,DT,Decision Tree,uncalibrated,4.865,1.19394,0.0013650504637301155,0.0068007402735926975,6.0,0.001421186959019347,0.006716233449940936,6.0,0.00024340866049695894
AC,c_a,DT,Decision Tree,uncalibrated,4.866,1.1940959999999998,0.0011640408490749899,0.0066606199642297,6.0,0.0012188160250483082,0.006580066102228148,6.0,0.00023579319279142574
AC,c_a,DT,Decision Tree,uncalibrated,4.867,1.1942519999999999,0.0009742837393224802,0.006522695850523278,6.0,0.0010276450505678292,0.006445903253951249,6.0,0.00022858989694238185
AC,c_a,DT,Decision Tree,uncalibrated,4.868,1.1944080000000001,0.000795269280374023,0.006386968276250364,6.0,0.0008471765072831094,0.006313756921959668,6.0,0.00022177066321006948
AC,c_a,DT,Decision Tree,uncalibrated,4.869,1.194564,0.0006265148792494761,0.006253431762232914,6.0,0.0006769386533544974,0.006183632309414175,6.0,0.00021530967107963206
AC,c_a,DT,Decision Tree,uncalibrated,4.87,1.19472,0.0004675628413903987,0.006122075957305494,6.0,0.0005164833373058975,0.006055528853234889,6.0,0.00020918317339870863
AC,c_a,DT,Decision Tree,uncalibrated,4.871,1.194878,0.00031634952928526194,0.005991067046998387,6.0,0.0003637323965209327,0.005927663006454467,6.0,0.00020332507892461234
AC,c_a,DT,Decision Tree,uncalibrated,4.872,1.195036,0.000174311944751278,0.005862268179017524,6.0,0.00022015336319423538,0.005801861210984031,6.0,0.0001977646699180801
AC,c_a,DT,Decision Tree,uncalibrated,4.873,1.195194,4.104011997778942e-05,0.00573565788570853,6.0,8.534291288460729e-05,0.005678109875582261,6.0,0.00019248280814583956
AC,c_a,DT,Decision Tree,uncalibrated,4.874,1.195352,-8.385724512606886e-05,0.005611212573817692,6.0,-4.1084470030483544e-05,0.005556392668363935,6.0,0.0001874618263489724
AC,c_a,DT,Decision Tree,uncalibrated,4.875,1.19551,-0.00020075417112052447,0.0054889070388823655,6.0,-0.00015949778686040082,0.005436691093890288,6.0,0.00018268539711658737
AC,c_a,DT,Decision Tree,uncalibrated,4.876,1.195668,-0.00031000863039343544,0.005368714905652234,6.0,-0.0002702506730930354,0.0053189849899641225,6.0,0.00017813841501524027
AC,c_a,DT,Decision Tree,uncalibrated,4.877,1.1958259999999998,-0.0004119636395724228,0.005250609001984675,6.0,-0.0003736824173644249,0.005203252952097829,6.0,0.00017380689048107604
AC,c_a,DT,Decision Tree,uncalibrated,4.878,1.195984,-0.0005069482290675541,0.0051345616732103505,6.0,-0.00047011886578167015,0.005089472693148331,6.0,0.00016967785416654934
AC,c_a,DT,Decision Tree,uncalibrated,4.879,1.1961419999999998,-0.0005952783041901543,0.005020545043484549,6.0,-0.0005598732250087402,0.004977621345105055,6.0,0.0001657392705932273
AC,c_a,DT,Decision Tree,uncalibrated,4.88,1.1963,-0.000677257410774693,0.0049085312301700166,6.0,-0.000643246776148132,0.004867675709518791,6.0,0.0001619799601007954
AC,c_a,DT,Decision Tree,uncalibrated,4.881,1.196467,-0.0007564007020591057,0.004791618927445046,6.0,-0.0007238392557928175,0.004752856883675187,6.0,0.00015827798098537742
AC,c_a,DT,Decision Tree,uncalibrated,4.882,1.196634,-0.0008291313220159004,0.004676904045506731,6.0,-0.0007979809175223673,0.004640136160258605,6.0,0.00015474688988033946
AC,c_a,DT,Decision Tree,uncalibrated,4.883,1.196801,-0.0008957682618704363,0.004564354125070073,6.0,-0.000865989398440421,0.004529485665655948,6.0,0.00015137656886594547
AC,c_a,DT,Decision Tree,uncalibrated,4.884,1.196968,-0.0009566179431973118,0.00445393738163794,6.0,-0.0009281701029517642,0.004420877938435757,6.0,0.0001481576167274749
AC,c_a,DT,Decision Tree,uncalibrated,4.885,1.1971349999999998,-0.0010119747853747688,0.004345622763007678,6.0,-0.0009848167314284728,0.004314286011764057,6.0,0.00014508128990073474
AC,c_a,DT,Decision Tree,uncalibrated,4.886,1.1973019999999999,-0.0010621217170993795,0.004239379981324259,6.0,-0.0010362117569658502,0.004209683467270404,6.0,0.00014213944895630443
AC,c_a,DT,Decision Tree,uncalibrated,4.887,1.197469,-0.0011073306398182864,0.0041351795240968,6.0,-0.0010826268576231324,0.004107044465146543,6.0,0.00013932451004151905
AC,c_a,DT,Decision Tree,uncalibrated,4.888,1.197636,-0.0011478628499992807,0.004032992648089256,6.0,-0.0011243233106690287,0.004006343754718315,6.0,0.00013662940076629096
AC,c_a,DT,Decision Tree,uncalibrated,4.889,1.197803,-0.0011839694261751405,0.003932791359507843,6.0,-0.001161552354421631,0.003907556669210155,6.0,0.00013404752007777068
AC,c_a,DT,Decision Tree,uncalibrated,4.89,1.19797,-0.0012158915860081537,0.0038345483834915347,6.0,-0.001194555522626409,0.003810659107974246,6.0,0.0001315727017201525
AC,c_a,DT,Decision Tree,uncalibrated,4.891,1.198137,-0.0012438610178354507,0.0037382371254890334,6.0,-0.0012235649555697638,0.0037156275090052394,6.0,0.00012919918092107915
AC,c_a,DT,Decision Tree,uncalibrated,4.892,1.198304,-0.0012681001905611331,0.0036438316267662888,6.0,-0.0012488036915635128,0.0036224388141955777,6.0,0.00012692156398567828
AC,c_a,DT,Decision Tree,uncalibrated,4.893,1.1984709999999998,-0.0012888226452301014,0.003551306515957417,6.0,-0.0012704859419327228,0.0035310704294313658,6.0,0.00012473480051406748
AC,c_a,DT,Decision Tree,uncalibrated,4.894,1.198638,-0.0013062332710866806,0.0034606369582621003,6.0,-0.0012888173521319515,0.0034415001812972764,6.0,0.0001226341579888442
AC,c_a,DT,Decision Tree,uncalibrated,4.895,1.198805,-0.0013205285685393975,0.0033717986036591145,6.0,-0.0013039952512532236,0.003353706271905267,6.0,0.00012061519850617588
AC,c_a,DT,Decision Tree,uncalibrated,4.896,1.198972,-0.0013318969010498918,0.003284767535249956,6.0,-0.0013162088918040604,0.003267667233088672,6.0,0.0001186737574478816
AC,c_a,DT,Decision Tree,uncalibrated,4.897,1.199139,-0.0013405187376426776,0.0031995202186483607,6.0,-0.001325639681327465,0.0031833618809887286,6.0,0.00011680592391322649
AC,c_a,DT,Decision Tree,uncalibrated,4.898,1.199306,-0.001346566887453168,0.003116033453151104,6.0,-0.0013324614071698968,0.0031007692718657263,6.0,0.00011500802274769143
AC,c_a,DT,Decision Tree,uncalibrated,4.899,1.199473,-0.0013502067274806856,0.003034284325268502,6.0,-0.0013368404554638755,0.0030198686597970874,6.0,0.00011327659802273293
AC,c_a,DT,Decision Tree,uncalibrated,4.9,1.19964,-0.001351596424496537,0.00295425016505289,6.0,-0.0013389360251852365,0.0029406394567730934,6.0,0.00011160839783525014
AC,c_a,DT,Decision Tree,uncalibrated,4.901,1.199805,-0.0013510413749347919,0.0028769323626658227,6.0,-0.0013390459276953846,0.0028640754468803632,6.0,0.00011001039108949201
AC,c_a,DT,Decision Tree,uncalibrated,4.902,1.19997,-0.0013485708082567058,0.0028012415215304897,6.0,-0.0013372098903759455,0.0027890997483536783,6.0,0.00010846891811833095
AC,c_a,DT,Decision Tree,uncalibrated,4.903,1.200135,-0.001344317852660406,0.0027271563350311067,6.0,-0.0013335620606286982,0.002715692830692762,6.0,0.00010698132195349244
AC,c_a,DT,Decision Tree,uncalibrated,4.904,1.2003,-0.0013384095720040117,0.00265465559390094,6.0,-0.001328230521315624,0.002643835190872718,6.0,0.00010554509487822688
AC,c_a,DT,Decision Tree,uncalibrated,4.905,1.2004650000000001,-0.001330967154466844,0.0025837181609752844,6.0,-0.0013213374753092335,0.002573507330490507,6.0,0.00010415786868809131
AC,c_a,DT,Decision Tree,uncalibrated,4.906,1.2006299999999999,-0.0013221060982823846,0.002514322949150369,6.0,-0.0013129994276089663,0.0025046897359829166,6.0,0.00010281740567616086
AC,c_a,DT,Decision Tree,uncalibrated,4.907,1.200795,-0.0013119363946869343,0.002446448902485413,6.0,-0.0013033273651243777,0.0024373628618743408,6.0,0.00010152159028225475
AC,c_a,DT,Decision Tree,uncalibrated,4.908,1.20096,-0.001300562708129192,0.0023800749803320575,6.0,-0.0012924269341305457,0.0023715071169562855,6.0,0.00010026842135139415
AC,c_a,DT,Decision Tree,uncalibrated,4.909,1.201125,-0.0012880845537702554,0.0023151801443585004,6.0,-0.0012803986153887377,0.0023071028532804204,6.0,9.905600495161119e-05
AC,c_a,DT,Decision Tree,uncalibrated,4.91,1.20129,-0.001274596472254343,0.0022517433483062025,6.0,-0.0012673378968789022,0.0022441303578149933,6.0,9.788254770583787e-05
AC,c_a,DT,Decision Tree,uncalibrated,4.911,1.201455,-0.0012601882017467324,0.0021897435303438757,6.0,-0.0012533354441092714,0.0021825698466386547,6.0,9.674635059659704e-05
AC,c_a,DT,Decision Tree,uncalibrated,4.912,1.20162,-0.0012449448471458077,0.002129159607800152,6.0,-0.0012384772678815659,0.002122401461461121,6.0,9.564580320590387e-05
AC,c_a,DT,Decision Tree,uncalibrated,4.913,1.201785,-0.0012289470464482435,0.002069970474146609,6.0,-0.0012228448894640214,0.0020636052683479698,6.0,9.457937835609159e-05
AC,c_a,DT,Decision Tree,uncalibrated,4.914,1.20195,-0.0012122711341616636,0.002012154998013595,6.0,-0.0012065155030424228,0.0020061612584370164,6.0,9.354562712025999e-05
AC,c_a,DT,Decision Tree,uncalibrated,4.915,1.202115,-0.0011949893016966419,0.0019556920240668264,6.0,-0.0011895621353583867,0.001950049350477707,6.0,9.254317417374213e-05
AC,c_a,DT,Decision Tree,uncalibrated,4.916,1.20228,-0.0011771697546703172,0.0019005603755863835,6.0,-0.001172053802446245,0.0018952493950376585,6.0,9.157071346045579e-05
AC,c_a,DT,Decision Tree,uncalibrated,4.917,1.202445,-0.001158876867011895,0.0018467388585372885,6.0,-0.0011540556633399075,0.0018417411801676773,6.0,9.062700415018994e-05
AC,c_a,DT,Decision Tree,uncalibrated,4.918,1.2026100000000002,-0.0011401713318373572,0.0017942062670001945,6.0,-0.0011356291706990556,0.0017895044383947917,6.0,8.971086686491621e-05
AC,c_a,DT,Decision Tree,uncalibrated,4.919,1.202775,-0.0011211103089794683,0.0017429413897806592,6.0,-0.00111683221822471,0.0017385188548627222,6.0,8.882118015403962e-05
AC,c_a,DT,Decision Tree,uncalibrated,4.92,1.2029400000000001,-0.001101747569127173,0.0016929230180299094,6.0,-0.0010977192848032708,0.0016887640764531508,6.0,8.79568772001331e-05
AC,c_a,DT,Decision Tree,uncalibrated,4.921,1.203105,-0.0010821336345270376,0.0016441299537730278,6.0,-0.0010783415753178134,0.001640219721783636,6.0,8.711694273827285e-05
AC,c_a,DT,Decision Tree,uncalibrated,4.922,1.20327,-0.001062315916165216,0.001596541019151674,6.0,-0.0010587471580327246,0.0015928653918895039,6.0,8.630041017338768e-05
AC,c_a,DT,Decision Tree,uncalibrated,4.923,1.203435,-0.0010423388474176325,0.0015501350662936884,6.0,-0.001038981098527643,0.0015466806815015958,6.0,8.550635888135777e-05
AC,c_a,DT,Decision Tree,uncalibrated,4.924,1.2036000000000002,-0.0010222440141124986,0.0015048909876665879,6.0,-0.0010190855901143587,0.0015016451907767145,6.0,8.473391168069699e-05
AC,c_a,DT,Decision Tree,uncalibrated,4.925,1.203765,-0.0010020702809971388,0.0014607877268099914,6.0,-0.0009991000807189252,0.0014577385373753466,6.0,8.398223246271867e-05
AC,c_a,DT,Decision Tree,uncalibrated,4.926,1.2039300000000002,-0.0009818539145726776,0.0014178042893459458,6.0,-0.0009790613961837744,0.0014149403687852612,6.0,8.325052396900877e-05
AC,c_a,DT,Decision Tree,uncalibrated,4.927,1.204095,-0.0009616287023164395,0.0013759197541597231,6.0,-0.0009590038600016761,0.0013732303747832192,6.0,8.253802570595177e-05
AC,c_a,DT,Decision Tree,uncalibrated,4.928,1.20426,-0.0009414260682503121,0.0013351132846742104,6.0,-0.0009389594094325049,0.0013325882999574946,6.0,8.184401198677625e-05
AC,c_a,DT,Decision Tree,uncalibrated,4.929,1.204425,-0.0009212751849110307,0.0012953641401414568,6.0,-0.0009189577080521518,0.0012929939562144747,6.0,8.11677900923973e-05
AC,c_a,DT,Decision Tree,uncalibrated,4.93,1.20459,-0.0009012030817035375,0.001256651686866131,6.0,-0.0008990262547088346,0.001254427235183869,6.0,8.050869854292314e-05
AC,c_a,RF,Random Forest,uncalibrated,4.67,1.16367,0.018273566588726337,0.05879467055214662,100.0,3.8309638301660715e-06,2.3996635960350613e-05,100.0,8.344877164524838e-05
AC,c_a,RF,Random Forest,uncalibrated,4.671,1.1638186666666668,0.020396391874680696,0.058398998830727085,100.0,4.060716801865082e-06,2.4958279246500598e-05,100.0,8.439826767777777e-05
AC,c_a,RF,Random Forest,uncalibrated,4.672,1.1639673333333334,0.022534693529356505,0.05800055004279344,100.0,4.305676112072284e-06,2.5962517490123598e-05,100.0,8.536969289630483e-05
AC,c_a,RF,Random Forest,uncalibrated,4.673,1.164116,0.024686440161063826,0.05759855864378681,100.0,4.5669457726991874e-06,2.7011467605308965e-05,100.0,8.636385881999471e-05
AC,c_a,RF,Random Forest,uncalibrated,4.674,1.1642646666666667,0.02684943538456097,0.05719211693698831,100.0,4.845721015171621e-06,2.8107372018220693e-05,100.0,8.73816224895784e-05
AC,c_a,RF,Random Forest,uncalibrated,4.675,1.1644133333333333,0.02902131226876553,0.05678016445610249,100.0,5.1432970846878386e-06,2.925260772261674e-05,100.0,8.842388989555044e-05
AC,c_a,RF,Random Forest,uncalibrated,4.676,1.164562,0.03119952853811639,0.0563614779081612,100.0,5.461079016775877e-06,3.044969611949574e-05,100.0,8.949161972145035e-05
AC,c_a,RF,Random Forest,uncalibrated,4.677,1.1647106666666667,0.03338136277031919,0.05593466197176619,100.0,5.800592521222996e-06,3.1701313722000506e-05,100.0,9.058582743583647e-05
AC,c_a,RF,Random Forest,uncalibrated,4.678,1.1648593333333332,0.03556391187448307,0.055498141289852795,100.0,6.163496116497481e-06,3.3010303816929335e-05,100.0,9.170758977082096e-05
AC,c_a,RF,Random Forest,uncalibrated,4.679,1.165008,0.0377440901782372,0.05505015404209972,100.0,6.551594678642171e-06,3.437968918574871e-05,100.0,9.285804962957498e-05
AC,c_a,RF,Random Forest,uncalibrated,4.68,1.1651566666666666,0.03991863049981848,0.05458874752876751,100.0,6.9668545929529635e-06,3.58126860014391e-05,100.0,9.403842147055465e-05
AC,c_a,RF,Random Forest,uncalibrated,4.681,1.1653053333333332,0.04208408762984563,0.05411177624386926,100.0,7.411420725127426e-06,3.731271903299152e-05,100.0,9.524999722231415e-05
AC,c_a,RF,Random Forest,uncalibrated,4.682,1.165454,0.04423684469626987,0.05361690295933113,100.0,7.887635461660188e-06,3.8883438307198784e-05,100.0,9.649415278955912e-05
AC,c_a,RF,Random Forest,uncalibrated,4.683,1.1656026666666666,0.04637312293230708,0.05310160338084367,100.0,8.398060108133579e-06,4.05287373982053e-05,100.0,9.777235521907038e-05
AC,c_a,RF,Random Forest,uncalibrated,4.684,1.1657513333333334,0.04848899540780953,0.05256317496749642,100.0,8.945498979611634e-06,4.2252773539425535e-05,100.0,9.908617060323098e-05
AC,c_a,RF,Random Forest,uncalibrated,4.685,1.1659,0.05058040531615669,0.0519987505273185,100.0,9.533026570920186e-06,4.405998978048248e-05,100.0,0.00010043727280913993
AC,c_a,RF,Random Forest,uncalibrated,4.686,1.1660486666666665,0.052643189426081996,0.0514053172049922,100.0,1.0164018257892742e-05,4.595513944480325e-05,100.0,0.00010182745313344373
AC,c_a,RF,Random Forest,uncalibrated,4.687,1.1661973333333333,0.054673107305387145,0.05077974146110302,100.0,1.0842185055322271e-05,4.794331318180869e-05,100.0,0.00010325863099662726
AC,c_a,RF,Random Forest,uncalibrated,4.688,1.1663459999999999,0.056665876895118907,0.05011880059825391,100.0,1.1571613045920087e-05,5.002996895279054e-05,100.0,0.00010473286580649548
AC,c_a,RF,Random Forest,uncalibrated,4.689,1.1664946666666667,0.05883578225079225,0.049442448359162346,55.0,1.235680819970024e-05,5.222096534251239e-05,100.0,0.00010625237013902548
AC,c_a,RF,Random Forest,uncalibrated,4.69,1.1666433333333333,0.06075412479480461,0.04872690616515101,55.0,1.3202747428251622e-05,5.4522598650735894e-05,100.0,0.00010781952440591674
AC,c_a,RF,Random Forest,uncalibrated,4.691,1.1667919999999998,0.06262428610850934,0.04796783124770854,55.0,1.411493686760456e-05,5.6941644291420395e-05,100.0,0.00010943689320315829
AC,c_a,RF,Random Forest,uncalibrated,4.692,1.1669406666666666,0.0644423009474352,0.04716210950703969,55.0,1.5099478561746274e-05,5.948540311373263e-05,100.0,0.00011110724356349707
AC,c_a,RF,Random Forest,uncalibrated,4.693,1.1670893333333332,0.06620442360561218,0.046306778717933934,55.0,1.616314693254465e-05,6.216175336133018e-05,100.0,0.00011283356536946829
AC,c_a,RF,Random Forest,uncalibrated,4.694,1.1672379999999998,0.06790720385395102,0.04539909954534404,55.0,1.731347667854336e-05,6.497920910723264e-05,100.0,0.00011461909422284111
AC,c_a,RF,Random Forest,uncalibrated,4.695,1.1673866666666666,0.06954756910958755,0.044436632358390175,55.0,1.85588640538688e-05,6.794698614436538e-05,100.0,0.00011646733711224581
AC,c_a,RF,Random Forest,uncalibrated,4.696,1.1675353333333331,0.07112291168311223,0.0434173185932806,55.0,1.9908683851066635e-05,7.107507648101762e-05,100.0,0.00011838210127475814
AC,c_a,RF,Random Forest,uncalibrated,4.697,1.167684,0.07263117951370783,0.04233956499566047,55.0,2.1373424861909387e-05,7.43743327903887e-05,100.0,0.0001203675267107825
AC,c_a,RF,Random Forest,uncalibrated,4.698,1.1678326666666665,0.07407096835092,0.041202328650850814,55.0,2.2964847135315576e-05,7.785656439961813e-05,100.0,0.00012242812288621702
AC,c_a,RF,Random Forest,uncalibrated,4.699,1.167981333333333,0.07544161290494909,0.040005200318876756,55.0,2.469616501324265e-05,8.153464668310593e-05,100.0,0.00012456881024467596
AC,c_a,RF,Random Forest,uncalibrated,4.7,1.16813,0.07674327410119834,0.03874848327160958,55.0,2.6582260729364677e-05,8.542264605387358e-05,100.0,0.00012679496725714488
AC,c_a,RF,Random Forest,uncalibrated,4.701,1.1682819999999998,0.07797475004711998,0.03741456539077058,55.0,2.8703735690607568e-05,8.962729571557892e-05,100.0,0.0001292172037597969
AC,c_a,RF,Random Forest,uncalibrated,4.702,1.168434,0.07914094381813443,0.03602253439214927,55.0,3.102607909035251e-05,9.408530689055047e-05,100.0,0.00013174330426974875
AC,c_a,RF,Random Forest,uncalibrated,4.703,1.168586,0.0803164826501035,0.03457652807620934,39.0,3.357252162470854e-05,9.88166051862021e-05,100.0,0.0001343809123327623
AC,c_a,RF,Random Forest,uncalibrated,4.704,1.1687379999999998,0.08137068169537655,0.033084763805783624,39.0,3.6369561084805886e-05,0.00010384321415783916,100.0,0.00013713846399900822
AC,c_a,RF,Random Forest,uncalibrated,4.705,1.16889,0.08237248121086767,0.03154552817634791,39.0,3.944750646153623e-05,0.00010918954086200815,100.0,0.0001400252902684325
AC,c_a,RF,Random Forest,uncalibrated,4.706,1.169042,0.08332839639089307,0.029964492913182494,39.0,4.2841125827142805e-05,0.00011488270765889995,100.0,0.00014305173518405043
AC,c_a,RF,Random Forest,uncalibrated,4.707,1.1691939999999998,0.08424607419046787,0.02834829263080353,39.0,4.659041989062921e-05,0.00012095293826743773,100.0,0.00014622929232186138
AC,c_a,RF,Random Forest,uncalibrated,4.708,1.169346,0.08513425458615936,0.026704499787164385,39.0,5.0741548064333914e-05,0.0001274340073585089,100.0,0.00014957076297127372
AC,c_a,RF,Random Forest,uncalibrated,4.709,1.169498,0.08586528310998083,0.025048423942042507,29.0,5.534793997011013e-05,0.00013436376437696434,100.0,0.00015309043996605769
AC,c_a,RF,Random Forest,uncalibrated,4.71,1.1696499999999999,0.08673297858033922,0.023399371397004768,29.0,6.0471632819891064e-05,0.00014178474377748456,100.0,0.0001568043219416903
AC,c_a,RF,Random Forest,uncalibrated,4.711,1.169802,0.08760402530031033,0.021751979977850923,29.0,6.61848843471448e-05,0.00014974487537989611,100.0,0.00016073036379798006
AC,c_a,RF,Random Forest,uncalibrated,4.712,1.169954,0.08849061339325599,0.020117210315728436,29.0,7.257212232637499e-05,0.00015829830999002995,100.0,0.00016488877038366989
AC,c_a,RF,Random Forest,uncalibrated,4.713,1.170106,0.08940555570378599,0.018506936943699516,29.0,7.973230565205781e-05,0.00016750637662338706,100.0,0.00016930234195257585
AC,c_a,RF,Random Forest,uncalibrated,4.714,1.170258,0.09036217571987006,0.01693409526731234,29.0,8.778178898537266e-05,0.00017743868835554775,100.0,0.00017399688184572157
AC,c_a,RF,Random Forest,uncalibrated,4.715,1.17041,0.09166354351940786,0.015441112875105831,16.0,9.685780372368892e-05,0.0001881744136359684,100.0,0.0001790016792318094
AC,c_a,RF,Random Forest,uncalibrated,4.716,1.170562,0.09277683886873064,0.014009760556606358,16.0,0.00010681435986829071,0.00019981126475443044,97.0,0.0001843500827162729
AC,c_a,RF,Random Forest,uncalibrated,4.717,1.170714,0.0939721814728675,0.012655981107952756,16.0,0.00011843323886562843,0.00021245419747843846,97.0,0.00019008018437594962
AC,c_a,RF,Random Forest,uncalibrated,4.718,1.170866,0.09526355348554122,0.01139827874823259,16.0,0.00013166202318381666,0.0002262156399828883,97.0,0.00019623563850860822
AC,c_a,RF,Random Forest,uncalibrated,4.719,1.1710180000000001,0.09666498458580935,0.010258075721437908,16.0,0.00014677462164543713,0.00024123040355254364,97.0,0.00020286664538948107
AC,c_a,RF,Random Forest,uncalibrated,4.72,1.17117,0.09734654759381853,0.009375360912307742,86.0,0.0001640986888690008,0.00025765215314727495,97.0,0.00021003113797567964
AC,c_a,RF,Random Forest,uncalibrated,4.721,1.1713200000000001,0.09886121596398548,0.008736063662417663,89.0,0.00018372368753437785,0.00027540825508634564,97.0,0.00021765008387230304
AC,c_a,RF,Random Forest,uncalibrated,4.722,1.1714700000000002,0.1006795598705675,0.0083472458585499,89.0,0.00020669766208797883,0.0002948938053194063,73.0,0.00022592779898294828
AC,c_a,RF,Random Forest,uncalibrated,4.723,1.17162,0.10252412716001008,0.008207811439702546,83.0,0.00023283981287806286,0.0003163860774016227,73.0,0.00023495153889872402
AC,c_a,RF,Random Forest,uncalibrated,4.724,1.1717700000000002,0.10466574314798503,0.008283593023045807,83.0,0.0002631583292678982,0.0003400763211045041,73.0,0.0002448233606830385
AC,c_a,RF,Random Forest,uncalibrated,4.725,1.17192,0.10699417107646056,0.008512635206068736,83.0,0.00029843581342563924,0.0003662345486055978,73.0,0.00025566312937637815
AC,c_a,RF,Random Forest,uncalibrated,4.726,1.17207,0.10951940406671254,0.008851790358348814,83.0,0.00033487760243707974,0.0003951864693238167,74.0,0.0002676122316967537
AC,c_a,RF,Random Forest,uncalibrated,4.727,1.17222,0.11225027934476828,0.009260146975585148,83.0,0.00038301832041086293,0.00042742258084792846,74.0,0.00028083818532370717
AC,c_a,RF,Random Forest,uncalibrated,4.728,1.17237,0.11519422819855091,0.009702906684120879,83.0,0.0004395770362521349,0.0004631133124933142,74.0,0.0002955403880103421
AC,c_a,RF,Random Forest,uncalibrated,4.729,1.17252,0.11835699863891133,0.010152427325800049,83.0,0.0005061890645045199,0.0005026207016835054,74.0,0.00031195732478434533
AC,c_a,RF,Random Forest,uncalibrated,4.73,1.17267,0.12174235678531566,0.010587708850014612,83.0,0.0005848106704348458,0.0005463152141796867,74.0,0.00033037565006073955
AC,c_a,RF,Random Forest,uncalibrated,4.731,1.172823,0.12543068533101004,0.011000755486523413,83.0,0.0006798889656032021,0.0005956265361130933,74.0,0.00035165085371380365
AC,c_a,RF,Random Forest,uncalibrated,4.732,1.172976,0.12935294913355924,0.011371581012113646,83.0,0.0007928683923689379,0.0006500633086025789,74.0,0.00037581691595679344
AC,c_a,RF,Random Forest,uncalibrated,4.733,1.1731289999999999,0.13350485855496225,0.011692620411477084,83.0,0.0009272536129815052,0.0007099473597377352,74.0,0.0004034219692603721
AC,c_a,RF,Random Forest,uncalibrated,4.734,1.173282,0.13787862432938247,0.011959443791665353,83.0,0.0010871755108133865,0.0007755197582910976,74.0,0.00043514209726528737
AC,c_a,RF,Random Forest,uncalibrated,4.735,1.173435,0.1424626852710943,0.012170224423884188,83.0,0.00127746630422561,0.0008469013134395238,74.0,0.00047181629102988445
AC,c_a,RF,Random Forest,uncalibrated,4.736,1.1735879999999999,0.1472415008509644,0.012325324764278878,83.0,0.001503728176109289,0.0009240465284920794,74.0,0.0005144922384397721
AC,c_a,RF,Random Forest,uncalibrated,4.737,1.173741,0.15219542840035308,0.01242694270769997,83.0,0.001772388311929973,0.0010066925524585258,74.0,0.0005644866627967719
AC,c_a,RF,Random Forest,uncalibrated,4.738,1.173894,0.15730070461117157,0.012478770733595913,83.0,0.002090731618646913,0.0010943059855481596,74.0,0.0006234653070401647
AC,c_a,RF,Random Forest,uncalibrated,4.739,1.1740469999999998,0.16283068243884796,0.012599988797484427,35.0,0.0024645494763082957,0.001186692424758077,76.0,0.000693549584002521
AC,c_a,RF,Random Forest,uncalibrated,4.74,1.1742,0.16813190710349857,0.012696124673322477,35.0,0.002905668046713985,0.0012839702326141044,76.0,0.0007774596018777305
AC,c_a,RF,Random Forest,uncalibrated,4.741,1.1743549999999998,0.17356757613914475,0.012767555201455798,35.0,0.00343075914779351,0.001384870696027096,76.0,0.0008801955825334139
AC,c_a,RF,Random Forest,uncalibrated,4.742,1.17451,0.1790208819792405,0.012815069002071442,35.0,0.0040450024829863625,0.001486054377117875,76.0,0.0010054711246032212
AC,c_a,RF,Random Forest,uncalibrated,4.743,1.174665,0.18445011185007212,0.012839449719125155,35.0,0.004759526617469696,0.001585168243853339,76.0,0.001159525720367244
AC,c_a,RF,Random Forest,uncalibrated,4.744,1.17482,0.190224574540361,0.012903123776481586,16.0,0.005590779796870375,0.0016802228282854603,25.0,0.0013506100757524656
AC,c_a,RF,Random Forest,uncalibrated,4.745,1.1749749999999999,0.19548707340675883,0.01297025060164075,16.0,0.00653872749462925,0.0017684133673727099,25.0,0.0015897070507698914
AC,c_a,RF,Random Forest,uncalibrated,4.746,1.17513,0.2005929348127689,0.012996007346500357,16.0,0.007619604736078393,0.0018457970453907826,25.0,0.0018915291127492647
AC,c_a,RF,Random Forest,uncalibrated,4.747,1.175285,0.20550007835169704,0.012973768637150399,16.0,0.008842728872525395,0.0019093045957674683,25.0,0.002275901077935863
AC,c_a,RF,Random Forest,uncalibrated,4.748,1.17544,0.21016911752758746,0.012896792609832012,16.0,0.010215965201069294,0.001956165375805594,25.0,0.002769678079472041
AC,c_a,RF,Random Forest,uncalibrated,4.749,1.175595,0.2145640579467705,0.012758974400146825,16.0,0.011745378704665868,0.0019841408637433352,25.0,0.003409402713798438
AC,c_a,RF,Random Forest,uncalibrated,4.75,1.17575,0.21865274555821979,0.012555584389313337,16.0,0.013423562148591181,0.0019920835487184326,81.0,0.004244973240747661
AC,c_a,RF,Random Forest,uncalibrated,4.751,1.175904,0.2223789002167126,0.012285563146606492,16.0,0.015261551704628222,0.0019826132762871423,81.0,0.005336710335469649
AC,c_a,RF,Random Forest,uncalibrated,4.752,1.176058,0.22575180937540218,0.011947807871877774,16.0,0.017258767115724,0.0019542725483340352,81.0,0.006780877477035919
AC,c_a,RF,Random Forest,uncalibrated,4.753,1.176212,0.2283653863962721,0.011563690993757175,9.0,0.01941031381281178,0.0019088998705136045,54.0,0.008702510750618668
AC,c_a,RF,Random Forest,uncalibrated,4.754,1.176366,0.2310092529015329,0.011154856570530584,9.0,0.021712177987834428,0.001856414325608369,54.0,0.011271520164585252
AC,c_a,RF,Random Forest,uncalibrated,4.755,1.17652,0.2332485583654141,0.010683547639451601,9.0,0.024134036249904338,0.001802041242524104,7.0,0.014717110165289557
AC,c_a,RF,Random Forest,uncalibrated,4.756,1.176674,0.23507031424287303,0.010158153268980149,9.0,0.026710265046082718,0.0017636422524963697,7.0,0.019344967142865765
AC,c_a,RF,Random Forest,uncalibrated,4.757,1.176828,0.23692309669528738,0.009695211526202828,25.0,0.029408632049292997,0.001724435521927464,7.0,0.025556090061358894
AC,c_a,RF,Random Forest,uncalibrated,4.758,1.176982,0.23782943041462734,0.00920625266991797,25.0,0.032215116996934745,0.0016872173874114132,7.0,0.033864516244485346
AC,c_a,RF,Random Forest,uncalibrated,4.759,1.177136,0.2382918033417166,0.008695849984606893,25.0,0.035113640681776664,0.0016538225586886467,7.0,0.044908830856231124
AC,c_a,RF,Random Forest,uncalibrated,4.76,1.17729,0.23830400227099868,0.00817327703299273,25.0,0.038086115970326906,0.001624939583384461,7.0,0.05944958630405114
AC,c_a,RF,Random Forest,uncalibrated,4.761,1.177448,0.23784456607338136,0.007635562942439949,25.0,0.04119837215486631,0.00159954443269264,7.0,0.07888890256776035
AC,c_a,RF,Random Forest,uncalibrated,4.762,1.177606,0.23689704677894105,0.007103555229363809,25.0,0.04434361838037579,0.0015768157365669015,7.0,0.10386790101355786
AC,c_a,RF,Random Forest,uncalibrated,4.763,1.177764,0.2354592508758678,0.006585695214219241,25.0,0.04749598934869118,0.0015545178447499228,7.0,0.13527796217247937
AC,c_a,RF,Random Forest,uncalibrated,4.764,1.1779220000000001,0.23353124508447615,0.006089474715521282,25.0,0.05062790298148289,0.0015300748196573118,7.0,0.17379794350683814
AC,c_a,RF,Random Forest,uncalibrated,4.765,1.17808,0.23111575826520123,0.005621368522571552,25.0,0.053710344475587764,0.001500902088042789,7.0,0.21974829295341783
AC,c_a,RF,Random Forest,uncalibrated,4.766,1.1782380000000001,0.22814164411484214,0.005253600287656877,6.0,0.05671322587388259,0.0014646527615359342,7.0,0.2729815810547358
AC,c_a,RF,Random Forest,uncalibrated,4.767,1.1783960000000002,0.22477532910516798,0.00491593746458825,6.0,0.05963085754419149,0.0014226531467572082,5.0,0.3328440378130527
AC,c_a,RF,Random Forest,uncalibrated,4.768,1.178554,0.22094810892466174,0.004597709204269839,6.0,0.06238280045573563,0.0013750648390280223,5.0,0.3982182733217403
AC,c_a,RF,Random Forest,uncalibrated,4.769,1.1787120000000002,0.21667733829336863,0.004300385390073454,6.0,0.06496304296634689,0.0013162359902139386,5.0,0.4676268106118885
AC,c_a,RF,Random Forest,uncalibrated,4.77,1.17887,0.21212255350412076,0.004093544121506404,5.0,0.06734223314601494,0.001246307667798067,5.0,0.5393577605446005
AC,c_a,RF,Random Forest,uncalibrated,4.771,1.1790250000000002,0.20714159312591035,0.004024347665331166,5.0,0.06939390745180898,0.0011775806092894873,3.0,0.6102214962437416
AC,c_a,RF,Random Forest,uncalibrated,4.772,1.1791800000000001,0.20180578897455748,0.003977121848181747,5.0,0.07126088929477042,0.0011469571542781143,3.0,0.6797843120989653
AC,c_a,RF,Random Forest,uncalibrated,4.773,1.179335,0.19614494182041486,0.0039496801565157835,5.0,0.07286507037951132,0.00110123725326535,3.0,0.746288815471181
AC,c_a,RF,Random Forest,uncalibrated,4.774,1.1794900000000001,0.19019172277373814,0.003938783265259165,5.0,0.07418865713273784,0.0010401337913192258,3.0,0.8080263069354313
AC,c_a,RF,Random Forest,uncalibrated,4.775,1.179645,0.1839812816058553,0.003940409652345436,5.0,0.07521751726178919,0.0009638276115654758,3.0,0.8633744085968219
AC,c_a,RF,Random Forest,uncalibrated,4.776,1.1798,0.177550781336169,0.0039500854461882,5.0,0.07597836904328176,0.0009106593405125194,51.0,0.9108435741118219
AC,c_a,RF,Random Forest,uncalibrated,4.777,1.179955,0.17093887481631603,0.003963215439996041,5.0,0.07638697698088184,0.0008948472991121664,65.0,0.9491333338489312
AC,c_a,RF,Random Forest,uncalibrated,4.778,1.18011,0.16418514103286377,0.003975371132245685,5.0,0.07648371949406368,0.0008884171086379761,65.0,0.977193173796852
AC,c_a,RF,Random Forest,uncalibrated,4.779,1.180265,0.15732949994544448,0.003982512415204658,5.0,0.07626357373409491,0.0008965716851523615,80.0,0.9942795528829523
AC,c_a,RF,Random Forest,uncalibrated,4.78,1.18042,0.150411624876926,0.003981138079912014,5.0,0.07572458024067592,0.0009365730242288574,8.0,1.0
AC,c_a,RF,Random Forest,uncalibrated,4.781,1.1805759999999998,0.14341950411283685,0.003968206171330963,5.0,0.07491353198550815,0.0010124214855523935,8.0,0.9942645896402904
AC,c_a,RF,Random Forest,uncalibrated,4.782,1.180732,0.13644208477968206,0.0039414633397837975,5.0,0.07386657911764793,0.0011222061671252025,5.0,0.9773653329498592
AC,c_a,RF,Random Forest,uncalibrated,4.783,1.1808880000000002,0.12951578306328793,0.003899326338328331,5.0,0.07251349450205968,0.0012358031255800788,5.0,0.9500273345790389
AC,c_a,RF,Random Forest,uncalibrated,4.784,1.181044,0.12267465925791034,0.0038408545837945417,5.0,0.07092229572378866,0.0013448354012020032,5.0,0.913288606465064
AC,c_a,RF,Random Forest,uncalibrated,4.785,1.1812,0.11595004427178737,0.0037656993067743433,5.0,0.06911712890655547,0.0014447141567193451,5.0,0.8684379071846742
AC,c_a,RF,Random Forest,uncalibrated,4.786,1.1813559999999999,0.10937024483955501,0.0036740413842101683,5.0,0.06712374294040457,0.0015320475954442982,5.0,0.81694380785707
AC,c_a,RF,Random Forest,uncalibrated,4.787,1.181512,0.10296033054789477,0.003566523225911471,5.0,0.06496885809223524,0.0016044026016763526,5.0,0.7603813072040916
AC,c_a,RF,Random Forest,uncalibrated,4.788,1.1816680000000002,0.09674200265812516,0.0034441786943794476,5.0,0.06267955525920038,0.0016601417600944177,5.0,0.7003609171659473
AC,c_a,RF,Random Forest,uncalibrated,4.789,1.181824,0.09073354188983491,0.0033083640172151853,5.0,0.06028270620125706,0.0016983083351608927,5.0,0.638463433960793
AC,c_a,RF,Random Forest,uncalibrated,4.79,1.18198,0.08494982991808774,0.0031606918810152566,5.0,0.05780446132783065,0.001718538557194907,5.0,0.5761821615644567
AC,c_a,RF,Random Forest,uncalibrated,4.791,1.1821380000000001,0.07932446405332291,0.0030007093579274883,5.0,0.05523213758193807,0.001720897427093217,5.0,0.5141088739386348
AC,c_a,RF,Random Forest,uncalibrated,4.792,1.182296,0.07395124589632968,0.002832443165759724,5.0,0.052626533775809614,0.0017056342103143112,5.0,0.4542578398792472
AC,c_a,RF,Random Forest,uncalibrated,4.793,1.1824540000000001,0.06883577154165628,0.0026580167184777318,5.0,0.05001019729334347,0.0016738022892936824,5.0,0.3976342133286411
AC,c_a,RF,Random Forest,uncalibrated,4.794,1.182612,0.06398074301390362,0.002479602025987029,5.0,0.04740353553830051,0.0016268046642395754,5.0,0.3450053447362541
AC,c_a,RF,Random Forest,uncalibrated,4.795,1.18277,0.05938624935918986,0.0022993816876416755,5.0,0.044824686128546204,0.0015663334940076675,5.0,0.2968951445077047
AC,c_a,RF,Random Forest,uncalibrated,4.796,1.1829280000000002,0.05505006731745754,0.0021195177042214403,5.0,0.04228946462064889,0.0014943126350957683,5.0,0.25359268819238007
AC,c_a,RF,Random Forest,uncalibrated,4.797,1.183086,0.05096797145293424,0.0019421265244558472,5.0,0.03981138047781785,0.0014128436897197312,5.0,0.21517405422101685
AC,c_a,RF,Random Forest,uncalibrated,4.798,1.1832440000000002,0.0471340445356842,0.0017692595373435698,5.0,0.03740171051046168,0.0013241561304707455,5.0,0.1815347472846845
AC,c_a,RF,Random Forest,uncalibrated,4.799,1.183402,0.04354098006707221,0.0016028879074390268,5.0,0.03506961825867086,0.0012305620107693604,5.0,0.15242877440780478
AC,c_a,RF,Random Forest,uncalibrated,4.8,1.18356,0.040164149186777645,0.0015030451078337126,69.0,0.032822307675119955,0.001134415548763735,5.0,0.12750990607931745
AC,c_a,RF,Random Forest,uncalibrated,4.801,1.183718,0.03703546973529737,0.0014273511113100069,39.0,0.030665199913116697,0.0010380772925467608,5.0,0.10637097994639055
AC,c_a,RF,Random Forest,uncalibrated,4.802,1.183876,0.034105789955134844,0.001358094670769111,39.0,0.028598437402998417,0.0009577816876411229,69.0,0.08857810488917006
AC,c_a,RF,Random Forest,uncalibrated,4.803,1.184034,0.031379546881321836,0.0012944101685580614,39.0,0.026627841853362963,0.0009238369237901582,69.0,0.07369794618020596
AC,c_a,RF,Random Forest,uncalibrated,4.804,1.1841920000000001,0.02884882341675388,0.0012477559335184088,84.0,0.024767330014902104,0.0008936430302748882,84.0,0.061317559495885604
AC,c_a,RF,Random Forest,uncalibrated,4.805,1.18435,0.02649753993105156,0.0012067887938266933,84.0,0.02299091278800099,0.0008782746551798375,84.0,0.0510572449757476
AC,c_a,RF,Random Forest,uncalibrated,4.806,1.1845080000000001,0.024318483521989065,0.0011708906075983013,84.0,0.021311683015485854,0.0008660254266805087,84.0,0.042577512612676796
AC,c_a,RF,Random Forest,uncalibrated,4.807,1.1846660000000002,0.02230152331715085,0.0011395234736054885,84.0,0.019728286151875045,0.0008567258621898549,84.0,0.03558150923239183
AC,c_a,RF,Random Forest,uncalibrated,4.808,1.184824,0.02043679543743716,0.0011120376197472051,84.0,0.01823877261759641,0.0008500077330619216,84.0,0.029814245500270068
AC,c_a,RF,Random Forest,uncalibrated,4.809,1.1849820000000002,0.0187147627973996,0.0010877138521470844,84.0,0.016840714929117994,0.000845349404031104,84.0,0.02505978653191219
AC,c_a,RF,Random Forest,uncalibrated,4.81,1.18514,0.017125958631744084,0.0010662348904579937,86.0,0.015531308225859403,0.00084213237203129,84.0,0.021137324526073673
AC,c_a,RF,Random Forest,uncalibrated,4.811,1.1853010000000002,0.01563359813555229,0.0010479852283187677,86.0,0.01428355163031303,0.0008395630491341527,86.0,0.01784477152235389
AC,c_a,RF,Random Forest,uncalibrated,4.812,1.1854620000000002,0.014262409563852505,0.0010300007869268732,86.0,0.013121184148382582,0.0008392917192168961,86.0,0.015128833629589935
AC,c_a,RF,Random Forest,uncalibrated,4.813,1.185623,0.013003915223243009,0.001011803973690318,86.0,0.012040805315972713,0.0008378475167722096,86.0,0.012882952875288303
AC,c_a,RF,Random Forest,uncalibrated,4.814,1.1857840000000002,0.01185008237667208,0.000993022991594901,86.0,0.011038564675792046,0.0008348365578244799,86.0,0.011020415180630405
AC,c_a,RF,Random Forest,uncalibrated,4.815,1.185945,0.010793314561943674,0.0009733913415781773,86.0,0.010110540533544907,0.0008299760690102173,86.0,0.009470831475644235
AC,c_a,RF,Random Forest,uncalibrated,4.816,1.1861059999999999,0.00982643958821626,0.0009527416821393386,86.0,0.00925277937078637,0.0008230915723762805,86.0,0.008177146393509768
AC,c_a,RF,Random Forest,uncalibrated,4.817,1.186267,0.008942695769780672,0.0009309955707279081,86.0,0.008461329725170646,0.0008141081757391275,86.0,0.007093137529795764
AC,c_a,RF,Random Forest,uncalibrated,4.818,1.1864279999999998,0.00813571749358746,0.0009081505807587137,86.0,0.007732271707159557,0.0008030379547699207,86.0,0.006181350795700424
AC,c_a,RF,Random Forest,uncalibrated,4.819,1.186589,0.0073995208139348255,0.0008842661324215625,86.0,0.007061742974621908,0.0007899651605281755,86.0,0.005411411706962208
AC,c_a,RF,Random Forest,uncalibrated,4.82,1.18675,0.006728489436011282,0.0008594491499876602,86.0,0.006445961682525422,0.0007750306748776218,86.0,0.0047586537201537325
AC,c_a,RF,Random Forest,uncalibrated,4.821,1.1869159999999999,0.006098847088797792,0.0008330147127798498,86.0,0.005864064519219769,0.000757854135676092,86.0,0.00418892283966249
AC,c_a,RF,Random Forest,uncalibrated,4.822,1.187082,0.00552766658244972,0.0008059410622179283,86.0,0.005332709482450681,0.0007391450641878785,86.0,0.003704183047656208
AC,c_a,RF,Random Forest,uncalibrated,4.823,1.187248,0.0050144170891233495,0.0007784563344690815,94.0,0.004848105917498273,0.0007191458680180594,86.0,0.003289984210921761
AC,c_a,RF,Random Forest,uncalibrated,4.824,1.187414,0.004544839862537279,0.0007515538846838238,94.0,0.004410510459712144,0.0006986433665409141,94.0,0.0029345555428652377
AC,c_a,RF,Random Forest,uncalibrated,4.825,1.1875799999999999,0.004119626800658192,0.0007244328332050014,94.0,0.004008292378714294,0.0006775718729081165,94.0,0.0026282792544390127
AC,c_a,RF,Random Forest,uncalibrated,4.826,1.187746,0.0037347691822631553,0.0006972644680792386,94.0,0.003642529197202384,0.0006558080137398185,94.0,0.0023632712888706263
AC,c_a,RF,Random Forest,uncalibrated,4.827,1.1879119999999999,0.0033865724459594087,0.0006702082522823431,94.0,0.0033101755073430255,0.0006335674398477512,94.0,0.0021330470785052304
AC,c_a,RF,Random Forest,uncalibrated,4.828,1.188078,0.00307163975548864,0.0006434084979089136,94.0,0.0030083795098104645,0.0006110487509065649,94.0,0.0019322547342813965
AC,c_a,RF,Random Forest,uncalibrated,4.829,1.1882439999999999,0.0027868553704162437,0.0006169924410720459,94.0,0.0027344820013861645,0.0005884308798141058,94.0,0.001756461701836695
AC,c_a,RF,Random Forest,uncalibrated,4.83,1.18841,0.0025340843332777693,0.0005916879940094526,81.0,0.0024905855107709915,0.0005663968516280163,81.0,0.0016019838257777944
AC,c_a,RF,Random Forest,uncalibrated,4.831,1.188561,0.0023210267353593428,0.000569525765117271,81.0,0.0022844112550545054,0.0005469474400666935,81.0,0.0014754868494637988
AC,c_a,RF,Random Forest,uncalibrated,4.832,1.188712,0.002126585061199698,0.000547695154554978,81.0,0.002095766435642181,0.0005275471237444965,81.0,0.001362413071908542
AC,c_a,RF,Random Forest,uncalibrated,4.833,1.188863,0.0019491336418320654,0.0005262711806807547,81.0,0.0019231958899151719,0.000508297533400907,81.0,0.0012610582001769369
AC,c_a,RF,Random Forest,uncalibrated,4.834,1.189014,0.0018028156700920562,0.0005098915247761221,6.0,0.0017808763443105669,0.0004927484491439991,6.0,0.0011699640632794014
AC,c_a,RF,Random Forest,uncalibrated,4.835,1.189165,0.0016507664194814612,0.0005027479337011484,6.0,0.0016325312008362847,0.0004870107950698443,6.0,0.0010878795021856305
AC,c_a,RF,Random Forest,uncalibrated,4.836,1.189316,0.0015115293334567919,0.0004950689296305017,6.0,0.0014964168424850266,0.00048063021929194654,6.0,0.0010137279429927517
AC,c_a,RF,Random Forest,uncalibrated,4.837,1.189467,0.0013839999071067457,0.00048690693089662937,6.0,0.0013715179279484102,0.00047366542405945174,6.0,0.0009465804458299023
AC,c_a,RF,Random Forest,uncalibrated,4.838,1.189618,0.0012671685253162282,0.0004783181980955355,6.0,0.0012569004768541725,0.00046617892673151144,6.0,0.0008856332495530996
AC,c_a,RF,Random Forest,uncalibrated,4.839,1.189769,0.0011601128102693382,0.00046936057485374386,6.0,0.0011517062445238946,0.0004582347434391308,6.0,0.0008301890156313688
AC,c_a,RF,Random Forest,uncalibrated,4.84,1.18992,0.0010619904672577076,0.00046009173629041474,6.0,0.001055147298200998,0.0004498965846201702,6.0,0.000779641122541762
AC,c_a,RF,Random Forest,uncalibrated,4.841,1.1900860000000002,0.0009635614221959743,0.00044936962285322004,6.0,0.0009581439546921999,0.0004401130831634112,6.0,0.0007301382361791967
AC,c_a,RF,Random Forest,uncalibrated,4.842,1.190252,0.0008740765148855828,0.000438406992019952,6.0,0.0008698320011596616,0.0004300030970309411,6.0,0.0006851632898837707
AC,c_a,RF,Random Forest,uncalibrated,4.843,1.1904180000000002,0.0007926941043064871,0.00042727275290862696,6.0,0.0007894126249280248,0.0004196426703385788,6.0,0.0006442058942732731
AC,c_a,RF,Random Forest,uncalibrated,4.844,1.190584,0.0007186541834987523,0.00041603004265579005,6.0,0.0007161614783609177,0.00040910167680764377,6.0,0.000606822894946506
AC,c_a,RF,Random Forest,uncalibrated,4.845,1.19075,0.0006512704573899214,0.00040473597661792497,6.0,0.0006494219526703521,0.0003984435480815316,6.0,0.0005726283883030326
AC,c_a,RF,Random Forest,uncalibrated,4.846,1.190916,0.0005899231495966557,0.00039344162609034164,6.0,0.0005885989820979171,0.0003877252417804466,6.0,0.0005412853659869972
AC,c_a,RF,Random Forest,uncalibrated,4.847,1.1910820000000002,0.0005340524823898835,0.0003821921607088948,6.0,0.0005331533552370149,0.00037699738417655863,6.0,0.0005124987015359216
AC,c_a,RF,Random Forest,uncalibrated,4.848,1.191248,0.0004831527755486554,0.00037102710570925966,6.0,0.00048259650659697006,0.0003663045355269874,6.0,0.0004860092463781918
AC,c_a,RF,Random Forest,uncalibrated,4.849,1.1914140000000002,0.00043676711221998234,0.0003599806750985805,6.0,0.00043648575948525726,0.0003556855372102004,6.0,0.000461588845347081
AC,c_a,RF,Random Forest,uncalibrated,4.85,1.19158,0.0003944825225119397,0.0003490821507501546,6.0,0.0003944199901602846,0.00034517390903066573,6.0,0.0004390361165269895
AC,c_a,RF,Random Forest,uncalibrated,4.851,1.1917380000000002,0.0003576786802360867,0.00033897956332875625,6.0,0.0003577822297769301,0.00033540444759402156,6.0,0.0004188813254557926
AC,c_a,RF,Random Forest,uncalibrated,4.852,1.191896,0.00032395994976856774,0.0003290488921411515,6.0,0.00032419468302343407,0.00032577684658134556,6.0,0.00040014840462568405
AC,c_a,RF,Random Forest,uncalibrated,4.853,1.192054,0.0002930608447534342,0.00031930476631482146,6.0,0.0002933978238610266,0.00031630850458265426,6.0,0.0003827122255650064
AC,c_a,RF,Random Forest,uncalibrated,4.854,1.192212,0.0002647398898669087,0.00030975908962658176,6.0,0.00026515517376624054,0.0003070138494817244,6.0,0.0003664607176601926
AC,c_a,RF,Random Forest,uncalibrated,4.855,1.1923700000000002,0.00023877737136523877,0.0003004213226849228,6.0,0.00023925120599841782,0.00029790463889106715,6.0,0.0003512933059632569
AC,c_a,RF,Random Forest,uncalibrated,4.856,1.192528,0.00021497330051788947,0.0002912987492806844,6.0,0.00021548943822583905,0.0002889902442286265,6.0,0.0003371195578184714
AC,c_a,RF,Random Forest,uncalibrated,4.857,1.1926860000000001,0.00019314557025212502,0.00028239672509723765,6.0,0.00019369069776009606,0.0002802779164303607,6.0,0.00032385800773785365
AC,c_a,RF,Random Forest,uncalibrated,4.858,1.192844,0.00017312828702797586,0.00027371890787596673,6.0,0.00017369154471374992,0.00027177303226009027,6.0,0.000311435134781197
AC,c_a,RF,Random Forest,uncalibrated,4.859,1.193002,0.000154770261471101,0.00026526746881653206,6.0,0.0001553428393771447,0.00026347932091202954,6.0,0.0002997844707101793
AC,c_a,RF,Random Forest,uncalibrated,4.86,1.19316,0.00013793364276945146,0.00025704328545516904,6.0,0.0001385084411447321,0.00025539907110492865,6.0,0.0002888458205335551
AC,c_a,RF,Random Forest,uncalibrated,4.861,1.1933159999999998,0.00012267302682781727,0.000249171756353613,6.0,0.00012324457724507048,0.0002476572140080062,6.0,0.0002786489903215892
AC,c_a,RF,Random Forest,uncalibrated,4.862,1.1934719999999999,0.00010866220925378101,0.00024151968060145073,6.0,0.00010922610917072736,0.00024012373815016322,6.0,0.00026904882613347416
AC,c_a,RF,Random Forest,uncalibrated,4.863,1.1936280000000001,9.580013954686633e-05,0.00023408511664646742,6.0,9.635293826099067e-05,0.0002327977095404247,6.0,0.00026000147859439203
AC,c_a,RF,Random Forest,uncalibrated,4.864,1.193784,8.399440278236684e-05,0.00022686546411464827,6.0,8.453344013825692e-05,0.00022567744040579636,6.0,0.00025146694106232317
AC,c_a,RF,Random Forest,uncalibrated,4.865,1.19394,7.316043965297398e-05,0.0002198575700076992,6.0,7.368371040727961e-05,0.00021876060427441672,6.0,0.00024340866049695894
AC,c_a,RF,Random Forest,uncalibrated,4.866,1.1940959999999998,6.322083944422131e-05,0.00021305782311980995,6.0,6.372687926760781e-05,0.0002120443385109442,6.0,0.00023579319279142574
AC,c_a,RF,Random Forest,uncalibrated,4.867,1.1942519999999999,5.410469903037164e-05,0.0002064622376638958,6.0,5.4592488756721735e-05,0.0002055253353437768,6.0,0.00022858989694238185
AC,c_a,RF,Random Forest,uncalibrated,4.868,1.1944080000000001,4.574704160414936e-05,0.00020006652706451686,6.0,4.621592686852402e-05,0.0001991999223915901,6.0,0.00022177066321006948
AC,c_a,RF,Random Forest,uncalibrated,4.869,1.194564,3.8088289483852205e-05,0.00019386616882562398,6.0,3.853791333815096e-05,0.00019306413364723128,6.0,0.00021530967107963206
AC,c_a,RF,Random Forest,uncalibrated,4.87,1.19472,3.107378584800031e-05,0.00018785646133981704,6.0,3.150403232029156e-05,0.00018711377183418568,6.0,0.00020918317339870863
AC,c_a,RF,Random Forest,uncalibrated,4.871,1.194878,2.4582851585557052e-05,0.00018193652231528383,6.0,2.49934710368864e-05,0.00018124917537264682,6.0,0.00020332507892461234
AC,c_a,RF,Random Forest,uncalibrated,4.872,1.195036,1.8653710728872523e-05,0.00017620284487451722,6.0,1.9044951005631194e-05,0.00017556637147873497,6.0,0.0001977646699180801
AC,c_a,RF,Random Forest,uncalibrated,4.873,1.195194,1.3242424236113286e-05,0.00017065026847857862,6.0,1.361465821553276e-05,0.0001700605904214224,6.0,0.00019248280814583956
AC,c_a,RF,Random Forest,uncalibrated,4.874,1.195352,8.308630982227773e-06,0.0001652736140208337,6.0,8.662327961021302e-06,0.0001647270073711797,6.0,0.0001874618263489724
AC,c_a,RF,Random Forest,uncalibrated,4.875,1.19551,3.815234813205287e-06,0.00016006771282777674,6.0,4.150936822396519e-06,0.00015956077496649714,6.0,0.00018268539711658737
AC,c_a,RF,Random Forest,uncalibrated,4.876,1.195668,-2.718794679723227e-07,0.00015502743124731088,6.0,4.642278924236966e-08,0.00015455705111560152,6.0,0.00017813841501524027
AC,c_a,RF,Random Forest,uncalibrated,4.877,1.1958259999999998,-3.984103923027933e-06,0.0001501476913027371,6.0,-3.682569088577433e-06,0.00014971102254538655,6.0,0.00017380689048107604
AC,c_a,RF,Random Forest,uncalibrated,4.878,1.195984,-7.350341633646193e-06,0.00014542348790892926,6.0,-7.064917943648067e-06,0.00014501792462476352,6.0,0.00016967785416654934
AC,c_a,RF,Random Forest,uncalibrated,4.879,1.1961419999999998,-1.03972194129127e-05,0.00014084990303993048,6.0,-1.0127237362082334e-05,0.00014047305787988292,6.0,0.0001657392705932273
AC,c_a,RF,Random Forest,uncalibrated,4.88,1.1963,-1.31492811395545e-05,0.00013642211723625348,6.0,-1.2894066675243413e-05,0.00013607180161503846,6.0,0.0001619799601007954
AC,c_a,RF,Random Forest,uncalibrated,4.881,1.196467,-1.5723130324044333e-05,0.00013181233502105693,6.0,-1.5483008706647857e-05,0.00013148811674103998,6.0,0.00015827798098537742
AC,c_a,RF,Random Forest,uncalibrated,4.882,1.196634,-1.8017337681830076e-05,0.00012735848618887504,6.0,-1.7791544203560328e-05,0.000127058287947337,6.0,0.00015474688988033946
AC,c_a,RF,Random Forest,uncalibrated,4.883,1.196801,-2.005466646320876e-05,0.0001230552443626768,6.0,-1.9842453221656023e-05,0.0001227771671326196,6.0,0.00015137656886594547
AC,c_a,RF,Random Forest,uncalibrated,4.884,1.196968,-2.1856059666757248e-05,0.000118897434436381,6.0,-2.1656699536724348e-05,0.00011863974094703325,6.0,0.0001481576167274749
AC,c_a,RF,Random Forest,uncalibrated,4.885,1.1971349999999998,-2.34407960660174e-05,0.00011488003596822202,6.0,-2.3253585626585097e-05,0.00011464113582310103,6.0,0.00014508128990073474
AC,c_a,RF,Random Forest,uncalibrated,4.886,1.1973019999999999,-2.4826631738921262e-05,0.00011099818504296989,6.0,-2.465089334718895e-05,0.00011077662130496894,6.0,0.00014213944895630443
AC,c_a,RF,Random Forest,uncalibrated,4.887,1.197469,-2.602992849278612e-05,0.0001072471748467514,6.0,-2.5865011663646798e-05,0.00010704161193793046,6.0,0.00013932451004151905
AC,c_a,RF,Random Forest,uncalibrated,4.888,1.197636,-2.7065770482318028e-05,0.0001036224551460834,6.0,-2.691105270680172e-05,0.00010343166792615759,6.0,0.00013662940076629096
AC,c_a,RF,Random Forest,uncalibrated,4.889,1.197803,-2.794807020908154e-05,0.00010011963087195264,6.0,-2.780295732131749e-05,9.994249477397662e-05,6.0,0.00013404752007777068
AC,c_a,RF,Random Forest,uncalibrated,4.89,1.19797,-2.8689664875890207e-05,9.673445995609861e-05,6.0,-2.8553591060002492e-05,9.656994207082135e-05,6.0,0.0001315727017201525
AC,c_a,RF,Random Forest,uncalibrated,4.891,1.198137,-2.9302404107050582e-05,9.346285056442372e-05,6.0,-2.917483161959017e-05,9.331000157638456e-05,6.0,0.00012919918092107915
AC,c_a,RF,Random Forest,uncalibrated,4.892,1.198304,-2.9797229795133883e-05,9.030085783407434e-05,6.0,-2.9677648465564754e-05,9.015880472282343e-05,6.0,0.00012692156398567828
AC,c_a,RF,Random Forest,uncalibrated,4.893,1.1984709999999998,-3.0184248891449362e-05,8.724468023981808e-05,6.0,-3.0072175452200423e-05,8.711261966881712e-05,6.0,0.00012473480051406748
AC,c_a,RF,Random Forest,uncalibrated,4.894,1.198638,-3.0472799776616626e-05,8.429065566001372e-05,6.0,-3.036777706511007e-05,8.416784798402266e-05,6.0,0.0001226341579888442
AC,c_a,RF,Random Forest,uncalibrated,4.895,1.198805,-3.067151285962057e-05,8.143525722617991e-05,6.0,-3.057310892701226e-05,8.132102105521735e-05,6.0,0.00012061519850617588
AC,c_a,RF,Random Forest,uncalibrated,4.896,1.198972,-3.07883658987097e-05,7.867508902111177e-05,6.0,-3.069617305373473e-05,7.85687962856068e-05,6.0,0.0001186737574478816
AC,c_a,RF,Random Forest,uncalibrated,4.897,1.199139,-3.083073461275519e-05,7.600688168847758e-05,6.0,-3.074436842372592e-05,7.590795315602656e-05,6.0,0.00011680592391322649
AC,c_a,RF,Random Forest,uncalibrated,4.898,1.199306,-3.08054389591552e-05,7.342748798744195e-05,6.0,-3.0724537232777286e-05,7.333538918678655e-05,6.0,0.00011500802274769143
AC,c_a,RF,Random Forest,uncalibrated,4.899,1.199473,-3.071878552454872e-05,7.09338783401186e-05,6.0,-3.0643007276528085e-05,7.084811585257619e-05,6.0,0.00011327659802273293
AC,c_a,RF,Random Forest,uncalibrated,4.9,1.19964,-3.057660637616628e-05,6.852313641316122e-05,6.0,-3.050563080551443e-05,6.844325449583266e-05,6.0,0.00011160839783525014
AC,c_a,RF,Random Forest,uncalibrated,4.901,1.199805,-3.0393829674214742e-05,6.623008575493621e-05,6.0,-3.0327289875157565e-05,6.615558667075468e-05,6.0,0.00011001039108949201
AC,c_a,RF,Random Forest,uncalibrated,4.902,1.19997,-3.0166690766488282e-05,6.401200002385562e-05,6.0,-3.0104311411242396e-05,6.394250502640141e-05,6.0,0.00010846891811833095
AC,c_a,RF,Random Forest,uncalibrated,4.903,1.200135,-2.9899636365845737e-05,6.186638592600024e-05,6.0,-2.984115860467837e-05,6.180154434904891e-05,6.0,0.00010698132195349244
AC,c_a,RF,Random Forest,uncalibrated,4.904,1.2003,-2.959678178436215e-05,5.9790841942526014e-05,6.0,-2.954196236317394e-05,5.9730328979572776e-05,6.0,0.00010554509487822688
AC,c_a,RF,Random Forest,uncalibrated,4.905,1.2004650000000001,-2.9261934883507834e-05,5.7783054550491334e-05,6.0,-2.921054529190595e-05,5.7726569223517106e-05,6.0,0.00010415786868809131
AC,c_a,RF,Random Forest,uncalibrated,4.906,1.2006299999999999,-2.8898618142173807e-05,5.584079457370066e-05,6.0,-2.885044379398924e-05,5.578805787374484e-05,6.0,0.00010281740567616086
AC,c_a,RF,Random Forest,uncalibrated,4.907,1.200795,-2.8510089023553465e-05,5.396191363320319e-05,6.0,-2.8464928471065104e-05,5.3912666817062614e-05,6.0,0.00010152159028225475
AC,c_a,RF,Random Forest,uncalibrated,4.908,1.20096,-2.80993587801462e-05,5.214434076548061e-05,6.0,-2.805702296263904e-05,5.209834379432599e-05,6.0,0.00010026842135139415
AC,c_a,RF,Random Forest,uncalibrated,4.909,1.201125,-2.7669209835475658e-05,5.0386079146320494e-05,6.0,-2.7629521362352666e-05,5.0343109253478235e-05,6.0,9.905600495161119e-05
AC,c_a,RF,Random Forest,uncalibrated,4.91,1.20129,-2.7222211852354152e-05,4.8685202945038405e-05,6.0,-2.718500432062157e-05,4.8645053321387554e-05,6.0,9.788254770583787e-05
AC,c_a,RF,Random Forest,uncalibrated,4.911,1.201455,-2.676073662684344e-05,4.703985434324616e-05,6.0,-2.672585397247204e-05,4.700233292976911e-05,6.0,9.674635059659704e-05
AC,c_a,RF,Random Forest,uncalibrated,4.912,1.20162,-2.6286971854373218e-05,4.544824064287048e-05,6.0,-2.6254267736873033e-05,4.54131690209626e-05,6.0,9.564580320590387e-05
AC,c_a,RF,Random Forest,uncalibrated,4.913,1.201785,-2.5802933921322406e-05,4.390863152790766e-05,6.0,-2.577227114062644e-05,4.3875843898876224e-05,6.0,9.457937835609159e-05
AC,c_a,RF,Random Forest,uncalibrated,4.914,1.20195,-2.5310479768922527e-05,4.241935645767454e-05,6.0,-2.528172971357398e-05,4.238869870369276e-05,6.0,9.354562712025999e-05
AC,c_a,RF,Random Forest,uncalibrated,4.915,1.202115,-2.4811317889941025e-05,4.097880215925818e-05,6.0,-2.4784360015498802e-05,4.095013097878051e-05,6.0,9.254317417374213e-05
AC,c_a,RF,Random Forest,uncalibrated,4.916,1.20228,-2.4307018565093184e-05,3.958541025186519e-05,6.0,-2.428173990158082e-05,3.9558592363135766e-05,6.0,9.157071346045579e-05
AC,c_a,RF,Random Forest,uncalibrated,4.917,1.202445,-2.3799023386946944e-05,3.8237675002046215e-05,6.0,-2.377531807412625e-05,3.821258640891381e-05,6.0,9.062700415018994e-05
AC,c_a,RF,Random Forest,uncalibrated,4.918,1.2026100000000002,-2.328865408670684e-05,3.693414114325645e-05,6.0,-2.3266422935985798e-05,3.6910666458089586e-05,6.0,8.971086686491621e-05
AC,c_a,RF,Random Forest,uncalibrated,4.919,1.202775,-2.2777120801295608e-05,3.5673401861718865e-05,6.0,-2.2756270882995366e-05,3.565143368060757e-05,6.0,8.882118015403962e-05
AC,c_a,RF,Random Forest,uncalibrated,4.92,1.2029400000000001,-2.2265529729848495e-05,3.44540968315739e-05,6.0,-2.2245973984647005e-05,3.443353515752198e-05,6.0,8.79568772001331e-05
AC,c_a,RF,Random Forest,uncalibrated,4.921,1.203105,-2.1754890300754213e-05,3.327491038032586e-05,6.0,-2.1736547174078247e-05,3.325566209046073e-05,6.0,8.711694273827285e-05
AC,c_a,RF,Random Forest,uncalibrated,4.922,1.20327,-2.1246121837223862e-05,3.2134569722970116e-05,6.0,-2.1228914935426488e-05,3.211654807618769e-05,6.0,8.630041017338768e-05
AC,c_a,RF,Random Forest,uncalibrated,4.923,1.203435,-2.0740059788719546e-05,3.1031843311751575e-05,6.0,-2.072391755588339e-05,3.101496749350103e-05,6.0,8.550635888135777e-05
AC,c_a,RF,Random Forest,uncalibrated,4.924,1.2036000000000002,-2.0237461538296405e-05,2.9965539237173247e-05,6.0,-2.022231695257097e-05,2.994973393840867e-05,6.0,8.473391168069699e-05
AC,c_a,RF,Random Forest,uncalibrated,4.925,1.203765,-1.9739011838664037e-05,2.8934503740317354e-05,6.0,-1.9724802127048705e-05,2.891969876786277e-05,6.0,8.398223246271867e-05
AC,c_a,RF,Random Forest,uncalibrated,4.926,1.2039300000000002,-1.924532786776148e-05,2.793761975936469e-05,6.0,-1.9231994238329733e-05,2.7923749675221037e-05,6.0,8.325052396900877e-05
AC,c_a,RF,Random Forest,uncalibrated,4.927,1.204095,-1.8756963984793704e-05,2.697380560503041e-05,6.0,-1.8744451375340976e-05,2.6960809392305633e-05,6.0,8.253802570595177e-05
AC,c_a,RF,Random Forest,uncalibrated,4.928,1.20426,-1.82744161485742e-05,2.6042013637682596e-05,6.0,-1.8262672990783838e-05,2.6029834391095426e-05,6.0,8.184401198677625e-05
AC,c_a,RF,Random Forest,uncalibrated,4.929,1.204425,-1.779812606921319e-05,2.5141229064794e-05,6.0,-1.7787104067412685e-05,2.512981370380443e-05,6.0,8.11677900923973e-05
AC,c_a,RF,Random Forest,uncalibrated,4.93,1.20459,-1.732848507327523e-05,2.4270468751337533e-05,6.0,-1.731813899695049e-05,2.4259767754175697e-05,6.0,8.050869854292314e-05
AC,c_a,GBT,Gradient Boosted Trees,uncalibrated,4.67,1.16367,1.6391283520413526e-06,1.1068775649307693e-05,43.0,3.1245032859000386e-11,2.461779484307752e-10,43.0,8.344877164524838e-05
AC,c_a,GBT,Gradient Boosted Trees,uncalibrated,4.671,1.1638186666666668,1.9030785060620623e-06,1.2398160034365331e-05,43.0,3.619559178137206e-11,2.761954157582529e-10,43.0,8.439826767777777e-05
AC,c_a,GBT,Gradient Boosted Trees,uncalibrated,4.672,1.1639673333333334,2.2137293245884073e-06,1.3916157229738556e-05,43.0,4.2004704810780605e-11,3.105559870471928e-10,43.0,8.536969289630483e-05
AC,c_a,GBT,Gradient Boosted Trees,uncalibrated,4.673,1.164116,2.5802993818130575e-06,1.565367292678925e-05,43.0,4.883841975667769e-11,3.499888107026082e-10,43.0,8.636385881999471e-05
AC,c_a,GBT,Gradient Boosted Trees,uncalibrated,4.674,1.1642646666666667,3.014017594167746e-06,1.7647288292635884e-05,43.0,5.689827208536816e-11,3.953610324742224e-10,43.0,8.73816224895784e-05
AC,c_a,GBT,Gradient Boosted Trees,uncalibrated,4.675,1.1644133333333333,3.5285998502046614e-06,1.9940394696052167e-05,43.0,6.642952993586375e-11,4.477064674987226e-10,43.0,8.842388989555044e-05
AC,c_a,GBT,Gradient Boosted Trees,uncalibrated,4.676,1.164562,4.140846834813655e-06,2.2584569981035632e-05,43.0,7.773149303828756e-11,5.082606919090541e-10,43.0,8.949161972145035e-05
AC,c_a,GBT,Gradient Boosted Trees,uncalibrated,4.677,1.1647106666666667,4.871395781172844e-06,2.564125016011996e-05,43.0,9.117038909710536e-11,5.785040861037977e-10,43.0,9.058582743583647e-05
AC,c_a,GBT,Gradient Boosted Trees,uncalibrated,4.678,1.1648593333333332,5.745668207159909e-06,2.9183762818049976e-05,43.0,1.071955630850594e-10,6.602147491155712e-10,43.0,9.170758977082096e-05
AC,c_a,GBT,Gradient Boosted Trees,uncalibrated,4.679,1.165008,6.795067797593327e-06,3.3299803842290976e-05,43.0,1.2635985134709953e-10,7.55533694045208e-10,43.0,9.285804962957498e-05
AC,c_a,GBT,Gradient Boosted Trees,uncalibrated,4.68,1.1651566666666666,8.058498342334077e-06,3.809445800079913e-05,43.0,1.4934528710635028e-10,8.670453570144051e-10,43.0,9.403842147055465e-05
AC,c_a,GBT,Gradient Boosted Trees,uncalibrated,4.681,1.1653053333333332,9.584292170676651e-06,4.369388718097465e-05,43.0,1.7699561490401232e-10,9.97877243590167e-10,43.0,9.524999722231415e-05
AC,c_a,GBT,Gradient Boosted Trees,uncalibrated,4.682,1.165454,1.1432666337441436e-05,5.0249838762016344e-05,43.0,2.1035752248710122e-10,1.1518235449729802e-09,43.0,9.649415278955912e-05
AC,c_a,GBT,Gradient Boosted Trees,uncalibrated,4.683,1.1656026666666666,1.3678858901984495e-05,5.79451617761479e-05,43.0,2.5073306116726083e-10,1.3334988432181724e-09,43.0,9.777235521907038e-05
AC,c_a,GBT,Gradient Boosted Trees,uncalibrated,4.684,1.1657513333333334,1.6417143624375307e-05,6.700056158134034e-05,43.0,2.997464614461138e-10,1.5485296702781126e-09,43.0,9.908617060323098e-05
AC,c_a,GBT,Gradient Boosted Trees,uncalibrated,4.685,1.1659,1.9765981756540157e-05,7.768287628214922e-05,43.0,3.5942951515975265e-10,1.803793793147783e-09,43.0,0.00010043727280913993
AC,c_a,GBT,Gradient Boosted Trees,uncalibrated,4.686,1.1660486666666665,2.3874648923439447e-05,9.031522184898705e-05,43.0,4.323309622718576e-10,2.1077198009408826e-09,43.0,0.00010182745313344373
AC,c_a,GBT,Gradient Boosted Trees,uncalibrated,4.687,1.1661973333333333,2.8931779437175865e-05,0.0001052894296844119,43.0,5.216569879531917e-10,2.4706630430650335e-09,43.0,0.00010325863099662726
AC,c_a,GBT,Gradient Boosted Trees,uncalibrated,4.688,1.1663459999999999,3.375109434065735e-05,0.0001231988399655068,78.0,6.055010214730342e-10,2.9072213278359654e-09,78.0,0.00010473286580649548
AC,c_a,GBT,Gradient Boosted Trees,uncalibrated,4.689,1.1664946666666667,4.1170590116326695e-05,0.00014460333602066508,78.0,7.349077570452921e-10,3.4339455130824304e-09,78.0,0.00010625237013902548
AC,c_a,GBT,Gradient Boosted Trees,uncalibrated,4.69,1.1666433333333333,5.0393881272478824e-05,0.00017017564505630232,78.0,8.949071148536228e-10,4.06913536778853e-09,78.0,0.00010781952440591674
AC,c_a,GBT,Gradient Boosted Trees,uncalibrated,4.691,1.1667919999999998,6.189706594451647e-05,0.00020079137040045168,78.0,1.093363531604028e-09,4.837396695124979e-09,78.0,0.00010943689320315829
AC,c_a,GBT,Gradient Boosted Trees,uncalibrated,4.692,1.1669406666666666,7.62904516756205e-05,0.00023751855087555032,78.0,1.3403082699759227e-09,5.76936261999666e-09,78.0,0.00011110724356349707
AC,c_a,GBT,Gradient Boosted Trees,uncalibrated,4.693,1.1670893333333332,9.43583912651254e-05,0.00028166045404995213,78.0,1.648572381429656e-09,6.903265488547166e-09,78.0,0.00011283356536946829
AC,c_a,GBT,Gradient Boosted Trees,uncalibrated,4.694,1.1672379999999998,0.0001171113884737461,0.00033480750319835696,78.0,2.034613975074771e-09,8.286939906476545e-09,78.0,0.00011461909422284111
AC,c_a,GBT,Gradient Boosted Trees,uncalibrated,4.695,1.1673866666666666,0.00014585432541706396,0.0003988999887509941,78.0,2.519601976905575e-09,9.980379791415876e-09,78.0,0.00011646733711224581
AC,c_a,GBT,Gradient Boosted Trees,uncalibrated,4.696,1.1675353333333331,0.00018227586386903124,0.0004763033421305072,78.0,3.130839158183623e-09,1.2059008268168737e-08,78.0,0.00011838210127475814
AC,c_a,GBT,Gradient Boosted Trees,uncalibrated,4.697,1.167684,0.0002285656272404407,0.0005698977824999624,78.0,3.869048558146455e-09,1.4618702710679517e-08,97.0,0.0001203675267107825
AC,c_a,GBT,Gradient Boosted Trees,uncalibrated,4.698,1.1678326666666665,0.0002875677665731837,0.0006831840104777065,78.0,4.8412480457318545e-09,1.7781213141709516e-08,97.0,0.00012242812288621702
AC,c_a,GBT,Gradient Boosted Trees,uncalibrated,4.699,1.167981333333333,0.00036298205001049865,0.0008204062070880766,78.0,6.078359214511182e-09,2.1697332924909824e-08,97.0,0.00012456881024467596
AC,c_a,GBT,Gradient Boosted Trees,uncalibrated,4.7,1.16813,0.00045713463132862554,0.0009867595625930943,97.0,7.657465923780263e-09,2.6560196252202955e-08,97.0,0.00012679496725714488
AC,c_a,GBT,Gradient Boosted Trees,uncalibrated,4.701,1.1682819999999998,0.0005842935492629347,0.0011937939841518655,97.0,9.739236579959457e-09,3.2776261003247805e-08,97.0,0.0001292172037597969
AC,c_a,GBT,Gradient Boosted Trees,uncalibrated,4.702,1.168434,0.0007490816092621294,0.0014458145614207798,97.0,1.2429946250974236e-08,4.0579225214318154e-08,97.0,0.00013174330426974875
AC,c_a,GBT,Gradient Boosted Trees,uncalibrated,4.703,1.168586,0.0009630712337231763,0.0017523258466070396,97.0,1.5918529607436348e-08,5.040110758594403e-08,97.0,0.0001343809123327623
AC,c_a,GBT,Gradient Boosted Trees,uncalibrated,4.704,1.1687379999999998,0.0012414314646226944,0.0021245600721743886,97.0,2.045539153171348e-08,6.279719587240628e-08,97.0,0.00013713846399900822
AC,c_a,GBT,Gradient Boosted Trees,uncalibrated,4.705,1.16889,0.00160401072299815,0.00257563432392772,97.0,2.6373177826553703e-08,7.848235597510247e-08,97.0,0.0001400252902684325
AC,c_a,GBT,Gradient Boosted Trees,uncalibrated,4.706,1.169042,0.002076709319734374,0.003120636528222561,97.0,3.4114774299913454e-08,9.837822379921003e-08,97.0,0.00014305173518405043
AC,c_a,GBT,Gradient Boosted Trees,uncalibrated,4.707,1.1691939999999998,0.002693193236685207,0.0037765861128402334,97.0,4.4271105800549047e-08,1.2367455057759683e-07,97.0,0.00014622929232186138
AC,c_a,GBT,Gradient Boosted Trees,uncalibrated,4.708,1.169346,0.0034969919710177875,0.004562195634448119,97.0,5.763223551993908e-08,1.5590894136279614e-07,97.0,0.00014957076297127372
AC,c_a,GBT,Gradient Boosted Trees,uncalibrated,4.709,1.169498,0.004543999353511641,0.005497338755344507,97.0,7.525653167646943e-08,1.9707047172475423e-07,97.0,0.00015309043996605769
AC,c_a,GBT,Gradient Boosted Trees,uncalibrated,4.71,1.1696499999999999,0.005905348644429331,0.006602111666968319,97.0,9.856439651971333e-08,2.4973426210526216e-07,97.0,0.0001568043219416903
AC,c_a,GBT,Gradient Boosted Trees,uncalibrated,4.711,1.169802,0.007670551541970697,0.00789536654962797,97.0,1.2946540856931178e-07,3.17236121478552e-07,97.0,0.00016073036379798006
AC,c_a,GBT,Gradient Boosted Trees,uncalibrated,4.712,1.169954,0.009950664816065198,0.009392608079248611,97.0,1.7053093982223066e-07,4.0389894847368486e-07,97.0,0.00016488877038366989
AC,c_a,GBT,Gradient Boosted Trees,uncalibrated,4.713,1.170106,0.012881072372212705,0.011103192445349552,97.0,2.2522868196624367e-07,5.153258242925721e-07,97.0,0.00016930234195257585
AC,c_a,GBT,Gradient Boosted Trees,uncalibrated,4.714,1.170258,0.01662325099618432,0.01302686983312626,97.0,2.9824146285659437e-07,6.587787912880384e-07,97.0,0.00017399688184572157
AC,c_a,GBT,Gradient Boosted Trees,uncalibrated,4.715,1.17041,0.021303070511097286,0.01515299212700489,100.0,3.9590081183722565e-07,8.436673427023337e-07,97.0,0.0001790016792318094
AC,c_a,GBT,Gradient Boosted Trees,uncalibrated,4.716,1.170562,0.0272392505421767,0.017451787893280012,100.0,5.26776681780652e-07,1.0821768188061504e-06,97.0,0.0001843500827162729
AC,c_a,GBT,Gradient Boosted Trees,uncalibrated,4.717,1.170714,0.03460915000889607,0.019870441141163854,100.0,7.024795424578988e-07,1.390074371146034e-06,97.0,0.00019008018437594962
AC,c_a,GBT,Gradient Boosted Trees,uncalibrated,4.718,1.170866,0.043643372692299946,0.02233585235171641,100.0,9.387510235961046e-07,1.7877390458790077e-06,97.0,0.00019623563850860822
AC,c_a,GBT,Gradient Boosted Trees,uncalibrated,4.719,1.1710180000000001,0.05447229970881968,0.024878837043624265,7.0,1.256946105453811e-06,2.301472902830197e-06,97.0,0.00020286664538948107
AC,c_a,GBT,Gradient Boosted Trees,uncalibrated,4.72,1.17117,0.06738149807155878,0.027365600865031314,7.0,1.6860457265020217e-06,2.965161849477478e-06,97.0,0.00021003113797567964
AC,c_a,GBT,Gradient Boosted Trees,uncalibrated,4.721,1.1713200000000001,0.08226101074510385,0.029567272457572482,7.0,2.255787224535571e-06,3.8087349286624087e-06,97.0,0.00021765008387230304
AC,c_a,GBT,Gradient Boosted Trees,uncalibrated,4.722,1.1714700000000002,0.09933543986773058,0.031399230505255456,7.0,3.0225215298535804e-06,4.893826608470727e-06,97.0,0.00022592779898294828
AC,c_a,GBT,Gradient Boosted Trees,uncalibrated,4.723,1.17162,0.11856936538848026,0.032753051523494954,7.0,4.055201291668691e-06,6.288506261613586e-06,97.0,0.00023495153889872402
AC,c_a,GBT,Gradient Boosted Trees,uncalibrated,4.724,1.1717700000000002,0.13983135867455623,0.033549301094200325,7.0,5.446935703342347e-06,8.079193389501546e-06,97.0,0.0002448233606830385
AC,c_a,GBT,Gradient Boosted Trees,uncalibrated,4.725,1.17192,0.16289894233968363,0.03374900909516837,7.0,7.323341844505872e-06,1.0375167017213261e-05,97.0,0.00025566312937637815
AC,c_a,GBT,Gradient Boosted Trees,uncalibrated,4.726,1.17207,0.18747460811566558,0.03335952734234147,7.0,9.853687707751269e-06,1.3313978759359604e-05,97.0,0.0002676122316967537
AC,c_a,GBT,Gradient Boosted Trees,uncalibrated,4.727,1.17222,0.21321012193453656,0.03243328933542314,7.0,1.3230712112043446e-05,1.7069804863256103e-05,81.0,0.00028083818532370717
AC,c_a,GBT,Gradient Boosted Trees,uncalibrated,4.728,1.17237,0.23973465527917073,0.031059732249180665,7.0,1.7812363383995354e-05,2.186413856445007e-05,81.0,0.0002955403880103421
AC,c_a,GBT,Gradient Boosted Trees,uncalibrated,4.729,1.17252,0.26668195378089676,0.029352291063940668,7.0,2.3983115527035784e-05,2.7960168723106944e-05,81.0,0.00031195732478434533
AC,c_a,GBT,Gradient Boosted Trees,uncalibrated,4.73,1.17267,0.29371272231396983,0.02743335623467584,7.0,3.228681273726929e-05,3.568648937910403e-05,81.0,0.00033037565006073955
AC,c_a,GBT,Gradient Boosted Trees,uncalibrated,4.731,1.172823,0.3211242011315851,0.025379857212505248,7.0,4.372312664560672e-05,4.567792704686654e-05,81.0,0.00035165085371380365
AC,c_a,GBT,Gradient Boosted Trees,uncalibrated,4.732,1.172976,0.34787550968542397,0.023890894515082355,16.0,5.916474695039512e-05,5.830379871710725e-05,81.0,0.00037581691595679344
AC,c_a,GBT,Gradient Boosted Trees,uncalibrated,4.733,1.1731289999999999,0.37408341349496205,0.02246432412898663,16.0,7.997188112404502e-05,7.418115218727393e-05,81.0,0.0004034219692603721
AC,c_a,GBT,Gradient Boosted Trees,uncalibrated,4.734,1.173282,0.39947451314288673,0.021064308436776053,16.0,0.00010793969814163669,9.403859842632515e-05,81.0,0.00043514209726528737
AC,c_a,GBT,Gradient Boosted Trees,uncalibrated,4.735,1.173435,0.42393845948648595,0.019712596912474623,16.0,0.0001454226835096389,0.00011872322902089664,81.0,0.00047181629102988445
AC,c_a,GBT,Gradient Boosted Trees,uncalibrated,4.736,1.1735879999999999,0.44740541374801623,0.018421232514202707,16.0,0.00019548722830187067,0.00014920229111769207,81.0,0.0005144922384397721
AC,c_a,GBT,Gradient Boosted Trees,uncalibrated,4.737,1.173741,0.4698380181702113,0.01719552016281404,16.0,0.0002620954809931354,0.0001865571366210681,81.0,0.0005644866627967719
AC,c_a,GBT,Gradient Boosted Trees,uncalibrated,4.738,1.173894,0.4912235724147206,0.016036524283360297,16.0,0.0003503222512812293,0.00023196668413059281,81.0,0.0006234653070401647
AC,c_a,GBT,Gradient Boosted Trees,uncalibrated,4.739,1.1740469999999998,0.5115669777717035,0.014942906106917515,16.0,0.00046660472098311795,0.0002866776224546872,81.0,0.000693549584002521
AC,c_a,GBT,Gradient Boosted Trees,uncalibrated,4.74,1.1742,0.5308847167252886,0.013912136823746613,16.0,0.0006190217839048679,0.0003519589959327184,81.0,0.0007774596018777305
AC,c_a,GBT,Gradient Boosted Trees,uncalibrated,4.741,1.1743549999999998,0.5494610953035097,0.012927192502437651,16.0,0.0008207178840526601,0.00043022509937211314,81.0,0.0008801955825334139
AC,c_a,GBT,Gradient Boosted Trees,uncalibrated,4.742,1.17451,0.567031971524698,0.012000704808947979,16.0,0.0010826753338281402,0.0005217927954705465,81.0,0.0010054711246032212
AC,c_a,GBT,Gradient Boosted Trees,uncalibrated,4.743,1.174665,0.5836240891505937,0.011129761162372201,16.0,0.001420424356797315,0.0006275980095343236,81.0,0.001159525720367244
AC,c_a,GBT,Gradient Boosted Trees,uncalibrated,4.744,1.17482,0.5991109163942464,0.010581916134547812,6.0,0.0018525115189011948,0.0007482429629201878,81.0,0.0013506100757524656
AC,c_a,GBT,Gradient Boosted Trees,uncalibrated,4.745,1.1749749999999999,0.613793211330634,0.010156479650862483,6.0,0.002400744946916639,0.0008838873992989701,81.0,0.0015897070507698914
AC,c_a,GBT,Gradient Boosted Trees,uncalibrated,4.746,1.17513,0.6275602165999568,0.009724690532281649,6.0,0.0030903543344919992,0.0010341528905804384,81.0,0.0018915291127492647
AC,c_a,GBT,Gradient Boosted Trees,uncalibrated,4.747,1.175285,0.6404204076389608,0.00929231601625098,6.0,0.003950037325343402,0.0011980549813962122,81.0,0.002275901077935863
AC,c_a,GBT,Gradient Boosted Trees,uncalibrated,4.748,1.17544,0.6523760699592767,0.008864083112355372,6.0,0.005011867660877701,0.0013739779851976938,81.0,0.002769678079472041
AC,c_a,GBT,Gradient Boosted Trees,uncalibrated,4.749,1.175595,0.6634232020382191,0.008443772502849957,6.0,0.006311046941631459,0.001559704701110055,81.0,0.003409402713798438
AC,c_a,GBT,Gradient Boosted Trees,uncalibrated,4.75,1.17575,0.6735516614560476,0.008034357168874802,6.0,0.007885489993221579,0.0017525079442371743,81.0,0.004244973240747661
AC,c_a,GBT,Gradient Boosted Trees,uncalibrated,4.751,1.175904,0.6826834690994898,0.007640931815150884,6.0,0.009761112033907206,0.0019478405415872418,81.0,0.005336710335469649
AC,c_a,GBT,Gradient Boosted Trees,uncalibrated,4.752,1.176058,0.6908733715506822,0.007262310862559021,6.0,0.01198827743035489,0.0021439113241745536,81.0,0.006780877477035919
AC,c_a,GBT,Gradient Boosted Trees,uncalibrated,4.753,1.176212,0.6980959564239577,0.006900036705283179,6.0,0.014608032516337192,0.002337625140425478,81.0,0.008702510750618668
AC,c_a,GBT,Gradient Boosted Trees,uncalibrated,4.754,1.176366,0.7043219050089861,0.006555562765495175,6.0,0.01766090457312017,0.0025261930929109714,81.0,0.011271520164585252
AC,c_a,GBT,Gradient Boosted Trees,uncalibrated,4.755,1.17652,0.7095187142892588,0.0062304466586292784,6.0,0.02118183428401384,0.00271396589469488,7.0,0.014717110165289557
AC,c_a,GBT,Gradient Boosted Trees,uncalibrated,4.756,1.176674,0.7136514602232583,0.0059265361340665465,6.0,0.025208370029189374,0.0029142687826676497,7.0,0.019344967142865765
AC,c_a,GBT,Gradient Boosted Trees,uncalibrated,4.757,1.176828,0.7166835952784701,0.005646128307537069,6.0,0.02977389535481499,0.003111664383977675,7.0,0.025556090061358894
AC,c_a,GBT,Gradient Boosted Trees,uncalibrated,4.758,1.176982,0.7185777797086829,0.0053920741187014,6.0,0.034904709624431096,0.0033064295936223098,7.0,0.033864516244485346
AC,c_a,GBT,Gradient Boosted Trees,uncalibrated,4.759,1.177136,0.7192967504757334,0.00516779277008492,6.0,0.04062986312075793,0.003501862194962133,5.0,0.044908830856231124
AC,c_a,GBT,Gradient Boosted Trees,uncalibrated,4.76,1.17729,0.7188042335232033,0.004977158379798527,6.0,0.04693087726721986,0.003769665626363389,5.0,0.05944958630405114
AC,c_a,GBT,Gradient Boosted Trees,uncalibrated,4.761,1.177448,0.7169957044638618,0.004821119275020075,6.0,0.05403077015124308,0.004040112135067566,5.0,0.07888890256776035
AC,c_a,GBT,Gradient Boosted Trees,uncalibrated,4.762,1.177606,0.7138352331625335,0.004709100346471078,6.0,0.06175098392020942,0.004300150347822207,5.0,0.10386790101355786
AC,c_a,GBT,Gradient Boosted Trees,uncalibrated,4.763,1.177764,0.7092934455099408,0.004644268214370501,6.0,0.07006537896517757,0.004543610728649874,5.0,0.13527796217247937
AC,c_a,GBT,Gradient Boosted Trees,uncalibrated,4.764,1.1779220000000001,0.7035450041074751,0.004701027316371959,5.0,0.07893205281744495,0.0047635001736382925,5.0,0.17379794350683814
AC,c_a,GBT,Gradient Boosted Trees,uncalibrated,4.765,1.17808,0.6961816661863995,0.005092870914232753,5.0,0.08829237132560738,0.004952158797877182,5.0,0.21974829295341783
AC,c_a,GBT,Gradient Boosted Trees,uncalibrated,4.766,1.1782380000000001,0.6873868537966471,0.005556810869053958,5.0,0.09807042220876373,0.005101496910715777,5.0,0.2729815810547358
AC,c_a,GBT,Gradient Boosted Trees,uncalibrated,4.767,1.1783960000000002,0.677161636476444,0.006072887122944381,5.0,0.10817298960947136,0.005203303760225361,5.0,0.3328440378130527
AC,c_a,GBT,Gradient Boosted Trees,uncalibrated,4.768,1.178554,0.6655177473075411,0.006622768565450873,5.0,0.11849013850691717,0.0052496150855525486,5.0,0.3982182733217403
AC,c_a,GBT,Gradient Boosted Trees,uncalibrated,4.769,1.1787120000000002,0.6524785665248147,0.007190086030950914,5.0,0.12889647865632858,0.005233122494009347,5.0,0.4676268106118885
AC,c_a,GBT,Gradient Boosted Trees,uncalibrated,4.77,1.17887,0.6380799157912654,0.007760248918189776,5.0,0.13925314903718408,0.0051476040202551275,5.0,0.5393577605446005
AC,c_a,GBT,Gradient Boosted Trees,uncalibrated,4.771,1.1790250000000002,0.6227102604457636,0.008308651860207754,5.0,0.1492071363038856,0.00499225445119628,5.0,0.6102214962437416
AC,c_a,GBT,Gradient Boosted Trees,uncalibrated,4.772,1.1791800000000001,0.6061414988235875,0.008835997371197066,5.0,0.1588226408336536,0.004763524004353428,5.0,0.6797843120989653
AC,c_a,GBT,Gradient Boosted Trees,uncalibrated,4.773,1.179335,0.5884439936353014,0.009332058724288004,5.0,0.16794898044118986,0.004460843965966353,5.0,0.746288815471181
AC,c_a,GBT,Gradient Boosted Trees,uncalibrated,4.774,1.1794900000000001,0.5697000109473322,0.009787530931477068,5.0,0.17643627962114494,0.004085968383992898,5.0,0.8080263069354313
AC,c_a,GBT,Gradient Boosted Trees,uncalibrated,4.775,1.179645,0.5500031095983202,0.010194043995179945,5.0,0.18413973803359956,0.003643145396651688,5.0,0.8633744085968219
AC,c_a,GBT,Gradient Boosted Trees,uncalibrated,4.776,1.1798,0.5294572346110821,0.010544224179175677,5.0,0.19092398201234734,0.003139226361433124,5.0,0.9108435741118219
AC,c_a,GBT,Gradient Boosted Trees,uncalibrated,4.777,1.179955,0.5081755304458585,0.010831783418960425,5.0,0.19666730154464798,0.0025837898648610885,5.0,0.9491333338489312
AC,c_a,GBT,Gradient Boosted Trees,uncalibrated,4.778,1.18011,0.4862789016241595,0.011051619452664507,5.0,0.2011927801188076,0.00208125666437545,3.0,0.977193173796852
AC,c_a,GBT,Gradient Boosted Trees,uncalibrated,4.779,1.180265,0.46389435882598756,0.011199911979768712,5.0,0.20456521347328896,0.0016223578178309664,3.0,0.9942795528829523
AC,c_a,GBT,Gradient Boosted Trees,uncalibrated,4.78,1.18042,0.44115319739906983,0.011274202838696127,5.0,0.2066523635271933,0.0011372792250997266,3.0,1.0
AC,c_a,GBT,Gradient Boosted Trees,uncalibrated,4.781,1.1805759999999998,0.4180268132100368,0.011273252619725027,5.0,0.20731165769627768,0.0008270620811039048,2.0,0.9942645896402904
AC,c_a,GBT,Gradient Boosted Trees,uncalibrated,4.782,1.180732,0.3948112367204083,0.011196617030737191,5.0,0.20689246465397015,0.000755156548844548,5.0,0.9773653329498592
AC,c_a,GBT,Gradient Boosted Trees,uncalibrated,4.783,1.1808880000000002,0.3716416100793828,0.011046168952429715,5.0,0.20497898178191454,0.001318066839224353,5.0,0.9500273345790389
AC,c_a,GBT,Gradient Boosted Trees,uncalibrated,4.784,1.181044,0.3486493839774287,0.010825190429130141,5.0,0.20178497429028103,0.0018744190313314598,5.0,0.913288606465064
AC,c_a,GBT,Gradient Boosted Trees,uncalibrated,4.785,1.1812,0.32596043812367653,0.010538277111334935,5.0,0.19738150991925651,0.0023877573259032375,5.0,0.8684379071846742
AC,c_a,GBT,Gradient Boosted Trees,uncalibrated,4.786,1.1813559999999999,0.3036933689772265,0.010191204610923299,5.0,0.19186149446355732,0.002842563360463483,5.0,0.81694380785707
AC,c_a,GBT,Gradient Boosted Trees,uncalibrated,4.787,1.181512,0.28195798554707935,0.009790760828334672,5.0,0.18533632246323828,0.0032294234811373976,5.0,0.7603813072040916
AC,c_a,GBT,Gradient Boosted Trees,uncalibrated,4.788,1.1816680000000002,0.2608392322427614,0.009394812149189052,39.0,0.17793204874895957,0.0035426308820247932,5.0,0.7003609171659473
AC,c_a,GBT,Gradient Boosted Trees,uncalibrated,4.789,1.181824,0.24044570859036726,0.009125584892365403,39.0,0.16978704864087218,0.0038203473429447624,39.0,0.638463433960793
AC,c_a,GBT,Gradient Boosted Trees,uncalibrated,4.79,1.18198,0.22084773487105908,0.008819751995303356,39.0,0.1610381023374335,0.004097098981613026,39.0,0.5761821615644567
AC,c_a,GBT,Gradient Boosted Trees,uncalibrated,4.791,1.1821380000000001,0.2018550905290019,0.008477500038825803,39.0,0.15170075580930892,0.0043146767500265425,39.0,0.5141088739386348
AC,c_a,GBT,Gradient Boosted Trees,uncalibrated,4.792,1.182296,0.18380201069724347,0.00810865630938327,39.0,0.1420437537557746,0.004469129149373816,39.0,0.4542578398792472
AC,c_a,GBT,Gradient Boosted Trees,uncalibrated,4.793,1.1824540000000001,0.1667301366616926,0.007718899428865827,39.0,0.1322113563340872,0.004562376760327523,39.0,0.3976342133286411
AC,c_a,GBT,Gradient Boosted Trees,uncalibrated,4.794,1.182612,0.15066831411229498,0.007313818937133809,39.0,0.1223391993940538,0.0045977908821568225,39.0,0.3450053447362541
AC,c_a,GBT,Gradient Boosted Trees,uncalibrated,4.795,1.18277,0.13563309965955078,0.00689879835616465,39.0,0.11255164512394986,0.004579918181363106,39.0,0.2968951445077047
AC,c_a,GBT,Gradient Boosted Trees,uncalibrated,4.796,1.1829280000000002,0.12162945643511792,0.006478911782563433,39.0,0.10295976302767532,0.004514189154936427,39.0,0.25359268819238007
AC,c_a,GBT,Gradient Boosted Trees,uncalibrated,4.797,1.183086,0.10865160637524107,0.0060588371008586375,39.0,0.09365994678918685,0.004406625466140722,39.0,0.21517405422101685
AC,c_a,GBT,Gradient Boosted Trees,uncalibrated,4.798,1.1832440000000002,0.09668400620196115,0.005642788291840845,39.0,0.08473314338489069,0.004263560662951894,39.0,0.1815347472846845
AC,c_a,GBT,Gradient Boosted Trees,uncalibrated,4.799,1.183402,0.08570241459814855,0.0052344684665885976,39.0,0.07624464705401071,0.0040913868378700535,39.0,0.15242877440780478
AC,c_a,GBT,Gradient Boosted Trees,uncalibrated,4.8,1.18356,0.07562451325372563,0.004839494965853812,95.0,0.06824439290201559,0.0038963369060350077,39.0,0.12750990607931745
AC,c_a,GBT,Gradient Boosted Trees,uncalibrated,4.801,1.183718,0.0665155696694334,0.004498728164795009,95.0,0.060728446007304926,0.0037168687936321764,95.0,0.10637097994639055
AC,c_a,GBT,Gradient Boosted Trees,uncalibrated,4.802,1.183876,0.058278637549305214,0.00416602332696897,95.0,0.05379803024010443,0.0035252723200342355,95.0,0.08857810488917006
AC,c_a,GBT,Gradient Boosted Trees,uncalibrated,4.803,1.184034,0.05086625412180326,0.0038431885610086688,95.0,0.047422002705047636,0.0033217246633434213,95.0,0.07369794618020596
AC,c_a,GBT,Gradient Boosted Trees,uncalibrated,4.804,1.1841920000000001,0.04422794017841626,0.0035317706080236675,95.0,0.04159908285972998,0.0031103163666250833,95.0,0.061317559495885604
AC,c_a,GBT,Gradient Boosted Trees,uncalibrated,4.805,1.18435,0.038311234477855595,0.0032330678582531817,95.0,0.036318766940533764,0.0028947794807672312,95.0,0.0510572449757476
AC,c_a,GBT,Gradient Boosted Trees,uncalibrated,4.806,1.1845080000000001,0.033062654032940335,0.002948143578525165,95.0,0.0315629230776094,0.00267845837924031,95.0,0.042577512612676796
AC,c_a,GBT,Gradient Boosted Trees,uncalibrated,4.807,1.1846660000000002,0.028428567883697048,0.00267783849690904,95.0,0.027307356770184234,0.002464293896400799,95.0,0.03558150923239183
AC,c_a,GBT,Gradient Boosted Trees,uncalibrated,4.808,1.184824,0.024355974930499662,0.002422782363005473,95.0,0.02352329906817175,0.0022548183835071605,95.0,0.029814245500270068
AC,c_a,GBT,Gradient Boosted Trees,uncalibrated,4.809,1.1849820000000002,0.020793179383142662,0.002183404552301804,95.0,0.020178780554641902,0.002052159682775685,95.0,0.02505978653191219
AC,c_a,GBT,Gradient Boosted Trees,uncalibrated,4.81,1.18514,0.017690360344301805,0.0019599441430583316,95.0,0.01723986472220712,0.001858052456425394,95.0,0.021137324526073673
AC,c_a,GBT,Gradient Boosted Trees,uncalibrated,4.811,1.1853010000000002,0.014948849314702934,0.0017482977150410956,95.0,0.014622665797944991,0.0016701151468151228,95.0,0.01784477152235389
AC,c_a,GBT,Gradient Boosted Trees,uncalibrated,4.812,1.1854620000000002,0.012589403774103296,0.0015532031233867383,95.0,0.01235466452588153,0.0014935951484055057,95.0,0.015128833629589935
AC,c_a,GBT,Gradient Boosted Trees,uncalibrated,4.813,1.185623,0.010567651233476387,0.0013743654001062051,95.0,0.010399703723451163,0.001329199414144728,95.0,0.012882952875288303
AC,c_a,GBT,Gradient Boosted Trees,uncalibrated,4.814,1.1857840000000002,0.008842614582356792,0.0012113363644966776,95.0,0.008723120702982801,0.0011773164918565864,95.0,0.011020415180630405
AC,c_a,GBT,Gradient Boosted Trees,uncalibrated,4.815,1.185945,0.007376797867430849,0.001063533022119088,95.0,0.007292225273991683,0.0010380541046496514,95.0,0.009470831475644235
AC,c_a,GBT,Gradient Boosted Trees,uncalibrated,4.816,1.1861059999999999,0.006136188916807703,0.0009302579147633862,95.0,0.0060766281681038405,0.0009112786003175187,95.0,0.008177146393509768
AC,c_a,GBT,Gradient Boosted Trees,uncalibrated,4.817,1.186267,0.005090191397504725,0.0008107209205019483,95.0,0.005048439325059245,0.0007966550756257365,95.0,0.007093137529795764
AC,c_a,GBT,Gradient Boosted Trees,uncalibrated,4.818,1.1864279999999998,0.0042114992773286545,0.0007040617932120323,95.0,0.0041823565798725735,0.0006936869693536076,95.0,0.006181350795700424
AC,c_a,GBT,Gradient Boosted Trees,uncalibrated,4.819,1.186589,0.0034759264987086597,0.0006093726242618432,95.0,0.0034556652332094397,0.0006017539858842202,95.0,0.005411411706962208
AC,c_a,GBT,Gradient Boosted Trees,uncalibrated,4.82,1.18675,0.0028622040311454895,0.000525719405726247,95.0,0.002848168011293912,0.0005201473569570805,95.0,0.0047586537201537325
AC,c_a,GBT,Gradient Boosted Trees,uncalibrated,4.821,1.1869159999999999,0.002337604756582289,0.00044999875856955245,84.0,0.0023280272373413574,0.00044596691699867665,84.0,0.00418892283966249
AC,c_a,GBT,Gradient Boosted Trees,uncalibrated,4.822,1.187082,0.0019039790919792637,0.0003842606742328677,84.0,0.0018974670461247194,0.0003813612542478918,84.0,0.003704183047656208
AC,c_a,GBT,Gradient Boosted Trees,uncalibrated,4.823,1.187248,0.0015477292752947276,0.00032717088676229635,84.0,0.0015433131010378538,0.0003250922357631485,84.0,0.003289984210921761
AC,c_a,GBT,Gradient Boosted Trees,uncalibrated,4.824,1.187414,0.001255858762365273,0.0002778061669560997,84.0,0.0012528704699282089,0.0002763198577358365,84.0,0.0029345555428652377
AC,c_a,GBT,Gradient Boosted Trees,uncalibrated,4.825,1.1875799999999999,0.0010173489393400497,0.00023529516042408287,84.0,0.0010153304146449662,0.00023423471042813653,84.0,0.0026282792544390127
AC,c_a,GBT,Gradient Boosted Trees,uncalibrated,4.826,1.187746,0.0008229086361840411,0.00019882612483121412,84.0,0.0008215469815772178,0.00019807082082269384,84.0,0.0023632712888706263
AC,c_a,GBT,Gradient Boosted Trees,uncalibrated,4.827,1.1879119999999999,0.0006647429368797327,0.00016765175645884817,84.0,0.0006638252143408019,0.00016711447601575012,84.0,0.0021330470785052304
AC,c_a,GBT,Gradient Boosted Trees,uncalibrated,4.828,1.188078,0.0005363430728242464,0.00014109144458094528,84.0,0.0005357248305038816,0.00014070956702184344,84.0,0.0019322547342813965
AC,c_a,GBT,Gradient Boosted Trees,uncalibrated,4.829,1.1882439999999999,0.0004322980568580276,0.00011853136094309603,84.0,0.0004318815693109484,0.00011826003847128252,84.0,0.001756461701836695
AC,c_a,GBT,Gradient Boosted Trees,uncalibrated,4.83,1.18841,0.0003481278361966581,9.942281549875713e-05,84.0,0.00034784714030814307,9.923002820743851e-05,84.0,0.0016019838257777944
AC,c_a,GBT,Gradient Boosted Trees,uncalibrated,4.831,1.188561,0.0002860946639787085,8.470447471822955e-05,84.0,0.0002858980683294984,8.456294500452047e-05,84.0,0.0014754868494637988
AC,c_a,GBT,Gradient Boosted Trees,uncalibrated,4.832,1.188712,0.0002349941202206489,7.208968308954606e-05,84.0,0.00023485628219541458,7.198571495849918e-05,84.0,0.001362413071908542
AC,c_a,GBT,Gradient Boosted Trees,uncalibrated,4.833,1.188863,0.00019294040963288765,6.129720600976574e-05,84.0,0.00019284363280774796,6.122075675935501e-05,84.0,0.0012610582001769369
AC,c_a,GBT,Gradient Boosted Trees,uncalibrated,4.834,1.189014,0.0001583616293388514,5.207888786089205e-05,84.0,0.00015829356307846574,5.202260177638921e-05,84.0,0.0011699640632794014
AC,c_a,GBT,Gradient Boosted Trees,uncalibrated,4.835,1.189165,0.0001299504554081212,4.421678710691586e-05,84.0,0.00012990248180030456,4.417528070053038e-05,84.0,0.0010878795021856305
AC,c_a,GBT,Gradient Boosted Trees,uncalibrated,4.836,1.189316,0.00010662184728591354,3.7520317620584435e-05,84.0,0.0001065879523434597,3.748965257407373e-05,84.0,0.0010137279429927517
AC,c_a,GBT,Gradient Boosted Trees,uncalibrated,4.837,1.189467,8.747695129635473e-05,3.182346748169333e-05,84.0,8.745293637722251e-05,3.180076304135722e-05,84.0,0.0009465804458299023
AC,c_a,GBT,Gradient Boosted Trees,uncalibrated,4.838,1.189618,7.17724336511799e-05,2.6982147039790073e-05,84.0,7.175536530334632e-05,2.6965295616081676e-05,84.0,0.0008856332495530996
AC,c_a,GBT,Gradient Boosted Trees,uncalibrated,4.839,1.189769,5.889453487121417e-05,2.2871701447620534e-05,84.0,5.8882361410422487e-05,2.285916033465884e-05,84.0,0.0008301890156313688
AC,c_a,GBT,Gradient Boosted Trees,uncalibrated,4.84,1.18992,4.83372012068667e-05,1.938460923861745e-05,84.0,4.832848568613007e-05,1.9375248312048888e-05,84.0,0.000779641122541762
AC,c_a,GBT,Gradient Boosted Trees,uncalibrated,4.841,1.1900860000000002,3.885765827218242e-05,1.614749818289596e-05,84.0,3.885160602776486e-05,1.6140692712348276e-05,84.0,0.0007301382361791967
AC,c_a,GBT,Gradient Boosted Trees,uncalibrated,4.842,1.190252,3.125221019308985e-05,1.34526591887717e-05,84.0,3.1247984530920007e-05,1.3447690475008861e-05,84.0,0.0006851632898837707
AC,c_a,GBT,Gradient Boosted Trees,uncalibrated,4.843,1.1904180000000002,2.5150164047374502e-05,1.121039874058163e-05,84.0,2.5147196552171967e-05,1.1206754635188479e-05,84.0,0.0006442058942732731
AC,c_a,GBT,Gradient Boosted Trees,uncalibrated,4.844,1.190584,2.0182601741061816e-05,9.407625739457674e-06,6.0,2.0180670336285757e-05,9.404579912827931e-06,6.0,0.000606822894946506
AC,c_a,GBT,Gradient Boosted Trees,uncalibrated,4.845,1.19075,1.6185110061892646e-05,7.985183068401396e-06,6.0,1.6183785230679728e-05,7.982863175523495e-06,6.0,0.0005726283883030326
AC,c_a,GBT,Gradient Boosted Trees,uncalibrated,4.846,1.190916,1.2983913248640845e-05,6.778957685319772e-06,6.0,1.2983003467100431e-05,6.777182621700581e-06,6.0,0.0005412853659869972
AC,c_a,GBT,Gradient Boosted Trees,uncalibrated,4.847,1.1910820000000002,1.042023022657517e-05,5.756587086090615e-06,6.0,1.0419605051011542e-05,5.75522255224952e-06,6.0,0.0005124987015359216
AC,c_a,GBT,Gradient Boosted Trees,uncalibrated,4.848,1.191248,8.366799846764724e-06,4.890393874714844e-06,6.0,8.366370232641236e-06,4.889339947195196e-06,6.0,0.0004860092463781918
AC,c_a,GBT,Gradient Boosted Trees,uncalibrated,4.849,1.1914140000000002,6.721689528178404e-06,4.156744126480982e-06,6.0,6.72139454808522e-06,4.155926196835951e-06,6.0,0.000461588845347081
AC,c_a,GBT,Gradient Boosted Trees,uncalibrated,4.85,1.19158,5.4032981773296475e-06,3.5354863848208e-06,6.0,5.403096042577715e-06,3.5348485407053937e-06,6.0,0.0004390361165269895
AC,c_a,GBT,Gradient Boosted Trees,uncalibrated,4.851,1.1917380000000002,4.393770921164027e-06,3.0356955846269895e-06,6.0,4.39363039361762e-06,3.0351893309475586e-06,6.0,0.0004188813254557926
AC,c_a,GBT,Gradient Boosted Trees,uncalibrated,4.852,1.191896,3.574874534080948e-06,2.608705666161179e-06,6.0,3.574777379666827e-06,2.6083020884697997e-06,6.0,0.00040014840462568405
AC,c_a,GBT,Gradient Boosted Trees,uncalibrated,4.853,1.192054,2.9103156328819695e-06,2.2438911437440883e-06,6.0,2.910249021178166e-06,2.243568004694753e-06,6.0,0.0003827122255650064
AC,c_a,GBT,Gradient Boosted Trees,uncalibrated,4.854,1.192212,2.3707332714362937e-06,1.9321557176879344e-06,6.0,2.370688157856311e-06,1.931895851256445e-06,6.0,0.0003664607176601926
AC,c_a,GBT,Gradient Boosted Trees,uncalibrated,4.855,1.1923700000000002,1.932376805027469e-06,1.665718968381538e-06,6.0,1.932346803531122e-06,1.6655090731357423e-06,6.0,0.0003512933059632569
AC,c_a,GBT,Gradient Boosted Trees,uncalibrated,4.856,1.192528,1.5760342207355938e-06,1.4379312154632587e-06,6.0,1.5760148164845056e-06,1.4377609451159219e-06,6.0,0.0003371195578184714
AC,c_a,GBT,Gradient Boosted Trees,uncalibrated,4.857,1.1926860000000001,1.2861640721432119e-06,1.2431131297860547e-06,6.0,1.2861520702530283e-06,1.242974405735403e-06,6.0,0.00032385800773785365
AC,c_a,GBT,Gradient Boosted Trees,uncalibrated,4.858,1.192844,1.050192787211702e-06,1.0764170982783017e-06,6.0,1.0501859258512291e-06,1.0763035883236952e-06,6.0,0.000311435134781197
AC,c_a,GBT,Gradient Boosted Trees,uncalibrated,4.859,1.193002,8.57946148357681e-07,9.337075771705553e-07,6.0,8.579428265228139e-07,9.336142989558968e-07,6.0,0.0002997844707101793
AC,c_a,GBT,Gradient Boosted Trees,uncalibrated,4.86,1.19316,7.011895106272497e-07,8.114580428329921e-07,6.0,7.011885961305531e-07,8.113810611685053e-07,6.0,0.0002888458205335551
AC,c_a,GBT,Gradient Boosted Trees,uncalibrated,4.861,1.1933159999999998,5.747147141606339e-07,7.080543660095072e-07,6.0,5.747153997333798e-07,7.079903913424351e-07,6.0,0.0002786489903215892
AC,c_a,GBT,Gradient Boosted Trees,uncalibrated,4.862,1.1934719999999999,4.711206272230169e-07,6.191540914632361e-07,6.0,4.711223604754916e-07,6.191007033462171e-07,6.0,0.00026904882613347416
AC,c_a,GBT,Gradient Boosted Trees,uncalibrated,4.863,1.1936280000000001,3.861862468763428e-07,5.426595327474699e-07,6.0,3.861886389566749e-07,5.426147921547821e-07,6.0,0.00026000147859439203
AC,c_a,GBT,Gradient Boosted Trees,uncalibrated,4.864,1.193784,3.1648024810180265e-07,4.7677947284770946e-07,6.0,3.1648302708150056e-07,4.767418209515692e-07,6.0,0.00025146694106232317
AC,c_a,GBT,Gradient Boosted Trees,uncalibrated,4.865,1.19394,2.592118941877627e-07,4.199844563409646e-07,6.0,2.5921487167845925e-07,4.199526356297841e-07,6.0,0.00024340866049695894
AC,c_a,GBT,Gradient Boosted Trees,uncalibrated,4.866,1.1940959999999998,2.1211023480072668e-07,3.7096851564760455e-07,6.0,2.1211328201283435e-07,3.709415082414812e-07,6.0,0.00023579319279142574
AC,c_a,GBT,Gradient Boosted Trees,uncalibrated,4.867,1.1942519999999999,1.7332623211081692e-07,3.286164254798276e-07,6.0,1.7332926266488968e-07,3.285934047276352e-07,6.0,0.00022858989694238185
AC,c_a,GBT,Gradient Boosted Trees,uncalibrated,4.868,1.1944080000000001,1.4135343158928456e-07,2.919757095127873e-07,6.0,1.413563891679756e-07,2.9195600188104733e-07,6.0,0.00022177066321006948
AC,c_a,GBT,Gradient Boosted Trees,uncalibrated,4.869,1.194564,1.1496366812589539e-07,2.6023273652616916e-07,6.0,1.1496651760219606e-07,2.6021579148931893e-07,6.0,0.00021530967107963206
AC,c_a,GBT,Gradient Boosted Trees,uncalibrated,4.87,1.19472,9.31549524906427e-08,2.326923130404599e-07,6.0,9.315767355670219e-08,2.3267767921288896e-07,6.0,0.00020918317339870863
AC,c_a,GBT,Gradient Boosted Trees,uncalibrated,4.871,1.194878,7.491647148082209e-08,2.084250835213995e-07,6.0,7.491904974177288e-08,2.0841241659481766e-07,6.0,0.00020332507892461234
AC,c_a,GBT,Gradient Boosted Trees,uncalibrated,4.872,1.195036,5.984303174817107e-08,1.873412667225441e-07,6.0,5.984546463944085e-08,1.8733025230758253e-07,6.0,0.0001977646699180801
AC,c_a,GBT,Gradient Boosted Trees,uncalibrated,4.873,1.195194,4.736875919474384e-08,1.6898889814449697e-07,6.0,4.737104884281848e-08,1.6897927682873245e-07,6.0,0.00019248280814583956
AC,c_a,GBT,Gradient Boosted Trees,uncalibrated,4.874,1.195352,3.703175738860755e-08,1.5298216507585577e-07,6.0,3.7033908902491394e-08,1.5297372217887462e-07,6.0,0.0001874618263489724
AC,c_a,GBT,Gradient Boosted Trees,uncalibrated,4.875,1.19551,2.8454649042446273e-08,1.3899157779704274e-07,6.0,2.8456669317241253e-08,1.3898413514267202e-07,6.0,0.00018268539711658737
AC,c_a,GBT,Gradient Boosted Trees,uncalibrated,4.876,1.195668,2.132879541697402e-08,1.2673562053572012e-07,6.0,2.133069230506969e-08,1.2672902982363477e-07,6.0,0.00017813841501524027
AC,c_a,GBT,Gradient Boosted Trees,uncalibrated,4.877,1.1958259999999998,1.540151424563416e-08,1.159736433812308e-07,6.0,1.540329599055333e-08,1.159677808310458e-07,6.0,0.00017380689048107604
AC,c_a,GBT,Gradient Boosted Trees,uncalibrated,4.878,1.195984,1.046570925000217e-08,1.0649982694783104e-07,6.0,1.0467384107630055e-08,1.0649458895827158e-07,6.0,0.00016967785416654934
AC,c_a,GBT,Gradient Boosted Trees,uncalibrated,4.879,1.1961419999999998,6.351449945946678e-09,9.813803753253945e-08,6.0,6.353025938654611e-09,9.813333715359259e-08,6.0,0.0001657392705932273
AC,c_a,GBT,Gradient Boosted Trees,uncalibrated,4.88,1.1963,2.9191372945424545e-09,9.073745869024078e-08,6.0,2.9206220590142367e-09,9.0733222747481e-08,6.0,0.0001619799601007954
AC,c_a,GBT,Gradient Boosted Trees,uncalibrated,4.881,1.196467,-4.824006863243132e-11,8.371193497851996e-08,6.0,-4.684832151845179e-11,8.370812938192648e-08,6.0,0.00015827798098537742
AC,c_a,GBT,Gradient Boosted Trees,uncalibrated,4.882,1.196634,-2.49686885094351e-09,7.749676059955079e-08,6.0,-2.4955620533025433e-09,7.749332647184408e-08,6.0,0.00015474688988033946
AC,c_a,GBT,Gradient Boosted Trees,uncalibrated,4.883,1.196801,-4.516729930262077e-09,7.197929101283756e-08,6.0,-4.515500751089974e-09,7.197617888239969e-08,6.0,0.00015137656886594547
AC,c_a,GBT,Gradient Boosted Trees,uncalibrated,4.884,1.196968,-6.1813080262453024e-09,6.706372488038058e-08,6.0,-6.180149836332305e-09,6.706089304710184e-08,6.0,0.0001481576167274749
AC,c_a,GBT,Gradient Boosted Trees,uncalibrated,4.885,1.1971349999999998,-7.550730849139742e-09,6.266848699152671e-08,6.0,-7.549637674279345e-09,6.26659001939278e-08,6.0,0.00014508128990073474
AC,c_a,GBT,Gradient Boosted Trees,uncalibrated,4.886,1.1973019999999999,-8.67428759079358e-09,5.8724040772723405e-08,6.0,-8.673254059399227e-09,5.8721669097375356e-08,6.0,0.00014213944895630443
AC,c_a,GBT,Gradient Boosted Trees,uncalibrated,4.887,1.197469,-9.592469867933827e-09,5.517103911083593e-08,6.0,-9.591491156868415e-09,5.516885709796281e-08,6.0,0.00013932451004151905
AC,c_a,GBT,Gradient Boosted Trees,uncalibrated,4.888,1.197636,-1.0338610354771417e-08,5.195876067598821e-08,6.0,-1.03376821362448e-08,5.195674658433049e-08,6.0,0.00013662940076629096
AC,c_a,GBT,Gradient Boosted Trees,uncalibrated,4.889,1.197803,-1.0940214215526845e-08,4.904379680917572e-08,6.0,-1.0939332606429986e-08,4.904193201020706e-08,6.0,0.00013404752007777068
AC,c_a,GBT,Gradient Boosted Trees,uncalibrated,4.89,1.19797,-1.1420031650427355e-08,4.638893909703087e-08,6.0,-1.1419193165126045e-08,4.638720757468666e-08,6.0,0.0001315727017201525
AC,c_a,GBT,Gradient Boosted Trees,uncalibrated,4.891,1.198137,-1.1796930434730668e-08,4.396225060837176e-08,6.0,-1.1796131941614136e-08,4.3960638544741774e-08,6.0,0.00012919918092107915
AC,c_a,GBT,Gradient Boosted Trees,uncalibrated,4.892,1.198304,-1.2086597927089239e-08,4.17362678839486e-08,6.0,-1.2085836609276868e-08,4.1734763315779564e-08,6.0,0.00012692156398567828
AC,c_a,GBT,Gradient Boosted Trees,uncalibrated,4.893,1.1984709999999998,-1.2302115680132341e-08,3.9687336905375105e-08,6.0,-1.2301389000028227e-08,3.9685929438341796e-08,6.0,0.00012473480051406748
AC,c_a,GBT,Gradient Boosted Trees,uncalibrated,4.894,1.198638,-1.2454430152944797e-08,3.7795055231628203e-08,6.0,-1.2453735820372458e-08,3.7793735802035836e-08,6.0,0.0001226341579888442
AC,c_a,GBT,Gradient Boosted Trees,uncalibrated,4.895,1.198805,-1.2552721079194545e-08,3.60417836788681e-08,6.0,-1.255205702340353e-08,3.604054435498037e-08,6.0,0.00012061519850617588
AC,c_a,GBT,Gradient Boosted Trees,uncalibrated,4.896,1.198972,-1.2604722929384437e-08,3.441224978696929e-08,6.0,-1.2604087273881959e-08,3.4411083602483e-08,6.0,0.0001186737574478816
AC,c_a,GBT,Gradient Boosted Trees,uncalibrated,4.897,1.199139,-1.261696741744799e-08,3.2893209281627813e-08,6.0,-1.2616358457950838e-08,3.2892110095840835e-08,6.0,0.00011680592391322649
AC,c_a,GBT,Gradient Boosted Trees,uncalibrated,4.898,1.199306,-1.259499790080563e-08,3.147314586915152e-08,6.0,-1.2594414085705576e-08,3.147210824972062e-08,6.0,0.00011500802274769143
AC,c_a,GBT,Gradient Boosted Trees,uncalibrated,4.899,1.199473,-1.254353667023434e-08,3.014203711030394e-08,6.0,-1.2542976583299989e-08,3.014105623401305e-08,6.0,0.00011327659802273293
AC,c_a,GBT,Gradient Boosted Trees,uncalibrated,4.9,1.19964,-1.2466610902157424e-08,2.889113117983118e-08,6.0,-1.2466073247748469e-08,2.889020274923436e-08,6.0,0.00011160839783525014
AC,c_a,GBT,Gradient Boosted Trees,uncalibrated,4.901,1.199805,-1.2374912508344774e-08,2.7736896561696004e-08,6.0,-1.2374395563785612e-08,2.773601577797357e-08,6.0,0.00011001039108949201
AC,c_a,GBT,Gradient Boosted Trees,uncalibrated,4.902,1.19997,-1.2264436069338337e-08,2.6646398594078238e-08,6.0,-1.2263938790428128e-08,2.6645562122950768e-08,6.0,0.00010846891811833095
AC,c_a,GBT,Gradient Boosted Trees,uncalibrated,4.903,1.200135,-1.2137680320722588e-08,2.5613975961168333e-08,6.0,-1.2137201743644965e-08,2.561318079772294e-08,6.0,0.00010698132195349244
AC,c_a,GBT,Gradient Boosted Trees,uncalibrated,4.904,1.2003,-1.1996820135904617e-08,2.46346395490985e-08,6.0,-1.1996359368845092e-08,2.4633882976453288e-08,6.0,0.00010554509487822688
AC,c_a,GBT,Gradient Boosted Trees,uncalibrated,4.905,1.2004650000000001,-1.1843758798247005e-08,2.3703992338479933e-08,6.0,-1.1843315013878211e-08,2.3703271892086475e-08,6.0,0.00010415786868809131
AC,c_a,GBT,Gradient Boosted Trees,uncalibrated,4.906,1.2006299999999999,-1.1680164914881738e-08,2.281813361166318e-08,6.0,-1.1679737343950336e-08,2.2817447049208103e-08,6.0,0.00010281740567616086
AC,c_a,GBT,Gradient Boosted Trees,uncalibrated,4.907,1.200795,-1.1507508017220095e-08,2.1973611182389683e-08,6.0,-1.1507095942775436e-08,2.1972956457414028e-08,6.0,0.00010152159028225475
AC,c_a,GBT,Gradient Boosted Trees,uncalibrated,4.908,1.20096,-1.1327092366625852e-08,2.116735013723881e-08,6.0,-1.1326695118866567e-08,2.1166725376754033e-08,6.0,0.00010026842135139415
AC,c_a,GBT,Gradient Boosted Trees,uncalibrated,4.909,1.201125,-1.1140072200732289e-08,2.0396612356260138e-08,6.0,-1.1139689152598706e-08,2.03960158411767e-08,6.0,9.905600495161119e-05
AC,c_a,GBT,Gradient Boosted Trees,uncalibrated,4.91,1.20129,-1.0947480524907597e-08,1.9658953696100903e-08,6.0,-1.0947111087992553e-08,1.9658383844275246e-08,6.0,9.788254770583787e-05
AC,c_a,GBT,Gradient Boosted Trees,uncalibrated,4.911,1.201455,-1.075023690162595e-08,1.8952180851087728e-08,6.0,-1.07498805227794e-08,1.8951636202772203e-08,6.0,9.674635059659704e-05
AC,c_a,GBT,Gradient Boosted Trees,uncalibrated,4.912,1.20162,-1.0549170043358598e-08,1.827432771422869e-08,6.0,-1.054882620143971e-08,1.8273806919175547e-08,6.0,9.564580320590387e-05
AC,c_a,GBT,Gradient Boosted Trees,uncalibrated,4.913,1.201785,-1.0345027008475643e-08,1.7623622271649602e-08,6.0,-1.0344695211550459e-08,1.7623124078004556e-08,6.0,9.457937835609159e-05
AC,c_a,GBT,Gradient Boosted Trees,uncalibrated,4.914,1.20195,-1.0138474847572956e-08,1.699846204519684e-08,6.0,-1.0138154630615993e-08,1.6997985289805424e-08,6.0,9.354562712025999e-05
AC,c_a,GBT,Gradient Boosted Trees,uncalibrated,4.915,1.202115,-9.930122752507097e-09,1.6397399337998425e-08,6.0,-9.929813675017364e-09,1.6396942937732536e-08,6.0,9.254317417374213e-05
AC,c_a,GBT,Gradient Boosted Trees,uncalibrated,4.916,1.20228,-9.720520150033617e-09,1.5819117610628383e-08,6.0,-9.720221794129458e-09,1.5818680554903627e-08,6.0,9.157071346045579e-05
AC,c_a,GBT,Gradient Boosted Trees,uncalibrated,4.917,1.202445,-9.510171486307064e-09,1.5262423713794662e-08,6.0,-9.509883454790945e-09,1.526200505775596e-08,6.0,9.062700415018994e-05
AC,c_a,GBT,Gradient Boosted Trees,uncalibrated,4.918,1.2026100000000002,-9.29952447637069e-09,1.4726217321336114e-08,6.0,-9.299246391443937e-09,1.4725816180277083e-08,6.0,8.971086686491621e-05
AC,c_a,GBT,Gradient Boosted Trees,uncalibrated,4.919,1.202775,-9.088993419191456e-09,1.4209498340259638e-08,6.0,-9.088724920817505e-09,1.4209113884182783e-08,6.0,8.882118015403962e-05
AC,c_a,GBT,Gradient Boosted Trees,uncalibrated,4.92,1.2029400000000001,-8.878951943751633e-09,1.3711342001486777e-08,6.0,-8.8786926884706e-09,1.3710973450625334e-08,6.0,8.79568772001331e-05
AC,c_a,GBT,Gradient Boosted Trees,uncalibrated,4.921,1.203105,-8.669738467607154e-09,1.3230901914431089e-08,6.0,-8.669488127388547e-09,1.3230548534959524e-08,6.0,8.711694273827285e-05
AC,c_a,GBT,Gradient Boosted Trees,uncalibrated,4.922,1.20327,-8.461668390898934e-09,1.2767392600552248e-08,6.0,-8.461426651932648e-09,1.2767053700985931e-08,6.0,8.630041017338768e-05
AC,c_a,GBT,Gradient Boosted Trees,uncalibrated,4.923,1.203435,-8.255020014564308e-09,1.2320084981464285e-08,6.0,-8.254786576511464e-09,1.231975990936894e-08,6.0,8.550635888135777e-05
AC,c_a,GBT,Gradient Boosted Trees,uncalibrated,4.924,1.2036000000000002,-8.050046845443123e-09,1.1888302136257803e-08,6.0,-8.04982142055266e-09,1.188799027526125e-08,6.0,8.473391168069699e-05
AC,c_a,GBT,Gradient Boosted Trees,uncalibrated,4.925,1.203765,-7.846983776532035e-09,1.1471412057857277e-08,6.0,-7.846766088744537e-09,1.1471112824998732e-08,6.0,8.398223246271867e-05
AC,c_a,GBT,Gradient Boosted Trees,uncalibrated,4.926,1.2039300000000002,-7.6460371316628e-09,1.1068825156565759e-08,6.0,-7.645826916036214e-09,1.106853799984124e-08,6.0,8.325052396900877e-05
AC,c_a,GBT,Gradient Boosted Trees,uncalibrated,4.927,1.204095,-7.447397100169225e-09,1.0679989046010817e-08,6.0,-7.44719410213553e-09,1.0679713442185298e-08,6.0,8.253802570595177e-05
AC,c_a,GBT,Gradient Boosted Trees,uncalibrated,4.928,1.20426,-7.251232685161475e-09,1.0304380575596582e-08,6.0,-7.25103665999427e-09,1.0304116028324365e-08,6.0,8.184401198677625e-05
AC,c_a,GBT,Gradient Boosted Trees,uncalibrated,4.929,1.204425,-7.057697606281297e-09,9.941509741947788e-09,6.0,-7.0575083184939054e-09,9.941255779896621e-09,6.0,8.11677900923973e-05
AC,c_a,GBT,Gradient Boosted Trees,uncalibrated,4.93,1.20459,-6.86692443382422e-09,9.590916383609783e-09,6.0,-6.866741656767299e-09,9.5906725587481e-09,6.0,8.050869854292314e-05
AC,c_a,KNN,kNN,uncalibrated,4.67,1.16367,0.9694648258435324,0.2476712293345165,3.0,2.836064558984678e-08,3.119018687801067e-07,11.0,0.00015612249628499996
AC,c_a,KNN,kNN,uncalibrated,4.671,1.1638186666666668,0.9644660675368822,0.24437141136035131,3.0,3.72242964492905e-08,3.5132711545884164e-07,11.0,0.00015929363496111707
AC,c_a,KNN,kNN,uncalibrated,4.672,1.1639673333333334,0.9593418986237224,0.24100191738285065,3.0,4.799318050544006e-08,3.956677907450227e-07,11.0,0.0001625882694513525
AC,c_a,KNN,kNN,uncalibrated,4.673,1.164116,0.9540910030954516,0.2375627195270156,3.0,6.10238098854604e-08,4.455283312385837e-07,11.0,0.00016601333174825927
AC,c_a,KNN,kNN,uncalibrated,4.674,1.1642646666666667,0.9487122628149917,0.23405389330580773,3.0,7.673493120559006e-08,5.015866367520653e-07,11.0,0.0001695762591739924
AC,c_a,KNN,kNN,uncalibrated,4.675,1.1644133333333333,0.9432047849513051,0.2304756205066852,3.0,9.561803330657893e-08,5.646029520303374e-07,11.0,0.00017328503934745554
AC,c_a,KNN,kNN,uncalibrated,4.676,1.164562,0.9375679325965935,0.22682819185316924,3.0,1.182496228249959e-07,6.35429830967647e-07,11.0,0.00017714825985582562
AC,c_a,KNN,kNN,uncalibrated,4.677,1.1647106666666667,0.931801358937153,0.22311200949717905,3.0,1.453055736531667e-07,7.150233192150985e-07,11.0,0.00018117516319531463
AC,c_a,KNN,kNN,uncalibrated,4.678,1.1648593333333332,0.9259050453694911,0.21932758942019337,3.0,1.7757791271908261e-07,8.044555090832266e-07,11.0,0.0001853757076226751
AC,c_a,KNN,kNN,uncalibrated,4.679,1.165008,0.9198793439673177,0.21547556384688923,3.0,2.1599447220553941e-07,9.049286411956163e-07,11.0,0.00018976063464679706
AC,c_a,KNN,kNN,uncalibrated,4.68,1.1651566666666666,0.9137250247073445,0.2115566838019973,3.0,2.616419198035131e-07,1.017790950840682e-06,11.0,0.0001943415439913573
AC,c_a,KNN,kNN,uncalibrated,4.681,1.1653053333333332,0.907443327849546,0.20757182197033974,3.0,3.1579277690537833e-07,1.1445544838290813e-06,11.0,0.0001991309769765301
AC,c_a,KNN,kNN,uncalibrated,4.682,1.165454,0.9010360218358727,0.2035219760503602,3.0,3.799371535515355e-07,1.2869151373991157e-06,11.0,0.00020414250940319322
AC,c_a,KNN,kNN,uncalibrated,4.683,1.1656026666666666,0.8945054670141593,0.19940827282193058,3.0,4.558200731054965e-07,1.446775216921464e-06,11.0,0.00020939085518012889
AC,c_a,KNN,kNN,uncalibrated,4.684,1.1657513333333334,0.8878546854056334,0.1952319731789058,3.0,5.454854347949917e-07,1.6262688395067245e-06,11.0,0.00021489198211682709
AC,c_a,KNN,kNN,uncalibrated,4.685,1.1659,0.8810874366083122,0.19099447840465256,3.0,6.513278755304315e-07,1.8277905618908638e-06,11.0,0.00022066324151627314
AC,c_a,KNN,kNN,uncalibrated,4.686,1.1660486666666665,0.8742082997562498,0.18669733799204646,3.0,7.761540526152568e-07,2.0540276631056612e-06,11.0,0.00022672351344916856
AC,c_a,KNN,kNN,uncalibrated,4.687,1.1661973333333333,0.8672227612305515,0.18234225932725176,3.0,9.232551869689606e-07,2.3079965734404223e-06,11.0,0.00023309336987886378
AC,c_a,KNN,kNN,uncalibrated,4.688,1.1663459999999999,0.8601373075334274,0.17793111956536992,3.0,1.0964930957973977e-06,2.593084011340389e-06,11.0,0.0002397952581435596
AC,c_a,KNN,kNN,uncalibrated,4.689,1.1664946666666667,0.852959522386301,0.17346598002339245,3.0,1.30040242093266e-06,2.913093470564277e-06,11.0,0.00024685370769721913
AC,c_a,KNN,kNN,uncalibrated,4.69,1.1666433333333333,0.8456981866931418,0.16894910339869285,3.0,1.5403123449339578e-06,3.2722977927837355e-06,11.0,0.00025429556347433824
AC,c_a,KNN,kNN,uncalibrated,4.691,1.1667919999999998,0.8383633795178511,0.1643829740846977,3.0,1.822491806992879e-06,3.675498667838518e-06,11.0,0.0002621502497899229
AC,c_a,KNN,kNN,uncalibrated,4.692,1.1669406666666666,0.8309665776650106,0.1597703217968397,3.0,2.1543231160939167e-06,4.128094027226369e-06,11.0,0.00027045006932943454
AC,c_a,KNN,kNN,uncalibrated,4.693,1.1670893333333332,0.8235207508328528,0.15511414863560208,3.0,2.5445099485165766e-06,4.636154438805819e-06,11.0,0.0002792305425443914
AC,c_a,KNN,kNN,uncalibrated,4.694,1.1672379999999998,0.8160404486437184,0.1504177595961247,3.0,3.0033270582383943e-06,5.206509775104169e-06,11.0,0.00028853079367061307
AC,c_a,KNN,kNN,uncalibrated,4.695,1.1673866666666666,0.8085418751754042,0.14568479638134665,3.0,3.542920680585012e-06,5.846847617527774e-06,11.0,0.00029839399065541663
AC,c_a,KNN,kNN,uncalibrated,4.696,1.1675353333333331,0.8010429459519944,0.14091927418445263,3.0,4.177670643273134e-06,6.565825078211459e-06,11.0,0.00030886784755316475
AC,c_a,KNN,kNN,uncalibrated,4.697,1.167684,0.7935633217533026,0.13612562087502814,3.0,4.924627702330831e-06,7.373195974663854e-06,11.0,0.00032000519946616683
AC,c_a,KNN,kNN,uncalibrated,4.698,1.1678326666666665,0.7861244131279401,0.13130871775234404,3.0,5.804042699874558e-06,8.279955584675448e-06,11.0,0.00033186466192190744
AC,c_a,KNN,kNN,uncalibrated,4.699,1.167981333333333,0.7787493492153923,0.1264739407207715,3.0,6.8400079259686605e-06,9.29850554560339e-06,11.0,0.00034451138875181804
AC,c_a,KNN,kNN,uncalibrated,4.7,1.16813,0.7714629044787894,0.12162720040497095,3.0,8.061235714144195e-06,1.0442841848315492e-05,11.0,0.00035801794514714287
AC,c_a,KNN,kNN,uncalibrated,4.701,1.1682819999999998,0.7641276615719921,0.11666729359117027,3.0,9.538075310337906e-06,1.1761655100093892e-05,11.0,0.0003726344297942711
AC,c_a,KNN,kNN,uncalibrated,4.702,1.168434,0.7569427813245072,0.11170877852926371,3.0,1.1289176154710335e-05,1.3248494073944511e-05,11.0,0.00038831803187899886
AC,c_a,KNN,kNN,uncalibrated,4.703,1.168586,0.7499393729905606,0.10675995735008295,3.0,1.3367717340816463e-05,1.4925279635846619e-05,11.0,0.0004051761794507494
AC,c_a,KNN,kNN,uncalibrated,4.704,1.1687379999999998,0.7431494180463304,0.10182984601090161,3.0,1.5837836500001565e-05,1.6816909153510068e-05,11.0,0.0004233298547337899
AC,c_a,KNN,kNN,uncalibrated,4.705,1.16889,0.7366053633529591,0.0969281732240524,3.0,1.877702603537217e-05,1.8951681121972885e-05,11.0,0.0004429156303591895
AC,c_a,KNN,kNN,uncalibrated,4.706,1.169042,0.7303396505177748,0.09206535979076268,3.0,2.2279074018449333e-05,2.1361782567679367e-05,11.0,0.0004640880581742971
AC,c_a,KNN,kNN,uncalibrated,4.707,1.1691939999999998,0.7243841898919698,0.0872524749416036,3.0,2.6457674297243693e-05,2.4083848125701488e-05,11.0,0.0004870224793935885
AC,c_a,KNN,kNN,uncalibrated,4.708,1.169346,0.718769791880673,0.08250116674749881,3.0,3.145085785347926e-05,2.7159600512466232e-05,11.0,0.0005119183396997773
AC,c_a,KNN,kNN,uncalibrated,4.709,1.169498,0.7135255723623778,0.07782356443708884,3.0,3.742643044170911e-05,3.0636582771651075e-05,11.0,0.0005390031112487056
AC,c_a,KNN,kNN,uncalibrated,4.71,1.1696499999999999,0.7086783526360307,0.07323215155483552,3.0,4.45886409109244e-05,3.4568993000921695e-05,11.0,0.0005685369462644419
AC,c_a,KNN,kNN,uncalibrated,4.711,1.169802,0.7042520770228865,0.06873961030743259,3.0,5.3186351257829466e-05,3.9018632058373045e-05,11.0,0.0006008182151605556
AC,c_a,KNN,kNN,uncalibrated,4.712,1.169954,0.7002672726507617,0.06435863912517467,3.0,6.352303429680809e-05,4.405597371284387e-05,11.0,0.0006361901173337739
AC,c_a,KNN,kNN,uncalibrated,4.713,1.170106,0.696740575719124,0.060101747321895674,3.0,7.596898869085368e-05,4.976136446854062e-05,11.0,0.0006750485967830285
AC,c_a,KNN,kNN,uncalibrated,4.714,1.170258,0.6936843464907041,0.0559810326432992,3.0,9.097623463759344e-05,5.62263563960624e-05,11.0,0.0007178518498645997
AC,c_a,KNN,kNN,uncalibrated,4.715,1.17041,0.6911063913600435,0.05200794928589587,3.0,0.00010909663710680353,6.355517018469092e-05,11.0,0.0007651317818270876
AC,c_a,KNN,kNN,uncalibrated,4.716,1.170562,0.689009804796927,0.04819307546584124,3.0,0.00013100389703766703,7.186627666428217e-05,11.0,0.0008175078561520992
AC,c_a,KNN,kNN,uncalibrated,4.717,1.170714,0.6873929371379587,0.04454589063312207,3.0,0.00015752015343696842,8.129407256643895e-05,11.0,0.0008757038911631235
AC,c_a,KNN,kNN,uncalibrated,4.718,1.170866,0.6862494866597578,0.04107457279966053,3.0,0.00018964804890307004,9.199060966896529e-05,11.0,0.0009405684982970554
AC,c_a,KNN,kNN,uncalibrated,4.719,1.1710180000000001,0.685568706776561,0.03778582606182962,3.0,0.00022860922428292676,0.00010412731519238803,11.0,0.001013100034178421
AC,c_a,KNN,kNN,uncalibrated,4.72,1.17117,0.6853357122535755,0.03468474719487293,3.0,0.0002758903195313437,0.00011789661516440173,11.0,0.0010944771649552523
AC,c_a,KNN,kNN,uncalibrated,4.721,1.1713200000000001,0.6855197364126733,0.03181177309604413,3.0,0.00033238397346308185,0.000133255159741057,11.0,0.0011851187359850188
AC,c_a,KNN,kNN,uncalibrated,4.722,1.1714700000000002,0.6861001022521119,0.029126442967480348,3.0,0.00040080233434776867,0.0001506284204843369,11.0,0.0012873782397530677
AC,c_a,KNN,kNN,uncalibrated,4.723,1.17162,0.6870531486369476,0.026628755021353256,3.0,0.00048367058403109915,0.00017026497829727665,11.0,0.0014031632214368665
AC,c_a,KNN,kNN,uncalibrated,4.724,1.1717700000000002,0.6883529153652315,0.024317137952832635,3.0,0.0005840283168083683,0.00019243538365412835,11.0,0.001534753505005574
AC,c_a,KNN,kNN,uncalibrated,4.725,1.17192,0.6899715408817672,0.022188546661321387,3.0,0.000705523904887716,0.00021743091695598782,11.0,0.0016848838868815993
AC,c_a,KNN,kNN,uncalibrated,4.726,1.17207,0.6918796150907054,0.020238589424569922,3.0,0.0008525223121445487,0.0002455611636157689,11.0,0.0018568470955358468
AC,c_a,KNN,kNN,uncalibrated,4.727,1.17222,0.6940464714624107,0.01846167592397152,3.0,0.0010302269681303083,0.0002771501623574102,11.0,0.0020546223512744608
AC,c_a,KNN,kNN,uncalibrated,4.728,1.17237,0.6964404073827649,0.016851173807049123,3.0,0.001244815858708161,0.00031253091201451067,11.0,0.002283036326323479
AC,c_a,KNN,kNN,uncalibrated,4.729,1.17252,0.6990288266526793,0.01539956079617715,3.0,0.001503591342451654,0.00035203808305427054,11.0,0.002547965176103037
AC,c_a,KNN,kNN,uncalibrated,4.73,1.17267,0.7017783028770428,0.014098560038898915,3.0,0.0018135026607784526,0.00040040956235522864,69.0,0.0028565886933590275
AC,c_a,KNN,kNN,uncalibrated,4.731,1.172823,0.7046835348684901,0.012917765648078226,4.0,0.0021951806366158166,0.0004573439934901342,69.0,0.003224361873128362
AC,c_a,KNN,kNN,uncalibrated,4.732,1.172976,0.7077957250063565,0.012088306019490515,4.0,0.002654691569816455,0.0005214921175437611,69.0,0.0036579939279488285
AC,c_a,KNN,kNN,uncalibrated,4.733,1.1731289999999999,0.7109449258588292,0.011317147898570063,4.0,0.003206516327036287,0.000593431398752852,69.0,0.004171699468346448
AC,c_a,KNN,kNN,uncalibrated,4.734,1.173282,0.7140948742641826,0.01060053045690662,4.0,0.003867327014904707,0.0006736904163122474,69.0,0.00478315780239419
AC,c_a,KNN,kNN,uncalibrated,4.735,1.173435,0.7172069958669604,0.00993420072949338,4.0,0.00465616208738895,0.000762720924124513,69.0,0.005514422470269203
AC,c_a,KNN,kNN,uncalibrated,4.736,1.1735879999999999,0.7202402436826467,0.009313485359142558,4.0,0.0055945674561095156,0.0008608669205873315,69.0,0.0063930755955171935
AC,c_a,KNN,kNN,uncalibrated,4.737,1.173741,0.7231509391248572,0.008733351608578408,4.0,0.006706686280914164,0.0009683318171706557,69.0,0.007453689743299668
AC,c_a,KNN,kNN,uncalibrated,4.738,1.173894,0.7258926347473768,0.008188465834898597,4.0,0.008019277494264326,0.0010851451920011687,69.0,0.008739672590760184
AC,c_a,KNN,kNN,uncalibrated,4.739,1.1740469999999998,0.7284160189064509,0.0076732604746184195,4.0,0.009561641026900007,0.001211130964731781,69.0,0.010305582329470552
AC,c_a,KNN,kNN,uncalibrated,4.74,1.1742,0.7306688827047545,0.007182023177556367,4.0,0.011365426509898366,0.0013458790738577655,69.0,0.012220012220003695
AC,c_a,KNN,kNN,uncalibrated,4.741,1.1743549999999998,0.7324355131768109,0.006733824401771659,3.0,0.013497324703125663,0.0014910674100414095,69.0,0.014600334274827072
AC,c_a,KNN,kNN,uncalibrated,4.742,1.17451,0.7339985973254969,0.0063991977728461895,3.0,0.015969815945890007,0.0016436488136701763,69.0,0.01753854541279662
AC,c_a,KNN,kNN,uncalibrated,4.743,1.174665,0.7351045599696523,0.0060656139542342,3.0,0.018820586455843034,0.0018023462117700887,69.0,0.021175626577257703
AC,c_a,KNN,kNN,uncalibrated,4.744,1.17482,0.7356880454621165,0.005721314795832636,3.0,0.022087292367016113,0.001965591638332908,69.0,0.025687558122408485
AC,c_a,KNN,kNN,uncalibrated,4.745,1.1749749999999999,0.7356822010984325,0.005355551222629768,3.0,0.02580641852586676,0.0021315428382412465,69.0,0.03129252936787827
AC,c_a,KNN,kNN,uncalibrated,4.746,1.17513,0.7350193721944678,0.004958760033761384,3.0,0.030011934682841756,0.002298110810125181,69.0,0.03825859642479302
AC,c_a,KNN,kNN,uncalibrated,4.747,1.175285,0.7336824473274967,0.0046996994860624575,11.0,0.034733771844461005,0.0024629965631411763,69.0,0.04691112848329908
AC,c_a,KNN,kNN,uncalibrated,4.748,1.17544,0.7314930742900586,0.004555629531883844,11.0,0.03999615708948423,0.002623734546797481,69.0,0.05763893583460512
AC,c_a,KNN,kNN,uncalibrated,4.749,1.175595,0.7284714993686173,0.004471895512105385,80.0,0.04586113290446401,0.0028146635667218416,4.0,0.07089741056540572
AC,c_a,KNN,kNN,uncalibrated,4.75,1.17575,0.7245051194885566,0.004543625805464348,80.0,0.05223844004297288,0.0030745527365195805,4.0,0.08720639106882132
AC,c_a,KNN,kNN,uncalibrated,4.751,1.175904,0.7196004403357013,0.004623865111262108,80.0,0.05912435581830768,0.003341155784693914,4.0,0.10700334291662791
AC,c_a,KNN,kNN,uncalibrated,4.752,1.176058,0.7136828899278533,0.004713199621448155,80.0,0.06654809118267845,0.0036100845228358627,4.0,0.130973985154092
AC,c_a,KNN,kNN,uncalibrated,4.753,1.176212,0.7067099883229256,0.004811717187581717,80.0,0.07448139008062929,0.0038735752901886203,4.0,0.15971098883387108
AC,c_a,KNN,kNN,uncalibrated,4.754,1.176366,0.698647291061538,0.004919626601603664,80.0,0.08288169689708912,0.00412257688320645,4.0,0.1937558426694827
AC,c_a,KNN,kNN,uncalibrated,4.755,1.17652,0.689469403668417,0.005037073506394795,80.0,0.09169158427748592,0.004347136198495868,4.0,0.23353620697576258
AC,c_a,KNN,kNN,uncalibrated,4.756,1.176674,0.6791457591380236,0.005173875884639216,69.0,0.10083865922792444,0.004536879860993386,4.0,0.279293623504077
AC,c_a,KNN,kNN,uncalibrated,4.757,1.176828,0.6677050959527221,0.0053295399665342766,69.0,0.11023600316158172,0.004681558541924012,4.0,0.3310092854772446
AC,c_a,KNN,kNN,uncalibrated,4.758,1.176982,0.6551359055018516,0.005487085994480483,69.0,0.1197599461700891,0.004811785411072605,3.0,0.3883385361297017
AC,c_a,KNN,kNN,uncalibrated,4.759,1.177136,0.6415984228651057,0.006088720501170189,4.0,0.12934311772608958,0.004988230658324098,3.0,0.4505659749679436
AC,c_a,KNN,kNN,uncalibrated,4.76,1.17729,0.6268356258671516,0.006750945466387883,4.0,0.13884410886752718,0.0050908695280759,3.0,0.5165916531186091
AC,c_a,KNN,kNN,uncalibrated,4.761,1.177448,0.610548676565926,0.0074048277622005875,4.0,0.1484023804957806,0.005109330998362663,3.0,0.586739103268819
AC,c_a,KNN,kNN,uncalibrated,4.762,1.177606,0.5932115749682595,0.008017450437297392,4.0,0.15759121515987862,0.005033118378114948,3.0,0.6574476208848211
AC,c_a,KNN,kNN,uncalibrated,4.763,1.177764,0.5748929947891813,0.008577942433436965,4.0,0.16626378780440437,0.004857980028605606,3.0,0.7265871642247941
AC,c_a,KNN,kNN,uncalibrated,4.764,1.1779220000000001,0.5557767043955141,0.009085561091394787,3.0,0.17427623508667003,0.004582872973488649,3.0,0.7919329310251078
AC,c_a,KNN,kNN,uncalibrated,4.765,1.17808,0.5357467227389208,0.00986411151089427,3.0,0.18149175134685414,0.004210088688038061,3.0,0.8513044255960027
AC,c_a,KNN,kNN,uncalibrated,4.766,1.1782380000000001,0.5150002555302386,0.010576861660263817,3.0,0.18778457059366338,0.0037452631200093904,3.0,0.9026969788026565
AC,c_a,KNN,kNN,uncalibrated,4.767,1.1783960000000002,0.49364357010136556,0.011217117447540835,3.0,0.1930436683552856,0.003197357300392057,3.0,0.9443933571016201
AC,c_a,KNN,kNN,uncalibrated,4.768,1.178554,0.471789041112769,0.011779708509805616,3.0,0.197176030540845,0.0025788698152819367,3.0,0.9750478599087188
AC,c_a,KNN,kNN,uncalibrated,4.769,1.1787120000000002,0.44955357326153667,0.012260986322946433,3.0,0.20010935772825603,0.0019072805042723703,3.0,0.9937401526407411
AC,c_a,KNN,kNN,uncalibrated,4.77,1.17887,0.4270569785026773,0.01265877066561121,3.0,0.2017941008790781,0.001213344317813898,3.0,1.0
AC,c_a,KNN,kNN,uncalibrated,4.771,1.1790250000000002,0.4049084711462285,0.012967235318966593,3.0,0.20199446156742806,0.0007536159542894962,46.0,0.9940380439151055
AC,c_a,KNN,kNN,uncalibrated,4.772,1.1791800000000001,0.3827393038683418,0.0131954015875839,3.0,0.20120234761637562,0.0008053835033133001,85.0,0.9764700450196748
AC,c_a,KNN,kNN,uncalibrated,4.773,1.179335,0.3606608310188992,0.013344710422715896,3.0,0.19939835702248537,0.001302715308496886,3.0,0.9480388608454116
AC,c_a,KNN,kNN,uncalibrated,4.774,1.1794900000000001,0.33878134120889447,0.01341747645487591,3.0,0.19623569510023775,0.002020889599853076,3.0,0.9098048014262782
AC,c_a,KNN,kNN,uncalibrated,4.775,1.179645,0.3172048050577906,0.013416752883275504,3.0,0.19197828037527453,0.0027344690917721123,3.0,0.8630921249235696
AC,c_a,KNN,kNN,uncalibrated,4.776,1.1798,0.29602972441142,0.013346204462772533,3.0,0.1867064180063684,0.0034174183965382516,3.0,0.8094285595774418
AC,c_a,KNN,kNN,uncalibrated,4.777,1.179955,0.27534809724134807,0.013209992506400172,3.0,0.18051576983105821,0.004054787480285854,3.0,0.7504790328272987
AC,c_a,KNN,kNN,uncalibrated,4.778,1.18011,0.25524450999553133,0.013012673678138562,3.0,0.1735145248878791,0.004635775838970781,3.0,0.6879748915745776
AC,c_a,KNN,kNN,uncalibrated,4.779,1.180265,0.23579536685138336,0.01275911248916454,3.0,0.16582033619512798,0.00515223099199325,3.0,0.6236405723459145
AC,c_a,KNN,kNN,uncalibrated,4.78,1.18042,0.21706826311066021,0.012454405998841754,3.0,0.1575571371561057,0.005598208693145722,3.0,0.5591207833238048
AC,c_a,KNN,kNN,uncalibrated,4.781,1.1805759999999998,0.19899265246450976,0.012100728427651176,3.0,0.14878665013860776,0.005972079378090087,3.0,0.495514587607701
AC,c_a,KNN,kNN,uncalibrated,4.782,1.180732,0.18175862835741294,0.011705980665301895,3.0,0.1396974798839244,0.006268372077039966,3.0,0.43455195357271553
AC,c_a,KNN,kNN,uncalibrated,4.783,1.1808880000000002,0.16540586409911925,0.011275718702298392,3.0,0.13041643721459223,0.0064868678113418655,3.0,0.3772920528140295
AC,c_a,KNN,kNN,uncalibrated,4.784,1.181044,0.14996393623856857,0.010815502092081833,3.0,0.1210645955142067,0.006629021545542131,3.0,0.3245132031214815
AC,c_a,KNN,kNN,uncalibrated,4.785,1.1812,0.13545246056647717,0.010330841595935497,3.0,0.11175492986777635,0.006697780909388505,3.0,0.276709420837742
AC,c_a,KNN,kNN,uncalibrated,4.786,1.1813559999999999,0.12188137691114917,0.00982714757042939,3.0,0.10259036894367465,0.0066973816602661764,3.0,0.23410748645460638
AC,c_a,KNN,kNN,uncalibrated,4.787,1.181512,0.10925137384797681,0.009309679271347649,3.0,0.0936622929575355,0.006633125925730787,3.0,0.19670080934340053
AC,c_a,KNN,kNN,uncalibrated,4.788,1.1816680000000002,0.09755444181336612,0.008783495794530699,3.0,0.08504949163926559,0.006511150720087489,3.0,0.16429446070629286
AC,c_a,KNN,kNN,uncalibrated,4.789,1.181824,0.08677454051093059,0.00825340969729833,3.0,0.0768175774335065,0.00633819471525289,3.0,0.13655503867412716
AC,c_a,KNN,kNN,uncalibrated,4.79,1.18198,0.07688836402849436,0.007723944445588494,3.0,0.06901883199962047,0.006121371026975829,3.0,0.1130595376013502
AC,c_a,KNN,kNN,uncalibrated,4.791,1.1821380000000001,0.06774078782393664,0.007191151328901806,3.0,0.06158920047577872,0.005863583953108672,3.0,0.09311072752602648
AC,c_a,KNN,kNN,uncalibrated,4.792,1.182296,0.05944571999058888,0.006667393433909372,3.0,0.054673560707662716,0.005575719884620455,3.0,0.07653472881848208
AC,c_a,KNN,kNN,uncalibrated,4.793,1.1824540000000001,0.05196146885221585,0.006156272364803041,3.0,0.04828740507420186,0.005265125645203608,3.0,0.06284957635124827
AC,c_a,KNN,kNN,uncalibrated,4.794,1.182612,0.04524253018840875,0.005660959565512978,3.0,0.04243512681301431,0.004938767134595766,3.0,0.05160840666122334
AC,c_a,KNN,kNN,uncalibrated,4.795,1.18277,0.039240601816548364,0.005184183822547634,3.0,0.03711138653133199,0.004603103647276414,3.0,0.04241005133371724
AC,c_a,KNN,kNN,uncalibrated,4.796,1.1829280000000002,0.03390556438221948,0.004728226228444153,3.0,0.032302580344889045,0.004263992973744003,3.0,0.034903397198424446
AC,c_a,KNN,kNN,uncalibrated,4.797,1.183086,0.02918640679232769,0.004294922407108635,3.0,0.027988343320501118,0.003926626289352532,3.0,0.02878729885396772
AC,c_a,KNN,kNN,uncalibrated,4.798,1.1832440000000002,0.025032077590711826,0.0038856717107456674,3.0,0.024143029328658305,0.0035954908775488563,3.0,0.023807616783022463
AC,c_a,KNN,kNN,uncalibrated,4.799,1.183402,0.02139224712368536,0.0035014530154633175,3.0,0.020737117789210537,0.00327435802229478,3.0,0.019752634733592556
AC,c_a,KNN,kNN,uncalibrated,4.8,1.18356,0.018217969372028738,0.003142846647085612,3.0,0.017738508336947456,0.0029662929127833985,3.0,0.01644777465715839
AC,c_a,KNN,kNN,uncalibrated,4.801,1.183718,0.015462236599914771,0.002810061849013759,3.0,0.015113675375880854,0.0026736831014017343,3.0,0.013750229093392378
AC,c_a,KNN,kNN,uncalibrated,4.802,1.183876,0.013080424238286058,0.002502969061975696,3.0,0.01282866513089324,0.002398281915031701,3.0,0.011543892078805075
AC,c_a,KNN,kNN,uncalibrated,4.803,1.184034,0.011030627440899976,0.0022211361346535187,3.0,0.01084992756209413,0.0021412632178882908,3.0,0.009734793508707169
AC,c_a,KNN,kNN,uncalibrated,4.804,1.1841920000000001,0.009273894317229664,0.001963867445097077,3.0,0.009144983947587743,0.0019032840439204414,3.0,0.0082471210535895
AC,c_a,KNN,kNN,uncalibrated,4.805,1.18435,0.007774363798323178,0.0017302448077300113,3.0,0.007682937793315969,0.0016845518433622364,3.0,0.0070198368359821834
AC,c_a,KNN,kNN,uncalibrated,4.806,1.1845080000000001,0.006499318330174081,0.0015191689882658446,3.0,0.006434841881697481,0.001484893405521467,3.0,0.006003851464525251
AC,c_a,KNN,kNN,uncalibrated,4.807,1.1846660000000002,0.005419163075590067,0.001329400660136681,3.0,0.005373937749712584,0.0013038229094594711,3.0,0.005159695630497759
AC,c_a,KNN,kNN,uncalibrated,4.808,1.184824,0.004507344059438314,0.0011595997132196967,3.0,0.00447578582872458,0.0011406069934959072,3.0,0.004455621426513127
AC,c_a,KNN,kNN,uncalibrated,4.809,1.1849820000000002,0.0037402177810783362,0.001008361962084758,3.0,0.0037183050968847917,0.0009943251985822011,3.0,0.0038660661192094934
AC,c_a,KNN,kNN,uncalibrated,4.81,1.18514,0.0030968843438702095,0.0008742524831516443,3.0,0.0030817406477747404,0.0008639246041398809,3.0,0.0033704163685880336
AC,c_a,KNN,kNN,uncalibrated,4.811,1.1853010000000002,0.002548274053599481,0.0007533817207899623,3.0,0.002537940605012297,0.0007458665663941197,3.0,0.002944844690371077
AC,c_a,KNN,kNN,uncalibrated,4.812,1.1854620000000002,0.0020926994159104675,0.0006474023632582687,3.0,0.0020856797385783166,0.0006419563889613523,3.0,0.002585225174833262
AC,c_a,KNN,kNN,uncalibrated,4.813,1.185623,0.0017154364227010064,0.000554853202171355,3.0,0.0017106880189367382,0.0005509218599301025,3.0,0.002280047986708132
AC,c_a,KNN,kNN,uncalibrated,4.814,1.1857840000000002,0.0014038353558741314,0.0004743409035135131,3.0,0.0014006362156148144,0.00047151310104401323,3.0,0.0020199792191905237
AC,c_a,KNN,kNN,uncalibrated,4.815,1.185945,0.0011470891861322758,0.0004045533214173591,3.0,0.0011449420170082103,0.0004025260417064141,3.0,0.0017974264372109276
AC,c_a,KNN,kNN,uncalibrated,4.816,1.1861059999999999,0.0009360133737475111,0.00034426854272525894,3.0,0.0009345774422676589,0.00034281961866994596,3.0,0.001606193988670525
AC,c_a,KNN,kNN,uncalibrated,4.817,1.186267,0.0007628403792546077,0.00029236016591779884,3.0,0.0007618833677537722,0.00029132751648213356,3.0,0.0014412092704570577
AC,c_a,KNN,kNN,uncalibrated,4.818,1.1864279999999998,0.000621030944257692,0.00024779936832881573,3.0,0.0006203951863703594,0.0002470652937733627,3.0,0.0012983050374618507
AC,c_a,KNN,kNN,uncalibrated,4.819,1.186589,0.0005074498329982366,0.00021113276660106008,9.0,0.0005070270979296888,0.00021060478181538726,9.0,0.0011740459748553053
AC,c_a,KNN,kNN,uncalibrated,4.82,1.18675,0.00041175619917514816,0.00017980631436009939,9.0,0.00041147930758722584,0.00017942939594885966,9.0,0.0010655902485320857
AC,c_a,KNN,kNN,uncalibrated,4.821,1.1869159999999999,0.0003312869681352677,0.00015193291497027372,9.0,0.00033110915766831894,0.00015166772753566078,9.0,0.0009678844262874812
AC,c_a,KNN,kNN,uncalibrated,4.822,1.187082,0.00026632497309784234,0.00012815097742407866,9.0,0.0002662113324064766,0.00012796478295960993,9.0,0.0008823138952435679
AC,c_a,KNN,kNN,uncalibrated,4.823,1.187248,0.0002139516512017543,0.00010791622166367223,9.0,0.00021387938480018276,0.00010778572626035647,9.0,0.0008070941194214777
AC,c_a,KNN,kNN,uncalibrated,4.824,1.187414,0.0001717773075574995,9.074330706080617e-05,9.0,0.0001717315970690815,9.065199282302042e-05,9.0,0.0007407358359443072
AC,c_a,KNN,kNN,uncalibrated,4.825,1.1875799999999999,0.0001378509599880989,7.620271286662601e-05,9.0,0.00013782221483270448,7.61389025863254e-05,9.0,0.0006819916666617238
AC,c_a,KNN,kNN,uncalibrated,4.826,1.187746,0.00011058401668418975,6.39168950133255e-05,9.0,0.00011056605694798657,6.387235610221346e-05,9.0,0.0006298130712592209
AC,c_a,KNN,kNN,uncalibrated,4.827,1.1879119999999999,8.868607687335645e-05,5.3556021879471684e-05,9.0,8.867493805696388e-05,5.352496432621566e-05,9.0,0.000583315527560719
AC,c_a,KNN,kNN,uncalibrated,4.828,1.188078,7.111124146939857e-05,4.483352964329108e-05,9.0,7.110439190058685e-05,4.481189002325034e-05,9.0,0.0005417502754167036
AC,c_a,KNN,kNN,uncalibrated,4.829,1.1882439999999999,5.701344879209457e-05,3.750168127332238e-05,9.0,5.700927949964859e-05,3.7486613220643806e-05,9.0,0.0005044813121994248
AC,c_a,KNN,kNN,uncalibrated,4.83,1.18841,4.5709494936454334e-05,3.1347263855180594e-05,9.0,4.570698855985465e-05,3.133677677478941e-05,9.0,0.00047096660269193294
AC,c_a,KNN,kNN,uncalibrated,4.831,1.188561,3.752901965776155e-05,2.6696662149357195e-05,9.0,3.7527448535110456e-05,2.6689077795449344e-05,9.0,0.00044325787501638223
AC,c_a,KNN,kNN,uncalibrated,4.832,1.188712,3.0818702564670424e-05,2.2727400814801753e-05,9.0,3.0817732606639836e-05,2.2721916386266066e-05,9.0,0.00041797950615988605
AC,c_a,KNN,kNN,uncalibrated,4.833,1.188863,2.531440241076741e-05,1.9342209353626014e-05,9.0,2.5313815425278793e-05,1.9338243574584646e-05,9.0,0.00039486796115491073
AC,c_a,KNN,kNN,uncalibrated,4.834,1.189014,2.079913937121767e-05,1.6457047370012354e-05,9.0,2.0798793711640506e-05,1.645417961287162e-05,9.0,0.0003736928539991989
AC,c_a,KNN,kNN,uncalibrated,4.835,1.189165,1.7094795755891566e-05,1.3999463646607224e-05,9.0,1.7094600105189224e-05,1.3997389677253832e-05,9.0,0.000354252278359843
AC,c_a,KNN,kNN,uncalibrated,4.836,1.189316,1.4055239216417966e-05,1.1907121248556542e-05,9.0,1.4055135186029512e-05,1.1905621097670145e-05,9.0,0.0003363688581120198
AC,c_a,KNN,kNN,uncalibrated,4.837,1.189467,1.1560635394266974e-05,1.012648099055523e-05,9.0,1.1560586018822936e-05,1.0125395654985166e-05,9.0,0.00031988639822445604
AC,c_a,KNN,kNN,uncalibrated,4.838,1.189618,9.512752135725309e-06,8.611633383510648e-06,9.0,9.512734298093114e-06,8.610847947305245e-06,9.0,0.0003046670375965238
AC,c_a,KNN,kNN,uncalibrated,4.839,1.189769,7.83108828750357e-06,7.3232678463030755e-06,9.0,7.831087754755435e-06,7.322699262485583e-06,9.0,0.0002905888226242261
AC,c_a,KNN,kNN,uncalibrated,4.84,1.18992,6.449686505964079e-06,6.227767356690725e-06,9.0,6.449694693359362e-06,6.227355608743491e-06,9.0,0.00027754363428500754
AC,c_a,KNN,kNN,uncalibrated,4.841,1.1900860000000002,5.188664449507752e-06,5.1941706069175735e-06,9.0,5.188676664349653e-06,5.1938836781362146e-06,9.0,0.0002643403706979439
AC,c_a,KNN,kNN,uncalibrated,4.842,1.190252,4.176150959543402e-06,4.332484491409101e-06,9.0,4.176163810037321e-06,4.332284451804162e-06,9.0,0.0002521505242385118
AC,c_a,KNN,kNN,uncalibrated,4.843,1.1904180000000002,3.3628483789702154e-06,3.6141944017409425e-06,9.0,3.3628602324290783e-06,3.614054869742866e-06,9.0,0.00024087488186565285
AC,c_a,KNN,kNN,uncalibrated,4.844,1.190584,2.709281201610849e-06,3.015467104077421e-06,9.0,2.7092914032368447e-06,3.015369725858429e-06,9.0,0.00023042570087240368
AC,c_a,KNN,kNN,uncalibrated,4.845,1.19075,2.1838369533477518e-06,2.516398959412396e-06,9.0,2.1838453664201213e-06,2.516330962067515e-06,9.0,0.0002207252025944106
AC,c_a,KNN,kNN,uncalibrated,4.846,1.190916,1.7611965041840787e-06,2.1003799227981613e-06,9.0,1.761203245267654e-06,2.1003324140052254e-06,9.0,0.00021170428529345006
AC,c_a,KNN,kNN,uncalibrated,4.847,1.1910820000000002,1.4210771297502202e-06,1.7535568598851144e-06,9.0,1.4210824207753596e-06,1.753523646296206e-06,9.0,0.00020330142149724677
AC,c_a,KNN,kNN,uncalibrated,4.848,1.191248,1.147226478029506e-06,1.4643816763831436e-06,9.0,1.1472305673097966e-06,1.464358442411017e-06,9.0,0.00019546171098580516
AC,c_a,KNN,kNN,uncalibrated,4.849,1.1914140000000002,9.266176685431445e-07,1.223231615313606e-06,9.0,9.266207916155036e-07,1.223215352284525e-06,9.0,0.00018813606545390772
AC,c_a,KNN,kNN,uncalibrated,4.85,1.19158,7.488054304766921e-07,1.0220907378897824e-06,9.0,7.488077932900818e-07,1.0220793471288124e-06,9.0,0.0001812805048535241
AC,c_a,KNN,kNN,uncalibrated,4.851,1.1917380000000002,6.132473982925884e-07,8.631330166587535e-07,9.0,6.132492002233457e-07,8.63124868023691e-07,9.0,0.0001751379860495199
AC,c_a,KNN,kNN,uncalibrated,4.852,1.191896,5.02479843628613e-07,7.291015474472909e-07,9.0,5.024812103441674e-07,7.290957147564786e-07,9.0,0.00016935656722002175
AC,c_a,KNN,kNN,uncalibrated,4.853,1.192054,4.1192033990604437e-07,6.160596921433002e-07,9.0,4.119213718024722e-07,6.160555147656481e-07,9.0,0.00016390836094837768
AC,c_a,KNN,kNN,uncalibrated,4.854,1.192212,3.378425534052598e-07,5.206955542893292e-07,9.0,3.3784332950956604e-07,5.206925607343797e-07,9.0,0.00015876807227170562
AC,c_a,KNN,kNN,uncalibrated,4.855,1.1923700000000002,2.77214714392446e-07,4.4022273477571386e-07,9.0,2.77215296199766e-07,4.402205883452754e-07,9.0,0.00015391272108718164
AC,c_a,KNN,kNN,uncalibrated,4.856,1.192528,2.275688572357342e-07,3.7229677409081396e-07,9.0,2.2756929216358508e-07,3.722952342021841e-07,9.0,0.0001493213978803103
AC,c_a,KNN,kNN,uncalibrated,4.857,1.1926860000000001,1.8689485142589994e-07,3.149448343474464e-07,9.0,1.8689517576763063e-07,3.149437289942872e-07,9.0,0.000144975048375395
AC,c_a,KNN,kNN,uncalibrated,4.858,1.192844,1.535545691795531e-07,2.6650654660292016e-07,9.0,1.5355481054592065e-07,2.6650575273550276e-07,9.0,0.0001408562833384842
AC,c_a,KNN,kNN,uncalibrated,4.859,1.193002,1.2621228518907866e-07,2.2558428169995116e-07,9.0,1.2621246447963586e-07,2.2558371123934787e-07,9.0,0.00013694921029610646
AC,c_a,KNN,kNN,uncalibrated,4.86,1.19316,1.0377822886259778e-07,1.9100132880516663e-07,9.0,1.0377836182999078e-07,1.9100091866775885e-07,9.0,0.00013323928438569327
AC,c_a,KNN,kNN,uncalibrated,4.861,1.1933159999999998,8.564058065241766e-08,1.6217691120212634e-07,9.0,8.564067956030715e-08,1.6217661468462233e-07,9.0,0.0001297540286965738
AC,c_a,KNN,kNN,uncalibrated,4.862,1.1934719999999999,7.069798736446067e-08,1.3774041397776833e-07,9.0,7.069806085002739e-08,1.3774019950053297e-07,9.0,0.00012643651547035036
AC,c_a,KNN,kNN,uncalibrated,4.863,1.1936280000000001,5.838222664190772e-08,1.170177438728672e-07,9.0,5.838228118232928e-08,1.1701758866390831e-07,9.0,0.00012327589444293747
AC,c_a,KNN,kNN,uncalibrated,4.864,1.193784,4.8227230130172724e-08,9.943930941589349e-08,9.0,4.82272705721382e-08,9.943919704553094e-08,9.0,0.00012026217260587787
AC,c_a,KNN,kNN,uncalibrated,4.865,1.19394,3.9850504452336735e-08,8.452368694076223e-08,9.0,3.9850534415563e-08,8.452360554892789e-08,9.0,0.00011738613540057903
AC,c_a,KNN,kNN,uncalibrated,4.866,1.1940959999999998,3.293796309418739e-08,7.18638560116312e-08,9.0,3.293798527753074e-08,7.186379703247243e-08,9.0,0.00011463927609975525
AC,c_a,KNN,kNN,uncalibrated,4.867,1.1942519999999999,2.7231563812561596e-08,6.111559327078793e-08,9.0,2.7231580225340966e-08,6.111555051453835e-08,9.0,0.00011201373243357055
AC,c_a,KNN,kNN,uncalibrated,4.868,1.1944080000000001,2.2519188725825846e-08,5.198769745312838e-08,9.0,2.2519200862072522e-08,5.1987666444784864e-08,9.0,0.00010950222963666088
AC,c_a,KNN,kNN,uncalibrated,4.869,1.194564,1.862638010376145e-08,4.423374634175685e-08,9.0,1.8626389073103952e-08,4.4233723844469473e-08,9.0,0.00010709802919436983
AC,c_a,KNN,kNN,uncalibrated,4.87,1.19472,1.5409586716342908e-08,3.7645139458108715e-08,9.0,1.5409593342082418e-08,3.764512312950398e-08,9.0,0.00010479488265521269
AC,c_a,KNN,kNN,uncalibrated,4.871,1.194878,1.2708298267860431e-08,3.1965668736082904e-08,9.0,1.2708303138215287e-08,3.1965656939325365e-08,9.0,0.00010256050933249516
AC,c_a,KNN,kNN,uncalibrated,4.872,1.195036,1.048197310305734e-08,2.714934986410826e-08,9.0,1.0481976681692771e-08,2.7149341338240704e-08,9.0,0.0001004179992569283
AC,c_a,KNN,kNN,uncalibrated,4.873,1.195194,8.64665349091248e-09,2.3063923441449146e-08,9.0,8.646656119499283e-09,2.306391727732012e-08,9.0,9.83621621168772e-05
AC,c_a,KNN,kNN,uncalibrated,4.874,1.195352,7.133324887971412e-09,1.9597580083950663e-08,9.0,7.133326818120622e-09,1.9597575625776107e-08,9.0,9.638817023218844e-05
AC,c_a,KNN,kNN,uncalibrated,4.875,1.19551,5.885249635035658e-09,1.665576407763993e-08,9.0,5.885251051927924e-09,1.6655760852194567e-08,9.0,9.449152885274235e-05
AC,c_a,KNN,kNN,uncalibrated,4.876,1.195668,4.855744654566281e-09,1.4158490533297164e-08,9.0,4.855745694420932e-09,1.4158488198953455e-08,9.0,9.2668049221982e-05
AC,c_a,KNN,kNN,uncalibrated,4.877,1.1958259999999998,4.006399411606359e-09,1.2038073280952032e-08,9.0,4.006400174579497e-09,1.2038071590987149e-08,9.0,9.091382411868887e-05
AC,c_a,KNN,kNN,uncalibrated,4.878,1.195984,3.3055922644551217e-09,1.0237223882854714e-08,9.0,3.30559282415679e-09,1.0237222659016823e-08,9.0,8.92252056230428e-05
AC,c_a,KNN,kNN,uncalibrated,4.879,1.1961419999999998,2.727276993403497e-09,8.70743026332966e-09,9.0,2.7272774039133196e-09,8.70742937678848e-09,9.0,8.759878488146184e-05
AC,c_a,KNN,kNN,uncalibrated,4.88,1.1963,2.2500018588599026e-09,7.4076084905270045e-09,9.0,2.2500021598956578e-09,7.407607848137291e-09,9.0,8.603137366984786e-05
AC,c_a,KNN,kNN,uncalibrated,4.881,1.196467,1.8272842063157738e-09,6.23396318189274e-09,9.0,1.8272844225385327e-09,6.233962726511458e-09,9.0,8.443608459068243e-05
AC,c_a,KNN,kNN,uncalibrated,4.882,1.196634,1.4835142301309456e-09,5.247356189504227e-09,9.0,1.4835143854104656e-09,5.247355866589054e-09,9.0,8.289924911977928e-05
AC,c_a,KNN,kNN,uncalibrated,4.883,1.196801,1.2039832212874939e-09,4.417780173616678e-09,9.0,1.203983332784574e-09,4.4177799445648605e-09,9.0,8.141782333129906e-05
AC,c_a,KNN,kNN,uncalibrated,4.884,1.196968,9.767188232378298e-10,3.7200812489605047e-09,9.0,9.76718903286965e-10,3.7200810864404366e-09,9.0,7.99889619996482e-05
AC,c_a,KNN,kNN,uncalibrated,4.885,1.1971349999999998,7.919832486325644e-10,3.133160428552055e-09,9.0,7.919833060970269e-10,3.1331603132057346e-09,9.0,7.861000334230818e-05
AC,c_a,KNN,kNN,uncalibrated,4.886,1.1973019999999999,6.418500010038985e-10,2.639321718998662e-09,9.0,6.418500422513916e-10,2.6393216371106877e-09,9.0,7.727845509726707e-05
AC,c_a,KNN,kNN,uncalibrated,4.887,1.197469,5.198715852882986e-10,2.2237132503180337e-09,9.0,5.198716148926651e-10,2.22371319216773e-09,9.0,7.599198180466288e-05
AC,c_a,KNN,kNN,uncalibrated,4.888,1.197636,4.2080010189550016e-10,1.873869717029324e-09,9.0,4.2080012314155726e-10,1.8738696757250016e-09,9.0,7.474839317622896e-05
AC,c_a,KNN,kNN,uncalibrated,4.889,1.197803,3.4036009521953225e-10,1.5793293968487446e-09,9.0,3.403601104660457e-10,1.5793293675028216e-09,9.0,7.354563344857428e-05
AC,c_a,KNN,kNN,uncalibrated,4.89,1.19797,2.7507746837285875e-10,1.3312983256545925e-09,9.0,2.7507747931328726e-10,1.3312983047998673e-09,9.0,7.238177162724785e-05
AC,c_a,KNN,kNN,uncalibrated,4.891,1.198137,2.2211667522086697e-10,1.1223945311189138e-09,9.0,2.2211668307095243e-10,1.1223945162950127e-09,9.0,7.125499253823675e-05
AC,c_a,KNN,kNN,uncalibrated,4.892,1.198304,1.791774696935514e-10,9.4641422952523e-10,9.0,1.7917747532594495e-10,9.464142189857598e-10,9.0,7.016358861215512e-05
AC,c_a,KNN,kNN,uncalibrated,4.893,1.1984709999999998,1.4438031847139603e-10,7.981422896121241e-10,9.0,1.4438032251244246e-10,7.981422821171486e-10,9.0,6.910595233399948e-05
AC,c_a,KNN,kNN,uncalibrated,4.894,1.198638,1.1620538808959494e-10,6.731951057996827e-10,9.0,1.1620539098878967e-10,6.731951004686167e-10,9.0,6.80805692981207e-05
AC,c_a,KNN,kNN,uncalibrated,4.895,1.198805,9.34031843399039e-11,5.67884818779091e-10,9.0,9.340318641982836e-11,5.678848149864095e-10,9.0,6.708601181414496e-05
AC,c_a,KNN,kNN,uncalibrated,4.896,1.198972,7.496415684551265e-11,4.791127890543995e-10,9.0,7.496415833764391e-11,4.791127863556287e-10,9.0,6.612093301484945e-05
AC,c_a,KNN,kNN,uncalibrated,4.897,1.199139,6.007004663104153e-11,4.042694713252793e-10,9.0,6.007004770146463e-11,4.04269469404535e-10,9.0,6.518406142193411e-05
AC,c_a,KNN,kNN,uncalibrated,4.898,1.199306,4.8049674581778624e-11,3.4115860101236356e-10,9.0,4.804967534965954e-11,3.411585996450973e-10,9.0,6.427419592978448e-05
AC,c_a,KNN,kNN,uncalibrated,4.899,1.199473,3.835500997480533e-11,2.8793618441182263e-10,9.0,3.83550105256507e-11,2.879361834383639e-10,9.0,6.339020117123226e-05
AC,c_a,KNN,kNN,uncalibrated,4.9,1.19964,3.0549599491688637e-11,2.430444216492783e-10,9.0,3.0549599886834806e-11,2.430444209560801e-10,9.0,6.253100323271191e-05
AC,c_a,KNN,kNN,uncalibrated,4.901,1.199805,2.438116346981936e-11,2.0566465243389926e-10,9.0,2.4381163754583213e-11,2.0566465193778965e-10,9.0,6.170662753353074e-05
AC,c_a,KNN,kNN,uncalibrated,4.902,1.19997,1.9408252577465888e-11,1.7405298808306103e-10,9.0,1.940825278268221e-11,1.7405298772794632e-10,9.0,6.090463140935869e-05
AC,c_a,KNN,kNN,uncalibrated,4.903,1.200135,1.540697184661167e-11,1.4731436001204046e-10,9.0,1.5406971994498924e-11,1.4731435975781115e-10,9.0,6.012412988010506e-05
AC,c_a,KNN,kNN,uncalibrated,4.904,1.2003,1.2187929571267874e-11,1.2469659548157354e-10,9.0,1.218792967784388e-11,1.2469659529954024e-10,9.0,5.9364283186681356e-05
AC,c_a,KNN,kNN,uncalibrated,4.905,1.2004650000000001,9.60669807622079e-12,1.0556108245797064e-10,9.0,9.60669815302451e-12,1.0556108232761242e-10,9.0,5.862429402358551e-05
AC,c_a,KNN,kNN,uncalibrated,4.906,1.2006299999999999,7.539919250845331e-12,8.936977804042226e-11,9.0,7.539919306193795e-12,8.936977794705718e-11,9.0,5.7903404966127815e-05
AC,c_a,KNN,kNN,uncalibrated,4.907,1.200795,5.886747839393244e-12,7.567038668726236e-11,9.0,5.886747879281341e-12,7.567038662038171e-11,9.0,5.720089607690873e-05
AC,c_a,KNN,kNN,uncalibrated,4.908,1.20096,4.571725685301467e-12,6.407556262740694e-11,9.0,4.571725714047014e-12,6.407556257949208e-11,9.0,5.6516082677565897e-05
AC,c_a,KNN,kNN,uncalibrated,4.909,1.201125,3.524933410845975e-12,5.426228088220706e-11,9.0,3.5249334315621255e-12,5.4262280847875127e-11,9.0,5.584831327293083e-05
AC,c_a,KNN,kNN,uncalibrated,4.91,1.20129,2.6950417057249412e-12,4.595612940257712e-11,9.0,2.695041720654821e-12,4.5956129377974336e-11,9.0,5.519696761591923e-05
AC,c_a,KNN,kNN,uncalibrated,4.911,1.201455,2.0415644376007082e-12,3.892469196092263e-11,9.0,2.041564448360454e-12,3.8924691943289564e-11,9.0,5.4561454902423884e-05
AC,c_a,KNN,kNN,uncalibrated,4.912,1.20162,1.5266800092189018e-12,3.297106936068433e-11,9.0,1.526680016973426e-12,3.29710693480451e-11,9.0,5.394121208639229e-05
AC,c_a,KNN,kNN,uncalibrated,4.913,1.201785,1.1240761352215661e-12,2.7930142689865825e-11,9.0,1.1240761408101987e-12,2.793014268080524e-11,9.0,5.3335702306104734e-05
AC,c_a,KNN,kNN,uncalibrated,4.914,1.20195,8.110179154608081e-13,2.366262225483861e-11,9.0,8.110179194886769e-13,2.3662622248342322e-11,9.0,5.274441341339714e-05
AC,c_a,KNN,kNN,uncalibrated,4.915,1.202115,5.702598857900799e-13,2.0048394421025243e-11,9.0,5.70259888693025e-13,2.0048394416367014e-11,9.0,5.2166856598251425e-05
AC,c_a,KNN,kNN,uncalibrated,4.916,1.20228,3.8084350278808356e-13,1.6987681071380837e-11,9.0,3.8084350488058717e-13,1.6987681068040232e-11,9.0,5.160256510181103e-05
AC,c_a,KNN,kNN,uncalibrated,4.917,1.202445,2.4068401441921173e-13,1.4394901778504557e-11,9.0,2.406840159273478e-13,1.4394901776108627e-11,9.0,5.10510930114145e-05
AC,c_a,KNN,kNN,uncalibrated,4.918,1.2026100000000002,1.3404092541934768e-13,1.2199006977102049e-11,9.0,1.3404092650641487e-13,1.2199006975383416e-11,9.0,5.051201413177042e-05
AC,c_a,KNN,kNN,uncalibrated,4.919,1.202775,5.425289768647453e-14,1.0338085667050596e-11,9.0,5.4252898470011675e-14,1.0338085665817763e-11,9.0,4.998492092686153e-05
AC,c_a,KNN,kNN,uncalibrated,4.92,1.2029400000000001,-9.621938526841758e-16,8.761122936042916e-12,9.0,-9.621932880106231e-16,8.761122935158504e-12,9.0,4.946942352757096e-05
AC,c_a,KNN,kNN,uncalibrated,4.921,1.203105,-4.3496071349614114e-14,7.425506938427486e-12,9.0,-4.3496070942533816e-14,7.42550693779292e-12,9.0,4.8965148800467055e-05
AC,c_a,KNN,kNN,uncalibrated,4.922,1.20327,-7.07705502076272e-14,6.295421467809051e-12,9.0,-7.077054991416065e-14,6.295421467353635e-12,9.0,4.8471739473459134e-05
AC,c_a,KNN,kNN,uncalibrated,4.923,1.203435,-8.804068606430778e-14,5.336520027549277e-12,9.0,-8.804068585277491e-14,5.33652002722244e-12,9.0,4.798885331444445e-05
AC,c_a,KNN,kNN,uncalibrated,4.924,1.2036000000000002,-9.888386421244833e-14,4.524222940469634e-12,9.0,-9.88838640599462e-14,4.5242229402350375e-12,9.0,4.751616235930646e-05
AC,c_a,KNN,kNN,uncalibrated,4.925,1.203765,-1.0418826306530039e-13,3.835264194759229e-12,9.0,-1.0418826295537786e-13,3.83526419459086e-12,9.0,4.7053352185933355e-05
AC,c_a,KNN,kNN,uncalibrated,4.926,1.2039300000000002,-1.0527381443646555e-13,3.2510843345542883e-12,9.0,-1.0527381435723393e-13,3.251084334433444e-12,9.0,4.6600121231144245e-05
AC,c_a,KNN,kNN,uncalibrated,4.927,1.204095,-1.0519979954606958e-13,2.756932370527103e-12,9.0,-1.0519979948892666e-13,2.7569323704403367e-12,9.0,4.615618014769159e-05
AC,c_a,KNN,kNN,uncalibrated,4.928,1.20426,-1.0161007841719403e-13,2.339337827043593e-12,9.0,-1.0161007837597091e-13,2.3393378269812534e-12,9.0,4.572125119864822e-05
AC,c_a,KNN,kNN,uncalibrated,4.929,1.204425,-9.562720988407996e-14,1.982524312506096e-12,9.0,-9.562720985437961e-14,1.9825243124613576e-12,9.0,4.5295067686763765e-05
AC,c_a,KNN,kNN,uncalibrated,4.93,1.20459,-8.855878995233857e-14,1.6807647201079354e-12,9.0,-8.855878993093386e-14,1.6807647200758147e-12,9.0,4.4877373416474965e-05
AC,c_a,SVM,SVM (RBF),uncalibrated,4.67,1.16367,0.0033741070712776117,0.0027254522160483083,4.0,9.55948804447868e-05,0.000105665668554548,4.0,0.00015612249628499996
AC,c_a,SVM,SVM (RBF),uncalibrated,4.671,1.1638186666666668,0.0034938221707212875,0.0027222817609877784,4.0,9.924344302852971e-05,0.00010638468926122324,4.0,0.00015929363496111707
AC,c_a,SVM,SVM (RBF),uncalibrated,4.672,1.1639673333333334,0.0036188690883444917,0.0027194284808505485,4.0,0.00010307942608866105,0.00010715436927655863,4.0,0.0001625882694513525
AC,c_a,SVM,SVM (RBF),uncalibrated,4.673,1.164116,0.003749598150410088,0.0027169405927562405,4.0,0.00010711637323109613,0.00010797939113658996,4.0,0.00016601333174825927
AC,c_a,SVM,SVM (RBF),uncalibrated,4.674,1.1642646666666667,0.003886389126779118,0.0027148709864755045,4.0,0.00011136907851162363,0.00010886488760458122,4.0,0.0001695762591739924
AC,c_a,SVM,SVM (RBF),uncalibrated,4.675,1.1644133333333333,0.004029654168911155,0.002713277568033141,4.0,0.00011585372569357778,0.00010981648509637956,4.0,0.00017328503934745554
AC,c_a,SVM,SVM (RBF),uncalibrated,4.676,1.164562,0.004179841066921286,0.0027122236117158114,4.0,0.00012058804504230531,0.00011084035106180594,4.0,0.00017714825985582562
AC,c_a,SVM,SVM (RBF),uncalibrated,4.677,1.1647106666666667,0.004337436859599001,0.0027117781168169586,4.0,0.00012559149001557953,0.00011194324561995751,4.0,0.00018117516319531463
AC,c_a,SVM,SVM (RBF),uncalibrated,4.678,1.1648593333333332,0.004502971834298409,0.0027120161643230992,4.0,0.0001308854365363836,0.00011313257775366396,4.0,0.0001853757076226751
AC,c_a,SVM,SVM (RBF),uncalibrated,4.679,1.165008,0.004677023956676413,0.002713019267369478,4.0,0.00013649340790642973,0.00011441646637114949,4.0,0.00018976063464679706
AC,c_a,SVM,SVM (RBF),uncalibrated,4.68,1.1651566666666666,0.004860223773383685,0.0027148757076310777,4.0,0.00014244132884319642,0.00011580380654061209,4.0,0.0001943415439913573
AC,c_a,SVM,SVM (RBF),uncalibrated,4.681,1.1653053333333332,0.0050532598338973965,0.00271768084782052,4.0,0.00014875781260601623,0.00011730434119424864,4.0,0.0001991309769765301
AC,c_a,SVM,SVM (RBF),uncalibrated,4.682,1.165454,0.0052568846806331,0.002721537408078685,4.0,0.00015547448572572696,0.00011892873858004713,4.0,0.00020414250940319322
AC,c_a,SVM,SVM (RBF),uncalibrated,4.683,1.1656026666666666,0.005471921459182523,0.0027265556912195,4.0,0.00016262635547704035,0.00012068867571095264,4.0,0.00020939085518012889
AC,c_a,SVM,SVM (RBF),uncalibrated,4.684,1.1657513333333334,0.005699271202819214,0.0027328537384703386,4.0,0.00017025222594235252,0.000122596928019064,4.0,0.00021489198211682709
AC,c_a,SVM,SVM (RBF),uncalibrated,4.685,1.1659,0.005939920847070727,0.0027405573934805205,4.0,0.00017839516932028048,0.0001246674653642313,4.0,0.00022066324151627314
AC,c_a,SVM,SVM (RBF),uncalibrated,4.686,1.1660486666666665,0.006194952030979354,0.0027498002479177806,4.0,0.0001871030600457489,0.00012691555446943994,4.0,0.00022672351344916856
AC,c_a,SVM,SVM (RBF),uncalibrated,4.687,1.1661973333333333,0.006465550741257978,0.002760723436906259,4.0,0.00019642918032103314,0.00012935786775501007,4.0,0.00023309336987886378
AC,c_a,SVM,SVM (RBF),uncalibrated,4.688,1.1663459999999999,0.006753017853582427,0.002773475246884543,4.0,0.00020643290682562386,0.00013201259841649237,4.0,0.0002397952581435596
AC,c_a,SVM,SVM (RBF),uncalibrated,4.689,1.1664946666666667,0.007058780621220832,0.0027882104922164223,4.0,0.00021718048969066354,0.00013489958143202358,4.0,0.00024685370769721913
AC,c_a,SVM,SVM (RBF),uncalibrated,4.69,1.1666433333333333,0.007384405154496041,0.0028050896101543088,4.0,0.00022874593630647737,0.0001380404199876785,4.0,0.00025429556347433824
AC,c_a,SVM,SVM (RBF),uncalibrated,4.691,1.1667919999999998,0.00773160992459015,0.002824277416693393,4.0,0.00024121201419847034,0.00014145861656832378,4.0,0.0002621502497899229
AC,c_a,SVM,SVM (RBF),uncalibrated,4.692,1.1669406666666666,0.008102280311008216,0.0028459414586824152,4.0,0.0002546713890701616,0.00014517970766714575,4.0,0.00027045006932943454
AC,c_a,SVM,SVM (RBF),uncalibrated,4.693,1.1670893333333332,0.008498484192785507,0.0028702498906002156,4.0,0.00026922791619274263,0.00014923140071107177,4.0,0.0002792305425443914
AC,c_a,SVM,SVM (RBF),uncalibrated,4.694,1.1672379999999998,0.008922488558087813,0.002897368798081155,4.0,0.00028499810563065956,0.00015364371136906412,4.0,0.00028853079367061307
AC,c_a,SVM,SVM (RBF),uncalibrated,4.695,1.1673866666666666,0.009376777073992756,0.002927458885101904,4.0,0.00030211278434533634,0.00015844909889164917,4.0,0.00029839399065541663
AC,c_a,SVM,SVM (RBF),uncalibrated,4.696,1.1675353333333331,0.009864068516630452,0.002960671438371686,4.0,0.00032071898102447623,0.00016368259650643895,4.0,0.00030886784755316475
AC,c_a,SVM,SVM (RBF),uncalibrated,4.697,1.167684,0.010387335909985444,0.0029971434816399374,4.0,0.0003409820625438706,0.00016938193314508572,4.0,0.00032000519946616683
AC,c_a,SVM,SVM (RBF),uncalibrated,4.698,1.1678326666666665,0.010949826157939192,0.003036992035202228,4.0,0.0003630881542750027,0.00017558764187772745,4.0,0.00033186466192190744
AC,c_a,SVM,SVM (RBF),uncalibrated,4.699,1.167981333333333,0.011555079877098804,0.003080307402802416,4.0,0.0003872468799908935,0.0001823431493555109,4.0,0.00034451138875181804
AC,c_a,SVM,SVM (RBF),uncalibrated,4.7,1.16813,0.012206951045967689,0.0031271454204334203,4.0,0.000413694460853201,0.00018969483927735274,4.0,0.00035801794514714287
AC,c_a,SVM,SVM (RBF),uncalibrated,4.701,1.1682819999999998,0.012927979007487133,0.0031789623978131674,4.0,0.00044350387547754445,0.00019795023116958642,4.0,0.0003726344297942711
AC,c_a,SVM,SVM (RBF),uncalibrated,4.702,1.168434,0.013707100188327525,0.0032344511004422016,4.0,0.00047632121824031735,0.00020694208788864363,4.0,0.00038831803187899886
AC,c_a,SVM,SVM (RBF),uncalibrated,4.703,1.168586,0.014549580567121936,0.003293512468378711,4.0,0.0005125121978540228,0.00021673086657786607,4.0,0.0004051761794507494
AC,c_a,SVM,SVM (RBF),uncalibrated,4.704,1.1687379999999998,0.015461103266876983,0.003355964408985507,4.0,0.000552490714495688,0.00022738019131656706,4.0,0.0004233298547337899
AC,c_a,SVM,SVM (RBF),uncalibrated,4.705,1.16889,0.016447778411829192,0.0034215269836080824,4.0,0.0005967252542242823,0.00023895659676865583,4.0,0.0004429156303591895
AC,c_a,SVM,SVM (RBF),uncalibrated,4.706,1.169042,0.017516146814832014,0.0034898067063752836,4.0,0.000645746070668911,0.0002515291425510582,4.0,0.0004640880581742971
AC,c_a,SVM,SVM (RBF),uncalibrated,4.707,1.1691939999999998,0.018673175747895315,0.0035602802870558386,4.0,0.0007001532275350893,0.0002651688686302682,4.0,0.0004870224793935885
AC,c_a,SVM,SVM (RBF),uncalibrated,4.708,1.169346,0.019926244817456022,0.0036322782842697922,4.0,0.0007606255747059357,0.0002799480570899455,4.0,0.0005119183396997773
AC,c_a,SVM,SVM (RBF),uncalibrated,4.709,1.169498,0.021283119751945453,0.003704969297644326,4.0,0.0008279307269389159,0.0002959392602538538,4.0,0.0005390031112487056
AC,c_a,SVM,SVM (RBF),uncalibrated,4.71,1.1696499999999999,0.022751911730799088,0.003777345521505351,4.0,0.0009029361063251915,0.00031321404953843626,4.0,0.0005685369462644419
AC,c_a,SVM,SVM (RBF),uncalibrated,4.711,1.169802,0.0243410197645152,0.0038482107123496796,4.0,0.0009866210965083317,0.00033184143378118636,4.0,0.0006008182151605556
AC,c_a,SVM,SVM (RBF),uncalibrated,4.712,1.169954,0.026059053602658654,0.003916171891814948,4.0,0.0010800903366288538,0.0003518858905011425,4.0,0.0006361901173337739
AC,c_a,SVM,SVM (RBF),uncalibrated,4.713,1.170106,0.027914734732222724,0.003979636420845415,4.0,0.0011845881542686414,0.0003734049491090666,4.0,0.0006750485967830285
AC,c_a,SVM,SVM (RBF),uncalibrated,4.714,1.170258,0.029916773266218204,0.004036816445365549,4.0,0.0013015140972516303,0.00039644626221547135,4.0,0.0007178518498645997
AC,c_a,SVM,SVM (RBF),uncalibrated,4.715,1.17041,0.032141306788581285,0.004173695336548847,7.0,0.0014324394717458724,0.0004210441008686038,4.0,0.0007651317818270876
AC,c_a,SVM,SVM (RBF),uncalibrated,4.716,1.170562,0.034423750922810616,0.004348175316472447,7.0,0.001579124726228002,0.00044721521308365423,4.0,0.0008175078561520992
AC,c_a,SVM,SVM (RBF),uncalibrated,4.717,1.170714,0.03687699061515067,0.004517848844603123,7.0,0.0017435374350516764,0.00047495399408732766,4.0,0.0008757038911631235
AC,c_a,SVM,SVM (RBF),uncalibrated,4.718,1.170866,0.03950839408001514,0.004679601410491461,7.0,0.0019278705292442005,0.0005042269334192674,4.0,0.0009405684982970554
AC,c_a,SVM,SVM (RBF),uncalibrated,4.719,1.1710180000000001,0.04232435051961657,0.004830119730984909,7.0,0.0021345602938117017,0.0005349663310218329,4.0,0.001013100034178421
AC,c_a,SVM,SVM (RBF),uncalibrated,4.72,1.17117,0.04532998633887112,0.004965968059543287,7.0,0.0023663034991508744,0.00056706331485249,4.0,0.0010944771649552523
AC,c_a,SVM,SVM (RBF),uncalibrated,4.721,1.1713200000000001,0.048482447659941766,0.005080918353404647,7.0,0.0026220885456834367,0.00059976106833247,4.0,0.0011851187359850188
AC,c_a,SVM,SVM (RBF),uncalibrated,4.722,1.1714700000000002,0.0518242748074543,0.005174993199912979,7.0,0.002908216631736395,0.0006333998244496844,4.0,0.0012873782397530677
AC,c_a,SVM,SVM (RBF),uncalibrated,4.723,1.17162,0.055354981151536586,0.005245290446281708,7.0,0.0032280868003920237,0.0006677113945150668,4.0,0.0014031632214368665
AC,c_a,SVM,SVM (RBF),uncalibrated,4.724,1.1717700000000002,0.0590717268308637,0.0052893686014382265,7.0,0.0035853814727979036,0.0007023590970532556,4.0,0.001534753505005574
AC,c_a,SVM,SVM (RBF),uncalibrated,4.725,1.17192,0.06296905691345557,0.005305468126396199,7.0,0.003984063372654162,0.0007369311953068928,4.0,0.0016848838868815993
AC,c_a,SVM,SVM (RBF),uncalibrated,4.726,1.17207,0.06703867211745271,0.00529276409082542,7.0,0.004428364421684074,0.0007709357941907772,4.0,0.0018568470955358468
AC,c_a,SVM,SVM (RBF),uncalibrated,4.727,1.17222,0.07126924433997353,0.005251646080547773,7.0,0.004922764805662717,0.000803798117726571,4.0,0.0020546223512744608
AC,c_a,SVM,SVM (RBF),uncalibrated,4.728,1.17237,0.07564628874858466,0.0051840161397150595,7.0,0.005471960332005202,0.0008348613432408668,4.0,0.002283036326323479
AC,c_a,SVM,SVM (RBF),uncalibrated,4.729,1.17252,0.08015210297484061,0.005093586090785884,7.0,0.00608081620710927,0.0008633924627400215,4.0,0.002547965176103037
AC,c_a,SVM,SVM (RBF),uncalibrated,4.73,1.17267,0.08476578203224817,0.004986138459011162,7.0,0.006754305482910463,0.0008885949780993109,4.0,0.0028565886933590275
AC,c_a,SVM,SVM (RBF),uncalibrated,4.731,1.172823,0.08956667794433454,0.004868388251140734,7.0,0.007514692368709728,0.0009103926294424122,4.0,0.003224361873128362
AC,c_a,SVM,SVM (RBF),uncalibrated,4.732,1.172976,0.09442694302192939,0.004751684896383571,7.0,0.008353133093043402,0.0009269697182707996,4.0,0.0036579939279488285
AC,c_a,SVM,SVM (RBF),uncalibrated,4.733,1.1731289999999999,0.09931497170949209,0.004648786152476615,7.0,0.009243992482837329,0.0009416474983385794,80.0,0.004171699468346448
AC,c_a,SVM,SVM (RBF),uncalibrated,4.734,1.173282,0.10419663435726834,0.004573361064686879,7.0,0.010249184323227611,0.0009685652282478672,80.0,0.00478315780239419
AC,c_a,SVM,SVM (RBF),uncalibrated,4.735,1.173435,0.10903574727816083,0.004538258269203793,7.0,0.011347169318346981,0.0009900398780757326,80.0,0.005514422470269203
AC,c_a,SVM,SVM (RBF),uncalibrated,4.736,1.1735879999999999,0.11379461614400191,0.004553276747823225,7.0,0.01253688205314587,0.0010087736044169565,73.0,0.0063930755955171935
AC,c_a,SVM,SVM (RBF),uncalibrated,4.737,1.173741,0.11843463825269528,0.004623040647484705,7.0,0.013829844494507965,0.001021521233897798,73.0,0.007453689743299668
AC,c_a,SVM,SVM (RBF),uncalibrated,4.738,1.173894,0.12268232219259902,0.004981485969777586,3.0,0.01522386149283469,0.0010272209038036833,73.0,0.008739672590760184
AC,c_a,SVM,SVM (RBF),uncalibrated,4.739,1.1740469999999998,0.12695851554057905,0.005399634227698195,3.0,0.016719331415693366,0.0010254467960651708,73.0,0.010305582329470552
AC,c_a,SVM,SVM (RBF),uncalibrated,4.74,1.1742,0.13100191028288544,0.005813467116524678,3.0,0.018320366482299556,0.0010179239828806465,69.0,0.012220012220003695
AC,c_a,SVM,SVM (RBF),uncalibrated,4.741,1.1743549999999998,0.1348310227458492,0.006211085846974633,3.0,0.02003906554341721,0.0010079071078631554,69.0,0.014600334274827072
AC,c_a,SVM,SVM (RBF),uncalibrated,4.742,1.17451,0.1383506160259545,0.006571004751849747,3.0,0.02185324773773209,0.0009913141093831266,69.0,0.01753854541279662
AC,c_a,SVM,SVM (RBF),uncalibrated,4.743,1.174665,0.14152949669378942,0.00688018451369101,3.0,0.023755865486315503,0.0009688712379252099,69.0,0.021175626577257703
AC,c_a,SVM,SVM (RBF),uncalibrated,4.744,1.17482,0.1443400380080367,0.0071280940602860806,3.0,0.02573768905103841,0.0009416665609574931,69.0,0.025687558122408485
AC,c_a,SVM,SVM (RBF),uncalibrated,4.745,1.1749749999999999,0.14675861808690124,0.007306664693029909,3.0,0.027787303880127387,0.0009111402175813754,69.0,0.03129252936787827
AC,c_a,SVM,SVM (RBF),uncalibrated,4.746,1.17513,0.14876596605493864,0.0074102470870317915,3.0,0.029892519684312537,0.0009331015395722145,4.0,0.03825859642479302
AC,c_a,SVM,SVM (RBF),uncalibrated,4.747,1.175285,0.15034740986530493,0.007435555167736359,3.0,0.032025598771948376,0.0010203833607443523,4.0,0.04691112848329908
AC,c_a,SVM,SVM (RBF),uncalibrated,4.748,1.17544,0.15149302275248433,0.007381582471877011,3.0,0.034160632981152156,0.0011201269450318056,3.0,0.05763893583460512
AC,c_a,SVM,SVM (RBF),uncalibrated,4.749,1.175595,0.1521976684049557,0.007249481507269411,3.0,0.036315513161270116,0.0012726334599032806,3.0,0.07089741056540572
AC,c_a,SVM,SVM (RBF),uncalibrated,4.75,1.17575,0.1524609478617138,0.007042401948494982,3.0,0.0384549324592718,0.0014179678196387473,3.0,0.08720639106882132
AC,c_a,SVM,SVM (RBF),uncalibrated,4.751,1.175904,0.1522889912975676,0.006766859578741881,3.0,0.040543673607683156,0.0015499688300690817,3.0,0.10700334291662791
AC,c_a,SVM,SVM (RBF),uncalibrated,4.752,1.176058,0.15169451851992974,0.0064286154208099315,3.0,0.042577534697577704,0.0016651440170574931,3.0,0.130973985154092
AC,c_a,SVM,SVM (RBF),uncalibrated,4.753,1.176212,0.15068986184653854,0.006035308177172524,3.0,0.044536678365691224,0.0017596033391002477,3.0,0.15971098883387108
AC,c_a,SVM,SVM (RBF),uncalibrated,4.754,1.176366,0.14929093657251305,0.0055955530186892755,3.0,0.046401728007080395,0.0018301806917626355,3.0,0.1937558426694827
AC,c_a,SVM,SVM (RBF),uncalibrated,4.755,1.17652,0.1475168362492918,0.005118659674803124,3.0,0.04815416203882526,0.0018745105412566066,3.0,0.23353620697576258
AC,c_a,SVM,SVM (RBF),uncalibrated,4.756,1.176674,0.14538939169785176,0.004614358763913181,3.0,0.049776684092232557,0.0018910872594941586,3.0,0.279293623504077
AC,c_a,SVM,SVM (RBF),uncalibrated,4.757,1.176828,0.14293270660133087,0.004092553840578698,3.0,0.05125355635872038,0.0018792953386791665,3.0,0.3310092854772446
AC,c_a,SVM,SVM (RBF),uncalibrated,4.758,1.176982,0.14025877183248386,0.003674307640336835,80.0,0.05257088525959695,0.0018394041847797828,3.0,0.3883385361297017
AC,c_a,SVM,SVM (RBF),uncalibrated,4.759,1.177136,0.1371775301092882,0.003459662074085092,73.0,0.05371685109407662,0.0017725256050622061,3.0,0.4505659749679436
AC,c_a,SVM,SVM (RBF),uncalibrated,4.76,1.17729,0.1338594575966407,0.0032594783069237496,73.0,0.05468187617058616,0.001680535759195961,3.0,0.5165916531186091
AC,c_a,SVM,SVM (RBF),uncalibrated,4.761,1.177448,0.13022239323549828,0.0030563128467334818,73.0,0.0554797191521056,0.0015628364148798561,3.0,0.586739103268819
AC,c_a,SVM,SVM (RBF),uncalibrated,4.762,1.177606,0.1263884039036596,0.0028574239687194853,73.0,0.05607292907037835,0.0014245650389412908,3.0,0.6574476208848211
AC,c_a,SVM,SVM (RBF),uncalibrated,4.763,1.177764,0.12234930362219372,0.0026943857377786616,69.0,0.056458862249394004,0.0012694442681526429,3.0,0.7265871642247941
AC,c_a,SVM,SVM (RBF),uncalibrated,4.764,1.1779220000000001,0.11821312006259388,0.0025434373521156578,69.0,0.05663744555689974,0.0011014381425009344,3.0,0.7919329310251078
AC,c_a,SVM,SVM (RBF),uncalibrated,4.765,1.17808,0.11396962581793763,0.0023985054903765198,69.0,0.056584140039284025,0.0009947138780790614,5.0,0.8513044255960027
AC,c_a,SVM,SVM (RBF),uncalibrated,4.766,1.1782380000000001,0.10964593151923638,0.002260301972657087,69.0,0.05633686061515733,0.0009212282675880236,16.0,0.9026969788026565
AC,c_a,SVM,SVM (RBF),uncalibrated,4.767,1.1783960000000002,0.10531124292099692,0.0021452005596779514,27.0,0.05589055082563963,0.0008929228673330685,72.0,0.9443933571016201
AC,c_a,SVM,SVM (RBF),uncalibrated,4.768,1.178554,0.10092341186398374,0.0021221899531142026,4.0,0.05527915332923259,0.0008684285566264825,72.0,0.9750478599087188
AC,c_a,SVM,SVM (RBF),uncalibrated,4.769,1.1787120000000002,0.09649584326058486,0.0021527398558765128,4.0,0.05450868260883094,0.0008441695405516856,32.0,0.9937401526407411
AC,c_a,SVM,SVM (RBF),uncalibrated,4.77,1.17887,0.09207874358060238,0.0021734383391287956,4.0,0.05356034798999062,0.0008307216358061546,32.0,1.0
AC,c_a,SVM,SVM (RBF),uncalibrated,4.771,1.1790250000000002,0.08778429955272699,0.002181351145662084,4.0,0.05249444173876937,0.0008167879104006875,27.0,0.9940380439151055
AC,c_a,SVM,SVM (RBF),uncalibrated,4.772,1.1791800000000001,0.08353421907601671,0.0021758614635360644,4.0,0.05128869232929216,0.0008043020006423138,27.0,0.9764700450196748
AC,c_a,SVM,SVM (RBF),uncalibrated,4.773,1.179335,0.07934285737760771,0.0021570879585882077,4.0,0.04996889698467437,0.0008501322417211238,4.0,0.9480388608454116
AC,c_a,SVM,SVM (RBF),uncalibrated,4.774,1.1794900000000001,0.07522303134659224,0.0021258988080171915,4.0,0.048532086319116985,0.0008948846164613374,4.0,0.9098048014262782
AC,c_a,SVM,SVM (RBF),uncalibrated,4.775,1.179645,0.07118610109052624,0.002083587227829507,4.0,0.047001590619954126,0.0009332976432231975,4.0,0.8630921249235696
AC,c_a,SVM,SVM (RBF),uncalibrated,4.776,1.1798,0.06730208165226931,0.0021003068144758766,3.0,0.045390540942004315,0.0009645356799789721,4.0,0.8094285595774418
AC,c_a,SVM,SVM (RBF),uncalibrated,4.777,1.179955,0.06345426459266756,0.0021236214328155313,3.0,0.043711944016103524,0.000988286061642582,4.0,0.7504790328272987
AC,c_a,SVM,SVM (RBF),uncalibrated,4.778,1.18011,0.05971493321213037,0.0021320297469378767,3.0,0.04197857517606193,0.0010045481715371108,4.0,0.6879748915745776
AC,c_a,SVM,SVM (RBF),uncalibrated,4.779,1.180265,0.05609057652412774,0.0021276557855698154,3.0,0.0402028857976284,0.0010134899500111076,4.0,0.6236405723459145
AC,c_a,SVM,SVM (RBF),uncalibrated,4.78,1.18042,0.0525866550419772,0.0021124181597539124,3.0,0.038447948555242806,0.0010201367456520276,3.0,0.5591207833238048
AC,c_a,SVM,SVM (RBF),uncalibrated,4.781,1.1805759999999998,0.04918332086564375,0.0020877275878736093,3.0,0.03660592211344693,0.0010673912010488362,3.0,0.495514587607701
AC,c_a,SVM,SVM (RBF),uncalibrated,4.782,1.180732,0.04591046586877651,0.0020552430477016187,3.0,0.034755407085645465,0.0011058993943202247,3.0,0.43455195357271553
AC,c_a,SVM,SVM (RBF),uncalibrated,4.783,1.1808880000000002,0.04277097165392273,0.0020162524661998687,3.0,0.032907114339108715,0.0011362394381221588,3.0,0.3772920528140295
AC,c_a,SVM,SVM (RBF),uncalibrated,4.784,1.181044,0.03976694118536043,0.0019718486476742727,3.0,0.031071109009709587,0.001158953959012503,3.0,0.3245132031214815
AC,c_a,SVM,SVM (RBF),uncalibrated,4.785,1.1812,0.0368997511354032,0.0019229547214131104,3.0,0.02925677096778726,0.0011745508994470398,3.0,0.276709420837742
AC,c_a,SVM,SVM (RBF),uncalibrated,4.786,1.1813559999999999,0.034170097533153,0.0018703511446731956,3.0,0.027472760530158645,0.0011835084728172788,3.0,0.23410748645460638
AC,c_a,SVM,SVM (RBF),uncalibrated,4.787,1.181512,0.03157803554408529,0.0018147017574185222,3.0,0.0257269889605413,0.0011862820325229274,3.0,0.19670080934340053
AC,c_a,SVM,SVM (RBF),uncalibrated,4.788,1.1816680000000002,0.02912301442409302,0.0017565771566008708,3.0,0.024026593652420734,0.001183311061150866,3.0,0.16429446070629286
AC,c_a,SVM,SVM (RBF),uncalibrated,4.789,1.181824,0.026803908849306068,0.0016964744220051683,3.0,0.02237791820764512,0.0011750250607451323,3.0,0.13655503867412716
AC,c_a,SVM,SVM (RBF),uncalibrated,4.79,1.18198,0.024619047919692702,0.0016348328974776917,3.0,0.020786497890465015,0.0011618477128656718,3.0,0.1130595376013502
AC,c_a,SVM,SVM (RBF),uncalibrated,4.791,1.1821380000000001,0.022537227348829892,0.0015710047127298515,3.0,0.019235195599513033,0.0011438169408556939,3.0,0.09311072752602648
AC,c_a,SVM,SVM (RBF),uncalibrated,4.792,1.182296,0.020588550865786388,0.0015063828375068233,3.0,0.01775176023740547,0.001121625824177106,3.0,0.07653472881848208
AC,c_a,SVM,SVM (RBF),uncalibrated,4.793,1.1824540000000001,0.0187697297781802,0.0014413094634409258,3.0,0.01633939653622348,0.0010957090260775685,3.0,0.06284957635124827
AC,c_a,SVM,SVM (RBF),uncalibrated,4.794,1.182612,0.017077022756834363,0.0013760992314494284,3.0,0.015000462901428275,0.0010664960952199134,3.0,0.05160840666122334
AC,c_a,SVM,SVM (RBF),uncalibrated,4.795,1.18277,0.01550627449062392,0.0013110427915820034,3.0,0.01373649693286938,0.001034409754976443,3.0,0.04241005133371724
AC,c_a,SVM,SVM (RBF),uncalibrated,4.796,1.1829280000000002,0.014052958295016968,0.0012464095307280969,3.0,0.012548250778384656,0.000999864202920771,3.0,0.034903397198424446
AC,c_a,SVM,SVM (RBF),uncalibrated,4.797,1.183086,0.012712222780019386,0.0011824497211756426,3.0,0.011435736133785346,0.0009632635465899306,3.0,0.02878729885396772
AC,c_a,SVM,SVM (RBF),uncalibrated,4.798,1.1832440000000002,0.011478942314678374,0.0011193961893350213,3.0,0.010398278282308177,0.0009250003600362145,3.0,0.023807616783022463
AC,c_a,SVM,SVM (RBF),uncalibrated,4.799,1.183402,0.010347770677173497,0.0010574655072856682,3.0,0.009434578147000067,0.0008854542586773488,3.0,0.019752634733592556
AC,c_a,SVM,SVM (RBF),uncalibrated,4.8,1.18356,0.00931319697852538,0.0009968586737355188,3.0,0.008542780948852857,0.0008449903650762647,3.0,0.01644777465715839
AC,c_a,SVM,SVM (RBF),uncalibrated,4.801,1.183718,0.008369602716732327,0.000937761265310829,3.0,0.0077205497557899135,0.0008039575671086018,3.0,0.013750229093392378
AC,c_a,SVM,SVM (RBF),uncalibrated,4.802,1.183876,0.007511318672472119,0.00088034308531402,3.0,0.006965141998806304,0.0007626865336310242,3.0,0.011543892078805075
AC,c_a,SVM,SVM (RBF),uncalibrated,4.803,1.184034,0.006732680305108737,0.0008247573946751978,3.0,0.006273486937328099,0.0007214875288732923,3.0,0.009734793508707169
AC,c_a,SVM,SVM (RBF),uncalibrated,4.804,1.1841920000000001,0.006028080347544063,0.0007711398609810716,3.0,0.005642262080084337,0.0006806481351876564,3.0,0.0082471210535895
AC,c_a,SVM,SVM (RBF),uncalibrated,4.805,1.18435,0.005392017420941893,0.0007196073941605775,3.0,0.00506796670272199,0.0006404310404175285,3.0,0.0070198368359821834
AC,c_a,SVM,SVM (RBF),uncalibrated,4.806,1.1845080000000001,0.004819139679969452,0.0006702570462935585,3.0,0.00454699083210656,0.0006010720644052845,3.0,0.006003851464525251
AC,c_a,SVM,SVM (RBF),uncalibrated,4.807,1.1846660000000002,0.004304282735574866,0.0006231651387257114,3.0,0.004075678365518587,0.0005627785894108422,3.0,0.005159695630497759
AC,c_a,SVM,SVM (RBF),uncalibrated,4.808,1.184824,0.003842501363658799,0.0005783867470714585,3.0,0.0036503833333550633,0.0005257285268705532,3.0,0.004455621426513127
AC,c_a,SVM,SVM (RBF),uncalibrated,4.809,1.1849820000000002,0.0034290947731835776,0.0005359556308793803,3.0,0.003267518668858105,0.0004900699062011861,3.0,0.0038660661192094934
AC,c_a,SVM,SVM (RBF),uncalibrated,4.81,1.18514,0.0030596254575115988,0.0004958846470778548,3.0,0.0029235971925225908,0.00045592111892836046,3.0,0.0033704163685880336
AC,c_a,SVM,SVM (RBF),uncalibrated,4.811,1.1853010000000002,0.0027231132434345382,0.0004573961474588023,3.0,0.0026088792244929326,0.0004227040080194222,3.0,0.002944844690371077
AC,c_a,SVM,SVM (RBF),uncalibrated,4.812,1.1854620000000002,0.0024239737056372807,0.0004213415585141047,3.0,0.0023278901261393576,0.0003912282818761914,3.0,0.002585225174833262
AC,c_a,SVM,SVM (RBF),uncalibrated,4.813,1.185623,0.0021817292700087327,0.00038778591351560303,9.0,0.002077421712593323,0.00036153045391515437,3.0,0.002280047986708132
AC,c_a,SVM,SVM (RBF),uncalibrated,4.814,1.1857840000000002,0.0019426109315405045,0.00036470132448138603,9.0,0.0018747459575360424,0.00033818220876427553,9.0,0.0020199792191905237
AC,c_a,SVM,SVM (RBF),uncalibrated,4.815,1.185945,0.0017305719574879697,0.000342480839544569,9.0,0.0016733527377267663,0.0003189805703012994,9.0,0.0017974264372109276
AC,c_a,SVM,SVM (RBF),uncalibrated,4.816,1.1861059999999999,0.001542694615227483,0.000321192747711309,9.0,0.0014943453237517123,0.0003003612934187499,9.0,0.001606193988670525
AC,c_a,SVM,SVM (RBF),uncalibrated,4.817,1.186267,0.0013763286677971125,0.00030088953070618336,9.0,0.0013353764234071228,0.00028241329371042,9.0,0.0014412092704570577
AC,c_a,SVM,SVM (RBF),uncalibrated,4.818,1.1864279999999998,0.0012290768825262686,0.00028160773971861233,9.0,0.0011943004660036859,0.00026520704695878413,9.0,0.0012983050374618507
AC,c_a,SVM,SVM (RBF),uncalibrated,4.819,1.186589,0.001098779233563443,0.0002633686359506428,9.0,0.0010691661332459992,0.0002487950671133027,9.0,0.0011740459748553053
AC,c_a,SVM,SVM (RBF),uncalibrated,4.82,1.18675,0.000983496332016352,0.0002461793730727912,9.0,0.0009582068870671225,0.00023321303244029615,9.0,0.0010655902485320857
AC,c_a,SVM,SVM (RBF),uncalibrated,4.821,1.1869159999999999,0.0008779544796606916,0.00022945189304177343,9.0,0.0008564167668524414,0.00021794855487194495,9.0,0.0009678844262874812
AC,c_a,SVM,SVM (RBF),uncalibrated,4.822,1.187082,0.0007849377285871705,0.00021382782392212647,9.0,0.0007665343923646383,0.00020360474247528877,9.0,0.0008823138952435679
AC,c_a,SVM,SVM (RBF),uncalibrated,4.823,1.187248,0.0007029274658203766,0.00019927773271047471,9.0,0.0006871486693465802,0.0001901751145055415,9.0,0.0008070941194214777
AC,c_a,SVM,SVM (RBF),uncalibrated,4.824,1.187414,0.000630581204248174,0.00018576397797583161,9.0,0.0006170053794835534,0.00017764233856179133,9.0,0.0007407358359443072
AC,c_a,SVM,SVM (RBF),uncalibrated,4.825,1.1875799999999999,0.0005667148455267518,0.00017324263704160373,9.0,0.0005549929022908113,0.00016598037889127595,9.0,0.0006819916666617238
AC,c_a,SVM,SVM (RBF),uncalibrated,4.826,1.187746,0.000510286076824389,0.00016166524857556537,9.0,0.0005001284634843749,0.00015515646653186472,9.0,0.0006298130712592209
AC,c_a,SVM,SVM (RBF),uncalibrated,4.827,1.1879119999999999,0.0004603789872137902,0.00015098034428322435,9.0,0.0004515450958406291,0.00014513285579036128,9.0,0.000583315527560719
AC,c_a,SVM,SVM (RBF),uncalibrated,4.828,1.188078,0.0004161899404648499,0.00014113476160337255,9.0,0.0004084794351345935,0.00013586835252301968,9.0,0.0005417502754167036
AC,c_a,SVM,SVM (RBF),uncalibrated,4.829,1.1882439999999999,0.0003770147020882511,0.0001320747422493665,9.0,0.0003702604218671513,0.00012731961487135094,9.0,0.0005044813121994248
AC,c_a,SVM,SVM (RBF),uncalibrated,4.83,1.18841,0.00034223678901682474,0.00012374683004988274,9.0,0.0003362989385138717,0.00011944223746687265,9.0,0.00047096660269193294
AC,c_a,SVM,SVM (RBF),uncalibrated,4.831,1.188561,0.00031465899703764065,0.00011693697450191304,9.0,0.0003093439790769173,0.0001129862964751991,9.0,0.00044325787501638223
AC,c_a,SVM,SVM (RBF),uncalibrated,4.832,1.188712,0.00028982280679245453,0.00011064058749147909,9.0,0.0002850512747845338,0.00010700658225153296,9.0,0.00041797950615988605
AC,c_a,SVM,SVM (RBF),uncalibrated,4.833,1.188863,0.0002674244607421813,0.00010482257069874435,9.0,0.00026312844199019277,0.00010147231126610872,9.0,0.00039486796115491073
AC,c_a,SVM,SVM (RBF),uncalibrated,4.834,1.189014,0.00024719512967267296,9.944915581371283e-05,9.0,0.00024331626971965366,9.635350970545218e-05,9.0,0.0003736928539991989
AC,c_a,SVM,SVM (RBF),uncalibrated,4.835,1.189165,0.00022889693709302376,9.448804266884564e-05,9.0,0.000225385028608977,9.162121428579181e-05,9.0,0.000354252278359843
AC,c_a,SVM,SVM (RBF),uncalibrated,4.836,1.189316,0.00021231940868508077,8.990849232124151e-05,9.0,0.00020913115732633532,8.724762098212046e-05,9.0,0.0003363688581120198
AC,c_a,SVM,SVM (RBF),uncalibrated,4.837,1.189467,0.00019727630869388287,8.568138285751768e-05,9.0,0.0001943742964320488,8.320619005583964e-05,9.0,0.00031988639822445604
AC,c_a,SVM,SVM (RBF),uncalibrated,4.838,1.189618,0.0001836028267429571,8.177923477672263e-05,9.0,0.00018095463986721335,7.947171484563298e-05,9.0,0.0003046670375965238
AC,c_a,SVM,SVM (RBF),uncalibrated,4.839,1.189769,0.0001711530806975828,7.817621183050543e-05,9.0,0.00016873057526073983,7.60203607922447e-05,9.0,0.0002905888226242261
AC,c_a,SVM,SVM (RBF),uncalibrated,4.84,1.18992,0.00015979790342841502,7.484810234990303e-05,9.0,0.00015757658552557115,7.282968028580675e-05,9.0,0.00027754363428500754
AC,c_a,SVM,SVM (RBF),uncalibrated,4.841,1.1900860000000002,0.0001480345265634948,7.132130386319167e-05,9.0,0.00014601763853181208,6.94453637948764e-05,9.0,0.0002643403706979439
AC,c_a,SVM,SVM (RBF),uncalibrated,4.842,1.190252,0.00013737289257433202,6.807383796476681e-05,9.0,0.00013553679689987715,6.632627581623524e-05,9.0,0.0002521505242385118
AC,c_a,SVM,SVM (RBF),uncalibrated,4.843,1.1904180000000002,0.00012769011182496497,6.507925367963403e-05,9.0,0.0001260143754187777,6.344762981608075e-05,9.0,0.00024087488186565285
AC,c_a,SVM,SVM (RBF),uncalibrated,4.844,1.190584,0.00011887847533831704,6.231335846950451e-05,9.0,0.00011734538416003411,6.0786684383667654e-05,9.0,0.00023042570087240368
AC,c_a,SVM,SVM (RBF),uncalibrated,4.845,1.19075,0.00011084349339911273,5.9754088187122234e-05,9.0,0.00010943764640367363,5.832264199682679e-05,9.0,0.0002207252025944106
AC,c_a,SVM,SVM (RBF),uncalibrated,4.846,1.190916,0.00010350219022727138,5.738137277666937e-05,9.0,0.000102210158931489,5.603653950175708e-05,9.0,0.00021170428529345006
AC,c_a,SVM,SVM (RBF),uncalibrated,4.847,1.1910820000000002,9.67816218650385e-05,5.517700056295964e-05,9.0,9.559166430159497e-05,5.3911133717437465e-05,9.0,0.00020330142149724677
AC,c_a,SVM,SVM (RBF),uncalibrated,4.848,1.191248,9.061758849972823e-05,5.312448343671298e-05,9.0,8.951940833521214e-05,5.1930784963786157e-05,9.0,0.00019546171098580516
AC,c_a,SVM,SVM (RBF),uncalibrated,4.849,1.1914140000000002,8.495351583471512e-05,5.120892478922621e-05,9.0,8.393805906751573e-05,5.008134079125525e-05,9.0,0.00018813606545390772
AC,c_a,SVM,SVM (RBF),uncalibrated,4.85,1.19158,7.973948341186946e-05,4.94168916320489e-05,9.0,7.879876640125446e-05,4.835002171282674e-05,9.0,0.0001812805048535241
AC,c_a,SVM,SVM (RBF),uncalibrated,4.851,1.1917380000000002,7.525693086761991e-05,4.7888233487360895e-05,9.0,7.437920883421626e-05,4.6872780094106954e-05,9.0,0.0001751379860495199
AC,c_a,SVM,SVM (RBF),uncalibrated,4.852,1.191896,7.10961519804623e-05,4.6450605223600285e-05,9.0,7.027596101972914e-05,4.548275767682072e-05,9.0,0.00016935656722002175
AC,c_a,SVM,SVM (RBF),uncalibrated,4.853,1.192054,6.722806480541083e-05,4.5095466445585276e-05,9.0,6.646051837057147e-05,4.417179149076858e-05,9.0,0.00016390836094837768
AC,c_a,SVM,SVM (RBF),uncalibrated,4.854,1.192212,6.362672239738623e-05,4.381509951592364e-05,9.0,6.290743980896796e-05,4.2932499181462606e-05,9.0,0.00015876807227170562
AC,c_a,SVM,SVM (RBF),uncalibrated,4.855,1.1923700000000002,6.02689416366534e-05,4.26025385667139e-05,9.0,5.9593986464268056e-05,4.175821302780932e-05,9.0,0.00015391272108718164
AC,c_a,SVM,SVM (RBF),uncalibrated,4.856,1.192528,5.713397794973841e-05,4.145150318679368e-05,9.0,5.64998047963345e-05,4.0642918007321535e-05,9.0,0.0001493213978803103
AC,c_a,SVM,SVM (RBF),uncalibrated,4.857,1.1926860000000001,5.420324012790204e-05,4.035633674114388e-05,9.0,5.3606648578575925e-05,3.958119394912901e-05,9.0,0.000144975048375395
AC,c_a,SVM,SVM (RBF),uncalibrated,4.858,1.192844,5.146004022002989e-05,3.931194924974153e-05,9.0,5.089813491054862e-05,3.8568161773376935e-05,9.0,0.0001408562833384842
AC,c_a,SVM,SVM (RBF),uncalibrated,4.859,1.193002,4.888937402406385e-05,3.831376467185016e-05,9.0,4.835952994673861e-05,3.759943372497358e-05,9.0,0.00013694921029610646
AC,c_a,SVM,SVM (RBF),uncalibrated,4.86,1.19316,4.647772837248492e-05,3.735767241531e-05,9.0,4.59775606717678e-05,3.667106747434523e-05,9.0,0.00013323928438569327
AC,c_a,SVM,SVM (RBF),uncalibrated,4.861,1.1933159999999998,4.425532795170151e-05,3.646977013752824e-05,9.0,4.378213673119887e-05,3.580862076334839e-05,9.0,0.0001297540286965738
AC,c_a,SVM,SVM (RBF),uncalibrated,4.862,1.1934719999999999,4.216364532885818e-05,3.561586094145727e-05,9.0,4.1715526149362526e-05,3.497877599008621e-05,9.0,0.00012643651547035036
AC,c_a,SVM,SVM (RBF),uncalibrated,4.863,1.1936280000000001,4.019319042244645e-05,3.479305969508321e-05,9.0,3.9768400560080686e-05,3.4178763560586284e-05,9.0,0.00012327589444293747
AC,c_a,SVM,SVM (RBF),uncalibrated,4.864,1.193784,3.833534734883565e-05,3.399877684412352e-05,9.0,3.7932289202223654e-05,3.340609772960996e-05,9.0,0.00012026217260587787
AC,c_a,SVM,SVM (RBF),uncalibrated,4.865,1.19394,3.658227968017854e-05,3.323068972967921e-05,9.0,3.6199486157542334e-05,3.265854920092656e-05,9.0,0.00011738613540057903
AC,c_a,SVM,SVM (RBF),uncalibrated,4.866,1.1940959999999998,3.4926846835614155e-05,3.2486716488552706e-05,9.0,3.456296845990209e-05,3.193412016329433e-05,9.0,0.00011463927609975525
AC,c_a,SVM,SVM (RBF),uncalibrated,4.867,1.1942519999999999,3.33625302083271e-05,3.176499232912073e-05,9.0,3.3016323716143325e-05,3.123102157274398e-05,9.0,0.00011201373243357055
AC,c_a,SVM,SVM (RBF),uncalibrated,4.868,1.1944080000000001,3.1883367860523414e-05,3.106384799517103e-05,9.0,3.155368610190882e-05,3.054765250896782e-05,9.0,0.00010950222963666088
AC,c_a,SVM,SVM (RBF),uncalibrated,4.869,1.194564,3.0483896752470904e-05,3.038179024213891e-05,9.0,3.0169679725417582e-05,2.9882581443583432e-05,9.0,0.00010709802919436983
AC,c_a,SVM,SVM (RBF),uncalibrated,4.87,1.19472,2.9159101601140603e-05,2.97174841359562e-05,9.0,2.8859368477506106e-05,2.9234529242609056e-05,9.0,0.00010479488265521269
AC,c_a,SVM,SVM (RBF),uncalibrated,4.871,1.194878,2.7881262987836674e-05,2.9044498284310018e-05,9.0,2.7595362616119853e-05,2.8577599637499052e-05,9.0,0.00010256050933249516
AC,c_a,SVM,SVM (RBF),uncalibrated,4.872,1.195036,2.6672021322127106e-05,2.8387795251924623e-05,9.0,2.6399074831743696e-05,2.7936285743473386e-05,9.0,0.0001004179992569283
AC,c_a,SVM,SVM (RBF),uncalibrated,4.873,1.195194,2.55272232243419e-05,2.7746404955052996e-05,9.0,2.5266415437578515e-05,2.7309661113044133e-05,9.0,9.83621621168772e-05
AC,c_a,SVM,SVM (RBF),uncalibrated,4.874,1.195352,2.4443029755753047e-05,2.7119463542226565e-05,9.0,2.4193603721572236e-05,2.669690151463868e-05,9.0,9.638817023218844e-05
AC,c_a,SVM,SVM (RBF),uncalibrated,4.875,1.19551,2.341588619776138e-05,2.6506202036788856e-05,9.0,2.317713828720654e-05,2.6097273996148216e-05,9.0,9.449152885274235e-05
AC,c_a,SVM,SVM (RBF),uncalibrated,4.876,1.195668,2.2442495160853942e-05,2.5905936103371383e-05,9.0,2.221377065796885e-05,2.5510127026094892e-05,9.0,9.2668049221982e-05
AC,c_a,SVM,SVM (RBF),uncalibrated,4.877,1.1958259999999998,2.151979269911154e-05,2.531805684673872e-05,9.0,2.130048182901064e-05,2.4934881625933945e-05,9.0,9.091382411868887e-05
AC,c_a,SVM,SVM (RBF),uncalibrated,4.878,1.195984,2.0644927004184333e-05,2.4742022521626946e-05,9.0,2.043446134830033e-05,2.437102337711752e-05,9.0,8.92252056230428e-05
AC,c_a,SVM,SVM (RBF),uncalibrated,4.879,1.1961419999999998,1.9815239425918062e-05,2.4177351076240696e-05,9.0,1.9613088680209907e-05,2.3818095229527885e-05,9.0,8.759878488146184e-05
AC,c_a,SVM,SVM (RBF),uncalibrated,4.88,1.1963,1.9028247531499294e-05,2.3623613452949673e-05,9.0,1.8833916569180635e-05,2.327569103841846e-05,9.0,8.603137366984786e-05
AC,c_a,SVM,SVM (RBF),uncalibrated,4.881,1.196467,1.8227937942645657e-05,2.2984105693334187e-05,9.0,1.8041510587226306e-05,2.264872525759958e-05,9.0,8.443608459068243e-05
AC,c_a,SVM,SVM (RBF),uncalibrated,4.882,1.196634,1.7473564653175298e-05,2.2358332844902537e-05,9.0,1.7294521147700082e-05,2.2035025833361934e-05,9.0,8.289924911977928e-05
AC,c_a,SVM,SVM (RBF),uncalibrated,4.883,1.196801,1.6762450621599727e-05,2.1745947672806557e-05,9.0,1.6590307766609997e-05,2.143426877587013e-05,9.0,8.141782333129906e-05
AC,c_a,SVM,SVM (RBF),uncalibrated,4.884,1.196968,1.6092090047959467e-05,2.1146635737068163e-05,9.0,1.5926398373148715e-05,2.0846161120751733e-05,9.0,7.99889619996482e-05
AC,c_a,SVM,SVM (RBF),uncalibrated,4.885,1.1971349999999998,1.5460134692142843e-05,2.056011082784471e-05,9.0,1.53004758826563e-05,2.027043654295515e-05,9.0,7.861000334230818e-05
AC,c_a,SVM,SVM (RBF),uncalibrated,4.886,1.1973019999999999,1.4864381563571099e-05,1.9986110931694896e-05,9.0,1.4710366114260382e-05,1.9706851481754097e-05,9.0,7.727845509726707e-05
AC,c_a,SVM,SVM (RBF),uncalibrated,4.887,1.197469,1.4302761875143251e-05,1.942439469933093e-05,9.0,1.4154026948660155e-05,1.915518174934782e-05,9.0,7.599198180466288e-05
AC,c_a,SVM,SVM (RBF),uncalibrated,4.888,1.197636,1.3773331063154953e-05,1.8874738344500712e-05,9.0,1.3629538531259274e-05,1.8615219554977603e-05,9.0,7.474839317622896e-05
AC,c_a,SVM,SVM (RBF),uncalibrated,4.889,1.197803,1.3274259773154175e-05,1.8336932934899756e-05,9.0,1.3135094422738673e-05,1.808677090718892e-05,9.0,7.354563344857428e-05
AC,c_a,SVM,SVM (RBF),uncalibrated,4.89,1.19797,1.2803825700971127e-05,1.781078201545959e-05,9.0,1.2668993588451879e-05,1.7569653336382005e-05,9.0,7.238177162724785e-05
AC,c_a,SVM,SVM (RBF),uncalibrated,4.891,1.198137,1.2360406176736868e-05,1.7296099561884655e-05,9.0,1.2229633116521578e-05,1.7063693936484622e-05,9.0,7.125499253823675e-05
AC,c_a,SVM,SVM (RBF),uncalibrated,4.892,1.198304,1.1942471434153127e-05,1.6792708180840695e-05,9.0,1.181550160816384e-05,1.656872764402773e-05,9.0,7.016358861215512e-05
AC,c_a,SVM,SVM (RBF),uncalibrated,4.893,1.1984709999999998,1.573647707447063e-05,1.6309216179549487e-05,37.0,1.5548461078855673e-05,1.6110923630472147e-05,37.0,6.910595233399948e-05
AC,c_a,SVM,SVM (RBF),uncalibrated,4.894,1.198638,1.5176859520867371e-05,1.6030062075068837e-05,37.0,1.4995447324327402e-05,1.583600634562507e-05,37.0,6.80805692981207e-05
AC,c_a,SVM,SVM (RBF),uncalibrated,4.895,1.198805,1.464010395171919e-05,1.5759531763089223e-05,37.0,1.446500801006511e-05,1.5569548806102132e-05,37.0,6.708601181414496e-05
AC,c_a,SVM,SVM (RBF),uncalibrated,4.896,1.198972,1.412507125854491e-05,1.5497360786356005e-05,37.0,1.3956019913208913e-05,1.531129383111197e-05,37.0,6.612093301484945e-05
AC,c_a,SVM,SVM (RBF),uncalibrated,4.897,1.199139,1.3630687976529386e-05,1.524328989334217e-05,37.0,1.3467424411904802e-05,1.506098908907998e-05,37.0,6.518406142193411e-05
AC,c_a,SVM,SVM (RBF),uncalibrated,4.898,1.199306,1.3155941783379623e-05,1.4997065145922413e-05,37.0,1.2998223065348243e-05,1.4818387226669035e-05,37.0,6.427419592978448e-05
AC,c_a,SVM,SVM (RBF),uncalibrated,4.899,1.199473,1.2699877369486014e-05,1.4758438024707868e-05,37.0,1.2547473557773412e-05,1.4583245993598717e-05,37.0,6.339020117123226e-05
AC,c_a,SVM,SVM (RBF),uncalibrated,4.9,1.19964,1.2261592641012416e-05,1.4527165515483387e-05,37.0,1.2114285968796684e-05,1.4355328347087696e-05,37.0,6.253100323271191e-05
AC,c_a,SVM,SVM (RBF),uncalibrated,4.901,1.199805,1.1847022683362374e-05,1.4307272695546349e-05,37.0,1.1704533497510188e-05,1.4138588928230052e-05,37.0,6.170662753353074e-05
AC,c_a,SVM,SVM (RBF),uncalibrated,4.902,1.19997,1.1447942437099657e-05,1.4093807030637354e-05,37.0,1.1310082745511748e-05,1.3928164341722925e-05,37.0,6.090463140935869e-05
AC,c_a,SVM,SVM (RBF),uncalibrated,4.903,1.200135,1.1063637521722942e-05,1.3886564684312345e-05,37.0,1.0930228769232337e-05,1.3723855470487904e-05,37.0,6.012412988010506e-05
AC,c_a,SVM,SVM (RBF),uncalibrated,4.904,1.2003,1.0688789998641411e-05,1.3685629607138433e-05,38.0,1.0559712058372004e-05,1.352575620176398e-05,38.0,5.9364283186681356e-05
AC,c_a,SVM,SVM (RBF),uncalibrated,4.905,1.2004650000000001,1.033213105786735e-05,1.3490586210578109e-05,38.0,1.0207172124211405e-05,1.3333439845657644e-05,38.0,5.862429402358551e-05
AC,c_a,SVM,SVM (RBF),uncalibrated,4.906,1.2006299999999999,9.988315924504219e-06,1.3301155806108824e-05,38.0,9.867322594094347e-06,1.3146642190617055e-05,38.0,5.7903404966127815e-05
AC,c_a,SVM,SVM (RBF),uncalibrated,4.907,1.200795,9.65676817907879e-06,1.3117156947710247e-05,38.0,9.539594466435041e-06,1.2965185684141928e-05,38.0,5.720089607690873e-05
AC,c_a,SVM,SVM (RBF),uncalibrated,4.908,1.20096,9.336940778409589e-06,1.2938413069742001e-05,38.0,9.223447694740656e-06,1.2788897481896894e-05,38.0,5.6516082677565897e-05
AC,c_a,SVM,SVM (RBF),uncalibrated,4.909,1.201125,9.028314338707762e-06,1.2764752468728882e-05,38.0,8.918369498704577e-06,1.2617609437713324e-05,38.0,5.584831327293083e-05
AC,c_a,SVM,SVM (RBF),uncalibrated,4.91,1.20129,8.730395524604372e-06,1.2596008269854408e-05,38.0,8.623872779205646e-06,1.245115807787263e-05,38.0,5.519696761591923e-05
AC,c_a,SVM,SVM (RBF),uncalibrated,4.911,1.201455,8.442715603243625e-06,1.2432018390933394e-05,38.0,8.339494695723444e-06,1.2289384572346958e-05,38.0,5.4561454902423884e-05
AC,c_a,SVM,SVM (RBF),uncalibrated,4.912,1.20162,8.164829013473034e-06,1.2272625497766389e-05,38.0,8.064795258055923e-06,1.2132134697009289e-05,38.0,5.394121208639229e-05
AC,c_a,SVM,SVM (RBF),uncalibrated,4.913,1.201785,7.89631212572909e-06,1.2117676947631691e-05,38.0,7.799356105915065e-06,1.197925878365491e-05,38.0,5.3335702306104734e-05
AC,c_a,SVM,SVM (RBF),uncalibrated,4.914,1.20195,7.636761985943907e-06,1.1967024730989984e-05,38.0,7.542779272226451e-06,1.18306116678253e-05,38.0,5.274441341339714e-05
AC,c_a,SVM,SVM (RBF),uncalibrated,4.915,1.202115,7.385795184625975e-06,1.1820525406340748e-05,38.0,7.294686069671602e-06,1.1686052629468064e-05,38.0,5.2166856598251425e-05
AC,c_a,SVM,SVM (RBF),uncalibrated,4.916,1.20228,7.14304684645091e-06,1.1678040025940242e-05,38.0,7.054716095905269e-06,1.1545445324199497e-05,38.0,5.160256510181103e-05
AC,c_a,SVM,SVM (RBF),uncalibrated,4.917,1.202445,6.908169597916412e-06,1.153943405848516e-05,38.0,6.822526216728002e-06,1.1408657711233402e-05,38.0,5.10510930114145e-05
AC,c_a,SVM,SVM (RBF),uncalibrated,4.918,1.2026100000000002,6.680832639841739e-06,1.1404577313199458e-05,38.0,6.597789652527602e-06,1.1275561982389735e-05,38.0,5.051201413177042e-05
AC,c_a,SVM,SVM (RBF),uncalibrated,4.919,1.202775,6.460720879498767e-06,1.1273343842008685e-05,38.0,6.380195123354909e-06,1.1146034469155765e-05,38.0,4.998492092686153e-05
AC,c_a,SVM,SVM (RBF),uncalibrated,4.92,1.2029400000000001,6.247534126734459e-06,1.114561186201729e-05,38.0,6.169446056957795e-06,1.1019955569554206e-05,38.0,4.946942352757096e-05
AC,c_a,SVM,SVM (RBF),uncalibrated,4.921,1.203105,6.040986308468669e-06,1.1021263658186619e-05,38.0,5.965259814730715e-06,1.0897209655199555e-05,38.0,4.8965148800467055e-05
AC,c_a,SVM,SVM (RBF),uncalibrated,4.922,1.20327,5.8408047317173865e-06,1.0900185485992015e-05,38.0,5.767366965398233e-06,1.0777684978107033e-05,38.0,4.8471739473459134e-05
AC,c_a,SVM,SVM (RBF),uncalibrated,4.923,1.203435,5.6467294085683265e-06,1.078226747927808e-05,38.0,5.575510619716457e-06,1.0661273582434009e-05,38.0,4.798885331444445e-05
AC,c_a,SVM,SVM (RBF),uncalibrated,4.924,1.2036000000000002,5.367997000342374e-06,1.0670670210207388e-05,100.0,5.299805277539873e-06,1.055130117234117e-05,100.0,4.751616235930646e-05
AC,c_a,SVM,SVM (RBF),uncalibrated,4.925,1.203765,5.186661995675258e-06,1.0563669049971165e-05,100.0,5.120548900237034e-06,1.0445654556120005e-05,100.0,4.7053352185933355e-05
AC,c_a,SVM,SVM (RBF),uncalibrated,4.926,1.2039300000000002,5.010653243755249e-06,1.0459246438175357e-05,100.0,4.9465579237817895e-06,1.034254841345207e-05,100.0,4.6600121231144245e-05
AC,c_a,SVM,SVM (RBF),uncalibrated,4.927,1.204095,4.839759627654406e-06,1.0357318908932723e-05,100.0,4.7776237355889336e-06,1.0241900721369602e-05,100.0,4.615618014769159e-05
AC,c_a,SVM,SVM (RBF),uncalibrated,4.928,1.20426,4.673779622379327e-06,1.02578060948198e-05,100.0,4.613547194089937e-06,1.0143632490755175e-05,100.0,4.572125119864822e-05
AC,c_a,SVM,SVM (RBF),uncalibrated,4.929,1.204425,4.512520755497955e-06,1.0160630611957773e-05,100.0,4.45413809666458e-06,1.004766765455275e-05,100.0,4.5295067686763765e-05
AC,c_a,SVM,SVM (RBF),uncalibrated,4.93,1.20459,4.355799317713507e-06,1.0065717938620539e-05,100.0,4.299214894494212e-06,9.953932949459289e-06,100.0,4.4877373416474965e-05
AC,c_a,NN,Neural Network,uncalibrated,4.67,1.16367,0.2977753241124048,0.11893283972045302,7.0,0.0004862042353109529,0.00043758162375539703,99.0,8.344877164524838e-05
AC,c_a,NN,Neural Network,uncalibrated,4.671,1.1638186666666668,0.29551405491424365,0.1161688800185065,7.0,0.0004962726867618894,0.0004470571376344435,99.0,8.439826767777777e-05
AC,c_a,NN,Neural Network,uncalibrated,4.672,1.1639673333333334,0.2930539485698346,0.11320669688079467,7.0,0.0005065288640033643,0.00045667718927243524,99.0,8.536969289630483e-05
AC,c_a,NN,Neural Network,uncalibrated,4.673,1.164116,0.29038979064512194,0.11004014286370853,7.0,0.0005169769385721071,0.0004664402573114166,99.0,8.636385881999471e-05
AC,c_a,NN,Neural Network,uncalibrated,4.674,1.1642646666666667,0.2875172389216824,0.10666386352521973,7.0,0.0005276213413333989,0.00047634448237558605,99.0,8.73816224895784e-05
AC,c_a,NN,Neural Network,uncalibrated,4.675,1.1644133333333333,0.2844329996744769,0.1030734654374265,7.0,0.0005384667937183294,0.0004863876393456939,99.0,8.842388989555044e-05
AC,c_a,NN,Neural Network,uncalibrated,4.676,1.164562,0.2811350101820792,0.09926568961914782,7.0,0.0005495183432226941,0.0004965671078139041,99.0,8.949161972145035e-05
AC,c_a,NN,Neural Network,uncalibrated,4.677,1.1647106666666667,0.2776226235346334,0.09523858640414765,7.0,0.0005607814037991913,0.0005068798406864556,99.0,9.058582743583647e-05
AC,c_a,NN,Neural Network,uncalibrated,4.678,1.1648593333333332,0.2738967910189108,0.09099168698612789,7.0,0.0005722618018779702,0.0005173223309330544,99.0,9.170758977082096e-05
AC,c_a,NN,Neural Network,uncalibrated,4.679,1.165008,0.2699602366596602,0.0865261662035233,7.0,0.0005839658288683931,0.0005278905765216362,99.0,9.285804962957498e-05
AC,c_a,NN,Neural Network,uncalibrated,4.68,1.1651566666666666,0.2658176179475654,0.08184499061836994,7.0,0.0005959003011345687,0.0005385800436328818,99.0,9.403842147055465e-05
AC,c_a,NN,Neural Network,uncalibrated,4.681,1.1653053333333332,0.26147566645676523,0.07695304568813757,7.0,0.0006080726286012062,0.000549385628323467,99.0,9.524999722231415e-05
AC,c_a,NN,Neural Network,uncalibrated,4.682,1.165454,0.25694330201737803,0.07185723592203115,7.0,0.000620490893337285,0.0005603016169033994,99.0,9.649415278955912e-05
AC,c_a,NN,Neural Network,uncalibrated,4.683,1.1656026666666666,0.2522317144187593,0.06656655246390003,7.0,0.0006331639396905857,0.0005713216454213017,99.0,9.777235521907038e-05
AC,c_a,NN,Neural Network,uncalibrated,4.684,1.1657513333333334,0.24735440731875574,0.061092103702942845,7.0,0.0006461014778123414,0.0005824386588187702,99.0,9.908617060323098e-05
AC,c_a,NN,Neural Network,uncalibrated,4.685,1.1659,0.24232720013833725,0.05544710653787701,7.0,0.00065931420272099,0.0005936448705292708,99.0,0.00010043727280913993
AC,c_a,NN,Neural Network,uncalibrated,4.686,1.1660486666666665,0.2371681852112446,0.04964683936370408,7.0,0.0006728139314235635,0.000604931723577927,99.0,0.00010182745313344373
AC,c_a,NN,Neural Network,uncalibrated,4.687,1.1661973333333333,0.23189763928169102,0.04370856412942614,7.0,0.0006866137610448054,0.0006162898545959025,99.0,0.00010325863099662726
AC,c_a,NN,Neural Network,uncalibrated,4.688,1.1663459999999999,0.2265378905062909,0.03765143799380697,7.0,0.0007007282514256835,0.0006277090626247086,99.0,0.00010473286580649548
AC,c_a,NN,Neural Network,uncalibrated,4.689,1.1664946666666667,0.22220013044720713,0.03327701449797371,2.0,0.0007151736362567416,0.0006391782851766725,99.0,0.00010625237013902548
AC,c_a,NN,Neural Network,uncalibrated,4.69,1.1666433333333333,0.21968335010383777,0.030072621360317853,2.0,0.0007299680675229717,0.000650685584770781,99.0,0.00010781952440591674
AC,c_a,NN,Neural Network,uncalibrated,4.691,1.1667919999999998,0.21714149502661845,0.02680868154455468,2.0,0.0007451318988819195,0.0006622181501287221,99.0,0.00010943689320315829
AC,c_a,NN,Neural Network,uncalibrated,4.692,1.1669406666666666,0.21458846399957204,0.023494864471882412,2.0,0.0007606880145916045,0.0006737623174411064,99.0,0.00011110724356349707
AC,c_a,NN,Neural Network,uncalibrated,4.693,1.1670893333333332,0.2120390868377858,0.020141365787358284,2.0,0.0007766622117867824,0.0006853036186778113,99.0,0.00011283356536946829
AC,c_a,NN,Neural Network,uncalibrated,4.694,1.1672379999999998,0.20950903913414354,0.0167587875626332,2.0,0.0007930836452996826,0.0006968268659002448,99.0,0.00011461909422284111
AC,c_a,NN,Neural Network,uncalibrated,4.695,1.1673866666666666,0.20701475270893613,0.013358012858517676,2.0,0.0008099853458764134,0.0007083162830501263,99.0,0.00011646733711224581
AC,c_a,NN,Neural Network,uncalibrated,4.696,1.1675353333333331,0.18364058538752337,0.012662561045821101,7.0,0.0008274048246055337,0.0007197556998762266,99.0,0.00011838210127475814
AC,c_a,NN,Neural Network,uncalibrated,4.697,1.167684,0.1787146409213499,0.018764018035880962,7.0,0.0008453847787003377,0.0007311288266850058,99.0,0.0001203675267107825
AC,c_a,NN,Neural Network,uncalibrated,4.698,1.1678326666666665,0.17398653617663568,0.02477502948477447,7.0,0.0008639739165356083,0.0007424196336654474,99.0,0.00012242812288621702
AC,c_a,NN,Neural Network,uncalibrated,4.699,1.167981333333333,0.16948623493162013,0.030665224839710962,7.0,0.0008832279231111456,0.0007536128648947333,99.0,0.00012456881024467596
AC,c_a,NN,Neural Network,uncalibrated,4.7,1.16813,0.1652432759118421,0.03641180267227008,7.0,0.0009032105909869782,0.0007646947250578977,99.0,0.00012679496725714488
AC,c_a,NN,Neural Network,uncalibrated,4.701,1.1682819999999998,0.16118306467329002,0.04213801903073926,7.0,0.0009248970567497642,0.0007764835328918699,99.0,0.0001292172037597969
AC,c_a,NN,Neural Network,uncalibrated,4.702,1.168434,0.1574495288506828,0.04767658894656587,7.0,0.0009475200081819708,0.0007881531031684358,99.0,0.00013174330426974875
AC,c_a,NN,Neural Network,uncalibrated,4.703,1.168586,0.1540728584238664,0.05300989534482051,7.0,0.0010341819771772585,0.00080014529437358,7.0,0.0001343809123327623
AC,c_a,NN,Neural Network,uncalibrated,4.704,1.1687379999999998,0.15108278108519596,0.0581217144616107,7.0,0.0010633148933246717,0.0008129680641954159,7.0,0.00013713846399900822
AC,c_a,NN,Neural Network,uncalibrated,4.705,1.16889,0.1485086079857792,0.06299703207201528,7.0,0.0010939712576394068,0.0008255197949371756,7.0,0.0001400252902684325
AC,c_a,NN,Neural Network,uncalibrated,4.706,1.169042,0.14637927472710618,0.067621870766696,7.0,0.0011263193826583238,0.0008377574288610505,7.0,0.00014305173518405043
AC,c_a,NN,Neural Network,uncalibrated,4.707,1.1691939999999998,0.14472336139668468,0.07198311586054922,7.0,0.0011605531197539736,0.0008496402100982871,7.0,0.00014622929232186138
AC,c_a,NN,Neural Network,uncalibrated,4.708,1.169346,0.14356907433853658,0.0760683404639345,7.0,0.0011968962105863223,0.000861132443316854,7.0,0.00014957076297127372
AC,c_a,NN,Neural Network,uncalibrated,4.709,1.169498,0.1429441717654602,0.07986563540650832,7.0,0.0012356074256423667,0.0008722073383440363,7.0,0.00015309043996605769
AC,c_a,NN,Neural Network,uncalibrated,4.71,1.1696499999999999,0.14287581533910673,0.0833634518667637,7.0,0.0012769866356575651,0.0008828522850087864,7.0,0.0001568043219416903
AC,c_a,NN,Neural Network,uncalibrated,4.711,1.169802,0.14339033058661096,0.08655046543113776,7.0,0.001321381987989808,0.0008930759918778289,7.0,0.00016073036379798006
AC,c_a,NN,Neural Network,uncalibrated,4.712,1.169954,0.14451286065845045,0.08941547055729646,7.0,0.0012591423804130951,0.0009046613191494941,99.0,0.00016488877038366989
AC,c_a,NN,Neural Network,uncalibrated,4.713,1.170106,0.1462669006790978,0.09194731432261305,7.0,0.0013044867445703959,0.0009187557282383597,99.0,0.00016930234195257585
AC,c_a,NN,Neural Network,uncalibrated,4.714,1.170258,0.14867370405135252,0.09413487799843843,7.0,0.0013540803929970677,0.0009343803721884182,99.0,0.00017399688184572157
AC,c_a,NN,Neural Network,uncalibrated,4.715,1.17041,0.15175155780431737,0.09596711440449694,7.0,0.001408590277066147,0.0009520804759100299,99.0,0.0001790016792318094
AC,c_a,NN,Neural Network,uncalibrated,4.716,1.170562,0.15551493163972563,0.09743314810196035,7.0,0.0014702097410462364,0.0009727230425261261,67.0,0.0001843500827162729
AC,c_a,NN,Neural Network,uncalibrated,4.717,1.170714,0.15997351484013406,0.09852244417370902,7.0,0.0015373738293151156,0.0009970143571209832,67.0,0.00019008018437594962
AC,c_a,NN,Neural Network,uncalibrated,4.718,1.170866,0.16513116657174035,0.09922504948325407,7.0,0.0016122977522458595,0.0010258421703149747,67.0,0.00019623563850860822
AC,c_a,NN,Neural Network,uncalibrated,4.719,1.1710180000000001,0.17098481797290685,0.09953190776255534,7.0,0.0016962633529699457,0.0010603143794733665,67.0,0.00020286664538948107
AC,c_a,NN,Neural Network,uncalibrated,4.72,1.17117,0.17752337801712173,0.09943524653800295,7.0,0.001790776406229351,0.0011016775382629948,67.0,0.00021003113797567964
AC,c_a,NN,Neural Network,uncalibrated,4.721,1.1713200000000001,0.18465085150266464,0.09892119653587751,7.0,0.0018958193449816227,0.0011502262915892313,67.0,0.00021765008387230304
AC,c_a,NN,Neural Network,uncalibrated,4.722,1.1714700000000002,0.19239682712294487,0.09800460934205038,7.0,0.0019915345280954546,0.0012099849047537763,77.0,0.00022592779898294828
AC,c_a,NN,Neural Network,uncalibrated,4.723,1.17162,0.20072208651970108,0.09668454825642224,7.0,0.002118050323125087,0.001283650072142766,81.0,0.00023495153889872402
AC,c_a,NN,Neural Network,uncalibrated,4.724,1.1717700000000002,0.20957702765825187,0.09496325483398804,7.0,0.0022659771108716384,0.0013709849992418368,81.0,0.0002448233606830385
AC,c_a,NN,Neural Network,uncalibrated,4.725,1.17192,0.21890170877648268,0.0928466620434897,7.0,0.002435259096743171,0.0014732586569057276,81.0,0.00025566312937637815
AC,c_a,NN,Neural Network,uncalibrated,4.726,1.17207,0.22862630654823163,0.09034486406798144,7.0,0.0026294936938196186,0.001591755974753295,81.0,0.0002676122316967537
AC,c_a,NN,Neural Network,uncalibrated,4.727,1.17222,0.23867201717062675,0.08747251016933931,7.0,0.002852853947583477,0.0017275731782013897,81.0,0.00028083818532370717
AC,c_a,NN,Neural Network,uncalibrated,4.728,1.17237,0.24895239650561524,0.0842490903605475,7.0,0.0031101594694755447,0.001881575850665651,81.0,0.0002955403880103421
AC,c_a,NN,Neural Network,uncalibrated,4.729,1.17252,0.2593750978882874,0.08069908430224139,7.0,0.0034069473517705506,0.002054356198324549,81.0,0.00031195732478434533
AC,c_a,NN,Neural Network,uncalibrated,4.73,1.17267,0.26984392804570984,0.07685195230928793,7.0,0.003749539085822641,0.0022461847741630345,81.0,0.00033037565006073955
AC,c_a,NN,Neural Network,uncalibrated,4.731,1.172823,0.28044242299304306,0.07268079384919325,7.0,0.004164619763526748,0.002463330639902454,25.0,0.00035165085371380365
AC,c_a,NN,Neural Network,uncalibrated,4.732,1.172976,0.2908879478415715,0.06827590361184382,7.0,0.004632238227307792,0.0027009744005922812,25.0,0.00037581691595679344
AC,c_a,NN,Neural Network,uncalibrated,4.733,1.1731289999999999,0.30108106281393654,0.06368248762827153,7.0,0.005172528277659033,0.002957476687281067,25.0,0.0004034219692603721
AC,c_a,NN,Neural Network,uncalibrated,4.734,1.173282,0.310927721537535,0.05894943624889947,7.0,0.005795892911302592,0.003231172226653625,25.0,0.00043514209726528737
AC,c_a,NN,Neural Network,uncalibrated,4.735,1.173435,0.32034114939866287,0.054128637268954026,7.0,0.006513619022531241,0.003519632677739677,25.0,0.00047181629102988445
AC,c_a,NN,Neural Network,uncalibrated,4.736,1.1735879999999999,0.3292432835453536,0.04927431629826664,7.0,0.007337736186169515,0.003819573611705233,25.0,0.0005144922384397721
AC,c_a,NN,Neural Network,uncalibrated,4.737,1.173741,0.33756574901642306,0.044442499634527434,7.0,0.00828079246799487,0.004126782937650233,25.0,0.0005644866627967719
AC,c_a,NN,Neural Network,uncalibrated,4.738,1.173894,0.3452504003613043,0.039690710288511157,7.0,0.009355536017259988,0.004436086341355702,25.0,0.0006234653070401647
AC,c_a,NN,Neural Network,uncalibrated,4.739,1.1740469999999998,0.3522495039440537,0.03507802659583104,7.0,0.010574497100571742,0.00474136672862459,25.0,0.000693549584002521
AC,c_a,NN,Neural Network,uncalibrated,4.74,1.1742,0.3585256652074699,0.030665656318413975,7.0,0.01194947450062933,0.00503565435004469,25.0,0.0007774596018777305
AC,c_a,NN,Neural Network,uncalibrated,4.741,1.1743549999999998,0.36581550549018627,0.027189205498210457,99.0,0.013512270924583025,0.0053148026667200615,25.0,0.0008801955825334139
AC,c_a,NN,Neural Network,uncalibrated,4.742,1.17451,0.37026543826218455,0.024474530779494855,99.0,0.015304455255938432,0.0055719295751546155,19.0,0.0010054711246032212
AC,c_a,NN,Neural Network,uncalibrated,4.743,1.174665,0.37397444231070237,0.022076764801286758,99.0,0.017234089797877456,0.005793907976738285,19.0,0.001159525720367244
AC,c_a,NN,Neural Network,uncalibrated,4.744,1.17482,0.3769388351414715,0.020023016515697493,99.0,0.019352047447172366,0.005972531833244216,19.0,0.0013506100757524656
AC,c_a,NN,Neural Network,uncalibrated,4.745,1.1749749999999999,0.37916478885701893,0.01832446466174638,99.0,0.021657214844525898,0.006100500773958676,19.0,0.0015897070507698914
AC,c_a,NN,Neural Network,uncalibrated,4.746,1.17513,0.3806681836901075,0.016971318617650326,99.0,0.024144346024630017,0.006171905657606128,19.0,0.0018915291127492647
AC,c_a,NN,Neural Network,uncalibrated,4.747,1.175285,0.3814742267285455,0.0159305447720463,99.0,0.02680404141831285,0.006182721823212862,19.0,0.002275901077935863
AC,c_a,NN,Neural Network,uncalibrated,4.748,1.17544,0.3816167648809422,0.015148664174223374,99.0,0.029623017300137416,0.006131207185076213,19.0,0.002769678079472041
AC,c_a,NN,Neural Network,uncalibrated,4.749,1.175595,0.381137249686172,0.01455973843229291,99.0,0.03258465797038351,0.0060181515726539115,19.0,0.003409402713798438
AC,c_a,NN,Neural Network,uncalibrated,4.75,1.17575,0.3805011937338648,0.014229841492075136,73.0,0.035669803644247086,0.005846937519134525,19.0,0.004244973240747661
AC,c_a,NN,Neural Network,uncalibrated,4.751,1.175904,0.37888843014520274,0.014167337084053518,73.0,0.03883675729722414,0.005624913483964206,19.0,0.005336710335469649
AC,c_a,NN,Neural Network,uncalibrated,4.752,1.176058,0.3768134735008595,0.014047883794049545,73.0,0.042084125458553875,0.005359017922870786,19.0,0.006780877477035919
AC,c_a,NN,Neural Network,uncalibrated,4.753,1.176212,0.37436301291223717,0.013868830600827383,77.0,0.045391267081828904,0.005058590349115178,19.0,0.008702510750618668
AC,c_a,NN,Neural Network,uncalibrated,4.754,1.176366,0.3715332491205752,0.013620492703452362,77.0,0.048738635226720985,0.004733928913809376,19.0,0.011271520164585252
AC,c_a,NN,Neural Network,uncalibrated,4.755,1.17652,0.36840307017554974,0.013264632129366436,77.0,0.052108344567275124,0.004395647019499684,19.0,0.014717110165289557
AC,c_a,NN,Neural Network,uncalibrated,4.756,1.176674,0.3650192432072521,0.01281400160750276,77.0,0.05548450658139446,0.004054046241963411,19.0,0.019344967142865765
AC,c_a,NN,Neural Network,uncalibrated,4.757,1.176828,0.36142305131494507,0.012285910826951461,77.0,0.05879383098046363,0.0037613451254829944,27.0,0.025556090061358894
AC,c_a,NN,Neural Network,uncalibrated,4.758,1.176982,0.3576496238693106,0.01169991824132268,77.0,0.06214466879111555,0.0034903404625857538,27.0,0.033864516244485346
AC,c_a,NN,Neural Network,uncalibrated,4.759,1.177136,0.3537276455354126,0.011076074144622125,77.0,0.06547484524411272,0.003251454012912219,5.0,0.044908830856231124
AC,c_a,NN,Neural Network,uncalibrated,4.76,1.17729,0.34967940330458563,0.010433630116314502,77.0,0.06876025909097869,0.0031583173464595597,5.0,0.05944958630405114
AC,c_a,NN,Neural Network,uncalibrated,4.761,1.177448,0.3456956703060816,0.009876224689244244,5.0,0.07208868597821023,0.0030762783627550543,5.0,0.07888890256776035
AC,c_a,NN,Neural Network,uncalibrated,4.762,1.177606,0.3413488878845341,0.009526903085573872,5.0,0.07536750111511373,0.0030338827243027405,4.0,0.10386790101355786
AC,c_a,NN,Neural Network,uncalibrated,4.763,1.177764,0.33689481157918305,0.009166168448706095,5.0,0.07857967694802832,0.0030203962528433715,4.0,0.13527796217247937
AC,c_a,NN,Neural Network,uncalibrated,4.764,1.1779220000000001,0.33233676949912894,0.008804931074061991,5.0,0.08172468979741061,0.002981897116277181,4.0,0.17379794350683814
AC,c_a,NN,Neural Network,uncalibrated,4.765,1.17808,0.32767435014045965,0.008452878196043729,5.0,0.08479366691626972,0.002915578154669139,4.0,0.21974829295341783
AC,c_a,NN,Neural Network,uncalibrated,4.766,1.1782380000000001,0.32290430798986935,0.00811836125902465,5.0,0.08777719794259492,0.0028201890541433333,4.0,0.2729815810547358
AC,c_a,NN,Neural Network,uncalibrated,4.767,1.1783960000000002,0.31802146025750316,0.007808287298589996,5.0,0.09066522619481672,0.0026957538411085985,4.0,0.3328440378130527
AC,c_a,NN,Neural Network,uncalibrated,4.768,1.178554,0.31301953691703915,0.007528003087082174,5.0,0.09344408231944508,0.002612494649960531,5.0,0.3982182733217403
AC,c_a,NN,Neural Network,uncalibrated,4.769,1.1787120000000002,0.30789195593680846,0.007281178447674752,5.0,0.09610711565596677,0.002519898858511255,5.0,0.4676268106118885
AC,c_a,NN,Neural Network,uncalibrated,4.77,1.17887,0.30263250422551424,0.007069711860423592,5.0,0.09864120993538439,0.002414048641348183,5.0,0.5393577605446005
AC,c_a,NN,Neural Network,uncalibrated,4.771,1.1790250000000002,0.29716907538040693,0.007034605007335471,8.0,0.10098921861557869,0.002297159694302166,5.0,0.6102214962437416
AC,c_a,NN,Neural Network,uncalibrated,4.772,1.1791800000000001,0.29174717172516706,0.00708251096304543,8.0,0.10318981497316207,0.0021677633972919633,5.0,0.6797843120989653
AC,c_a,NN,Neural Network,uncalibrated,4.773,1.179335,0.2861880376149476,0.007138504537547365,8.0,0.10523130791019589,0.002027250018903352,5.0,0.746288815471181
AC,c_a,NN,Neural Network,uncalibrated,4.774,1.1794900000000001,0.28049158540432734,0.007194270722800542,8.0,0.10710223183008905,0.0018779521459625751,5.0,0.8080263069354313
AC,c_a,NN,Neural Network,uncalibrated,4.775,1.179645,0.27465968176445477,0.007242779871297417,8.0,0.10879159859689388,0.0017232889828980387,5.0,0.8633744085968219
AC,c_a,NN,Neural Network,uncalibrated,4.776,1.1798,0.26869617316264,0.007278224035891989,8.0,0.11022546501403949,0.001617294554635472,16.0,0.9108435741118219
AC,c_a,NN,Neural Network,uncalibrated,4.777,1.179955,0.2626551497829398,0.007312813161448358,4.0,0.11152393977950958,0.0015911234081021311,16.0,0.9491333338489312
AC,c_a,NN,Neural Network,uncalibrated,4.778,1.18011,0.2564345682993909,0.007379271882808267,4.0,0.1126142838301003,0.0015758657958710198,16.0,0.977193173796852
AC,c_a,NN,Neural Network,uncalibrated,4.779,1.180265,0.25010530828238886,0.007408276167588556,4.0,0.11349375323147998,0.0015864053228441253,8.0,0.9942795528829523
AC,c_a,NN,Neural Network,uncalibrated,4.78,1.18042,0.24367829378613684,0.007398679024842962,4.0,0.11414268261181644,0.001689667846091001,8.0,1.0
AC,c_a,NN,Neural Network,uncalibrated,4.781,1.1805759999999998,0.2371232559431868,0.00734964991489355,4.0,0.11456984755583918,0.0018040970246400688,8.0,0.9942645896402904
AC,c_a,NN,Neural Network,uncalibrated,4.782,1.180732,0.2304947293724434,0.007261019963292625,4.0,0.11476805101666787,0.0019220465637329958,8.0,0.9773653329498592
AC,c_a,NN,Neural Network,uncalibrated,4.783,1.1808880000000002,0.22380672013246014,0.0071334263974516835,4.0,0.11473692610529346,0.0020374100343336686,8.0,0.9500273345790389
AC,c_a,NN,Neural Network,uncalibrated,4.784,1.181044,0.21707367394879246,0.006968068707156869,4.0,0.11447774710544033,0.002145002089194601,8.0,0.913288606465064
AC,c_a,NN,Neural Network,uncalibrated,4.785,1.1812,0.21031022701340685,0.006766684736259441,4.0,0.11399335885376438,0.002240494680686319,8.0,0.8684379071846742
AC,c_a,NN,Neural Network,uncalibrated,4.786,1.1813559999999999,0.20353097687466443,0.006531523214015334,4.0,0.11328807445481147,0.002320334505086282,8.0,0.81694380785707
AC,c_a,NN,Neural Network,uncalibrated,4.787,1.181512,0.19675027987312668,0.006265312901778959,4.0,0.11236754827059647,0.002381674990809959,8.0,0.7603813072040916
AC,c_a,NN,Neural Network,uncalibrated,4.788,1.1816680000000002,0.18998207987707727,0.005971229495312259,4.0,0.11123863180230503,0.0024223311278952914,8.0,0.7003609171659473
AC,c_a,NN,Neural Network,uncalibrated,4.789,1.181824,0.1832397713242831,0.005652862397779194,4.0,0.10990922030546152,0.00244075591805018,8.0,0.638463433960793
AC,c_a,NN,Neural Network,uncalibrated,4.79,1.18198,0.17653609785258595,0.005314184536863949,4.0,0.10838809776497135,0.0024360350825002397,8.0,0.5761821615644567
AC,c_a,NN,Neural Network,uncalibrated,4.791,1.1821380000000001,0.16979766585584477,0.004954919624834314,4.0,0.1066617866794767,0.0024074916908199055,8.0,0.5141088739386348
AC,c_a,NN,Neural Network,uncalibrated,4.792,1.182296,0.16315182889372837,0.004770548621497932,92.0,0.10475904168218683,0.0023553309791181456,8.0,0.4542578398792472
AC,c_a,NN,Neural Network,uncalibrated,4.793,1.1824540000000001,0.15654287302463482,0.004752708684805219,92.0,0.10269090073974345,0.002280717578451022,8.0,0.3976342133286411
AC,c_a,NN,Neural Network,uncalibrated,4.794,1.182612,0.1500174970490926,0.00473424882907128,92.0,0.10046879706658257,0.0021856414968236385,8.0,0.3450053447362541
AC,c_a,NN,Neural Network,uncalibrated,4.795,1.18277,0.14358532730384874,0.004716484866379913,92.0,0.09810447265509645,0.0020730295172577498,8.0,0.2968951445077047
AC,c_a,NN,Neural Network,uncalibrated,4.796,1.1829280000000002,0.1372553075577971,0.004700891091532069,92.0,0.09562723579878964,0.002119929717747885,92.0,0.25359268819238007
AC,c_a,NN,Neural Network,uncalibrated,4.797,1.183086,0.13103576045861656,0.004689029277685962,92.0,0.0930079639751545,0.00219331911803141,92.0,0.21517405422101685
AC,c_a,NN,Neural Network,uncalibrated,4.798,1.1832440000000002,0.12493445383840394,0.0046824562391945875,92.0,0.09028266486641356,0.0022680191520279515,92.0,0.1815347472846845
AC,c_a,NN,Neural Network,uncalibrated,4.799,1.183402,0.11902858169262939,0.004686920451706476,94.0,0.08746409811302215,0.0023453580360121872,92.0,0.15242877440780478
AC,c_a,NN,Neural Network,uncalibrated,4.8,1.18356,0.11318100285593419,0.004730556809087433,94.0,0.08456516362269569,0.002426777663329032,92.0,0.12750990607931745
AC,c_a,NN,Neural Network,uncalibrated,4.801,1.183718,0.1074711307483003,0.004779705114790001,94.0,0.08159887978382893,0.002513673362703563,92.0,0.10637097994639055
AC,c_a,NN,Neural Network,uncalibrated,4.802,1.183876,0.10190520868157042,0.0048339574541889675,94.0,0.07863732473030673,0.002612340476373951,94.0,0.08857810488917006
AC,c_a,NN,Neural Network,uncalibrated,4.803,1.184034,0.096489180217713,0.004892519674331383,94.0,0.07557201936827361,0.002736201953125639,94.0,0.07369794618020596
AC,c_a,NN,Neural Network,uncalibrated,4.804,1.1841920000000001,0.0912286837215225,0.004954224146598487,94.0,0.07247784292812955,0.002865516228491932,94.0,0.061317559495885604
AC,c_a,NN,Neural Network,uncalibrated,4.805,1.18435,0.08612902734924993,0.0050175714307924705,94.0,0.06936804928774626,0.0029991767884798037,94.0,0.0510572449757476
AC,c_a,NN,Neural Network,uncalibrated,4.806,1.1845080000000001,0.08119514604516928,0.005080797172968003,94.0,0.06625579950996119,0.003135657766619434,94.0,0.042577512612676796
AC,c_a,NN,Neural Network,uncalibrated,4.807,1.1846660000000002,0.07643154343897245,0.005141957810698188,94.0,0.06315406339848789,0.0032730799189536262,94.0,0.03558150923239183
AC,c_a,NN,Neural Network,uncalibrated,4.808,1.184824,0.07184222266133296,0.005199027027721437,94.0,0.060075505656068125,0.0034093035529902662,94.0,0.029814245500270068
AC,c_a,NN,Neural Network,uncalibrated,4.809,1.1849820000000002,0.06743061093256725,0.005249994512681635,94.0,0.05703236033421131,0.0035420374143210263,94.0,0.02505978653191219
AC,c_a,NN,Neural Network,uncalibrated,4.81,1.18514,0.06319948326061367,0.005292959273430852,94.0,0.054036298564658934,0.0036689526708198173,94.0,0.021137324526073673
AC,c_a,NN,Neural Network,uncalibrated,4.811,1.1853010000000002,0.05907588033410362,0.005326973446386397,94.0,0.051043215216751085,0.0037901049212320887,94.0,0.01784477152235389
AC,c_a,NN,Neural Network,uncalibrated,4.812,1.1854620000000002,0.05514316873721969,0.0053493906280469425,94.0,0.048121173881493416,0.0039006926436300996,94.0,0.015128833629589935
AC,c_a,NN,Neural Network,uncalibrated,4.813,1.185623,0.05140175599202115,0.005358994811365377,94.0,0.04527987459803683,0.0039987764174518265,94.0,0.012882952875288303
AC,c_a,NN,Neural Network,uncalibrated,4.814,1.1857840000000002,0.047851117510643935,0.005354926504093524,94.0,0.04252789425055341,0.004082753428736626,94.0,0.011020415180630405
AC,c_a,NN,Neural Network,uncalibrated,4.815,1.185945,0.044489786432443196,0.005336691934252212,94.0,0.03987260488005939,0.0041514001823604405,94.0,0.009470831475644235
AC,c_a,NN,Neural Network,uncalibrated,4.816,1.1861059999999999,0.041315366419879325,0.005304153809262973,94.0,0.03732012040698735,0.004203892119901853,94.0,0.008177146393509768
AC,c_a,NN,Neural Network,uncalibrated,4.817,1.186267,0.03835114286451634,0.005261227178002068,85.0,0.03487527361662025,0.004239802221343361,94.0,0.007093137529795764
AC,c_a,NN,Neural Network,uncalibrated,4.818,1.1864279999999998,0.03554011302557532,0.005214503306433408,85.0,0.03256294418977018,0.00426142915904582,85.0,0.006181350795700424
AC,c_a,NN,Neural Network,uncalibrated,4.819,1.186589,0.03290312605726027,0.005153804835162098,85.0,0.030343641446916994,0.004275659046386478,85.0,0.005411411706962208
AC,c_a,NN,Neural Network,uncalibrated,4.82,1.18675,0.030434663440124823,0.005080005880283899,85.0,0.028238439516795777,0.004273399611597451,85.0,0.0047586537201537325
AC,c_a,NN,Neural Network,uncalibrated,4.821,1.1869159999999999,0.02805947807504733,0.0049917930839177786,85.0,0.026545939629108263,0.004259315477717358,3.0,0.00418892283966249
AC,c_a,NN,Neural Network,uncalibrated,4.822,1.187082,0.025849667415977967,0.004892032699770966,85.0,0.024615578981004603,0.004260869661228501,3.0,0.003704183047656208
AC,c_a,NN,Neural Network,uncalibrated,4.823,1.187248,0.02421160577020083,0.004801639309656282,3.0,0.022800378360984398,0.004244097068963835,3.0,0.003289984210921761
AC,c_a,NN,Neural Network,uncalibrated,4.824,1.187414,0.02229651386308746,0.004718650421816751,3.0,0.021097605011188326,0.00421121157056155,3.0,0.0029345555428652377
AC,c_a,NN,Neural Network,uncalibrated,4.825,1.1875799999999999,0.020520656528717908,0.004625366822198572,3.0,0.019503868621099908,0.0041643967996561,3.0,0.0026282792544390127
AC,c_a,NN,Neural Network,uncalibrated,4.826,1.187746,0.018876122543735187,0.004523917913361133,3.0,0.018015249491675843,0.004105755532894078,3.0,0.0023632712888706263
AC,c_a,NN,Neural Network,uncalibrated,4.827,1.1879119999999999,0.017355050789681362,0.00441622549866371,3.0,0.016627419886105867,0.00403727050833515,3.0,0.0021330470785052304
AC,c_a,NN,Neural Network,uncalibrated,4.828,1.188078,0.015949705855345813,0.004303996965359718,3.0,0.01533575604244767,0.0039607762935316175,3.0,0.0019322547342813965
AC,c_a,NN,Neural Network,uncalibrated,4.829,1.1882439999999999,0.014652541664478177,0.00418872608934113,3.0,0.014135439155845031,0.003877941300093194,3.0,0.001756461701836695
AC,c_a,NN,Neural Network,uncalibrated,4.83,1.18841,0.013456253318545715,0.004071699977203085,3.0,0.013021544384952805,0.0037902586902884253,3.0,0.0016019838257777944
AC,c_a,NN,Neural Network,uncalibrated,4.831,1.188561,0.012451626416822846,0.003965054818569369,3.0,0.012080965345508215,0.00370766984205918,3.0,0.0014754868494637988
AC,c_a,NN,Neural Network,uncalibrated,4.832,1.188712,0.011519648952845449,0.0038591622972665145,3.0,0.011204173886753765,0.0036236060685394117,3.0,0.001362413071908542
AC,c_a,NN,Neural Network,uncalibrated,4.833,1.188863,0.010655454336833185,0.0037545293020873013,3.0,0.010387489589413785,0.0035387598690238046,3.0,0.0012610582001769369
AC,c_a,NN,Neural Network,uncalibrated,4.834,1.189014,0.009854414188537376,0.0036515621616433672,3.0,0.009627319250000599,0.0034537170069042955,3.0,0.0011699640632794014
AC,c_a,NN,Neural Network,uncalibrated,4.835,1.189165,0.009112143094743543,0.003550579358556276,3.0,0.00892017895995445,0.0033689666120605413,3.0,0.0010878795021856305
AC,c_a,NN,Neural Network,uncalibrated,4.836,1.189316,0.00842449976693635,0.003451823683995094,3.0,0.008262711057873573,0.0032849116227731713,3.0,0.0010137279429927517
AC,c_a,NN,Neural Network,uncalibrated,4.837,1.189467,0.00778758518861699,0.0033554735795817262,3.0,0.0076516965657349445,0.0032018791422569917,3.0,0.0009465804458299023
AC,c_a,NN,Neural Network,uncalibrated,4.838,1.189618,0.007197738300135944,0.0032616535022520605,3.0,0.007084063711449578,0.0031201303892111577,3.0,0.0008856332495530996
AC,c_a,NN,Neural Network,uncalibrated,4.839,1.189769,0.006651529719100042,0.003170443222626009,3.0,0.006556893113444318,0.003039870015663424,3.0,0.0008301890156313688
AC,c_a,NN,Neural Network,uncalibrated,4.84,1.18992,0.006145753940470438,0.0030818860282965208,3.0,0.006067420163955192,0.002961254646396853,3.0,0.000779641122541762
AC,c_a,NN,Neural Network,uncalibrated,4.841,1.1900860000000002,0.005630847494934649,0.0029848666805761207,3.0,0.005567729582852862,0.002874314149179949,3.0,0.0007301382361791967
AC,c_a,NN,Neural Network,uncalibrated,4.842,1.190252,0.0051576233734073,0.0028908129303901278,3.0,0.005107293875278307,0.002789356279425431,3.0,0.0006851632898837707
AC,c_a,NN,Neural Network,uncalibrated,4.843,1.1904180000000002,0.0046009871834913054,0.0028100913997004674,6.0,0.004683095652116184,0.0027065021146999834,3.0,0.0006442058942732731
AC,c_a,NN,Neural Network,uncalibrated,4.844,1.190584,0.004201813346460258,0.0027325280388500323,6.0,0.00417488429242078,0.0026349112363017457,6.0,0.000606822894946506
AC,c_a,NN,Neural Network,uncalibrated,4.845,1.19075,0.003835070823230459,0.0026563502467502596,6.0,0.0038155026421425875,0.0025662434047366207,6.0,0.0005726283883030326
AC,c_a,NN,Neural Network,uncalibrated,4.846,1.190916,0.003498102944422315,0.0025816931080466787,6.0,0.003484645353664384,0.0024984605788978542,6.0,0.0005412853659869972
AC,c_a,NN,Neural Network,uncalibrated,4.847,1.1910820000000002,0.0031884654229156198,0.002508665874734809,6.0,0.003180062992060584,0.002431727735264115,6.0,0.0005124987015359216
AC,c_a,NN,Neural Network,uncalibrated,4.848,1.191248,0.0029039113159488017,0.0024373547008678335,6.0,0.0028996738416695966,0.002366182078397264,6.0,0.0004860092463781918
AC,c_a,NN,Neural Network,uncalibrated,4.849,1.1914140000000002,0.0026423766108730523,0.002367825210199132,6.0,0.002641553927035041,0.002301935912808411,6.0,0.000461588845347081
AC,c_a,NN,Neural Network,uncalibrated,4.85,1.19158,0.0024019665085354223,0.0023001248857897104,6.0,0.002403927083665287,0.002239079340979071,6.0,0.0004390361165269895
AC,c_a,NN,Neural Network,uncalibrated,4.851,1.1917380000000002,0.00219163618781993,0.0022388548716893815,6.0,0.0021957714752888213,0.0021819815304047144,6.0,0.0004188813254557926
AC,c_a,NN,Neural Network,uncalibrated,4.852,1.191896,0.0019974314078287547,0.0021792889871509197,6.0,0.0020033354474396537,0.0021262601603134804,6.0,0.00040014840462568405
AC,c_a,NN,Neural Network,uncalibrated,4.853,1.192054,0.0018180817367275917,0.0021214304951887018,6.0,0.0018254110256173584,0.002071946210489663,6.0,0.0003827122255650064
AC,c_a,NN,Neural Network,uncalibrated,4.854,1.192212,0.0016524182065560562,0.0020652743560537422,6.0,0.0016608824827611945,0.0020190599557078346,6.0,0.0003664607176601926
AC,c_a,NN,Neural Network,uncalibrated,4.855,1.1923700000000002,0.0014993654353480865,0.0020108083533814164,6.0,0.0015087198059146223,0.0019676122918587044,6.0,0.0003512933059632569
AC,c_a,NN,Neural Network,uncalibrated,4.856,1.192528,0.0013579342909478135,0.001958014115051517,6.0,0.001367972510025055,0.0019176059433025508,6.0,0.0003371195578184714
AC,c_a,NN,Neural Network,uncalibrated,4.857,1.1926860000000001,0.0012272150749750624,0.0019068680347781124,6.0,0.0012377638050145956,0.001869036557545358,6.0,0.00032385800773785365
AC,c_a,NN,Neural Network,uncalibrated,4.858,1.192844,0.001106371202610553,0.0018573421007656151,6.0,0.001117285115681117,0.0018218936938999254,6.0,0.000311435134781197
AC,c_a,NN,Neural Network,uncalibrated,4.859,1.193002,0.0009946333522454919,0.0018094046379055783,6.0,0.0010057909490485872,0.0017761617131056412,6.0,0.0002997844707101793
AC,c_a,NN,Neural Network,uncalibrated,4.86,1.19316,0.0008912940580983626,0.00176302096998776,6.0,0.0009025940999598336,0.0017318205749945245,6.0,0.0002888458205335551
AC,c_a,NN,Neural Network,uncalibrated,4.861,1.1933159999999998,0.0007969085476685726,0.0017190920393133104,6.0,0.0008082729990577797,0.0016897493726152541,6.0,0.0002786489903215892
AC,c_a,NN,Neural Network,uncalibrated,4.862,1.1934719999999999,0.0007094838190383542,0.0016766034200437461,6.0,0.0007208448630963149,0.0016489851970695336,6.0,0.00026904882613347416
AC,c_a,NN,Neural Network,uncalibrated,4.863,1.1936280000000001,0.0006284895417161716,0.001635516025021815,6.0,0.0006397913008510114,0.0016094996562207623,6.0,0.00026000147859439203
AC,c_a,NN,Neural Network,uncalibrated,4.864,1.193784,0.0005534374586963218,0.001595789793788094,6.0,0.0005646341954947398,0.0015712624691425986,6.0,0.00025146694106232317
AC,c_a,NN,Neural Network,uncalibrated,4.865,1.19394,0.00048387800124949257,0.001557384022225657,6.0,0.0004949325812239425,0.0015342418768901406,6.0,0.00024340866049695894
AC,c_a,NN,Neural Network,uncalibrated,4.866,1.1940959999999998,0.00041939717329593116,0.0015202576502563636,6.0,0.00043027975157579833,0.0014984050041387574,6.0,0.00023579319279142574
AC,c_a,NN,Neural Network,uncalibrated,4.867,1.1942519999999999,0.00035961368517237126,0.001484369511653052,6.0,0.0003703005847364349,0.0014637181763465584,6.0,0.00022858989694238185
AC,c_a,NN,Neural Network,uncalibrated,4.868,1.1944080000000001,0.0003041763177840148,0.0014496785497340836,6.0,0.0003146490715267103,0.0014301471967630359,6.0,0.00022177066321006948
AC,c_a,NN,Neural Network,uncalibrated,4.869,1.194564,0.00025276149935691996,0.0014161440024500508,6.0,0.00026300603229589825,0.0013976575873126081,6.0,0.00021530967107963206
AC,c_a,NN,Neural Network,uncalibrated,4.87,1.19472,0.00020507107813057626,0.0013837255600509866,6.0,0.0002150770094955601,0.0013662147970237963,6.0,0.00020918317339870863
AC,c_a,NN,Neural Network,uncalibrated,4.871,1.194878,0.00016031887554495057,0.001351609827915463,6.0,0.0001700697554573949,0.0013350309265767637,6.0,0.00020332507892461234
AC,c_a,NN,Neural Network,uncalibrated,4.872,1.195036,0.00011885647551122792,0.0013205597078646686,6.0,0.00012834767105903365,0.0013048514835416383,6.0,0.0001977646699180801
AC,c_a,NN,Neural Network,uncalibrated,4.873,1.195194,8.044115849676617e-05,0.0012905356547953156,6.0,8.967028277181044e-05,0.001275641563616182,6.0,0.00019248280814583956
AC,c_a,NN,Neural Network,uncalibrated,4.874,1.195352,4.484927517591365e-05,0.0012614990303982153,6.0,5.38157991732402e-05,0.001247366785243302,6.0,0.0001874618263489724
AC,c_a,NN,Neural Network,uncalibrated,4.875,1.19551,1.187469944680965e-05,0.0012334121667160163,6.0,2.0579622462602032e-05,0.0012199933868287521,6.0,0.00018268539711658737
AC,c_a,NN,Neural Network,uncalibrated,4.876,1.195668,-1.867259143619143e-05,0.0012062384154207346,6.0,-1.0227021447502542e-05,0.0011934883066086542,6.0,0.00017813841501524027
AC,c_a,NN,Neural Network,uncalibrated,4.877,1.1958259999999998,-4.696782006302657e-05,0.0011799421846143945,6.0,-3.877834346908526e-05,0.0011678192472555622,6.0,0.00017380689048107604
AC,c_a,NN,Neural Network,uncalibrated,4.878,1.195984,-7.317260507730243e-05,0.0011544889647933348,6.0,-6.52351511207977e-05,0.0011429547271228314,6.0,0.00016967785416654934
AC,c_a,NN,Neural Network,uncalibrated,4.879,1.1961419999999998,-9.743605924628876e-05,0.0011298453454142365,6.0,-8.97459155000574e-05,0.001118864119801008,6.0,0.0001657392705932273
AC,c_a,NN,Neural Network,uncalibrated,4.88,1.1963,-0.0001198957975212106,0.0011059790233736333,6.0,-0.00011244775280128128,0.0010955176835112466,6.0,0.0001619799601007954
AC,c_a,NN,Neural Network,uncalibrated,4.881,1.196467,-0.00014138110302771114,0.001079943673384931,6.0,-0.00013420544648170163,0.0010700273555965005,6.0,0.00015827798098537742
AC,c_a,NN,Neural Network,uncalibrated,4.882,1.196634,-0.00016108287560639392,0.0010547256186824968,6.0,-0.0001541720575551725,0.0010453205829212917,6.0,0.00015474688988033946
AC,c_a,NN,Neural Network,uncalibrated,4.883,1.196801,-0.0001791310712461147,0.0010302913557388865,6.0,-0.0001724773242566441,0.0010213663166088812,6.0,0.00015137656886594547
AC,c_a,NN,Neural Network,uncalibrated,4.884,1.196968,-0.00019564544431402344,0.0010066086986884508,6.0,-0.0001892408734088985,0.0009981346256797627,6.0,0.0001481576167274749
AC,c_a,NN,Neural Network,uncalibrated,4.885,1.1971349999999998,-0.00021073639872205922,0.0009836467565533533,6.0,-0.00020457305558855665,0.000975596691731386,6.0,0.00014508128990073474
AC,c_a,NN,Neural Network,uncalibrated,4.886,1.1973019999999999,-0.0002245057663213388,0.0009613759065924887,6.0,-0.0002185757100086988,0.0009537247981352292,6.0,0.00014213944895630443
AC,c_a,NN,Neural Network,uncalibrated,4.887,1.197469,-0.00023704751883182,0.0009397677645528505,6.0,-0.00023134286505044344,0.0009324923146848158,6.0,0.00013932451004151905
AC,c_a,NN,Neural Network,uncalibrated,4.888,1.197636,-0.0002484484190372399,0.0009187951524844343,6.0,-0.000242961379855115,0.0009118736784948306,6.0,0.00013662940076629096
AC,c_a,NN,Neural Network,uncalibrated,4.889,1.197803,-0.00025878861648416534,0.0008984320646975984,6.0,-0.0002535115319450645,0.0008918443718552063,6.0,0.00013404752007777068
AC,c_a,NN,Neural Network,uncalibrated,4.89,1.19797,-0.00026814219248918813,0.0008786536323574456,6.0,-0.00026306755544713845,0.0008723808976475603,6.0,0.0001315727017201525
AC,c_a,NN,Neural Network,uncalibrated,4.891,1.198137,-0.0002765776587844138,0.0008594360871272955,6.0,-0.0002716981340533664,0.0008534607528376798,6.0,0.00012919918092107915
AC,c_a,NN,Neural Network,uncalibrated,4.892,1.198304,-0.00028415841380634776,0.0008407567242266549,6.0,-0.0002794668525575119,0.0008350624005009693,6.0,0.00012692156398567828
AC,c_a,NN,Neural Network,uncalibrated,4.893,1.1984709999999998,-0.00029094316026178675,0.0008225938651958476,6.0,-0.0002864326104596304,0.0008171652407557614,6.0,0.00012473480051406748
AC,c_a,NN,Neural Network,uncalibrated,4.894,1.198638,-0.0002969862872612104,0.0008049268206125247,6.0,-0.00029265000080878423,0.0007997495809242979,6.0,0.0001226341579888442
AC,c_a,NN,Neural Network,uncalibrated,4.895,1.198805,-0.0003023382200953093,0.0007877358530005638,6.0,-0.0002981696572568562,0.0007827966052289717,6.0,0.00012061519850617588
AC,c_a,NN,Neural Network,uncalibrated,4.896,1.198972,-0.00030704574038867256,0.0007710021400667819,6.0,-0.0003030385719705597,0.0007662883442203344,6.0,0.0001186737574478816
AC,c_a,NN,Neural Network,uncalibrated,4.897,1.199139,-0.00031115227917012986,0.0007547077384514522,6.0,-0.0003073003868666415,0.0007502076441774056,6.0,0.00011680592391322649
AC,c_a,NN,Neural Network,uncalibrated,4.898,1.199306,-0.00031469818518736336,0.0007388355480724288,6.0,-0.00031099566043496507,0.0007345381366100559,6.0,0.00011500802274769143
AC,c_a,NN,Neural Network,uncalibrated,4.899,1.199473,-0.00031772097054843075,0.0007233692771930606,6.0,-0.00031416211217816237,0.0007192642080382007,6.0,0.00011327659802273293
AC,c_a,NN,Neural Network,uncalibrated,4.9,1.19964,-0.0003202555356548578,0.0007082934082643318,6.0,-0.0003168348465868811,0.0007043709701390294,6.0,0.00011160839783525014
AC,c_a,NN,Neural Network,uncalibrated,4.901,1.199805,-0.0003224655903792611,0.0006940523285345532,6.0,-0.000319173478929069,0.0006902983529606832,6.0,0.00011001039108949201
AC,c_a,NN,Neural Network,uncalibrated,4.902,1.19997,-0.000324262779251697,0.000680158658583407,6.0,-0.0003210944219487386,0.0006765649591334175,6.0,0.00010846891811833095
AC,c_a,NN,Neural Network,uncalibrated,4.903,1.200135,-0.00032567396507254197,0.0006665994372318621,6.0,-0.0003226247167089449,0.0006631583047032689,6.0,0.00010698132195349244
AC,c_a,NN,Neural Network,uncalibrated,4.904,1.2003,-0.00032672422531397844,0.000653362324664559,6.0,-0.00032378961385459704,0.0006500664939821282,6.0,0.00010554509487822688
AC,c_a,NN,Neural Network,uncalibrated,4.905,1.2004650000000001,-0.00032743698887914747,0.0006404355744815086,6.0,-0.0003246127101772336,0.0006372781941743676,6.0,0.00010415786868809131
AC,c_a,NN,Neural Network,uncalibrated,4.906,1.2006299999999999,-0.00032783416148707484,0.000627808006610501,6.0,-0.0003251160738810452,0.0006247826106502998,6.0,0.00010281740567616086
AC,c_a,NN,Neural Network,uncalibrated,4.907,1.200795,-0.00032793624068169725,0.0006154689811698831,6.0,-0.00032532035953477173,0.0006125694629743392,6.0,0.00010152159028225475
AC,c_a,NN,Neural Network,uncalibrated,4.908,1.20096,-0.0003277624213206704,0.0006034083732263241,6.0,-0.00032524491355416063,0.0006006289616497582,6.0,0.00010026842135139415
AC,c_a,NN,Neural Network,uncalibrated,4.909,1.201125,-0.0003273306923396686,0.0005916165484683518,6.0,-0.00032490787100101603,0.0005889517856160708,6.0,9.905600495161119e-05
AC,c_a,NN,Neural Network,uncalibrated,4.91,1.20129,-0.0003266579255453311,0.0005800843397631197,6.0,-0.000324326244444062,0.0005775290604807196,6.0,9.788254770583787e-05
AC,c_a,NN,Neural Network,uncalibrated,4.911,1.201455,-0.00032575995710426467,0.0005688030245997828,6.0,-0.000323516005542146,0.000566352337501097,6.0,9.674635059659704e-05
AC,c_a,NN,Neural Network,uncalibrated,4.912,1.20162,-0.00032465166235486943,0.0005577643034235736,6.0,-0.0003224921599707664,0.0005554135733325669,6.0,9.564580320590387e-05
AC,c_a,NN,Neural Network,uncalibrated,4.913,1.201785,-0.00032334702448340237,0.0005469602787864731,6.0,-0.00032126881622875536,0.0005447051104792138,6.0,9.457937835609159e-05
AC,c_a,NN,Neural Network,uncalibrated,4.914,1.20195,-0.00032185919762163766,0.0005363834353703584,6.0,-0.0003198592488781553,0.0005342196585125361,6.0,9.354562712025999e-05
AC,c_a,NN,Neural Network,uncalibrated,4.915,1.202115,-0.0003202005648067557,0.0005260266208070585,6.0,-0.00031827595665480835,0.0005239502759915723,6.0,9.254317417374213e-05
AC,c_a,NN,Neural Network,uncalibrated,4.916,1.20228,-0.00031838279124035923,0.0005158830272888671,6.0,-0.0003165307158837043,0.0005138903530859687,6.0,9.157071346045579e-05
AC,c_a,NN,Neural Network,uncalibrated,4.917,1.202445,-0.000316416873280113,0.0005059461739858091,6.0,-0.00031463462963010613,0.0005040335949254213,6.0,9.062700415018994e-05
AC,c_a,NN,Neural Network,uncalibrated,4.918,1.2026100000000002,-0.0003143131834870662,0.0004962098901885769,6.0,-0.0003125981729079075,0.0004943740056014143,6.0,8.971086686491621e-05
AC,c_a,NN,Neural Network,uncalibrated,4.919,1.202775,-0.00031208151207919586,0.00048666829920319797,6.0,-0.0003104312342939546,0.0004849058728531261,6.0,8.882118015403962e-05
AC,c_a,NN,Neural Network,uncalibrated,4.92,1.2029400000000001,-0.00030973110510393764,0.0004773158029512884,6.0,-0.0003081431542600137,0.00047562375339713406,6.0,8.79568772001331e-05
AC,c_a,NN,Neural Network,uncalibrated,4.921,1.203105,-0.0003072706995900314,0.0004681470672639401,6.0,-0.00030574276048161986,0.00046652245889394447,6.0,8.711694273827285e-05
AC,c_a,NN,Neural Network,uncalibrated,4.922,1.20327,-0.00030470855596111666,0.00045915700785357426,6.0,-0.00030323840040543293,0.0004575970425403411,6.0,8.630041017338768e-05
AC,c_a,NN,Neural Network,uncalibrated,4.923,1.203435,-0.0003020524879208961,0.00045034077691440285,6.0,-0.00030063797128443426,0.00044884278624258685,6.0,8.550635888135777e-05
AC,c_a,NN,Neural Network,uncalibrated,4.924,1.2036000000000002,-0.0002993098900196224,0.0004416937503642518,6.0,-0.0002979489478900921,0.0004402551883869468,6.0,8.473391168069699e-05
AC,c_a,NN,Neural Network,uncalibrated,4.925,1.203765,-0.00029648776314634344,0.0004332115156878227,6.0,-0.00029517840814567253,0.00043182995217129754,6.0,8.398223246271867e-05
AC,c_a,NN,Neural Network,uncalibrated,4.926,1.2039300000000002,-0.00029359273805361775,0.00042488986036019,6.0,-0.00029233305678718247,0.00042356297447986095,6.0,8.325052396900877e-05
AC,c_a,NN,Neural Network,uncalibrated,4.927,1.204095,-0.000290631097136561,0.00041672476083296124,6.0,-0.00028941924727360346,0.00041545033528645934,6.0,8.253802570595177e-05
AC,c_a,NN,Neural Network,uncalibrated,4.928,1.20426,-0.00028760879458497135,0.00040871237206030584,6.0,-0.00028644300206515094,0.0004074882875662969,6.0,8.184401198677625e-05
AC,c_a,NN,Neural Network,uncalibrated,4.929,1.204425,-0.0002845314750707272,0.0004008490175582479,6.0,-0.000283410031431619,0.00039967324771206014,6.0,8.11677900923973e-05
AC,c_a,NN,Neural Network,uncalibrated,4.93,1.20459,-0.0002814044910516526,0.000393131179937824,6.0,-0.00028032575087222344,0.00039200178639743887,6.0,8.050869854292314e-05
