transition,folder,tag,model,calibration,param,k4,chi,chi_err,chi_B,variance,variance_err,variance_B,ess_frac
BCb,b_cb,LR,Logistic Regression,uncalibrated,0.036,0.97125,-0.0002124970626568271,0.00021968416364258377,2.0,-1.329749711820669e-07,1.33076386386579e-07,2.0,0.0001563208300938046
BCb,b_cb,LR,Logistic Regression,uncalibrated,0.03602,0.9712312,-0.00022564611341660892,0.00023344158830585849,2.0,-1.4378531248819213e-07,1.438965054092835e-07,2.0,0.0001596553491606923
BCb,b_cb,LR,Logistic Regression,uncalibrated,0.03604,0.9712124,-0.00023980739277540522,0.00024828604175131976,2.0,-1.557189047885294e-07,1.558412156572447e-07,2.0,0.0001631400369800422
BCb,b_cb,LR,Logistic Regression,uncalibrated,0.03606,0.9711936,-0.0002550730844526347,0.0002643213195864858,2.0,-1.6891684604377257e-07,1.690518463454474e-07,2.0,0.0001667845039170563
BCb,b_cb,LR,Logistic Regression,uncalibrated,0.03608,0.9711748,-0.00027154561172636676,0.00028166363725208555,2.0,-1.8354136708117738e-07,1.8369090766318578e-07,2.0,0.0001705991797407486
BCb,b_cb,LR,Logistic Regression,uncalibrated,0.0361,0.9711559999999999,-0.00028933898063335044,0.0003004434507918719,2.0,-1.9977951832869043e-07,1.9994578918499352e-07,2.0,0.00017459540114748138
BCb,b_cb,LR,Logistic Regression,uncalibrated,0.03612,0.9711371999999999,-0.000308580305353676,0.00032080757776771035,2.0,-2.1784758271766574e-07,2.1803318766679796e-07,2.0,0.00017878551039956058
BCb,b_cb,LR,Logistic Regression,uncalibrated,0.03614,0.9711183999999999,-0.0003294115345979352,0.0003429216691251475,2.0,-2.3799637143281902e-07,2.3820442189068347e-07,2.0,0.0001831829667009212
BCb,b_cb,LR,Logistic Regression,uncalibrated,0.03616,0.9710996,-0.0003519913966698371,0.0003669730910024387,2.0,-2.605175953119506e-07,2.6075182867543605e-07,2.0,0.00018780247219776363
BCb,b_cb,LR,Logistic Regression,uncalibrated,0.03618,0.9710808,-0.0003764975778059092,0.00039317428461781265,2.0,-2.857515495831142e-07,2.860164795046193e-07,2.0,0.00019266011480807853
BCb,b_cb,LR,Logistic Regression,uncalibrated,0.0362,0.971062,-0.0004031291431056514,0.000421766683097854,2.0,-3.1409640543513117e-07,3.143975136474561e-07,2.0,0.0001977735304575747
BCb,b_cb,LR,Logistic Regression,uncalibrated,0.03622,0.9710432,-0.00043210919970523685,0.00045302527549346026,2.0,-3.460194714434026e-07,3.463634540204551e-07,2.0,0.00020316208774441542
BCb,b_cb,LR,Logistic Regression,uncalibrated,0.03624,0.9710244,-0.0004636877872209053,0.00048726392129466565,2.0,-3.82070874544379e-07,3.824659598797802e-07,2.0,0.0002088470985853734
BCb,b_cb,LR,Logistic Regression,uncalibrated,0.03626,0.9710056,-0.0004981449581367445,0.0005248415328855837,2.0,-4.229002184276105e-07,4.2335658023666697e-07,2.0,0.00021485205902985587
BCb,b_cb,LR,Logistic Regression,uncalibrated,0.03628,0.9709868,-0.0005357939774684743,0.0005661692581309935,2.0,-4.6927691245197556e-07,4.698072093974738e-07,2.0,0.00022120292518815527
BCb,b_cb,LR,Logistic Regression,uncalibrated,0.0363,0.970968,-0.0005769845235292889,0.0006117188111901047,2.0,-5.221150332305044e-07,5.227351182552407e-07,2.0,0.0002279284301337885
BCb,b_cb,LR,Logistic Regression,uncalibrated,0.03632,0.9709492,-0.000622105703367319,0.0006620321149582332,2.0,-5.825037927635099e-07,5.832336511888434e-07,2.0,0.0002350604487413466
BCb,b_cb,LR,Logistic Regression,uncalibrated,0.03634,0.9709304,-0.0006715886012951068,0.0007177324333703582,2.0,-6.517449521126984e-07,6.526099499042253e-07,2.0,0.00024263441875320858
BCb,b_cb,LR,Logistic Regression,uncalibrated,0.03636,0.9709116,-0.0007259079466673368,0.0007795371839931836,2.0,-7.313988520086699e-07,7.324314070095043e-07,2.0,0.00025068982798532593
BCb,b_cb,LR,Logistic Regression,uncalibrated,0.03638,0.9708928,-0.0007855823058944334,0.0008482726293167556,2.0,-8.233411485312995e-07,8.245829818083115e-07,2.0,0.00025927077954793356
BCb,b_cb,LR,Logistic Regression,uncalibrated,0.0364,0.970874,-0.0008511719577898168,0.0009248906459045708,2.0,-9.298328647492475e-07,9.313380521244363e-07,2.0,0.00026842664935973053
BCb,b_cb,LR,Logistic Regression,uncalibrated,0.03642,0.9708552,-0.0009232732811412882,0.0010104877601482345,2.0,-1.0536070248790646e-06,1.0554461584281834e-06,2.0,0.0002782128531753422
BCb,b_cb,LR,Logistic Regression,uncalibrated,0.03644,0.9708364,-0.001002508044847733,0.0011063266124921348,2.0,-1.1979759597449847e-06,1.2002418575130816e-06,2.0,0.0002886917439626124
BCb,b_cb,LR,Logistic Regression,uncalibrated,0.03646,0.9708176000000001,-0.0010895054152905877,0.0012138599614030078,2.0,-1.366964402927738e-06,1.3697799898777025e-06,2.0,0.00029993366492757324
BCb,b_cb,LR,Logistic Regression,uncalibrated,0.03648,0.9707988000000001,-0.0011848737499787717,0.0013347572547040146,2.0,-1.5654747876408213e-06,1.5690040376914045e-06,2.0,0.0003120181890081736
BCb,b_cb,LR,Logistic Regression,uncalibrated,0.0365,0.9707800000000001,-0.0012891582953314569,0.0014709336670285173,2.0,-1.7994927686322435e-06,1.8039559845386185e-06,2.0,0.00032503558252125643
BCb,b_cb,LR,Logistic Regression,uncalibrated,0.03652,0.9707612,-0.0014027797146164093,0.0016245813126392781,2.0,-2.0763430089311015e-06,2.0820382798318823e-06,2.0,0.00033908853920805524
BCb,b_cb,LR,Logistic Regression,uncalibrated,0.03654,0.9707424,-0.001525946910932253,0.0017982020737852859,2.0,-2.4050077815884927e-06,2.41234128039968e-06,2.0,0.0003542942416424407
BCb,b_cb,LR,Logistic Regression,uncalibrated,0.03656,0.9707236,-0.0016585358668246976,0.0019946411131256054,2.0,-2.7965240535171498e-06,2.806053041347529e-06,2.0,0.0003707868204430158
BCb,b_cb,LR,Logistic Regression,uncalibrated,0.03658,0.9707048,-0.001799924214402583,0.0022171196377874184,2.0,-3.2644785725298835e-06,3.2769727483392155e-06,2.0,0.0003887202987368996
BCb,b_cb,LR,Logistic Regression,uncalibrated,0.0366,0.970686,-0.0019487690469901326,0.0024692648225390296,2.0,-3.825625218685348e-06,3.842154662662707e-06,2.0,0.0004082721308832972
BCb,b_cb,LR,Logistic Regression,uncalibrated,0.03662,0.9706679,-0.002098286308626094,0.002746473099494945,2.0,-4.479461011643349e-06,4.501338831217364e-06,2.0,0.00042900314082650276
BCb,b_cb,LR,Logistic Regression,uncalibrated,0.03664,0.9706498,-0.0022492129995579464,0.00305963471622709,2.0,-5.26410030672158e-06,5.293294440075982e-06,2.0,0.00045167388738763276
BCb,b_cb,LR,Logistic Regression,uncalibrated,0.03666,0.9706317,-0.0023964706823426728,0.003413268835371958,2.0,-6.208305163278878e-06,6.2475735557900946e-06,2.0,0.0004765370214630228
BCb,b_cb,LR,Logistic Regression,uncalibrated,0.03668,0.9706136000000001,-0.0025327921868678474,0.0038122720047578523,2.0,-7.3474965480472985e-06,7.400724548623913e-06,2.0,0.0005038865180216589
BCb,b_cb,LR,Logistic Regression,uncalibrated,0.0367,0.9705955,-0.002648078244550286,0.004261874211789987,2.0,-8.725322269529539e-06,8.798010648534457e-06,2.0,0.000534065718307974
BCb,b_cb,LR,Logistic Regression,uncalibrated,0.03672,0.9705774,-0.002728626568745049,0.004767561016962749,2.0,-1.039558525896213e-05,1.049555818586933e-05,2.0,0.0005674771785729854
BCb,b_cb,LR,Logistic Regression,uncalibrated,0.03674,0.9705593,-0.0027562310266436383,0.005334951568704692,2.0,-1.2424606826306577e-05,1.2563041685953593e-05,2.0,0.0006045947839644901
BCb,b_cb,LR,Logistic Regression,uncalibrated,0.03676,0.9705412,-0.0027071601223235976,0.00596962080592048,2.0,-1.4894110000361989e-05,1.5087038871102524e-05,2.0,0.0006459787155935796
BCb,b_cb,LR,Logistic Regression,uncalibrated,0.03678,0.9705231,-0.002551040766235484,0.006676853011458091,2.0,-1.7904716975269272e-05,1.817522021367089e-05,2.0,0.0006922940281834584
BCb,b_cb,LR,Logistic Regression,uncalibrated,0.0368,0.970505,-0.0022496956918502263,0.007461313440578522,2.0,-2.158015961089801e-05,2.1961575939088303e-05,2.0,0.0007443338184629331
BCb,b_cb,LR,Logistic Regression,uncalibrated,0.03682,0.9704869,-0.0017560105606656985,0.008326625492027428,2.0,-2.6072298930661983e-05,2.6612929255225223e-05,2.0,0.0008030482587548354
BCb,b_cb,LR,Logistic Regression,uncalibrated,0.03684,0.9704688,-0.0010129381936679529,0.009274843427283786,2.0,-3.15670324113295e-05,3.2337038923428634e-05,2.0,0.0008695811607810925
BCb,b_cb,LR,Logistic Regression,uncalibrated,0.03686,0.9704507,4.7220805697847576e-05,0.010305815701996205,2.0,-3.829112700439365e-05,3.9392657616538615e-05,2.0,0.0009453162554088769
BCb,b_cb,LR,Logistic Regression,uncalibrated,0.03688,0.9704326,0.0015030948337418741,0.011416442331906317,2.0,-4.65199368787517e-05,4.810198474842461e-05,2.0,0.001031936071399664
BCb,b_cb,LR,Logistic Regression,uncalibrated,0.0369,0.9704145,0.003443894541020287,0.012599842078956109,2.0,-5.6585826583194565e-05,5.886603243736294e-05,2.0,0.001131497234169136
BCb,b_cb,LR,Logistic Regression,uncalibrated,0.03692,0.9703963999999999,0.005968267783777324,0.01384446203132209,2.0,-6.88868919208237e-05,7.218350802712645e-05,2.0,0.0012465272725512404
BCb,b_cb,LR,Logistic Regression,uncalibrated,0.03694,0.9703783,0.009182217093465783,0.015133183181610513,2.0,-8.389520856661073e-05,8.867390035387163e-05,2.0,0.0013801497399112406
BCb,b_cb,LR,Logistic Regression,uncalibrated,0.03696,0.9703602,0.013196011554651388,0.016442499694733957,2.0,-0.00010216328145532898,0.00010910552963596605,2.0,0.0015362467953109178
BCb,b_cb,LR,Logistic Regression,uncalibrated,0.03698,0.9703421,0.01812013199639915,0.017741874079536712,2.0,-0.00012432653339087432,0.00013442936602549573,2.0,0.0017196715861089265
BCb,b_cb,LR,Logistic Regression,uncalibrated,0.037,0.970324,0.024060423298755025,0.01899339105522745,2.0,-0.00015109844955775177,0.00016581941385139534,2.0,0.0019365271518468898
BCb,b_cb,LR,Logistic Regression,uncalibrated,0.03702,0.97030885,0.03017726535617267,0.02001674715131908,2.0,-0.00017895645218714084,0.0001994439102035823,2.0,0.0021602696139150133
BCb,b_cb,LR,Logistic Regression,uncalibrated,0.03704,0.9702936999999999,0.03720385262157752,0.02093434275434511,2.0,-0.00021148819669068177,0.00024000929792475356,2.0,0.0024221483475655053
BCb,b_cb,LR,Logistic Regression,uncalibrated,0.03706,0.97027855,0.0451838266232706,0.021708213221422325,2.0,-0.0002492138610926367,0.0002889171290318617,2.0,0.002730248918475682
BCb,b_cb,LR,Logistic Regression,uncalibrated,0.03708,0.9702634,0.05414712657281431,0.022298050721036182,2.0,-0.0002925811665816612,0.000347829550538907,2.0,0.0030946534936711787
BCb,b_cb,LR,Logistic Regression,uncalibrated,0.0371,0.9702482499999999,0.06410846431449224,0.022662465063505353,2.0,-0.0003418841112920821,0.0004187075241365687,2.0,0.003527992055978021
BCb,b_cb,LR,Logistic Regression,uncalibrated,0.03712,0.9702331,0.07506651723235047,0.022760498857774814,2.0,-0.0003971437440547114,0.0005038502245650529,2.0,0.004046158191879367
BCb,b_cb,LR,Logistic Regression,uncalibrated,0.03714,0.97021795,0.08700386827742206,0.022553311832691658,2.0,-0.00045793800089428564,0.0006059334011966727,2.0,0.004669240808494743
BCb,b_cb,LR,Logistic Regression,uncalibrated,0.03716,0.9702028,0.096795494065668,0.02249068188790473,4.0,-0.0005231645784691379,0.000728043277790302,2.0,0.005422739134212399
BCb,b_cb,LR,Logistic Regression,uncalibrated,0.03718,0.97018765,0.1097917308265755,0.022618361262543976,4.0,-0.0005907176942503611,0.0008737009419821958,2.0,0.006339148917246599
BCb,b_cb,LR,Logistic Regression,uncalibrated,0.0372,0.9701725,0.12355921712835989,0.02270239146672712,15.0,-0.0006570568009475258,0.0010468700536054977,2.0,0.007460033745073872
BCb,b_cb,LR,Logistic Regression,uncalibrated,0.03722,0.97015735,0.138225378502254,0.02310549652573975,15.0,-0.0007166435743322865,0.001251938003998973,2.0,0.008838727573605048
BCb,b_cb,LR,Logistic Regression,uncalibrated,0.03724,0.9701422,0.15365371206243958,0.0235002827597247,15.0,-0.0007612238358899136,0.0014936573432953524,2.0,0.010543853027256472
BCb,b_cb,LR,Logistic Regression,uncalibrated,0.03726,0.97012705,0.16794262647832806,0.023978346643000907,11.0,-0.000778935012720152,0.001777030383545337,2.0,0.01266388371949465
BCb,b_cb,LR,Logistic Regression,uncalibrated,0.03728,0.9701119,0.18427821988266802,0.024833844695247152,11.0,-0.0007532292878564668,0.002107115530489541,2.0,0.01531302425761929
BCb,b_cb,LR,Logistic Regression,uncalibrated,0.0373,0.9700967500000001,0.20111648051215542,0.025669427094230375,11.0,-0.0006616202347700839,0.0024887294502688247,2.0,0.018638720984056886
BCb,b_cb,LR,Logistic Regression,uncalibrated,0.03732,0.9700816,0.2183454737048442,0.0264907095727884,11.0,-0.0004742892112444188,0.0029260153151567632,2.0,0.022831135033105476
BCb,b_cb,LR,Logistic Regression,uncalibrated,0.03734,0.97006645,0.23583945814061516,0.027301839559377136,11.0,-0.00015262966376987288,0.003421845240612761,2.0,0.02813488101381523
BCb,b_cb,LR,Logistic Regression,uncalibrated,0.03736,0.9700513000000001,0.25345788195114466,0.02810523695458383,11.0,0.00035213573899193617,0.0039770264182890135,2.0,0.034863217333164755
BCb,b_cb,LR,Logistic Regression,uncalibrated,0.03738,0.97003615,0.27420193606484156,0.029038757733545893,4.0,0.0011000594786458595,0.004589287982462277,2.0,0.043414603394756245
BCb,b_cb,LR,Logistic Regression,uncalibrated,0.0374,0.970021,0.2916926495670259,0.031245852787153795,4.0,0.002163009850149767,0.005252042870629127,2.0,0.0542910228576309
BCb,b_cb,LR,Logistic Regression,uncalibrated,0.03742,0.9700083500000001,0.3067375821684428,0.03337599513699022,4.0,0.0034256350071908085,0.005868147322623414,2.0,0.06628884200533582
BCb,b_cb,LR,Logistic Regression,uncalibrated,0.03744,0.9699957,0.3212872233493008,0.03562619060294924,4.0,0.00506026765840464,0.006500998619278059,2.0,0.08108654983500742
BCb,b_cb,LR,Logistic Regression,uncalibrated,0.03746,0.9699830500000001,0.3351821675565102,0.03793874154018901,4.0,0.007134312676934094,0.00713232275329694,2.0,0.09928713917019547
BCb,b_cb,LR,Logistic Regression,uncalibrated,0.03748,0.9699704,0.34825515232109394,0.040250205136280595,4.0,0.009716559781560635,0.007737898641200136,2.0,0.12158064831635672
BCb,b_cb,LR,Logistic Regression,uncalibrated,0.0375,0.9699577500000001,0.36033413099223605,0.042491659305172055,4.0,0.012873396513850551,0.00828708214631448,2.0,0.14873218133773633
BCb,b_cb,LR,Logistic Regression,uncalibrated,0.03752,0.9699451,0.370657304489315,0.04497706426407211,5.0,0.01666400771433957,0.008742756322911579,2.0,0.18155382341013382
BCb,b_cb,LR,Logistic Regression,uncalibrated,0.03754,0.9699324500000001,0.37999280618824416,0.047626498709579766,5.0,0.02143883469363607,0.009466433725937294,15.0,0.22085395621435658
BCb,b_cb,LR,Logistic Regression,uncalibrated,0.03756,0.9699198,0.3878303394345707,0.04997004703633996,5.0,0.026353248302508382,0.010296778845403585,15.0,0.26735722678399226
BCb,b_cb,LR,Logistic Regression,uncalibrated,0.03758,0.9699071499999999,0.3940312212086552,0.05191786472289795,5.0,0.031978753917334686,0.011103641867582866,15.0,0.32158986045904486
BCb,b_cb,LR,Logistic Regression,uncalibrated,0.0376,0.9698945,0.3984767239969094,0.0533874404484449,5.0,0.038312472731133515,0.011875562942292993,15.0,0.38372939945201756
BCb,b_cb,LR,Logistic Regression,uncalibrated,0.03762,0.96988185,0.4031155945942191,0.05537398023431178,2.0,0.04532276151964282,0.012602300595100039,15.0,0.4534266346865098
BCb,b_cb,LR,Logistic Regression,uncalibrated,0.03764,0.9698692,0.4029261323753536,0.0568980933413602,2.0,0.0529457425205464,0.01327391492849642,15.0,0.5296210954048047
BCb,b_cb,LR,Logistic Regression,uncalibrated,0.03766,0.96985655,0.4007816990059514,0.057692469755882186,2.0,0.06108343638397553,0.013879181421709012,15.0,0.6103884135688712
BCb,b_cb,LR,Logistic Regression,uncalibrated,0.03768,0.9698439,0.3967047174154137,0.05769322278897651,2.0,0.06960387304444804,0.014403725662934627,15.0,0.6928728405512047
BCb,b_cb,LR,Logistic Regression,uncalibrated,0.0377,0.96983125,0.39075069432681847,0.0568574271489376,2.0,0.0783434138089577,0.014828513175143498,15.0,0.7733617091240754
BCb,b_cb,LR,Logistic Regression,uncalibrated,0.03772,0.9698186,0.38300458783515445,0.05516881334025936,2.0,0.08711134071496271,0.015129393793118494,15.0,0.8475403100621043
BCb,b_cb,LR,Logistic Regression,uncalibrated,0.03774,0.9698059499999999,0.3735759768894783,0.05264212209823546,2.0,0.095295469281296,0.015435145814370757,18.0,0.9109215619176733
BCb,b_cb,LR,Logistic Regression,uncalibrated,0.03776,0.9697933,0.3625937352948051,0.0493253693411225,2.0,0.10345708063501134,0.015685142924952624,18.0,0.9593855233953249
BCb,b_cb,LR,Logistic Regression,uncalibrated,0.03778,0.9697806499999999,0.3502009301142198,0.045299474768873776,2.0,0.11102395644914899,0.015666687649965184,18.0,0.989714699308653
BCb,b_cb,LR,Logistic Regression,uncalibrated,0.0378,0.969768,0.3365505255328011,0.04067504578643244,2.0,0.11777819413930185,0.015341470430956126,18.0,1.0
BCb,b_cb,LR,Logistic Regression,uncalibrated,0.03782,0.96975745,0.32353091862876254,0.036186641368096295,2.0,0.12292523358178202,0.014779569481815824,18.0,0.9919858463389287
BCb,b_cb,LR,Logistic Regression,uncalibrated,0.03784,0.9697469,0.31320386426198604,0.033076948159837485,4.0,0.12715085421350725,0.013961520531707568,18.0,0.968533387036663
BCb,b_cb,LR,Logistic Regression,uncalibrated,0.03786,0.96973635,0.2981527359536361,0.03218244857894234,4.0,0.1280590265609245,0.01327705597220443,5.0,0.931086852331718
BCb,b_cb,LR,Logistic Regression,uncalibrated,0.03788,0.9697258,0.2825119010620797,0.031525868492544414,4.0,0.13001931503386105,0.01272293906272601,5.0,0.8816849446668497
BCb,b_cb,LR,Logistic Regression,uncalibrated,0.0379,0.9697152499999999,0.2664387121079058,0.03104185964433162,4.0,0.13090475214430572,0.012016004002630616,5.0,0.8227595402877027
BCb,b_cb,LR,Logistic Regression,uncalibrated,0.03792,0.9697047,0.2500910345185762,0.03065597780554246,4.0,0.1306976579967431,0.011234554272030507,5.0,0.7569416221005091
BCb,b_cb,LR,Logistic Regression,uncalibrated,0.03794,0.9696941499999999,0.2343145786364984,0.030824160560126043,15.0,0.12940732010626965,0.010475451898684865,5.0,0.6868889523677042
BCb,b_cb,LR,Logistic Regression,uncalibrated,0.03796,0.9696836,0.21756348703061887,0.031021918217579415,15.0,0.12706958960383147,0.009845606250151922,5.0,0.6151398657433246
BCb,b_cb,LR,Logistic Regression,uncalibrated,0.03798,0.9696730499999999,0.20096763176545987,0.03120131496777845,15.0,0.123746674416345,0.009970451965118612,4.0,0.5439927790096228
BCb,b_cb,LR,Logistic Regression,uncalibrated,0.038,0.9696625,0.1846579970567662,0.03132747858015923,15.0,0.11930648775926984,0.010654714081314673,4.0,0.47541124847268074
BCb,b_cb,LR,Logistic Regression,uncalibrated,0.03802,0.96965195,0.16875419714166331,0.03137231151791337,15.0,0.11408349522017192,0.011387502963414198,4.0,0.41095705339018207
BCb,b_cb,LR,Logistic Regression,uncalibrated,0.03804,0.9696414,0.15336321812327297,0.03131498927115075,15.0,0.10820527664956071,0.012084216580193801,4.0,0.35175559447802573
BCb,b_cb,LR,Logistic Regression,uncalibrated,0.03806,0.96963085,0.13885072448329322,0.03119800792006024,18.0,0.10180636866741712,0.012692838646883451,4.0,0.29849669508926296
BCb,b_cb,LR,Logistic Regression,uncalibrated,0.03808,0.9696203,0.12465137265532061,0.031101103474037984,18.0,0.09502315425661095,0.013188400506613449,4.0,0.25146961268132406
BCb,b_cb,LR,Logistic Regression,uncalibrated,0.0381,0.9696097499999999,0.11121152902628706,0.030816603525502913,18.0,0.08817742303390574,0.014226410712812863,15.0,0.21062555191614293
BCb,b_cb,LR,Logistic Regression,uncalibrated,0.03812,0.9695992,0.09858379726718264,0.030357395322519527,18.0,0.08086948531440696,0.015289999562157276,18.0,0.1756567002152921
BCb,b_cb,LR,Logistic Regression,uncalibrated,0.03814,0.9695886499999999,0.08680550879666202,0.02974005478852766,18.0,0.07330125028504433,0.016167335793526496,18.0,0.14607944882567966
BCb,b_cb,LR,Logistic Regression,uncalibrated,0.03816,0.9695781,0.07589935358066391,0.028983141602911447,18.0,0.06584012905670314,0.016844012356044203,18.0,0.12131115326342223
BCb,b_cb,LR,Logistic Regression,uncalibrated,0.03818,0.96956755,0.06587428862796815,0.028105862973041674,18.0,0.05859229142335704,0.017320696120570942,18.0,0.1007334186909627
BCb,b_cb,LR,Logistic Regression,uncalibrated,0.0382,0.969557,0.056726669020036646,0.027127114817567567,18.0,0.05164772550163329,0.017604465128794503,18.0,0.08373895726887279
BCb,b_cb,LR,Logistic Regression,uncalibrated,0.03822,0.96954805,0.04921028919785769,0.02617136773315285,18.0,0.0457002068889877,0.017704366965437993,18.0,0.0709988851712852
BCb,b_cb,LR,Logistic Regression,uncalibrated,0.03824,0.9695391,0.042378862435054974,0.02515985577051973,18.0,0.04010114173967448,0.017666514392865422,18.0,0.06034469006319879
BCb,b_cb,LR,Logistic Regression,uncalibrated,0.03826,0.96953015,0.03620879351154053,0.024104091464660273,18.0,0.034881260082906936,0.017502361895177638,18.0,0.05144460275959754
BCb,b_cb,LR,Logistic Regression,uncalibrated,0.03828,0.9695212,0.030671669773288314,0.023014763372975432,18.0,0.03006083241188772,0.017224079096004475,18.0,0.04401105840318654
BCb,b_cb,LR,Logistic Regression,uncalibrated,0.0383,0.96951225,0.025735149530170726,0.02190181289182222,18.0,0.02565048938463546,0.016844241524193136,18.0,0.03779842834440298
BCb,b_cb,LR,Logistic Regression,uncalibrated,0.03832,0.9695033,0.021363830386139666,0.020774520675581186,18.0,0.021652207206985814,0.01637561409030977,18.0,0.032599275594416714
BCb,b_cb,LR,Logistic Regression,uncalibrated,0.03834,0.96949435,0.017520084420152203,0.01964157823092013,18.0,0.018060403373853357,0.01583098516966023,18.0,0.028239937760063224
BCb,b_cb,LR,Logistic Regression,uncalibrated,0.03836,0.9694853999999999,0.01416484889200147,0.018511130464287907,18.0,0.014863092423324668,0.015223020392919675,18.0,0.024575978424905442
BCb,b_cb,LR,Logistic Regression,uncalibrated,0.03838,0.9694764499999999,0.01125836250313363,0.017390784640186473,18.0,0.012043057004688187,0.014564117768189855,18.0,0.0214878413777619
BCb,b_cb,LR,Logistic Regression,uncalibrated,0.0384,0.9694675,0.00876083840706799,0.016287589018431577,18.0,0.009578995532391263,0.013866257354432573,18.0,0.018876891506139117
BCb,b_cb,LR,Logistic Regression,uncalibrated,0.03842,0.96945855,0.006633066369955098,0.0152079896479829,18.0,0.007446613844992782,0.013140847695080046,18.0,0.016661923397319194
BCb,b_cb,LR,Logistic Regression,uncalibrated,0.03844,0.9694496,0.004836937923372852,0.014157776281191093,18.0,0.005619634562379619,0.012398576795553442,18.0,0.01477615309049539
BCb,b_cb,LR,Logistic Regression,uncalibrated,0.03846,0.96944065,0.0034256565551228652,0.013149534383365418,21.0,0.004070704188058858,0.011649277621204603,18.0,0.013164669794051623
BCb,b_cb,LR,Logistic Regression,uncalibrated,0.03848,0.9694317,0.0021497669577420758,0.01220196097719808,21.0,0.0028403923310293747,0.010915288874085211,21.0,0.01178230421404042
BCb,b_cb,LR,Logistic Regression,uncalibrated,0.0385,0.96942275,0.0011076057112385674,0.011289666359985734,21.0,0.001736282289544984,0.010201446136841173,21.0,0.010591861918684976
BCb,b_cb,LR,Logistic Regression,uncalibrated,0.03852,0.9694138,0.0002685628785442625,0.010416593961549592,21.0,0.0008335087603043335,0.009498346726569537,21.0,0.009562669211511958
BCb,b_cb,LR,Logistic Regression,uncalibrated,0.03854,0.96940485,-0.00039551317484724097,0.009585758686029788,21.0,0.00010678307457495304,0.008812521937603063,21.0,0.008669382107827896
BCb,b_cb,LR,Logistic Regression,uncalibrated,0.03856,0.9693959,-0.0009102363542405961,0.008799290299179764,21.0,-0.00046759788109849293,0.008149326188736428,21.0,0.007891014127397261
BCb,b_cb,LR,Logistic Regression,uncalibrated,0.03858,0.96938695,-0.0012986716504459128,0.00805849769083477,21.0,-0.0009115154350083574,0.007512989239138098,21.0,0.0072101444440792264
BCb,b_cb,LR,Logistic Regression,uncalibrated,0.0386,0.969378,-0.0015813819866574365,0.007363948123421626,21.0,-0.001244890766831189,0.0069066951441353825,21.0,0.0066122737223430015
BCb,b_cb,LR,Logistic Regression,uncalibrated,0.03862,0.9693706,-0.0017593181306813231,0.006780707814820423,21.0,-0.0014639384472352017,0.00639068612589598,21.0,0.006136812343073591
BCb,b_cb,LR,Logistic Regression,uncalibrated,0.03864,0.9693632,-0.001878563771789752,0.006234095600349475,21.0,-0.0016202310830230968,0.005901645016899884,21.0,0.005710847980960029
BCb,b_cb,LR,Logistic Regression,uncalibrated,0.03866,0.9693558,-0.0019492335498524152,0.005723358792212673,21.0,-0.001724018606813104,0.005440128052039801,21.0,0.005328106527783702
BCb,b_cb,LR,Logistic Regression,uncalibrated,0.03868,0.9693484,-0.0019801627542216345,0.005247489343998818,21.0,-0.001784352751888877,0.005006279837895535,21.0,0.00498321215325415
BCb,b_cb,LR,Logistic Regression,uncalibrated,0.0387,0.969341,-0.0019790116965302477,0.004805273556532589,21.0,-0.0018091595644117182,0.004599896508417935,21.0,0.004671547235562124
BCb,b_cb,LR,Logistic Regression,uncalibrated,0.03872,0.9693336,-0.001952372049748913,0.004395338128602788,21.0,-0.0018053218894538339,0.004220485385649791,21.0,0.004389135498216952
BCb,b_cb,LR,Logistic Regression,uncalibrated,0.03874,0.9693262,-0.0019058724025121058,0.004016191974343483,21.0,-0.0017787675251243343,0.003867320142868455,21.0,0.004132544353858144
BCb,b_cb,LR,Logistic Regression,uncalibrated,0.03876,0.9693188,-0.00184428083348741,0.0036662634902976604,21.0,-0.001734559509067029,0.003539490845909499,21.0,0.0038988031571142875
BCb,b_cb,LR,Logistic Regression,uncalibrated,0.03878,0.9693114,-0.0017723880134951652,0.003344954073312211,22.0,-0.0016773155506926785,0.0032364771615584517,22.0,0.0036853346483106185
BCb,b_cb,LR,Logistic Regression,uncalibrated,0.0388,0.9693039999999999,-0.001692777076373028,0.0030496695996340417,22.0,-0.0016108135622527886,0.0029571825016608206,22.0,0.003489897347764067
BCb,b_cb,LR,Logistic Regression,uncalibrated,0.03882,0.9692966,-0.0016080331936025342,0.0027784930873883187,22.0,-0.00153741233565519,0.0026996013608588387,22.0,0.0033105370537382505
BCb,b_cb,LR,Logistic Regression,uncalibrated,0.03884,0.9692892,-0.0015204092295837213,0.0025298402135653206,22.0,-0.0014595845075912645,0.002462506924936619,22.0,0.003145545920416168
BCb,b_cb,LR,Logistic Regression,uncalibrated,0.03886,0.9692818,-0.0014317230105896374,0.0023021634514810425,22.0,-0.001379345800612049,0.002244657192206862,22.0,0.0029934278579205375
BCb,b_cb,LR,Logistic Regression,uncalibrated,0.03888,0.9692744,-0.0013434206316795833,0.002093964395516525,22.0,-0.0012983189246749374,0.002044814389971801,22.0,0.0028528692145324184
BCb,b_cb,LR,Logistic Regression,uncalibrated,0.0389,0.969267,-0.0012556184013302754,0.0019039374944359404,23.0,-0.001217791108808562,0.0018617606555613874,22.0,0.0027227138805392733
BCb,b_cb,LR,Logistic Regression,uncalibrated,0.03892,0.9692596,-0.0011720648132300655,0.0017312059237743376,23.0,-0.0011383892666237813,0.0016949842497513345,23.0,0.0026019421004697166
BCb,b_cb,LR,Logistic Regression,uncalibrated,0.03894,0.9692522,-0.0010913819749444572,0.0015736822245178016,23.0,-0.00106234415925416,0.0015426235263445033,23.0,0.0024896524016750406
BCb,b_cb,LR,Logistic Regression,uncalibrated,0.03896,0.9692448,-0.0010140502552446438,0.0014301572281891209,23.0,-0.000988999278766022,0.0014034988903964634,23.0,0.0023850461470152112
BCb,b_cb,LR,Logistic Regression,uncalibrated,0.03898,0.9692374,-0.0009403969896232987,0.0012994933039838174,23.0,-0.0009187726335719176,0.001276587663880865,23.0,0.002287414301676695
BCb,b_cb,LR,Logistic Regression,uncalibrated,0.039,0.96923,-0.0008706248782711529,0.0011806246687944956,23.0,-0.000851945531586667,0.001160921603090898,23.0,0.002196126072055642
BCb,b_cb,LR,Logistic Regression,uncalibrated,0.03902,0.96922275,-0.000805545319484933,0.0010737102695311037,23.0,-0.0007893710902852264,0.0010567140844496765,23.0,0.0021114902591880054
BCb,b_cb,LR,Logistic Regression,uncalibrated,0.03904,0.9692155,-0.0007443839110499135,0.000976460974293049,23.0,-0.0007303670857363915,0.0009617825850000393,23.0,0.002032020135972979
BCb,b_cb,LR,Logistic Regression,uncalibrated,0.03906,0.96920825,-0.0006871026050277453,0.0008880464492006158,23.0,-0.0006749443768406999,0.0008753544166566819,23.0,0.001957280511268437
BCb,b_cb,LR,Logistic Regression,uncalibrated,0.03908,0.969201,-0.0006336172070278425,0.0008076982242799075,23.0,-0.0006230608766668588,0.0007967100696631442,23.0,0.0018868807005085685
BCb,b_cb,LR,Logistic Regression,uncalibrated,0.0391,0.96919375,-0.000583808805820113,0.0007347068424124532,23.0,-0.0005746338809224155,0.0007251816733852472,23.0,0.0018204693364529036
BCb,b_cb,LR,Logistic Regression,uncalibrated,0.03912,0.9691865000000001,-0.0005375332157743406,0.0006684187949964818,23.0,-0.0005295503053148404,0.0006601510487847621,23.0,0.0017577298506952555
BCb,b_cb,LR,Logistic Regression,uncalibrated,0.03914,0.96917925,-0.0004946287143131461,0.0006082333329523408,23.0,-0.00048767512165101925,0.0006010474689645412,23.0,0.0016983765315043175
BCb,b_cb,LR,Logistic Regression,uncalibrated,0.03916,0.969172,-0.00045492232553127405,0.0005535992253898071,23.0,-0.0004488582523021877,0.0005473452242763207,23.0,0.0016421510778482638
BCb,b_cb,LR,Logistic Regression,uncalibrated,0.03918,0.96916475,-0.00041823487110737717,0.0005040115238627699,23.0,-0.00041294015286746677,0.0004985610708688041,23.0,0.0015888195814209999
BCb,b_cb,LR,Logistic Regression,uncalibrated,0.0392,0.9691575,-0.00038438498250767996,0.00045900837805815467,23.0,-0.0003797562855745753,0.00045425162660269933,23.0,0.0015381698785847952
BCb,b_cb,LR,Logistic Regression,uncalibrated,0.03922,0.96915025,-0.00035319224313590415,0.0004181679380693894,23.0,-0.0003491406601958294,0.00041401076503358154,23.0,0.0014900092226286452
BCb,b_cb,LR,Logistic Regression,uncalibrated,0.03924,0.969143,-0.0003244796060471112,0.0003811053696389981,23.0,-0.0003209285956493951,0.0003774670471764776,23.0,0.001444162233917733
BCb,b_cb,LR,Logistic Regression,uncalibrated,0.03926,0.96913575,-0.0002980752127114367,0.0003474700012792983,23.0,-0.00029495883467659575,0.00034428122135873136,23.0,0.001400469091575699
BCb,b_cb,LR,Logistic Regression,uncalibrated,0.03928,0.9691285,-0.0002738137197280866,0.00031694261607880794,23.0,-0.0002710751247246121,0.00031414381368988,23.0,0.0013587839354830126
BCb,b_cb,LR,Logistic Regression,uncalibrated,0.0393,0.9691212499999999,-0.0002515372247630949,0.0002892328959942019,23.0,-0.00024912736186871975,0.000286772825224386,23.0,0.001318973451739275
BCb,b_cb,LR,Logistic Regression,uncalibrated,0.03932,0.969114,-0.00023109586845121695,0.00026407702236642245,23.0,-0.00022897237943685995,0.00026191154658888833,23.0,0.0012809156184502815
BCb,b_cb,LR,Logistic Regression,uncalibrated,0.03934,0.96910675,-0.00021234817708261228,0.00024123543309364053,23.0,-0.00021047445048450388,0.00023932649647604983,23.0,0.001244498591861739
BCb,b_cb,LR,Logistic Regression,uncalibrated,0.03936,0.9690995,-0.0001951612003546668,0.00022049073466482778,23.0,-0.0001935055621795344,0.00021880548726557267,23.0,0.0012096197155673882
BCb,b_cb,LR,Logistic Regression,uncalibrated,0.03938,0.96909225,-0.00017941048902129063,0.0002016457649312813,23.0,-0.00017794551021997076,0.00020015581793492661,23.0,0.0011761846378185049
BCb,b_cb,LR,Logistic Regression,uncalibrated,0.0394,0.969085,-0.00016408085184084646,0.00018456204647026428,71.0,-0.0001636818536466365,0.00018320259271074158,23.0,0.001144106523949192
BCb,b_cb,LR,Logistic Regression,uncalibrated,0.03942,0.9690784,-0.00015206021719325994,0.00017021133332992673,71.0,-0.00015085300696016885,0.00016898485790305134,71.0,0.0011145402529627165
BCb,b_cb,LR,Logistic Regression,uncalibrated,0.03944,0.9690717999999999,-0.00014096201802901893,0.00015706565521313965,71.0,-0.000139878927663522,0.0001559660519811677,71.0,0.00108606706788369
BCb,b_cb,LR,Logistic Regression,uncalibrated,0.03946,0.9690652,-0.0001307172126899128,0.00014502021500574326,71.0,-0.00012974430543027238,0.00014403311995580956,71.0,0.0010586282220749433
BCb,b_cb,LR,Logistic Regression,uncalibrated,0.03948,0.9690586,-0.00012126126246935966,0.00013397937279357788,71.0,-0.00012038627036569275,0.00013309216154067227,71.0,0.0010321691691995423
BCb,b_cb,LR,Logistic Regression,uncalibrated,0.0395,0.9690519999999999,-0.00011253397103341179,0.0001238558687216673,71.0,-0.00011174608505032766,0.0001230574342214243,71.0,0.0010066392059737404
BCb,b_cb,LR,Logistic Regression,uncalibrated,0.03952,0.9690454,-0.00010447930217664894,0.00011457010626271503,71.0,-0.00010376898969650414,0.0001138506661934639,71.0,0.0009819911491092254
BCb,b_cb,LR,Logistic Regression,uncalibrated,0.03954,0.9690388,-9.70451826737167e-05,0.00010604949225828496,71.0,-9.640402873075865e-05,0.00010540042197076759,71.0,0.0009581810428314351
BCb,b_cb,LR,Logistic Regression,uncalibrated,0.03956,0.9690322,-9.018329656345365e-05,9.822783008294417e-05,71.0,-8.960386563646618e-05,9.764151759866661e-05,71.0,0.0009351678937823224
BCb,b_cb,LR,Logistic Regression,uncalibrated,0.03958,0.9690255999999999,-8.384887531282976e-05,9.10447623062815e-05,71.0,-8.332459093507281e-05,9.051448234416132e-05,71.0,0.0009129134304745822
BCb,b_cb,LR,Logistic Regression,uncalibrated,0.0396,0.969019,-7.80004876664655e-05,8.444525953042472e-05,71.0,-7.752552748298142e-05,8.396506396674435e-05,71.0,0.000891381884788969
BCb,b_cb,LR,Logistic Regression,uncalibrated,0.03962,0.9690124,-7.259983229432717e-05,7.837915208884853e-05,71.0,-7.216903651812875e-05,7.794377462043473e-05,71.0,0.000870539793282593
BCb,b_cb,LR,Logistic Regression,uncalibrated,0.03964,0.9690057999999999,-6.761153496817875e-05,7.280070111360632e-05,71.0,-6.722032646631886e-05,7.240547420822512e-05,71.0,0.0008503558163281125
BCb,b_cb,LR,Logistic Regression,uncalibrated,0.03966,0.9689992,-6.300295262265165e-05,6.766820653441184e-05,71.0,-6.264726709941475e-05,6.730898901656741e-05,71.0,0.0008308005733164899
BCb,b_cb,LR,Logistic Regression,uncalibrated,0.03968,0.9689926,-5.874398478197083e-05,6.294364856614882e-05,71.0,-5.842020973670723e-05,6.261676241908849e-05,71.0,0.0008118464923477027
BCb,b_cb,LR,Logistic Regression,uncalibrated,0.0397,0.968986,-5.4806893712558416e-05,5.85923603522549e-05,71.0,-5.451181502601503e-05,5.829453551150231e-05,71.0,0.0007934676730063071
BCb,b_cb,LR,Logistic Regression,uncalibrated,0.03972,0.9689793999999999,-5.116613340201512e-05,5.458272921089564e-05,71.0,-5.0896888559527804e-05,5.431105529345269e-05,71.0,0.0007756397609632765
BCb,b_cb,LR,Logistic Regression,uncalibrated,0.03974,0.9689728,-4.779818824702704e-05,5.08859241204771e-05,71.0,-4.755222533958345e-05,5.0637808178683145e-05,71.0,0.0007583398332811747
BCb,b_cb,LR,Logistic Regression,uncalibrated,0.03976,0.9689662,-4.468142070244534e-05,4.747564713569389e-05,71.0,-4.4456462462405836e-05,4.724877664955331e-05,71.0,0.0007415462934133411
BCb,b_cb,LR,Logistic Regression,uncalibrated,0.03978,0.9689595999999999,-4.1795928430862676e-05,4.432790690405939e-05,71.0,-4.158994065687784e-05,4.4120217331615226e-05,71.0,0.0007252387749955518
BCb,b_cb,LR,Logistic Regression,uncalibrated,0.0398,0.968953,-3.9123410993604165e-05,4.1420812429921284e-05,71.0,-3.893457480469665e-05,4.123045872707757e-05,71.0,0.0007093980536174287
BCb,b_cb,LR,Logistic Regression,uncalibrated,0.03982,0.9689462999999999,-3.662822959448943e-05,3.871395642100615e-05,71.0,-3.64550335909088e-05,3.8539405820291025e-05,71.0,0.0006939208438625419
BCb,b_cb,LR,Logistic Regression,uncalibrated,0.03984,0.9689396,-3.4316484300875067e-05,3.621261028512862e-05,71.0,-3.41574480898448e-05,3.6052362531771245e-05,71.0,0.0006788811845760312
BCb,b_cb,LR,Logistic Regression,uncalibrated,0.03986,0.9689329,-3.2173640171416086e-05,3.389974115391661e-05,71.0,-3.202743726371214e-05,3.3752452554724447e-05,71.0,0.0006642624252392354
BCb,b_cb,LR,Logistic Regression,uncalibrated,0.03988,0.9689262,-3.018635033851712e-05,3.175980406699082e-05,71.0,-3.0051790962425874e-05,3.1624269921043464e-05,71.0,0.0006500487985973606
BCb,b_cb,LR,Logistic Regression,uncalibrated,0.0399,0.9689194999999999,-2.834235974132623e-05,2.9778608199562658e-05,71.0,-2.8218375689512404e-05,2.9653747320590707e-05,71.0,0.0006362253604233835
BCb,b_cb,LR,Logistic Regression,uncalibrated,0.03992,0.9689128,-2.663041617266042e-05,2.7943195075517216e-05,71.0,-2.651604743013875e-05,2.7828036144748414e-05,71.0,0.0006227779340462816
BCb,b_cb,LR,Logistic Regression,uncalibrated,0.03994,0.9689061,-2.5040188176349026e-05,2.6241727992043115e-05,71.0,-2.4934571109274823e-05,2.6135397513236378e-05,71.0,0.0006096930592268996
BCb,b_cb,LR,Logistic Regression,uncalibrated,0.03996,0.9688994,-2.35621892043969e-05,2.466339131339868e-05,71.0,-2.3464546118946263e-05,2.456510297278989e-05,71.0,0.0005969579450066736
BCb,b_cb,LR,Logistic Regression,uncalibrated,0.03998,0.9688926999999999,-2.2189586440346117e-05,2.3208350587562316e-05,74.0,-2.2098170730766284e-05,2.3116344560526494e-05,74.0,0.0005845604261868662
BCb,b_cb,LR,Logistic Regression,uncalibrated,0.04,0.9688859999999999,-2.0928601051264722e-05,2.1864905731908666e-05,74.0,-2.084382763445658e-05,2.1779596448289517e-05,74.0,0.0005724889231307527
BCb,b_cb,LR,Logistic Regression,uncalibrated,0.04002,0.9688793,-1.9753817004796985e-05,2.061546450248349e-05,74.0,-1.9675119371473447e-05,2.0536279597963693e-05,74.0,0.0005607324046079874
BCb,b_cb,LR,Logistic Regression,uncalibrated,0.04004,0.9688726,-1.8658663614706836e-05,1.9452638999729784e-05,74.0,-1.8585529287122034e-05,1.9379060843191188e-05,74.0,0.0005492803534263061
BCb,b_cb,LR,Logistic Regression,uncalibrated,0.04006,0.9688659,-1.7637101930226328e-05,1.8369665341990022e-05,74.0,-1.7569066862621607e-05,1.8301225344350476e-05,74.0,0.0005381227346201161
BCb,b_cb,LR,Logistic Regression,uncalibrated,0.04008,0.9688592,-1.6683580853877962e-05,1.7360348649596962e-05,74.0,-1.6620224452054765e-05,1.7296622204664766e-05,74.0,0.0005272499659841694
BCb,b_cb,LR,Logistic Regression,uncalibrated,0.0401,0.9688525,-1.5792996554109085e-05,1.641901296150769e-05,74.0,-1.573393724213801e-05,1.6359614944812757e-05,74.0,0.0005166528907611875
BCb,b_cb,LR,Logistic Regression,uncalibrated,0.04012,0.9688458,-1.4960655138874619e-05,1.554045533930572e-05,74.0,-1.490554641054943e-05,1.548503610105298e-05,74.0,0.0005063227523092257
BCb,b_cb,LR,Logistic Regression,uncalibrated,0.04014,0.9688391,-1.4182238847242444e-05,1.4719904704059388e-05,74.0,-1.4130765744359397e-05,1.4668146496833376e-05,74.0,0.0004962511705882686
BCb,b_cb,LR,Logistic Regression,uncalibrated,0.04016,0.9688323999999999,-1.3453774446578017e-05,1.3952983726292792e-05,74.0,-1.3405650417441493e-05,1.3904597519798188e-05,74.0,0.0004864301203214503
BCb,b_cb,LR,Logistic Regression,uncalibrated,0.04018,0.9688257,-1.277160499372501e-05,1.3235674920126314e-05,74.0,-1.2726569085918472e-05,1.319039755600513e-05,74.0,0.00047685191069775487
BCb,b_cb,LR,Logistic Regression,uncalibrated,0.0402,0.968819,-1.213236305816086e-05,1.2564288852507905e-05,74.0,-1.2090177410976937e-05,1.2521880503821626e-05,74.0,0.0004675091664944459
BCb,b_cb,LR,Logistic Regression,uncalibrated,0.04022,0.968812775,-1.1554614447556578e-05,1.1958191265310018e-05,74.0,-1.1514967461800617e-05,1.1918337948711846e-05,74.0,0.00045859795780182856
BCb,b_cb,LR,Logistic Regression,uncalibrated,0.04024,0.96880655,-1.1011229649601732e-05,1.1388731173009908e-05,74.0,-1.0973937013007432e-05,1.1351247119970256e-05,74.0,0.00044989542822345194
BCb,b_cb,LR,Logistic Regression,uncalibrated,0.04026,0.968800325,-1.0499847729065865e-05,1.0853341073003298e-05,74.0,-1.0464740416369175e-05,1.0818055949128504e-05,74.0,0.0004413957330813933
BCb,b_cb,LR,Logistic Regression,uncalibrated,0.04028,0.9687941,-1.0018284822732773e-05,1.0349651150519125e-05,74.0,-9.985207697846052e-06,1.0316408641302438e-05,74.0,0.00043309324201003783
BCb,b_cb,LR,Logistic Regression,uncalibrated,0.0403,0.968787875,-9.56452052892192e-06,9.875473424339524e-06,74.0,-9.533331083843533e-06,9.844129959650969e-06,74.0,0.00042498252809212777
BCb,b_cb,LR,Logistic Regression,uncalibrated,0.04032,0.9687816499999999,-9.136685067474246e-06,9.428786952545968e-06,74.0,-9.10725228459931e-06,9.399210556250144e-06,74.0,0.0004170583576949081
BCb,b_cb,LR,Logistic Regression,uncalibrated,0.04034,0.968775425,-8.733047340808048e-06,9.007724186086587e-06,74.0,-8.705250666123736e-06,8.979793438037458e-06,74.0,0.00040931568095510745
BCb,b_cb,LR,Logistic Regression,uncalibrated,0.04036,0.9687692,-8.352003635501626e-06,8.610558124758355e-06,74.0,-8.325732052253369e-06,8.584161224582158e-06,74.0,0.0004017496228654712
BCb,b_cb,LR,Logistic Regression,uncalibrated,0.04038,0.968762975,-7.992068375665594e-06,8.235691632600343e-06,74.0,-7.9672195648504e-06,8.210725551487054e-06,74.0,0.0003943554749201072
BCb,b_cb,LR,Logistic Regression,uncalibrated,0.0404,0.96875675,-7.651864142998596e-06,7.881646368995526e-06,74.0,-7.62834372581184e-06,7.858016084388013e-06,74.0,0.0003871286872777767
BCb,b_cb,LR,Logistic Regression,uncalibrated,0.04042,0.968750525,-7.33011364501971e-06,7.547053560504589e-06,74.0,-7.30783449605328e-06,7.524671362473708e-06,74.0,0.000380064861406648
BCb,b_cb,LR,Logistic Regression,uncalibrated,0.04044,0.9687443,-7.0256316048314425e-06,7.230644947797242e-06,74.0,-7.00451323073233e-06,7.209429811639447e-06,74.0,0.00037315974317664286
BCb,b_cb,LR,Logistic Regression,uncalibrated,0.04046,0.968738075,-6.737318425192276e-06,6.931245619696977e-06,74.0,-6.717286398933026e-06,6.911122634808425e-06,74.0,0.00036640921636719813
BCb,b_cb,LR,Logistic Regression,uncalibrated,0.04048,0.96873185,-6.464152470172886e-06,6.647765535862119e-06,74.0,-6.445137920894494e-06,6.6286653907787195e-06,74.0,0.0003598092965618427
BCb,b_cb,LR,Logistic Regression,uncalibrated,0.0405,0.968725625,-6.205184737575962e-06,6.3791934891420765e-06,74.0,-6.187123885488795e-06,6.361052002175045e-06,74.0,0.0003533561254024792
BCb,b_cb,LR,Logistic Regression,uncalibrated,0.04052,0.9687194,-5.95953337545636e-06,6.124590969517682e-06,74.0,-5.942367109088396e-06,6.107348662218364e-06,74.0,0.00034704596517832727
BCb,b_cb,LR,Logistic Regression,uncalibrated,0.04054,0.968713175,-5.7263782199801855e-06,5.883086240581743e-06,74.0,-5.7100517125047596e-06,5.866687950655779e-06,74.0,0.00034087519372691676
BCb,b_cb,LR,Logistic Regression,uncalibrated,0.04056,0.9687069500000001,-5.504956090998411e-06,5.653869072132103e-06,74.0,-5.489418451285297e-06,5.638263601472012e-06,74.0,0.00033484029962521975
BCb,b_cb,LR,Logistic Regression,uncalibrated,0.04058,0.968700725,-5.294557111782085e-06,5.436186668235013e-06,74.0,-5.279761064801947e-06,5.4213264606047256e-06,74.0,0.0003289378776514908
BCb,b_cb,LR,Logistic Regression,uncalibrated,0.0406,0.9686945,-5.0945197681317e-06,5.2293383200361625e-06,74.0,-5.080421366246348e-06,5.215179169930894e-06,74.0,0.0003231646244997049
BCb,b_cb,LR,Logistic Regression,uncalibrated,0.04062,0.968688275,-4.904227860606784e-06,5.0326719988059785e-06,74.0,-4.8907862187168936e-06,5.019172784423806e-06,74.0,0.00031751733472915023
BCb,b_cb,LR,Logistic Regression,uncalibrated,0.04064,0.96868205,-4.723107221543931e-06,4.845580722568931e-06,74.0,-4.710284275197339e-06,4.8327031619809805e-06,74.0,0.0003119928969338822
BCb,b_cb,LR,Logistic Regression,uncalibrated,0.04066,0.968675825,-4.550622145410822e-06,4.6674987727139336e-06,74.0,-4.538382430927643e-06,4.655207202218353e-06,74.0,0.0003065882901173106
BCb,b_cb,LR,Logistic Regression,uncalibrated,0.04068,0.9686696,-4.386272853615549e-06,4.497898864876564e-06,74.0,-4.374583306403862e-06,4.486160035736547e-06,74.0,0.00030130058025829725
BCb,b_cb,LR,Logistic Regression,uncalibrated,0.0407,0.968663375,-4.229593040910864e-06,4.336289437315193e-06,74.0,-4.218422810591621e-06,4.325072329475538e-06,74.0,0.00029612691705661616
BCb,b_cb,LR,Logistic Regression,uncalibrated,0.04072,0.9686571500000001,-4.080146898081571e-06,4.182211560967077e-06,74.0,-4.069467180465422e-06,4.171487213721563e-06,74.0,0.0002910645308456597
BCb,b_cb,LR,Logistic Regression,uncalibrated,0.04074,0.968650925,-3.937526873791426e-06,4.035236340996401e-06,74.0,-3.927310757362452e-06,4.024977698362626e-06,74.0,0.0002861107296618334
BCb,b_cb,LR,Logistic Regression,uncalibrated,0.04076,0.9686447,-3.801352704915872e-06,3.894964001126641e-06,74.0,-3.791575026995225e-06,3.88514576691601e-06,74.0,0.00028126289646080083
BCb,b_cb,LR,Logistic Regression,uncalibrated,0.04078,0.968638475,-3.671268303000951e-06,3.761020418817548e-06,74.0,-3.6619055211206967e-06,3.751618927101718e-06,74.0,0.0002765184864708568
BCb,b_cb,LR,Logistic Regression,uncalibrated,0.0408,0.96863225,-3.5469401682483648e-06,3.633055520294078e-06,74.0,-3.537970241490156e-06,3.6240486158745634e-06,74.0,0.0002718750246751036
BCb,b_cb,LR,Logistic Regression,uncalibrated,0.04082,0.9686260250000001,-3.4280561470685623e-06,3.510741884425459e-06,74.0,-3.4194584262444137e-06,3.5021088122384255e-06,74.0,0.0002673301034142786
BCb,b_cb,LR,Logistic Regression,uncalibrated,0.04084,0.9686198,-3.3143244378985908e-06,3.393773609426857e-06,74.0,-3.306079563438637e-06,3.385494911738225e-06,74.0,0.000262881380102665
BCb,b_cb,LR,Logistic Regression,uncalibrated,0.04086,0.968613575,-3.205470017496193e-06,3.2818626696839993e-06,74.0,-3.1975598306501345e-06,3.2739200966491764e-06,74.0,0.0002585265750504424
BCb,b_cb,LR,Logistic Regression,uncalibrated,0.04088,0.9686073500000001,-3.1012372564504014e-06,3.174741436804183e-06,74.0,-3.0936447084838547e-06,3.167117855081829e-06,74.0,0.0002542634693856217
BCb,b_cb,LR,Logistic Regression,uncalibrated,0.0409,0.9686011250000001,-3.001383246877955e-06,3.072155875660138e-06,74.0,-2.9940923282315538e-06,3.064835197061193e-06,74.0,0.0002500899030697477
BCb,b_cb,LR,Logistic Regression,uncalibrated,0.04092,0.9685949,-2.9056834362063046e-06,2.973871200559274e-06,74.0,-2.898679095621005e-06,2.9668383006680466e-06,74.0,0.000246003773001932
BCb,b_cb,LR,Logistic Regression,uncalibrated,0.04094,0.968588675,-2.81392364478584e-06,2.87966367525405e-06,74.0,-2.807191730816974e-06,2.8729043345427354e-06,74.0,0.00024200303120564505
BCb,b_cb,LR,Logistic Regression,uncalibrated,0.04096,0.96858245,-2.7259049531173273e-06,2.7893256494008167e-06,74.0,-2.7194321466931805e-06,2.782826485338586e-06,74.0,0.0002380856830937097
BCb,b_cb,LR,Logistic Regression,uncalibrated,0.04098,0.9685762250000001,-2.6414388640977008e-06,2.70266038802354e-06,74.0,-2.63521262559439e-06,2.6964088018510773e-06,74.0,0.00023424978580686574
BCb,b_cb,LR,Logistic Regression,uncalibrated,0.041,0.96857,-2.5603490353509033e-06,2.619484000406972e-06,74.0,-2.5543575496340017e-06,2.6134681218060094e-06,74.0,0.0002304934466216224
BCb,b_cb,DT,Decision Tree,uncalibrated,0.036,0.97125,1.0000010473063652,1.04873622707648e-06,21.0,-1.0473052091297988e-06,1.048735070750811e-06,21.0,8.78592903580343e-05
BCb,b_cb,DT,Decision Tree,uncalibrated,0.03602,0.9712312,1.000001205760228,1.2075511867572359e-06,21.0,-1.2057586910085537e-06,1.207549653590251e-06,21.0,9.164161675935368e-05
BCb,b_cb,DT,Decision Tree,uncalibrated,0.03604,0.9712124,1.0000013884937522,1.390737256462152e-06,21.0,-1.3884917113566013e-06,1.3907352226061748e-06,21.0,9.564908560846895e-05
BCb,b_cb,DT,Decision Tree,uncalibrated,0.03606,0.9711936,1.0000015992819475,1.6020927014569e-06,21.0,-1.5992792503010944e-06,1.6020900019250164e-06,21.0,9.989691010959723e-05
BCb,b_cb,DT,Decision Tree,uncalibrated,0.03608,0.9711748,1.0000018424962098,1.846018073126055e-06,21.0,-1.8424926251184594e-06,1.8460144885571762e-06,21.0,0.00010440140525995333
BCb,b_cb,DT,Decision Tree,uncalibrated,0.0361,0.9711559999999999,1.000002123199998,2.127613484206774e-06,21.0,-2.1231952351112498e-06,2.1276087218002195e-06,21.0,0.00010918006929241773
BCb,b_cb,DT,Decision Tree,uncalibrated,0.03612,0.9711371999999999,1.0000024472602447,2.452791884497232e-06,21.0,-2.4472539136392925e-06,2.452785554064137e-06,21.0,0.00011425167095559042
BCb,b_cb,DT,Decision Tree,uncalibrated,0.03614,0.9711183999999999,1.0000028214768837,2.8284110206213877e-06,21.0,-2.8214684626912138e-06,2.828402601295976e-06,21.0,0.00011963634301517437
BCb,b_cb,DT,Decision Tree,uncalibrated,0.03616,0.9710996,1.0000032537335768,3.2624272097379175e-06,21.0,-3.2537223731232243e-06,3.262416005969966e-06,21.0,0.0001253556823833128
BCb,b_cb,DT,Decision Tree,uncalibrated,0.03618,0.9710808,1.0000037531731496,3.7640745960645577e-06,21.0,-3.7531582324027383e-06,3.7640596785597767e-06,21.0,0.00013143285730905676
BCb,b_cb,DT,Decision Tree,uncalibrated,0.0362,0.971062,1.0000043304017696,4.344074181307988e-06,21.0,-4.3303819026826135e-06,4.344054307763055e-06,21.0,0.00013789272209141206
BCb,b_cb,DT,Decision Tree,uncalibrated,0.03622,0.9710432,1.0000049977267178,5.014877653226485e-06,21.0,-4.997700228654227e-06,5.014851161322386e-06,21.0,0.00014476193980894795
BCb,b_cb,DT,Decision Tree,uncalibrated,0.03624,0.9710244,1.0000057694331557,5.790951892437893e-06,21.0,-5.769397822187619e-06,5.790916556516995e-06,21.0,0.0001520691135969914
BCb,b_cb,DT,Decision Tree,uncalibrated,0.03626,0.9710056,1.000006662106551,6.689111044956174e-06,21.0,-6.662059386703622e-06,6.68906388371521e-06,21.0,0.0001598449270464029
BCb,b_cb,DT,Decision Tree,uncalibrated,0.03628,0.9709868,1.000007695008089,7.728904226674693e-06,21.0,-7.694945108702131e-06,7.72884124303013e-06,21.0,0.00016812229434834516
BCb,b_cb,DT,Decision Tree,uncalibrated,0.0363,0.970968,1.0000088905120448,8.933068301099503e-06,21.0,-8.890427879662999e-06,8.932984132367306e-06,21.0,0.00017693652086934775
BCb,b_cb,DT,Decision Tree,uncalibrated,0.03632,0.9709492,1.0000102746150974,1.0328056791995643e-05,21.0,-1.0274502544632568e-05,1.032794423926173e-05,21.0,0.00018632547491264048
BCb,b_cb,DT,Decision Tree,uncalibrated,0.03634,0.9709304,1.0000118775296385,1.194465788738095e-05,21.0,-1.1877379033463192e-05,1.1944507278695864e-05,21.0,0.00019632977150792777
BCb,b_cb,DT,Decision Tree,uncalibrated,0.03636,0.9709116,1.0000137343748081,1.3818716699268855e-05,21.0,-1.3734173149785506e-05,1.381851503097952e-05,21.0,0.00020699296917763731
BCb,b_cb,DT,Decision Tree,uncalibrated,0.03638,0.9708928,1.0000158859812225,1.5991979544719954e-05,21.0,-1.5885711007513497e-05,1.5991709321171335e-05,21.0,0.0002183617807539382
BCb,b_cb,DT,Decision Tree,uncalibrated,0.0364,0.970874,1.0000183798279816,1.851308104318089e-05,21.0,-1.8379465655698826e-05,1.851271870722051e-05,21.0,0.00023048629947863174
BCb,b_cb,DT,Decision Tree,uncalibrated,0.03642,0.9708552,1.0000212711335341,2.1438698369493674e-05,21.0,-2.127064736293622e-05,2.143821217936019e-05,21.0,0.00024342024180793907
BCb,b_cb,DT,Decision Tree,uncalibrated,0.03644,0.9708364,1.0000246241252035,2.4834901148089932e-05,21.0,-2.4623472389091878e-05,2.483424830134625e-05,21.0,0.0002572212085785866
BCb,b_cb,DT,Decision Tree,uncalibrated,0.03646,0.9708176000000001,1.0000285135161198,2.8778730303929135e-05,21.0,-2.851263890349495e-05,2.8777853039967984e-05,21.0,0.0002719509664773688
BCb,b_cb,DT,Decision Tree,uncalibrated,0.03648,0.9707988000000001,1.0000330262226673,3.336004482800646e-05,21.0,-3.302504306380564e-05,3.335886514134056e-05,21.0,0.0002876757521063448
BCb,b_cb,DT,Decision Tree,uncalibrated,0.0365,0.9707800000000001,1.0000382633606062,3.8683681979711156e-05,21.0,-3.826177319579723e-05,3.8682094444520896e-05,21.0,0.00030446660136285554
BCb,b_cb,DT,Decision Tree,uncalibrated,0.03652,0.9707612,1.0000443425633292,4.487198409149408e-05,21.0,-4.434042555284659e-05,4.486984611471683e-05,21.0,0.00032239970737451613
BCb,b_cb,DT,Decision Tree,uncalibrated,0.03654,0.9707424,1.000051400672427,5.206775401448786e-05,21.0,-5.139779131556015e-05,5.2064872586436255e-05,21.0,0.00034155681086313317
BCb,b_cb,DT,Decision Tree,uncalibrated,0.03656,0.9707236,1.000059596857152,6.043771153689817e-05,21.0,-5.959297133023388e-05,6.043382520702177e-05,21.0,0.000362025627584292
BCb,b_cb,DT,Decision Tree,uncalibrated,0.03658,0.9707048,1.0000691162274142,7.017653501237491e-05,21.0,-6.911098256137086e-05,7.01712893531448e-05,21.0,0.0003839003184231385
BCb,b_cb,DT,Decision Tree,uncalibrated,0.0366,0.970686,1.0000801740128202,8.151158618737692e-05,21.0,-8.016692829190166e-05,8.150450036880043e-05,21.0,0.0004072820088654748
BCb,b_cb,DT,Decision Tree,uncalibrated,0.03662,0.9706679,1.0000926256309883,9.430243560236022e-05,21.0,-9.261613657739999e-05,9.429293915615611e-05,21.0,0.00043152277639322385
BCb,b_cb,DT,Decision Tree,uncalibrated,0.03664,0.9706498,1.0001070310531641,0.00010913397810539674,21.0,-0.00010701831996079812,0.0001091212417056423,21.0,0.0004573945347323117
BCb,b_cb,DT,Decision Tree,uncalibrated,0.03666,0.9706317,1.0001236978599852,0.00012633629507548938,21.0,-0.00012368077093777606,0.00012631920098468387,21.0,0.0004850123370397392
BCb,b_cb,DT,Decision Tree,uncalibrated,0.03668,0.9706136000000001,1.0001429815765763,0.00014629330874080764,21.0,-0.0001429586252774392,0.00014627034948355355,21.0,0.0005144998816205335
BCb,b_cb,DT,Decision Tree,uncalibrated,0.0367,0.9705955,1.000165292883454,0.00016945155774434164,21.0,-0.00016526203713769085,0.00016942069885073587,21.0,0.0005459903092771588
BCb,b_cb,DT,Decision Tree,uncalibrated,0.03672,0.9705774,1.000191105813614,0.00019633037923179344,21.0,-0.0001910643274666287,0.0001962888732077153,21.0,0.0005796271094246879
BCb,b_cb,DT,Decision Tree,uncalibrated,0.03674,0.9705593,1.0002209670361277,0.0002275337123467247,21.0,-0.00022091120164022845,0.00022747784640566638,21.0,0.0006155651551370701
BCb,b_cb,DT,Decision Tree,uncalibrated,0.03676,0.9705412,1.0002555063246414,0.00026376376705282455,21.0,-0.000255431128266324,0.00026368852085639327,21.0,0.0006539718914308928
BCb,b_cb,DT,Decision Tree,uncalibrated,0.03678,0.9705231,1.0002954483003297,0.00030583683385887087,21.0,-0.00029534696040728483,0.00030573541494968996,21.0,0.0006950287061337809
BCb,b_cb,DT,Decision Tree,uncalibrated,0.0368,0.970505,1.0003416255219704,0.000354701544017204,21.0,-0.00034148886026208464,0.00035456475696823574,21.0,0.0007389325188231923
BCb,b_cb,DT,Decision Tree,uncalibrated,0.03682,0.9704869,1.000394992966224,0.00041145992557956414,21.0,-0.0003948085547608626,0.0004112753150182243,21.0,0.0007858976308270762
BCb,b_cb,DT,Decision Tree,uncalibrated,0.03684,0.9704688,1.000456643894787,0.00047739163747573455,21.0,-0.0004563948974485787,0.00047714232353677285,21.0,0.0008361578884871239
BCb,b_cb,DT,Decision Tree,uncalibrated,0.03686,0.9704507,1.0005278270353757,0.0005539818001303718,21.0,-0.0005274906347038082,0.0005536448955023193,21.0,0.0008899692232184818
BCb,b_cb,DT,Decision Tree,uncalibrated,0.03688,0.9704326,1.000609964902119,0.0006429528750810481,21.0,-0.0006095101629104603,0.0006424973328275614,21.0,0.0009476126459229969
BCb,b_cb,DT,Decision Tree,uncalibrated,0.0369,0.9704145,1.000704672938108,0.000746301074634983,21.0,-0.0007040579060887394,0.0007456847616217758,21.0,0.0010093977907019071
BCb,b_cb,DT,Decision Tree,uncalibrated,0.03692,0.9703963999999999,1.0008137789632303,0.0008663378017794138,21.0,-0.0008129467257778528,0.0008655035186864876,21.0,0.0010756671245029483
BCb,b_cb,DT,Decision Tree,uncalibrated,0.03694,0.9703783,1.0009393421384998,0.0010057366246631224,21.0,-0.0009382154774211907,0.0010046066933154993,21.0,0.0011468009664814599
BCb,b_cb,DT,Decision Tree,uncalibrated,0.03696,0.9703602,1.0010836702891244,0.0011675862714030716,21.0,-0.001082144425697138,0.0011660551742065056,21.0,0.0012232234949921086
BCb,b_cb,DT,Decision Tree,uncalibrated,0.03698,0.9703421,1.0012493339368231,0.0013554500795194744,21.0,-0.0012472666942968018,0.0013533744516502884,21.0,0.001305409963234746
BCb,b_cb,DT,Decision Tree,uncalibrated,0.037,0.970324,1.0014391747399434,0.0015734322365635839,21.0,-0.0014363732151713945,0.0015706172625359635,21.0,0.001393895399294588
BCb,b_cb,DT,Decision Tree,uncalibrated,0.03702,0.97030885,1.001627915260796,0.0017929638430924087,21.0,-0.0016242578629588203,0.0017892860827440319,21.0,0.001477040942501315
BCb,b_cb,DT,Decision Tree,uncalibrated,0.03704,0.9702936999999999,1.0018398868751186,0.0020428643706939757,21.0,-0.0018351115411213612,0.0020380581820436915,21.0,0.0015659633452284572
BCb,b_cb,DT,Decision Tree,uncalibrated,0.03706,0.97027855,1.0020774885234798,0.002327201077805857,21.0,-0.002071253138636895,0.002320918902541938,21.0,0.0016611816489732229
BCb,b_cb,DT,Decision Tree,uncalibrated,0.03708,0.9702634,1.002343229434,0.0026505426850404246,21.0,-0.0023350876099931194,0.0026423298496360647,21.0,0.0017632816162574674
BCb,b_cb,DT,Decision Tree,uncalibrated,0.0371,0.9702482499999999,1.0026424125318738,0.003019346554214252,22.0,-0.0026317915340071905,0.003008619318324866,22.0,0.0018729271619141352
BCb,b_cb,DT,Decision Tree,uncalibrated,0.03712,0.9702331,1.0029756337198183,0.003439911324029465,22.0,-0.002961744678632071,0.0034258607485175515,22.0,0.0019908740979035717
BCb,b_cb,DT,Decision Tree,uncalibrated,0.03714,0.97021795,1.0033457439808378,0.003917762704727292,22.0,-0.0033275844417775106,0.003899357386746212,22.0,0.0021179867179365775
BCb,b_cb,DT,Decision Tree,uncalibrated,0.03716,0.9702028,1.003755298119224,0.0044602289652461305,22.0,-0.003731561682563635,0.004436118338717082,22.0,0.002255257881361987
BCb,b_cb,DT,Decision Tree,uncalibrated,0.03718,0.97018765,1.0042065375568638,0.005075432619515985,22.0,-0.004175524084460612,0.005043849147853446,22.0,0.0024038334262482205
BCb,b_cb,DT,Decision Tree,uncalibrated,0.0372,0.9701725,1.0047011849477907,0.0057723348623224405,22.0,-0.004660685609918852,0.005730966858697721,22.0,0.002565041960680729
BCb,b_cb,DT,Decision Tree,uncalibrated,0.03722,0.97015735,1.00524017535286,0.006560769170921984,22.0,-0.005187326221386205,0.006506595753408364,22.0,0.0027404313642787332
BCb,b_cb,DT,Decision Tree,uncalibrated,0.03724,0.9701422,1.0058233093416173,0.007451458789686434,22.0,-0.005754406081031487,0.007380536193195168,22.0,0.002931813699040492
BCb,b_cb,DT,Decision Tree,uncalibrated,0.03726,0.97012705,1.0064488111377994,0.008456011454208576,22.0,-0.006359076229644496,0.008363197107746818,22.0,0.0031413207072498797
BCb,b_cb,DT,Decision Tree,uncalibrated,0.03728,0.9701119,1.0071127727615279,0.00958688314803261,22.0,-0.006996065814770289,0.009465480508281507,22.0,0.0033714727010777734
BCb,b_cb,DT,Decision Tree,uncalibrated,0.0373,0.9700967500000001,1.007808463290981,0.010857300941882088,22.0,-0.007656924671143105,0.010698603991754568,22.0,0.003625264473529602
BCb,b_cb,DT,Decision Tree,uncalibrated,0.03732,0.9700816,1.008525481232578,0.012281133097158184,22.0,-0.008329100016455237,0.012073844646307548,22.0,0.003906272951382166
BCb,b_cb,DT,Decision Tree,uncalibrated,0.03734,0.97006645,1.0092487280569058,0.013872692723659777,22.0,-0.008994828007505732,0.013602185230380365,22.0,0.004218792759957683
BCb,b_cb,DT,Decision Tree,uncalibrated,0.03736,0.9700513000000001,1.009957182903965,0.0156464595338872,22.0,-0.009629825983726947,0.015293841263401888,22.0,0.004568007803406043
BCb,b_cb,DT,Decision Tree,uncalibrated,0.03738,0.97003615,1.0106224631436498,0.017616702887061162,22.0,-0.010201780802396285,0.01715764617182592,22.0,0.004960209555401062
BCb,b_cb,DT,Decision Tree,uncalibrated,0.0374,0.970021,1.011207163925603,0.019796988733116767,22.0,-0.010668644457890494,0.019200271523499634,22.0,0.005403076241151925
BCb,b_cb,DT,Decision Tree,uncalibrated,0.03742,0.9700083500000001,1.0116178517451602,0.02190091511906339,22.0,-0.010951024393679412,0.021150255077606026,22.0,0.005842793207100736
BCb,b_cb,DT,Decision Tree,uncalibrated,0.03744,0.9699957,1.011887731650687,0.024184376803934732,22.0,-0.011065411624674764,0.023241522446689634,22.0,0.0063370015292585685
BCb,b_cb,DT,Decision Tree,uncalibrated,0.03746,0.9699830500000001,1.0119666525828481,0.02665269485014327,22.0,-0.010957398183777747,0.025470514407063473,22.0,0.00689519294815407
BCb,b_cb,DT,Decision Tree,uncalibrated,0.03748,0.9699704,1.0117943141928891,0.02930888922725679,22.0,-0.01056245549210154,0.027829566025299787,22.0,0.007528899553500514
BCb,b_cb,DT,Decision Tree,uncalibrated,0.0375,0.9699577500000001,1.0112990891026272,0.03215305085232924,22.0,-0.009805161898483208,0.03030601596822684,22.0,0.008252198017819255
BCb,b_cb,DT,Decision Tree,uncalibrated,0.03752,0.9699451,1.0103969277872442,0.03518165563963039,22.0,-0.008598727699769975,0.03288126266028833,22.0,0.009082352015794982
BCb,b_cb,DT,Decision Tree,uncalibrated,0.03754,0.9699324500000001,1.0096480450499041,0.03843001529731305,16.0,-0.007459768737604702,0.035550265317347104,16.0,0.010040633465904569
BCb,b_cb,DT,Decision Tree,uncalibrated,0.03756,0.9699198,1.0079089072539793,0.04200655147227786,16.0,-0.005295672085602929,0.03841694814029834,16.0,0.011153375502859754
BCb,b_cb,DT,Decision Tree,uncalibrated,0.03758,0.9699071499999999,1.0071764226337092,0.04614719904497398,8.0,-0.003880263047213811,0.041564581557914995,8.0,0.012453325881109797
BCb,b_cb,DT,Decision Tree,uncalibrated,0.0376,0.9698945,1.0045191904011017,0.05061795363430449,8.0,-0.0005859661953277057,0.04487767358010378,8.0,0.013981389585657892
BCb,b_cb,DT,Decision Tree,uncalibrated,0.03762,0.96988185,1.0009518978305105,0.055340794844999215,8.0,0.003682666423474784,0.04818079533856132,8.0,0.0157888744873332
BCb,b_cb,DT,Decision Tree,uncalibrated,0.03764,0.9698692,0.9963040480956779,0.06029351960068047,8.0,0.009075547063042054,0.051403926915221256,8.0,0.017940384317176664
BCb,b_cb,DT,Decision Tree,uncalibrated,0.03766,0.96985655,0.9903891402404015,0.06544597866747243,8.0,0.015742866682628774,0.05446440948578669,8.0,0.020517538652343313
BCb,b_cb,DT,Decision Tree,uncalibrated,0.03768,0.9698439,0.9830065834124706,0.07075952757216566,8.0,0.0238275882678758,0.05726732151691726,8.0,0.023623737967255535
BCb,b_cb,DT,Decision Tree,uncalibrated,0.0377,0.96983125,0.9739446113884133,0.07618658385315522,8.0,0.03345590803741939,0.059706523654145145,8.0,0.027390227991554203
BCb,b_cb,DT,Decision Tree,uncalibrated,0.03772,0.9698186,0.9629843036801441,0.08167025872457083,8.0,0.04472570070461104,0.06166645012804693,8.0,0.03198374115426112
BCb,b_cb,DT,Decision Tree,uncalibrated,0.03774,0.9698059499999999,0.9499047958012077,0.08714401355935708,8.0,0.05769315240838305,0.06302471463966407,8.0,0.03761598457480847
BCb,b_cb,DT,Decision Tree,uncalibrated,0.03776,0.9697933,0.9344897308985175,0.0925312947614116,8.0,0.07235803242457692,0.06365561638753303,8.0,0.04455517150934127
BCb,b_cb,DT,Decision Tree,uncalibrated,0.03778,0.9697806499999999,0.9165349640211272,0.09774514042545505,8.0,0.08864836692996353,0.06343468904336573,8.0,0.05313960591744145
BCb,b_cb,DT,Decision Tree,uncalibrated,0.0378,0.969768,0.8958574711501464,0.10268784076418641,8.0,0.1064056522928595,0.06224452546859383,8.0,0.06379295609071421
BCb,b_cb,DT,Decision Tree,uncalibrated,0.03782,0.96975745,0.8751350008084406,0.10675791759034158,8.0,0.12316389438762873,0.06029779784044204,8.0,0.07538906441961195
BCb,b_cb,DT,Decision Tree,uncalibrated,0.03784,0.9697469,0.8520739985401118,0.11044788355817793,8.0,0.1406246024996212,0.05745169406529389,8.0,0.0894644401840581
BCb,b_cb,DT,Decision Tree,uncalibrated,0.03786,0.96973635,0.8266272092453987,0.11366986894056873,8.0,0.15846958505821107,0.053670347832044205,8.0,0.10653842905380459
BCb,b_cb,DT,Decision Tree,uncalibrated,0.03788,0.9697258,0.7987853167103938,0.1163323103513154,8.0,0.17631480468492958,0.0489457869251284,8.0,0.1272091830176345
BCb,b_cb,DT,Decision Tree,uncalibrated,0.0379,0.9697152499999999,0.7685825699689606,0.11834282339197845,8.0,0.19371787355570477,0.04330566547368987,8.0,0.15214744221121881
BCb,b_cb,DT,Decision Tree,uncalibrated,0.03792,0.9697047,0.7361015629127052,0.11961236317118513,8.0,0.21019121035666566,0.03682118237193262,8.0,0.18207916135284838
BCb,b_cb,DT,Decision Tree,uncalibrated,0.03794,0.9696941499999999,0.7014767004020945,0.12006070407048262,8.0,0.22522102740306865,0.029615142232718834,8.0,0.2177528278376406
BCb,b_cb,DT,Decision Tree,uncalibrated,0.03796,0.9696836,0.6648958892268777,0.11962305271642396,8.0,0.23829163835415673,0.021873158516861776,8.0,0.2598872317918541
BCb,b_cb,DT,Decision Tree,uncalibrated,0.03798,0.9696730499999999,0.6266000639430639,0.1182573376695045,8.0,0.2489137713302083,0.013881451894599675,8.0,0.3090958114545036
BCb,b_cb,DT,Decision Tree,uncalibrated,0.038,0.9696625,0.5868803039428485,0.11595142523329702,8.0,0.2509196344267176,0.007232514157186889,4.0,0.36578445870155357
BCb,b_cb,DT,Decision Tree,uncalibrated,0.03802,0.96965195,0.5460725109405826,0.11272923697644625,8.0,0.261167929574114,0.005082061765271988,8.0,0.43002082450696144
BCb,b_cb,DT,Decision Tree,uncalibrated,0.03804,0.9696414,0.5045498663029893,0.10865455131525234,8.0,0.26221799617483743,0.011629360380813643,8.0,0.5013752110292214
BCb,b_cb,DT,Decision Tree,uncalibrated,0.03806,0.96963085,0.4627135251585445,0.10383123626167454,8.0,0.25970001964459344,0.018419753399885348,8.0,0.5787377157659156
BCb,b_cb,DT,Decision Tree,uncalibrated,0.03808,0.9696203,0.4209821663274036,0.09839887342344125,8.0,0.2536496048862233,0.0244618933163342,8.0,0.660126474214453
BCb,b_cb,DT,Decision Tree,uncalibrated,0.0381,0.9696097499999999,0.37978104694944936,0.09252328075534437,8.0,0.24424364716139685,0.029502428648437405,8.0,0.7425211219331295
BCb,b_cb,DT,Decision Tree,uncalibrated,0.03812,0.9695992,0.33953108295229917,0.08638236691684419,8.0,0.23179186786553707,0.03344022904092264,8.0,0.821784603102511
BCb,b_cb,DT,Decision Tree,uncalibrated,0.03814,0.9695886499999999,0.3006382216612515,0.08014898612884791,8.0,0.21672037675872946,0.036269227048230816,8.0,0.892767427334652
BCb,b_cb,DT,Decision Tree,uncalibrated,0.03816,0.9695781,0.26592990239613057,0.07808123262828107,4.0,0.19954890492480115,0.038054691516248906,8.0,0.9496999930266576
BCb,b_cb,DT,Decision Tree,uncalibrated,0.03818,0.96956755,0.2298024797390862,0.07622953574571935,4.0,0.18281825229545562,0.04139731863449899,4.0,0.986937350852301
BCb,b_cb,DT,Decision Tree,uncalibrated,0.0382,0.969557,0.19572000000000003,0.07421999999999992,2.0,0.16292229000000003,0.04516732319999994,2.0,1.0
BCb,b_cb,DT,Decision Tree,uncalibrated,0.03822,0.96954805,0.16637579929978288,0.07337811921281599,2.0,0.14410520913722047,0.04790380886757317,2.0,0.9891095176720666
BCb,b_cb,DT,Decision Tree,uncalibrated,0.03824,0.9695391,0.13915466348893318,0.07167168547432008,2.0,0.12503135232177776,0.04965866534419838,2.0,0.9571077891309621
BCb,b_cb,DT,Decision Tree,uncalibrated,0.03826,0.96953015,0.11429227796500244,0.06921925695381483,2.0,0.10624755338568787,0.05044904059162231,2.0,0.9065523473022242
BCb,b_cb,DT,Decision Tree,uncalibrated,0.03828,0.9695212,0.09195219508205248,0.06615568993026245,2.0,0.08825323512040428,0.05034337489273666,2.0,0.8416849432478375
BCb,b_cb,DT,Decision Tree,uncalibrated,0.0383,0.96951225,0.07221831698699939,0.06262128366710035,2.0,0.07146795474103718,0.04944651681383694,2.0,0.7676665374834151
BCb,b_cb,DT,Decision Tree,uncalibrated,0.03832,0.9695033,0.05509419347693846,0.05875289197551457,2.0,0.05620992031318406,0.04788487156297072,2.0,0.6896962994411778
BCb,b_cb,DT,Decision Tree,uncalibrated,0.03834,0.96949435,0.04050859680839207,0.05467734655991234,2.0,0.0426867928664445,0.04579335345424629,2.0,0.6122772054623373
BCb,b_cb,DT,Decision Tree,uncalibrated,0.03836,0.9694853999999999,0.028326103916795145,0.050507157441257194,2.0,0.030997990408899057,0.04330506285264102,2.0,0.5387900538380253
BCb,b_cb,DT,Decision Tree,uncalibrated,0.03838,0.9694764499999999,0.018360994482656517,0.0463382127979637,2.0,0.021146184062735884,0.04054392138998025,2.0,0.47139380029710953
BCb,b_cb,DT,Decision Tree,uncalibrated,0.0384,0.9694675,0.010392665511961885,0.04224908186041407,2.0,0.014904173081471989,0.03770290628269059,4.0,0.4111649542811056
BCb,b_cb,DT,Decision Tree,uncalibrated,0.03842,0.96945855,0.004180920087781918,0.038301499027066185,2.0,0.008299880027547862,0.034853499715488956,4.0,0.35835504475414853
BCb,b_cb,DT,Decision Tree,uncalibrated,0.03844,0.9694496,0.0014513433634042415,0.034578817488358934,4.0,0.003139904551647227,0.031924921641084285,4.0,0.31266614950286653
BCb,b_cb,DT,Decision Tree,uncalibrated,0.03846,0.96944065,-0.0021697787747515726,0.031023598109397064,4.0,-0.0007541988091980811,0.028995470984336292,4.0,0.2734861326243772
BCb,b_cb,DT,Decision Tree,uncalibrated,0.03848,0.9694317,-0.006336167230005992,0.027702701447949406,2.0,-0.003570890630510748,0.026130509406740474,4.0,0.24006238557728532
BCb,b_cb,DT,Decision Tree,uncalibrated,0.0385,0.96942275,-0.007881305758828457,0.024654785482894213,2.0,-0.005496224509517589,0.023381525561226548,4.0,0.2116160235626516
BCb,b_cb,DT,Decision Tree,uncalibrated,0.03852,0.9694138,-0.008766775277604678,0.021860822274829855,2.0,-0.007817600675859793,0.0207964973146727,2.0,0.18740867335017283
BCb,b_cb,DT,Decision Tree,uncalibrated,0.03854,0.96940485,-0.009147785547201203,0.019317294196555774,2.0,-0.008398079893596588,0.018498577396247218,2.0,0.16677590111284163
BCb,b_cb,DT,Decision Tree,uncalibrated,0.03856,0.9693959,-0.00915449022468269,0.01701599907760873,2.0,-0.0085683754872376,0.01638888416458123,2.0,0.14913932755334533
BCb,b_cb,DT,Decision Tree,uncalibrated,0.03858,0.96938695,-0.008893549489132575,0.014945362554530566,2.0,-0.008439294385829299,0.014466940393935979,2.0,0.1340063346085977
BCb,b_cb,DT,Decision Tree,uncalibrated,0.0386,0.969378,-0.00845043510596431,0.013091533746975675,2.0,-0.00810098416189936,0.0127279388213421,2.0,0.1209633328275991
BCb,b_cb,DT,Decision Tree,uncalibrated,0.03862,0.9693706,-0.007955192712049714,0.011603143713428464,2.0,-0.007680395972368359,0.011319643765657084,2.0,0.11074334748850517
BCb,b_cb,DT,Decision Tree,uncalibrated,0.03864,0.9693632,-0.007404686221469477,0.010264936116752396,2.0,-0.007189577396481184,0.010044496807039005,2.0,0.10172167664130649
BCb,b_cb,DT,Decision Tree,uncalibrated,0.03866,0.9693558,-0.00682775196147975,0.009065398589825118,2.0,-0.00666004709285134,0.008894442609834019,2.0,0.09372389507390941
BCb,b_cb,DT,Decision Tree,uncalibrated,0.03868,0.9693484,-0.006246090221194166,0.007993156473488599,2.0,-0.006115815811131464,0.00786090664775757,2.0,0.08660342684581697
BCb,b_cb,DT,Decision Tree,uncalibrated,0.0387,0.969341,-0.0056755681029207325,0.007037162306721099,2.0,-0.005574699533834604,0.006935097503260379,2.0,0.08023711074877642
BCb,b_cb,DT,Decision Tree,uncalibrated,0.03872,0.9693336,-0.005127362711949612,0.0061868339940883855,2.0,-0.005049492664624622,0.006108241740421683,2.0,0.07452138355036955
BCb,b_cb,DT,Decision Tree,uncalibrated,0.03874,0.9693262,-0.004608942523839239,0.005432150547572616,2.0,-0.0045489884376381795,0.005371761614081483,2.0,0.06936904044935027
BCb,b_cb,DT,Decision Tree,uncalibrated,0.03876,0.9693188,-0.004124893954321883,0.004763713308635524,2.0,-0.004078846924005897,0.004717405077980741,2.0,0.06470651138202647
BCb,b_cb,DT,Decision Tree,uncalibrated,0.03878,0.9693114,-0.0036776058041028802,0.004172779549345881,2.0,-0.003642319417378803,0.004137336598645791,2.0,0.06047158559325414
BCb,b_cb,DT,Decision Tree,uncalibrated,0.0388,0.9693039999999999,-0.0032678272159111905,0.003651274378445725,2.0,-0.0032408427742790513,0.003624196266904245,2.0,0.05661151860098318
BCb,b_cb,DT,Decision Tree,uncalibrated,0.03882,0.9692966,-0.0028951158208897435,0.0031917859698431935,2.0,-0.0028745194913585848,0.003171133690622774,2.0,0.053081461320991376
BCb,b_cb,DT,Decision Tree,uncalibrated,0.03884,0.9692892,-0.0025581924912501815,0.002787548305199558,2.0,-0.0025424997511940273,0.002771822193724738,2.0,0.04984315832499217
BCb,b_cb,DT,Decision Tree,uncalibrated,0.03886,0.9692818,-0.0022552180436219236,0.0024324148863028422,2.0,-0.002243281000088193,0.002420457962931777,2.0,0.04686386967022311
BCb,b_cb,DT,Decision Tree,uncalibrated,0.03888,0.9692744,-0.0019840057160451126,0.002120826228501579,2.0,-0.001974939306544299,0.002111747988959023,2.0,0.0441154777758397
BCb,b_cb,DT,Decision Tree,uncalibrated,0.0389,0.969267,-0.00174218152749425,0.0018477733901256573,2.0,-0.0017353051183952029,0.0018408899476772267,2.0,0.0415737471246311
BCb,b_cb,DT,Decision Tree,uncalibrated,0.03892,0.9692596,-0.0015273028946521615,0.0016087593190604401,2.0,-0.0015220943124198416,0.00160354655851086,2.0,0.039217710035849236
BCb,b_cb,DT,Decision Tree,uncalibrated,0.03894,0.9692522,-0.0013369442338464707,0.00139975939871785,2.0,-0.0013330037527730654,0.0013958164370312942,2.0,0.037029156401453156
BCb,b_cb,DT,Decision Tree,uncalibrated,0.03896,0.9692448,-0.0011687567776970508,0.0012171822439599096,2.0,-0.001165779025485758,0.001214203019825999,2.0,0.034992209172908455
BCb,b_cb,DT,Decision Tree,uncalibrated,0.03898,0.9692374,-0.001020508514436624,0.0010578315248276006,2.0,-0.001018260636679924,0.0010555827740504342,2.0,0.03309297062039816
BCb,b_cb,DT,Decision Tree,uncalibrated,0.039,0.96923,-0.0008901090188317846,0.0009188693737850062,2.0,-0.0008884137651640756,0.0009171736024886079,2.0,0.03131922705620607
BCb,b_cb,DT,Decision Tree,uncalibrated,0.03902,0.96922275,-0.0007768359982669634,0.0007990595181008751,2.0,-0.0007755545600118263,0.0007977777712105394,2.0,0.029677428970574404
BCb,b_cb,DT,Decision Tree,uncalibrated,0.03904,0.9692155,-0.0006774017945615022,0.0006945723223433091,2.0,-0.0006764339471747038,0.000693604290964378,2.0,0.0281386280207335
BCb,b_cb,DT,Decision Tree,uncalibrated,0.03906,0.96920825,-0.0005902427538637616,0.0006035082011143754,2.0,-0.0005895123063223151,0.0006027776438974897,2.0,0.02669459489432871
BCb,b_cb,DT,Decision Tree,uncalibrated,0.03908,0.969201,-0.0005139432484469342,0.0005241913038290788,2.0,-0.0005133923526756679,0.0005236403426841507,2.0,0.025337973909483995
BCb,b_cb,DT,Decision Tree,uncalibrated,0.0391,0.96919375,-0.00044722856204078737,0.0004551454582575297,2.0,-0.0004468133479629821,0.00045473020521208385,2.0,0.02406216596848178
BCb,b_cb,DT,Decision Tree,uncalibrated,0.03912,0.9691865000000001,-0.0003889561543546928,0.0003950722439823008,2.0,-0.00038864338827332423,0.00039475945467165596,2.0,0.02286122947376243
BCb,b_cb,DT,Decision Tree,uncalibrated,0.03914,0.96917925,-0.0003381060292941946,0.0003428311031206867,2.0,-0.00033787056029443985,0.000342595620271946,2.0,0.021729796255767386
BCb,b_cb,DT,Decision Tree,uncalibrated,0.03916,0.969172,-0.00029377073925316796,0.0002974213773375043,2.0,-0.0002935935510448573,0.00029724418087129223,2.0,0.020663000065910146
BCb,b_cb,DT,Decision Tree,uncalibrated,0.03918,0.96916475,-0.000255145405048164,0.00025796614547591223,2.0,-0.000255012131997967,0.0002578328675006958,2.0,0.01965641560261155
BCb,b_cb,DT,Decision Tree,uncalibrated,0.0392,0.9691575,-0.00022151801761694548,0.0002236977321856683,2.0,-0.00022141781598467025,0.00022359752761541563,2.0,0.018706006381144582
BCb,b_cb,DT,Decision Tree,uncalibrated,0.03922,0.96915025,-0.00019226019721114762,0.00019394475388824066,2.0,-0.0001921848877082244,0.00019386944263222183,2.0,0.01780808004082029
BCb,b_cb,DT,Decision Tree,uncalibrated,0.03924,0.969143,-0.0001668185212437612,0.00016812057184032703,2.0,-0.00016676193849735066,0.00016806398804752876,2.0,0.016959249917274304
BCb,b_cb,DT,Decision Tree,uncalibrated,0.03926,0.96913575,-0.00014470648167728595,0.00014571302511671045,2.0,-0.00014466398123563762,0.0001456705240502898,2.0,0.01615640190160382
BCb,b_cb,DT,Decision Tree,uncalibrated,0.03928,0.9691285,-0.00012549709764783748,0.0001262753228985454,2.0,-0.00012546518276962404,0.00012624340764716413,2.0,0.015396665769033263
BCb,b_cb,DT,Decision Tree,uncalibrated,0.0393,0.9691212499999999,-0.00010881618248296804,0.00010941798154725541,2.0,-0.00010879222188298066,0.00010939402072429605,2.0,0.01467739029343476
BCb,b_cb,DT,Decision Tree,uncalibrated,0.03932,0.969114,-9.433624789444581e-05,9.480170101954302e-05,2.0,-9.431826247124908e-05,9.478371546306485e-05,2.0,0.01399612157515681
BCb,b_cb,DT,Decision Tree,uncalibrated,0.03934,0.96910675,-8.17710148477341e-05,8.213108169428331e-05,2.0,-8.1757516669001e-05,8.211758343584785e-05,2.0,0.01335058410205538
BCb,b_cb,DT,Decision Tree,uncalibrated,0.03936,0.9690995,-7.087049375358576e-05,7.11490912533767e-05,2.0,-7.086036458819889e-05,7.11389620403069e-05,2.0,0.012738664140783233
BCb,b_cb,DT,Decision Tree,uncalibrated,0.03938,0.96909225,-6.141659364916903e-05,6.163220024064557e-05,2.0,-6.140899339773798e-05,6.16245999606746e-05,2.0,0.012158395119453122
BCb,b_cb,DT,Decision Tree,uncalibrated,0.0394,0.969085,-5.321921557644599e-05,5.338610974092709e-05,2.0,-5.321351328613222e-05,5.3380407433523125e-05,2.0,0.011607944716604392
BCb,b_cb,DT,Decision Tree,uncalibrated,0.03942,0.9690784,-4.644199971019266e-05,4.657284768981852e-05,2.0,-4.643766019174489e-05,4.6568508160871325e-05,2.0,0.011109206157125904
BCb,b_cb,DT,Decision Tree,uncalibrated,0.03944,0.9690717999999999,-4.052591842760084e-05,4.062852715723891e-05,2.0,-4.052261607784269e-05,4.062522480102748e-05,2.0,0.010634603002045764
BCb,b_cb,DT,Decision Tree,uncalibrated,0.03946,0.9690652,-3.536226551533615e-05,3.544274690585954e-05,2.0,-3.535975245910761e-05,3.544023384566275e-05,2.0,0.010182838260142222
BCb,b_cb,DT,Decision Tree,uncalibrated,0.03948,0.9690586,-3.0855879664410455e-05,3.091901940184771e-05,2.0,-3.085396722868339e-05,3.091710696367933e-05,2.0,0.009752694039720258
BCb,b_cb,DT,Decision Tree,uncalibrated,0.0395,0.9690519999999999,-2.6923496419454933e-05,2.6973042388841563e-05,2.0,-2.6922041012233944e-05,2.6971586980117923e-05,2.0,0.009343025752026834
BCb,b_cb,DT,Decision Tree,uncalibrated,0.03952,0.9690454,-2.3492290461221086e-05,2.35311783247432e-05,2.0,-2.349118281169682e-05,2.353007067429358e-05,2.0,0.00895275685737224
BCb,b_cb,DT,Decision Tree,uncalibrated,0.03954,0.9690388,-2.0498592901747242e-05,2.052912255234763e-05,2.0,-2.049774986373487e-05,2.0528279513765124e-05,2.0,0.00858087408937712
BCb,b_cb,DT,Decision Tree,uncalibrated,0.03956,0.9690322,-1.7886758595928107e-05,1.791073219483033e-05,2.0,-1.7886116905840854e-05,1.791009050439163e-05,2.0,0.008226423101876658
BCb,b_cb,DT,Decision Tree,uncalibrated,0.03958,0.9690255999999999,-1.5608171093514448e-05,1.562700107108634e-05,2.0,-1.560768261776868e-05,1.562651259512382e-05,2.0,0.007888504490550901
BCb,b_cb,DT,Decision Tree,uncalibrated,0.0396,0.969019,-1.3620366302158436e-05,1.3635159869996364e-05,2.0,-1.3619994419455939e-05,1.3634787987160113e-05,2.0,0.007566270147943051
BCb,b_cb,DT,Decision Tree,uncalibrated,0.03962,0.9690124,-1.1886262224938862e-05,1.1897887516084577e-05,2.0,-1.1885979072923103e-05,1.1897604363986236e-05,2.0,0.007258919915974977
BCb,b_cb,DT,Decision Tree,uncalibrated,0.03964,0.9690057999999999,-1.037348745197402e-05,1.0382625295728968e-05,2.0,-1.0373271831842779e-05,1.0382409675546711e-05,2.0,0.006965698504875246
BCb,b_cb,DT,Decision Tree,uncalibrated,0.03966,0.9689992,-9.053784468725308e-06,9.060968918902752e-06,2.0,-9.05362025110934e-06,9.060804701255254e-06,2.0,0.0066858926513704104
BCb,b_cb,DT,Decision Tree,uncalibrated,0.03968,0.9689926,-7.902494079269763e-06,7.908144154252708e-06,2.0,-7.902368991286046e-06,7.908019066249494e-06,2.0,0.006418828492427252
BCb,b_cb,DT,Decision Tree,uncalibrated,0.0397,0.968986,-6.898099208161664e-06,6.902543745134417e-06,2.0,-6.8980039107380264e-06,6.902448447698717e-06,2.0,0.006163869133832641
BCb,b_cb,DT,Decision Tree,uncalibrated,0.03972,0.9689793999999999,-6.021827839710435e-06,6.025324964640882e-06,2.0,-6.02175522568249e-06,6.02525235060547e-06,2.0,0.005920412395328731
BCb,b_cb,DT,Decision Tree,uncalibrated,0.03974,0.9689728,-5.257303807174107e-06,5.2600561887236335e-06,2.0,-5.25724846739406e-06,5.260000848938962e-06,2.0,0.005687888716245796
BCb,b_cb,DT,Decision Tree,uncalibrated,0.03976,0.9689662,-4.590243717786056e-06,4.592410520859225e-06,2.0,-4.590201534981908e-06,4.592368338052211e-06,2.0,0.005465759207375575
BCb,b_cb,DT,Decision Tree,uncalibrated,0.03978,0.9689595999999999,-4.008191328619154e-06,4.009897583980156e-06,2.0,-4.0081591684559825e-06,4.0098654238152065e-06,2.0,0.005253513836501328
BCb,b_cb,DT,Decision Tree,uncalibrated,0.0398,0.968953,-3.500278332507934e-06,3.501622280461962e-06,2.0,-3.5002538086859047e-06,3.50159775663883e-06,2.0,0.005050669736329897
BCb,b_cb,DT,Decision Tree,uncalibrated,0.03982,0.9689462999999999,-3.053709995093257e-06,3.0547668442576776e-06,2.0,-3.0536913311340896e-06,3.0547481802978282e-06,2.0,0.004855392575260733
BCb,b_cb,DT,Decision Tree,uncalibrated,0.03984,0.9689396,-2.6643946973383033e-06,2.665226000476164e-06,2.0,-2.664380489958429e-06,2.6652117930958674e-06,2.0,0.004668752116393906
BCb,b_cb,DT,Decision Tree,uncalibrated,0.03986,0.9689329,-2.324965873628148e-06,2.3256199405401518e-06,2.0,-2.3249550562542964e-06,2.325609123166039e-06,2.0,0.0044903286612126
BCb,b_cb,DT,Decision Tree,uncalibrated,0.03988,0.9689262,-2.029000663129764e-06,2.029515417258137e-06,2.0,-2.0289924250183056e-06,2.029507179146517e-06,2.0,0.004319724591317021
BCb,b_cb,DT,Decision Tree,uncalibrated,0.0399,0.9689194999999999,-1.770916500015766e-06,1.771321723093182e-06,2.0,-1.7709102246854513e-06,1.7713154477627668e-06,2.0,0.004156563111466771
BCb,b_cb,DT,Decision Tree,uncalibrated,0.03992,0.9689128,-1.5458392647460465e-06,1.5461583473953002e-06,2.0,-1.5458344834184956e-06,1.5461535660676873e-06,2.0,0.004000487071500629
BCb,b_cb,DT,Decision Tree,uncalibrated,0.03994,0.9689061,-1.3495284717782022e-06,1.3497797917430798e-06,2.0,-1.349524827887194e-06,1.3497761478520331e-06,2.0,0.0038511578614042036
BCb,b_cb,DT,Decision Tree,uncalibrated,0.03996,0.9688994,-1.1782912438038397e-06,1.178489244197722e-06,2.0,-1.1782884660749282e-06,1.1784864664687866e-06,2.0,0.0037082543743415302
BCb,b_cb,DT,Decision Tree,uncalibrated,0.03998,0.9688926999999999,-1.0289048067970034e-06,1.0290608405385013e-06,2.0,-1.028902688826605e-06,1.029058722568088e-06,2.0,0.0035714720328736205
BCb,b_cb,DT,Decision Tree,uncalibrated,0.04,0.9688859999999999,-8.98570465264592e-07,8.986934592129607e-07,2.0,-8.985688499385525e-07,8.986918438869118e-07,2.0,0.0034405218740337726
BCb,b_cb,DT,Decision Tree,uncalibrated,0.04002,0.9688793,-7.848453392693531e-07,7.849423149190916e-07,2.0,-7.848441069824297e-07,7.849410826321623e-07,2.0,0.0033151296892623885
BCb,b_cb,DT,Decision Tree,uncalibrated,0.04004,0.9688726,-6.856002191110495e-07,6.856766999327288e-07,2.0,-6.85599278793525e-07,6.856757596152008e-07,2.0,0.003195035215528897
BCb,b_cb,DT,Decision Tree,uncalibrated,0.04006,0.9688659,-5.989790071170994e-07,5.99039339966929e-07,2.0,-5.989782894122442e-07,5.990386222620714e-07,2.0,0.003079991374276373
BCb,b_cb,DT,Decision Tree,uncalibrated,0.04008,0.9688592,-5.233703497134562e-07,5.234179560767536e-07,2.0,-5.23369801774809e-07,5.234174081381049e-07,2.0,0.002969763555052291
BCb,b_cb,DT,Decision Tree,uncalibrated,0.0401,0.9688525,-4.573645330185564e-07,4.5740210685149117e-07,2.0,-4.573641145810825e-07,4.574016884140164e-07,2.0,0.0028641289409528444
BCb,b_cb,DT,Decision Tree,uncalibrated,0.04012,0.9688458,-3.9973492271112525e-07,3.997645855388754e-07,2.0,-3.9973460308484476e-07,3.997642659125944e-07,2.0,0.0027628758732195077
BCb,b_cb,DT,Decision Tree,uncalibrated,0.04014,0.9688391,-3.494139863216956e-07,3.4943741002911407e-07,2.0,-3.4941374210673004e-07,3.494371658141482e-07,2.0,0.002665803252497758
BCb,b_cb,DT,Decision Tree,uncalibrated,0.04016,0.9688323999999999,-3.054643049184311e-07,3.0548280567491365e-07,2.0,-3.0546411827758746e-07,3.054826190340698e-07,2.0,0.002572719974473899
BCb,b_cb,DT,Decision Tree,uncalibrated,0.04018,0.9688257,-2.6707710105925874e-07,2.6709171725640034e-07,2.0,-2.670769583823507e-07,2.670915745794922e-07,2.0,0.0024834443977511463
BCb,b_cb,DT,Decision Tree,uncalibrated,0.0402,0.968819,-2.335464328794545e-07,2.335579831957136e-07,2.0,-2.3354632378014273e-07,2.3355787409640172e-07,2.0,0.0023978038419745938
BCb,b_cb,DT,Decision Tree,uncalibrated,0.04022,0.968812775,-2.052864665196956e-07,2.0529567670786335e-07,2.0,-2.0528638222661044e-07,2.0529559241477813e-07,2.0,0.0023182733000282354
BCb,b_cb,DT,Decision Tree,uncalibrated,0.04024,0.96880655,-1.8046586872014838e-07,1.8047321417772396e-07,2.0,-1.804658035786666e-07,1.8047314903624212e-07,2.0,0.002241834876038088
BCb,b_cb,DT,Decision Tree,uncalibrated,0.04026,0.968800325,-1.5867864928892517e-07,1.5868450960116066e-07,2.0,-1.586785989271533e-07,1.5868445923938879e-07,2.0,0.0021683551834248147
BCb,b_cb,DT,Decision Tree,uncalibrated,0.04028,0.9687941,-1.3952202895243822e-07,1.3952670476772873e-07,2.0,-1.395219900168776e-07,1.395266658321681e-07,2.0,0.002097707083049919
BCb,b_cb,DT,Decision Tree,uncalibrated,0.0403,0.968787875,-1.2270704055745896e-07,1.2271077223908933e-07,2.0,-1.227070104414807e-07,1.2271074212311106e-07,2.0,0.002029769369150813
BCb,b_cb,DT,Decision Tree,uncalibrated,0.04032,0.9687816499999999,-1.0792392167017284e-07,1.0792690062059251e-07,2.0,-1.0792389837366301e-07,1.0792687732408268e-07,2.0,0.0019644264721195336
BCb,b_cb,DT,Decision Tree,uncalibrated,0.04034,0.968775425,-9.49089070419945e-08,9.491128502869095e-08,2.0,-9.490888902563555e-08,9.491126701233199e-08,2.0,0.00190156817716006
BCb,b_cb,DT,Decision Tree,uncalibrated,0.04036,0.9687692,-8.351314785787313e-08,8.351504689435676e-08,2.0,-8.351313390830839e-08,8.351503294479201e-08,2.0,0.0018410893579188323
BCb,b_cb,DT,Decision Tree,uncalibrated,0.04038,0.968762975,-7.346841476728824e-08,7.346993155398448e-08,2.0,-7.346840397159937e-08,7.346992075829561e-08,2.0,0.0017828897242477483
BCb,b_cb,DT,Decision Tree,uncalibrated,0.0404,0.96875675,-6.464927085832808e-08,6.465048244471485e-08,2.0,-6.464926249893921e-08,6.465047408532598e-08,2.0,0.0017268735832937664
BCb,b_cb,DT,Decision Tree,uncalibrated,0.04042,0.968750525,-5.690364289025714e-08,5.690461122677922e-08,2.0,-5.690363641397411e-08,5.690460475049619e-08,2.0,0.0016729496131712466
BCb,b_cb,DT,Decision Tree,uncalibrated,0.04044,0.9687443,-5.0056953264669187e-08,5.005772675705044e-08,2.0,-5.005694825310769e-08,5.005772174548895e-08,2.0,0.001621030648516637
BCb,b_cb,DT,Decision Tree,uncalibrated,0.04046,0.968738075,-4.408591608587325e-08,4.408653481316487e-08,2.0,-4.408591219862146e-08,4.408653092591308e-08,2.0,0.0015710334772554737
BCb,b_cb,DT,Decision Tree,uncalibrated,0.04048,0.96873185,-3.880078443223872e-08,3.8801278925573886e-08,2.0,-3.8800781421155506e-08,3.8801275914490674e-08,2.0,0.001522878647965442
BCb,b_cb,DT,Decision Tree,uncalibrated,0.0405,0.968725625,-3.414830540640378e-08,3.414870053477824e-08,2.0,-3.414830307413297e-08,3.414869820250743e-08,2.0,0.0014764902872471091
BCb,b_cb,DT,Decision Tree,uncalibrated,0.04052,0.9687194,-3.008184987795114e-08,3.0082166180490854e-08,2.0,-3.0081848068075345e-08,3.008216437061506e-08,2.0,0.0014317959265491486
BCb,b_cb,DT,Decision Tree,uncalibrated,0.04054,0.968713175,-2.6474296935401368e-08,2.6474549733184075e-08,2.0,-2.6474295533596148e-08,2.6474548331378855e-08,2.0,0.0013887263379337514
BCb,b_cb,DT,Decision Tree,uncalibrated,0.04056,0.9687069500000001,-2.334466096182652e-08,2.334486335548391e-08,2.0,-2.3344659871860074e-08,2.3344862265517463e-08,2.0,0.001347215378286311
BCb,b_cb,DT,Decision Tree,uncalibrated,0.04058,0.968700725,-2.055398180662597e-08,2.0554143899187564e-08,2.0,-2.0553980961679486e-08,2.055414305424108e-08,2.0,0.001307199841511926
BCb,b_cb,DT,Decision Tree,uncalibrated,0.0406,0.9686945,-1.8077336115475838e-08,1.807746567850281e-08,2.0,-1.8077335461885724e-08,1.8077465024912698e-08,2.0,0.0012686193182869622
BCb,b_cb,DT,Decision Tree,uncalibrated,0.04062,0.968688275,-1.596239597058099e-08,1.5962499887456094e-08,2.0,-1.5962395460977774e-08,1.596249937785288e-08,2.0,0.0012314160629504562
BCb,b_cb,DT,Decision Tree,uncalibrated,0.04064,0.96868205,-1.4052123526698484e-08,1.4052206571380726e-08,2.0,-1.4052123131769179e-08,1.405220617645142e-08,2.0,0.0011955348671542332
BCb,b_cb,DT,Decision Tree,uncalibrated,0.04066,0.968675825,-1.2368889108054652e-08,1.2368955610413827e-08,2.0,-1.236888880207232e-08,1.2368955304431495e-08,2.0,0.001160922939906125
BCb,b_cb,DT,Decision Tree,uncalibrated,0.04068,0.9686696,-1.090497199676864e-08,1.090502517645152e-08,2.0,-1.090497175892935e-08,1.0905024938612229e-08,2.0,0.0011275297936621052
BCb,b_cb,DT,Decision Tree,uncalibrated,0.0407,0.968663375,-9.608080627001445e-09,9.608123370587893e-09,2.0,-9.608080442369271e-09,9.60812318595572e-09,2.0,0.001095307136147339
BCb,b_cb,DT,Decision Tree,uncalibrated,0.04072,0.9686571500000001,-8.452641785071494e-09,8.45267586891835e-09,2.0,-8.452641642175962e-09,8.452675726022818e-09,2.0,0.0010642087675958947
BCb,b_cb,DT,Decision Tree,uncalibrated,0.04074,0.968650925,-7.471264829646882e-09,7.471292363177893e-09,2.0,-7.47126471800641e-09,7.47129225153742e-09,2.0,0.0010341904831234372
BCb,b_cb,DT,Decision Tree,uncalibrated,0.04076,0.9686447,-6.573224329104864e-09,6.573246422543054e-09,2.0,-6.57322424268969e-09,6.57324633612788e-09,2.0,0.0010052099799626793
BCb,b_cb,DT,Decision Tree,uncalibrated,0.04078,0.968638475,-5.723252215492258e-09,5.723269868038349e-09,2.0,-5.7232521499805955e-09,5.723269802526687e-09,2.0,0.000977226769300568
BCb,b_cb,DT,Decision Tree,uncalibrated,0.0408,0.96863225,-5.1369616311107105e-09,5.136975730943123e-09,2.0,-5.136961578333654e-09,5.136975678166067e-09,2.0,0.0009502020924781519
BCb,b_cb,DT,Decision Tree,uncalibrated,0.04082,0.9686260250000001,-4.481571431937037e-09,4.481582645189586e-09,2.0,-4.481571391767858e-09,4.481582605020407e-09,2.0,0.0009240988413229519
BCb,b_cb,DT,Decision Tree,uncalibrated,0.04084,0.9686198,-3.948754021642493e-09,3.948763236493597e-09,2.0,-3.948753990457021e-09,3.948763205308126e-09,2.0,0.0008988814823966128
BCb,b_cb,DT,Decision Tree,uncalibrated,0.04086,0.968613575,-3.6222071160670763e-09,3.622214665583644e-09,2.0,-3.6222070898261904e-09,3.622214639342758e-09,2.0,0.0008745159849564752
BCb,b_cb,DT,Decision Tree,uncalibrated,0.04088,0.9686073500000001,-3.1578532210964028e-09,3.1578591052784333e-09,2.0,-3.1578532011522498e-09,3.1578590853342803e-09,2.0,0.0008509697524342402
BCb,b_cb,DT,Decision Tree,uncalibrated,0.0409,0.9686011250000001,-2.7804879664552284e-09,2.7804925183696293e-09,2.0,-2.7804879509929492e-09,2.78049250290735e-09,2.0,0.0008282115572512267
BCb,b_cb,DT,Decision Tree,uncalibrated,0.04092,0.9685949,-2.548812396366837e-09,2.548816726236633e-09,2.0,-2.5488123833738996e-09,2.5488167132436956e-09,2.0,0.0008062114787990795
BCb,b_cb,DT,Decision Tree,uncalibrated,0.04094,0.968588675,-2.2205726800481844e-09,2.2205755666280484e-09,2.0,-2.2205726701862716e-09,2.2205755567661356e-09,2.0,0.0007849408444197318
BCb,b_cb,DT,Decision Tree,uncalibrated,0.04096,0.96858245,-1.7762909539741745e-09,1.7762931744202238e-09,2.0,-1.776290947663739e-09,1.7762931681097882e-09,2.0,0.0007643721732330293
BCb,b_cb,DT,Decision Tree,uncalibrated,0.04098,0.9685762250000001,-1.591066283790738e-09,1.5910686152590896e-09,2.0,-1.5910662787277374e-09,1.5910686101960891e-09,2.0,0.0007444791226653171
BCb,b_cb,DT,Decision Tree,uncalibrated,0.041,0.96857,-1.3358040265192788e-09,1.3358053587869084e-09,2.0,-1.3358040229505264e-09,1.335805355218156e-09,2.0,0.0007252364375404049
BCb,b_cb,RF,Random Forest,uncalibrated,0.036,0.97125,-0.013237249087862002,0.014592072731686273,70.0,-0.0021438499636338873,0.002298446050835206,35.0,8.78592903580343e-05
BCb,b_cb,RF,Random Forest,uncalibrated,0.03602,0.9712312,-0.013142854208221836,0.014546641011093445,70.0,-0.0021301473448519996,0.0022904688166726847,35.0,9.164161675935368e-05
BCb,b_cb,RF,Random Forest,uncalibrated,0.03604,0.9712124,-0.013045087706953477,0.014499509926826208,70.0,-0.002116010575114092,0.0022822607278899392,35.0,9.564908560846895e-05
BCb,b_cb,RF,Random Forest,uncalibrated,0.03606,0.9711936,-0.012943863281896508,0.0144506481315963,70.0,-0.0021014298681286763,0.0022738190792994514,35.0,9.989691010959723e-05
BCb,b_cb,RF,Random Forest,uncalibrated,0.03608,0.9711748,-0.012839092807299184,0.014400024439399221,70.0,-0.002086395281070562,0.0022651412833394405,35.0,0.00010440140525995333
BCb,b_cb,RF,Random Forest,uncalibrated,0.0361,0.9711559999999999,-0.012730686280712921,0.01434760788268177,70.0,-0.002070896713408884,0.002256224884753414,35.0,0.00010918006929241773
BCb,b_cb,RF,Random Forest,uncalibrated,0.03612,0.9711371999999999,-0.01258508154171296,0.014296393101217232,35.0,-0.0020549239055073065,0.0022470675765667546,35.0,0.00011425167095559042
BCb,b_cb,RF,Random Forest,uncalibrated,0.03614,0.9711183999999999,-0.012472227234167953,0.014245195984181414,35.0,-0.0020384664370326788,0.0022376672175913465,35.0,0.00011963634301517437
BCb,b_cb,RF,Random Forest,uncalibrated,0.03616,0.9710996,-0.012355254737145523,0.014191984435719975,35.0,-0.002021513725078075,0.00222802185157835,35.0,0.0001253556823833128
BCb,b_cb,RF,Random Forest,uncalibrated,0.03618,0.9710808,-0.012234057704893268,0.014136722255860393,35.0,-0.0020040550220225516,0.0022181297282918917,35.0,0.00013143285730905676
BCb,b_cb,RF,Random Forest,uncalibrated,0.0362,0.971062,-0.012108527305976495,0.014079373524747642,35.0,-0.0019860794130878243,0.0022079893267472474,35.0,0.00013789272209141206
BCb,b_cb,RF,Random Forest,uncalibrated,0.03622,0.9710432,-0.011978552128467362,0.014019902696021885,35.0,-0.0019675758135732756,0.002197599380920933,35.0,0.00014476193980894795
BCb,b_cb,RF,Random Forest,uncalibrated,0.03624,0.9710244,-0.011844018076559305,0.013958274702891375,35.0,-0.001948532965816814,0.0021869589083555662,35.0,0.0001520691135969914
BCb,b_cb,RF,Random Forest,uncalibrated,0.03626,0.9710056,-0.01170480825778783,0.013894455078998004,35.0,-0.0019289394358808056,0.002176067242088573,35.0,0.0001598449270464029
BCb,b_cb,RF,Random Forest,uncalibrated,0.03628,0.9709868,-0.011560802860776053,0.013828410097410461,35.0,-0.001908783610086318,0.002164924066529625,35.0,0.00016812229434834516
BCb,b_cb,RF,Random Forest,uncalibrated,0.0363,0.970968,-0.01141187902301024,0.013760106931175579,35.0,-0.0018880536914824258,0.0021535294579507675,35.0,0.00017693652086934775
BCb,b_cb,RF,Random Forest,uncalibrated,0.03632,0.9709492,-0.011257910689144914,0.013689513840517621,35.0,-0.0018667376965043159,0.002141883930516557,35.0,0.00018632547491264048
BCb,b_cb,RF,Random Forest,uncalibrated,0.03634,0.9709304,-0.011098768460069951,0.013616600392303457,35.0,-0.0018448234520693592,0.0021299884888920104,35.0,0.00019632977150792777
BCb,b_cb,RF,Random Forest,uncalibrated,0.03636,0.9709116,-0.010934319434206273,0.013541337719557671,35.0,-0.0018222985935741226,0.0021178446888150816,35.0,0.00020699296917763731
BCb,b_cb,RF,Random Forest,uncalibrated,0.03638,0.9708928,-0.010764427042792003,0.013463698830238126,35.0,-0.0017991505643466638,0.0021054547072752905,35.0,0.0002183617807539382
BCb,b_cb,RF,Random Forest,uncalibrated,0.0364,0.970874,-0.01058895088237271,0.013383658977363972,35.0,-0.0017753666173730472,0.002092821424408807,35.0,0.00023048629947863174
BCb,b_cb,RF,Random Forest,uncalibrated,0.03642,0.9708552,-0.010407746548609285,0.01330119610518666,35.0,-0.0017509338203219333,0.0020799485196686452,35.0,0.00024342024180793907
BCb,b_cb,RF,Random Forest,uncalibrated,0.03644,0.9708364,-0.010220665477623278,0.013216291390301324,35.0,-0.0017258390652804957,0.0020668405855171503,35.0,0.0002572212085785866
BCb,b_cb,RF,Random Forest,uncalibrated,0.03646,0.9708176000000001,-0.010027554802927942,0.013128929901100261,35.0,-0.0017000690849955113,0.002053503262646474,35.0,0.0002719509664773688
BCb,b_cb,RF,Random Forest,uncalibrated,0.03648,0.9707988000000001,-0.009828257238725038,0.013039101404920735,35.0,-0.0016736104779467654,0.002039943401721505,35.0,0.0002876757521063448
BCb,b_cb,RF,Random Forest,uncalibrated,0.0365,0.9707800000000001,-0.009622611003581312,0.012946801359636106,35.0,-0.0016464497452316675,0.00202616925787488,35.0,0.00030446660136285554
BCb,b_cb,RF,Random Forest,uncalibrated,0.03652,0.9707612,-0.009410449802235573,0.012852032135308788,35.0,-0.0016185733430093552,0.0020121907256723374,35.0,0.00032239970737451613
BCb,b_cb,RF,Random Forest,uncalibrated,0.03654,0.9707424,-0.009191602887934787,0.012754804522716027,35.0,-0.0015899677552229994,0.001998019624149726,35.0,0.00034155681086313317
BCb,b_cb,RF,Random Forest,uncalibrated,0.03656,0.9707236,-0.008965895232937962,0.012655139599115215,35.0,-0.001560619592462397,0.0019836700438221307,35.0,0.000362025627584292
BCb,b_cb,RF,Random Forest,uncalibrated,0.03658,0.9707048,-0.008733147840787525,0.012553071038073859,35.0,-0.0015305157241852162,0.0019691587703796,35.0,0.0003839003184231385
BCb,b_cb,RF,Random Forest,uncalibrated,0.0366,0.970686,-0.008493178240590971,0.012448647970334953,35.0,-0.001499643453124213,0.0019545058032620875,35.0,0.0004072820088654748
BCb,b_cb,RF,Random Forest,uncalibrated,0.03662,0.9706679,-0.00825369913868204,0.01234520130406134,35.0,-0.001468925048150065,0.0019401114595590627,35.0,0.00043152277639322385
BCb,b_cb,RF,Random Forest,uncalibrated,0.03664,0.9706498,-0.008007095363322772,0.012239690713908648,35.0,-0.0014374653593306782,0.0019256336112434722,35.0,0.0004573945347323117
BCb,b_cb,RF,Random Forest,uncalibrated,0.03666,0.9706317,-0.007753197922423042,0.012132227526057979,35.0,-0.001405255846041857,0.00191110358597397,35.0,0.0004850123370397392
BCb,b_cb,RF,Random Forest,uncalibrated,0.03668,0.9706136000000001,-0.0074918390691899655,0.012022954485630934,35.0,-0.0013722895670874595,0.00189655869611291,35.0,0.0005144998816205335
BCb,b_cb,RF,Random Forest,uncalibrated,0.0367,0.9705955,-0.007222854204322628,0.011912052799890336,35.0,-0.0013385616842817975,0.0018820434756943018,35.0,0.0005459903092771588
BCb,b_cb,RF,Random Forest,uncalibrated,0.03672,0.9705774,-0.006946084217309528,0.011799750741735275,35.0,-0.001304070081998383,0.001867611190459787,35.0,0.0005796271094246879
BCb,b_cb,RF,Random Forest,uncalibrated,0.03674,0.9705593,-0.00666137830038425,0.01168633412988568,35.0,-0.001268816121780904,0.0018533256794394778,35.0,0.0006155651551370701
BCb,b_cb,RF,Random Forest,uncalibrated,0.03676,0.9705412,-0.006368597243411925,0.011572159053392105,35.0,-0.0012328055515492063,0.0018392635977525801,35.0,0.0006539718914308928
BCb,b_cb,RF,Random Forest,uncalibrated,0.03678,0.9705231,-0.006067617174674956,0.011457667262260251,35.0,-0.0011960495879245671,0.0018255171430914866,35.0,0.0006950287061337809
BCb,b_cb,RF,Random Forest,uncalibrated,0.0368,0.970505,-0.005758333643594505,0.01134340470109008,35.0,-0.0011585661869489164,0.0018121973628027084,35.0,0.0007389325188231923
BCb,b_cb,RF,Random Forest,uncalibrated,0.03682,0.9704869,-0.005440665835574766,0.01123004371417815,35.0,-0.0011203815117123532,0.0017994381543926345,35.0,0.0007858976308270762
BCb,b_cb,RF,Random Forest,uncalibrated,0.03684,0.9704688,-0.005114560552737549,0.011118409493480731,35.0,-0.0010815315935903073,0.0017874010895162573,35.0,0.0008361578884871239
BCb,b_cb,RF,Random Forest,uncalibrated,0.03686,0.9704507,-0.004779995367612853,0.011009511365591643,35.0,-0.0010420641645645207,0.0017762812094012242,35.0,0.0008899692232184818
BCb,b_cb,RF,Random Forest,uncalibrated,0.03688,0.9704326,-0.0053017108028112145,0.010976146952281404,94.0,-0.0010020406084733505,0.0017663139574339596,35.0,0.0009476126459229969
BCb,b_cb,RF,Random Forest,uncalibrated,0.0369,0.9704145,-0.005060796539460712,0.010977911290423059,94.0,-0.0010679353707476805,0.0017669159879395806,94.0,0.0010093977907019071
BCb,b_cb,RF,Random Forest,uncalibrated,0.03692,0.9703963999999999,-0.004812013425587264,0.010989214180654619,94.0,-0.0010517737612223213,0.0017836162901545848,94.0,0.0010756671245029483
BCb,b_cb,RF,Random Forest,uncalibrated,0.03694,0.9703783,-0.004655823727925415,0.011015306505757307,83.0,-0.0010357055869458362,0.0018030874985122214,94.0,0.0011468009664814599
BCb,b_cb,RF,Random Forest,uncalibrated,0.03696,0.9703602,-0.004429867926066541,0.011087389638544734,83.0,-0.001033697063349018,0.0018267856676378034,83.0,0.0012232234949921086
BCb,b_cb,RF,Random Forest,uncalibrated,0.03698,0.9703421,-0.004199090268763499,0.011180755688938442,83.0,-0.0010258294004317193,0.0018604471560157826,83.0,0.001305409963234746
BCb,b_cb,RF,Random Forest,uncalibrated,0.037,0.970324,-0.003977136877868824,0.01130247357866663,72.0,-0.0010193490319703989,0.0018996365819645398,83.0,0.001393895399294588
BCb,b_cb,RF,Random Forest,uncalibrated,0.03702,0.97030885,-0.0038748864956824466,0.011451642862783726,66.0,-0.001015594663362797,0.0019394165401560568,83.0,0.001477040942501315
BCb,b_cb,RF,Random Forest,uncalibrated,0.03704,0.9702936999999999,-0.0037164385435136515,0.011654656229777254,66.0,-0.0010136261561579437,0.0019852912303731647,83.0,0.0015659633452284572
BCb,b_cb,RF,Random Forest,uncalibrated,0.03706,0.97027855,-0.0035598737015663136,0.011895859456983153,66.0,-0.0010165495315989695,0.002039113227407591,72.0,0.0016611816489732229
BCb,b_cb,RF,Random Forest,uncalibrated,0.03708,0.9702634,-0.0034046936970574477,0.012180908339565867,66.0,-0.001035629032545219,0.0021038236428283026,66.0,0.0017632816162574674
BCb,b_cb,RF,Random Forest,uncalibrated,0.0371,0.9702482499999999,-0.0032495951494639526,0.01251590527036777,66.0,-0.0010505671759104282,0.0021834605193401238,66.0,0.0018729271619141352
BCb,b_cb,RF,Random Forest,uncalibrated,0.03712,0.9702331,-0.0030921449542062555,0.01290732983111736,66.0,-0.0010694788224219487,0.002275258297697334,66.0,0.0019908740979035717
BCb,b_cb,RF,Random Forest,uncalibrated,0.03714,0.97021795,-0.0029283674038045396,0.013361925281257413,66.0,-0.0010925806077323307,0.00238099055633039,66.0,0.0021179867179365775
BCb,b_cb,RF,Random Forest,uncalibrated,0.03716,0.9702028,-0.0027522272032601044,0.013886528423433573,66.0,-0.0011199339701319826,0.002502612316958717,66.0,0.002255257881361987
BCb,b_cb,RF,Random Forest,uncalibrated,0.03718,0.97018765,-0.0025741051234603324,0.01449209752479647,60.0,-0.0011539517506946508,0.002642726283901049,60.0,0.0024038334262482205
BCb,b_cb,RF,Random Forest,uncalibrated,0.0372,0.9701725,-0.0023505082970212768,0.015182031644858538,60.0,-0.0011902887829639782,0.0028037972248343675,60.0,0.002565041960680729
BCb,b_cb,RF,Random Forest,uncalibrated,0.03722,0.97015735,-0.002078070852603385,0.015961199988827862,60.0,-0.0012295031764548627,0.0029878661551943487,60.0,0.0027404313642787332
BCb,b_cb,RF,Random Forest,uncalibrated,0.03724,0.9701422,-0.0017348746926744135,0.016833575181981426,60.0,-0.001270072200801197,0.003197525995503963,60.0,0.002931813699040492
BCb,b_cb,RF,Random Forest,uncalibrated,0.03726,0.97012705,-0.001334705652937385,0.017814541240468464,55.0,-0.0013096714510084447,0.0034354250095388183,60.0,0.0031413207072498797
BCb,b_cb,RF,Random Forest,uncalibrated,0.03728,0.9701119,-0.0007782114630420119,0.018893416365191592,55.0,-0.0013449373378076578,0.003704186778143141,60.0,0.0033714727010777734
BCb,b_cb,RF,Random Forest,uncalibrated,0.0373,0.9700967500000001,-4.4345079990043557e-05,0.020064924623216844,55.0,-0.0013711825859200472,0.004006301164655438,60.0,0.003625264473529602
BCb,b_cb,RF,Random Forest,uncalibrated,0.03732,0.9700816,0.0008786125696270894,0.021325822726925146,49.0,-0.0013820621881966938,0.0043439806484264695,60.0,0.003906272951382166
BCb,b_cb,RF,Random Forest,uncalibrated,0.03734,0.97006645,0.002131576701311772,0.022660654617108943,49.0,-0.0013837661381204992,0.0047193857559190335,49.0,0.004218792759957683
BCb,b_cb,RF,Random Forest,uncalibrated,0.03736,0.9700513000000001,0.003763942810903434,0.0240409076029996,49.0,-0.0013454966190372605,0.005140533776959431,49.0,0.004568007803406043
BCb,b_cb,RF,Random Forest,uncalibrated,0.03738,0.97003615,0.00586840895999427,0.025433912531094345,49.0,-0.0012607107361809582,0.0056021142088933445,49.0,0.004960209555401062
BCb,b_cb,RF,Random Forest,uncalibrated,0.0374,0.970021,0.008549158178448774,0.026796898122740862,49.0,-0.0011124215582100673,0.006103233016370378,49.0,0.005403076241151925
BCb,b_cb,RF,Random Forest,uncalibrated,0.03742,0.9700083500000001,0.00890771042543527,0.028113091546316596,8.0,-0.0009145452556478181,0.006576636320549138,49.0,0.005842793207100736
BCb,b_cb,RF,Random Forest,uncalibrated,0.03744,0.9699957,0.011812249262836735,0.02960131634917978,8.0,-0.0008638520978053541,0.007078504975784577,16.0,0.0063370015292585685
BCb,b_cb,RF,Random Forest,uncalibrated,0.03746,0.9699830500000001,0.01537060903676414,0.03100076586927557,8.0,-0.0005414285030052269,0.007631054166459312,16.0,0.00689519294815407
BCb,b_cb,RF,Random Forest,uncalibrated,0.03748,0.9699704,0.01967367645933886,0.03225746679073857,8.0,-0.00040251485136037334,0.008228556502567519,8.0,0.007528899553500514
BCb,b_cb,RF,Random Forest,uncalibrated,0.0375,0.9699577500000001,0.024807704903436326,0.03331183245686712,8.0,7.497364217333435e-05,0.008897774009776888,8.0,0.008252198017819255
BCb,b_cb,RF,Random Forest,uncalibrated,0.03752,0.9699451,0.03084803564412339,0.03410077647641237,8.0,0.0007091385432586167,0.009587217033819958,8.0,0.009082352015794982
BCb,b_cb,RF,Random Forest,uncalibrated,0.03754,0.9699324500000001,0.03785168977514698,0.034560716836927505,8.0,0.0015312987174973588,0.010285944059373654,8.0,0.010040633465904569
BCb,b_cb,RF,Random Forest,uncalibrated,0.03756,0.9699198,0.04584919318538554,0.03463145083804503,8.0,0.0025754331483557064,0.010980185568483377,8.0,0.011153375502859754
BCb,b_cb,RF,Random Forest,uncalibrated,0.03758,0.9699071499999999,0.05483621524748075,0.03426077775019065,8.0,0.0038773652866352093,0.011653221326238819,8.0,0.012453325881109797
BCb,b_cb,RF,Random Forest,uncalibrated,0.0376,0.9698945,0.06476580343360931,0.033409653412970426,8.0,0.005473545488357054,0.01228539362260785,8.0,0.013981389585657892
BCb,b_cb,RF,Random Forest,uncalibrated,0.03762,0.96988185,0.07554213568208312,0.0320576342802027,8.0,0.007399377762787195,0.012854293646005502,8.0,0.0157888744873332
BCb,b_cb,RF,Random Forest,uncalibrated,0.03764,0.9698692,0.08701674394566149,0.030208500428057176,8.0,0.009687058574902208,0.013335151269807936,8.0,0.017940384317176664
BCb,b_cb,RF,Random Forest,uncalibrated,0.03766,0.96985655,0.09898805211375326,0.02789639027710772,8.0,0.012362928606481742,0.013701445765836763,8.0,0.020517538652343313
BCb,b_cb,RF,Random Forest,uncalibrated,0.03768,0.9698439,0.11120481093080962,0.0251937980582791,8.0,0.015444383644011274,0.013925737998415634,8.0,0.023623737967255535
BCb,b_cb,RF,Random Forest,uncalibrated,0.0377,0.96983125,0.12337362658992908,0.022224832670700558,8.0,0.018936447480227197,0.013980708416140028,8.0,0.027390227991554203
BCb,b_cb,RF,Random Forest,uncalibrated,0.03772,0.9698186,0.13517032546537425,0.019190628647812524,8.0,0.022828176147824873,0.013840378704948478,8.0,0.03198374115426112
BCb,b_cb,RF,Random Forest,uncalibrated,0.03774,0.9698059499999999,0.14625445233252732,0.016415869685340114,8.0,0.02708913623061944,0.013481511761843094,8.0,0.03761598457480847
BCb,b_cb,RF,Random Forest,uncalibrated,0.03776,0.9697933,0.15440879026384338,0.015122577070000935,24.0,0.03166627665582572,0.012885242873316652,8.0,0.04455517150934127
BCb,b_cb,RF,Random Forest,uncalibrated,0.03778,0.9697806499999999,0.1610436285960459,0.016897282953936596,24.0,0.03648158768221589,0.012039122527734083,8.0,0.05313960591744145
BCb,b_cb,RF,Random Forest,uncalibrated,0.0378,0.969768,0.166164747451344,0.01886770377983158,24.0,0.04143100362164515,0.010940012983863573,8.0,0.06379295609071421
BCb,b_cb,RF,Random Forest,uncalibrated,0.03782,0.96975745,0.16951313087171563,0.020592979620705134,14.0,0.045828633265433474,0.009764121813442097,8.0,0.07538906441961195
BCb,b_cb,RF,Random Forest,uncalibrated,0.03784,0.9697469,0.17138138628247895,0.022176282757804065,14.0,0.05012619392710774,0.008419722410067217,8.0,0.0894644401840581
BCb,b_cb,RF,Random Forest,uncalibrated,0.03786,0.96973635,0.17282749883035667,0.023657930026949124,60.0,0.05420737206101893,0.006954927722945684,8.0,0.10653842905380459
BCb,b_cb,RF,Random Forest,uncalibrated,0.03788,0.9697258,0.18046075111359447,0.025447239365514972,8.0,0.057948922883089435,0.005472579712726725,8.0,0.1272091830176345
BCb,b_cb,RF,Random Forest,uncalibrated,0.0379,0.9697152499999999,0.17830692770977113,0.02827907963579673,8.0,0.05900475234402303,0.004794186246076112,24.0,0.15214744221121881
BCb,b_cb,RF,Random Forest,uncalibrated,0.03792,0.9697047,0.17448782918894312,0.030805029013714732,8.0,0.06112706230962243,0.004801480846672941,24.0,0.18207916135284838
BCb,b_cb,RF,Random Forest,uncalibrated,0.03794,0.9696941499999999,0.16910925768852436,0.032916436866081096,8.0,0.06249379639136195,0.0050497016722816125,18.0,0.2177528278376406
BCb,b_cb,RF,Random Forest,uncalibrated,0.03796,0.9696836,0.1623182004086114,0.034530583688126844,8.0,0.06457812182331446,0.00566101765820644,12.0,0.2598872317918541
BCb,b_cb,RF,Random Forest,uncalibrated,0.03798,0.9696730499999999,0.15429691104576615,0.03558898118090423,8.0,0.06754387010931766,0.007280019632719879,8.0,0.3090958114545036
BCb,b_cb,RF,Random Forest,uncalibrated,0.038,0.9696625,0.14525557003752987,0.03605787622467858,8.0,0.0670756988726442,0.008942862758131005,8.0,0.36578445870155357
BCb,b_cb,RF,Random Forest,uncalibrated,0.03802,0.96965195,0.13542387243759718,0.03592928079950115,8.0,0.06575746661616116,0.010454071019834477,8.0,0.43002082450696144
BCb,b_cb,RF,Random Forest,uncalibrated,0.03804,0.9696414,0.12504199374236155,0.03522141587233836,8.0,0.06363701204050048,0.01171540729225137,8.0,0.5013752110292214
BCb,b_cb,RF,Random Forest,uncalibrated,0.03806,0.96963085,0.11435146077517415,0.03397783651103343,8.0,0.06079704370393813,0.012661600259963686,8.0,0.5787377157659156
BCb,b_cb,RF,Random Forest,uncalibrated,0.03808,0.9696203,0.10358647886351696,0.032264826808408774,8.0,0.05735001121220527,0.013254875207676141,8.0,0.660126474214453
BCb,b_cb,RF,Random Forest,uncalibrated,0.0381,0.9696097499999999,0.09296621630883331,0.030166978542147647,8.0,0.05343069268802444,0.013483864934877894,8.0,0.7425211219331295
BCb,b_cb,RF,Random Forest,uncalibrated,0.03812,0.9695992,0.08268841820881087,0.02778120754591108,8.0,0.04918735745678223,0.01336239811946796,8.0,0.821784603102511
BCb,b_cb,RF,Random Forest,uncalibrated,0.03814,0.9695886499999999,0.07292453491777834,0.025209786332229513,8.0,0.04477248954259367,0.012926583683190674,8.0,0.892767427334652
BCb,b_cb,RF,Random Forest,uncalibrated,0.03816,0.9695781,0.06381635098794333,0.022553220384914356,8.0,0.04033398548413451,0.012229947944771554,8.0,0.9496999930266576
BCb,b_cb,RF,Random Forest,uncalibrated,0.03818,0.96956755,0.055473945157903035,0.01990389736809735,8.0,0.036007511607793606,0.011337166030276449,8.0,0.986937350852301
BCb,b_cb,RF,Random Forest,uncalibrated,0.0382,0.969557,0.04797474738754269,0.017341338752726154,8.0,0.03191041357557141,0.010317362141990414,8.0,1.0
BCb,b_cb,RF,Random Forest,uncalibrated,0.03822,0.96954805,0.04196921627436548,0.015156929119766164,8.0,0.02848966331974309,0.009344424851034084,8.0,0.9891095176720666
BCb,b_cb,RF,Random Forest,uncalibrated,0.03824,0.9695391,0.03669735288845781,0.013131082658852926,8.0,0.025384589253984922,0.00836820181369084,8.0,0.9571077891309621
BCb,b_cb,RF,Random Forest,uncalibrated,0.03826,0.96953015,0.0321497247129546,0.011289934981543352,8.0,0.02262951470621241,0.007428065774750652,8.0,0.9065523473022242
BCb,b_cb,RF,Random Forest,uncalibrated,0.03828,0.9695212,0.028298123767487336,0.009651016601305764,8.0,0.02024121865749283,0.00655633982306385,8.0,0.8416849432478375
BCb,b_cb,RF,Random Forest,uncalibrated,0.0383,0.96951225,0.025097659287844312,0.008224497564017894,8.0,0.018219832736568832,0.005777657396354451,8.0,0.7676665374834151
BCb,b_cb,RF,Random Forest,uncalibrated,0.03832,0.9695033,0.02248947338136662,0.007013839675692076,8.0,0.01655048660417554,0.005108273416989696,8.0,0.6896962994411778
BCb,b_cb,RF,Random Forest,uncalibrated,0.03834,0.96949435,0.020404023668036352,0.006015420256399041,8.0,0.015205609738838916,0.004555085581777591,8.0,0.6122772054623373
BCb,b_cb,RF,Random Forest,uncalibrated,0.03836,0.9694853999999999,0.01876479270752577,0.005217146928930828,8.0,0.014406973893281754,0.004116450258459132,10.0,0.5387900538380253
BCb,b_cb,RF,Random Forest,uncalibrated,0.03838,0.9694764499999999,0.017492209647871057,0.004596973868847464,8.0,0.013648042832758297,0.0038576047706789392,10.0,0.47139380029710953
BCb,b_cb,RF,Random Forest,uncalibrated,0.0384,0.9694675,0.017020014634518292,0.004210032130456663,10.0,0.013079673905132741,0.003652990513010299,10.0,0.4111649542811056
BCb,b_cb,RF,Random Forest,uncalibrated,0.03842,0.96945855,0.016295466091192673,0.0039262577115888085,10.0,0.012651332169371903,0.0034873460617280017,10.0,0.35835504475414853
BCb,b_cb,RF,Random Forest,uncalibrated,0.03844,0.9694496,0.015705715374578447,0.0036985082542430776,10.0,0.012315406215382001,0.00334319972799394,10.0,0.31266614950286653
BCb,b_cb,RF,Random Forest,uncalibrated,0.03846,0.96944065,0.015191972276421243,0.0034968413970923877,10.0,0.01202967482006991,0.0032042822639242467,10.0,0.2734861326243772
BCb,b_cb,RF,Random Forest,uncalibrated,0.03848,0.9694317,0.014707131479276091,0.0032975955044561977,10.0,0.011758959953672276,0.003057723599142637,10.0,0.24006238557728532
BCb,b_cb,RF,Random Forest,uncalibrated,0.0385,0.96942275,0.014578828640718163,0.003092237897252119,7.0,0.01180971216076738,0.002904440700132334,7.0,0.2116160235626516
BCb,b_cb,RF,Random Forest,uncalibrated,0.03852,0.9694138,0.01403723599013647,0.002994112419919588,7.0,0.01146985071668624,0.0028196830670598,7.0,0.18740867335017283
BCb,b_cb,RF,Random Forest,uncalibrated,0.03854,0.96940485,0.013456627494817026,0.0028476782341983575,7.0,0.011090291272491995,0.002698164679743951,7.0,0.16677590111284163
BCb,b_cb,RF,Random Forest,uncalibrated,0.03856,0.9693959,0.012863814466984553,0.00289098705275063,4.0,0.010686057704171886,0.00266490140390912,4.0,0.14913932755334533
BCb,b_cb,RF,Random Forest,uncalibrated,0.03858,0.96938695,0.012354307407882159,0.0029333044156255547,4.0,0.010316351027793519,0.002678043879759037,4.0,0.1340063346085977
BCb,b_cb,RF,Random Forest,uncalibrated,0.0386,0.969378,0.011818636647834389,0.0029279148255372954,4.0,0.009918931753618465,0.002656795411841519,4.0,0.1209633328275991
BCb,b_cb,RF,Random Forest,uncalibrated,0.03862,0.9693706,0.011319654332957235,0.0028884295776472595,4.0,0.009542132268883702,0.0026125587215035874,4.0,0.11074334748850517
BCb,b_cb,RF,Random Forest,uncalibrated,0.03864,0.9693632,0.010808322778326735,0.0028222229492760767,4.0,0.009150484472125575,0.002548800614209582,4.0,0.10172167664130649
BCb,b_cb,RF,Random Forest,uncalibrated,0.03866,0.9693558,0.010289719752415615,0.002734183999713088,4.0,0.008748426252588676,0.0024690602524523567,4.0,0.09372389507390941
BCb,b_cb,RF,Random Forest,uncalibrated,0.03868,0.9693484,0.00976890492087549,0.002628705207055646,4.0,0.008340447641956739,0.0023765690160799484,4.0,0.08660342684581697
BCb,b_cb,RF,Random Forest,uncalibrated,0.0387,0.969341,0.004737891009946498,0.0027127036581228244,16.0,0.007930839743315432,0.002274211583581515,4.0,0.08023711074877642
BCb,b_cb,RF,Random Forest,uncalibrated,0.03872,0.9693336,0.004223241678232724,0.0028845593140076845,16.0,0.007523523911904972,0.0021645130019462017,4.0,0.07452138355036955
BCb,b_cb,RF,Random Forest,uncalibrated,0.03874,0.9693262,0.0037472318907240502,0.003021352305058568,16.0,0.0034232155424859037,0.0022780526493740546,16.0,0.06936904044935027
BCb,b_cb,RF,Random Forest,uncalibrated,0.03876,0.9693188,0.0033118509136567864,0.003123820927721723,16.0,0.0030523156025331136,0.0023903481079034553,16.0,0.06470651138202647
BCb,b_cb,RF,Random Forest,uncalibrated,0.03878,0.9693114,0.0030870694995541103,0.003253181498640206,13.0,0.0027126745505326455,0.002475132205892019,16.0,0.06047158559325414
BCb,b_cb,RF,Random Forest,uncalibrated,0.0388,0.9693039999999999,0.0025785041238297578,0.0034386143420971865,13.0,0.0025694990789252494,0.002550698154763597,13.0,0.05661151860098318
BCb,b_cb,RF,Random Forest,uncalibrated,0.03882,0.9692966,0.0021131678088774607,0.0035927569977753705,13.0,0.002167457890037394,0.00270373581031137,13.0,0.053081461320991376
BCb,b_cb,RF,Random Forest,uncalibrated,0.03884,0.9692892,0.0016918564213040388,0.0037161775306787845,13.0,0.0017988920824527303,0.002832007825532922,13.0,0.04984315832499217
BCb,b_cb,RF,Random Forest,uncalibrated,0.03886,0.9692818,0.001314575784717015,0.003809855676264842,13.0,0.001464571447026157,0.0029359136401792803,13.0,0.04686386967022311
BCb,b_cb,RF,Random Forest,uncalibrated,0.03888,0.9692744,0.0009806492570286892,0.0038751144614330123,13.0,0.0011646360639510998,0.0030161728482550974,13.0,0.0441154777758397
BCb,b_cb,RF,Random Forest,uncalibrated,0.0389,0.969267,0.0006888265865723315,0.003913554962838591,13.0,0.0008986795562894168,0.0030737743875043407,13.0,0.0415737471246311
BCb,b_cb,RF,Random Forest,uncalibrated,0.03892,0.9692596,0.000437389921577254,0.003926994686470515,13.0,0.0006658331834465958,0.00310992813710962,13.0,0.039217710035849236
BCb,b_cb,RF,Random Forest,uncalibrated,0.03894,0.9692522,0.00022425405950401251,0.003917410090270071,13.0,0.00046484784347630183,0.003126018965693321,13.0,0.037029156401453156
BCb,b_cb,RF,Random Forest,uncalibrated,0.03896,0.9692448,4.7058986621726154e-05,0.0038868837184212056,13.0,0.0002941718837277188,0.00312356348469797,13.0,0.034992209172908455
BCb,b_cb,RF,Random Forest,uncalibrated,0.03898,0.9692374,-9.67464884453987e-05,0.0038375563220999554,13.0,0.00015202328324064387,0.0031041698278056326,13.0,0.03309297062039816
BCb,b_cb,RF,Random Forest,uncalibrated,0.039,0.96923,-0.000209830624317499,0.0037715842299441767,13.0,3.645529238144665e-05,0.0030695007689025733,13.0,0.03131922705620607
BCb,b_cb,RF,Random Forest,uncalibrated,0.03902,0.96922275,-0.00029413403491737253,0.0036920864507685174,13.0,-5.372251990547541e-05,0.0030218640518759107,13.0,0.029677428970574404
BCb,b_cb,RF,Random Forest,uncalibrated,0.03904,0.9692155,-0.0003536816647844586,0.0036004085323741736,13.0,-0.00012194981660375824,0.0029625541441399474,13.0,0.0281386280207335
BCb,b_cb,RF,Random Forest,uncalibrated,0.03906,0.96920825,-0.00039105756887262847,0.0034984873757619786,13.0,-0.0001702753449003211,0.002893159991834378,13.0,0.02669459489432871
BCb,b_cb,RF,Random Forest,uncalibrated,0.03908,0.969201,-0.0004087652574136756,0.0033881634871906594,13.0,-0.00020072325941249483,0.0028152180884501864,13.0,0.025337973909483995
BCb,b_cb,RF,Random Forest,uncalibrated,0.0391,0.96919375,-0.00040919987956948524,0.0032711652742936493,13.0,-0.00021526404174952198,0.0027301955488560864,13.0,0.02406216596848178
BCb,b_cb,RF,Random Forest,uncalibrated,0.03912,0.9691865000000001,-0.00039462712990420874,0.0031490975791967756,13.0,-0.0002157911858711621,0.0026394766733271935,13.0,0.02286122947376243
BCb,b_cb,RF,Random Forest,uncalibrated,0.03914,0.96917925,-0.0003671681485705831,0.003023434074189711,13.0,-0.00020410316470471576,0.002544352811103199,13.0,0.021729796255767386
BCb,b_cb,RF,Random Forest,uncalibrated,0.03916,0.969172,-0.0006603297210596615,0.0030229890653620133,7.0,-0.00018189015547727307,0.0024460152807629903,13.0,0.020663000065910146
BCb,b_cb,RF,Random Forest,uncalibrated,0.03918,0.96916475,-0.0007314375180198745,0.0030241837362044006,7.0,-0.00015072498251738828,0.0023455510647781954,13.0,0.01965641560261155
BCb,b_cb,RF,Random Forest,uncalibrated,0.0392,0.9691575,-0.0007860453209981122,0.0030158057296428746,7.0,-0.00027508048544496854,0.002247553522435506,7.0,0.018706006381144582
BCb,b_cb,RF,Random Forest,uncalibrated,0.03922,0.96915025,-0.0008253298534026561,0.0029984755598893784,7.0,-0.0003190056287826846,0.00224340981195989,7.0,0.01780808004082029
BCb,b_cb,RF,Random Forest,uncalibrated,0.03924,0.969143,-0.0008504273881693996,0.0029728096322487996,7.0,-0.0003508039177322663,0.0022321591773805964,7.0,0.016959249917274304
BCb,b_cb,RF,Random Forest,uncalibrated,0.03926,0.96913575,-0.0008624308428912333,0.0029394162652485204,7.0,-0.0003713425925752547,0.002214263449564059,7.0,0.01615640190160382
BCb,b_cb,RF,Random Forest,uncalibrated,0.03928,0.9691285,-0.0008623876888620948,0.002898892269807718,7.0,-0.00038145768166090045,0.002190180058177423,7.0,0.015396665769033263
BCb,b_cb,RF,Random Forest,uncalibrated,0.0393,0.9691212499999999,-0.0008512985545912788,0.0028518200430650616,7.0,-0.0003819523672873933,0.0021603594804673826,7.0,0.01467739029343476
BCb,b_cb,RF,Random Forest,uncalibrated,0.03932,0.969114,-0.0008301164207619688,0.002798765137115843,7.0,-0.0003735958593592227,0.0021252430447255676,7.0,0.01399612157515681
BCb,b_cb,RF,Random Forest,uncalibrated,0.03934,0.96910675,-0.0007997463176007114,0.0027402742647248714,7.0,-0.0003571227005761007,0.002085261061761808,7.0,0.01335058410205538
BCb,b_cb,RF,Random Forest,uncalibrated,0.03936,0.9690995,-0.000761045447760683,0.0026768737056253682,7.0,-0.0003332324383135293,0.002040831259980333,7.0,0.012738664140783233
BCb,b_cb,RF,Random Forest,uncalibrated,0.03938,0.96909225,-0.0007148236667149231,0.0026090680771136987,7.0,-0.00030258960671138363,0.00199235750016222,7.0,0.012158395119453122
BCb,b_cb,RF,Random Forest,uncalibrated,0.0394,0.969085,-0.0006618442617523925,0.002537339434120661,7.0,-0.0002658239706754594,0.001940228747253926,7.0,0.011607944716604392
BCb,b_cb,RF,Random Forest,uncalibrated,0.03942,0.9690784,-0.000605880918266212,0.002465890086693992,7.0,-0.0002257567358696015,0.0018875921408585486,7.0,0.011109206157125904
BCb,b_cb,RF,Random Forest,uncalibrated,0.03944,0.9690717999999999,-0.0005450453748631076,0.0023916937671294015,7.0,-0.00018118248409607508,0.001832303605969681,7.0,0.010634603002045764
BCb,b_cb,RF,Random Forest,uncalibrated,0.03946,0.9690652,-0.0004798832283130225,0.002315106726020028,7.0,-0.0001325588223354897,0.001774657522972522,7.0,0.010182838260142222
BCb,b_cb,RF,Random Forest,uncalibrated,0.03948,0.9690586,-0.0004109059284927649,0.0022364658343528294,7.0,-8.031703479191143e-05,0.001714934382863357,7.0,0.009752694039720258
BCb,b_cb,RF,Random Forest,uncalibrated,0.0395,0.9690519999999999,-0.00033859201959397464,0.002156088770632118,7.0,-2.4862863727286803e-05,0.0016534007178386969,7.0,0.009343025752026834
BCb,b_cb,RF,Random Forest,uncalibrated,0.03952,0.9690454,-0.0002633884322922411,0.0020742743187498933,7.0,3.3422652636394545e-05,0.0015903091312530768,7.0,0.00895275685737224
BCb,b_cb,RF,Random Forest,uncalibrated,0.03954,0.9690388,-0.00018571181036551978,0.0019913027599540284,7.0,9.418229856060284e-05,0.0015258984147836436,7.0,0.00858087408937712
BCb,b_cb,RF,Random Forest,uncalibrated,0.03956,0.9690322,-0.00010594985591874813,0.001907436342048287,7.0,0.00015708176858083688,0.0014603937400961432,7.0,0.008226423101876658
BCb,b_cb,RF,Random Forest,uncalibrated,0.03958,0.9690255999999999,-2.4462680072069457e-05,0.0018229198111456995,7.0,0.00022180873559318748,0.001394006913755556,7.0,0.007888504490550901
BCb,b_cb,RF,Random Forest,uncalibrated,0.0396,0.969019,-7.383312836545773e-05,0.0018368908380678966,4.0,0.00028807190836512226,0.0013269366853368234,7.0,0.007566270147943051
BCb,b_cb,RF,Random Forest,uncalibrated,0.03962,0.9690124,-9.945400986928216e-05,0.0018636392613319058,4.0,0.0003556000871654456,0.0012593690988178439,7.0,0.007258919915974977
BCb,b_cb,RF,Random Forest,uncalibrated,0.03964,0.9690057999999999,-0.00012124804997406093,0.001887171637668877,4.0,0.0003116188391596164,0.0012785903655588985,4.0,0.006965698504875246
BCb,b_cb,RF,Random Forest,uncalibrated,0.03966,0.9689992,-0.00013931046460233373,0.001907513711376131,4.0,0.00029569258157033373,0.0012975291019706547,4.0,0.0066858926513704104
BCb,b_cb,RF,Random Forest,uncalibrated,0.03968,0.9689926,-0.00015373983282114187,0.0019247004604135817,4.0,0.0002825851800043744,0.0013140716134532886,4.0,0.006418828492427252
BCb,b_cb,RF,Random Forest,uncalibrated,0.0397,0.968986,-0.00016463832860284322,0.0019387758570995328,4.0,0.0002722243750407083,0.001328238816233153,4.0,0.006163869133832641
BCb,b_cb,RF,Random Forest,uncalibrated,0.03972,0.9689793999999999,-0.00017211182405526453,0.0019497925378488424,4.0,0.00026453558370959085,0.0013400582610385303,4.0,0.005920412395328731
BCb,b_cb,RF,Random Forest,uncalibrated,0.03974,0.9689728,-0.00017626988091944433,0.0019578113958530785,4.0,0.0002594417377722591,0.0013495639534421397,4.0,0.005687888716245796
BCb,b_cb,RF,Random Forest,uncalibrated,0.03976,0.9689662,-0.00017722563624955785,0.001962901099890036,4.0,0.0002568632151578043,0.0013567961080557715,4.0,0.005465759207375575
BCb,b_cb,RF,Random Forest,uncalibrated,0.03978,0.9689595999999999,-0.00017509560787440327,0.001965137562367474,4.0,0.00025671784575923007,0.0013618008532784334,4.0,0.005253513836501328
BCb,b_cb,RF,Random Forest,uncalibrated,0.0398,0.968953,-0.00016999941373414145,0.001964603348352595,4.0,0.0002589209969217354,0.0013646298793020212,4.0,0.005050669736329897
BCb,b_cb,RF,Random Forest,uncalibrated,0.03982,0.9689462999999999,-0.00016196085425415532,0.001961332262816392,4.0,0.00026345943120192894,0.0013653135873936135,4.0,0.004855392575260733
BCb,b_cb,RF,Random Forest,uncalibrated,0.03984,0.9689396,-0.0001511714368930472,0.0019554428386335853,4.0,0.00027019607649422794,0.0013639157589815537,4.0,0.004668752116393906
BCb,b_cb,RF,Random Forest,uncalibrated,0.03986,0.9689329,-0.0001377607399807852,0.0019470359797975998,4.0,0.00027903782722266124,0.0013605038709443716,4.0,0.0044903286612126
BCb,b_cb,RF,Random Forest,uncalibrated,0.03988,0.9689262,-0.00012185980484697269,0.0019362166736059455,4.0,0.0002898899812271982,0.0013551492943509398,4.0,0.004319724591317021
BCb,b_cb,RF,Random Forest,uncalibrated,0.0399,0.9689194999999999,-0.00010360064703377348,0.0019230932901502854,4.0,0.00030265655316907836,0.001347926798177413,4.0,0.004156563111466771
BCb,b_cb,RF,Random Forest,uncalibrated,0.03992,0.9689128,-8.311575713804142e-05,0.0019077768886289859,4.0,0.00031724060934668064,0.0013389140462795172,4.0,0.004000487071500629
BCb,b_cb,RF,Random Forest,uncalibrated,0.03994,0.9689061,-6.053760942157293e-05,0.001890380547209429,4.0,0.00033354460911616535,0.0013281911012391332,4.0,0.0038511578614042036
BCb,b_cb,RF,Random Forest,uncalibrated,0.03996,0.9688994,-3.599816918352025e-05,0.0018710187061238058,4.0,0.00035147075924360505,0.0013158399276540155,4.0,0.0037082543743415302
BCb,b_cb,RF,Random Forest,uncalibrated,0.03998,0.9688926999999999,-9.62841984728565e-06,0.0018498065437991104,4.0,0.00037092136394928366,0.0013019439111412305,4.0,0.0035714720328736205
BCb,b_cb,RF,Random Forest,uncalibrated,0.04,0.9688859999999999,1.844209301076925e-05,0.0018268593821348575,4.0,0.0003917991719094016,0.0012865873908466108,4.0,0.0034405218740337726
BCb,b_cb,RF,Random Forest,uncalibrated,0.04002,0.9688793,4.8085690250741775e-05,0.0018022921303735338,4.0,0.00041400771107868994,0.0012698552137552495,4.0,0.0033151296892623885
BCb,b_cb,RF,Random Forest,uncalibrated,0.04004,0.9688726,7.917696222017965e-05,0.0017762187647877461,4.0,0.00043745161179517544,0.00125183230955061,4.0,0.003195035215528897
BCb,b_cb,RF,Random Forest,uncalibrated,0.04006,0.9688659,0.000111593139200096,0.00174875185044488,4.0,0.00046203691164070637,0.0012326032918669216,4.0,0.003079991374276373
BCb,b_cb,RF,Random Forest,uncalibrated,0.04008,0.9688592,0.00014521442832640197,0.0017200021051342784,4.0,0.0004876713403185462,0.0012122520869606176,4.0,0.002969763555052291
BCb,b_cb,RF,Random Forest,uncalibrated,0.0401,0.9688525,0.00017992431064015523,0.0016900780111487742,4.0,0.0005142645785784217,0.0011908615952162319,4.0,0.0028641289409528444
BCb,b_cb,RF,Random Forest,uncalibrated,0.04012,0.9688458,0.0002156098203227523,0.0016590854521673793,4.0,0.0005417285078001821,0.0011685133682785933,4.0,0.0027628758732195077
BCb,b_cb,RF,Random Forest,uncalibrated,0.04014,0.9688391,0.00025216175875201205,0.0016271274220441639,4.0,0.0005699774116694756,0.0011452873399031567,4.0,0.002665803252497758
BCb,b_cb,RF,Random Forest,uncalibrated,0.04016,0.9688323999999999,0.00028947489884669983,0.0015943037494395725,4.0,0.0005989281732471374,0.001121261566710321,4.0,0.002572719974473899
BCb,b_cb,RF,Random Forest,uncalibrated,0.04018,0.9688257,0.00032744814817109533,0.0015607108693626959,4.0,0.0006285004416408946,0.0010965120042440554,4.0,0.0024834443977511463
BCb,b_cb,RF,Random Forest,uncalibrated,0.0402,0.968819,0.0003659846641651003,0.0015264416477675025,4.0,0.0006586167621148997,0.0010711123240765977,4.0,0.0023978038419745938
BCb,b_cb,RF,Random Forest,uncalibrated,0.04022,0.968812775,0.00040378325176688035,0.0014926303372066805,4.0,0.0006882213712341434,0.0010459318440197783,4.0,0.0023182733000282354
BCb,b_cb,RF,Random Forest,uncalibrated,0.04024,0.96880655,0.00044195916455904566,0.0014583333193194912,4.0,0.0007182155587119876,0.0010202598117804598,4.0,0.002241834876038088
BCb,b_cb,RF,Random Forest,uncalibrated,0.04026,0.968800325,0.00048043528907858743,0.0014236257188111983,4.0,0.0027688598883852666,0.0010124714300218897,11.0,0.0021683551834248147
BCb,b_cb,RF,Random Forest,uncalibrated,0.04028,0.9687941,0.0005191384156183979,0.0013885791730146244,4.0,0.0027801414366341575,0.001019572847838303,11.0,0.002097707083049919
BCb,b_cb,RF,Random Forest,uncalibrated,0.0403,0.968787875,0.0005579992417039867,0.0013532617952336096,4.0,0.0027909638596079053,0.0010263169787869824,11.0,0.002029769369150813
BCb,b_cb,RF,Random Forest,uncalibrated,0.04032,0.9687816499999999,0.0005969523427368862,0.0013177381734278992,4.0,0.002801340634101231,0.001032719564295376,11.0,0.0019644264721195336
BCb,b_cb,RF,Random Forest,uncalibrated,0.04034,0.968775425,0.0006359361467386322,0.001282069367104788,4.0,0.002811284981340706,0.001038795671555525,11.0,0.00190156817716006
BCb,b_cb,RF,Random Forest,uncalibrated,0.04036,0.9687692,0.0006748928666588032,0.001246312948774745,4.0,0.00281449984479012,0.0010464530163527108,10.0,0.0018410893579188323
BCb,b_cb,RF,Random Forest,uncalibrated,0.04038,0.968762975,0.0007137684427180879,0.001210523037328439,4.0,0.002842550564883662,0.001071147598962143,10.0,0.0017828897242477483
BCb,b_cb,RF,Random Forest,uncalibrated,0.0404,0.96875675,0.0007525124602195685,0.0011747503577592552,4.0,0.00286957999814248,0.0010949172554719946,10.0,0.0017268735832937664
BCb,b_cb,RF,Random Forest,uncalibrated,0.04042,0.968750525,0.0031176304294109557,0.0011814714538033186,10.0,0.002895615301751686,0.0011177897006413653,10.0,0.0016729496131712466
BCb,b_cb,RF,Random Forest,uncalibrated,0.04044,0.9687443,0.0031449700640045365,0.001206277475380637,10.0,0.002920683589591977,0.0011397923410611291,10.0,0.001621030648516637
BCb,b_cb,RF,Random Forest,uncalibrated,0.04046,0.968738075,0.0031712234188480694,0.0012300982017719683,10.0,0.0029448118639778483,0.001160952227707601,10.0,0.0015710334772554737
BCb,b_cb,RF,Random Forest,uncalibrated,0.04048,0.96873185,0.0031964233287873605,0.0012529661490767877,10.0,0.002968026958303759,0.0011812960179928484,10.0,0.001522878647965442
BCb,b_cb,RF,Random Forest,uncalibrated,0.0405,0.968725625,0.0032206022271326963,0.0012749132087093308,10.0,0.002990355483250051,0.0012008499400080561,10.0,0.0014764902872471091
BCb,b_cb,RF,Random Forest,uncalibrated,0.04052,0.9687194,0.0032437921009144657,0.00129597062141653,10.0,0.00301182378056426,0.0012196397630871705,10.0,0.0014317959265491486
BCb,b_cb,RF,Random Forest,uncalibrated,0.04054,0.968713175,0.0032660244515398933,0.0013161689553882077,10.0,0.0030324578819022176,0.0012376907722750445,10.0,0.0013887263379337514
BCb,b_cb,RF,Random Forest,uncalibrated,0.04056,0.9687069500000001,0.0032873302615955523,0.001335538089295413,10.0,0.0030522834733545437,0.0012550277474071363,10.0,0.001347215378286311
BCb,b_cb,RF,Random Forest,uncalibrated,0.04058,0.968700725,0.003307739965698918,0.001354107198190434,10.0,0.0030713258638454533,0.0012716749450129127,10.0,0.001307199841511926
BCb,b_cb,RF,Random Forest,uncalibrated,0.0406,0.9686945,0.003327283426127225,0.0013719047431810633,10.0,0.003089609958007745,0.001287656083813557,10.0,0.0012686193182869622
BCb,b_cb,RF,Random Forest,uncalibrated,0.04062,0.968688275,0.003345989914638574,0.001388958466275467,10.0,0.003107160234743456,0.0013029943350034757,10.0,0.0012314160629504562
BCb,b_cb,RF,Random Forest,uncalibrated,0.04064,0.96868205,0.0033638880935549296,0.0014052953835859382,10.0,0.003124000725486964,0.0013177123114388044,10.0,0.0011955348671542332
BCb,b_cb,RF,Random Forest,uncalibrated,0.04066,0.968675825,0.003381006006461659,0.0014209417873218505,10.0,0.003140155001066236,0.0013318320646955302,10.0,0.001160922939906125
BCb,b_cb,RF,Random Forest,uncalibrated,0.04068,0.9686696,0.003397371066131345,0.0014359232441858247,10.0,0.00315564615648437,0.0013453750793225672,10.0,0.0011275297936621052
BCb,b_cb,RF,Random Forest,uncalibrated,0.0407,0.968663375,0.0034130100498636178,0.0014502646005005182,10.0,0.0031704968023735123,0.0013583622731643346,10.0,0.001095307136147339
BCb,b_cb,RF,Random Forest,uncalibrated,0.04072,0.9686571500000001,0.0034279490941835,0.001463989985988026,10.0,0.0031847290561749183,0.0013708139967854424,10.0,0.0010642087675958947
BCb,b_cb,RF,Random Forest,uncalibrated,0.04074,0.968650925,0.003442213692890672,0.001477122820296571,10.0,0.003198364536462638,0.0013827500355068937,10.0,0.0010341904831234372
BCb,b_cb,RF,Random Forest,uncalibrated,0.04076,0.9686447,0.0034558286992179975,0.0014896858230473075,10.0,0.003211424361055204,0.0013941896147096448,10.0,0.0010052099799626793
BCb,b_cb,RF,Random Forest,uncalibrated,0.04078,0.968638475,0.003468818325628983,0.0015017010209754217,10.0,0.003223929143324489,0.0014051514028537626,10.0,0.000977226769300568
BCb,b_cb,RF,Random Forest,uncalibrated,0.0408,0.96863225,0.003481206148395319,0.0015131897593811863,10.0,0.003235898992840036,0.00141565351841833,10.0,0.0009502020924781519
BCb,b_cb,RF,Random Forest,uncalibrated,0.04082,0.9686260250000001,0.0034930151136058586,0.001524172714514897,10.0,0.003247353517454842,0.001425713537841233,10.0,0.0009240988413229519
BCb,b_cb,RF,Random Forest,uncalibrated,0.04084,0.9686198,0.0035042675421966397,0.0015346699045751064,10.0,0.003258311824739323,0.0014353485024468568,10.0,0.0008988814823966128
BCb,b_cb,RF,Random Forest,uncalibrated,0.04086,0.968613575,0.0035149851374885587,0.0015447007028060145,10.0,0.0032687925257576475,0.0014445749273537575,10.0,0.0008745159849564752
BCb,b_cb,RF,Random Forest,uncalibrated,0.04088,0.9686073500000001,0.0035251889949961955,0.0015542838525157848,10.0,0.0032788137409720205,0.0014534088122003846,10.0,0.0008509697524342402
BCb,b_cb,RF,Random Forest,uncalibrated,0.0409,0.9686011250000001,0.0035348996095920316,0.0015634374790649294,10.0,0.00328839310402812,0.0014618656494082654,10.0,0.0008282115572512267
BCb,b_cb,RF,Random Forest,uncalibrated,0.04092,0.9685949,0.003544136886652873,0.0015721791055458322,10.0,0.0032975477691212555,0.0014699604357684332,10.0,0.0008062114787990795
BCb,b_cb,RF,Random Forest,uncalibrated,0.04094,0.968588675,0.0035529201529101648,0.0015805256678843016,10.0,0.0033062944182471465,0.0014777076836621549,10.0,0.0007849408444197318
BCb,b_cb,RF,Random Forest,uncalibrated,0.04096,0.96858245,0.0035612681647810784,0.0015884935270819426,10.0,0.0033146492664130056,0.0014851214299371096,10.0,0.0007643721732330293
BCb,b_cb,RF,Random Forest,uncalibrated,0.04098,0.9685762250000001,0.003569199122105622,0.0015960984866699415,10.0,0.0033226280716305958,0.0014922152493941265,10.0,0.0007444791226653171
BCb,b_cb,RF,Random Forest,uncalibrated,0.041,0.96857,0.0035767306821071136,0.001603355810115828,10.0,0.0033302461452196395,0.0014990022683419436,10.0,0.0007252364375404049
BCb,b_cb,GBT,Gradient Boosted Trees,uncalibrated,0.036,0.97125,-0.0004077438239254127,0.0005005954776399323,70.0,-4.4571044702656e-07,4.733963218639108e-07,35.0,8.78592903580343e-05
BCb,b_cb,GBT,Gradient Boosted Trees,uncalibrated,0.03602,0.9712312,-0.00040318403099652675,0.0004994119570561179,70.0,-4.4351635041557367e-07,4.722853310106456e-07,35.0,9.164161675935368e-05
BCb,b_cb,GBT,Gradient Boosted Trees,uncalibrated,0.03604,0.9712124,-0.0004134921911861494,0.0005024865636585235,22.0,-4.41336780024798e-07,4.71231187539045e-07,35.0,9.564908560846895e-05
BCb,b_cb,GBT,Gradient Boosted Trees,uncalibrated,0.03606,0.9711936,-0.00041616298217062335,0.0005082014816411828,22.0,-4.3919648503754936e-07,4.702607131521356e-07,35.0,9.989691010959723e-05
BCb,b_cb,GBT,Gradient Boosted Trees,uncalibrated,0.03608,0.9711748,-0.00042004963909860865,0.0005152342780775545,22.0,-4.371273472609804e-07,4.694081208823635e-07,35.0,0.00010440140525995333
BCb,b_cb,GBT,Gradient Boosted Trees,uncalibrated,0.0361,0.9711559999999999,-0.0004254789653440422,0.0005239177532829999,22.0,-4.351703177885444e-07,4.687170249168674e-07,35.0,0.00010918006929241773
BCb,b_cb,GBT,Gradient Boosted Trees,uncalibrated,0.03612,0.9711371999999999,-0.000432855307246838,0.000534663508999342,22.0,-4.3337787974362443e-07,4.682430013612061e-07,35.0,0.00011425167095559042
BCb,b_cb,GBT,Gradient Boosted Trees,uncalibrated,0.03614,0.9711183999999999,-0.0004426787433032456,0.0005479805471027703,22.0,-4.318171801087425e-07,4.680568516294374e-07,35.0,0.00011963634301517437
BCb,b_cb,GBT,Gradient Boosted Trees,uncalibrated,0.03616,0.9710996,-0.00045556750472262354,0.0005644982399957554,22.0,-4.3057401239654834e-07,4.682487619557624e-07,35.0,0.0001253556823833128
BCb,b_cb,GBT,Gradient Boosted Trees,uncalibrated,0.03618,0.9710808,-0.0004722855943699058,0.0005849946881644362,22.0,-4.297578810888579e-07,4.6893360582889337e-07,35.0,0.00013143285730905676
BCb,b_cb,GBT,Gradient Boosted Trees,uncalibrated,0.0362,0.971062,-0.0004937767847327637,0.0006104317107389341,22.0,-4.2950844113917333e-07,4.7025770411799477e-07,35.0,0.00013789272209141206
BCb,b_cb,GBT,Gradient Boosted Trees,uncalibrated,0.03622,0.9710432,-0.000521206433290312,0.0006419979951266791,22.0,-4.30003684882593e-07,4.724074442887284e-07,35.0,0.00014476193980894795
BCb,b_cb,GBT,Gradient Boosted Trees,uncalibrated,0.03624,0.9710244,-0.0005560128632302868,0.000681162271579576,22.0,-4.3302533258711074e-07,4.761226590122813e-07,70.0,0.0001520691135969914
BCb,b_cb,GBT,Gradient Boosted Trees,uncalibrated,0.03626,0.9710056,-0.000599970427394543,0.0007297387890721527,22.0,-4.3652557078060595e-07,4.814250843135278e-07,70.0,0.0001598449270464029
BCb,b_cb,GBT,Gradient Boosted Trees,uncalibrated,0.03628,0.9709868,-0.0006552668124538404,0.000789967862466575,22.0,-4.644287083153399e-07,5.050510199442781e-07,22.0,0.00016812229434834516
BCb,b_cb,GBT,Gradient Boosted Trees,uncalibrated,0.0363,0.970968,-0.0007245976573885591,0.0008646148511181342,22.0,-5.12747460656681e-07,5.551178322392727e-07,22.0,0.00017693652086934775
BCb,b_cb,GBT,Gradient Boosted Trees,uncalibrated,0.03632,0.9709492,-0.0008112821629295843,0.0009570916297088147,22.0,-5.725667667311228e-07,6.168465362529722e-07,22.0,0.00018632547491264048
BCb,b_cb,GBT,Gradient Boosted Trees,uncalibrated,0.03634,0.9709304,-0.0009194040614333252,0.0010716054363899927,22.0,-6.467192214901478e-07,6.931098378291088e-07,22.0,0.00019632977150792777
BCb,b_cb,GBT,Gradient Boosted Trees,uncalibrated,0.03636,0.9709116,-0.0010539830990990689,0.0012133409419361888,22.0,-7.387321666114188e-07,7.874885923106905e-07,22.0,0.00020699296917763731
BCb,b_cb,GBT,Gradient Boosted Trees,uncalibrated,0.03638,0.9708928,-0.0012211830442954538,0.0013886824814201143,22.0,-8.529970794005121e-07,9.044458710599385e-07,22.0,0.0002183617807539382
BCb,b_cb,GBT,Gradient Boosted Trees,uncalibrated,0.0364,0.970874,-0.0014285631513827762,0.0016054846212868793,22.0,-9.949798332425197e-07,1.0495435431952023e-06,22.0,0.00023048629947863174
BCb,b_cb,GBT,Gradient Boosted Trees,uncalibrated,0.03642,0.9708552,-0.0016853809282239309,0.0018734005756759799,22.0,-1.1714815284334666e-06,1.2297116492498462e-06,22.0,0.00024342024180793907
BCb,b_cb,GBT,Gradient Boosted Trees,uncalibrated,0.03644,0.9708364,-0.0020029548888874493,0.0022042793830677077,22.0,-1.390961834853047e-06,1.4535832889906733e-06,22.0,0.0002572212085785866
BCb,b_cb,GBT,Gradient Boosted Trees,uncalibrated,0.03646,0.9708176000000001,-0.002395096574450894,0.0026126441082040667,22.0,-1.66393952801553e-06,1.731910759684879e-06,22.0,0.0002719509664773688
BCb,b_cb,GBT,Gradient Boosted Trees,uncalibrated,0.03648,0.9707988000000001,-0.002878621262579045,0.003116264474845872,22.0,-2.0034882402455545e-06,2.0780823911877057e-06,22.0,0.0002876757521063448
BCb,b_cb,GBT,Gradient Boosted Trees,uncalibrated,0.0365,0.9707800000000001,-0.0034739461050472048,0.0037368379880446424,22.0,-2.425849510021815e-06,2.508764084748712e-06,22.0,0.00030446660136285554
BCb,b_cb,GBT,Gradient Boosted Trees,uncalibrated,0.03652,0.9707612,-0.004205782399484961,0.004500793344822215,22.0,-2.9511901363090175e-06,3.04469515988068e-06,22.0,0.00032239970737451613
BCb,b_cb,GBT,Gradient Boosted Trees,uncalibrated,0.03654,0.9707424,-0.005103179144240983,0.005447015689379398,66.0,-3.6045367944788305e-06,3.711674972244513e-06,22.0,0.00034155681086313317
BCb,b_cb,GBT,Gradient Boosted Trees,uncalibrated,0.03656,0.9707236,-0.006213311933413721,0.006613215749541187,66.0,-4.41692803324133e-06,4.54178515406338e-06,22.0,0.000362025627584292
BCb,b_cb,GBT,Gradient Boosted Trees,uncalibrated,0.03658,0.9707048,-0.007571796433647479,0.00804501715205043,66.0,-5.426832357924116e-06,5.5749025671433445e-06,22.0,0.0003839003184231385
BCb,b_cb,GBT,Gradient Boosted Trees,uncalibrated,0.0366,0.970686,-0.009230254971278594,0.00979987129399721,66.0,-6.681891346469048e-06,6.860570527119978e-06,22.0,0.0004072820088654748
BCb,b_cb,GBT,Gradient Boosted Trees,uncalibrated,0.03662,0.9706679,-0.011187125080808373,0.01187984446463696,66.0,-8.191771978956674e-06,8.40968560528306e-06,22.0,0.00043152277639322385
BCb,b_cb,GBT,Gradient Boosted Trees,uncalibrated,0.03664,0.9706498,-0.013549455688863997,0.01440393256714956,66.0,-1.005525499481309e-05,1.0324964607153042e-05,22.0,0.0004573945347323117
BCb,b_cb,GBT,Gradient Boosted Trees,uncalibrated,0.03666,0.9706317,-0.01639140842454134,0.017458914733904617,66.0,-1.2354139220327792e-05,1.2692441795878765e-05,22.0,0.0004850123370397392
BCb,b_cb,GBT,Gradient Boosted Trees,uncalibrated,0.03668,0.9706136000000001,-0.01979655628621426,0.021145066465188364,66.0,-1.5188755160246031e-05,1.5618117775547197e-05,22.0,0.0005144998816205335
BCb,b_cb,GBT,Gradient Boosted Trees,uncalibrated,0.0367,0.9705955,-0.023857152956263714,0.025576723846651942,66.0,-1.8682026690327013e-05,1.923250636836285e-05,22.0,0.0005459903092771588
BCb,b_cb,GBT,Gradient Boosted Trees,uncalibrated,0.03672,0.9705774,-0.028672248395519358,0.03088208795366105,66.0,-2.2984375176971408e-05,2.3696187454294022e-05,22.0,0.0005796271094246879
BCb,b_cb,GBT,Gradient Boosted Trees,uncalibrated,0.03674,0.9705593,-0.034344129282712396,0.03720185736318059,66.0,-2.8279623720958485e-05,2.9206578324707633e-05,22.0,0.0006155651551370701
BCb,b_cb,GBT,Gradient Boosted Trees,uncalibrated,0.03676,0.9705412,-0.04097243250734201,0.04468616961077923,66.0,-3.479208240421256e-05,3.6006177555830404e-05,22.0,0.0006539718914308928
BCb,b_cb,GBT,Gradient Boosted Trees,uncalibrated,0.03678,0.9705231,-0.04864516397701179,0.05348923945480619,66.0,-4.2795019427961524e-05,4.439258371410164e-05,22.0,0.0006950287061337809
BCb,b_cb,GBT,Gradient Boosted Trees,uncalibrated,0.0368,0.970505,-0.057425790166031394,0.06376103467017206,66.0,-5.262074657341703e-05,5.473064702404658e-05,22.0,0.0007389325188231923
BCb,b_cb,GBT,Gradient Boosted Trees,uncalibrated,0.03682,0.9704869,-0.06733561123406111,0.07563537452306597,66.0,-6.467256843755109e-05,6.746717597814365e-05,22.0,0.0007858976308270762
BCb,b_cb,GBT,Gradient Boosted Trees,uncalibrated,0.03684,0.9704688,-0.07833084510710547,0.08921402844812695,66.0,-7.943886026861656e-05,8.314869299634036e-05,22.0,0.0008361578884871239
BCb,b_cb,GBT,Gradient Boosted Trees,uncalibrated,0.03686,0.9704507,-0.09027433491231142,0.10454678844577955,66.0,-9.750954432838285e-05,0.0001024428134496571,22.0,0.0008899692232184818
BCb,b_cb,GBT,Gradient Boosted Trees,uncalibrated,0.03688,0.9704326,-0.10290261466666806,0.12160812192950034,66.0,-0.00011959522288307008,0.00012616390975418157,22.0,0.0009476126459229969
BCb,b_cb,GBT,Gradient Boosted Trees,uncalibrated,0.0369,0.9704145,-0.11579027660694835,0.14027186453743462,66.0,-0.0001465491877328898,0.0001553038148631394,22.0,0.0010093977907019071
BCb,b_cb,GBT,Gradient Boosted Trees,uncalibrated,0.03692,0.9703963999999999,-0.1283151689463674,0.16028638971994127,66.0,-0.00017939244849230228,0.00019106841386736098,22.0,0.0010756671245029483
BCb,b_cb,GBT,Gradient Boosted Trees,uncalibrated,0.03694,0.9703783,-0.13962983670536275,0.1812536173537836,66.0,-0.00021934178655975162,0.00023492106290521107,22.0,0.0011468009664814599
BCb,b_cb,GBT,Gradient Boosted Trees,uncalibrated,0.03696,0.9703602,-0.1486466554689397,0.20261587838454342,66.0,-0.000267840624369899,0.00028863385251067295,22.0,0.0012232234949921086
BCb,b_cb,GBT,Gradient Boosted Trees,uncalibrated,0.03698,0.9703421,-0.15404608422736332,0.22365485902734586,66.0,-0.0003265921672876232,0.00035434778505976576,22.0,0.001305409963234746
BCb,b_cb,GBT,Gradient Boosted Trees,uncalibrated,0.037,0.970324,-0.15431902257324542,0.24350656054375688,66.0,-0.00039759378503634356,0.0004346429447096797,22.0,0.001393895399294588
BCb,b_cb,GBT,Gradient Boosted Trees,uncalibrated,0.03702,0.97030885,-0.149114146313017,0.25921890014744337,66.0,-0.0004717573039812148,0.0005194726043853907,22.0,0.001477040942501315
BCb,b_cb,GBT,Gradient Boosted Trees,uncalibrated,0.03704,0.9702936999999999,-0.13765770399039212,0.2725744489376841,66.0,-0.0005589190789897537,0.000620362132703359,22.0,0.0015659633452284572
BCb,b_cb,GBT,Gradient Boosted Trees,uncalibrated,0.03706,0.97027855,-0.11900271488516874,0.28288143189235077,66.0,-0.0006610993853127531,0.0007402028919426846,22.0,0.0016611816489732229
BCb,b_cb,GBT,Gradient Boosted Trees,uncalibrated,0.03708,0.9702634,-0.09244993085974179,0.28950386258513333,66.0,-0.0007805508614353927,0.0008823629764183199,22.0,0.0017632816162574674
BCb,b_cb,GBT,Gradient Boosted Trees,uncalibrated,0.0371,0.9702482499999999,-0.05768047217168848,0.2919187439088502,66.0,-0.0009197569168524565,0.0010507526412401379,22.0,0.0018729271619141352
BCb,b_cb,GBT,Gradient Boosted Trees,uncalibrated,0.03712,0.9702331,-0.015573889627505305,0.28991718305754516,55.0,-0.0010814172421618146,0.001249894529880127,22.0,0.0019908740979035717
BCb,b_cb,GBT,Gradient Boosted Trees,uncalibrated,0.03714,0.97021795,0.033557802774435486,0.2834179847972004,49.0,-0.0012684148809058511,0.0014849975218957192,22.0,0.0021179867179365775
BCb,b_cb,GBT,Gradient Boosted Trees,uncalibrated,0.03716,0.9702028,0.08936211604259378,0.2723785784595069,49.0,-0.0014837576611281648,0.0017620322918144404,22.0,0.002255257881361987
BCb,b_cb,GBT,Gradient Boosted Trees,uncalibrated,0.03718,0.97018765,0.14939906433682004,0.2572098851074455,49.0,-0.0017304847577311506,0.002087805703687298,22.0,0.0024038334262482205
BCb,b_cb,GBT,Gradient Boosted Trees,uncalibrated,0.0372,0.9701725,0.2115845268524697,0.23858430930150845,49.0,-0.0020115267316181884,0.0024700299110358937,22.0,0.002565041960680729
BCb,b_cb,GBT,Gradient Boosted Trees,uncalibrated,0.03722,0.97015735,0.27378662138760423,0.2173704372285013,49.0,-0.00232950455878932,0.0029173804333453017,22.0,0.0027404313642787332
BCb,b_cb,GBT,Gradient Boosted Trees,uncalibrated,0.03724,0.9701422,0.33407435202730656,0.19454283656181684,49.0,-0.002686449953841088,0.0034395354825136224,22.0,0.002931813699040492
BCb,b_cb,GBT,Gradient Boosted Trees,uncalibrated,0.03726,0.97012705,0.3734938648403294,0.17311863068582498,8.0,-0.0030834258081401536,0.0040471863683003585,22.0,0.0031413207072498797
BCb,b_cb,GBT,Gradient Boosted Trees,uncalibrated,0.03728,0.9701119,0.4266241087673425,0.1525079611213295,8.0,-0.003520022009285767,0.004752005892027597,22.0,0.0033714727010777734
BCb,b_cb,GBT,Gradient Boosted Trees,uncalibrated,0.0373,0.9700967500000001,0.47523262910664754,0.1324550190779349,8.0,-0.003993698647502282,0.005566558250286874,22.0,0.003625264473529602
BCb,b_cb,GBT,Gradient Boosted Trees,uncalibrated,0.03732,0.9700816,0.5189999525221156,0.11348809031728005,8.0,-0.004498946229270192,0.0065041301852876866,22.0,0.003906272951382166
BCb,b_cb,GBT,Gradient Boosted Trees,uncalibrated,0.03734,0.97006645,0.5579489151189212,0.09595437439393475,8.0,-0.005026231889516544,0.0075784591029751675,22.0,0.004218792759957683
BCb,b_cb,GBT,Gradient Boosted Trees,uncalibrated,0.03736,0.9700513000000001,0.5923415601873031,0.08003486901869937,8.0,-0.005560702985772378,0.00880332994787372,22.0,0.004568007803406043
BCb,b_cb,GBT,Gradient Boosted Trees,uncalibrated,0.03738,0.97003615,0.6225809617158632,0.06577742947683228,8.0,-0.00608062659842338,0.010192009294339142,22.0,0.004960209555401062
BCb,b_cb,GBT,Gradient Boosted Trees,uncalibrated,0.0374,0.970021,0.6491310405950571,0.0531407326688423,8.0,-0.0065555575908202695,0.011756483187486642,22.0,0.005403076241151925
BCb,b_cb,GBT,Gradient Boosted Trees,uncalibrated,0.03742,0.9700083500000001,0.6698695242213349,0.04328436678525906,8.0,-0.006904811820365812,0.01328849710817591,22.0,0.005842793207100736
BCb,b_cb,GBT,Gradient Boosted Trees,uncalibrated,0.03744,0.9699957,0.6884020680370205,0.034589056081355124,8.0,-0.007344224910416767,0.015018153588310218,16.0,0.0063370015292585685
BCb,b_cb,GBT,Gradient Boosted Trees,uncalibrated,0.03746,0.9699830500000001,0.7049911763045809,0.027099268502858594,8.0,-0.007538038020648214,0.016920861538165983,16.0,0.00689519294815407
BCb,b_cb,GBT,Gradient Boosted Trees,uncalibrated,0.03748,0.9699704,0.7198581863000886,0.0210516886760901,8.0,-0.007548683687323616,0.018990606915719174,16.0,0.007528899553500514
BCb,b_cb,GBT,Gradient Boosted Trees,uncalibrated,0.0375,0.9699577500000001,0.731962926611374,0.019167998095045685,24.0,-0.007839279790285033,0.02131344145141892,8.0,0.008252198017819255
BCb,b_cb,GBT,Gradient Boosted Trees,uncalibrated,0.03752,0.9699451,0.7424492681199087,0.022406620445687857,24.0,-0.0075114577710579285,0.023879085774261736,8.0,0.009082352015794982
BCb,b_cb,GBT,Gradient Boosted Trees,uncalibrated,0.03754,0.9699324500000001,0.7515687046395292,0.026500097337205753,24.0,-0.006806403035931413,0.026622723963884296,8.0,0.010040633465904569
BCb,b_cb,GBT,Gradient Boosted Trees,uncalibrated,0.03756,0.9699198,0.7591244277007823,0.030958335213843585,14.0,-0.0056187872944493625,0.029522723267786027,8.0,0.011153375502859754
BCb,b_cb,GBT,Gradient Boosted Trees,uncalibrated,0.03758,0.9699071499999999,0.7656273591178743,0.03544953014031559,14.0,-0.0038278004905401147,0.03254683543570505,8.0,0.012453325881109797
BCb,b_cb,GBT,Gradient Boosted Trees,uncalibrated,0.0376,0.9698945,0.7696342267536467,0.040208526652921524,18.0,-0.0012981661471906727,0.035650648862766,8.0,0.013981389585657892
BCb,b_cb,GBT,Gradient Boosted Trees,uncalibrated,0.03762,0.96988185,0.7778387475824854,0.045068810959518556,49.0,0.002117469912320643,0.03877626568672077,8.0,0.0157888744873332
BCb,b_cb,GBT,Gradient Boosted Trees,uncalibrated,0.03764,0.9698692,0.7799554932110846,0.05010792865825973,49.0,0.006574423904154865,0.041851362481866404,8.0,0.017940384317176664
BCb,b_cb,GBT,Gradient Boosted Trees,uncalibrated,0.03766,0.96985655,0.7803054887175739,0.05500541680058465,49.0,0.012229800177091937,0.044788805477358105,8.0,0.020517538652343313
BCb,b_cb,GBT,Gradient Boosted Trees,uncalibrated,0.03768,0.9698439,0.7787344994998199,0.059717573497230524,49.0,0.0192339972408552,0.04748698976668487,8.0,0.023623737967255535
BCb,b_cb,GBT,Gradient Boosted Trees,uncalibrated,0.0377,0.96983125,0.7890732558591335,0.06517613931842978,8.0,0.027719760689981318,0.04983105727381044,8.0,0.027390227991554203
BCb,b_cb,GBT,Gradient Boosted Trees,uncalibrated,0.03772,0.9698186,0.7850016056744857,0.07192930281007265,8.0,0.03778884824252968,0.05169512689123389,8.0,0.03198374115426112
BCb,b_cb,GBT,Gradient Boosted Trees,uncalibrated,0.03774,0.9698059499999999,0.7784683591774978,0.0786327030345052,8.0,0.04949664677659718,0.05294565530330005,8.0,0.03761598457480847
BCb,b_cb,GBT,Gradient Boosted Trees,uncalibrated,0.03776,0.9697933,0.7692629051746689,0.08520408376961366,8.0,0.06283543407932657,0.05344605446453286,8.0,0.04455517150934127
BCb,b_cb,GBT,Gradient Boosted Trees,uncalibrated,0.03778,0.9697806499999999,0.7571887896421288,0.09154759547261031,8.0,0.07771740203057934,0.053062730737868484,8.0,0.05313960591744145
BCb,b_cb,GBT,Gradient Boosted Trees,uncalibrated,0.0378,0.969768,0.7420755278967421,0.09755332665538652,8.0,0.09395903082001804,0.05167277003245104,8.0,0.06379295609071421
BCb,b_cb,GBT,Gradient Boosted Trees,uncalibrated,0.03782,0.96975745,0.7260454319194424,0.10250211978153823,8.0,0.10926187436135981,0.049517840502456854,8.0,0.07538906441961195
BCb,b_cb,GBT,Gradient Boosted Trees,uncalibrated,0.03784,0.9697469,0.7074620343526162,0.10699380355123873,8.0,0.12512909609288392,0.046439174192560974,8.0,0.0894644401840581
BCb,b_cb,GBT,Gradient Boosted Trees,uncalibrated,0.03786,0.96973635,0.6863053859357706,0.11092689803847147,8.0,0.1412127747405842,0.04241276965691033,8.0,0.10653842905380459
BCb,b_cb,GBT,Gradient Boosted Trees,uncalibrated,0.03788,0.9697258,0.6626009408412125,0.1141956577929864,8.0,0.15710091791369857,0.03745037773407318,8.0,0.1272091830176345
BCb,b_cb,GBT,Gradient Boosted Trees,uncalibrated,0.0379,0.9697152499999999,0.6364251711670611,0.11669365066919168,8.0,0.17232945068845457,0.031609134602795304,8.0,0.15214744221121881
BCb,b_cb,GBT,Gradient Boosted Trees,uncalibrated,0.03792,0.9697047,0.6079097418863795,0.11831870336482239,8.0,0.18640057748626424,0.025003876416612204,8.0,0.18207916135284838
BCb,b_cb,GBT,Gradient Boosted Trees,uncalibrated,0.03794,0.9696941499999999,0.5772437235781618,0.11897918113056247,8.0,0.19880717426381334,0.017832297066967224,8.0,0.2177528278376406
BCb,b_cb,GBT,Gradient Boosted Trees,uncalibrated,0.03796,0.9696836,0.5446733666102058,0.11860133976887119,8.0,0.201142389880998,0.011871667983891646,4.0,0.2598872317918541
BCb,b_cb,GBT,Gradient Boosted Trees,uncalibrated,0.03798,0.9696730499999999,0.5104990854181851,0.11713722358000928,8.0,0.20860518185790194,0.007306036547375841,14.0,0.3090958114545036
BCb,b_cb,GBT,Gradient Boosted Trees,uncalibrated,0.038,0.9696625,0.47506950872732556,0.1145723190885148,8.0,0.22145787059920152,0.007937374779387064,8.0,0.36578445870155357
BCb,b_cb,GBT,Gradient Boosted Trees,uncalibrated,0.03802,0.96965195,0.43877272593235583,0.11093195666292371,8.0,0.2230061467868493,0.014755767116341594,8.0,0.43002082450696144
BCb,b_cb,GBT,Gradient Boosted Trees,uncalibrated,0.03804,0.9696414,0.4020251640613173,0.10628533386411367,8.0,0.2212659619209556,0.021394718968003566,8.0,0.5013752110292214
BCb,b_cb,GBT,Gradient Boosted Trees,uncalibrated,0.03806,0.96963085,0.3652588059947095,0.10074607303089063,8.0,0.2162722603334037,0.027225759213348705,8.0,0.5787377157659156
BCb,b_cb,GBT,Gradient Boosted Trees,uncalibrated,0.03808,0.9696203,0.3289076413460963,0.0944684742465021,8.0,0.2082032851512569,0.03197063672331119,8.0,0.660126474214453
BCb,b_cb,GBT,Gradient Boosted Trees,uncalibrated,0.0381,0.9696097499999999,0.29339426913415256,0.0876391156737145,8.0,0.19736930742969722,0.03547966395355439,8.0,0.7425211219331295
BCb,b_cb,GBT,Gradient Boosted Trees,uncalibrated,0.03812,0.9695992,0.25911742405259763,0.08046417417681588,8.0,0.18419174721595477,0.03770670004167849,8.0,0.821784603102511
BCb,b_cb,GBT,Gradient Boosted Trees,uncalibrated,0.03814,0.9695886499999999,0.22644091056309396,0.07315370776239283,8.0,0.1691753148967382,0.0386996633084814,8.0,0.892767427334652
BCb,b_cb,GBT,Gradient Boosted Trees,uncalibrated,0.03816,0.9695781,0.19568409618724497,0.06590498683891692,8.0,0.15287619336599362,0.038584786290616006,8.0,0.9496999930266576
BCb,b_cb,GBT,Gradient Boosted Trees,uncalibrated,0.03818,0.96956755,0.16711386756251292,0.058887529513176266,8.0,0.13586903431406128,0.03754271832688146,8.0,0.986937350852301
BCb,b_cb,GBT,Gradient Boosted Trees,uncalibrated,0.0382,0.969557,0.14144320996210383,0.05424460436481527,4.0,0.1187149495022495,0.03578023388671076,8.0,1.0
BCb,b_cb,GBT,Gradient Boosted Trees,uncalibrated,0.03822,0.96954805,0.11903700289110426,0.05136357622366567,4.0,0.10410226436560993,0.03504588469587198,4.0,0.9891095176720666
BCb,b_cb,GBT,Gradient Boosted Trees,uncalibrated,0.03824,0.9695391,0.09866007671197378,0.04845898658063952,4.0,0.08893938203260685,0.03479947804973404,4.0,0.9571077891309621
BCb,b_cb,GBT,Gradient Boosted Trees,uncalibrated,0.03826,0.96953015,0.08038975647135152,0.04551685233157334,4.0,0.07450841931247942,0.03417684945965195,4.0,0.9065523473022242
BCb,b_cb,GBT,Gradient Boosted Trees,uncalibrated,0.03828,0.9695212,0.06425545130790404,0.042527999381423764,4.0,0.061095739149429784,0.03320117363953601,4.0,0.8416849432478375
BCb,b_cb,GBT,Gradient Boosted Trees,uncalibrated,0.0383,0.96951225,0.05023752624967752,0.03949353165977513,4.0,0.04892027770657276,0.03189962070461212,4.0,0.7676665374834151
BCb,b_cb,GBT,Gradient Boosted Trees,uncalibrated,0.03832,0.9695033,0.03826883634683723,0.036427036095988546,4.0,0.0381271162324959,0.030308489507950346,4.0,0.6896962994411778
BCb,b_cb,GBT,Gradient Boosted Trees,uncalibrated,0.03834,0.96949435,0.02823909497090378,0.03335370677700354,4.0,0.028786872500238286,0.02847503826645772,4.0,0.6122772054623373
BCb,b_cb,GBT,Gradient Boosted Trees,uncalibrated,0.03836,0.9694853999999999,0.020001845128557426,0.030307261173749017,4.0,0.020900778869712228,0.026455981449528883,4.0,0.5387900538380253
BCb,b_cb,GBT,Gradient Boosted Trees,uncalibrated,0.03838,0.9694764499999999,0.01338341619315115,0.02732576900999105,4.0,0.014410518791069055,0.02431365357885389,4.0,0.47139380029710953
BCb,b_cb,GBT,Gradient Boosted Trees,uncalibrated,0.0384,0.9694675,0.008192972495166553,0.024447410575020874,4.0,0.00921129535175677,0.022111199584546184,4.0,0.4111649542811056
BCb,b_cb,GBT,Gradient Boosted Trees,uncalibrated,0.03842,0.96945855,0.004232654004434178,0.021706887107279294,4.0,0.0051663352830089715,0.01990799066799252,4.0,0.35835504475414853
BCb,b_cb,GBT,Gradient Boosted Trees,uncalibrated,0.03844,0.9694496,0.001306882318912305,0.019132866153182413,4.0,0.0021211119960483638,0.017756049050973853,4.0,0.31266614950286653
BCb,b_cb,GBT,Gradient Boosted Trees,uncalibrated,0.03846,0.96944065,-0.0007698793734746828,0.016746552710695646,4.0,-8.407349579386825e-05,0.015697817360030227,4.0,0.2734861326243772
BCb,b_cb,GBT,Gradient Boosted Trees,uncalibrated,0.03848,0.9694317,-0.0021673305912731774,0.014561273715706322,4.0,-0.0016040137086065498,0.013765256195639501,4.0,0.24006238557728532
BCb,b_cb,GBT,Gradient Boosted Trees,uncalibrated,0.0385,0.96942275,-0.0030356194005182417,0.012582852857975769,4.0,-0.002581363372623602,0.011980038446561706,4.0,0.2116160235626516
BCb,b_cb,GBT,Gradient Boosted Trees,uncalibrated,0.03852,0.9694138,-0.0035035739272843876,0.010810517964716545,4.0,-0.003142172613904315,0.010354519043798362,4.0,0.18740867335017283
BCb,b_cb,GBT,Gradient Boosted Trees,uncalibrated,0.03854,0.96940485,-0.003678569771979557,0.009238099917020164,4.0,-0.003393809415255189,0.00889315858962891,4.0,0.16677590111284163
BCb,b_cb,GBT,Gradient Boosted Trees,uncalibrated,0.03856,0.9693959,-0.0036476358160124705,0.007855326854247911,4.0,-0.0034247463316827986,0.0075941302248113815,4.0,0.14913932755334533
BCb,b_cb,GBT,Gradient Boosted Trees,uncalibrated,0.03858,0.96938695,-0.003479387795688246,0.006649071969567768,4.0,-0.0033056550560838505,0.006450910243894279,4.0,0.1340063346085977
BCb,b_cb,GBT,Gradient Boosted Trees,uncalibrated,0.0386,0.969378,-0.003226419218309846,0.005604465448017651,4.0,-0.0030913023012615615,0.0054537238913132035,4.0,0.1209633328275991
BCb,b_cb,GBT,Gradient Boosted Trees,uncalibrated,0.03862,0.9693706,-0.00296022085126408,0.004792877590995142,4.0,-0.0028524205303924743,0.004674576319132279,4.0,0.11074334748850517
BCb,b_cb,GBT,Gradient Boosted Trees,uncalibrated,0.03864,0.9693632,-0.002678026528312071,0.004087092835535897,4.0,-0.002591990951688078,0.003993974525646816,4.0,0.10172167664130649
BCb,b_cb,GBT,Gradient Boosted Trees,uncalibrated,0.03866,0.9693558,-0.0023946821881284954,0.003476047755316347,4.0,-0.0023259466283249985,0.0034025159177351666,4.0,0.09372389507390941
BCb,b_cb,GBT,Gradient Boosted Trees,uncalibrated,0.03868,0.9693484,-0.002235614374597089,0.0029560364257081063,2.0,-0.0020654559349443935,0.0028909217004760264,4.0,0.08660342684581697
BCb,b_cb,GBT,Gradient Boosted Trees,uncalibrated,0.0387,0.969341,-0.0019814041818773417,0.0025322016732921547,2.0,-0.00192891579923693,0.0024779519576725306,2.0,0.08023711074877642
BCb,b_cb,GBT,Gradient Boosted Trees,uncalibrated,0.03872,0.9693336,-0.0017445112358791617,0.0021655730854229865,2.0,-0.0017019930140860784,0.0021218438399786543,2.0,0.07452138355036955
BCb,b_cb,GBT,Gradient Boosted Trees,uncalibrated,0.03874,0.9693262,-0.001527209041735294,0.0018492251028470123,2.0,-0.0014926850471130293,0.001813863946300176,2.0,0.06936904044935027
BCb,b_cb,GBT,Gradient Boosted Trees,uncalibrated,0.03876,0.9693188,-0.0013303858889748797,0.001576894110952366,2.0,-0.0013022818618686482,0.0015482080956540356,2.0,0.06470651138202647
BCb,b_cb,GBT,Gradient Boosted Trees,uncalibrated,0.03878,0.9693114,-0.0011539528786132336,0.0013429564700850145,2.0,-0.00113101507272112,0.0013196116669951796,2.0,0.06047158559325414
BCb,b_cb,GBT,Gradient Boosted Trees,uncalibrated,0.0388,0.9693039999999999,-0.000997159200938288,0.0011423956115262522,2.0,-0.0009783886389971852,0.0011233386359784103,2.0,0.05661151860098318
BCb,b_cb,GBT,Gradient Boosted Trees,uncalibrated,0.03882,0.9692966,-0.0008588312722980324,0.0009707620969990063,2.0,-0.0008434310014148183,0.0009551589160285978,2.0,0.053081461320991376
BCb,b_cb,GBT,Gradient Boosted Trees,uncalibrated,0.03884,0.9692892,-0.0007375505243674362,0.0008241296866687395,2.0,-0.0007248836010789739,0.0008113179748345245,2.0,0.04984315832499217
BCb,b_cb,GBT,Gradient Boosted Trees,uncalibrated,0.03886,0.9692818,-0.0006317826096732338,0.0006990497417557447,2.0,-0.0006213388030505973,0.0006885018173672375,2.0,0.04686386967022311
BCb,b_cb,GBT,Gradient Boosted Trees,uncalibrated,0.03888,0.9692744,-0.0005399687586749926,0.0005925056926193197,2.0,-0.0005313382543058465,0.0005837996902913201,2.0,0.0441154777758397
BCb,b_cb,GBT,Gradient Boosted Trees,uncalibrated,0.0389,0.969267,-0.00046058812711928824,0.0005018688178457088,2.0,-0.00045344080384274177,0.0004946662568682814,2.0,0.0415737471246311
BCb,b_cb,GBT,Gradient Boosted Trees,uncalibrated,0.03892,0.9692596,-0.0003921982787694258,0.0004248561918393927,2.0,-0.0003862673925932869,0.0004188845024327703,2.0,0.039217710035849236
BCb,b_cb,GBT,Gradient Boosted Trees,uncalibrated,0.03894,0.9692522,-0.0003334594849406486,0.0003594913526642744,2.0,-0.0003285288221055449,0.0003545302414276197,2.0,0.037029156401453156
BCb,b_cb,GBT,Gradient Boosted Trees,uncalibrated,0.03896,0.9692448,-0.0002831472901631705,0.00030406800581611766,2.0,-0.00027904104237863603,0.00029993879303757964,2.0,0.034992209172908455
BCb,b_cb,GBT,Gradient Boosted Trees,uncalibrated,0.03898,0.9692374,-0.00024015677804043513,0.0002571169014543556,2.0,-0.00023673154979109157,0.00025367415964261397,2.0,0.03309297062039816
BCb,b_cb,GBT,Gradient Boosted Trees,uncalibrated,0.039,0.96923,-0.00020350114912668163,0.00021737589106203168,2.0,-0.00020063963363886606,0.00021450086716717776,2.0,0.03131922705620607
BCb,b_cb,GBT,Gradient Boosted Trees,uncalibrated,0.03902,0.96922275,-0.0001726313588233057,0.00018411181568673757,2.0,-0.0001702325152409534,0.00018170240444104202,2.0,0.029677428970574404
BCb,b_cb,GBT,Gradient Boosted Trees,uncalibrated,0.03904,0.9692155,-0.00014635669505246634,0.00015594285864977442,2.0,-0.0001443429766514459,0.00015392078061349235,2.0,0.0281386280207335
BCb,b_cb,GBT,Gradient Boosted Trees,uncalibrated,0.03906,0.96920825,-0.0001240266775650085,0.00013210306777726693,2.0,-0.00012233400481292955,0.00013040370948741442,2.0,0.02669459489432871
BCb,b_cb,GBT,Gradient Boosted Trees,uncalibrated,0.03908,0.969201,-0.00010507476546690189,0.000111938238309568,2.0,-0.00010365007033702467,0.00011050813973606521,2.0,0.025337973909483995
BCb,b_cb,GBT,Gradient Boosted Trees,uncalibrated,0.0391,0.96919375,-8.900965962899841e-05,9.489043339550814e-05,2.0,-8.780890488774284e-05,9.368526719849557e-05,2.0,0.02406216596848178
BCb,b_cb,GBT,Gradient Boosted Trees,uncalibrated,0.03912,0.9691865000000001,-7.540690663859828e-05,8.048445787708951e-05,2.0,-7.4393482366375e-05,7.946739762576538e-05,2.0,0.02286122947376243
BCb,b_cb,GBT,Gradient Boosted Trees,uncalibrated,0.03914,0.96917925,-6.390100007994118e-05,6.831608270696995e-05,2.0,-6.304442090426798e-05,6.745648001266202e-05,2.0,0.021729796255767386
BCb,b_cb,GBT,Gradient Boosted Trees,uncalibrated,0.03916,0.969172,-5.417809233560168e-05,5.804182927141836e-05,2.0,-5.3452935291964376e-05,5.731413730464263e-05,2.0,0.020663000065910146
BCb,b_cb,GBT,Gradient Boosted Trees,uncalibrated,0.03918,0.96916475,-4.596936713911211e-05,4.9370132574339456e-05,2.0,-4.535440286379533e-05,4.875302696871753e-05,2.0,0.01965641560261155
BCb,b_cb,GBT,Gradient Boosted Trees,uncalibrated,0.0392,0.9691575,-3.904508490060341e-05,4.205371970525809e-05,2.0,-3.852256476011284e-05,4.152937826573666e-05,2.0,0.018706006381144582
BCb,b_cb,GBT,Gradient Boosted Trees,uncalibrated,0.03922,0.96915025,-3.391599808689449e-05,3.700444814321656e-05,4.0,-3.354394880333844e-05,3.663054474606581e-05,4.0,0.01780808004082029
BCb,b_cb,GBT,Gradient Boosted Trees,uncalibrated,0.03924,0.969143,-3.104326151123564e-05,3.3797276398947656e-05,4.0,-3.0707933629609e-05,3.3460356672160666e-05,4.0,0.016959249917274304
BCb,b_cb,GBT,Gradient Boosted Trees,uncalibrated,0.03926,0.96913575,-2.8753623251844774e-05,3.121776606081599e-05,4.0,-2.844812892124904e-05,3.0910898012758854e-05,4.0,0.01615640190160382
BCb,b_cb,GBT,Gradient Boosted Trees,uncalibrated,0.03928,0.9691285,-2.6943969311975872e-05,2.9155261483239664e-05,4.0,-2.666271538476206e-05,2.8872816544005633e-05,4.0,0.015396665769033263
BCb,b_cb,GBT,Gradient Boosted Trees,uncalibrated,0.0393,0.9691212499999999,-2.5528088624167003e-05,2.7517562633800644e-05,4.0,-2.5266545409408092e-05,2.7254982446124457e-05,4.0,0.01467739029343476
BCb,b_cb,GBT,Gradient Boosted Trees,uncalibrated,0.03932,0.969114,-2.443398984797082e-05,2.6227884077677647e-05,4.0,-2.4188500783561828e-05,2.5981488693664976e-05,4.0,0.01399612157515681
BCb,b_cb,GBT,Gradient Boosted Trees,uncalibrated,0.03934,0.96910675,-2.3601623013625766e-05,2.522230554751279e-05,4.0,-2.3369247934917903e-05,2.4989135579017777e-05,4.0,0.01335058410205538
BCb,b_cb,GBT,Gradient Boosted Trees,uncalibrated,0.03936,0.9690995,-2.2980952442163217e-05,2.4447639127815096e-05,4.0,-2.2759338447780886e-05,2.4225325757778414e-05,4.0,0.012738664140783233
BCb,b_cb,GBT,Gradient Boosted Trees,uncalibrated,0.03938,0.96909225,-2.253032973367033e-05,2.3859645716030914e-05,4.0,-2.231760475213118e-05,2.3646303606990375e-05,4.0,0.012158395119453122
BCb,b_cb,GBT,Gradient Boosted Trees,uncalibrated,0.0394,0.969085,-2.2215124881706108e-05,2.342154671710047e-05,4.0,-2.2009809910933376e-05,2.3215685739896843e-05,4.0,0.011607944716604392
BCb,b_cb,GBT,Gradient Boosted Trees,uncalibrated,0.03942,0.9690784,-2.2017046901139456e-05,2.3118403054921525e-05,4.0,-2.181770624892776e-05,2.2918575283634806e-05,4.0,0.011109206157125904
BCb,b_cb,GBT,Gradient Boosted Trees,uncalibrated,0.03944,0.9690717999999999,-2.1894648710030047e-05,2.290109319083335e-05,4.0,-2.1700463065515985e-05,2.270647205896201e-05,4.0,0.010634603002045764
BCb,b_cb,GBT,Gradient Boosted Trees,uncalibrated,0.03946,0.9690652,-2.183064515966045e-05,2.27512084635119e-05,4.0,-2.164098061091524e-05,2.2561153827467176e-05,4.0,0.010182838260142222
BCb,b_cb,GBT,Gradient Boosted Trees,uncalibrated,0.03948,0.9690586,-2.1810604564595156e-05,2.265334703116899e-05,4.0,-2.16249785885414e-05,2.2467370993310173e-05,4.0,0.009752694039720258
BCb,b_cb,GBT,Gradient Boosted Trees,uncalibrated,0.0395,0.9690519999999999,-2.1822501914168436e-05,2.2594640686972057e-05,4.0,-2.164055502604234e-05,2.24123791093375e-05,4.0,0.009343025752026834
BCb,b_cb,GBT,Gradient Boosted Trees,uncalibrated,0.03952,0.9690454,-2.1856342012505883e-05,2.2564357011986925e-05,4.0,-2.167781414150194e-05,2.2385545780837293e-05,4.0,0.00895275685737224
BCb,b_cb,GBT,Gradient Boosted Trees,uncalibrated,0.03954,0.9690388,-2.1903842508606666e-05,2.2553565594523072e-05,4.0,-2.172855331783463e-05,2.237802084880073e-05,4.0,0.00858087408937712
BCb,b_cb,GBT,Gradient Boosted Trees,uncalibrated,0.03956,0.9690322,-2.1958168089108495e-05,2.2554858668570554e-05,4.0,-2.1786000585111154e-05,2.238246033362041e-05,4.0,0.008226423101876658
BCb,b_cb,GBT,Gradient Boosted Trees,uncalibrated,0.03958,0.9690255999999999,-2.2013706070459723e-05,2.2562115703478172e-05,4.0,-2.1844592971109744e-05,2.239279379579947e-05,4.0,0.007888504490550901
BCb,b_cb,GBT,Gradient Boosted Trees,uncalibrated,0.0396,0.969019,-2.2065878183256054e-05,2.2570306178122436e-05,4.0,-2.18997905913898e-05,2.2404029426120077e-05,4.0,0.007566270147943051
BCb,b_cb,GBT,Gradient Boosted Trees,uncalibrated,0.03962,0.9690124,-2.2110981502061097e-05,2.257532306740435e-05,4.0,-2.1947919517595338e-05,2.241208947900054e-05,4.0,0.007258919915974977
BCb,b_cb,GBT,Gradient Boosted Trees,uncalibrated,0.03964,0.9690057999999999,-2.2146055909360703e-05,2.2573844137060496e-05,4.0,-2.1986040858318345e-05,2.2413673191082974e-05,4.0,0.006965698504875246
BCb,b_cb,GBT,Gradient Boosted Trees,uncalibrated,0.03966,0.9689992,-2.2168770199407604e-05,2.2563212850019342e-05,4.0,-2.201183823805075e-05,2.2406139068374416e-05,4.0,0.0066858926513704104
BCb,b_cb,GBT,Gradient Boosted Trees,uncalibrated,0.03968,0.9689926,-2.2177327273331368e-05,2.2541339185930448e-05,4.0,-2.2023524139602735e-05,2.238740685778904e-05,4.0,0.006418828492427252
BCb,b_cb,GBT,Gradient Boosted Trees,uncalibrated,0.0397,0.968986,-2.2170384443462897e-05,2.250661622319297e-05,4.0,-2.2019761172109575e-05,2.2355875096781123e-05,4.0,0.006163869133832641
BCb,b_cb,GBT,Gradient Boosted Trees,uncalibrated,0.03972,0.9689793999999999,-2.214698370944502e-05,2.2457847200026836e-05,4.0,-2.1999593174948373e-05,2.2310349005516356e-05,4.0,0.005920412395328731
BCb,b_cb,GBT,Gradient Boosted Trees,uncalibrated,0.03974,0.9689728,-2.2106492351963112e-05,2.2394183359068325e-05,4.0,-2.196238651006044e-05,2.2249979032821898e-05,4.0,0.005687888716245796
BCb,b_cb,GBT,Gradient Boosted Trees,uncalibrated,0.03976,0.9689662,-2.204855845923681e-05,2.2315077069854868e-05,4.0,-2.1907786138752883e-05,2.2174214531320966e-05,4.0,0.005465759207375575
BCb,b_cb,GBT,Gradient Boosted Trees,uncalibrated,0.03978,0.9689595999999999,-2.1973061062313766e-05,2.2220229864194245e-05,4.0,-2.183566629762601e-05,2.2082752335420632e-05,4.0,0.005253513836501328
BCb,b_cb,GBT,Gradient Boosted Trees,uncalibrated,0.0398,0.968953,-2.1880078823192684e-05,2.210955928794783e-05,4.0,-2.174609956900886e-05,2.1975503997094715e-05,4.0,0.005050669736329897
BCb,b_cb,GBT,Gradient Boosted Trees,uncalibrated,0.03982,0.9689462999999999,-2.176912961403321e-05,2.1982312804992057e-05,4.0,-2.1638618106389895e-05,2.185173138408741e-05,4.0,0.004855392575260733
BCb,b_cb,GBT,Gradient Boosted Trees,uncalibrated,0.03984,0.9689396,-2.1641130254595275e-05,2.1839419375870943e-05,4.0,-2.1514109846132445e-05,2.1712334585470415e-05,4.0,0.004668752116393906
BCb,b_cb,GBT,Gradient Boosted Trees,uncalibrated,0.03986,0.9689329,-2.1496592632375366e-05,2.1681267090821327e-05,4.0,-2.1373078519126842e-05,2.1557693596098267e-05,4.0,0.0044903286612126
BCb,b_cb,GBT,Gradient Boosted Trees,uncalibrated,0.03988,0.9689262,-2.1336122483672192e-05,2.1508349099101502e-05,4.0,-2.1216121543238264e-05,2.1388293301222708e-05,4.0,0.004319724591317021
BCb,b_cb,GBT,Gradient Boosted Trees,uncalibrated,0.0399,0.9689194999999999,-2.116040757488974e-05,2.1321250733440644e-05,4.0,-2.104391834040209e-05,2.1204710737555878e-05,4.0,0.004156563111466771
BCb,b_cb,GBT,Gradient Boosted Trees,uncalibrated,0.03992,0.9689128,-2.0970195203925084e-05,2.1120626058713712e-05,4.0,-2.085720801628388e-05,2.10075918209306e-05,4.0,0.004000487071500629
BCb,b_cb,GBT,Gradient Boosted Trees,uncalibrated,0.03994,0.9689061,-2.076628048961131e-05,2.0907185298785527e-05,4.0,-2.065677775006658e-05,2.0797638874110222e-05,4.0,0.0038511578614042036
BCb,b_cb,GBT,Gradient Boosted Trees,uncalibrated,0.03996,0.9688994,-2.054949455016102e-05,2.068168224999624e-05,4.0,-2.0443451060780937e-05,2.0575598128698275e-05,4.0,0.0037082543743415302
BCb,b_cb,GBT,Gradient Boosted Trees,uncalibrated,0.03998,0.9688926999999999,-2.032069420544272e-05,2.044490328222493e-05,4.0,-2.021807757732197e-05,2.0342248794414706e-05,4.0,0.0035714720328736205
BCb,b_cb,GBT,Gradient Boosted Trees,uncalibrated,0.04,0.9688859999999999,-2.0080748166266137e-05,2.0197652904349522e-05,4.0,-1.9981519302048056e-05,2.00983886992798e-05,4.0,0.0034405218740337726
BCb,b_cb,GBT,Gradient Boosted Trees,uncalibrated,0.04002,0.9688793,-1.983053502086641e-05,1.994075118117701e-05,4.0,-1.973464860266505e-05,1.9844831712305504e-05,4.0,0.0033151296892623885
BCb,b_cb,GBT,Gradient Boosted Trees,uncalibrated,0.04004,0.9688726,-1.9570931727157532e-05,1.9675021710513843e-05,4.0,-1.9478336750533565e-05,1.9582395766936807e-05,4.0,0.003195035215528897
BCb,b_cb,GBT,Gradient Boosted Trees,uncalibrated,0.04006,0.9688659,-1.9302805890555656e-05,1.9401283435055922e-05,4.0,-1.92134462177751e-05,1.9311894692503168e-05,4.0,0.003079991374276373
BCb,b_cb,GBT,Gradient Boosted Trees,uncalibrated,0.04008,0.9688592,-1.9027015624513218e-05,1.9120350085232945e-05,4.0,-1.894083051659501e-05,1.9034137636096013e-05,4.0,0.002969763555052291
BCb,b_cb,GBT,Gradient Boosted Trees,uncalibrated,0.0401,0.9688525,-1.874440092084859e-05,1.883302115853798e-05,4.0,-1.8661325584590216e-05,1.874992005709549e-05,4.0,0.0028641289409528444
BCb,b_cb,GBT,Gradient Boosted Trees,uncalibrated,0.04012,0.9688458,-1.8455779235419214e-05,1.8540077166316416e-05,4.0,-1.837574536134312e-05,1.8460018965069318e-05,4.0,0.0027628758732195077
BCb,b_cb,GBT,Gradient Boosted Trees,uncalibrated,0.04014,0.9688391,-1.8161947564015545e-05,1.8242281389570525e-05,4.0,-1.808488382501472e-05,1.8165194636447567e-05,4.0,0.002665803252497758
BCb,b_cb,GBT,Gradient Boosted Trees,uncalibrated,0.04016,0.9688323999999999,-1.7863669829132713e-05,1.794036697409304e-05,4.0,-1.778950240174937e-05,1.786617773244125e-05,4.0,0.002572719974473899
BCb,b_cb,GBT,Gradient Boosted Trees,uncalibrated,0.04018,0.9688257,-1.756168582845542e-05,1.763504562875581e-05,4.0,-1.7490338842768294e-05,1.756367792607031e-05,4.0,0.0024834443977511463
BCb,b_cb,GBT,Gradient Boosted Trees,uncalibrated,0.0402,0.968819,-1.7256705340228236e-05,1.7327001486585274e-05,4.0,-1.7188101322757054e-05,1.725837775637722e-05,4.0,0.0023978038419745938
BCb,b_cb,GBT,Gradient Boosted Trees,uncalibrated,0.04022,0.968812775,-1.695769372406928e-05,1.7025279665303486e-05,4.0,-1.6891683109143685e-05,1.695925022335579e-05,4.0,0.0023182733000282354
BCb,b_cb,GBT,Gradient Boosted Trees,uncalibrated,0.04024,0.96880655,-1.665702007278841e-05,1.6722108389207925e-05,4.0,-1.6593528096464638e-05,1.6658598400482722e-05,4.0,0.002241834876038088
BCb,b_cb,GBT,Gradient Boosted Trees,uncalibrated,0.04026,0.968800325,-1.635525035712023e-05,1.641803614242902e-05,4.0,-1.6294201789085472e-05,1.635697031183685e-05,4.0,0.0021683551834248147
BCb,b_cb,GBT,Gradient Boosted Trees,uncalibrated,0.04028,0.9687941,-1.6052911712193623e-05,1.611357403387259e-05,4.0,-1.5994231188420915e-05,1.6054876938342596e-05,4.0,0.002097707083049919
BCb,b_cb,GBT,Gradient Boosted Trees,uncalibrated,0.0403,0.968787875,-1.5750502116990632e-05,1.5809205351820947e-05,4.0,-1.5694114409103843e-05,1.5752801709137758e-05,4.0,0.002029769369150813
BCb,b_cb,GBT,Gradient Boosted Trees,uncalibrated,0.04032,0.9687816499999999,-1.544849640789525e-05,1.55053914732849e-05,4.0,-1.5394326647349965e-05,1.5451206365789544e-05,4.0,0.0019644264721195336
BCb,b_cb,GBT,Gradient Boosted Trees,uncalibrated,0.04034,0.968775425,-1.5147328906471966e-05,1.5202554367933125e-05,4.0,-1.50953028478229e-05,1.5150513505361522e-05,4.0,0.00190156817716006
BCb,b_cb,GBT,Gradient Boosted Trees,uncalibrated,0.04036,0.9687692,-1.484741756523079e-05,1.4901100675870703e-05,4.0,-1.4797461742405149e-05,1.4851130551231886e-05,4.0,0.0018410893579188323
BCb,b_cb,GBT,Gradient Boosted Trees,uncalibrated,0.04038,0.968762975,-1.4549137636805198e-05,1.4601395269743267e-05,4.0,-1.4501179590231672e-05,1.4553423386095727e-05,4.0,0.0017828897242477483
BCb,b_cb,GBT,Gradient Boosted Trees,uncalibrated,0.0404,0.96875675,-1.4252848442995983e-05,1.430378795557796e-05,4.0,-1.4206816836420666e-05,1.4257742942523268e-05,4.0,0.0017268735832937664
BCb,b_cb,GBT,Gradient Boosted Trees,uncalibrated,0.04042,0.968750525,-1.3958869913720452e-05,1.4008589934647552e-05,4.0,-1.3914694711569808e-05,1.3964401725402352e-05,4.0,0.0016729496131712466
BCb,b_cb,GBT,Gradient Boosted Trees,uncalibrated,0.04044,0.9687443,-1.3667508151723897e-05,1.371609930375888e-05,4.0,-1.3625120696997284e-05,1.3673699212783067e-05,4.0,0.001621030648516637
BCb,b_cb,GBT,Gradient Boosted Trees,uncalibrated,0.04046,0.968738075,-1.3379029646010487e-05,1.3426575213368542e-05,4.0,-1.3338362805398463e-05,1.338589608124241e-05,4.0,0.0015710334772554737
BCb,b_cb,GBT,Gradient Boosted Trees,uncalibrated,0.04048,0.96873185,-1.309368902823546e-05,1.3140265553114191e-05,4.0,-1.3054677236862267e-05,1.3101241791065875e-05,4.0,0.001522878647965442
BCb,b_cb,GBT,Gradient Boosted Trees,uncalibrated,0.0405,0.968725625,-1.2811707592693684e-05,1.2857385442587638e-05,4.0,-1.2774286952788039e-05,1.2819953130963375e-05,4.0,0.0014764902872471091
BCb,b_cb,GBT,Gradient Boosted Trees,uncalibrated,0.04052,0.9687194,-1.2533289725581683e-05,1.2578133596956715e-05,4.0,-1.249739804431993e-05,1.2542230522886012e-05,4.0,0.0014317959265491486
BCb,b_cb,GBT,Gradient Boosted Trees,uncalibrated,0.04054,0.968713175,-1.225861328051467e-05,1.2302682669160091e-05,4.0,-1.2224190126419732e-05,1.2268248382790786e-05,4.0,0.0013887263379337514
BCb,b_cb,GBT,Gradient Boosted Trees,uncalibrated,0.04056,0.9687069500000001,-1.1987850443370894e-05,1.2031200074545e-05,4.0,-1.19548371351752e-05,1.1998175877757473e-05,4.0,0.001347215378286311
BCb,b_cb,GBT,Gradient Boosted Trees,uncalibrated,0.04058,0.968700725,-1.1721127611907256e-05,1.1763807826501356e-05,4.0,-1.168946731175402e-05,1.1732136865976721e-05,4.0,0.001307199841511926
BCb,b_cb,GBT,Gradient Boosted Trees,uncalibrated,0.0406,0.9686945,-1.1458575900350746e-05,1.1500633024945996e-05,4.0,-1.1428213559594447e-05,1.1470260237841507e-05,4.0,0.0012686193182869622
BCb,b_cb,GBT,Gradient Boosted Trees,uncalibrated,0.04062,0.968688275,-1.1200297664602313e-05,1.1241774333881628e-05,4.0,-1.117118005650175e-05,1.121264648041422e-05,4.0,0.0012314160629504562
BCb,b_cb,GBT,Gradient Boosted Trees,uncalibrated,0.04064,0.96868205,-1.0946375795887103e-05,1.098731126260558e-05,4.0,-1.091845151682258e-05,1.0959376927165874e-05,4.0,0.0011955348671542332
BCb,b_cb,GBT,Gradient Boosted Trees,uncalibrated,0.04066,0.968675825,-1.0696910424604328e-05,1.0737340834797586e-05,4.0,-1.0670129798495687e-05,1.0710550330276268e-05,4.0,0.001160922939906125
BCb,b_cb,GBT,Gradient Boosted Trees,uncalibrated,0.04068,0.9686696,-1.0451935190127487e-05,1.0491893836773253e-05,4.0,-1.042625038222278e-05,1.046619931826602e-05,4.0,0.0011275297936621052
BCb,b_cb,GBT,Gradient Boosted Trees,uncalibrated,0.0407,0.968663375,-1.0211492901620662e-05,1.02510104628617e-05,4.0,-1.0186857835048357e-05,1.0226365844143898e-05,4.0,0.001095307136147339
BCb,b_cb,GBT,Gradient Boosted Trees,uncalibrated,0.04072,0.9686571500000001,-9.975636938313861e-06,1.0014741689026555e-05,4.0,-9.952007210656255e-06,9.991102559057638e-06,4.0,0.0010642087675958947
BCb,b_cb,GBT,Gradient Boosted Trees,uncalibrated,0.04074,0.968650925,-9.744381947011137e-06,9.78309995871167e-06,4.0,-9.721714863963893e-06,9.760423615230565e-06,4.0,0.0010341904831234372
BCb,b_cb,GBT,Gradient Boosted Trees,uncalibrated,0.04076,0.9686447,-9.517739560536068e-06,9.556094878741648e-06,4.0,-9.495994081287762e-06,9.534340273589283e-06,4.0,0.0010052099799626793
BCb,b_cb,GBT,Gradient Boosted Trees,uncalibrated,0.04078,0.968638475,-9.295704398288008e-06,9.33371921510118e-06,4.0,-9.274841113071641e-06,9.312846931717701e-06,4.0,0.000977226769300568
BCb,b_cb,GBT,Gradient Boosted Trees,uncalibrated,0.0408,0.96863225,-9.078280962619144e-06,9.115975762103548e-06,4.0,-9.058262008976303e-06,9.095947931746109e-06,4.0,0.0009502020924781519
BCb,b_cb,GBT,Gradient Boosted Trees,uncalibrated,0.04082,0.9686260250000001,-8.865447209602418e-06,8.902840914267571e-06,4.0,-8.846236271203844e-06,8.883621214785544e-06,4.0,0.0009240988413229519
BCb,b_cb,GBT,Gradient Boosted Trees,uncalibrated,0.04084,0.9686198,-8.657184105442865e-06,8.694294198074883e-06,4.0,-8.638746344796777e-06,8.675847786579802e-06,4.0,0.0008988814823966128
BCb,b_cb,GBT,Gradient Boosted Trees,uncalibrated,0.04086,0.968613575,-8.453474638943453e-06,8.490317287432898e-06,4.0,-8.435776634396763e-06,8.472610737261648e-06,4.0,0.0008745159849564752
BCb,b_cb,GBT,Gradient Boosted Trees,uncalibrated,0.04088,0.9686073500000001,-8.524816961371515e-06,8.561184606380817e-06,2.0,-8.438055551784895e-06,8.474414804171548e-06,2.0,0.0008509697524342402
BCb,b_cb,GBT,Gradient Boosted Trees,uncalibrated,0.0409,0.9686011250000001,-8.60312308675339e-06,8.639269584591112e-06,2.0,-8.515818340271153e-06,8.551956537372618e-06,2.0,0.0008282115572512267
BCb,b_cb,GBT,Gradient Boosted Trees,uncalibrated,0.04092,0.9685949,-8.681119943231208e-06,8.71705672886583e-06,2.0,-8.593279669288911e-06,8.62920824240554e-06,2.0,0.0008062114787990795
BCb,b_cb,GBT,Gradient Boosted Trees,uncalibrated,0.04094,0.968588675,-8.758377493481832e-06,8.794115179633307e-06,2.0,-8.670013782241526e-06,8.70574334066454e-06,2.0,0.0007849408444197318
BCb,b_cb,GBT,Gradient Boosted Trees,uncalibrated,0.04096,0.96858245,-8.833780534951427e-06,8.869328979390829e-06,2.0,-8.744916556613358e-06,8.78045695490437e-06,2.0,0.0007643721732330293
BCb,b_cb,GBT,Gradient Boosted Trees,uncalibrated,0.04098,0.9685762250000001,-8.909615257470536e-06,8.944983627542973e-06,2.0,-8.820251191254957e-06,8.855611593749924e-06,2.0,0.0007444791226653171
BCb,b_cb,GBT,Gradient Boosted Trees,uncalibrated,0.041,0.96857,-8.983701368394908e-06,9.01889819432623e-06,2.0,-8.893859103631385e-06,8.929048037731313e-06,2.0,0.0007252364375404049
BCb,b_cb,KNN,kNN,uncalibrated,0.036,0.97125,0.0,0.0,2.0,-2.427937146815251e-15,2.4279662927965594e-15,2.0,0.0001563208300938046
BCb,b_cb,KNN,kNN,uncalibrated,0.03602,0.9712312,0.0,0.0,2.0,-3.771291141958605e-15,3.771345070296268e-15,2.0,0.0001596553491606923
BCb,b_cb,KNN,kNN,uncalibrated,0.03604,0.9712124,0.0,0.0,2.0,-5.856060640162861e-15,5.856160410803062e-15,2.0,0.0001631400369800422
BCb,b_cb,KNN,kNN,uncalibrated,0.03606,0.9711936,0.0,0.0,2.0,-9.090267422862814e-15,9.090451980322841e-15,2.0,0.0001667845039170563
BCb,b_cb,KNN,kNN,uncalibrated,0.03608,0.9711748,0.0,0.0,2.0,-1.4105734272293071e-14,1.4106075621621389e-14,2.0,0.0001705991797407486
BCb,b_cb,KNN,kNN,uncalibrated,0.0361,0.9711559999999999,0.0,0.0,2.0,-2.188037021609528e-14,2.1881001464512433e-14,2.0,0.00017459540114748138
BCb,b_cb,KNN,kNN,uncalibrated,0.03612,0.9711371999999999,0.0,0.0,2.0,-3.392697703623596e-14,3.392814419583726e-14,2.0,0.00017878551039956058
BCb,b_cb,KNN,kNN,uncalibrated,0.03614,0.9711183999999999,0.0,0.0,2.0,-5.2584578557431587e-14,5.258673621962648e-14,2.0,0.0001831829667009212
BCb,b_cb,KNN,kNN,uncalibrated,0.03616,0.9710996,0.0,0.0,2.0,-8.14676431144677e-14,8.147163110509068e-14,2.0,0.00018780247219776363
BCb,b_cb,KNN,kNN,uncalibrated,0.03618,0.9710808,0.0,0.0,2.0,-1.261582876156512e-13,1.2616565708308687e-13,2.0,0.00019266011480807853
BCb,b_cb,KNN,kNN,uncalibrated,0.0362,0.971062,0.0,0.0,2.0,-1.9527210436953593e-13,1.9528571953096798e-13,2.0,0.0001977735304575747
BCb,b_cb,KNN,kNN,uncalibrated,0.03622,0.9710432,0.0,0.0,2.0,-3.0209800598663047e-13,3.0212315420204523e-13,2.0,0.00020316208774441542
BCb,b_cb,KNN,kNN,uncalibrated,0.03624,0.9710244,-0.33216917585530065,0.33216917585530065,2.0,-4.671191828855946e-13,4.671656217641902e-13,2.0,0.0002088470985853734
BCb,b_cb,KNN,kNN,uncalibrated,0.03626,0.9710056,-0.33370562186597075,0.33370562186597075,2.0,-7.218852970507021e-13,7.219710281556261e-13,2.0,0.00021485205902985587
BCb,b_cb,KNN,kNN,uncalibrated,0.03628,0.9709868,-0.3352543895623989,0.3352543895623989,2.0,-1.1149548398483128e-12,1.1151130625045528e-12,2.0,0.00022120292518815527
BCb,b_cb,KNN,kNN,uncalibrated,0.0363,0.970968,-0.3368155135371427,0.3368155135371427,2.0,-1.7210058179233135e-12,1.7212977375360648e-12,2.0,0.0002279284301337885
BCb,b_cb,KNN,kNN,uncalibrated,0.03632,0.9709492,-0.3383890265227804,0.3383890265227804,2.0,-2.654790223620291e-12,2.6553286326969186e-12,2.0,0.0002350604487413466
BCb,b_cb,KNN,kNN,uncalibrated,0.03634,0.9709304,-0.3399749593275679,0.3399749593275679,2.0,-4.092485319862731e-12,4.093477991006042e-12,2.0,0.00024263441875320858
BCb,b_cb,KNN,kNN,uncalibrated,0.03636,0.9709116,-0.3415733407684387,0.3415733407684387,2.0,-6.3043268854625676e-12,6.306156379539095e-12,2.0,0.00025068982798532593
BCb,b_cb,KNN,kNN,uncalibrated,0.03638,0.9708928,-0.34318419760082647,0.34318419760082647,2.0,-9.70442856485438e-12,9.707798930575074e-12,2.0,0.00025927077954793356
BCb,b_cb,KNN,kNN,uncalibrated,0.0364,0.970874,-0.34480755444497113,0.34480755444497113,2.0,-1.4926746585378884e-11,1.493295285132253e-11,2.0,0.00026842664935973053
BCb,b_cb,KNN,kNN,uncalibrated,0.03642,0.9708552,-0.34644343370814695,0.34644343370814695,2.0,-2.294076417107036e-11,2.2952187087640052e-11,2.0,0.0002782128531753422
BCb,b_cb,KNN,kNN,uncalibrated,0.03644,0.9708364,-0.3480918555022134,0.3480918555022134,2.0,-3.522742888293085e-11,3.52484425465169e-11,2.0,0.0002886917439626124
BCb,b_cb,KNN,kNN,uncalibrated,0.03646,0.9708176000000001,-0.34975283755578507,0.34975283755578507,2.0,-5.404634902795647e-11,5.408498469509732e-11,2.0,0.00029993366492757324
BCb,b_cb,KNN,kNN,uncalibrated,0.03648,0.9707988000000001,-0.7062763918958714,0.7062763918958715,95.0,-8.284098437386484e-11,8.291197800643371e-11,2.0,0.0003120181890081736
BCb,b_cb,KNN,kNN,uncalibrated,0.0365,0.9707800000000001,-0.7099127703753533,0.7099127703753532,100.0,-1.2685213796817152e-10,1.2698250741943947e-10,2.0,0.00032503558252125643
BCb,b_cb,KNN,kNN,uncalibrated,0.03652,0.9707612,-0.7131974244069834,0.7131974244069832,100.0,-1.9404529720664795e-10,1.942845391786713e-10,2.0,0.00033908853920805524
BCb,b_cb,KNN,kNN,uncalibrated,0.03654,0.9707424,-0.7165060696875203,0.7165060696875203,100.0,-2.965099276802298e-10,2.9694864223960984e-10,2.0,0.0003542942416424407
BCb,b_cb,KNN,kNN,uncalibrated,0.03656,0.9707236,-1.4375045032051719,1.0105421976692892,87.0,-4.5256698471709687e-10,4.5337085534903795e-10,2.0,0.0003707868204430158
BCb,b_cb,KNN,kNN,uncalibrated,0.03658,0.9707048,1.31579168129635,0.5842249240654029,5.0,-6.899368045379364e-10,6.914085209646907e-10,2.0,0.0003887202987368996
BCb,b_cb,KNN,kNN,uncalibrated,0.0366,0.970686,0.7359023576143521,0.011298832038142652,18.0,-1.0504908277640875e-09,1.0531827861392717e-09,2.0,0.0004082721308832972
BCb,b_cb,KNN,kNN,uncalibrated,0.03662,0.9706679,0.7392557772569915,0.011323691184165582,18.0,-1.578308179888826e-09,1.5831433082760303e-09,2.0,0.00042900314082650276
BCb,b_cb,KNN,kNN,uncalibrated,0.03664,0.9706498,0.7426322725113961,0.011348924908436737,18.0,-2.3682431370274314e-09,2.376919141804432e-09,2.0,0.00045167388738763276
BCb,b_cb,KNN,kNN,uncalibrated,0.03666,0.9706317,0.7460318542055392,0.011374565561856764,18.0,-3.5486719560498093e-09,3.5642234368749877e-09,2.0,0.0004765370214630228
BCb,b_cb,KNN,kNN,uncalibrated,0.03668,0.9706136000000001,0.7494545272783971,0.011400645026197349,18.0,-5.309799891756166e-09,5.337643754119956e-09,2.0,0.0005038865180216589
BCb,b_cb,KNN,kNN,uncalibrated,0.0367,0.9705955,0.752900290428749,0.01142719439599445,18.0,-7.932825863883557e-09,7.98261743186635e-09,2.0,0.000534065718307974
BCb,b_cb,KNN,kNN,uncalibrated,0.03672,0.9705774,0.7563691357258102,0.011454243617573912,18.0,-1.183249930327181e-08,1.1921421584444953e-08,2.0,0.0005674771785729854
BCb,b_cb,KNN,kNN,uncalibrated,0.03674,0.9705593,0.7598610481774657,0.01148182108150353,18.0,-1.761899776672319e-08,1.777757853767297e-08,2.0,0.0006045947839644901
BCb,b_cb,KNN,kNN,uncalibrated,0.03676,0.9705412,0.7633760052504106,0.011509953164542973,18.0,-2.6187541037505337e-08,2.6469917696379887e-08,2.0,0.0006459787155935796
BCb,b_cb,KNN,kNN,uncalibrated,0.03678,0.9705231,0.7669139763365549,0.01153866371693841,18.0,-3.8847599592152805e-08,3.934958936072287e-08,2.0,0.0006922940281834584
BCb,b_cb,KNN,kNN,uncalibrated,0.0368,0.970505,0.7704749221591177,0.011567973490598932,18.0,-5.750825980156227e-08,5.839908839914117e-08,2.0,0.0007443338184629331
BCb,b_cb,KNN,kNN,uncalibrated,0.03682,0.9704869,0.774058794110934,0.011597899503242281,18.0,-8.494263822939535e-08,8.65204954502909e-08,2.0,0.0008030482587548354
BCb,b_cb,KNN,kNN,uncalibrated,0.03684,0.9704688,0.7776655335162332,0.011628454332906577,18.0,-1.2516258587531794e-07,1.2795160742816733e-07,2.0,0.0008695811607810925
BCb,b_cb,KNN,kNN,uncalibrated,0.03686,0.9704507,0.7812950708049273,0.01165964533607928,18.0,-1.8394564572014067e-07,1.8886465849114165e-07,2.0,0.0009453162554088769
BCb,b_cb,KNN,kNN,uncalibrated,0.03688,0.9704326,0.784947324584893,0.01169147378080005,18.0,-2.6956949965683634e-07,2.78224593923481e-07,2.0,0.001031936071399664
BCb,b_cb,KNN,kNN,uncalibrated,0.0369,0.9704145,0.7886222005911779,0.011723933882910612,18.0,-3.9382468916758555e-07,4.090145384989874e-07,2.0,0.001131497234169136
BCb,b_cb,KNN,kNN,uncalibrated,0.03692,0.9703963999999999,0.7923195904795028,0.011757011728316067,18.0,-5.733930043692423e-07,5.999780097959899e-07,2.0,0.0012465272725512404
BCb,b_cb,KNN,kNN,uncalibrated,0.03694,0.9703783,0.7949918346790851,0.011830202609081691,39.0,-8.316936170815348e-07,8.780840935767451e-07,2.0,0.0013801497399112406
BCb,b_cb,KNN,kNN,uncalibrated,0.03696,0.9703602,0.7987360197976558,0.01192031198155487,39.0,-1.201305627786281e-06,1.2819975034325409e-06,2.0,0.0015362467953109178
BCb,b_cb,KNN,kNN,uncalibrated,0.03698,0.9703421,0.8025027435703214,0.012011029121576427,39.0,-1.7270626550238763e-06,1.8669351425888049e-06,2.0,0.0017196715861089265
BCb,b_cb,KNN,kNN,uncalibrated,0.037,0.970324,0.8062918408208541,0.012102194838901664,39.0,-2.4698620279726596e-06,2.7114197901493975e-06,2.0,0.0019365271518468898
BCb,b_cb,KNN,kNN,uncalibrated,0.03702,0.97030885,0.8096363468862625,0.012183207940885976,39.0,-3.362470599314683e-06,3.751068187365634e-06,2.0,0.0021602696139150133
BCb,b_cb,KNN,kNN,uncalibrated,0.03704,0.9702936999999999,0.8129976178570357,0.012264376468197963,39.0,-4.554261397606364e-06,5.177366729802572e-06,2.0,0.0024221483475655053
BCb,b_cb,KNN,kNN,uncalibrated,0.03706,0.97027855,0.8163754803740179,0.012345541475327971,39.0,-6.1328582901269654e-06,7.128518319198036e-06,2.0,0.002730248918475682
BCb,b_cb,KNN,kNN,uncalibrated,0.03708,0.9702634,0.8197697286999848,0.012426525570763246,39.0,-8.2044284950502e-06,9.78950182160664e-06,2.0,0.0030946534936711787
BCb,b_cb,KNN,kNN,uncalibrated,0.0371,0.9702482499999999,0.8231801136239552,0.012507130408062814,39.0,-1.089321117211994e-05,1.340666582281381e-05,2.0,0.003527992055978021
BCb,b_cb,KNN,kNN,uncalibrated,0.03712,0.9702331,0.8266063258417409,0.012587133335819595,39.0,-1.4337431291580073e-05,1.830628426422964e-05,2.0,0.004046158191879367
BCb,b_cb,KNN,kNN,uncalibrated,0.03714,0.97021795,0.8300479710511133,0.012666282797067953,39.0,-1.8678872945930907e-05,2.4917859320667733e-05,2.0,0.004669240808494743
BCb,b_cb,KNN,kNN,uncalibrated,0.03716,0.9702028,0.8335045327454494,0.012744291877874656,39.0,-2.4041949023624726e-05,3.380295882432965e-05,2.0,0.005422739134212399
BCb,b_cb,KNN,kNN,uncalibrated,0.03718,0.97018765,0.8369753169539079,0.012820829138374578,39.0,-3.0496086688949477e-05,4.56902719745068e-05,2.0,0.006339148917246599
BCb,b_cb,KNN,kNN,uncalibrated,0.0372,0.9701725,0.8404593708177487,0.012895505496738485,39.0,-3.799249494320305e-05,6.151728865114589e-05,2.0,0.007460033745073872
BCb,b_cb,KNN,kNN,uncalibrated,0.03722,0.97015735,0.8439553637732097,0.012967855458314121,39.0,-4.626273873448111e-05,8.24784560712408e-05,2.0,0.008838727573605048
BCb,b_cb,KNN,kNN,uncalibrated,0.03724,0.9701422,0.8474614161046712,0.013037310377332818,39.0,-5.4661897529609835e-05,0.00011007870750045824,2.0,0.010543853027256472
BCb,b_cb,KNN,kNN,uncalibrated,0.03726,0.97012705,0.8509748546780422,0.013103160715912568,39.0,-6.193341327031637e-05,0.00014618971521028777,2.0,0.01266388371949465
BCb,b_cb,KNN,kNN,uncalibrated,0.03728,0.9701119,0.8544918698261665,0.013164503471865714,39.0,-6.586619407470547e-05,0.00019310387427273033,2.0,0.01531302425761929
BCb,b_cb,KNN,kNN,uncalibrated,0.0373,0.9700967500000001,0.8580070409199508,0.013220170195822096,39.0,-6.280760385860218e-05,0.0002535776191898246,2.0,0.018638720984056886
BCb,b_cb,KNN,kNN,uncalibrated,0.03732,0.9700816,0.8615126917381984,0.013268630524536735,39.0,-4.698957054282706e-05,0.0003308509436338957,2.0,0.022831135033105476
BCb,b_cb,KNN,kNN,uncalibrated,0.03734,0.97006645,0.8649980314098527,0.013307866286152499,39.0,-9.620778308183533e-06,0.00042862370751539793,2.0,0.02813488101381523
BCb,b_cb,KNN,kNN,uncalibrated,0.03736,0.9700513000000001,0.8684480340594308,0.013335212564637867,39.0,6.230179954412097e-05,0.0005509613886411459,2.0,0.034863217333164755
BCb,b_cb,KNN,kNN,uncalibrated,0.03738,0.97003615,0.8718420125149964,0.013347165537425761,39.0,0.00018750054556454184,0.0007020935910370713,2.0,0.043414603394756245
BCb,b_cb,KNN,kNN,uncalibrated,0.0374,0.970021,0.8751518511775783,0.013339163804198294,39.0,0.0003922621238317335,0.0008860586535324535,2.0,0.0542910228576309
BCb,b_cb,KNN,kNN,uncalibrated,0.03742,0.9700083500000001,0.8779710891210488,0.013312285924856346,39.0,0.0008339657260132765,0.0011031408451975604,15.0,0.06628884200533582
BCb,b_cb,KNN,kNN,uncalibrated,0.03744,0.9699957,0.88066267172054,0.013260479812163413,39.0,0.0012237938783310784,0.0014043903599701368,15.0,0.08108654983500742
BCb,b_cb,KNN,kNN,uncalibrated,0.03746,0.9699830500000001,0.8831846106496455,0.013177861214395152,39.0,0.001764637256031808,0.0017756069029255738,15.0,0.09928713917019547
BCb,b_cb,KNN,kNN,uncalibrated,0.03748,0.9699704,0.8854847260625114,0.013057660864511019,39.0,0.002503955530896471,0.0022295502985073944,15.0,0.12158064831635672
BCb,b_cb,KNN,kNN,uncalibrated,0.0375,0.9699577500000001,0.8874991116954053,0.012892482199035238,39.0,0.0035001047762412496,0.002780502739084224,15.0,0.14873218133773633
BCb,b_cb,KNN,kNN,uncalibrated,0.03752,0.9699451,0.8891506915673514,0.012674916460084553,39.0,0.004823413695734918,0.0034442844875291773,15.0,0.18155382341013382
BCb,b_cb,KNN,kNN,uncalibrated,0.03754,0.9699324500000001,0.8903479918913845,0.01239877338174177,39.0,0.0065568450940807765,0.004238184652185134,15.0,0.22085395621435658
BCb,b_cb,KNN,kNN,uncalibrated,0.03756,0.9699198,0.8909842710090866,0.012061351489411381,39.0,0.008796026941237161,0.005180729839843951,15.0,0.26735722678399226
BCb,b_cb,KNN,kNN,uncalibrated,0.03758,0.9699071499999999,0.8890090725478886,0.011889366008198666,3.0,0.011648416292764028,0.006291176132881776,15.0,0.32158986045904486
BCb,b_cb,KNN,kNN,uncalibrated,0.0376,0.9698945,0.8880441866965664,0.01188815943447208,3.0,0.015231355612137457,0.007588579043751267,15.0,0.38372939945201756
BCb,b_cb,KNN,kNN,uncalibrated,0.03762,0.96988185,0.8861089050381018,0.01179850450244678,3.0,0.019668801097618867,0.009090288873062364,15.0,0.4534266346865098
BCb,b_cb,KNN,kNN,uncalibrated,0.03764,0.9698692,0.8857238061499345,0.012240586973025987,13.0,0.025086552216148576,0.010809753478424724,15.0,0.5296210954048047
BCb,b_cb,KNN,kNN,uncalibrated,0.03766,0.96985655,0.8814285667510724,0.013134650478496535,13.0,0.03160589514616616,0.012753598625046552,15.0,0.6103884135688712
BCb,b_cb,KNN,kNN,uncalibrated,0.03768,0.9698439,0.8760470392965702,0.014590407736909037,15.0,0.03933569225165372,0.01491809529818363,15.0,0.6928728405512047
BCb,b_cb,KNN,kNN,uncalibrated,0.0377,0.96983125,0.8685507093561681,0.0167406442324963,15.0,0.04836310359938545,0.017285293229694163,15.0,0.7733617091240754
BCb,b_cb,KNN,kNN,uncalibrated,0.03772,0.9698186,0.8591788549213554,0.01945910153673476,15.0,0.0589278942197087,0.020035366463011628,18.0,0.8475403100621043
BCb,b_cb,KNN,kNN,uncalibrated,0.03774,0.9698059499999999,0.847764673958209,0.02274866517637833,15.0,0.07063321486734413,0.0229648477452291,18.0,0.9109215619176733
BCb,b_cb,KNN,kNN,uncalibrated,0.03776,0.9697933,0.8341592003002788,0.02659381640400249,15.0,0.08367950453731499,0.025943328184700746,18.0,0.9593855233953249
BCb,b_cb,KNN,kNN,uncalibrated,0.03778,0.9697806499999999,0.818238003065914,0.030964075564767143,15.0,0.0979712471464787,0.028853212937396743,18.0,0.989714699308653
BCb,b_cb,KNN,kNN,uncalibrated,0.0378,0.969768,0.7999077108414031,0.035815365447685744,15.0,0.11334275651278941,0.03155355172585671,18.0,1.0
BCb,b_cb,KNN,kNN,uncalibrated,0.03782,0.96975745,0.7816023286551783,0.040471769144129,15.0,0.12767892513131557,0.033645188876008064,18.0,0.9919858463389287
BCb,b_cb,KNN,kNN,uncalibrated,0.03784,0.9697469,0.7620688271419396,0.046061560795800344,18.0,0.14245931683875504,0.03533167809577742,18.0,0.968533387036663
BCb,b_cb,KNN,kNN,uncalibrated,0.03786,0.96973635,0.739826203382933,0.051864549648350175,18.0,0.15742298282343775,0.0364971643157318,18.0,0.931086852331718
BCb,b_cb,KNN,kNN,uncalibrated,0.03788,0.9697258,0.7156676199915634,0.05780384746265169,18.0,0.17227022244361148,0.037033063737843604,18.0,0.8816849446668497
BCb,b_cb,KNN,kNN,uncalibrated,0.0379,0.9697152499999999,0.689670128855454,0.06379826251331946,18.0,0.186670779803604,0.0368450039129087,18.0,0.8227595402877027
BCb,b_cb,KNN,kNN,uncalibrated,0.03792,0.9697047,0.6619437968736828,0.06976358125118204,18.0,0.2002747727134293,0.03585945294208929,18.0,0.7569416221005091
BCb,b_cb,KNN,kNN,uncalibrated,0.03794,0.9696941499999999,0.6326311378607874,0.07561494560411033,18.0,0.21272594210920845,0.03402954454071859,18.0,0.6868889523677042
BCb,b_cb,KNN,kNN,uncalibrated,0.03796,0.9696836,0.6019055392496814,0.08126931741982883,18.0,0.22367656292194496,0.03133978508764299,18.0,0.6151398657433246
BCb,b_cb,KNN,kNN,uncalibrated,0.03798,0.9696730499999999,0.5699686902506153,0.08664783327375801,18.0,0.23280314679611241,0.02780976727175862,18.0,0.5439927790096228
BCb,b_cb,KNN,kNN,uncalibrated,0.038,0.9696625,0.537047065739467,0.09167787823907539,18.0,0.23982192217493176,0.023498176910352424,18.0,0.47541124847268074
BCb,b_cb,KNN,kNN,uncalibrated,0.03802,0.96965195,0.5033875668323493,0.0962947442877717,18.0,0.24450302134501264,0.01851240357354946,18.0,0.41095705339018207
BCb,b_cb,KNN,kNN,uncalibrated,0.03804,0.9696414,0.4692524613775769,0.10044278733159408,18.0,0.24550076855551617,0.01308530533647838,21.0,0.35175559447802573
BCb,b_cb,KNN,kNN,uncalibrated,0.03806,0.96963085,0.43491380209702024,0.10407605360125016,18.0,0.24531127509784945,0.008017326326278258,21.0,0.29849669508926296
BCb,b_cb,KNN,kNN,uncalibrated,0.03808,0.9696203,0.40064752414176985,0.10715840566239755,18.0,0.23815688744876515,0.007675860654605526,4.0,0.25146961268132406
BCb,b_cb,KNN,kNN,uncalibrated,0.0381,0.9696097499999999,0.36672743566613547,0.10966323336519258,18.0,0.23337407686813444,0.01201267581190707,4.0,0.21062555191614293
BCb,b_cb,KNN,kNN,uncalibrated,0.03812,0.9695992,0.3334193142137808,0.11157287692654931,18.0,0.22642157028182397,0.0166877200345435,4.0,0.1756567002152921
BCb,b_cb,KNN,kNN,uncalibrated,0.03814,0.9695886499999999,0.30097530928162264,0.11287791044927378,18.0,0.21954074948364163,0.022335162720124525,10.0,0.14607944882567966
BCb,b_cb,KNN,kNN,uncalibrated,0.03816,0.9695781,0.2696288296129688,0.11357642973591488,18.0,0.2076750175310473,0.028845471072207567,18.0,0.12131115326342223
BCb,b_cb,KNN,kNN,uncalibrated,0.03818,0.96956755,0.2395900656537136,0.11367345828355753,18.0,0.19409611505534013,0.035116643722591115,18.0,0.1007334186909627
BCb,b_cb,KNN,kNN,uncalibrated,0.0382,0.969557,0.2110422664511411,0.11318053544828467,18.0,0.1792879809788796,0.04095652423604725,18.0,0.08373895726887279
BCb,b_cb,KNN,kNN,uncalibrated,0.03822,0.96954805,0.18668464072486954,0.11224456672862278,18.0,0.16517054474453588,0.045764388938779106,18.0,0.0709988851712852
BCb,b_cb,KNN,kNN,uncalibrated,0.03824,0.9695391,0.16518169989435746,0.1110522859044388,22.0,0.15061728130074112,0.05006516258041418,18.0,0.06034469006319879
BCb,b_cb,KNN,kNN,uncalibrated,0.03826,0.96953015,0.14348191472848137,0.10953439500765845,22.0,0.13678230225502838,0.053898965969053615,22.0,0.05144460275959754
BCb,b_cb,KNN,kNN,uncalibrated,0.03828,0.9695212,0.12333294974672274,0.10757190919444334,22.0,0.12204108455271034,0.05721538102881685,22.0,0.04401105840318654
BCb,b_cb,KNN,kNN,uncalibrated,0.0383,0.96951225,0.10487665763006618,0.1052264756114092,21.0,0.10756457502970104,0.05990845713968418,22.0,0.03779842834440298
BCb,b_cb,KNN,kNN,uncalibrated,0.03832,0.9695033,0.08788570186119843,0.10254307717477146,21.0,0.09355638851268708,0.06196917478220438,22.0,0.032599275594416714
BCb,b_cb,KNN,kNN,uncalibrated,0.03834,0.96949435,0.07247030507184032,0.09950878770617914,21.0,0.08018983752556538,0.06340275937571876,22.0,0.028239937760063224
BCb,b_cb,KNN,kNN,uncalibrated,0.03836,0.9694853999999999,0.05860186529634817,0.09616595066530513,21.0,0.06760572823463358,0.06422739172467999,22.0,0.024575978424905442
BCb,b_cb,KNN,kNN,uncalibrated,0.03838,0.9694764499999999,0.04623456839303004,0.09255956338238525,21.0,0.05591167941724022,0.06447263371362773,22.0,0.0214878413777619
BCb,b_cb,KNN,kNN,uncalibrated,0.0384,0.9694675,0.035307610592036756,0.08873617002923916,21.0,0.045235040215967026,0.06421650872611073,21.0,0.018876891506139117
BCb,b_cb,KNN,kNN,uncalibrated,0.03842,0.96945855,0.025747644419889873,0.08474275529556255,21.0,0.03550248234824943,0.06345962927481341,21.0,0.016661923397319194
BCb,b_cb,KNN,kNN,uncalibrated,0.03844,0.9694496,0.01747134613211386,0.08062569027959032,21.0,0.026796380319160568,0.0622506546377081,21.0,0.01477615309049539
BCb,b_cb,KNN,kNN,uncalibrated,0.03846,0.96944065,0.010388004162412152,0.07642977422414891,21.0,0.019109912853739475,0.06064696891037954,21.0,0.013164669794051623
BCb,b_cb,KNN,kNN,uncalibrated,0.03848,0.9694317,0.004402035567455047,0.07219740542849884,21.0,0.012415207468523565,0.058707894710616146,21.0,0.01178230421404042
BCb,b_cb,KNN,kNN,uncalibrated,0.0385,0.96942275,-0.000584650100938687,0.06796790328828574,21.0,0.00666732672469203,0.056492780500055795,21.0,0.010591861918684976
BCb,b_cb,KNN,kNN,uncalibrated,0.03852,0.9694138,-0.0046705041051796695,0.06377699216399395,21.0,0.0018082335384504156,0.05405936278266355,21.0,0.009562669211511958
BCb,b_cb,KNN,kNN,uncalibrated,0.03854,0.96940485,-0.007952455793174988,0.05965644759412326,21.0,-0.002229442505204876,0.05146243454517933,21.0,0.008669382107827896
BCb,b_cb,KNN,kNN,uncalibrated,0.03856,0.9693959,-0.010524322489519799,0.055633896888840295,21.0,-0.005518971113311816,0.048752827896508893,21.0,0.007891014127397261
BCb,b_cb,KNN,kNN,uncalibrated,0.03858,0.96938695,-0.012475523601182995,0.05173275969442977,21.0,-0.00813650817963163,0.04597669967295935,21.0,0.0072101444440792264
BCb,b_cb,KNN,kNN,uncalibrated,0.0386,0.969378,-0.013890095553135449,0.04797230977554137,21.0,-0.010158551324852494,0.043175094473405215,21.0,0.0066122737223430015
BCb,b_cb,KNN,kNN,uncalibrated,0.03862,0.9693706,-0.014763103259649676,0.044736175467197506,21.0,-0.011522994429478114,0.040673351311360004,21.0,0.006136812343073591
BCb,b_cb,KNN,kNN,uncalibrated,0.03864,0.9693632,-0.015320188318968893,0.041633663027941026,21.0,-0.012521626135608324,0.038202032865554195,21.0,0.005710847980960029
BCb,b_cb,KNN,kNN,uncalibrated,0.03866,0.9693558,-0.015608583991852845,0.038670962676446055,21.0,-0.013203121443511129,0.03577988133922252,21.0,0.005328106527783702
BCb,b_cb,KNN,kNN,uncalibrated,0.03868,0.9693484,-0.015671165651740617,0.03585221284266027,21.0,-0.01361284016561741,0.03342247769495397,21.0,0.00498321215325415
BCb,b_cb,KNN,kNN,uncalibrated,0.0387,0.969341,-0.015560585812418083,0.033186392719380384,22.0,-0.01380570170410295,0.031148992015964383,22.0,0.004671547235562124
BCb,b_cb,KNN,kNN,uncalibrated,0.03872,0.9693336,-0.015287259300642035,0.030668388297638245,22.0,-0.01379696205106012,0.02896308843988832,22.0,0.004389135498216952
BCb,b_cb,KNN,kNN,uncalibrated,0.03874,0.9693262,-0.014891024226467854,0.028295122466192358,22.0,-0.013629938389839499,0.026870830269614756,22.0,0.004132544353858144
BCb,b_cb,KNN,kNN,uncalibrated,0.03876,0.9693188,-0.014398559731073197,0.02606471033848662,22.0,-0.013334977955950487,0.024877538645745538,22.0,0.0038988031571142875
BCb,b_cb,KNN,kNN,uncalibrated,0.03878,0.9693114,-0.013833078056946356,0.02397423446622978,22.0,-0.012938848155157664,0.02298662789398697,22.0,0.0036853346483106185
BCb,b_cb,KNN,kNN,uncalibrated,0.0388,0.9693039999999999,-0.013214593186783776,0.02201992104550319,22.0,-0.012464925849120567,0.02119985615892875,22.0,0.003489897347764067
BCb,b_cb,KNN,kNN,uncalibrated,0.03882,0.9692966,-0.01256019764518564,0.020197303482608602,22.0,-0.011933424296498716,0.019517564694763418,22.0,0.0033105370537382505
BCb,b_cb,KNN,kNN,uncalibrated,0.03884,0.9692892,-0.011884339928883636,0.018501371968549132,22.0,-0.011361643424310838,0.017938902019533156,22.0,0.003145545920416168
BCb,b_cb,KNN,kNN,uncalibrated,0.03886,0.9692818,-0.011199096522764577,0.016926708352658432,22.0,-0.010764231688824342,0.016462030444760085,22.0,0.0029934278579205375
BCb,b_cb,KNN,kNN,uncalibrated,0.03888,0.9692744,-0.010514433825453938,0.015467606130887832,22.0,-0.010153450172157213,0.015084313572555484,22.0,0.0028528692145324184
BCb,b_cb,KNN,kNN,uncalibrated,0.0389,0.969267,-0.009838456525776081,0.014118175782004399,22.0,-0.009539431696524617,0.013802484221680286,22.0,0.0027227138805392733
BCb,b_cb,KNN,kNN,uncalibrated,0.03892,0.9692596,-0.009177135888053654,0.012875458926982785,23.0,-0.00892994402322792,0.012615805573821581,23.0,0.0026019421004697166
BCb,b_cb,KNN,kNN,uncalibrated,0.03894,0.9692522,-0.00853975574724804,0.01173030497387939,23.0,-0.008335680497788597,0.011516946751780445,23.0,0.0024896524016750406
BCb,b_cb,KNN,kNN,uncalibrated,0.03896,0.9692448,-0.007925776564800794,0.010676251474060539,23.0,-0.007757596690524031,0.01050116572736441,23.0,0.0023850461470152112
BCb,b_cb,KNN,kNN,uncalibrated,0.03898,0.9692374,-0.0073380978552501155,0.009707560305922064,23.0,-0.00719973245107659,0.009564063940368224,23.0,0.002287414301676695
BCb,b_cb,KNN,kNN,uncalibrated,0.039,0.96923,-0.0067787298605344,0.008818631192740687,23.0,-0.0066650745028802244,0.008701168157964288,23.0,0.002196126072055642
BCb,b_cb,KNN,kNN,uncalibrated,0.03902,0.96922275,-0.006254719750396435,0.008012836296088741,23.0,-0.006161292513609502,0.007916576899298667,23.0,0.0021114902591880054
BCb,b_cb,KNN,kNN,uncalibrated,0.03904,0.9692155,-0.0057602564511607356,0.007274657797811625,23.0,-0.005683564558501419,0.007195861511751418,23.0,0.002032020135972979
BCb,b_cb,KNN,kNN,uncalibrated,0.03906,0.96920825,-0.005295479450748135,0.006599256139567895,23.0,-0.005232608811580758,0.006534823382368981,23.0,0.001957280511268437
BCb,b_cb,KNN,kNN,uncalibrated,0.03908,0.969201,-0.004860134483436545,0.005982017605507887,23.0,-0.004808659437460473,0.005929384040152657,23.0,0.0018868807005085685
BCb,b_cb,KNN,kNN,uncalibrated,0.0391,0.96919375,-0.004453653311023085,0.005418563120385995,23.0,-0.004411559127907148,0.00537561048008595,23.0,0.0018204693364529036
BCb,b_cb,KNN,kNN,uncalibrated,0.03912,0.9691865000000001,-0.004075222377198295,0.004904752849160642,23.0,-0.004040839030962081,0.004869733905937812,23.0,0.0017577298506952555
BCb,b_cb,KNN,kNN,uncalibrated,0.03914,0.96917925,-0.0037238414466713335,0.0044366872797299796,23.0,-0.003695787271796676,0.0044081628713609,23.0,0.0016983765315043175
BCb,b_cb,KNN,kNN,uncalibrated,0.03916,0.969172,-0.003398373300030895,0.0040107054003964355,23.0,-0.0033755072448651865,0.003987491702378799,23.0,0.0016421510778482638
BCb,b_cb,KNN,kNN,uncalibrated,0.03918,0.96916475,-0.003097585499520942,0.003623380515301035,23.0,-0.003078966811375684,0.0036045049890925155,23.0,0.0015888195814209999
BCb,b_cb,KNN,kNN,uncalibrated,0.0392,0.9691575,-0.0028201851741470212,0.0032715141758909547,23.0,-0.0028050394719687025,0.0032561788428357905,23.0,0.0015381698785847952
BCb,b_cb,KNN,kNN,uncalibrated,0.03922,0.96915025,-0.0025648477004019295,0.0029521286454449484,23.0,-0.0025525385097400406,0.0029396795287463143,23.0,0.0014900092226286452
BCb,b_cb,KNN,kNN,uncalibrated,0.03924,0.969143,-0.0023302400794404546,0.002662458257060381,23.0,-0.002320245017208467,0.002652360003524854,23.0,0.001444162233917733
BCb,b_cb,KNN,kNN,uncalibrated,0.03926,0.96913575,-0.0021150397361954956,0.0023999399737214796,23.0,-0.0021069306373185984,0.0023917548147045727,23.0,0.001400469091575699
BCb,b_cb,KNN,kNN,uncalibrated,0.03928,0.9691285,-0.0019179493925835993,0.0021622034124622953,23.0,-0.0019113757659450612,0.002155573751501368,23.0,0.0013587839354830126
BCb,b_cb,KNN,kNN,uncalibrated,0.0393,0.9691212499999999,-0.0017377085961358054,0.001947060552526022,23.0,-0.0017323838828787839,0.001941694577595264,23.0,0.001318973451739275
BCb,b_cb,KNN,kNN,uncalibrated,0.03932,0.969114,-0.0015731024192457367,0.0017524953102193365,23.0,-0.0015687926025515278,0.0017481551233530736,23.0,0.0012809156184502815
BCb,b_cb,KNN,kNN,uncalibrated,0.03934,0.96910675,-0.0014229677823383046,0.0015766531303846691,23.0,-0.001419481964704418,0.0015731449684565854,23.0,0.001244498591861739
BCb,b_cb,KNN,kNN,uncalibrated,0.03936,0.9690995,-0.0012861977975843803,0.001417830715672301,23.0,-0.0012833804199853102,0.001414996905119622,23.0,0.0012096197155673882
BCb,b_cb,KNN,kNN,uncalibrated,0.03938,0.96909225,-0.0011617444780339665,0.0012744659898418888,23.0,-0.0011594689058937531,0.001272178336664477,23.0,0.0011761846378185049
BCb,b_cb,KNN,kNN,uncalibrated,0.0394,0.969085,-0.001048620110204178,0.0011451283699334266,23.0,-0.0010467833546167348,0.0011432827358001405,23.0,0.001144106523949192
BCb,b_cb,KNN,kNN,uncalibrated,0.03942,0.9690784,-0.0009507493209859041,0.0010340085250104966,23.0,-0.0009492518079696273,0.001032504387386874,23.0,0.0011145402529627165
BCb,b_cb,KNN,kNN,uncalibrated,0.03944,0.9690717999999999,-0.0008615318113818647,0.0009333498087561259,23.0,-0.0008603115581645388,0.0009321246140246241,23.0,0.00108606706788369
BCb,b_cb,KNN,kNN,uncalibrated,0.03946,0.9690652,-0.0007802691794245469,0.0008422091909587305,23.0,-0.0007792753842440541,0.0008412117106864463,23.0,0.0010586282220749433
BCb,b_cb,KNN,kNN,uncalibrated,0.03948,0.9690586,-0.0007063097947185477,0.0007597231325097119,23.0,-0.0007055008506688845,0.0007589114410003962,23.0,0.0010321691691995423
BCb,b_cb,KNN,kNN,uncalibrated,0.0395,0.9690519999999999,-0.0006390471503142938,0.0006851016321486133,23.0,-0.0006383890053865344,0.0006844414392907709,23.0,0.0010066392059737404
BCb,b_cb,KNN,kNN,uncalibrated,0.03952,0.9690454,-0.0005779180014388802,0.0006176226132844749,23.0,-0.0005773828058469937,0.0006170858915137425,23.0,0.0009819911491092254
BCb,b_cb,KNN,kNN,uncalibrated,0.03954,0.9690388,-0.0005224003567057657,0.0005566266477550191,23.0,-0.0005219653482982682,0.0005561905022240079,23.0,0.0009581810428314351
BCb,b_cb,KNN,kNN,uncalibrated,0.03956,0.9690322,-0.0004720113761319891,0.0005015120105052649,23.0,-0.0004716579628698585,0.0005011577501583692,23.0,0.0009351678937823224
BCb,b_cb,KNN,kNN,uncalibrated,0.03958,0.9690255999999999,-0.00042630522045428594,0.0004517300561806798,23.0,-0.00042601822580999534,0.0004514424306255872,23.0,0.0009129134304745822
BCb,b_cb,KNN,kNN,uncalibrated,0.0396,0.969019,-0.00038444592261202917,0.0004071744657026154,71.0,-0.0003842172865749106,0.0004069453300822261,71.0,0.000891381884788969
BCb,b_cb,KNN,kNN,uncalibrated,0.03962,0.9690124,-0.00034757133721975074,0.0003671597780342272,71.0,-0.00034738525744161086,0.00036697332617869054,71.0,0.000870539793282593
BCb,b_cb,KNN,kNN,uncalibrated,0.03964,0.9690057999999999,-0.0003141082995814603,0.00033098890526888367,71.0,-0.0003139569206684713,0.000330837249285751,71.0,0.0008503558163281125
BCb,b_cb,KNN,kNN,uncalibrated,0.03966,0.9689992,-0.00028375794598743535,0.0002983037698615535,71.0,-0.00028363484887743525,0.00029818046646008117,71.0,0.0008308005733164899
BCb,b_cb,KNN,kNN,uncalibrated,0.03968,0.9689926,-0.00025624529147489717,0.0002687782299281127,71.0,-0.0002561452336635489,0.00026867801854485815,71.0,0.0008118464923477027
BCb,b_cb,KNN,kNN,uncalibrated,0.0397,0.968986,-0.0002313176523083945,0.00024211541560792248,71.0,-0.0002312363544610529,0.0002420340034504078,71.0,0.0007934676730063071
BCb,b_cb,KNN,kNN,uncalibrated,0.03972,0.9689793999999999,-0.00020874312145294932,0.00021804526294639588,71.0,-0.00020867709224476014,0.0002179791486627952,71.0,0.0007756397609632765
BCb,b_cb,KNN,kNN,uncalibrated,0.03974,0.9689728,-0.00018830910464742533,0.00019632223397881345,71.0,-0.00018825549708238645,0.00019626856310373358,71.0,0.0007583398332811747
BCb,b_cb,KNN,kNN,uncalibrated,0.03976,0.9689662,-0.00016982092240166752,0.00017672321196392107,71.0,-0.00016977741603203285,0.00017667965848640116,71.0,0.0007415462934133411
BCb,b_cb,KNN,kNN,uncalibrated,0.03978,0.9689595999999999,-0.00015310048186152018,0.00015904556129864292,71.0,-0.00015306518630085265,0.00015901023068942474,71.0,0.0007252387749955518
BCb,b_cb,KNN,kNN,uncalibrated,0.0398,0.968953,-0.00013798501980050106,0.00014310534070822246,71.0,-0.0001379563957302273,0.00014307669056412233,71.0,0.0007093980536174287
BCb,b_cb,KNN,kNN,uncalibrated,0.03982,0.9689462999999999,-0.00012422149316296792,0.00012862586340896956,71.0,-0.00012419832693459388,0.00012860267783189276,71.0,0.0006939208438625419
BCb,b_cb,KNN,kNN,uncalibrated,0.03984,0.9689396,-0.00011179900624777971,0.00011558733687642559,71.0,-0.00011178026374648893,0.0001155685800182086,71.0,0.0006788811845760312
BCb,b_cb,KNN,kNN,uncalibrated,0.03986,0.9689329,-0.00010059110624184128,0.00010384940370690764,71.0,-0.00010057594791054528,0.00010383423472349061,71.0,0.0006642624252392354
BCb,b_cb,KNN,kNN,uncalibrated,0.03988,0.9689262,-9.048269833130093e-05,9.32849923923914e-05,71.0,-9.047044285670334e-05,9.32727290150468e-05,71.0,0.0006500487985973606
BCb,b_cb,KNN,kNN,uncalibrated,0.0399,0.9689194999999999,-8.136910357884414e-05,8.377910920357255e-05,71.0,-8.135919829450674e-05,8.376919805664315e-05,71.0,0.0006362253604233835
BCb,b_cb,KNN,kNN,uncalibrated,0.03992,0.9689128,-7.315518349986522e-05,7.522773329208656e-05,71.0,-7.31471802766648e-05,7.521972572005057e-05,71.0,0.0006227779340462816
BCb,b_cb,KNN,kNN,uncalibrated,0.03994,0.9689061,-6.575452899448113e-05,6.753680762821325e-05,71.0,-6.574806461115452e-05,6.753034001914133e-05,71.0,0.0006096930592268996
BCb,b_cb,KNN,kNN,uncalibrated,0.03996,0.9688994,-5.908870946505713e-05,6.062131721271055e-05,71.0,-5.908348963445316e-05,6.0616094989546594e-05,71.0,0.0005969579450066736
BCb,b_cb,KNN,kNN,uncalibrated,0.03998,0.9688926999999999,-5.308658005425966e-05,5.440444909171725e-05,71.0,-5.3082366430730124e-05,5.440023369369946e-05,71.0,0.0005845604261868662
BCb,b_cb,KNN,kNN,uncalibrated,0.04,0.9688859999999999,-4.768364222715676e-05,4.881682589096048e-05,71.0,-4.7680241843847626e-05,4.881342419163073e-05,71.0,0.0005724889231307527
BCb,b_cb,KNN,kNN,uncalibrated,0.04002,0.9688793,-4.28214557663834e-05,4.379580826770937e-05,71.0,-4.2818712451918305e-05,4.379306397728158e-05,71.0,0.0005607324046079874
BCb,b_cb,KNN,kNN,uncalibrated,0.04004,0.9688726,-3.844709793709501e-05,3.928485973817042e-05,71.0,-3.844488534389733e-05,3.9282646421226606e-05,71.0,0.0005492803534263061
BCb,b_cb,KNN,kNN,uncalibrated,0.04006,0.9688659,-3.45126670243036e-05,3.523296883530081e-05,71.0,-3.4510882968457464e-05,3.523118424276486e-05,71.0,0.0005381227346201161
BCb,b_cb,KNN,kNN,uncalibrated,0.04008,0.9688592,-3.0974827388972296e-05,3.1594124106050316e-05,71.0,-3.0973389256844934e-05,3.1592685575956965e-05,71.0,0.0005272499659841694
BCb,b_cb,KNN,kNN,uncalibrated,0.0401,0.9688525,-2.77943924461469e-05,2.8326836727733455e-05,71.0,-2.7793233468317978e-05,2.83256774548139e-05,71.0,0.0005166528907611875
BCb,b_cb,KNN,kNN,uncalibrated,0.04012,0.9688458,-2.4935943585440663e-05,2.539370733855904e-05,71.0,-2.4935009815391648e-05,2.5392773349707122e-05,71.0,0.0005063227523092257
BCb,b_cb,KNN,kNN,uncalibrated,0.04014,0.9688391,-2.2367481705684043e-05,2.2761032882819637e-05,71.0,-2.236672957093554e-05,2.2760280585837753e-05,71.0,0.0004962511705882686
BCb,b_cb,KNN,kNN,uncalibrated,0.04016,0.9688323999999999,-2.0060109089881023e-05,2.0398449812382945e-05,71.0,-2.005950340790172e-05,2.0397844010116826e-05,71.0,0.0004864301203214503
BCb,b_cb,KNN,kNN,uncalibrated,0.04018,0.9688257,-1.7987739128304225e-05,1.8278610671925293e-05,71.0,-1.7987251499588197e-05,1.8278122954025115e-05,71.0,0.00047685191069775487
BCb,b_cb,KNN,kNN,uncalibrated,0.0402,0.968819,-1.612683218193974e-05,1.6376891339649625e-05,71.0,-1.612643968903373e-05,1.637649878062097e-05,71.0,0.0004675091664944459
BCb,b_cb,KNN,kNN,uncalibrated,0.04022,0.968812775,-1.451659408310461e-05,1.4732821779029683e-05,71.0,-1.4516275608806144e-05,1.4732503255138563e-05,71.0,0.00045859795780182856
BCb,b_cb,KNN,kNN,uncalibrated,0.04024,0.96880655,-1.306530445753127e-05,1.3252276462351026e-05,71.0,-1.306504609564598e-05,1.3252018063271032e-05,71.0,0.00044989542822345194
BCb,b_cb,KNN,kNN,uncalibrated,0.04026,0.968800325,-1.1757505642346107e-05,1.1919179230351395e-05,71.0,-1.1757296088342767e-05,1.1918969648452011e-05,71.0,0.0004413957330813933
BCb,b_cb,KNN,kNN,uncalibrated,0.04028,0.9687941,-1.057921374441899e-05,1.0719011199673577e-05,71.0,-1.0579043810960725e-05,1.0718841245293357e-05,71.0,0.00043309324201003783
BCb,b_cb,KNN,kNN,uncalibrated,0.0403,0.968787875,-9.51778195580721e-06,9.638662829521694e-06,71.0,-9.517644178031305e-06,9.638525036054409e-06,71.0,0.00042498252809212777
BCb,b_cb,KNN,kNN,uncalibrated,0.04032,0.9687816499999999,-8.561775852903228e-06,8.666299479551904e-06,71.0,-8.561664166919472e-06,8.666187781799673e-06,71.0,0.0004170583576949081
BCb,b_cb,KNN,kNN,uncalibrated,0.04034,0.968775425,-7.700860162975846e-06,7.791239765121737e-06,71.0,-7.700769644074762e-06,7.791149237394332e-06,71.0,0.00040931568095510745
BCb,b_cb,KNN,kNN,uncalibrated,0.04036,0.9687692,-6.925695631596232e-06,7.003845039167726e-06,71.0,-6.925622281142457e-06,7.00377168209422e-06,71.0,0.0004017496228654712
BCb,b_cb,KNN,kNN,uncalibrated,0.04038,0.968762975,-6.227845084751583e-06,6.295419262580098e-06,71.0,-6.227785656756674e-06,6.295359829620372e-06,71.0,0.0003943554749201072
BCb,b_cb,KNN,kNN,uncalibrated,0.0404,0.96875675,-5.599688378338419e-06,5.658118380874877e-06,71.0,-5.599640238361651e-06,5.65807023717446e-06,71.0,0.0003871286872777767
BCb,b_cb,KNN,kNN,uncalibrated,0.04042,0.968750525,-5.034344656752295e-06,5.084867939955383e-06,71.0,-5.034305667137928e-06,5.084828947548232e-06,71.0,0.000380064861406648
BCb,b_cb,KNN,kNN,uncalibrated,0.04044,0.9687443,-4.525602531390832e-06,4.569289145307685e-06,71.0,-4.525570957943034e-06,4.5692575697652445e-06,71.0,0.00037315974317664286
BCb,b_cb,KNN,kNN,uncalibrated,0.04046,0.968738075,-4.06785599706001e-06,4.105631142760526e-06,71.0,-4.067830433178804e-06,4.105605577308281e-06,71.0,0.00036640921636719813
BCb,b_cb,KNN,kNN,uncalibrated,0.04048,0.96873185,-3.656046459290648e-06,3.6887101650342357e-06,71.0,-3.6560257643129872e-06,3.688689468878239e-06,71.0,0.0003598092965618427
BCb,b_cb,KNN,kNN,uncalibrated,0.0405,0.968725625,-3.2856104209791777e-06,3.313854442337668e-06,71.0,-3.285593670077862e-06,3.3138376905525468e-06,71.0,0.0003533561254024792
BCb,b_cb,KNN,kNN,uncalibrated,0.04052,0.9687194,-2.952431685019211e-06,2.976854171104701e-06,71.0,-2.9524181285041616e-06,2.9768406139267475e-06,71.0,0.00034704596517832727
BCb,b_cb,KNN,kNN,uncalibrated,0.04054,0.968713175,-2.6527984359950157e-06,2.6739165643182983e-06,71.0,-2.6527874662585686e-06,2.6739055940846293e-06,71.0,0.00034087519372691676
BCb,b_cb,KNN,kNN,uncalibrated,0.04056,0.9687069500000001,-2.383364450348214e-06,2.401625420568952e-06,71.0,-2.3833555750242093e-06,2.4016165448719924e-06,71.0,0.00033484029962521975
BCb,b_cb,KNN,kNN,uncalibrated,0.04058,0.968700725,-2.1411130220233685e-06,2.1569035023105564e-06,71.0,-2.141105842201306e-06,2.156896322208742e-06,71.0,0.0003289378776514908
BCb,b_cb,KNN,kNN,uncalibrated,0.0406,0.9686945,-1.9233251754146013e-06,1.9369794901967647e-06,71.0,-1.9233193679568816e-06,1.9369736825292028e-06,71.0,0.0003231646244997049
BCb,b_cb,KNN,kNN,uncalibrated,0.04062,0.968688275,-1.7275515455085714e-06,1.7393587901440473e-06,71.0,-1.7275468486984427e-06,1.7393540931765111e-06,71.0,0.00031751733472915023
BCb,b_cb,KNN,kNN,uncalibrated,0.04064,0.96868205,-1.55158458718952e-06,1.5617946837747045e-06,71.0,-1.5515807890939186e-06,1.561790885561026e-06,71.0,0.0003119928969338822
BCb,b_cb,KNN,kNN,uncalibrated,0.04066,0.968675825,-1.3934362337673264e-06,1.4022653314348352e-06,71.0,-1.3934331627925699e-06,1.4022622603715034e-06,71.0,0.0003065882901173106
BCb,b_cb,KNN,kNN,uncalibrated,0.04068,0.9686696,-1.2513159972570132e-06,1.2589509542903001e-06,71.0,-1.2513135144923803e-06,1.2589484714592207e-06,71.0,0.00030130058025829725
BCb,b_cb,KNN,kNN,uncalibrated,0.0407,0.968663375,-1.1236111649057897e-06,1.1302135453289242e-06,71.0,-1.1236091579161851e-06,1.1302115382894726e-06,71.0,0.00029612691705661616
BCb,b_cb,KNN,kNN,uncalibrated,0.04072,0.9686571500000001,-1.0088703612539531e-06,1.014579887614922e-06,71.0,-1.0088687390457972e-06,1.0145782653693708e-06,71.0,0.0002910645308456597
BCb,b_cb,KNN,kNN,uncalibrated,0.04074,0.968650925,-9.057863326099217e-07,9.107238069493932e-07,71.0,-9.057850215542055e-07,9.10722495865622e-07,71.0,0.0002861107296618334
BCb,b_cb,KNN,kNN,uncalibrated,0.04076,0.9686447,-8.131828623323538e-07,8.174527253176056e-07,71.0,-8.131818028585043e-07,8.174516658227084e-07,71.0,0.00028126289646080083
BCb,b_cb,KNN,kNN,uncalibrated,0.04078,0.968638475,-7.300015828353336e-07,7.336941552473646e-07,71.0,-7.300007267532029e-07,7.336932991494424e-07,71.0,0.0002765184864708568
BCb,b_cb,KNN,kNN,uncalibrated,0.0408,0.96863225,-6.552892047814814e-07,6.584825705017165e-07,71.0,-6.552885131136661e-07,6.584818788220535e-07,71.0,0.0002718750246751036
BCb,b_cb,KNN,kNN,uncalibrated,0.04082,0.9686260250000001,-5.881895198447455e-07,5.909512125460925e-07,71.0,-5.881889610675648e-07,5.909506537600223e-07,71.0,0.0002673301034142786
BCb,b_cb,KNN,kNN,uncalibrated,0.04084,0.9686198,-5.279305847592026e-07,5.303189814916654e-07,71.0,-5.279301333824534e-07,5.303185301082464e-07,71.0,0.000262881380102665
BCb,b_cb,KNN,kNN,uncalibrated,0.04086,0.968613575,-4.738195788921874e-07,4.7588517686763187e-07,71.0,-4.7381921430520794e-07,4.7588481227564753e-07,71.0,0.0002585265750504424
BCb,b_cb,KNN,kNN,uncalibrated,0.04088,0.9686073500000001,-4.2523237503975225e-07,4.2701881361518754e-07,71.0,-4.2523208058040384e-07,4.2701851915208354e-07,71.0,0.0002542634693856217
BCb,b_cb,KNN,kNN,uncalibrated,0.0409,0.9686011250000001,-3.8160822431322617e-07,3.8315327000033076e-07,71.0,-3.8160798651246773e-07,3.831530321967543e-07,71.0,0.0002500899030697477
BCb,b_cb,KNN,kNN,uncalibrated,0.04092,0.9685949,-3.4244294054638624e-07,3.437792279907721e-07,71.0,-3.424427485176281e-07,3.4377903595989926e-07,71.0,0.000246003773001932
BCb,b_cb,KNN,kNN,uncalibrated,0.04094,0.968588675,-3.0728261619748303e-07,3.0843836306479185e-07,71.0,-3.072824611427549e-07,3.0843820800847683e-07,71.0,0.00024200303120564505
BCb,b_cb,KNN,kNN,uncalibrated,0.04096,0.96858245,-2.7572015507941116e-07,2.7671977080197113e-07,71.0,-2.7572002988889224e-07,2.7671964561026134e-07,71.0,0.0002380856830937097
BCb,b_cb,KNN,kNN,uncalibrated,0.04098,0.9685762250000001,-2.4738871494372355e-07,2.4825330621452633e-07,71.0,-2.473886138728612e-07,2.4825320514277015e-07,71.0,0.00023424978580686574
BCb,b_cb,KNN,kNN,uncalibrated,0.041,0.96857,-2.219590536254504e-07,2.2270687659977785e-07,71.0,-2.2195897203301765e-07,2.2270679500667436e-07,71.0,0.0002304934466216224
BCb,b_cb,SVM,SVM (RBF),uncalibrated,0.036,0.97125,-0.0005661441752483438,0.0008034186598156483,2.0,-2.1567205163264645e-05,2.2746046807591672e-05,2.0,0.0001563208300938046
BCb,b_cb,SVM,SVM (RBF),uncalibrated,0.03602,0.9712312,-0.0005913072847681165,0.0008384945970064725,2.0,-2.2643801623072128e-05,2.3876605732953714e-05,2.0,0.0001596553491606923
BCb,b_cb,SVM,SVM (RBF),uncalibrated,0.03604,0.9712124,-0.0006174897266028976,0.0008753073565213368,2.0,-2.3786354519613592e-05,2.5077297073859755e-05,2.0,0.0001631400369800422
BCb,b_cb,SVM,SVM (RBF),uncalibrated,0.03606,0.9711936,-0.0006446966321514997,0.0009139284694482946,2.0,-2.4999099461706323e-05,2.6352772699059123e-05,2.0,0.0001667845039170563
BCb,b_cb,SVM,SVM (RBF),uncalibrated,0.03608,0.9711748,-0.0006729270723852762,0.0009544305566614816,2.0,-2.6286552091622794e-05,2.770801361356398e-05,2.0,0.0001705991797407486
BCb,b_cb,SVM,SVM (RBF),uncalibrated,0.0361,0.9711559999999999,-0.0007021730160409562,0.00099688716971015,2.0,-2.7653528513763252e-05,2.9148357118030446e-05,2.0,0.00017459540114748138
BCb,b_cb,SVM,SVM (RBF),uncalibrated,0.03612,0.9711371999999999,-0.0007324181587669194,0.0010413726280696397,2.0,-2.9105167796800255e-05,3.067952710861286e-05,2.0,0.00017878551039956058
BCb,b_cb,SVM,SVM (RBF),uncalibrated,0.03614,0.9711183999999999,-0.0007636366075462061,0.001087961857420216,2.0,-3.064695685413777e-05,3.230766801532996e-05,2.0,0.0001831829667009212
BCb,b_cb,SVM,SVM (RBF),uncalibrated,0.03616,0.9710996,-0.0007957914023231276,0.0011367302348914289,2.0,-3.2284758059189325e-05,3.403938296777049e-05,2.0,0.00018780247219776363
BCb,b_cb,SVM,SVM (RBF),uncalibrated,0.03618,0.9710808,-0.0008288328523016776,0.0011877534471328454,2.0,-3.402483998114021e-05,3.5881776853953715e-05,2.0,0.00019266011480807853
BCb,b_cb,SVM,SVM (RBF),uncalibrated,0.0362,0.971062,-0.0008626966689484,0.0012411073768682946,2.0,-3.5873911892664556e-05,3.7842505262532505e-05,2.0,0.0001977735304575747
BCb,b_cb,SVM,SVM (RBF),uncalibrated,0.03622,0.9710432,-0.0008973018617636917,0.0012968680238776014,2.0,-3.783916250787013e-05,3.992983017725218e-05,2.0,0.00020316208774441542
BCb,b_cb,SVM,SVM (RBF),uncalibrated,0.03624,0.9710244,-0.0009325483653770404,0.0013551114763233185,2.0,-3.9928303694857444e-05,4.215268366723219e-05,2.0,0.0002088470985853734
BCb,b_cb,SVM,SVM (RBF),uncalibrated,0.03626,0.9710056,-0.0009683143615911472,0.0014159139523606562,2.0,-4.21496200602142e-05,4.4520741078837e-05,2.0,0.00021485205902985587
BCb,b_cb,SVM,SVM (RBF),uncalibrated,0.03628,0.9709868,-0.0010044532415455511,0.0014793519242247734,2.0,-4.4512025172982605e-05,4.704450524030186e-05,2.0,0.00022120292518815527
BCb,b_cb,SVM,SVM (RBF),uncalibrated,0.0363,0.970968,-0.0010407901567303477,0.0015455023533624324,2.0,-4.702512566872767e-05,4.973540383103158e-05,2.0,0.0002279284301337885
BCb,b_cb,SVM,SVM (RBF),uncalibrated,0.03632,0.9709492,-0.0010771180831266043,0.001614443056041978,2.0,-4.969929432607858e-05,5.2605902127700445e-05,2.0,0.0002350604487413466
BCb,b_cb,SVM,SVM (RBF),uncalibrated,0.03634,0.9709304,-0.0011131933154451506,0.0016862532298770132,2.0,-5.254575356345195e-05,5.566963395445584e-05,2.0,0.00024263441875320858
BCb,b_cb,SVM,SVM (RBF),uncalibrated,0.03636,0.9709116,-0.0011487302847380185,0.0017610141698567133,2.0,-5.5576670844189604e-05,5.89415540297658e-05,2.0,0.00025068982798532593
BCb,b_cb,SVM,SVM (RBF),uncalibrated,0.03638,0.9708928,-0.001183395571577252,0.001838810207438671,2.0,-5.880526768702454e-05,6.243811551784723e-05,2.0,0.00025927077954793356
BCb,b_cb,SVM,SVM (RBF),uncalibrated,0.0364,0.970874,-0.0012168009582740895,0.001919729908535504,2.0,-6.224594411098836e-05,6.617747723564399e-05,2.0,0.00026842664935973053
BCb,b_cb,SVM,SVM (RBF),uncalibrated,0.03642,0.9708552,-0.001248495327706247,0.002003867567112241,2.0,-6.591442041588077e-05,7.0179745681404e-05,2.0,0.0002782128531753422
BCb,b_cb,SVM,SVM (RBF),uncalibrated,0.03644,0.9708364,-0.0012779551767481308,0.002091325035102987,2.0,-6.982789831677289e-05,7.446725797992455e-05,2.0,0.0002886917439626124
BCb,b_cb,SVM,SVM (RBF),uncalibrated,0.03646,0.9708176000000001,-0.0013045734598029538,0.0021822139282684934,2.0,-7.400524336843584e-05,7.906491278394375e-05,2.0,0.00029993366492757324
BCb,b_cb,SVM,SVM (RBF),uncalibrated,0.03648,0.9707988000000001,-0.0013276464187313448,0.0022766582488436176,2.0,-7.846719049758974e-05,8.40005573558577e-05,2.0,0.0003120181890081736
BCb,b_cb,SVM,SVM (RBF),uncalibrated,0.0365,0.9707800000000001,-0.0013463579832331503,0.002374797464290466,2.0,-8.323657412041622e-05,8.930544037002347e-05,2.0,0.00032503558252125643
BCb,b_cb,SVM,SVM (RBF),uncalibrated,0.03652,0.9707612,-0.0013597612401373793,0.0024767900781383755,2.0,-8.83385837246943e-05,9.501474148954054e-05,2.0,0.00033908853920805524
BCb,b_cb,SVM,SVM (RBF),uncalibrated,0.03654,0.9707424,-0.0013667563698325955,0.0025828177237474936,2.0,-9.380104484336904e-05,0.00010116819051738573,2.0,0.0003542942416424407
BCb,b_cb,SVM,SVM (RBF),uncalibrated,0.03656,0.9707236,-0.0013660643299540128,0.002693089802740276,2.0,-9.965472386599399e-05,0.00010781079089828562,2.0,0.0003707868204430158
BCb,b_cb,SVM,SVM (RBF),uncalibrated,0.03658,0.9707048,-0.0013561954294389004,0.0028078486766012958,2.0,-0.00010593365295227751,0.00011499366460399277,2.0,0.0003887202987368996
BCb,b_cb,SVM,SVM (RBF),uncalibrated,0.0366,0.970686,-0.001335411778002114,0.002927375400744844,2.0,-0.00011267546815887233,0.00012277503799384257,2.0,0.0004082721308832972
BCb,b_cb,SVM,SVM (RBF),uncalibrated,0.03662,0.9706679,-0.0013028234942899454,0.0030483308784031425,2.0,-0.0001197033915101981,0.00013096606461195467,2.0,0.00042900314082650276
BCb,b_cb,SVM,SVM (RBF),uncalibrated,0.03664,0.9706498,-0.001255857022489612,0.0031744465647768707,2.0,-0.00012724920317371826,0.00013985400004219554,2.0,0.00045167388738763276
BCb,b_cb,SVM,SVM (RBF),uncalibrated,0.03666,0.9706317,-0.001191975981697381,0.0033061208924649557,2.0,-0.0001353589392394062,0.00014951832823168178,2.0,0.0004765370214630228
BCb,b_cb,SVM,SVM (RBF),uncalibrated,0.03668,0.9706136000000001,-0.001108214950873862,0.0034438104080290024,2.0,-0.00014408286396872015,0.00016004997215558056,2.0,0.0005038865180216589
BCb,b_cb,SVM,SVM (RBF),uncalibrated,0.0367,0.9705955,-0.0010011021250245136,0.003588035726949276,2.0,-0.0001534755382050351,0.00017155308905118035,2.0,0.000534065718307974
BCb,b_cb,SVM,SVM (RBF),uncalibrated,0.03672,0.9705774,-0.0008665680332198503,0.0037393869868017605,2.0,-0.00016359571545188463,0.0001841471405040349,2.0,0.0005674771785729854
BCb,b_cb,SVM,SVM (RBF),uncalibrated,0.03674,0.9705593,-0.0006998381309609161,0.0038985283148931303,2.0,-0.0001745059801847829,0.00019796927475011975,2.0,0.0006045947839644901
BCb,b_cb,SVM,SVM (RBF),uncalibrated,0.03676,0.9705412,-0.0004953068781338157,0.004066200647890425,2.0,-0.0001862720111730249,0.00021317706187730175,2.0,0.0006459787155935796
BCb,b_cb,SVM,SVM (RBF),uncalibrated,0.03678,0.9705231,-0.00024639075703688975,0.004243222010879325,2.0,-0.00019896131008395135,0.00022995162542218078,2.0,0.0006922940281834584
BCb,b_cb,SVM,SVM (RBF),uncalibrated,0.0368,0.970505,5.46423883765329e-05,0.00443048407073249,2.0,-0.00021264117902239984,0.0002485012156658754,2.0,0.0007443338184629331
BCb,b_cb,SVM,SVM (RBF),uncalibrated,0.03682,0.9704869,0.0004168702431182839,0.00462894341271328,2.0,-0.00022737565556004945,0.0002690652700217505,2.0,0.0008030482587548354
BCb,b_cb,SVM,SVM (RBF),uncalibrated,0.03684,0.9704688,0.0008509414019463295,0.004839605538620914,2.0,-0.00024322101464448637,0.0002919190032191367,2.0,0.0008695811607810925
BCb,b_cb,SVM,SVM (RBF),uncalibrated,0.03686,0.9704507,0.0013693308712133447,0.005063499040869597,2.0,-0.0002602193165353667,0.00031737856303060315,2.0,0.0009453162554088769
BCb,b_cb,SVM,SVM (RBF),uncalibrated,0.03688,0.9704326,0.0019866261979233045,0.005301636764795758,2.0,-0.00027838930991231823,0.00034580677396425915,2.0,0.001031936071399664
BCb,b_cb,SVM,SVM (RBF),uncalibrated,0.0369,0.9704145,0.0027198429038041774,0.005554960033746257,2.0,-0.0002977137790281244,0.00037761946871353846,2.0,0.001131497234169136
BCb,b_cb,SVM,SVM (RBF),uncalibrated,0.03692,0.9703963999999999,0.0035887651052911133,0.005824261192535952,2.0,-0.0003181221409306764,0.00041329237122049103,2.0,0.0012465272725512404
BCb,b_cb,SVM,SVM (RBF),uncalibrated,0.03694,0.9703783,0.0046163031115707374,0.006110078856530219,2.0,-0.00033946673951385984,0.00045336844050031537,2.0,0.0013801497399112406
BCb,b_cb,SVM,SVM (RBF),uncalibrated,0.03696,0.9703602,0.005828854042601292,0.006412559393419705,2.0,-0.0003614908329914165,0.0004984655035722643,2.0,0.0015362467953109178
BCb,b_cb,SVM,SVM (RBF),uncalibrated,0.03698,0.9703421,0.0080829527119682,0.006872406599060899,16.0,-0.00038378571689407176,0.000549283889224212,2.0,0.0017196715861089265
BCb,b_cb,SVM,SVM (RBF),uncalibrated,0.037,0.970324,0.009532841568901003,0.007397525632441255,16.0,-0.000405733756637011,0.0006066136092108343,2.0,0.0019365271518468898
BCb,b_cb,SVM,SVM (RBF),uncalibrated,0.03702,0.97030885,0.010889904387304979,0.007893842221471804,15.0,-0.0004239734779294738,0.0006628689281607569,2.0,0.0021602696139150133
BCb,b_cb,SVM,SVM (RBF),uncalibrated,0.03704,0.9702936999999999,0.012543519917159063,0.008427840071636513,15.0,-0.0004404255106120066,0.0007254620775294237,2.0,0.0024221483475655053
BCb,b_cb,SVM,SVM (RBF),uncalibrated,0.03706,0.97027855,0.014446006830134916,0.008973240060461136,15.0,-0.0004539605067436313,0.0007951119564211607,2.0,0.002730248918475682
BCb,b_cb,SVM,SVM (RBF),uncalibrated,0.03708,0.9702634,0.016629816286365,0.009522464857883085,15.0,-0.00046308075725626967,0.0008725949656488602,2.0,0.0030946534936711787
BCb,b_cb,SVM,SVM (RBF),uncalibrated,0.0371,0.9702482499999999,0.01912947958244596,0.01006574094997168,15.0,-0.0004658217037808584,0.0009587396953059477,2.0,0.003527992055978021
BCb,b_cb,SVM,SVM (RBF),uncalibrated,0.03712,0.9702331,0.02125803907285292,0.010804131672226179,5.0,-0.00045963186605518075,0.0010544169064010877,2.0,0.004046158191879367
BCb,b_cb,SVM,SVM (RBF),uncalibrated,0.03714,0.97021795,0.024307997498988418,0.011592025437748472,5.0,-0.0004412282477377822,0.0011605230930259085,2.0,0.004669240808494743
BCb,b_cb,SVM,SVM (RBF),uncalibrated,0.03716,0.9702028,0.02779128721360709,0.012351120927473884,5.0,-0.0004064247361293394,0.001277955449224747,2.0,0.005422739134212399
BCb,b_cb,SVM,SVM (RBF),uncalibrated,0.03718,0.97018765,0.03175116674783293,0.013052143551795903,5.0,-0.0003499320090074101,0.001407575521551441,2.0,0.006339148917246599
BCb,b_cb,SVM,SVM (RBF),uncalibrated,0.0372,0.9701725,0.036227617551440494,0.013660549793353497,5.0,-0.0002651292418503014,0.0015501582115664372,2.0,0.007460033745073872
BCb,b_cb,SVM,SVM (RBF),uncalibrated,0.03722,0.97015735,0.04125455701295372,0.014137081070735772,5.0,-0.0001438107596994755,0.0017063221260461702,2.0,0.008838727573605048
BCb,b_cb,SVM,SVM (RBF),uncalibrated,0.03724,0.9701422,0.04685665774626721,0.014438923498976713,5.0,2.408497403826905e-05,0.001876436606507881,2.0,0.010543853027256472
BCb,b_cb,SVM,SVM (RBF),uncalibrated,0.03726,0.97012705,0.05304593196649767,0.014521665936202289,5.0,0.00025075066503013697,0.0020605001946797036,2.0,0.01266388371949465
BCb,b_cb,SVM,SVM (RBF),uncalibrated,0.03728,0.9701119,0.05981831112329271,0.014342328427839958,5.0,0.0005507684573067472,0.002257984957512722,2.0,0.01531302425761929
BCb,b_cb,SVM,SVM (RBF),uncalibrated,0.0373,0.9700967500000001,0.06518843406867673,0.014231199513527573,12.0,0.0009413197761683981,0.002467641239813669,2.0,0.018638720984056886
BCb,b_cb,SVM,SVM (RBF),uncalibrated,0.03732,0.9700816,0.07207630876547506,0.014655067179711967,12.0,0.0014423034634910058,0.002687258384389382,2.0,0.022831135033105476
BCb,b_cb,SVM,SVM (RBF),uncalibrated,0.03734,0.97006645,0.07943768292698909,0.014899404465458186,12.0,0.0020763060068818987,0.0029133792526332618,2.0,0.02813488101381523
BCb,b_cb,SVM,SVM (RBF),uncalibrated,0.03736,0.9700513000000001,0.08753774389523278,0.014991772199550495,11.0,0.0028683553819141977,0.0031409706532979065,2.0,0.034863217333164755
BCb,b_cb,SVM,SVM (RBF),uncalibrated,0.03738,0.97003615,0.09562568587251875,0.015266290972918697,11.0,0.003845381163871847,0.003363058867087343,2.0,0.043414603394756245
BCb,b_cb,SVM,SVM (RBF),uncalibrated,0.0374,0.970021,0.10395872732000853,0.015469958197680088,11.0,0.005035302222660225,0.003570350266632279,2.0,0.0542910228576309
BCb,b_cb,SVM,SVM (RBF),uncalibrated,0.03742,0.9700083500000001,0.11141167971482314,0.015626838805637283,11.0,0.0062808161462650745,0.003731314581784156,2.0,0.06628884200533582
BCb,b_cb,SVM,SVM (RBF),uncalibrated,0.03744,0.9699957,0.11888354975040383,0.015801315744961443,11.0,0.007730271097466799,0.0038615556784041584,2.0,0.08108654983500742
BCb,b_cb,SVM,SVM (RBF),uncalibrated,0.03746,0.9699830500000001,0.1315125072080109,0.016177014052807324,8.0,0.009398697008180922,0.003949148556500536,2.0,0.09928713917019547
BCb,b_cb,SVM,SVM (RBF),uncalibrated,0.03748,0.9699704,0.1382535183615042,0.018140840627324562,8.0,0.011297254873819667,0.003980345078012615,2.0,0.12158064831635672
BCb,b_cb,SVM,SVM (RBF),uncalibrated,0.0375,0.9699577500000001,0.14461869645925654,0.0201564327825745,8.0,0.012985833675156676,0.00408939942590324,15.0,0.14873218133773633
BCb,b_cb,SVM,SVM (RBF),uncalibrated,0.03752,0.9699451,0.1505264934452809,0.022147581352601496,8.0,0.015184123914787384,0.0042324092172570955,15.0,0.18155382341013382
BCb,b_cb,SVM,SVM (RBF),uncalibrated,0.03754,0.9699324500000001,0.1559013557344952,0.02404331951732422,8.0,0.01761006383048508,0.0043679357695251865,15.0,0.22085395621435658
BCb,b_cb,SVM,SVM (RBF),uncalibrated,0.03756,0.9699198,0.16067555320129484,0.025778563509324663,8.0,0.020255761432050545,0.004506035911845199,15.0,0.26735722678399226
BCb,b_cb,SVM,SVM (RBF),uncalibrated,0.03758,0.9699071499999999,0.164790688754899,0.027295053321722582,8.0,0.023106137166779235,0.004659873341453695,15.0,0.32158986045904486
BCb,b_cb,SVM,SVM (RBF),uncalibrated,0.0376,0.9698945,0.17626570238852796,0.029710898396605817,2.0,0.026138643192940236,0.004843912349859287,15.0,0.38372939945201756
BCb,b_cb,SVM,SVM (RBF),uncalibrated,0.03762,0.96988185,0.17770543802453131,0.03241782220399394,2.0,0.029323338496421835,0.0050710477282783235,15.0,0.4534266346865098
BCb,b_cb,SVM,SVM (RBF),uncalibrated,0.03764,0.9698692,0.17827305720370396,0.034721654558469775,2.0,0.03262333691623159,0.005349346599513263,15.0,0.5296210954048047
BCb,b_cb,SVM,SVM (RBF),uncalibrated,0.03766,0.96985655,0.17800698062387144,0.03654062000738442,2.0,0.03599561537177297,0.005679518609386767,15.0,0.6103884135688712
BCb,b_cb,SVM,SVM (RBF),uncalibrated,0.03768,0.9698439,0.1769601687930163,0.03780818276431924,2.0,0.03898485238614321,0.00607152144228495,18.0,0.6928728405512047
BCb,b_cb,SVM,SVM (RBF),uncalibrated,0.0377,0.96983125,0.1751955723702602,0.03847767718888742,2.0,0.042705653375087124,0.006756331326935751,4.0,0.7733617091240754
BCb,b_cb,SVM,SVM (RBF),uncalibrated,0.03772,0.9698186,0.17278131321034718,0.038525828957325106,2.0,0.045876956916887965,0.007472383906085923,4.0,0.8475403100621043
BCb,b_cb,SVM,SVM (RBF),uncalibrated,0.03774,0.9698059499999999,0.1697861261552272,0.037954732610398056,2.0,0.048907104472272096,0.008108784254360443,4.0,0.9109215619176733
BCb,b_cb,SVM,SVM (RBF),uncalibrated,0.03776,0.9697933,0.16627556081728367,0.036791980630334634,2.0,0.05146928063642485,0.008689501954886075,5.0,0.9593855233953249
BCb,b_cb,SVM,SVM (RBF),uncalibrated,0.03778,0.9697806499999999,0.16230932376831114,0.035088837542790366,2.0,0.05399894148750439,0.009323357716727838,5.0,0.989714699308653
BCb,b_cb,SVM,SVM (RBF),uncalibrated,0.0378,0.969768,0.15793995161725954,0.03291659366167729,2.0,0.056266522027311874,0.009814753959412866,5.0,1.0
BCb,b_cb,SVM,SVM (RBF),uncalibrated,0.03782,0.96975745,0.15377096500538803,0.030670533125347545,2.0,0.058031991719193404,0.010124040044378588,5.0,0.9919858463389287
BCb,b_cb,SVM,SVM (RBF),uncalibrated,0.03784,0.9697469,0.14934804444240113,0.02818925724503453,2.0,0.059545604255672624,0.010315316107190955,5.0,0.968533387036663
BCb,b_cb,SVM,SVM (RBF),uncalibrated,0.03786,0.96973635,0.14469571596021505,0.02554093384441155,2.0,0.060789721726281026,0.010395393618509309,5.0,0.931086852331718
BCb,b_cb,SVM,SVM (RBF),uncalibrated,0.03788,0.9697258,0.13983670589408134,0.022792677620575068,2.0,0.06174999181198565,0.01037579672568567,5.0,0.8816849446668497
BCb,b_cb,SVM,SVM (RBF),uncalibrated,0.0379,0.9697152499999999,0.13649602740255717,0.02022626435353067,5.0,0.062415812690796796,0.010271301333475636,5.0,0.8227595402877027
BCb,b_cb,SVM,SVM (RBF),uncalibrated,0.03792,0.9697047,0.13098113505851625,0.018766581483278897,4.0,0.0627807170796586,0.01009825615456539,5.0,0.7569416221005091
BCb,b_cb,SVM,SVM (RBF),uncalibrated,0.03794,0.9696941499999999,0.12520159546339513,0.01798304443401909,4.0,0.06284262240172844,0.009872815900849166,5.0,0.6868889523677042
BCb,b_cb,SVM,SVM (RBF),uncalibrated,0.03796,0.9696836,0.11932063835536709,0.017270446006797575,4.0,0.06260391008862831,0.009609270913790689,5.0,0.6151398657433246
BCb,b_cb,SVM,SVM (RBF),uncalibrated,0.03798,0.9696730499999999,0.11338376625474914,0.016596885664593913,4.0,0.062071318044599616,0.009318701805596304,5.0,0.5439927790096228
BCb,b_cb,SVM,SVM (RBF),uncalibrated,0.038,0.9696625,0.10743351819549916,0.01593362289989526,4.0,0.06125565267667507,0.009008191801241506,5.0,0.47541124847268074
BCb,b_cb,SVM,SVM (RBF),uncalibrated,0.03802,0.96965195,0.10150883090434419,0.015258257718118772,4.0,0.06017134735393859,0.008680765672353714,5.0,0.41095705339018207
BCb,b_cb,SVM,SVM (RBF),uncalibrated,0.03804,0.9696414,0.09564458211517199,0.014556401463549912,4.0,0.05838636142658374,0.008471401655091757,4.0,0.35175559447802573
BCb,b_cb,SVM,SVM (RBF),uncalibrated,0.03806,0.96963085,0.08987133357584606,0.013822116301912912,4.0,0.05670518804670853,0.008332853508926747,4.0,0.29849669508926296
BCb,b_cb,SVM,SVM (RBF),uncalibrated,0.03808,0.9696203,0.0842152768198789,0.013057494164468147,4.0,0.054832272255767533,0.008132029752169596,4.0,0.25146961268132406
BCb,b_cb,SVM,SVM (RBF),uncalibrated,0.0381,0.9696097499999999,0.07869837049584602,0.012271692244234312,4.0,0.05279424915066526,0.007862624567880066,4.0,0.21062555191614293
BCb,b_cb,SVM,SVM (RBF),uncalibrated,0.03812,0.9695992,0.07333864431008666,0.01147963041995777,4.0,0.0506172975835191,0.007524853447461506,4.0,0.1756567002152921
BCb,b_cb,SVM,SVM (RBF),uncalibrated,0.03814,0.9695886499999999,0.06870415009562897,0.010875017701257133,18.0,0.048326706429697885,0.007125399152609392,4.0,0.14607944882567966
BCb,b_cb,SVM,SVM (RBF),uncalibrated,0.03816,0.9695781,0.0634329274869295,0.010722417585657649,18.0,0.04594663148746067,0.006676969363791692,4.0,0.12131115326342223
BCb,b_cb,SVM,SVM (RBF),uncalibrated,0.03818,0.96956755,0.05836258832525809,0.010545424636462308,18.0,0.04320743582731425,0.006218527853284545,30.0,0.1007334186909627
BCb,b_cb,SVM,SVM (RBF),uncalibrated,0.0382,0.969557,0.05350584179860903,0.010352960948988509,18.0,0.040679999885157,0.006085810265253879,30.0,0.08373895726887279
BCb,b_cb,SVM,SVM (RBF),uncalibrated,0.03822,0.96954805,0.049314532745263095,0.010173890422402661,18.0,0.03839612193174365,0.0059152231799682944,30.0,0.0709988851712852
BCb,b_cb,SVM,SVM (RBF),uncalibrated,0.03824,0.9695391,0.04531112256893356,0.009995457264739325,18.0,0.03454550559551997,0.005818494341463173,27.0,0.06034469006319879
BCb,b_cb,SVM,SVM (RBF),uncalibrated,0.03826,0.96953015,0.04150010958367334,0.009822077523208171,18.0,0.03213907467453603,0.005841922227911362,27.0,0.05144460275959754
BCb,b_cb,SVM,SVM (RBF),uncalibrated,0.03828,0.9695212,0.037884659123972465,0.009656434563412428,18.0,0.02979005056930232,0.005832983182875341,27.0,0.04401105840318654
BCb,b_cb,SVM,SVM (RBF),uncalibrated,0.0383,0.96951225,0.03446667811385657,0.00949940140435754,18.0,0.0275135366923002,0.005793971133374806,27.0,0.03779842834440298
BCb,b_cb,SVM,SVM (RBF),uncalibrated,0.03832,0.9695033,0.031246871929661246,0.009350198563163797,18.0,0.025322378975035774,0.0057277131701442795,27.0,0.032599275594416714
BCb,b_cb,SVM,SVM (RBF),uncalibrated,0.03834,0.96949435,0.028224787211016733,0.009206733200042623,18.0,0.023227137936287508,0.005637219165122708,27.0,0.028239937760063224
BCb,b_cb,SVM,SVM (RBF),uncalibrated,0.03836,0.9694853999999999,0.025398846365605028,0.009066043664310701,18.0,0.021236115758365287,0.005525439168416729,27.0,0.024575978424905442
BCb,b_cb,SVM,SVM (RBF),uncalibrated,0.03838,0.9694764499999999,0.0227663806096994,0.00892476923871491,18.0,0.0193554313973262,0.0053951219178022996,27.0,0.0214878413777619
BCb,b_cb,SVM,SVM (RBF),uncalibrated,0.0384,0.9694675,0.020323668406446293,0.008779577136551382,18.0,0.01898451008743908,0.005290791259095453,18.0,0.018876891506139117
BCb,b_cb,SVM,SVM (RBF),uncalibrated,0.03842,0.96945855,0.01806598520286462,0.008627501421938945,18.0,0.01713868135668915,0.005330686142579668,18.0,0.016661923397319194
BCb,b_cb,SVM,SVM (RBF),uncalibrated,0.03844,0.9694496,0.015987668662007626,0.008466173549223313,18.0,0.015401938678560791,0.005363614263726606,18.0,0.01477615309049539
BCb,b_cb,SVM,SVM (RBF),uncalibrated,0.03846,0.96944065,0.014218452032756543,0.008322857615082752,21.0,0.01377674768968872,0.005384907583407129,18.0,0.013164669794051623
BCb,b_cb,SVM,SVM (RBF),uncalibrated,0.03848,0.9694317,0.012435755433465584,0.008178303142462158,21.0,0.012393973327143431,0.005407083899696436,22.0,0.01178230421404042
BCb,b_cb,SVM,SVM (RBF),uncalibrated,0.0385,0.96942275,0.010815274690625563,0.008013050637088202,21.0,0.010963408518850689,0.005416383322267794,22.0,0.010591861918684976
BCb,b_cb,SVM,SVM (RBF),uncalibrated,0.03852,0.9694138,0.009348608963520782,0.007828916563662464,21.0,0.009629916331931623,0.00541322192534199,21.0,0.009562669211511958
BCb,b_cb,SVM,SVM (RBF),uncalibrated,0.03854,0.96940485,0.008026850698713778,0.007628087508777015,21.0,0.00842025584184157,0.0053853921515345776,21.0,0.008669382107827896
BCb,b_cb,SVM,SVM (RBF),uncalibrated,0.03856,0.9693959,0.006840752909747699,0.007412979252970702,21.0,0.007317718390310257,0.0053343984898250076,21.0,0.007891014127397261
BCb,b_cb,SVM,SVM (RBF),uncalibrated,0.03858,0.96938695,0.005780889954212495,0.007186115689942729,21.0,0.0063177547113049265,0.00526233691041862,21.0,0.0072101444440792264
BCb,b_cb,SVM,SVM (RBF),uncalibrated,0.0386,0.969378,0.00483780665737291,0.006950028869209116,21.0,0.005415144803515879,0.005171561199423591,21.0,0.0066122737223430015
BCb,b_cb,SVM,SVM (RBF),uncalibrated,0.03862,0.9693706,0.004084923449918551,0.006732857300729148,21.0,0.00468493948148194,0.005076475333310474,21.0,0.006136812343073591
BCb,b_cb,SVM,SVM (RBF),uncalibrated,0.03864,0.9693632,0.0034116552748794174,0.0065119091637246725,21.0,0.004023960448895657,0.004970131805392594,21.0,0.005710847980960029
BCb,b_cb,SVM,SVM (RBF),uncalibrated,0.03866,0.9693558,0.002811623290051697,0.006288760790826593,21.0,0.003427770824943433,0.0048542959850511784,21.0,0.005328106527783702
BCb,b_cb,SVM,SVM (RBF),uncalibrated,0.03868,0.9693484,0.0022891195906302895,0.006068683257587086,22.0,0.0028918974390592794,0.004730662504320258,21.0,0.00498321215325415
BCb,b_cb,SVM,SVM (RBF),uncalibrated,0.0387,0.969341,0.0018148567364646645,0.005849232162418197,22.0,0.002423095994507486,0.00460180639806685,22.0,0.004671547235562124
BCb,b_cb,SVM,SVM (RBF),uncalibrated,0.03872,0.9693336,0.0013962490538902564,0.00563123164138073,22.0,0.0019924104865572927,0.004470605074121159,22.0,0.004389135498216952
BCb,b_cb,SVM,SVM (RBF),uncalibrated,0.03874,0.9693262,0.0010491721480828517,0.005420178589305539,23.0,0.0016089601513883424,0.00433584750445909,22.0,0.004132544353858144
BCb,b_cb,SVM,SVM (RBF),uncalibrated,0.03876,0.9693188,0.0007210650844494096,0.005212205591396104,23.0,0.0012870865423112651,0.00420259405910269,23.0,0.0038988031571142875
BCb,b_cb,SVM,SVM (RBF),uncalibrated,0.03878,0.9693114,0.00043460542100627955,0.005007717787627983,23.0,0.0009816206438347137,0.004067633535205132,23.0,0.0036853346483106185
BCb,b_cb,SVM,SVM (RBF),uncalibrated,0.0388,0.9693039999999999,0.00018560172030810708,0.004807389194633478,23.0,0.0007123591413554214,0.003931879677352433,23.0,0.003489897347764067
BCb,b_cb,SVM,SVM (RBF),uncalibrated,0.03882,0.9692966,-2.9818431998944895e-05,0.004611784154425427,23.0,0.0004759086237864033,0.0037962021794119894,23.0,0.0033105370537382505
BCb,b_cb,SVM,SVM (RBF),uncalibrated,0.03884,0.9692892,-0.0002152165961567822,0.004421364320800669,23.0,0.00026909537536407187,0.00366136173118246,23.0,0.003145545920416168
BCb,b_cb,SVM,SVM (RBF),uncalibrated,0.03886,0.9692818,-0.00037385466734415635,0.004236496593696845,23.0,8.896817459799235e-05,0.0035280150590171516,23.0,0.0029934278579205375
BCb,b_cb,SVM,SVM (RBF),uncalibrated,0.03888,0.9692744,-0.0005087083605278811,0.004057461580862632,23.0,-6.720296869668768e-05,0.00339672129527204,23.0,0.0028528692145324184
BCb,b_cb,SVM,SVM (RBF),uncalibrated,0.0389,0.969267,-0.0006224823450483473,0.0038844622506455017,23.0,-0.0002019313421302944,0.0032679491943349926,23.0,0.0027227138805392733
BCb,b_cb,SVM,SVM (RBF),uncalibrated,0.03892,0.9692596,-0.0007176264655707144,0.003717632514633355,23.0,-0.0003175206064487206,0.0031420848082416714,23.0,0.0026019421004697166
BCb,b_cb,SVM,SVM (RBF),uncalibrated,0.03894,0.9692522,-0.0007963525689259139,0.0035570455439246154,23.0,-0.00041607378321220417,0.0030194393185338513,23.0,0.0024896524016750406
BCb,b_cb,SVM,SVM (RBF),uncalibrated,0.03896,0.9692448,-0.0008606515363987312,0.003402721677694462,23.0,-0.0004995036048718255,0.002900256792689727,23.0,0.0023850461470152112
BCb,b_cb,SVM,SVM (RBF),uncalibrated,0.03898,0.9692374,-0.0009123101955012772,0.003254635828228112,23.0,-0.0005695437606721915,0.002784721693839758,23.0,0.002287414301676695
BCb,b_cb,SVM,SVM (RBF),uncalibrated,0.039,0.96923,-0.0009529278527207819,0.0031127243233500207,23.0,-0.0006277606497368557,0.0026729660222686844,23.0,0.002196126072055642
BCb,b_cb,SVM,SVM (RBF),uncalibrated,0.03902,0.96922275,-0.0009836058424205112,0.0029783853555266407,23.0,-0.0006750560359883606,0.002566266852504626,23.0,0.0021114902591880054
BCb,b_cb,SVM,SVM (RBF),uncalibrated,0.03904,0.9692155,-0.001006117761108539,0.0028498698058769018,23.0,-0.0007134002620465892,0.0024633918408957962,23.0,0.002032020135972979
BCb,b_cb,SVM,SVM (RBF),uncalibrated,0.03906,0.96920825,-0.0010215574877501543,0.002727038575425211,23.0,-0.0007438931493339326,0.002364353884297583,23.0,0.001957280511268437
BCb,b_cb,SVM,SVM (RBF),uncalibrated,0.03908,0.969201,-0.0010308958928630695,0.0026097360908577012,23.0,-0.0007675189847765082,0.002269138282053788,23.0,0.0018868807005085685
BCb,b_cb,SVM,SVM (RBF),uncalibrated,0.0391,0.96919375,-0.0010349927674730068,0.002497794055981624,23.0,-0.00078515664940046,0.0021777071249264716,23.0,0.0018204693364529036
BCb,b_cb,SVM,SVM (RBF),uncalibrated,0.03912,0.9691865000000001,-0.0010346078806838964,0.0023910347331194868,23.0,-0.0007975891994242649,0.0020900032189926443,23.0,0.0017577298506952555
BCb,b_cb,SVM,SVM (RBF),uncalibrated,0.03914,0.96917925,-0.0010304111745075913,0.0022892737904903677,23.0,-0.0008055128573528246,0.002005953569137831,23.0,0.0016983765315043175
BCb,b_cb,SVM,SVM (RBF),uncalibrated,0.03916,0.969172,-0.00102299211813824,0.002192322753008329,23.0,-0.0008095453912664308,0.001925472451028775,23.0,0.0016421510778482638
BCb,b_cb,SVM,SVM (RBF),uncalibrated,0.03918,0.96916475,-0.0010128682543206267,0.0020999910938021516,23.0,-0.0008102338772964872,0.0018484641026750791,23.0,0.0015888195814209999
BCb,b_cb,SVM,SVM (RBF),uncalibrated,0.0392,0.9691575,-0.0010004929770721157,0.0020120880029134403,23.0,-0.0008080618524790254,0.0017748250677032907,23.0,0.0015381698785847952
BCb,b_cb,SVM,SVM (RBF),uncalibrated,0.03922,0.96915025,-0.0009862625852819986,0.001928423867950238,23.0,-0.0008034558752855522,0.0017044462222861971,23.0,0.0014900092226286452
BCb,b_cb,SVM,SVM (RBF),uncalibrated,0.03924,0.969143,-0.0009705226592478149,0.001848811499647622,23.0,-0.0007967915178760351,0.0016372145169912208,23.0,0.001444162233917733
BCb,b_cb,SVM,SVM (RBF),uncalibrated,0.03926,0.96913575,-0.0009156047222171921,0.0017785287503287732,71.0,-0.0007883988187851773,0.0015730144630849588,23.0,0.001400469091575699
BCb,b_cb,SVM,SVM (RBF),uncalibrated,0.03928,0.9691285,-0.0009061991266584478,0.001712106684901504,71.0,-0.0007447264487115137,0.0015164737545232765,71.0,0.0013587839354830126
BCb,b_cb,SVM,SVM (RBF),uncalibrated,0.0393,0.9691212499999999,-0.0008953960528856448,0.001648703329314958,71.0,-0.0007411151271729372,0.0014628766014916058,71.0,0.001318973451739275
BCb,b_cb,SVM,SVM (RBF),uncalibrated,0.03932,0.969114,-0.0008834370830535012,0.0015881866849210874,71.0,-0.0007359694911414603,0.0014115479581659548,71.0,0.0012809156184502815
BCb,b_cb,SVM,SVM (RBF),uncalibrated,0.03934,0.96910675,-0.0008705334288989615,0.0015304276148700887,71.0,-0.0007295200269968553,0.0013624027909184143,71.0,0.001244498591861739
BCb,b_cb,SVM,SVM (RBF),uncalibrated,0.03936,0.9690995,-0.0008568693844781406,0.0014753003070499958,71.0,-0.0007219697859105045,0.0013153560531057376,71.0,0.0012096197155673882
BCb,b_cb,SVM,SVM (RBF),uncalibrated,0.03938,0.96909225,-0.0008426054168429764,0.0014226826317283773,71.0,-0.0007134973833938776,0.0012703232954951636,71.0,0.0011761846378185049
BCb,b_cb,SVM,SVM (RBF),uncalibrated,0.0394,0.969085,-0.0008278809277742254,0.0013724564087536932,71.0,-0.0007042596967408252,0.0012272211688846566,71.0,0.001144106523949192
BCb,b_cb,SVM,SVM (RBF),uncalibrated,0.03942,0.9690784,-0.0008135167955857826,0.0013268122993456233,71.0,-0.0006948462543429454,0.0011879513392367396,71.0,0.0011145402529627165
BCb,b_cb,SVM,SVM (RBF),uncalibrated,0.03944,0.9690717999999999,-0.0007989405735341964,0.0012831330396343905,71.0,-0.0006849739256980952,0.001150284618613797,71.0,0.00108606706788369
BCb,b_cb,SVM,SVM (RBF),uncalibrated,0.03946,0.9690652,-0.0007842301157668263,0.001241327753713163,71.0,-0.0006747337560537291,0.0011141539183859887,71.0,0.0010586282220749433
BCb,b_cb,SVM,SVM (RBF),uncalibrated,0.03948,0.9690586,-0.0007694527717619956,0.0012013091191379634,71.0,-0.0006642056687244964,0.0010794940035382496,71.0,0.0010321691691995423
BCb,b_cb,SVM,SVM (RBF),uncalibrated,0.0395,0.9690519999999999,-0.0007546666009682198,0.0011629933591779018,71.0,-0.0006534596856645683,0.0010462416109032085,71.0,0.0010066392059737404
BCb,b_cb,SVM,SVM (RBF),uncalibrated,0.03952,0.9690454,-0.0007399214560026194,0.0011263002110436038,71.0,-0.0006425570216326977,0.0010143355341943891,71.0,0.0009819911491092254
BCb,b_cb,SVM,SVM (RBF),uncalibrated,0.03954,0.9690388,-0.0007249310491768289,0.0010911714127236766,70.0,-0.0006315510646400192,0.0009837166807420098,71.0,0.0009581810428314351
BCb,b_cb,SVM,SVM (RBF),uncalibrated,0.03956,0.9690322,-0.000710605359274352,0.0010576931822458319,70.0,-0.0006202731578242389,0.0009544218334292951,70.0,0.0009351678937823224
BCb,b_cb,SVM,SVM (RBF),uncalibrated,0.03958,0.9690255999999999,-0.0006964127370469691,0.0010256007448196046,70.0,-0.0006093798020309264,0.0009263777028414057,70.0,0.0009129134304745822
BCb,b_cb,SVM,SVM (RBF),uncalibrated,0.0396,0.969019,-0.0006823799306632816,0.0009948282885837495,70.0,-0.000598489834441195,0.000899442380209708,70.0,0.000891381884788969
BCb,b_cb,SVM,SVM (RBF),uncalibrated,0.03962,0.9690124,-0.0006685293006240975,0.0009653130698367741,70.0,-0.000587634116387919,0.0008735662401625128,70.0,0.000870539793282593
BCb,b_cb,SVM,SVM (RBF),uncalibrated,0.03964,0.9690057999999999,-0.0006548793570137921,0.0009369953117978098,70.0,-0.0005768391867147769,0.0008487017166812736,70.0,0.0008503558163281125
BCb,b_cb,SVM,SVM (RBF),uncalibrated,0.03966,0.9689992,-0.0006414452363389025,0.0009098180994447316,70.0,-0.0005661277605839333,0.000824803264928008,70.0,0.0008308005733164899
BCb,b_cb,SVM,SVM (RBF),uncalibrated,0.03968,0.9689926,-0.0006282391243624542,0.0008837272720795407,70.0,-0.0005555191741996783,0.0008018273156988593,70.0,0.0008118464923477027
BCb,b_cb,SVM,SVM (RBF),uncalibrated,0.0397,0.968986,-0.0006152706302547945,0.0008586713143802798,70.0,-0.0005450297805961663,0.0007797322236831188,70.0,0.0007934676730063071
BCb,b_cb,SVM,SVM (RBF),uncalibrated,0.03972,0.9689793999999999,-0.0006015460455783971,0.0008349236703107765,74.0,-0.0005346733026030327,0.000758478211539678,70.0,0.0007756397609632765
BCb,b_cb,SVM,SVM (RBF),uncalibrated,0.03974,0.9689728,-0.0005897526420195044,0.000812400286209639,74.0,-0.0005237855972756212,0.0007385497439802496,74.0,0.0007583398332811747
BCb,b_cb,SVM,SVM (RBF),uncalibrated,0.03976,0.9689662,-0.0005781729927740185,0.0007907353217991836,74.0,-0.0005143269456928181,0.0007194000410831109,74.0,0.0007415462934133411
BCb,b_cb,SVM,SVM (RBF),uncalibrated,0.03978,0.9689595999999999,-0.0005668110213416842,0.0007698882729340168,74.0,-0.0005049943379967781,0.0007009507871631544,74.0,0.0007252387749955518
BCb,b_cb,SVM,SVM (RBF),uncalibrated,0.0398,0.968953,-0.0005556693404890592,0.0007498207042748798,74.0,-0.0004957951883005258,0.0006831703216075311,74.0,0.0007093980536174287
BCb,b_cb,SVM,SVM (RBF),uncalibrated,0.03982,0.9689462999999999,-0.0005446653143586119,0.0007303443750742035,74.0,-0.00048666594349196235,0.0006658939032165779,74.0,0.0006939208438625419
BCb,b_cb,SVM,SVM (RBF),uncalibrated,0.03984,0.9689396,-0.000533886759082712,0.0007115874248038401,74.0,-0.0004776829215760311,0.0006492368832284152,74.0,0.0006788811845760312
BCb,b_cb,SVM,SVM (RBF),uncalibrated,0.03986,0.9689329,-0.0005233333474185657,0.0006935162746051933,74.0,-0.00046884990508755603,0.0006331713395178239,74.0,0.0006642624252392354
BCb,b_cb,SVM,SVM (RBF),uncalibrated,0.03988,0.9689262,-0.0005130040143540345,0.0006760990888356886,74.0,-0.0004601697001313452,0.000617670724380724,74.0,0.0006500487985973606
BCb,b_cb,SVM,SVM (RBF),uncalibrated,0.0399,0.9689194999999999,-0.000502897068345231,0.000659305685517723,74.0,-0.0004516442618693675,0.0006027098013389419,74.0,0.0006362253604233835
BCb,b_cb,SVM,SVM (RBF),uncalibrated,0.03992,0.9689128,-0.0004930102891421621,0.0006431074506664445,74.0,-0.0004432748058108919,0.0005882645838121838,74.0,0.0006227779340462816
BCb,b_cb,SVM,SVM (RBF),uncalibrated,0.03994,0.9689061,-0.00048334101313324485,0.0006274772558921336,74.0,-0.000435061905907899,0.0005743122752573373,74.0,0.0006096930592268996
BCb,b_cb,SVM,SVM (RBF),uncalibrated,0.03996,0.9688994,-0.00047388620852297663,0.0006123893802357345,74.0,-0.0004270055817197499,0.0005608312117996881,74.0,0.0005969579450066736
BCb,b_cb,SVM,SVM (RBF),uncalibrated,0.03998,0.9688926999999999,-0.000464642540636691,0.0005978194350937984,74.0,-0.00041910537505076304,0.0005478008064319444,74.0,0.0005845604261868662
BCb,b_cb,SVM,SVM (RBF),uncalibrated,0.04,0.9688859999999999,-0.000455606429457757,0.0005837442933759141,74.0,-0.00041136041810678026,0.000535201495950532,74.0,0.0005724889231307527
BCb,b_cb,SVM,SVM (RBF),uncalibrated,0.04002,0.9688793,-0.0004467740988315441,0.0005701420210580851,74.0,-0.00040376949276498333,0.0005230146890420519,74.0,0.0005607324046079874
BCb,b_cb,SVM,SVM (RBF),uncalibrated,0.04004,0.9688726,-0.0004381416203360544,0.0005569918133482396,74.0,-0.0003963310838136987,0.0005112227176597165,74.0,0.0005492803534263061
BCb,b_cb,SVM,SVM (RBF),uncalibrated,0.04006,0.9688659,-0.0004297049506245486,0.0005442739331739287,74.0,-0.00038904342515979034,0.0004998087896642875,74.0,0.0005381227346201161
BCb,b_cb,SVM,SVM (RBF),uncalibrated,0.04008,0.9688592,-0.0004214599639486903,0.0005319696532736673,74.0,-0.00038190454064668836,0.0004887569439909531,74.0,0.0005272499659841694
BCb,b_cb,SVM,SVM (RBF),uncalibrated,0.0401,0.9688525,-0.0004134024802859406,0.000520061201057462,74.0,-0.0003749122799732672,0.00047805200764309343,74.0,0.0005166528907611875
BCb,b_cb,SVM,SVM (RBF),uncalibrated,0.04012,0.9688458,-0.00040552828953043554,0.0005085317066203951,74.0,-0.00036806435018282385,0.0004676795549333678,74.0,0.0005063227523092257
BCb,b_cb,SVM,SVM (RBF),uncalibrated,0.04014,0.9688391,-0.000397833172296099,0.0004973651534022163,74.0,-0.0003613583433118839,0.0004576258685618531,74.0,0.0004962511705882686
BCb,b_cb,SVM,SVM (RBF),uncalibrated,0.04016,0.9688323999999999,-0.00039031291739370405,0.0004865463313531355,74.0,-0.00035479176029999096,0.0004478779024560221,74.0,0.0004864301203214503
BCb,b_cb,SVM,SVM (RBF),uncalibrated,0.04018,0.9688257,-0.0003829633370965933,0.0004760607929373526,74.0,-0.00034836203225709067,0.0004384232467279084,74.0,0.00047685191069775487
BCb,b_cb,SVM,SVM (RBF),uncalibrated,0.0402,0.968819,-0.000375780279889981,0.00046589481147579976,74.0,-0.00034206653884480057,0.0004292500943319823,74.0,0.0004675091664944459
BCb,b_cb,SVM,SVM (RBF),uncalibrated,0.04022,0.968812775,-0.00036902281805945735,0.0004564074255517938,74.0,-0.00033613352369131955,0.0004206831391659706,74.0,0.00045859795780182856
BCb,b_cb,SVM,SVM (RBF),uncalibrated,0.04024,0.96880655,-0.00036241295879698235,0.00044719321137315685,74.0,-0.0003303207460517084,0.0004123573031680656,74.0,0.00044989542822345194
BCb,b_cb,SVM,SVM (RBF),uncalibrated,0.04026,0.968800325,-0.00035594710844595264,0.0004382416180771361,74.0,-0.00032462577491278996,0.00040426347529603216,74.0,0.0004413957330813933
BCb,b_cb,SVM,SVM (RBF),uncalibrated,0.04028,0.9687941,-0.0003496217342037096,0.00042954259098456563,74.0,-0.00031904618102692145,0.0003963929628987932,74.0,0.00043309324201003783
BCb,b_cb,SVM,SVM (RBF),uncalibrated,0.0403,0.968787875,-0.0003434333683573213,0.0004210865459204414,74.0,-0.0003135795445066773,0.0003887374707996374,74.0,0.00042498252809212777
BCb,b_cb,SVM,SVM (RBF),uncalibrated,0.04032,0.9687816499999999,-0.00033737861099223537,0.00041286434414336456,74.0,-0.00030822346073992873,0.0003812890807230775,74.0,0.0004170583576949081
BCb,b_cb,SVM,SVM (RBF),uncalibrated,0.04034,0.968775425,-0.000331454132943077,0.00040486726967170743,74.0,-0.0003029755462811909,0.00037404023274383854,74.0,0.00040931568095510745
BCb,b_cb,SVM,SVM (RBF),uncalibrated,0.04036,0.9687692,-0.00032565667668777245,0.0003970870063501815,74.0,-0.00029783344261021666,0.0003669837063071298,74.0,0.0004017496228654712
BCb,b_cb,SVM,SVM (RBF),uncalibrated,0.04038,0.968762975,-0.0003199830586574716,0.00038951561821335133,74.0,-0.0002927948209914162,0.00036011260413878777,74.0,0.0003943554749201072
BCb,b_cb,SVM,SVM (RBF),uncalibrated,0.0404,0.96875675,-0.00031443016876314125,0.00038214552851344874,74.0,-0.0002878573845603814,0.00035342033475526703,74.0,0.0003871286872777767
BCb,b_cb,SVM,SVM (RBF),uncalibrated,0.04042,0.968750525,-0.000308994971471033,0.00037496950183763217,74.0,-0.00028301887166892287,0.0003469005976977493,74.0,0.000380064861406648
BCb,b_cb,SVM,SVM (RBF),uncalibrated,0.04044,0.9687443,-0.00030367450612749043,0.0003679806269599965,74.0,-0.00027827705836381644,0.00034054736931486685,74.0,0.00037315974317664286
BCb,b_cb,SVM,SVM (RBF),uncalibrated,0.04046,0.968738075,-0.0002984658856245468,0.00036117229902928765,74.0,-0.00027362975917952285,0.000334354887801682,74.0,0.00036640921636719813
BCb,b_cb,SVM,SVM (RBF),uncalibrated,0.04048,0.96873185,-0.00029336629670062103,0.0003545382048151006,74.0,-0.0002690748293010959,0.0003283176409681913,74.0,0.0003598092965618427
BCb,b_cb,SVM,SVM (RBF),uncalibrated,0.0405,0.968725625,-0.00028837299897142084,0.000348072307636935,74.0,-0.00026461016542029457,0.0003224303536064027,74.0,0.0003533561254024792
BCb,b_cb,SVM,SVM (RBF),uncalibrated,0.04052,0.9687194,-0.00028348332382160555,0.0003417688331256845,74.0,-0.0002602337063419881,0.0003166879755331912,74.0,0.00034704596517832727
BCb,b_cb,SVM,SVM (RBF),uncalibrated,0.04054,0.968713175,-0.00027869467357905246,0.00033562225623419965,74.0,-0.00025594343373977127,0.0003110856707043541,74.0,0.00034087519372691676
BCb,b_cb,SVM,SVM (RBF),uncalibrated,0.04056,0.9687069500000001,-0.00027400451999542357,0.00032962728836705634,74.0,-0.00025173737216360444,0.0003056188063553069,74.0,0.00033484029962521975
BCb,b_cb,SVM,SVM (RBF),uncalibrated,0.04058,0.968700725,-0.0002694104032933474,0.0003237788659234469,74.0,-0.00024761358947703266,0.00030028294337976197,74.0,0.0003289378776514908
BCb,b_cb,SVM,SVM (RBF),uncalibrated,0.0406,0.9686945,-0.0002649099304890696,0.00031807213871439357,74.0,-0.00024357019653486854,0.0002950738265184946,74.0,0.0003231646244997049
BCb,b_cb,SVM,SVM (RBF),uncalibrated,0.04062,0.968688275,-0.00026050077431583816,0.0003125024598238584,74.0,-0.00023960534733231606,0.0002899873758268432,74.0,0.00031751733472915023
BCb,b_cb,SVM,SVM (RBF),uncalibrated,0.04064,0.96868205,-0.0002561806712261473,0.0003070653750066116,74.0,-0.00023571723822453486,0.00028501967764760694,74.0,0.0003119928969338822
BCb,b_cb,SVM,SVM (RBF),uncalibrated,0.04066,0.968675825,-0.0002519474203988155,0.0003017566137648482,74.0,-0.00023190410800856656,0.0002801669770913618,74.0,0.0003065882901173106
BCb,b_cb,SVM,SVM (RBF),uncalibrated,0.04068,0.9686696,-0.00024779888147369295,0.00029657207968283915,74.0,-0.00022816423675254177,0.00027542566977081914,74.0,0.00030130058025829725
BCb,b_cb,SVM,SVM (RBF),uncalibrated,0.0407,0.968663375,-0.0002437329749017111,0.0002915078438154923,74.0,-0.00022449594700704674,0.0002707922963357559,74.0,0.00029612691705661616
BCb,b_cb,SVM,SVM (RBF),uncalibrated,0.04072,0.9686571500000001,-0.00023974767688162855,0.0002865601331745403,74.0,-0.0002208975999035857,0.0002662635323842203,74.0,0.0002910645308456597
BCb,b_cb,SVM,SVM (RBF),uncalibrated,0.04074,0.968650925,-0.00023584102182540895,0.00028172532717867915,74.0,-0.000217367598228981,0.0002618361857660748,74.0,0.0002861107296618334
BCb,b_cb,SVM,SVM (RBF),uncalibrated,0.04076,0.9686447,-0.00023201109794965767,0.00027699994752707123,74.0,-0.00021390438303587993,0.0002575071877058282,74.0,0.00028126289646080083
BCb,b_cb,SVM,SVM (RBF),uncalibrated,0.04078,0.968638475,-0.00022825604677431384,0.000272380652543577,74.0,-0.00021050643384870095,0.00025327358806249116,74.0,0.0002765184864708568
BCb,b_cb,SVM,SVM (RBF),uncalibrated,0.0408,0.96863225,-0.0002245740619105182,0.00026786423095031224,74.0,-0.00020717226817073815,0.00024913255002227523,74.0,0.0002718750246751036
BCb,b_cb,SVM,SVM (RBF),uncalibrated,0.04082,0.9686260250000001,-0.00022096338690664704,0.00026344759509714966,74.0,-0.00020390044006821155,0.0002450813442500171,74.0,0.0002673301034142786
BCb,b_cb,SVM,SVM (RBF),uncalibrated,0.04084,0.9686198,-0.00021742231484511745,0.0002591277762925124,74.0,-0.00020038013848005265,0.00024128129966634844,91.0,0.000262881380102665
BCb,b_cb,SVM,SVM (RBF),uncalibrated,0.04086,0.968613575,-0.00021368491072664523,0.000255103859094627,91.0,-0.0001975058874020125,0.00023765736778243242,91.0,0.0002585265750504424
BCb,b_cb,SVM,SVM (RBF),uncalibrated,0.04088,0.9686073500000001,-0.0002105666657075038,0.0002512363910300911,91.0,-0.00019467883991168759,0.00023410568430376694,91.0,0.0002542634693856217
BCb,b_cb,SVM,SVM (RBF),uncalibrated,0.0409,0.9686011250000001,-0.00020750150312988911,0.0002474468111862205,91.0,-0.00019189800052604297,0.0002306241669976312,91.0,0.0002500899030697477
BCb,b_cb,SVM,SVM (RBF),uncalibrated,0.04092,0.9685949,-0.00020448823335366328,0.00024373286016997093,91.0,-0.0001891623967777273,0.0002272108115682201,91.0,0.000246003773001932
BCb,b_cb,SVM,SVM (RBF),uncalibrated,0.04094,0.968588675,-0.00020152570017517845,0.00024009236600227123,91.0,-0.00018647108093278249,0.00022386369043626747,91.0,0.00024200303120564505
BCb,b_cb,SVM,SVM (RBF),uncalibrated,0.04096,0.96858245,-0.00019861277801571327,0.00023652323815400377,91.0,-0.0001838231277118373,0.00022058094742909704,91.0,0.0002380856830937097
BCb,b_cb,SVM,SVM (RBF),uncalibrated,0.04098,0.9685762250000001,-0.0001957483719459415,0.0002330234647781637,91.0,-0.00018121763464138568,0.00021736079544797414,91.0,0.00023424978580686574
BCb,b_cb,SVM,SVM (RBF),uncalibrated,0.041,0.96857,-0.00019293141812885627,0.00022959111049867384,91.0,-0.00017865372277942236,0.0002142015146419759,91.0,0.0002304934466216224
BCb,b_cb,NN,Neural Network,uncalibrated,0.036,0.97125,-1.6281393581915225e-11,1.6281615651136548e-11,2.0,-1.627958878813729e-11,1.6279810832742214e-11,2.0,0.0001563208300938046
BCb,b_cb,NN,Neural Network,uncalibrated,0.03602,0.9712312,4.286874213852748e-11,4.286940834619144e-11,2.0,4.2863990135089125e-11,4.28646562689039e-11,2.0,0.0001596553491606923
BCb,b_cb,NN,Neural Network,uncalibrated,0.03604,0.9712124,-8.651761345415598e-12,8.65220548385824e-12,2.0,-8.650802296727989e-12,8.651246385937839e-12,2.0,0.0001631400369800422
BCb,b_cb,NN,Neural Network,uncalibrated,0.03606,0.9711936,3.703559438590808e-13,3.7035594385908074e-13,2.0,3.7031488986372096e-13,3.7031488986372096e-13,2.0,0.0001667845039170563
BCb,b_cb,NN,Neural Network,uncalibrated,0.03608,0.9711748,-1.8004151084080607e-11,1.8004373153301926e-11,2.0,-1.800215532199445e-11,1.8002377366599376e-11,2.0,0.0001705991797407486
BCb,b_cb,NN,Neural Network,uncalibrated,0.0361,0.9711559999999999,3.154382254255978e-12,3.1547153580879594e-12,2.0,3.1540325906576072e-12,3.1543656575649948e-12,2.0,0.00017459540114748138
BCb,b_cb,NN,Neural Network,uncalibrated,0.03612,0.9711371999999999,-1.3842129738020223e-12,1.3841019391913618e-12,2.0,-1.3840595336489514e-12,1.3839485113464889e-12,2.0,0.00017878551039956058
BCb,b_cb,NN,Neural Network,uncalibrated,0.03614,0.9711183999999999,1.3388553353356974e-12,1.3386332661143766e-12,2.0,1.3387069230930138e-12,1.3384848784880887e-12,2.0,0.0001831829667009212
BCb,b_cb,NN,Neural Network,uncalibrated,0.03616,0.9710996,-8.758965261941107e-13,8.760075608047711e-13,2.0,-8.757994329755547e-13,8.759104552780173e-13,2.0,0.00018780247219776363
BCb,b_cb,NN,Neural Network,uncalibrated,0.03618,0.9710808,2.663387205913906e-12,2.6637203097458873e-12,2.0,2.663091969168363e-12,2.6634250360757505e-12,2.0,0.00019266011480807853
BCb,b_cb,NN,Neural Network,uncalibrated,0.0362,0.971062,3.854566509065751e-13,3.8612285857053773e-13,2.0,3.854139229986231e-13,3.860800568133982e-13,2.0,0.0001977735304575747
BCb,b_cb,NN,Neural Network,uncalibrated,0.03622,0.9710432,7.5259259105573e-13,7.5259259105573e-13,2.0,7.525091660909311e-13,7.525091660909311e-13,2.0,0.00020316208774441542
BCb,b_cb,NN,Neural Network,uncalibrated,0.03624,0.9710244,-9.037662134703669e-13,9.038772480810273e-13,2.0,-9.036660308936462e-13,9.037770531961087e-13,2.0,0.0002088470985853734
BCb,b_cb,NN,Neural Network,uncalibrated,0.03626,0.9710056,6.356176287251919e-13,6.357286633358524e-13,2.0,6.355471704466709e-13,6.356581927491334e-13,2.0,0.00021485205902985587
BCb,b_cb,NN,Neural Network,uncalibrated,0.03628,0.9709868,8.732872128428675e-13,8.73398247453528e-13,2.0,8.731904088676856e-13,8.733014311701481e-13,2.0,0.00022120292518815527
BCb,b_cb,NN,Neural Network,uncalibrated,0.0363,0.970968,-2.98516550760641e-13,2.980724123179992e-13,2.0,-2.9848346017047334e-13,2.9803937096062327e-13,2.0,0.0002279284301337885
BCb,b_cb,NN,Neural Network,uncalibrated,0.03632,0.9709492,2.4642466316877344e-12,2.4648018047410366e-12,2.0,2.463973469701841e-12,2.4645285812141537e-12,2.0,0.0002350604487413466
BCb,b_cb,NN,Neural Network,uncalibrated,0.03634,0.9709304,1.7817723972658696e-12,1.7822165357085112e-12,2.0,1.7815748876159887e-12,1.7820189768258388e-12,2.0,0.00024263441875320858
BCb,b_cb,NN,Neural Network,uncalibrated,0.03636,0.9709116,1.094579191890046e-12,1.094579191890046e-12,2.0,1.0944578576754793e-12,1.0944578576754793e-12,2.0,0.00025068982798532593
BCb,b_cb,NN,Neural Network,uncalibrated,0.03638,0.9708928,1.1775775633584191e-12,1.1782437710223819e-12,2.0,1.1774470287662098e-12,1.1781131625809849e-12,2.0,0.00025927077954793356
BCb,b_cb,NN,Neural Network,uncalibrated,0.0364,0.970874,1.2264883093543192e-12,1.2269324477969609e-12,2.0,1.226352353000948e-12,1.226796442210798e-12,2.0,0.00026842664935973053
BCb,b_cb,NN,Neural Network,uncalibrated,0.03642,0.9708552,-7.46541204776355e-13,7.468743086083364e-13,2.0,-7.46458450606724e-13,7.467915175141115e-13,2.0,0.0002782128531753422
BCb,b_cb,NN,Neural Network,uncalibrated,0.03644,0.9708364,4.979902288116053e-13,4.977681595902844e-13,2.0,4.979350265443827e-13,4.977129819394577e-13,2.0,0.0002886917439626124
BCb,b_cb,NN,Neural Network,uncalibrated,0.03646,0.9708176000000001,1.0154115144898117e-13,1.0198528989162297e-13,2.0,1.0152989560197057e-13,1.0197398481182063e-13,2.0,0.00029993366492757324
BCb,b_cb,NN,Neural Network,uncalibrated,0.03648,0.9707988000000001,6.308986577721839e-13,6.314538308254862e-13,2.0,6.308287225920139e-13,6.313838341043265e-13,2.0,0.0003120181890081736
BCb,b_cb,NN,Neural Network,uncalibrated,0.0365,0.9707800000000001,-9.243631337482597e-14,9.243631337482597e-14,2.0,-9.242606680004428e-14,9.242606680004428e-14,2.0,0.00032503558252125643
BCb,b_cb,NN,Neural Network,uncalibrated,0.03652,0.9707612,1.1214495676703483e-13,1.1247806059901618e-13,2.0,1.1213252548714081e-13,1.1246559239452836e-13,2.0,0.00033908853920805524
BCb,b_cb,NN,Neural Network,uncalibrated,0.03654,0.9707424,5.135350743044677e-14,5.1353507430446765e-14,2.0,5.134781488891349e-14,5.134781488891349e-14,2.0,0.0003542942416424407
BCb,b_cb,NN,Neural Network,uncalibrated,0.03656,0.9707236,1.317425655485901e-13,1.3140946171660875e-13,2.0,1.3172796187177482e-13,1.3139489496438728e-13,2.0,0.0003707868204430158
BCb,b_cb,NN,Neural Network,uncalibrated,0.03658,0.9707048,-3.046234543470103e-13,3.050675927896521e-13,2.0,-3.045896868059117e-13,3.0503377601576176e-13,2.0,0.0003887202987368996
BCb,b_cb,NN,Neural Network,uncalibrated,0.0366,0.970686,-2.1102127756020952e-13,2.1168748522417223e-13,2.0,-2.10997885830011e-13,2.116640196447861e-13,2.0,0.0004082721308832972
BCb,b_cb,NN,Neural Network,uncalibrated,0.03662,0.9706679,-1.6327639497621112e-13,1.6438674108281565e-13,2.0,-1.6325829577112927e-13,1.6436851879575443e-13,2.0,0.00042900314082650276
BCb,b_cb,NN,Neural Network,uncalibrated,0.03664,0.9706498,1.7265881957700027e-14,1.7265881957700027e-14,2.0,1.7263968032921184e-14,1.7263968032921184e-14,2.0,0.00045167388738763276
BCb,b_cb,NN,Neural Network,uncalibrated,0.03666,0.9706317,9.987563228906811e-14,1.0054183995303082e-13,2.0,9.986456106503283e-14,1.0053069487980792e-13,2.0,0.0004765370214630228
BCb,b_cb,NN,Neural Network,uncalibrated,0.03668,0.9706136000000001,-3.3088313976815215e-14,3.3310383198136117e-14,2.0,-3.3084646133829665e-14,3.3306690738754696e-14,2.0,0.0005038865180216589
BCb,b_cb,NN,Neural Network,uncalibrated,0.0367,0.9705955,7.161732387599462e-15,6.939663166278561e-15,2.0,7.16093850883226e-15,6.938893903907228e-15,2.0,0.000534065718307974
BCb,b_cb,NN,Neural Network,uncalibrated,0.03672,0.9705774,-2.748106613846196e-14,2.7370031527801508e-14,2.0,-2.7478019859472624e-14,2.736699755701011e-14,2.0,0.0005674771785729854
BCb,b_cb,NN,Neural Network,uncalibrated,0.03674,0.9705593,5.329661311701592e-15,4.6634536477388886e-15,2.0,5.329070518200751e-15,4.6629367034256575e-15,2.0,0.0006045947839644901
BCb,b_cb,NN,Neural Network,uncalibrated,0.03676,0.9705412,2.5815546978553293e-14,2.5815546978553293e-14,2.0,2.581268532253489e-14,2.581268532253489e-14,2.0,0.0006459787155935796
BCb,b_cb,NN,Neural Network,uncalibrated,0.03678,0.9705231,-1.5766914713784226e-14,1.5988983935105127e-14,2.0,-1.5765166949677223e-14,1.5987211554602254e-14,2.0,0.0006922940281834584
BCb,b_cb,NN,Neural Network,uncalibrated,0.0368,0.970505,1.2380359088639917e-14,1.2602428309960818e-14,2.0,1.2378986724570495e-14,1.2601031329495527e-14,2.0,0.0007443338184629331
BCb,b_cb,NN,Neural Network,uncalibrated,0.03682,0.9704869,2.484399413527577e-15,2.5435545926675454e-15,16.0,2.4841240175987878e-15,2.543272639381105e-15,16.0,0.0008030482587548354
BCb,b_cb,NN,Neural Network,uncalibrated,0.03684,0.9704688,-2.198485291076958e-14,2.2540025964071838e-14,2.0,-2.19824158875781e-14,2.2537527399890678e-14,2.0,0.0008695811607810925
BCb,b_cb,NN,Neural Network,uncalibrated,0.03686,0.9704507,-7.119026768114268e-15,2.355703029631687e-15,78.0,-7.118237623269757e-15,2.3554418997101933e-15,78.0,0.0009453162554088769
BCb,b_cb,NN,Neural Network,uncalibrated,0.03688,0.9704326,-3.6086248464646754e-15,3.719659457125126e-15,2.0,-3.608224830031759e-15,3.7192471324942744e-15,2.0,0.001031936071399664
BCb,b_cb,NN,Neural Network,uncalibrated,0.0369,0.9704145,5.773799754343429e-15,5.99586897566433e-15,2.0,5.773159728050814e-15,5.995204332975845e-15,2.0,0.001131497234169136
BCb,b_cb,NN,Neural Network,uncalibrated,0.03692,0.9703963999999999,7.938974662222141e-15,7.161732387598987e-15,2.0,7.93809462606987e-15,7.16093850883226e-15,2.0,0.0012465272725512404
BCb,b_cb,NN,Neural Network,uncalibrated,0.03694,0.9703783,-2.345606150202027e-15,2.975003732943496e-15,16.0,-2.345346139520643e-15,2.974673953475768e-15,16.0,0.0013801497399112406
BCb,b_cb,NN,Neural Network,uncalibrated,0.03696,0.9703602,-8.344678047327717e-15,1.9748290129131035e-15,91.0,-8.343753038913677e-15,1.9746101029152733e-15,91.0,0.0015362467953109178
BCb,b_cb,NN,Neural Network,uncalibrated,0.03698,0.9703421,-8.663312210589515e-15,1.9052957234099286e-15,85.0,-8.662351881545928e-15,1.9050845211843435e-15,85.0,0.0017196715861089265
BCb,b_cb,NN,Neural Network,uncalibrated,0.037,0.970324,5.605027146139546e-15,1.9668815225457688e-15,100.0,5.604405828307791e-15,1.966663493528059e-15,100.0,0.0019365271518468898
BCb,b_cb,NN,Neural Network,uncalibrated,0.03702,0.97030885,3.608624846464627e-15,3.497590235804177e-15,2.0,3.608224830031759e-15,3.497202527569243e-15,2.0,0.0021602696139150133
BCb,b_cb,NN,Neural Network,uncalibrated,0.03704,0.9702936999999999,3.2755210144832743e-15,3.1644864038228236e-15,2.0,3.2751579226442118e-15,3.164135620181696e-15,2.0,0.0024221483475655053
BCb,b_cb,NN,Neural Network,uncalibrated,0.03706,0.97027855,2.5139374670045414e-15,1.4296995543039036e-15,78.0,2.5136587967795177e-15,1.4295410719622528e-15,78.0,0.002730248918475682
BCb,b_cb,NN,Neural Network,uncalibrated,0.03708,0.9702634,2.0981215391033215e-15,2.203931635146962e-15,77.0,2.09788896211636e-15,2.20368732910005e-15,77.0,0.0030946534936711787
BCb,b_cb,NN,Neural Network,uncalibrated,0.0371,0.9702482499999999,-5.920612183994467e-15,1.792877372476328e-15,90.0,-5.9199558835290316e-15,1.792678631836429e-15,90.0,0.003527992055978021
BCb,b_cb,NN,Neural Network,uncalibrated,0.03712,0.9702331,3.3310383198135023e-15,3.664142151794854e-15,2.0,3.3306690738754696e-15,3.6637359812630166e-15,2.0,0.004046158191879367
BCb,b_cb,NN,Neural Network,uncalibrated,0.03714,0.97021795,8.339635697075287e-15,1.5052576944701578e-15,83.0,8.338711247606295e-15,1.5050908365009493e-15,83.0,0.004669240808494743
BCb,b_cb,NN,Neural Network,uncalibrated,0.03716,0.9702028,-1.7210364652369873e-15,2.054140297218339e-15,2.0,-1.7208456881689926e-15,2.0539125955565396e-15,2.0,0.005422739134212399
BCb,b_cb,NN,Neural Network,uncalibrated,0.03718,0.97018765,-8.56918758976202e-15,1.3213274103221712e-15,91.0,-8.568237694442281e-15,1.3211809410437517e-15,91.0,0.006339148917246599
BCb,b_cb,NN,Neural Network,uncalibrated,0.0372,0.9701725,6.924934085272181e-15,1.21400547051962e-15,98.0,6.924166455621385e-15,1.213870897889191e-15,98.0,0.007460033745073872
BCb,b_cb,NN,Neural Network,uncalibrated,0.03722,0.97015735,-3.4050613935871544e-15,1.737104260538832e-15,96.0,-3.4046839421838127e-15,1.73691170235409e-15,96.0,0.008838727573605048
BCb,b_cb,NN,Neural Network,uncalibrated,0.03724,0.9701422,9.817797153134381e-16,1.6553731363424805e-15,95.0,9.816708849317178e-16,1.6551896380612067e-15,95.0,0.010543853027256472
BCb,b_cb,NN,Neural Network,uncalibrated,0.03726,0.97012705,-7.693588172662626e-15,1.4513888612198502e-15,100.0,-7.692735337627709e-15,1.4512279746163112e-15,100.0,0.01266388371949465
BCb,b_cb,NN,Neural Network,uncalibrated,0.03728,0.9701119,1.1753979056762261e-14,1.4362759936473288e-15,92.0,1.1752676126983042e-14,1.4361167823067046e-15,92.0,0.01531302425761929
BCb,b_cb,NN,Neural Network,uncalibrated,0.0373,0.9700967500000001,-4.835911660041327e-15,1.2843368304738059e-15,94.0,-4.835375598739778e-15,1.284194461604941e-15,94.0,0.018638720984056886
BCb,b_cb,NN,Neural Network,uncalibrated,0.03732,0.9700816,5.70574628329346e-15,1.8743716028849363e-15,93.0,5.705113800735082e-15,1.8741638286012733e-15,93.0,0.022831135033105476
BCb,b_cb,NN,Neural Network,uncalibrated,0.03734,0.97006645,1.1088319982773174e-14,1.5705179400657089e-15,88.0,1.1087090841370313e-14,1.57034384799161e-15,88.0,0.02813488101381523
BCb,b_cb,NN,Neural Network,uncalibrated,0.03736,0.9700513000000001,3.0730791233296316e-15,1.4218642711827526e-15,99.0,3.072738472194881e-15,1.4217066573830362e-15,99.0,0.034863217333164755
BCb,b_cb,NN,Neural Network,uncalibrated,0.03738,0.97003615,5.1647917382967165e-15,1.2630976148798847e-15,99.0,5.164219220604895e-15,1.2629576003802388e-15,99.0,0.043414603394756245
BCb,b_cb,NN,Neural Network,uncalibrated,0.0374,0.970021,-1.2084457574663685e-14,1.751285370535695e-15,97.0,-1.208311801130699e-14,1.751091240373461e-15,97.0,0.0542910228576309
BCb,b_cb,NN,Neural Network,uncalibrated,0.03742,0.9700083500000001,-1.8735629567231845e-15,1.5402906259806814e-15,95.0,-1.8733552720780314e-15,1.540119884607438e-15,95.0,0.06628884200533582
BCb,b_cb,NN,Neural Network,uncalibrated,0.03744,0.9699957,-5.934055893440989e-15,1.3969605757650795e-15,97.0,-5.933398102738981e-15,1.3968057225425436e-15,97.0,0.08108654983500742
BCb,b_cb,NN,Neural Network,uncalibrated,0.03746,0.9699830500000001,5.2747283990590884e-15,1.1570644645911595e-15,95.0,5.274143694877191e-15,1.1569362038770546e-15,95.0,0.09928713917019547
BCb,b_cb,NN,Neural Network,uncalibrated,0.03748,0.9699704,3.26374461638297e-16,1.5372598120661988e-15,99.0,3.2633828299587876e-16,1.5370894066589865e-15,99.0,0.12158064831635672
BCb,b_cb,NN,Neural Network,uncalibrated,0.0375,0.9699577500000001,6.590869661051309e-15,1.4019027467539325e-15,92.0,6.590139062476064e-15,1.4017473456912376e-15,92.0,0.14873218133773633
BCb,b_cb,NN,Neural Network,uncalibrated,0.03752,0.9699451,-7.681782247733225e-16,1.2660217914344922e-15,98.0,-7.680930721386297e-16,1.2658814527895758e-15,98.0,0.18155382341013382
BCb,b_cb,NN,Neural Network,uncalibrated,0.03754,0.9699324500000001,1.0554950089382431e-14,1.8141288527294705e-15,100.0,1.0553780072086737e-14,1.8139277563608157e-15,100.0,0.22085395621435658
BCb,b_cb,NN,Neural Network,uncalibrated,0.03756,0.9699198,-2.1873818300109052e-16,1.5022982822358966e-15,100.0,-2.187139358511561e-16,1.5021317523178367e-15,100.0,0.26735722678399226
BCb,b_cb,NN,Neural Network,uncalibrated,0.03758,0.9699071499999999,-2.4173160029202265e-15,1.2147934937858824e-15,96.0,-2.417048043194351e-15,1.214658833802994e-15,96.0,0.32158986045904486
BCb,b_cb,NN,Neural Network,uncalibrated,0.0376,0.9698945,-8.789679229757084e-15,1.8333565416166246e-15,99.0,-8.788704892916516e-15,1.8331533138566913e-15,99.0,0.38372939945201756
BCb,b_cb,NN,Neural Network,uncalibrated,0.03762,0.96988185,2.2206922132089643e-16,1.4901974552818197e-15,97.0,2.220446049250313e-16,1.490032266741664e-15,97.0,0.4534266346865098
BCb,b_cb,NN,Neural Network,uncalibrated,0.03764,0.9698692,-4.502161265937431e-15,1.2075674205512805e-15,95.0,-4.501662200901162e-15,1.2074335615793484e-15,95.0,0.5296210954048047
BCb,b_cb,NN,Neural Network,uncalibrated,0.03766,0.96985655,4.172246185360625e-15,1.4916872858071687e-15,92.0,4.171783691444747e-15,1.4915219321191477e-15,92.0,0.6103884135688712
BCb,b_cb,NN,Neural Network,uncalibrated,0.03768,0.9698439,-1.0224066949614289e-14,1.3042025355347896e-15,100.0,-1.0222933610748441e-14,1.3040579645504892e-15,100.0,0.6928728405512047
BCb,b_cb,NN,Neural Network,uncalibrated,0.0377,0.96983125,-7.904430561127857e-15,1.6369483987016572e-15,90.0,-7.903554354192642e-15,1.6367669428044316e-15,90.0,0.7733617091240754
BCb,b_cb,NN,Neural Network,uncalibrated,0.03772,0.9698186,9.344852283059334e-15,1.3772065557740254e-15,99.0,9.343816405229096e-15,1.3770538922866234e-15,99.0,0.8475403100621043
BCb,b_cb,NN,Neural Network,uncalibrated,0.03774,0.9698059499999999,1.1764116999474737e-14,1.6998905720132703e-15,100.0,1.1762812945903534e-14,1.699702138969703e-15,100.0,0.9109215619176733
BCb,b_cb,NN,Neural Network,uncalibrated,0.03776,0.9697933,7.912915518903946e-15,1.4107852193030198e-15,98.0,7.9120383714103e-15,1.4106288336173355e-15,98.0,0.9593855233953249
BCb,b_cb,NN,Neural Network,uncalibrated,0.03778,0.9697806499999999,5.504481762528683e-16,1.75957269671017e-15,94.0,5.503871590163005e-16,1.7593776478969832e-15,94.0,0.989714699308653
BCb,b_cb,NN,Neural Network,uncalibrated,0.0378,0.969768,-1.3324153279254803e-15,7.648290241086222e-30,95.0,-4.440892098500626e-16,0.0,2.0,1.0
BCb,b_cb,NN,Neural Network,uncalibrated,0.03782,0.96975745,1.1226832855667376e-16,1.6488218515116499e-15,90.0,1.1225588360098844e-16,1.6486390794409675e-15,90.0,0.9919858463389287
BCb,b_cb,NN,Neural Network,uncalibrated,0.03784,0.9697469,-1.5373142486287142e-15,1.2432625665754427e-15,97.0,-1.5371438371872001e-15,1.243124750792927e-15,97.0,0.968533387036663
BCb,b_cb,NN,Neural Network,uncalibrated,0.03786,0.96973635,4.487329782553348e-15,1.5886990591945244e-15,87.0,4.486832361588565e-15,1.588522951741514e-15,87.0,0.931086852331718
BCb,b_cb,NN,Neural Network,uncalibrated,0.03788,0.9697258,4.286851720859663e-15,1.1216714901481787e-15,97.0,4.286376522908466e-15,1.1215471527489069e-15,97.0,0.8816849446668497
BCb,b_cb,NN,Neural Network,uncalibrated,0.0379,0.9697152499999999,7.91207452458798e-15,1.3996593236778536e-15,97.0,7.911197470318642e-15,1.399504171298836e-15,97.0,0.8227595402877027
BCb,b_cb,NN,Neural Network,uncalibrated,0.03792,0.9697047,9.440585587344496e-15,1.7238930064032407e-15,84.0,9.439539097467701e-15,1.7237019126873689e-15,84.0,0.7569416221005091
BCb,b_cb,NN,Neural Network,uncalibrated,0.03794,0.9696941499999999,-2.4117195003667708e-15,1.2530046804946353e-15,93.0,-2.4114521610137783e-15,1.252865784797796e-15,93.0,0.6868889523677042
BCb,b_cb,NN,Neural Network,uncalibrated,0.03796,0.9696836,-1.2750474457508402e-14,1.5037004462854757e-15,96.0,-1.2749061066112212e-14,1.5035337609373887e-15,96.0,0.6151398657433246
BCb,b_cb,NN,Neural Network,uncalibrated,0.03798,0.9696730499999999,6.042503512141709e-15,1.8299379695697835e-15,100.0,6.041833700010103e-15,1.8297351207589123e-15,100.0,0.5439927790096228
BCb,b_cb,NN,Neural Network,uncalibrated,0.038,0.9696625,-9.882080348780116e-16,1.3394750814331269e-15,100.0,-9.880984919163903e-16,1.3393266004835104e-15,100.0,0.47541124847268074
BCb,b_cb,NN,Neural Network,uncalibrated,0.03802,0.96965195,5.931903384740376e-15,1.5320175364051846e-15,92.0,5.931245832644178e-15,1.5318477121047644e-15,92.0,0.41095705339018207
BCb,b_cb,NN,Neural Network,uncalibrated,0.03804,0.9696414,6.254949733872047e-15,1.720346292126321e-15,93.0,6.254256372055051e-15,1.7201555915640908e-15,93.0,0.35175559447802573
BCb,b_cb,NN,Neural Network,uncalibrated,0.03806,0.96963085,-6.58448618880407e-15,1.2845399816622415e-15,83.0,-6.583756297837374e-15,1.284397590274047e-15,83.0,0.29849669508926296
BCb,b_cb,NN,Neural Network,uncalibrated,0.03808,0.9696203,-6.0502759348879424e-15,1.3394295202813443e-15,100.0,-6.049605261182476e-15,1.3392810443821864e-15,100.0,0.25146961268132406
BCb,b_cb,NN,Neural Network,uncalibrated,0.0381,0.9696097499999999,7.239720983181996e-15,1.6204714540839771e-15,84.0,7.238918459371409e-15,1.6202918246577464e-15,84.0,0.21062555191614293
BCb,b_cb,NN,Neural Network,uncalibrated,0.03812,0.9695992,-3.4054429558231005e-15,1.227274987674604e-15,97.0,-3.4050654621235465e-15,1.2271389441168429e-15,97.0,0.1756567002152921
BCb,b_cb,NN,Neural Network,uncalibrated,0.03814,0.9695886499999999,4.505170266584664e-15,1.348025308039609e-15,94.0,4.504670868000368e-15,1.3478758792964994e-15,94.0,0.14607944882567966
BCb,b_cb,NN,Neural Network,uncalibrated,0.03816,0.9695781,-1.976416069756023e-15,1.4420185906594273e-15,80.0,-1.9761969838327783e-15,1.4418587427513377e-15,80.0,0.12131115326342223
BCb,b_cb,NN,Neural Network,uncalibrated,0.03818,0.96956755,-1.3135394441131302e-15,1.7190255639908454e-15,100.0,-1.3133938381315592e-15,1.7188350098314619e-15,100.0,0.1007334186909627
BCb,b_cb,NN,Neural Network,uncalibrated,0.0382,0.969557,1.0741391683456559e-16,1.2242354156661427e-15,92.0,1.074020099909111e-16,1.2240997090452497e-15,92.0,0.08373895726887279
BCb,b_cb,NN,Neural Network,uncalibrated,0.03822,0.96954805,-1.8690826127842506e-15,1.2709839368054646e-15,90.0,-1.868875424785681e-15,1.2708430481062276e-15,90.0,0.0709988851712852
BCb,b_cb,NN,Neural Network,uncalibrated,0.03824,0.9695391,1.0216445937700777e-14,1.4520629752679942e-15,88.0,1.0215313443624875e-14,1.4519020139388435e-15,88.0,0.06034469006319879
BCb,b_cb,NN,Neural Network,uncalibrated,0.03826,0.96953015,-9.769838840177695e-15,1.5181111497215632e-15,92.0,-9.76875585254418e-15,1.5179428669455265e-15,92.0,0.05144460275959754
BCb,b_cb,NN,Neural Network,uncalibrated,0.03828,0.9695212,-3.1841137339900866e-15,1.7732681817544009e-15,99.0,-3.183760774657392e-15,1.7730716147952968e-15,99.0,0.04401105840318654
BCb,b_cb,NN,Neural Network,uncalibrated,0.0383,0.96951225,4.831722593791359e-15,1.2311636365863508e-15,97.0,4.831186996848233e-15,1.231027161971461e-15,97.0,0.03779842834440298
BCb,b_cb,NN,Neural Network,uncalibrated,0.03832,0.9695033,4.504832775366853e-15,1.2882515021497212e-15,98.0,4.504333414193493e-15,1.2881086993391016e-15,98.0,0.032599275594416714
BCb,b_cb,NN,Neural Network,uncalibrated,0.03834,0.96949435,8.793709842202144e-15,1.3219532129271484e-15,96.0,8.792735058567778e-15,1.3218066742784454e-15,96.0,0.028239937760063224
BCb,b_cb,NN,Neural Network,uncalibrated,0.03836,0.9694853999999999,8.01401453645977e-15,1.4192098607803661e-15,91.0,8.013126182129703e-15,1.4190525412223135e-15,91.0,0.024575978424905442
BCb,b_cb,NN,Neural Network,uncalibrated,0.03838,0.9694764499999999,-9.89001139239871e-15,1.5797117902060178e-15,98.0,-9.888915083625501e-15,1.579536678992691e-15,98.0,0.0214878413777619
BCb,b_cb,NN,Neural Network,uncalibrated,0.0384,0.9694675,-6.9195824388182965e-15,1.7195907493452814e-15,94.0,-6.918815402398051e-15,1.7194001325350442e-15,94.0,0.018876891506139117
BCb,b_cb,NN,Neural Network,uncalibrated,0.03842,0.96945855,-1.0219810622872305e-14,1.717681512002525e-15,96.0,-1.0218677755820712e-14,1.7174911068314428e-15,96.0,0.016661923397319194
BCb,b_cb,NN,Neural Network,uncalibrated,0.03844,0.9694496,4.493711082016614e-15,1.1240654929021861e-15,87.0,4.49321295368411e-15,1.123940890127465e-15,87.0,0.01477615309049539
BCb,b_cb,NN,Neural Network,uncalibrated,0.03846,0.96944065,-3.2827624021350867e-16,1.2485182752748272e-15,92.0,-3.282398507587416e-16,1.248379876896465e-15,92.0,0.013164669794051623
BCb,b_cb,NN,Neural Network,uncalibrated,0.03848,0.9694317,3.4991764445279133e-15,1.2736535027104372e-15,70.0,3.4987885604615653e-15,1.2735123180895466e-15,70.0,0.01178230421404042
BCb,b_cb,NN,Neural Network,uncalibrated,0.0385,0.96942275,1.0882548455251858e-14,1.461136058963568e-15,96.0,1.0881342123643854e-14,1.460974091882163e-15,96.0,0.010591861918684976
BCb,b_cb,NN,Neural Network,uncalibrated,0.03852,0.9694138,-7.697567952527862e-16,1.5362162057136362e-15,89.0,-7.696714676333956e-16,1.5360459159902943e-15,89.0,0.009562669211511958
BCb,b_cb,NN,Neural Network,uncalibrated,0.03854,0.96940485,2.11323936418262e-16,1.6753151622497302e-15,93.0,2.1130051113833537e-16,1.6751294533928477e-15,93.0,0.008669382107827896
BCb,b_cb,NN,Neural Network,uncalibrated,0.03856,0.9693959,-7.806763347466724e-15,1.790424675021087e-15,97.0,-7.805897966952134e-15,1.7902262062629535e-15,97.0,0.007891014127397261
BCb,b_cb,NN,Neural Network,uncalibrated,0.03858,0.96938695,5.151679362260614e-15,2.0450166354981618e-15,68.0,5.15110829807701e-15,2.0447899451951976e-15,68.0,0.0072101444440792264
BCb,b_cb,NN,Neural Network,uncalibrated,0.0386,0.969378,7.773923213943166e-15,1.828772238292967e-15,74.0,7.773061473760723e-15,1.8285695187035274e-15,74.0,0.0066122737223430015
BCb,b_cb,NN,Neural Network,uncalibrated,0.03862,0.9693706,-7.773923213943172e-15,1.6169981584931242e-15,74.0,-7.773061473760723e-15,1.616818914082063e-15,74.0,0.006136812343073591
BCb,b_cb,NN,Neural Network,uncalibrated,0.03864,0.9693632,-8.33336383125641e-15,1.3042513339518255e-15,77.0,-8.332440077024388e-15,1.3041067575582158e-15,77.0,0.005710847980960029
BCb,b_cb,NN,Neural Network,uncalibrated,0.03866,0.9693558,-7.470722642517791e-15,1.4575694651406163e-15,99.0,-7.469894512149664e-15,1.4574078934165005e-15,99.0,0.005328106527783702
BCb,b_cb,NN,Neural Network,uncalibrated,0.03868,0.9693484,2.521339774381919e-15,1.5084466316241967e-15,65.0,2.5210602836103544e-15,1.5082794201609785e-15,65.0,0.00498321215325415
BCb,b_cb,NN,Neural Network,uncalibrated,0.0387,0.969341,-9.116284941235362e-15,1.9912653592399997e-15,97.0,-9.1152744001183e-15,1.9910446272714994e-15,97.0,0.004671547235562124
BCb,b_cb,NN,Neural Network,uncalibrated,0.03872,0.9693336,1.6991660116220458e-15,2.2111691073971824e-15,33.0,1.6989776588960738e-15,2.21092399907574e-15,33.0,0.004389135498216952
BCb,b_cb,NN,Neural Network,uncalibrated,0.03874,0.9693262,2.1796948185036114e-15,2.1282698419600774e-15,65.0,2.1794531991103043e-15,2.1280339230306763e-15,65.0,0.004132544353858144
BCb,b_cb,NN,Neural Network,uncalibrated,0.03876,0.9693188,-3.4443389429364295e-16,2.785569958159564e-15,49.0,-3.4439571376127363e-16,2.7852611774451347e-15,49.0,0.0038988031571142875
BCb,b_cb,NN,Neural Network,uncalibrated,0.03878,0.9693114,-2.746965847298274e-15,2.4510419894880736e-15,73.0,-2.746661345853467e-15,2.450770291233146e-15,73.0,0.0036853346483106185
BCb,b_cb,NN,Neural Network,uncalibrated,0.0388,0.9693039999999999,7.220291737056952e-15,3.103207092311036e-15,73.0,7.219491366980299e-15,3.1028631014878397e-15,73.0,0.003489897347764067
BCb,b_cb,NN,Neural Network,uncalibrated,0.03882,0.9692966,-9.987014156657008e-15,3.005297807239182e-15,91.0,-9.985907095117477e-15,3.0049646696702255e-15,91.0,0.0033105370537382505
BCb,b_cb,NN,Neural Network,uncalibrated,0.03884,0.9692892,2.7522408812643592e-15,3.3274978069112145e-15,94.0,2.7519357950815014e-15,3.3271289534393798e-15,94.0,0.003145545920416168
BCb,b_cb,NN,Neural Network,uncalibrated,0.03886,0.9692818,3.627935213536023e-15,2.781020754793576e-15,92.0,3.62753305654698e-15,2.780712478358798e-15,92.0,0.0029934278579205375
BCb,b_cb,NN,Neural Network,uncalibrated,0.03888,0.9692744,5.363263891243599e-15,3.4247558650414487e-15,76.0,5.362669372893357e-15,3.4243762305039458e-15,76.0,0.0028528692145324184
BCb,b_cb,NN,Neural Network,uncalibrated,0.0389,0.969267,-8.790240010619015e-16,2.0615999152004565e-15,60.0,-8.789265611615832e-16,2.061371386639247e-15,60.0,0.0027227138805392733
BCb,b_cb,NN,Neural Network,uncalibrated,0.03892,0.9692596,-3.3536984444381963e-16,3.216760130848388e-15,98.0,-3.3533266866229433e-16,3.2164035526592656e-15,98.0,0.0026019421004697166
BCb,b_cb,NN,Neural Network,uncalibrated,0.03894,0.9692522,-3.4351332673076943e-15,2.8986284387523346e-15,16.0,-3.434752482434078e-15,2.898307125493773e-15,16.0,0.0024896524016750406
BCb,b_cb,NN,Neural Network,uncalibrated,0.03896,0.9692448,8.557789504561467e-16,3.1870812296995938e-15,41.0,8.55684087272073e-16,3.1867279414197003e-15,41.0,0.0023850461470152112
BCb,b_cb,NN,Neural Network,uncalibrated,0.03898,0.9692374,6.892076904566531e-15,3.1541412476530727e-15,70.0,6.891312917137577e-15,3.153791610773552e-15,70.0,0.002287414301676695
BCb,b_cb,NN,Neural Network,uncalibrated,0.039,0.96923,-1.5489888967994805e-14,4.975856083017567e-15,99.0,-1.5488171912220238e-14,4.9753045088624225e-15,99.0,0.002196126072055642
BCb,b_cb,NN,Neural Network,uncalibrated,0.03902,0.96922275,-7.762625574702683e-15,3.4704136015757876e-15,68.0,-7.761765086864695e-15,3.470028905873513e-15,68.0,0.0021114902591880054
BCb,b_cb,NN,Neural Network,uncalibrated,0.03904,0.9692155,1.4931170332468707e-14,5.071867783354689e-15,93.0,1.4929515210712054e-14,5.071305566292782e-15,93.0,0.002032020135972979
BCb,b_cb,NN,Neural Network,uncalibrated,0.03906,0.96920825,8.571627910875448e-15,3.5135285425237936e-15,91.0,8.570677745045849e-15,3.513139067525913e-15,91.0,0.001957280511268437
BCb,b_cb,NN,Neural Network,uncalibrated,0.03908,0.969201,2.7654557717618342e-15,4.355998709018584e-15,32.0,2.7651492207070305e-15,4.355515846116697e-15,32.0,0.0018868807005085685
BCb,b_cb,NN,Neural Network,uncalibrated,0.0391,0.96919375,-7.97093917135175e-15,5.362662206284943e-15,33.0,-7.97005559193029e-15,5.362067754631521e-15,33.0,0.0018204693364529036
BCb,b_cb,NN,Neural Network,uncalibrated,0.03912,0.9691865000000001,-6.054162146261079e-15,5.005032873152065e-15,40.0,-6.053491041768664e-15,5.004478064746751e-15,40.0,0.0017577298506952555
BCb,b_cb,NN,Neural Network,uncalibrated,0.03914,0.96917925,4.713923925311824e-15,6.0898979814180416e-15,33.0,4.713401386363163e-15,6.089222915604696e-15,33.0,0.0016983765315043175
BCb,b_cb,NN,Neural Network,uncalibrated,0.03916,0.969172,1.1358493687405746e-14,7.459768518927958e-15,64.0,1.1357234597220156e-14,7.458941602825578e-15,64.0,0.0016421510778482638
BCb,b_cb,NN,Neural Network,uncalibrated,0.03918,0.96916475,-1.679795038420249e-14,8.027195104431349e-15,91.0,-1.67960883296863e-14,8.026305289033929e-15,91.0,0.0015888195814209999
BCb,b_cb,NN,Neural Network,uncalibrated,0.0392,0.9691575,-1.2041253385812431e-14,9.152915642195753e-15,74.0,-1.2039918611644436e-14,9.151901040561717e-15,74.0,0.0015381698785847952
BCb,b_cb,NN,Neural Network,uncalibrated,0.03922,0.96915025,1.8166496021945854e-14,1.1563787300168207e-14,72.0,1.8164482264006037e-14,1.1562505453164721e-14,72.0,0.0014900092226286452
BCb,b_cb,NN,Neural Network,uncalibrated,0.03924,0.969143,-2.3954315297837525e-14,1.3956811069661525e-14,99.0,-2.3951659959539494e-14,1.3955263955728524e-14,99.0,0.001444162233917733
BCb,b_cb,NN,Neural Network,uncalibrated,0.03926,0.96913575,-3.658590421261905e-15,1.1035858649714539e-14,40.0,-3.658184866139894e-15,1.1034635323655744e-14,40.0,0.001400469091575699
BCb,b_cb,NN,Neural Network,uncalibrated,0.03928,0.9691285,-1.4266117229032893e-14,9.30617984400487e-15,91.0,-1.426453582848058e-14,9.305148253018409e-15,91.0,0.0013587839354830126
BCb,b_cb,NN,Neural Network,uncalibrated,0.0393,0.9691212499999999,-4.053373369384874e-15,1.0294078897812824e-14,91.0,-4.052924052532715e-15,1.0292937798115295e-14,91.0,0.001318973451739275
BCb,b_cb,NN,Neural Network,uncalibrated,0.03932,0.969114,4.541844312253641e-15,7.383401685698008e-15,42.0,4.5413408483476626e-15,7.382583234866894e-15,42.0,0.0012809156184502815
BCb,b_cb,NN,Neural Network,uncalibrated,0.03934,0.96910675,-1.3504737041646914e-14,5.927245611561089e-15,91.0,-1.3503240040166189e-14,5.9265885757795005e-15,91.0,0.001244498591861739
BCb,b_cb,NN,Neural Network,uncalibrated,0.03936,0.9690995,1.481201706210402e-14,1.2048002286638624e-14,40.0,1.4810375148499586e-14,1.2046666764354413e-14,40.0,0.0012096197155673882
BCb,b_cb,NN,Neural Network,uncalibrated,0.03938,0.96909225,-8.554712048612156e-16,5.995210977923114e-15,44.0,-8.553763757907474e-16,5.994546408173729e-15,44.0,0.0011761846378185049
BCb,b_cb,NN,Neural Network,uncalibrated,0.0394,0.969085,-1.9564298398371428e-14,8.521861158537667e-15,100.0,-1.9562129693895257e-14,8.520916509357621e-15,100.0,0.001144106523949192
BCb,b_cb,NN,Neural Network,uncalibrated,0.03942,0.9690784,-5.363308163416982e-15,1.0160306334923951e-14,33.0,-5.3627136401590904e-15,1.0159180063928687e-14,33.0,0.0011145402529627165
BCb,b_cb,NN,Neural Network,uncalibrated,0.03944,0.9690717999999999,-7.972285045420413e-15,1.0012433390997038e-14,65.0,-7.971401316808625e-15,1.0011323511732718e-14,65.0,0.00108606706788369
BCb,b_cb,NN,Neural Network,uncalibrated,0.03946,0.9690652,8.012620067252e-15,1.2290817965426732e-14,98.0,8.011731867499086e-15,1.228945552699974e-14,98.0,0.0010586282220749433
BCb,b_cb,NN,Neural Network,uncalibrated,0.03948,0.9690586,-6.913676342506659e-15,1.2628332047042391e-14,94.0,-6.912909960777705e-15,1.2626932195144786e-14,94.0,0.0010321691691995423
BCb,b_cb,NN,Neural Network,uncalibrated,0.0395,0.9690519999999999,-7.477841126112016e-15,9.899072265110226e-15,98.0,-7.477012206659215e-15,9.897974951938391e-15,98.0,0.0010066392059737404
BCb,b_cb,NN,Neural Network,uncalibrated,0.03952,0.9690454,-2.1889680387347264e-15,1.489790856853065e-14,91.0,-2.1887253914038786e-15,1.489625713384375e-14,91.0,0.0009819911491092254
BCb,b_cb,NN,Neural Network,uncalibrated,0.03954,0.9690388,1.2119021529402729e-14,1.3699420385777448e-14,41.0,1.2117678134628232e-14,1.3697901803628262e-14,41.0,0.0009581810428314351
BCb,b_cb,NN,Neural Network,uncalibrated,0.03956,0.9690322,1.4283088553139472e-14,2.0546355709746103e-14,99.0,1.428150527131451e-14,2.054407814411698e-14,99.0,0.0009351678937823224
BCb,b_cb,NN,Neural Network,uncalibrated,0.03958,0.9690255999999999,-6.260291605175383e-15,1.0781610077490792e-14,97.0,-6.259597651211321e-15,1.0780414934912174e-14,97.0,0.0009129134304745822
BCb,b_cb,NN,Neural Network,uncalibrated,0.0396,0.969019,-2.5046400977625812e-14,1.7655323288921894e-14,96.0,-2.50436245815185e-14,1.7653366194531448e-14,96.0,0.000891381884788969
BCb,b_cb,NN,Neural Network,uncalibrated,0.03962,0.9690124,-1.1367829186665249e-14,1.4059305443194463e-14,42.0,-1.1366569061638506e-14,1.405774696774972e-14,42.0,0.000870539793282593
BCb,b_cb,NN,Neural Network,uncalibrated,0.03964,0.9690057999999999,2.901480179581653e-14,2.0839586009641305e-14,99.0,2.901158550207353e-14,2.0837275939403363e-14,99.0,0.0008503558163281125
BCb,b_cb,NN,Neural Network,uncalibrated,0.03966,0.9689992,1.477685610206156e-14,1.4268238494710928e-14,72.0,1.4775218086053126e-14,1.426665685901622e-14,72.0,0.0008308005733164899
BCb,b_cb,NN,Neural Network,uncalibrated,0.03968,0.9689926,1.8130045265920813e-14,2.216674486660699e-14,99.0,1.8128035548551168e-14,2.216428768067421e-14,99.0,0.0008118464923477027
BCb,b_cb,NN,Neural Network,uncalibrated,0.0397,0.968986,-1.734580247416478e-14,2.2496362619267322e-14,91.0,-1.7343879690188158e-14,2.2493868895172438e-14,91.0,0.0007934676730063071
BCb,b_cb,NN,Neural Network,uncalibrated,0.03972,0.9689793999999999,-4.077101178513902e-14,3.3359987793781484e-14,99.0,-4.0766492314316857e-14,3.335628983572585e-14,99.0,0.0007756397609632765
BCb,b_cb,NN,Neural Network,uncalibrated,0.03974,0.9689728,2.0985541414824778e-14,2.646542961785494e-14,100.0,2.098321516541546e-14,2.6462495922278515e-14,100.0,0.0007583398332811747
BCb,b_cb,NN,Neural Network,uncalibrated,0.03976,0.9689662,-2.809512118226613e-14,2.601234929001653e-14,66.0,-2.809200683521229e-14,2.6009465818439718e-14,66.0,0.0007415462934133411
BCb,b_cb,NN,Neural Network,uncalibrated,0.03978,0.9689595999999999,3.822291448600367e-14,3.258181690753167e-14,74.0,3.8218677472028704e-14,3.2578205209799545e-14,74.0,0.0007252387749955518
BCb,b_cb,NN,Neural Network,uncalibrated,0.0398,0.968953,2.4600697708975017e-14,3.4061077765414455e-14,68.0,2.4597970719121483e-14,3.40573020914652e-14,68.0,0.0007093980536174287
BCb,b_cb,NN,Neural Network,uncalibrated,0.03982,0.9689462999999999,4.128386861772388e-14,4.029972392372077e-14,74.0,4.1279292296671026e-14,4.0295256695207766e-14,74.0,0.0006939208438625419
BCb,b_cb,NN,Neural Network,uncalibrated,0.03984,0.9689396,3.797661271113986e-14,4.020691895328237e-14,40.0,3.797240299974192e-14,4.020246201220964e-14,40.0,0.0006788811845760312
BCb,b_cb,NN,Neural Network,uncalibrated,0.03986,0.9689329,-3.857162924468352e-14,3.8815516286374077e-14,99.0,-3.8567353575640155e-14,3.881121358242722e-14,99.0,0.0006642624252392354
BCb,b_cb,NN,Neural Network,uncalibrated,0.03988,0.9689262,-3.953132233054513e-14,4.211119044865802e-14,74.0,-3.9526940279424837e-14,4.210652241889327e-14,74.0,0.0006500487985973606
BCb,b_cb,NN,Neural Network,uncalibrated,0.0399,0.9689194999999999,-3.065348358590383e-14,3.645709242017438e-14,98.0,-3.0650085644115933e-14,3.645305114775433e-14,98.0,0.0006362253604233835
BCb,b_cb,NN,Neural Network,uncalibrated,0.03992,0.9689128,4.4025223126867714e-14,3.73842310646624e-14,48.0,4.4020342926387457e-14,3.738008701883068e-14,48.0,0.0006227779340462816
BCb,b_cb,NN,Neural Network,uncalibrated,0.03994,0.9689061,-4.8641607754872956e-14,6.142983157592714e-14,92.0,-4.863621582768227e-14,6.142302207281944e-14,92.0,0.0006096930592268996
BCb,b_cb,NN,Neural Network,uncalibrated,0.03996,0.9688994,5.802021051219464e-14,6.158794684343167e-14,72.0,5.801377896593371e-14,6.158111981323395e-14,72.0,0.0005969579450066736
BCb,b_cb,NN,Neural Network,uncalibrated,0.03998,0.9688926999999999,5.3141627306301094e-14,5.5933488859599796e-14,48.0,5.3135736551486915e-14,5.592728862664724e-14,48.0,0.0005845604261868662
BCb,b_cb,NN,Neural Network,uncalibrated,0.04,0.9688859999999999,-5.4775392249904386e-14,4.9682758977287746e-14,66.0,-5.476932039207647e-14,4.967725163837835e-14,66.0,0.0005724889231307527
BCb,b_cb,NN,Neural Network,uncalibrated,0.04002,0.9688793,-6.298179208955965e-14,5.2788142521843816e-14,75.0,-6.297481055147122e-14,5.278229095085133e-14,75.0,0.0005607324046079874
BCb,b_cb,NN,Neural Network,uncalibrated,0.04004,0.9688726,-4.6908758318870195e-14,4.580766178320815e-14,66.0,-4.690355847821703e-14,4.580258399921844e-14,66.0,0.0005492803534263061
BCb,b_cb,NN,Neural Network,uncalibrated,0.04006,0.9688659,3.010392029515936e-14,3.5773709010391384e-14,41.0,3.01005832725201e-14,3.576974349109382e-14,41.0,0.0005381227346201161
BCb,b_cb,NN,Neural Network,uncalibrated,0.04008,0.9688592,-3.8212637309898416e-14,4.288714808911759e-14,73.0,-3.820840143514769e-14,4.2882394044369444e-14,73.0,0.0005272499659841694
BCb,b_cb,NN,Neural Network,uncalibrated,0.0401,0.9688525,4.5123106164927917e-14,5.090198505066216e-14,49.0,4.511810426400151e-14,5.0896342560420903e-14,49.0,0.0005166528907611875
BCb,b_cb,NN,Neural Network,uncalibrated,0.04012,0.9688458,-5.330109936391345e-14,5.4642631570396386e-14,99.0,-5.3295190931601965e-14,5.463657442910277e-14,99.0,0.0005063227523092257
BCb,b_cb,NN,Neural Network,uncalibrated,0.04014,0.9688391,3.972347313506822e-14,3.9837053985559356e-14,33.0,3.971906978401393e-14,3.983263804405618e-14,33.0,0.0004962511705882686
BCb,b_cb,NN,Neural Network,uncalibrated,0.04016,0.9688323999999999,-5.526747745624096e-14,5.74914601350251e-14,32.0,-5.5261351050717167e-14,5.748508720079415e-14,32.0,0.0004864301203214503
BCb,b_cb,NN,Neural Network,uncalibrated,0.04018,0.9688257,3.599613341831226e-14,4.1223828480039454e-14,69.0,3.599214324324656e-14,4.1219258814442107e-14,69.0,0.00047685191069775487
BCb,b_cb,NN,Neural Network,uncalibrated,0.0402,0.968819,-5.108748700908591e-14,5.342469965055979e-14,48.0,-5.108182395593038e-14,5.341877751714419e-14,48.0,0.0004675091664944459
BCb,b_cb,NN,Neural Network,uncalibrated,0.04022,0.968812775,-5.574387595468199e-14,6.15248927114185e-14,74.0,-5.573769674033675e-14,6.151807267077519e-14,74.0,0.00045859795780182856
BCb,b_cb,NN,Neural Network,uncalibrated,0.04024,0.96880655,-7.906476727394934e-14,7.340524657640637e-14,41.0,-7.905600293641815e-14,7.339710959732268e-14,41.0,0.00044989542822345194
BCb,b_cb,NN,Neural Network,uncalibrated,0.04026,0.968800325,-5.84458431863977e-14,6.333611094654163e-14,40.0,-5.843936445870668e-14,6.332909013216979e-14,40.0,0.0004413957330813933
BCb,b_cb,NN,Neural Network,uncalibrated,0.04028,0.9687941,-7.863951276641301e-14,8.242130573419638e-14,74.0,-7.86307955683844e-14,8.241216932403096e-14,74.0,0.00043309324201003783
BCb,b_cb,NN,Neural Network,uncalibrated,0.0403,0.968787875,-6.081331979021471e-14,6.270464695013605e-14,33.0,-6.080657862750025e-14,6.269769613361271e-14,33.0,0.00042498252809212777
BCb,b_cb,NN,Neural Network,uncalibrated,0.04032,0.9687816499999999,6.713842775677842e-14,6.869969565441945e-14,74.0,6.713098545520626e-14,6.869208028614136e-14,74.0,0.0004170583576949081
BCb,b_cb,NN,Neural Network,uncalibrated,0.04034,0.968775425,-7.642545898610935e-14,7.864842183240367e-14,33.0,-7.64169872161691e-14,7.86397036468048e-14,33.0,0.00040931568095510745
BCb,b_cb,NN,Neural Network,uncalibrated,0.04036,0.9687692,-8.955614286800113e-14,8.356490570165774e-14,66.0,-8.954621556041055e-14,8.355564252331909e-14,66.0,0.0004017496228654712
BCb,b_cb,NN,Neural Network,uncalibrated,0.04038,0.968762975,-1.0982955856240726e-13,1.1438615736991633e-13,68.0,-1.0981738394461363e-13,1.143734776526794e-13,68.0,0.0003943554749201072
BCb,b_cb,NN,Neural Network,uncalibrated,0.0404,0.96875675,8.844739498684381e-14,8.63418962180416e-14,40.0,8.843759058407841e-14,8.633232521002981e-14,40.0,0.0003871286872777767
BCb,b_cb,NN,Neural Network,uncalibrated,0.04042,0.968750525,-8.3467854768114e-14,8.85836207806617e-14,92.0,-8.345860234788174e-14,8.857380127724434e-14,92.0,0.000380064861406648
BCb,b_cb,NN,Neural Network,uncalibrated,0.04044,0.9687443,-9.383002906072412e-14,9.439321591335497e-14,96.0,-9.381962799241231e-14,9.438275241572304e-14,96.0,0.00037315974317664286
BCb,b_cb,NN,Neural Network,uncalibrated,0.04046,0.968738075,7.624452132432711e-14,7.469555949933635e-14,49.0,7.623606961135234e-14,7.468727948893812e-14,49.0,0.00036640921636719813
BCb,b_cb,NN,Neural Network,uncalibrated,0.04048,0.96873185,-1.1653759429123694e-13,1.1964917712295248e-13,41.0,-1.1652467608699935e-13,1.196359139994401e-13,41.0,0.0003598092965618427
BCb,b_cb,NN,Neural Network,uncalibrated,0.0405,0.968725625,9.190195931101615e-14,9.212465584438575e-14,16.0,9.189177196944343e-14,9.211444381687955e-14,16.0,0.0003533561254024792
BCb,b_cb,NN,Neural Network,uncalibrated,0.04052,0.9687194,1.4681581898590736e-13,1.488192401418397e-13,91.0,1.467995444373868e-13,1.4880274351387932e-13,91.0,0.00034704596517832727
BCb,b_cb,NN,Neural Network,uncalibrated,0.04054,0.968713175,-1.1846826454355256e-13,1.2236079497191974e-13,98.0,-1.1845513232431733e-13,1.2234723126528885e-13,98.0,0.00034087519372691676
BCb,b_cb,NN,Neural Network,uncalibrated,0.04056,0.9687069500000001,1.478749691891512e-13,1.4609938585624077e-13,24.0,1.4785857723372448e-13,1.4608319072440793e-13,24.0,0.00033484029962521975
BCb,b_cb,NN,Neural Network,uncalibrated,0.04058,0.968700725,-1.709058186026478e-13,1.781269683805463e-13,99.0,-1.7088687367518243e-13,1.781072229878903e-13,99.0,0.0003289378776514908
BCb,b_cb,NN,Neural Network,uncalibrated,0.0406,0.9686945,-1.5099902451194416e-13,1.5222437497524742e-13,69.0,-1.5098228625463994e-13,1.5220750088771917e-13,69.0,0.0003231646244997049
BCb,b_cb,NN,Neural Network,uncalibrated,0.04062,0.968688275,1.9898485494845557e-13,1.9498939784742295e-13,41.0,1.9896279745697075e-13,1.9496778325276596e-13,41.0,0.00031751733472915023
BCb,b_cb,NN,Neural Network,uncalibrated,0.04064,0.96868205,1.5780455519960767e-13,1.648021724553719e-13,41.0,1.577870625485558e-13,1.6478390411773236e-13,41.0,0.0003119928969338822
BCb,b_cb,NN,Neural Network,uncalibrated,0.04066,0.968675825,-1.0836417219598864e-13,1.0970398053807062e-13,99.0,-1.0835216001642224e-13,1.0969181984061257e-13,99.0,0.0003065882901173106
BCb,b_cb,NN,Neural Network,uncalibrated,0.04068,0.9686696,-2.050309603150759e-13,2.040337304619847e-13,40.0,-2.050082326121583e-13,2.0401111330209816e-13,40.0,0.00030130058025829725
BCb,b_cb,NN,Neural Network,uncalibrated,0.0407,0.968663375,-2.007608782544934e-13,2.054281997847781e-13,97.0,-2.0073862389060113e-13,2.0540542804781739e-13,97.0,0.00029612691705661616
BCb,b_cb,NN,Neural Network,uncalibrated,0.04072,0.9686571500000001,-2.0428980428891652e-13,2.056227067745297e-13,16.0,-2.04267158743221e-13,2.055999134764574e-13,16.0,0.0002910645308456597
BCb,b_cb,NN,Neural Network,uncalibrated,0.04074,0.968650925,1.8576090363490462e-13,1.8909516136889623e-13,74.0,1.857403120197887e-13,1.8907420015096987e-13,74.0,0.0002861107296618334
BCb,b_cb,NN,Neural Network,uncalibrated,0.04076,0.9686447,-3.0060097322441835e-13,3.069326987276714e-13,99.0,-3.0056765157579235e-13,3.0689867520662655e-13,99.0,0.00028126289646080083
BCb,b_cb,NN,Neural Network,uncalibrated,0.04078,0.968638475,2.1100541547291767e-13,2.1178674752832e-13,98.0,2.109820255010878e-13,2.117632709457519e-13,98.0,0.0002765184864708568
BCb,b_cb,NN,Neural Network,uncalibrated,0.0408,0.96863225,-3.0767690614015077e-13,2.9979614627863125e-13,74.0,-3.076428001236309e-13,2.9976291384514703e-13,74.0,0.0002718750246751036
BCb,b_cb,NN,Neural Network,uncalibrated,0.04082,0.9686260250000001,2.8188515229236693e-13,2.887720720699583e-13,91.0,2.818539052944808e-13,2.8874006165631124e-13,91.0,0.0002673301034142786
BCb,b_cb,NN,Neural Network,uncalibrated,0.04084,0.9686198,-2.170780801636827e-13,2.1774618735180232e-13,41.0,-2.1705401703628944e-13,2.1772205016465905e-13,41.0,0.000262881380102665
BCb,b_cb,NN,Neural Network,uncalibrated,0.04086,0.968613575,3.945784840752824e-13,3.9524559791324207e-13,49.0,3.9453474501011e-13,3.9520178489843255e-13,49.0,0.0002585265750504424
BCb,b_cb,NN,Neural Network,uncalibrated,0.04088,0.9686073500000001,2.5718139342836095e-13,2.650679853906845e-13,66.0,2.5715288484465504e-13,2.650386025774537e-13,66.0,0.0002542634693856217
BCb,b_cb,NN,Neural Network,uncalibrated,0.0409,0.9686011250000001,-3.151273285154693e-13,3.1501738288041833e-13,40.0,-3.150923966188657e-13,3.149824631712995e-13,40.0,0.0002500899030697477
BCb,b_cb,NN,Neural Network,uncalibrated,0.04092,0.9685949,-3.8036293814376117e-13,3.811413916263386e-13,72.0,-3.803207748731552e-13,3.8109914206408456e-13,72.0,0.000246003773001932
BCb,b_cb,NN,Neural Network,uncalibrated,0.04094,0.968588675,-4.265800932303099e-13,4.3235580482588886e-13,97.0,-4.2653280678333556e-13,4.3230787814069406e-13,97.0,0.00024200303120564505
BCb,b_cb,NN,Neural Network,uncalibrated,0.04096,0.96858245,-3.333519249396038e-13,3.40682342092605e-13,64.0,-3.3331497284461165e-13,3.406445774201226e-13,64.0,0.0002380856830937097
BCb,b_cb,NN,Neural Network,uncalibrated,0.04098,0.9685762250000001,3.1849410610049507e-13,3.14055304020621e-13,64.0,3.1845880099634627e-13,3.1402049095813613e-13,64.0,0.00023424978580686574
BCb,b_cb,NN,Neural Network,uncalibrated,0.041,0.96857,4.190377877333301e-13,4.155971695307418e-13,65.0,4.189913373518441e-13,4.155511005421351e-13,65.0,0.0002304934466216224
