transition,folder,tag,model,calibration,param,k4,mean,mean_err,mean_B,ess_frac
BCb,b_cb,LR,Logistic Regression,uncalibrated,0.036,0.97125,-0.0002770654909246417,0.00029117624308667566,2.0,0.0001563208300938046
BCb,b_cb,LR,Logistic Regression,uncalibrated,0.03602,0.9712312,-0.00028199935768931177,0.00029626317333316326,2.0,0.0001596553491606923
BCb,b_cb,LR,Logistic Regression,uncalibrated,0.03604,0.9712124,-0.00028720616200257545,0.0003016319644275384,2.0,0.0001631400369800422
BCb,b_cb,LR,Logistic Regression,uncalibrated,0.03606,0.9711936,-0.0002927046488927368,0.00030730213425789253,2.0,0.0001667845039170563
BCb,b_cb,LR,Logistic Regression,uncalibrated,0.03608,0.9711748,-0.0002985150008138849,0.000313294723031569,2.0,0.0001705991797407486
BCb,b_cb,LR,Logistic Regression,uncalibrated,0.0361,0.9711559999999999,-0.0003046589625440014,0.0003196324293183216,2.0,0.00017459540114748138
BCb,b_cb,LR,Logistic Regression,uncalibrated,0.03612,0.9711371999999999,-0.000311159979106675,0.00032633976083729224,2.0,0.00017878551039956058
BCb,b_cb,LR,Logistic Regression,uncalibrated,0.03614,0.9711183999999999,-0.0003180433484315663,0.000333443202010873,2.0,0.0001831829667009212
BCb,b_cb,LR,Logistic Regression,uncalibrated,0.03616,0.9710996,-0.0003253363907061278,0.0003409714006084533,2.0,0.00018780247219776363
BCb,b_cb,LR,Logistic Regression,uncalibrated,0.03618,0.9710808,-0.0003330686368285374,0.0003489553763373234,2.0,0.00019266011480807853
BCb,b_cb,LR,Logistic Regression,uncalibrated,0.0362,0.971062,-0.00034127203846898147,0.00035742875442958203,2.0,0.0001977735304575747
BCb,b_cb,LR,Logistic Regression,uncalibrated,0.03622,0.9710432,-0.0003499812030078552,0.000366428028151847,2.0,0.00020316208774441542
BCb,b_cb,LR,Logistic Regression,uncalibrated,0.03624,0.9710244,-0.0003592336569694954,0.0003759928546588196,2.0,0.0002088470985853734
BCb,b_cb,LR,Logistic Regression,uncalibrated,0.03626,0.9710056,-0.0003690701421168881,0.0003861663893376503,2.0,0.00021485205902985587
BCb,b_cb,LR,Logistic Regression,uncalibrated,0.03628,0.9709868,-0.0003795349493427284,0.00039699566498308854,2.0,0.00022120292518815527
BCb,b_cb,LR,Logistic Regression,uncalibrated,0.0363,0.970968,-0.00039067629601961947,0.0004085320229496732,2.0,0.0002279284301337885
BCb,b_cb,LR,Logistic Regression,uncalibrated,0.03632,0.9709492,-0.000402546753736879,0.00042083160504164166,2.0,0.0002350604487413466
BCb,b_cb,LR,Logistic Regression,uncalibrated,0.03634,0.9709304,-0.00041520373429814594,0.00043395591628807767,2.0,0.00024263441875320858
BCb,b_cb,LR,Logistic Regression,uncalibrated,0.03636,0.9709116,-0.00042871004330341045,0.00044797247075606427,2.0,0.00025068982798532593
BCb,b_cb,LR,Logistic Regression,uncalibrated,0.03638,0.9708928,-0.0004431345121378171,0.00046295553475751846,2.0,0.00025927077954793356
BCb,b_cb,LR,Logistic Regression,uncalibrated,0.0364,0.970874,-0.00045855272098187184,0.00047898698449328847,2.0,0.00026842664935973053
BCb,b_cb,LR,Logistic Regression,uncalibrated,0.03642,0.9708552,-0.00047504782751323505,0.0004961572983764672,2.0,0.0002782128531753422
BCb,b_cb,LR,Logistic Regression,uncalibrated,0.03644,0.9708364,-0.000492711518280578,0.0005145667080509107,2.0,0.0002886917439626124
BCb,b_cb,LR,Logistic Regression,uncalibrated,0.03646,0.9708176000000001,-0.000511645102382208,0.0005343265366546423,2.0,0.00029993366492757324
BCb,b_cb,LR,Logistic Regression,uncalibrated,0.03648,0.9707988000000001,-0.0005319607700206783,0.0005555607582435905,2.0,0.0003120181890081736
BCb,b_cb,LR,Logistic Regression,uncalibrated,0.0365,0.9707800000000001,-0.0005537830417283978,0.0005784078186577347,2.0,0.00032503558252125643
BCb,b_cb,LR,Logistic Regression,uncalibrated,0.03652,0.9707612,-0.0005772504375898855,0.0006030227657265807,2.0,0.00033908853920805524
BCb,b_cb,LR,Logistic Regression,uncalibrated,0.03654,0.9707424,-0.0006025173994386438,0.0006295797456900642,2.0,0.0003542942416424407
BCb,b_cb,LR,Logistic Regression,uncalibrated,0.03656,0.9707236,-0.0006297565027401383,0.0006582749334171662,2.0,0.0003707868204430158
BCb,b_cb,LR,Logistic Regression,uncalibrated,0.03658,0.9707048,-0.0006591609983775017,0.0006893299766683364,2.0,0.0003887202987368996
BCb,b_cb,LR,Logistic Regression,uncalibrated,0.0366,0.970686,-0.0006909477274743587,0.0007229960496376614,2.0,0.0004082721308832972
BCb,b_cb,LR,Logistic Regression,uncalibrated,0.03662,0.9706679,-0.0007243165178846367,0.0007584487409049245,2.0,0.00042900314082650276
BCb,b_cb,LR,Logistic Regression,uncalibrated,0.03664,0.9706498,-0.0007604132378651167,0.0007969311239658646,2.0,0.00045167388738763276
BCb,b_cb,LR,Logistic Regression,uncalibrated,0.03666,0.9706317,-0.0007995201394590842,0.000838782210384892,2.0,0.0004765370214630228
BCb,b_cb,LR,Logistic Regression,uncalibrated,0.03668,0.9706136000000001,-0.0008419547189314124,0.0008843890574275786,2.0,0.0005038865180216589
BCb,b_cb,LR,Logistic Regression,uncalibrated,0.0367,0.9705955,-0.0008880743464667593,0.0009341946949362253,2.0,0.000534065718307974
BCb,b_cb,LR,Logistic Regression,uncalibrated,0.03672,0.9705774,-0.0009382813520829967,0.00098870744641547,2.0,0.0005674771785729854
BCb,b_cb,LR,Logistic Regression,uncalibrated,0.03674,0.9705593,-0.000993028525158698,0.001048511889284446,2.0,0.0006045947839644901
BCb,b_cb,LR,Logistic Regression,uncalibrated,0.03676,0.9705412,-0.001052824932044452,0.0011142817392598265,2.0,0.0006459787155935796
BCb,b_cb,LR,Logistic Regression,uncalibrated,0.03678,0.9705231,-0.0011182418773401752,0.0011867949888107509,2.0,0.0006922940281834584
BCb,b_cb,LR,Logistic Regression,uncalibrated,0.0368,0.970505,-0.001189918719134726,0.0012669516794186772,2.0,0.0007443338184629331
BCb,b_cb,LR,Logistic Regression,uncalibrated,0.03682,0.9704869,-0.0012685680826134142,0.0013557947413392157,2.0,0.0008030482587548354
BCb,b_cb,LR,Logistic Regression,uncalibrated,0.03684,0.9704688,-0.0013549797808464251,0.0014545343913559194,2.0,0.0008695811607810925
BCb,b_cb,LR,Logistic Regression,uncalibrated,0.03686,0.9704507,-0.0014500224207594603,0.0015645766361505433,2.0,0.0009453162554088769
BCb,b_cb,LR,Logistic Regression,uncalibrated,0.03688,0.9704326,-0.001554641212696648,0.0016875564823712402,2.0,0.001031936071399664
BCb,b_cb,LR,Logistic Regression,uncalibrated,0.0369,0.9704145,-0.0016698498698736995,0.0018253764978411473,2.0,0.001131497234169136
BCb,b_cb,LR,Logistic Regression,uncalibrated,0.03692,0.9703963999999999,-0.0017967136235366842,0.0019802513920604884,2.0,0.0012465272725512404
BCb,b_cb,LR,Logistic Regression,uncalibrated,0.03694,0.9703783,-0.0019363192206850778,0.002154759274087227,2.0,0.0013801497399112406
BCb,b_cb,LR,Logistic Regression,uncalibrated,0.03696,0.9703602,-0.002089726228161972,0.0023519001818244232,2.0,0.0015362467953109178
BCb,b_cb,LR,Logistic Regression,uncalibrated,0.03698,0.9703421,-0.0022578919385435148,0.002575162330197752,2.0,0.0017196715861089265
BCb,b_cb,LR,Logistic Regression,uncalibrated,0.037,0.970324,-0.002441559545581682,0.0028285962574133845,2.0,0.0019365271518468898
BCb,b_cb,LR,Logistic Regression,uncalibrated,0.03702,0.97030885,-0.0026154241445083964,0.00307901814934474,2.0,0.0021602696139150133
BCb,b_cb,LR,Logistic Regression,uncalibrated,0.03704,0.9702936999999999,-0.002801374036568587,0.003359830441560801,2.0,0.0024221483475655053
BCb,b_cb,LR,Logistic Regression,uncalibrated,0.03706,0.97027855,-0.0029987735800106434,0.0036751368073595653,2.0,0.002730248918475682
BCb,b_cb,LR,Logistic Regression,uncalibrated,0.03708,0.9702634,-0.003206256059467486,0.0040295714713778795,2.0,0.0030946534936711787
BCb,b_cb,LR,Logistic Regression,uncalibrated,0.0371,0.9702482499999999,-0.003421443131977295,0.004428347369309365,2.0,0.003527992055978021
BCb,b_cb,LR,Logistic Regression,uncalibrated,0.03712,0.9702331,-0.0036405820181542262,0.004877300268829048,2.0,0.004046158191879367
BCb,b_cb,LR,Logistic Regression,uncalibrated,0.03714,0.97021795,-0.0038580817807828205,0.005382924717033082,2.0,0.004669240808494743
BCb,b_cb,LR,Logistic Regression,uncalibrated,0.03716,0.9702028,-0.004065927796564365,0.005952396134468301,2.0,0.005422739134212399
BCb,b_cb,LR,Logistic Regression,uncalibrated,0.03718,0.97018765,-0.004252951964999447,0.006593571431253472,2.0,0.006339148917246599
BCb,b_cb,LR,Logistic Regression,uncalibrated,0.0372,0.9701725,-0.004403935901768989,0.007314958124003965,2.0,0.007460033745073872
BCb,b_cb,LR,Logistic Regression,uncalibrated,0.03722,0.97015735,-0.004498526141933277,0.008125639049830748,2.0,0.008838727573605048
BCb,b_cb,LR,Logistic Regression,uncalibrated,0.03724,0.9701422,-0.004509945284790803,0.009035136409739842,2.0,0.010543853027256472
BCb,b_cb,LR,Logistic Regression,uncalibrated,0.03726,0.97012705,-0.004403492345336317,0.01005319510051883,2.0,0.01266388371949465
BCb,b_cb,LR,Logistic Regression,uncalibrated,0.03728,0.9701119,-0.004134840827508371,0.011189461292346173,2.0,0.01531302425761929
BCb,b_cb,LR,Logistic Regression,uncalibrated,0.0373,0.9700967500000001,-0.0036481657531592,0.012453028326516832,2.0,0.018638720984056886
BCb,b_cb,LR,Logistic Regression,uncalibrated,0.03732,0.9700816,-0.002874162427204875,0.013851818834459172,2.0,0.022831135033105476
BCb,b_cb,LR,Logistic Regression,uncalibrated,0.03734,0.97006645,-0.0017280608476797042,0.015391770440309087,2.0,0.02813488101381523
BCb,b_cb,LR,Logistic Regression,uncalibrated,0.03736,0.9700513000000001,-0.00010778992231799331,0.017075793869167723,2.0,0.034863217333164755
BCb,b_cb,LR,Logistic Regression,uncalibrated,0.03738,0.97003615,0.0021074974331006767,0.01890247863887308,2.0,0.043414603394756245
BCb,b_cb,LR,Logistic Regression,uncalibrated,0.0374,0.970021,0.005058269057396186,0.020864535248149123,2.0,0.0542910228576309
BCb,b_cb,LR,Logistic Regression,uncalibrated,0.03742,0.9700083500000001,0.008391319886301166,0.022693400520839974,2.0,0.06628884200533582
BCb,b_cb,LR,Logistic Regression,uncalibrated,0.03744,0.9699957,0.01253933583332107,0.0245997131270615,2.0,0.08108654983500742
BCb,b_cb,LR,Logistic Regression,uncalibrated,0.03746,0.9699830500000001,0.01763278380701265,0.026560206952024115,2.0,0.09928713917019547
BCb,b_cb,LR,Logistic Regression,uncalibrated,0.03748,0.9699704,0.023809138557778636,0.0285435736647027,2.0,0.12158064831635672
BCb,b_cb,LR,Logistic Regression,uncalibrated,0.0375,0.9699577500000001,0.03120951431783435,0.030509490279241495,2.0,0.14873218133773633
BCb,b_cb,LR,Logistic Regression,uncalibrated,0.03752,0.9699451,0.03997435148773036,0.03240790724408083,2.0,0.18155382341013382
BCb,b_cb,LR,Logistic Regression,uncalibrated,0.03754,0.9699324500000001,0.05023826424909503,0.03417876723540941,2.0,0.22085395621435658
BCb,b_cb,LR,Logistic Regression,uncalibrated,0.03756,0.9699198,0.06212427531177414,0.035752351624279956,2.0,0.26735722678399226
BCb,b_cb,LR,Logistic Regression,uncalibrated,0.03758,0.9699071499999999,0.07573779047479709,0.037050461715036793,2.0,0.32158986045904486
BCb,b_cb,LR,Logistic Regression,uncalibrated,0.0376,0.9698945,0.09116077728694336,0.03798862366921447,2.0,0.38372939945201756
BCb,b_cb,LR,Logistic Regression,uncalibrated,0.03762,0.96988185,0.10844668230010412,0.03847944747072163,2.0,0.4534266346865098
BCb,b_cb,LR,Logistic Regression,uncalibrated,0.03764,0.9698692,0.1276166229349926,0.038437162303580616,2.0,0.5296210954048047
BCb,b_cb,LR,Logistic Regression,uncalibrated,0.03766,0.96985655,0.14885699979373515,0.04045361682462727,15.0,0.6103884135688712
BCb,b_cb,LR,Logistic Regression,uncalibrated,0.03768,0.9698439,0.17107177328011738,0.04253035185807701,15.0,0.6928728405512047
BCb,b_cb,LR,Logistic Regression,uncalibrated,0.0377,0.96983125,0.19518102783486824,0.04462020204616599,15.0,0.7733617091240754
BCb,b_cb,LR,Logistic Regression,uncalibrated,0.03772,0.9698186,0.2211196641919565,0.046735979706816005,15.0,0.8475403100621043
BCb,b_cb,LR,Logistic Regression,uncalibrated,0.03774,0.9698059499999999,0.24878917021668562,0.048886463162219757,15.0,0.9109215619176733
BCb,b_cb,LR,Logistic Regression,uncalibrated,0.03776,0.9697933,0.2780589496237575,0.051073359210570816,15.0,0.9593855233953249
BCb,b_cb,LR,Logistic Regression,uncalibrated,0.03778,0.9697806499999999,0.30876869215914016,0.05328916925451437,15.0,0.989714699308653
BCb,b_cb,LR,Logistic Regression,uncalibrated,0.0378,0.969768,0.34073167076165173,0.05551635938835848,15.0,1.0
BCb,b_cb,LR,Logistic Regression,uncalibrated,0.03782,0.96975745,0.3699463525609561,0.0574797715048318,15.0,0.9919858463389287
BCb,b_cb,LR,Logistic Regression,uncalibrated,0.03784,0.9697469,0.3998261787098506,0.05940698492921867,15.0,0.968533387036663
BCb,b_cb,LR,Logistic Regression,uncalibrated,0.03786,0.96973635,0.43020555178067404,0.06127088083445658,15.0,0.931086852331718
BCb,b_cb,LR,Logistic Regression,uncalibrated,0.03788,0.9697258,0.4609134911508963,0.06304279558063872,15.0,0.8816849446668497
BCb,b_cb,LR,Logistic Regression,uncalibrated,0.0379,0.9697152499999999,0.49155598288157915,0.06471302596813869,18.0,0.8227595402877027
BCb,b_cb,LR,Logistic Regression,uncalibrated,0.03792,0.9697047,0.5224539936142041,0.06674011530506124,18.0,0.7569416221005091
BCb,b_cb,LR,Logistic Regression,uncalibrated,0.03794,0.9696941499999999,0.5531888059696679,0.06852272082399824,18.0,0.6868889523677042
BCb,b_cb,LR,Logistic Regression,uncalibrated,0.03796,0.9696836,0.5835902212174067,0.07003480373338782,18.0,0.6151398657433246
BCb,b_cb,LR,Logistic Regression,uncalibrated,0.03798,0.9696730499999999,0.6134951538284567,0.07125847580276734,18.0,0.5439927790096228
BCb,b_cb,LR,Logistic Regression,uncalibrated,0.038,0.9696625,0.6427499929832899,0.0721841077624373,18.0,0.47541124847268074
BCb,b_cb,LR,Logistic Regression,uncalibrated,0.03802,0.96965195,0.6712126888665833,0.07280989496166003,18.0,0.41095705339018207
BCb,b_cb,LR,Logistic Regression,uncalibrated,0.03804,0.9696414,0.6987545168596317,0.07314096993840617,18.0,0.35175559447802573
BCb,b_cb,LR,Logistic Regression,uncalibrated,0.03806,0.96963085,0.7252614844450015,0.07318817908361128,18.0,0.29849669508926296
BCb,b_cb,LR,Logistic Regression,uncalibrated,0.03808,0.9696203,0.7506353596092229,0.07296665981071214,18.0,0.25146961268132406
BCb,b_cb,LR,Logistic Regression,uncalibrated,0.0381,0.9696097499999999,0.7747943149001996,0.07249436343184744,18.0,0.21062555191614293
BCb,b_cb,LR,Logistic Regression,uncalibrated,0.03812,0.9695992,0.797673196917589,0.07179066484875163,18.0,0.1756567002152921
BCb,b_cb,LR,Logistic Regression,uncalibrated,0.03814,0.9695886499999999,0.8192234454851344,0.07087518156193721,18.0,0.14607944882567966
BCb,b_cb,LR,Logistic Regression,uncalibrated,0.03816,0.9695781,0.8394126987044663,0.06976689178831844,18.0,0.12131115326342223
BCb,b_cb,LR,Logistic Regression,uncalibrated,0.03818,0.96956755,0.8582241283464459,0.068483597903657,18.0,0.1007334186909627
BCb,b_cb,LR,Logistic Regression,uncalibrated,0.0382,0.969557,0.8756555538894863,0.06704173306169525,18.0,0.08373895726887279
BCb,b_cb,LR,Logistic Regression,uncalibrated,0.03822,0.96954805,0.8902160663407945,0.06561606483717221,18.0,0.0709988851712852
BCb,b_cb,LR,Logistic Regression,uncalibrated,0.03824,0.9695391,0.903677987324855,0.06408370273999632,18.0,0.06034469006319879
BCb,b_cb,LR,Logistic Regression,uncalibrated,0.03826,0.96953015,0.9160657988831234,0.06245474620734274,18.0,0.05144460275959754
BCb,b_cb,LR,Logistic Regression,uncalibrated,0.03828,0.9695212,0.9268326771353526,0.06078618810878197,22.0,0.04401105840318654
BCb,b_cb,LR,Logistic Regression,uncalibrated,0.0383,0.96951225,0.9373412680077502,0.0591833282982683,22.0,0.03779842834440298
BCb,b_cb,LR,Logistic Regression,uncalibrated,0.03832,0.9695033,0.9468743624560929,0.0574839150562157,22.0,0.032599275594416714
BCb,b_cb,LR,Logistic Regression,uncalibrated,0.03834,0.96949435,0.9553780545297423,0.05570943354032315,21.0,0.028239937760063224
BCb,b_cb,LR,Logistic Regression,uncalibrated,0.03836,0.9694853999999999,0.9631056954037621,0.05386593063262022,21.0,0.024575978424905442
BCb,b_cb,LR,Logistic Regression,uncalibrated,0.03838,0.9694764499999999,0.9700033420180155,0.051963850856867985,21.0,0.0214878413777619
BCb,b_cb,LR,Logistic Regression,uncalibrated,0.0384,0.9694675,0.9761240962259252,0.05001829948282679,21.0,0.018876891506139117
BCb,b_cb,LR,Logistic Regression,uncalibrated,0.03842,0.96945855,0.9815224557285432,0.04804421688248086,21.0,0.016661923397319194
BCb,b_cb,LR,Logistic Regression,uncalibrated,0.03844,0.9694496,0.9863222898505665,0.04606661434829049,22.0,0.01477615309049539
BCb,b_cb,LR,Logistic Regression,uncalibrated,0.03846,0.96944065,0.9904383229404525,0.04409110883097664,22.0,0.013164669794051623
BCb,b_cb,LR,Logistic Regression,uncalibrated,0.03848,0.9694317,0.9939973681205199,0.04212905809543266,22.0,0.01178230421404042
BCb,b_cb,LR,Logistic Regression,uncalibrated,0.0385,0.96942275,0.9970517766821266,0.040191336902340856,22.0,0.010591861918684976
BCb,b_cb,LR,Logistic Regression,uncalibrated,0.03852,0.9694138,0.9996517959082195,0.03828769568023393,22.0,0.009562669211511958
BCb,b_cb,LR,Logistic Regression,uncalibrated,0.03854,0.96940485,1.0018451755153945,0.03642669212009411,22.0,0.008669382107827896
BCb,b_cb,LR,Logistic Regression,uncalibrated,0.03856,0.9693959,1.0036195886383448,0.03462410364999053,23.0,0.007891014127397261
BCb,b_cb,LR,Logistic Regression,uncalibrated,0.03858,0.96938695,1.0051556971506388,0.03289289463521814,23.0,0.0072101444440792264
BCb,b_cb,LR,Logistic Regression,uncalibrated,0.0386,0.969378,1.006408517761343,0.0312192106252888,23.0,0.0066122737223430015
BCb,b_cb,LR,Logistic Regression,uncalibrated,0.03862,0.9693706,1.0073172196545714,0.029770628770188625,23.0,0.006136812343073591
BCb,b_cb,LR,Logistic Regression,uncalibrated,0.03864,0.9693632,1.0080508040987035,0.028373763831979475,23.0,0.005710847980960029
BCb,b_cb,LR,Logistic Regression,uncalibrated,0.03866,0.9693558,1.0086307947205668,0.02703020071189496,23.0,0.005328106527783702
BCb,b_cb,LR,Logistic Regression,uncalibrated,0.03868,0.9693484,1.009076786096338,0.025740939732161613,23.0,0.00498321215325415
BCb,b_cb,LR,Logistic Regression,uncalibrated,0.0387,0.969341,1.0094065201862175,0.024506455318061997,23.0,0.004671547235562124
BCb,b_cb,LR,Logistic Regression,uncalibrated,0.03872,0.9693336,1.0096359777164872,0.02332675583395703,23.0,0.004389135498216952
BCb,b_cb,LR,Logistic Regression,uncalibrated,0.03874,0.9693262,1.0097794803713573,0.022201442895864513,23.0,0.004132544353858144
BCb,b_cb,LR,Logistic Regression,uncalibrated,0.03876,0.9693188,1.0098498000867062,0.021129768822214234,23.0,0.0038988031571142875
BCb,b_cb,LR,Logistic Regression,uncalibrated,0.03878,0.9693114,1.0098582722096605,0.020110691204061004,23.0,0.0036853346483106185
BCb,b_cb,LR,Logistic Regression,uncalibrated,0.0388,0.9693039999999999,1.0098149097747346,0.01914292386500967,23.0,0.003489897347764067
BCb,b_cb,LR,Logistic Regression,uncalibrated,0.03882,0.9692966,1.0097285166253047,0.01822498373316628,23.0,0.0033105370537382505
BCb,b_cb,LR,Logistic Regression,uncalibrated,0.03884,0.9692892,1.0096067975620644,0.017355233359739514,23.0,0.003145545920416168
BCb,b_cb,LR,Logistic Regression,uncalibrated,0.03886,0.9692818,1.0094564641157633,0.016531918992811482,23.0,0.0029934278579205375
BCb,b_cb,LR,Logistic Regression,uncalibrated,0.03888,0.9692744,1.0092833349123178,0.015753204251401916,23.0,0.0028528692145324184
BCb,b_cb,LR,Logistic Regression,uncalibrated,0.0389,0.969267,1.0088642164841373,0.015032992811982844,71.0,0.0027227138805392733
BCb,b_cb,LR,Logistic Regression,uncalibrated,0.03892,0.9692596,1.0087300351501693,0.014391179775984336,71.0,0.0026019421004697166
BCb,b_cb,LR,Logistic Regression,uncalibrated,0.03894,0.9692522,1.0085793036610302,0.013782396372054187,71.0,0.0024896524016750406
BCb,b_cb,LR,Logistic Regression,uncalibrated,0.03896,0.9692448,1.0084156729964389,0.013205258604046543,71.0,0.0023850461470152112
BCb,b_cb,LR,Logistic Regression,uncalibrated,0.03898,0.9692374,1.008242276021112,0.012658367297972789,71.0,0.002287414301676695
BCb,b_cb,LR,Logistic Regression,uncalibrated,0.039,0.96923,1.0080617881293268,0.01214032297625045,71.0,0.002196126072055642
BCb,b_cb,LR,Logistic Regression,uncalibrated,0.03902,0.96922275,1.0078784543216122,0.011655017323662607,71.0,0.0021114902591880054
BCb,b_cb,LR,Logistic Regression,uncalibrated,0.03904,0.9692155,1.0076922787989342,0.011195243101275948,71.0,0.002032020135972979
BCb,b_cb,LR,Logistic Regression,uncalibrated,0.03906,0.96920825,1.0075048238705353,0.010759709252734824,71.0,0.001957280511268437
BCb,b_cb,LR,Logistic Regression,uncalibrated,0.03908,0.969201,1.0073173946991463,0.010347159831698064,71.0,0.0018868807005085685
BCb,b_cb,LR,Logistic Regression,uncalibrated,0.0391,0.96919375,1.0071310730067262,0.009956378732942674,71.0,0.0018204693364529036
BCb,b_cb,LR,Logistic Regression,uncalibrated,0.03912,0.9691865000000001,1.0069467470212963,0.009586193213467424,71.0,0.0017577298506952555
BCb,b_cb,LR,Logistic Regression,uncalibrated,0.03914,0.96917925,1.0067651379900493,0.009235476378224226,71.0,0.0016983765315043175
BCb,b_cb,LR,Logistic Regression,uncalibrated,0.03916,0.969172,1.0065868235736004,0.008903148787451834,71.0,0.0016421510778482638
BCb,b_cb,LR,Logistic Regression,uncalibrated,0.03918,0.96916475,1.006412258422765,0.008588179325598366,71.0,0.0015888195814209999
BCb,b_cb,LR,Logistic Regression,uncalibrated,0.0392,0.9691575,1.0062417922220996,0.008289585455610801,71.0,0.0015381698785847952
BCb,b_cb,LR,Logistic Regression,uncalibrated,0.03922,0.96915025,1.0060756854649482,0.00800643296747859,71.0,0.0014900092226286452
BCb,b_cb,LR,Logistic Regression,uncalibrated,0.03924,0.969143,1.0059141232062,0.0077378353158987475,71.0,0.001444162233917733
BCb,b_cb,LR,Logistic Regression,uncalibrated,0.03926,0.96913575,1.005756405396877,0.007483310992100337,70.0,0.001400469091575699
BCb,b_cb,LR,Logistic Regression,uncalibrated,0.03928,0.9691285,1.0056052898767922,0.007242331333096292,70.0,0.0013587839354830126
BCb,b_cb,LR,Logistic Regression,uncalibrated,0.0393,0.9691212499999999,1.0054539891411607,0.007014533464511805,74.0,0.001318973451739275
BCb,b_cb,LR,Logistic Regression,uncalibrated,0.03932,0.969114,1.0053162202190382,0.006800701926963898,74.0,0.0012809156184502815
BCb,b_cb,LR,Logistic Regression,uncalibrated,0.03934,0.96910675,1.005182772740953,0.006597299851387944,74.0,0.001244498591861739
BCb,b_cb,LR,Logistic Regression,uncalibrated,0.03936,0.9690995,1.005053603737081,0.00640372145363898,74.0,0.0012096197155673882
BCb,b_cb,LR,Logistic Regression,uncalibrated,0.03938,0.96909225,1.004928649793417,0.006219396849932887,74.0,0.0011761846378185049
BCb,b_cb,LR,Logistic Regression,uncalibrated,0.0394,0.969085,1.0048078312260957,0.006043790303927411,74.0,0.001144106523949192
BCb,b_cb,LR,Logistic Regression,uncalibrated,0.03942,0.9690784,1.004696457892566,0.0058842714944546915,74.0,0.0011145402529627165
BCb,b_cb,LR,Logistic Regression,uncalibrated,0.03944,0.9690717999999999,1.0045886699089774,0.005731783596382596,74.0,0.00108606706788369
BCb,b_cb,LR,Logistic Regression,uncalibrated,0.03946,0.9690652,1.004484372595647,0.005585942941252725,74.0,0.0010586282220749433
BCb,b_cb,LR,Logistic Regression,uncalibrated,0.03948,0.9690586,1.0043834670637777,0.005446388389438573,74.0,0.0010321691691995423
BCb,b_cb,LR,Logistic Regression,uncalibrated,0.0395,0.9690519999999999,1.0042858516232958,0.00531278009727547,74.0,0.0010066392059737404
BCb,b_cb,LR,Logistic Regression,uncalibrated,0.03952,0.9690454,1.0041914229634568,0.0051847983280372744,74.0,0.0009819911491092254
BCb,b_cb,LR,Logistic Regression,uncalibrated,0.03954,0.9690388,1.0041000771374389,0.005062142309462913,74.0,0.0009581810428314351
BCb,b_cb,LR,Logistic Regression,uncalibrated,0.03956,0.9690322,1.0040117103774864,0.004944529139534805,74.0,0.0009351678937823224
BCb,b_cb,LR,Logistic Regression,uncalibrated,0.03958,0.9690255999999999,1.0039262197643422,0.004831692741480699,74.0,0.0009129134304745822
BCb,b_cb,LR,Logistic Regression,uncalibrated,0.0396,0.969019,1.0038435037717484,0.0047233828683498486,74.0,0.000891381884788969
BCb,b_cb,LR,Logistic Regression,uncalibrated,0.03962,0.9690124,1.0037634627038123,0.004619364156876175,74.0,0.000870539793282593
BCb,b_cb,LR,Logistic Regression,uncalibrated,0.03964,0.9690057999999999,1.0036859990411287,0.004519415229984649,74.0,0.0008503558163281125
BCb,b_cb,LR,Logistic Regression,uncalibrated,0.03966,0.9689992,1.0036110177089488,0.004423327846995263,74.0,0.0008308005733164899
BCb,b_cb,LR,Logistic Regression,uncalibrated,0.03968,0.9689926,1.0035384262794937,0.004330906100161558,74.0,0.0008118464923477027
BCb,b_cb,LR,Logistic Regression,uncalibrated,0.0397,0.968986,1.003468135118799,0.0042419656562184705,74.0,0.0007934676730063071
BCb,b_cb,LR,Logistic Regression,uncalibrated,0.03972,0.9689793999999999,1.003400057486214,0.004156333041050905,74.0,0.0007756397609632765
BCb,b_cb,LR,Logistic Regression,uncalibrated,0.03974,0.9689728,1.003334109595301,0.004073844966267166,74.0,0.0007583398332811747
BCb,b_cb,LR,Logistic Regression,uncalibrated,0.03976,0.9689662,1.00327021064165,0.003994347695240588,74.0,0.0007415462934133411
BCb,b_cb,LR,Logistic Regression,uncalibrated,0.03978,0.9689595999999999,1.003208282804073,0.003917696447405124,74.0,0.0007252387749955518
BCb,b_cb,LR,Logistic Regression,uncalibrated,0.0398,0.968953,1.0031482512235448,0.003843754838552042,74.0,0.0007093980536174287
BCb,b_cb,LR,Logistic Regression,uncalibrated,0.03982,0.9689462999999999,1.003089607383816,0.003771850545803709,74.0,0.0006939208438625419
BCb,b_cb,LR,Logistic Regression,uncalibrated,0.03984,0.9689396,1.003032744916373,0.0037024435727572237,74.0,0.0006788811845760312
BCb,b_cb,LR,Logistic Regression,uncalibrated,0.03986,0.9689329,1.0029775960676917,0.003635417075392326,74.0,0.0006642624252392354
BCb,b_cb,LR,Logistic Regression,uncalibrated,0.03988,0.9689262,1.002924095898686,0.0035706608930233647,74.0,0.0006500487985973606
BCb,b_cb,LR,Logistic Regression,uncalibrated,0.0399,0.9689194999999999,1.002872182201259,0.0035080711268579328,74.0,0.0006362253604233835
BCb,b_cb,LR,Logistic Regression,uncalibrated,0.03992,0.9689128,1.002821795410577,0.0034475497461827127,74.0,0.0006227779340462816
BCb,b_cb,LR,Logistic Regression,uncalibrated,0.03994,0.9689061,1.0027728785129055,0.003389004218991821,74.0,0.0006096930592268996
BCb,b_cb,LR,Logistic Regression,uncalibrated,0.03996,0.9688994,1.0027253769522066,0.0033323471672654374,74.0,0.0005969579450066736
BCb,b_cb,LR,Logistic Regression,uncalibrated,0.03998,0.9688926999999999,1.0026792385353063,0.0032774960441434428,74.0,0.0005845604261868662
BCb,b_cb,LR,Logistic Regression,uncalibrated,0.04,0.9688859999999999,1.0026344133376774,0.00322437283274277,74.0,0.0005724889231307527
BCb,b_cb,LR,Logistic Regression,uncalibrated,0.04002,0.9688793,1.0025908536088601,0.0031729037635606556,74.0,0.0005607324046079874
BCb,b_cb,LR,Logistic Regression,uncalibrated,0.04004,0.9688726,1.0025485136804217,0.00312301905151331,74.0,0.0005492803534263061
BCb,b_cb,LR,Logistic Regression,uncalibrated,0.04006,0.9688659,1.00250734987485,0.0030746526492233302,74.0,0.0005381227346201161
BCb,b_cb,LR,Logistic Regression,uncalibrated,0.04008,0.9688592,1.0024673204171624,0.003027742017042379,74.0,0.0005272499659841694
BCb,b_cb,LR,Logistic Regression,uncalibrated,0.0401,0.9688525,1.0024283853486446,0.0029822279078799627,74.0,0.0005166528907611875
BCb,b_cb,LR,Logistic Regression,uncalibrated,0.04012,0.9688458,1.0023905064435865,0.002938054166047401,74.0,0.0005063227523092257
BCb,b_cb,LR,Logistic Regression,uncalibrated,0.04014,0.9688391,1.0023536471285568,0.002895167539487023,74.0,0.0004962511705882686
BCb,b_cb,LR,Logistic Regression,uncalibrated,0.04016,0.9688323999999999,1.002317772404977,0.0028535175039835084,74.0,0.0004864301203214503
BCb,b_cb,LR,Logistic Regression,uncalibrated,0.04018,0.9688257,1.0022828487744673,0.00281305609915604,74.0,0.00047685191069775487
BCb,b_cb,LR,Logistic Regression,uncalibrated,0.0402,0.968819,1.0022488441671764,0.002773737774747335,74.0,0.0004675091664944459
BCb,b_cb,LR,Logistic Regression,uncalibrated,0.04022,0.968812775,1.0022169112696342,0.0027369052700169532,74.0,0.00045859795780182856
BCb,b_cb,LR,Logistic Regression,uncalibrated,0.04024,0.96880655,1.002185778509705,0.002701057723768475,74.0,0.00044989542822345194
BCb,b_cb,LR,Logistic Regression,uncalibrated,0.04026,0.968800325,1.0021554205567136,0.002666160033680142,74.0,0.0004413957330813933
BCb,b_cb,LR,Logistic Regression,uncalibrated,0.04028,0.9687941,1.0021258130955624,0.002632178729470239,74.0,0.00043309324201003783
BCb,b_cb,LR,Logistic Regression,uncalibrated,0.0403,0.968787875,1.0020969828890776,0.0025995418204874986,67.0,0.00042498252809212777
BCb,b_cb,LR,Logistic Regression,uncalibrated,0.04032,0.9687816499999999,1.002069441257226,0.0025679124892677946,67.0,0.0004170583576949081
BCb,b_cb,LR,Logistic Regression,uncalibrated,0.04034,0.968775425,1.0020425505426696,0.0025370767811751247,67.0,0.00040931568095510745
BCb,b_cb,LR,Logistic Regression,uncalibrated,0.04036,0.9687692,1.0020162912835888,0.0025070080925889146,67.0,0.0004017496228654712
BCb,b_cb,LR,Logistic Regression,uncalibrated,0.04038,0.968762975,1.0019906447685372,0.0024776810011022986,67.0,0.0003943554749201072
BCb,b_cb,LR,Logistic Regression,uncalibrated,0.0404,0.96875675,1.0019655930020086,0.00244907120154083,67.0,0.0003871286872777767
BCb,b_cb,LR,Logistic Regression,uncalibrated,0.04042,0.968750525,1.0019411066058783,0.002421568325457985,76.0,0.000380064861406648
BCb,b_cb,LR,Logistic Regression,uncalibrated,0.04044,0.9687443,1.0019177567076998,0.0023948707650380484,76.0,0.00037315974317664286
BCb,b_cb,LR,Logistic Regression,uncalibrated,0.04046,0.968738075,1.0018949378194084,0.0023688106893096877,76.0,0.00036640921636719813
BCb,b_cb,LR,Logistic Regression,uncalibrated,0.04048,0.96873185,1.0018726348374098,0.0023433680076430444,76.0,0.0003598092965618427
BCb,b_cb,LR,Logistic Regression,uncalibrated,0.0405,0.968725625,1.0018508332102267,0.0023185234670987263,76.0,0.0003533561254024792
BCb,b_cb,LR,Logistic Regression,uncalibrated,0.04052,0.9687194,1.0018295189131297,0.0022942586083224497,76.0,0.00034704596517832727
BCb,b_cb,LR,Logistic Regression,uncalibrated,0.04054,0.968713175,1.0018086784245313,0.00227055572480745,76.0,0.00034087519372691676
BCb,b_cb,LR,Logistic Regression,uncalibrated,0.04056,0.9687069500000001,1.001788298703464,0.0022473978243164375,76.0,0.00033484029962521975
BCb,b_cb,LR,Logistic Regression,uncalibrated,0.04058,0.968700725,1.0017683671679696,0.002224768592390979,76.0,0.0003289378776514908
BCb,b_cb,LR,Logistic Regression,uncalibrated,0.0406,0.9686945,1.001748871674992,0.002202652358466623,76.0,0.0003231646244997049
BCb,b_cb,LR,Logistic Regression,uncalibrated,0.04062,0.968688275,1.0017298005010051,0.0021810340636394493,76.0,0.00031751733472915023
BCb,b_cb,LR,Logistic Regression,uncalibrated,0.04064,0.96868205,1.0017111423236256,0.002159899230286612,76.0,0.0003119928969338822
BCb,b_cb,LR,Logistic Regression,uncalibrated,0.04066,0.968675825,1.0016928862043646,0.0021392339337614886,76.0,0.0003065882901173106
BCb,b_cb,LR,Logistic Regression,uncalibrated,0.04068,0.9686696,1.0016750215722035,0.002119024775455736,76.0,0.00030130058025829725
BCb,b_cb,LR,Logistic Regression,uncalibrated,0.0407,0.968663375,1.0016575382072799,0.002099258857063344,76.0,0.00029612691705661616
BCb,b_cb,LR,Logistic Regression,uncalibrated,0.04072,0.9686571500000001,1.001640426226985,0.0020799237574509427,76.0,0.0002910645308456597
BCb,b_cb,LR,Logistic Regression,uncalibrated,0.04074,0.968650925,1.0016236760710087,0.0020610075094099427,76.0,0.0002861107296618334
BCb,b_cb,LR,Logistic Regression,uncalibrated,0.04076,0.9686447,1.0016072784884376,0.0020424985788671246,76.0,0.00028126289646080083
BCb,b_cb,LR,Logistic Regression,uncalibrated,0.04078,0.968638475,1.0015912245243945,0.0020243858443263533,76.0,0.0002765184864708568
BCb,b_cb,LR,Logistic Regression,uncalibrated,0.0408,0.96863225,1.0015755055089066,0.0020066585786383062,76.0,0.0002718750246751036
BCb,b_cb,LR,Logistic Regression,uncalibrated,0.04082,0.9686260250000001,1.0015601130440959,0.001989306430099706,76.0,0.0002673301034142786
BCb,b_cb,LR,Logistic Regression,uncalibrated,0.04084,0.9686198,1.0015450389941012,0.0019723194062017937,76.0,0.000262881380102665
BCb,b_cb,LR,Logistic Regression,uncalibrated,0.04086,0.968613575,1.001530275474623,0.001955687857622406,76.0,0.0002585265750504424
BCb,b_cb,LR,Logistic Regression,uncalibrated,0.04088,0.9686073500000001,1.001515814842882,0.0019394024630244575,76.0,0.0002542634693856217
BCb,b_cb,LR,Logistic Regression,uncalibrated,0.0409,0.9686011250000001,1.0015016496871878,0.001923454213639704,76.0,0.0002500899030697477
BCb,b_cb,LR,Logistic Regression,uncalibrated,0.04092,0.9685949,1.001487772820279,0.001907834401988174,76.0,0.000246003773001932
BCb,b_cb,LR,Logistic Regression,uncalibrated,0.04094,0.968588675,1.0014741772684665,0.0018925346068791272,76.0,0.00024200303120564505
BCb,b_cb,LR,Logistic Regression,uncalibrated,0.04096,0.96858245,1.0014608562643454,0.0018775466819293061,76.0,0.0002380856830937097
BCb,b_cb,LR,Logistic Regression,uncalibrated,0.04098,0.9685762250000001,1.0014478032395329,0.001862862744612233,76.0,0.00023424978580686574
BCb,b_cb,LR,Logistic Regression,uncalibrated,0.041,0.96857,1.001435011816768,0.0018484751646820812,76.0,0.0002304934466216224
BCb,b_cb,DT,Decision Tree,uncalibrated,0.036,0.97125,-1.0473063654505364e-06,1.0487362270729169e-06,21.0,8.78592903580343e-05
BCb,b_cb,DT,Decision Tree,uncalibrated,0.03602,0.9712312,-1.2057602242339707e-06,1.2075511868178207e-06,21.0,9.164161675935368e-05
BCb,b_cb,DT,Decision Tree,uncalibrated,0.03604,0.9712124,-1.3884937452982075e-06,1.3907372565511687e-06,21.0,9.564908560846895e-05
BCb,b_cb,DT,Decision Tree,uncalibrated,0.03606,0.9711936,-1.5992819497902514e-06,1.6020927014195079e-06,21.0,9.989691010959723e-05
BCb,b_cb,DT,Decision Tree,uncalibrated,0.03608,0.9711748,-1.8424962097226117e-06,1.8460180731697276e-06,21.0,0.00010440140525995333
BCb,b_cb,DT,Decision Tree,uncalibrated,0.0361,0.9711559999999999,-2.123199997481981e-06,2.1276134841841797e-06,21.0,0.00010918006929241773
BCb,b_cb,DT,Decision Tree,uncalibrated,0.03612,0.9711371999999999,-2.4472602440726268e-06,2.452791884518313e-06,21.0,0.00011425167095559042
BCb,b_cb,DT,Decision Tree,uncalibrated,0.03614,0.9711183999999999,-2.821476882025652e-06,2.8284110206632578e-06,21.0,0.00011963634301517437
BCb,b_cb,DT,Decision Tree,uncalibrated,0.03616,0.9710996,-3.2537335768361635e-06,3.262427209734677e-06,21.0,0.0001253556823833128
BCb,b_cb,DT,Decision Tree,uncalibrated,0.03618,0.9710808,-3.7531731497581748e-06,3.764074595996846e-06,21.0,0.00013143285730905676
BCb,b_cb,DT,Decision Tree,uncalibrated,0.0362,0.971062,-4.330401776123273e-06,4.344074181332474e-06,21.0,0.00013789272209141206
BCb,b_cb,DT,Decision Tree,uncalibrated,0.03622,0.9710432,-4.997726720442946e-06,5.014877653314265e-06,21.0,0.00014476193980894795
BCb,b_cb,DT,Decision Tree,uncalibrated,0.03624,0.9710244,-5.769433157753522e-06,5.790951892403562e-06,21.0,0.0001520691135969914
BCb,b_cb,DT,Decision Tree,uncalibrated,0.03626,0.9710056,-6.6621065474664046e-06,6.689111044984309e-06,21.0,0.0001598449270464029
BCb,b_cb,DT,Decision Tree,uncalibrated,0.03628,0.9709868,-7.695008091642579e-06,7.728904226770347e-06,21.0,0.00016812229434834516
BCb,b_cb,DT,Decision Tree,uncalibrated,0.0363,0.970968,-8.890512047001935e-06,8.933068300970064e-06,21.0,0.00017693652086934775
BCb,b_cb,DT,Decision Tree,uncalibrated,0.03632,0.9709492,-1.0274615095249046e-05,1.0328056791876205e-05,21.0,0.00018632547491264048
BCb,b_cb,DT,Decision Tree,uncalibrated,0.03634,0.9709304,-1.18775296389099e-05,1.1944657887302669e-05,21.0,0.00019632977150792777
BCb,b_cb,DT,Decision Tree,uncalibrated,0.03636,0.9709116,-1.3734374813015146e-05,1.3818716699209639e-05,21.0,0.00020699296917763731
BCb,b_cb,DT,Decision Tree,uncalibrated,0.03638,0.9708928,-1.5885981223174904e-05,1.5991979544749306e-05,21.0,0.0002183617807539382
BCb,b_cb,DT,Decision Tree,uncalibrated,0.0364,0.970874,-1.8379827979090903e-05,1.8513081043152306e-05,21.0,0.00023048629947863174
BCb,b_cb,DT,Decision Tree,uncalibrated,0.03642,0.9708552,-2.1271133533149958e-05,2.1438698369447352e-05,21.0,0.00024342024180793907
BCb,b_cb,DT,Decision Tree,uncalibrated,0.03644,0.9708364,-2.4624125204254652e-05,2.483490114802296e-05,21.0,0.0002572212085785866
BCb,b_cb,DT,Decision Tree,uncalibrated,0.03646,0.9708176000000001,-2.8513516117465687e-05,2.8778730303940763e-05,21.0,0.0002719509664773688
BCb,b_cb,DT,Decision Tree,uncalibrated,0.03648,0.9707988000000001,-3.3026222671142726e-05,3.336004482806268e-05,21.0,0.0002876757521063448
BCb,b_cb,DT,Decision Tree,uncalibrated,0.0365,0.9707800000000001,-3.826336060491469e-05,3.8683681979753196e-05,21.0,0.00030446660136285554
BCb,b_cb,DT,Decision Tree,uncalibrated,0.03652,0.9707612,-4.434256332911565e-05,4.48719840914707e-05,21.0,0.00032239970737451613
BCb,b_cb,DT,Decision Tree,uncalibrated,0.03654,0.9707424,-5.1400672424707694e-05,5.2067754014513995e-05,21.0,0.00034155681086313317
BCb,b_cb,DT,Decision Tree,uncalibrated,0.03656,0.9707236,-5.959685715243399e-05,6.043771153693727e-05,21.0,0.000362025627584292
BCb,b_cb,DT,Decision Tree,uncalibrated,0.03658,0.9707048,-6.911622741181293e-05,7.017653501243504e-05,21.0,0.0003839003184231385
BCb,b_cb,DT,Decision Tree,uncalibrated,0.0366,0.970686,-8.017401282086702e-05,8.151158618734333e-05,21.0,0.0004072820088654748
BCb,b_cb,DT,Decision Tree,uncalibrated,0.03662,0.9706679,-9.262563099339835e-05,9.430243560240971e-05,21.0,0.00043152277639322385
BCb,b_cb,DT,Decision Tree,uncalibrated,0.03664,0.9706498,-0.00010703105316172154,0.00010913397810541598,21.0,0.0004573945347323117
BCb,b_cb,DT,Decision Tree,uncalibrated,0.03666,0.9706317,-0.00012369785998442284,0.00012633629507548301,21.0,0.0004850123370397392
BCb,b_cb,DT,Decision Tree,uncalibrated,0.03668,0.9706136000000001,-0.0001429815765741474,0.00014629330874083685,21.0,0.0005144998816205335
BCb,b_cb,DT,Decision Tree,uncalibrated,0.0367,0.9705955,-0.00016529288345725257,0.00016945155774430158,21.0,0.0005459903092771588
BCb,b_cb,DT,Decision Tree,uncalibrated,0.03672,0.9705774,-0.00019110581361206767,0.00019633037923178732,21.0,0.0005796271094246879
BCb,b_cb,DT,Decision Tree,uncalibrated,0.03674,0.9705593,-0.000220967036126,0.0002275337123467488,21.0,0.0006155651551370701
BCb,b_cb,DT,Decision Tree,uncalibrated,0.03676,0.9705412,-0.0002555063246423063,0.0002637637670527027,21.0,0.0006539718914308928
BCb,b_cb,DT,Decision Tree,uncalibrated,0.03678,0.9705231,-0.0002954483003332095,0.00030583683385879774,21.0,0.0006950287061337809
BCb,b_cb,DT,Decision Tree,uncalibrated,0.0368,0.970505,-0.0003416255219714019,0.00035470154401710406,21.0,0.0007389325188231923
BCb,b_cb,DT,Decision Tree,uncalibrated,0.03682,0.9704869,-0.0003949929662197027,0.0004114599255795242,21.0,0.0007858976308270762
BCb,b_cb,DT,Decision Tree,uncalibrated,0.03684,0.9704688,-0.00045664389478882773,0.00047739163747567985,21.0,0.0008361578884871239
BCb,b_cb,DT,Decision Tree,uncalibrated,0.03686,0.9704507,-0.0005278270353746705,0.0005539818001304517,21.0,0.0008899692232184818
BCb,b_cb,DT,Decision Tree,uncalibrated,0.03688,0.9704326,-0.0006099649021225916,0.0006429528750810734,21.0,0.0009476126459229969
BCb,b_cb,DT,Decision Tree,uncalibrated,0.0369,0.9704145,-0.0007046729381052879,0.0007463010746349419,21.0,0.0010093977907019071
BCb,b_cb,DT,Decision Tree,uncalibrated,0.03692,0.9703963999999999,-0.0008137789632324583,0.0008663378017794819,21.0,0.0010756671245029483
BCb,b_cb,DT,Decision Tree,uncalibrated,0.03694,0.9703783,-0.0009393421384960586,0.0010057366246631098,21.0,0.0011468009664814599
BCb,b_cb,DT,Decision Tree,uncalibrated,0.03696,0.9703602,-0.00108367028912111,0.0011675862714029565,21.0,0.0012232234949921086
BCb,b_cb,DT,Decision Tree,uncalibrated,0.03698,0.9703421,-0.0012493339368244412,0.0013554500795194596,21.0,0.001305409963234746
BCb,b_cb,DT,Decision Tree,uncalibrated,0.037,0.970324,-0.0014391747399390823,0.0015734322365635151,21.0,0.001393895399294588
BCb,b_cb,DT,Decision Tree,uncalibrated,0.03702,0.97030885,-0.001627915260792856,0.001792963843092435,21.0,0.001477040942501315
BCb,b_cb,DT,Decision Tree,uncalibrated,0.03704,0.9702936999999999,-0.0018398868751182227,0.002042864370694052,21.0,0.0015659633452284572
BCb,b_cb,DT,Decision Tree,uncalibrated,0.03706,0.97027855,-0.002077488523483342,0.0023272010778058083,21.0,0.0016611816489732229
BCb,b_cb,DT,Decision Tree,uncalibrated,0.03708,0.9702634,-0.0023432294339968875,0.002650542685040435,21.0,0.0017632816162574674
BCb,b_cb,DT,Decision Tree,uncalibrated,0.0371,0.9702482499999999,-0.0026424125318687385,0.003019346554214201,22.0,0.0018729271619141352
BCb,b_cb,DT,Decision Tree,uncalibrated,0.03712,0.9702331,-0.002975633719818131,0.0034399113240295644,22.0,0.0019908740979035717
BCb,b_cb,DT,Decision Tree,uncalibrated,0.03714,0.97021795,-0.003345743980835995,0.003917762704727293,22.0,0.0021179867179365775
BCb,b_cb,DT,Decision Tree,uncalibrated,0.03716,0.9702028,-0.0037552981192189444,0.004460228965246157,22.0,0.002255257881361987
BCb,b_cb,DT,Decision Tree,uncalibrated,0.03718,0.97018765,-0.004206537556866942,0.005075432619515959,22.0,0.0024038334262482205
BCb,b_cb,DT,Decision Tree,uncalibrated,0.0372,0.9701725,-0.004701184947793234,0.005772334862322532,22.0,0.002565041960680729
BCb,b_cb,DT,Decision Tree,uncalibrated,0.03722,0.97015735,-0.005240175352860119,0.006560769170921993,22.0,0.0027404313642787332
BCb,b_cb,DT,Decision Tree,uncalibrated,0.03724,0.9701422,-0.005823309341614056,0.00745145878968636,22.0,0.002931813699040492
BCb,b_cb,DT,Decision Tree,uncalibrated,0.03726,0.97012705,-0.006448811137799255,0.008456011454208557,22.0,0.0031413207072498797
BCb,b_cb,DT,Decision Tree,uncalibrated,0.03728,0.9701119,-0.007112772761529452,0.009586883148032521,22.0,0.0033714727010777734
BCb,b_cb,DT,Decision Tree,uncalibrated,0.0373,0.9700967500000001,-0.007808463290983859,0.01085730094188206,22.0,0.003625264473529602
BCb,b_cb,DT,Decision Tree,uncalibrated,0.03732,0.9700816,-0.008525481232583607,0.012281133097158229,22.0,0.003906272951382166
BCb,b_cb,DT,Decision Tree,uncalibrated,0.03734,0.97006645,-0.009248728056906927,0.01387269272365988,22.0,0.004218792759957683
BCb,b_cb,DT,Decision Tree,uncalibrated,0.03736,0.9700513000000001,-0.009957182903969271,0.015646459533887182,22.0,0.004568007803406043
BCb,b_cb,DT,Decision Tree,uncalibrated,0.03738,0.97003615,-0.010622463143644005,0.01761670288706117,22.0,0.004960209555401062
BCb,b_cb,DT,Decision Tree,uncalibrated,0.0374,0.970021,-0.011207163925600174,0.01979698873311673,22.0,0.005403076241151925
BCb,b_cb,DT,Decision Tree,uncalibrated,0.03742,0.9700083500000001,-0.011617851745160418,0.02190091511906346,22.0,0.005842793207100736
BCb,b_cb,DT,Decision Tree,uncalibrated,0.03744,0.9699957,-0.011887731650684467,0.0241843768039348,22.0,0.0063370015292585685
BCb,b_cb,DT,Decision Tree,uncalibrated,0.03746,0.9699830500000001,-0.011966652582849225,0.02665269485014326,22.0,0.00689519294815407
BCb,b_cb,DT,Decision Tree,uncalibrated,0.03748,0.9699704,-0.011794314192885319,0.029308889227256697,22.0,0.007528899553500514
BCb,b_cb,DT,Decision Tree,uncalibrated,0.0375,0.9699577500000001,-0.011299089102621994,0.03215305085232925,22.0,0.008252198017819255
BCb,b_cb,DT,Decision Tree,uncalibrated,0.03752,0.9699451,-0.010396927787249476,0.03518165563963032,22.0,0.009082352015794982
BCb,b_cb,DT,Decision Tree,uncalibrated,0.03754,0.9699324500000001,-0.009648045049906968,0.03843001529731309,16.0,0.010040633465904569
BCb,b_cb,DT,Decision Tree,uncalibrated,0.03756,0.9699198,-0.007908907253981697,0.04200655147227783,16.0,0.011153375502859754
BCb,b_cb,DT,Decision Tree,uncalibrated,0.03758,0.9699071499999999,-0.007176422633709503,0.046147199044973934,8.0,0.012453325881109797
BCb,b_cb,DT,Decision Tree,uncalibrated,0.0376,0.9698945,-0.004519190401102206,0.05061795363430447,8.0,0.013981389585657892
BCb,b_cb,DT,Decision Tree,uncalibrated,0.03762,0.96988185,-0.0009518978305099873,0.05534079484499918,8.0,0.0157888744873332
BCb,b_cb,DT,Decision Tree,uncalibrated,0.03764,0.9698692,0.003695951904321794,0.060293519600680474,8.0,0.017940384317176664
BCb,b_cb,DT,Decision Tree,uncalibrated,0.03766,0.96985655,0.009610859759598495,0.06544597866747244,8.0,0.020517538652343313
BCb,b_cb,DT,Decision Tree,uncalibrated,0.03768,0.9698439,0.016993416587529925,0.07075952757216566,8.0,0.023623737967255535
BCb,b_cb,DT,Decision Tree,uncalibrated,0.0377,0.96983125,0.026055388611587516,0.07618658385315512,8.0,0.027390227991554203
BCb,b_cb,DT,Decision Tree,uncalibrated,0.03772,0.9698186,0.037015696319856656,0.08167025872457082,8.0,0.03198374115426112
BCb,b_cb,DT,Decision Tree,uncalibrated,0.03774,0.9698059499999999,0.05009520419879249,0.08714401355935715,8.0,0.03761598457480847
BCb,b_cb,DT,Decision Tree,uncalibrated,0.03776,0.9697933,0.06551026910148317,0.09253129476141154,8.0,0.04455517150934127
BCb,b_cb,DT,Decision Tree,uncalibrated,0.03778,0.9697806499999999,0.08346503597887217,0.09774514042545503,8.0,0.05313960591744145
BCb,b_cb,DT,Decision Tree,uncalibrated,0.0378,0.969768,0.10414252884985492,0.10268784076418638,8.0,0.06379295609071421
BCb,b_cb,DT,Decision Tree,uncalibrated,0.03782,0.96975745,0.1248649991915591,0.1067579175903416,8.0,0.07538906441961195
BCb,b_cb,DT,Decision Tree,uncalibrated,0.03784,0.9697469,0.14792600145988968,0.11044788355817782,8.0,0.0894644401840581
BCb,b_cb,DT,Decision Tree,uncalibrated,0.03786,0.96973635,0.1733727907546017,0.11366986894056877,8.0,0.10653842905380459
BCb,b_cb,DT,Decision Tree,uncalibrated,0.03788,0.9697258,0.2012146832896069,0.11633231035131542,8.0,0.1272091830176345
BCb,b_cb,DT,Decision Tree,uncalibrated,0.0379,0.9697152499999999,0.23141743003103937,0.11834282339197846,8.0,0.15214744221121881
BCb,b_cb,DT,Decision Tree,uncalibrated,0.03792,0.9697047,0.26389843708729477,0.11961236317118512,8.0,0.18207916135284838
BCb,b_cb,DT,Decision Tree,uncalibrated,0.03794,0.9696941499999999,0.2985232995979054,0.12006070407048264,8.0,0.2177528278376406
BCb,b_cb,DT,Decision Tree,uncalibrated,0.03796,0.9696836,0.3351041107731223,0.11962305271642404,8.0,0.2598872317918541
BCb,b_cb,DT,Decision Tree,uncalibrated,0.03798,0.9696730499999999,0.37339993605693567,0.11825733766950447,8.0,0.3090958114545036
BCb,b_cb,DT,Decision Tree,uncalibrated,0.038,0.9696625,0.4131196960571515,0.115951425233297,8.0,0.36578445870155357
BCb,b_cb,DT,Decision Tree,uncalibrated,0.03802,0.96965195,0.45392748905941704,0.11272923697644624,8.0,0.43002082450696144
BCb,b_cb,DT,Decision Tree,uncalibrated,0.03804,0.9696414,0.4954501336970111,0.10865455131525233,8.0,0.5013752110292214
BCb,b_cb,DT,Decision Tree,uncalibrated,0.03806,0.96963085,0.5372864748414559,0.10383123626167454,8.0,0.5787377157659156
BCb,b_cb,DT,Decision Tree,uncalibrated,0.03808,0.9696203,0.5790178336725964,0.09839887342344127,8.0,0.660126474214453
BCb,b_cb,DT,Decision Tree,uncalibrated,0.0381,0.9696097499999999,0.6202189530505506,0.09252328075534447,8.0,0.7425211219331295
BCb,b_cb,DT,Decision Tree,uncalibrated,0.03812,0.9695992,0.6604689170477008,0.08638236691684423,8.0,0.821784603102511
BCb,b_cb,DT,Decision Tree,uncalibrated,0.03814,0.9695886499999999,0.6993617783387489,0.08014898612884788,8.0,0.892767427334652
BCb,b_cb,DT,Decision Tree,uncalibrated,0.03816,0.9695781,0.7340700976038692,0.07808123262828107,4.0,0.9496999930266576
BCb,b_cb,DT,Decision Tree,uncalibrated,0.03818,0.96956755,0.7701975202609137,0.07622953574571939,4.0,0.986937350852301
BCb,b_cb,DT,Decision Tree,uncalibrated,0.0382,0.969557,0.80428,0.07421999999999995,2.0,1.0
BCb,b_cb,DT,Decision Tree,uncalibrated,0.03822,0.96954805,0.8336242007002171,0.073378119212816,2.0,0.9891095176720666
BCb,b_cb,DT,Decision Tree,uncalibrated,0.03824,0.9695391,0.8608453365110669,0.07167168547432007,2.0,0.9571077891309621
BCb,b_cb,DT,Decision Tree,uncalibrated,0.03826,0.96953015,0.8857077220349975,0.06921925695381481,2.0,0.9065523473022242
BCb,b_cb,DT,Decision Tree,uncalibrated,0.03828,0.9695212,0.9080478049179475,0.06615568993026244,2.0,0.8416849432478375
BCb,b_cb,DT,Decision Tree,uncalibrated,0.0383,0.96951225,0.9277816830130006,0.06262128366710035,2.0,0.7676665374834151
BCb,b_cb,DT,Decision Tree,uncalibrated,0.03832,0.9695033,0.9449058065230616,0.05875289197551453,2.0,0.6896962994411778
BCb,b_cb,DT,Decision Tree,uncalibrated,0.03834,0.96949435,0.959491403191608,0.054677346559912354,2.0,0.6122772054623373
BCb,b_cb,DT,Decision Tree,uncalibrated,0.03836,0.9694853999999999,0.9716738960832049,0.05050715744125722,2.0,0.5387900538380253
BCb,b_cb,DT,Decision Tree,uncalibrated,0.03838,0.9694764499999999,0.9816390055173434,0.04633821279796374,2.0,0.47139380029710953
BCb,b_cb,DT,Decision Tree,uncalibrated,0.0384,0.9694675,0.9896073344880383,0.04224908186041404,2.0,0.4111649542811056
BCb,b_cb,DT,Decision Tree,uncalibrated,0.03842,0.96945855,0.9958190799122182,0.0383014990270662,2.0,0.35835504475414853
BCb,b_cb,DT,Decision Tree,uncalibrated,0.03844,0.9694496,0.9985486566365958,0.034578817488358934,4.0,0.31266614950286653
BCb,b_cb,DT,Decision Tree,uncalibrated,0.03846,0.96944065,1.0021697787747517,0.03102359810939706,4.0,0.2734861326243772
BCb,b_cb,DT,Decision Tree,uncalibrated,0.03848,0.9694317,1.006336167230006,0.027702701447949396,2.0,0.24006238557728532
BCb,b_cb,DT,Decision Tree,uncalibrated,0.0385,0.96942275,1.0078813057588285,0.02465478548289418,2.0,0.2116160235626516
BCb,b_cb,DT,Decision Tree,uncalibrated,0.03852,0.9694138,1.0087667752776048,0.021860822274829883,2.0,0.18740867335017283
BCb,b_cb,DT,Decision Tree,uncalibrated,0.03854,0.96940485,1.009147785547201,0.019317294196555757,2.0,0.16677590111284163
BCb,b_cb,DT,Decision Tree,uncalibrated,0.03856,0.9693959,1.0091544902246827,0.0170159990776087,2.0,0.14913932755334533
BCb,b_cb,DT,Decision Tree,uncalibrated,0.03858,0.96938695,1.0088935494891325,0.014945362554530606,2.0,0.1340063346085977
BCb,b_cb,DT,Decision Tree,uncalibrated,0.0386,0.969378,1.0084504351059642,0.013091533746975637,2.0,0.1209633328275991
BCb,b_cb,DT,Decision Tree,uncalibrated,0.03862,0.9693706,1.0079551927120498,0.011603143713428467,2.0,0.11074334748850517
BCb,b_cb,DT,Decision Tree,uncalibrated,0.03864,0.9693632,1.0074046862214696,0.010264936116752388,2.0,0.10172167664130649
BCb,b_cb,DT,Decision Tree,uncalibrated,0.03866,0.9693558,1.0068277519614797,0.009065398589825135,2.0,0.09372389507390941
BCb,b_cb,DT,Decision Tree,uncalibrated,0.03868,0.9693484,1.0062460902211943,0.007993156473488583,2.0,0.08660342684581697
BCb,b_cb,DT,Decision Tree,uncalibrated,0.0387,0.969341,1.0056755681029206,0.007037162306721079,2.0,0.08023711074877642
BCb,b_cb,DT,Decision Tree,uncalibrated,0.03872,0.9693336,1.0051273627119497,0.00618683399408837,2.0,0.07452138355036955
BCb,b_cb,DT,Decision Tree,uncalibrated,0.03874,0.9693262,1.0046089425238394,0.005432150547572623,2.0,0.06936904044935027
BCb,b_cb,DT,Decision Tree,uncalibrated,0.03876,0.9693188,1.004124893954322,0.004763713308635509,2.0,0.06470651138202647
BCb,b_cb,DT,Decision Tree,uncalibrated,0.03878,0.9693114,1.003677605804103,0.0041727795493459174,2.0,0.06047158559325414
BCb,b_cb,DT,Decision Tree,uncalibrated,0.0388,0.9693039999999999,1.0032678272159112,0.0036512743784457014,2.0,0.05661151860098318
BCb,b_cb,DT,Decision Tree,uncalibrated,0.03882,0.9692966,1.0028951158208896,0.0031917859698432083,2.0,0.053081461320991376
BCb,b_cb,DT,Decision Tree,uncalibrated,0.03884,0.9692892,1.00255819249125,0.002787548305199561,2.0,0.04984315832499217
BCb,b_cb,DT,Decision Tree,uncalibrated,0.03886,0.9692818,1.002255218043622,0.0024324148863028583,2.0,0.04686386967022311
BCb,b_cb,DT,Decision Tree,uncalibrated,0.03888,0.9692744,1.0019840057160452,0.002120826228501571,2.0,0.0441154777758397
BCb,b_cb,DT,Decision Tree,uncalibrated,0.0389,0.969267,1.001742181527494,0.001847773390125651,2.0,0.0415737471246311
BCb,b_cb,DT,Decision Tree,uncalibrated,0.03892,0.9692596,1.001527302894652,0.0016087593190604599,2.0,0.039217710035849236
BCb,b_cb,DT,Decision Tree,uncalibrated,0.03894,0.9692522,1.0013369442338464,0.001399759398717837,2.0,0.037029156401453156
BCb,b_cb,DT,Decision Tree,uncalibrated,0.03896,0.9692448,1.0011687567776972,0.0012171822439598912,2.0,0.034992209172908455
BCb,b_cb,DT,Decision Tree,uncalibrated,0.03898,0.9692374,1.0010205085144366,0.0010578315248275794,2.0,0.03309297062039816
BCb,b_cb,DT,Decision Tree,uncalibrated,0.039,0.96923,1.0008901090188318,0.0009188693737849918,2.0,0.03131922705620607
BCb,b_cb,DT,Decision Tree,uncalibrated,0.03902,0.96922275,1.0007768359982672,0.0007990595181008864,2.0,0.029677428970574404
BCb,b_cb,DT,Decision Tree,uncalibrated,0.03904,0.9692155,1.0006774017945617,0.0006945723223433231,2.0,0.0281386280207335
BCb,b_cb,DT,Decision Tree,uncalibrated,0.03906,0.96920825,1.0005902427538638,0.0006035082011143778,2.0,0.02669459489432871
BCb,b_cb,DT,Decision Tree,uncalibrated,0.03908,0.969201,1.0005139432484471,0.0005241913038290802,2.0,0.025337973909483995
BCb,b_cb,DT,Decision Tree,uncalibrated,0.0391,0.96919375,1.0004472285620407,0.00045514545825753316,2.0,0.02406216596848178
BCb,b_cb,DT,Decision Tree,uncalibrated,0.03912,0.9691865000000001,1.0003889561543546,0.00039507224398233065,2.0,0.02286122947376243
BCb,b_cb,DT,Decision Tree,uncalibrated,0.03914,0.96917925,1.0003381060292942,0.00034283110312066656,2.0,0.021729796255767386
BCb,b_cb,DT,Decision Tree,uncalibrated,0.03916,0.969172,1.000293770739253,0.0002974213773375145,2.0,0.020663000065910146
BCb,b_cb,DT,Decision Tree,uncalibrated,0.03918,0.96916475,1.0002551454050481,0.00025796614547590746,2.0,0.01965641560261155
BCb,b_cb,DT,Decision Tree,uncalibrated,0.0392,0.9691575,1.000221518017617,0.00022369773218566813,2.0,0.018706006381144582
BCb,b_cb,DT,Decision Tree,uncalibrated,0.03922,0.96915025,1.000192260197211,0.00019394475388823107,2.0,0.01780808004082029
BCb,b_cb,DT,Decision Tree,uncalibrated,0.03924,0.969143,1.0001668185212438,0.00016812057184029117,2.0,0.016959249917274304
BCb,b_cb,DT,Decision Tree,uncalibrated,0.03926,0.96913575,1.0001447064816773,0.00014571302511673379,2.0,0.01615640190160382
BCb,b_cb,DT,Decision Tree,uncalibrated,0.03928,0.9691285,1.000125497097648,0.00012627532289855026,2.0,0.015396665769033263
BCb,b_cb,DT,Decision Tree,uncalibrated,0.0393,0.9691212499999999,1.000108816182483,0.00010941798154723292,2.0,0.01467739029343476
BCb,b_cb,DT,Decision Tree,uncalibrated,0.03932,0.969114,1.0000943362478945,9.480170101955343e-05,2.0,0.01399612157515681
BCb,b_cb,DT,Decision Tree,uncalibrated,0.03934,0.96910675,1.0000817710148477,8.213108169430328e-05,2.0,0.01335058410205538
BCb,b_cb,DT,Decision Tree,uncalibrated,0.03936,0.9690995,1.0000708704937535,7.114909125338631e-05,2.0,0.012738664140783233
BCb,b_cb,DT,Decision Tree,uncalibrated,0.03938,0.96909225,1.000061416593649,6.163220024063554e-05,2.0,0.012158395119453122
BCb,b_cb,DT,Decision Tree,uncalibrated,0.0394,0.969085,1.0000532192155764,5.338610974092717e-05,2.0,0.011607944716604392
BCb,b_cb,DT,Decision Tree,uncalibrated,0.03942,0.9690784,1.0000464419997104,4.657284768982972e-05,2.0,0.011109206157125904
BCb,b_cb,DT,Decision Tree,uncalibrated,0.03944,0.9690717999999999,1.0000405259184275,4.0628527157249295e-05,2.0,0.010634603002045764
BCb,b_cb,DT,Decision Tree,uncalibrated,0.03946,0.9690652,1.0000353622655154,3.544274690586713e-05,2.0,0.010182838260142222
BCb,b_cb,DT,Decision Tree,uncalibrated,0.03948,0.9690586,1.0000308558796644,3.0919019401831616e-05,2.0,0.009752694039720258
BCb,b_cb,DT,Decision Tree,uncalibrated,0.0395,0.9690519999999999,1.0000269234964194,2.6973042388855895e-05,2.0,0.009343025752026834
BCb,b_cb,DT,Decision Tree,uncalibrated,0.03952,0.9690454,1.0000234922904614,2.3531178324764923e-05,2.0,0.00895275685737224
BCb,b_cb,DT,Decision Tree,uncalibrated,0.03954,0.9690388,1.0000204985929018,2.052912255234851e-05,2.0,0.00858087408937712
BCb,b_cb,DT,Decision Tree,uncalibrated,0.03956,0.9690322,1.0000178867585958,1.791073219481465e-05,2.0,0.008226423101876658
BCb,b_cb,DT,Decision Tree,uncalibrated,0.03958,0.9690255999999999,1.0000156081710936,1.5627001071105706e-05,2.0,0.007888504490550901
BCb,b_cb,DT,Decision Tree,uncalibrated,0.0396,0.969019,1.0000136203663021,1.3635159870017954e-05,2.0,0.007566270147943051
BCb,b_cb,DT,Decision Tree,uncalibrated,0.03962,0.9690124,1.0000118862622251,1.1897887516099104e-05,2.0,0.007258919915974977
BCb,b_cb,DT,Decision Tree,uncalibrated,0.03964,0.9690057999999999,1.0000103734874521,1.0382625295735082e-05,2.0,0.006965698504875246
BCb,b_cb,DT,Decision Tree,uncalibrated,0.03966,0.9689992,1.0000090537844688,9.06096891889474e-06,2.0,0.0066858926513704104
BCb,b_cb,DT,Decision Tree,uncalibrated,0.03968,0.9689926,1.0000079024940793,7.908144154245011e-06,2.0,0.006418828492427252
BCb,b_cb,DT,Decision Tree,uncalibrated,0.0397,0.968986,1.0000068980992083,6.9025437451353255e-06,2.0,0.006163869133832641
BCb,b_cb,DT,Decision Tree,uncalibrated,0.03972,0.9689793999999999,1.0000060218278397,6.025324964631373e-06,2.0,0.005920412395328731
BCb,b_cb,DT,Decision Tree,uncalibrated,0.03974,0.9689728,1.0000052573038072,5.260056188727269e-06,2.0,0.005687888716245796
BCb,b_cb,DT,Decision Tree,uncalibrated,0.03976,0.9689662,1.0000045902437178,4.592410520865009e-06,2.0,0.005465759207375575
BCb,b_cb,DT,Decision Tree,uncalibrated,0.03978,0.9689595999999999,1.0000040081913286,4.009897583978628e-06,2.0,0.005253513836501328
BCb,b_cb,DT,Decision Tree,uncalibrated,0.0398,0.968953,1.0000035002783325,3.5016222804662434e-06,2.0,0.005050669736329897
BCb,b_cb,DT,Decision Tree,uncalibrated,0.03982,0.9689462999999999,1.000003053709995,3.0547668442570952e-06,2.0,0.004855392575260733
BCb,b_cb,DT,Decision Tree,uncalibrated,0.03984,0.9689396,1.0000026643946973,2.66522600045338e-06,2.0,0.004668752116393906
BCb,b_cb,DT,Decision Tree,uncalibrated,0.03986,0.9689329,1.0000023249658736,2.3256199405130573e-06,2.0,0.0044903286612126
BCb,b_cb,DT,Decision Tree,uncalibrated,0.03988,0.9689262,1.000002029000663,2.0295154172789154e-06,2.0,0.004319724591317021
BCb,b_cb,DT,Decision Tree,uncalibrated,0.0399,0.9689194999999999,1.0000017709165,1.771321723076369e-06,2.0,0.004156563111466771
BCb,b_cb,DT,Decision Tree,uncalibrated,0.03992,0.9689128,1.0000015458392648,1.5461583474096763e-06,2.0,0.004000487071500629
BCb,b_cb,DT,Decision Tree,uncalibrated,0.03994,0.9689061,1.0000013495284719,1.3497797917705334e-06,2.0,0.0038511578614042036
BCb,b_cb,DT,Decision Tree,uncalibrated,0.03996,0.9688994,1.0000011782912437,1.178489244191283e-06,2.0,0.0037082543743415302
BCb,b_cb,DT,Decision Tree,uncalibrated,0.03998,0.9688926999999999,1.0000010289048067,1.0290608405405521e-06,2.0,0.0035714720328736205
BCb,b_cb,DT,Decision Tree,uncalibrated,0.04,0.9688859999999999,1.0000008985704651,8.986934592059015e-07,2.0,0.0034405218740337726
BCb,b_cb,DT,Decision Tree,uncalibrated,0.04002,0.9688793,1.0000007848453394,7.849423149242085e-07,2.0,0.0033151296892623885
BCb,b_cb,DT,Decision Tree,uncalibrated,0.04004,0.9688726,1.000000685600219,6.856766999185915e-07,2.0,0.003195035215528897
BCb,b_cb,DT,Decision Tree,uncalibrated,0.04006,0.9688659,1.000000598979007,5.990393399657457e-07,2.0,0.003079991374276373
BCb,b_cb,DT,Decision Tree,uncalibrated,0.04008,0.9688592,1.0000005233703497,5.234179560886787e-07,2.0,0.002969763555052291
BCb,b_cb,DT,Decision Tree,uncalibrated,0.0401,0.9688525,1.000000457364533,4.574021068570744e-07,2.0,0.0028641289409528444
BCb,b_cb,DT,Decision Tree,uncalibrated,0.04012,0.9688458,1.0000003997349227,3.997645855458032e-07,2.0,0.0027628758732195077
BCb,b_cb,DT,Decision Tree,uncalibrated,0.04014,0.9688391,1.0000003494139862,3.4943741000770245e-07,2.0,0.002665803252497758
BCb,b_cb,DT,Decision Tree,uncalibrated,0.04016,0.9688323999999999,1.000000305464305,3.0548280566256025e-07,2.0,0.002572719974473899
BCb,b_cb,DT,Decision Tree,uncalibrated,0.04018,0.9688257,1.000000267077101,2.6709171724315084e-07,2.0,0.0024834443977511463
BCb,b_cb,DT,Decision Tree,uncalibrated,0.0402,0.968819,1.0000002335464329,2.335579831758139e-07,2.0,0.0023978038419745938
BCb,b_cb,DT,Decision Tree,uncalibrated,0.04022,0.968812775,1.0000002052864665,2.052956766807057e-07,2.0,0.0023182733000282354
BCb,b_cb,DT,Decision Tree,uncalibrated,0.04024,0.96880655,1.0000001804658687,1.8047321415082251e-07,2.0,0.002241834876038088
BCb,b_cb,DT,Decision Tree,uncalibrated,0.04026,0.968800325,1.0000001586786493,1.5868450958800295e-07,2.0,0.0021683551834248147
BCb,b_cb,DT,Decision Tree,uncalibrated,0.04028,0.9687941,1.000000139522029,1.3952670474548512e-07,2.0,0.002097707083049919
BCb,b_cb,DT,Decision Tree,uncalibrated,0.0403,0.968787875,1.0000001227070405,1.2271077226566618e-07,2.0,0.002029769369150813
BCb,b_cb,DT,Decision Tree,uncalibrated,0.04032,0.9687816499999999,1.0000001079239218,1.079269006387662e-07,2.0,0.0019644264721195336
BCb,b_cb,DT,Decision Tree,uncalibrated,0.04034,0.968775425,1.000000094908907,9.491128505345614e-08,2.0,0.00190156817716006
BCb,b_cb,DT,Decision Tree,uncalibrated,0.04036,0.9687692,1.000000083513148,8.351504687809097e-08,2.0,0.0018410893579188323
BCb,b_cb,DT,Decision Tree,uncalibrated,0.04038,0.968762975,1.0000000734684147,7.346993152745895e-08,2.0,0.0017828897242477483
BCb,b_cb,DT,Decision Tree,uncalibrated,0.0404,0.96875675,1.0000000646492708,6.465048246750982e-08,2.0,0.0017268735832937664
BCb,b_cb,DT,Decision Tree,uncalibrated,0.04042,0.968750525,1.000000056903643,5.6904611245300885e-08,2.0,0.0016729496131712466
BCb,b_cb,DT,Decision Tree,uncalibrated,0.04044,0.9687443,1.0000000500569532,5.005772674149256e-08,2.0,0.001621030648516637
BCb,b_cb,DT,Decision Tree,uncalibrated,0.04046,0.968738075,1.000000044085916,4.408653481169367e-08,2.0,0.0015710334772554737
BCb,b_cb,DT,Decision Tree,uncalibrated,0.04048,0.96873185,1.0000000388007844,3.880127891209284e-08,2.0,0.001522878647965442
BCb,b_cb,DT,Decision Tree,uncalibrated,0.0405,0.968725625,1.0000000341483055,3.4148700533975784e-08,2.0,0.0014764902872471091
BCb,b_cb,DT,Decision Tree,uncalibrated,0.04052,0.9687194,1.00000003008185,3.008216620248305e-08,2.0,0.0014317959265491486
BCb,b_cb,DT,Decision Tree,uncalibrated,0.04054,0.968713175,1.000000026474297,2.6474549719157636e-08,2.0,0.0013887263379337514
BCb,b_cb,DT,Decision Tree,uncalibrated,0.04056,0.9687069500000001,1.0000000233446609,2.3344863375740488e-08,2.0,0.001347215378286311
BCb,b_cb,DT,Decision Tree,uncalibrated,0.04058,0.968700725,1.0000000205539818,2.055414388690835e-08,2.0,0.001307199841511926
BCb,b_cb,DT,Decision Tree,uncalibrated,0.0406,0.9686945,1.000000018077336,1.8077465691046513e-08,2.0,0.0012686193182869622
BCb,b_cb,DT,Decision Tree,uncalibrated,0.04062,0.968688275,1.0000000159623958,1.596249987745324e-08,2.0,0.0012314160629504562
BCb,b_cb,DT,Decision Tree,uncalibrated,0.04064,0.96868205,1.0000000140521235,1.405220656502948e-08,2.0,0.0011955348671542332
BCb,b_cb,DT,Decision Tree,uncalibrated,0.04066,0.968675825,1.000000012368889,1.2368955637498402e-08,2.0,0.001160922939906125
BCb,b_cb,DT,Decision Tree,uncalibrated,0.04068,0.9686696,1.000000010904972,1.0905025160656834e-08,2.0,0.0011275297936621052
BCb,b_cb,DT,Decision Tree,uncalibrated,0.0407,0.968663375,1.0000000096080806,9.608123352489173e-09,2.0,0.001095307136147339
BCb,b_cb,DT,Decision Tree,uncalibrated,0.04072,0.9686571500000001,1.0000000084526417,8.452675892556272e-09,2.0,0.0010642087675958947
BCb,b_cb,DT,Decision Tree,uncalibrated,0.04074,0.968650925,1.000000007471265,7.471292362559723e-09,2.0,0.0010341904831234372
BCb,b_cb,DT,Decision Tree,uncalibrated,0.04076,0.9686447,1.0000000065732244,6.573246447150183e-09,2.0,0.0010052099799626793
BCb,b_cb,DT,Decision Tree,uncalibrated,0.04078,0.968638475,1.000000005723252,5.723269858037838e-09,2.0,0.000977226769300568
BCb,b_cb,DT,Decision Tree,uncalibrated,0.0408,0.96863225,1.0000000051369615,5.136975733677218e-09,2.0,0.0009502020924781519
BCb,b_cb,DT,Decision Tree,uncalibrated,0.04082,0.9686260250000001,1.0000000044815716,4.481582660531558e-09,2.0,0.0009240988413229519
BCb,b_cb,DT,Decision Tree,uncalibrated,0.04084,0.9686198,1.000000003948754,3.948763260819277e-09,2.0,0.0008988814823966128
BCb,b_cb,DT,Decision Tree,uncalibrated,0.04086,0.968613575,1.000000003622207,3.622214639342758e-09,2.0,0.0008745159849564752
BCb,b_cb,DT,Decision Tree,uncalibrated,0.04088,0.9686073500000001,1.000000003157853,3.1578590853342803e-09,2.0,0.0008509697524342402
BCb,b_cb,DT,Decision Tree,uncalibrated,0.0409,0.9686011250000001,1.0000000027804878,2.78049250290735e-09,2.0,0.0008282115572512267
BCb,b_cb,DT,Decision Tree,uncalibrated,0.04092,0.9685949,1.0000000025488123,2.5488167132436956e-09,2.0,0.0008062114787990795
BCb,b_cb,DT,Decision Tree,uncalibrated,0.04094,0.968588675,1.0000000022205726,2.2205755567661364e-09,2.0,0.0007849408444197318
BCb,b_cb,DT,Decision Tree,uncalibrated,0.04096,0.96858245,1.000000001776291,1.776293168109789e-09,2.0,0.0007643721732330293
BCb,b_cb,DT,Decision Tree,uncalibrated,0.04098,0.9685762250000001,1.0000000015910664,1.5910686101960891e-09,2.0,0.0007444791226653171
BCb,b_cb,DT,Decision Tree,uncalibrated,0.041,0.96857,1.000000001335804,1.335805355218156e-09,2.0,0.0007252364375404049
BCb,b_cb,RF,Random Forest,uncalibrated,0.036,0.97125,0.07050225582822302,0.04142770299665664,35.0,8.78592903580343e-05
BCb,b_cb,RF,Random Forest,uncalibrated,0.03602,0.9712312,0.07083559050509462,0.04116207120721475,35.0,9.164161675935368e-05
BCb,b_cb,RF,Random Forest,uncalibrated,0.03604,0.9712124,0.07117264925148449,0.040894994973410086,35.0,9.564908560846895e-05
BCb,b_cb,RF,Random Forest,uncalibrated,0.03606,0.9711936,0.07151345715569629,0.040626527488179756,35.0,9.989691010959723e-05
BCb,b_cb,RF,Random Forest,uncalibrated,0.03608,0.9711748,0.07185803735218181,0.04035672723359697,35.0,0.00010440140525995333
BCb,b_cb,RF,Random Forest,uncalibrated,0.0361,0.9711559999999999,0.07220641087304704,0.040085658350403404,35.0,0.00010918006929241773
BCb,b_cb,RF,Random Forest,uncalibrated,0.03612,0.9711371999999999,0.07255859649352495,0.03981339103493806,35.0,0.00011425167095559042
BCb,b_cb,RF,Random Forest,uncalibrated,0.03614,0.9711183999999999,0.07291461057179015,0.03954000196558093,35.0,0.00011963634301517437
BCb,b_cb,RF,Random Forest,uncalibrated,0.03616,0.9710996,0.07327446688340543,0.03926557476129714,35.0,0.0001253556823833128
BCb,b_cb,RF,Random Forest,uncalibrated,0.03618,0.9710808,0.07363817645092065,0.03899020047498165,35.0,0.00013143285730905676
BCb,b_cb,RF,Random Forest,uncalibrated,0.0362,0.971062,0.07400574736940373,0.03871397812450949,35.0,0.00013789272209141206
BCb,b_cb,RF,Random Forest,uncalibrated,0.03622,0.9710432,0.07437718462868649,0.03843701526487228,35.0,0.00014476193980894795
BCb,b_cb,RF,Random Forest,uncalibrated,0.03624,0.9710244,0.07475248993364149,0.03815942860480942,35.0,0.0001520691135969914
BCb,b_cb,RF,Random Forest,uncalibrated,0.03626,0.9710056,0.07513166152383084,0.037881344672029145,35.0,0.0001598449270464029
BCb,b_cb,RF,Random Forest,uncalibrated,0.03628,0.9709868,0.07551469399456914,0.037602900531087134,35.0,0.00016812229434834516
BCb,b_cb,RF,Random Forest,uncalibrated,0.0363,0.970968,0.0759015781214639,0.0373242445589091,35.0,0.00017693652086934775
BCb,b_cb,RF,Random Forest,uncalibrated,0.03632,0.9709492,0.07629230069145328,0.037045537282947134,35.0,0.00018632547491264048
BCb,b_cb,RF,Random Forest,uncalibrated,0.03634,0.9709304,0.07668684434350141,0.03676695228798957,35.0,0.00019632977150792777
BCb,b_cb,RF,Random Forest,uncalibrated,0.03636,0.9709116,0.077085187423269,0.03648867719784255,35.0,0.00020699296917763731
BCb,b_cb,RF,Random Forest,uncalibrated,0.03638,0.9708928,0.07748730385641964,0.03621091473927684,35.0,0.0002183617807539382
BCb,b_cb,RF,Random Forest,uncalibrated,0.0364,0.970874,0.07789316304668546,0.03593388389601878,35.0,0.00023048629947863174
BCb,b_cb,RF,Random Forest,uncalibrated,0.03642,0.9708552,0.07830272980543442,0.03565782116202328,35.0,0.00024342024180793907
BCb,b_cb,RF,Random Forest,uncalibrated,0.03644,0.9708364,0.07871596432120846,0.03538298190400618,35.0,0.0002572212085785866
BCb,b_cb,RF,Random Forest,uncalibrated,0.03646,0.9708176000000001,0.07913282217897108,0.03510964184482014,35.0,0.0002719509664773688
BCb,b_cb,RF,Random Forest,uncalibrated,0.03648,0.9707988000000001,0.07955325444075569,0.034838098680686755,35.0,0.0002876757521063448
BCb,b_cb,RF,Random Forest,uncalibrated,0.0365,0.9707800000000001,0.07997720780143683,0.03456867384721835,35.0,0.00030446660136285554
BCb,b_cb,RF,Random Forest,uncalibrated,0.03652,0.9707612,0.08040462483590224,0.0343017144513148,35.0,0.00032239970737451613
BCb,b_cb,RF,Random Forest,uncalibrated,0.03654,0.9707424,0.08083544435681357,0.034037595388616615,35.0,0.00034155681086313317
BCb,b_cb,RF,Random Forest,uncalibrated,0.03656,0.9707236,0.08126960190568422,0.033776721669268324,35.0,0.000362025627584292
BCb,b_cb,RF,Random Forest,uncalibrated,0.03658,0.9707048,0.08170703040412017,0.033519530978375296,35.0,0.0003839003184231385
BCb,b_cb,RF,Random Forest,uncalibrated,0.0366,0.970686,0.08214766099717287,0.0332664965018379,35.0,0.0004072820088654748
BCb,b_cb,RF,Random Forest,uncalibrated,0.03662,0.9706679,0.08258092763596354,0.033022046123111506,35.0,0.00043152277639322385
BCb,b_cb,RF,Random Forest,uncalibrated,0.03664,0.9706498,0.08301698329276447,0.03278256394152198,35.0,0.0004573945347323117
BCb,b_cb,RF,Random Forest,uncalibrated,0.03666,0.9706317,0.083455763603448,0.03254859907247315,35.0,0.0004850123370397392
BCb,b_cb,RF,Random Forest,uncalibrated,0.03668,0.9706136000000001,0.08389720785575444,0.03232074520028718,35.0,0.0005144998816205335
BCb,b_cb,RF,Random Forest,uncalibrated,0.0367,0.9705955,0.08434126114592602,0.032099644726512694,35.0,0.0005459903092771588
BCb,b_cb,RF,Random Forest,uncalibrated,0.03672,0.9705774,0.08478787700544173,0.03188599341289193,35.0,0.0005796271094246879
BCb,b_cb,RF,Random Forest,uncalibrated,0.03674,0.9705593,0.0852370205924738,0.031680545592329516,35.0,0.0006155651551370701
BCb,b_cb,RF,Random Forest,uncalibrated,0.03676,0.9705412,0.08568867256418805,0.03148412003252233,35.0,0.0006539718914308928
BCb,b_cb,RF,Random Forest,uncalibrated,0.03678,0.9705231,0.08614283377350122,0.03129760654942169,35.0,0.0006950287061337809
BCb,b_cb,RF,Random Forest,uncalibrated,0.0368,0.970505,0.08659953096905221,0.031121973481095078,35.0,0.0007389325188231923
BCb,b_cb,RF,Random Forest,uncalibrated,0.03682,0.9704869,0.08705882372220881,0.030958276146733313,35.0,0.0007858976308270762
BCb,b_cb,RF,Random Forest,uncalibrated,0.03684,0.9704688,0.08752081286321703,0.03080766642941182,35.0,0.0008361578884871239
BCb,b_cb,RF,Random Forest,uncalibrated,0.03686,0.9704507,0.08798565078363761,0.030671403634208984,35.0,0.0008899692232184818
BCb,b_cb,RF,Random Forest,uncalibrated,0.03688,0.9704326,0.0884535540596275,0.030550866783291202,35.0,0.0009476126459229969
BCb,b_cb,RF,Random Forest,uncalibrated,0.0369,0.9704145,0.08753764468878948,0.03051922057305876,21.0,0.0010093977907019071
BCb,b_cb,RF,Random Forest,uncalibrated,0.03692,0.9703963999999999,0.08746243865467163,0.03094478951907765,21.0,0.0010756671245029483
BCb,b_cb,RF,Random Forest,uncalibrated,0.03694,0.9703783,0.08739419952195841,0.03138826172742769,21.0,0.0011468009664814599
BCb,b_cb,RF,Random Forest,uncalibrated,0.03696,0.9703602,0.0873339007840999,0.031851456847401115,21.0,0.0012232234949921086
BCb,b_cb,RF,Random Forest,uncalibrated,0.03698,0.9703421,0.08728268062359401,0.0323364426702591,21.0,0.001305409963234746
BCb,b_cb,RF,Random Forest,uncalibrated,0.037,0.970324,0.08724188332452716,0.032845566804817594,21.0,0.001393895399294588
BCb,b_cb,RF,Random Forest,uncalibrated,0.03702,0.97030885,0.08722221285699827,0.03330119277793638,21.0,0.001477040942501315
BCb,b_cb,RF,Random Forest,uncalibrated,0.03704,0.9702936999999999,0.08721234400837444,0.033779771740700314,21.0,0.0015659633452284572
BCb,b_cb,RF,Random Forest,uncalibrated,0.03706,0.97027855,0.08721375842811258,0.034283560946669164,21.0,0.0016611816489732229
BCb,b_cb,RF,Random Forest,uncalibrated,0.03708,0.9702634,0.08722823340466325,0.034815061561194086,21.0,0.0017632816162574674
BCb,b_cb,RF,Random Forest,uncalibrated,0.0371,0.9702482499999999,0.08725791457915452,0.03537703540271097,21.0,0.0018729271619141352
BCb,b_cb,RF,Random Forest,uncalibrated,0.03712,0.9702331,0.08730540681527023,0.03597251923406989,21.0,0.0019908740979035717
BCb,b_cb,RF,Random Forest,uncalibrated,0.03714,0.97021795,0.08737388731210614,0.03660483512876222,21.0,0.0021179867179365775
BCb,b_cb,RF,Random Forest,uncalibrated,0.03716,0.9702028,0.08746724577135245,0.03727759502302214,21.0,0.002255257881361987
BCb,b_cb,RF,Random Forest,uncalibrated,0.03718,0.97018765,0.08759025720539411,0.037994697075637324,21.0,0.0024038334262482205
BCb,b_cb,RF,Random Forest,uncalibrated,0.0372,0.9701725,0.08774879376527826,0.03876031088905209,21.0,0.002565041960680729
BCb,b_cb,RF,Random Forest,uncalibrated,0.03722,0.97015735,0.08795008272152736,0.03957884800044825,21.0,0.0027404313642787332
BCb,b_cb,RF,Random Forest,uncalibrated,0.03724,0.9701422,0.08820301836165656,0.04045491333887984,21.0,0.002931813699040492
BCb,b_cb,RF,Random Forest,uncalibrated,0.03726,0.97012705,0.08851853595250095,0.04139323258571033,21.0,0.0031413207072498797
BCb,b_cb,RF,Random Forest,uncalibrated,0.03728,0.9701119,0.08891005588036935,0.042398549607841444,21.0,0.0033714727010777734
BCb,b_cb,RF,Random Forest,uncalibrated,0.0373,0.9700967500000001,0.08939400539543893,0.04347548741646107,21.0,0.003625264473529602
BCb,b_cb,RF,Random Forest,uncalibrated,0.03732,0.9700816,0.08999042374833738,0.04462836552934733,21.0,0.003906272951382166
BCb,b_cb,RF,Random Forest,uncalibrated,0.03734,0.97006645,0.09072365354379214,0.04586096631052984,21.0,0.004218792759957683
BCb,b_cb,RF,Random Forest,uncalibrated,0.03736,0.9700513000000001,0.09162311640981627,0.04717624300496653,21.0,0.004568007803406043
BCb,b_cb,RF,Random Forest,uncalibrated,0.03738,0.97003615,0.0927241641080942,0.04857596300943834,21.0,0.004960209555401062
BCb,b_cb,RF,Random Forest,uncalibrated,0.0374,0.970021,0.0940689865136721,0.05006028171734765,21.0,0.005403076241151925
BCb,b_cb,RF,Random Forest,uncalibrated,0.03742,0.9700083500000001,0.0954901239747834,0.05142936322034446,21.0,0.005842793207100736
BCb,b_cb,RF,Random Forest,uncalibrated,0.03744,0.9699957,0.0971772347279696,0.05286037384518691,21.0,0.0063370015292585685
BCb,b_cb,RF,Random Forest,uncalibrated,0.03746,0.9699830500000001,0.0991756149825416,0.054348414321192924,21.0,0.00689519294815407
BCb,b_cb,RF,Random Forest,uncalibrated,0.03748,0.9699704,0.10153660954360716,0.055886304078997084,21.0,0.007528899553500514
BCb,b_cb,RF,Random Forest,uncalibrated,0.0375,0.9699577500000001,0.10431786310765753,0.05746422463374047,21.0,0.008252198017819255
BCb,b_cb,RF,Random Forest,uncalibrated,0.03752,0.9699451,0.10726379996729607,0.05913389249104065,22.0,0.009082352015794982
BCb,b_cb,RF,Random Forest,uncalibrated,0.03754,0.9699324500000001,0.11097152303568567,0.06086848014802716,22.0,0.010040633465904569
BCb,b_cb,RF,Random Forest,uncalibrated,0.03756,0.9699198,0.11530353619133915,0.06260761410592222,22.0,0.011153375502859754
BCb,b_cb,RF,Random Forest,uncalibrated,0.03758,0.9699071499999999,0.12034213747307604,0.06432808812402742,22.0,0.012453325881109797
BCb,b_cb,RF,Random Forest,uncalibrated,0.0376,0.9698945,0.1261737929660059,0.06600270038614618,22.0,0.013981389585657892
BCb,b_cb,RF,Random Forest,uncalibrated,0.03762,0.96988185,0.13141867552238098,0.06768405302608912,16.0,0.0157888744873332
BCb,b_cb,RF,Random Forest,uncalibrated,0.03764,0.9698692,0.13867190297422616,0.06951579789750771,16.0,0.017940384317176664
BCb,b_cb,RF,Random Forest,uncalibrated,0.03766,0.96985655,0.1438139426557461,0.07129648327476458,8.0,0.020517538652343313
BCb,b_cb,RF,Random Forest,uncalibrated,0.03768,0.9698439,0.15249005550074105,0.0737015471971882,8.0,0.023623737967255535
BCb,b_cb,RF,Random Forest,uncalibrated,0.0377,0.96983125,0.16238285943727962,0.07601493827943528,8.0,0.027390227991554203
BCb,b_cb,RF,Random Forest,uncalibrated,0.03772,0.9698186,0.17358911488489537,0.07819522704952686,8.0,0.03198374115426112
BCb,b_cb,RF,Random Forest,uncalibrated,0.03774,0.9698059499999999,0.18619577545120758,0.08019839239301821,8.0,0.03761598457480847
BCb,b_cb,RF,Random Forest,uncalibrated,0.03776,0.9697933,0.2002755917956215,0.08197815630251641,8.0,0.04455517150934127
BCb,b_cb,RF,Random Forest,uncalibrated,0.03778,0.9697806499999999,0.21588241161673838,0.0834861904778508,8.0,0.05313960591744145
BCb,b_cb,RF,Random Forest,uncalibrated,0.0378,0.969768,0.23304632254833196,0.08467223029512187,8.0,0.06379295609071421
BCb,b_cb,RF,Random Forest,uncalibrated,0.03782,0.96975745,0.24955045490536532,0.08541600264777385,8.0,0.07538906441961195
BCb,b_cb,RF,Random Forest,uncalibrated,0.03784,0.9697469,0.26726034963682305,0.08582928818415175,8.0,0.0894644401840581
BCb,b_cb,RF,Random Forest,uncalibrated,0.03786,0.96973635,0.28613340835098267,0.0858744936013954,8.0,0.10653842905380459
BCb,b_cb,RF,Random Forest,uncalibrated,0.03788,0.9697258,0.3061028469190741,0.08551478146159885,8.0,0.1272091830176345
BCb,b_cb,RF,Random Forest,uncalibrated,0.0379,0.9697152499999999,0.32707678238302396,0.08471572224927601,8.0,0.15214744221121881
BCb,b_cb,RF,Random Forest,uncalibrated,0.03792,0.9697047,0.3489382720668007,0.08344762843842986,8.0,0.18207916135284838
BCb,b_cb,RF,Random Forest,uncalibrated,0.03794,0.9696941499999999,0.3715465180138169,0.08168854411909296,8.0,0.2177528278376406
BCb,b_cb,RF,Random Forest,uncalibrated,0.03796,0.9696836,0.39473940042107625,0.07942774204764931,8.0,0.2598872317918541
BCb,b_cb,RF,Random Forest,uncalibrated,0.03798,0.9696730499999999,0.4183374144822696,0.07666945595745528,8.0,0.3090958114545036
BCb,b_cb,RF,Random Forest,uncalibrated,0.038,0.9696625,0.44214895831708123,0.07343647340883419,8.0,0.36578445870155357
BCb,b_cb,RF,Random Forest,uncalibrated,0.03802,0.96965195,0.46597676719644887,0.06977315702077713,8.0,0.43002082450696144
BCb,b_cb,RF,Random Forest,uncalibrated,0.03804,0.9696414,0.4896251325998575,0.06574746934237842,8.0,0.5013752110292214
BCb,b_cb,RF,Random Forest,uncalibrated,0.03806,0.96963085,0.5129074129146446,0.06145165976761243,8.0,0.5787377157659156
BCb,b_cb,RF,Random Forest,uncalibrated,0.03808,0.9696203,0.5356532666697156,0.05700142398614898,8.0,0.660126474214453
BCb,b_cb,RF,Random Forest,uncalibrated,0.0381,0.9696097499999999,0.557715042790594,0.05253352725181976,8.0,0.7425211219331295
BCb,b_cb,RF,Random Forest,uncalibrated,0.03812,0.9695992,0.5789728521558142,0.048201996009418165,8.0,0.821784603102511
BCb,b_cb,RF,Random Forest,uncalibrated,0.03814,0.9695886499999999,0.5993380037198942,0.04417286160807677,8.0,0.892767427334652
BCb,b_cb,RF,Random Forest,uncalibrated,0.03816,0.9695781,0.6174574093231177,0.042128529161600856,4.0,0.9496999930266576
BCb,b_cb,RF,Random Forest,uncalibrated,0.03818,0.96956755,0.6364266339621453,0.042303801961647736,4.0,0.986937350852301
BCb,b_cb,RF,Random Forest,uncalibrated,0.0382,0.969557,0.6546818,0.04299875399551325,4.0,1.0
BCb,b_cb,RF,Random Forest,uncalibrated,0.03822,0.96954805,0.6705737219238093,0.04405799671477329,4.0,0.9891095176720666
BCb,b_cb,RF,Random Forest,uncalibrated,0.03824,0.9695391,0.6859403193544289,0.04548499195060733,4.0,0.9571077891309621
BCb,b_cb,RF,Random Forest,uncalibrated,0.03826,0.96953015,0.7008243801568196,0.04723180087153299,4.0,0.9065523473022242
BCb,b_cb,RF,Random Forest,uncalibrated,0.03828,0.9695212,0.7152741243033778,0.049247842935772695,4.0,0.8416849432478375
BCb,b_cb,RF,Random Forest,uncalibrated,0.0383,0.96951225,0.729338607606847,0.051485032982286516,4.0,0.7676665374834151
BCb,b_cb,RF,Random Forest,uncalibrated,0.03832,0.9695033,0.7430631951894,0.05390024697176277,4.0,0.6896962994411778
BCb,b_cb,RF,Random Forest,uncalibrated,0.03834,0.96949435,0.7564855454930124,0.05645576705482646,4.0,0.6122772054623373
BCb,b_cb,RF,Random Forest,uncalibrated,0.03836,0.9694853999999999,0.7696325161168013,0.05911858975833525,4.0,0.5387900538380253
BCb,b_cb,RF,Random Forest,uncalibrated,0.03838,0.9694764499999999,0.782518299227483,0.06185934222758504,4.0,0.47139380029710953
BCb,b_cb,RF,Random Forest,uncalibrated,0.0384,0.9694675,0.7951439321748015,0.06465128043526358,4.0,0.4111649542811056
BCb,b_cb,RF,Random Forest,uncalibrated,0.03842,0.96945855,0.8074981414513189,0.06746958862778296,4.0,0.35835504475414853
BCb,b_cb,RF,Random Forest,uncalibrated,0.03844,0.9694496,0.8195593054623606,0.07029101997874565,4.0,0.31266614950286653
BCb,b_cb,RF,Random Forest,uncalibrated,0.03846,0.96944065,0.8312981980552059,0.0730938191783734,4.0,0.2734861326243772
BCb,b_cb,RF,Random Forest,uncalibrated,0.03848,0.9694317,0.8426811192898931,0.0758578299422322,4.0,0.24006238557728532
BCb,b_cb,RF,Random Forest,uncalibrated,0.0385,0.96942275,0.8536730329506518,0.07856469090187523,4.0,0.2116160235626516
BCb,b_cb,RF,Random Forest,uncalibrated,0.03852,0.9694138,0.8642403970285778,0.0811980426409177,4.0,0.18740867335017283
BCb,b_cb,RF,Random Forest,uncalibrated,0.03854,0.96940485,0.8743534709739287,0.08374369369757548,4.0,0.16677590111284163
BCb,b_cb,RF,Random Forest,uncalibrated,0.03856,0.9693959,0.8839879884334877,0.08618971684904733,4.0,0.14913932755334533
BCb,b_cb,RF,Random Forest,uncalibrated,0.03858,0.96938695,0.8931261778797299,0.08852646570217192,4.0,0.1340063346085977
BCb,b_cb,RF,Random Forest,uncalibrated,0.0386,0.969378,0.9017571848777883,0.09074651477806371,4.0,0.1209633328275991
BCb,b_cb,RF,Random Forest,uncalibrated,0.03862,0.9693706,0.9090614743935986,0.09263269486255121,4.0,0.11074334748850517
BCb,b_cb,RF,Random Forest,uncalibrated,0.03864,0.9693632,0.9159554692511417,0.09441764068187594,4.0,0.10172167664130649
BCb,b_cb,RF,Random Forest,uncalibrated,0.03866,0.9693558,0.922444317863849,0.09609993219419047,4.0,0.09372389507390941
BCb,b_cb,RF,Random Forest,uncalibrated,0.03868,0.9693484,0.9285364087677795,0.09767913780452424,4.0,0.08660342684581697
BCb,b_cb,RF,Random Forest,uncalibrated,0.0387,0.969341,0.9342428355658448,0.0991556799202669,4.0,0.08023711074877642
BCb,b_cb,RF,Random Forest,uncalibrated,0.03872,0.9693336,0.939576858833572,0.10053070228331681,4.0,0.07452138355036955
BCb,b_cb,RF,Random Forest,uncalibrated,0.03874,0.9693262,0.9445533909417843,0.10180594319808552,4.0,0.06936904044935027
BCb,b_cb,RF,Random Forest,uncalibrated,0.03876,0.9693188,0.9491885215563798,0.1029836176433255,4.0,0.06470651138202647
BCb,b_cb,RF,Random Forest,uncalibrated,0.03878,0.9693114,0.9534990946106333,0.10406631023548037,4.0,0.06047158559325414
BCb,b_cb,RF,Random Forest,uncalibrated,0.0388,0.9693039999999999,0.9575023419639392,0.10505688013973671,4.0,0.05661151860098318
BCb,b_cb,RF,Random Forest,uncalibrated,0.03882,0.9692966,0.9612155747335551,0.10595837831689287,4.0,0.053081461320991376
BCb,b_cb,RF,Random Forest,uncalibrated,0.03884,0.9692892,0.9646559302752794,0.1067739769466665,4.0,0.04984315832499217
BCb,b_cb,RF,Random Forest,uncalibrated,0.03886,0.9692818,0.967840170800651,0.1075069104670643,4.0,0.04686386967022311
BCb,b_cb,RF,Random Forest,uncalibrated,0.03888,0.9692744,0.97078452845058,0.10816042739658817,4.0,0.0441154777758397
BCb,b_cb,RF,Random Forest,uncalibrated,0.0389,0.969267,0.9735045910981014,0.10873775193803409,4.0,0.0415737471246311
BCb,b_cb,RF,Random Forest,uncalibrated,0.03892,0.9692596,0.9760152230574535,0.10924205427896672,4.0,0.039217710035849236
BCb,b_cb,RF,Random Forest,uncalibrated,0.03894,0.9692522,0.9783305150885437,0.10967642848385602,4.0,0.037029156401453156
BCb,b_cb,RF,Random Forest,uncalibrated,0.03896,0.9692448,0.9804637584924463,0.11004387689907882,4.0,0.034992209172908455
BCb,b_cb,RF,Random Forest,uncalibrated,0.03898,0.9692374,0.9824274386092704,0.1103473000501279,4.0,0.03309297062039816
BCb,b_cb,RF,Random Forest,uncalibrated,0.039,0.96923,0.9842332435916699,0.11058949108830507,4.0,0.03131922705620607
BCb,b_cb,RF,Random Forest,uncalibrated,0.03902,0.96922275,0.9858732946781473,0.11077046253744986,4.0,0.029677428970574404
BCb,b_cb,RF,Random Forest,uncalibrated,0.03904,0.9692155,0.98737934346507,0.11089656085490215,4.0,0.0281386280207335
BCb,b_cb,RF,Random Forest,uncalibrated,0.03906,0.96920825,0.9887605365382324,0.1109701727914008,4.0,0.02669459489432871
BCb,b_cb,RF,Random Forest,uncalibrated,0.03908,0.969201,0.9900253766442362,0.11099358991115557,4.0,0.025337973909483995
BCb,b_cb,RF,Random Forest,uncalibrated,0.0391,0.96919375,0.9911817622919459,0.11096901452162986,4.0,0.02406216596848178
BCb,b_cb,RF,Random Forest,uncalibrated,0.03912,0.9691865000000001,0.9922370283847838,0.1108985663367217,4.0,0.02286122947376243
BCb,b_cb,RF,Random Forest,uncalibrated,0.03914,0.96917925,0.9931979868966767,0.11078428954543769,4.0,0.021729796255767386
BCb,b_cb,RF,Random Forest,uncalibrated,0.03916,0.969172,0.9940709668283315,0.1106281600147333,4.0,0.020663000065910146
BCb,b_cb,RF,Random Forest,uncalibrated,0.03918,0.96916475,0.9948618528671188,0.11043209240463409,4.0,0.01965641560261155
BCb,b_cb,RF,Random Forest,uncalibrated,0.0392,0.9691575,0.9955761223276146,0.11019794701765513,4.0,0.018706006381144582
BCb,b_cb,RF,Random Forest,uncalibrated,0.03922,0.96915025,0.996218880075553,0.10992753624230069,4.0,0.01780808004082029
BCb,b_cb,RF,Random Forest,uncalibrated,0.03924,0.969143,0.9967948912402051,0.10962263048394753,4.0,0.016959249917274304
BCb,b_cb,RF,Random Forest,uncalibrated,0.03926,0.96913575,0.9973086116021203,0.10928496350514039,4.0,0.01615640190160382
BCb,b_cb,RF,Random Forest,uncalibrated,0.03928,0.9691285,0.9977642156080053,0.10891623712183815,4.0,0.015396665769033263
BCb,b_cb,RF,Random Forest,uncalibrated,0.0393,0.9691212499999999,0.9981656220162863,0.10851812522395309,4.0,0.01467739029343476
BCb,b_cb,RF,Random Forest,uncalibrated,0.03932,0.969114,0.9985165172164913,0.1080922771065826,4.0,0.01399612157515681
BCb,b_cb,RF,Random Forest,uncalibrated,0.03934,0.96910675,0.9988203762967266,0.10764032011445494,4.0,0.01335058410205538
BCb,b_cb,RF,Random Forest,uncalibrated,0.03936,0.9690995,0.9990804819554644,0.10716386161450947,4.0,0.012738664140783233
BCb,b_cb,RF,Random Forest,uncalibrated,0.03938,0.96909225,0.9992999413723964,0.10666449032417205,4.0,0.012158395119453122
BCb,b_cb,RF,Random Forest,uncalibrated,0.0394,0.969085,0.9994817011630482,0.1061437770305299,4.0,0.011607944716604392
BCb,b_cb,RF,Random Forest,uncalibrated,0.03942,0.9690784,0.9996113304591006,0.10562049808321418,4.0,0.011109206157125904
BCb,b_cb,RF,Random Forest,uncalibrated,0.03944,0.9690717999999999,0.9997111368386001,0.1050801516846195,4.0,0.010634603002045764
BCb,b_cb,RF,Random Forest,uncalibrated,0.03946,0.9690652,0.9997833325844249,0.10452406482395273,4.0,0.010182838260142222
BCb,b_cb,RF,Random Forest,uncalibrated,0.03948,0.9690586,0.9998300359100686,0.10395355055633197,4.0,0.009752694039720258
BCb,b_cb,RF,Random Forest,uncalibrated,0.0395,0.9690519999999999,0.9998532766895397,0.10336990664177276,4.0,0.009343025752026834
BCb,b_cb,RF,Random Forest,uncalibrated,0.03952,0.9690454,0.9998550013379808,0.10277441394404523,4.0,0.00895275685737224
BCb,b_cb,RF,Random Forest,uncalibrated,0.03954,0.9690388,0.9998370769391991,0.10216833463672564,4.0,0.00858087408937712
BCb,b_cb,RF,Random Forest,uncalibrated,0.03956,0.9690322,0.9998012947090316,0.10155291025976045,4.0,0.008226423101876658
BCb,b_cb,RF,Random Forest,uncalibrated,0.03958,0.9690255999999999,0.9997493728807993,0.10092935967018374,4.0,0.007888504490550901
BCb,b_cb,RF,Random Forest,uncalibrated,0.0396,0.969019,0.9996829590959867,0.10029887693065886,4.0,0.007566270147943051
BCb,b_cb,RF,Random Forest,uncalibrated,0.03962,0.9690124,0.9996036323743837,0.09966262917342547,4.0,0.007258919915974977
BCb,b_cb,RF,Random Forest,uncalibrated,0.03964,0.9690057999999999,0.9995129047380837,0.09902175448037968,4.0,0.006965698504875246
BCb,b_cb,RF,Random Forest,uncalibrated,0.03966,0.9689992,0.9994122225510365,0.09837735980978163,4.0,0.0066858926513704104
BCb,b_cb,RF,Random Forest,uncalibrated,0.03968,0.9689926,0.9993029676387344,0.09773051900551576,4.0,0.006418828492427252
BCb,b_cb,RF,Random Forest,uncalibrated,0.0397,0.968986,0.9991864582402453,0.09708227091489126,4.0,0.006163869133832641
BCb,b_cb,RF,Random Forest,uncalibrated,0.03972,0.9689793999999999,0.9990639498400719,0.0964336176382551,4.0,0.005920412395328731
BCb,b_cb,RF,Random Forest,uncalibrated,0.03974,0.9689728,0.9989366359260621,0.09578552293459883,4.0,0.005687888716245796
BCb,b_cb,RF,Random Forest,uncalibrated,0.03976,0.9689662,0.9988056487076673,0.09513891079713525,4.0,0.005465759207375575
BCb,b_cb,RF,Random Forest,uncalibrated,0.03978,0.9689595999999999,0.9986720598305177,0.09449466421640251,4.0,0.005253513836501328
BCb,b_cb,RF,Random Forest,uncalibrated,0.0398,0.968953,0.998536881109814,0.0938536241364245,4.0,0.005050669736329897
BCb,b_cb,RF,Random Forest,uncalibrated,0.03982,0.9689462999999999,0.998402325206114,0.09321361524448941,4.0,0.004855392575260733
BCb,b_cb,RF,Random Forest,uncalibrated,0.03984,0.9689396,0.9982680573632616,0.09257845676474531,4.0,0.004668752116393906
BCb,b_cb,RF,Random Forest,uncalibrated,0.03986,0.9689329,0.9981349286450353,0.09194887022687509,4.0,0.0044903286612126
BCb,b_cb,RF,Random Forest,uncalibrated,0.03988,0.9689262,0.9985988657344509,0.09187957212193781,2.0,0.004319724591317021
BCb,b_cb,RF,Random Forest,uncalibrated,0.0399,0.9689194999999999,0.9992399190217076,0.09203552386909841,2.0,0.004156563111466771
BCb,b_cb,RF,Random Forest,uncalibrated,0.03992,0.9689128,0.9998744574362501,0.0921888669489907,2.0,0.004000487071500629
BCb,b_cb,RF,Random Forest,uncalibrated,0.03994,0.9689061,1.0005025855064433,0.09233963627174879,2.0,0.0038511578614042036
BCb,b_cb,RF,Random Forest,uncalibrated,0.03996,0.9688994,1.0011243986684029,0.09248786473766452,2.0,0.0037082543743415302
BCb,b_cb,RF,Random Forest,uncalibrated,0.03998,0.9688926999999999,1.0017399841629702,0.09263358346437356,2.0,0.0035714720328736205
BCb,b_cb,RF,Random Forest,uncalibrated,0.04,0.9688859999999999,1.0023494218445637,0.09277682198616083,2.0,0.0034405218740337726
BCb,b_cb,RF,Random Forest,uncalibrated,0.04002,0.9688793,1.0029527849297948,0.09291760844785779,2.0,0.0033151296892623885
BCb,b_cb,RF,Random Forest,uncalibrated,0.04004,0.9688726,1.0035501406600638,0.09305596976259956,2.0,0.003195035215528897
BCb,b_cb,RF,Random Forest,uncalibrated,0.04006,0.9688659,1.004141550918278,0.09319193176918561,2.0,0.003079991374276373
BCb,b_cb,RF,Random Forest,uncalibrated,0.04008,0.9688592,1.004727072785918,0.09332551937108768,2.0,0.002969763555052291
BCb,b_cb,RF,Random Forest,uncalibrated,0.0401,0.9688525,1.005306759044136,0.09345675665712383,2.0,0.0028641289409528444
BCb,b_cb,RF,Random Forest,uncalibrated,0.04012,0.9688458,1.005880658621919,0.09358566700347837,2.0,0.0027628758732195077
BCb,b_cb,RF,Random Forest,uncalibrated,0.04014,0.9688391,1.0064488170283545,0.09371227319093917,2.0,0.002665803252497758
BCb,b_cb,RF,Random Forest,uncalibrated,0.04016,0.9688323999999999,1.0070112767022457,0.09383659746785161,2.0,0.002572719974473899
BCb,b_cb,RF,Random Forest,uncalibrated,0.04018,0.9688257,1.0075680773672842,0.09395866164442562,2.0,0.0024834443977511463
BCb,b_cb,RF,Random Forest,uncalibrated,0.0402,0.968819,1.0081192563504828,0.09407848717373851,2.0,0.0023978038419745938
BCb,b_cb,RF,Random Forest,uncalibrated,0.04022,0.968812775,1.0086410714672907,0.0941900150787281,2.0,0.0023182733000282354
BCb,b_cb,RF,Random Forest,uncalibrated,0.04024,0.96880655,1.0091576381414225,0.09429945065343703,2.0,0.002241834876038088
BCb,b_cb,RF,Random Forest,uncalibrated,0.04026,0.968800325,1.0096689846300237,0.0944068124037733,2.0,0.0021683551834248147
BCb,b_cb,RF,Random Forest,uncalibrated,0.04028,0.9687941,1.01017513792191,0.09451211870346576,2.0,0.002097707083049919
BCb,b_cb,RF,Random Forest,uncalibrated,0.0403,0.968787875,1.0106761238766164,0.09461538780989148,2.0,0.002029769369150813
BCb,b_cb,RF,Random Forest,uncalibrated,0.04032,0.9687816499999999,1.0111719674159396,0.09471663794301838,2.0,0.0019644264721195336
BCb,b_cb,RF,Random Forest,uncalibrated,0.04034,0.968775425,1.0116626925163836,0.09481588717492229,2.0,0.00190156817716006
BCb,b_cb,RF,Random Forest,uncalibrated,0.04036,0.9687692,1.0121483224835945,0.094913153610095,2.0,0.0018410893579188323
BCb,b_cb,RF,Random Forest,uncalibrated,0.04038,0.968762975,1.0126288799244059,0.09500845527144047,2.0,0.0017828897242477483
BCb,b_cb,RF,Random Forest,uncalibrated,0.0404,0.96875675,1.0131043868887808,0.09510181016346592,2.0,0.0017268735832937664
BCb,b_cb,RF,Random Forest,uncalibrated,0.04042,0.968750525,1.0135748649294611,0.09519323625986553,2.0,0.0016729496131712466
BCb,b_cb,RF,Random Forest,uncalibrated,0.04044,0.9687443,1.014040335169521,0.09528275150514298,2.0,0.001621030648516637
BCb,b_cb,RF,Random Forest,uncalibrated,0.04046,0.968738075,1.0145008184182667,0.09537037387010577,2.0,0.0015710334772554737
BCb,b_cb,RF,Random Forest,uncalibrated,0.04048,0.96873185,1.0149563351326654,0.09545612125797548,2.0,0.001522878647965442
BCb,b_cb,RF,Random Forest,uncalibrated,0.0405,0.968725625,1.0154069055652557,0.09554001160161607,2.0,0.0014764902872471091
BCb,b_cb,RF,Random Forest,uncalibrated,0.04052,0.9687194,1.015852549706893,0.09562206275979901,2.0,0.0014317959265491486
BCb,b_cb,RF,Random Forest,uncalibrated,0.04054,0.968713175,1.0162932874561,0.09570229264397101,2.0,0.0013887263379337514
BCb,b_cb,RF,Random Forest,uncalibrated,0.04056,0.9687069500000001,1.0167291385023112,0.0957807190624046,2.0,0.001347215378286311
BCb,b_cb,RF,Random Forest,uncalibrated,0.04058,0.968700725,1.017160122537423,0.09585735989587207,2.0,0.001307199841511926
BCb,b_cb,RF,Random Forest,uncalibrated,0.0406,0.9686945,1.017586258986927,0.09593223279587715,2.0,0.0012686193182869622
BCb,b_cb,RF,Random Forest,uncalibrated,0.04062,0.968688275,1.018007567484294,0.0960053556287988,2.0,0.0012314160629504562
BCb,b_cb,RF,Random Forest,uncalibrated,0.04064,0.96868205,1.0184240674195282,0.09607674599667682,2.0,0.0011955348671542332
BCb,b_cb,RF,Random Forest,uncalibrated,0.04066,0.968675825,1.0188357783717914,0.09614642164433579,2.0,0.001160922939906125
BCb,b_cb,RF,Random Forest,uncalibrated,0.04068,0.9686696,1.0192427196458635,0.09621439997238379,2.0,0.0011275297936621052
BCb,b_cb,RF,Random Forest,uncalibrated,0.0407,0.968663375,1.0196449108502128,0.09628069859376726,2.0,0.001095307136147339
BCb,b_cb,RF,Random Forest,uncalibrated,0.04072,0.9686571500000001,1.0200423714274192,0.09634533484438212,2.0,0.0010642087675958947
BCb,b_cb,RF,Random Forest,uncalibrated,0.04074,0.968650925,1.0204351209634248,0.09640832607412092,2.0,0.0010341904831234372
BCb,b_cb,RF,Random Forest,uncalibrated,0.04076,0.9686447,1.0208231791579725,0.09646968960061364,2.0,0.0010052099799626793
BCb,b_cb,RF,Random Forest,uncalibrated,0.04078,0.968638475,1.0212065654189533,0.09652944228820803,2.0,0.000977226769300568
BCb,b_cb,RF,Random Forest,uncalibrated,0.0408,0.96863225,1.0215852999670139,0.09658760163848057,2.0,0.0009502020924781519
BCb,b_cb,RF,Random Forest,uncalibrated,0.04082,0.9686260250000001,1.0219594022405751,0.09664418418232568,2.0,0.0009240988413229519
BCb,b_cb,RF,Random Forest,uncalibrated,0.04084,0.9686198,1.0223288921639015,0.0966992067361499,2.0,0.0008988814823966128
BCb,b_cb,RF,Random Forest,uncalibrated,0.04086,0.968613575,1.022693790009283,0.09675268625322392,2.0,0.0008745159849564752
BCb,b_cb,RF,Random Forest,uncalibrated,0.04088,0.9686073500000001,1.023054115280126,0.0968046386968262,2.0,0.0008509697524342402
BCb,b_cb,RF,Random Forest,uncalibrated,0.0409,0.9686011250000001,1.0234098888501222,0.09685508117034658,2.0,0.0008282115572512267
BCb,b_cb,RF,Random Forest,uncalibrated,0.04092,0.9685949,1.0237611306632588,0.09690402960905697,2.0,0.0008062114787990795
BCb,b_cb,RF,Random Forest,uncalibrated,0.04094,0.968588675,1.024107860811367,0.0969514998501454,2.0,0.0007849408444197318
BCb,b_cb,RF,Random Forest,uncalibrated,0.04096,0.96858245,1.024450100273278,0.09699750836508791,2.0,0.0007643721732330293
BCb,b_cb,RF,Random Forest,uncalibrated,0.04098,0.9685762250000001,1.0247878688089598,0.09704207014765298,2.0,0.0007444791226653171
BCb,b_cb,RF,Random Forest,uncalibrated,0.041,0.96857,1.0251211884673168,0.09708520221618777,2.0,0.0007252364375404049
BCb,b_cb,GBT,Gradient Boosted Trees,uncalibrated,0.036,0.97125,-0.00028503024383141407,0.0005779749897880574,35.0,8.78592903580343e-05
BCb,b_cb,GBT,Gradient Boosted Trees,uncalibrated,0.03602,0.9712312,-0.00028059228877542726,0.0005743028189143036,35.0,9.164161675935368e-05
BCb,b_cb,GBT,Gradient Boosted Trees,uncalibrated,0.03604,0.9712124,-0.0002761053266422537,0.0005706112716079262,35.0,9.564908560846895e-05
BCb,b_cb,GBT,Gradient Boosted Trees,uncalibrated,0.03606,0.9711936,-0.00027156889694922624,0.0005669010376947309,35.0,9.989691010959723e-05
BCb,b_cb,GBT,Gradient Boosted Trees,uncalibrated,0.03608,0.9711748,-0.0002669825749017966,0.0005631728925014724,35.0,0.00010440140525995333
BCb,b_cb,GBT,Gradient Boosted Trees,uncalibrated,0.0361,0.9711559999999999,-0.0002623459780082877,0.0005594277066029888,35.0,0.00010918006929241773
BCb,b_cb,GBT,Gradient Boosted Trees,uncalibrated,0.03612,0.9711371999999999,-0.0002576587739138022,0.0005556664571261879,35.0,0.00011425167095559042
BCb,b_cb,GBT,Gradient Boosted Trees,uncalibrated,0.03614,0.9711183999999999,-0.0002529206897278002,0.0005518902409385694,35.0,0.00011963634301517437
BCb,b_cb,GBT,Gradient Boosted Trees,uncalibrated,0.03616,0.9710996,-0.0002481315231852927,0.0005481002901249113,35.0,0.0001253556823833128
BCb,b_cb,GBT,Gradient Boosted Trees,uncalibrated,0.03618,0.9710808,-0.00024329115606924094,0.0005442979902570732,35.0,0.00013143285730905676
BCb,b_cb,GBT,Gradient Boosted Trees,uncalibrated,0.0362,0.971062,-0.00023839957042455588,0.0005404849020813101,35.0,0.00013789272209141206
BCb,b_cb,GBT,Gradient Boosted Trees,uncalibrated,0.03622,0.9710432,-0.0002334568682290531,0.0005366627874039684,35.0,0.00014476193980894795
BCb,b_cb,GBT,Gradient Boosted Trees,uncalibrated,0.03624,0.9710244,-0.00022846329535121217,0.0005328336401478941,35.0,0.0001520691135969914
BCb,b_cb,GBT,Gradient Boosted Trees,uncalibrated,0.03626,0.9710056,-0.00022341927083294226,0.0005289997237950275,35.0,0.0001598449270464029
BCb,b_cb,GBT,Gradient Boosted Trees,uncalibrated,0.03628,0.9709868,-0.00021832542279452298,0.0005251636167340736,35.0,0.00016812229434834516
BCb,b_cb,GBT,Gradient Boosted Trees,uncalibrated,0.0363,0.970968,-0.00021318263258403801,0.0005213282674147955,35.0,0.00017693652086934775
BCb,b_cb,GBT,Gradient Boosted Trees,uncalibrated,0.03632,0.9709492,-0.00020799208919754323,0.0005174970616886985,35.0,0.00018632547491264048
BCb,b_cb,GBT,Gradient Boosted Trees,uncalibrated,0.03634,0.9709304,-0.0002027553565020934,0.0005136739053185711,35.0,0.00019632977150792777
BCb,b_cb,GBT,Gradient Boosted Trees,uncalibrated,0.03636,0.9709116,-0.00019747445642130586,0.0005098633253929889,35.0,0.00020699296917763731
BCb,b_cb,GBT,Gradient Boosted Trees,uncalibrated,0.03638,0.9708928,-0.00019215197202731774,0.0005060705953307745,35.0,0.0002183617807539382
BCb,b_cb,GBT,Gradient Boosted Trees,uncalibrated,0.0364,0.970874,-0.00018679117545207844,0.0005023018893460038,35.0,0.00023048629947863174
BCb,b_cb,GBT,Gradient Boosted Trees,uncalibrated,0.03642,0.9708552,-0.0001813961867378428,0.0004985644737347046,35.0,0.00024342024180793907
BCb,b_cb,GBT,Gradient Boosted Trees,uncalibrated,0.03644,0.9708364,-0.0001759721712353076,0.0004948669442072286,35.0,0.0002572212085785866
BCb,b_cb,GBT,Gradient Boosted Trees,uncalibrated,0.03646,0.9708176000000001,-0.00017052558499857067,0.0004912195208237088,35.0,0.0002719509664773688
BCb,b_cb,GBT,Gradient Boosted Trees,uncalibrated,0.03648,0.9707988000000001,-0.0001650644798911639,0.00048763441500627265,35.0,0.0002876757521063448
BCb,b_cb,GBT,Gradient Boosted Trees,uncalibrated,0.0365,0.9707800000000001,-0.00015959888289930428,0.000484126286744086,35.0,0.00030446660136285554
BCb,b_cb,GBT,Gradient Boosted Trees,uncalibrated,0.03652,0.9707612,-0.00015414126755119295,0.0004807128146491429,35.0,0.00032239970737451613
BCb,b_cb,GBT,Gradient Boosted Trees,uncalibrated,0.03654,0.9707424,-0.00014870713949031522,0.0004774154071784052,35.0,0.00034155681086313317
BCb,b_cb,GBT,Gradient Boosted Trees,uncalibrated,0.03656,0.9707236,-0.00014331576328438365,0.0004742600903716351,35.0,0.000362025627584292
BCb,b_cb,GBT,Gradient Boosted Trees,uncalibrated,0.03658,0.9707048,-0.00013799106362938227,0.00047127861618419985,35.0,0.0003839003184231385
BCb,b_cb,GBT,Gradient Boosted Trees,uncalibrated,0.0366,0.970686,-0.00013276274140107733,0.0004685098463066689,35.0,0.0004072820088654748
BCb,b_cb,GBT,Gradient Boosted Trees,uncalibrated,0.03662,0.9706679,-0.00012777294597687215,0.0004660215303218518,35.0,0.00043152277639322385
BCb,b_cb,GBT,Gradient Boosted Trees,uncalibrated,0.03664,0.9706498,-0.000122952079050159,0.00046383334581644734,35.0,0.0004573945347323117
BCb,b_cb,GBT,Gradient Boosted Trees,uncalibrated,0.03666,0.9706317,-0.0001183516619645492,0.0004620110478227274,35.0,0.0004850123370397392
BCb,b_cb,GBT,Gradient Boosted Trees,uncalibrated,0.03668,0.9706136000000001,-0.00011403512667216523,0.00046063536952063505,35.0,0.0005144998816205335
BCb,b_cb,GBT,Gradient Boosted Trees,uncalibrated,0.0367,0.9705955,-0.00011008050997165814,0.0004598055778596438,35.0,0.0005459903092771588
BCb,b_cb,GBT,Gradient Boosted Trees,uncalibrated,0.03672,0.9705774,-0.00010658372664437997,0.0004596438706445408,35.0,0.0005796271094246879
BCb,b_cb,GBT,Gradient Boosted Trees,uncalibrated,0.03674,0.9705593,-0.00010366253209303144,0.0004603008080178928,35.0,0.0006155651551370701
BCb,b_cb,GBT,Gradient Boosted Trees,uncalibrated,0.03676,0.9705412,-0.00010146130056143317,0.0004619620127533824,35.0,0.0006539718914308928
BCb,b_cb,GBT,Gradient Boosted Trees,uncalibrated,0.03678,0.9705231,-0.00010015676015441533,0.0004648564230917203,35.0,0.0006950287061337809
BCb,b_cb,GBT,Gradient Boosted Trees,uncalibrated,0.0368,0.970505,-0.00013013465188225413,0.0004835246547320974,21.0,0.0007389325188231923
BCb,b_cb,GBT,Gradient Boosted Trees,uncalibrated,0.03682,0.9704869,-0.0001522261414843894,0.0005101469106417523,21.0,0.0007858976308270762
BCb,b_cb,GBT,Gradient Boosted Trees,uncalibrated,0.03684,0.9704688,-0.00017850463123659404,0.0005415432844697078,21.0,0.0008361578884871239
BCb,b_cb,GBT,Gradient Boosted Trees,uncalibrated,0.03686,0.9704507,-0.00020982439449397753,0.0005787093594919184,21.0,0.0008899692232184818
BCb,b_cb,GBT,Gradient Boosted Trees,uncalibrated,0.03688,0.9704326,-0.0002472025618570425,0.0006228451291981527,21.0,0.0009476126459229969
BCb,b_cb,GBT,Gradient Boosted Trees,uncalibrated,0.0369,0.9704145,-0.00029184615738758626,0.000675394903716104,21.0,0.0010093977907019071
BCb,b_cb,GBT,Gradient Boosted Trees,uncalibrated,0.03692,0.9703963999999999,-0.00034518217545605347,0.0007380942795003115,21.0,0.0010756671245029483
BCb,b_cb,GBT,Gradient Boosted Trees,uncalibrated,0.03694,0.9703783,-0.00040889045696381225,0.0008130251763466282,21.0,0.0011468009664814599
BCb,b_cb,GBT,Gradient Boosted Trees,uncalibrated,0.03696,0.9703602,-0.00048493880343499103,0.000902680001626849,21.0,0.0012232234949921086
BCb,b_cb,GBT,Gradient Boosted Trees,uncalibrated,0.03698,0.9703421,-0.0005756193054211853,0.0010100360240356987,21.0,0.001305409963234746
BCb,b_cb,GBT,Gradient Boosted Trees,uncalibrated,0.037,0.970324,-0.0006835842108033989,0.001138641009525403,21.0,0.001393895399294588
BCb,b_cb,GBT,Gradient Boosted Trees,uncalibrated,0.03702,0.97030885,-0.0007958370198809534,0.001272700443961418,22.0,0.001477040942501315
BCb,b_cb,GBT,Gradient Boosted Trees,uncalibrated,0.03704,0.9702936999999999,-0.0009264128785050497,0.001430363190683201,22.0,0.0015659633452284572
BCb,b_cb,GBT,Gradient Boosted Trees,uncalibrated,0.03706,0.97027855,-0.0010779553738277867,0.0016152144997448803,22.0,0.0016611816489732229
BCb,b_cb,GBT,Gradient Boosted Trees,uncalibrated,0.03708,0.9702634,-0.0012534033024167003,0.0018318120661441038,22.0,0.0017632816162574674
BCb,b_cb,GBT,Gradient Boosted Trees,uncalibrated,0.0371,0.9702482499999999,-0.0014559624761430706,0.0020854081997001023,22.0,0.0018729271619141352
BCb,b_cb,GBT,Gradient Boosted Trees,uncalibrated,0.03712,0.9702331,-0.0016890803103778514,0.0023820354797101733,22.0,0.0019908740979035717
BCb,b_cb,GBT,Gradient Boosted Trees,uncalibrated,0.03714,0.97021795,-0.001956397319578204,0.0027285970022927026,22.0,0.0021179867179365775
BCb,b_cb,GBT,Gradient Boosted Trees,uncalibrated,0.03716,0.9702028,-0.0022616673542636212,0.0031329594199281745,22.0,0.002255257881361987
BCb,b_cb,GBT,Gradient Boosted Trees,uncalibrated,0.03718,0.97018765,-0.002608636327827485,0.003604046114277894,22.0,0.0024038334262482205
BCb,b_cb,GBT,Gradient Boosted Trees,uncalibrated,0.0372,0.9701725,-0.003000866740247618,0.004151926759084344,22.0,0.002565041960680729
BCb,b_cb,GBT,Gradient Boosted Trees,uncalibrated,0.03722,0.97015735,-0.0034414925150326736,0.004787898186449819,22.0,0.0027404313642787332
BCb,b_cb,GBT,Gradient Boosted Trees,uncalibrated,0.03724,0.9701422,-0.003932885570765992,0.005524549837406084,22.0,0.002931813699040492
BCb,b_cb,GBT,Gradient Boosted Trees,uncalibrated,0.03726,0.97012705,-0.004476212254251854,0.006375805137257001,22.0,0.0031413207072498797
BCb,b_cb,GBT,Gradient Boosted Trees,uncalibrated,0.03728,0.9701119,-0.005070854458972463,0.007356927886342292,22.0,0.0033714727010777734
BCb,b_cb,GBT,Gradient Boosted Trees,uncalibrated,0.0373,0.9700967500000001,-0.005713667249875423,0.008484480226373872,22.0,0.003625264473529602
BCb,b_cb,GBT,Gradient Boosted Trees,uncalibrated,0.03732,0.9700816,-0.00639804258110215,0.009776216006552128,22.0,0.003906272951382166
BCb,b_cb,GBT,Gradient Boosted Trees,uncalibrated,0.03734,0.97006645,-0.007112747893665374,0.011250890573166802,22.0,0.004218792759957683
BCb,b_cb,GBT,Gradient Boosted Trees,uncalibrated,0.03736,0.9700513000000001,-0.007840509920462261,0.012927965375496684,22.0,0.004568007803406043
BCb,b_cb,GBT,Gradient Boosted Trees,uncalibrated,0.03738,0.97003615,-0.008556319073357098,0.014827183674469759,22.0,0.004960209555401062
BCb,b_cb,GBT,Gradient Boosted Trees,uncalibrated,0.0374,0.970021,-0.009225439765258851,0.01696799256911468,22.0,0.005403076241151925
BCb,b_cb,GBT,Gradient Boosted Trees,uncalibrated,0.03742,0.9700083500000001,-0.0097399288354491,0.01906844476679306,22.0,0.005842793207100736
BCb,b_cb,GBT,Gradient Boosted Trees,uncalibrated,0.03744,0.9699957,-0.010141214791532287,0.021382087777486757,22.0,0.0063370015292585685
BCb,b_cb,GBT,Gradient Boosted Trees,uncalibrated,0.03746,0.9699830500000001,-0.010659832064497192,0.02394005937037771,16.0,0.00689519294815407
BCb,b_cb,GBT,Gradient Boosted Trees,uncalibrated,0.03748,0.9699704,-0.010822967079133819,0.026817823646297638,16.0,0.007528899553500514
BCb,b_cb,GBT,Gradient Boosted Trees,uncalibrated,0.0375,0.9699577500000001,-0.010717239353816856,0.02995986156243128,16.0,0.008252198017819255
BCb,b_cb,GBT,Gradient Boosted Trees,uncalibrated,0.03752,0.9699451,-0.011116328914027737,0.03346719687671106,8.0,0.009082352015794982
BCb,b_cb,GBT,Gradient Boosted Trees,uncalibrated,0.03754,0.9699324500000001,-0.01059782143110638,0.037456381326292504,8.0,0.010040633465904569
BCb,b_cb,GBT,Gradient Boosted Trees,uncalibrated,0.03756,0.9699198,-0.009576030173587963,0.04178633063157361,8.0,0.011153375502859754
BCb,b_cb,GBT,Gradient Boosted Trees,uncalibrated,0.03758,0.9699071499999999,-0.007918063145269022,0.046455996561632906,8.0,0.012453325881109797
BCb,b_cb,GBT,Gradient Boosted Trees,uncalibrated,0.0376,0.9698945,-0.005470837635867389,0.05145708999885497,8.0,0.013981389585657892
BCb,b_cb,GBT,Gradient Boosted Trees,uncalibrated,0.03762,0.96988185,-0.002060796667521153,0.05677293157529349,8.0,0.0157888744873332
BCb,b_cb,GBT,Gradient Boosted Trees,uncalibrated,0.03764,0.9698692,0.002505569304508695,0.06237738634543754,8.0,0.017940384317176664
BCb,b_cb,GBT,Gradient Boosted Trees,uncalibrated,0.03766,0.96985655,0.008440206334867716,0.06823393072233669,8.0,0.020517538652343313
BCb,b_cb,GBT,Gradient Boosted Trees,uncalibrated,0.03768,0.9698439,0.015970808865241035,0.07429488607488861,8.0,0.023623737967255535
BCb,b_cb,GBT,Gradient Boosted Trees,uncalibrated,0.0377,0.96983125,0.02533680632568118,0.08050083160527562,8.0,0.027390227991554203
BCb,b_cb,GBT,Gradient Boosted Trees,uncalibrated,0.03772,0.9698186,0.036783908631804696,0.08678018447667445,8.0,0.03198374115426112
BCb,b_cb,GBT,Gradient Boosted Trees,uncalibrated,0.03774,0.9698059499999999,0.050557144457688774,0.09304891774812475,8.0,0.03761598457480847
BCb,b_cb,GBT,Gradient Boosted Trees,uncalibrated,0.03776,0.9697933,0.06689238860371646,0.09921039112237422,8.0,0.04455517150934127
BCb,b_cb,GBT,Gradient Boosted Trees,uncalibrated,0.03778,0.9697806499999999,0.08600645269211887,0.10515531173468615,8.0,0.05313960591744145
BCb,b_cb,GBT,Gradient Boosted Trees,uncalibrated,0.0378,0.969768,0.10808591265291928,0.11076193304968016,8.0,0.06379295609071421
BCb,b_cb,GBT,Gradient Boosted Trees,uncalibrated,0.03782,0.96975745,0.13025061476006233,0.11534634778331315,8.0,0.07538906441961195
BCb,b_cb,GBT,Gradient Boosted Trees,uncalibrated,0.03784,0.9697469,0.1549254870918296,0.1194607037401011,8.0,0.0894644401840581
BCb,b_cb,GBT,Gradient Boosted Trees,uncalibrated,0.03786,0.96973635,0.1821350152860785,0.12300026665736896,8.0,0.10653842905380459
BCb,b_cb,GBT,Gradient Boosted Trees,uncalibrated,0.03788,0.9697258,0.21185648343100638,0.1258580027031149,8.0,0.1272091830176345
BCb,b_cb,GBT,Gradient Boosted Trees,uncalibrated,0.0379,0.9697152499999999,0.24401443603882345,0.12792825262974872,8.0,0.15214744221121881
BCb,b_cb,GBT,Gradient Boosted Trees,uncalibrated,0.03792,0.9697047,0.2784765433395422,0.12911169636325467,8.0,0.18207916135284838
BCb,b_cb,GBT,Gradient Boosted Trees,uncalibrated,0.03794,0.9696941499999999,0.3150513963026439,0.12932156607210477,8.0,0.2177528278376406
BCb,b_cb,GBT,Gradient Boosted Trees,uncalibrated,0.03796,0.9696836,0.3534887118449353,0.12849083884607154,8.0,0.2598872317918541
BCb,b_cb,GBT,Gradient Boosted Trees,uncalibrated,0.03798,0.9696730499999999,0.3934823047769549,0.12657987554433645,8.0,0.3090958114545036
BCb,b_cb,GBT,Gradient Boosted Trees,uncalibrated,0.038,0.9696625,0.4346759777365892,0.12358370546765354,8.0,0.36578445870155357
BCb,b_cb,GBT,Gradient Boosted Trees,uncalibrated,0.03802,0.96965195,0.47667220885009964,0.11953793394725114,8.0,0.43002082450696144
BCb,b_cb,GBT,Gradient Boosted Trees,uncalibrated,0.03804,0.9696414,0.5190432164892513,0.11452212809310147,8.0,0.5013752110292214
BCb,b_cb,GBT,Gradient Boosted Trees,uncalibrated,0.03806,0.96963085,0.5613437089111999,0.10865957735394274,8.0,0.5787377157659156
BCb,b_cb,GBT,Gradient Boosted Trees,uncalibrated,0.03808,0.9696203,0.6031244508699356,0.10211259045195228,8.0,0.660126474214453
BCb,b_cb,GBT,Gradient Boosted Trees,uncalibrated,0.0381,0.9696097499999999,0.6439457561392664,0.09507301982026192,8.0,0.7425211219331295
BCb,b_cb,GBT,Gradient Boosted Trees,uncalibrated,0.03812,0.9695992,0.683390165041095,0.08774849434532762,8.0,0.821784603102511
BCb,b_cb,GBT,Gradient Boosted Trees,uncalibrated,0.03814,0.9695886499999999,0.721073853017047,0.08034580664858347,8.0,0.892767427334652
BCb,b_cb,GBT,Gradient Boosted Trees,uncalibrated,0.03816,0.9695781,0.7566566430649688,0.07305384578596037,8.0,0.9496999930266576
BCb,b_cb,GBT,Gradient Boosted Trees,uncalibrated,0.03818,0.96956755,0.7886658505940937,0.06970731455295409,4.0,0.986937350852301
BCb,b_cb,GBT,Gradient Boosted Trees,uncalibrated,0.0382,0.969557,0.8204282473938886,0.06683313426979026,4.0,1.0
BCb,b_cb,GBT,Gradient Boosted Trees,uncalibrated,0.03822,0.96954805,0.8469161245011585,0.06416723444849272,4.0,0.9891095176720666
BCb,b_cb,GBT,Gradient Boosted Trees,uncalibrated,0.03824,0.9695391,0.871181403878617,0.061411174770167894,4.0,0.9571077891309621
BCb,b_cb,GBT,Gradient Boosted Trees,uncalibrated,0.03826,0.96953015,0.8931315258683141,0.058547230686452505,4.0,0.9065523473022242
BCb,b_cb,GBT,Gradient Boosted Trees,uncalibrated,0.03828,0.9695212,0.9127237451789203,0.05556701156322458,4.0,0.8416849432478375
BCb,b_cb,GBT,Gradient Boosted Trees,uncalibrated,0.0383,0.96951225,0.9299669272401854,0.052475883840293426,4.0,0.7676665374834151
BCb,b_cb,GBT,Gradient Boosted Trees,uncalibrated,0.03832,0.9695033,0.9449206133780645,0.04929406469141961,4.0,0.6896962994411778
BCb,b_cb,GBT,Gradient Boosted Trees,uncalibrated,0.03834,0.96949435,0.957691119829653,0.04605479110127708,4.0,0.6122772054623373
BCb,b_cb,GBT,Gradient Boosted Trees,uncalibrated,0.03836,0.9694853999999999,0.9684248450049557,0.04280050910997013,4.0,0.5387900538380253
BCb,b_cb,GBT,Gradient Boosted Trees,uncalibrated,0.03838,0.9694764499999999,0.9772993630181881,0.039578180712537665,4.0,0.47139380029710953
BCb,b_cb,GBT,Gradient Boosted Trees,uncalibrated,0.0384,0.9694675,0.9845131832811282,0.03643466861201795,4.0,0.4111649542811056
BCb,b_cb,GBT,Gradient Boosted Trees,uncalibrated,0.03842,0.96945855,0.9902751918916601,0.033412870471063644,4.0,0.35835504475414853
BCb,b_cb,GBT,Gradient Boosted Trees,uncalibrated,0.03844,0.9694496,0.9947947451823708,0.03054895441434175,4.0,0.31266614950286653
BCb,b_cb,GBT,Gradient Boosted Trees,uncalibrated,0.03846,0.96944065,0.9982731902718902,0.027870773625175836,4.0,0.2734861326243772
BCb,b_cb,GBT,Gradient Boosted Trees,uncalibrated,0.03848,0.9694317,1.0008973031345898,0.025397345099875686,4.0,0.24006238557728532
BCb,b_cb,GBT,Gradient Boosted Trees,uncalibrated,0.0385,0.96942275,1.0028348308270196,0.02313916997755708,4.0,0.2116160235626516
BCb,b_cb,GBT,Gradient Boosted Trees,uncalibrated,0.03852,0.9694138,1.0042320588542812,0.0210991362498305,4.0,0.18740867335017283
BCb,b_cb,GBT,Gradient Boosted Trees,uncalibrated,0.03854,0.96940485,1.0052131325398657,0.019273757707258095,4.0,0.16677590111284163
BCb,b_cb,GBT,Gradient Boosted Trees,uncalibrated,0.03856,0.9693959,1.0058807538002748,0.017654544418072498,4.0,0.14913932755334533
BCb,b_cb,GBT,Gradient Boosted Trees,uncalibrated,0.03858,0.96938695,1.0063178439104812,0.016229352626171718,4.0,0.1340063346085977
BCb,b_cb,GBT,Gradient Boosted Trees,uncalibrated,0.0386,0.969378,1.0065897895803861,0.014983613863537668,4.0,0.1209633328275991
BCb,b_cb,GBT,Gradient Boosted Trees,uncalibrated,0.03862,0.9693706,1.0067351996682916,0.014006679454327304,4.0,0.11074334748850517
BCb,b_cb,GBT,Gradient Boosted Trees,uncalibrated,0.03864,0.9693632,1.0068160050988606,0.013149081169592498,4.0,0.10172167664130649
BCb,b_cb,GBT,Gradient Boosted Trees,uncalibrated,0.03866,0.9693558,1.0068531931438371,0.012399049830095198,4.0,0.09372389507390941
BCb,b_cb,GBT,Gradient Boosted Trees,uncalibrated,0.03868,0.9693484,1.006862327416565,0.011745159215781332,4.0,0.08660342684581697
BCb,b_cb,GBT,Gradient Boosted Trees,uncalibrated,0.0387,0.969341,1.006854651974599,0.01117653702254178,4.0,0.08023711074877642
BCb,b_cb,GBT,Gradient Boosted Trees,uncalibrated,0.03872,0.9693336,1.0068380361637186,0.010683006215150287,4.0,0.07452138355036955
BCb,b_cb,GBT,Gradient Boosted Trees,uncalibrated,0.03874,0.9693262,1.006817764103328,0.010255169580792785,4.0,0.06936904044935027
BCb,b_cb,GBT,Gradient Boosted Trees,uncalibrated,0.03876,0.9693188,1.006797180424801,0.009884449460370794,4.0,0.06470651138202647
BCb,b_cb,GBT,Gradient Boosted Trees,uncalibrated,0.03878,0.9693114,1.0067782081466092,0.00956309330857222,4.0,0.06047158559325414
BCb,b_cb,GBT,Gradient Boosted Trees,uncalibrated,0.0388,0.9693039999999999,1.006761756307712,0.009284154192001714,4.0,0.05661151860098318
BCb,b_cb,GBT,Gradient Boosted Trees,uncalibrated,0.03882,0.9692966,1.0067480349758708,0.009041453768371134,4.0,0.053081461320991376
BCb,b_cb,GBT,Gradient Boosted Trees,uncalibrated,0.03884,0.9692892,1.0067367941419738,0.008829533816486117,4.0,0.04984315832499217
BCb,b_cb,GBT,Gradient Boosted Trees,uncalibrated,0.03886,0.9692818,1.006727501292191,0.008643601070613537,4.0,0.04686386967022311
BCb,b_cb,GBT,Gradient Boosted Trees,uncalibrated,0.03888,0.9692744,1.0067194704657791,0.00847946898069588,4.0,0.0441154777758397
BCb,b_cb,GBT,Gradient Boosted Trees,uncalibrated,0.0389,0.969267,1.0067119535906817,0.008333499074440025,4.0,0.0415737471246311
BCb,b_cb,GBT,Gradient Boosted Trees,uncalibrated,0.03892,0.9692596,1.0067042029869315,0.008202543827683975,4.0,0.039217710035849236
BCb,b_cb,GBT,Gradient Boosted Trees,uncalibrated,0.03894,0.9692522,1.0066955122188623,0.008083892337223217,4.0,0.037029156401453156
BCb,b_cb,GBT,Gradient Boosted Trees,uncalibrated,0.03896,0.9692448,1.0066852409952887,0.00797521961346994,4.0,0.034992209172908455
BCb,b_cb,GBT,Gradient Boosted Trees,uncalibrated,0.03898,0.9692374,1.0066728285676798,0.00787453994793142,4.0,0.03309297062039816
BCb,b_cb,GBT,Gradient Boosted Trees,uncalibrated,0.039,0.96923,1.0066577990465075,0.0077801645415181255,4.0,0.03131922705620607
BCb,b_cb,GBT,Gradient Boosted Trees,uncalibrated,0.03902,0.96922275,1.0066398950788606,0.007691555577099956,4.0,0.029677428970574404
BCb,b_cb,GBT,Gradient Boosted Trees,uncalibrated,0.03904,0.9692155,1.00661873866602,0.007606535836457798,4.0,0.0281386280207335
BCb,b_cb,GBT,Gradient Boosted Trees,uncalibrated,0.03906,0.96920825,1.0065941010486568,0.007524125146532334,4.0,0.02669459489432871
BCb,b_cb,GBT,Gradient Boosted Trees,uncalibrated,0.03908,0.969201,1.0065658185974524,0.007443504603366443,4.0,0.025337973909483995
BCb,b_cb,GBT,Gradient Boosted Trees,uncalibrated,0.0391,0.96919375,1.0065337857219951,0.007363994535292485,4.0,0.02406216596848178
BCb,b_cb,GBT,Gradient Boosted Trees,uncalibrated,0.03912,0.9691865000000001,1.0064979477859377,0.007285035250262781,4.0,0.02286122947376243
BCb,b_cb,GBT,Gradient Boosted Trees,uncalibrated,0.03914,0.96917925,1.006458294315523,0.007206170276845749,4.0,0.021729796255767386
BCb,b_cb,GBT,Gradient Boosted Trees,uncalibrated,0.03916,0.969172,1.0064148526749217,0.0071270318203166105,4.0,0.020663000065910146
BCb,b_cb,GBT,Gradient Boosted Trees,uncalibrated,0.03918,0.96916475,1.0063676823006154,0.007047328172452629,4.0,0.01965641560261155
BCb,b_cb,GBT,Gradient Boosted Trees,uncalibrated,0.0392,0.9691575,1.0063168695309268,0.006966832834296811,4.0,0.018706006381144582
BCb,b_cb,GBT,Gradient Boosted Trees,uncalibrated,0.03922,0.96915025,1.0062625230280045,0.00688537513225876,4.0,0.01780808004082029
BCb,b_cb,GBT,Gradient Boosted Trees,uncalibrated,0.03924,0.969143,1.006204769765337,0.006802832130207973,4.0,0.016959249917274304
BCb,b_cb,GBT,Gradient Boosted Trees,uncalibrated,0.03926,0.96913575,1.0061437515391571,0.006719121661682208,4.0,0.01615640190160382
BCb,b_cb,GBT,Gradient Boosted Trees,uncalibrated,0.03928,0.9691285,1.0060796219538868,0.006634196326245388,4.0,0.015396665769033263
BCb,b_cb,GBT,Gradient Boosted Trees,uncalibrated,0.0393,0.9691212499999999,1.0060125438292253,0.006548038313289309,4.0,0.01467739029343476
BCb,b_cb,GBT,Gradient Boosted Trees,uncalibrated,0.03932,0.969114,1.0059426869773604,0.006460654934465366,4.0,0.01399612157515681
BCb,b_cb,GBT,Gradient Boosted Trees,uncalibrated,0.03934,0.96910675,1.0058702263002053,0.006372074760615836,4.0,0.01335058410205538
BCb,b_cb,GBT,Gradient Boosted Trees,uncalibrated,0.03936,0.9690995,1.005795340161717,0.006282344274549863,4.0,0.012738664140783233
BCb,b_cb,GBT,Gradient Boosted Trees,uncalibrated,0.03938,0.96909225,1.0057182089941326,0.006191524962945356,4.0,0.012158395119453122
BCb,b_cb,GBT,Gradient Boosted Trees,uncalibrated,0.0394,0.969085,1.0056390141019045,0.006099690781987324,4.0,0.011607944716604392
BCb,b_cb,GBT,Gradient Boosted Trees,uncalibrated,0.03942,0.9690784,1.0055611073870132,0.006010656121169581,4.0,0.011109206157125904
BCb,b_cb,GBT,Gradient Boosted Trees,uncalibrated,0.03944,0.9690717999999999,1.0054816150368748,0.005920821397771223,4.0,0.010634603002045764
BCb,b_cb,GBT,Gradient Boosted Trees,uncalibrated,0.03946,0.9690652,1.0054006928235903,0.005830273774390614,4.0,0.010182838260142222
BCb,b_cb,GBT,Gradient Boosted Trees,uncalibrated,0.03948,0.9690586,1.005318494739515,0.005739104900882567,4.0,0.009752694039720258
BCb,b_cb,GBT,Gradient Boosted Trees,uncalibrated,0.0395,0.9690519999999999,1.0052788946258846,0.005682476914952772,2.0,0.009343025752026834
BCb,b_cb,GBT,Gradient Boosted Trees,uncalibrated,0.03952,0.9690454,1.0052791848127833,0.005675696683444087,2.0,0.00895275685737224
BCb,b_cb,GBT,Gradient Boosted Trees,uncalibrated,0.03954,0.9690388,1.005278971952616,0.0056688449798587,2.0,0.00858087408937712
BCb,b_cb,GBT,Gradient Boosted Trees,uncalibrated,0.03956,0.9690322,1.0052782771583644,0.00566190655651333,2.0,0.008226423101876658
BCb,b_cb,GBT,Gradient Boosted Trees,uncalibrated,0.03958,0.9690255999999999,1.0052771209267584,0.005654868793877388,2.0,0.007888504490550901
BCb,b_cb,GBT,Gradient Boosted Trees,uncalibrated,0.0396,0.969019,1.005275523039364,0.005647721304404607,2.0,0.007566270147943051
BCb,b_cb,GBT,Gradient Boosted Trees,uncalibrated,0.03962,0.9690124,1.0052735024925092,0.005640455593540206,2.0,0.007258919915974977
BCb,b_cb,GBT,Gradient Boosted Trees,uncalibrated,0.03964,0.9690057999999999,1.0052710774526346,0.005633064771624174,2.0,0.006965698504875246
BCb,b_cb,GBT,Gradient Boosted Trees,uncalibrated,0.03966,0.9689992,1.0052682652309177,0.005625543307961778,2.0,0.0066858926513704104
BCb,b_cb,GBT,Gradient Boosted Trees,uncalibrated,0.03968,0.9689926,1.0052650822707803,0.0056178868184036945,2.0,0.006418828492427252
BCb,b_cb,GBT,Gradient Boosted Trees,uncalibrated,0.0397,0.968986,1.0052615441550121,0.005610091891145197,2.0,0.006163869133832641
BCb,b_cb,GBT,Gradient Boosted Trees,uncalibrated,0.03972,0.9689793999999999,1.0052576656182994,0.0056021559347094185,2.0,0.005920412395328731
BCb,b_cb,GBT,Gradient Boosted Trees,uncalibrated,0.03974,0.9689728,1.0052534605649879,0.005594077046333079,2.0,0.005687888716245796
BCb,b_cb,GBT,Gradient Boosted Trees,uncalibrated,0.03976,0.9689662,1.005248942103655,0.0055858539108771255,2.0,0.005465759207375575
BCb,b_cb,GBT,Gradient Boosted Trees,uncalibrated,0.03978,0.9689595999999999,1.005244122571297,0.005577485701752094,2.0,0.005253513836501328
BCb,b_cb,GBT,Gradient Boosted Trees,uncalibrated,0.0398,0.968953,1.0052390135733562,0.005568972008921869,2.0,0.005050669736329897
BCb,b_cb,GBT,Gradient Boosted Trees,uncalibrated,0.03982,0.9689462999999999,1.005233599355245,0.005560259232576248,2.0,0.004855392575260733
BCb,b_cb,GBT,Gradient Boosted Trees,uncalibrated,0.03984,0.9689396,1.0052279137721625,0.0055513999313525075,2.0,0.004668752116393906
BCb,b_cb,GBT,Gradient Boosted Trees,uncalibrated,0.03986,0.9689329,1.005221966706621,0.00554239463208922,2.0,0.0044903286612126
BCb,b_cb,GBT,Gradient Boosted Trees,uncalibrated,0.03988,0.9689262,1.0052157674378064,0.005533244075171362,2.0,0.004319724591317021
BCb,b_cb,GBT,Gradient Boosted Trees,uncalibrated,0.0399,0.9689194999999999,1.0052093246954763,0.005523949195978595,2.0,0.004156563111466771
BCb,b_cb,GBT,Gradient Boosted Trees,uncalibrated,0.03992,0.9689128,1.005202646685343,0.005514511084346696,2.0,0.004000487071500629
BCb,b_cb,GBT,Gradient Boosted Trees,uncalibrated,0.03994,0.9689061,1.0051957411322943,0.005504930967806243,2.0,0.0038511578614042036
BCb,b_cb,GBT,Gradient Boosted Trees,uncalibrated,0.03996,0.9688994,1.0051886153181968,0.0054952101947897125,2.0,0.0037082543743415302
BCb,b_cb,GBT,Gradient Boosted Trees,uncalibrated,0.03998,0.9688926999999999,1.0051812761145449,0.00548535021757629,2.0,0.0035714720328736205
BCb,b_cb,GBT,Gradient Boosted Trees,uncalibrated,0.04,0.9688859999999999,1.0051737300175438,0.005475352582111959,2.0,0.0034405218740337726
BCb,b_cb,GBT,Gradient Boosted Trees,uncalibrated,0.04002,0.9688793,1.005165983177606,0.0054652189162865406,2.0,0.0033151296892623885
BCb,b_cb,GBT,Gradient Boosted Trees,uncalibrated,0.04004,0.9688726,1.005158041431221,0.005454950924248303,2.0,0.003195035215528897
BCb,b_cb,GBT,Gradient Boosted Trees,uncalibrated,0.04006,0.9688659,1.0051499103196808,0.00544455037091518,2.0,0.003079991374276373
BCb,b_cb,GBT,Gradient Boosted Trees,uncalibrated,0.04008,0.9688592,1.005141595131697,0.005434019093411624,2.0,0.002969763555052291
BCb,b_cb,GBT,Gradient Boosted Trees,uncalibrated,0.0401,0.9688525,1.0051331009119975,0.0054233589812407446,2.0,0.0028641289409528444
BCb,b_cb,GBT,Gradient Boosted Trees,uncalibrated,0.04012,0.9688458,1.005124432484878,0.005412571973929414,2.0,0.0027628758732195077
BCb,b_cb,GBT,Gradient Boosted Trees,uncalibrated,0.04014,0.9688391,1.0051155944952483,0.005401660078447168,2.0,0.002665803252497758
BCb,b_cb,GBT,Gradient Boosted Trees,uncalibrated,0.04016,0.9688323999999999,1.0051065913808537,0.005390625319880216,2.0,0.002572719974473899
BCb,b_cb,GBT,Gradient Boosted Trees,uncalibrated,0.04018,0.9688257,1.0050974274559403,0.005379469805450288,2.0,0.0024834443977511463
BCb,b_cb,GBT,Gradient Boosted Trees,uncalibrated,0.0402,0.968819,1.0050881068740924,0.005368195669417264,2.0,0.0023978038419745938
BCb,b_cb,GBT,Gradient Boosted Trees,uncalibrated,0.04022,0.968812775,1.0050788521609413,0.005357103320985268,2.0,0.0023182733000282354
BCb,b_cb,GBT,Gradient Boosted Trees,uncalibrated,0.04024,0.96880655,1.0050694536818519,0.005345899427038114,2.0,0.002241834876038088
BCb,b_cb,GBT,Gradient Boosted Trees,uncalibrated,0.04026,0.968800325,1.0050599148550377,0.005334586019535292,2.0,0.0021683551834248147
BCb,b_cb,GBT,Gradient Boosted Trees,uncalibrated,0.04028,0.9687941,1.0050502389951066,0.005323165139552666,2.0,0.002097707083049919
BCb,b_cb,GBT,Gradient Boosted Trees,uncalibrated,0.0403,0.968787875,1.0050404293274682,0.005311638842224797,2.0,0.002029769369150813
BCb,b_cb,GBT,Gradient Boosted Trees,uncalibrated,0.04032,0.9687816499999999,1.005030489086701,0.005300009286444585,2.0,0.0019644264721195336
BCb,b_cb,GBT,Gradient Boosted Trees,uncalibrated,0.04034,0.968775425,1.0050204213606795,0.005288278571040084,2.0,0.00190156817716006
BCb,b_cb,GBT,Gradient Boosted Trees,uncalibrated,0.04036,0.9687692,1.0050102293007335,0.005276448937661438,2.0,0.0018410893579188323
BCb,b_cb,GBT,Gradient Boosted Trees,uncalibrated,0.04038,0.968762975,1.004999915929959,0.0052645225724127775,2.0,0.0017828897242477483
BCb,b_cb,GBT,Gradient Boosted Trees,uncalibrated,0.0404,0.96875675,1.0049894842786187,0.00525250173514058,2.0,0.0017268735832937664
BCb,b_cb,GBT,Gradient Boosted Trees,uncalibrated,0.04042,0.968750525,1.004978937297162,0.0052403886668456745,2.0,0.0016729496131712466
BCb,b_cb,GBT,Gradient Boosted Trees,uncalibrated,0.04044,0.9687443,1.0049682779444016,0.00522818567271921,2.0,0.001621030648516637
BCb,b_cb,GBT,Gradient Boosted Trees,uncalibrated,0.04046,0.968738075,1.0049575091361844,0.005215895066101983,2.0,0.0015710334772554737
BCb,b_cb,GBT,Gradient Boosted Trees,uncalibrated,0.04048,0.96873185,1.0049466337641604,0.0052035191829261085,2.0,0.001522878647965442
BCb,b_cb,GBT,Gradient Boosted Trees,uncalibrated,0.0405,0.968725625,1.004935654682438,0.00519106036441358,2.0,0.0014764902872471091
BCb,b_cb,GBT,Gradient Boosted Trees,uncalibrated,0.04052,0.9687194,1.004924574754896,0.005178521000744729,2.0,0.0014317959265491486
BCb,b_cb,GBT,Gradient Boosted Trees,uncalibrated,0.04054,0.968713175,1.0049133967572343,0.0051659034297769635,2.0,0.0013887263379337514
BCb,b_cb,GBT,Gradient Boosted Trees,uncalibrated,0.04056,0.9687069500000001,1.004902123606389,0.005153210163400701,2.0,0.001347215378286311
BCb,b_cb,GBT,Gradient Boosted Trees,uncalibrated,0.04058,0.968700725,1.0048907579418849,0.005140443466078892,2.0,0.001307199841511926
BCb,b_cb,GBT,Gradient Boosted Trees,uncalibrated,0.0406,0.9686945,1.0048793025508511,0.005127605777293598,2.0,0.0012686193182869622
BCb,b_cb,GBT,Gradient Boosted Trees,uncalibrated,0.04062,0.968688275,1.0048677602481841,0.0051146995893397995,2.0,0.0012314160629504562
BCb,b_cb,GBT,Gradient Boosted Trees,uncalibrated,0.04064,0.96868205,1.0048561336771973,0.005101727245806931,2.0,0.0011955348671542332
BCb,b_cb,GBT,Gradient Boosted Trees,uncalibrated,0.04066,0.968675825,1.0048444256488787,0.005088691278847368,2.0,0.001160922939906125
BCb,b_cb,GBT,Gradient Boosted Trees,uncalibrated,0.04068,0.9686696,1.004832638731332,0.0050755939967859764,2.0,0.0011275297936621052
BCb,b_cb,GBT,Gradient Boosted Trees,uncalibrated,0.0407,0.968663375,1.0048207755811545,0.005062437813825982,2.0,0.001095307136147339
BCb,b_cb,GBT,Gradient Boosted Trees,uncalibrated,0.04072,0.9686571500000001,1.0048088388926042,0.00504922519767248,2.0,0.0010642087675958947
BCb,b_cb,GBT,Gradient Boosted Trees,uncalibrated,0.04074,0.968650925,1.0047968311909954,0.00503595846151822,2.0,0.0010341904831234372
BCb,b_cb,GBT,Gradient Boosted Trees,uncalibrated,0.04076,0.9686447,1.0047847552391191,0.005022640169164427,2.0,0.0010052099799626793
BCb,b_cb,GBT,Gradient Boosted Trees,uncalibrated,0.04078,0.968638475,1.004772613400326,0.005009272496915962,2.0,0.000977226769300568
BCb,b_cb,GBT,Gradient Boosted Trees,uncalibrated,0.0408,0.96863225,1.0047604085227184,0.004995858116679408,2.0,0.0009502020924781519
BCb,b_cb,GBT,Gradient Boosted Trees,uncalibrated,0.04082,0.9686260250000001,1.0047481426420652,0.004982398897875884,2.0,0.0009240988413229519
BCb,b_cb,GBT,Gradient Boosted Trees,uncalibrated,0.04084,0.9686198,1.0047358186563558,0.004968897581073772,2.0,0.0008988814823966128
BCb,b_cb,GBT,Gradient Boosted Trees,uncalibrated,0.04086,0.968613575,1.0047234390651432,0.0049553565164909275,2.0,0.0008745159849564752
BCb,b_cb,GBT,Gradient Boosted Trees,uncalibrated,0.04088,0.9686073500000001,1.0047110057440762,0.004941777437746542,2.0,0.0008509697524342402
BCb,b_cb,GBT,Gradient Boosted Trees,uncalibrated,0.0409,0.9686011250000001,1.0046985216966466,0.0049281632129054564,2.0,0.0008282115572512267
BCb,b_cb,GBT,Gradient Boosted Trees,uncalibrated,0.04092,0.9685949,1.0046859893662003,0.004914516155830939,2.0,0.0008062114787990795
BCb,b_cb,GBT,Gradient Boosted Trees,uncalibrated,0.04094,0.968588675,1.004673410670748,0.004900838060399315,2.0,0.0007849408444197318
BCb,b_cb,GBT,Gradient Boosted Trees,uncalibrated,0.04096,0.96858245,1.0046607876042728,0.004887130801264239,2.0,0.0007643721732330293
BCb,b_cb,GBT,Gradient Boosted Trees,uncalibrated,0.04098,0.9685762250000001,1.0046481234108997,0.004873397507519139,2.0,0.0007444791226653171
BCb,b_cb,GBT,Gradient Boosted Trees,uncalibrated,0.041,0.96857,1.0046354196407417,0.004859639618084333,2.0,0.0007252364375404049
BCb,b_cb,KNN,kNN,uncalibrated,0.036,0.97125,-3.857812435151432e-15,3.857858144168871e-15,2.0,0.0001563208300938046
BCb,b_cb,KNN,kNN,uncalibrated,0.03602,0.9712312,-5.96591437257978e-15,5.965998583633043e-15,2.0,0.0001596553491606923
BCb,b_cb,KNN,kNN,uncalibrated,0.03604,0.9712124,-9.222913026967153e-15,9.223068150059113e-15,2.0,0.0001631400369800422
BCb,b_cb,KNN,kNN,uncalibrated,0.03606,0.9711936,-1.4253029257969137e-14,1.425331496422114e-14,2.0,0.0001667845039170563
BCb,b_cb,KNN,kNN,uncalibrated,0.03608,0.9711748,-2.2018444251204696e-14,2.2018970382953924e-14,2.0,0.0001705991797407486
BCb,b_cb,KNN,kNN,uncalibrated,0.0361,0.9711559999999999,-3.400153554790694e-14,3.400250426286433e-14,2.0,0.00017459540114748138
BCb,b_cb,KNN,kNN,uncalibrated,0.03612,0.9711371999999999,-5.24849218862492e-14,5.2486705164785475e-14,2.0,0.00017878551039956058
BCb,b_cb,KNN,kNN,uncalibrated,0.03614,0.9711183999999999,-8.098153092913221e-14,8.098481308094799e-14,2.0,0.0001831829667009212
BCb,b_cb,KNN,kNN,uncalibrated,0.03616,0.9710996,-1.2489460534382242e-13,1.2490064495147852e-13,2.0,0.00018780247219776363
BCb,b_cb,KNN,kNN,uncalibrated,0.03618,0.9710808,-1.925298555205906e-13,1.9254096677928277e-13,2.0,0.00019266011480807853
BCb,b_cb,KNN,kNN,uncalibrated,0.0362,0.971062,-2.966464733500107e-13,2.966669102840294e-13,2.0,0.0001977735304575747
BCb,b_cb,KNN,kNN,uncalibrated,0.03622,0.9710432,-4.568320061586639e-13,4.568695863698746e-13,2.0,0.00020316208774441542
BCb,b_cb,KNN,kNN,uncalibrated,0.03624,0.9710244,-7.031356776171702e-13,7.032047630112878e-13,2.0,0.0002088470985853734
BCb,b_cb,KNN,kNN,uncalibrated,0.03626,0.9710056,-1.081622151692903e-12,1.0817491181066272e-12,2.0,0.00021485205902985587
BCb,b_cb,KNN,kNN,uncalibrated,0.03628,0.9709868,-1.6628530369818324e-12,1.6630863067930033e-12,2.0,0.00022120292518815527
BCb,b_cb,KNN,kNN,uncalibrated,0.0363,0.970968,-2.554827073541767e-12,2.5552555097533674e-12,2.0,0.0002279284301337885
BCb,b_cb,KNN,kNN,uncalibrated,0.03632,0.9709492,-3.9227029900022185e-12,3.923489604544388e-12,2.0,0.0002350604487413466
BCb,b_cb,KNN,kNN,uncalibrated,0.03634,0.9709304,-6.0188283788227655e-12,6.020272073814772e-12,2.0,0.00024263441875320858
BCb,b_cb,KNN,kNN,uncalibrated,0.03636,0.9709116,-9.228409111658415e-12,9.231057705406116e-12,2.0,0.00025068982798532593
BCb,b_cb,KNN,kNN,uncalibrated,0.03638,0.9708928,-1.4138884641893829e-11,1.4143741658395719e-11,2.0,0.00025927077954793356
BCb,b_cb,KNN,kNN,uncalibrated,0.0364,0.970874,-2.164518521934635e-11,2.1654087989176993e-11,2.0,0.00026842664935973053
BCb,b_cb,KNN,kNN,uncalibrated,0.03642,0.9708552,-3.3109224040007405e-11,3.312553457015793e-11,2.0,0.0002782128531753422
BCb,b_cb,KNN,kNN,uncalibrated,0.03644,0.9708364,-5.060124225538413e-11,5.063110868739117e-11,2.0,0.0002886917439626124
BCb,b_cb,KNN,kNN,uncalibrated,0.03646,0.9708176000000001,-7.726449404503317e-11,7.731915217366583e-11,2.0,0.00029993366492757324
BCb,b_cb,KNN,kNN,uncalibrated,0.03648,0.9707988000000001,-1.178654775941104e-10,1.1796544648935972e-10,2.0,0.0003120181890081736
BCb,b_cb,KNN,kNN,uncalibrated,0.0365,0.9707800000000001,-1.7962279947887625e-10,1.798055232119103e-10,2.0,0.00032503558252125643
BCb,b_cb,KNN,kNN,uncalibrated,0.03652,0.9707612,-2.7345367998550095e-10,2.7378743261834223e-10,2.0,0.00033908853920805524
BCb,b_cb,KNN,kNN,uncalibrated,0.03654,0.9707424,-4.15845212828911e-10,4.1645437406839445e-10,2.0,0.0003542942416424407
BCb,b_cb,KNN,kNN,uncalibrated,0.03656,0.9707236,-6.316582223538723e-10,6.327691711812059e-10,2.0,0.0003707868204430158
BCb,b_cb,KNN,kNN,uncalibrated,0.03658,0.9707048,-9.583200901067026e-10,9.603444354760522e-10,2.0,0.0003887202987368996
BCb,b_cb,KNN,kNN,uncalibrated,0.0366,0.970686,-1.4520812054694332e-09,1.455766535671509e-09,2.0,0.0004082721308832972
BCb,b_cb,KNN,kNN,uncalibrated,0.03662,0.9706679,-2.1714112954022783e-09,2.178000247939909e-09,2.0,0.00042900314082650276
BCb,b_cb,KNN,kNN,uncalibrated,0.03664,0.9706498,-3.242830721943955e-09,3.2545993004334833e-09,2.0,0.00045167388738763276
BCb,b_cb,KNN,kNN,uncalibrated,0.03666,0.9706317,-4.836239850771757e-09,4.857237346481643e-09,2.0,0.0004765370214630228
BCb,b_cb,KNN,kNN,uncalibrated,0.03668,0.9706136000000001,-7.202124689518978e-09,7.239545444481129e-09,2.0,0.0005038865180216589
BCb,b_cb,KNN,kNN,uncalibrated,0.0367,0.9705955,-1.0708969721656047e-08,1.0775577062638306e-08,2.0,0.000534065718307974
BCb,b_cb,KNN,kNN,uncalibrated,0.03672,0.9705774,-1.589756540324625e-08,1.6015966617603524e-08,2.0,0.0005674771785729854
BCb,b_cb,KNN,kNN,uncalibrated,0.03674,0.9705593,-2.355955576002838e-08,2.3769726148878245e-08,2.0,0.0006045947839644901
BCb,b_cb,KNN,kNN,uncalibrated,0.03676,0.9705412,-3.485059093158187e-08,3.522308687984244e-08,2.0,0.0006459787155935796
BCb,b_cb,KNN,kNN,uncalibrated,0.03678,0.9705231,-5.145259929528559e-08,5.211170616398067e-08,2.0,0.0006922940281834584
BCb,b_cb,KNN,kNN,uncalibrated,0.0368,0.970505,-7.580532328796571e-08,7.696950278984462e-08,2.0,0.0007443338184629331
BCb,b_cb,KNN,kNN,uncalibrated,0.03682,0.9704869,-1.1143477633644068e-07,1.1348714368863098e-07,2.0,0.0008030482587548354
BCb,b_cb,KNN,kNN,uncalibrated,0.03684,0.9704688,-1.6341609755168822e-07,1.670268507580356e-07,2.0,0.0008695811607810925
BCb,b_cb,KNN,kNN,uncalibrated,0.03686,0.9704507,-2.3902075889961106e-07,2.4535915746383835e-07,2.0,0.0009453162554088769
BCb,b_cb,KNN,kNN,uncalibrated,0.03688,0.9704326,-3.486133227575915e-07,3.5971340931685794e-07,2.0,0.001031936071399664
BCb,b_cb,KNN,kNN,uncalibrated,0.0369,0.9704145,-5.068804848847461e-07,5.262696232018634e-07,2.0,0.001131497234169136
BCb,b_cb,KNN,kNN,uncalibrated,0.03692,0.9703963999999999,-7.344933359312993e-07,7.682679193838953e-07,2.0,0.0012465272725512404
BCb,b_cb,KNN,kNN,uncalibrated,0.03694,0.9703783,-1.0603188500195777e-06,1.1189769840204613e-06,2.0,0.0013801497399112406
BCb,b_cb,KNN,kNN,uncalibrated,0.03696,0.9703602,-1.5243010117301914e-06,1.6258495289584964e-06,2.0,0.0015362467953109178
BCb,b_cb,KNN,kNN,uncalibrated,0.03698,0.9703421,-2.1811118516197063e-06,2.3563057240712285e-06,2.0,0.0017196715861089265
BCb,b_cb,KNN,kNN,uncalibrated,0.037,0.970324,-3.1046038688527067e-06,3.4057305325025227e-06,2.0,0.0019365271518468898
BCb,b_cb,KNN,kNN,uncalibrated,0.03702,0.97030885,-4.209344795210802e-06,4.6917590827864186e-06,2.0,0.0021602696139150133
BCb,b_cb,KNN,kNN,uncalibrated,0.03704,0.9702936999999999,-5.6781936267814435e-06,6.448516897362911e-06,2.0,0.0024221483475655053
BCb,b_cb,KNN,kNN,uncalibrated,0.03706,0.97027855,-7.615678233609607e-06,8.841462414111629e-06,2.0,0.002730248918475682
BCb,b_cb,KNN,kNN,uncalibrated,0.03708,0.9702634,-1.0147732812633032e-05,1.2091050829385448e-05,2.0,0.0030946534936711787
BCb,b_cb,KNN,kNN,uncalibrated,0.0371,0.9702482499999999,-1.3420822407432814e-05,1.6489545291732762e-05,2.0,0.003527992055978021
BCb,b_cb,KNN,kNN,uncalibrated,0.03712,0.9702331,-1.7596750573851114e-05,2.2422276222449427e-05,2.0,0.004046158191879367
BCb,b_cb,KNN,kNN,uncalibrated,0.03714,0.97021795,-2.2840000401437772e-05,3.039419220413577e-05,2.0,0.004669240808494743
BCb,b_cb,KNN,kNN,uncalibrated,0.03716,0.9702028,-2.9292843076646876e-05,4.1062531725188146e-05,2.0,0.005422739134212399
BCb,b_cb,KNN,kNN,uncalibrated,0.03718,0.97018765,-3.703120156035836e-05,5.527631153765238e-05,2.0,0.006339148917246599
BCb,b_cb,KNN,kNN,uncalibrated,0.0372,0.9701725,-4.5991221827091805e-05,7.412300052148888e-05,2.0,0.007460033745073872
BCb,b_cb,KNN,kNN,uncalibrated,0.03722,0.97015735,-5.5852532153919224e-05,9.898212487041628e-05,2.0,0.008838727573605048
BCb,b_cb,KNN,kNN,uncalibrated,0.03724,0.9701422,-6.58591617293607e-05,0.00013158449335949667,2.0,0.010543853027256472
BCb,b_cb,KNN,kNN,uncalibrated,0.03726,0.97012705,-7.455305221043556e-05,0.0001740740637864623,2.0,0.01266388371949465
BCb,b_cb,KNN,kNN,uncalibrated,0.03728,0.9701119,-7.938823749630994e-05,0.00022906697869219008,2.0,0.01531302425761929
BCb,b_cb,KNN,kNN,uncalibrated,0.0373,0.9700967500000001,-7.61866142096649e-05,0.00029969873780057594,2.0,0.018638720984056886
BCb,b_cb,KNN,kNN,uncalibrated,0.03732,0.9700816,-5.8389766805050255e-05,0.0003896456034473325,2.0,0.022831135033105476
BCb,b_cb,KNN,kNN,uncalibrated,0.03734,0.97006645,-1.605714529392705e-05,0.0005030999642069418,2.0,0.02813488101381523
BCb,b_cb,KNN,kNN,uncalibrated,0.03736,0.9700513000000001,6.543866231256538e-05,0.0006446714689241958,2.0,0.034863217333164755
BCb,b_cb,KNN,kNN,uncalibrated,0.03738,0.97003615,0.00020706073079139768,0.0008191765416910808,2.0,0.043414603394756245
BCb,b_cb,KNN,kNN,uncalibrated,0.0374,0.970021,0.0004381225628258909,0.001031269161482847,2.0,0.0542910228576309
BCb,b_cb,KNN,kNN,uncalibrated,0.03742,0.9700083500000001,0.0009495355637020894,0.001259683678224197,15.0,0.06628884200533582
BCb,b_cb,KNN,kNN,uncalibrated,0.03744,0.9699957,0.0013888407106031051,0.0015994659130913818,15.0,0.08108654983500742
BCb,b_cb,KNN,kNN,uncalibrated,0.03746,0.9699830500000001,0.0019964333158621387,0.0020176013943700773,15.0,0.09928713917019547
BCb,b_cb,KNN,kNN,uncalibrated,0.03748,0.9699704,0.0028247493508430257,0.002528667057917121,15.0,0.12158064831635672
BCb,b_cb,KNN,kNN,uncalibrated,0.0375,0.9699577500000001,0.0039383734023796255,0.0031493205215207386,15.0,0.14873218133773633
BCb,b_cb,KNN,kNN,uncalibrated,0.03752,0.9699451,0.0054154834098872374,0.003898566915036737,15.0,0.18155382341013382
BCb,b_cb,KNN,kNN,uncalibrated,0.03754,0.9699324500000001,0.007349047604844118,0.004798048938392505,15.0,0.22085395621435658
BCb,b_cb,KNN,kNN,uncalibrated,0.03756,0.9699198,0.00984763260285862,0.005872316647588415,15.0,0.26735722678399226
BCb,b_cb,KNN,kNN,uncalibrated,0.03758,0.9699071499999999,0.01303567664143606,0.0071489992781245855,15.0,0.32158986045904486
BCb,b_cb,KNN,kNN,uncalibrated,0.0376,0.9698945,0.01705308831012797,0.00865876820274878,15.0,0.38372939945201756
BCb,b_cb,KNN,kNN,uncalibrated,0.03762,0.96988185,0.022054049695073415,0.010434960108069864,15.0,0.4534266346865098
BCb,b_cb,KNN,kNN,uncalibrated,0.03764,0.9698692,0.02820493334518906,0.01251273574520084,15.0,0.5296210954048047
BCb,b_cb,KNN,kNN,uncalibrated,0.03766,0.96985655,0.03568128344616127,0.014927690468064355,15.0,0.6103884135688712
BCb,b_cb,KNN,kNN,uncalibrated,0.03768,0.9698439,0.04466386082444003,0.017713906480412482,15.0,0.6928728405512047
BCb,b_cb,KNN,kNN,uncalibrated,0.0377,0.96983125,0.055333806141664034,0.02090152994241865,15.0,0.7733617091240754
BCb,b_cb,KNN,kNN,uncalibrated,0.03772,0.9698186,0.06811409797566054,0.024522852790349464,18.0,0.8475403100621043
BCb,b_cb,KNN,kNN,uncalibrated,0.03774,0.9698059499999999,0.08260333280891907,0.028915378755713362,18.0,0.9109215619176733
BCb,b_cb,KNN,kNN,uncalibrated,0.03776,0.9697933,0.09926976650285747,0.03380230646264879,18.0,0.9593855233953249
BCb,b_cb,KNN,kNN,uncalibrated,0.03778,0.9697806499999999,0.11824152712509554,0.03916504852727608,18.0,0.989714699308653
BCb,b_cb,KNN,kNN,uncalibrated,0.0378,0.969768,0.13961598192856134,0.04496623725625067,18.0,1.0
BCb,b_cb,KNN,kNN,uncalibrated,0.03782,0.96975745,0.1606195510164834,0.050430183346781274,18.0,0.9919858463389287
BCb,b_cb,KNN,kNN,uncalibrated,0.03784,0.9697469,0.1835732712723587,0.05614326289473134,18.0,0.968533387036663
BCb,b_cb,KNN,kNN,uncalibrated,0.03786,0.96973635,0.20846160620059254,0.06204368870736844,18.0,0.931086852331718
BCb,b_cb,KNN,kNN,uncalibrated,0.03788,0.9697258,0.23523754114467244,0.06806100706996014,18.0,0.8816849446668497
BCb,b_cb,KNN,kNN,uncalibrated,0.0379,0.9697152499999999,0.26382129192605697,0.0741182013982715,18.0,0.8227595402877027
BCb,b_cb,KNN,kNN,uncalibrated,0.03792,0.9697047,0.2940999030887904,0.0801341299603305,18.0,0.7569416221005091
BCb,b_cb,KNN,kNN,uncalibrated,0.03794,0.9696941499999999,0.3259278143460406,0.08602614128428474,18.0,0.6868889523677042
BCb,b_cb,KNN,kNN,uncalibrated,0.03796,0.9696836,0.3591284341612819,0.09171269738430918,18.0,0.6151398657433246
BCb,b_cb,KNN,kNN,uncalibrated,0.03798,0.9696730499999999,0.39349671435506284,0.09711583613244767,18.0,0.5439927790096228
BCb,b_cb,KNN,kNN,uncalibrated,0.038,0.9696625,0.4288026721036127,0.10216332075991263,18.0,0.47541124847268074
BCb,b_cb,KNN,kNN,uncalibrated,0.03802,0.96965195,0.4647957591012305,0.10679035620321155,18.0,0.41095705339018207
BCb,b_cb,KNN,kNN,uncalibrated,0.03804,0.9696414,0.5012099354570464,0.11094079685182127,18.0,0.35175559447802573
BCb,b_cb,KNN,kNN,uncalibrated,0.03806,0.96963085,0.5377692714417233,0.11456782429984873,18.0,0.29849669508926296
BCb,b_cb,KNN,kNN,uncalibrated,0.03808,0.9696203,0.57419387616598,0.11763413091895807,18.0,0.25146961268132406
BCb,b_cb,KNN,kNN,uncalibrated,0.0381,0.9696097499999999,0.6102059403678128,0.12011169765132676,18.0,0.21062555191614293
BCb,b_cb,KNN,kNN,uncalibrated,0.03812,0.9695992,0.6455356811455735,0.12198129384440577,18.0,0.1756567002152921
BCb,b_cb,KNN,kNN,uncalibrated,0.03814,0.9695886499999999,0.6799269886499615,0.12323184568618611,18.0,0.14607944882567966
BCb,b_cb,KNN,kNN,uncalibrated,0.03816,0.9695781,0.7131425961975747,0.12385981339027911,18.0,0.12131115326342223
BCb,b_cb,KNN,kNN,uncalibrated,0.03818,0.96956755,0.7449686229096328,0.12386868604846407,18.0,0.1007334186909627
BCb,b_cb,KNN,kNN,uncalibrated,0.0382,0.969557,0.7734328626704285,0.12337386449120816,22.0,0.08373895726887279
BCb,b_cb,KNN,kNN,uncalibrated,0.03822,0.96954805,0.7995286418729158,0.12269530006802433,22.0,0.0709988851712852
BCb,b_cb,KNN,kNN,uncalibrated,0.03824,0.9695391,0.8241272948860292,0.12150343818173462,22.0,0.06034469006319879
BCb,b_cb,KNN,kNN,uncalibrated,0.03826,0.96953015,0.8471508492663558,0.119820873316557,22.0,0.05144460275959754
BCb,b_cb,KNN,kNN,uncalibrated,0.03828,0.9695212,0.8685444555009346,0.11767552466503416,22.0,0.04401105840318654
BCb,b_cb,KNN,kNN,uncalibrated,0.0383,0.96951225,0.8882762646723718,0.11510012554846231,22.0,0.03779842834440298
BCb,b_cb,KNN,kNN,uncalibrated,0.03832,0.9695033,0.9061602953119312,0.11213617570108439,21.0,0.032599275594416714
BCb,b_cb,KNN,kNN,uncalibrated,0.03834,0.96949435,0.9225836350329749,0.10887266845432333,21.0,0.028239937760063224
BCb,b_cb,KNN,kNN,uncalibrated,0.03836,0.9694853999999999,0.9373796496790344,0.10528426399403706,21.0,0.024575978424905442
BCb,b_cb,KNN,kNN,uncalibrated,0.03838,0.9694764499999999,0.9505951254728806,0.10141736186753696,21.0,0.0214878413777619
BCb,b_cb,KNN,kNN,uncalibrated,0.0384,0.9694675,0.962292353549235,0.09732004802270434,21.0,0.018876891506139117
BCb,b_cb,KNN,kNN,uncalibrated,0.03842,0.96945855,0.9725466673772338,0.09304096515554897,21.0,0.016661923397319194
BCb,b_cb,KNN,kNN,uncalibrated,0.03844,0.9694496,0.9814438470660236,0.08862823281253362,21.0,0.01477615309049539
BCb,b_cb,KNN,kNN,uncalibrated,0.03846,0.96944065,0.989077491964292,0.08412846155351464,21.0,0.013164669794051623
BCb,b_cb,KNN,kNN,uncalibrated,0.03848,0.9694317,0.9955464559674655,0.07958589530517303,21.0,0.01178230421404042
BCb,b_cb,KNN,kNN,uncalibrated,0.0385,0.96942275,1.0009524278780848,0.07504170472537511,21.0,0.010591861918684976
BCb,b_cb,KNN,kNN,uncalibrated,0.03852,0.9694138,1.0053977234749096,0.07053344315454647,21.0,0.009562669211511958
BCb,b_cb,KNN,kNN,uncalibrated,0.03854,0.96940485,1.0089833382602924,0.06609466649516312,21.0,0.008669382107827896
BCb,b_cb,KNN,kNN,uncalibrated,0.03856,0.9693959,1.0118072917464471,0.06175470977960025,21.0,0.007891014127397261
BCb,b_cb,KNN,kNN,uncalibrated,0.03858,0.96938695,1.0139632769717872,0.057538606603893996,21.0,0.0072101444440792264
BCb,b_cb,KNN,kNN,uncalibrated,0.0386,0.969378,1.0155396137516652,0.05346713310201767,21.0,0.0066122737223430015
BCb,b_cb,KNN,kNN,uncalibrated,0.03862,0.9693706,1.016558213346431,0.04996988717823807,22.0,0.006136812343073591
BCb,b_cb,KNN,kNN,uncalibrated,0.03864,0.9693632,1.0172028496832524,0.04661035161146701,22.0,0.005710847980960029
BCb,b_cb,KNN,kNN,uncalibrated,0.03866,0.9693558,1.0175534515430922,0.04339490457387838,22.0,0.005328106527783702
BCb,b_cb,KNN,kNN,uncalibrated,0.03868,0.9693484,1.0176555085351708,0.04032843341844173,22.0,0.00498321215325415
BCb,b_cb,KNN,kNN,uncalibrated,0.0387,0.969341,1.017550127334002,0.037413922674154734,22.0,0.004671547235562124
BCb,b_cb,KNN,kNN,uncalibrated,0.03872,0.9693336,1.0172741460871255,0.034652651179199294,22.0,0.004389135498216952
BCb,b_cb,KNN,kNN,uncalibrated,0.03874,0.9693262,1.0168603064528803,0.03204439197312363,22.0,0.004132544353858144
BCb,b_cb,KNN,kNN,uncalibrated,0.03876,0.9693188,1.016337469409415,0.02958760978284474,22.0,0.0038988031571142875
BCb,b_cb,KNN,kNN,uncalibrated,0.03878,0.9693114,1.0157308623032926,0.02727965195728513,22.0,0.0036853346483106185
BCb,b_cb,KNN,kNN,uncalibrated,0.0388,0.9693039999999999,1.0150623461060684,0.025116929669353565,22.0,0.003489897347764067
BCb,b_cb,KNN,kNN,uncalibrated,0.03882,0.9692966,1.014350693417042,0.02309508708083557,22.0,0.0033105370537382505
BCb,b_cb,KNN,kNN,uncalibrated,0.03884,0.9692892,1.0136118693113154,0.021209156936508967,22.0,0.003145545920416168
BCb,b_cb,KNN,kNN,uncalibrated,0.03886,0.9692818,1.0128576600771084,0.019459504425227214,23.0,0.0029934278579205375
BCb,b_cb,KNN,kNN,uncalibrated,0.03888,0.9692744,1.0121080144246561,0.017833585246537564,23.0,0.0028528692145324184
BCb,b_cb,KNN,kNN,uncalibrated,0.0389,0.969267,1.011363917900129,0.016325306022976438,23.0,0.0027227138805392733
BCb,b_cb,KNN,kNN,uncalibrated,0.03892,0.9692596,1.0106329116333965,0.01492866635162071,23.0,0.0026019421004697166
BCb,b_cb,KNN,kNN,uncalibrated,0.03894,0.9692522,1.0099209846852752,0.013637599128955,23.0,0.0024896524016750406
BCb,b_cb,KNN,kNN,uncalibrated,0.03896,0.9692448,1.0092327806574,0.012446042940711288,23.0,0.0023850461470152112
BCb,b_cb,KNN,kNN,uncalibrated,0.03898,0.9692374,1.0085717862035688,0.011348002809639685,23.0,0.002287414301676695
BCb,b_cb,KNN,kNN,uncalibrated,0.039,0.96923,1.0079405015053804,0.010337600322256406,23.0,0.002196126072055642
BCb,b_cb,KNN,kNN,uncalibrated,0.03902,0.96922275,1.007347149561241,0.009419155444405329,23.0,0.0021114902591880054
BCb,b_cb,KNN,kNN,uncalibrated,0.03904,0.9692155,1.006785419847323,0.008575441435735038,23.0,0.002032020135972979
BCb,b_cb,KNN,kNN,uncalibrated,0.03906,0.96920825,1.0062556978576354,0.007801313790460664,23.0,0.001957280511268437
BCb,b_cb,KNN,kNN,uncalibrated,0.03908,0.969201,1.0057579161685632,0.0070918489952302355,23.0,0.0018868807005085685
BCb,b_cb,KNN,kNN,uncalibrated,0.0391,0.96919375,1.0052916414771218,0.006442356234731289,23.0,0.0018204693364529036
BCb,b_cb,KNN,kNN,uncalibrated,0.03912,0.9691865000000001,1.0048561499866109,0.005848384544339931,23.0,0.0017577298506952555
BCb,b_cb,KNN,kNN,uncalibrated,0.03914,0.96917925,1.004450492240084,0.005305726109221223,23.0,0.0016983765315043175
BCb,b_cb,KNN,kNN,uncalibrated,0.03916,0.969172,1.0040735484733836,0.004810416341923111,23.0,0.0016421510778482638
BCb,b_cb,KNN,kNN,uncalibrated,0.03918,0.96916475,1.0037240755126993,0.004358731303727454,23.0,0.0015888195814209999
BCb,b_cb,KNN,kNN,uncalibrated,0.0392,0.9691575,1.0034007461824979,0.0039471829710485155,23.0,0.0015381698785847952
BCb,b_cb,KNN,kNN,uncalibrated,0.03922,0.96915025,1.0031021821228259,0.003572512787304072,23.0,0.0014900092226286452
BCb,b_cb,KNN,kNN,uncalibrated,0.03924,0.969143,1.0028269808436243,0.0032316838840856675,23.0,0.001444162233917733
BCb,b_cb,KNN,kNN,uncalibrated,0.03926,0.96913575,1.002573737771051,0.002921872303127972,23.0,0.001400469091575699
BCb,b_cb,KNN,kNN,uncalibrated,0.03928,0.9691285,1.0023410639688097,0.002640457503042252,23.0,0.0013587839354830126
BCb,b_cb,KNN,kNN,uncalibrated,0.0393,0.9691212499999999,1.0021276001475579,0.0023850123917740396,23.0,0.001318973451739275
BCb,b_cb,KNN,kNN,uncalibrated,0.03932,0.969114,1.0019320275091899,0.0021532930871901845,23.0,0.0012809156184502815
BCb,b_cb,KNN,kNN,uncalibrated,0.03934,0.96910675,1.0017530759101372,0.0019432285741311148,23.0,0.001244498591861739
BCb,b_cb,KNN,kNN,uncalibrated,0.03936,0.9690995,1.0015895297701731,0.001752910396153625,23.0,0.0012096197155673882
BCb,b_cb,KNN,kNN,uncalibrated,0.03938,0.96909225,1.0014402321001077,0.0015805824938163692,23.0,0.0011761846378185049
BCb,b_cb,KNN,kNN,uncalibrated,0.0394,0.969085,1.0013040869732084,0.0014246312785415635,23.0,0.001144106523949192
BCb,b_cb,KNN,kNN,uncalibrated,0.03942,0.9690784,1.0011859268989072,0.0012902367898665966,23.0,0.0011145402529627165
BCb,b_cb,KNN,kNN,uncalibrated,0.03944,0.9690717999999999,1.0010778825944588,0.001168131419241251,23.0,0.00108606706788369
BCb,b_cb,KNN,kNN,uncalibrated,0.03946,0.9690652,1.000979168509818,0.0010572410864549695,23.0,0.0010586282220749433
BCb,b_cb,KNN,kNN,uncalibrated,0.03948,0.9690586,1.0008890486777067,0.0009565791502967988,23.0,0.0010321691691995423
BCb,b_cb,KNN,kNN,uncalibrated,0.0395,0.9690519999999999,1.0008068353364914,0.0008652401475604703,23.0,0.0010066392059737404
BCb,b_cb,KNN,kNN,uncalibrated,0.03952,0.9690454,1.0007309398351731,0.0007834624003328443,71.0,0.0009819911491092254
BCb,b_cb,KNN,kNN,uncalibrated,0.03954,0.9690388,1.0006640183958357,0.0007094433951754152,71.0,0.0009581810428314351
BCb,b_cb,KNN,kNN,uncalibrated,0.03956,0.9690322,1.0006029484262224,0.0006422307326255521,71.0,0.0009351678937823224
BCb,b_cb,KNN,kNN,uncalibrated,0.03958,0.9690255999999999,1.0005472548522603,0.0005812216659941454,71.0,0.0009129134304745822
BCb,b_cb,KNN,kNN,uncalibrated,0.0396,0.969019,1.0004964961450977,0.0005258639179405767,71.0,0.000891381884788969
BCb,b_cb,KNN,kNN,uncalibrated,0.03962,0.9690124,1.0004502626867677,0.00047565182952245453,71.0,0.000870539793282593
BCb,b_cb,KNN,kNN,uncalibrated,0.03964,0.9690057999999999,1.0004081750934435,0.00043012275265746767,71.0,0.0008503558163281125
BCb,b_cb,KNN,kNN,uncalibrated,0.03966,0.9689992,1.0003698825251326,0.0003888536779771223,71.0,0.0008308005733164899
BCb,b_cb,KNN,kNN,uncalibrated,0.03968,0.9689926,1.0003350610032298,0.00035145808896432795,71.0,0.0008118464923477027
BCb,b_cb,KNN,kNN,uncalibrated,0.0397,0.968986,1.000303411754615,0.0003175830325938917,71.0,0.0007934676730063071
BCb,b_cb,KNN,kNN,uncalibrated,0.03972,0.9689793999999999,1.0002746595958252,0.00028690639631411674,71.0,0.0007756397609632765
BCb,b_cb,KNN,kNN,uncalibrated,0.03974,0.9689728,1.0002485513678958,0.00025913438075743475,71.0,0.0007583398332811747
BCb,b_cb,KNN,kNN,uncalibrated,0.03976,0.9689662,1.0002248544306416,0.00023399915759383952,71.0,0.0007415462934133411
BCb,b_cb,KNN,kNN,uncalibrated,0.03978,0.9689595999999999,1.0002033552213416,0.00021125670225970156,71.0,0.0007252387749955518
BCb,b_cb,KNN,kNN,uncalibrated,0.0398,0.968953,1.0001838578817626,0.00019068479056836483,71.0,0.0007093980536174287
BCb,b_cb,KNN,kNN,uncalibrated,0.03982,0.9689462999999999,1.000166047643365,0.0001719388028531934,71.0,0.0006939208438625419
BCb,b_cb,KNN,kNN,uncalibrated,0.03984,0.9689396,1.0001499210112905,0.00015500445048337137,71.0,0.0006788811845760312
BCb,b_cb,KNN,kNN,uncalibrated,0.03986,0.9689329,1.0001353242382782,0.00013971051461686028,71.0,0.0006642624252392354
BCb,b_cb,KNN,kNN,uncalibrated,0.03988,0.9689262,1.0001221169040848,0.00012590147905116867,71.0,0.0006500487985973606
BCb,b_cb,KNN,kNN,uncalibrated,0.0399,0.9689194999999999,1.0001101708570417,0.00011343615038408643,71.0,0.0006362253604233835
BCb,b_cb,KNN,kNN,uncalibrated,0.03992,0.9689128,1.0000993692258833,0.00010218639161467758,71.0,0.0006227779340462816
BCb,b_cb,KNN,kNN,uncalibrated,0.03994,0.9689061,1.0000896054994604,9.203596117631775e-05,71.0,0.0006096930592268996
BCb,b_cb,KNN,kNN,uncalibrated,0.03996,0.9688994,1.000080782671237,8.287944893854388e-05,71.0,0.0005969579450066736
BCb,b_cb,KNN,kNN,uncalibrated,0.03998,0.9688926999999999,1.0000728124458207,7.462130264529804e-05,71.0,0.0005845604261868662
BCb,b_cb,KNN,kNN,uncalibrated,0.04,0.9688859999999999,1.0000656145040654,6.717493705229881e-05,71.0,0.0005724889231307527
BCb,b_cb,KNN,kNN,uncalibrated,0.04002,0.9688793,1.0000591158236438,6.046191972943698e-05,71.0,0.0005607324046079874
BCb,b_cb,KNN,kNN,uncalibrated,0.04004,0.9688726,1.000053250051864,5.441122738594875e-05,71.0,0.0005492803534263061
BCb,b_cb,KNN,kNN,uncalibrated,0.04006,0.9688659,1.0000479569276235,4.895856686903744e-05,71.0,0.0005381227346201161
BCb,b_cb,KNN,kNN,uncalibrated,0.04008,0.9688592,1.0000431817490747,4.4045755983735745e-05,71.0,0.0005272499659841694
BCb,b_cb,KNN,kNN,uncalibrated,0.0401,0.9688525,1.000038874884154,3.962015863829874e-05,71.0,0.0005166528907611875
BCb,b_cb,KNN,kNN,uncalibrated,0.04012,0.9688458,1.0000349913212747,3.563417049223547e-05,71.0,0.0005063227523092257
BCb,b_cb,KNN,kNN,uncalibrated,0.04014,0.9688391,1.0000314902567986,3.20447503937684e-05,71.0,0.0004962511705882686
BCb,b_cb,KNN,kNN,uncalibrated,0.04016,0.9688323999999999,1.0000283347172614,2.881299376725698e-05,71.0,0.0004864301203214503
BCb,b_cb,KNN,kNN,uncalibrated,0.04018,0.9688257,1.0000254912130615,2.5903744718650546e-05,71.0,0.00047685191069775487
BCb,b_cb,KNN,kNN,uncalibrated,0.0402,0.968819,1.0000229294220133,2.328524325106845e-05,71.0,0.0004675091664944459
BCb,b_cb,KNN,kNN,uncalibrated,0.04022,0.968812775,1.000020705496119,2.10141559548475e-05,71.0,0.00045859795780182856
BCb,b_cb,KNN,kNN,uncalibrated,0.04024,0.96880655,1.0000186947142806,1.896246252879598e-05,71.0,0.00044989542822345194
BCb,b_cb,KNN,kNN,uncalibrated,0.04026,0.968800325,1.0000168769651077,1.71092237277476e-05,71.0,0.0004413957330813933
BCb,b_cb,KNN,kNN,uncalibrated,0.04028,0.9687941,1.0000152339956943,1.5435468340226034e-05,71.0,0.00043309324201003783
BCb,b_cb,KNN,kNN,uncalibrated,0.0403,0.968787875,1.0000137492444852,1.392401165535438e-05,71.0,0.00042498252809212777
BCb,b_cb,KNN,kNN,uncalibrated,0.04032,0.9687816499999999,1.0000124076889914,1.2559290517873045e-05,71.0,0.0004170583576949081
BCb,b_cb,KNN,kNN,uncalibrated,0.04034,0.968775425,1.0000111957066307,1.1327213227044393e-05,71.0,0.00040931568095510745
BCb,b_cb,KNN,kNN,uncalibrated,0.04036,0.9687692,1.0000101009474718,1.0215022908649783e-05,71.0,0.0004017496228654712
BCb,b_cb,KNN,kNN,uncalibrated,0.04038,0.968762975,1.0000091122182764,9.211173229602338e-06,71.0,0.0003943554749201072
BCb,b_cb,KNN,kNN,uncalibrated,0.0404,0.96875675,1.0000082193766235,8.305215547664015e-06,71.0,0.0003871286872777767
BCb,b_cb,KNN,kNN,uncalibrated,0.04042,0.968750525,1.0000074132344978,7.4876961321868236e-06,71.0,0.000380064861406648
BCb,b_cb,KNN,kNN,uncalibrated,0.04044,0.9687443,1.0000066854705985,6.750063220626666e-06,71.0,0.00037315974317664286
BCb,b_cb,KNN,kNN,uncalibrated,0.04046,0.968738075,1.0000060285502186,6.084582099474478e-06,71.0,0.00036640921636719813
BCb,b_cb,KNN,kNN,uncalibrated,0.04048,0.96873185,1.0000054356522268,5.484258232820206e-06,71.0,0.0003598092965618427
BCb,b_cb,KNN,kNN,uncalibrated,0.0405,0.968725625,1.0000049006029714,4.9427675209365765e-06,71.0,0.0003533561254024792
BCb,b_cb,KNN,kNN,uncalibrated,0.04052,0.9687194,1.000004417815954,4.454392929256282e-06,71.0,0.00034704596517832727
BCb,b_cb,KNN,kNN,uncalibrated,0.04054,0.968713175,1.0000039822369429,4.01396704741315e-06,71.0,0.00034087519372691676
BCb,b_cb,KNN,kNN,uncalibrated,0.04056,0.9687069500000001,1.0000035892943573,3.61682003888421e-06,71.0,0.00033484029962521975
BCb,b_cb,KNN,kNN,uncalibrated,0.04058,0.968700725,1.0000032348536023,3.2587322307659825e-06,71.0,0.0003289378776514908
BCb,b_cb,KNN,kNN,uncalibrated,0.0406,0.9686945,1.0000029151762135,2.9358911760200225e-06,71.0,0.0003231646244997049
BCb,b_cb,KNN,kNN,uncalibrated,0.04062,0.968688275,1.0000026268827602,2.6448533381287073e-06,71.0,0.00031751733472915023
BCb,b_cb,KNN,kNN,uncalibrated,0.04064,0.96868205,1.0000023669181142,2.382508086505657e-06,71.0,0.0003119928969338822
BCb,b_cb,KNN,kNN,uncalibrated,0.04066,0.968675825,1.0000021325216546,2.1460465183132513e-06,71.0,0.0003065882901173106
BCb,b_cb,KNN,kNN,uncalibrated,0.04068,0.9686696,1.0000019211987843,1.9329321962388612e-06,71.0,0.00030130058025829725
BCb,b_cb,KNN,kNN,uncalibrated,0.0407,0.968663375,1.0000017306956708,1.7408750450212236e-06,71.0,0.00029612691705661616
BCb,b_cb,KNN,kNN,uncalibrated,0.04072,0.9686571500000001,1.0000015589767035,1.5678079888266127e-06,71.0,0.0002910645308456597
BCb,b_cb,KNN,kNN,uncalibrated,0.04074,0.968650925,1.0000014042031504,1.4118649346226705e-06,71.0,0.0002861107296618334
BCb,b_cb,KNN,kNN,uncalibrated,0.04076,0.9686447,1.000001264714598,1.27136184308341e-06,71.0,0.00028126289646080083
BCb,b_cb,KNN,kNN,uncalibrated,0.04078,0.968638475,1.0000011390119758,1.144779112306871e-06,71.0,0.0002765184864708568
BCb,b_cb,KNN,kNN,uncalibrated,0.0408,0.96863225,1.0000010257416363,1.0307452480417182e-06,71.0,0.0002718750246751036
BCb,b_cb,KNN,kNN,uncalibrated,0.04082,0.9686260250000001,1.0000009236821965,9.280234142071473e-07,71.0,0.0002673301034142786
BCb,b_cb,KNN,kNN,uncalibrated,0.04084,0.9686198,1.0000008317305626,8.354971560009868e-07,71.0,0.000262881380102665
BCb,b_cb,KNN,kNN,uncalibrated,0.04086,0.968613575,1.0000007488921077,7.521601797377181e-07,71.0,0.0002585265750504424
BCb,b_cb,KNN,kNN,uncalibrated,0.04088,0.9686073500000001,1.0000006742686847,6.771042366811562e-07,71.0,0.0002542634693856217
BCb,b_cb,KNN,kNN,uncalibrated,0.0409,0.9686011250000001,1.0000006070502883,6.095106038033578e-07,71.0,0.0002500899030697477
BCb,b_cb,KNN,kNN,uncalibrated,0.04092,0.9685949,1.0000005465061599,5.486409442795579e-07,71.0,0.000246003773001932
BCb,b_cb,KNN,kNN,uncalibrated,0.04094,0.968588675,1.000000491977056,4.938293910510444e-07,71.0,0.00024200303120564505
BCb,b_cb,KNN,kNN,uncalibrated,0.04096,0.96858245,1.0000004428685119,4.4447579277669793e-07,71.0,0.0002380856830937097
BCb,b_cb,KNN,kNN,uncalibrated,0.04098,0.9685762250000001,1.000000398644227,4.0003892074258757e-07,71.0,0.00023424978580686574
BCb,b_cb,KNN,kNN,uncalibrated,0.041,0.96857,1.000000358820877,3.6003109394630497e-07,71.0,0.0002304934466216224
BCb,b_cb,SVM,SVM (RBF),uncalibrated,0.036,0.97125,-0.005203692015824428,0.010171953399674496,2.0,0.0001563208300938046
BCb,b_cb,SVM,SVM (RBF),uncalibrated,0.03602,0.9712312,-0.005250470552747279,0.010237798259776052,2.0,0.0001596553491606923
BCb,b_cb,SVM,SVM (RBF),uncalibrated,0.03604,0.9712124,-0.005299363159911662,0.010306555978420178,2.0,0.0001631400369800422
BCb,b_cb,SVM,SVM (RBF),uncalibrated,0.03606,0.9711936,-0.005350468814339714,0.010378378200891148,2.0,0.0001667845039170563
BCb,b_cb,SVM,SVM (RBF),uncalibrated,0.03608,0.9711748,-0.005403889229045398,0.01045342383846332,2.0,0.0001705991797407486
BCb,b_cb,SVM,SVM (RBF),uncalibrated,0.0361,0.9711559999999999,-0.005459728631341983,0.010531859302336383,2.0,0.00017459540114748138
BCb,b_cb,SVM,SVM (RBF),uncalibrated,0.03612,0.9711371999999999,-0.005518093483493178,0.010613858731925302,2.0,0.00017878551039956058
BCb,b_cb,SVM,SVM (RBF),uncalibrated,0.03614,0.9711183999999999,-0.005579092138250368,0.010699604216818617,2.0,0.0001831829667009212
BCb,b_cb,SVM,SVM (RBF),uncalibrated,0.03616,0.9710996,-0.005642834420337525,0.010789286011243206,2.0,0.00018780247219776363
BCb,b_cb,SVM,SVM (RBF),uncalibrated,0.03618,0.9710808,-0.005709431127321807,0.010883102743434393,2.0,0.00019266011480807853
BCb,b_cb,SVM,SVM (RBF),uncalibrated,0.0362,0.971062,-0.005778993432851279,0.010981261613233853,2.0,0.0001977735304575747
BCb,b_cb,SVM,SVM (RBF),uncalibrated,0.03622,0.9710432,-0.0058516321861894795,0.011083978583810161,2.0,0.00020316208774441542
BCb,b_cb,SVM,SVM (RBF),uncalibrated,0.03624,0.9710244,-0.00592745709321011,0.01119147856654004,2.0,0.0002088470985853734
BCb,b_cb,SVM,SVM (RBF),uncalibrated,0.03626,0.9710056,-0.006006575760720203,0.0113039955970448,2.0,0.00021485205902985587
BCb,b_cb,SVM,SVM (RBF),uncalibrated,0.03628,0.9709868,-0.00608909259392187,0.011421773010977711,2.0,0.00022120292518815527
BCb,b_cb,SVM,SVM (RBF),uncalibrated,0.0363,0.970968,-0.006175107522305451,0.01154506361678764,2.0,0.0002279284301337885
BCb,b_cb,SVM,SVM (RBF),uncalibrated,0.03632,0.9709492,-0.006264714537999233,0.011674129875148109,2.0,0.0002350604487413466
BCb,b_cb,SVM,SVM (RBF),uncalibrated,0.03634,0.9709304,-0.0063580000202681265,0.011809244088837477,2.0,0.00024263441875320858
BCb,b_cb,SVM,SVM (RBF),uncalibrated,0.03636,0.9709116,-0.006455040820963119,0.011950688613239786,2.0,0.00025068982798532593
BCb,b_cb,SVM,SVM (RBF),uncalibrated,0.03638,0.9708928,-0.006555902080004384,0.012098756098187762,2.0,0.00025927077954793356
BCb,b_cb,SVM,SVM (RBF),uncalibrated,0.0364,0.970874,-0.006660634735618273,0.012253749775002098,2.0,0.00026842664935973053
BCb,b_cb,SVM,SVM (RBF),uncalibrated,0.03642,0.9708552,-0.006769272689210696,0.01241598380668169,2.0,0.0002782128531753422
BCb,b_cb,SVM,SVM (RBF),uncalibrated,0.03644,0.9708364,-0.006881829576450001,0.012585783721582875,2.0,0.0002886917439626124
BCb,b_cb,SVM,SVM (RBF),uncalibrated,0.03646,0.9708176000000001,-0.00699829508898769,0.012763486956573788,2.0,0.00029993366492757324
BCb,b_cb,SVM,SVM (RBF),uncalibrated,0.03648,0.9707988000000001,-0.007118630780194625,0.012949443539918828,2.0,0.0003120181890081736
BCb,b_cb,SVM,SVM (RBF),uncalibrated,0.0365,0.9707800000000001,-0.007242765275275357,0.013144016949489704,2.0,0.00032503558252125643
BCb,b_cb,SVM,SVM (RBF),uncalibrated,0.03652,0.9707612,-0.0073705887908354474,0.013347585188615336,2.0,0.00033908853920805524
BCb,b_cb,SVM,SVM (RBF),uncalibrated,0.03654,0.9707424,-0.007501946848733648,0.013560542128018976,2.0,0.0003542942416424407
BCb,b_cb,SVM,SVM (RBF),uncalibrated,0.03656,0.9707236,-0.007636633045246904,0.01378329917012571,2.0,0.0003707868204430158
BCb,b_cb,SVM,SVM (RBF),uncalibrated,0.03658,0.9707048,-0.007774380706678388,0.01401628730003373,2.0,0.0003887202987368996
BCb,b_cb,SVM,SVM (RBF),uncalibrated,0.0366,0.970686,-0.007914853225638327,0.014259959595997254,2.0,0.0004082721308832972
BCb,b_cb,SVM,SVM (RBF),uncalibrated,0.03662,0.9706679,-0.008053260000071116,0.014507005623483222,2.0,0.00042900314082650276
BCb,b_cb,SVM,SVM (RBF),uncalibrated,0.03664,0.9706498,-0.008193365964176712,0.01476503886313102,2.0,0.00045167388738763276
BCb,b_cb,SVM,SVM (RBF),uncalibrated,0.03666,0.9706317,-0.008334606913583252,0.015034553914112311,2.0,0.0004765370214630228
BCb,b_cb,SVM,SVM (RBF),uncalibrated,0.03668,0.9706136000000001,-0.008476306116119745,0.015316079517236328,2.0,0.0005038865180216589
BCb,b_cb,SVM,SVM (RBF),uncalibrated,0.0367,0.9705955,-0.008617656097242434,0.015610183894370635,2.0,0.000534065718307974
BCb,b_cb,SVM,SVM (RBF),uncalibrated,0.03672,0.9705774,-0.00875769716732841,0.01591748100470295,2.0,0.0005674771785729854
BCb,b_cb,SVM,SVM (RBF),uncalibrated,0.03674,0.9705593,-0.00889529202829564,0.01623863783169337,2.0,0.0006045947839644901
BCb,b_cb,SVM,SVM (RBF),uncalibrated,0.03676,0.9705412,-0.00902909565712946,0.016574382819069877,2.0,0.0006459787155935796
BCb,b_cb,SVM,SVM (RBF),uncalibrated,0.03678,0.9705231,-0.009157519495414213,0.01692551557566162,2.0,0.0006922940281834584
BCb,b_cb,SVM,SVM (RBF),uncalibrated,0.0368,0.970505,-0.009278688771597033,0.017292917965797194,2.0,0.0007443338184629331
BCb,b_cb,SVM,SVM (RBF),uncalibrated,0.03682,0.9704869,-0.009390391539588622,0.017677566691822494,2.0,0.0008030482587548354
BCb,b_cb,SVM,SVM (RBF),uncalibrated,0.03684,0.9704688,-0.0094900177262282,0.018080547455290467,2.0,0.0008695811607810925
BCb,b_cb,SVM,SVM (RBF),uncalibrated,0.03686,0.9704507,-0.009574486132112899,0.01850307074899154,2.0,0.0009453162554088769
BCb,b_cb,SVM,SVM (RBF),uncalibrated,0.03688,0.9704326,-0.009640156915812118,0.01894648927794916,2.0,0.001031936071399664
BCb,b_cb,SVM,SVM (RBF),uncalibrated,0.0369,0.9704145,-0.009682726599927388,0.01941231692607497,2.0,0.001131497234169136
BCb,b_cb,SVM,SVM (RBF),uncalibrated,0.03692,0.9703963999999999,-0.009697102058272738,0.019902249066881858,2.0,0.0012465272725512404
BCb,b_cb,SVM,SVM (RBF),uncalibrated,0.03694,0.9703783,-0.009677249267229755,0.02041818384893063,2.0,0.0013801497399112406
BCb,b_cb,SVM,SVM (RBF),uncalibrated,0.03696,0.9703602,-0.0096160118250727,0.020962243853830595,2.0,0.0015362467953109178
BCb,b_cb,SVM,SVM (RBF),uncalibrated,0.03698,0.9703421,-0.00950489336183897,0.02153679720683454,2.0,0.0017196715861089265
BCb,b_cb,SVM,SVM (RBF),uncalibrated,0.037,0.970324,-0.00933379699318574,0.02214447679354763,2.0,0.0019365271518468898
BCb,b_cb,SVM,SVM (RBF),uncalibrated,0.03702,0.97030885,-0.00912414621730716,0.022704752396657427,2.0,0.0021602696139150133
BCb,b_cb,SVM,SVM (RBF),uncalibrated,0.03704,0.9702936999999999,-0.008849882858542941,0.023294878068074627,2.0,0.0024221483475655053
BCb,b_cb,SVM,SVM (RBF),uncalibrated,0.03706,0.97027855,-0.008499960210909494,0.0239171782090075,2.0,0.002730248918475682
BCb,b_cb,SVM,SVM (RBF),uncalibrated,0.03708,0.9702634,-0.008061504516894379,0.024574142670292357,2.0,0.0030946534936711787
BCb,b_cb,SVM,SVM (RBF),uncalibrated,0.0371,0.9702482499999999,-0.007519514878037377,0.025268411762942245,2.0,0.003527992055978021
BCb,b_cb,SVM,SVM (RBF),uncalibrated,0.03712,0.9702331,-0.006856519600322353,0.02600274957287828,2.0,0.004046158191879367
BCb,b_cb,SVM,SVM (RBF),uncalibrated,0.03714,0.97021795,-0.00605218583724243,0.02678000188702898,2.0,0.004669240808494743
BCb,b_cb,SVM,SVM (RBF),uncalibrated,0.03716,0.9702028,-0.005082880756266596,0.02760303420336612,2.0,0.005422739134212399
BCb,b_cb,SVM,SVM (RBF),uncalibrated,0.03718,0.97018765,-0.0039211847095446395,0.02847464434942843,2.0,0.006339148917246599
BCb,b_cb,SVM,SVM (RBF),uncalibrated,0.0372,0.9701725,-0.0025353603383561005,0.029397443187336114,2.0,0.007460033745073872
BCb,b_cb,SVM,SVM (RBF),uncalibrated,0.03722,0.97015735,-0.0008887865250285856,0.03037369577449584,2.0,0.008838727573605048
BCb,b_cb,SVM,SVM (RBF),uncalibrated,0.03724,0.9701422,0.0010606270140057841,0.03140511424497781,2.0,0.010543853027256472
BCb,b_cb,SVM,SVM (RBF),uncalibrated,0.03726,0.97012705,0.0033610195959371883,0.03249259269154027,2.0,0.01266388371949465
BCb,b_cb,SVM,SVM (RBF),uncalibrated,0.03728,0.9701119,0.0060671174517862025,0.03363587364324716,2.0,0.01531302425761929
BCb,b_cb,SVM,SVM (RBF),uncalibrated,0.0373,0.9700967500000001,0.00924067918070251,0.034833135622971474,2.0,0.018638720984056886
BCb,b_cb,SVM,SVM (RBF),uncalibrated,0.03732,0.9700816,0.012950782310807152,0.03608049213241727,2.0,0.022831135033105476
BCb,b_cb,SVM,SVM (RBF),uncalibrated,0.03734,0.97006645,0.01727386743574172,0.03737139480657788,2.0,0.02813488101381523
BCb,b_cb,SVM,SVM (RBF),uncalibrated,0.03736,0.9700513000000001,0.022293440159879427,0.038695938151351104,2.0,0.034863217333164755
BCb,b_cb,SVM,SVM (RBF),uncalibrated,0.03738,0.97003615,0.028099318628794348,0.040040071172590425,2.0,0.043414603394756245
BCb,b_cb,SVM,SVM (RBF),uncalibrated,0.0374,0.970021,0.034786309960111214,0.04138473343925841,2.0,0.0542910228576309
BCb,b_cb,SVM,SVM (RBF),uncalibrated,0.03742,0.9700083500000001,0.04147834816741219,0.042549114100003206,2.0,0.06628884200533582
BCb,b_cb,SVM,SVM (RBF),uncalibrated,0.03744,0.9699957,0.048995970237657616,0.04367357579303935,2.0,0.08108654983500742
BCb,b_cb,SVM,SVM (RBF),uncalibrated,0.03746,0.9699830500000001,0.05740462331514422,0.04473225529283784,2.0,0.09928713917019547
BCb,b_cb,SVM,SVM (RBF),uncalibrated,0.03748,0.9699704,0.06676589685178606,0.04569445745483304,2.0,0.12158064831635672
BCb,b_cb,SVM,SVM (RBF),uncalibrated,0.0375,0.9699577500000001,0.07713504134410026,0.04652450162179076,2.0,0.14873218133773633
BCb,b_cb,SVM,SVM (RBF),uncalibrated,0.03752,0.9699451,0.08855830980880425,0.04718181430580643,2.0,0.18155382341013382
BCb,b_cb,SVM,SVM (RBF),uncalibrated,0.03754,0.9699324500000001,0.10107028332264159,0.04762135819947855,2.0,0.22085395621435658
BCb,b_cb,SVM,SVM (RBF),uncalibrated,0.03756,0.9699198,0.11469139123043581,0.04779449045648319,2.0,0.26735722678399226
BCb,b_cb,SVM,SVM (RBF),uncalibrated,0.03758,0.9699071499999999,0.1294258730805885,0.04765033350428224,2.0,0.32158986045904486
BCb,b_cb,SVM,SVM (RBF),uncalibrated,0.0376,0.9698945,0.14526044128913146,0.04713771395383364,2.0,0.38372939945201756
BCb,b_cb,SVM,SVM (RBF),uncalibrated,0.03762,0.96988185,0.1621638793941173,0.04620767493800319,2.0,0.4534266346865098
BCb,b_cb,SVM,SVM (RBF),uncalibrated,0.03764,0.9698692,0.18008774234810646,0.044816492926276624,2.0,0.5296210954048047
BCb,b_cb,SVM,SVM (RBF),uncalibrated,0.03766,0.96985655,0.19896821165860737,0.042929035697330725,2.0,0.6103884135688712
BCb,b_cb,SVM,SVM (RBF),uncalibrated,0.03768,0.9698439,0.21872900918308932,0.04052219531137338,2.0,0.6928728405512047
BCb,b_cb,SVM,SVM (RBF),uncalibrated,0.0377,0.96983125,0.2392198888238575,0.03830473756343339,15.0,0.7733617091240754
BCb,b_cb,SVM,SVM (RBF),uncalibrated,0.03772,0.9698186,0.26006442792581147,0.038450604400727124,15.0,0.8475403100621043
BCb,b_cb,SVM,SVM (RBF),uncalibrated,0.03774,0.9698059499999999,0.28173638315792643,0.038711131271116465,15.0,0.9109215619176733
BCb,b_cb,SVM,SVM (RBF),uncalibrated,0.03776,0.9697933,0.3041572795572829,0.03912674390056704,15.0,0.9593855233953249
BCb,b_cb,SVM,SVM (RBF),uncalibrated,0.03778,0.9697806499999999,0.3272424506091567,0.03972814696531013,15.0,0.989714699308653
BCb,b_cb,SVM,SVM (RBF),uncalibrated,0.0378,0.969768,0.3509026125849318,0.04053369774564119,15.0,1.0
BCb,b_cb,SVM,SVM (RBF),uncalibrated,0.03782,0.96975745,0.3722763769910095,0.04142393841166216,15.0,0.9919858463389287
BCb,b_cb,SVM,SVM (RBF),uncalibrated,0.03784,0.9697469,0.39396527986924906,0.042474313945620616,15.0,0.968533387036663
BCb,b_cb,SVM,SVM (RBF),uncalibrated,0.03786,0.96973635,0.41590366155308073,0.04367412272658917,15.0,0.931086852331718
BCb,b_cb,SVM,SVM (RBF),uncalibrated,0.03788,0.9697258,0.4380261848999733,0.045008208304836,15.0,0.8816849446668497
BCb,b_cb,SVM,SVM (RBF),uncalibrated,0.0379,0.9697152499999999,0.4601110605918532,0.04646024995007747,18.0,0.8227595402877027
BCb,b_cb,SVM,SVM (RBF),uncalibrated,0.03792,0.9697047,0.482455352408674,0.04842260026022354,18.0,0.7569416221005091
BCb,b_cb,SVM,SVM (RBF),uncalibrated,0.03794,0.9696941499999999,0.5048134191082784,0.05039317469287805,18.0,0.6868889523677042
BCb,b_cb,SVM,SVM (RBF),uncalibrated,0.03796,0.9696836,0.5271214954171504,0.052354426964616924,18.0,0.6151398657433246
BCb,b_cb,SVM,SVM (RBF),uncalibrated,0.03798,0.9696730499999999,0.5493175508216344,0.05429368393257021,18.0,0.5439927790096228
BCb,b_cb,SVM,SVM (RBF),uncalibrated,0.038,0.9696625,0.5713415919594069,0.05620294625428799,18.0,0.47541124847268074
BCb,b_cb,SVM,SVM (RBF),uncalibrated,0.03802,0.96965195,0.5931359269991052,0.05807824225929188,18.0,0.41095705339018207
BCb,b_cb,SVM,SVM (RBF),uncalibrated,0.03804,0.9696414,0.6146453882129448,0.059918637542311054,18.0,0.35175559447802573
BCb,b_cb,SVM,SVM (RBF),uncalibrated,0.03806,0.96963085,0.635817509293851,0.0617250172164118,18.0,0.29849669508926296
BCb,b_cb,SVM,SVM (RBF),uncalibrated,0.03808,0.9696203,0.6566026558185067,0.06349877122686826,18.0,0.25146961268132406
BCb,b_cb,SVM,SVM (RBF),uncalibrated,0.0381,0.9696097499999999,0.6769541105869733,0.06524052110374412,18.0,0.21062555191614293
BCb,b_cb,SVM,SVM (RBF),uncalibrated,0.03812,0.9695992,0.6968281200869536,0.06694902336058704,18.0,0.1756567002152921
BCb,b_cb,SVM,SVM (RBF),uncalibrated,0.03814,0.9695886499999999,0.7161839133756324,0.06862036616818627,18.0,0.14607944882567966
BCb,b_cb,SVM,SVM (RBF),uncalibrated,0.03816,0.9695781,0.7349837093249627,0.07024754121597417,18.0,0.12131115326342223
BCb,b_cb,SVM,SVM (RBF),uncalibrated,0.03818,0.96956755,0.7523073786182778,0.07193633592731442,22.0,0.1007334186909627
BCb,b_cb,SVM,SVM (RBF),uncalibrated,0.0382,0.969557,0.770078305346401,0.07373766513917303,22.0,0.08373895726887279
BCb,b_cb,SVM,SVM (RBF),uncalibrated,0.03822,0.96954805,0.7855663245264315,0.07525915744885543,22.0,0.0709988851712852
BCb,b_cb,SVM,SVM (RBF),uncalibrated,0.03824,0.9695391,0.8005081270535549,0.07667091311321769,22.0,0.06034469006319879
BCb,b_cb,SVM,SVM (RBF),uncalibrated,0.03826,0.96953015,0.8148836468630157,0.07796397653017077,22.0,0.05144460275959754
BCb,b_cb,SVM,SVM (RBF),uncalibrated,0.03828,0.9695212,0.8286756680937302,0.07913012220844573,22.0,0.04401105840318654
BCb,b_cb,SVM,SVM (RBF),uncalibrated,0.0383,0.96951225,0.8418700539646498,0.0801621766958952,22.0,0.03779842834440298
BCb,b_cb,SVM,SVM (RBF),uncalibrated,0.03832,0.9695033,0.8544559451137156,0.08105431738838952,22.0,0.032599275594416714
BCb,b_cb,SVM,SVM (RBF),uncalibrated,0.03834,0.96949435,0.8664259166259064,0.081802322196433,22.0,0.028239937760063224
BCb,b_cb,SVM,SVM (RBF),uncalibrated,0.03836,0.9694853999999999,0.8777760837781781,0.0824037500885495,22.0,0.024575978424905442
BCb,b_cb,SVM,SVM (RBF),uncalibrated,0.03838,0.9694764499999999,0.8885061481219304,0.08285804026011415,22.0,0.0214878413777619
BCb,b_cb,SVM,SVM (RBF),uncalibrated,0.0384,0.9694675,0.8983553908718682,0.08321263716928233,23.0,0.018876891506139117
BCb,b_cb,SVM,SVM (RBF),uncalibrated,0.03842,0.96945855,0.9079016557431714,0.08343791368787475,23.0,0.016661923397319194
BCb,b_cb,SVM,SVM (RBF),uncalibrated,0.03844,0.9694496,0.9168495893176892,0.08352058502079095,23.0,0.01477615309049539
BCb,b_cb,SVM,SVM (RBF),uncalibrated,0.03846,0.96944065,0.9252115254153889,0.08346693117824891,23.0,0.013164669794051623
BCb,b_cb,SVM,SVM (RBF),uncalibrated,0.03848,0.9694317,0.9330026877132079,0.0832845707501214,23.0,0.01178230421404042
BCb,b_cb,SVM,SVM (RBF),uncalibrated,0.0385,0.96942275,0.9402408814128087,0.08298218122390288,23.0,0.010591861918684976
BCb,b_cb,SVM,SVM (RBF),uncalibrated,0.03852,0.9694138,0.9469461451848077,0.08256921590470238,23.0,0.009562669211511958
BCb,b_cb,SVM,SVM (RBF),uncalibrated,0.03854,0.96940485,0.9531403771199463,0.08205563078144097,23.0,0.008669382107827896
BCb,b_cb,SVM,SVM (RBF),uncalibrated,0.03856,0.9693959,0.9588469485924446,0.08145163175010757,23.0,0.007891014127397261
BCb,b_cb,SVM,SVM (RBF),uncalibrated,0.03858,0.96938695,0.9640903192071898,0.08076744952778753,23.0,0.0072101444440792264
BCb,b_cb,SVM,SVM (RBF),uncalibrated,0.0386,0.969378,0.9688956645453068,0.08001314666803512,23.0,0.0066122737223430015
BCb,b_cb,SVM,SVM (RBF),uncalibrated,0.03862,0.9693706,0.9728394771264564,0.07928199513285562,23.0,0.006136812343073591
BCb,b_cb,SVM,SVM (RBF),uncalibrated,0.03864,0.9693632,0.9740778726885886,0.07856374818202962,71.0,0.005710847980960029
BCb,b_cb,SVM,SVM (RBF),uncalibrated,0.03866,0.9693558,0.9777485826806097,0.07801686014116221,71.0,0.005328106527783702
BCb,b_cb,SVM,SVM (RBF),uncalibrated,0.03868,0.9693484,0.9811328547845355,0.07742571469861925,71.0,0.00498321215325415
BCb,b_cb,SVM,SVM (RBF),uncalibrated,0.0387,0.969341,0.9842475047749146,0.07679628478774178,71.0,0.004671547235562124
BCb,b_cb,SVM,SVM (RBF),uncalibrated,0.03872,0.9693336,0.9871090114287765,0.07613414275501272,71.0,0.004389135498216952
BCb,b_cb,SVM,SVM (RBF),uncalibrated,0.03874,0.9693262,0.9897334143406502,0.07544445139228761,71.0,0.004132544353858144
BCb,b_cb,SVM,SVM (RBF),uncalibrated,0.03876,0.9693188,0.9921362306727892,0.07473196313512671,71.0,0.0038988031571142875
BCb,b_cb,SVM,SVM (RBF),uncalibrated,0.03878,0.9693114,0.9943323896779188,0.0740010259376074,71.0,0.0036853346483106185
BCb,b_cb,SVM,SVM (RBF),uncalibrated,0.0388,0.9693039999999999,0.9963361835484857,0.0732555944584394,71.0,0.003489897347764067
BCb,b_cb,SVM,SVM (RBF),uncalibrated,0.03882,0.9692966,0.9981612329725602,0.07249924533524434,71.0,0.0033105370537382505
BCb,b_cb,SVM,SVM (RBF),uncalibrated,0.03884,0.9692892,0.9998204656920788,0.07173519547314902,71.0,0.003145545920416168
BCb,b_cb,SVM,SVM (RBF),uncalibrated,0.03886,0.9692818,1.0013261063479173,0.07096632242324062,71.0,0.0029934278579205375
BCb,b_cb,SVM,SVM (RBF),uncalibrated,0.03888,0.9692744,1.0026896759442063,0.07019518606962458,71.0,0.0028528692145324184
BCb,b_cb,SVM,SVM (RBF),uncalibrated,0.0389,0.969267,1.0039219993502833,0.06942405097753637,71.0,0.0027227138805392733
BCb,b_cb,SVM,SVM (RBF),uncalibrated,0.03892,0.9692596,1.0050332193774063,0.06865490887662382,71.0,0.0026019421004697166
BCb,b_cb,SVM,SVM (RBF),uncalibrated,0.03894,0.9692522,1.0060328161000611,0.06788950086169815,71.0,0.0024896524016750406
BCb,b_cb,SVM,SVM (RBF),uncalibrated,0.03896,0.9692448,1.0069296302353803,0.06712933898803584,71.0,0.0023850461470152112
BCb,b_cb,SVM,SVM (RBF),uncalibrated,0.03898,0.9692374,1.0077150711692662,0.06637574083829646,70.0,0.002287414301676695
BCb,b_cb,SVM,SVM (RBF),uncalibrated,0.039,0.96923,1.008437734432386,0.06563647171130053,70.0,0.002196126072055642
BCb,b_cb,SVM,SVM (RBF),uncalibrated,0.03902,0.96922275,1.0090723983185836,0.06491313931968921,70.0,0.0021114902591880054
BCb,b_cb,SVM,SVM (RBF),uncalibrated,0.03904,0.9692155,1.0095479658237076,0.06420934688722794,74.0,0.002032020135972979
BCb,b_cb,SVM,SVM (RBF),uncalibrated,0.03906,0.96920825,1.0100717758820625,0.06352746749721767,74.0,0.001957280511268437
BCb,b_cb,SVM,SVM (RBF),uncalibrated,0.03908,0.969201,1.010533773141026,0.06285460044801652,74.0,0.0018868807005085685
BCb,b_cb,SVM,SVM (RBF),uncalibrated,0.0391,0.96919375,1.0109389893233538,0.06219117993325488,74.0,0.0018204693364529036
BCb,b_cb,SVM,SVM (RBF),uncalibrated,0.03912,0.9691865000000001,1.01129207281406,0.06153755149685545,74.0,0.0017577298506952555
BCb,b_cb,SVM,SVM (RBF),uncalibrated,0.03914,0.96917925,1.0115973146197224,0.060893982503078106,74.0,0.0016983765315043175
BCb,b_cb,SVM,SVM (RBF),uncalibrated,0.03916,0.969172,1.0118586732465762,0.06026067162402347,74.0,0.0016421510778482638
BCb,b_cb,SVM,SVM (RBF),uncalibrated,0.03918,0.96916475,1.0120797984024006,0.059637757406693886,74.0,0.0015888195814209999
BCb,b_cb,SVM,SVM (RBF),uncalibrated,0.0392,0.9691575,1.01226405346389,0.05902532598417121,74.0,0.0015381698785847952
BCb,b_cb,SVM,SVM (RBF),uncalibrated,0.03922,0.96915025,1.0124145366804393,0.0584234179949098,74.0,0.0014900092226286452
BCb,b_cb,SVM,SVM (RBF),uncalibrated,0.03924,0.969143,1.0125341011085291,0.057832034773733325,74.0,0.001444162233917733
BCb,b_cb,SVM,SVM (RBF),uncalibrated,0.03926,0.96913575,1.0126253732903612,0.05725114387559753,74.0,0.001400469091575699
BCb,b_cb,SVM,SVM (RBF),uncalibrated,0.03928,0.9691285,1.0126907707043438,0.05668068399078519,74.0,0.0013587839354830126
BCb,b_cb,SVM,SVM (RBF),uncalibrated,0.0393,0.9691212499999999,1.0127325180263271,0.05612056930713832,74.0,0.001318973451739275
BCb,b_cb,SVM,SVM (RBF),uncalibrated,0.03932,0.969114,1.012752662248236,0.05557069337117754,74.0,0.0012809156184502815
BCb,b_cb,SVM,SVM (RBF),uncalibrated,0.03934,0.96910675,1.0127530867065473,0.055030932496964405,74.0,0.001244498591861739
BCb,b_cb,SVM,SVM (RBF),uncalibrated,0.03936,0.9690995,1.0127355240768297,0.05450114876756346,74.0,0.0012096197155673882
BCb,b_cb,SVM,SVM (RBF),uncalibrated,0.03938,0.96909225,1.0127015683915543,0.05398119267062737,74.0,0.0011761846378185049
BCb,b_cb,SVM,SVM (RBF),uncalibrated,0.0394,0.969085,1.0126526861402871,0.053470905406247646,74.0,0.001144106523949192
BCb,b_cb,SVM,SVM (RBF),uncalibrated,0.03942,0.9690784,1.012591013243636,0.05299354264351724,74.0,0.0011145402529627165
BCb,b_cb,SVM,SVM (RBF),uncalibrated,0.03944,0.9690717999999999,1.012518242190803,0.05252467215006575,74.0,0.00108606706788369
BCb,b_cb,SVM,SVM (RBF),uncalibrated,0.03946,0.9690652,1.012435356447619,0.05206414193555239,74.0,0.0010586282220749433
BCb,b_cb,SVM,SVM (RBF),uncalibrated,0.03948,0.9690586,1.012343264461923,0.051611797730446905,74.0,0.0010321691691995423
BCb,b_cb,SVM,SVM (RBF),uncalibrated,0.0395,0.9690519999999999,1.012242805442193,0.05116748388465438,74.0,0.0010066392059737404
BCb,b_cb,SVM,SVM (RBF),uncalibrated,0.03952,0.9690454,1.01213475468928,0.050731044143509575,74.0,0.0009819911491092254
BCb,b_cb,SVM,SVM (RBF),uncalibrated,0.03954,0.9690388,1.0120198285147095,0.050302322314946996,74.0,0.0009581810428314351
BCb,b_cb,SVM,SVM (RBF),uncalibrated,0.03956,0.9690322,1.011898688775392,0.04988116284008911,74.0,0.0009351678937823224
BCb,b_cb,SVM,SVM (RBF),uncalibrated,0.03958,0.9690255999999999,1.0117719470536295,0.04946741127828534,74.0,0.0009129134304745822
BCb,b_cb,SVM,SVM (RBF),uncalibrated,0.0396,0.969019,1.0116401685098908,0.04906091471667235,74.0,0.000891381884788969
BCb,b_cb,SVM,SVM (RBF),uncalibrated,0.03962,0.9690124,1.01150387543275,0.048661522113006596,74.0,0.000870539793282593
BCb,b_cb,SVM,SVM (RBF),uncalibrated,0.03964,0.9690057999999999,1.0113635505099086,0.048269084579975426,74.0,0.0008503558163281125
BCb,b_cb,SVM,SVM (RBF),uncalibrated,0.03966,0.9689992,1.0112196398420399,0.04788345561786659,74.0,0.0008308005733164899
BCb,b_cb,SVM,SVM (RBF),uncalibrated,0.03968,0.9689926,1.0110725557195082,0.04750449130224824,74.0,0.0008118464923477027
BCb,b_cb,SVM,SVM (RBF),uncalibrated,0.0397,0.968986,1.0109226791808101,0.04713205043207629,74.0,0.0007934676730063071
BCb,b_cb,SVM,SVM (RBF),uncalibrated,0.03972,0.9689793999999999,1.0107703623700202,0.046765994643534585,74.0,0.0007756397609632765
BCb,b_cb,SVM,SVM (RBF),uncalibrated,0.03974,0.9689728,1.0106159307093052,0.04640618849404175,74.0,0.0007583398332811747
BCb,b_cb,SVM,SVM (RBF),uncalibrated,0.03976,0.9689662,1.010459684901276,0.04605249952016383,74.0,0.0007415462934133411
BCb,b_cb,SVM,SVM (RBF),uncalibrated,0.03978,0.9689595999999999,1.010301902774757,0.045704798273513175,74.0,0.0007252387749955518
BCb,b_cb,SVM,SVM (RBF),uncalibrated,0.0398,0.968953,1.0101428409866866,0.04536295833733117,74.0,0.0007093980536174287
BCb,b_cb,SVM,SVM (RBF),uncalibrated,0.03982,0.9689462999999999,1.0099817408634026,0.04502429606347206,74.0,0.0006939208438625419
BCb,b_cb,SVM,SVM (RBF),uncalibrated,0.03984,0.9689396,1.0098197954742612,0.044691334542191305,74.0,0.0006788811845760312
BCb,b_cb,SVM,SVM (RBF),uncalibrated,0.03986,0.9689329,1.0096572119878435,0.04436395377032843,74.0,0.0006642624252392354
BCb,b_cb,SVM,SVM (RBF),uncalibrated,0.03988,0.9689262,1.0094941814880483,0.04404203679362081,74.0,0.0006500487985973606
BCb,b_cb,SVM,SVM (RBF),uncalibrated,0.0399,0.9689194999999999,1.0093015060582102,0.04373536529582615,76.0,0.0006362253604233835
BCb,b_cb,SVM,SVM (RBF),uncalibrated,0.03992,0.9689128,1.0091553032309182,0.04343952121129636,76.0,0.0006227779340462816
BCb,b_cb,SVM,SVM (RBF),uncalibrated,0.03994,0.9689061,1.0090086772414812,0.04314841790352102,76.0,0.0006096930592268996
BCb,b_cb,SVM,SVM (RBF),uncalibrated,0.03996,0.9688994,1.0088617757106886,0.04286195701074265,76.0,0.0005969579450066736
BCb,b_cb,SVM,SVM (RBF),uncalibrated,0.03998,0.9688926999999999,1.0087147350567935,0.04258004284093761,76.0,0.0005845604261868662
BCb,b_cb,SVM,SVM (RBF),uncalibrated,0.04,0.9688859999999999,1.0085676812890503,0.04230258230229697,76.0,0.0005724889231307527
BCb,b_cb,SVM,SVM (RBF),uncalibrated,0.04002,0.9688793,1.0084207307427149,0.04202948483236818,76.0,0.0005607324046079874
BCb,b_cb,SVM,SVM (RBF),uncalibrated,0.04004,0.9688726,1.0082739907590597,0.04176066232610618,76.0,0.0005492803534263061
BCb,b_cb,SVM,SVM (RBF),uncalibrated,0.04006,0.9688659,1.008127560315368,0.041496029063680565,76.0,0.0005381227346201161
BCb,b_cb,SVM,SVM (RBF),uncalibrated,0.04008,0.9688592,1.0079815306087174,0.04123550163826384,76.0,0.0005272499659841694
BCb,b_cb,SVM,SVM (RBF),uncalibrated,0.0401,0.9688525,1.0078359855969419,0.040978998884272186,76.0,0.0005166528907611875
BCb,b_cb,SVM,SVM (RBF),uncalibrated,0.04012,0.9688458,1.0076910025004588,0.040726441806571714,76.0,0.0005063227523092257
BCb,b_cb,SVM,SVM (RBF),uncalibrated,0.04014,0.9688391,1.0075466522676813,0.040477753510381694,76.0,0.0004962511705882686
BCb,b_cb,SVM,SVM (RBF),uncalibrated,0.04016,0.9688323999999999,1.0074030000067768,0.04023285913276116,76.0,0.0004864301203214503
BCb,b_cb,SVM,SVM (RBF),uncalibrated,0.04018,0.9688257,1.0072601053869779,0.03999168577539297,76.0,0.00047685191069775487
BCb,b_cb,SVM,SVM (RBF),uncalibrated,0.0402,0.968819,1.0071180230108334,0.03975416243894427,76.0,0.0004675091664944459
BCb,b_cb,SVM,SVM (RBF),uncalibrated,0.04022,0.968812775,1.0069811264516475,0.039528726465626704,76.0,0.00045859795780182856
BCb,b_cb,SVM,SVM (RBF),uncalibrated,0.04024,0.96880655,1.006845097289077,0.03930656651785718,76.0,0.00044989542822345194
BCb,b_cb,SVM,SVM (RBF),uncalibrated,0.04026,0.968800325,1.006709971429505,0.03908762331836548,76.0,0.0004413957330813933
BCb,b_cb,SVM,SVM (RBF),uncalibrated,0.04028,0.9687941,1.0065757815143397,0.03887183901842328,76.0,0.00043309324201003783
BCb,b_cb,SVM,SVM (RBF),uncalibrated,0.0403,0.968787875,1.006442557133842,0.038659157150777314,76.0,0.00042498252809212777
BCb,b_cb,SVM,SVM (RBF),uncalibrated,0.04032,0.9687816499999999,1.0063103250273215,0.0384495225844666,76.0,0.0004170583576949081
BCb,b_cb,SVM,SVM (RBF),uncalibrated,0.04034,0.968775425,1.0061791092697572,0.03824288148085628,76.0,0.00040931568095510745
BCb,b_cb,SVM,SVM (RBF),uncalibrated,0.04036,0.9687692,1.0060489314464784,0.038039181251677406,76.0,0.0004017496228654712
BCb,b_cb,SVM,SVM (RBF),uncalibrated,0.04038,0.968762975,1.0059198108159242,0.037838370518038546,76.0,0.0003943554749201072
BCb,b_cb,SVM,SVM (RBF),uncalibrated,0.0404,0.96875675,1.0057917644622663,0.03764039907127203,76.0,0.0003871286872777767
BCb,b_cb,SVM,SVM (RBF),uncalibrated,0.04042,0.968750525,1.0056648074380479,0.0374452178353469,76.0,0.000380064861406648
BCb,b_cb,SVM,SVM (RBF),uncalibrated,0.04044,0.9687443,1.0055389528975702,0.037252778830355666,76.0,0.00037315974317664286
BCb,b_cb,SVM,SVM (RBF),uncalibrated,0.04046,0.968738075,1.0054142122218828,0.037063035137873276,76.0,0.00036640921636719813
BCb,b_cb,SVM,SVM (RBF),uncalibrated,0.04048,0.96873185,1.005290595135395,0.036875940867034135,76.0,0.0003598092965618427
BCb,b_cb,SVM,SVM (RBF),uncalibrated,0.0405,0.968725625,1.0051681098159042,0.036691451122898865,76.0,0.0003533561254024792
BCb,b_cb,SVM,SVM (RBF),uncalibrated,0.04052,0.9687194,1.0050467629968902,0.036509521974990126,76.0,0.00034704596517832727
BCb,b_cb,SVM,SVM (RBF),uncalibrated,0.04054,0.968713175,1.0049265600637978,0.0363301104280064,76.0,0.00034087519372691676
BCb,b_cb,SVM,SVM (RBF),uncalibrated,0.04056,0.9687069500000001,1.0048075051441945,0.03615317439317664,76.0,0.00033484029962521975
BCb,b_cb,SVM,SVM (RBF),uncalibrated,0.04058,0.968700725,1.004689601192518,0.03597867266106197,76.0,0.0003289378776514908
BCb,b_cb,SVM,SVM (RBF),uncalibrated,0.0406,0.9686945,1.004572850069175,0.03580656487522663,76.0,0.0003231646244997049
BCb,b_cb,SVM,SVM (RBF),uncalibrated,0.04062,0.968688275,1.0044572526153184,0.03563681150738128,76.0,0.00031751733472915023
BCb,b_cb,SVM,SVM (RBF),uncalibrated,0.04064,0.96868205,1.0043428087223676,0.035469373832889624,76.0,0.0003119928969338822
BCb,b_cb,SVM,SVM (RBF),uncalibrated,0.04066,0.968675825,1.0042295173980145,0.03530421390813055,76.0,0.0003065882901173106
BCb,b_cb,SVM,SVM (RBF),uncalibrated,0.04068,0.9686696,1.004117376827558,0.035141294547997845,76.0,0.00030130058025829725
BCb,b_cb,SVM,SVM (RBF),uncalibrated,0.0407,0.968663375,1.004006384432069,0.034980579304857484,76.0,0.00029612691705661616
BCb,b_cb,SVM,SVM (RBF),uncalibrated,0.04072,0.9686571500000001,1.0038965369224586,0.034822032448019444,76.0,0.0002910645308456597
BCb,b_cb,SVM,SVM (RBF),uncalibrated,0.04074,0.968650925,1.0037878303508485,0.03466561894430186,76.0,0.0002861107296618334
BCb,b_cb,SVM,SVM (RBF),uncalibrated,0.04076,0.9686447,1.0036802601586325,0.034511304439328976,76.0,0.00028126289646080083
BCb,b_cb,SVM,SVM (RBF),uncalibrated,0.04078,0.968638475,1.0035738212211307,0.03435905523903329,76.0,0.0002765184864708568
BCb,b_cb,SVM,SVM (RBF),uncalibrated,0.0408,0.96863225,1.0034685078910672,0.034208838293369424,76.0,0.0002718750246751036
BCb,b_cb,SVM,SVM (RBF),uncalibrated,0.04082,0.9686260250000001,1.0033643140371566,0.03406062117844426,76.0,0.0002673301034142786
BCb,b_cb,SVM,SVM (RBF),uncalibrated,0.04084,0.9686198,1.0032612330829465,0.03391437208178401,76.0,0.000262881380102665
BCb,b_cb,SVM,SVM (RBF),uncalibrated,0.04086,0.968613575,1.0031592580408848,0.03377005978586961,76.0,0.0002585265750504424
BCb,b_cb,SVM,SVM (RBF),uncalibrated,0.04088,0.9686073500000001,1.0030583815468632,0.03362765365462389,76.0,0.0002542634693856217
BCb,b_cb,SVM,SVM (RBF),uncalibrated,0.0409,0.9686011250000001,1.0029585958898715,0.033487123617787225,76.0,0.0002500899030697477
BCb,b_cb,SVM,SVM (RBF),uncalibrated,0.04092,0.9685949,1.0028598930428285,0.03334844015868067,76.0,0.000246003773001932
BCb,b_cb,SVM,SVM (RBF),uncalibrated,0.04094,0.968588675,1.002762264689753,0.033211574300625823,76.0,0.00024200303120564505
BCb,b_cb,SVM,SVM (RBF),uncalibrated,0.04096,0.96858245,1.0026657022509031,0.03307649759345238,76.0,0.0002380856830937097
BCb,b_cb,SVM,SVM (RBF),uncalibrated,0.04098,0.9685762250000001,1.0025701969079062,0.03294318210216306,76.0,0.00023424978580686574
BCb,b_cb,SVM,SVM (RBF),uncalibrated,0.041,0.96857,1.0024757396275639,0.03281160039570095,76.0,0.0002304934466216224
BCb,b_cb,NN,Neural Network,uncalibrated,0.036,0.97125,0.9998891498866657,1.1175393943574363e-11,2.0,0.0001563208300938046
BCb,b_cb,NN,Neural Network,uncalibrated,0.03602,0.9712312,0.999889149886095,1.1746270622836619e-11,2.0,0.0001596553491606923
BCb,b_cb,NN,Neural Network,uncalibrated,0.03604,0.9712124,0.9998891499012277,3.387012892830094e-12,2.0,0.0001631400369800422
BCb,b_cb,NN,Neural Network,uncalibrated,0.03606,0.9711936,0.999889149899391,1.5500933869816436e-12,2.0,0.0001667845039170563
BCb,b_cb,NN,Neural Network,uncalibrated,0.03608,0.9711748,0.999889149900596,2.754962925015356e-12,2.0,0.0001705991797407486
BCb,b_cb,NN,Neural Network,uncalibrated,0.0361,0.9711559999999999,0.9998891498983538,5.130340596792848e-13,2.0,0.00017459540114748138
BCb,b_cb,NN,Neural Network,uncalibrated,0.03612,0.9711371999999999,0.9998891498991108,1.269873095566254e-12,2.0,0.00017878551039956058
BCb,b_cb,NN,Neural Network,uncalibrated,0.03614,0.9711183999999999,0.9998891498948472,2.993605363599272e-12,2.0,0.0001831829667009212
BCb,b_cb,NN,Neural Network,uncalibrated,0.03616,0.9710996,0.9998891498973538,4.871658632055187e-13,2.0,0.00018780247219776363
BCb,b_cb,NN,Neural Network,uncalibrated,0.03618,0.9710808,0.9998891498981559,3.1502578812823844e-13,2.0,0.00019266011480807853
BCb,b_cb,NN,Neural Network,uncalibrated,0.0362,0.971062,0.9998891498963152,1.5261125696497402e-12,2.0,0.0001977735304575747
BCb,b_cb,NN,Neural Network,uncalibrated,0.03622,0.9710432,0.9998891498973068,5.340727888808266e-13,2.0,0.00020316208774441542
BCb,b_cb,NN,Neural Network,uncalibrated,0.03624,0.9710244,0.9998891498976356,2.0505819264826641e-13,2.0,0.0002088470985853734
BCb,b_cb,NN,Neural Network,uncalibrated,0.03626,0.9710056,0.9998891498974027,4.382605424863696e-13,2.0,0.00021485205902985587
BCb,b_cb,NN,Neural Network,uncalibrated,0.03628,0.9709868,0.9998891498969382,9.02555809576111e-13,2.0,0.00022120292518815527
BCb,b_cb,NN,Neural Network,uncalibrated,0.0363,0.970968,0.9998891498978741,3.314020377677976e-14,2.0,0.0002279284301337885
BCb,b_cb,NN,Neural Network,uncalibrated,0.03632,0.9709492,0.9998891498968322,1.0090817070818048e-12,2.0,0.0002350604487413466
BCb,b_cb,NN,Neural Network,uncalibrated,0.03634,0.9709304,0.9998891498971731,6.677991493120317e-13,2.0,0.00024263441875320858
BCb,b_cb,NN,Neural Network,uncalibrated,0.03636,0.9709116,0.9998891498975325,3.08530978543331e-13,2.0,0.00025068982798532593
BCb,b_cb,NN,Neural Network,uncalibrated,0.03638,0.9708928,0.9998891498974216,4.194977735274453e-13,2.0,0.00025927077954793356
BCb,b_cb,NN,Neural Network,uncalibrated,0.0364,0.970874,0.9998891498974263,4.1472381456383573e-13,2.0,0.00026842664935973053
BCb,b_cb,NN,Neural Network,uncalibrated,0.03642,0.9708552,0.9998891498983864,5.458966612081895e-13,2.0,0.0002782128531753422
BCb,b_cb,NN,Neural Network,uncalibrated,0.03644,0.9708364,0.9998891498973228,5.180855774152472e-13,2.0,0.0002886917439626124
BCb,b_cb,NN,Neural Network,uncalibrated,0.03646,0.9708176000000001,0.9998891498978515,4.947222732943159e-15,94.0,0.00029993366492757324
BCb,b_cb,NN,Neural Network,uncalibrated,0.03648,0.9707988000000001,0.9998891498974483,3.927969061123804e-13,2.0,0.0003120181890081736
BCb,b_cb,NN,Neural Network,uncalibrated,0.0365,0.9707800000000001,0.9998891498978457,4.773959005888173e-15,2.0,0.00032503558252125643
BCb,b_cb,NN,Neural Network,uncalibrated,0.03652,0.9707612,0.9998891498977511,8.998359326836923e-14,2.0,0.00033908853920805524
BCb,b_cb,NN,Neural Network,uncalibrated,0.03654,0.9707424,0.999889149897728,1.1285418410566755e-13,2.0,0.0003542942416424407
BCb,b_cb,NN,Neural Network,uncalibrated,0.03656,0.9707236,0.9998891498977092,1.3145040611561853e-13,2.0,0.0003707868204430158
BCb,b_cb,NN,Neural Network,uncalibrated,0.03658,0.9707048,0.9998891498979458,1.0502709812953981e-13,2.0,0.0003887202987368996
BCb,b_cb,NN,Neural Network,uncalibrated,0.0366,0.970686,0.999889149897895,5.456748989589962e-14,2.0,0.0004082721308832972
BCb,b_cb,NN,Neural Network,uncalibrated,0.03662,0.9706679,0.9998891498978967,5.6288307348495437e-14,2.0,0.00042900314082650276
BCb,b_cb,NN,Neural Network,uncalibrated,0.03664,0.9706498,0.9998891498978362,5.2881473875548004e-15,16.0,0.00045167388738763276
BCb,b_cb,NN,Neural Network,uncalibrated,0.03666,0.9706317,0.9998891498978054,3.5638159090467525e-14,2.0,0.0004765370214630228
BCb,b_cb,NN,Neural Network,uncalibrated,0.03668,0.9706136000000001,0.999889149897855,1.4155452408946845e-14,2.0,0.0005038865180216589
BCb,b_cb,NN,Neural Network,uncalibrated,0.0367,0.9705955,0.9998891498978698,2.8976820942716586e-14,2.0,0.000534065718307974
BCb,b_cb,NN,Neural Network,uncalibrated,0.03672,0.9705774,0.9998891498978488,8.049308344019231e-15,2.0,0.0005674771785729854
BCb,b_cb,NN,Neural Network,uncalibrated,0.03674,0.9705593,0.9998891498978362,4.2747190916300094e-15,2.0,0.0006045947839644901
BCb,b_cb,NN,Neural Network,uncalibrated,0.03676,0.9705412,0.9998891498978122,2.858829677836856e-14,2.0,0.0006459787155935796
BCb,b_cb,NN,Neural Network,uncalibrated,0.03678,0.9705231,0.9998891498978484,7.605230311426305e-15,2.0,0.0006922940281834584
BCb,b_cb,NN,Neural Network,uncalibrated,0.0368,0.970505,0.9998891498978278,1.2989609388114332e-14,2.0,0.0007443338184629331
BCb,b_cb,NN,Neural Network,uncalibrated,0.03682,0.9704869,0.999889149897834,7.105427357601002e-15,2.0,0.0008030482587548354
BCb,b_cb,NN,Neural Network,uncalibrated,0.03684,0.9704688,0.9998891498978488,8.215650382226158e-15,2.0,0.0008695811607810925
BCb,b_cb,NN,Neural Network,uncalibrated,0.03686,0.9704507,0.9998891498978092,2.7388861117958672e-15,96.0,0.0009453162554088769
BCb,b_cb,NN,Neural Network,uncalibrated,0.03688,0.9704326,0.9998891498978448,4.052694235411098e-15,2.0,0.001031936071399664
BCb,b_cb,NN,Neural Network,uncalibrated,0.0369,0.9704145,0.9998891498978647,3.1043213310217158e-15,71.0,0.001131497234169136
BCb,b_cb,NN,Neural Network,uncalibrated,0.03692,0.9703963999999999,0.9998891498978351,5.2738515228306065e-15,2.0,0.0012465272725512404
BCb,b_cb,NN,Neural Network,uncalibrated,0.03694,0.9703783,0.9998891498978382,3.1646225226420964e-15,2.0,0.0013801497399112406
BCb,b_cb,NN,Neural Network,uncalibrated,0.03696,0.9703602,0.999889149897859,2.1286873529841843e-15,85.0,0.0015362467953109178
BCb,b_cb,NN,Neural Network,uncalibrated,0.03698,0.9703421,0.9998891498978572,2.391018819000101e-15,76.0,0.0017196715861089265
BCb,b_cb,NN,Neural Network,uncalibrated,0.037,0.970324,0.9998891498978119,3.1841255467998883e-15,88.0,0.0019365271518468898
BCb,b_cb,NN,Neural Network,uncalibrated,0.03702,0.97030885,0.9998891498978381,2.6645352591003757e-15,2.0,0.0021602696139150133
BCb,b_cb,NN,Neural Network,uncalibrated,0.03704,0.9702936999999999,0.999889149897838,2.9976021664879227e-15,2.0,0.0024221483475655053
BCb,b_cb,NN,Neural Network,uncalibrated,0.03706,0.97027855,0.9998891498978607,2.532496031693185e-15,61.0,0.002730248918475682
BCb,b_cb,NN,Neural Network,uncalibrated,0.03708,0.9702634,0.9998891498978673,2.864006067970741e-15,79.0,0.0030946534936711787
BCb,b_cb,NN,Neural Network,uncalibrated,0.0371,0.9702482499999999,0.999889149897856,2.0636097416623876e-15,47.0,0.003527992055978021
BCb,b_cb,NN,Neural Network,uncalibrated,0.03712,0.9702331,0.9998891498978607,2.539666870109309e-15,61.0,0.004046158191879367
BCb,b_cb,NN,Neural Network,uncalibrated,0.03714,0.97021795,0.9998891498978578,2.618930253541423e-15,31.0,0.004669240808494743
BCb,b_cb,NN,Neural Network,uncalibrated,0.03716,0.9702028,0.9998891498978206,2.406488646698313e-15,92.0,0.005422739134212399
BCb,b_cb,NN,Neural Network,uncalibrated,0.03718,0.97018765,0.9998891498978216,2.6904302821268177e-15,88.0,0.006339148917246599
BCb,b_cb,NN,Neural Network,uncalibrated,0.0372,0.9701725,0.9998891498978607,2.3201305495993892e-15,61.0,0.007460033745073872
BCb,b_cb,NN,Neural Network,uncalibrated,0.03722,0.97015735,0.9998891498978607,2.361564726403409e-15,61.0,0.008838727573605048
BCb,b_cb,NN,Neural Network,uncalibrated,0.03724,0.9701422,0.9998891498978532,2.4926595135512517e-15,23.0,0.010543853027256472
BCb,b_cb,NN,Neural Network,uncalibrated,0.03726,0.97012705,0.9998891498978506,2.2982467741646196e-15,23.0,0.01266388371949465
BCb,b_cb,NN,Neural Network,uncalibrated,0.03728,0.9701119,0.999889149897861,2.518431524493967e-15,62.0,0.01531302425761929
BCb,b_cb,NN,Neural Network,uncalibrated,0.0373,0.9700967500000001,0.9998891498978199,2.561695785446711e-15,96.0,0.018638720984056886
BCb,b_cb,NN,Neural Network,uncalibrated,0.03732,0.9700816,0.999889149897862,2.67566294749535e-15,95.0,0.022831135033105476
BCb,b_cb,NN,Neural Network,uncalibrated,0.03734,0.97006645,0.9998891498978119,2.7508969394185755e-15,88.0,0.02813488101381523
BCb,b_cb,NN,Neural Network,uncalibrated,0.03736,0.9700513000000001,0.9998891498978594,2.503748169837877e-15,55.0,0.034863217333164755
BCb,b_cb,NN,Neural Network,uncalibrated,0.03738,0.97003615,0.9998891498978216,2.598264756046739e-15,88.0,0.043414603394756245
BCb,b_cb,NN,Neural Network,uncalibrated,0.0374,0.970021,0.999889149897862,3.022270192808763e-15,63.0,0.0542910228576309
BCb,b_cb,NN,Neural Network,uncalibrated,0.03742,0.9700083500000001,0.9998891498978614,2.729103368038822e-15,63.0,0.06628884200533582
BCb,b_cb,NN,Neural Network,uncalibrated,0.03744,0.9699957,0.9998891498978216,2.4185169682357894e-15,88.0,0.08108654983500742
BCb,b_cb,NN,Neural Network,uncalibrated,0.03746,0.9699830500000001,0.9998891498978199,2.564075438338329e-15,96.0,0.09928713917019547
BCb,b_cb,NN,Neural Network,uncalibrated,0.03748,0.9699704,0.9998891498978192,2.538049104965358e-15,98.0,0.12158064831635672
BCb,b_cb,NN,Neural Network,uncalibrated,0.0375,0.9699577500000001,0.9998891498978196,2.4697044334944734e-15,97.0,0.14873218133773633
BCb,b_cb,NN,Neural Network,uncalibrated,0.03752,0.9699451,0.9998891498978119,3.2560281157002526e-15,88.0,0.18155382341013382
BCb,b_cb,NN,Neural Network,uncalibrated,0.03754,0.9699324500000001,0.9998891498978583,2.4167343211532757e-15,78.0,0.22085395621435658
BCb,b_cb,NN,Neural Network,uncalibrated,0.03756,0.9699198,0.9998891498978506,2.227915423883104e-15,23.0,0.26735722678399226
BCb,b_cb,NN,Neural Network,uncalibrated,0.03758,0.9699071499999999,0.9998891498978202,2.077731424563989e-15,94.0,0.32158986045904486
BCb,b_cb,NN,Neural Network,uncalibrated,0.0376,0.9698945,0.9998891498978119,3.22027751816627e-15,88.0,0.38372939945201756
BCb,b_cb,NN,Neural Network,uncalibrated,0.03762,0.96988185,0.9998891498978557,2.203854071357703e-15,45.0,0.4534266346865098
BCb,b_cb,NN,Neural Network,uncalibrated,0.03764,0.9698692,0.9998891498978542,2.277899916768428e-15,31.0,0.5296210954048047
BCb,b_cb,NN,Neural Network,uncalibrated,0.03766,0.96985655,0.9998891498978119,3.13397870341806e-15,88.0,0.6103884135688712
BCb,b_cb,NN,Neural Network,uncalibrated,0.03768,0.9698439,0.9998891498978119,3.227836865464881e-15,88.0,0.6928728405512047
BCb,b_cb,NN,Neural Network,uncalibrated,0.0377,0.96983125,0.999889149897856,2.277716630090881e-15,70.0,0.7733617091240754
BCb,b_cb,NN,Neural Network,uncalibrated,0.03772,0.9698186,0.9998891498978558,2.2346353575165448e-15,70.0,0.8475403100621043
BCb,b_cb,NN,Neural Network,uncalibrated,0.03774,0.9698059499999999,0.9998891498978532,2.599171660902182e-15,23.0,0.9109215619176733
BCb,b_cb,NN,Neural Network,uncalibrated,0.03776,0.9697933,0.9998891498978119,2.651651386360032e-15,88.0,0.9593855233953249
BCb,b_cb,NN,Neural Network,uncalibrated,0.03778,0.9697806499999999,0.9998891498978588,2.5158028768423723e-15,55.0,0.989714699308653
BCb,b_cb,NN,Neural Network,uncalibrated,0.0378,0.969768,0.9998891498978618,2.60133570547882e-15,62.0,1.0
BCb,b_cb,NN,Neural Network,uncalibrated,0.03782,0.96975745,0.9998891498978196,2.80504502380634e-15,97.0,0.9919858463389287
BCb,b_cb,NN,Neural Network,uncalibrated,0.03784,0.9697469,0.9998891498978607,2.2049214571213567e-15,61.0,0.968533387036663
BCb,b_cb,NN,Neural Network,uncalibrated,0.03786,0.96973635,0.999889149897862,2.8500302431006224e-15,95.0,0.931086852331718
BCb,b_cb,NN,Neural Network,uncalibrated,0.03788,0.9697258,0.9998891498978614,2.580607600599522e-15,63.0,0.8816849446668497
BCb,b_cb,NN,Neural Network,uncalibrated,0.0379,0.9697152499999999,0.9998891498978199,2.417153175664038e-15,96.0,0.8227595402877027
BCb,b_cb,NN,Neural Network,uncalibrated,0.03792,0.9697047,0.9998891498978607,2.5277041711433865e-15,61.0,0.7569416221005091
BCb,b_cb,NN,Neural Network,uncalibrated,0.03794,0.9696941499999999,0.9998891498978202,2.444476222930995e-15,94.0,0.6868889523677042
BCb,b_cb,NN,Neural Network,uncalibrated,0.03796,0.9696836,0.9998891498978119,3.1027162888813727e-15,88.0,0.6151398657433246
BCb,b_cb,NN,Neural Network,uncalibrated,0.03798,0.9696730499999999,0.9998891498978119,3.0552229301652567e-15,88.0,0.5439927790096228
BCb,b_cb,NN,Neural Network,uncalibrated,0.038,0.9696625,0.9998891498978187,2.2340324707138316e-15,100.0,0.47541124847268074
BCb,b_cb,NN,Neural Network,uncalibrated,0.03802,0.96965195,0.9998891498978119,3.0770817144068385e-15,88.0,0.41095705339018207
BCb,b_cb,NN,Neural Network,uncalibrated,0.03804,0.9696414,0.9998891498978542,2.2134513712411774e-15,62.0,0.35175559447802573
BCb,b_cb,NN,Neural Network,uncalibrated,0.03806,0.96963085,0.999889149897862,2.3928021990309654e-15,63.0,0.29849669508926296
BCb,b_cb,NN,Neural Network,uncalibrated,0.03808,0.9696203,0.9998891498978206,2.381022441641345e-15,92.0,0.25146961268132406
BCb,b_cb,NN,Neural Network,uncalibrated,0.0381,0.9696097499999999,0.9998891498978196,2.2581257340226667e-15,97.0,0.21062555191614293
BCb,b_cb,NN,Neural Network,uncalibrated,0.03812,0.9695992,0.9998891498978119,2.5221085333780386e-15,88.0,0.1756567002152921
BCb,b_cb,NN,Neural Network,uncalibrated,0.03814,0.9695886499999999,0.9998891498978206,2.570612739908248e-15,92.0,0.14607944882567966
BCb,b_cb,NN,Neural Network,uncalibrated,0.03816,0.9695781,0.9998891498978092,2.802717657293971e-15,96.0,0.12131115326342223
BCb,b_cb,NN,Neural Network,uncalibrated,0.03818,0.96956755,0.999889149897861,2.3152102539079763e-15,62.0,0.1007334186909627
BCb,b_cb,NN,Neural Network,uncalibrated,0.0382,0.969557,0.9998891498978537,2.428345462767587e-15,39.0,0.08373895726887279
BCb,b_cb,NN,Neural Network,uncalibrated,0.03822,0.96954805,0.9998891498978216,2.5485439329679356e-15,88.0,0.0709988851712852
BCb,b_cb,NN,Neural Network,uncalibrated,0.03824,0.9695391,0.9998891498978199,2.5853937534387225e-15,96.0,0.06034469006319879
BCb,b_cb,NN,Neural Network,uncalibrated,0.03826,0.96953015,0.9998891498978504,2.1626514050361305e-15,29.0,0.05144460275959754
BCb,b_cb,NN,Neural Network,uncalibrated,0.03828,0.9695212,0.9998891498978532,2.502101439452383e-15,23.0,0.04401105840318654
BCb,b_cb,NN,Neural Network,uncalibrated,0.0383,0.96951225,0.9998891498978558,2.2907727811223616e-15,69.0,0.03779842834440298
BCb,b_cb,NN,Neural Network,uncalibrated,0.03832,0.9695033,0.9998891498978264,1.8697829025542054e-15,66.0,0.032599275594416714
BCb,b_cb,NN,Neural Network,uncalibrated,0.03834,0.96949435,0.9998891498978206,2.2843302810612788e-15,92.0,0.028239937760063224
BCb,b_cb,NN,Neural Network,uncalibrated,0.03836,0.9694853999999999,0.9998891498978532,2.5487864617049256e-15,23.0,0.024575978424905442
BCb,b_cb,NN,Neural Network,uncalibrated,0.03838,0.9694764499999999,0.9998891498978202,2.3084926480350272e-15,94.0,0.0214878413777619
BCb,b_cb,NN,Neural Network,uncalibrated,0.0384,0.9694675,0.999889149897856,2.3402817348805597e-15,47.0,0.018876891506139117
BCb,b_cb,NN,Neural Network,uncalibrated,0.03842,0.96945855,0.999889149897873,3.2430922565814527e-15,99.0,0.016661923397319194
BCb,b_cb,NN,Neural Network,uncalibrated,0.03844,0.9694496,0.9998891498978216,2.388094160099916e-15,88.0,0.01477615309049539
BCb,b_cb,NN,Neural Network,uncalibrated,0.03846,0.96944065,0.9998891498978213,2.393346019389795e-15,89.0,0.013164669794051623
BCb,b_cb,NN,Neural Network,uncalibrated,0.03848,0.9694317,0.9998891498978532,2.4973849386715747e-15,23.0,0.01178230421404042
BCb,b_cb,NN,Neural Network,uncalibrated,0.0385,0.96942275,0.9998891498978557,2.1791063290652052e-15,45.0,0.010591861918684976
BCb,b_cb,NN,Neural Network,uncalibrated,0.03852,0.9694138,0.9998891498978507,2.3727993218854994e-15,31.0,0.009562669211511958
BCb,b_cb,NN,Neural Network,uncalibrated,0.03854,0.96940485,0.9998891498978544,2.4250096429200905e-15,31.0,0.008669382107827896
BCb,b_cb,NN,Neural Network,uncalibrated,0.03856,0.9693959,0.9998891498978544,2.4519142545291743e-15,31.0,0.007891014127397261
BCb,b_cb,NN,Neural Network,uncalibrated,0.03858,0.96938695,0.9998891498978506,2.0716116469800604e-15,23.0,0.0072101444440792264
BCb,b_cb,NN,Neural Network,uncalibrated,0.0386,0.969378,0.9998891498978576,2.2794088417879674e-15,78.0,0.0066122737223430015
BCb,b_cb,NN,Neural Network,uncalibrated,0.03862,0.9693706,0.9998891498978119,3.079061181780688e-15,88.0,0.006136812343073591
BCb,b_cb,NN,Neural Network,uncalibrated,0.03864,0.9693632,0.9998891498978631,2.2259902427727487e-15,68.0,0.005710847980960029
BCb,b_cb,NN,Neural Network,uncalibrated,0.03866,0.9693558,0.9998891498978196,2.414759745671208e-15,97.0,0.005328106527783702
BCb,b_cb,NN,Neural Network,uncalibrated,0.03868,0.9693484,0.9998891498978089,2.7523634327823138e-15,97.0,0.00498321215325415
BCb,b_cb,NN,Neural Network,uncalibrated,0.0387,0.969341,0.9998891498978544,2.81008207692894e-15,31.0,0.004671547235562124
BCb,b_cb,NN,Neural Network,uncalibrated,0.03872,0.9693336,0.9998891498978209,2.370616217271642e-15,91.0,0.004389135498216952
BCb,b_cb,NN,Neural Network,uncalibrated,0.03874,0.9693262,0.9998891498978557,2.2658706328502998e-15,45.0,0.004132544353858144
BCb,b_cb,NN,Neural Network,uncalibrated,0.03876,0.9693188,0.9998891498978216,2.6447490283105885e-15,88.0,0.0038988031571142875
BCb,b_cb,NN,Neural Network,uncalibrated,0.03878,0.9693114,0.9998891498978216,2.4033537029688074e-15,88.0,0.0036853346483106185
BCb,b_cb,NN,Neural Network,uncalibrated,0.0388,0.9693039999999999,0.9998891498978253,2.5693008629471362e-15,73.0,0.003489897347764067
BCb,b_cb,NN,Neural Network,uncalibrated,0.03882,0.9692966,0.9998891498978548,2.3928021990309654e-15,63.0,0.0033105370537382505
BCb,b_cb,NN,Neural Network,uncalibrated,0.03884,0.9692892,0.999889149897851,2.211474513372376e-15,31.0,0.003145545920416168
BCb,b_cb,NN,Neural Network,uncalibrated,0.03886,0.9692818,0.9998891498978529,2.3282512005298547e-15,37.0,0.0029934278579205375
BCb,b_cb,NN,Neural Network,uncalibrated,0.03888,0.9692744,0.999889149897856,2.945636694777582e-15,71.0,0.0028528692145324184
BCb,b_cb,NN,Neural Network,uncalibrated,0.0389,0.969267,0.9998891498978209,2.2546483490883454e-15,91.0,0.0027227138805392733
BCb,b_cb,NN,Neural Network,uncalibrated,0.03892,0.9692596,0.999889149897861,2.372128944891788e-15,62.0,0.0026019421004697166
BCb,b_cb,NN,Neural Network,uncalibrated,0.03894,0.9692522,0.9998891498978119,3.193678900240674e-15,88.0,0.0024896524016750406
BCb,b_cb,NN,Neural Network,uncalibrated,0.03896,0.9692448,0.9998891498978194,2.7388861117958672e-15,96.0,0.0023850461470152112
BCb,b_cb,NN,Neural Network,uncalibrated,0.03898,0.9692374,0.9998891498978119,3.0332066248243337e-15,88.0,0.002287414301676695
BCb,b_cb,NN,Neural Network,uncalibrated,0.039,0.96923,0.9998891498978492,3.1205511526214696e-15,73.0,0.002196126072055642
BCb,b_cb,NN,Neural Network,uncalibrated,0.03902,0.96922275,0.9998891498978204,2.132637714087989e-15,93.0,0.0021114902591880054
BCb,b_cb,NN,Neural Network,uncalibrated,0.03904,0.9692155,0.9998891498978083,3.812076005889985e-15,99.0,0.002032020135972979
BCb,b_cb,NN,Neural Network,uncalibrated,0.03906,0.96920825,0.9998891498978202,2.48160963327412e-15,94.0,0.001957280511268437
BCb,b_cb,NN,Neural Network,uncalibrated,0.03908,0.969201,0.9998891498978646,3.073445790043011e-15,73.0,0.0018868807005085685
BCb,b_cb,NN,Neural Network,uncalibrated,0.0391,0.96919375,0.9998891498978488,3.0089031697699885e-15,71.0,0.0018204693364529036
BCb,b_cb,NN,Neural Network,uncalibrated,0.03912,0.9691865000000001,0.9998891498978548,2.6842874587274007e-15,63.0,0.0017577298506952555
BCb,b_cb,NN,Neural Network,uncalibrated,0.03914,0.96917925,0.9998891498978343,4.3166944270305875e-15,33.0,0.0016983765315043175
BCb,b_cb,NN,Neural Network,uncalibrated,0.03916,0.969172,0.9998891498978565,4.337691227448715e-15,72.0,0.0016421510778482638
BCb,b_cb,NN,Neural Network,uncalibrated,0.03918,0.96916475,0.9998891498978606,5.112380608500182e-15,91.0,0.0015888195814209999
BCb,b_cb,NN,Neural Network,uncalibrated,0.0392,0.9691575,0.9998891498978488,4.741592808931714e-15,74.0,0.0015381698785847952
BCb,b_cb,NN,Neural Network,uncalibrated,0.03922,0.96915025,0.9998891498978271,7.047114875185971e-15,65.0,0.0014900092226286452
BCb,b_cb,NN,Neural Network,uncalibrated,0.03924,0.969143,0.9998891498978405,7.243357125854884e-15,99.0,0.001444162233917733
BCb,b_cb,NN,Neural Network,uncalibrated,0.03926,0.96913575,0.9998891498978508,5.331616631660835e-15,94.0,0.001400469091575699
BCb,b_cb,NN,Neural Network,uncalibrated,0.03928,0.9691285,0.9998891498978484,5.1953466166754665e-15,67.0,0.0013587839354830126
BCb,b_cb,NN,Neural Network,uncalibrated,0.0393,0.9691212499999999,0.9998891498978503,6.221321617034966e-15,91.0,0.001318973451739275
BCb,b_cb,NN,Neural Network,uncalibrated,0.03932,0.969114,0.9998891498978503,5.911930366798596e-15,45.0,0.0012809156184502815
BCb,b_cb,NN,Neural Network,uncalibrated,0.03934,0.96910675,0.9998891498978606,4.166446245355915e-15,91.0,0.001244498591861739
BCb,b_cb,NN,Neural Network,uncalibrated,0.03936,0.9690995,0.9998891498978083,5.595436820522183e-15,99.0,0.0012096197155673882
BCb,b_cb,NN,Neural Network,uncalibrated,0.03938,0.96909225,0.9998891498978326,4.808560355150646e-15,40.0,0.0011761846378185049
BCb,b_cb,NN,Neural Network,uncalibrated,0.0394,0.969085,0.9998891498978268,4.216599479618586e-15,65.0,0.001144106523949192
BCb,b_cb,NN,Neural Network,uncalibrated,0.03942,0.9690784,0.9998891498978475,6.086099344532085e-15,33.0,0.0011145402529627165
BCb,b_cb,NN,Neural Network,uncalibrated,0.03944,0.9690717999999999,0.9998891498978476,5.7084169036990614e-15,65.0,0.00108606706788369
BCb,b_cb,NN,Neural Network,uncalibrated,0.03946,0.9690652,0.9998891498978413,6.875731556045164e-15,98.0,0.0010586282220749433
BCb,b_cb,NN,Neural Network,uncalibrated,0.03948,0.9690586,0.9998891498978305,6.894956498719356e-15,48.0,0.0010321691691995423
BCb,b_cb,NN,Neural Network,uncalibrated,0.0395,0.9690519999999999,0.9998891498978407,5.623273226533271e-15,48.0,0.0010066392059737404
BCb,b_cb,NN,Neural Network,uncalibrated,0.03952,0.9690454,0.9998891498978505,7.578222295508377e-15,91.0,0.0009819911491092254
BCb,b_cb,NN,Neural Network,uncalibrated,0.03954,0.9690388,0.9998891498978297,6.795415258417845e-15,98.0,0.0009581810428314351
BCb,b_cb,NN,Neural Network,uncalibrated,0.03956,0.9690322,0.9998891498978304,1.379248931323587e-14,99.0,0.0009351678937823224
BCb,b_cb,NN,Neural Network,uncalibrated,0.03958,0.9690255999999999,0.99988914989783,7.906912158701912e-15,97.0,0.0009129134304745822
BCb,b_cb,NN,Neural Network,uncalibrated,0.0396,0.969019,0.999889149897851,1.143440449409659e-14,96.0,0.000891381884788969
BCb,b_cb,NN,Neural Network,uncalibrated,0.03962,0.9690124,0.9998891498978325,8.76731640722177e-15,41.0,0.000870539793282593
BCb,b_cb,NN,Neural Network,uncalibrated,0.03964,0.9690057999999999,0.9998891498978306,1.0127189505475111e-14,49.0,0.0008503558163281125
BCb,b_cb,NN,Neural Network,uncalibrated,0.03966,0.9689992,0.999889149897848,9.207463376340528e-15,24.0,0.0008308005733164899
BCb,b_cb,NN,Neural Network,uncalibrated,0.03968,0.9689926,0.9998891498978331,1.4416720850549466e-14,75.0,0.0008118464923477027
BCb,b_cb,NN,Neural Network,uncalibrated,0.0397,0.968986,0.9998891498978505,1.410190246119742e-14,91.0,0.0007934676730063071
BCb,b_cb,NN,Neural Network,uncalibrated,0.03972,0.9689793999999999,0.9998891498978624,1.8763276742203532e-14,99.0,0.0007756397609632765
BCb,b_cb,NN,Neural Network,uncalibrated,0.03974,0.9689728,0.9998891498978618,1.4209438543841576e-14,49.0,0.0007583398332811747
BCb,b_cb,NN,Neural Network,uncalibrated,0.03976,0.9689662,0.9998891498978619,2.230553828342237e-14,66.0,0.0007415462934133411
BCb,b_cb,NN,Neural Network,uncalibrated,0.03978,0.9689595999999999,0.9998891498978605,1.8640763352068825e-14,91.0,0.0007252387749955518
BCb,b_cb,NN,Neural Network,uncalibrated,0.0398,0.968953,0.9998891498978414,1.908070874865734e-14,68.0,0.0007093980536174287
BCb,b_cb,NN,Neural Network,uncalibrated,0.03982,0.9689462999999999,0.999889149897825,2.1812207722150287e-14,74.0,0.0006939208438625419
BCb,b_cb,NN,Neural Network,uncalibrated,0.03984,0.9689396,0.9998891498978332,2.0212751592174758e-14,74.0,0.0006788811845760312
BCb,b_cb,NN,Neural Network,uncalibrated,0.03986,0.9689329,0.9998891498978728,2.8289664465252522e-14,99.0,0.0006642624252392354
BCb,b_cb,NN,Neural Network,uncalibrated,0.03988,0.9689262,0.9998891498978645,3.3420967689385735e-14,74.0,0.0006500487985973606
BCb,b_cb,NN,Neural Network,uncalibrated,0.0399,0.9689194999999999,0.9998891498978404,2.2438290689254804e-14,98.0,0.0006362253604233835
BCb,b_cb,NN,Neural Network,uncalibrated,0.03992,0.9689128,0.9998891498978704,2.700983870914817e-14,68.0,0.0006227779340462816
BCb,b_cb,NN,Neural Network,uncalibrated,0.03994,0.9689061,0.9998891498978807,2.953966426058211e-14,92.0,0.0006096930592268996
BCb,b_cb,NN,Neural Network,uncalibrated,0.03996,0.9688994,0.9998891498977955,4.392207955108244e-14,24.0,0.0005969579450066736
BCb,b_cb,NN,Neural Network,uncalibrated,0.03998,0.9688926999999999,0.9998891498978818,3.082901290948177e-14,94.0,0.0005845604261868662
BCb,b_cb,NN,Neural Network,uncalibrated,0.04,0.9688859999999999,0.999889149897876,2.741226895659459e-14,65.0,0.0005724889231307527
BCb,b_cb,NN,Neural Network,uncalibrated,0.04002,0.9688793,0.9998891498978734,2.0707632714331278e-14,75.0,0.0005607324046079874
BCb,b_cb,NN,Neural Network,uncalibrated,0.04004,0.9688726,0.9998891498978766,2.9087204404073214e-14,66.0,0.0005492803534263061
BCb,b_cb,NN,Neural Network,uncalibrated,0.04006,0.9688659,0.9998891498978234,2.2790559221355702e-14,41.0,0.0005381227346201161
BCb,b_cb,NN,Neural Network,uncalibrated,0.04008,0.9688592,0.9998891498978565,2.6224787383839816e-14,73.0,0.0005272499659841694
BCb,b_cb,NN,Neural Network,uncalibrated,0.0401,0.9688525,0.9998891498978146,3.213864669476314e-14,49.0,0.0005166528907611875
BCb,b_cb,NN,Neural Network,uncalibrated,0.04012,0.9688458,0.9998891498978514,3.1953739917532955e-14,99.0,0.0005063227523092257
BCb,b_cb,NN,Neural Network,uncalibrated,0.04014,0.9688391,0.9998891498978139,2.72289977293134e-14,8.0,0.0004962511705882686
BCb,b_cb,NN,Neural Network,uncalibrated,0.04016,0.9688323999999999,0.999889149897868,2.7993723732642683e-14,32.0,0.0004864301203214503
BCb,b_cb,NN,Neural Network,uncalibrated,0.04018,0.9688257,0.9998891498978811,3.114896634766373e-14,74.0,0.00047685191069775487
BCb,b_cb,NN,Neural Network,uncalibrated,0.0402,0.968819,0.9998891498978667,2.728682245106468e-14,48.0,0.0004675091664944459
BCb,b_cb,NN,Neural Network,uncalibrated,0.04022,0.968812775,0.9998891498978005,2.720480810740635e-14,92.0,0.00045859795780182856
BCb,b_cb,NN,Neural Network,uncalibrated,0.04024,0.96880655,0.9998891498978832,3.5929491984559425e-14,65.0,0.00044989542822345194
BCb,b_cb,NN,Neural Network,uncalibrated,0.04026,0.968800325,0.999889149897888,4.6270504216562026e-14,40.0,0.0004413957330813933
BCb,b_cb,NN,Neural Network,uncalibrated,0.04028,0.9687941,0.9998891498979052,5.5591082252869547e-14,74.0,0.00043309324201003783
BCb,b_cb,NN,Neural Network,uncalibrated,0.0403,0.968787875,0.9998891498978901,4.6717268955638964e-14,33.0,0.00042498252809212777
BCb,b_cb,NN,Neural Network,uncalibrated,0.04032,0.9687816499999999,0.9998891498977843,4.97187517749974e-14,74.0,0.0004170583576949081
BCb,b_cb,NN,Neural Network,uncalibrated,0.04034,0.968775425,0.9998891498978901,4.952739630532516e-14,33.0,0.00040931568095510745
BCb,b_cb,NN,Neural Network,uncalibrated,0.04036,0.9687692,0.9998891498978983,5.497496496426654e-14,66.0,0.0004017496228654712
BCb,b_cb,NN,Neural Network,uncalibrated,0.04038,0.968762975,0.9998891498979001,5.897298939934587e-14,68.0,0.0003943554749201072
BCb,b_cb,NN,Neural Network,uncalibrated,0.0404,0.96875675,0.9998891498977802,5.1959131437214436e-14,40.0,0.0003871286872777767
BCb,b_cb,NN,Neural Network,uncalibrated,0.04042,0.968750525,0.9998891498978904,5.046714824526644e-14,33.0,0.000380064861406648
BCb,b_cb,NN,Neural Network,uncalibrated,0.04044,0.9687443,0.9998891498977968,5.249050429008267e-14,41.0,0.00037315974317664286
BCb,b_cb,NN,Neural Network,uncalibrated,0.04046,0.968738075,0.9998891498977851,5.1583737281646336e-14,64.0,0.00036640921636719813
BCb,b_cb,NN,Neural Network,uncalibrated,0.04048,0.96873185,0.9998891498977943,4.738852790458621e-14,48.0,0.0003598092965618427
BCb,b_cb,NN,Neural Network,uncalibrated,0.0405,0.968725625,0.9998891498978981,5.763289650742404e-14,66.0,0.0003533561254024792
BCb,b_cb,NN,Neural Network,uncalibrated,0.04052,0.9687194,0.9998891498977454,9.616244951448529e-14,49.0,0.00034704596517832727
BCb,b_cb,NN,Neural Network,uncalibrated,0.04054,0.968713175,0.9998891498979309,8.252250624987521e-14,75.0,0.00034087519372691676
BCb,b_cb,NN,Neural Network,uncalibrated,0.04056,0.9687069500000001,0.9998891498977468,9.550834053514996e-14,24.0,0.00033484029962521975
BCb,b_cb,NN,Neural Network,uncalibrated,0.04058,0.968700725,0.9998891498978948,7.545496298360907e-14,99.0,0.0003289378776514908
BCb,b_cb,NN,Neural Network,uncalibrated,0.0406,0.9686945,0.9998891498977605,8.08040235820051e-14,67.0,0.0003231646244997049
BCb,b_cb,NN,Neural Network,uncalibrated,0.04062,0.968688275,0.9998891498979295,9.131774398539585e-14,74.0,0.00031751733472915023
BCb,b_cb,NN,Neural Network,uncalibrated,0.04064,0.96868205,0.9998891498977658,7.72783385531415e-14,41.0,0.0003119928969338822
BCb,b_cb,NN,Neural Network,uncalibrated,0.04066,0.968675825,0.9998891498979273,7.199672605338497e-14,99.0,0.0003065882901173106
BCb,b_cb,NN,Neural Network,uncalibrated,0.04068,0.9686696,0.9998891498977454,9.970958725027616e-14,97.0,0.00030130058025829725
BCb,b_cb,NN,Neural Network,uncalibrated,0.0407,0.968663375,0.9998891498980002,1.3497177630088113e-13,97.0,0.00029612691705661616
BCb,b_cb,NN,Neural Network,uncalibrated,0.04072,0.9686571500000001,0.9998891498979848,1.2459274885246368e-13,94.0,0.0002910645308456597
BCb,b_cb,NN,Neural Network,uncalibrated,0.04074,0.968650925,0.9998891498976873,1.513825313790384e-13,74.0,0.0002861107296618334
BCb,b_cb,NN,Neural Network,uncalibrated,0.04076,0.9686447,0.9998891498977205,1.3730876248678959e-13,100.0,0.00028126289646080083
BCb,b_cb,NN,Neural Network,uncalibrated,0.04078,0.968638475,0.9998891498976904,1.4592047582495327e-13,98.0,0.0002765184864708568
BCb,b_cb,NN,Neural Network,uncalibrated,0.0408,0.96863225,0.9998891498979784,1.386166947149042e-13,74.0,0.0002718750246751036
BCb,b_cb,NN,Neural Network,uncalibrated,0.04082,0.9686260250000001,0.9998891498976914,1.4520342050124615e-13,91.0,0.0002673301034142786
BCb,b_cb,NN,Neural Network,uncalibrated,0.04084,0.9686198,0.9998891498976915,1.5920543042178831e-13,91.0,0.000262881380102665
BCb,b_cb,NN,Neural Network,uncalibrated,0.04086,0.968613575,0.9998891498976074,2.3882614531226937e-13,49.0,0.0002585265750504424
BCb,b_cb,NN,Neural Network,uncalibrated,0.04088,0.9686073500000001,0.9998891498980318,1.9217546997476384e-13,24.0,0.0002542634693856217
BCb,b_cb,NN,Neural Network,uncalibrated,0.0409,0.9686011250000001,0.9998891498979747,1.3746962880535646e-13,40.0,0.0002500899030697477
BCb,b_cb,NN,Neural Network,uncalibrated,0.04092,0.9685949,0.9998891498976691,1.6975696510752862e-13,98.0,0.000246003773001932
BCb,b_cb,NN,Neural Network,uncalibrated,0.04094,0.968588675,0.9998891498976223,2.281509206294396e-13,74.0,0.00024200303120564505
BCb,b_cb,NN,Neural Network,uncalibrated,0.04096,0.96858245,0.9998891498976223,2.1453394939914268e-13,74.0,0.0002380856830937097
BCb,b_cb,NN,Neural Network,uncalibrated,0.04098,0.9685762250000001,0.9998891498980398,1.900872488796749e-13,47.0,0.00023424978580686574
BCb,b_cb,NN,Neural Network,uncalibrated,0.041,0.96857,0.9998891498976282,2.190697207024259e-13,65.0,0.0002304934466216224
