feature_set,n_features,model,algorithm,n_neighbors,calibration,Delta,mean,mean_err
30,30,KNN,auto,1,uncalibrated,0.036,0,0
30,30,KNN,auto,1,uncalibrated,0.0366,0,0
30,30,KNN,auto,1,uncalibrated,0.037,0,0
30,30,KNN,auto,1,uncalibrated,0.0374,0,0
30,30,KNN,auto,1,uncalibrated,0.0378,0.135353535353536,0.0423534479911365
30,30,KNN,auto,1,uncalibrated,0.0382,0.868,0.0547965935680921
30,30,KNN,auto,1,uncalibrated,0.0386,1,0
30,30,KNN,auto,1,uncalibrated,0.039,1,0
30,30,KNN,auto,1,uncalibrated,0.0394,1,0
30,30,KNN,auto,1,uncalibrated,0.0398,1,0
30,30,KNN,auto,1,uncalibrated,0.0402,1,0
30,30,KNN,auto,1,uncalibrated,0.041,1,0
30,30,KNN,auto,3,uncalibrated,0.036,0,0
30,30,KNN,auto,3,uncalibrated,0.0366,0,0
30,30,KNN,auto,3,uncalibrated,0.037,0,0
30,30,KNN,auto,3,uncalibrated,0.0374,0,0
30,30,KNN,auto,3,uncalibrated,0.0378,0.132183908045977,0.0419469600508615
30,30,KNN,auto,3,uncalibrated,0.0382,0.866666666666667,0.0561585058364071
30,30,KNN,auto,3,uncalibrated,0.0386,0.999236349751824,0.000763650248186389
30,30,KNN,auto,3,uncalibrated,0.039,1,0
30,30,KNN,auto,3,uncalibrated,0.0394,1,0
30,30,KNN,auto,3,uncalibrated,0.0398,1,0
30,30,KNN,auto,3,uncalibrated,0.0402,1,0
30,30,KNN,auto,3,uncalibrated,0.041,1,0
30,30,KNN,auto,5,uncalibrated,0.036,0,0
30,30,KNN,auto,5,uncalibrated,0.0366,0,0
30,30,KNN,auto,5,uncalibrated,0.037,0,0
30,30,KNN,auto,5,uncalibrated,0.0374,0,0
30,30,KNN,auto,5,uncalibrated,0.0378,0.133468559837728,0.0422012732422699
30,30,KNN,auto,5,uncalibrated,0.0382,0.8658,0.0562891345347099
30,30,KNN,auto,5,uncalibrated,0.0386,0.999541809851099,0.000458190148911724
30,30,KNN,auto,5,uncalibrated,0.039,1,0
30,30,KNN,auto,5,uncalibrated,0.0394,1,0
30,30,KNN,auto,5,uncalibrated,0.0398,1,0
30,30,KNN,auto,5,uncalibrated,0.0402,1,0
30,30,KNN,auto,5,uncalibrated,0.041,1,0
30,30,KNN,auto,7,uncalibrated,0.036,0,0
30,30,KNN,auto,7,uncalibrated,0.0366,0,0
30,30,KNN,auto,7,uncalibrated,0.037,0,0
30,30,KNN,auto,7,uncalibrated,0.0374,0,0
30,30,KNN,auto,7,uncalibrated,0.0378,0.135757751376412,0.0430365847007612
30,30,KNN,auto,7,uncalibrated,0.0382,0.868142857142857,0.0549797117806469
30,30,KNN,auto,7,uncalibrated,0.0386,0.999345442644401,0.000654557355588318
30,30,KNN,auto,7,uncalibrated,0.039,1,0
30,30,KNN,auto,7,uncalibrated,0.0394,1,0
30,30,KNN,auto,7,uncalibrated,0.0398,1,0
30,30,KNN,auto,7,uncalibrated,0.0402,1,0
30,30,KNN,auto,7,uncalibrated,0.041,1,0
30,30,KNN,auto,9,uncalibrated,0.036,0,0
30,30,KNN,auto,9,uncalibrated,0.0366,0,0
30,30,KNN,auto,9,uncalibrated,0.037,0,0
30,30,KNN,auto,9,uncalibrated,0.0374,0,0
30,30,KNN,auto,9,uncalibrated,0.0378,0.138381789497408,0.0437883905186387
30,30,KNN,auto,9,uncalibrated,0.0382,0.869111111111111,0.0545752020142585
30,30,KNN,auto,9,uncalibrated,0.0386,0.999490899834553,0.000509100165457593
30,30,KNN,auto,9,uncalibrated,0.039,1,0
30,30,KNN,auto,9,uncalibrated,0.0394,1,0
30,30,KNN,auto,9,uncalibrated,0.0398,1,0
30,30,KNN,auto,9,uncalibrated,0.0402,1,0
30,30,KNN,auto,9,uncalibrated,0.041,1,0
30,30,KNN,auto,11,uncalibrated,0.036,0,0
30,30,KNN,auto,11,uncalibrated,0.0366,0,0
30,30,KNN,auto,11,uncalibrated,0.037,0,0
30,30,KNN,auto,11,uncalibrated,0.0374,9.63020030816657E-05,9.63020030816641E-05
30,30,KNN,auto,11,uncalibrated,0.0378,0.140881430942283,0.0444691856458134
30,30,KNN,auto,11,uncalibrated,0.0382,0.871272727272727,0.0538445881163697
30,30,KNN,auto,11,uncalibrated,0.0386,0.999479329376205,0.000520670623763422
30,30,KNN,auto,11,uncalibrated,0.039,1,0
30,30,KNN,auto,11,uncalibrated,0.0394,1,0
30,30,KNN,auto,11,uncalibrated,0.0398,1,0
30,30,KNN,auto,11,uncalibrated,0.0402,1,0
30,30,KNN,auto,11,uncalibrated,0.041,1,0
30,30,KNN,auto,13,uncalibrated,0.036,0,0
30,30,KNN,auto,13,uncalibrated,0.0366,0,0
30,30,KNN,auto,13,uncalibrated,0.037,0,0
30,30,KNN,auto,13,uncalibrated,0.0374,0.000162972620599742,0.000162972620599739
30,30,KNN,auto,13,uncalibrated,0.0378,0.143392104852551,0.0449720513550606
30,30,KNN,auto,13,uncalibrated,0.0382,0.872461538461539,0.0531919971439106
30,30,KNN,auto,13,uncalibrated,0.0386,0.999559432549123,0.000440567450876691
30,30,KNN,auto,13,uncalibrated,0.039,1,0
30,30,KNN,auto,13,uncalibrated,0.0394,1,0
30,30,KNN,auto,13,uncalibrated,0.0398,1,0
30,30,KNN,auto,13,uncalibrated,0.0402,1,0
30,30,KNN,auto,13,uncalibrated,0.041,1,0
30,30,KNN,auto,15,uncalibrated,0.036,0,0
30,30,KNN,auto,15,uncalibrated,0.0366,0,0
30,30,KNN,auto,15,uncalibrated,0.037,0,0
30,30,KNN,auto,15,uncalibrated,0.0374,0.000211864406779659,0.000211864406779661
30,30,KNN,auto,15,uncalibrated,0.0378,0.145098039215686,0.045504729651297
30,30,KNN,auto,15,uncalibrated,0.0382,0.873866666666667,0.0524479848145866
30,30,KNN,auto,15,uncalibrated,0.0386,0.999541809851099,0.000458190148911724
30,30,KNN,auto,15,uncalibrated,0.039,1,0
30,30,KNN,auto,15,uncalibrated,0.0394,1,0
30,30,KNN,auto,15,uncalibrated,0.0398,1,0
30,30,KNN,auto,15,uncalibrated,0.0402,1,0
30,30,KNN,auto,15,uncalibrated,0.041,1,0
30,30,KNN,auto,17,uncalibrated,0.036,0,0
30,30,KNN,auto,17,uncalibrated,0.0366,0,0
30,30,KNN,auto,17,uncalibrated,0.037,0,0
30,30,KNN,auto,17,uncalibrated,0.0374,0.000249252243270189,0.000249252243270189
30,30,KNN,auto,17,uncalibrated,0.0378,0.146820188521656,0.0458495460265743
30,30,KNN,auto,17,uncalibrated,0.0382,0.874411764705883,0.0522219003319403
30,30,KNN,auto,17,uncalibrated,0.0386,0.9995957145745,0.000404285425510409
30,30,KNN,auto,17,uncalibrated,0.039,1,0
30,30,KNN,auto,17,uncalibrated,0.0394,1,0
30,30,KNN,auto,17,uncalibrated,0.0398,1,0
30,30,KNN,auto,17,uncalibrated,0.0402,1,0
30,30,KNN,auto,17,uncalibrated,0.041,1,0
30,30,KNN,auto,19,uncalibrated,0.036,0,0
30,30,KNN,auto,19,uncalibrated,0.0366,0,0
30,30,KNN,auto,19,uncalibrated,0.037,0,0
30,30,KNN,auto,19,uncalibrated,0.0374,0.000278768956289024,0.000278768956289028
30,30,KNN,auto,19,uncalibrated,0.0378,0.148393295612256,0.0461550431369116
30,30,KNN,auto,19,uncalibrated,0.0382,0.875473684210526,0.0518238012036085
30,30,KNN,auto,19,uncalibrated,0.0386,0.999577982757613,0.000422017242418774
30,30,KNN,auto,19,uncalibrated,0.039,1,0
30,30,KNN,auto,19,uncalibrated,0.0394,1,0
30,30,KNN,auto,19,uncalibrated,0.0398,1,0
30,30,KNN,auto,19,uncalibrated,0.0402,1,0
30,30,KNN,auto,19,uncalibrated,0.041,1,0
30,30,KNN,auto,21,uncalibrated,0.036,0,0
30,30,KNN,auto,21,uncalibrated,0.0366,0,0
30,30,KNN,auto,21,uncalibrated,0.037,0,0
30,30,KNN,auto,21,uncalibrated,0.0374,0.000333667000333667,0.000333667000333667
30,30,KNN,auto,21,uncalibrated,0.0378,0.150439486139284,0.0464336306928372
30,30,KNN,auto,21,uncalibrated,0.0382,0.876380952380952,0.0514432665660055
30,30,KNN,auto,21,uncalibrated,0.0386,0.999509081983309,0.000490918016691211
30,30,KNN,auto,21,uncalibrated,0.039,1,0
30,30,KNN,auto,21,uncalibrated,0.0394,1,0
30,30,KNN,auto,21,uncalibrated,0.0398,1,0
30,30,KNN,auto,21,uncalibrated,0.0402,1,0
30,30,KNN,auto,21,uncalibrated,0.041,1,0
30,30,KNN,auto,23,uncalibrated,0.036,0,0
30,30,KNN,auto,23,uncalibrated,0.0366,0,0
30,30,KNN,auto,23,uncalibrated,0.037,0,0
30,30,KNN,auto,23,uncalibrated,0.0374,0.000348174261217739,0.000348174261217739
30,30,KNN,auto,23,uncalibrated,0.0378,0.151380192256812,0.0465045562319475
30,30,KNN,auto,23,uncalibrated,0.0382,0.877,0.0510988453634671
30,30,KNN,auto,23,uncalibrated,0.0386,0.999551770506489,0.000448229493500757
30,30,KNN,auto,23,uncalibrated,0.039,1,0
30,30,KNN,auto,23,uncalibrated,0.0394,1,0
30,30,KNN,auto,23,uncalibrated,0.0398,1,0
30,30,KNN,auto,23,uncalibrated,0.0402,1,0
30,30,KNN,auto,23,uncalibrated,0.041,1,0
30,30,KNN,auto,25,uncalibrated,0.036,0,0
30,30,KNN,auto,25,uncalibrated,0.0366,0,0
30,30,KNN,auto,25,uncalibrated,0.037,0,0
30,30,KNN,auto,25,uncalibrated,0.0374,0.00036036036036036,0.00036036036036036
30,30,KNN,auto,25,uncalibrated,0.0378,0.152738336713997,0.0466263438323525
30,30,KNN,auto,25,uncalibrated,0.0382,0.878,0.0507393653882268
30,30,KNN,auto,25,uncalibrated,0.0386,0.999587628865958,0.000412371134020683
30,30,KNN,auto,25,uncalibrated,0.039,1,0
30,30,KNN,auto,25,uncalibrated,0.0394,1,0
30,30,KNN,auto,25,uncalibrated,0.0398,1,0
30,30,KNN,auto,25,uncalibrated,0.0402,1,0
30,30,KNN,auto,25,uncalibrated,0.041,1,0
30,30,KNN,auto,27,uncalibrated,0.036,0,0
30,30,KNN,auto,27,uncalibrated,0.0366,0,0
30,30,KNN,auto,27,uncalibrated,0.037,0,0
30,30,KNN,auto,27,uncalibrated,0.0374,0.000407815222630037,0.000407815222630037
30,30,KNN,auto,27,uncalibrated,0.0378,0.154158215010142,0.0469387325120716
30,30,KNN,auto,27,uncalibrated,0.0382,0.878666666666666,0.0504752099113877
30,30,KNN,auto,27,uncalibrated,0.0386,0.999618174875928,0.000381825124093249
30,30,KNN,auto,27,uncalibrated,0.039,1,0
30,30,KNN,auto,27,uncalibrated,0.0394,1,0
30,30,KNN,auto,27,uncalibrated,0.0398,1,0
30,30,KNN,auto,27,uncalibrated,0.0402,1,0
30,30,KNN,auto,27,uncalibrated,0.041,1,0
30,30,KNN,auto,29,uncalibrated,0.036,0,0
30,30,KNN,auto,29,uncalibrated,0.0366,0,0
30,30,KNN,auto,29,uncalibrated,0.037,0,0
30,30,KNN,auto,29,uncalibrated,0.0374,0.000448724586655621,0.000448724586655621
30,30,KNN,auto,29,uncalibrated,0.0378,0.155312303280408,0.0471749912215063
30,30,KNN,auto,29,uncalibrated,0.0382,0.879103448275862,0.0504651709652346
30,30,KNN,auto,29,uncalibrated,0.0386,0.999644507643053,0.00035549235691437
30,30,KNN,auto,29,uncalibrated,0.039,1,0
30,30,KNN,auto,29,uncalibrated,0.0394,1,0
30,30,KNN,auto,29,uncalibrated,0.0398,1,0
30,30,KNN,auto,29,uncalibrated,0.0402,1,0
30,30,KNN,auto,29,uncalibrated,0.041,1,0
30,30,KNN,auto,31,uncalibrated,0.036,0,0
30,30,KNN,auto,31,uncalibrated,0.0366,0,0
30,30,KNN,auto,31,uncalibrated,0.037,0,0
30,30,KNN,auto,31,uncalibrated,0.0374,0.000484355323065001,0.000484355323065001
30,30,KNN,auto,31,uncalibrated,0.0378,0.156481057384021,0.047315818028324
30,30,KNN,auto,31,uncalibrated,0.0382,0.879903225806453,0.0502120477560348
30,30,KNN,auto,31,uncalibrated,0.0386,0.999667442633844,0.000332557366145577
30,30,KNN,auto,31,uncalibrated,0.039,1,0
30,30,KNN,auto,31,uncalibrated,0.0394,1,0
30,30,KNN,auto,31,uncalibrated,0.0398,1,0
30,30,KNN,auto,31,uncalibrated,0.0402,1,0
30,30,KNN,auto,31,uncalibrated,0.041,1,0
30,30,KNN,auto,33,uncalibrated,0.036,0,0
30,30,KNN,auto,33,uncalibrated,0.0366,0,0
30,30,KNN,auto,33,uncalibrated,0.037,0,0
30,30,KNN,auto,33,uncalibrated,0.0374,0.000515667182333849,0.000515667182333849
30,30,KNN,auto,33,uncalibrated,0.0378,0.157077878173213,0.0473590562652
30,30,KNN,auto,33,uncalibrated,0.0382,0.880727272727273,0.0499890687250513
30,30,KNN,auto,33,uncalibrated,0.0386,0.999652886250835,0.000347113749175541
30,30,KNN,auto,33,uncalibrated,0.039,1,0
30,30,KNN,auto,33,uncalibrated,0.0394,1,0
30,30,KNN,auto,33,uncalibrated,0.0398,1,0
30,30,KNN,auto,33,uncalibrated,0.0402,1,0
30,30,KNN,auto,33,uncalibrated,0.041,1,0
30,30,KNN,auto,35,uncalibrated,0.036,0,0
30,30,KNN,auto,35,uncalibrated,0.0366,0,0
30,30,KNN,auto,35,uncalibrated,0.037,0,0
30,30,KNN,auto,35,uncalibrated,0.0374,0.000514800514800515,0.000514800514800515
30,30,KNN,auto,35,uncalibrated,0.0378,0.158301941466243,0.0474974977036425
30,30,KNN,auto,35,uncalibrated,0.0382,0.881371428571429,0.0498968077994115
30,30,KNN,auto,35,uncalibrated,0.0386,0.999672721322206,0.000327278677794104
30,30,KNN,auto,35,uncalibrated,0.039,1,0
30,30,KNN,auto,35,uncalibrated,0.0394,1,0
30,30,KNN,auto,35,uncalibrated,0.0398,1,0
30,30,KNN,auto,35,uncalibrated,0.0402,1,0
30,30,KNN,auto,35,uncalibrated,0.041,1,0
30,30,KNN,auto,37,uncalibrated,0.036,0,0
30,30,KNN,auto,37,uncalibrated,0.0366,0,0
30,30,KNN,auto,37,uncalibrated,0.037,0,0
30,30,KNN,auto,37,uncalibrated,0.0374,0.000514027541054568,0.000514027541054568
30,30,KNN,auto,37,uncalibrated,0.0378,0.159448495148293,0.0477976525565753
30,30,KNN,auto,37,uncalibrated,0.0382,0.881972972972973,0.0497328929244108
30,30,KNN,auto,37,uncalibrated,0.0386,0.999690412061514,0.000309587938453808
30,30,KNN,auto,37,uncalibrated,0.039,1,0
30,30,KNN,auto,37,uncalibrated,0.0394,1,0
30,30,KNN,auto,37,uncalibrated,0.0398,1,0
30,30,KNN,auto,37,uncalibrated,0.0402,1,0
30,30,KNN,auto,37,uncalibrated,0.041,1,0
30,30,KNN,auto,39,uncalibrated,0.036,0,0
30,30,KNN,auto,39,uncalibrated,0.0366,0,0
30,30,KNN,auto,39,uncalibrated,0.037,0,0
30,30,KNN,auto,39,uncalibrated,0.0374,0.000564667231333898,0.000564667231333898
30,30,KNN,auto,39,uncalibrated,0.0378,0.160685494356894,0.0480212880679103
30,30,KNN,auto,39,uncalibrated,0.0382,0.882512820512821,0.0496189935365781
30,30,KNN,auto,39,uncalibrated,0.0386,0.999706288366082,0.000293711633917867
30,30,KNN,auto,39,uncalibrated,0.039,1,0
30,30,KNN,auto,39,uncalibrated,0.0394,1,0
30,30,KNN,auto,39,uncalibrated,0.0398,1,0
30,30,KNN,auto,39,uncalibrated,0.0402,1,0
30,30,KNN,auto,39,uncalibrated,0.041,1,0
30,30,KNN,auto,41,uncalibrated,0.036,0,0
30,30,KNN,auto,41,uncalibrated,0.0366,0,0
30,30,KNN,auto,41,uncalibrated,0.037,0,0
30,30,KNN,auto,41,uncalibrated,0.0374,0.000610366464025001,0.000610366464025
30,30,KNN,auto,41,uncalibrated,0.0378,0.161331816157918,0.0481774849449602
30,30,KNN,auto,41,uncalibrated,0.0382,0.883048780487805,0.0494730204954922
30,30,KNN,auto,41,uncalibrated,0.0386,0.999720615762837,0.000279384237141367
30,30,KNN,auto,41,uncalibrated,0.039,1,0
30,30,KNN,auto,41,uncalibrated,0.0394,1,0
30,30,KNN,auto,41,uncalibrated,0.0398,1,0
30,30,KNN,auto,41,uncalibrated,0.0402,1,0
30,30,KNN,auto,41,uncalibrated,0.041,1,0
30,30,KNN,auto,43,uncalibrated,0.036,0,0
30,30,KNN,auto,43,uncalibrated,0.0366,0,0
30,30,KNN,auto,43,uncalibrated,0.037,0,0
30,30,KNN,auto,43,uncalibrated,0.0374,0.000628535512256442,0.000628535512256442
30,30,KNN,auto,43,uncalibrated,0.0378,0.162389735364875,0.0483817781572382
30,30,KNN,auto,43,uncalibrated,0.0382,0.883558139534884,0.0493345903013381
30,30,KNN,auto,43,uncalibrated,0.0386,0.99973361037854,0.000266389621460251
30,30,KNN,auto,43,uncalibrated,0.039,1,0
30,30,KNN,auto,43,uncalibrated,0.0394,1,0
30,30,KNN,auto,43,uncalibrated,0.0398,1,0
30,30,KNN,auto,43,uncalibrated,0.0402,1,0
30,30,KNN,auto,43,uncalibrated,0.041,1,0
30,30,KNN,auto,45,uncalibrated,0.036,0,0
30,30,KNN,auto,45,uncalibrated,0.0366,0,0
30,30,KNN,auto,45,uncalibrated,0.037,0,0
30,30,KNN,auto,45,uncalibrated,0.0374,0.000667334000667334,0.000667334000667334
30,30,KNN,auto,45,uncalibrated,0.0378,0.163263466306063,0.0485572766667337
30,30,KNN,auto,45,uncalibrated,0.0382,0.884044444444445,0.0492220538174768
30,30,KNN,auto,45,uncalibrated,0.0386,0.999745449917239,0.000254550082728686
30,30,KNN,auto,45,uncalibrated,0.039,1,0
30,30,KNN,auto,45,uncalibrated,0.0394,1,0
30,30,KNN,auto,45,uncalibrated,0.0398,1,0
30,30,KNN,auto,45,uncalibrated,0.0402,1,0
30,30,KNN,auto,45,uncalibrated,0.041,1,0
30,30,KNN,auto,47,uncalibrated,0.036,0,0
30,30,KNN,auto,47,uncalibrated,0.0366,0,0
30,30,KNN,auto,47,uncalibrated,0.037,0,0
30,30,KNN,auto,47,uncalibrated,0.0374,0.000724128383702852,0.000724128383702852
30,30,KNN,auto,47,uncalibrated,0.0378,0.164084415864658,0.0487526295555905
30,30,KNN,auto,47,uncalibrated,0.0382,0.884553191489363,0.048997268584941
30,30,KNN,auto,47,uncalibrated,0.0386,0.999731910019222,0.00026808998074631
30,30,KNN,auto,47,uncalibrated,0.039,1,0
30,30,KNN,auto,47,uncalibrated,0.0394,1,0
30,30,KNN,auto,47,uncalibrated,0.0398,1,0
30,30,KNN,auto,47,uncalibrated,0.0402,1,0
30,30,KNN,auto,47,uncalibrated,0.041,1,0
30,30,KNN,auto,49,uncalibrated,0.036,0,0
30,30,KNN,auto,49,uncalibrated,0.0366,0,0
30,30,KNN,auto,49,uncalibrated,0.037,0,0
30,30,KNN,auto,49,uncalibrated,0.0374,0.000735429306857878,0.000735429306857878
30,30,KNN,auto,49,uncalibrated,0.0378,0.164755557395372,0.0489189668521068
30,30,KNN,auto,49,uncalibrated,0.0382,0.884918367346939,0.0488377970617844
30,30,KNN,auto,49,uncalibrated,0.0386,0.999742852467469,0.000257147532552518
30,30,KNN,auto,49,uncalibrated,0.039,1,0
30,30,KNN,auto,49,uncalibrated,0.0394,1,0
30,30,KNN,auto,49,uncalibrated,0.0398,1,0
30,30,KNN,auto,49,uncalibrated,0.0402,1,0
30,30,KNN,auto,49,uncalibrated,0.041,1,0
30,30,KNN,auto,51,uncalibrated,0.036,0,0
30,30,KNN,auto,51,uncalibrated,0.0366,0,0
30,30,KNN,auto,51,uncalibrated,0.037,0,0
30,30,KNN,auto,51,uncalibrated,0.0374,0.000745843883098785,0.000745843883098785
30,30,KNN,auto,51,uncalibrated,0.0378,0.165592809131766,0.0490333054585254
30,30,KNN,auto,51,uncalibrated,0.0382,0.885372549019608,0.0487560218609991
30,30,KNN,auto,51,uncalibrated,0.0386,0.999752936684421,0.000247063315589743
30,30,KNN,auto,51,uncalibrated,0.039,1,0
30,30,KNN,auto,51,uncalibrated,0.0394,1,0
30,30,KNN,auto,51,uncalibrated,0.0398,1,0
30,30,KNN,auto,51,uncalibrated,0.0402,1,0
30,30,KNN,auto,51,uncalibrated,0.041,1,0
30,30,KNN,auto,61,uncalibrated,0.036,0,0
30,30,KNN,auto,61,uncalibrated,0.0366,0,0
30,30,KNN,auto,61,uncalibrated,0.037,0,0
30,30,KNN,auto,61,uncalibrated,0.0374,0.000804082771295886,0.000804082771295886
30,30,KNN,auto,61,uncalibrated,0.0378,0.168689522162737,0.0495002450608403
30,30,KNN,auto,61,uncalibrated,0.0382,0.887147540983607,0.0483156461049662
30,30,KNN,auto,61,uncalibrated,0.0386,0.999793438867305,0.000206561132706162
30,30,KNN,auto,61,uncalibrated,0.039,1,0
30,30,KNN,auto,61,uncalibrated,0.0394,1,0
30,30,KNN,auto,61,uncalibrated,0.0398,1,0
30,30,KNN,auto,61,uncalibrated,0.0402,1,0
30,30,KNN,auto,61,uncalibrated,0.041,1,0
30,30,KNN,auto,81,uncalibrated,0.036,0,0
30,30,KNN,auto,81,uncalibrated,0.0366,0,0
30,30,KNN,auto,81,uncalibrated,0.037,0,0
30,30,KNN,auto,81,uncalibrated,0.0374,0.000840346519358865,0.000840346519358865
30,30,KNN,auto,81,uncalibrated,0.0378,0.173703453284251,0.05039545040166
30,30,KNN,auto,81,uncalibrated,0.0382,0.889777777777779,0.047609442365247
30,30,KNN,auto,81,uncalibrated,0.0386,0.999787874931091,0.000212125068940682
30,30,KNN,auto,81,uncalibrated,0.039,1,0
30,30,KNN,auto,81,uncalibrated,0.0394,1,0
30,30,KNN,auto,81,uncalibrated,0.0398,1,0
30,30,KNN,auto,81,uncalibrated,0.0402,1,0
30,30,KNN,auto,81,uncalibrated,0.041,1,0
30,30,KNN,auto,101,uncalibrated,0.036,0,0
30,30,KNN,auto,101,uncalibrated,0.0366,0,0
30,30,KNN,auto,101,uncalibrated,0.037,0,0
30,30,KNN,auto,101,uncalibrated,0.0374,0.00102082280300102,0.00102082280300102
30,30,KNN,auto,101,uncalibrated,0.0378,0.178257988070612,0.0510012518719467
30,30,KNN,auto,101,uncalibrated,0.0382,0.891544554455446,0.0471372384809928
30,30,KNN,auto,101,uncalibrated,0.0386,0.999807197214599,0.000192802785433153
30,30,KNN,auto,101,uncalibrated,0.039,1,0
30,30,KNN,auto,101,uncalibrated,0.0394,1,0
30,30,KNN,auto,101,uncalibrated,0.0398,1,0
30,30,KNN,auto,101,uncalibrated,0.0402,1,0
30,30,KNN,auto,101,uncalibrated,0.041,1,0
30,30,KNN,auto,151,uncalibrated,0.036,0,0
30,30,KNN,auto,151,uncalibrated,0.0366,0,0
30,30,KNN,auto,151,uncalibrated,0.037,0,0
30,30,KNN,auto,151,uncalibrated,0.0374,0.00126616682908074,0.00126616682908074
30,30,KNN,auto,151,uncalibrated,0.0378,0.187169710348518,0.052244408318817
30,30,KNN,auto,151,uncalibrated,0.0382,0.895456953642384,0.0461139608383399
30,30,KNN,auto,151,uncalibrated,0.0386,0.999855867337273,0.000144132662737228
30,30,KNN,auto,151,uncalibrated,0.039,1,0
30,30,KNN,auto,151,uncalibrated,0.0394,1,0
30,30,KNN,auto,151,uncalibrated,0.0398,1,0
30,30,KNN,auto,151,uncalibrated,0.0402,1,0
30,30,KNN,auto,151,uncalibrated,0.041,1,0
30,30,KNN,auto,201,uncalibrated,0.036,0,0
30,30,KNN,auto,201,uncalibrated,0.0366,0,0
30,30,KNN,auto,201,uncalibrated,0.037,0,0
30,30,KNN,auto,201,uncalibrated,0.0374,0.001379488941678,0.001379488941678
30,30,KNN,auto,201,uncalibrated,0.0378,0.193075028895925,0.0531567034514737
30,30,KNN,auto,201,uncalibrated,0.0382,0.897845771144279,0.0454752699863893
30,30,KNN,auto,201,uncalibrated,0.0386,0.999880323468557,0.000119676531432237
30,30,KNN,auto,201,uncalibrated,0.039,1,0
30,30,KNN,auto,201,uncalibrated,0.0394,1,0
30,30,KNN,auto,201,uncalibrated,0.0398,1,0
30,30,KNN,auto,201,uncalibrated,0.0402,1,0
30,30,KNN,auto,201,uncalibrated,0.041,1,0
30,30,KNN,kd_tree,1,uncalibrated,0.036,0,0
30,30,KNN,kd_tree,1,uncalibrated,0.0366,0,0
30,30,KNN,kd_tree,1,uncalibrated,0.037,0,0
30,30,KNN,kd_tree,1,uncalibrated,0.0374,0,0
30,30,KNN,kd_tree,1,uncalibrated,0.0378,0.135353535353536,0.0423534479911365
30,30,KNN,kd_tree,1,uncalibrated,0.0382,0.868,0.0547965935680921
30,30,KNN,kd_tree,1,uncalibrated,0.0386,1,0
30,30,KNN,kd_tree,1,uncalibrated,0.039,1,0
30,30,KNN,kd_tree,1,uncalibrated,0.0394,1,0
30,30,KNN,kd_tree,1,uncalibrated,0.0398,1,0
30,30,KNN,kd_tree,1,uncalibrated,0.0402,1,0
30,30,KNN,kd_tree,1,uncalibrated,0.041,1,0
30,30,KNN,kd_tree,3,uncalibrated,0.036,0,0
30,30,KNN,kd_tree,3,uncalibrated,0.0366,0,0
30,30,KNN,kd_tree,3,uncalibrated,0.037,0,0
30,30,KNN,kd_tree,3,uncalibrated,0.0374,0,0
30,30,KNN,kd_tree,3,uncalibrated,0.0378,0.132183908045977,0.0419469600508615
30,30,KNN,kd_tree,3,uncalibrated,0.0382,0.866666666666667,0.0561585058364071
30,30,KNN,kd_tree,3,uncalibrated,0.0386,0.999236349751824,0.000763650248186389
30,30,KNN,kd_tree,3,uncalibrated,0.039,1,0
30,30,KNN,kd_tree,3,uncalibrated,0.0394,1,0
30,30,KNN,kd_tree,3,uncalibrated,0.0398,1,0
30,30,KNN,kd_tree,3,uncalibrated,0.0402,1,0
30,30,KNN,kd_tree,3,uncalibrated,0.041,1,0
30,30,KNN,kd_tree,5,uncalibrated,0.036,0,0
30,30,KNN,kd_tree,5,uncalibrated,0.0366,0,0
30,30,KNN,kd_tree,5,uncalibrated,0.037,0,0
30,30,KNN,kd_tree,5,uncalibrated,0.0374,0,0
30,30,KNN,kd_tree,5,uncalibrated,0.0378,0.133468559837728,0.0422012732422699
30,30,KNN,kd_tree,5,uncalibrated,0.0382,0.8658,0.0562891345347099
30,30,KNN,kd_tree,5,uncalibrated,0.0386,0.999541809851099,0.000458190148911724
30,30,KNN,kd_tree,5,uncalibrated,0.039,1,0
30,30,KNN,kd_tree,5,uncalibrated,0.0394,1,0
30,30,KNN,kd_tree,5,uncalibrated,0.0398,1,0
30,30,KNN,kd_tree,5,uncalibrated,0.0402,1,0
30,30,KNN,kd_tree,5,uncalibrated,0.041,1,0
30,30,KNN,kd_tree,7,uncalibrated,0.036,0,0
30,30,KNN,kd_tree,7,uncalibrated,0.0366,0,0
30,30,KNN,kd_tree,7,uncalibrated,0.037,0,0
30,30,KNN,kd_tree,7,uncalibrated,0.0374,0,0
30,30,KNN,kd_tree,7,uncalibrated,0.0378,0.135757751376412,0.0430365847007612
30,30,KNN,kd_tree,7,uncalibrated,0.0382,0.868142857142857,0.0549797117806469
30,30,KNN,kd_tree,7,uncalibrated,0.0386,0.999345442644401,0.000654557355588318
30,30,KNN,kd_tree,7,uncalibrated,0.039,1,0
30,30,KNN,kd_tree,7,uncalibrated,0.0394,1,0
30,30,KNN,kd_tree,7,uncalibrated,0.0398,1,0
30,30,KNN,kd_tree,7,uncalibrated,0.0402,1,0
30,30,KNN,kd_tree,7,uncalibrated,0.041,1,0
30,30,KNN,kd_tree,9,uncalibrated,0.036,0,0
30,30,KNN,kd_tree,9,uncalibrated,0.0366,0,0
30,30,KNN,kd_tree,9,uncalibrated,0.037,0,0
30,30,KNN,kd_tree,9,uncalibrated,0.0374,0,0
30,30,KNN,kd_tree,9,uncalibrated,0.0378,0.138381789497408,0.0437883905186387
30,30,KNN,kd_tree,9,uncalibrated,0.0382,0.869111111111111,0.0545752020142585
30,30,KNN,kd_tree,9,uncalibrated,0.0386,0.999490899834553,0.000509100165457593
30,30,KNN,kd_tree,9,uncalibrated,0.039,1,0
30,30,KNN,kd_tree,9,uncalibrated,0.0394,1,0
30,30,KNN,kd_tree,9,uncalibrated,0.0398,1,0
30,30,KNN,kd_tree,9,uncalibrated,0.0402,1,0
30,30,KNN,kd_tree,9,uncalibrated,0.041,1,0
30,30,KNN,kd_tree,11,uncalibrated,0.036,0,0
30,30,KNN,kd_tree,11,uncalibrated,0.0366,0,0
30,30,KNN,kd_tree,11,uncalibrated,0.037,0,0
30,30,KNN,kd_tree,11,uncalibrated,0.0374,9.63020030816657E-05,9.63020030816641E-05
30,30,KNN,kd_tree,11,uncalibrated,0.0378,0.140881430942283,0.0444691856458134
30,30,KNN,kd_tree,11,uncalibrated,0.0382,0.871272727272727,0.0538445881163697
30,30,KNN,kd_tree,11,uncalibrated,0.0386,0.999479329376205,0.000520670623763422
30,30,KNN,kd_tree,11,uncalibrated,0.039,1,0
30,30,KNN,kd_tree,11,uncalibrated,0.0394,1,0
30,30,KNN,kd_tree,11,uncalibrated,0.0398,1,0
30,30,KNN,kd_tree,11,uncalibrated,0.0402,1,0
30,30,KNN,kd_tree,11,uncalibrated,0.041,1,0
30,30,KNN,kd_tree,13,uncalibrated,0.036,0,0
30,30,KNN,kd_tree,13,uncalibrated,0.0366,0,0
30,30,KNN,kd_tree,13,uncalibrated,0.037,0,0
30,30,KNN,kd_tree,13,uncalibrated,0.0374,0.000162972620599742,0.000162972620599739
30,30,KNN,kd_tree,13,uncalibrated,0.0378,0.143392104852551,0.0449720513550606
30,30,KNN,kd_tree,13,uncalibrated,0.0382,0.872461538461539,0.0531919971439106
30,30,KNN,kd_tree,13,uncalibrated,0.0386,0.999559432549123,0.000440567450876691
30,30,KNN,kd_tree,13,uncalibrated,0.039,1,0
30,30,KNN,kd_tree,13,uncalibrated,0.0394,1,0
30,30,KNN,kd_tree,13,uncalibrated,0.0398,1,0
30,30,KNN,kd_tree,13,uncalibrated,0.0402,1,0
30,30,KNN,kd_tree,13,uncalibrated,0.041,1,0
30,30,KNN,kd_tree,15,uncalibrated,0.036,0,0
30,30,KNN,kd_tree,15,uncalibrated,0.0366,0,0
30,30,KNN,kd_tree,15,uncalibrated,0.037,0,0
30,30,KNN,kd_tree,15,uncalibrated,0.0374,0.000211864406779659,0.000211864406779661
30,30,KNN,kd_tree,15,uncalibrated,0.0378,0.145098039215686,0.045504729651297
30,30,KNN,kd_tree,15,uncalibrated,0.0382,0.873866666666667,0.0524479848145866
30,30,KNN,kd_tree,15,uncalibrated,0.0386,0.999541809851099,0.000458190148911724
30,30,KNN,kd_tree,15,uncalibrated,0.039,1,0
30,30,KNN,kd_tree,15,uncalibrated,0.0394,1,0
30,30,KNN,kd_tree,15,uncalibrated,0.0398,1,0
30,30,KNN,kd_tree,15,uncalibrated,0.0402,1,0
30,30,KNN,kd_tree,15,uncalibrated,0.041,1,0
30,30,KNN,kd_tree,17,uncalibrated,0.036,0,0
30,30,KNN,kd_tree,17,uncalibrated,0.0366,0,0
30,30,KNN,kd_tree,17,uncalibrated,0.037,0,0
30,30,KNN,kd_tree,17,uncalibrated,0.0374,0.000249252243270189,0.000249252243270189
30,30,KNN,kd_tree,17,uncalibrated,0.0378,0.146820188521656,0.0458495460265743
30,30,KNN,kd_tree,17,uncalibrated,0.0382,0.874411764705883,0.0522219003319403
30,30,KNN,kd_tree,17,uncalibrated,0.0386,0.9995957145745,0.000404285425510409
30,30,KNN,kd_tree,17,uncalibrated,0.039,1,0
30,30,KNN,kd_tree,17,uncalibrated,0.0394,1,0
30,30,KNN,kd_tree,17,uncalibrated,0.0398,1,0
30,30,KNN,kd_tree,17,uncalibrated,0.0402,1,0
30,30,KNN,kd_tree,17,uncalibrated,0.041,1,0
30,30,KNN,kd_tree,19,uncalibrated,0.036,0,0
30,30,KNN,kd_tree,19,uncalibrated,0.0366,0,0
30,30,KNN,kd_tree,19,uncalibrated,0.037,0,0
30,30,KNN,kd_tree,19,uncalibrated,0.0374,0.000278768956289024,0.000278768956289028
30,30,KNN,kd_tree,19,uncalibrated,0.0378,0.148393295612256,0.0461550431369116
30,30,KNN,kd_tree,19,uncalibrated,0.0382,0.875473684210526,0.0518238012036085
30,30,KNN,kd_tree,19,uncalibrated,0.0386,0.999577982757613,0.000422017242418774
30,30,KNN,kd_tree,19,uncalibrated,0.039,1,0
30,30,KNN,kd_tree,19,uncalibrated,0.0394,1,0
30,30,KNN,kd_tree,19,uncalibrated,0.0398,1,0
30,30,KNN,kd_tree,19,uncalibrated,0.0402,1,0
30,30,KNN,kd_tree,19,uncalibrated,0.041,1,0
30,30,KNN,kd_tree,21,uncalibrated,0.036,0,0
30,30,KNN,kd_tree,21,uncalibrated,0.0366,0,0
30,30,KNN,kd_tree,21,uncalibrated,0.037,0,0
30,30,KNN,kd_tree,21,uncalibrated,0.0374,0.000333667000333667,0.000333667000333667
30,30,KNN,kd_tree,21,uncalibrated,0.0378,0.150439486139284,0.0464336306928372
30,30,KNN,kd_tree,21,uncalibrated,0.0382,0.876380952380952,0.0514432665660055
30,30,KNN,kd_tree,21,uncalibrated,0.0386,0.999509081983309,0.000490918016691211
30,30,KNN,kd_tree,21,uncalibrated,0.039,1,0
30,30,KNN,kd_tree,21,uncalibrated,0.0394,1,0
30,30,KNN,kd_tree,21,uncalibrated,0.0398,1,0
30,30,KNN,kd_tree,21,uncalibrated,0.0402,1,0
30,30,KNN,kd_tree,21,uncalibrated,0.041,1,0
30,30,KNN,kd_tree,23,uncalibrated,0.036,0,0
30,30,KNN,kd_tree,23,uncalibrated,0.0366,0,0
30,30,KNN,kd_tree,23,uncalibrated,0.037,0,0
30,30,KNN,kd_tree,23,uncalibrated,0.0374,0.000348174261217739,0.000348174261217739
30,30,KNN,kd_tree,23,uncalibrated,0.0378,0.151380192256812,0.0465045562319475
30,30,KNN,kd_tree,23,uncalibrated,0.0382,0.877,0.0510988453634671
30,30,KNN,kd_tree,23,uncalibrated,0.0386,0.999551770506489,0.000448229493500757
30,30,KNN,kd_tree,23,uncalibrated,0.039,1,0
30,30,KNN,kd_tree,23,uncalibrated,0.0394,1,0
30,30,KNN,kd_tree,23,uncalibrated,0.0398,1,0
30,30,KNN,kd_tree,23,uncalibrated,0.0402,1,0
30,30,KNN,kd_tree,23,uncalibrated,0.041,1,0
30,30,KNN,kd_tree,25,uncalibrated,0.036,0,0
30,30,KNN,kd_tree,25,uncalibrated,0.0366,0,0
30,30,KNN,kd_tree,25,uncalibrated,0.037,0,0
30,30,KNN,kd_tree,25,uncalibrated,0.0374,0.00036036036036036,0.00036036036036036
30,30,KNN,kd_tree,25,uncalibrated,0.0378,0.152738336713997,0.0466263438323525
30,30,KNN,kd_tree,25,uncalibrated,0.0382,0.878,0.0507393653882268
30,30,KNN,kd_tree,25,uncalibrated,0.0386,0.999587628865958,0.000412371134020683
30,30,KNN,kd_tree,25,uncalibrated,0.039,1,0
30,30,KNN,kd_tree,25,uncalibrated,0.0394,1,0
30,30,KNN,kd_tree,25,uncalibrated,0.0398,1,0
30,30,KNN,kd_tree,25,uncalibrated,0.0402,1,0
30,30,KNN,kd_tree,25,uncalibrated,0.041,1,0
30,30,KNN,kd_tree,27,uncalibrated,0.036,0,0
30,30,KNN,kd_tree,27,uncalibrated,0.0366,0,0
30,30,KNN,kd_tree,27,uncalibrated,0.037,0,0
30,30,KNN,kd_tree,27,uncalibrated,0.0374,0.000407815222630037,0.000407815222630037
30,30,KNN,kd_tree,27,uncalibrated,0.0378,0.154158215010142,0.0469387325120716
30,30,KNN,kd_tree,27,uncalibrated,0.0382,0.878666666666666,0.0504752099113877
30,30,KNN,kd_tree,27,uncalibrated,0.0386,0.999618174875928,0.000381825124093249
30,30,KNN,kd_tree,27,uncalibrated,0.039,1,0
30,30,KNN,kd_tree,27,uncalibrated,0.0394,1,0
30,30,KNN,kd_tree,27,uncalibrated,0.0398,1,0
30,30,KNN,kd_tree,27,uncalibrated,0.0402,1,0
30,30,KNN,kd_tree,27,uncalibrated,0.041,1,0
30,30,KNN,kd_tree,29,uncalibrated,0.036,0,0
30,30,KNN,kd_tree,29,uncalibrated,0.0366,0,0
30,30,KNN,kd_tree,29,uncalibrated,0.037,0,0
30,30,KNN,kd_tree,29,uncalibrated,0.0374,0.000448724586655621,0.000448724586655621
30,30,KNN,kd_tree,29,uncalibrated,0.0378,0.155312303280408,0.0471749912215063
30,30,KNN,kd_tree,29,uncalibrated,0.0382,0.879103448275862,0.0504651709652346
30,30,KNN,kd_tree,29,uncalibrated,0.0386,0.999644507643053,0.00035549235691437
30,30,KNN,kd_tree,29,uncalibrated,0.039,1,0
30,30,KNN,kd_tree,29,uncalibrated,0.0394,1,0
30,30,KNN,kd_tree,29,uncalibrated,0.0398,1,0
30,30,KNN,kd_tree,29,uncalibrated,0.0402,1,0
30,30,KNN,kd_tree,29,uncalibrated,0.041,1,0
30,30,KNN,kd_tree,31,uncalibrated,0.036,0,0
30,30,KNN,kd_tree,31,uncalibrated,0.0366,0,0
30,30,KNN,kd_tree,31,uncalibrated,0.037,0,0
30,30,KNN,kd_tree,31,uncalibrated,0.0374,0.000484355323065001,0.000484355323065001
30,30,KNN,kd_tree,31,uncalibrated,0.0378,0.156481057384021,0.047315818028324
30,30,KNN,kd_tree,31,uncalibrated,0.0382,0.879903225806453,0.0502120477560348
30,30,KNN,kd_tree,31,uncalibrated,0.0386,0.999667442633844,0.000332557366145577
30,30,KNN,kd_tree,31,uncalibrated,0.039,1,0
30,30,KNN,kd_tree,31,uncalibrated,0.0394,1,0
30,30,KNN,kd_tree,31,uncalibrated,0.0398,1,0
30,30,KNN,kd_tree,31,uncalibrated,0.0402,1,0
30,30,KNN,kd_tree,31,uncalibrated,0.041,1,0
30,30,KNN,kd_tree,33,uncalibrated,0.036,0,0
30,30,KNN,kd_tree,33,uncalibrated,0.0366,0,0
30,30,KNN,kd_tree,33,uncalibrated,0.037,0,0
30,30,KNN,kd_tree,33,uncalibrated,0.0374,0.000515667182333849,0.000515667182333849
30,30,KNN,kd_tree,33,uncalibrated,0.0378,0.157077878173213,0.0473590562652
30,30,KNN,kd_tree,33,uncalibrated,0.0382,0.880727272727273,0.0499890687250513
30,30,KNN,kd_tree,33,uncalibrated,0.0386,0.999652886250835,0.000347113749175541
30,30,KNN,kd_tree,33,uncalibrated,0.039,1,0
30,30,KNN,kd_tree,33,uncalibrated,0.0394,1,0
30,30,KNN,kd_tree,33,uncalibrated,0.0398,1,0
30,30,KNN,kd_tree,33,uncalibrated,0.0402,1,0
30,30,KNN,kd_tree,33,uncalibrated,0.041,1,0
30,30,KNN,kd_tree,35,uncalibrated,0.036,0,0
30,30,KNN,kd_tree,35,uncalibrated,0.0366,0,0
30,30,KNN,kd_tree,35,uncalibrated,0.037,0,0
30,30,KNN,kd_tree,35,uncalibrated,0.0374,0.000514800514800515,0.000514800514800515
30,30,KNN,kd_tree,35,uncalibrated,0.0378,0.158301941466243,0.0474974977036425
30,30,KNN,kd_tree,35,uncalibrated,0.0382,0.881371428571429,0.0498968077994115
30,30,KNN,kd_tree,35,uncalibrated,0.0386,0.999672721322206,0.000327278677794104
30,30,KNN,kd_tree,35,uncalibrated,0.039,1,0
30,30,KNN,kd_tree,35,uncalibrated,0.0394,1,0
30,30,KNN,kd_tree,35,uncalibrated,0.0398,1,0
30,30,KNN,kd_tree,35,uncalibrated,0.0402,1,0
30,30,KNN,kd_tree,35,uncalibrated,0.041,1,0
30,30,KNN,kd_tree,37,uncalibrated,0.036,0,0
30,30,KNN,kd_tree,37,uncalibrated,0.0366,0,0
30,30,KNN,kd_tree,37,uncalibrated,0.037,0,0
30,30,KNN,kd_tree,37,uncalibrated,0.0374,0.000514027541054568,0.000514027541054568
30,30,KNN,kd_tree,37,uncalibrated,0.0378,0.159448495148293,0.0477976525565753
30,30,KNN,kd_tree,37,uncalibrated,0.0382,0.881972972972973,0.0497328929244108
30,30,KNN,kd_tree,37,uncalibrated,0.0386,0.999690412061514,0.000309587938453808
30,30,KNN,kd_tree,37,uncalibrated,0.039,1,0
30,30,KNN,kd_tree,37,uncalibrated,0.0394,1,0
30,30,KNN,kd_tree,37,uncalibrated,0.0398,1,0
30,30,KNN,kd_tree,37,uncalibrated,0.0402,1,0
30,30,KNN,kd_tree,37,uncalibrated,0.041,1,0
30,30,KNN,kd_tree,39,uncalibrated,0.036,0,0
30,30,KNN,kd_tree,39,uncalibrated,0.0366,0,0
30,30,KNN,kd_tree,39,uncalibrated,0.037,0,0
30,30,KNN,kd_tree,39,uncalibrated,0.0374,0.000564667231333898,0.000564667231333898
30,30,KNN,kd_tree,39,uncalibrated,0.0378,0.160685494356894,0.0480212880679103
30,30,KNN,kd_tree,39,uncalibrated,0.0382,0.882512820512821,0.0496189935365781
30,30,KNN,kd_tree,39,uncalibrated,0.0386,0.999706288366082,0.000293711633917867
30,30,KNN,kd_tree,39,uncalibrated,0.039,1,0
30,30,KNN,kd_tree,39,uncalibrated,0.0394,1,0
30,30,KNN,kd_tree,39,uncalibrated,0.0398,1,0
30,30,KNN,kd_tree,39,uncalibrated,0.0402,1,0
30,30,KNN,kd_tree,39,uncalibrated,0.041,1,0
30,30,KNN,kd_tree,41,uncalibrated,0.036,0,0
30,30,KNN,kd_tree,41,uncalibrated,0.0366,0,0
30,30,KNN,kd_tree,41,uncalibrated,0.037,0,0
30,30,KNN,kd_tree,41,uncalibrated,0.0374,0.000610366464025001,0.000610366464025
30,30,KNN,kd_tree,41,uncalibrated,0.0378,0.161331816157918,0.0481774849449602
30,30,KNN,kd_tree,41,uncalibrated,0.0382,0.883048780487805,0.0494730204954922
30,30,KNN,kd_tree,41,uncalibrated,0.0386,0.999720615762837,0.000279384237141367
30,30,KNN,kd_tree,41,uncalibrated,0.039,1,0
30,30,KNN,kd_tree,41,uncalibrated,0.0394,1,0
30,30,KNN,kd_tree,41,uncalibrated,0.0398,1,0
30,30,KNN,kd_tree,41,uncalibrated,0.0402,1,0
30,30,KNN,kd_tree,41,uncalibrated,0.041,1,0
30,30,KNN,kd_tree,43,uncalibrated,0.036,0,0
30,30,KNN,kd_tree,43,uncalibrated,0.0366,0,0
30,30,KNN,kd_tree,43,uncalibrated,0.037,0,0
30,30,KNN,kd_tree,43,uncalibrated,0.0374,0.000628535512256442,0.000628535512256442
30,30,KNN,kd_tree,43,uncalibrated,0.0378,0.162389735364875,0.0483817781572382
30,30,KNN,kd_tree,43,uncalibrated,0.0382,0.883558139534884,0.0493345903013381
30,30,KNN,kd_tree,43,uncalibrated,0.0386,0.99973361037854,0.000266389621460251
30,30,KNN,kd_tree,43,uncalibrated,0.039,1,0
30,30,KNN,kd_tree,43,uncalibrated,0.0394,1,0
30,30,KNN,kd_tree,43,uncalibrated,0.0398,1,0
30,30,KNN,kd_tree,43,uncalibrated,0.0402,1,0
30,30,KNN,kd_tree,43,uncalibrated,0.041,1,0
30,30,KNN,kd_tree,45,uncalibrated,0.036,0,0
30,30,KNN,kd_tree,45,uncalibrated,0.0366,0,0
30,30,KNN,kd_tree,45,uncalibrated,0.037,0,0
30,30,KNN,kd_tree,45,uncalibrated,0.0374,0.000667334000667334,0.000667334000667334
30,30,KNN,kd_tree,45,uncalibrated,0.0378,0.163263466306063,0.0485572766667337
30,30,KNN,kd_tree,45,uncalibrated,0.0382,0.884044444444445,0.0492220538174768
30,30,KNN,kd_tree,45,uncalibrated,0.0386,0.999745449917239,0.000254550082728686
30,30,KNN,kd_tree,45,uncalibrated,0.039,1,0
30,30,KNN,kd_tree,45,uncalibrated,0.0394,1,0
30,30,KNN,kd_tree,45,uncalibrated,0.0398,1,0
30,30,KNN,kd_tree,45,uncalibrated,0.0402,1,0
30,30,KNN,kd_tree,45,uncalibrated,0.041,1,0
30,30,KNN,kd_tree,47,uncalibrated,0.036,0,0
30,30,KNN,kd_tree,47,uncalibrated,0.0366,0,0
30,30,KNN,kd_tree,47,uncalibrated,0.037,0,0
30,30,KNN,kd_tree,47,uncalibrated,0.0374,0.000724128383702852,0.000724128383702852
30,30,KNN,kd_tree,47,uncalibrated,0.0378,0.164084415864658,0.0487526295555905
30,30,KNN,kd_tree,47,uncalibrated,0.0382,0.884553191489363,0.048997268584941
30,30,KNN,kd_tree,47,uncalibrated,0.0386,0.999731910019222,0.00026808998074631
30,30,KNN,kd_tree,47,uncalibrated,0.039,1,0
30,30,KNN,kd_tree,47,uncalibrated,0.0394,1,0
30,30,KNN,kd_tree,47,uncalibrated,0.0398,1,0
30,30,KNN,kd_tree,47,uncalibrated,0.0402,1,0
30,30,KNN,kd_tree,47,uncalibrated,0.041,1,0
30,30,KNN,kd_tree,49,uncalibrated,0.036,0,0
30,30,KNN,kd_tree,49,uncalibrated,0.0366,0,0
30,30,KNN,kd_tree,49,uncalibrated,0.037,0,0
30,30,KNN,kd_tree,49,uncalibrated,0.0374,0.000735429306857878,0.000735429306857878
30,30,KNN,kd_tree,49,uncalibrated,0.0378,0.164755557395372,0.0489189668521068
30,30,KNN,kd_tree,49,uncalibrated,0.0382,0.884918367346939,0.0488377970617844
30,30,KNN,kd_tree,49,uncalibrated,0.0386,0.999742852467469,0.000257147532552518
30,30,KNN,kd_tree,49,uncalibrated,0.039,1,0
30,30,KNN,kd_tree,49,uncalibrated,0.0394,1,0
30,30,KNN,kd_tree,49,uncalibrated,0.0398,1,0
30,30,KNN,kd_tree,49,uncalibrated,0.0402,1,0
30,30,KNN,kd_tree,49,uncalibrated,0.041,1,0
30,30,KNN,kd_tree,51,uncalibrated,0.036,0,0
30,30,KNN,kd_tree,51,uncalibrated,0.0366,0,0
30,30,KNN,kd_tree,51,uncalibrated,0.037,0,0
30,30,KNN,kd_tree,51,uncalibrated,0.0374,0.000745843883098785,0.000745843883098785
30,30,KNN,kd_tree,51,uncalibrated,0.0378,0.165592809131766,0.0490333054585254
30,30,KNN,kd_tree,51,uncalibrated,0.0382,0.885372549019608,0.0487560218609991
30,30,KNN,kd_tree,51,uncalibrated,0.0386,0.999752936684421,0.000247063315589743
30,30,KNN,kd_tree,51,uncalibrated,0.039,1,0
30,30,KNN,kd_tree,51,uncalibrated,0.0394,1,0
30,30,KNN,kd_tree,51,uncalibrated,0.0398,1,0
30,30,KNN,kd_tree,51,uncalibrated,0.0402,1,0
30,30,KNN,kd_tree,51,uncalibrated,0.041,1,0
30,30,KNN,kd_tree,61,uncalibrated,0.036,0,0
30,30,KNN,kd_tree,61,uncalibrated,0.0366,0,0
30,30,KNN,kd_tree,61,uncalibrated,0.037,0,0
30,30,KNN,kd_tree,61,uncalibrated,0.0374,0.000804082771295886,0.000804082771295886
30,30,KNN,kd_tree,61,uncalibrated,0.0378,0.168689522162737,0.0495002450608403
30,30,KNN,kd_tree,61,uncalibrated,0.0382,0.887147540983607,0.0483156461049662
30,30,KNN,kd_tree,61,uncalibrated,0.0386,0.999793438867305,0.000206561132706162
30,30,KNN,kd_tree,61,uncalibrated,0.039,1,0
30,30,KNN,kd_tree,61,uncalibrated,0.0394,1,0
30,30,KNN,kd_tree,61,uncalibrated,0.0398,1,0
30,30,KNN,kd_tree,61,uncalibrated,0.0402,1,0
30,30,KNN,kd_tree,61,uncalibrated,0.041,1,0
30,30,KNN,kd_tree,81,uncalibrated,0.036,0,0
30,30,KNN,kd_tree,81,uncalibrated,0.0366,0,0
30,30,KNN,kd_tree,81,uncalibrated,0.037,0,0
30,30,KNN,kd_tree,81,uncalibrated,0.0374,0.000840346519358865,0.000840346519358865
30,30,KNN,kd_tree,81,uncalibrated,0.0378,0.173703453284251,0.05039545040166
30,30,KNN,kd_tree,81,uncalibrated,0.0382,0.889777777777779,0.047609442365247
30,30,KNN,kd_tree,81,uncalibrated,0.0386,0.999787874931091,0.000212125068940682
30,30,KNN,kd_tree,81,uncalibrated,0.039,1,0
30,30,KNN,kd_tree,81,uncalibrated,0.0394,1,0
30,30,KNN,kd_tree,81,uncalibrated,0.0398,1,0
30,30,KNN,kd_tree,81,uncalibrated,0.0402,1,0
30,30,KNN,kd_tree,81,uncalibrated,0.041,1,0
30,30,KNN,kd_tree,101,uncalibrated,0.036,0,0
30,30,KNN,kd_tree,101,uncalibrated,0.0366,0,0
30,30,KNN,kd_tree,101,uncalibrated,0.037,0,0
30,30,KNN,kd_tree,101,uncalibrated,0.0374,0.00102082280300102,0.00102082280300102
30,30,KNN,kd_tree,101,uncalibrated,0.0378,0.178257988070612,0.0510012518719467
30,30,KNN,kd_tree,101,uncalibrated,0.0382,0.891544554455446,0.0471372384809928
30,30,KNN,kd_tree,101,uncalibrated,0.0386,0.999807197214599,0.000192802785433153
30,30,KNN,kd_tree,101,uncalibrated,0.039,1,0
30,30,KNN,kd_tree,101,uncalibrated,0.0394,1,0
30,30,KNN,kd_tree,101,uncalibrated,0.0398,1,0
30,30,KNN,kd_tree,101,uncalibrated,0.0402,1,0
30,30,KNN,kd_tree,101,uncalibrated,0.041,1,0
30,30,KNN,kd_tree,151,uncalibrated,0.036,0,0
30,30,KNN,kd_tree,151,uncalibrated,0.0366,0,0
30,30,KNN,kd_tree,151,uncalibrated,0.037,0,0
30,30,KNN,kd_tree,151,uncalibrated,0.0374,0.00126616682908074,0.00126616682908074
30,30,KNN,kd_tree,151,uncalibrated,0.0378,0.187169710348518,0.052244408318817
30,30,KNN,kd_tree,151,uncalibrated,0.0382,0.895456953642384,0.0461139608383399
30,30,KNN,kd_tree,151,uncalibrated,0.0386,0.999855867337273,0.000144132662737228
30,30,KNN,kd_tree,151,uncalibrated,0.039,1,0
30,30,KNN,kd_tree,151,uncalibrated,0.0394,1,0
30,30,KNN,kd_tree,151,uncalibrated,0.0398,1,0
30,30,KNN,kd_tree,151,uncalibrated,0.0402,1,0
30,30,KNN,kd_tree,151,uncalibrated,0.041,1,0
30,30,KNN,kd_tree,201,uncalibrated,0.036,0,0
30,30,KNN,kd_tree,201,uncalibrated,0.0366,0,0
30,30,KNN,kd_tree,201,uncalibrated,0.037,0,0
30,30,KNN,kd_tree,201,uncalibrated,0.0374,0.001379488941678,0.001379488941678
30,30,KNN,kd_tree,201,uncalibrated,0.0378,0.193075028895925,0.0531567034514737
30,30,KNN,kd_tree,201,uncalibrated,0.0382,0.897845771144279,0.0454752699863893
30,30,KNN,kd_tree,201,uncalibrated,0.0386,0.999880323468557,0.000119676531432237
30,30,KNN,kd_tree,201,uncalibrated,0.039,1,0
30,30,KNN,kd_tree,201,uncalibrated,0.0394,1,0
30,30,KNN,kd_tree,201,uncalibrated,0.0398,1,0
30,30,KNN,kd_tree,201,uncalibrated,0.0402,1,0
30,30,KNN,kd_tree,201,uncalibrated,0.041,1,0
30,30,KNN,ball_tree,1,uncalibrated,0.036,0,0
30,30,KNN,ball_tree,1,uncalibrated,0.0366,0,0
30,30,KNN,ball_tree,1,uncalibrated,0.037,0,0
30,30,KNN,ball_tree,1,uncalibrated,0.0374,0,0
30,30,KNN,ball_tree,1,uncalibrated,0.0378,0.135353535353536,0.0423534479911365
30,30,KNN,ball_tree,1,uncalibrated,0.0382,0.868,0.0547965935680921
30,30,KNN,ball_tree,1,uncalibrated,0.0386,1,0
30,30,KNN,ball_tree,1,uncalibrated,0.039,1,0
30,30,KNN,ball_tree,1,uncalibrated,0.0394,1,0
30,30,KNN,ball_tree,1,uncalibrated,0.0398,1,0
30,30,KNN,ball_tree,1,uncalibrated,0.0402,1,0
30,30,KNN,ball_tree,1,uncalibrated,0.041,1,0
30,30,KNN,ball_tree,3,uncalibrated,0.036,0,0
30,30,KNN,ball_tree,3,uncalibrated,0.0366,0,0
30,30,KNN,ball_tree,3,uncalibrated,0.037,0,0
30,30,KNN,ball_tree,3,uncalibrated,0.0374,0,0
30,30,KNN,ball_tree,3,uncalibrated,0.0378,0.132183908045977,0.0419469600508615
30,30,KNN,ball_tree,3,uncalibrated,0.0382,0.866666666666667,0.0561585058364071
30,30,KNN,ball_tree,3,uncalibrated,0.0386,0.999236349751824,0.000763650248186389
30,30,KNN,ball_tree,3,uncalibrated,0.039,1,0
30,30,KNN,ball_tree,3,uncalibrated,0.0394,1,0
30,30,KNN,ball_tree,3,uncalibrated,0.0398,1,0
30,30,KNN,ball_tree,3,uncalibrated,0.0402,1,0
30,30,KNN,ball_tree,3,uncalibrated,0.041,1,0
30,30,KNN,ball_tree,5,uncalibrated,0.036,0,0
30,30,KNN,ball_tree,5,uncalibrated,0.0366,0,0
30,30,KNN,ball_tree,5,uncalibrated,0.037,0,0
30,30,KNN,ball_tree,5,uncalibrated,0.0374,0,0
30,30,KNN,ball_tree,5,uncalibrated,0.0378,0.133468559837728,0.0422012732422699
30,30,KNN,ball_tree,5,uncalibrated,0.0382,0.8658,0.0562891345347099
30,30,KNN,ball_tree,5,uncalibrated,0.0386,0.999541809851099,0.000458190148911724
30,30,KNN,ball_tree,5,uncalibrated,0.039,1,0
30,30,KNN,ball_tree,5,uncalibrated,0.0394,1,0
30,30,KNN,ball_tree,5,uncalibrated,0.0398,1,0
30,30,KNN,ball_tree,5,uncalibrated,0.0402,1,0
30,30,KNN,ball_tree,5,uncalibrated,0.041,1,0
30,30,KNN,ball_tree,7,uncalibrated,0.036,0,0
30,30,KNN,ball_tree,7,uncalibrated,0.0366,0,0
30,30,KNN,ball_tree,7,uncalibrated,0.037,0,0
30,30,KNN,ball_tree,7,uncalibrated,0.0374,0,0
30,30,KNN,ball_tree,7,uncalibrated,0.0378,0.135757751376412,0.0430365847007612
30,30,KNN,ball_tree,7,uncalibrated,0.0382,0.868142857142857,0.0549797117806469
30,30,KNN,ball_tree,7,uncalibrated,0.0386,0.999345442644401,0.000654557355588318
30,30,KNN,ball_tree,7,uncalibrated,0.039,1,0
30,30,KNN,ball_tree,7,uncalibrated,0.0394,1,0
30,30,KNN,ball_tree,7,uncalibrated,0.0398,1,0
30,30,KNN,ball_tree,7,uncalibrated,0.0402,1,0
30,30,KNN,ball_tree,7,uncalibrated,0.041,1,0
30,30,KNN,ball_tree,9,uncalibrated,0.036,0,0
30,30,KNN,ball_tree,9,uncalibrated,0.0366,0,0
30,30,KNN,ball_tree,9,uncalibrated,0.037,0,0
30,30,KNN,ball_tree,9,uncalibrated,0.0374,0,0
30,30,KNN,ball_tree,9,uncalibrated,0.0378,0.138381789497408,0.0437883905186387
30,30,KNN,ball_tree,9,uncalibrated,0.0382,0.869111111111111,0.0545752020142585
30,30,KNN,ball_tree,9,uncalibrated,0.0386,0.999490899834553,0.000509100165457593
30,30,KNN,ball_tree,9,uncalibrated,0.039,1,0
30,30,KNN,ball_tree,9,uncalibrated,0.0394,1,0
30,30,KNN,ball_tree,9,uncalibrated,0.0398,1,0
30,30,KNN,ball_tree,9,uncalibrated,0.0402,1,0
30,30,KNN,ball_tree,9,uncalibrated,0.041,1,0
30,30,KNN,ball_tree,11,uncalibrated,0.036,0,0
30,30,KNN,ball_tree,11,uncalibrated,0.0366,0,0
30,30,KNN,ball_tree,11,uncalibrated,0.037,0,0
30,30,KNN,ball_tree,11,uncalibrated,0.0374,9.63020030816657E-05,9.63020030816641E-05
30,30,KNN,ball_tree,11,uncalibrated,0.0378,0.140881430942283,0.0444691856458134
30,30,KNN,ball_tree,11,uncalibrated,0.0382,0.871272727272727,0.0538445881163697
30,30,KNN,ball_tree,11,uncalibrated,0.0386,0.999479329376205,0.000520670623763422
30,30,KNN,ball_tree,11,uncalibrated,0.039,1,0
30,30,KNN,ball_tree,11,uncalibrated,0.0394,1,0
30,30,KNN,ball_tree,11,uncalibrated,0.0398,1,0
30,30,KNN,ball_tree,11,uncalibrated,0.0402,1,0
30,30,KNN,ball_tree,11,uncalibrated,0.041,1,0
30,30,KNN,ball_tree,13,uncalibrated,0.036,0,0
30,30,KNN,ball_tree,13,uncalibrated,0.0366,0,0
30,30,KNN,ball_tree,13,uncalibrated,0.037,0,0
30,30,KNN,ball_tree,13,uncalibrated,0.0374,0.000162972620599742,0.000162972620599739
30,30,KNN,ball_tree,13,uncalibrated,0.0378,0.143392104852551,0.0449720513550606
30,30,KNN,ball_tree,13,uncalibrated,0.0382,0.872461538461539,0.0531919971439106
30,30,KNN,ball_tree,13,uncalibrated,0.0386,0.999559432549123,0.000440567450876691
30,30,KNN,ball_tree,13,uncalibrated,0.039,1,0
30,30,KNN,ball_tree,13,uncalibrated,0.0394,1,0
30,30,KNN,ball_tree,13,uncalibrated,0.0398,1,0
30,30,KNN,ball_tree,13,uncalibrated,0.0402,1,0
30,30,KNN,ball_tree,13,uncalibrated,0.041,1,0
30,30,KNN,ball_tree,15,uncalibrated,0.036,0,0
30,30,KNN,ball_tree,15,uncalibrated,0.0366,0,0
30,30,KNN,ball_tree,15,uncalibrated,0.037,0,0
30,30,KNN,ball_tree,15,uncalibrated,0.0374,0.000211864406779659,0.000211864406779661
30,30,KNN,ball_tree,15,uncalibrated,0.0378,0.145098039215686,0.045504729651297
30,30,KNN,ball_tree,15,uncalibrated,0.0382,0.873866666666667,0.0524479848145866
30,30,KNN,ball_tree,15,uncalibrated,0.0386,0.999541809851099,0.000458190148911724
30,30,KNN,ball_tree,15,uncalibrated,0.039,1,0
30,30,KNN,ball_tree,15,uncalibrated,0.0394,1,0
30,30,KNN,ball_tree,15,uncalibrated,0.0398,1,0
30,30,KNN,ball_tree,15,uncalibrated,0.0402,1,0
30,30,KNN,ball_tree,15,uncalibrated,0.041,1,0
30,30,KNN,ball_tree,17,uncalibrated,0.036,0,0
30,30,KNN,ball_tree,17,uncalibrated,0.0366,0,0
30,30,KNN,ball_tree,17,uncalibrated,0.037,0,0
30,30,KNN,ball_tree,17,uncalibrated,0.0374,0.000249252243270189,0.000249252243270189
30,30,KNN,ball_tree,17,uncalibrated,0.0378,0.146820188521656,0.0458495460265743
30,30,KNN,ball_tree,17,uncalibrated,0.0382,0.874411764705883,0.0522219003319403
30,30,KNN,ball_tree,17,uncalibrated,0.0386,0.9995957145745,0.000404285425510409
30,30,KNN,ball_tree,17,uncalibrated,0.039,1,0
30,30,KNN,ball_tree,17,uncalibrated,0.0394,1,0
30,30,KNN,ball_tree,17,uncalibrated,0.0398,1,0
30,30,KNN,ball_tree,17,uncalibrated,0.0402,1,0
30,30,KNN,ball_tree,17,uncalibrated,0.041,1,0
30,30,KNN,ball_tree,19,uncalibrated,0.036,0,0
30,30,KNN,ball_tree,19,uncalibrated,0.0366,0,0
30,30,KNN,ball_tree,19,uncalibrated,0.037,0,0
30,30,KNN,ball_tree,19,uncalibrated,0.0374,0.000278768956289024,0.000278768956289028
30,30,KNN,ball_tree,19,uncalibrated,0.0378,0.148393295612256,0.0461550431369116
30,30,KNN,ball_tree,19,uncalibrated,0.0382,0.875473684210526,0.0518238012036085
30,30,KNN,ball_tree,19,uncalibrated,0.0386,0.999577982757613,0.000422017242418774
30,30,KNN,ball_tree,19,uncalibrated,0.039,1,0
30,30,KNN,ball_tree,19,uncalibrated,0.0394,1,0
30,30,KNN,ball_tree,19,uncalibrated,0.0398,1,0
30,30,KNN,ball_tree,19,uncalibrated,0.0402,1,0
30,30,KNN,ball_tree,19,uncalibrated,0.041,1,0
30,30,KNN,ball_tree,21,uncalibrated,0.036,0,0
30,30,KNN,ball_tree,21,uncalibrated,0.0366,0,0
30,30,KNN,ball_tree,21,uncalibrated,0.037,0,0
30,30,KNN,ball_tree,21,uncalibrated,0.0374,0.000333667000333667,0.000333667000333667
30,30,KNN,ball_tree,21,uncalibrated,0.0378,0.150439486139284,0.0464336306928372
30,30,KNN,ball_tree,21,uncalibrated,0.0382,0.876380952380952,0.0514432665660055
30,30,KNN,ball_tree,21,uncalibrated,0.0386,0.999509081983309,0.000490918016691211
30,30,KNN,ball_tree,21,uncalibrated,0.039,1,0
30,30,KNN,ball_tree,21,uncalibrated,0.0394,1,0
30,30,KNN,ball_tree,21,uncalibrated,0.0398,1,0
30,30,KNN,ball_tree,21,uncalibrated,0.0402,1,0
30,30,KNN,ball_tree,21,uncalibrated,0.041,1,0
30,30,KNN,ball_tree,23,uncalibrated,0.036,0,0
30,30,KNN,ball_tree,23,uncalibrated,0.0366,0,0
30,30,KNN,ball_tree,23,uncalibrated,0.037,0,0
30,30,KNN,ball_tree,23,uncalibrated,0.0374,0.000348174261217739,0.000348174261217739
30,30,KNN,ball_tree,23,uncalibrated,0.0378,0.151380192256812,0.0465045562319475
30,30,KNN,ball_tree,23,uncalibrated,0.0382,0.877,0.0510988453634671
30,30,KNN,ball_tree,23,uncalibrated,0.0386,0.999551770506489,0.000448229493500757
30,30,KNN,ball_tree,23,uncalibrated,0.039,1,0
30,30,KNN,ball_tree,23,uncalibrated,0.0394,1,0
30,30,KNN,ball_tree,23,uncalibrated,0.0398,1,0
30,30,KNN,ball_tree,23,uncalibrated,0.0402,1,0
30,30,KNN,ball_tree,23,uncalibrated,0.041,1,0
30,30,KNN,ball_tree,25,uncalibrated,0.036,0,0
30,30,KNN,ball_tree,25,uncalibrated,0.0366,0,0
30,30,KNN,ball_tree,25,uncalibrated,0.037,0,0
30,30,KNN,ball_tree,25,uncalibrated,0.0374,0.00036036036036036,0.00036036036036036
30,30,KNN,ball_tree,25,uncalibrated,0.0378,0.152738336713997,0.0466263438323525
30,30,KNN,ball_tree,25,uncalibrated,0.0382,0.878,0.0507393653882268
30,30,KNN,ball_tree,25,uncalibrated,0.0386,0.999587628865958,0.000412371134020683
30,30,KNN,ball_tree,25,uncalibrated,0.039,1,0
30,30,KNN,ball_tree,25,uncalibrated,0.0394,1,0
30,30,KNN,ball_tree,25,uncalibrated,0.0398,1,0
30,30,KNN,ball_tree,25,uncalibrated,0.0402,1,0
30,30,KNN,ball_tree,25,uncalibrated,0.041,1,0
30,30,KNN,ball_tree,27,uncalibrated,0.036,0,0
30,30,KNN,ball_tree,27,uncalibrated,0.0366,0,0
30,30,KNN,ball_tree,27,uncalibrated,0.037,0,0
30,30,KNN,ball_tree,27,uncalibrated,0.0374,0.000407815222630037,0.000407815222630037
30,30,KNN,ball_tree,27,uncalibrated,0.0378,0.154158215010142,0.0469387325120716
30,30,KNN,ball_tree,27,uncalibrated,0.0382,0.878666666666666,0.0504752099113877
30,30,KNN,ball_tree,27,uncalibrated,0.0386,0.999618174875928,0.000381825124093249
30,30,KNN,ball_tree,27,uncalibrated,0.039,1,0
30,30,KNN,ball_tree,27,uncalibrated,0.0394,1,0
30,30,KNN,ball_tree,27,uncalibrated,0.0398,1,0
30,30,KNN,ball_tree,27,uncalibrated,0.0402,1,0
30,30,KNN,ball_tree,27,uncalibrated,0.041,1,0
30,30,KNN,ball_tree,29,uncalibrated,0.036,0,0
30,30,KNN,ball_tree,29,uncalibrated,0.0366,0,0
30,30,KNN,ball_tree,29,uncalibrated,0.037,0,0
30,30,KNN,ball_tree,29,uncalibrated,0.0374,0.000448724586655621,0.000448724586655621
30,30,KNN,ball_tree,29,uncalibrated,0.0378,0.155312303280408,0.0471749912215063
30,30,KNN,ball_tree,29,uncalibrated,0.0382,0.879103448275862,0.0504651709652346
30,30,KNN,ball_tree,29,uncalibrated,0.0386,0.999644507643053,0.00035549235691437
30,30,KNN,ball_tree,29,uncalibrated,0.039,1,0
30,30,KNN,ball_tree,29,uncalibrated,0.0394,1,0
30,30,KNN,ball_tree,29,uncalibrated,0.0398,1,0
30,30,KNN,ball_tree,29,uncalibrated,0.0402,1,0
30,30,KNN,ball_tree,29,uncalibrated,0.041,1,0
30,30,KNN,ball_tree,31,uncalibrated,0.036,0,0
30,30,KNN,ball_tree,31,uncalibrated,0.0366,0,0
30,30,KNN,ball_tree,31,uncalibrated,0.037,0,0
30,30,KNN,ball_tree,31,uncalibrated,0.0374,0.000484355323065001,0.000484355323065001
30,30,KNN,ball_tree,31,uncalibrated,0.0378,0.156481057384021,0.047315818028324
30,30,KNN,ball_tree,31,uncalibrated,0.0382,0.879903225806453,0.0502120477560348
30,30,KNN,ball_tree,31,uncalibrated,0.0386,0.999667442633844,0.000332557366145577
30,30,KNN,ball_tree,31,uncalibrated,0.039,1,0
30,30,KNN,ball_tree,31,uncalibrated,0.0394,1,0
30,30,KNN,ball_tree,31,uncalibrated,0.0398,1,0
30,30,KNN,ball_tree,31,uncalibrated,0.0402,1,0
30,30,KNN,ball_tree,31,uncalibrated,0.041,1,0
30,30,KNN,ball_tree,33,uncalibrated,0.036,0,0
30,30,KNN,ball_tree,33,uncalibrated,0.0366,0,0
30,30,KNN,ball_tree,33,uncalibrated,0.037,0,0
30,30,KNN,ball_tree,33,uncalibrated,0.0374,0.000515667182333849,0.000515667182333849
30,30,KNN,ball_tree,33,uncalibrated,0.0378,0.157077878173213,0.0473590562652
30,30,KNN,ball_tree,33,uncalibrated,0.0382,0.880727272727273,0.0499890687250513
30,30,KNN,ball_tree,33,uncalibrated,0.0386,0.999652886250835,0.000347113749175541
30,30,KNN,ball_tree,33,uncalibrated,0.039,1,0
30,30,KNN,ball_tree,33,uncalibrated,0.0394,1,0
30,30,KNN,ball_tree,33,uncalibrated,0.0398,1,0
30,30,KNN,ball_tree,33,uncalibrated,0.0402,1,0
30,30,KNN,ball_tree,33,uncalibrated,0.041,1,0
30,30,KNN,ball_tree,35,uncalibrated,0.036,0,0
30,30,KNN,ball_tree,35,uncalibrated,0.0366,0,0
30,30,KNN,ball_tree,35,uncalibrated,0.037,0,0
30,30,KNN,ball_tree,35,uncalibrated,0.0374,0.000514800514800515,0.000514800514800515
30,30,KNN,ball_tree,35,uncalibrated,0.0378,0.158301941466243,0.0474974977036425
30,30,KNN,ball_tree,35,uncalibrated,0.0382,0.881371428571429,0.0498968077994115
30,30,KNN,ball_tree,35,uncalibrated,0.0386,0.999672721322206,0.000327278677794104
30,30,KNN,ball_tree,35,uncalibrated,0.039,1,0
30,30,KNN,ball_tree,35,uncalibrated,0.0394,1,0
30,30,KNN,ball_tree,35,uncalibrated,0.0398,1,0
30,30,KNN,ball_tree,35,uncalibrated,0.0402,1,0
30,30,KNN,ball_tree,35,uncalibrated,0.041,1,0
30,30,KNN,ball_tree,37,uncalibrated,0.036,0,0
30,30,KNN,ball_tree,37,uncalibrated,0.0366,0,0
30,30,KNN,ball_tree,37,uncalibrated,0.037,0,0
30,30,KNN,ball_tree,37,uncalibrated,0.0374,0.000514027541054568,0.000514027541054568
30,30,KNN,ball_tree,37,uncalibrated,0.0378,0.159448495148293,0.0477976525565753
30,30,KNN,ball_tree,37,uncalibrated,0.0382,0.881972972972973,0.0497328929244108
30,30,KNN,ball_tree,37,uncalibrated,0.0386,0.999690412061514,0.000309587938453808
30,30,KNN,ball_tree,37,uncalibrated,0.039,1,0
30,30,KNN,ball_tree,37,uncalibrated,0.0394,1,0
30,30,KNN,ball_tree,37,uncalibrated,0.0398,1,0
30,30,KNN,ball_tree,37,uncalibrated,0.0402,1,0
30,30,KNN,ball_tree,37,uncalibrated,0.041,1,0
30,30,KNN,ball_tree,39,uncalibrated,0.036,0,0
30,30,KNN,ball_tree,39,uncalibrated,0.0366,0,0
30,30,KNN,ball_tree,39,uncalibrated,0.037,0,0
30,30,KNN,ball_tree,39,uncalibrated,0.0374,0.000564667231333898,0.000564667231333898
30,30,KNN,ball_tree,39,uncalibrated,0.0378,0.160685494356894,0.0480212880679103
30,30,KNN,ball_tree,39,uncalibrated,0.0382,0.882512820512821,0.0496189935365781
30,30,KNN,ball_tree,39,uncalibrated,0.0386,0.999706288366082,0.000293711633917867
30,30,KNN,ball_tree,39,uncalibrated,0.039,1,0
30,30,KNN,ball_tree,39,uncalibrated,0.0394,1,0
30,30,KNN,ball_tree,39,uncalibrated,0.0398,1,0
30,30,KNN,ball_tree,39,uncalibrated,0.0402,1,0
30,30,KNN,ball_tree,39,uncalibrated,0.041,1,0
30,30,KNN,ball_tree,41,uncalibrated,0.036,0,0
30,30,KNN,ball_tree,41,uncalibrated,0.0366,0,0
30,30,KNN,ball_tree,41,uncalibrated,0.037,0,0
30,30,KNN,ball_tree,41,uncalibrated,0.0374,0.000610366464025001,0.000610366464025
30,30,KNN,ball_tree,41,uncalibrated,0.0378,0.161331816157918,0.0481774849449602
30,30,KNN,ball_tree,41,uncalibrated,0.0382,0.883048780487805,0.0494730204954922
30,30,KNN,ball_tree,41,uncalibrated,0.0386,0.999720615762837,0.000279384237141367
30,30,KNN,ball_tree,41,uncalibrated,0.039,1,0
30,30,KNN,ball_tree,41,uncalibrated,0.0394,1,0
30,30,KNN,ball_tree,41,uncalibrated,0.0398,1,0
30,30,KNN,ball_tree,41,uncalibrated,0.0402,1,0
30,30,KNN,ball_tree,41,uncalibrated,0.041,1,0
30,30,KNN,ball_tree,43,uncalibrated,0.036,0,0
30,30,KNN,ball_tree,43,uncalibrated,0.0366,0,0
30,30,KNN,ball_tree,43,uncalibrated,0.037,0,0
30,30,KNN,ball_tree,43,uncalibrated,0.0374,0.000628535512256442,0.000628535512256442
30,30,KNN,ball_tree,43,uncalibrated,0.0378,0.162389735364875,0.0483817781572382
30,30,KNN,ball_tree,43,uncalibrated,0.0382,0.883558139534884,0.0493345903013381
30,30,KNN,ball_tree,43,uncalibrated,0.0386,0.99973361037854,0.000266389621460251
30,30,KNN,ball_tree,43,uncalibrated,0.039,1,0
30,30,KNN,ball_tree,43,uncalibrated,0.0394,1,0
30,30,KNN,ball_tree,43,uncalibrated,0.0398,1,0
30,30,KNN,ball_tree,43,uncalibrated,0.0402,1,0
30,30,KNN,ball_tree,43,uncalibrated,0.041,1,0
30,30,KNN,ball_tree,45,uncalibrated,0.036,0,0
30,30,KNN,ball_tree,45,uncalibrated,0.0366,0,0
30,30,KNN,ball_tree,45,uncalibrated,0.037,0,0
30,30,KNN,ball_tree,45,uncalibrated,0.0374,0.000667334000667334,0.000667334000667334
30,30,KNN,ball_tree,45,uncalibrated,0.0378,0.163263466306063,0.0485572766667337
30,30,KNN,ball_tree,45,uncalibrated,0.0382,0.884044444444445,0.0492220538174768
30,30,KNN,ball_tree,45,uncalibrated,0.0386,0.999745449917239,0.000254550082728686
30,30,KNN,ball_tree,45,uncalibrated,0.039,1,0
30,30,KNN,ball_tree,45,uncalibrated,0.0394,1,0
30,30,KNN,ball_tree,45,uncalibrated,0.0398,1,0
30,30,KNN,ball_tree,45,uncalibrated,0.0402,1,0
30,30,KNN,ball_tree,45,uncalibrated,0.041,1,0
30,30,KNN,ball_tree,47,uncalibrated,0.036,0,0
30,30,KNN,ball_tree,47,uncalibrated,0.0366,0,0
30,30,KNN,ball_tree,47,uncalibrated,0.037,0,0
30,30,KNN,ball_tree,47,uncalibrated,0.0374,0.000724128383702852,0.000724128383702852
30,30,KNN,ball_tree,47,uncalibrated,0.0378,0.164084415864658,0.0487526295555905
30,30,KNN,ball_tree,47,uncalibrated,0.0382,0.884553191489363,0.048997268584941
30,30,KNN,ball_tree,47,uncalibrated,0.0386,0.999731910019222,0.00026808998074631
30,30,KNN,ball_tree,47,uncalibrated,0.039,1,0
30,30,KNN,ball_tree,47,uncalibrated,0.0394,1,0
30,30,KNN,ball_tree,47,uncalibrated,0.0398,1,0
30,30,KNN,ball_tree,47,uncalibrated,0.0402,1,0
30,30,KNN,ball_tree,47,uncalibrated,0.041,1,0
30,30,KNN,ball_tree,49,uncalibrated,0.036,0,0
30,30,KNN,ball_tree,49,uncalibrated,0.0366,0,0
30,30,KNN,ball_tree,49,uncalibrated,0.037,0,0
30,30,KNN,ball_tree,49,uncalibrated,0.0374,0.000735429306857878,0.000735429306857878
30,30,KNN,ball_tree,49,uncalibrated,0.0378,0.164755557395372,0.0489189668521068
30,30,KNN,ball_tree,49,uncalibrated,0.0382,0.884918367346939,0.0488377970617844
30,30,KNN,ball_tree,49,uncalibrated,0.0386,0.999742852467469,0.000257147532552518
30,30,KNN,ball_tree,49,uncalibrated,0.039,1,0
30,30,KNN,ball_tree,49,uncalibrated,0.0394,1,0
30,30,KNN,ball_tree,49,uncalibrated,0.0398,1,0
30,30,KNN,ball_tree,49,uncalibrated,0.0402,1,0
30,30,KNN,ball_tree,49,uncalibrated,0.041,1,0
30,30,KNN,ball_tree,51,uncalibrated,0.036,0,0
30,30,KNN,ball_tree,51,uncalibrated,0.0366,0,0
30,30,KNN,ball_tree,51,uncalibrated,0.037,0,0
30,30,KNN,ball_tree,51,uncalibrated,0.0374,0.000745843883098785,0.000745843883098785
30,30,KNN,ball_tree,51,uncalibrated,0.0378,0.165592809131766,0.0490333054585254
30,30,KNN,ball_tree,51,uncalibrated,0.0382,0.885372549019608,0.0487560218609991
30,30,KNN,ball_tree,51,uncalibrated,0.0386,0.999752936684421,0.000247063315589743
30,30,KNN,ball_tree,51,uncalibrated,0.039,1,0
30,30,KNN,ball_tree,51,uncalibrated,0.0394,1,0
30,30,KNN,ball_tree,51,uncalibrated,0.0398,1,0
30,30,KNN,ball_tree,51,uncalibrated,0.0402,1,0
30,30,KNN,ball_tree,51,uncalibrated,0.041,1,0
30,30,KNN,ball_tree,61,uncalibrated,0.036,0,0
30,30,KNN,ball_tree,61,uncalibrated,0.0366,0,0
30,30,KNN,ball_tree,61,uncalibrated,0.037,0,0
30,30,KNN,ball_tree,61,uncalibrated,0.0374,0.000804082771295886,0.000804082771295886
30,30,KNN,ball_tree,61,uncalibrated,0.0378,0.168689522162737,0.0495002450608403
30,30,KNN,ball_tree,61,uncalibrated,0.0382,0.887147540983607,0.0483156461049662
30,30,KNN,ball_tree,61,uncalibrated,0.0386,0.999793438867305,0.000206561132706162
30,30,KNN,ball_tree,61,uncalibrated,0.039,1,0
30,30,KNN,ball_tree,61,uncalibrated,0.0394,1,0
30,30,KNN,ball_tree,61,uncalibrated,0.0398,1,0
30,30,KNN,ball_tree,61,uncalibrated,0.0402,1,0
30,30,KNN,ball_tree,61,uncalibrated,0.041,1,0
30,30,KNN,ball_tree,81,uncalibrated,0.036,0,0
30,30,KNN,ball_tree,81,uncalibrated,0.0366,0,0
30,30,KNN,ball_tree,81,uncalibrated,0.037,0,0
30,30,KNN,ball_tree,81,uncalibrated,0.0374,0.000840346519358865,0.000840346519358865
30,30,KNN,ball_tree,81,uncalibrated,0.0378,0.173703453284251,0.05039545040166
30,30,KNN,ball_tree,81,uncalibrated,0.0382,0.889777777777779,0.047609442365247
30,30,KNN,ball_tree,81,uncalibrated,0.0386,0.999787874931091,0.000212125068940682
30,30,KNN,ball_tree,81,uncalibrated,0.039,1,0
30,30,KNN,ball_tree,81,uncalibrated,0.0394,1,0
30,30,KNN,ball_tree,81,uncalibrated,0.0398,1,0
30,30,KNN,ball_tree,81,uncalibrated,0.0402,1,0
30,30,KNN,ball_tree,81,uncalibrated,0.041,1,0
30,30,KNN,ball_tree,101,uncalibrated,0.036,0,0
30,30,KNN,ball_tree,101,uncalibrated,0.0366,0,0
30,30,KNN,ball_tree,101,uncalibrated,0.037,0,0
30,30,KNN,ball_tree,101,uncalibrated,0.0374,0.00102082280300102,0.00102082280300102
30,30,KNN,ball_tree,101,uncalibrated,0.0378,0.178257988070612,0.0510012518719467
30,30,KNN,ball_tree,101,uncalibrated,0.0382,0.891544554455446,0.0471372384809928
30,30,KNN,ball_tree,101,uncalibrated,0.0386,0.999807197214599,0.000192802785433153
30,30,KNN,ball_tree,101,uncalibrated,0.039,1,0
30,30,KNN,ball_tree,101,uncalibrated,0.0394,1,0
30,30,KNN,ball_tree,101,uncalibrated,0.0398,1,0
30,30,KNN,ball_tree,101,uncalibrated,0.0402,1,0
30,30,KNN,ball_tree,101,uncalibrated,0.041,1,0
30,30,KNN,ball_tree,151,uncalibrated,0.036,0,0
30,30,KNN,ball_tree,151,uncalibrated,0.0366,0,0
30,30,KNN,ball_tree,151,uncalibrated,0.037,0,0
30,30,KNN,ball_tree,151,uncalibrated,0.0374,0.00126616682908074,0.00126616682908074
30,30,KNN,ball_tree,151,uncalibrated,0.0378,0.187169710348518,0.052244408318817
30,30,KNN,ball_tree,151,uncalibrated,0.0382,0.895456953642384,0.0461139608383399
30,30,KNN,ball_tree,151,uncalibrated,0.0386,0.999855867337273,0.000144132662737228
30,30,KNN,ball_tree,151,uncalibrated,0.039,1,0
30,30,KNN,ball_tree,151,uncalibrated,0.0394,1,0
30,30,KNN,ball_tree,151,uncalibrated,0.0398,1,0
30,30,KNN,ball_tree,151,uncalibrated,0.0402,1,0
30,30,KNN,ball_tree,151,uncalibrated,0.041,1,0
30,30,KNN,ball_tree,201,uncalibrated,0.036,0,0
30,30,KNN,ball_tree,201,uncalibrated,0.0366,0,0
30,30,KNN,ball_tree,201,uncalibrated,0.037,0,0
30,30,KNN,ball_tree,201,uncalibrated,0.0374,0.001379488941678,0.001379488941678
30,30,KNN,ball_tree,201,uncalibrated,0.0378,0.193075028895925,0.0531567034514737
30,30,KNN,ball_tree,201,uncalibrated,0.0382,0.897845771144279,0.0454752699863893
30,30,KNN,ball_tree,201,uncalibrated,0.0386,0.999880323468557,0.000119676531432237
30,30,KNN,ball_tree,201,uncalibrated,0.039,1,0
30,30,KNN,ball_tree,201,uncalibrated,0.0394,1,0
30,30,KNN,ball_tree,201,uncalibrated,0.0398,1,0
30,30,KNN,ball_tree,201,uncalibrated,0.0402,1,0
30,30,KNN,ball_tree,201,uncalibrated,0.041,1,0
30,30,KNN,brute,1,uncalibrated,0.036,0,0
30,30,KNN,brute,1,uncalibrated,0.0366,0,0
30,30,KNN,brute,1,uncalibrated,0.037,0,0
30,30,KNN,brute,1,uncalibrated,0.0374,0,0
30,30,KNN,brute,1,uncalibrated,0.0378,0.135353535353536,0.0423534479911365
30,30,KNN,brute,1,uncalibrated,0.0382,0.868,0.0547965935680921
30,30,KNN,brute,1,uncalibrated,0.0386,1,0
30,30,KNN,brute,1,uncalibrated,0.039,1,0
30,30,KNN,brute,1,uncalibrated,0.0394,1,0
30,30,KNN,brute,1,uncalibrated,0.0398,1,0
30,30,KNN,brute,1,uncalibrated,0.0402,1,0
30,30,KNN,brute,1,uncalibrated,0.041,1,0
30,30,KNN,brute,3,uncalibrated,0.036,0,0
30,30,KNN,brute,3,uncalibrated,0.0366,0,0
30,30,KNN,brute,3,uncalibrated,0.037,0,0
30,30,KNN,brute,3,uncalibrated,0.0374,0,0
30,30,KNN,brute,3,uncalibrated,0.0378,0.132183908045977,0.0419469600508615
30,30,KNN,brute,3,uncalibrated,0.0382,0.866666666666667,0.0561585058364071
30,30,KNN,brute,3,uncalibrated,0.0386,0.999236349751824,0.000763650248186389
30,30,KNN,brute,3,uncalibrated,0.039,1,0
30,30,KNN,brute,3,uncalibrated,0.0394,1,0
30,30,KNN,brute,3,uncalibrated,0.0398,1,0
30,30,KNN,brute,3,uncalibrated,0.0402,1,0
30,30,KNN,brute,3,uncalibrated,0.041,1,0
30,30,KNN,brute,5,uncalibrated,0.036,0,0
30,30,KNN,brute,5,uncalibrated,0.0366,0,0
30,30,KNN,brute,5,uncalibrated,0.037,0,0
30,30,KNN,brute,5,uncalibrated,0.0374,0,0
30,30,KNN,brute,5,uncalibrated,0.0378,0.133468559837728,0.0422012732422699
30,30,KNN,brute,5,uncalibrated,0.0382,0.8658,0.0562891345347099
30,30,KNN,brute,5,uncalibrated,0.0386,0.999541809851099,0.000458190148911724
30,30,KNN,brute,5,uncalibrated,0.039,1,0
30,30,KNN,brute,5,uncalibrated,0.0394,1,0
30,30,KNN,brute,5,uncalibrated,0.0398,1,0
30,30,KNN,brute,5,uncalibrated,0.0402,1,0
30,30,KNN,brute,5,uncalibrated,0.041,1,0
30,30,KNN,brute,7,uncalibrated,0.036,0,0
30,30,KNN,brute,7,uncalibrated,0.0366,0,0
30,30,KNN,brute,7,uncalibrated,0.037,0,0
30,30,KNN,brute,7,uncalibrated,0.0374,0,0
30,30,KNN,brute,7,uncalibrated,0.0378,0.135757751376412,0.0430365847007612
30,30,KNN,brute,7,uncalibrated,0.0382,0.868142857142857,0.0549797117806469
30,30,KNN,brute,7,uncalibrated,0.0386,0.999345442644401,0.000654557355588318
30,30,KNN,brute,7,uncalibrated,0.039,1,0
30,30,KNN,brute,7,uncalibrated,0.0394,1,0
30,30,KNN,brute,7,uncalibrated,0.0398,1,0
30,30,KNN,brute,7,uncalibrated,0.0402,1,0
30,30,KNN,brute,7,uncalibrated,0.041,1,0
30,30,KNN,brute,9,uncalibrated,0.036,0,0
30,30,KNN,brute,9,uncalibrated,0.0366,0,0
30,30,KNN,brute,9,uncalibrated,0.037,0,0
30,30,KNN,brute,9,uncalibrated,0.0374,0,0
30,30,KNN,brute,9,uncalibrated,0.0378,0.138381789497408,0.0437883905186387
30,30,KNN,brute,9,uncalibrated,0.0382,0.869111111111111,0.0545752020142585
30,30,KNN,brute,9,uncalibrated,0.0386,0.999490899834553,0.000509100165457593
30,30,KNN,brute,9,uncalibrated,0.039,1,0
30,30,KNN,brute,9,uncalibrated,0.0394,1,0
30,30,KNN,brute,9,uncalibrated,0.0398,1,0
30,30,KNN,brute,9,uncalibrated,0.0402,1,0
30,30,KNN,brute,9,uncalibrated,0.041,1,0
30,30,KNN,brute,11,uncalibrated,0.036,0,0
30,30,KNN,brute,11,uncalibrated,0.0366,0,0
30,30,KNN,brute,11,uncalibrated,0.037,0,0
30,30,KNN,brute,11,uncalibrated,0.0374,9.63020030816657E-05,9.63020030816641E-05
30,30,KNN,brute,11,uncalibrated,0.0378,0.140881430942283,0.0444691856458134
30,30,KNN,brute,11,uncalibrated,0.0382,0.871272727272727,0.0538445881163697
30,30,KNN,brute,11,uncalibrated,0.0386,0.999479329376205,0.000520670623763422
30,30,KNN,brute,11,uncalibrated,0.039,1,0
30,30,KNN,brute,11,uncalibrated,0.0394,1,0
30,30,KNN,brute,11,uncalibrated,0.0398,1,0
30,30,KNN,brute,11,uncalibrated,0.0402,1,0
30,30,KNN,brute,11,uncalibrated,0.041,1,0
30,30,KNN,brute,13,uncalibrated,0.036,0,0
30,30,KNN,brute,13,uncalibrated,0.0366,0,0
30,30,KNN,brute,13,uncalibrated,0.037,0,0
30,30,KNN,brute,13,uncalibrated,0.0374,0.000162972620599742,0.000162972620599739
30,30,KNN,brute,13,uncalibrated,0.0378,0.143392104852551,0.0449720513550606
30,30,KNN,brute,13,uncalibrated,0.0382,0.872461538461539,0.0531919971439106
30,30,KNN,brute,13,uncalibrated,0.0386,0.999559432549123,0.000440567450876691
30,30,KNN,brute,13,uncalibrated,0.039,1,0
30,30,KNN,brute,13,uncalibrated,0.0394,1,0
30,30,KNN,brute,13,uncalibrated,0.0398,1,0
30,30,KNN,brute,13,uncalibrated,0.0402,1,0
30,30,KNN,brute,13,uncalibrated,0.041,1,0
30,30,KNN,brute,15,uncalibrated,0.036,0,0
30,30,KNN,brute,15,uncalibrated,0.0366,0,0
30,30,KNN,brute,15,uncalibrated,0.037,0,0
30,30,KNN,brute,15,uncalibrated,0.0374,0.000211864406779659,0.000211864406779661
30,30,KNN,brute,15,uncalibrated,0.0378,0.145098039215686,0.045504729651297
30,30,KNN,brute,15,uncalibrated,0.0382,0.873866666666667,0.0524479848145866
30,30,KNN,brute,15,uncalibrated,0.0386,0.999541809851099,0.000458190148911724
30,30,KNN,brute,15,uncalibrated,0.039,1,0
30,30,KNN,brute,15,uncalibrated,0.0394,1,0
30,30,KNN,brute,15,uncalibrated,0.0398,1,0
30,30,KNN,brute,15,uncalibrated,0.0402,1,0
30,30,KNN,brute,15,uncalibrated,0.041,1,0
30,30,KNN,brute,17,uncalibrated,0.036,0,0
30,30,KNN,brute,17,uncalibrated,0.0366,0,0
30,30,KNN,brute,17,uncalibrated,0.037,0,0
30,30,KNN,brute,17,uncalibrated,0.0374,0.000249252243270189,0.000249252243270189
30,30,KNN,brute,17,uncalibrated,0.0378,0.146820188521656,0.0458495460265743
30,30,KNN,brute,17,uncalibrated,0.0382,0.874411764705883,0.0522219003319403
30,30,KNN,brute,17,uncalibrated,0.0386,0.9995957145745,0.000404285425510409
30,30,KNN,brute,17,uncalibrated,0.039,1,0
30,30,KNN,brute,17,uncalibrated,0.0394,1,0
30,30,KNN,brute,17,uncalibrated,0.0398,1,0
30,30,KNN,brute,17,uncalibrated,0.0402,1,0
30,30,KNN,brute,17,uncalibrated,0.041,1,0
30,30,KNN,brute,19,uncalibrated,0.036,0,0
30,30,KNN,brute,19,uncalibrated,0.0366,0,0
30,30,KNN,brute,19,uncalibrated,0.037,0,0
30,30,KNN,brute,19,uncalibrated,0.0374,0.000278768956289024,0.000278768956289028
30,30,KNN,brute,19,uncalibrated,0.0378,0.148393295612256,0.0461550431369116
30,30,KNN,brute,19,uncalibrated,0.0382,0.875473684210526,0.0518238012036085
30,30,KNN,brute,19,uncalibrated,0.0386,0.999577982757613,0.000422017242418774
30,30,KNN,brute,19,uncalibrated,0.039,1,0
30,30,KNN,brute,19,uncalibrated,0.0394,1,0
30,30,KNN,brute,19,uncalibrated,0.0398,1,0
30,30,KNN,brute,19,uncalibrated,0.0402,1,0
30,30,KNN,brute,19,uncalibrated,0.041,1,0
30,30,KNN,brute,21,uncalibrated,0.036,0,0
30,30,KNN,brute,21,uncalibrated,0.0366,0,0
30,30,KNN,brute,21,uncalibrated,0.037,0,0
30,30,KNN,brute,21,uncalibrated,0.0374,0.000333667000333667,0.000333667000333667
30,30,KNN,brute,21,uncalibrated,0.0378,0.150439486139284,0.0464336306928372
30,30,KNN,brute,21,uncalibrated,0.0382,0.876380952380952,0.0514432665660055
30,30,KNN,brute,21,uncalibrated,0.0386,0.999509081983309,0.000490918016691211
30,30,KNN,brute,21,uncalibrated,0.039,1,0
30,30,KNN,brute,21,uncalibrated,0.0394,1,0
30,30,KNN,brute,21,uncalibrated,0.0398,1,0
30,30,KNN,brute,21,uncalibrated,0.0402,1,0
30,30,KNN,brute,21,uncalibrated,0.041,1,0
30,30,KNN,brute,23,uncalibrated,0.036,0,0
30,30,KNN,brute,23,uncalibrated,0.0366,0,0
30,30,KNN,brute,23,uncalibrated,0.037,0,0
30,30,KNN,brute,23,uncalibrated,0.0374,0.000348174261217739,0.000348174261217739
30,30,KNN,brute,23,uncalibrated,0.0378,0.151380192256812,0.0465045562319475
30,30,KNN,brute,23,uncalibrated,0.0382,0.877,0.0510988453634671
30,30,KNN,brute,23,uncalibrated,0.0386,0.999551770506489,0.000448229493500757
30,30,KNN,brute,23,uncalibrated,0.039,1,0
30,30,KNN,brute,23,uncalibrated,0.0394,1,0
30,30,KNN,brute,23,uncalibrated,0.0398,1,0
30,30,KNN,brute,23,uncalibrated,0.0402,1,0
30,30,KNN,brute,23,uncalibrated,0.041,1,0
30,30,KNN,brute,25,uncalibrated,0.036,0,0
30,30,KNN,brute,25,uncalibrated,0.0366,0,0
30,30,KNN,brute,25,uncalibrated,0.037,0,0
30,30,KNN,brute,25,uncalibrated,0.0374,0.00036036036036036,0.00036036036036036
30,30,KNN,brute,25,uncalibrated,0.0378,0.152738336713997,0.0466263438323525
30,30,KNN,brute,25,uncalibrated,0.0382,0.878,0.0507393653882268
30,30,KNN,brute,25,uncalibrated,0.0386,0.999587628865958,0.000412371134020683
30,30,KNN,brute,25,uncalibrated,0.039,1,0
30,30,KNN,brute,25,uncalibrated,0.0394,1,0
30,30,KNN,brute,25,uncalibrated,0.0398,1,0
30,30,KNN,brute,25,uncalibrated,0.0402,1,0
30,30,KNN,brute,25,uncalibrated,0.041,1,0
30,30,KNN,brute,27,uncalibrated,0.036,0,0
30,30,KNN,brute,27,uncalibrated,0.0366,0,0
30,30,KNN,brute,27,uncalibrated,0.037,0,0
30,30,KNN,brute,27,uncalibrated,0.0374,0.000407815222630037,0.000407815222630037
30,30,KNN,brute,27,uncalibrated,0.0378,0.154158215010142,0.0469387325120716
30,30,KNN,brute,27,uncalibrated,0.0382,0.878666666666666,0.0504752099113877
30,30,KNN,brute,27,uncalibrated,0.0386,0.999618174875928,0.000381825124093249
30,30,KNN,brute,27,uncalibrated,0.039,1,0
30,30,KNN,brute,27,uncalibrated,0.0394,1,0
30,30,KNN,brute,27,uncalibrated,0.0398,1,0
30,30,KNN,brute,27,uncalibrated,0.0402,1,0
30,30,KNN,brute,27,uncalibrated,0.041,1,0
30,30,KNN,brute,29,uncalibrated,0.036,0,0
30,30,KNN,brute,29,uncalibrated,0.0366,0,0
30,30,KNN,brute,29,uncalibrated,0.037,0,0
30,30,KNN,brute,29,uncalibrated,0.0374,0.000448724586655621,0.000448724586655621
30,30,KNN,brute,29,uncalibrated,0.0378,0.155312303280408,0.0471749912215063
30,30,KNN,brute,29,uncalibrated,0.0382,0.879103448275862,0.0504651709652346
30,30,KNN,brute,29,uncalibrated,0.0386,0.999644507643053,0.00035549235691437
30,30,KNN,brute,29,uncalibrated,0.039,1,0
30,30,KNN,brute,29,uncalibrated,0.0394,1,0
30,30,KNN,brute,29,uncalibrated,0.0398,1,0
30,30,KNN,brute,29,uncalibrated,0.0402,1,0
30,30,KNN,brute,29,uncalibrated,0.041,1,0
30,30,KNN,brute,31,uncalibrated,0.036,0,0
30,30,KNN,brute,31,uncalibrated,0.0366,0,0
30,30,KNN,brute,31,uncalibrated,0.037,0,0
30,30,KNN,brute,31,uncalibrated,0.0374,0.000484355323065001,0.000484355323065001
30,30,KNN,brute,31,uncalibrated,0.0378,0.156481057384021,0.047315818028324
30,30,KNN,brute,31,uncalibrated,0.0382,0.879903225806453,0.0502120477560348
30,30,KNN,brute,31,uncalibrated,0.0386,0.999667442633844,0.000332557366145577
30,30,KNN,brute,31,uncalibrated,0.039,1,0
30,30,KNN,brute,31,uncalibrated,0.0394,1,0
30,30,KNN,brute,31,uncalibrated,0.0398,1,0
30,30,KNN,brute,31,uncalibrated,0.0402,1,0
30,30,KNN,brute,31,uncalibrated,0.041,1,0
30,30,KNN,brute,33,uncalibrated,0.036,0,0
30,30,KNN,brute,33,uncalibrated,0.0366,0,0
30,30,KNN,brute,33,uncalibrated,0.037,0,0
30,30,KNN,brute,33,uncalibrated,0.0374,0.000515667182333849,0.000515667182333849
30,30,KNN,brute,33,uncalibrated,0.0378,0.157077878173213,0.0473590562652
30,30,KNN,brute,33,uncalibrated,0.0382,0.880727272727273,0.0499890687250513
30,30,KNN,brute,33,uncalibrated,0.0386,0.999652886250835,0.000347113749175541
30,30,KNN,brute,33,uncalibrated,0.039,1,0
30,30,KNN,brute,33,uncalibrated,0.0394,1,0
30,30,KNN,brute,33,uncalibrated,0.0398,1,0
30,30,KNN,brute,33,uncalibrated,0.0402,1,0
30,30,KNN,brute,33,uncalibrated,0.041,1,0
30,30,KNN,brute,35,uncalibrated,0.036,0,0
30,30,KNN,brute,35,uncalibrated,0.0366,0,0
30,30,KNN,brute,35,uncalibrated,0.037,0,0
30,30,KNN,brute,35,uncalibrated,0.0374,0.000514800514800515,0.000514800514800515
30,30,KNN,brute,35,uncalibrated,0.0378,0.158301941466243,0.0474974977036425
30,30,KNN,brute,35,uncalibrated,0.0382,0.881371428571429,0.0498968077994115
30,30,KNN,brute,35,uncalibrated,0.0386,0.999672721322206,0.000327278677794104
30,30,KNN,brute,35,uncalibrated,0.039,1,0
30,30,KNN,brute,35,uncalibrated,0.0394,1,0
30,30,KNN,brute,35,uncalibrated,0.0398,1,0
30,30,KNN,brute,35,uncalibrated,0.0402,1,0
30,30,KNN,brute,35,uncalibrated,0.041,1,0
30,30,KNN,brute,37,uncalibrated,0.036,0,0
30,30,KNN,brute,37,uncalibrated,0.0366,0,0
30,30,KNN,brute,37,uncalibrated,0.037,0,0
30,30,KNN,brute,37,uncalibrated,0.0374,0.000514027541054568,0.000514027541054568
30,30,KNN,brute,37,uncalibrated,0.0378,0.159448495148293,0.0477976525565753
30,30,KNN,brute,37,uncalibrated,0.0382,0.881972972972973,0.0497328929244108
30,30,KNN,brute,37,uncalibrated,0.0386,0.999690412061514,0.000309587938453808
30,30,KNN,brute,37,uncalibrated,0.039,1,0
30,30,KNN,brute,37,uncalibrated,0.0394,1,0
30,30,KNN,brute,37,uncalibrated,0.0398,1,0
30,30,KNN,brute,37,uncalibrated,0.0402,1,0
30,30,KNN,brute,37,uncalibrated,0.041,1,0
30,30,KNN,brute,39,uncalibrated,0.036,0,0
30,30,KNN,brute,39,uncalibrated,0.0366,0,0
30,30,KNN,brute,39,uncalibrated,0.037,0,0
30,30,KNN,brute,39,uncalibrated,0.0374,0.000564667231333898,0.000564667231333898
30,30,KNN,brute,39,uncalibrated,0.0378,0.160685494356894,0.0480212880679103
30,30,KNN,brute,39,uncalibrated,0.0382,0.882512820512821,0.0496189935365781
30,30,KNN,brute,39,uncalibrated,0.0386,0.999706288366082,0.000293711633917867
30,30,KNN,brute,39,uncalibrated,0.039,1,0
30,30,KNN,brute,39,uncalibrated,0.0394,1,0
30,30,KNN,brute,39,uncalibrated,0.0398,1,0
30,30,KNN,brute,39,uncalibrated,0.0402,1,0
30,30,KNN,brute,39,uncalibrated,0.041,1,0
30,30,KNN,brute,41,uncalibrated,0.036,0,0
30,30,KNN,brute,41,uncalibrated,0.0366,0,0
30,30,KNN,brute,41,uncalibrated,0.037,0,0
30,30,KNN,brute,41,uncalibrated,0.0374,0.000610366464025001,0.000610366464025
30,30,KNN,brute,41,uncalibrated,0.0378,0.161331816157918,0.0481774849449602
30,30,KNN,brute,41,uncalibrated,0.0382,0.883048780487805,0.0494730204954922
30,30,KNN,brute,41,uncalibrated,0.0386,0.999720615762837,0.000279384237141367
30,30,KNN,brute,41,uncalibrated,0.039,1,0
30,30,KNN,brute,41,uncalibrated,0.0394,1,0
30,30,KNN,brute,41,uncalibrated,0.0398,1,0
30,30,KNN,brute,41,uncalibrated,0.0402,1,0
30,30,KNN,brute,41,uncalibrated,0.041,1,0
30,30,KNN,brute,43,uncalibrated,0.036,0,0
30,30,KNN,brute,43,uncalibrated,0.0366,0,0
30,30,KNN,brute,43,uncalibrated,0.037,0,0
30,30,KNN,brute,43,uncalibrated,0.0374,0.000628535512256442,0.000628535512256442
30,30,KNN,brute,43,uncalibrated,0.0378,0.162389735364875,0.0483817781572382
30,30,KNN,brute,43,uncalibrated,0.0382,0.883558139534884,0.0493345903013381
30,30,KNN,brute,43,uncalibrated,0.0386,0.99973361037854,0.000266389621460251
30,30,KNN,brute,43,uncalibrated,0.039,1,0
30,30,KNN,brute,43,uncalibrated,0.0394,1,0
30,30,KNN,brute,43,uncalibrated,0.0398,1,0
30,30,KNN,brute,43,uncalibrated,0.0402,1,0
30,30,KNN,brute,43,uncalibrated,0.041,1,0
30,30,KNN,brute,45,uncalibrated,0.036,0,0
30,30,KNN,brute,45,uncalibrated,0.0366,0,0
30,30,KNN,brute,45,uncalibrated,0.037,0,0
30,30,KNN,brute,45,uncalibrated,0.0374,0.000667334000667334,0.000667334000667334
30,30,KNN,brute,45,uncalibrated,0.0378,0.163263466306063,0.0485572766667337
30,30,KNN,brute,45,uncalibrated,0.0382,0.884044444444445,0.0492220538174768
30,30,KNN,brute,45,uncalibrated,0.0386,0.999745449917239,0.000254550082728686
30,30,KNN,brute,45,uncalibrated,0.039,1,0
30,30,KNN,brute,45,uncalibrated,0.0394,1,0
30,30,KNN,brute,45,uncalibrated,0.0398,1,0
30,30,KNN,brute,45,uncalibrated,0.0402,1,0
30,30,KNN,brute,45,uncalibrated,0.041,1,0
30,30,KNN,brute,47,uncalibrated,0.036,0,0
30,30,KNN,brute,47,uncalibrated,0.0366,0,0
30,30,KNN,brute,47,uncalibrated,0.037,0,0
30,30,KNN,brute,47,uncalibrated,0.0374,0.000724128383702852,0.000724128383702852
30,30,KNN,brute,47,uncalibrated,0.0378,0.164084415864658,0.0487526295555905
30,30,KNN,brute,47,uncalibrated,0.0382,0.884553191489363,0.048997268584941
30,30,KNN,brute,47,uncalibrated,0.0386,0.999731910019222,0.00026808998074631
30,30,KNN,brute,47,uncalibrated,0.039,1,0
30,30,KNN,brute,47,uncalibrated,0.0394,1,0
30,30,KNN,brute,47,uncalibrated,0.0398,1,0
30,30,KNN,brute,47,uncalibrated,0.0402,1,0
30,30,KNN,brute,47,uncalibrated,0.041,1,0
30,30,KNN,brute,49,uncalibrated,0.036,0,0
30,30,KNN,brute,49,uncalibrated,0.0366,0,0
30,30,KNN,brute,49,uncalibrated,0.037,0,0
30,30,KNN,brute,49,uncalibrated,0.0374,0.000735429306857878,0.000735429306857878
30,30,KNN,brute,49,uncalibrated,0.0378,0.164755557395372,0.0489189668521068
30,30,KNN,brute,49,uncalibrated,0.0382,0.884918367346939,0.0488377970617844
30,30,KNN,brute,49,uncalibrated,0.0386,0.999742852467469,0.000257147532552518
30,30,KNN,brute,49,uncalibrated,0.039,1,0
30,30,KNN,brute,49,uncalibrated,0.0394,1,0
30,30,KNN,brute,49,uncalibrated,0.0398,1,0
30,30,KNN,brute,49,uncalibrated,0.0402,1,0
30,30,KNN,brute,49,uncalibrated,0.041,1,0
30,30,KNN,brute,51,uncalibrated,0.036,0,0
30,30,KNN,brute,51,uncalibrated,0.0366,0,0
30,30,KNN,brute,51,uncalibrated,0.037,0,0
30,30,KNN,brute,51,uncalibrated,0.0374,0.000745843883098785,0.000745843883098785
30,30,KNN,brute,51,uncalibrated,0.0378,0.165592809131766,0.0490333054585254
30,30,KNN,brute,51,uncalibrated,0.0382,0.885372549019608,0.0487560218609991
30,30,KNN,brute,51,uncalibrated,0.0386,0.999752936684421,0.000247063315589743
30,30,KNN,brute,51,uncalibrated,0.039,1,0
30,30,KNN,brute,51,uncalibrated,0.0394,1,0
30,30,KNN,brute,51,uncalibrated,0.0398,1,0
30,30,KNN,brute,51,uncalibrated,0.0402,1,0
30,30,KNN,brute,51,uncalibrated,0.041,1,0
30,30,KNN,brute,61,uncalibrated,0.036,0,0
30,30,KNN,brute,61,uncalibrated,0.0366,0,0
30,30,KNN,brute,61,uncalibrated,0.037,0,0
30,30,KNN,brute,61,uncalibrated,0.0374,0.000804082771295886,0.000804082771295886
30,30,KNN,brute,61,uncalibrated,0.0378,0.168689522162737,0.0495002450608403
30,30,KNN,brute,61,uncalibrated,0.0382,0.887147540983607,0.0483156461049662
30,30,KNN,brute,61,uncalibrated,0.0386,0.999793438867305,0.000206561132706162
30,30,KNN,brute,61,uncalibrated,0.039,1,0
30,30,KNN,brute,61,uncalibrated,0.0394,1,0
30,30,KNN,brute,61,uncalibrated,0.0398,1,0
30,30,KNN,brute,61,uncalibrated,0.0402,1,0
30,30,KNN,brute,61,uncalibrated,0.041,1,0
30,30,KNN,brute,81,uncalibrated,0.036,0,0
30,30,KNN,brute,81,uncalibrated,0.0366,0,0
30,30,KNN,brute,81,uncalibrated,0.037,0,0
30,30,KNN,brute,81,uncalibrated,0.0374,0.000840346519358865,0.000840346519358865
30,30,KNN,brute,81,uncalibrated,0.0378,0.173703453284251,0.05039545040166
30,30,KNN,brute,81,uncalibrated,0.0382,0.889777777777779,0.047609442365247
30,30,KNN,brute,81,uncalibrated,0.0386,0.999787874931091,0.000212125068940682
30,30,KNN,brute,81,uncalibrated,0.039,1,0
30,30,KNN,brute,81,uncalibrated,0.0394,1,0
30,30,KNN,brute,81,uncalibrated,0.0398,1,0
30,30,KNN,brute,81,uncalibrated,0.0402,1,0
30,30,KNN,brute,81,uncalibrated,0.041,1,0
30,30,KNN,brute,101,uncalibrated,0.036,0,0
30,30,KNN,brute,101,uncalibrated,0.0366,0,0
30,30,KNN,brute,101,uncalibrated,0.037,0,0
30,30,KNN,brute,101,uncalibrated,0.0374,0.00102082280300102,0.00102082280300102
30,30,KNN,brute,101,uncalibrated,0.0378,0.178257988070612,0.0510012518719467
30,30,KNN,brute,101,uncalibrated,0.0382,0.891544554455446,0.0471372384809928
30,30,KNN,brute,101,uncalibrated,0.0386,0.999807197214599,0.000192802785433153
30,30,KNN,brute,101,uncalibrated,0.039,1,0
30,30,KNN,brute,101,uncalibrated,0.0394,1,0
30,30,KNN,brute,101,uncalibrated,0.0398,1,0
30,30,KNN,brute,101,uncalibrated,0.0402,1,0
30,30,KNN,brute,101,uncalibrated,0.041,1,0
30,30,KNN,brute,151,uncalibrated,0.036,0,0
30,30,KNN,brute,151,uncalibrated,0.0366,0,0
30,30,KNN,brute,151,uncalibrated,0.037,0,0
30,30,KNN,brute,151,uncalibrated,0.0374,0.00126616682908074,0.00126616682908074
30,30,KNN,brute,151,uncalibrated,0.0378,0.187169710348518,0.052244408318817
30,30,KNN,brute,151,uncalibrated,0.0382,0.895456953642384,0.0461139608383399
30,30,KNN,brute,151,uncalibrated,0.0386,0.999855867337273,0.000144132662737228
30,30,KNN,brute,151,uncalibrated,0.039,1,0
30,30,KNN,brute,151,uncalibrated,0.0394,1,0
30,30,KNN,brute,151,uncalibrated,0.0398,1,0
30,30,KNN,brute,151,uncalibrated,0.0402,1,0
30,30,KNN,brute,151,uncalibrated,0.041,1,0
30,30,KNN,brute,201,uncalibrated,0.036,0,0
30,30,KNN,brute,201,uncalibrated,0.0366,0,0
30,30,KNN,brute,201,uncalibrated,0.037,0,0
30,30,KNN,brute,201,uncalibrated,0.0374,0.001379488941678,0.001379488941678
30,30,KNN,brute,201,uncalibrated,0.0378,0.193075028895925,0.0531567034514737
30,30,KNN,brute,201,uncalibrated,0.0382,0.897845771144279,0.0454752699863893
30,30,KNN,brute,201,uncalibrated,0.0386,0.999880323468557,0.000119676531432237
30,30,KNN,brute,201,uncalibrated,0.039,1,0
30,30,KNN,brute,201,uncalibrated,0.0394,1,0
30,30,KNN,brute,201,uncalibrated,0.0398,1,0
30,30,KNN,brute,201,uncalibrated,0.0402,1,0
30,30,KNN,brute,201,uncalibrated,0.041,1,0
20,20,KNN,auto,1,uncalibrated,0.036,0,0
20,20,KNN,auto,1,uncalibrated,0.0366,0,0
20,20,KNN,auto,1,uncalibrated,0.037,0,0
20,20,KNN,auto,1,uncalibrated,0.0374,0,0
20,20,KNN,auto,1,uncalibrated,0.0378,0.0557809330628802,0.0270811965980095
20,20,KNN,auto,1,uncalibrated,0.0382,0.751,0.093
20,20,KNN,auto,1,uncalibrated,0.0386,0.99770904925542,0.00229095074455895
20,20,KNN,auto,1,uncalibrated,0.039,1,0
20,20,KNN,auto,1,uncalibrated,0.0394,1,0
20,20,KNN,auto,1,uncalibrated,0.0398,1,0
20,20,KNN,auto,1,uncalibrated,0.0402,1,0
20,20,KNN,auto,1,uncalibrated,0.041,1,0
20,20,KNN,auto,3,uncalibrated,0.036,0,0
20,20,KNN,auto,3,uncalibrated,0.0366,0,0
20,20,KNN,auto,3,uncalibrated,0.037,0,0
20,20,KNN,auto,3,uncalibrated,0.0374,0,0
20,20,KNN,auto,3,uncalibrated,0.0378,0.0574712643678162,0.0274695739845042
20,20,KNN,auto,3,uncalibrated,0.0382,0.759,0.089
20,20,KNN,auto,3,uncalibrated,0.0386,0.99770904925542,0.00229095074455895
20,20,KNN,auto,3,uncalibrated,0.039,1,0
20,20,KNN,auto,3,uncalibrated,0.0394,1,0
20,20,KNN,auto,3,uncalibrated,0.0398,1,0
20,20,KNN,auto,3,uncalibrated,0.0402,1,0
20,20,KNN,auto,3,uncalibrated,0.041,1,0
20,20,KNN,auto,5,uncalibrated,0.036,0,0
20,20,KNN,auto,5,uncalibrated,0.0366,0,0
20,20,KNN,auto,5,uncalibrated,0.037,0,0
20,20,KNN,auto,5,uncalibrated,0.0374,0,0
20,20,KNN,auto,5,uncalibrated,0.0378,0.0572008113590263,0.0271373518001899
20,20,KNN,auto,5,uncalibrated,0.0382,0.76,0.0892000000000001
20,20,KNN,auto,5,uncalibrated,0.0386,0.99770904925542,0.00229095074455895
20,20,KNN,auto,5,uncalibrated,0.039,1,0
20,20,KNN,auto,5,uncalibrated,0.0394,1,0
20,20,KNN,auto,5,uncalibrated,0.0398,1,0
20,20,KNN,auto,5,uncalibrated,0.0402,1,0
20,20,KNN,auto,5,uncalibrated,0.041,1,0
20,20,KNN,auto,7,uncalibrated,0.036,0,0
20,20,KNN,auto,7,uncalibrated,0.0366,0,0
20,20,KNN,auto,7,uncalibrated,0.037,0,0
20,20,KNN,auto,7,uncalibrated,0.0374,0,0
20,20,KNN,auto,7,uncalibrated,0.0378,0.0588235294117647,0.0277699700559384
20,20,KNN,auto,7,uncalibrated,0.0382,0.761714285714286,0.0888571428571429
20,20,KNN,auto,7,uncalibrated,0.0386,0.998036327933224,0.00196367206676495
20,20,KNN,auto,7,uncalibrated,0.039,1,0
20,20,KNN,auto,7,uncalibrated,0.0394,1,0
20,20,KNN,auto,7,uncalibrated,0.0398,1,0
20,20,KNN,auto,7,uncalibrated,0.0402,1,0
20,20,KNN,auto,7,uncalibrated,0.041,1,0
20,20,KNN,auto,9,uncalibrated,0.036,0,0
20,20,KNN,auto,9,uncalibrated,0.0366,0,0
20,20,KNN,auto,9,uncalibrated,0.037,0,0
20,20,KNN,auto,9,uncalibrated,0.0374,0,0
20,20,KNN,auto,9,uncalibrated,0.0378,0.0596123506874014,0.0281147148702622
20,20,KNN,auto,9,uncalibrated,0.0382,0.763111111111111,0.0886666666666668
20,20,KNN,auto,9,uncalibrated,0.0386,0.998090874379513,0.00190912562046592
20,20,KNN,auto,9,uncalibrated,0.039,1,0
20,20,KNN,auto,9,uncalibrated,0.0394,1,0
20,20,KNN,auto,9,uncalibrated,0.0398,1,0
20,20,KNN,auto,9,uncalibrated,0.0402,1,0
20,20,KNN,auto,9,uncalibrated,0.041,1,0
20,20,KNN,auto,11,uncalibrated,0.036,0,0
20,20,KNN,auto,11,uncalibrated,0.0366,0,0
20,20,KNN,auto,11,uncalibrated,0.037,0,0
20,20,KNN,auto,11,uncalibrated,0.0374,0,0
20,20,KNN,auto,11,uncalibrated,0.0378,0.059745528305366,0.0281515947022434
20,20,KNN,auto,11,uncalibrated,0.0382,0.764636363636364,0.0882727272727273
20,20,KNN,auto,11,uncalibrated,0.0386,0.998021451629731,0.001978548370301
20,20,KNN,auto,11,uncalibrated,0.039,1,0
20,20,KNN,auto,11,uncalibrated,0.0394,1,0
20,20,KNN,auto,11,uncalibrated,0.0398,1,0
20,20,KNN,auto,11,uncalibrated,0.0402,1,0
20,20,KNN,auto,11,uncalibrated,0.041,1,0
20,20,KNN,auto,13,uncalibrated,0.036,0,0
20,20,KNN,auto,13,uncalibrated,0.0366,0,0
20,20,KNN,auto,13,uncalibrated,0.037,0,0
20,20,KNN,auto,13,uncalibrated,0.0374,0,0
20,20,KNN,auto,13,uncalibrated,0.0378,0.0605398658136996,0.0283325636230373
20,20,KNN,auto,13,uncalibrated,0.0382,0.766538461538461,0.0874615384615384
20,20,KNN,auto,13,uncalibrated,0.0386,0.998061503216142,0.00193849678385753
20,20,KNN,auto,13,uncalibrated,0.039,1,0
20,20,KNN,auto,13,uncalibrated,0.0394,1,0
20,20,KNN,auto,13,uncalibrated,0.0398,1,0
20,20,KNN,auto,13,uncalibrated,0.0402,1,0
20,20,KNN,auto,13,uncalibrated,0.041,1,0
20,20,KNN,auto,15,uncalibrated,0.036,0,0
20,20,KNN,auto,15,uncalibrated,0.0366,0,0
20,20,KNN,auto,15,uncalibrated,0.037,0,0
20,20,KNN,auto,15,uncalibrated,0.0374,0,0
20,20,KNN,auto,15,uncalibrated,0.0378,0.0614604462474644,0.0283984815042845
20,20,KNN,auto,15,uncalibrated,0.0382,0.769266666666667,0.0863333333333333
20,20,KNN,auto,15,uncalibrated,0.0386,0.998090874379513,0.00190912562046592
20,20,KNN,auto,15,uncalibrated,0.039,1,0
20,20,KNN,auto,15,uncalibrated,0.0394,1,0
20,20,KNN,auto,15,uncalibrated,0.0398,1,0
20,20,KNN,auto,15,uncalibrated,0.0402,1,0
20,20,KNN,auto,15,uncalibrated,0.041,1,0
20,20,KNN,auto,17,uncalibrated,0.036,0,0
20,20,KNN,auto,17,uncalibrated,0.0366,0,0
20,20,KNN,auto,17,uncalibrated,0.037,0,0
20,20,KNN,auto,17,uncalibrated,0.0374,0,0
20,20,KNN,auto,17,uncalibrated,0.0378,0.062403054528099,0.0286490852547328
20,20,KNN,auto,17,uncalibrated,0.0382,0.771117647058823,0.0858235294117647
20,20,KNN,auto,17,uncalibrated,0.0386,0.998045953776689,0.00195404622330035
20,20,KNN,auto,17,uncalibrated,0.039,1,0
20,20,KNN,auto,17,uncalibrated,0.0394,1,0
20,20,KNN,auto,17,uncalibrated,0.0398,1,0
20,20,KNN,auto,17,uncalibrated,0.0402,1,0
20,20,KNN,auto,17,uncalibrated,0.041,1,0
20,20,KNN,auto,19,uncalibrated,0.036,0,0
20,20,KNN,auto,19,uncalibrated,0.0366,0,0
20,20,KNN,auto,19,uncalibrated,0.037,0,0
20,20,KNN,auto,19,uncalibrated,0.0374,0,0
20,20,KNN,auto,19,uncalibrated,0.0378,0.0630938400768656,0.0287996513370887
20,20,KNN,auto,19,uncalibrated,0.0382,0.773,0.0851052631578948
20,20,KNN,auto,19,uncalibrated,0.0386,0.998131066497892,0.00186893350214028
20,20,KNN,auto,19,uncalibrated,0.039,1,0
20,20,KNN,auto,19,uncalibrated,0.0394,1,0
20,20,KNN,auto,19,uncalibrated,0.0398,1,0
20,20,KNN,auto,19,uncalibrated,0.0402,1,0
20,20,KNN,auto,19,uncalibrated,0.041,1,0
20,20,KNN,auto,21,uncalibrated,0.036,0,0
20,20,KNN,auto,21,uncalibrated,0.0366,0,0
20,20,KNN,auto,21,uncalibrated,0.037,0,0
20,20,KNN,auto,21,uncalibrated,0.0374,0,0
20,20,KNN,auto,21,uncalibrated,0.0378,0.0639428185067128,0.0289618055395871
20,20,KNN,auto,21,uncalibrated,0.0382,0.774285714285714,0.0849523809523809
20,20,KNN,auto,21,uncalibrated,0.0386,0.998199967272154,0.00180003272786774
20,20,KNN,auto,21,uncalibrated,0.039,1,0
20,20,KNN,auto,21,uncalibrated,0.0394,1,0
20,20,KNN,auto,21,uncalibrated,0.0398,1,0
20,20,KNN,auto,21,uncalibrated,0.0402,1,0
20,20,KNN,auto,21,uncalibrated,0.041,1,0
20,20,KNN,auto,23,uncalibrated,0.036,0,0
20,20,KNN,auto,23,uncalibrated,0.0366,0,0
20,20,KNN,auto,23,uncalibrated,0.037,0,0
20,20,KNN,auto,23,uncalibrated,0.0374,0,0
20,20,KNN,auto,23,uncalibrated,0.0378,0.0645118617162007,0.0292446006932722
20,20,KNN,auto,23,uncalibrated,0.0382,0.775652173913043,0.0841994212158331
20,20,KNN,auto,23,uncalibrated,0.0386,0.998207082026008,0.0017929179740027
20,20,KNN,auto,23,uncalibrated,0.039,1,0
20,20,KNN,auto,23,uncalibrated,0.0394,1,0
20,20,KNN,auto,23,uncalibrated,0.0398,1,0
20,20,KNN,auto,23,uncalibrated,0.0402,1,0
20,20,KNN,auto,23,uncalibrated,0.041,1,0
20,20,KNN,auto,25,uncalibrated,0.036,0,0
20,20,KNN,auto,25,uncalibrated,0.0366,0,0
20,20,KNN,auto,25,uncalibrated,0.037,0,0
20,20,KNN,auto,25,uncalibrated,0.0374,0,0
20,20,KNN,auto,25,uncalibrated,0.0378,0.0653549695740367,0.0294083512043082
20,20,KNN,auto,25,uncalibrated,0.0382,0.7768,0.0837677296656256
20,20,KNN,auto,25,uncalibrated,0.0386,0.998258877434135,0.00174112256586481
20,20,KNN,auto,25,uncalibrated,0.039,1,0
20,20,KNN,auto,25,uncalibrated,0.0394,1,0
20,20,KNN,auto,25,uncalibrated,0.0398,1,0
20,20,KNN,auto,25,uncalibrated,0.0402,1,0
20,20,KNN,auto,25,uncalibrated,0.041,1,0
20,20,KNN,auto,27,uncalibrated,0.036,0,0
20,20,KNN,auto,27,uncalibrated,0.0366,0,0
20,20,KNN,auto,27,uncalibrated,0.037,0,0
20,20,KNN,auto,27,uncalibrated,0.0374,0,0
20,20,KNN,auto,27,uncalibrated,0.0378,0.0659604838103824,0.0295217233311742
20,20,KNN,auto,27,uncalibrated,0.0382,0.778222222222222,0.0833098348213503
20,20,KNN,auto,27,uncalibrated,0.0386,0.998260574434687,0.00173942556531324
20,20,KNN,auto,27,uncalibrated,0.039,1,0
20,20,KNN,auto,27,uncalibrated,0.0394,1,0
20,20,KNN,auto,27,uncalibrated,0.0398,1,0
20,20,KNN,auto,27,uncalibrated,0.0402,1,0
20,20,KNN,auto,27,uncalibrated,0.041,1,0
20,20,KNN,auto,29,uncalibrated,0.036,0,0
20,20,KNN,auto,29,uncalibrated,0.0366,0,0
20,20,KNN,auto,29,uncalibrated,0.037,0,0
20,20,KNN,auto,29,uncalibrated,0.0374,0,0
20,20,KNN,auto,29,uncalibrated,0.0378,0.0662726446107577,0.0296474659591289
20,20,KNN,auto,29,uncalibrated,0.0382,0.779689655172414,0.0827955736465289
20,20,KNN,auto,29,uncalibrated,0.0386,0.998222538215418,0.00177746178457163
20,20,KNN,auto,29,uncalibrated,0.039,1,0
20,20,KNN,auto,29,uncalibrated,0.0394,1,0
20,20,KNN,auto,29,uncalibrated,0.0398,1,0
20,20,KNN,auto,29,uncalibrated,0.0402,1,0
20,20,KNN,auto,29,uncalibrated,0.041,1,0
20,20,KNN,auto,31,uncalibrated,0.036,0,0
20,20,KNN,auto,31,uncalibrated,0.0366,0,0
20,20,KNN,auto,31,uncalibrated,0.037,0,0
20,20,KNN,auto,31,uncalibrated,0.0374,0,0
20,20,KNN,auto,31,uncalibrated,0.0378,0.0667735392265914,0.0297613015234835
20,20,KNN,auto,31,uncalibrated,0.0382,0.780483870967742,0.0825035321246429
20,20,KNN,auto,31,uncalibrated,0.0386,0.99822636071389,0.00177363928611015
20,20,KNN,auto,31,uncalibrated,0.039,1,0
20,20,KNN,auto,31,uncalibrated,0.0394,1,0
20,20,KNN,auto,31,uncalibrated,0.0398,1,0
20,20,KNN,auto,31,uncalibrated,0.0402,1,0
20,20,KNN,auto,31,uncalibrated,0.041,1,0
20,20,KNN,auto,33,uncalibrated,0.036,0,0
20,20,KNN,auto,33,uncalibrated,0.0366,0,0
20,20,KNN,auto,33,uncalibrated,0.037,0,0
20,20,KNN,auto,33,uncalibrated,0.0374,0,0
20,20,KNN,auto,33,uncalibrated,0.0378,0.0673366525293505,0.0299461674939896
20,20,KNN,auto,33,uncalibrated,0.0382,0.781484848484848,0.0822101255589227
20,20,KNN,auto,33,uncalibrated,0.0386,0.998229719879205,0.00177028012079553
20,20,KNN,auto,33,uncalibrated,0.039,1,0
20,20,KNN,auto,33,uncalibrated,0.0394,1,0
20,20,KNN,auto,33,uncalibrated,0.0398,1,0
20,20,KNN,auto,33,uncalibrated,0.0402,1,0
20,20,KNN,auto,33,uncalibrated,0.041,1,0
20,20,KNN,auto,35,uncalibrated,0.036,0,0
20,20,KNN,auto,35,uncalibrated,0.0366,0,0
20,20,KNN,auto,35,uncalibrated,0.037,0,0
20,20,KNN,auto,35,uncalibrated,0.0374,0,0
20,20,KNN,auto,35,uncalibrated,0.0378,0.0678354100260794,0.0300922436739302
20,20,KNN,auto,35,uncalibrated,0.0382,0.782428571428571,0.0820397431479544
20,20,KNN,auto,35,uncalibrated,0.0386,0.998265423007691,0.00173457699230898
20,20,KNN,auto,35,uncalibrated,0.039,1,0
20,20,KNN,auto,35,uncalibrated,0.0394,1,0
20,20,KNN,auto,35,uncalibrated,0.0398,1,0
20,20,KNN,auto,35,uncalibrated,0.0402,1,0
20,20,KNN,auto,35,uncalibrated,0.041,1,0
20,20,KNN,auto,37,uncalibrated,0.036,0,0
20,20,KNN,auto,37,uncalibrated,0.0366,0,0
20,20,KNN,auto,37,uncalibrated,0.037,0,0
20,20,KNN,auto,37,uncalibrated,0.0374,0,0
20,20,KNN,auto,37,uncalibrated,0.0378,0.0680883723480072,0.0301221112463504
20,20,KNN,auto,37,uncalibrated,0.0382,0.783081081081081,0.0818815680466635
20,20,KNN,auto,37,uncalibrated,0.0386,0.998297266338514,0.00170273366149649
20,20,KNN,auto,37,uncalibrated,0.039,1,0
20,20,KNN,auto,37,uncalibrated,0.0394,1,0
20,20,KNN,auto,37,uncalibrated,0.0398,1,0
20,20,KNN,auto,37,uncalibrated,0.0402,1,0
20,20,KNN,auto,37,uncalibrated,0.041,1,0
20,20,KNN,auto,39,uncalibrated,0.036,0,0
20,20,KNN,auto,39,uncalibrated,0.0366,0,0
20,20,KNN,auto,39,uncalibrated,0.037,0,0
20,20,KNN,auto,39,uncalibrated,0.0374,0,0
20,20,KNN,auto,39,uncalibrated,0.0378,0.0684974254953976,0.0302490926116763
20,20,KNN,auto,39,uncalibrated,0.0382,0.784153846153847,0.0815393484873548
20,20,KNN,auto,39,uncalibrated,0.0386,0.99832584368669,0.0016741563133316
20,20,KNN,auto,39,uncalibrated,0.039,1,0
20,20,KNN,auto,39,uncalibrated,0.0394,1,0
20,20,KNN,auto,39,uncalibrated,0.0398,1,0
20,20,KNN,auto,39,uncalibrated,0.0402,1,0
20,20,KNN,auto,39,uncalibrated,0.041,1,0
20,20,KNN,auto,41,uncalibrated,0.036,0,0
20,20,KNN,auto,41,uncalibrated,0.0366,0,0
20,20,KNN,auto,41,uncalibrated,0.037,0,0
20,20,KNN,auto,41,uncalibrated,0.0374,0,0
20,20,KNN,auto,41,uncalibrated,0.0378,0.069138673131153,0.0303794551446788
20,20,KNN,auto,41,uncalibrated,0.0382,0.784878048780488,0.0812486629490805
20,20,KNN,auto,41,uncalibrated,0.0386,0.998351633000887,0.00164836699913392
20,20,KNN,auto,41,uncalibrated,0.039,1,0
20,20,KNN,auto,41,uncalibrated,0.0394,1,0
20,20,KNN,auto,41,uncalibrated,0.0398,1,0
20,20,KNN,auto,41,uncalibrated,0.0402,1,0
20,20,KNN,auto,41,uncalibrated,0.041,1,0
20,20,KNN,auto,43,uncalibrated,0.036,0,0
20,20,KNN,auto,43,uncalibrated,0.0366,0,0
20,20,KNN,auto,43,uncalibrated,0.037,0,0
20,20,KNN,auto,43,uncalibrated,0.0374,0,0
20,20,KNN,auto,43,uncalibrated,0.0378,0.0696023397330067,0.0304946202997948
20,20,KNN,auto,43,uncalibrated,0.0382,0.78560465116279,0.0810316870540934
20,20,KNN,auto,43,uncalibrated,0.0386,0.998375023309113,0.00162497669090816
20,20,KNN,auto,43,uncalibrated,0.039,1,0
20,20,KNN,auto,43,uncalibrated,0.0394,1,0
20,20,KNN,auto,43,uncalibrated,0.0398,1,0
20,20,KNN,auto,43,uncalibrated,0.0402,1,0
20,20,KNN,auto,43,uncalibrated,0.041,1,0
20,20,KNN,auto,45,uncalibrated,0.036,0,0
20,20,KNN,auto,45,uncalibrated,0.0366,0,0
20,20,KNN,auto,45,uncalibrated,0.037,0,0
20,20,KNN,auto,45,uncalibrated,0.0374,0,0
20,20,KNN,auto,45,uncalibrated,0.0378,0.0700022537750735,0.0305785662133304
20,20,KNN,auto,45,uncalibrated,0.0382,0.786355555555556,0.0809328533351642
20,20,KNN,auto,45,uncalibrated,0.0386,0.998396334478787,0.00160366552119125
20,20,KNN,auto,45,uncalibrated,0.039,1,0
20,20,KNN,auto,45,uncalibrated,0.0394,1,0
20,20,KNN,auto,45,uncalibrated,0.0398,1,0
20,20,KNN,auto,45,uncalibrated,0.0402,1,0
20,20,KNN,auto,45,uncalibrated,0.041,1,0
20,20,KNN,auto,47,uncalibrated,0.036,0,0
20,20,KNN,auto,47,uncalibrated,0.0366,0,0
20,20,KNN,auto,47,uncalibrated,0.037,0,0
20,20,KNN,auto,47,uncalibrated,0.0374,0,0
20,20,KNN,auto,47,uncalibrated,0.0378,0.070303396486988,0.0306678930352328
20,20,KNN,auto,47,uncalibrated,0.0382,0.786978723404255,0.0808634182423583
20,20,KNN,auto,47,uncalibrated,0.0386,0.998415831931943,0.00158416806804603
20,20,KNN,auto,47,uncalibrated,0.039,1,0
20,20,KNN,auto,47,uncalibrated,0.0394,1,0
20,20,KNN,auto,47,uncalibrated,0.0398,1,0
20,20,KNN,auto,47,uncalibrated,0.0402,1,0
20,20,KNN,auto,47,uncalibrated,0.041,1,0
20,20,KNN,auto,49,uncalibrated,0.036,0,0
20,20,KNN,auto,49,uncalibrated,0.0366,0,0
20,20,KNN,auto,49,uncalibrated,0.037,0,0
20,20,KNN,auto,49,uncalibrated,0.0374,0,0
20,20,KNN,auto,49,uncalibrated,0.0378,0.070559258186033,0.0306821264973162
20,20,KNN,auto,49,uncalibrated,0.0382,0.787551020408163,0.0806337007526671
20,20,KNN,auto,49,uncalibrated,0.0386,0.998410360707868,0.00158963929214298
20,20,KNN,auto,49,uncalibrated,0.039,1,0
20,20,KNN,auto,49,uncalibrated,0.0394,1,0
20,20,KNN,auto,49,uncalibrated,0.0398,1,0
20,20,KNN,auto,49,uncalibrated,0.0402,1,0
20,20,KNN,auto,49,uncalibrated,0.041,1,0
20,20,KNN,auto,51,uncalibrated,0.036,0,0
20,20,KNN,auto,51,uncalibrated,0.0366,0,0
20,20,KNN,auto,51,uncalibrated,0.037,0,0
20,20,KNN,auto,51,uncalibrated,0.0374,0,0
20,20,KNN,auto,51,uncalibrated,0.0378,0.0709342560553633,0.030761929538388
20,20,KNN,auto,51,uncalibrated,0.0382,0.788117647058823,0.0803672303138369
20,20,KNN,auto,51,uncalibrated,0.0386,0.998405318599354,0.00159468140062437
20,20,KNN,auto,51,uncalibrated,0.039,1,0
20,20,KNN,auto,51,uncalibrated,0.0394,1,0
20,20,KNN,auto,51,uncalibrated,0.0398,1,0
20,20,KNN,auto,51,uncalibrated,0.0402,1,0
20,20,KNN,auto,51,uncalibrated,0.041,1,0
20,20,KNN,auto,61,uncalibrated,0.036,0,0
20,20,KNN,auto,61,uncalibrated,0.0366,0,0
20,20,KNN,auto,61,uncalibrated,0.037,0,0
20,20,KNN,auto,61,uncalibrated,0.0374,0,0
20,20,KNN,auto,61,uncalibrated,0.0378,0.0724071426196253,0.031024513715446
20,20,KNN,auto,61,uncalibrated,0.0382,0.790639344262295,0.0796556882220548
20,20,KNN,auto,61,uncalibrated,0.0386,0.998385067507923,0.0016149324920661
20,20,KNN,auto,61,uncalibrated,0.039,1,0
20,20,KNN,auto,61,uncalibrated,0.0394,1,0
20,20,KNN,auto,61,uncalibrated,0.0398,1,0
20,20,KNN,auto,61,uncalibrated,0.0402,1,0
20,20,KNN,auto,61,uncalibrated,0.041,1,0
20,20,KNN,auto,81,uncalibrated,0.036,0,0
20,20,KNN,auto,81,uncalibrated,0.0366,0,0
20,20,KNN,auto,81,uncalibrated,0.037,0,0
20,20,KNN,auto,81,uncalibrated,0.0374,0,0
20,20,KNN,auto,81,uncalibrated,0.0378,0.0746500388150152,0.0314174410996656
20,20,KNN,auto,81,uncalibrated,0.0382,0.794777777777778,0.0785031052889575
20,20,KNN,auto,81,uncalibrated,0.0386,0.998430274489829,0.00156972551016089
20,20,KNN,auto,81,uncalibrated,0.039,1,0
20,20,KNN,auto,81,uncalibrated,0.0394,1,0
20,20,KNN,auto,81,uncalibrated,0.0398,1,0
20,20,KNN,auto,81,uncalibrated,0.0402,1,0
20,20,KNN,auto,81,uncalibrated,0.041,1,0
20,20,KNN,auto,101,uncalibrated,0.036,0,0
20,20,KNN,auto,101,uncalibrated,0.0366,0,0
20,20,KNN,auto,101,uncalibrated,0.037,0,0
20,20,KNN,auto,101,uncalibrated,0.0374,0,0
20,20,KNN,auto,101,uncalibrated,0.0378,0.0767477356254895,0.0318920592983433
20,20,KNN,auto,101,uncalibrated,0.0382,0.798198019801981,0.0772952865155302
20,20,KNN,auto,101,uncalibrated,0.0386,0.998468919056822,0.00153108094314584
20,20,KNN,auto,101,uncalibrated,0.039,1,0
20,20,KNN,auto,101,uncalibrated,0.0394,1,0
20,20,KNN,auto,101,uncalibrated,0.0398,1,0
20,20,KNN,auto,101,uncalibrated,0.0402,1,0
20,20,KNN,auto,101,uncalibrated,0.041,1,0
20,20,KNN,auto,151,uncalibrated,0.036,0,0
20,20,KNN,auto,151,uncalibrated,0.0366,0,0
20,20,KNN,auto,151,uncalibrated,0.037,0,0
20,20,KNN,auto,151,uncalibrated,0.0374,0,0
20,20,KNN,auto,151,uncalibrated,0.0378,0.0803500664938277,0.0325506211658954
20,20,KNN,auto,151,uncalibrated,0.0382,0.804112582781457,0.0754441468342743
20,20,KNN,auto,151,uncalibrated,0.0386,0.998535915583743,0.00146408441622476
20,20,KNN,auto,151,uncalibrated,0.039,1,0
20,20,KNN,auto,151,uncalibrated,0.0394,1,0
20,20,KNN,auto,151,uncalibrated,0.0398,1,0
20,20,KNN,auto,151,uncalibrated,0.0402,1,0
20,20,KNN,auto,151,uncalibrated,0.041,1,0
20,20,KNN,auto,201,uncalibrated,0.036,0,0
20,20,KNN,auto,201,uncalibrated,0.0366,0,0
20,20,KNN,auto,201,uncalibrated,0.037,0,0
20,20,KNN,auto,201,uncalibrated,0.0374,0,0
20,20,KNN,auto,201,uncalibrated,0.0378,0.08308356796141,0.0329805961646815
20,20,KNN,auto,201,uncalibrated,0.0382,0.807378109452737,0.0744661798533309
20,20,KNN,auto,201,uncalibrated,0.0386,0.998575279387723,0.00142472061228786
20,20,KNN,auto,201,uncalibrated,0.039,1,0
20,20,KNN,auto,201,uncalibrated,0.0394,1,0
20,20,KNN,auto,201,uncalibrated,0.0398,1,0
20,20,KNN,auto,201,uncalibrated,0.0402,1,0
20,20,KNN,auto,201,uncalibrated,0.041,1,0
20,20,KNN,kd_tree,1,uncalibrated,0.036,0,0
20,20,KNN,kd_tree,1,uncalibrated,0.0366,0,0
20,20,KNN,kd_tree,1,uncalibrated,0.037,0,0
20,20,KNN,kd_tree,1,uncalibrated,0.0374,0,0
20,20,KNN,kd_tree,1,uncalibrated,0.0378,0.0557809330628802,0.0270811965980095
20,20,KNN,kd_tree,1,uncalibrated,0.0382,0.751,0.093
20,20,KNN,kd_tree,1,uncalibrated,0.0386,0.99770904925542,0.00229095074455895
20,20,KNN,kd_tree,1,uncalibrated,0.039,1,0
20,20,KNN,kd_tree,1,uncalibrated,0.0394,1,0
20,20,KNN,kd_tree,1,uncalibrated,0.0398,1,0
20,20,KNN,kd_tree,1,uncalibrated,0.0402,1,0
20,20,KNN,kd_tree,1,uncalibrated,0.041,1,0
20,20,KNN,kd_tree,3,uncalibrated,0.036,0,0
20,20,KNN,kd_tree,3,uncalibrated,0.0366,0,0
20,20,KNN,kd_tree,3,uncalibrated,0.037,0,0
20,20,KNN,kd_tree,3,uncalibrated,0.0374,0,0
20,20,KNN,kd_tree,3,uncalibrated,0.0378,0.0574712643678162,0.0274695739845042
20,20,KNN,kd_tree,3,uncalibrated,0.0382,0.759,0.089
20,20,KNN,kd_tree,3,uncalibrated,0.0386,0.99770904925542,0.00229095074455895
20,20,KNN,kd_tree,3,uncalibrated,0.039,1,0
20,20,KNN,kd_tree,3,uncalibrated,0.0394,1,0
20,20,KNN,kd_tree,3,uncalibrated,0.0398,1,0
20,20,KNN,kd_tree,3,uncalibrated,0.0402,1,0
20,20,KNN,kd_tree,3,uncalibrated,0.041,1,0
20,20,KNN,kd_tree,5,uncalibrated,0.036,0,0
20,20,KNN,kd_tree,5,uncalibrated,0.0366,0,0
20,20,KNN,kd_tree,5,uncalibrated,0.037,0,0
20,20,KNN,kd_tree,5,uncalibrated,0.0374,0,0
20,20,KNN,kd_tree,5,uncalibrated,0.0378,0.0572008113590263,0.0271373518001899
20,20,KNN,kd_tree,5,uncalibrated,0.0382,0.76,0.0892000000000001
20,20,KNN,kd_tree,5,uncalibrated,0.0386,0.99770904925542,0.00229095074455895
20,20,KNN,kd_tree,5,uncalibrated,0.039,1,0
20,20,KNN,kd_tree,5,uncalibrated,0.0394,1,0
20,20,KNN,kd_tree,5,uncalibrated,0.0398,1,0
20,20,KNN,kd_tree,5,uncalibrated,0.0402,1,0
20,20,KNN,kd_tree,5,uncalibrated,0.041,1,0
20,20,KNN,kd_tree,7,uncalibrated,0.036,0,0
20,20,KNN,kd_tree,7,uncalibrated,0.0366,0,0
20,20,KNN,kd_tree,7,uncalibrated,0.037,0,0
20,20,KNN,kd_tree,7,uncalibrated,0.0374,0,0
20,20,KNN,kd_tree,7,uncalibrated,0.0378,0.0588235294117647,0.0277699700559384
20,20,KNN,kd_tree,7,uncalibrated,0.0382,0.761714285714286,0.0888571428571429
20,20,KNN,kd_tree,7,uncalibrated,0.0386,0.998036327933224,0.00196367206676495
20,20,KNN,kd_tree,7,uncalibrated,0.039,1,0
20,20,KNN,kd_tree,7,uncalibrated,0.0394,1,0
20,20,KNN,kd_tree,7,uncalibrated,0.0398,1,0
20,20,KNN,kd_tree,7,uncalibrated,0.0402,1,0
20,20,KNN,kd_tree,7,uncalibrated,0.041,1,0
20,20,KNN,kd_tree,9,uncalibrated,0.036,0,0
20,20,KNN,kd_tree,9,uncalibrated,0.0366,0,0
20,20,KNN,kd_tree,9,uncalibrated,0.037,0,0
20,20,KNN,kd_tree,9,uncalibrated,0.0374,0,0
20,20,KNN,kd_tree,9,uncalibrated,0.0378,0.0596123506874014,0.0281147148702622
20,20,KNN,kd_tree,9,uncalibrated,0.0382,0.763111111111111,0.0886666666666668
20,20,KNN,kd_tree,9,uncalibrated,0.0386,0.998090874379513,0.00190912562046592
20,20,KNN,kd_tree,9,uncalibrated,0.039,1,0
20,20,KNN,kd_tree,9,uncalibrated,0.0394,1,0
20,20,KNN,kd_tree,9,uncalibrated,0.0398,1,0
20,20,KNN,kd_tree,9,uncalibrated,0.0402,1,0
20,20,KNN,kd_tree,9,uncalibrated,0.041,1,0
20,20,KNN,kd_tree,11,uncalibrated,0.036,0,0
20,20,KNN,kd_tree,11,uncalibrated,0.0366,0,0
20,20,KNN,kd_tree,11,uncalibrated,0.037,0,0
20,20,KNN,kd_tree,11,uncalibrated,0.0374,0,0
20,20,KNN,kd_tree,11,uncalibrated,0.0378,0.059745528305366,0.0281515947022434
20,20,KNN,kd_tree,11,uncalibrated,0.0382,0.764636363636364,0.0882727272727273
20,20,KNN,kd_tree,11,uncalibrated,0.0386,0.998021451629731,0.001978548370301
20,20,KNN,kd_tree,11,uncalibrated,0.039,1,0
20,20,KNN,kd_tree,11,uncalibrated,0.0394,1,0
20,20,KNN,kd_tree,11,uncalibrated,0.0398,1,0
20,20,KNN,kd_tree,11,uncalibrated,0.0402,1,0
20,20,KNN,kd_tree,11,uncalibrated,0.041,1,0
20,20,KNN,kd_tree,13,uncalibrated,0.036,0,0
20,20,KNN,kd_tree,13,uncalibrated,0.0366,0,0
20,20,KNN,kd_tree,13,uncalibrated,0.037,0,0
20,20,KNN,kd_tree,13,uncalibrated,0.0374,0,0
20,20,KNN,kd_tree,13,uncalibrated,0.0378,0.0605398658136996,0.0283325636230373
20,20,KNN,kd_tree,13,uncalibrated,0.0382,0.766538461538461,0.0874615384615384
20,20,KNN,kd_tree,13,uncalibrated,0.0386,0.998061503216142,0.00193849678385753
20,20,KNN,kd_tree,13,uncalibrated,0.039,1,0
20,20,KNN,kd_tree,13,uncalibrated,0.0394,1,0
20,20,KNN,kd_tree,13,uncalibrated,0.0398,1,0
20,20,KNN,kd_tree,13,uncalibrated,0.0402,1,0
20,20,KNN,kd_tree,13,uncalibrated,0.041,1,0
20,20,KNN,kd_tree,15,uncalibrated,0.036,0,0
20,20,KNN,kd_tree,15,uncalibrated,0.0366,0,0
20,20,KNN,kd_tree,15,uncalibrated,0.037,0,0
20,20,KNN,kd_tree,15,uncalibrated,0.0374,0,0
20,20,KNN,kd_tree,15,uncalibrated,0.0378,0.0614604462474644,0.0283984815042845
20,20,KNN,kd_tree,15,uncalibrated,0.0382,0.769266666666667,0.0863333333333333
20,20,KNN,kd_tree,15,uncalibrated,0.0386,0.998090874379513,0.00190912562046592
20,20,KNN,kd_tree,15,uncalibrated,0.039,1,0
20,20,KNN,kd_tree,15,uncalibrated,0.0394,1,0
20,20,KNN,kd_tree,15,uncalibrated,0.0398,1,0
20,20,KNN,kd_tree,15,uncalibrated,0.0402,1,0
20,20,KNN,kd_tree,15,uncalibrated,0.041,1,0
20,20,KNN,kd_tree,17,uncalibrated,0.036,0,0
20,20,KNN,kd_tree,17,uncalibrated,0.0366,0,0
20,20,KNN,kd_tree,17,uncalibrated,0.037,0,0
20,20,KNN,kd_tree,17,uncalibrated,0.0374,0,0
20,20,KNN,kd_tree,17,uncalibrated,0.0378,0.062403054528099,0.0286490852547328
20,20,KNN,kd_tree,17,uncalibrated,0.0382,0.771117647058823,0.0858235294117647
20,20,KNN,kd_tree,17,uncalibrated,0.0386,0.998045953776689,0.00195404622330035
20,20,KNN,kd_tree,17,uncalibrated,0.039,1,0
20,20,KNN,kd_tree,17,uncalibrated,0.0394,1,0
20,20,KNN,kd_tree,17,uncalibrated,0.0398,1,0
20,20,KNN,kd_tree,17,uncalibrated,0.0402,1,0
20,20,KNN,kd_tree,17,uncalibrated,0.041,1,0
20,20,KNN,kd_tree,19,uncalibrated,0.036,0,0
20,20,KNN,kd_tree,19,uncalibrated,0.0366,0,0
20,20,KNN,kd_tree,19,uncalibrated,0.037,0,0
20,20,KNN,kd_tree,19,uncalibrated,0.0374,0,0
20,20,KNN,kd_tree,19,uncalibrated,0.0378,0.0630938400768656,0.0287996513370887
20,20,KNN,kd_tree,19,uncalibrated,0.0382,0.773,0.0851052631578948
20,20,KNN,kd_tree,19,uncalibrated,0.0386,0.998131066497892,0.00186893350214028
20,20,KNN,kd_tree,19,uncalibrated,0.039,1,0
20,20,KNN,kd_tree,19,uncalibrated,0.0394,1,0
20,20,KNN,kd_tree,19,uncalibrated,0.0398,1,0
20,20,KNN,kd_tree,19,uncalibrated,0.0402,1,0
20,20,KNN,kd_tree,19,uncalibrated,0.041,1,0
20,20,KNN,kd_tree,21,uncalibrated,0.036,0,0
20,20,KNN,kd_tree,21,uncalibrated,0.0366,0,0
20,20,KNN,kd_tree,21,uncalibrated,0.037,0,0
20,20,KNN,kd_tree,21,uncalibrated,0.0374,0,0
20,20,KNN,kd_tree,21,uncalibrated,0.0378,0.0639428185067128,0.0289618055395871
20,20,KNN,kd_tree,21,uncalibrated,0.0382,0.774285714285714,0.0849523809523809
20,20,KNN,kd_tree,21,uncalibrated,0.0386,0.998199967272154,0.00180003272786774
20,20,KNN,kd_tree,21,uncalibrated,0.039,1,0
20,20,KNN,kd_tree,21,uncalibrated,0.0394,1,0
20,20,KNN,kd_tree,21,uncalibrated,0.0398,1,0
20,20,KNN,kd_tree,21,uncalibrated,0.0402,1,0
20,20,KNN,kd_tree,21,uncalibrated,0.041,1,0
20,20,KNN,kd_tree,23,uncalibrated,0.036,0,0
20,20,KNN,kd_tree,23,uncalibrated,0.0366,0,0
20,20,KNN,kd_tree,23,uncalibrated,0.037,0,0
20,20,KNN,kd_tree,23,uncalibrated,0.0374,0,0
20,20,KNN,kd_tree,23,uncalibrated,0.0378,0.0645118617162007,0.0292446006932722
20,20,KNN,kd_tree,23,uncalibrated,0.0382,0.775652173913043,0.0841994212158331
20,20,KNN,kd_tree,23,uncalibrated,0.0386,0.998207082026008,0.0017929179740027
20,20,KNN,kd_tree,23,uncalibrated,0.039,1,0
20,20,KNN,kd_tree,23,uncalibrated,0.0394,1,0
20,20,KNN,kd_tree,23,uncalibrated,0.0398,1,0
20,20,KNN,kd_tree,23,uncalibrated,0.0402,1,0
20,20,KNN,kd_tree,23,uncalibrated,0.041,1,0
20,20,KNN,kd_tree,25,uncalibrated,0.036,0,0
20,20,KNN,kd_tree,25,uncalibrated,0.0366,0,0
20,20,KNN,kd_tree,25,uncalibrated,0.037,0,0
20,20,KNN,kd_tree,25,uncalibrated,0.0374,0,0
20,20,KNN,kd_tree,25,uncalibrated,0.0378,0.0653549695740367,0.0294083512043082
20,20,KNN,kd_tree,25,uncalibrated,0.0382,0.7768,0.0837677296656256
20,20,KNN,kd_tree,25,uncalibrated,0.0386,0.998258877434135,0.00174112256586481
20,20,KNN,kd_tree,25,uncalibrated,0.039,1,0
20,20,KNN,kd_tree,25,uncalibrated,0.0394,1,0
20,20,KNN,kd_tree,25,uncalibrated,0.0398,1,0
20,20,KNN,kd_tree,25,uncalibrated,0.0402,1,0
20,20,KNN,kd_tree,25,uncalibrated,0.041,1,0
20,20,KNN,kd_tree,27,uncalibrated,0.036,0,0
20,20,KNN,kd_tree,27,uncalibrated,0.0366,0,0
20,20,KNN,kd_tree,27,uncalibrated,0.037,0,0
20,20,KNN,kd_tree,27,uncalibrated,0.0374,0,0
20,20,KNN,kd_tree,27,uncalibrated,0.0378,0.0659604838103824,0.0295217233311742
20,20,KNN,kd_tree,27,uncalibrated,0.0382,0.778222222222222,0.0833098348213503
20,20,KNN,kd_tree,27,uncalibrated,0.0386,0.998260574434687,0.00173942556531324
20,20,KNN,kd_tree,27,uncalibrated,0.039,1,0
20,20,KNN,kd_tree,27,uncalibrated,0.0394,1,0
20,20,KNN,kd_tree,27,uncalibrated,0.0398,1,0
20,20,KNN,kd_tree,27,uncalibrated,0.0402,1,0
20,20,KNN,kd_tree,27,uncalibrated,0.041,1,0
20,20,KNN,kd_tree,29,uncalibrated,0.036,0,0
20,20,KNN,kd_tree,29,uncalibrated,0.0366,0,0
20,20,KNN,kd_tree,29,uncalibrated,0.037,0,0
20,20,KNN,kd_tree,29,uncalibrated,0.0374,0,0
20,20,KNN,kd_tree,29,uncalibrated,0.0378,0.0662726446107577,0.0296474659591289
20,20,KNN,kd_tree,29,uncalibrated,0.0382,0.779689655172414,0.0827955736465289
20,20,KNN,kd_tree,29,uncalibrated,0.0386,0.998222538215418,0.00177746178457163
20,20,KNN,kd_tree,29,uncalibrated,0.039,1,0
20,20,KNN,kd_tree,29,uncalibrated,0.0394,1,0
20,20,KNN,kd_tree,29,uncalibrated,0.0398,1,0
20,20,KNN,kd_tree,29,uncalibrated,0.0402,1,0
20,20,KNN,kd_tree,29,uncalibrated,0.041,1,0
20,20,KNN,kd_tree,31,uncalibrated,0.036,0,0
20,20,KNN,kd_tree,31,uncalibrated,0.0366,0,0
20,20,KNN,kd_tree,31,uncalibrated,0.037,0,0
20,20,KNN,kd_tree,31,uncalibrated,0.0374,0,0
20,20,KNN,kd_tree,31,uncalibrated,0.0378,0.0667735392265914,0.0297613015234835
20,20,KNN,kd_tree,31,uncalibrated,0.0382,0.780483870967742,0.0825035321246429
20,20,KNN,kd_tree,31,uncalibrated,0.0386,0.99822636071389,0.00177363928611015
20,20,KNN,kd_tree,31,uncalibrated,0.039,1,0
20,20,KNN,kd_tree,31,uncalibrated,0.0394,1,0
20,20,KNN,kd_tree,31,uncalibrated,0.0398,1,0
20,20,KNN,kd_tree,31,uncalibrated,0.0402,1,0
20,20,KNN,kd_tree,31,uncalibrated,0.041,1,0
20,20,KNN,kd_tree,33,uncalibrated,0.036,0,0
20,20,KNN,kd_tree,33,uncalibrated,0.0366,0,0
20,20,KNN,kd_tree,33,uncalibrated,0.037,0,0
20,20,KNN,kd_tree,33,uncalibrated,0.0374,0,0
20,20,KNN,kd_tree,33,uncalibrated,0.0378,0.0673366525293505,0.0299461674939896
20,20,KNN,kd_tree,33,uncalibrated,0.0382,0.781484848484848,0.0822101255589227
20,20,KNN,kd_tree,33,uncalibrated,0.0386,0.998229719879205,0.00177028012079553
20,20,KNN,kd_tree,33,uncalibrated,0.039,1,0
20,20,KNN,kd_tree,33,uncalibrated,0.0394,1,0
20,20,KNN,kd_tree,33,uncalibrated,0.0398,1,0
20,20,KNN,kd_tree,33,uncalibrated,0.0402,1,0
20,20,KNN,kd_tree,33,uncalibrated,0.041,1,0
20,20,KNN,kd_tree,35,uncalibrated,0.036,0,0
20,20,KNN,kd_tree,35,uncalibrated,0.0366,0,0
20,20,KNN,kd_tree,35,uncalibrated,0.037,0,0
20,20,KNN,kd_tree,35,uncalibrated,0.0374,0,0
20,20,KNN,kd_tree,35,uncalibrated,0.0378,0.0678354100260794,0.0300922436739302
20,20,KNN,kd_tree,35,uncalibrated,0.0382,0.782428571428571,0.0820397431479544
20,20,KNN,kd_tree,35,uncalibrated,0.0386,0.998265423007691,0.00173457699230898
20,20,KNN,kd_tree,35,uncalibrated,0.039,1,0
20,20,KNN,kd_tree,35,uncalibrated,0.0394,1,0
20,20,KNN,kd_tree,35,uncalibrated,0.0398,1,0
20,20,KNN,kd_tree,35,uncalibrated,0.0402,1,0
20,20,KNN,kd_tree,35,uncalibrated,0.041,1,0
20,20,KNN,kd_tree,37,uncalibrated,0.036,0,0
20,20,KNN,kd_tree,37,uncalibrated,0.0366,0,0
20,20,KNN,kd_tree,37,uncalibrated,0.037,0,0
20,20,KNN,kd_tree,37,uncalibrated,0.0374,0,0
20,20,KNN,kd_tree,37,uncalibrated,0.0378,0.0680883723480072,0.0301221112463504
20,20,KNN,kd_tree,37,uncalibrated,0.0382,0.783081081081081,0.0818815680466635
20,20,KNN,kd_tree,37,uncalibrated,0.0386,0.998297266338514,0.00170273366149649
20,20,KNN,kd_tree,37,uncalibrated,0.039,1,0
20,20,KNN,kd_tree,37,uncalibrated,0.0394,1,0
20,20,KNN,kd_tree,37,uncalibrated,0.0398,1,0
20,20,KNN,kd_tree,37,uncalibrated,0.0402,1,0
20,20,KNN,kd_tree,37,uncalibrated,0.041,1,0
20,20,KNN,kd_tree,39,uncalibrated,0.036,0,0
20,20,KNN,kd_tree,39,uncalibrated,0.0366,0,0
20,20,KNN,kd_tree,39,uncalibrated,0.037,0,0
20,20,KNN,kd_tree,39,uncalibrated,0.0374,0,0
20,20,KNN,kd_tree,39,uncalibrated,0.0378,0.0684974254953976,0.0302490926116763
20,20,KNN,kd_tree,39,uncalibrated,0.0382,0.784153846153847,0.0815393484873548
20,20,KNN,kd_tree,39,uncalibrated,0.0386,0.99832584368669,0.0016741563133316
20,20,KNN,kd_tree,39,uncalibrated,0.039,1,0
20,20,KNN,kd_tree,39,uncalibrated,0.0394,1,0
20,20,KNN,kd_tree,39,uncalibrated,0.0398,1,0
20,20,KNN,kd_tree,39,uncalibrated,0.0402,1,0
20,20,KNN,kd_tree,39,uncalibrated,0.041,1,0
20,20,KNN,kd_tree,41,uncalibrated,0.036,0,0
20,20,KNN,kd_tree,41,uncalibrated,0.0366,0,0
20,20,KNN,kd_tree,41,uncalibrated,0.037,0,0
20,20,KNN,kd_tree,41,uncalibrated,0.0374,0,0
20,20,KNN,kd_tree,41,uncalibrated,0.0378,0.069138673131153,0.0303794551446788
20,20,KNN,kd_tree,41,uncalibrated,0.0382,0.784878048780488,0.0812486629490805
20,20,KNN,kd_tree,41,uncalibrated,0.0386,0.998351633000887,0.00164836699913392
20,20,KNN,kd_tree,41,uncalibrated,0.039,1,0
20,20,KNN,kd_tree,41,uncalibrated,0.0394,1,0
20,20,KNN,kd_tree,41,uncalibrated,0.0398,1,0
20,20,KNN,kd_tree,41,uncalibrated,0.0402,1,0
20,20,KNN,kd_tree,41,uncalibrated,0.041,1,0
20,20,KNN,kd_tree,43,uncalibrated,0.036,0,0
20,20,KNN,kd_tree,43,uncalibrated,0.0366,0,0
20,20,KNN,kd_tree,43,uncalibrated,0.037,0,0
20,20,KNN,kd_tree,43,uncalibrated,0.0374,0,0
20,20,KNN,kd_tree,43,uncalibrated,0.0378,0.0696023397330067,0.0304946202997948
20,20,KNN,kd_tree,43,uncalibrated,0.0382,0.78560465116279,0.0810316870540934
20,20,KNN,kd_tree,43,uncalibrated,0.0386,0.998375023309113,0.00162497669090816
20,20,KNN,kd_tree,43,uncalibrated,0.039,1,0
20,20,KNN,kd_tree,43,uncalibrated,0.0394,1,0
20,20,KNN,kd_tree,43,uncalibrated,0.0398,1,0
20,20,KNN,kd_tree,43,uncalibrated,0.0402,1,0
20,20,KNN,kd_tree,43,uncalibrated,0.041,1,0
20,20,KNN,kd_tree,45,uncalibrated,0.036,0,0
20,20,KNN,kd_tree,45,uncalibrated,0.0366,0,0
20,20,KNN,kd_tree,45,uncalibrated,0.037,0,0
20,20,KNN,kd_tree,45,uncalibrated,0.0374,0,0
20,20,KNN,kd_tree,45,uncalibrated,0.0378,0.0700022537750735,0.0305785662133304
20,20,KNN,kd_tree,45,uncalibrated,0.0382,0.786355555555556,0.0809328533351642
20,20,KNN,kd_tree,45,uncalibrated,0.0386,0.998396334478787,0.00160366552119125
20,20,KNN,kd_tree,45,uncalibrated,0.039,1,0
20,20,KNN,kd_tree,45,uncalibrated,0.0394,1,0
20,20,KNN,kd_tree,45,uncalibrated,0.0398,1,0
20,20,KNN,kd_tree,45,uncalibrated,0.0402,1,0
20,20,KNN,kd_tree,45,uncalibrated,0.041,1,0
20,20,KNN,kd_tree,47,uncalibrated,0.036,0,0
20,20,KNN,kd_tree,47,uncalibrated,0.0366,0,0
20,20,KNN,kd_tree,47,uncalibrated,0.037,0,0
20,20,KNN,kd_tree,47,uncalibrated,0.0374,0,0
20,20,KNN,kd_tree,47,uncalibrated,0.0378,0.070303396486988,0.0306678930352328
20,20,KNN,kd_tree,47,uncalibrated,0.0382,0.786978723404255,0.0808634182423583
20,20,KNN,kd_tree,47,uncalibrated,0.0386,0.998415831931943,0.00158416806804603
20,20,KNN,kd_tree,47,uncalibrated,0.039,1,0
20,20,KNN,kd_tree,47,uncalibrated,0.0394,1,0
20,20,KNN,kd_tree,47,uncalibrated,0.0398,1,0
20,20,KNN,kd_tree,47,uncalibrated,0.0402,1,0
20,20,KNN,kd_tree,47,uncalibrated,0.041,1,0
20,20,KNN,kd_tree,49,uncalibrated,0.036,0,0
20,20,KNN,kd_tree,49,uncalibrated,0.0366,0,0
20,20,KNN,kd_tree,49,uncalibrated,0.037,0,0
20,20,KNN,kd_tree,49,uncalibrated,0.0374,0,0
20,20,KNN,kd_tree,49,uncalibrated,0.0378,0.070559258186033,0.0306821264973162
20,20,KNN,kd_tree,49,uncalibrated,0.0382,0.787551020408163,0.0806337007526671
20,20,KNN,kd_tree,49,uncalibrated,0.0386,0.998410360707868,0.00158963929214298
20,20,KNN,kd_tree,49,uncalibrated,0.039,1,0
20,20,KNN,kd_tree,49,uncalibrated,0.0394,1,0
20,20,KNN,kd_tree,49,uncalibrated,0.0398,1,0
20,20,KNN,kd_tree,49,uncalibrated,0.0402,1,0
20,20,KNN,kd_tree,49,uncalibrated,0.041,1,0
20,20,KNN,kd_tree,51,uncalibrated,0.036,0,0
20,20,KNN,kd_tree,51,uncalibrated,0.0366,0,0
20,20,KNN,kd_tree,51,uncalibrated,0.037,0,0
20,20,KNN,kd_tree,51,uncalibrated,0.0374,0,0
20,20,KNN,kd_tree,51,uncalibrated,0.0378,0.0709342560553633,0.030761929538388
20,20,KNN,kd_tree,51,uncalibrated,0.0382,0.788117647058823,0.0803672303138369
20,20,KNN,kd_tree,51,uncalibrated,0.0386,0.998405318599354,0.00159468140062437
20,20,KNN,kd_tree,51,uncalibrated,0.039,1,0
20,20,KNN,kd_tree,51,uncalibrated,0.0394,1,0
20,20,KNN,kd_tree,51,uncalibrated,0.0398,1,0
20,20,KNN,kd_tree,51,uncalibrated,0.0402,1,0
20,20,KNN,kd_tree,51,uncalibrated,0.041,1,0
20,20,KNN,kd_tree,61,uncalibrated,0.036,0,0
20,20,KNN,kd_tree,61,uncalibrated,0.0366,0,0
20,20,KNN,kd_tree,61,uncalibrated,0.037,0,0
20,20,KNN,kd_tree,61,uncalibrated,0.0374,0,0
20,20,KNN,kd_tree,61,uncalibrated,0.0378,0.0724071426196253,0.031024513715446
20,20,KNN,kd_tree,61,uncalibrated,0.0382,0.790639344262295,0.0796556882220548
20,20,KNN,kd_tree,61,uncalibrated,0.0386,0.998385067507923,0.0016149324920661
20,20,KNN,kd_tree,61,uncalibrated,0.039,1,0
20,20,KNN,kd_tree,61,uncalibrated,0.0394,1,0
20,20,KNN,kd_tree,61,uncalibrated,0.0398,1,0
20,20,KNN,kd_tree,61,uncalibrated,0.0402,1,0
20,20,KNN,kd_tree,61,uncalibrated,0.041,1,0
20,20,KNN,kd_tree,81,uncalibrated,0.036,0,0
20,20,KNN,kd_tree,81,uncalibrated,0.0366,0,0
20,20,KNN,kd_tree,81,uncalibrated,0.037,0,0
20,20,KNN,kd_tree,81,uncalibrated,0.0374,0,0
20,20,KNN,kd_tree,81,uncalibrated,0.0378,0.0746500388150152,0.0314174410996656
20,20,KNN,kd_tree,81,uncalibrated,0.0382,0.794777777777778,0.0785031052889575
20,20,KNN,kd_tree,81,uncalibrated,0.0386,0.998430274489829,0.00156972551016089
20,20,KNN,kd_tree,81,uncalibrated,0.039,1,0
20,20,KNN,kd_tree,81,uncalibrated,0.0394,1,0
20,20,KNN,kd_tree,81,uncalibrated,0.0398,1,0
20,20,KNN,kd_tree,81,uncalibrated,0.0402,1,0
20,20,KNN,kd_tree,81,uncalibrated,0.041,1,0
20,20,KNN,kd_tree,101,uncalibrated,0.036,0,0
20,20,KNN,kd_tree,101,uncalibrated,0.0366,0,0
20,20,KNN,kd_tree,101,uncalibrated,0.037,0,0
20,20,KNN,kd_tree,101,uncalibrated,0.0374,0,0
20,20,KNN,kd_tree,101,uncalibrated,0.0378,0.0767477356254895,0.0318920592983433
20,20,KNN,kd_tree,101,uncalibrated,0.0382,0.798198019801981,0.0772952865155302
20,20,KNN,kd_tree,101,uncalibrated,0.0386,0.998468919056822,0.00153108094314584
20,20,KNN,kd_tree,101,uncalibrated,0.039,1,0
20,20,KNN,kd_tree,101,uncalibrated,0.0394,1,0
20,20,KNN,kd_tree,101,uncalibrated,0.0398,1,0
20,20,KNN,kd_tree,101,uncalibrated,0.0402,1,0
20,20,KNN,kd_tree,101,uncalibrated,0.041,1,0
20,20,KNN,kd_tree,151,uncalibrated,0.036,0,0
20,20,KNN,kd_tree,151,uncalibrated,0.0366,0,0
20,20,KNN,kd_tree,151,uncalibrated,0.037,0,0
20,20,KNN,kd_tree,151,uncalibrated,0.0374,0,0
20,20,KNN,kd_tree,151,uncalibrated,0.0378,0.0803500664938277,0.0325506211658954
20,20,KNN,kd_tree,151,uncalibrated,0.0382,0.804112582781457,0.0754441468342743
20,20,KNN,kd_tree,151,uncalibrated,0.0386,0.998535915583743,0.00146408441622476
20,20,KNN,kd_tree,151,uncalibrated,0.039,1,0
20,20,KNN,kd_tree,151,uncalibrated,0.0394,1,0
20,20,KNN,kd_tree,151,uncalibrated,0.0398,1,0
20,20,KNN,kd_tree,151,uncalibrated,0.0402,1,0
20,20,KNN,kd_tree,151,uncalibrated,0.041,1,0
20,20,KNN,kd_tree,201,uncalibrated,0.036,0,0
20,20,KNN,kd_tree,201,uncalibrated,0.0366,0,0
20,20,KNN,kd_tree,201,uncalibrated,0.037,0,0
20,20,KNN,kd_tree,201,uncalibrated,0.0374,0,0
20,20,KNN,kd_tree,201,uncalibrated,0.0378,0.08308356796141,0.0329805961646815
20,20,KNN,kd_tree,201,uncalibrated,0.0382,0.807378109452737,0.0744661798533309
20,20,KNN,kd_tree,201,uncalibrated,0.0386,0.998575279387723,0.00142472061228786
20,20,KNN,kd_tree,201,uncalibrated,0.039,1,0
20,20,KNN,kd_tree,201,uncalibrated,0.0394,1,0
20,20,KNN,kd_tree,201,uncalibrated,0.0398,1,0
20,20,KNN,kd_tree,201,uncalibrated,0.0402,1,0
20,20,KNN,kd_tree,201,uncalibrated,0.041,1,0
20,20,KNN,ball_tree,1,uncalibrated,0.036,0,0
20,20,KNN,ball_tree,1,uncalibrated,0.0366,0,0
20,20,KNN,ball_tree,1,uncalibrated,0.037,0,0
20,20,KNN,ball_tree,1,uncalibrated,0.0374,0,0
20,20,KNN,ball_tree,1,uncalibrated,0.0378,0.0557809330628802,0.0270811965980095
20,20,KNN,ball_tree,1,uncalibrated,0.0382,0.751,0.093
20,20,KNN,ball_tree,1,uncalibrated,0.0386,0.99770904925542,0.00229095074455895
20,20,KNN,ball_tree,1,uncalibrated,0.039,1,0
20,20,KNN,ball_tree,1,uncalibrated,0.0394,1,0
20,20,KNN,ball_tree,1,uncalibrated,0.0398,1,0
20,20,KNN,ball_tree,1,uncalibrated,0.0402,1,0
20,20,KNN,ball_tree,1,uncalibrated,0.041,1,0
20,20,KNN,ball_tree,3,uncalibrated,0.036,0,0
20,20,KNN,ball_tree,3,uncalibrated,0.0366,0,0
20,20,KNN,ball_tree,3,uncalibrated,0.037,0,0
20,20,KNN,ball_tree,3,uncalibrated,0.0374,0,0
20,20,KNN,ball_tree,3,uncalibrated,0.0378,0.0574712643678162,0.0274695739845042
20,20,KNN,ball_tree,3,uncalibrated,0.0382,0.759,0.089
20,20,KNN,ball_tree,3,uncalibrated,0.0386,0.99770904925542,0.00229095074455895
20,20,KNN,ball_tree,3,uncalibrated,0.039,1,0
20,20,KNN,ball_tree,3,uncalibrated,0.0394,1,0
20,20,KNN,ball_tree,3,uncalibrated,0.0398,1,0
20,20,KNN,ball_tree,3,uncalibrated,0.0402,1,0
20,20,KNN,ball_tree,3,uncalibrated,0.041,1,0
20,20,KNN,ball_tree,5,uncalibrated,0.036,0,0
20,20,KNN,ball_tree,5,uncalibrated,0.0366,0,0
20,20,KNN,ball_tree,5,uncalibrated,0.037,0,0
20,20,KNN,ball_tree,5,uncalibrated,0.0374,0,0
20,20,KNN,ball_tree,5,uncalibrated,0.0378,0.0572008113590263,0.0271373518001899
20,20,KNN,ball_tree,5,uncalibrated,0.0382,0.76,0.0892000000000001
20,20,KNN,ball_tree,5,uncalibrated,0.0386,0.99770904925542,0.00229095074455895
20,20,KNN,ball_tree,5,uncalibrated,0.039,1,0
20,20,KNN,ball_tree,5,uncalibrated,0.0394,1,0
20,20,KNN,ball_tree,5,uncalibrated,0.0398,1,0
20,20,KNN,ball_tree,5,uncalibrated,0.0402,1,0
20,20,KNN,ball_tree,5,uncalibrated,0.041,1,0
20,20,KNN,ball_tree,7,uncalibrated,0.036,0,0
20,20,KNN,ball_tree,7,uncalibrated,0.0366,0,0
20,20,KNN,ball_tree,7,uncalibrated,0.037,0,0
20,20,KNN,ball_tree,7,uncalibrated,0.0374,0,0
20,20,KNN,ball_tree,7,uncalibrated,0.0378,0.0588235294117647,0.0277699700559384
20,20,KNN,ball_tree,7,uncalibrated,0.0382,0.761714285714286,0.0888571428571429
20,20,KNN,ball_tree,7,uncalibrated,0.0386,0.998036327933224,0.00196367206676495
20,20,KNN,ball_tree,7,uncalibrated,0.039,1,0
20,20,KNN,ball_tree,7,uncalibrated,0.0394,1,0
20,20,KNN,ball_tree,7,uncalibrated,0.0398,1,0
20,20,KNN,ball_tree,7,uncalibrated,0.0402,1,0
20,20,KNN,ball_tree,7,uncalibrated,0.041,1,0
20,20,KNN,ball_tree,9,uncalibrated,0.036,0,0
20,20,KNN,ball_tree,9,uncalibrated,0.0366,0,0
20,20,KNN,ball_tree,9,uncalibrated,0.037,0,0
20,20,KNN,ball_tree,9,uncalibrated,0.0374,0,0
20,20,KNN,ball_tree,9,uncalibrated,0.0378,0.0596123506874014,0.0281147148702622
20,20,KNN,ball_tree,9,uncalibrated,0.0382,0.763111111111111,0.0886666666666668
20,20,KNN,ball_tree,9,uncalibrated,0.0386,0.998090874379513,0.00190912562046592
20,20,KNN,ball_tree,9,uncalibrated,0.039,1,0
20,20,KNN,ball_tree,9,uncalibrated,0.0394,1,0
20,20,KNN,ball_tree,9,uncalibrated,0.0398,1,0
20,20,KNN,ball_tree,9,uncalibrated,0.0402,1,0
20,20,KNN,ball_tree,9,uncalibrated,0.041,1,0
20,20,KNN,ball_tree,11,uncalibrated,0.036,0,0
20,20,KNN,ball_tree,11,uncalibrated,0.0366,0,0
20,20,KNN,ball_tree,11,uncalibrated,0.037,0,0
20,20,KNN,ball_tree,11,uncalibrated,0.0374,0,0
20,20,KNN,ball_tree,11,uncalibrated,0.0378,0.059745528305366,0.0281515947022434
20,20,KNN,ball_tree,11,uncalibrated,0.0382,0.764636363636364,0.0882727272727273
20,20,KNN,ball_tree,11,uncalibrated,0.0386,0.998021451629731,0.001978548370301
20,20,KNN,ball_tree,11,uncalibrated,0.039,1,0
20,20,KNN,ball_tree,11,uncalibrated,0.0394,1,0
20,20,KNN,ball_tree,11,uncalibrated,0.0398,1,0
20,20,KNN,ball_tree,11,uncalibrated,0.0402,1,0
20,20,KNN,ball_tree,11,uncalibrated,0.041,1,0
20,20,KNN,ball_tree,13,uncalibrated,0.036,0,0
20,20,KNN,ball_tree,13,uncalibrated,0.0366,0,0
20,20,KNN,ball_tree,13,uncalibrated,0.037,0,0
20,20,KNN,ball_tree,13,uncalibrated,0.0374,0,0
20,20,KNN,ball_tree,13,uncalibrated,0.0378,0.0605398658136996,0.0283325636230373
20,20,KNN,ball_tree,13,uncalibrated,0.0382,0.766538461538461,0.0874615384615384
20,20,KNN,ball_tree,13,uncalibrated,0.0386,0.998061503216142,0.00193849678385753
20,20,KNN,ball_tree,13,uncalibrated,0.039,1,0
20,20,KNN,ball_tree,13,uncalibrated,0.0394,1,0
20,20,KNN,ball_tree,13,uncalibrated,0.0398,1,0
20,20,KNN,ball_tree,13,uncalibrated,0.0402,1,0
20,20,KNN,ball_tree,13,uncalibrated,0.041,1,0
20,20,KNN,ball_tree,15,uncalibrated,0.036,0,0
20,20,KNN,ball_tree,15,uncalibrated,0.0366,0,0
20,20,KNN,ball_tree,15,uncalibrated,0.037,0,0
20,20,KNN,ball_tree,15,uncalibrated,0.0374,0,0
20,20,KNN,ball_tree,15,uncalibrated,0.0378,0.0614604462474644,0.0283984815042845
20,20,KNN,ball_tree,15,uncalibrated,0.0382,0.769266666666667,0.0863333333333333
20,20,KNN,ball_tree,15,uncalibrated,0.0386,0.998090874379513,0.00190912562046592
20,20,KNN,ball_tree,15,uncalibrated,0.039,1,0
20,20,KNN,ball_tree,15,uncalibrated,0.0394,1,0
20,20,KNN,ball_tree,15,uncalibrated,0.0398,1,0
20,20,KNN,ball_tree,15,uncalibrated,0.0402,1,0
20,20,KNN,ball_tree,15,uncalibrated,0.041,1,0
20,20,KNN,ball_tree,17,uncalibrated,0.036,0,0
20,20,KNN,ball_tree,17,uncalibrated,0.0366,0,0
20,20,KNN,ball_tree,17,uncalibrated,0.037,0,0
20,20,KNN,ball_tree,17,uncalibrated,0.0374,0,0
20,20,KNN,ball_tree,17,uncalibrated,0.0378,0.062403054528099,0.0286490852547328
20,20,KNN,ball_tree,17,uncalibrated,0.0382,0.771117647058823,0.0858235294117647
20,20,KNN,ball_tree,17,uncalibrated,0.0386,0.998045953776689,0.00195404622330035
20,20,KNN,ball_tree,17,uncalibrated,0.039,1,0
20,20,KNN,ball_tree,17,uncalibrated,0.0394,1,0
20,20,KNN,ball_tree,17,uncalibrated,0.0398,1,0
20,20,KNN,ball_tree,17,uncalibrated,0.0402,1,0
20,20,KNN,ball_tree,17,uncalibrated,0.041,1,0
20,20,KNN,ball_tree,19,uncalibrated,0.036,0,0
20,20,KNN,ball_tree,19,uncalibrated,0.0366,0,0
20,20,KNN,ball_tree,19,uncalibrated,0.037,0,0
20,20,KNN,ball_tree,19,uncalibrated,0.0374,0,0
20,20,KNN,ball_tree,19,uncalibrated,0.0378,0.0630938400768656,0.0287996513370887
20,20,KNN,ball_tree,19,uncalibrated,0.0382,0.773,0.0851052631578948
20,20,KNN,ball_tree,19,uncalibrated,0.0386,0.998131066497892,0.00186893350214028
20,20,KNN,ball_tree,19,uncalibrated,0.039,1,0
20,20,KNN,ball_tree,19,uncalibrated,0.0394,1,0
20,20,KNN,ball_tree,19,uncalibrated,0.0398,1,0
20,20,KNN,ball_tree,19,uncalibrated,0.0402,1,0
20,20,KNN,ball_tree,19,uncalibrated,0.041,1,0
20,20,KNN,ball_tree,21,uncalibrated,0.036,0,0
20,20,KNN,ball_tree,21,uncalibrated,0.0366,0,0
20,20,KNN,ball_tree,21,uncalibrated,0.037,0,0
20,20,KNN,ball_tree,21,uncalibrated,0.0374,0,0
20,20,KNN,ball_tree,21,uncalibrated,0.0378,0.0639428185067128,0.0289618055395871
20,20,KNN,ball_tree,21,uncalibrated,0.0382,0.774285714285714,0.0849523809523809
20,20,KNN,ball_tree,21,uncalibrated,0.0386,0.998199967272154,0.00180003272786774
20,20,KNN,ball_tree,21,uncalibrated,0.039,1,0
20,20,KNN,ball_tree,21,uncalibrated,0.0394,1,0
20,20,KNN,ball_tree,21,uncalibrated,0.0398,1,0
20,20,KNN,ball_tree,21,uncalibrated,0.0402,1,0
20,20,KNN,ball_tree,21,uncalibrated,0.041,1,0
20,20,KNN,ball_tree,23,uncalibrated,0.036,0,0
20,20,KNN,ball_tree,23,uncalibrated,0.0366,0,0
20,20,KNN,ball_tree,23,uncalibrated,0.037,0,0
20,20,KNN,ball_tree,23,uncalibrated,0.0374,0,0
20,20,KNN,ball_tree,23,uncalibrated,0.0378,0.0645118617162007,0.0292446006932722
20,20,KNN,ball_tree,23,uncalibrated,0.0382,0.775652173913043,0.0841994212158331
20,20,KNN,ball_tree,23,uncalibrated,0.0386,0.998207082026008,0.0017929179740027
20,20,KNN,ball_tree,23,uncalibrated,0.039,1,0
20,20,KNN,ball_tree,23,uncalibrated,0.0394,1,0
20,20,KNN,ball_tree,23,uncalibrated,0.0398,1,0
20,20,KNN,ball_tree,23,uncalibrated,0.0402,1,0
20,20,KNN,ball_tree,23,uncalibrated,0.041,1,0
20,20,KNN,ball_tree,25,uncalibrated,0.036,0,0
20,20,KNN,ball_tree,25,uncalibrated,0.0366,0,0
20,20,KNN,ball_tree,25,uncalibrated,0.037,0,0
20,20,KNN,ball_tree,25,uncalibrated,0.0374,0,0
20,20,KNN,ball_tree,25,uncalibrated,0.0378,0.0653549695740367,0.0294083512043082
20,20,KNN,ball_tree,25,uncalibrated,0.0382,0.7768,0.0837677296656256
20,20,KNN,ball_tree,25,uncalibrated,0.0386,0.998258877434135,0.00174112256586481
20,20,KNN,ball_tree,25,uncalibrated,0.039,1,0
20,20,KNN,ball_tree,25,uncalibrated,0.0394,1,0
20,20,KNN,ball_tree,25,uncalibrated,0.0398,1,0
20,20,KNN,ball_tree,25,uncalibrated,0.0402,1,0
20,20,KNN,ball_tree,25,uncalibrated,0.041,1,0
20,20,KNN,ball_tree,27,uncalibrated,0.036,0,0
20,20,KNN,ball_tree,27,uncalibrated,0.0366,0,0
20,20,KNN,ball_tree,27,uncalibrated,0.037,0,0
20,20,KNN,ball_tree,27,uncalibrated,0.0374,0,0
20,20,KNN,ball_tree,27,uncalibrated,0.0378,0.0659604838103824,0.0295217233311742
20,20,KNN,ball_tree,27,uncalibrated,0.0382,0.778222222222222,0.0833098348213503
20,20,KNN,ball_tree,27,uncalibrated,0.0386,0.998260574434687,0.00173942556531324
20,20,KNN,ball_tree,27,uncalibrated,0.039,1,0
20,20,KNN,ball_tree,27,uncalibrated,0.0394,1,0
20,20,KNN,ball_tree,27,uncalibrated,0.0398,1,0
20,20,KNN,ball_tree,27,uncalibrated,0.0402,1,0
20,20,KNN,ball_tree,27,uncalibrated,0.041,1,0
20,20,KNN,ball_tree,29,uncalibrated,0.036,0,0
20,20,KNN,ball_tree,29,uncalibrated,0.0366,0,0
20,20,KNN,ball_tree,29,uncalibrated,0.037,0,0
20,20,KNN,ball_tree,29,uncalibrated,0.0374,0,0
20,20,KNN,ball_tree,29,uncalibrated,0.0378,0.0662726446107577,0.0296474659591289
20,20,KNN,ball_tree,29,uncalibrated,0.0382,0.779689655172414,0.0827955736465289
20,20,KNN,ball_tree,29,uncalibrated,0.0386,0.998222538215418,0.00177746178457163
20,20,KNN,ball_tree,29,uncalibrated,0.039,1,0
20,20,KNN,ball_tree,29,uncalibrated,0.0394,1,0
20,20,KNN,ball_tree,29,uncalibrated,0.0398,1,0
20,20,KNN,ball_tree,29,uncalibrated,0.0402,1,0
20,20,KNN,ball_tree,29,uncalibrated,0.041,1,0
20,20,KNN,ball_tree,31,uncalibrated,0.036,0,0
20,20,KNN,ball_tree,31,uncalibrated,0.0366,0,0
20,20,KNN,ball_tree,31,uncalibrated,0.037,0,0
20,20,KNN,ball_tree,31,uncalibrated,0.0374,0,0
20,20,KNN,ball_tree,31,uncalibrated,0.0378,0.0667735392265914,0.0297613015234835
20,20,KNN,ball_tree,31,uncalibrated,0.0382,0.780483870967742,0.0825035321246429
20,20,KNN,ball_tree,31,uncalibrated,0.0386,0.99822636071389,0.00177363928611015
20,20,KNN,ball_tree,31,uncalibrated,0.039,1,0
20,20,KNN,ball_tree,31,uncalibrated,0.0394,1,0
20,20,KNN,ball_tree,31,uncalibrated,0.0398,1,0
20,20,KNN,ball_tree,31,uncalibrated,0.0402,1,0
20,20,KNN,ball_tree,31,uncalibrated,0.041,1,0
20,20,KNN,ball_tree,33,uncalibrated,0.036,0,0
20,20,KNN,ball_tree,33,uncalibrated,0.0366,0,0
20,20,KNN,ball_tree,33,uncalibrated,0.037,0,0
20,20,KNN,ball_tree,33,uncalibrated,0.0374,0,0
20,20,KNN,ball_tree,33,uncalibrated,0.0378,0.0673366525293505,0.0299461674939896
20,20,KNN,ball_tree,33,uncalibrated,0.0382,0.781484848484848,0.0822101255589227
20,20,KNN,ball_tree,33,uncalibrated,0.0386,0.998229719879205,0.00177028012079553
20,20,KNN,ball_tree,33,uncalibrated,0.039,1,0
20,20,KNN,ball_tree,33,uncalibrated,0.0394,1,0
20,20,KNN,ball_tree,33,uncalibrated,0.0398,1,0
20,20,KNN,ball_tree,33,uncalibrated,0.0402,1,0
20,20,KNN,ball_tree,33,uncalibrated,0.041,1,0
20,20,KNN,ball_tree,35,uncalibrated,0.036,0,0
20,20,KNN,ball_tree,35,uncalibrated,0.0366,0,0
20,20,KNN,ball_tree,35,uncalibrated,0.037,0,0
20,20,KNN,ball_tree,35,uncalibrated,0.0374,0,0
20,20,KNN,ball_tree,35,uncalibrated,0.0378,0.0678354100260794,0.0300922436739302
20,20,KNN,ball_tree,35,uncalibrated,0.0382,0.782428571428571,0.0820397431479544
20,20,KNN,ball_tree,35,uncalibrated,0.0386,0.998265423007691,0.00173457699230898
20,20,KNN,ball_tree,35,uncalibrated,0.039,1,0
20,20,KNN,ball_tree,35,uncalibrated,0.0394,1,0
20,20,KNN,ball_tree,35,uncalibrated,0.0398,1,0
20,20,KNN,ball_tree,35,uncalibrated,0.0402,1,0
20,20,KNN,ball_tree,35,uncalibrated,0.041,1,0
20,20,KNN,ball_tree,37,uncalibrated,0.036,0,0
20,20,KNN,ball_tree,37,uncalibrated,0.0366,0,0
20,20,KNN,ball_tree,37,uncalibrated,0.037,0,0
20,20,KNN,ball_tree,37,uncalibrated,0.0374,0,0
20,20,KNN,ball_tree,37,uncalibrated,0.0378,0.0680883723480072,0.0301221112463504
20,20,KNN,ball_tree,37,uncalibrated,0.0382,0.783081081081081,0.0818815680466635
20,20,KNN,ball_tree,37,uncalibrated,0.0386,0.998297266338514,0.00170273366149649
20,20,KNN,ball_tree,37,uncalibrated,0.039,1,0
20,20,KNN,ball_tree,37,uncalibrated,0.0394,1,0
20,20,KNN,ball_tree,37,uncalibrated,0.0398,1,0
20,20,KNN,ball_tree,37,uncalibrated,0.0402,1,0
20,20,KNN,ball_tree,37,uncalibrated,0.041,1,0
20,20,KNN,ball_tree,39,uncalibrated,0.036,0,0
20,20,KNN,ball_tree,39,uncalibrated,0.0366,0,0
20,20,KNN,ball_tree,39,uncalibrated,0.037,0,0
20,20,KNN,ball_tree,39,uncalibrated,0.0374,0,0
20,20,KNN,ball_tree,39,uncalibrated,0.0378,0.0684974254953976,0.0302490926116763
20,20,KNN,ball_tree,39,uncalibrated,0.0382,0.784153846153847,0.0815393484873548
20,20,KNN,ball_tree,39,uncalibrated,0.0386,0.99832584368669,0.0016741563133316
20,20,KNN,ball_tree,39,uncalibrated,0.039,1,0
20,20,KNN,ball_tree,39,uncalibrated,0.0394,1,0
20,20,KNN,ball_tree,39,uncalibrated,0.0398,1,0
20,20,KNN,ball_tree,39,uncalibrated,0.0402,1,0
20,20,KNN,ball_tree,39,uncalibrated,0.041,1,0
20,20,KNN,ball_tree,41,uncalibrated,0.036,0,0
20,20,KNN,ball_tree,41,uncalibrated,0.0366,0,0
20,20,KNN,ball_tree,41,uncalibrated,0.037,0,0
20,20,KNN,ball_tree,41,uncalibrated,0.0374,0,0
20,20,KNN,ball_tree,41,uncalibrated,0.0378,0.069138673131153,0.0303794551446788
20,20,KNN,ball_tree,41,uncalibrated,0.0382,0.784878048780488,0.0812486629490805
20,20,KNN,ball_tree,41,uncalibrated,0.0386,0.998351633000887,0.00164836699913392
20,20,KNN,ball_tree,41,uncalibrated,0.039,1,0
20,20,KNN,ball_tree,41,uncalibrated,0.0394,1,0
20,20,KNN,ball_tree,41,uncalibrated,0.0398,1,0
20,20,KNN,ball_tree,41,uncalibrated,0.0402,1,0
20,20,KNN,ball_tree,41,uncalibrated,0.041,1,0
20,20,KNN,ball_tree,43,uncalibrated,0.036,0,0
20,20,KNN,ball_tree,43,uncalibrated,0.0366,0,0
20,20,KNN,ball_tree,43,uncalibrated,0.037,0,0
20,20,KNN,ball_tree,43,uncalibrated,0.0374,0,0
20,20,KNN,ball_tree,43,uncalibrated,0.0378,0.0696023397330067,0.0304946202997948
20,20,KNN,ball_tree,43,uncalibrated,0.0382,0.78560465116279,0.0810316870540934
20,20,KNN,ball_tree,43,uncalibrated,0.0386,0.998375023309113,0.00162497669090816
20,20,KNN,ball_tree,43,uncalibrated,0.039,1,0
20,20,KNN,ball_tree,43,uncalibrated,0.0394,1,0
20,20,KNN,ball_tree,43,uncalibrated,0.0398,1,0
20,20,KNN,ball_tree,43,uncalibrated,0.0402,1,0
20,20,KNN,ball_tree,43,uncalibrated,0.041,1,0
20,20,KNN,ball_tree,45,uncalibrated,0.036,0,0
20,20,KNN,ball_tree,45,uncalibrated,0.0366,0,0
20,20,KNN,ball_tree,45,uncalibrated,0.037,0,0
20,20,KNN,ball_tree,45,uncalibrated,0.0374,0,0
20,20,KNN,ball_tree,45,uncalibrated,0.0378,0.0700022537750735,0.0305785662133304
20,20,KNN,ball_tree,45,uncalibrated,0.0382,0.786355555555556,0.0809328533351642
20,20,KNN,ball_tree,45,uncalibrated,0.0386,0.998396334478787,0.00160366552119125
20,20,KNN,ball_tree,45,uncalibrated,0.039,1,0
20,20,KNN,ball_tree,45,uncalibrated,0.0394,1,0
20,20,KNN,ball_tree,45,uncalibrated,0.0398,1,0
20,20,KNN,ball_tree,45,uncalibrated,0.0402,1,0
20,20,KNN,ball_tree,45,uncalibrated,0.041,1,0
20,20,KNN,ball_tree,47,uncalibrated,0.036,0,0
20,20,KNN,ball_tree,47,uncalibrated,0.0366,0,0
20,20,KNN,ball_tree,47,uncalibrated,0.037,0,0
20,20,KNN,ball_tree,47,uncalibrated,0.0374,0,0
20,20,KNN,ball_tree,47,uncalibrated,0.0378,0.070303396486988,0.0306678930352328
20,20,KNN,ball_tree,47,uncalibrated,0.0382,0.786978723404255,0.0808634182423583
20,20,KNN,ball_tree,47,uncalibrated,0.0386,0.998415831931943,0.00158416806804603
20,20,KNN,ball_tree,47,uncalibrated,0.039,1,0
20,20,KNN,ball_tree,47,uncalibrated,0.0394,1,0
20,20,KNN,ball_tree,47,uncalibrated,0.0398,1,0
20,20,KNN,ball_tree,47,uncalibrated,0.0402,1,0
20,20,KNN,ball_tree,47,uncalibrated,0.041,1,0
20,20,KNN,ball_tree,49,uncalibrated,0.036,0,0
20,20,KNN,ball_tree,49,uncalibrated,0.0366,0,0
20,20,KNN,ball_tree,49,uncalibrated,0.037,0,0
20,20,KNN,ball_tree,49,uncalibrated,0.0374,0,0
20,20,KNN,ball_tree,49,uncalibrated,0.0378,0.070559258186033,0.0306821264973162
20,20,KNN,ball_tree,49,uncalibrated,0.0382,0.787551020408163,0.0806337007526671
20,20,KNN,ball_tree,49,uncalibrated,0.0386,0.998410360707868,0.00158963929214298
20,20,KNN,ball_tree,49,uncalibrated,0.039,1,0
20,20,KNN,ball_tree,49,uncalibrated,0.0394,1,0
20,20,KNN,ball_tree,49,uncalibrated,0.0398,1,0
20,20,KNN,ball_tree,49,uncalibrated,0.0402,1,0
20,20,KNN,ball_tree,49,uncalibrated,0.041,1,0
20,20,KNN,ball_tree,51,uncalibrated,0.036,0,0
20,20,KNN,ball_tree,51,uncalibrated,0.0366,0,0
20,20,KNN,ball_tree,51,uncalibrated,0.037,0,0
20,20,KNN,ball_tree,51,uncalibrated,0.0374,0,0
20,20,KNN,ball_tree,51,uncalibrated,0.0378,0.0709342560553633,0.030761929538388
20,20,KNN,ball_tree,51,uncalibrated,0.0382,0.788117647058823,0.0803672303138369
20,20,KNN,ball_tree,51,uncalibrated,0.0386,0.998405318599354,0.00159468140062437
20,20,KNN,ball_tree,51,uncalibrated,0.039,1,0
20,20,KNN,ball_tree,51,uncalibrated,0.0394,1,0
20,20,KNN,ball_tree,51,uncalibrated,0.0398,1,0
20,20,KNN,ball_tree,51,uncalibrated,0.0402,1,0
20,20,KNN,ball_tree,51,uncalibrated,0.041,1,0
20,20,KNN,ball_tree,61,uncalibrated,0.036,0,0
20,20,KNN,ball_tree,61,uncalibrated,0.0366,0,0
20,20,KNN,ball_tree,61,uncalibrated,0.037,0,0
20,20,KNN,ball_tree,61,uncalibrated,0.0374,0,0
20,20,KNN,ball_tree,61,uncalibrated,0.0378,0.0724071426196253,0.031024513715446
20,20,KNN,ball_tree,61,uncalibrated,0.0382,0.790639344262295,0.0796556882220548
20,20,KNN,ball_tree,61,uncalibrated,0.0386,0.998385067507923,0.0016149324920661
20,20,KNN,ball_tree,61,uncalibrated,0.039,1,0
20,20,KNN,ball_tree,61,uncalibrated,0.0394,1,0
20,20,KNN,ball_tree,61,uncalibrated,0.0398,1,0
20,20,KNN,ball_tree,61,uncalibrated,0.0402,1,0
20,20,KNN,ball_tree,61,uncalibrated,0.041,1,0
20,20,KNN,ball_tree,81,uncalibrated,0.036,0,0
20,20,KNN,ball_tree,81,uncalibrated,0.0366,0,0
20,20,KNN,ball_tree,81,uncalibrated,0.037,0,0
20,20,KNN,ball_tree,81,uncalibrated,0.0374,0,0
20,20,KNN,ball_tree,81,uncalibrated,0.0378,0.0746500388150152,0.0314174410996656
20,20,KNN,ball_tree,81,uncalibrated,0.0382,0.794777777777778,0.0785031052889575
20,20,KNN,ball_tree,81,uncalibrated,0.0386,0.998430274489829,0.00156972551016089
20,20,KNN,ball_tree,81,uncalibrated,0.039,1,0
20,20,KNN,ball_tree,81,uncalibrated,0.0394,1,0
20,20,KNN,ball_tree,81,uncalibrated,0.0398,1,0
20,20,KNN,ball_tree,81,uncalibrated,0.0402,1,0
20,20,KNN,ball_tree,81,uncalibrated,0.041,1,0
20,20,KNN,ball_tree,101,uncalibrated,0.036,0,0
20,20,KNN,ball_tree,101,uncalibrated,0.0366,0,0
20,20,KNN,ball_tree,101,uncalibrated,0.037,0,0
20,20,KNN,ball_tree,101,uncalibrated,0.0374,0,0
20,20,KNN,ball_tree,101,uncalibrated,0.0378,0.0767477356254895,0.0318920592983433
20,20,KNN,ball_tree,101,uncalibrated,0.0382,0.798198019801981,0.0772952865155302
20,20,KNN,ball_tree,101,uncalibrated,0.0386,0.998468919056822,0.00153108094314584
20,20,KNN,ball_tree,101,uncalibrated,0.039,1,0
20,20,KNN,ball_tree,101,uncalibrated,0.0394,1,0
20,20,KNN,ball_tree,101,uncalibrated,0.0398,1,0
20,20,KNN,ball_tree,101,uncalibrated,0.0402,1,0
20,20,KNN,ball_tree,101,uncalibrated,0.041,1,0
20,20,KNN,ball_tree,151,uncalibrated,0.036,0,0
20,20,KNN,ball_tree,151,uncalibrated,0.0366,0,0
20,20,KNN,ball_tree,151,uncalibrated,0.037,0,0
20,20,KNN,ball_tree,151,uncalibrated,0.0374,0,0
20,20,KNN,ball_tree,151,uncalibrated,0.0378,0.0803500664938277,0.0325506211658954
20,20,KNN,ball_tree,151,uncalibrated,0.0382,0.804112582781457,0.0754441468342743
20,20,KNN,ball_tree,151,uncalibrated,0.0386,0.998535915583743,0.00146408441622476
20,20,KNN,ball_tree,151,uncalibrated,0.039,1,0
20,20,KNN,ball_tree,151,uncalibrated,0.0394,1,0
20,20,KNN,ball_tree,151,uncalibrated,0.0398,1,0
20,20,KNN,ball_tree,151,uncalibrated,0.0402,1,0
20,20,KNN,ball_tree,151,uncalibrated,0.041,1,0
20,20,KNN,ball_tree,201,uncalibrated,0.036,0,0
20,20,KNN,ball_tree,201,uncalibrated,0.0366,0,0
20,20,KNN,ball_tree,201,uncalibrated,0.037,0,0
20,20,KNN,ball_tree,201,uncalibrated,0.0374,0,0
20,20,KNN,ball_tree,201,uncalibrated,0.0378,0.08308356796141,0.0329805961646815
20,20,KNN,ball_tree,201,uncalibrated,0.0382,0.807378109452737,0.0744661798533309
20,20,KNN,ball_tree,201,uncalibrated,0.0386,0.998575279387723,0.00142472061228786
20,20,KNN,ball_tree,201,uncalibrated,0.039,1,0
20,20,KNN,ball_tree,201,uncalibrated,0.0394,1,0
20,20,KNN,ball_tree,201,uncalibrated,0.0398,1,0
20,20,KNN,ball_tree,201,uncalibrated,0.0402,1,0
20,20,KNN,ball_tree,201,uncalibrated,0.041,1,0
20,20,KNN,brute,1,uncalibrated,0.036,0,0
20,20,KNN,brute,1,uncalibrated,0.0366,0,0
20,20,KNN,brute,1,uncalibrated,0.037,0,0
20,20,KNN,brute,1,uncalibrated,0.0374,0,0
20,20,KNN,brute,1,uncalibrated,0.0378,0.0557809330628802,0.0270811965980095
20,20,KNN,brute,1,uncalibrated,0.0382,0.751,0.093
20,20,KNN,brute,1,uncalibrated,0.0386,0.99770904925542,0.00229095074455895
20,20,KNN,brute,1,uncalibrated,0.039,1,0
20,20,KNN,brute,1,uncalibrated,0.0394,1,0
20,20,KNN,brute,1,uncalibrated,0.0398,1,0
20,20,KNN,brute,1,uncalibrated,0.0402,1,0
20,20,KNN,brute,1,uncalibrated,0.041,1,0
20,20,KNN,brute,3,uncalibrated,0.036,0,0
20,20,KNN,brute,3,uncalibrated,0.0366,0,0
20,20,KNN,brute,3,uncalibrated,0.037,0,0
20,20,KNN,brute,3,uncalibrated,0.0374,0,0
20,20,KNN,brute,3,uncalibrated,0.0378,0.0574712643678162,0.0274695739845042
20,20,KNN,brute,3,uncalibrated,0.0382,0.759,0.089
20,20,KNN,brute,3,uncalibrated,0.0386,0.99770904925542,0.00229095074455895
20,20,KNN,brute,3,uncalibrated,0.039,1,0
20,20,KNN,brute,3,uncalibrated,0.0394,1,0
20,20,KNN,brute,3,uncalibrated,0.0398,1,0
20,20,KNN,brute,3,uncalibrated,0.0402,1,0
20,20,KNN,brute,3,uncalibrated,0.041,1,0
20,20,KNN,brute,5,uncalibrated,0.036,0,0
20,20,KNN,brute,5,uncalibrated,0.0366,0,0
20,20,KNN,brute,5,uncalibrated,0.037,0,0
20,20,KNN,brute,5,uncalibrated,0.0374,0,0
20,20,KNN,brute,5,uncalibrated,0.0378,0.0572008113590263,0.0271373518001899
20,20,KNN,brute,5,uncalibrated,0.0382,0.76,0.0892000000000001
20,20,KNN,brute,5,uncalibrated,0.0386,0.99770904925542,0.00229095074455895
20,20,KNN,brute,5,uncalibrated,0.039,1,0
20,20,KNN,brute,5,uncalibrated,0.0394,1,0
20,20,KNN,brute,5,uncalibrated,0.0398,1,0
20,20,KNN,brute,5,uncalibrated,0.0402,1,0
20,20,KNN,brute,5,uncalibrated,0.041,1,0
20,20,KNN,brute,7,uncalibrated,0.036,0,0
20,20,KNN,brute,7,uncalibrated,0.0366,0,0
20,20,KNN,brute,7,uncalibrated,0.037,0,0
20,20,KNN,brute,7,uncalibrated,0.0374,0,0
20,20,KNN,brute,7,uncalibrated,0.0378,0.0588235294117647,0.0277699700559384
20,20,KNN,brute,7,uncalibrated,0.0382,0.761714285714286,0.0888571428571429
20,20,KNN,brute,7,uncalibrated,0.0386,0.998036327933224,0.00196367206676495
20,20,KNN,brute,7,uncalibrated,0.039,1,0
20,20,KNN,brute,7,uncalibrated,0.0394,1,0
20,20,KNN,brute,7,uncalibrated,0.0398,1,0
20,20,KNN,brute,7,uncalibrated,0.0402,1,0
20,20,KNN,brute,7,uncalibrated,0.041,1,0
20,20,KNN,brute,9,uncalibrated,0.036,0,0
20,20,KNN,brute,9,uncalibrated,0.0366,0,0
20,20,KNN,brute,9,uncalibrated,0.037,0,0
20,20,KNN,brute,9,uncalibrated,0.0374,0,0
20,20,KNN,brute,9,uncalibrated,0.0378,0.0596123506874014,0.0281147148702622
20,20,KNN,brute,9,uncalibrated,0.0382,0.763111111111111,0.0886666666666668
20,20,KNN,brute,9,uncalibrated,0.0386,0.998090874379513,0.00190912562046592
20,20,KNN,brute,9,uncalibrated,0.039,1,0
20,20,KNN,brute,9,uncalibrated,0.0394,1,0
20,20,KNN,brute,9,uncalibrated,0.0398,1,0
20,20,KNN,brute,9,uncalibrated,0.0402,1,0
20,20,KNN,brute,9,uncalibrated,0.041,1,0
20,20,KNN,brute,11,uncalibrated,0.036,0,0
20,20,KNN,brute,11,uncalibrated,0.0366,0,0
20,20,KNN,brute,11,uncalibrated,0.037,0,0
20,20,KNN,brute,11,uncalibrated,0.0374,0,0
20,20,KNN,brute,11,uncalibrated,0.0378,0.059745528305366,0.0281515947022434
20,20,KNN,brute,11,uncalibrated,0.0382,0.764636363636364,0.0882727272727273
20,20,KNN,brute,11,uncalibrated,0.0386,0.998021451629731,0.001978548370301
20,20,KNN,brute,11,uncalibrated,0.039,1,0
20,20,KNN,brute,11,uncalibrated,0.0394,1,0
20,20,KNN,brute,11,uncalibrated,0.0398,1,0
20,20,KNN,brute,11,uncalibrated,0.0402,1,0
20,20,KNN,brute,11,uncalibrated,0.041,1,0
20,20,KNN,brute,13,uncalibrated,0.036,0,0
20,20,KNN,brute,13,uncalibrated,0.0366,0,0
20,20,KNN,brute,13,uncalibrated,0.037,0,0
20,20,KNN,brute,13,uncalibrated,0.0374,0,0
20,20,KNN,brute,13,uncalibrated,0.0378,0.0605398658136996,0.0283325636230373
20,20,KNN,brute,13,uncalibrated,0.0382,0.766538461538461,0.0874615384615384
20,20,KNN,brute,13,uncalibrated,0.0386,0.998061503216142,0.00193849678385753
20,20,KNN,brute,13,uncalibrated,0.039,1,0
20,20,KNN,brute,13,uncalibrated,0.0394,1,0
20,20,KNN,brute,13,uncalibrated,0.0398,1,0
20,20,KNN,brute,13,uncalibrated,0.0402,1,0
20,20,KNN,brute,13,uncalibrated,0.041,1,0
20,20,KNN,brute,15,uncalibrated,0.036,0,0
20,20,KNN,brute,15,uncalibrated,0.0366,0,0
20,20,KNN,brute,15,uncalibrated,0.037,0,0
20,20,KNN,brute,15,uncalibrated,0.0374,0,0
20,20,KNN,brute,15,uncalibrated,0.0378,0.0614604462474644,0.0283984815042845
20,20,KNN,brute,15,uncalibrated,0.0382,0.769266666666667,0.0863333333333333
20,20,KNN,brute,15,uncalibrated,0.0386,0.998090874379513,0.00190912562046592
20,20,KNN,brute,15,uncalibrated,0.039,1,0
20,20,KNN,brute,15,uncalibrated,0.0394,1,0
20,20,KNN,brute,15,uncalibrated,0.0398,1,0
20,20,KNN,brute,15,uncalibrated,0.0402,1,0
20,20,KNN,brute,15,uncalibrated,0.041,1,0
20,20,KNN,brute,17,uncalibrated,0.036,0,0
20,20,KNN,brute,17,uncalibrated,0.0366,0,0
20,20,KNN,brute,17,uncalibrated,0.037,0,0
20,20,KNN,brute,17,uncalibrated,0.0374,0,0
20,20,KNN,brute,17,uncalibrated,0.0378,0.062403054528099,0.0286490852547328
20,20,KNN,brute,17,uncalibrated,0.0382,0.771117647058823,0.0858235294117647
20,20,KNN,brute,17,uncalibrated,0.0386,0.998045953776689,0.00195404622330035
20,20,KNN,brute,17,uncalibrated,0.039,1,0
20,20,KNN,brute,17,uncalibrated,0.0394,1,0
20,20,KNN,brute,17,uncalibrated,0.0398,1,0
20,20,KNN,brute,17,uncalibrated,0.0402,1,0
20,20,KNN,brute,17,uncalibrated,0.041,1,0
20,20,KNN,brute,19,uncalibrated,0.036,0,0
20,20,KNN,brute,19,uncalibrated,0.0366,0,0
20,20,KNN,brute,19,uncalibrated,0.037,0,0
20,20,KNN,brute,19,uncalibrated,0.0374,0,0
20,20,KNN,brute,19,uncalibrated,0.0378,0.0630938400768656,0.0287996513370887
20,20,KNN,brute,19,uncalibrated,0.0382,0.773,0.0851052631578948
20,20,KNN,brute,19,uncalibrated,0.0386,0.998131066497892,0.00186893350214028
20,20,KNN,brute,19,uncalibrated,0.039,1,0
20,20,KNN,brute,19,uncalibrated,0.0394,1,0
20,20,KNN,brute,19,uncalibrated,0.0398,1,0
20,20,KNN,brute,19,uncalibrated,0.0402,1,0
20,20,KNN,brute,19,uncalibrated,0.041,1,0
20,20,KNN,brute,21,uncalibrated,0.036,0,0
20,20,KNN,brute,21,uncalibrated,0.0366,0,0
20,20,KNN,brute,21,uncalibrated,0.037,0,0
20,20,KNN,brute,21,uncalibrated,0.0374,0,0
20,20,KNN,brute,21,uncalibrated,0.0378,0.0639428185067128,0.0289618055395871
20,20,KNN,brute,21,uncalibrated,0.0382,0.774285714285714,0.0849523809523809
20,20,KNN,brute,21,uncalibrated,0.0386,0.998199967272154,0.00180003272786774
20,20,KNN,brute,21,uncalibrated,0.039,1,0
20,20,KNN,brute,21,uncalibrated,0.0394,1,0
20,20,KNN,brute,21,uncalibrated,0.0398,1,0
20,20,KNN,brute,21,uncalibrated,0.0402,1,0
20,20,KNN,brute,21,uncalibrated,0.041,1,0
20,20,KNN,brute,23,uncalibrated,0.036,0,0
20,20,KNN,brute,23,uncalibrated,0.0366,0,0
20,20,KNN,brute,23,uncalibrated,0.037,0,0
20,20,KNN,brute,23,uncalibrated,0.0374,0,0
20,20,KNN,brute,23,uncalibrated,0.0378,0.0645118617162007,0.0292446006932722
20,20,KNN,brute,23,uncalibrated,0.0382,0.775652173913043,0.0841994212158331
20,20,KNN,brute,23,uncalibrated,0.0386,0.998207082026008,0.0017929179740027
20,20,KNN,brute,23,uncalibrated,0.039,1,0
20,20,KNN,brute,23,uncalibrated,0.0394,1,0
20,20,KNN,brute,23,uncalibrated,0.0398,1,0
20,20,KNN,brute,23,uncalibrated,0.0402,1,0
20,20,KNN,brute,23,uncalibrated,0.041,1,0
20,20,KNN,brute,25,uncalibrated,0.036,0,0
20,20,KNN,brute,25,uncalibrated,0.0366,0,0
20,20,KNN,brute,25,uncalibrated,0.037,0,0
20,20,KNN,brute,25,uncalibrated,0.0374,0,0
20,20,KNN,brute,25,uncalibrated,0.0378,0.0653549695740367,0.0294083512043082
20,20,KNN,brute,25,uncalibrated,0.0382,0.7768,0.0837677296656256
20,20,KNN,brute,25,uncalibrated,0.0386,0.998258877434135,0.00174112256586481
20,20,KNN,brute,25,uncalibrated,0.039,1,0
20,20,KNN,brute,25,uncalibrated,0.0394,1,0
20,20,KNN,brute,25,uncalibrated,0.0398,1,0
20,20,KNN,brute,25,uncalibrated,0.0402,1,0
20,20,KNN,brute,25,uncalibrated,0.041,1,0
20,20,KNN,brute,27,uncalibrated,0.036,0,0
20,20,KNN,brute,27,uncalibrated,0.0366,0,0
20,20,KNN,brute,27,uncalibrated,0.037,0,0
20,20,KNN,brute,27,uncalibrated,0.0374,0,0
20,20,KNN,brute,27,uncalibrated,0.0378,0.0659604838103824,0.0295217233311742
20,20,KNN,brute,27,uncalibrated,0.0382,0.778222222222222,0.0833098348213503
20,20,KNN,brute,27,uncalibrated,0.0386,0.998260574434687,0.00173942556531324
20,20,KNN,brute,27,uncalibrated,0.039,1,0
20,20,KNN,brute,27,uncalibrated,0.0394,1,0
20,20,KNN,brute,27,uncalibrated,0.0398,1,0
20,20,KNN,brute,27,uncalibrated,0.0402,1,0
20,20,KNN,brute,27,uncalibrated,0.041,1,0
20,20,KNN,brute,29,uncalibrated,0.036,0,0
20,20,KNN,brute,29,uncalibrated,0.0366,0,0
20,20,KNN,brute,29,uncalibrated,0.037,0,0
20,20,KNN,brute,29,uncalibrated,0.0374,0,0
20,20,KNN,brute,29,uncalibrated,0.0378,0.0662726446107577,0.0296474659591289
20,20,KNN,brute,29,uncalibrated,0.0382,0.779689655172414,0.0827955736465289
20,20,KNN,brute,29,uncalibrated,0.0386,0.998222538215418,0.00177746178457163
20,20,KNN,brute,29,uncalibrated,0.039,1,0
20,20,KNN,brute,29,uncalibrated,0.0394,1,0
20,20,KNN,brute,29,uncalibrated,0.0398,1,0
20,20,KNN,brute,29,uncalibrated,0.0402,1,0
20,20,KNN,brute,29,uncalibrated,0.041,1,0
20,20,KNN,brute,31,uncalibrated,0.036,0,0
20,20,KNN,brute,31,uncalibrated,0.0366,0,0
20,20,KNN,brute,31,uncalibrated,0.037,0,0
20,20,KNN,brute,31,uncalibrated,0.0374,0,0
20,20,KNN,brute,31,uncalibrated,0.0378,0.0667735392265914,0.0297613015234835
20,20,KNN,brute,31,uncalibrated,0.0382,0.780483870967742,0.0825035321246429
20,20,KNN,brute,31,uncalibrated,0.0386,0.99822636071389,0.00177363928611015
20,20,KNN,brute,31,uncalibrated,0.039,1,0
20,20,KNN,brute,31,uncalibrated,0.0394,1,0
20,20,KNN,brute,31,uncalibrated,0.0398,1,0
20,20,KNN,brute,31,uncalibrated,0.0402,1,0
20,20,KNN,brute,31,uncalibrated,0.041,1,0
20,20,KNN,brute,33,uncalibrated,0.036,0,0
20,20,KNN,brute,33,uncalibrated,0.0366,0,0
20,20,KNN,brute,33,uncalibrated,0.037,0,0
20,20,KNN,brute,33,uncalibrated,0.0374,0,0
20,20,KNN,brute,33,uncalibrated,0.0378,0.0673366525293505,0.0299461674939896
20,20,KNN,brute,33,uncalibrated,0.0382,0.781484848484848,0.0822101255589227
20,20,KNN,brute,33,uncalibrated,0.0386,0.998229719879205,0.00177028012079553
20,20,KNN,brute,33,uncalibrated,0.039,1,0
20,20,KNN,brute,33,uncalibrated,0.0394,1,0
20,20,KNN,brute,33,uncalibrated,0.0398,1,0
20,20,KNN,brute,33,uncalibrated,0.0402,1,0
20,20,KNN,brute,33,uncalibrated,0.041,1,0
20,20,KNN,brute,35,uncalibrated,0.036,0,0
20,20,KNN,brute,35,uncalibrated,0.0366,0,0
20,20,KNN,brute,35,uncalibrated,0.037,0,0
20,20,KNN,brute,35,uncalibrated,0.0374,0,0
20,20,KNN,brute,35,uncalibrated,0.0378,0.0678354100260794,0.0300922436739302
20,20,KNN,brute,35,uncalibrated,0.0382,0.782428571428571,0.0820397431479544
20,20,KNN,brute,35,uncalibrated,0.0386,0.998265423007691,0.00173457699230898
20,20,KNN,brute,35,uncalibrated,0.039,1,0
20,20,KNN,brute,35,uncalibrated,0.0394,1,0
20,20,KNN,brute,35,uncalibrated,0.0398,1,0
20,20,KNN,brute,35,uncalibrated,0.0402,1,0
20,20,KNN,brute,35,uncalibrated,0.041,1,0
20,20,KNN,brute,37,uncalibrated,0.036,0,0
20,20,KNN,brute,37,uncalibrated,0.0366,0,0
20,20,KNN,brute,37,uncalibrated,0.037,0,0
20,20,KNN,brute,37,uncalibrated,0.0374,0,0
20,20,KNN,brute,37,uncalibrated,0.0378,0.0680883723480072,0.0301221112463504
20,20,KNN,brute,37,uncalibrated,0.0382,0.783081081081081,0.0818815680466635
20,20,KNN,brute,37,uncalibrated,0.0386,0.998297266338514,0.00170273366149649
20,20,KNN,brute,37,uncalibrated,0.039,1,0
20,20,KNN,brute,37,uncalibrated,0.0394,1,0
20,20,KNN,brute,37,uncalibrated,0.0398,1,0
20,20,KNN,brute,37,uncalibrated,0.0402,1,0
20,20,KNN,brute,37,uncalibrated,0.041,1,0
20,20,KNN,brute,39,uncalibrated,0.036,0,0
20,20,KNN,brute,39,uncalibrated,0.0366,0,0
20,20,KNN,brute,39,uncalibrated,0.037,0,0
20,20,KNN,brute,39,uncalibrated,0.0374,0,0
20,20,KNN,brute,39,uncalibrated,0.0378,0.0684974254953976,0.0302490926116763
20,20,KNN,brute,39,uncalibrated,0.0382,0.784153846153847,0.0815393484873548
20,20,KNN,brute,39,uncalibrated,0.0386,0.99832584368669,0.0016741563133316
20,20,KNN,brute,39,uncalibrated,0.039,1,0
20,20,KNN,brute,39,uncalibrated,0.0394,1,0
20,20,KNN,brute,39,uncalibrated,0.0398,1,0
20,20,KNN,brute,39,uncalibrated,0.0402,1,0
20,20,KNN,brute,39,uncalibrated,0.041,1,0
20,20,KNN,brute,41,uncalibrated,0.036,0,0
20,20,KNN,brute,41,uncalibrated,0.0366,0,0
20,20,KNN,brute,41,uncalibrated,0.037,0,0
20,20,KNN,brute,41,uncalibrated,0.0374,0,0
20,20,KNN,brute,41,uncalibrated,0.0378,0.069138673131153,0.0303794551446788
20,20,KNN,brute,41,uncalibrated,0.0382,0.784878048780488,0.0812486629490805
20,20,KNN,brute,41,uncalibrated,0.0386,0.998351633000887,0.00164836699913392
20,20,KNN,brute,41,uncalibrated,0.039,1,0
20,20,KNN,brute,41,uncalibrated,0.0394,1,0
20,20,KNN,brute,41,uncalibrated,0.0398,1,0
20,20,KNN,brute,41,uncalibrated,0.0402,1,0
20,20,KNN,brute,41,uncalibrated,0.041,1,0
20,20,KNN,brute,43,uncalibrated,0.036,0,0
20,20,KNN,brute,43,uncalibrated,0.0366,0,0
20,20,KNN,brute,43,uncalibrated,0.037,0,0
20,20,KNN,brute,43,uncalibrated,0.0374,0,0
20,20,KNN,brute,43,uncalibrated,0.0378,0.0696023397330067,0.0304946202997948
20,20,KNN,brute,43,uncalibrated,0.0382,0.78560465116279,0.0810316870540934
20,20,KNN,brute,43,uncalibrated,0.0386,0.998375023309113,0.00162497669090816
20,20,KNN,brute,43,uncalibrated,0.039,1,0
20,20,KNN,brute,43,uncalibrated,0.0394,1,0
20,20,KNN,brute,43,uncalibrated,0.0398,1,0
20,20,KNN,brute,43,uncalibrated,0.0402,1,0
20,20,KNN,brute,43,uncalibrated,0.041,1,0
20,20,KNN,brute,45,uncalibrated,0.036,0,0
20,20,KNN,brute,45,uncalibrated,0.0366,0,0
20,20,KNN,brute,45,uncalibrated,0.037,0,0
20,20,KNN,brute,45,uncalibrated,0.0374,0,0
20,20,KNN,brute,45,uncalibrated,0.0378,0.0700022537750735,0.0305785662133304
20,20,KNN,brute,45,uncalibrated,0.0382,0.786355555555556,0.0809328533351642
20,20,KNN,brute,45,uncalibrated,0.0386,0.998396334478787,0.00160366552119125
20,20,KNN,brute,45,uncalibrated,0.039,1,0
20,20,KNN,brute,45,uncalibrated,0.0394,1,0
20,20,KNN,brute,45,uncalibrated,0.0398,1,0
20,20,KNN,brute,45,uncalibrated,0.0402,1,0
20,20,KNN,brute,45,uncalibrated,0.041,1,0
20,20,KNN,brute,47,uncalibrated,0.036,0,0
20,20,KNN,brute,47,uncalibrated,0.0366,0,0
20,20,KNN,brute,47,uncalibrated,0.037,0,0
20,20,KNN,brute,47,uncalibrated,0.0374,0,0
20,20,KNN,brute,47,uncalibrated,0.0378,0.070303396486988,0.0306678930352328
20,20,KNN,brute,47,uncalibrated,0.0382,0.786978723404255,0.0808634182423583
20,20,KNN,brute,47,uncalibrated,0.0386,0.998415831931943,0.00158416806804603
20,20,KNN,brute,47,uncalibrated,0.039,1,0
20,20,KNN,brute,47,uncalibrated,0.0394,1,0
20,20,KNN,brute,47,uncalibrated,0.0398,1,0
20,20,KNN,brute,47,uncalibrated,0.0402,1,0
20,20,KNN,brute,47,uncalibrated,0.041,1,0
20,20,KNN,brute,49,uncalibrated,0.036,0,0
20,20,KNN,brute,49,uncalibrated,0.0366,0,0
20,20,KNN,brute,49,uncalibrated,0.037,0,0
20,20,KNN,brute,49,uncalibrated,0.0374,0,0
20,20,KNN,brute,49,uncalibrated,0.0378,0.070559258186033,0.0306821264973162
20,20,KNN,brute,49,uncalibrated,0.0382,0.787551020408163,0.0806337007526671
20,20,KNN,brute,49,uncalibrated,0.0386,0.998410360707868,0.00158963929214298
20,20,KNN,brute,49,uncalibrated,0.039,1,0
20,20,KNN,brute,49,uncalibrated,0.0394,1,0
20,20,KNN,brute,49,uncalibrated,0.0398,1,0
20,20,KNN,brute,49,uncalibrated,0.0402,1,0
20,20,KNN,brute,49,uncalibrated,0.041,1,0
20,20,KNN,brute,51,uncalibrated,0.036,0,0
20,20,KNN,brute,51,uncalibrated,0.0366,0,0
20,20,KNN,brute,51,uncalibrated,0.037,0,0
20,20,KNN,brute,51,uncalibrated,0.0374,0,0
20,20,KNN,brute,51,uncalibrated,0.0378,0.0709342560553633,0.030761929538388
20,20,KNN,brute,51,uncalibrated,0.0382,0.788117647058823,0.0803672303138369
20,20,KNN,brute,51,uncalibrated,0.0386,0.998405318599354,0.00159468140062437
20,20,KNN,brute,51,uncalibrated,0.039,1,0
20,20,KNN,brute,51,uncalibrated,0.0394,1,0
20,20,KNN,brute,51,uncalibrated,0.0398,1,0
20,20,KNN,brute,51,uncalibrated,0.0402,1,0
20,20,KNN,brute,51,uncalibrated,0.041,1,0
20,20,KNN,brute,61,uncalibrated,0.036,0,0
20,20,KNN,brute,61,uncalibrated,0.0366,0,0
20,20,KNN,brute,61,uncalibrated,0.037,0,0
20,20,KNN,brute,61,uncalibrated,0.0374,0,0
20,20,KNN,brute,61,uncalibrated,0.0378,0.0724071426196253,0.031024513715446
20,20,KNN,brute,61,uncalibrated,0.0382,0.790639344262295,0.0796556882220548
20,20,KNN,brute,61,uncalibrated,0.0386,0.998385067507923,0.0016149324920661
20,20,KNN,brute,61,uncalibrated,0.039,1,0
20,20,KNN,brute,61,uncalibrated,0.0394,1,0
20,20,KNN,brute,61,uncalibrated,0.0398,1,0
20,20,KNN,brute,61,uncalibrated,0.0402,1,0
20,20,KNN,brute,61,uncalibrated,0.041,1,0
20,20,KNN,brute,81,uncalibrated,0.036,0,0
20,20,KNN,brute,81,uncalibrated,0.0366,0,0
20,20,KNN,brute,81,uncalibrated,0.037,0,0
20,20,KNN,brute,81,uncalibrated,0.0374,0,0
20,20,KNN,brute,81,uncalibrated,0.0378,0.0746500388150152,0.0314174410996656
20,20,KNN,brute,81,uncalibrated,0.0382,0.794777777777778,0.0785031052889575
20,20,KNN,brute,81,uncalibrated,0.0386,0.998430274489829,0.00156972551016089
20,20,KNN,brute,81,uncalibrated,0.039,1,0
20,20,KNN,brute,81,uncalibrated,0.0394,1,0
20,20,KNN,brute,81,uncalibrated,0.0398,1,0
20,20,KNN,brute,81,uncalibrated,0.0402,1,0
20,20,KNN,brute,81,uncalibrated,0.041,1,0
20,20,KNN,brute,101,uncalibrated,0.036,0,0
20,20,KNN,brute,101,uncalibrated,0.0366,0,0
20,20,KNN,brute,101,uncalibrated,0.037,0,0
20,20,KNN,brute,101,uncalibrated,0.0374,0,0
20,20,KNN,brute,101,uncalibrated,0.0378,0.0767477356254895,0.0318920592983433
20,20,KNN,brute,101,uncalibrated,0.0382,0.798198019801981,0.0772952865155302
20,20,KNN,brute,101,uncalibrated,0.0386,0.998468919056822,0.00153108094314584
20,20,KNN,brute,101,uncalibrated,0.039,1,0
20,20,KNN,brute,101,uncalibrated,0.0394,1,0
20,20,KNN,brute,101,uncalibrated,0.0398,1,0
20,20,KNN,brute,101,uncalibrated,0.0402,1,0
20,20,KNN,brute,101,uncalibrated,0.041,1,0
20,20,KNN,brute,151,uncalibrated,0.036,0,0
20,20,KNN,brute,151,uncalibrated,0.0366,0,0
20,20,KNN,brute,151,uncalibrated,0.037,0,0
20,20,KNN,brute,151,uncalibrated,0.0374,0,0
20,20,KNN,brute,151,uncalibrated,0.0378,0.0803500664938277,0.0325506211658954
20,20,KNN,brute,151,uncalibrated,0.0382,0.804112582781457,0.0754441468342743
20,20,KNN,brute,151,uncalibrated,0.0386,0.998535915583743,0.00146408441622476
20,20,KNN,brute,151,uncalibrated,0.039,1,0
20,20,KNN,brute,151,uncalibrated,0.0394,1,0
20,20,KNN,brute,151,uncalibrated,0.0398,1,0
20,20,KNN,brute,151,uncalibrated,0.0402,1,0
20,20,KNN,brute,151,uncalibrated,0.041,1,0
20,20,KNN,brute,201,uncalibrated,0.036,0,0
20,20,KNN,brute,201,uncalibrated,0.0366,0,0
20,20,KNN,brute,201,uncalibrated,0.037,0,0
20,20,KNN,brute,201,uncalibrated,0.0374,0,0
20,20,KNN,brute,201,uncalibrated,0.0378,0.08308356796141,0.0329805961646815
20,20,KNN,brute,201,uncalibrated,0.0382,0.807378109452737,0.0744661798533309
20,20,KNN,brute,201,uncalibrated,0.0386,0.998575279387723,0.00142472061228786
20,20,KNN,brute,201,uncalibrated,0.039,1,0
20,20,KNN,brute,201,uncalibrated,0.0394,1,0
20,20,KNN,brute,201,uncalibrated,0.0398,1,0
20,20,KNN,brute,201,uncalibrated,0.0402,1,0
20,20,KNN,brute,201,uncalibrated,0.041,1,0
12,12,KNN,auto,1,uncalibrated,0.036,0,0
12,12,KNN,auto,1,uncalibrated,0.0366,0,0
12,12,KNN,auto,1,uncalibrated,0.037,0,0
12,12,KNN,auto,1,uncalibrated,0.0374,0,0
12,12,KNN,auto,1,uncalibrated,0.0378,0.159229208924949,0.0490459757485053
12,12,KNN,auto,1,uncalibrated,0.0382,0.883,0.0511566222497146
12,12,KNN,auto,1,uncalibrated,0.0386,1,0
12,12,KNN,auto,1,uncalibrated,0.039,1,0
12,12,KNN,auto,1,uncalibrated,0.0394,1,0
12,12,KNN,auto,1,uncalibrated,0.0398,1,0
12,12,KNN,auto,1,uncalibrated,0.0402,1,0
12,12,KNN,auto,1,uncalibrated,0.041,1,0
12,12,KNN,auto,3,uncalibrated,0.036,0,0
12,12,KNN,auto,3,uncalibrated,0.0366,0,0
12,12,KNN,auto,3,uncalibrated,0.037,0,0
12,12,KNN,auto,3,uncalibrated,0.0374,0,0
12,12,KNN,auto,3,uncalibrated,0.0378,0.154834347532116,0.0477175168350377
12,12,KNN,auto,3,uncalibrated,0.0382,0.882666666666667,0.0504456331584996
12,12,KNN,auto,3,uncalibrated,0.0386,1,0
12,12,KNN,auto,3,uncalibrated,0.039,1,0
12,12,KNN,auto,3,uncalibrated,0.0394,1,0
12,12,KNN,auto,3,uncalibrated,0.0398,1,0
12,12,KNN,auto,3,uncalibrated,0.0402,1,0
12,12,KNN,auto,3,uncalibrated,0.041,1,0
12,12,KNN,auto,5,uncalibrated,0.036,0,0
12,12,KNN,auto,5,uncalibrated,0.0366,0,0
12,12,KNN,auto,5,uncalibrated,0.037,0,0
12,12,KNN,auto,5,uncalibrated,0.0374,0.000211864406779659,0.000211864406779661
12,12,KNN,auto,5,uncalibrated,0.0378,0.153144016227181,0.0471962173859277
12,12,KNN,auto,5,uncalibrated,0.0382,0.883,0.0501202553864204
12,12,KNN,auto,5,uncalibrated,0.0386,1,0
12,12,KNN,auto,5,uncalibrated,0.039,1,0
12,12,KNN,auto,5,uncalibrated,0.0394,1,0
12,12,KNN,auto,5,uncalibrated,0.0398,1,0
12,12,KNN,auto,5,uncalibrated,0.0402,1,0
12,12,KNN,auto,5,uncalibrated,0.041,1,0
12,12,KNN,auto,7,uncalibrated,0.036,0,0
12,12,KNN,auto,7,uncalibrated,0.0366,0,0
12,12,KNN,auto,7,uncalibrated,0.037,0,0
12,12,KNN,auto,7,uncalibrated,0.0374,0.000302663438256659,0.000302663438256659
12,12,KNN,auto,7,uncalibrated,0.0378,0.156766154737757,0.0476013224135705
12,12,KNN,auto,7,uncalibrated,0.0382,0.884000000000001,0.0498515580756068
12,12,KNN,auto,7,uncalibrated,0.0386,0.999836360661071,0.000163639338896997
12,12,KNN,auto,7,uncalibrated,0.039,1,0
12,12,KNN,auto,7,uncalibrated,0.0394,1,0
12,12,KNN,auto,7,uncalibrated,0.0398,1,0
12,12,KNN,auto,7,uncalibrated,0.0402,1,0
12,12,KNN,auto,7,uncalibrated,0.041,1,0
12,12,KNN,auto,9,uncalibrated,0.036,0,0
12,12,KNN,auto,9,uncalibrated,0.0366,0,0
12,12,KNN,auto,9,uncalibrated,0.037,0,0
12,12,KNN,auto,9,uncalibrated,0.0374,0.000353107344632768,0.000353107344632768
12,12,KNN,auto,9,uncalibrated,0.0378,0.1587784539103,0.0482421561282284
12,12,KNN,auto,9,uncalibrated,0.0382,0.884444444444445,0.0493582090865623
12,12,KNN,auto,9,uncalibrated,0.0386,0.999872724958625,0.000127275041364343
12,12,KNN,auto,9,uncalibrated,0.039,1,0
12,12,KNN,auto,9,uncalibrated,0.0394,1,0
12,12,KNN,auto,9,uncalibrated,0.0398,1,0
12,12,KNN,auto,9,uncalibrated,0.0402,1,0
12,12,KNN,auto,9,uncalibrated,0.041,1,0
12,12,KNN,auto,11,uncalibrated,0.036,0,0
12,12,KNN,auto,11,uncalibrated,0.0366,0,0
12,12,KNN,auto,11,uncalibrated,0.037,0,0
12,12,KNN,auto,11,uncalibrated,0.0374,0.000481510015408324,0.00048151001540832
12,12,KNN,auto,11,uncalibrated,0.0378,0.161349806380232,0.0484158729524153
12,12,KNN,auto,11,uncalibrated,0.0382,0.885727272727273,0.0488458409154184
12,12,KNN,auto,11,uncalibrated,0.0386,0.999791731750494,0.000208268249505479
12,12,KNN,auto,11,uncalibrated,0.039,1,0
12,12,KNN,auto,11,uncalibrated,0.0394,1,0
12,12,KNN,auto,11,uncalibrated,0.0398,1,0
12,12,KNN,auto,11,uncalibrated,0.0402,1,0
12,12,KNN,auto,11,uncalibrated,0.041,1,0
12,12,KNN,auto,13,uncalibrated,0.036,0,0
12,12,KNN,auto,13,uncalibrated,0.0366,0,0
12,12,KNN,auto,13,uncalibrated,0.037,0,0
12,12,KNN,auto,13,uncalibrated,0.0374,0.000539000539000539,0.000539000539000539
12,12,KNN,auto,13,uncalibrated,0.0378,0.163286004056796,0.0488657215274087
12,12,KNN,auto,13,uncalibrated,0.0382,0.885923076923076,0.0486615356821488
12,12,KNN,auto,13,uncalibrated,0.0386,0.999823773019681,0.000176226980350764
12,12,KNN,auto,13,uncalibrated,0.039,1,0
12,12,KNN,auto,13,uncalibrated,0.0394,1,0
12,12,KNN,auto,13,uncalibrated,0.0398,1,0
12,12,KNN,auto,13,uncalibrated,0.0402,1,0
12,12,KNN,auto,13,uncalibrated,0.041,1,0
12,12,KNN,auto,15,uncalibrated,0.036,0,0
12,12,KNN,auto,15,uncalibrated,0.0366,0,0
12,12,KNN,auto,15,uncalibrated,0.037,0,0
12,12,KNN,auto,15,uncalibrated,0.0374,0.000667334000667334,0.000667334000667334
12,12,KNN,auto,15,uncalibrated,0.0378,0.165382014874915,0.0489699335637541
12,12,KNN,auto,15,uncalibrated,0.0382,0.886733333333333,0.0486429883689346
12,12,KNN,auto,15,uncalibrated,0.0386,0.999770904925533,0.000229095074455972
12,12,KNN,auto,15,uncalibrated,0.039,1,0
12,12,KNN,auto,15,uncalibrated,0.0394,1,0
12,12,KNN,auto,15,uncalibrated,0.0398,1,0
12,12,KNN,auto,15,uncalibrated,0.0402,1,0
12,12,KNN,auto,15,uncalibrated,0.041,1,0
12,12,KNN,auto,17,uncalibrated,0.036,0,0
12,12,KNN,auto,17,uncalibrated,0.0366,0,0
12,12,KNN,auto,17,uncalibrated,0.037,0,0
12,12,KNN,auto,17,uncalibrated,0.0374,0.00070658894188306,0.00070658894188306
12,12,KNN,auto,17,uncalibrated,0.0378,0.167641092948336,0.049245557912237
12,12,KNN,auto,17,uncalibrated,0.0382,0.887,0.0484756819955456
12,12,KNN,auto,17,uncalibrated,0.0386,0.999730476383004,0.000269523617006903
12,12,KNN,auto,17,uncalibrated,0.039,1,0
12,12,KNN,auto,17,uncalibrated,0.0394,1,0
12,12,KNN,auto,17,uncalibrated,0.0398,1,0
12,12,KNN,auto,17,uncalibrated,0.0402,1,0
12,12,KNN,auto,17,uncalibrated,0.041,1,0
12,12,KNN,auto,19,uncalibrated,0.036,0,0
12,12,KNN,auto,19,uncalibrated,0.0366,0,0
12,12,KNN,auto,19,uncalibrated,0.037,0,0
12,12,KNN,auto,19,uncalibrated,0.0374,0.000684895421737527,0.000684895421737527
12,12,KNN,auto,19,uncalibrated,0.0378,0.168570513504857,0.0494353017201872
12,12,KNN,auto,19,uncalibrated,0.0382,0.887368421052632,0.0483426629279273
12,12,KNN,auto,19,uncalibrated,0.0386,0.999758847290046,0.000241152709953585
12,12,KNN,auto,19,uncalibrated,0.039,1,0
12,12,KNN,auto,19,uncalibrated,0.0394,1,0
12,12,KNN,auto,19,uncalibrated,0.0398,1,0
12,12,KNN,auto,19,uncalibrated,0.0402,1,0
12,12,KNN,auto,19,uncalibrated,0.041,1,0
12,12,KNN,auto,21,uncalibrated,0.036,0,0
12,12,KNN,auto,21,uncalibrated,0.0366,0,0
12,12,KNN,auto,21,uncalibrated,0.037,0,0
12,12,KNN,auto,21,uncalibrated,0.0374,0.000810334143667477,0.000810334143667477
12,12,KNN,auto,21,uncalibrated,0.0378,0.169902443736115,0.0497460985975457
12,12,KNN,auto,21,uncalibrated,0.0382,0.888238095238094,0.0480472145233539
12,12,KNN,auto,21,uncalibrated,0.0386,0.999781814214783,0.000218185785196033
12,12,KNN,auto,21,uncalibrated,0.039,1,0
12,12,KNN,auto,21,uncalibrated,0.0394,1,0
12,12,KNN,auto,21,uncalibrated,0.0398,1,0
12,12,KNN,auto,21,uncalibrated,0.0402,1,0
12,12,KNN,auto,21,uncalibrated,0.041,1,0
12,12,KNN,auto,23,uncalibrated,0.036,0,0
12,12,KNN,auto,23,uncalibrated,0.0366,0,0
12,12,KNN,auto,23,uncalibrated,0.037,0,0
12,12,KNN,auto,23,uncalibrated,0.0374,0.000870435653044349,0.000870435653044349
12,12,KNN,auto,23,uncalibrated,0.0378,0.171090925125673,0.0498464083205242
12,12,KNN,auto,23,uncalibrated,0.0382,0.88913043478261,0.0479187245113032
12,12,KNN,auto,23,uncalibrated,0.0386,0.999750983614711,0.000249016385278125
12,12,KNN,auto,23,uncalibrated,0.039,1,0
12,12,KNN,auto,23,uncalibrated,0.0394,1,0
12,12,KNN,auto,23,uncalibrated,0.0398,1,0
12,12,KNN,auto,23,uncalibrated,0.0402,1,0
12,12,KNN,auto,23,uncalibrated,0.041,1,0
12,12,KNN,auto,25,uncalibrated,0.036,0,0
12,12,KNN,auto,25,uncalibrated,0.0366,0,0
12,12,KNN,auto,25,uncalibrated,0.037,0,0
12,12,KNN,auto,25,uncalibrated,0.0374,0.000960960960960961,0.000960960960960961
12,12,KNN,auto,25,uncalibrated,0.0378,0.173022312373226,0.0501432822292343
12,12,KNN,auto,25,uncalibrated,0.0382,0.889680000000001,0.047745104161878
12,12,KNN,auto,25,uncalibrated,0.0386,0.999770904925533,0.000229095074455972
12,12,KNN,auto,25,uncalibrated,0.039,1,0
12,12,KNN,auto,25,uncalibrated,0.0394,1,0
12,12,KNN,auto,25,uncalibrated,0.0398,1,0
12,12,KNN,auto,25,uncalibrated,0.0402,1,0
12,12,KNN,auto,25,uncalibrated,0.041,1,0
12,12,KNN,auto,27,uncalibrated,0.036,0,0
12,12,KNN,auto,27,uncalibrated,0.0366,0,0
12,12,KNN,auto,27,uncalibrated,0.037,0,0
12,12,KNN,auto,27,uncalibrated,0.0374,0.000963926889852815,0.000963926889852816
12,12,KNN,auto,27,uncalibrated,0.0378,0.174592442340921,0.0502219232350971
12,12,KNN,auto,27,uncalibrated,0.0382,0.89,0.0476446691800222
12,12,KNN,auto,27,uncalibrated,0.0386,0.999787874931091,0.000212125068940682
12,12,KNN,auto,27,uncalibrated,0.039,1,0
12,12,KNN,auto,27,uncalibrated,0.0394,1,0
12,12,KNN,auto,27,uncalibrated,0.0398,1,0
12,12,KNN,auto,27,uncalibrated,0.0402,1,0
12,12,KNN,auto,27,uncalibrated,0.041,1,0
12,12,KNN,auto,29,uncalibrated,0.036,0,0
12,12,KNN,auto,29,uncalibrated,0.0366,0,0
12,12,KNN,auto,29,uncalibrated,0.037,0,0
12,12,KNN,auto,29,uncalibrated,0.0374,0.000931966449207828,0.000931966449207829
12,12,KNN,auto,29,uncalibrated,0.0378,0.175736168426943,0.0503770961809697
12,12,KNN,auto,29,uncalibrated,0.0382,0.890793103448275,0.0474069426309524
12,12,KNN,auto,29,uncalibrated,0.0386,0.999802504246159,0.000197495753841317
12,12,KNN,auto,29,uncalibrated,0.039,1,0
12,12,KNN,auto,29,uncalibrated,0.0394,1,0
12,12,KNN,auto,29,uncalibrated,0.0398,1,0
12,12,KNN,auto,29,uncalibrated,0.0402,1,0
12,12,KNN,auto,29,uncalibrated,0.041,1,0
12,12,KNN,auto,31,uncalibrated,0.036,0,0
12,12,KNN,auto,31,uncalibrated,0.0366,0,0
12,12,KNN,auto,31,uncalibrated,0.037,0,0
12,12,KNN,auto,31,uncalibrated,0.0374,0.001001001001001,0.001001001001001
12,12,KNN,auto,31,uncalibrated,0.0378,0.176732316953477,0.0506136452676148
12,12,KNN,auto,31,uncalibrated,0.0382,0.891290322580644,0.047129052760399
12,12,KNN,auto,31,uncalibrated,0.0386,0.999815245907675,0.000184754092303111
12,12,KNN,auto,31,uncalibrated,0.039,1,0
12,12,KNN,auto,31,uncalibrated,0.0394,1,0
12,12,KNN,auto,31,uncalibrated,0.0398,1,0
12,12,KNN,auto,31,uncalibrated,0.0402,1,0
12,12,KNN,auto,31,uncalibrated,0.041,1,0
12,12,KNN,auto,33,uncalibrated,0.036,0,0
12,12,KNN,auto,33,uncalibrated,0.0366,0,0
12,12,KNN,auto,33,uncalibrated,0.037,0,0
12,12,KNN,auto,33,uncalibrated,0.0374,0.0010616677283344,0.00106166772833439
12,12,KNN,auto,33,uncalibrated,0.0378,0.177853586575697,0.0507912833811353
12,12,KNN,auto,33,uncalibrated,0.0382,0.892090909090909,0.0469481014451708
12,12,KNN,auto,33,uncalibrated,0.0386,0.999791731750494,0.000208268249505479
12,12,KNN,auto,33,uncalibrated,0.039,1,0
12,12,KNN,auto,33,uncalibrated,0.0394,1,0
12,12,KNN,auto,33,uncalibrated,0.0398,1,0
12,12,KNN,auto,33,uncalibrated,0.0402,1,0
12,12,KNN,auto,33,uncalibrated,0.041,1,0
12,12,KNN,auto,35,uncalibrated,0.036,0,0
12,12,KNN,auto,35,uncalibrated,0.0366,0,0
12,12,KNN,auto,35,uncalibrated,0.037,0,0
12,12,KNN,auto,35,uncalibrated,0.0374,0.00111540111540112,0.00111540111540112
12,12,KNN,auto,35,uncalibrated,0.0378,0.180461760461761,0.0510647934884697
12,12,KNN,auto,35,uncalibrated,0.0382,0.892657142857143,0.0468100896153374
12,12,KNN,auto,35,uncalibrated,0.0386,0.999803632793334,0.000196367206676484
12,12,KNN,auto,35,uncalibrated,0.039,1,0
12,12,KNN,auto,35,uncalibrated,0.0394,1,0
12,12,KNN,auto,35,uncalibrated,0.0398,1,0
12,12,KNN,auto,35,uncalibrated,0.0402,1,0
12,12,KNN,auto,35,uncalibrated,0.041,1,0
12,12,KNN,auto,37,uncalibrated,0.036,0,0
12,12,KNN,auto,37,uncalibrated,0.0366,0,0
12,12,KNN,auto,37,uncalibrated,0.037,0,0
12,12,KNN,auto,37,uncalibrated,0.0374,0.00119037956875795,0.00119037956875795
12,12,KNN,auto,37,uncalibrated,0.0378,0.179951757030865,0.0512781674469234
12,12,KNN,auto,37,uncalibrated,0.0382,0.893108108108108,0.0466679217245006
12,12,KNN,auto,37,uncalibrated,0.0386,0.999814247236938,0.000185752763072395
12,12,KNN,auto,37,uncalibrated,0.039,1,0
12,12,KNN,auto,37,uncalibrated,0.0394,1,0
12,12,KNN,auto,37,uncalibrated,0.0398,1,0
12,12,KNN,auto,37,uncalibrated,0.0402,1,0
12,12,KNN,auto,37,uncalibrated,0.041,1,0
12,12,KNN,auto,39,uncalibrated,0.036,0,0
12,12,KNN,auto,39,uncalibrated,0.0366,0,0
12,12,KNN,auto,39,uncalibrated,0.037,0,0
12,12,KNN,auto,39,uncalibrated,0.0374,0.00115500115500115,0.00115500115500116
12,12,KNN,auto,39,uncalibrated,0.0378,0.182957782957783,0.0514671863268227
12,12,KNN,auto,39,uncalibrated,0.0382,0.893717948717949,0.0465027340433255
12,12,KNN,auto,39,uncalibrated,0.0386,0.999823773019681,0.000176226980350764
12,12,KNN,auto,39,uncalibrated,0.039,1,0
12,12,KNN,auto,39,uncalibrated,0.0394,1,0
12,12,KNN,auto,39,uncalibrated,0.0398,1,0
12,12,KNN,auto,39,uncalibrated,0.0402,1,0
12,12,KNN,auto,39,uncalibrated,0.041,1,0
12,12,KNN,auto,41,uncalibrated,0.036,0,0
12,12,KNN,auto,41,uncalibrated,0.0366,0,0
12,12,KNN,auto,41,uncalibrated,0.037,0,0
12,12,KNN,auto,41,uncalibrated,0.0374,0.001123074293806,0.001123074293806
12,12,KNN,auto,41,uncalibrated,0.0378,0.184355752648436,0.0516679262881093
12,12,KNN,auto,41,uncalibrated,0.0382,0.894243902439024,0.0464779212266802
12,12,KNN,auto,41,uncalibrated,0.0386,0.999832369457747,0.000167630542284798
12,12,KNN,auto,41,uncalibrated,0.039,1,0
12,12,KNN,auto,41,uncalibrated,0.0394,1,0
12,12,KNN,auto,41,uncalibrated,0.0398,1,0
12,12,KNN,auto,41,uncalibrated,0.0402,1,0
12,12,KNN,auto,41,uncalibrated,0.041,1,0
12,12,KNN,auto,43,uncalibrated,0.036,0,0
12,12,KNN,auto,43,uncalibrated,0.0366,0,0
12,12,KNN,auto,43,uncalibrated,0.037,0,0
12,12,KNN,auto,43,uncalibrated,0.0374,0.00114067555928021,0.00114067555928021
12,12,KNN,auto,43,uncalibrated,0.0378,0.185459243598779,0.0519090725562475
12,12,KNN,auto,43,uncalibrated,0.0382,0.894697674418605,0.0463710033627726
12,12,KNN,auto,43,uncalibrated,0.0386,0.999840166227124,0.000159833772876172
12,12,KNN,auto,43,uncalibrated,0.039,1,0
12,12,KNN,auto,43,uncalibrated,0.0394,1,0
12,12,KNN,auto,43,uncalibrated,0.0398,1,0
12,12,KNN,auto,43,uncalibrated,0.0402,1,0
12,12,KNN,auto,43,uncalibrated,0.041,1,0
12,12,KNN,auto,45,uncalibrated,0.036,0,0
12,12,KNN,auto,45,uncalibrated,0.0366,0,0
12,12,KNN,auto,45,uncalibrated,0.037,0,0
12,12,KNN,auto,45,uncalibrated,0.0374,0.00113446780113447,0.00113446780113447
12,12,KNN,auto,45,uncalibrated,0.0378,0.186509539842874,0.0521057385398458
12,12,KNN,auto,45,uncalibrated,0.0382,0.895222222222222,0.0463118659110412
12,12,KNN,auto,45,uncalibrated,0.0386,0.999847269950363,0.000152730049637278
12,12,KNN,auto,45,uncalibrated,0.039,1,0
12,12,KNN,auto,45,uncalibrated,0.0394,1,0
12,12,KNN,auto,45,uncalibrated,0.0398,1,0
12,12,KNN,auto,45,uncalibrated,0.0402,1,0
12,12,KNN,auto,45,uncalibrated,0.041,1,0
12,12,KNN,auto,47,uncalibrated,0.036,0,0
12,12,KNN,auto,47,uncalibrated,0.0366,0,0
12,12,KNN,auto,47,uncalibrated,0.037,0,0
12,12,KNN,auto,47,uncalibrated,0.0374,0.00119268204374587,0.00119268204374587
12,12,KNN,auto,47,uncalibrated,0.0378,0.187405974640017,0.052219468905571
12,12,KNN,auto,47,uncalibrated,0.0382,0.89559574468085,0.0461933373938517
12,12,KNN,auto,47,uncalibrated,0.0386,0.999853769101411,0.000146230898588906
12,12,KNN,auto,47,uncalibrated,0.039,1,0
12,12,KNN,auto,47,uncalibrated,0.0394,1,0
12,12,KNN,auto,47,uncalibrated,0.0398,1,0
12,12,KNN,auto,47,uncalibrated,0.0402,1,0
12,12,KNN,auto,47,uncalibrated,0.041,1,0
12,12,KNN,auto,49,uncalibrated,0.036,0,0
12,12,KNN,auto,49,uncalibrated,0.0366,0,0
12,12,KNN,auto,49,uncalibrated,0.037,0,0
12,12,KNN,auto,49,uncalibrated,0.0374,0.0012257155114298,0.0012257155114298
12,12,KNN,auto,49,uncalibrated,0.0378,0.188208616780045,0.0523422742524662
12,12,KNN,auto,49,uncalibrated,0.0382,0.896142857142857,0.0459594781953082
12,12,KNN,auto,49,uncalibrated,0.0386,0.999859737709517,0.000140262290483172
12,12,KNN,auto,49,uncalibrated,0.039,1,0
12,12,KNN,auto,49,uncalibrated,0.0394,1,0
12,12,KNN,auto,49,uncalibrated,0.0398,1,0
12,12,KNN,auto,49,uncalibrated,0.0402,1,0
12,12,KNN,auto,49,uncalibrated,0.041,1,0
12,12,KNN,auto,51,uncalibrated,0.036,0,0
12,12,KNN,auto,51,uncalibrated,0.0366,0,0
12,12,KNN,auto,51,uncalibrated,0.037,0,0
12,12,KNN,auto,51,uncalibrated,0.0374,0.00119727570707963,0.00119727570707963
12,12,KNN,auto,51,uncalibrated,0.0378,0.18920578332343,0.0525492415925024
12,12,KNN,auto,51,uncalibrated,0.0382,0.89643137254902,0.0459109083015247
12,12,KNN,auto,51,uncalibrated,0.0386,0.999865238191507,0.000134761808503506
12,12,KNN,auto,51,uncalibrated,0.039,1,0
12,12,KNN,auto,51,uncalibrated,0.0394,1,0
12,12,KNN,auto,51,uncalibrated,0.0398,1,0
12,12,KNN,auto,51,uncalibrated,0.0402,1,0
12,12,KNN,auto,51,uncalibrated,0.041,1,0
12,12,KNN,auto,61,uncalibrated,0.036,0,0
12,12,KNN,auto,61,uncalibrated,0.0366,0,0
12,12,KNN,auto,61,uncalibrated,0.037,0,0
12,12,KNN,auto,61,uncalibrated,0.0374,0.00141124731288666,0.00141124731288666
12,12,KNN,auto,61,uncalibrated,0.0378,0.192846497764531,0.053237517934023
12,12,KNN,auto,61,uncalibrated,0.0382,0.898016393442622,0.0455160447680171
12,12,KNN,auto,61,uncalibrated,0.0386,0.999887330291219,0.000112669708748826
12,12,KNN,auto,61,uncalibrated,0.039,1,0
12,12,KNN,auto,61,uncalibrated,0.0394,1,0
12,12,KNN,auto,61,uncalibrated,0.0398,1,0
12,12,KNN,auto,61,uncalibrated,0.0402,1,0
12,12,KNN,auto,61,uncalibrated,0.041,1,0
12,12,KNN,auto,81,uncalibrated,0.036,0,0
12,12,KNN,auto,81,uncalibrated,0.0366,0,0
12,12,KNN,auto,81,uncalibrated,0.037,0,0
12,12,KNN,auto,81,uncalibrated,0.0374,0.00160654481642136,0.00160654481642136
12,12,KNN,auto,81,uncalibrated,0.0378,0.197780271854345,0.0539929467140763
12,12,KNN,auto,81,uncalibrated,0.0382,0.900197530864197,0.0448447191804558
12,12,KNN,auto,81,uncalibrated,0.0386,0.999872724958625,0.000127275041364343
12,12,KNN,auto,81,uncalibrated,0.039,1,0
12,12,KNN,auto,81,uncalibrated,0.0394,1,0
12,12,KNN,auto,81,uncalibrated,0.0398,1,0
12,12,KNN,auto,81,uncalibrated,0.0402,1,0
12,12,KNN,auto,81,uncalibrated,0.041,1,0
12,12,KNN,auto,101,uncalibrated,0.036,0,0
12,12,KNN,auto,101,uncalibrated,0.0366,0,0
12,12,KNN,auto,101,uncalibrated,0.037,0,0
12,12,KNN,auto,101,uncalibrated,0.0374,0.00166503136800166,0.00166503136800166
12,12,KNN,auto,101,uncalibrated,0.0378,0.202600260026003,0.0547376408533365
12,12,KNN,auto,101,uncalibrated,0.0382,0.902108910891089,0.0443089294943169
12,12,KNN,auto,101,uncalibrated,0.0386,0.999897927937145,0.000102072062876382
12,12,KNN,auto,101,uncalibrated,0.039,1,0
12,12,KNN,auto,101,uncalibrated,0.0394,1,0
12,12,KNN,auto,101,uncalibrated,0.0398,1,0
12,12,KNN,auto,101,uncalibrated,0.0402,1,0
12,12,KNN,auto,101,uncalibrated,0.041,1,0
12,12,KNN,auto,151,uncalibrated,0.036,0,0
12,12,KNN,auto,151,uncalibrated,0.0366,0,0
12,12,KNN,auto,151,uncalibrated,0.037,0,0
12,12,KNN,auto,151,uncalibrated,0.0374,0.00194896883638606,0.00194896883638606
12,12,KNN,auto,151,uncalibrated,0.0378,0.211198073449729,0.0561117934409258
12,12,KNN,auto,151,uncalibrated,0.0382,0.905370860927152,0.0433747224814094
12,12,KNN,auto,151,uncalibrated,0.0386,0.999924140703823,7.58592961773787E-05
12,12,KNN,auto,151,uncalibrated,0.039,1,0
12,12,KNN,auto,151,uncalibrated,0.0394,1,0
12,12,KNN,auto,151,uncalibrated,0.0398,1,0
12,12,KNN,auto,151,uncalibrated,0.0402,1,0
12,12,KNN,auto,151,uncalibrated,0.041,1,0
12,12,KNN,auto,201,uncalibrated,0.036,0,0
12,12,KNN,auto,201,uncalibrated,0.0366,0,0
12,12,KNN,auto,201,uncalibrated,0.037,0,0
12,12,KNN,auto,201,uncalibrated,0.0374,0.00215140513647976,0.00215140513647976
12,12,KNN,auto,201,uncalibrated,0.0378,0.216664153977587,0.0569301574868234
12,12,KNN,auto,201,uncalibrated,0.0382,0.907756218905473,0.0426856532672881
12,12,KNN,auto,201,uncalibrated,0.0386,0.999937312293049,6.2687706940727E-05
12,12,KNN,auto,201,uncalibrated,0.039,1,0
12,12,KNN,auto,201,uncalibrated,0.0394,1,0
12,12,KNN,auto,201,uncalibrated,0.0398,1,0
12,12,KNN,auto,201,uncalibrated,0.0402,1,0
12,12,KNN,auto,201,uncalibrated,0.041,1,0
12,12,KNN,kd_tree,1,uncalibrated,0.036,0,0
12,12,KNN,kd_tree,1,uncalibrated,0.0366,0,0
12,12,KNN,kd_tree,1,uncalibrated,0.037,0,0
12,12,KNN,kd_tree,1,uncalibrated,0.0374,0,0
12,12,KNN,kd_tree,1,uncalibrated,0.0378,0.159229208924949,0.0490459757485053
12,12,KNN,kd_tree,1,uncalibrated,0.0382,0.883,0.0511566222497146
12,12,KNN,kd_tree,1,uncalibrated,0.0386,1,0
12,12,KNN,kd_tree,1,uncalibrated,0.039,1,0
12,12,KNN,kd_tree,1,uncalibrated,0.0394,1,0
12,12,KNN,kd_tree,1,uncalibrated,0.0398,1,0
12,12,KNN,kd_tree,1,uncalibrated,0.0402,1,0
12,12,KNN,kd_tree,1,uncalibrated,0.041,1,0
12,12,KNN,kd_tree,3,uncalibrated,0.036,0,0
12,12,KNN,kd_tree,3,uncalibrated,0.0366,0,0
12,12,KNN,kd_tree,3,uncalibrated,0.037,0,0
12,12,KNN,kd_tree,3,uncalibrated,0.0374,0,0
12,12,KNN,kd_tree,3,uncalibrated,0.0378,0.154834347532116,0.0477175168350377
12,12,KNN,kd_tree,3,uncalibrated,0.0382,0.882666666666667,0.0504456331584996
12,12,KNN,kd_tree,3,uncalibrated,0.0386,1,0
12,12,KNN,kd_tree,3,uncalibrated,0.039,1,0
12,12,KNN,kd_tree,3,uncalibrated,0.0394,1,0
12,12,KNN,kd_tree,3,uncalibrated,0.0398,1,0
12,12,KNN,kd_tree,3,uncalibrated,0.0402,1,0
12,12,KNN,kd_tree,3,uncalibrated,0.041,1,0
12,12,KNN,kd_tree,5,uncalibrated,0.036,0,0
12,12,KNN,kd_tree,5,uncalibrated,0.0366,0,0
12,12,KNN,kd_tree,5,uncalibrated,0.037,0,0
12,12,KNN,kd_tree,5,uncalibrated,0.0374,0.000211864406779659,0.000211864406779661
12,12,KNN,kd_tree,5,uncalibrated,0.0378,0.153144016227181,0.0471962173859277
12,12,KNN,kd_tree,5,uncalibrated,0.0382,0.883,0.0501202553864204
12,12,KNN,kd_tree,5,uncalibrated,0.0386,1,0
12,12,KNN,kd_tree,5,uncalibrated,0.039,1,0
12,12,KNN,kd_tree,5,uncalibrated,0.0394,1,0
12,12,KNN,kd_tree,5,uncalibrated,0.0398,1,0
12,12,KNN,kd_tree,5,uncalibrated,0.0402,1,0
12,12,KNN,kd_tree,5,uncalibrated,0.041,1,0
12,12,KNN,kd_tree,7,uncalibrated,0.036,0,0
12,12,KNN,kd_tree,7,uncalibrated,0.0366,0,0
12,12,KNN,kd_tree,7,uncalibrated,0.037,0,0
12,12,KNN,kd_tree,7,uncalibrated,0.0374,0.000302663438256659,0.000302663438256659
12,12,KNN,kd_tree,7,uncalibrated,0.0378,0.156766154737757,0.0476013224135705
12,12,KNN,kd_tree,7,uncalibrated,0.0382,0.884000000000001,0.0498515580756068
12,12,KNN,kd_tree,7,uncalibrated,0.0386,0.999836360661071,0.000163639338896997
12,12,KNN,kd_tree,7,uncalibrated,0.039,1,0
12,12,KNN,kd_tree,7,uncalibrated,0.0394,1,0
12,12,KNN,kd_tree,7,uncalibrated,0.0398,1,0
12,12,KNN,kd_tree,7,uncalibrated,0.0402,1,0
12,12,KNN,kd_tree,7,uncalibrated,0.041,1,0
12,12,KNN,kd_tree,9,uncalibrated,0.036,0,0
12,12,KNN,kd_tree,9,uncalibrated,0.0366,0,0
12,12,KNN,kd_tree,9,uncalibrated,0.037,0,0
12,12,KNN,kd_tree,9,uncalibrated,0.0374,0.000353107344632768,0.000353107344632768
12,12,KNN,kd_tree,9,uncalibrated,0.0378,0.1587784539103,0.0482421561282284
12,12,KNN,kd_tree,9,uncalibrated,0.0382,0.884444444444445,0.0493582090865623
12,12,KNN,kd_tree,9,uncalibrated,0.0386,0.999872724958625,0.000127275041364343
12,12,KNN,kd_tree,9,uncalibrated,0.039,1,0
12,12,KNN,kd_tree,9,uncalibrated,0.0394,1,0
12,12,KNN,kd_tree,9,uncalibrated,0.0398,1,0
12,12,KNN,kd_tree,9,uncalibrated,0.0402,1,0
12,12,KNN,kd_tree,9,uncalibrated,0.041,1,0
12,12,KNN,kd_tree,11,uncalibrated,0.036,0,0
12,12,KNN,kd_tree,11,uncalibrated,0.0366,0,0
12,12,KNN,kd_tree,11,uncalibrated,0.037,0,0
12,12,KNN,kd_tree,11,uncalibrated,0.0374,0.000481510015408324,0.00048151001540832
12,12,KNN,kd_tree,11,uncalibrated,0.0378,0.161349806380232,0.0484158729524153
12,12,KNN,kd_tree,11,uncalibrated,0.0382,0.885727272727273,0.0488458409154184
12,12,KNN,kd_tree,11,uncalibrated,0.0386,0.999791731750494,0.000208268249505479
12,12,KNN,kd_tree,11,uncalibrated,0.039,1,0
12,12,KNN,kd_tree,11,uncalibrated,0.0394,1,0
12,12,KNN,kd_tree,11,uncalibrated,0.0398,1,0
12,12,KNN,kd_tree,11,uncalibrated,0.0402,1,0
12,12,KNN,kd_tree,11,uncalibrated,0.041,1,0
12,12,KNN,kd_tree,13,uncalibrated,0.036,0,0
12,12,KNN,kd_tree,13,uncalibrated,0.0366,0,0
12,12,KNN,kd_tree,13,uncalibrated,0.037,0,0
12,12,KNN,kd_tree,13,uncalibrated,0.0374,0.000539000539000539,0.000539000539000539
12,12,KNN,kd_tree,13,uncalibrated,0.0378,0.163286004056796,0.0488657215274087
12,12,KNN,kd_tree,13,uncalibrated,0.0382,0.885923076923076,0.0486615356821488
12,12,KNN,kd_tree,13,uncalibrated,0.0386,0.999823773019681,0.000176226980350764
12,12,KNN,kd_tree,13,uncalibrated,0.039,1,0
12,12,KNN,kd_tree,13,uncalibrated,0.0394,1,0
12,12,KNN,kd_tree,13,uncalibrated,0.0398,1,0
12,12,KNN,kd_tree,13,uncalibrated,0.0402,1,0
12,12,KNN,kd_tree,13,uncalibrated,0.041,1,0
12,12,KNN,kd_tree,15,uncalibrated,0.036,0,0
12,12,KNN,kd_tree,15,uncalibrated,0.0366,0,0
12,12,KNN,kd_tree,15,uncalibrated,0.037,0,0
12,12,KNN,kd_tree,15,uncalibrated,0.0374,0.000667334000667334,0.000667334000667334
12,12,KNN,kd_tree,15,uncalibrated,0.0378,0.165382014874915,0.0489699335637541
12,12,KNN,kd_tree,15,uncalibrated,0.0382,0.886733333333333,0.0486429883689346
12,12,KNN,kd_tree,15,uncalibrated,0.0386,0.999770904925533,0.000229095074455972
12,12,KNN,kd_tree,15,uncalibrated,0.039,1,0
12,12,KNN,kd_tree,15,uncalibrated,0.0394,1,0
12,12,KNN,kd_tree,15,uncalibrated,0.0398,1,0
12,12,KNN,kd_tree,15,uncalibrated,0.0402,1,0
12,12,KNN,kd_tree,15,uncalibrated,0.041,1,0
12,12,KNN,kd_tree,17,uncalibrated,0.036,0,0
12,12,KNN,kd_tree,17,uncalibrated,0.0366,0,0
12,12,KNN,kd_tree,17,uncalibrated,0.037,0,0
12,12,KNN,kd_tree,17,uncalibrated,0.0374,0.00070658894188306,0.00070658894188306
12,12,KNN,kd_tree,17,uncalibrated,0.0378,0.167641092948336,0.049245557912237
12,12,KNN,kd_tree,17,uncalibrated,0.0382,0.887,0.0484756819955456
12,12,KNN,kd_tree,17,uncalibrated,0.0386,0.999730476383004,0.000269523617006903
12,12,KNN,kd_tree,17,uncalibrated,0.039,1,0
12,12,KNN,kd_tree,17,uncalibrated,0.0394,1,0
12,12,KNN,kd_tree,17,uncalibrated,0.0398,1,0
12,12,KNN,kd_tree,17,uncalibrated,0.0402,1,0
12,12,KNN,kd_tree,17,uncalibrated,0.041,1,0
12,12,KNN,kd_tree,19,uncalibrated,0.036,0,0
12,12,KNN,kd_tree,19,uncalibrated,0.0366,0,0
12,12,KNN,kd_tree,19,uncalibrated,0.037,0,0
12,12,KNN,kd_tree,19,uncalibrated,0.0374,0.000684895421737527,0.000684895421737527
12,12,KNN,kd_tree,19,uncalibrated,0.0378,0.168570513504857,0.0494353017201872
12,12,KNN,kd_tree,19,uncalibrated,0.0382,0.887368421052632,0.0483426629279273
12,12,KNN,kd_tree,19,uncalibrated,0.0386,0.999758847290046,0.000241152709953585
12,12,KNN,kd_tree,19,uncalibrated,0.039,1,0
12,12,KNN,kd_tree,19,uncalibrated,0.0394,1,0
12,12,KNN,kd_tree,19,uncalibrated,0.0398,1,0
12,12,KNN,kd_tree,19,uncalibrated,0.0402,1,0
12,12,KNN,kd_tree,19,uncalibrated,0.041,1,0
12,12,KNN,kd_tree,21,uncalibrated,0.036,0,0
12,12,KNN,kd_tree,21,uncalibrated,0.0366,0,0
12,12,KNN,kd_tree,21,uncalibrated,0.037,0,0
12,12,KNN,kd_tree,21,uncalibrated,0.0374,0.000810334143667477,0.000810334143667477
12,12,KNN,kd_tree,21,uncalibrated,0.0378,0.169902443736115,0.0497460985975457
12,12,KNN,kd_tree,21,uncalibrated,0.0382,0.888238095238094,0.0480472145233539
12,12,KNN,kd_tree,21,uncalibrated,0.0386,0.999781814214783,0.000218185785196033
12,12,KNN,kd_tree,21,uncalibrated,0.039,1,0
12,12,KNN,kd_tree,21,uncalibrated,0.0394,1,0
12,12,KNN,kd_tree,21,uncalibrated,0.0398,1,0
12,12,KNN,kd_tree,21,uncalibrated,0.0402,1,0
12,12,KNN,kd_tree,21,uncalibrated,0.041,1,0
12,12,KNN,kd_tree,23,uncalibrated,0.036,0,0
12,12,KNN,kd_tree,23,uncalibrated,0.0366,0,0
12,12,KNN,kd_tree,23,uncalibrated,0.037,0,0
12,12,KNN,kd_tree,23,uncalibrated,0.0374,0.000870435653044349,0.000870435653044349
12,12,KNN,kd_tree,23,uncalibrated,0.0378,0.171090925125673,0.0498464083205242
12,12,KNN,kd_tree,23,uncalibrated,0.0382,0.88913043478261,0.0479187245113032
12,12,KNN,kd_tree,23,uncalibrated,0.0386,0.999750983614711,0.000249016385278125
12,12,KNN,kd_tree,23,uncalibrated,0.039,1,0
12,12,KNN,kd_tree,23,uncalibrated,0.0394,1,0
12,12,KNN,kd_tree,23,uncalibrated,0.0398,1,0
12,12,KNN,kd_tree,23,uncalibrated,0.0402,1,0
12,12,KNN,kd_tree,23,uncalibrated,0.041,1,0
12,12,KNN,kd_tree,25,uncalibrated,0.036,0,0
12,12,KNN,kd_tree,25,uncalibrated,0.0366,0,0
12,12,KNN,kd_tree,25,uncalibrated,0.037,0,0
12,12,KNN,kd_tree,25,uncalibrated,0.0374,0.000960960960960961,0.000960960960960961
12,12,KNN,kd_tree,25,uncalibrated,0.0378,0.173022312373226,0.0501432822292343
12,12,KNN,kd_tree,25,uncalibrated,0.0382,0.889680000000001,0.047745104161878
12,12,KNN,kd_tree,25,uncalibrated,0.0386,0.999770904925533,0.000229095074455972
12,12,KNN,kd_tree,25,uncalibrated,0.039,1,0
12,12,KNN,kd_tree,25,uncalibrated,0.0394,1,0
12,12,KNN,kd_tree,25,uncalibrated,0.0398,1,0
12,12,KNN,kd_tree,25,uncalibrated,0.0402,1,0
12,12,KNN,kd_tree,25,uncalibrated,0.041,1,0
12,12,KNN,kd_tree,27,uncalibrated,0.036,0,0
12,12,KNN,kd_tree,27,uncalibrated,0.0366,0,0
12,12,KNN,kd_tree,27,uncalibrated,0.037,0,0
12,12,KNN,kd_tree,27,uncalibrated,0.0374,0.000963926889852815,0.000963926889852816
12,12,KNN,kd_tree,27,uncalibrated,0.0378,0.174592442340921,0.0502219232350971
12,12,KNN,kd_tree,27,uncalibrated,0.0382,0.89,0.0476446691800222
12,12,KNN,kd_tree,27,uncalibrated,0.0386,0.999787874931091,0.000212125068940682
12,12,KNN,kd_tree,27,uncalibrated,0.039,1,0
12,12,KNN,kd_tree,27,uncalibrated,0.0394,1,0
12,12,KNN,kd_tree,27,uncalibrated,0.0398,1,0
12,12,KNN,kd_tree,27,uncalibrated,0.0402,1,0
12,12,KNN,kd_tree,27,uncalibrated,0.041,1,0
12,12,KNN,kd_tree,29,uncalibrated,0.036,0,0
12,12,KNN,kd_tree,29,uncalibrated,0.0366,0,0
12,12,KNN,kd_tree,29,uncalibrated,0.037,0,0
12,12,KNN,kd_tree,29,uncalibrated,0.0374,0.000931966449207828,0.000931966449207829
12,12,KNN,kd_tree,29,uncalibrated,0.0378,0.175736168426943,0.0503770961809697
12,12,KNN,kd_tree,29,uncalibrated,0.0382,0.890793103448275,0.0474069426309524
12,12,KNN,kd_tree,29,uncalibrated,0.0386,0.999802504246159,0.000197495753841317
12,12,KNN,kd_tree,29,uncalibrated,0.039,1,0
12,12,KNN,kd_tree,29,uncalibrated,0.0394,1,0
12,12,KNN,kd_tree,29,uncalibrated,0.0398,1,0
12,12,KNN,kd_tree,29,uncalibrated,0.0402,1,0
12,12,KNN,kd_tree,29,uncalibrated,0.041,1,0
12,12,KNN,kd_tree,31,uncalibrated,0.036,0,0
12,12,KNN,kd_tree,31,uncalibrated,0.0366,0,0
12,12,KNN,kd_tree,31,uncalibrated,0.037,0,0
12,12,KNN,kd_tree,31,uncalibrated,0.0374,0.001001001001001,0.001001001001001
12,12,KNN,kd_tree,31,uncalibrated,0.0378,0.176732316953477,0.0506136452676148
12,12,KNN,kd_tree,31,uncalibrated,0.0382,0.891290322580644,0.047129052760399
12,12,KNN,kd_tree,31,uncalibrated,0.0386,0.999815245907675,0.000184754092303111
12,12,KNN,kd_tree,31,uncalibrated,0.039,1,0
12,12,KNN,kd_tree,31,uncalibrated,0.0394,1,0
12,12,KNN,kd_tree,31,uncalibrated,0.0398,1,0
12,12,KNN,kd_tree,31,uncalibrated,0.0402,1,0
12,12,KNN,kd_tree,31,uncalibrated,0.041,1,0
12,12,KNN,kd_tree,33,uncalibrated,0.036,0,0
12,12,KNN,kd_tree,33,uncalibrated,0.0366,0,0
12,12,KNN,kd_tree,33,uncalibrated,0.037,0,0
12,12,KNN,kd_tree,33,uncalibrated,0.0374,0.0010616677283344,0.00106166772833439
12,12,KNN,kd_tree,33,uncalibrated,0.0378,0.177853586575697,0.0507912833811353
12,12,KNN,kd_tree,33,uncalibrated,0.0382,0.892090909090909,0.0469481014451708
12,12,KNN,kd_tree,33,uncalibrated,0.0386,0.999791731750494,0.000208268249505479
12,12,KNN,kd_tree,33,uncalibrated,0.039,1,0
12,12,KNN,kd_tree,33,uncalibrated,0.0394,1,0
12,12,KNN,kd_tree,33,uncalibrated,0.0398,1,0
12,12,KNN,kd_tree,33,uncalibrated,0.0402,1,0
12,12,KNN,kd_tree,33,uncalibrated,0.041,1,0
12,12,KNN,kd_tree,35,uncalibrated,0.036,0,0
12,12,KNN,kd_tree,35,uncalibrated,0.0366,0,0
12,12,KNN,kd_tree,35,uncalibrated,0.037,0,0
12,12,KNN,kd_tree,35,uncalibrated,0.0374,0.00111540111540112,0.00111540111540112
12,12,KNN,kd_tree,35,uncalibrated,0.0378,0.180461760461761,0.0510647934884697
12,12,KNN,kd_tree,35,uncalibrated,0.0382,0.892657142857143,0.0468100896153374
12,12,KNN,kd_tree,35,uncalibrated,0.0386,0.999803632793334,0.000196367206676484
12,12,KNN,kd_tree,35,uncalibrated,0.039,1,0
12,12,KNN,kd_tree,35,uncalibrated,0.0394,1,0
12,12,KNN,kd_tree,35,uncalibrated,0.0398,1,0
12,12,KNN,kd_tree,35,uncalibrated,0.0402,1,0
12,12,KNN,kd_tree,35,uncalibrated,0.041,1,0
12,12,KNN,kd_tree,37,uncalibrated,0.036,0,0
12,12,KNN,kd_tree,37,uncalibrated,0.0366,0,0
12,12,KNN,kd_tree,37,uncalibrated,0.037,0,0
12,12,KNN,kd_tree,37,uncalibrated,0.0374,0.00119037956875795,0.00119037956875795
12,12,KNN,kd_tree,37,uncalibrated,0.0378,0.179951757030865,0.0512781674469234
12,12,KNN,kd_tree,37,uncalibrated,0.0382,0.893108108108108,0.0466679217245006
12,12,KNN,kd_tree,37,uncalibrated,0.0386,0.999814247236938,0.000185752763072395
12,12,KNN,kd_tree,37,uncalibrated,0.039,1,0
12,12,KNN,kd_tree,37,uncalibrated,0.0394,1,0
12,12,KNN,kd_tree,37,uncalibrated,0.0398,1,0
12,12,KNN,kd_tree,37,uncalibrated,0.0402,1,0
12,12,KNN,kd_tree,37,uncalibrated,0.041,1,0
12,12,KNN,kd_tree,39,uncalibrated,0.036,0,0
12,12,KNN,kd_tree,39,uncalibrated,0.0366,0,0
12,12,KNN,kd_tree,39,uncalibrated,0.037,0,0
12,12,KNN,kd_tree,39,uncalibrated,0.0374,0.00115500115500115,0.00115500115500116
12,12,KNN,kd_tree,39,uncalibrated,0.0378,0.182957782957783,0.0514671863268227
12,12,KNN,kd_tree,39,uncalibrated,0.0382,0.893717948717949,0.0465027340433255
12,12,KNN,kd_tree,39,uncalibrated,0.0386,0.999823773019681,0.000176226980350764
12,12,KNN,kd_tree,39,uncalibrated,0.039,1,0
12,12,KNN,kd_tree,39,uncalibrated,0.0394,1,0
12,12,KNN,kd_tree,39,uncalibrated,0.0398,1,0
12,12,KNN,kd_tree,39,uncalibrated,0.0402,1,0
12,12,KNN,kd_tree,39,uncalibrated,0.041,1,0
12,12,KNN,kd_tree,41,uncalibrated,0.036,0,0
12,12,KNN,kd_tree,41,uncalibrated,0.0366,0,0
12,12,KNN,kd_tree,41,uncalibrated,0.037,0,0
12,12,KNN,kd_tree,41,uncalibrated,0.0374,0.001123074293806,0.001123074293806
12,12,KNN,kd_tree,41,uncalibrated,0.0378,0.184355752648436,0.0516679262881093
12,12,KNN,kd_tree,41,uncalibrated,0.0382,0.894243902439024,0.0464779212266802
12,12,KNN,kd_tree,41,uncalibrated,0.0386,0.999832369457747,0.000167630542284798
12,12,KNN,kd_tree,41,uncalibrated,0.039,1,0
12,12,KNN,kd_tree,41,uncalibrated,0.0394,1,0
12,12,KNN,kd_tree,41,uncalibrated,0.0398,1,0
12,12,KNN,kd_tree,41,uncalibrated,0.0402,1,0
12,12,KNN,kd_tree,41,uncalibrated,0.041,1,0
12,12,KNN,kd_tree,43,uncalibrated,0.036,0,0
12,12,KNN,kd_tree,43,uncalibrated,0.0366,0,0
12,12,KNN,kd_tree,43,uncalibrated,0.037,0,0
12,12,KNN,kd_tree,43,uncalibrated,0.0374,0.00114067555928021,0.00114067555928021
12,12,KNN,kd_tree,43,uncalibrated,0.0378,0.185459243598779,0.0519090725562475
12,12,KNN,kd_tree,43,uncalibrated,0.0382,0.894697674418605,0.0463710033627726
12,12,KNN,kd_tree,43,uncalibrated,0.0386,0.999840166227124,0.000159833772876172
12,12,KNN,kd_tree,43,uncalibrated,0.039,1,0
12,12,KNN,kd_tree,43,uncalibrated,0.0394,1,0
12,12,KNN,kd_tree,43,uncalibrated,0.0398,1,0
12,12,KNN,kd_tree,43,uncalibrated,0.0402,1,0
12,12,KNN,kd_tree,43,uncalibrated,0.041,1,0
12,12,KNN,kd_tree,45,uncalibrated,0.036,0,0
12,12,KNN,kd_tree,45,uncalibrated,0.0366,0,0
12,12,KNN,kd_tree,45,uncalibrated,0.037,0,0
12,12,KNN,kd_tree,45,uncalibrated,0.0374,0.00113446780113447,0.00113446780113447
12,12,KNN,kd_tree,45,uncalibrated,0.0378,0.186509539842874,0.0521057385398458
12,12,KNN,kd_tree,45,uncalibrated,0.0382,0.895222222222222,0.0463118659110412
12,12,KNN,kd_tree,45,uncalibrated,0.0386,0.999847269950363,0.000152730049637278
12,12,KNN,kd_tree,45,uncalibrated,0.039,1,0
12,12,KNN,kd_tree,45,uncalibrated,0.0394,1,0
12,12,KNN,kd_tree,45,uncalibrated,0.0398,1,0
12,12,KNN,kd_tree,45,uncalibrated,0.0402,1,0
12,12,KNN,kd_tree,45,uncalibrated,0.041,1,0
12,12,KNN,kd_tree,47,uncalibrated,0.036,0,0
12,12,KNN,kd_tree,47,uncalibrated,0.0366,0,0
12,12,KNN,kd_tree,47,uncalibrated,0.037,0,0
12,12,KNN,kd_tree,47,uncalibrated,0.0374,0.00119268204374587,0.00119268204374587
12,12,KNN,kd_tree,47,uncalibrated,0.0378,0.187405974640017,0.052219468905571
12,12,KNN,kd_tree,47,uncalibrated,0.0382,0.89559574468085,0.0461933373938517
12,12,KNN,kd_tree,47,uncalibrated,0.0386,0.999853769101411,0.000146230898588906
12,12,KNN,kd_tree,47,uncalibrated,0.039,1,0
12,12,KNN,kd_tree,47,uncalibrated,0.0394,1,0
12,12,KNN,kd_tree,47,uncalibrated,0.0398,1,0
12,12,KNN,kd_tree,47,uncalibrated,0.0402,1,0
12,12,KNN,kd_tree,47,uncalibrated,0.041,1,0
12,12,KNN,kd_tree,49,uncalibrated,0.036,0,0
12,12,KNN,kd_tree,49,uncalibrated,0.0366,0,0
12,12,KNN,kd_tree,49,uncalibrated,0.037,0,0
12,12,KNN,kd_tree,49,uncalibrated,0.0374,0.0012257155114298,0.0012257155114298
12,12,KNN,kd_tree,49,uncalibrated,0.0378,0.188208616780045,0.0523422742524662
12,12,KNN,kd_tree,49,uncalibrated,0.0382,0.896142857142857,0.0459594781953082
12,12,KNN,kd_tree,49,uncalibrated,0.0386,0.999859737709517,0.000140262290483172
12,12,KNN,kd_tree,49,uncalibrated,0.039,1,0
12,12,KNN,kd_tree,49,uncalibrated,0.0394,1,0
12,12,KNN,kd_tree,49,uncalibrated,0.0398,1,0
12,12,KNN,kd_tree,49,uncalibrated,0.0402,1,0
12,12,KNN,kd_tree,49,uncalibrated,0.041,1,0
12,12,KNN,kd_tree,51,uncalibrated,0.036,0,0
12,12,KNN,kd_tree,51,uncalibrated,0.0366,0,0
12,12,KNN,kd_tree,51,uncalibrated,0.037,0,0
12,12,KNN,kd_tree,51,uncalibrated,0.0374,0.00119727570707963,0.00119727570707963
12,12,KNN,kd_tree,51,uncalibrated,0.0378,0.18920578332343,0.0525492415925024
12,12,KNN,kd_tree,51,uncalibrated,0.0382,0.89643137254902,0.0459109083015247
12,12,KNN,kd_tree,51,uncalibrated,0.0386,0.999865238191507,0.000134761808503506
12,12,KNN,kd_tree,51,uncalibrated,0.039,1,0
12,12,KNN,kd_tree,51,uncalibrated,0.0394,1,0
12,12,KNN,kd_tree,51,uncalibrated,0.0398,1,0
12,12,KNN,kd_tree,51,uncalibrated,0.0402,1,0
12,12,KNN,kd_tree,51,uncalibrated,0.041,1,0
12,12,KNN,kd_tree,61,uncalibrated,0.036,0,0
12,12,KNN,kd_tree,61,uncalibrated,0.0366,0,0
12,12,KNN,kd_tree,61,uncalibrated,0.037,0,0
12,12,KNN,kd_tree,61,uncalibrated,0.0374,0.00141124731288666,0.00141124731288666
12,12,KNN,kd_tree,61,uncalibrated,0.0378,0.192846497764531,0.053237517934023
12,12,KNN,kd_tree,61,uncalibrated,0.0382,0.898016393442622,0.0455160447680171
12,12,KNN,kd_tree,61,uncalibrated,0.0386,0.999887330291219,0.000112669708748826
12,12,KNN,kd_tree,61,uncalibrated,0.039,1,0
12,12,KNN,kd_tree,61,uncalibrated,0.0394,1,0
12,12,KNN,kd_tree,61,uncalibrated,0.0398,1,0
12,12,KNN,kd_tree,61,uncalibrated,0.0402,1,0
12,12,KNN,kd_tree,61,uncalibrated,0.041,1,0
12,12,KNN,kd_tree,81,uncalibrated,0.036,0,0
12,12,KNN,kd_tree,81,uncalibrated,0.0366,0,0
12,12,KNN,kd_tree,81,uncalibrated,0.037,0,0
12,12,KNN,kd_tree,81,uncalibrated,0.0374,0.00160654481642136,0.00160654481642136
12,12,KNN,kd_tree,81,uncalibrated,0.0378,0.197780271854345,0.0539929467140763
12,12,KNN,kd_tree,81,uncalibrated,0.0382,0.900197530864197,0.0448447191804558
12,12,KNN,kd_tree,81,uncalibrated,0.0386,0.999872724958625,0.000127275041364343
12,12,KNN,kd_tree,81,uncalibrated,0.039,1,0
12,12,KNN,kd_tree,81,uncalibrated,0.0394,1,0
12,12,KNN,kd_tree,81,uncalibrated,0.0398,1,0
12,12,KNN,kd_tree,81,uncalibrated,0.0402,1,0
12,12,KNN,kd_tree,81,uncalibrated,0.041,1,0
12,12,KNN,kd_tree,101,uncalibrated,0.036,0,0
12,12,KNN,kd_tree,101,uncalibrated,0.0366,0,0
12,12,KNN,kd_tree,101,uncalibrated,0.037,0,0
12,12,KNN,kd_tree,101,uncalibrated,0.0374,0.00166503136800166,0.00166503136800166
12,12,KNN,kd_tree,101,uncalibrated,0.0378,0.202600260026003,0.0547376408533365
12,12,KNN,kd_tree,101,uncalibrated,0.0382,0.902108910891089,0.0443089294943169
12,12,KNN,kd_tree,101,uncalibrated,0.0386,0.999897927937145,0.000102072062876382
12,12,KNN,kd_tree,101,uncalibrated,0.039,1,0
12,12,KNN,kd_tree,101,uncalibrated,0.0394,1,0
12,12,KNN,kd_tree,101,uncalibrated,0.0398,1,0
12,12,KNN,kd_tree,101,uncalibrated,0.0402,1,0
12,12,KNN,kd_tree,101,uncalibrated,0.041,1,0
12,12,KNN,kd_tree,151,uncalibrated,0.036,0,0
12,12,KNN,kd_tree,151,uncalibrated,0.0366,0,0
12,12,KNN,kd_tree,151,uncalibrated,0.037,0,0
12,12,KNN,kd_tree,151,uncalibrated,0.0374,0.00194896883638606,0.00194896883638606
12,12,KNN,kd_tree,151,uncalibrated,0.0378,0.211198073449729,0.0561117934409258
12,12,KNN,kd_tree,151,uncalibrated,0.0382,0.905370860927152,0.0433747224814094
12,12,KNN,kd_tree,151,uncalibrated,0.0386,0.999924140703823,7.58592961773787E-05
12,12,KNN,kd_tree,151,uncalibrated,0.039,1,0
12,12,KNN,kd_tree,151,uncalibrated,0.0394,1,0
12,12,KNN,kd_tree,151,uncalibrated,0.0398,1,0
12,12,KNN,kd_tree,151,uncalibrated,0.0402,1,0
12,12,KNN,kd_tree,151,uncalibrated,0.041,1,0
12,12,KNN,kd_tree,201,uncalibrated,0.036,0,0
12,12,KNN,kd_tree,201,uncalibrated,0.0366,0,0
12,12,KNN,kd_tree,201,uncalibrated,0.037,0,0
12,12,KNN,kd_tree,201,uncalibrated,0.0374,0.00215140513647976,0.00215140513647976
12,12,KNN,kd_tree,201,uncalibrated,0.0378,0.216664153977587,0.0569301574868234
12,12,KNN,kd_tree,201,uncalibrated,0.0382,0.907756218905473,0.0426856532672881
12,12,KNN,kd_tree,201,uncalibrated,0.0386,0.999937312293049,6.2687706940727E-05
12,12,KNN,kd_tree,201,uncalibrated,0.039,1,0
12,12,KNN,kd_tree,201,uncalibrated,0.0394,1,0
12,12,KNN,kd_tree,201,uncalibrated,0.0398,1,0
12,12,KNN,kd_tree,201,uncalibrated,0.0402,1,0
12,12,KNN,kd_tree,201,uncalibrated,0.041,1,0
12,12,KNN,ball_tree,1,uncalibrated,0.036,0,0
12,12,KNN,ball_tree,1,uncalibrated,0.0366,0,0
12,12,KNN,ball_tree,1,uncalibrated,0.037,0,0
12,12,KNN,ball_tree,1,uncalibrated,0.0374,0,0
12,12,KNN,ball_tree,1,uncalibrated,0.0378,0.159229208924949,0.0490459757485053
12,12,KNN,ball_tree,1,uncalibrated,0.0382,0.883,0.0511566222497146
12,12,KNN,ball_tree,1,uncalibrated,0.0386,1,0
12,12,KNN,ball_tree,1,uncalibrated,0.039,1,0
12,12,KNN,ball_tree,1,uncalibrated,0.0394,1,0
12,12,KNN,ball_tree,1,uncalibrated,0.0398,1,0
12,12,KNN,ball_tree,1,uncalibrated,0.0402,1,0
12,12,KNN,ball_tree,1,uncalibrated,0.041,1,0
12,12,KNN,ball_tree,3,uncalibrated,0.036,0,0
12,12,KNN,ball_tree,3,uncalibrated,0.0366,0,0
12,12,KNN,ball_tree,3,uncalibrated,0.037,0,0
12,12,KNN,ball_tree,3,uncalibrated,0.0374,0,0
12,12,KNN,ball_tree,3,uncalibrated,0.0378,0.154834347532116,0.0477175168350377
12,12,KNN,ball_tree,3,uncalibrated,0.0382,0.882666666666667,0.0504456331584996
12,12,KNN,ball_tree,3,uncalibrated,0.0386,1,0
12,12,KNN,ball_tree,3,uncalibrated,0.039,1,0
12,12,KNN,ball_tree,3,uncalibrated,0.0394,1,0
12,12,KNN,ball_tree,3,uncalibrated,0.0398,1,0
12,12,KNN,ball_tree,3,uncalibrated,0.0402,1,0
12,12,KNN,ball_tree,3,uncalibrated,0.041,1,0
12,12,KNN,ball_tree,5,uncalibrated,0.036,0,0
12,12,KNN,ball_tree,5,uncalibrated,0.0366,0,0
12,12,KNN,ball_tree,5,uncalibrated,0.037,0,0
12,12,KNN,ball_tree,5,uncalibrated,0.0374,0.000211864406779659,0.000211864406779661
12,12,KNN,ball_tree,5,uncalibrated,0.0378,0.153144016227181,0.0471962173859277
12,12,KNN,ball_tree,5,uncalibrated,0.0382,0.883,0.0501202553864204
12,12,KNN,ball_tree,5,uncalibrated,0.0386,1,0
12,12,KNN,ball_tree,5,uncalibrated,0.039,1,0
12,12,KNN,ball_tree,5,uncalibrated,0.0394,1,0
12,12,KNN,ball_tree,5,uncalibrated,0.0398,1,0
12,12,KNN,ball_tree,5,uncalibrated,0.0402,1,0
12,12,KNN,ball_tree,5,uncalibrated,0.041,1,0
12,12,KNN,ball_tree,7,uncalibrated,0.036,0,0
12,12,KNN,ball_tree,7,uncalibrated,0.0366,0,0
12,12,KNN,ball_tree,7,uncalibrated,0.037,0,0
12,12,KNN,ball_tree,7,uncalibrated,0.0374,0.000302663438256659,0.000302663438256659
12,12,KNN,ball_tree,7,uncalibrated,0.0378,0.156766154737757,0.0476013224135705
12,12,KNN,ball_tree,7,uncalibrated,0.0382,0.884000000000001,0.0498515580756068
12,12,KNN,ball_tree,7,uncalibrated,0.0386,0.999836360661071,0.000163639338896997
12,12,KNN,ball_tree,7,uncalibrated,0.039,1,0
12,12,KNN,ball_tree,7,uncalibrated,0.0394,1,0
12,12,KNN,ball_tree,7,uncalibrated,0.0398,1,0
12,12,KNN,ball_tree,7,uncalibrated,0.0402,1,0
12,12,KNN,ball_tree,7,uncalibrated,0.041,1,0
12,12,KNN,ball_tree,9,uncalibrated,0.036,0,0
12,12,KNN,ball_tree,9,uncalibrated,0.0366,0,0
12,12,KNN,ball_tree,9,uncalibrated,0.037,0,0
12,12,KNN,ball_tree,9,uncalibrated,0.0374,0.000353107344632768,0.000353107344632768
12,12,KNN,ball_tree,9,uncalibrated,0.0378,0.1587784539103,0.0482421561282284
12,12,KNN,ball_tree,9,uncalibrated,0.0382,0.884444444444445,0.0493582090865623
12,12,KNN,ball_tree,9,uncalibrated,0.0386,0.999872724958625,0.000127275041364343
12,12,KNN,ball_tree,9,uncalibrated,0.039,1,0
12,12,KNN,ball_tree,9,uncalibrated,0.0394,1,0
12,12,KNN,ball_tree,9,uncalibrated,0.0398,1,0
12,12,KNN,ball_tree,9,uncalibrated,0.0402,1,0
12,12,KNN,ball_tree,9,uncalibrated,0.041,1,0
12,12,KNN,ball_tree,11,uncalibrated,0.036,0,0
12,12,KNN,ball_tree,11,uncalibrated,0.0366,0,0
12,12,KNN,ball_tree,11,uncalibrated,0.037,0,0
12,12,KNN,ball_tree,11,uncalibrated,0.0374,0.000481510015408324,0.00048151001540832
12,12,KNN,ball_tree,11,uncalibrated,0.0378,0.161349806380232,0.0484158729524153
12,12,KNN,ball_tree,11,uncalibrated,0.0382,0.885727272727273,0.0488458409154184
12,12,KNN,ball_tree,11,uncalibrated,0.0386,0.999791731750494,0.000208268249505479
12,12,KNN,ball_tree,11,uncalibrated,0.039,1,0
12,12,KNN,ball_tree,11,uncalibrated,0.0394,1,0
12,12,KNN,ball_tree,11,uncalibrated,0.0398,1,0
12,12,KNN,ball_tree,11,uncalibrated,0.0402,1,0
12,12,KNN,ball_tree,11,uncalibrated,0.041,1,0
12,12,KNN,ball_tree,13,uncalibrated,0.036,0,0
12,12,KNN,ball_tree,13,uncalibrated,0.0366,0,0
12,12,KNN,ball_tree,13,uncalibrated,0.037,0,0
12,12,KNN,ball_tree,13,uncalibrated,0.0374,0.000539000539000539,0.000539000539000539
12,12,KNN,ball_tree,13,uncalibrated,0.0378,0.163286004056796,0.0488657215274087
12,12,KNN,ball_tree,13,uncalibrated,0.0382,0.885923076923076,0.0486615356821488
12,12,KNN,ball_tree,13,uncalibrated,0.0386,0.999823773019681,0.000176226980350764
12,12,KNN,ball_tree,13,uncalibrated,0.039,1,0
12,12,KNN,ball_tree,13,uncalibrated,0.0394,1,0
12,12,KNN,ball_tree,13,uncalibrated,0.0398,1,0
12,12,KNN,ball_tree,13,uncalibrated,0.0402,1,0
12,12,KNN,ball_tree,13,uncalibrated,0.041,1,0
12,12,KNN,ball_tree,15,uncalibrated,0.036,0,0
12,12,KNN,ball_tree,15,uncalibrated,0.0366,0,0
12,12,KNN,ball_tree,15,uncalibrated,0.037,0,0
12,12,KNN,ball_tree,15,uncalibrated,0.0374,0.000667334000667334,0.000667334000667334
12,12,KNN,ball_tree,15,uncalibrated,0.0378,0.165382014874915,0.0489699335637541
12,12,KNN,ball_tree,15,uncalibrated,0.0382,0.886733333333333,0.0486429883689346
12,12,KNN,ball_tree,15,uncalibrated,0.0386,0.999770904925533,0.000229095074455972
12,12,KNN,ball_tree,15,uncalibrated,0.039,1,0
12,12,KNN,ball_tree,15,uncalibrated,0.0394,1,0
12,12,KNN,ball_tree,15,uncalibrated,0.0398,1,0
12,12,KNN,ball_tree,15,uncalibrated,0.0402,1,0
12,12,KNN,ball_tree,15,uncalibrated,0.041,1,0
12,12,KNN,ball_tree,17,uncalibrated,0.036,0,0
12,12,KNN,ball_tree,17,uncalibrated,0.0366,0,0
12,12,KNN,ball_tree,17,uncalibrated,0.037,0,0
12,12,KNN,ball_tree,17,uncalibrated,0.0374,0.00070658894188306,0.00070658894188306
12,12,KNN,ball_tree,17,uncalibrated,0.0378,0.167641092948336,0.049245557912237
12,12,KNN,ball_tree,17,uncalibrated,0.0382,0.887,0.0484756819955456
12,12,KNN,ball_tree,17,uncalibrated,0.0386,0.999730476383004,0.000269523617006903
12,12,KNN,ball_tree,17,uncalibrated,0.039,1,0
12,12,KNN,ball_tree,17,uncalibrated,0.0394,1,0
12,12,KNN,ball_tree,17,uncalibrated,0.0398,1,0
12,12,KNN,ball_tree,17,uncalibrated,0.0402,1,0
12,12,KNN,ball_tree,17,uncalibrated,0.041,1,0
12,12,KNN,ball_tree,19,uncalibrated,0.036,0,0
12,12,KNN,ball_tree,19,uncalibrated,0.0366,0,0
12,12,KNN,ball_tree,19,uncalibrated,0.037,0,0
12,12,KNN,ball_tree,19,uncalibrated,0.0374,0.000684895421737527,0.000684895421737527
12,12,KNN,ball_tree,19,uncalibrated,0.0378,0.168570513504857,0.0494353017201872
12,12,KNN,ball_tree,19,uncalibrated,0.0382,0.887368421052632,0.0483426629279273
12,12,KNN,ball_tree,19,uncalibrated,0.0386,0.999758847290046,0.000241152709953585
12,12,KNN,ball_tree,19,uncalibrated,0.039,1,0
12,12,KNN,ball_tree,19,uncalibrated,0.0394,1,0
12,12,KNN,ball_tree,19,uncalibrated,0.0398,1,0
12,12,KNN,ball_tree,19,uncalibrated,0.0402,1,0
12,12,KNN,ball_tree,19,uncalibrated,0.041,1,0
12,12,KNN,ball_tree,21,uncalibrated,0.036,0,0
12,12,KNN,ball_tree,21,uncalibrated,0.0366,0,0
12,12,KNN,ball_tree,21,uncalibrated,0.037,0,0
12,12,KNN,ball_tree,21,uncalibrated,0.0374,0.000810334143667477,0.000810334143667477
12,12,KNN,ball_tree,21,uncalibrated,0.0378,0.169902443736115,0.0497460985975457
12,12,KNN,ball_tree,21,uncalibrated,0.0382,0.888238095238094,0.0480472145233539
12,12,KNN,ball_tree,21,uncalibrated,0.0386,0.999781814214783,0.000218185785196033
12,12,KNN,ball_tree,21,uncalibrated,0.039,1,0
12,12,KNN,ball_tree,21,uncalibrated,0.0394,1,0
12,12,KNN,ball_tree,21,uncalibrated,0.0398,1,0
12,12,KNN,ball_tree,21,uncalibrated,0.0402,1,0
12,12,KNN,ball_tree,21,uncalibrated,0.041,1,0
12,12,KNN,ball_tree,23,uncalibrated,0.036,0,0
12,12,KNN,ball_tree,23,uncalibrated,0.0366,0,0
12,12,KNN,ball_tree,23,uncalibrated,0.037,0,0
12,12,KNN,ball_tree,23,uncalibrated,0.0374,0.000870435653044349,0.000870435653044349
12,12,KNN,ball_tree,23,uncalibrated,0.0378,0.171090925125673,0.0498464083205242
12,12,KNN,ball_tree,23,uncalibrated,0.0382,0.88913043478261,0.0479187245113032
12,12,KNN,ball_tree,23,uncalibrated,0.0386,0.999750983614711,0.000249016385278125
12,12,KNN,ball_tree,23,uncalibrated,0.039,1,0
12,12,KNN,ball_tree,23,uncalibrated,0.0394,1,0
12,12,KNN,ball_tree,23,uncalibrated,0.0398,1,0
12,12,KNN,ball_tree,23,uncalibrated,0.0402,1,0
12,12,KNN,ball_tree,23,uncalibrated,0.041,1,0
12,12,KNN,ball_tree,25,uncalibrated,0.036,0,0
12,12,KNN,ball_tree,25,uncalibrated,0.0366,0,0
12,12,KNN,ball_tree,25,uncalibrated,0.037,0,0
12,12,KNN,ball_tree,25,uncalibrated,0.0374,0.000960960960960961,0.000960960960960961
12,12,KNN,ball_tree,25,uncalibrated,0.0378,0.173022312373226,0.0501432822292343
12,12,KNN,ball_tree,25,uncalibrated,0.0382,0.889680000000001,0.047745104161878
12,12,KNN,ball_tree,25,uncalibrated,0.0386,0.999770904925533,0.000229095074455972
12,12,KNN,ball_tree,25,uncalibrated,0.039,1,0
12,12,KNN,ball_tree,25,uncalibrated,0.0394,1,0
12,12,KNN,ball_tree,25,uncalibrated,0.0398,1,0
12,12,KNN,ball_tree,25,uncalibrated,0.0402,1,0
12,12,KNN,ball_tree,25,uncalibrated,0.041,1,0
12,12,KNN,ball_tree,27,uncalibrated,0.036,0,0
12,12,KNN,ball_tree,27,uncalibrated,0.0366,0,0
12,12,KNN,ball_tree,27,uncalibrated,0.037,0,0
12,12,KNN,ball_tree,27,uncalibrated,0.0374,0.000963926889852815,0.000963926889852816
12,12,KNN,ball_tree,27,uncalibrated,0.0378,0.174592442340921,0.0502219232350971
12,12,KNN,ball_tree,27,uncalibrated,0.0382,0.89,0.0476446691800222
12,12,KNN,ball_tree,27,uncalibrated,0.0386,0.999787874931091,0.000212125068940682
12,12,KNN,ball_tree,27,uncalibrated,0.039,1,0
12,12,KNN,ball_tree,27,uncalibrated,0.0394,1,0
12,12,KNN,ball_tree,27,uncalibrated,0.0398,1,0
12,12,KNN,ball_tree,27,uncalibrated,0.0402,1,0
12,12,KNN,ball_tree,27,uncalibrated,0.041,1,0
12,12,KNN,ball_tree,29,uncalibrated,0.036,0,0
12,12,KNN,ball_tree,29,uncalibrated,0.0366,0,0
12,12,KNN,ball_tree,29,uncalibrated,0.037,0,0
12,12,KNN,ball_tree,29,uncalibrated,0.0374,0.000931966449207828,0.000931966449207829
12,12,KNN,ball_tree,29,uncalibrated,0.0378,0.175736168426943,0.0503770961809697
12,12,KNN,ball_tree,29,uncalibrated,0.0382,0.890793103448275,0.0474069426309524
12,12,KNN,ball_tree,29,uncalibrated,0.0386,0.999802504246159,0.000197495753841317
12,12,KNN,ball_tree,29,uncalibrated,0.039,1,0
12,12,KNN,ball_tree,29,uncalibrated,0.0394,1,0
12,12,KNN,ball_tree,29,uncalibrated,0.0398,1,0
12,12,KNN,ball_tree,29,uncalibrated,0.0402,1,0
12,12,KNN,ball_tree,29,uncalibrated,0.041,1,0
12,12,KNN,ball_tree,31,uncalibrated,0.036,0,0
12,12,KNN,ball_tree,31,uncalibrated,0.0366,0,0
12,12,KNN,ball_tree,31,uncalibrated,0.037,0,0
12,12,KNN,ball_tree,31,uncalibrated,0.0374,0.001001001001001,0.001001001001001
12,12,KNN,ball_tree,31,uncalibrated,0.0378,0.176732316953477,0.0506136452676148
12,12,KNN,ball_tree,31,uncalibrated,0.0382,0.891290322580644,0.047129052760399
12,12,KNN,ball_tree,31,uncalibrated,0.0386,0.999815245907675,0.000184754092303111
12,12,KNN,ball_tree,31,uncalibrated,0.039,1,0
12,12,KNN,ball_tree,31,uncalibrated,0.0394,1,0
12,12,KNN,ball_tree,31,uncalibrated,0.0398,1,0
12,12,KNN,ball_tree,31,uncalibrated,0.0402,1,0
12,12,KNN,ball_tree,31,uncalibrated,0.041,1,0
12,12,KNN,ball_tree,33,uncalibrated,0.036,0,0
12,12,KNN,ball_tree,33,uncalibrated,0.0366,0,0
12,12,KNN,ball_tree,33,uncalibrated,0.037,0,0
12,12,KNN,ball_tree,33,uncalibrated,0.0374,0.0010616677283344,0.00106166772833439
12,12,KNN,ball_tree,33,uncalibrated,0.0378,0.177853586575697,0.0507912833811353
12,12,KNN,ball_tree,33,uncalibrated,0.0382,0.892090909090909,0.0469481014451708
12,12,KNN,ball_tree,33,uncalibrated,0.0386,0.999791731750494,0.000208268249505479
12,12,KNN,ball_tree,33,uncalibrated,0.039,1,0
12,12,KNN,ball_tree,33,uncalibrated,0.0394,1,0
12,12,KNN,ball_tree,33,uncalibrated,0.0398,1,0
12,12,KNN,ball_tree,33,uncalibrated,0.0402,1,0
12,12,KNN,ball_tree,33,uncalibrated,0.041,1,0
12,12,KNN,ball_tree,35,uncalibrated,0.036,0,0
12,12,KNN,ball_tree,35,uncalibrated,0.0366,0,0
12,12,KNN,ball_tree,35,uncalibrated,0.037,0,0
12,12,KNN,ball_tree,35,uncalibrated,0.0374,0.00111540111540112,0.00111540111540112
12,12,KNN,ball_tree,35,uncalibrated,0.0378,0.180461760461761,0.0510647934884697
12,12,KNN,ball_tree,35,uncalibrated,0.0382,0.892657142857143,0.0468100896153374
12,12,KNN,ball_tree,35,uncalibrated,0.0386,0.999803632793334,0.000196367206676484
12,12,KNN,ball_tree,35,uncalibrated,0.039,1,0
12,12,KNN,ball_tree,35,uncalibrated,0.0394,1,0
12,12,KNN,ball_tree,35,uncalibrated,0.0398,1,0
12,12,KNN,ball_tree,35,uncalibrated,0.0402,1,0
12,12,KNN,ball_tree,35,uncalibrated,0.041,1,0
12,12,KNN,ball_tree,37,uncalibrated,0.036,0,0
12,12,KNN,ball_tree,37,uncalibrated,0.0366,0,0
12,12,KNN,ball_tree,37,uncalibrated,0.037,0,0
12,12,KNN,ball_tree,37,uncalibrated,0.0374,0.00119037956875795,0.00119037956875795
12,12,KNN,ball_tree,37,uncalibrated,0.0378,0.179951757030865,0.0512781674469234
12,12,KNN,ball_tree,37,uncalibrated,0.0382,0.893108108108108,0.0466679217245006
12,12,KNN,ball_tree,37,uncalibrated,0.0386,0.999814247236938,0.000185752763072395
12,12,KNN,ball_tree,37,uncalibrated,0.039,1,0
12,12,KNN,ball_tree,37,uncalibrated,0.0394,1,0
12,12,KNN,ball_tree,37,uncalibrated,0.0398,1,0
12,12,KNN,ball_tree,37,uncalibrated,0.0402,1,0
12,12,KNN,ball_tree,37,uncalibrated,0.041,1,0
12,12,KNN,ball_tree,39,uncalibrated,0.036,0,0
12,12,KNN,ball_tree,39,uncalibrated,0.0366,0,0
12,12,KNN,ball_tree,39,uncalibrated,0.037,0,0
12,12,KNN,ball_tree,39,uncalibrated,0.0374,0.00115500115500115,0.00115500115500116
12,12,KNN,ball_tree,39,uncalibrated,0.0378,0.182957782957783,0.0514671863268227
12,12,KNN,ball_tree,39,uncalibrated,0.0382,0.893717948717949,0.0465027340433255
12,12,KNN,ball_tree,39,uncalibrated,0.0386,0.999823773019681,0.000176226980350764
12,12,KNN,ball_tree,39,uncalibrated,0.039,1,0
12,12,KNN,ball_tree,39,uncalibrated,0.0394,1,0
12,12,KNN,ball_tree,39,uncalibrated,0.0398,1,0
12,12,KNN,ball_tree,39,uncalibrated,0.0402,1,0
12,12,KNN,ball_tree,39,uncalibrated,0.041,1,0
12,12,KNN,ball_tree,41,uncalibrated,0.036,0,0
12,12,KNN,ball_tree,41,uncalibrated,0.0366,0,0
12,12,KNN,ball_tree,41,uncalibrated,0.037,0,0
12,12,KNN,ball_tree,41,uncalibrated,0.0374,0.001123074293806,0.001123074293806
12,12,KNN,ball_tree,41,uncalibrated,0.0378,0.184355752648436,0.0516679262881093
12,12,KNN,ball_tree,41,uncalibrated,0.0382,0.894243902439024,0.0464779212266802
12,12,KNN,ball_tree,41,uncalibrated,0.0386,0.999832369457747,0.000167630542284798
12,12,KNN,ball_tree,41,uncalibrated,0.039,1,0
12,12,KNN,ball_tree,41,uncalibrated,0.0394,1,0
12,12,KNN,ball_tree,41,uncalibrated,0.0398,1,0
12,12,KNN,ball_tree,41,uncalibrated,0.0402,1,0
12,12,KNN,ball_tree,41,uncalibrated,0.041,1,0
12,12,KNN,ball_tree,43,uncalibrated,0.036,0,0
12,12,KNN,ball_tree,43,uncalibrated,0.0366,0,0
12,12,KNN,ball_tree,43,uncalibrated,0.037,0,0
12,12,KNN,ball_tree,43,uncalibrated,0.0374,0.00114067555928021,0.00114067555928021
12,12,KNN,ball_tree,43,uncalibrated,0.0378,0.185459243598779,0.0519090725562475
12,12,KNN,ball_tree,43,uncalibrated,0.0382,0.894697674418605,0.0463710033627726
12,12,KNN,ball_tree,43,uncalibrated,0.0386,0.999840166227124,0.000159833772876172
12,12,KNN,ball_tree,43,uncalibrated,0.039,1,0
12,12,KNN,ball_tree,43,uncalibrated,0.0394,1,0
12,12,KNN,ball_tree,43,uncalibrated,0.0398,1,0
12,12,KNN,ball_tree,43,uncalibrated,0.0402,1,0
12,12,KNN,ball_tree,43,uncalibrated,0.041,1,0
12,12,KNN,ball_tree,45,uncalibrated,0.036,0,0
12,12,KNN,ball_tree,45,uncalibrated,0.0366,0,0
12,12,KNN,ball_tree,45,uncalibrated,0.037,0,0
12,12,KNN,ball_tree,45,uncalibrated,0.0374,0.00113446780113447,0.00113446780113447
12,12,KNN,ball_tree,45,uncalibrated,0.0378,0.186509539842874,0.0521057385398458
12,12,KNN,ball_tree,45,uncalibrated,0.0382,0.895222222222222,0.0463118659110412
12,12,KNN,ball_tree,45,uncalibrated,0.0386,0.999847269950363,0.000152730049637278
12,12,KNN,ball_tree,45,uncalibrated,0.039,1,0
12,12,KNN,ball_tree,45,uncalibrated,0.0394,1,0
12,12,KNN,ball_tree,45,uncalibrated,0.0398,1,0
12,12,KNN,ball_tree,45,uncalibrated,0.0402,1,0
12,12,KNN,ball_tree,45,uncalibrated,0.041,1,0
12,12,KNN,ball_tree,47,uncalibrated,0.036,0,0
12,12,KNN,ball_tree,47,uncalibrated,0.0366,0,0
12,12,KNN,ball_tree,47,uncalibrated,0.037,0,0
12,12,KNN,ball_tree,47,uncalibrated,0.0374,0.00119268204374587,0.00119268204374587
12,12,KNN,ball_tree,47,uncalibrated,0.0378,0.187405974640017,0.052219468905571
12,12,KNN,ball_tree,47,uncalibrated,0.0382,0.89559574468085,0.0461933373938517
12,12,KNN,ball_tree,47,uncalibrated,0.0386,0.999853769101411,0.000146230898588906
12,12,KNN,ball_tree,47,uncalibrated,0.039,1,0
12,12,KNN,ball_tree,47,uncalibrated,0.0394,1,0
12,12,KNN,ball_tree,47,uncalibrated,0.0398,1,0
12,12,KNN,ball_tree,47,uncalibrated,0.0402,1,0
12,12,KNN,ball_tree,47,uncalibrated,0.041,1,0
12,12,KNN,ball_tree,49,uncalibrated,0.036,0,0
12,12,KNN,ball_tree,49,uncalibrated,0.0366,0,0
12,12,KNN,ball_tree,49,uncalibrated,0.037,0,0
12,12,KNN,ball_tree,49,uncalibrated,0.0374,0.0012257155114298,0.0012257155114298
12,12,KNN,ball_tree,49,uncalibrated,0.0378,0.188208616780045,0.0523422742524662
12,12,KNN,ball_tree,49,uncalibrated,0.0382,0.896142857142857,0.0459594781953082
12,12,KNN,ball_tree,49,uncalibrated,0.0386,0.999859737709517,0.000140262290483172
12,12,KNN,ball_tree,49,uncalibrated,0.039,1,0
12,12,KNN,ball_tree,49,uncalibrated,0.0394,1,0
12,12,KNN,ball_tree,49,uncalibrated,0.0398,1,0
12,12,KNN,ball_tree,49,uncalibrated,0.0402,1,0
12,12,KNN,ball_tree,49,uncalibrated,0.041,1,0
12,12,KNN,ball_tree,51,uncalibrated,0.036,0,0
12,12,KNN,ball_tree,51,uncalibrated,0.0366,0,0
12,12,KNN,ball_tree,51,uncalibrated,0.037,0,0
12,12,KNN,ball_tree,51,uncalibrated,0.0374,0.00119727570707963,0.00119727570707963
12,12,KNN,ball_tree,51,uncalibrated,0.0378,0.18920578332343,0.0525492415925024
12,12,KNN,ball_tree,51,uncalibrated,0.0382,0.89643137254902,0.0459109083015247
12,12,KNN,ball_tree,51,uncalibrated,0.0386,0.999865238191507,0.000134761808503506
12,12,KNN,ball_tree,51,uncalibrated,0.039,1,0
12,12,KNN,ball_tree,51,uncalibrated,0.0394,1,0
12,12,KNN,ball_tree,51,uncalibrated,0.0398,1,0
12,12,KNN,ball_tree,51,uncalibrated,0.0402,1,0
12,12,KNN,ball_tree,51,uncalibrated,0.041,1,0
12,12,KNN,ball_tree,61,uncalibrated,0.036,0,0
12,12,KNN,ball_tree,61,uncalibrated,0.0366,0,0
12,12,KNN,ball_tree,61,uncalibrated,0.037,0,0
12,12,KNN,ball_tree,61,uncalibrated,0.0374,0.00141124731288666,0.00141124731288666
12,12,KNN,ball_tree,61,uncalibrated,0.0378,0.192846497764531,0.053237517934023
12,12,KNN,ball_tree,61,uncalibrated,0.0382,0.898016393442622,0.0455160447680171
12,12,KNN,ball_tree,61,uncalibrated,0.0386,0.999887330291219,0.000112669708748826
12,12,KNN,ball_tree,61,uncalibrated,0.039,1,0
12,12,KNN,ball_tree,61,uncalibrated,0.0394,1,0
12,12,KNN,ball_tree,61,uncalibrated,0.0398,1,0
12,12,KNN,ball_tree,61,uncalibrated,0.0402,1,0
12,12,KNN,ball_tree,61,uncalibrated,0.041,1,0
12,12,KNN,ball_tree,81,uncalibrated,0.036,0,0
12,12,KNN,ball_tree,81,uncalibrated,0.0366,0,0
12,12,KNN,ball_tree,81,uncalibrated,0.037,0,0
12,12,KNN,ball_tree,81,uncalibrated,0.0374,0.00160654481642136,0.00160654481642136
12,12,KNN,ball_tree,81,uncalibrated,0.0378,0.197780271854345,0.0539929467140763
12,12,KNN,ball_tree,81,uncalibrated,0.0382,0.900197530864197,0.0448447191804558
12,12,KNN,ball_tree,81,uncalibrated,0.0386,0.999872724958625,0.000127275041364343
12,12,KNN,ball_tree,81,uncalibrated,0.039,1,0
12,12,KNN,ball_tree,81,uncalibrated,0.0394,1,0
12,12,KNN,ball_tree,81,uncalibrated,0.0398,1,0
12,12,KNN,ball_tree,81,uncalibrated,0.0402,1,0
12,12,KNN,ball_tree,81,uncalibrated,0.041,1,0
12,12,KNN,ball_tree,101,uncalibrated,0.036,0,0
12,12,KNN,ball_tree,101,uncalibrated,0.0366,0,0
12,12,KNN,ball_tree,101,uncalibrated,0.037,0,0
12,12,KNN,ball_tree,101,uncalibrated,0.0374,0.00166503136800166,0.00166503136800166
12,12,KNN,ball_tree,101,uncalibrated,0.0378,0.202600260026003,0.0547376408533365
12,12,KNN,ball_tree,101,uncalibrated,0.0382,0.902108910891089,0.0443089294943169
12,12,KNN,ball_tree,101,uncalibrated,0.0386,0.999897927937145,0.000102072062876382
12,12,KNN,ball_tree,101,uncalibrated,0.039,1,0
12,12,KNN,ball_tree,101,uncalibrated,0.0394,1,0
12,12,KNN,ball_tree,101,uncalibrated,0.0398,1,0
12,12,KNN,ball_tree,101,uncalibrated,0.0402,1,0
12,12,KNN,ball_tree,101,uncalibrated,0.041,1,0
12,12,KNN,ball_tree,151,uncalibrated,0.036,0,0
12,12,KNN,ball_tree,151,uncalibrated,0.0366,0,0
12,12,KNN,ball_tree,151,uncalibrated,0.037,0,0
12,12,KNN,ball_tree,151,uncalibrated,0.0374,0.00194896883638606,0.00194896883638606
12,12,KNN,ball_tree,151,uncalibrated,0.0378,0.211198073449729,0.0561117934409258
12,12,KNN,ball_tree,151,uncalibrated,0.0382,0.905370860927152,0.0433747224814094
12,12,KNN,ball_tree,151,uncalibrated,0.0386,0.999924140703823,7.58592961773787E-05
12,12,KNN,ball_tree,151,uncalibrated,0.039,1,0
12,12,KNN,ball_tree,151,uncalibrated,0.0394,1,0
12,12,KNN,ball_tree,151,uncalibrated,0.0398,1,0
12,12,KNN,ball_tree,151,uncalibrated,0.0402,1,0
12,12,KNN,ball_tree,151,uncalibrated,0.041,1,0
12,12,KNN,ball_tree,201,uncalibrated,0.036,0,0
12,12,KNN,ball_tree,201,uncalibrated,0.0366,0,0
12,12,KNN,ball_tree,201,uncalibrated,0.037,0,0
12,12,KNN,ball_tree,201,uncalibrated,0.0374,0.00215140513647976,0.00215140513647976
12,12,KNN,ball_tree,201,uncalibrated,0.0378,0.216664153977587,0.0569301574868234
12,12,KNN,ball_tree,201,uncalibrated,0.0382,0.907756218905473,0.0426856532672881
12,12,KNN,ball_tree,201,uncalibrated,0.0386,0.999937312293049,6.2687706940727E-05
12,12,KNN,ball_tree,201,uncalibrated,0.039,1,0
12,12,KNN,ball_tree,201,uncalibrated,0.0394,1,0
12,12,KNN,ball_tree,201,uncalibrated,0.0398,1,0
12,12,KNN,ball_tree,201,uncalibrated,0.0402,1,0
12,12,KNN,ball_tree,201,uncalibrated,0.041,1,0
12,12,KNN,brute,1,uncalibrated,0.036,0,0
12,12,KNN,brute,1,uncalibrated,0.0366,0,0
12,12,KNN,brute,1,uncalibrated,0.037,0,0
12,12,KNN,brute,1,uncalibrated,0.0374,0,0
12,12,KNN,brute,1,uncalibrated,0.0378,0.159229208924949,0.0490459757485053
12,12,KNN,brute,1,uncalibrated,0.0382,0.883,0.0511566222497146
12,12,KNN,brute,1,uncalibrated,0.0386,1,0
12,12,KNN,brute,1,uncalibrated,0.039,1,0
12,12,KNN,brute,1,uncalibrated,0.0394,1,0
12,12,KNN,brute,1,uncalibrated,0.0398,1,0
12,12,KNN,brute,1,uncalibrated,0.0402,1,0
12,12,KNN,brute,1,uncalibrated,0.041,1,0
12,12,KNN,brute,3,uncalibrated,0.036,0,0
12,12,KNN,brute,3,uncalibrated,0.0366,0,0
12,12,KNN,brute,3,uncalibrated,0.037,0,0
12,12,KNN,brute,3,uncalibrated,0.0374,0,0
12,12,KNN,brute,3,uncalibrated,0.0378,0.154834347532116,0.0477175168350377
12,12,KNN,brute,3,uncalibrated,0.0382,0.882666666666667,0.0504456331584996
12,12,KNN,brute,3,uncalibrated,0.0386,1,0
12,12,KNN,brute,3,uncalibrated,0.039,1,0
12,12,KNN,brute,3,uncalibrated,0.0394,1,0
12,12,KNN,brute,3,uncalibrated,0.0398,1,0
12,12,KNN,brute,3,uncalibrated,0.0402,1,0
12,12,KNN,brute,3,uncalibrated,0.041,1,0
12,12,KNN,brute,5,uncalibrated,0.036,0,0
12,12,KNN,brute,5,uncalibrated,0.0366,0,0
12,12,KNN,brute,5,uncalibrated,0.037,0,0
12,12,KNN,brute,5,uncalibrated,0.0374,0.000211864406779659,0.000211864406779661
12,12,KNN,brute,5,uncalibrated,0.0378,0.153144016227181,0.0471962173859277
12,12,KNN,brute,5,uncalibrated,0.0382,0.883,0.0501202553864204
12,12,KNN,brute,5,uncalibrated,0.0386,1,0
12,12,KNN,brute,5,uncalibrated,0.039,1,0
12,12,KNN,brute,5,uncalibrated,0.0394,1,0
12,12,KNN,brute,5,uncalibrated,0.0398,1,0
12,12,KNN,brute,5,uncalibrated,0.0402,1,0
12,12,KNN,brute,5,uncalibrated,0.041,1,0
12,12,KNN,brute,7,uncalibrated,0.036,0,0
12,12,KNN,brute,7,uncalibrated,0.0366,0,0
12,12,KNN,brute,7,uncalibrated,0.037,0,0
12,12,KNN,brute,7,uncalibrated,0.0374,0.000302663438256659,0.000302663438256659
12,12,KNN,brute,7,uncalibrated,0.0378,0.156766154737757,0.0476013224135705
12,12,KNN,brute,7,uncalibrated,0.0382,0.884000000000001,0.0498515580756068
12,12,KNN,brute,7,uncalibrated,0.0386,0.999836360661071,0.000163639338896997
12,12,KNN,brute,7,uncalibrated,0.039,1,0
12,12,KNN,brute,7,uncalibrated,0.0394,1,0
12,12,KNN,brute,7,uncalibrated,0.0398,1,0
12,12,KNN,brute,7,uncalibrated,0.0402,1,0
12,12,KNN,brute,7,uncalibrated,0.041,1,0
12,12,KNN,brute,9,uncalibrated,0.036,0,0
12,12,KNN,brute,9,uncalibrated,0.0366,0,0
12,12,KNN,brute,9,uncalibrated,0.037,0,0
12,12,KNN,brute,9,uncalibrated,0.0374,0.000353107344632768,0.000353107344632768
12,12,KNN,brute,9,uncalibrated,0.0378,0.1587784539103,0.0482421561282284
12,12,KNN,brute,9,uncalibrated,0.0382,0.884444444444445,0.0493582090865623
12,12,KNN,brute,9,uncalibrated,0.0386,0.999872724958625,0.000127275041364343
12,12,KNN,brute,9,uncalibrated,0.039,1,0
12,12,KNN,brute,9,uncalibrated,0.0394,1,0
12,12,KNN,brute,9,uncalibrated,0.0398,1,0
12,12,KNN,brute,9,uncalibrated,0.0402,1,0
12,12,KNN,brute,9,uncalibrated,0.041,1,0
12,12,KNN,brute,11,uncalibrated,0.036,0,0
12,12,KNN,brute,11,uncalibrated,0.0366,0,0
12,12,KNN,brute,11,uncalibrated,0.037,0,0
12,12,KNN,brute,11,uncalibrated,0.0374,0.000481510015408324,0.00048151001540832
12,12,KNN,brute,11,uncalibrated,0.0378,0.161349806380232,0.0484158729524153
12,12,KNN,brute,11,uncalibrated,0.0382,0.885727272727273,0.0488458409154184
12,12,KNN,brute,11,uncalibrated,0.0386,0.999791731750494,0.000208268249505479
12,12,KNN,brute,11,uncalibrated,0.039,1,0
12,12,KNN,brute,11,uncalibrated,0.0394,1,0
12,12,KNN,brute,11,uncalibrated,0.0398,1,0
12,12,KNN,brute,11,uncalibrated,0.0402,1,0
12,12,KNN,brute,11,uncalibrated,0.041,1,0
12,12,KNN,brute,13,uncalibrated,0.036,0,0
12,12,KNN,brute,13,uncalibrated,0.0366,0,0
12,12,KNN,brute,13,uncalibrated,0.037,0,0
12,12,KNN,brute,13,uncalibrated,0.0374,0.000539000539000539,0.000539000539000539
12,12,KNN,brute,13,uncalibrated,0.0378,0.163286004056796,0.0488657215274087
12,12,KNN,brute,13,uncalibrated,0.0382,0.885923076923076,0.0486615356821488
12,12,KNN,brute,13,uncalibrated,0.0386,0.999823773019681,0.000176226980350764
12,12,KNN,brute,13,uncalibrated,0.039,1,0
12,12,KNN,brute,13,uncalibrated,0.0394,1,0
12,12,KNN,brute,13,uncalibrated,0.0398,1,0
12,12,KNN,brute,13,uncalibrated,0.0402,1,0
12,12,KNN,brute,13,uncalibrated,0.041,1,0
12,12,KNN,brute,15,uncalibrated,0.036,0,0
12,12,KNN,brute,15,uncalibrated,0.0366,0,0
12,12,KNN,brute,15,uncalibrated,0.037,0,0
12,12,KNN,brute,15,uncalibrated,0.0374,0.000667334000667334,0.000667334000667334
12,12,KNN,brute,15,uncalibrated,0.0378,0.165382014874915,0.0489699335637541
12,12,KNN,brute,15,uncalibrated,0.0382,0.886733333333333,0.0486429883689346
12,12,KNN,brute,15,uncalibrated,0.0386,0.999770904925533,0.000229095074455972
12,12,KNN,brute,15,uncalibrated,0.039,1,0
12,12,KNN,brute,15,uncalibrated,0.0394,1,0
12,12,KNN,brute,15,uncalibrated,0.0398,1,0
12,12,KNN,brute,15,uncalibrated,0.0402,1,0
12,12,KNN,brute,15,uncalibrated,0.041,1,0
12,12,KNN,brute,17,uncalibrated,0.036,0,0
12,12,KNN,brute,17,uncalibrated,0.0366,0,0
12,12,KNN,brute,17,uncalibrated,0.037,0,0
12,12,KNN,brute,17,uncalibrated,0.0374,0.00070658894188306,0.00070658894188306
12,12,KNN,brute,17,uncalibrated,0.0378,0.167641092948336,0.049245557912237
12,12,KNN,brute,17,uncalibrated,0.0382,0.887,0.0484756819955456
12,12,KNN,brute,17,uncalibrated,0.0386,0.999730476383004,0.000269523617006903
12,12,KNN,brute,17,uncalibrated,0.039,1,0
12,12,KNN,brute,17,uncalibrated,0.0394,1,0
12,12,KNN,brute,17,uncalibrated,0.0398,1,0
12,12,KNN,brute,17,uncalibrated,0.0402,1,0
12,12,KNN,brute,17,uncalibrated,0.041,1,0
12,12,KNN,brute,19,uncalibrated,0.036,0,0
12,12,KNN,brute,19,uncalibrated,0.0366,0,0
12,12,KNN,brute,19,uncalibrated,0.037,0,0
12,12,KNN,brute,19,uncalibrated,0.0374,0.000684895421737527,0.000684895421737527
12,12,KNN,brute,19,uncalibrated,0.0378,0.168570513504857,0.0494353017201872
12,12,KNN,brute,19,uncalibrated,0.0382,0.887368421052632,0.0483426629279273
12,12,KNN,brute,19,uncalibrated,0.0386,0.999758847290046,0.000241152709953585
12,12,KNN,brute,19,uncalibrated,0.039,1,0
12,12,KNN,brute,19,uncalibrated,0.0394,1,0
12,12,KNN,brute,19,uncalibrated,0.0398,1,0
12,12,KNN,brute,19,uncalibrated,0.0402,1,0
12,12,KNN,brute,19,uncalibrated,0.041,1,0
12,12,KNN,brute,21,uncalibrated,0.036,0,0
12,12,KNN,brute,21,uncalibrated,0.0366,0,0
12,12,KNN,brute,21,uncalibrated,0.037,0,0
12,12,KNN,brute,21,uncalibrated,0.0374,0.000810334143667477,0.000810334143667477
12,12,KNN,brute,21,uncalibrated,0.0378,0.169902443736115,0.0497460985975457
12,12,KNN,brute,21,uncalibrated,0.0382,0.888238095238094,0.0480472145233539
12,12,KNN,brute,21,uncalibrated,0.0386,0.999781814214783,0.000218185785196033
12,12,KNN,brute,21,uncalibrated,0.039,1,0
12,12,KNN,brute,21,uncalibrated,0.0394,1,0
12,12,KNN,brute,21,uncalibrated,0.0398,1,0
12,12,KNN,brute,21,uncalibrated,0.0402,1,0
12,12,KNN,brute,21,uncalibrated,0.041,1,0
12,12,KNN,brute,23,uncalibrated,0.036,0,0
12,12,KNN,brute,23,uncalibrated,0.0366,0,0
12,12,KNN,brute,23,uncalibrated,0.037,0,0
12,12,KNN,brute,23,uncalibrated,0.0374,0.000870435653044349,0.000870435653044349
12,12,KNN,brute,23,uncalibrated,0.0378,0.171090925125673,0.0498464083205242
12,12,KNN,brute,23,uncalibrated,0.0382,0.88913043478261,0.0479187245113032
12,12,KNN,brute,23,uncalibrated,0.0386,0.999750983614711,0.000249016385278125
12,12,KNN,brute,23,uncalibrated,0.039,1,0
12,12,KNN,brute,23,uncalibrated,0.0394,1,0
12,12,KNN,brute,23,uncalibrated,0.0398,1,0
12,12,KNN,brute,23,uncalibrated,0.0402,1,0
12,12,KNN,brute,23,uncalibrated,0.041,1,0
12,12,KNN,brute,25,uncalibrated,0.036,0,0
12,12,KNN,brute,25,uncalibrated,0.0366,0,0
12,12,KNN,brute,25,uncalibrated,0.037,0,0
12,12,KNN,brute,25,uncalibrated,0.0374,0.000960960960960961,0.000960960960960961
12,12,KNN,brute,25,uncalibrated,0.0378,0.173022312373226,0.0501432822292343
12,12,KNN,brute,25,uncalibrated,0.0382,0.889680000000001,0.047745104161878
12,12,KNN,brute,25,uncalibrated,0.0386,0.999770904925533,0.000229095074455972
12,12,KNN,brute,25,uncalibrated,0.039,1,0
12,12,KNN,brute,25,uncalibrated,0.0394,1,0
12,12,KNN,brute,25,uncalibrated,0.0398,1,0
12,12,KNN,brute,25,uncalibrated,0.0402,1,0
12,12,KNN,brute,25,uncalibrated,0.041,1,0
12,12,KNN,brute,27,uncalibrated,0.036,0,0
12,12,KNN,brute,27,uncalibrated,0.0366,0,0
12,12,KNN,brute,27,uncalibrated,0.037,0,0
12,12,KNN,brute,27,uncalibrated,0.0374,0.000963926889852815,0.000963926889852816
12,12,KNN,brute,27,uncalibrated,0.0378,0.174592442340921,0.0502219232350971
12,12,KNN,brute,27,uncalibrated,0.0382,0.89,0.0476446691800222
12,12,KNN,brute,27,uncalibrated,0.0386,0.999787874931091,0.000212125068940682
12,12,KNN,brute,27,uncalibrated,0.039,1,0
12,12,KNN,brute,27,uncalibrated,0.0394,1,0
12,12,KNN,brute,27,uncalibrated,0.0398,1,0
12,12,KNN,brute,27,uncalibrated,0.0402,1,0
12,12,KNN,brute,27,uncalibrated,0.041,1,0
12,12,KNN,brute,29,uncalibrated,0.036,0,0
12,12,KNN,brute,29,uncalibrated,0.0366,0,0
12,12,KNN,brute,29,uncalibrated,0.037,0,0
12,12,KNN,brute,29,uncalibrated,0.0374,0.000931966449207828,0.000931966449207829
12,12,KNN,brute,29,uncalibrated,0.0378,0.175736168426943,0.0503770961809697
12,12,KNN,brute,29,uncalibrated,0.0382,0.890793103448275,0.0474069426309524
12,12,KNN,brute,29,uncalibrated,0.0386,0.999802504246159,0.000197495753841317
12,12,KNN,brute,29,uncalibrated,0.039,1,0
12,12,KNN,brute,29,uncalibrated,0.0394,1,0
12,12,KNN,brute,29,uncalibrated,0.0398,1,0
12,12,KNN,brute,29,uncalibrated,0.0402,1,0
12,12,KNN,brute,29,uncalibrated,0.041,1,0
12,12,KNN,brute,31,uncalibrated,0.036,0,0
12,12,KNN,brute,31,uncalibrated,0.0366,0,0
12,12,KNN,brute,31,uncalibrated,0.037,0,0
12,12,KNN,brute,31,uncalibrated,0.0374,0.001001001001001,0.001001001001001
12,12,KNN,brute,31,uncalibrated,0.0378,0.176732316953477,0.0506136452676148
12,12,KNN,brute,31,uncalibrated,0.0382,0.891290322580644,0.047129052760399
12,12,KNN,brute,31,uncalibrated,0.0386,0.999815245907675,0.000184754092303111
12,12,KNN,brute,31,uncalibrated,0.039,1,0
12,12,KNN,brute,31,uncalibrated,0.0394,1,0
12,12,KNN,brute,31,uncalibrated,0.0398,1,0
12,12,KNN,brute,31,uncalibrated,0.0402,1,0
12,12,KNN,brute,31,uncalibrated,0.041,1,0
12,12,KNN,brute,33,uncalibrated,0.036,0,0
12,12,KNN,brute,33,uncalibrated,0.0366,0,0
12,12,KNN,brute,33,uncalibrated,0.037,0,0
12,12,KNN,brute,33,uncalibrated,0.0374,0.0010616677283344,0.00106166772833439
12,12,KNN,brute,33,uncalibrated,0.0378,0.177853586575697,0.0507912833811353
12,12,KNN,brute,33,uncalibrated,0.0382,0.892090909090909,0.0469481014451708
12,12,KNN,brute,33,uncalibrated,0.0386,0.999791731750494,0.000208268249505479
12,12,KNN,brute,33,uncalibrated,0.039,1,0
12,12,KNN,brute,33,uncalibrated,0.0394,1,0
12,12,KNN,brute,33,uncalibrated,0.0398,1,0
12,12,KNN,brute,33,uncalibrated,0.0402,1,0
12,12,KNN,brute,33,uncalibrated,0.041,1,0
12,12,KNN,brute,35,uncalibrated,0.036,0,0
12,12,KNN,brute,35,uncalibrated,0.0366,0,0
12,12,KNN,brute,35,uncalibrated,0.037,0,0
12,12,KNN,brute,35,uncalibrated,0.0374,0.00111540111540112,0.00111540111540112
12,12,KNN,brute,35,uncalibrated,0.0378,0.180461760461761,0.0510647934884697
12,12,KNN,brute,35,uncalibrated,0.0382,0.892657142857143,0.0468100896153374
12,12,KNN,brute,35,uncalibrated,0.0386,0.999803632793334,0.000196367206676484
12,12,KNN,brute,35,uncalibrated,0.039,1,0
12,12,KNN,brute,35,uncalibrated,0.0394,1,0
12,12,KNN,brute,35,uncalibrated,0.0398,1,0
12,12,KNN,brute,35,uncalibrated,0.0402,1,0
12,12,KNN,brute,35,uncalibrated,0.041,1,0
12,12,KNN,brute,37,uncalibrated,0.036,0,0
12,12,KNN,brute,37,uncalibrated,0.0366,0,0
12,12,KNN,brute,37,uncalibrated,0.037,0,0
12,12,KNN,brute,37,uncalibrated,0.0374,0.00119037956875795,0.00119037956875795
12,12,KNN,brute,37,uncalibrated,0.0378,0.179951757030865,0.0512781674469234
12,12,KNN,brute,37,uncalibrated,0.0382,0.893108108108108,0.0466679217245006
12,12,KNN,brute,37,uncalibrated,0.0386,0.999814247236938,0.000185752763072395
12,12,KNN,brute,37,uncalibrated,0.039,1,0
12,12,KNN,brute,37,uncalibrated,0.0394,1,0
12,12,KNN,brute,37,uncalibrated,0.0398,1,0
12,12,KNN,brute,37,uncalibrated,0.0402,1,0
12,12,KNN,brute,37,uncalibrated,0.041,1,0
12,12,KNN,brute,39,uncalibrated,0.036,0,0
12,12,KNN,brute,39,uncalibrated,0.0366,0,0
12,12,KNN,brute,39,uncalibrated,0.037,0,0
12,12,KNN,brute,39,uncalibrated,0.0374,0.00115500115500115,0.00115500115500116
12,12,KNN,brute,39,uncalibrated,0.0378,0.182957782957783,0.0514671863268227
12,12,KNN,brute,39,uncalibrated,0.0382,0.893717948717949,0.0465027340433255
12,12,KNN,brute,39,uncalibrated,0.0386,0.999823773019681,0.000176226980350764
12,12,KNN,brute,39,uncalibrated,0.039,1,0
12,12,KNN,brute,39,uncalibrated,0.0394,1,0
12,12,KNN,brute,39,uncalibrated,0.0398,1,0
12,12,KNN,brute,39,uncalibrated,0.0402,1,0
12,12,KNN,brute,39,uncalibrated,0.041,1,0
12,12,KNN,brute,41,uncalibrated,0.036,0,0
12,12,KNN,brute,41,uncalibrated,0.0366,0,0
12,12,KNN,brute,41,uncalibrated,0.037,0,0
12,12,KNN,brute,41,uncalibrated,0.0374,0.001123074293806,0.001123074293806
12,12,KNN,brute,41,uncalibrated,0.0378,0.184355752648436,0.0516679262881093
12,12,KNN,brute,41,uncalibrated,0.0382,0.894243902439024,0.0464779212266802
12,12,KNN,brute,41,uncalibrated,0.0386,0.999832369457747,0.000167630542284798
12,12,KNN,brute,41,uncalibrated,0.039,1,0
12,12,KNN,brute,41,uncalibrated,0.0394,1,0
12,12,KNN,brute,41,uncalibrated,0.0398,1,0
12,12,KNN,brute,41,uncalibrated,0.0402,1,0
12,12,KNN,brute,41,uncalibrated,0.041,1,0
12,12,KNN,brute,43,uncalibrated,0.036,0,0
12,12,KNN,brute,43,uncalibrated,0.0366,0,0
12,12,KNN,brute,43,uncalibrated,0.037,0,0
12,12,KNN,brute,43,uncalibrated,0.0374,0.00114067555928021,0.00114067555928021
12,12,KNN,brute,43,uncalibrated,0.0378,0.185459243598779,0.0519090725562475
12,12,KNN,brute,43,uncalibrated,0.0382,0.894697674418605,0.0463710033627726
12,12,KNN,brute,43,uncalibrated,0.0386,0.999840166227124,0.000159833772876172
12,12,KNN,brute,43,uncalibrated,0.039,1,0
12,12,KNN,brute,43,uncalibrated,0.0394,1,0
12,12,KNN,brute,43,uncalibrated,0.0398,1,0
12,12,KNN,brute,43,uncalibrated,0.0402,1,0
12,12,KNN,brute,43,uncalibrated,0.041,1,0
12,12,KNN,brute,45,uncalibrated,0.036,0,0
12,12,KNN,brute,45,uncalibrated,0.0366,0,0
12,12,KNN,brute,45,uncalibrated,0.037,0,0
12,12,KNN,brute,45,uncalibrated,0.0374,0.00113446780113447,0.00113446780113447
12,12,KNN,brute,45,uncalibrated,0.0378,0.186509539842874,0.0521057385398458
12,12,KNN,brute,45,uncalibrated,0.0382,0.895222222222222,0.0463118659110412
12,12,KNN,brute,45,uncalibrated,0.0386,0.999847269950363,0.000152730049637278
12,12,KNN,brute,45,uncalibrated,0.039,1,0
12,12,KNN,brute,45,uncalibrated,0.0394,1,0
12,12,KNN,brute,45,uncalibrated,0.0398,1,0
12,12,KNN,brute,45,uncalibrated,0.0402,1,0
12,12,KNN,brute,45,uncalibrated,0.041,1,0
12,12,KNN,brute,47,uncalibrated,0.036,0,0
12,12,KNN,brute,47,uncalibrated,0.0366,0,0
12,12,KNN,brute,47,uncalibrated,0.037,0,0
12,12,KNN,brute,47,uncalibrated,0.0374,0.00119268204374587,0.00119268204374587
12,12,KNN,brute,47,uncalibrated,0.0378,0.187405974640017,0.052219468905571
12,12,KNN,brute,47,uncalibrated,0.0382,0.89559574468085,0.0461933373938517
12,12,KNN,brute,47,uncalibrated,0.0386,0.999853769101411,0.000146230898588906
12,12,KNN,brute,47,uncalibrated,0.039,1,0
12,12,KNN,brute,47,uncalibrated,0.0394,1,0
12,12,KNN,brute,47,uncalibrated,0.0398,1,0
12,12,KNN,brute,47,uncalibrated,0.0402,1,0
12,12,KNN,brute,47,uncalibrated,0.041,1,0
12,12,KNN,brute,49,uncalibrated,0.036,0,0
12,12,KNN,brute,49,uncalibrated,0.0366,0,0
12,12,KNN,brute,49,uncalibrated,0.037,0,0
12,12,KNN,brute,49,uncalibrated,0.0374,0.0012257155114298,0.0012257155114298
12,12,KNN,brute,49,uncalibrated,0.0378,0.188208616780045,0.0523422742524662
12,12,KNN,brute,49,uncalibrated,0.0382,0.896142857142857,0.0459594781953082
12,12,KNN,brute,49,uncalibrated,0.0386,0.999859737709517,0.000140262290483172
12,12,KNN,brute,49,uncalibrated,0.039,1,0
12,12,KNN,brute,49,uncalibrated,0.0394,1,0
12,12,KNN,brute,49,uncalibrated,0.0398,1,0
12,12,KNN,brute,49,uncalibrated,0.0402,1,0
12,12,KNN,brute,49,uncalibrated,0.041,1,0
12,12,KNN,brute,51,uncalibrated,0.036,0,0
12,12,KNN,brute,51,uncalibrated,0.0366,0,0
12,12,KNN,brute,51,uncalibrated,0.037,0,0
12,12,KNN,brute,51,uncalibrated,0.0374,0.00119727570707963,0.00119727570707963
12,12,KNN,brute,51,uncalibrated,0.0378,0.18920578332343,0.0525492415925024
12,12,KNN,brute,51,uncalibrated,0.0382,0.89643137254902,0.0459109083015247
12,12,KNN,brute,51,uncalibrated,0.0386,0.999865238191507,0.000134761808503506
12,12,KNN,brute,51,uncalibrated,0.039,1,0
12,12,KNN,brute,51,uncalibrated,0.0394,1,0
12,12,KNN,brute,51,uncalibrated,0.0398,1,0
12,12,KNN,brute,51,uncalibrated,0.0402,1,0
12,12,KNN,brute,51,uncalibrated,0.041,1,0
12,12,KNN,brute,61,uncalibrated,0.036,0,0
12,12,KNN,brute,61,uncalibrated,0.0366,0,0
12,12,KNN,brute,61,uncalibrated,0.037,0,0
12,12,KNN,brute,61,uncalibrated,0.0374,0.00141124731288666,0.00141124731288666
12,12,KNN,brute,61,uncalibrated,0.0378,0.192846497764531,0.053237517934023
12,12,KNN,brute,61,uncalibrated,0.0382,0.898016393442622,0.0455160447680171
12,12,KNN,brute,61,uncalibrated,0.0386,0.999887330291219,0.000112669708748826
12,12,KNN,brute,61,uncalibrated,0.039,1,0
12,12,KNN,brute,61,uncalibrated,0.0394,1,0
12,12,KNN,brute,61,uncalibrated,0.0398,1,0
12,12,KNN,brute,61,uncalibrated,0.0402,1,0
12,12,KNN,brute,61,uncalibrated,0.041,1,0
12,12,KNN,brute,81,uncalibrated,0.036,0,0
12,12,KNN,brute,81,uncalibrated,0.0366,0,0
12,12,KNN,brute,81,uncalibrated,0.037,0,0
12,12,KNN,brute,81,uncalibrated,0.0374,0.00160654481642136,0.00160654481642136
12,12,KNN,brute,81,uncalibrated,0.0378,0.197780271854345,0.0539929467140763
12,12,KNN,brute,81,uncalibrated,0.0382,0.900197530864197,0.0448447191804558
12,12,KNN,brute,81,uncalibrated,0.0386,0.999872724958625,0.000127275041364343
12,12,KNN,brute,81,uncalibrated,0.039,1,0
12,12,KNN,brute,81,uncalibrated,0.0394,1,0
12,12,KNN,brute,81,uncalibrated,0.0398,1,0
12,12,KNN,brute,81,uncalibrated,0.0402,1,0
12,12,KNN,brute,81,uncalibrated,0.041,1,0
12,12,KNN,brute,101,uncalibrated,0.036,0,0
12,12,KNN,brute,101,uncalibrated,0.0366,0,0
12,12,KNN,brute,101,uncalibrated,0.037,0,0
12,12,KNN,brute,101,uncalibrated,0.0374,0.00166503136800166,0.00166503136800166
12,12,KNN,brute,101,uncalibrated,0.0378,0.202600260026003,0.0547376408533365
12,12,KNN,brute,101,uncalibrated,0.0382,0.902108910891089,0.0443089294943169
12,12,KNN,brute,101,uncalibrated,0.0386,0.999897927937145,0.000102072062876382
12,12,KNN,brute,101,uncalibrated,0.039,1,0
12,12,KNN,brute,101,uncalibrated,0.0394,1,0
12,12,KNN,brute,101,uncalibrated,0.0398,1,0
12,12,KNN,brute,101,uncalibrated,0.0402,1,0
12,12,KNN,brute,101,uncalibrated,0.041,1,0
12,12,KNN,brute,151,uncalibrated,0.036,0,0
12,12,KNN,brute,151,uncalibrated,0.0366,0,0
12,12,KNN,brute,151,uncalibrated,0.037,0,0
12,12,KNN,brute,151,uncalibrated,0.0374,0.00194896883638606,0.00194896883638606
12,12,KNN,brute,151,uncalibrated,0.0378,0.211198073449729,0.0561117934409258
12,12,KNN,brute,151,uncalibrated,0.0382,0.905370860927152,0.0433747224814094
12,12,KNN,brute,151,uncalibrated,0.0386,0.999924140703823,7.58592961773787E-05
12,12,KNN,brute,151,uncalibrated,0.039,1,0
12,12,KNN,brute,151,uncalibrated,0.0394,1,0
12,12,KNN,brute,151,uncalibrated,0.0398,1,0
12,12,KNN,brute,151,uncalibrated,0.0402,1,0
12,12,KNN,brute,151,uncalibrated,0.041,1,0
12,12,KNN,brute,201,uncalibrated,0.036,0,0
12,12,KNN,brute,201,uncalibrated,0.0366,0,0
12,12,KNN,brute,201,uncalibrated,0.037,0,0
12,12,KNN,brute,201,uncalibrated,0.0374,0.00215140513647976,0.00215140513647976
12,12,KNN,brute,201,uncalibrated,0.0378,0.216664153977587,0.0569301574868234
12,12,KNN,brute,201,uncalibrated,0.0382,0.907756218905473,0.0426856532672881
12,12,KNN,brute,201,uncalibrated,0.0386,0.999937312293049,6.2687706940727E-05
12,12,KNN,brute,201,uncalibrated,0.039,1,0
12,12,KNN,brute,201,uncalibrated,0.0394,1,0
12,12,KNN,brute,201,uncalibrated,0.0398,1,0
12,12,KNN,brute,201,uncalibrated,0.0402,1,0
12,12,KNN,brute,201,uncalibrated,0.041,1,0
