feature_set,n_features,model,algorithm,n_neighbors,calibration,Delta,chi,chi_err
30,30,KNN,auto,1,uncalibrated,0.036,0,0
30,30,KNN,auto,1,uncalibrated,0.0366,0,0
30,30,KNN,auto,1,uncalibrated,0.037,0,0
30,30,KNN,auto,1,uncalibrated,0.0374,0,0
30,30,KNN,auto,1,uncalibrated,0.0378,0.11882856425329,0.0315193523220111
30,30,KNN,auto,1,uncalibrated,0.0382,0.117406532390514,0.0403923154120779
30,30,KNN,auto,1,uncalibrated,0.0386,0,0
30,30,KNN,auto,1,uncalibrated,0.039,0,0
30,30,KNN,auto,1,uncalibrated,0.0394,0,0
30,30,KNN,auto,1,uncalibrated,0.0398,0,0
30,30,KNN,auto,1,uncalibrated,0.0402,0,0
30,30,KNN,auto,1,uncalibrated,0.041,0,0
30,30,KNN,auto,3,uncalibrated,0.036,0,0
30,30,KNN,auto,3,uncalibrated,0.0366,0,0
30,30,KNN,auto,3,uncalibrated,0.037,0,0
30,30,KNN,auto,3,uncalibrated,0.0374,0,0
30,30,KNN,auto,3,uncalibrated,0.0378,0.112866606269557,0.0308362972422654
30,30,KNN,auto,3,uncalibrated,0.0382,0.114216755275489,0.0402429940021908
30,30,KNN,auto,3,uncalibrated,0.0386,0.000509100165457491,0.000509100165457554
30,30,KNN,auto,3,uncalibrated,0.039,0,0
30,30,KNN,auto,3,uncalibrated,0.0394,0,0
30,30,KNN,auto,3,uncalibrated,0.0398,0,0
30,30,KNN,auto,3,uncalibrated,0.0402,0,0
30,30,KNN,auto,3,uncalibrated,0.041,0,0
30,30,KNN,auto,5,uncalibrated,0.036,0,0
30,30,KNN,auto,5,uncalibrated,0.0366,0,0
30,30,KNN,auto,5,uncalibrated,0.037,0,0
30,30,KNN,auto,5,uncalibrated,0.0374,0,0
30,30,KNN,auto,5,uncalibrated,0.0378,0.112001345845045,0.0304781787658727
30,30,KNN,auto,5,uncalibrated,0.0382,0.113651142767481,0.0396252549473578
30,30,KNN,auto,5,uncalibrated,0.0386,0.00018327605956474,0.000183276059564719
30,30,KNN,auto,5,uncalibrated,0.039,0,0
30,30,KNN,auto,5,uncalibrated,0.0394,0,0
30,30,KNN,auto,5,uncalibrated,0.0398,0,0
30,30,KNN,auto,5,uncalibrated,0.0402,0,0
30,30,KNN,auto,5,uncalibrated,0.041,0,0
30,30,KNN,auto,7,uncalibrated,0.036,0,0
30,30,KNN,auto,7,uncalibrated,0.0366,0,0
30,30,KNN,auto,7,uncalibrated,0.037,0,0
30,30,KNN,auto,7,uncalibrated,0.0374,0,0
30,30,KNN,auto,7,uncalibrated,0.0378,0.110364291072759,0.0300931710727233
30,30,KNN,auto,7,uncalibrated,0.0382,0.109634724015568,0.0388604000912308
30,30,KNN,auto,7,uncalibrated,0.0386,0.000374032774621887,0.000374032774621876
30,30,KNN,auto,7,uncalibrated,0.039,0,0
30,30,KNN,auto,7,uncalibrated,0.0394,0,0
30,30,KNN,auto,7,uncalibrated,0.0398,0,0
30,30,KNN,auto,7,uncalibrated,0.0402,0,0
30,30,KNN,auto,7,uncalibrated,0.041,0,0
30,30,KNN,auto,9,uncalibrated,0.036,0,0
30,30,KNN,auto,9,uncalibrated,0.0366,0,0
30,30,KNN,auto,9,uncalibrated,0.037,0,0
30,30,KNN,auto,9,uncalibrated,0.0374,0,0
30,30,KNN,auto,9,uncalibrated,0.0378,0.110533857653215,0.0299645022902477
30,30,KNN,auto,9,uncalibrated,0.0382,0.1081365813931,0.0385128810096818
30,30,KNN,auto,9,uncalibrated,0.0386,0.000226266740203349,0.000226266740203357
30,30,KNN,auto,9,uncalibrated,0.039,0,0
30,30,KNN,auto,9,uncalibrated,0.0394,0,0
30,30,KNN,auto,9,uncalibrated,0.0398,0,0
30,30,KNN,auto,9,uncalibrated,0.0402,0,0
30,30,KNN,auto,9,uncalibrated,0.041,0,0
30,30,KNN,auto,11,uncalibrated,0.036,0,0
30,30,KNN,auto,11,uncalibrated,0.0366,0,0
30,30,KNN,auto,11,uncalibrated,0.037,0,0
30,30,KNN,auto,11,uncalibrated,0.0374,8.75472755287855E-06,8.75472755287855E-06
30,30,KNN,auto,11,uncalibrated,0.0378,0.110859754042198,0.0298701459756015
30,30,KNN,auto,11,uncalibrated,0.0382,0.105415479533848,0.0382418361661053
30,30,KNN,auto,11,uncalibrated,0.0386,0.000236668465347011,0.000236668465347004
30,30,KNN,auto,11,uncalibrated,0.039,0,0
30,30,KNN,auto,11,uncalibrated,0.0394,0,0
30,30,KNN,auto,11,uncalibrated,0.0398,0,0
30,30,KNN,auto,11,uncalibrated,0.0402,0,0
30,30,KNN,auto,11,uncalibrated,0.041,0,0
30,30,KNN,auto,13,uncalibrated,0.036,0,0
30,30,KNN,auto,13,uncalibrated,0.0366,0,0
30,30,KNN,auto,13,uncalibrated,0.037,0,0
30,30,KNN,auto,13,uncalibrated,0.0374,2.50727108614981E-05,2.50727108614983E-05
30,30,KNN,auto,13,uncalibrated,0.0378,0.110440532234614,0.0296876146060175
30,30,KNN,auto,13,uncalibrated,0.0382,0.103036708014529,0.0375553808055417
30,30,KNN,auto,13,uncalibrated,0.0386,0.000169449019567981,0.000169449019567973
30,30,KNN,auto,13,uncalibrated,0.039,0,0
30,30,KNN,auto,13,uncalibrated,0.0394,0,0
30,30,KNN,auto,13,uncalibrated,0.0398,0,0
30,30,KNN,auto,13,uncalibrated,0.0402,0,0
30,30,KNN,auto,13,uncalibrated,0.041,0,0
30,30,KNN,auto,15,uncalibrated,0.036,0,0
30,30,KNN,auto,15,uncalibrated,0.0366,0,0
30,30,KNN,auto,15,uncalibrated,0.037,0,0
30,30,KNN,auto,15,uncalibrated,0.0374,4.23728813559314E-05,4.23728813559322E-05
30,30,KNN,auto,15,uncalibrated,0.0378,0.110377028672008,0.0296657401133465
30,30,KNN,auto,15,uncalibrated,0.0382,0.101389541995594,0.0372875277793414
30,30,KNN,auto,15,uncalibrated,0.0386,0.00018327605956474,0.000183276059564719
30,30,KNN,auto,15,uncalibrated,0.039,0,0
30,30,KNN,auto,15,uncalibrated,0.0394,0,0
30,30,KNN,auto,15,uncalibrated,0.0398,0,0
30,30,KNN,auto,15,uncalibrated,0.0402,0,0
30,30,KNN,auto,15,uncalibrated,0.041,0,0
30,30,KNN,auto,17,uncalibrated,0.036,0,0
30,30,KNN,auto,17,uncalibrated,0.0366,0,0
30,30,KNN,auto,17,uncalibrated,0.037,0,0
30,30,KNN,auto,17,uncalibrated,0.0374,5.86475866518089E-05,5.86475866518093E-05
30,30,KNN,auto,17,uncalibrated,0.0378,0.11100781470657,0.0296829383690787
30,30,KNN,auto,17,uncalibrated,0.0382,0.100621118699722,0.0371686445325202
30,30,KNN,auto,17,uncalibrated,0.0386,0.000142688973709564,0.000142688973709556
30,30,KNN,auto,17,uncalibrated,0.039,0,0
30,30,KNN,auto,17,uncalibrated,0.0394,0,0
30,30,KNN,auto,17,uncalibrated,0.0398,0,0
30,30,KNN,auto,17,uncalibrated,0.0402,0,0
30,30,KNN,auto,17,uncalibrated,0.041,0,0
30,30,KNN,auto,19,uncalibrated,0.036,0,0
30,30,KNN,auto,19,uncalibrated,0.0366,0,0
30,30,KNN,auto,19,uncalibrated,0.037,0,0
30,30,KNN,auto,19,uncalibrated,0.0374,7.33602516550057E-05,7.33602516550073E-05
30,30,KNN,auto,19,uncalibrated,0.0378,0.11122167147595,0.0295483082359291
30,30,KNN,auto,19,uncalibrated,0.0382,0.0994318634893444,0.036821648274852
30,30,KNN,auto,19,uncalibrated,0.0386,0.00015548003668062,0.000155480036680596
30,30,KNN,auto,19,uncalibrated,0.039,0,0
30,30,KNN,auto,19,uncalibrated,0.0394,0,0
30,30,KNN,auto,19,uncalibrated,0.0398,0,0
30,30,KNN,auto,19,uncalibrated,0.0402,0,0
30,30,KNN,auto,19,uncalibrated,0.041,0,0
30,30,KNN,auto,21,uncalibrated,0.036,0,0
30,30,KNN,auto,21,uncalibrated,0.0366,0,0
30,30,KNN,auto,21,uncalibrated,0.037,0,0
30,30,KNN,auto,21,uncalibrated,0.0374,6.47568848361188E-05,6.23382452663834E-05
30,30,KNN,auto,21,uncalibrated,0.0378,0.111940133803873,0.0295431140324017
30,30,KNN,auto,21,uncalibrated,0.0382,0.098439122944299,0.0366783243655647
30,30,KNN,auto,21,uncalibrated,0.0386,0.000210393435724803,0.000210393435724805
30,30,KNN,auto,21,uncalibrated,0.039,0,0
30,30,KNN,auto,21,uncalibrated,0.0394,0,0
30,30,KNN,auto,21,uncalibrated,0.0398,0,0
30,30,KNN,auto,21,uncalibrated,0.0402,0,0
30,30,KNN,auto,21,uncalibrated,0.041,0,0
30,30,KNN,auto,23,uncalibrated,0.036,0,0
30,30,KNN,auto,23,uncalibrated,0.0366,0,0
30,30,KNN,auto,23,uncalibrated,0.037,0,0
30,30,KNN,auto,23,uncalibrated,0.0374,7.59843563869658E-05,7.39525430928924E-05
30,30,KNN,auto,23,uncalibrated,0.0378,0.111882734935378,0.0294620928504821
30,30,KNN,auto,23,uncalibrated,0.0382,0.0977142418726944,0.0365858641666907
30,30,KNN,auto,23,uncalibrated,0.0386,0.000175394149630682,0.000175394149630698
30,30,KNN,auto,23,uncalibrated,0.039,0,0
30,30,KNN,auto,23,uncalibrated,0.0394,0,0
30,30,KNN,auto,23,uncalibrated,0.0398,0,0
30,30,KNN,auto,23,uncalibrated,0.0402,0,0
30,30,KNN,auto,23,uncalibrated,0.041,0,0
30,30,KNN,auto,25,uncalibrated,0.036,0,0
30,30,KNN,auto,25,uncalibrated,0.0366,0,0
30,30,KNN,auto,25,uncalibrated,0.037,0,0
30,30,KNN,auto,25,uncalibrated,0.0374,8.63201039377374E-05,8.45909339023673E-05
30,30,KNN,auto,25,uncalibrated,0.0378,0.112323914450648,0.0293301953959354
30,30,KNN,auto,25,uncalibrated,0.0382,0.0967986847589006,0.0365425280942123
30,30,KNN,auto,25,uncalibrated,0.0386,0.000148453608247441,0.000148453608247423
30,30,KNN,auto,25,uncalibrated,0.039,0,0
30,30,KNN,auto,25,uncalibrated,0.0394,0,0
30,30,KNN,auto,25,uncalibrated,0.0398,0,0
30,30,KNN,auto,25,uncalibrated,0.0402,0,0
30,30,KNN,auto,25,uncalibrated,0.041,0,0
30,30,KNN,auto,27,uncalibrated,0.036,0,0
30,30,KNN,auto,27,uncalibrated,0.0366,0,0
30,30,KNN,auto,27,uncalibrated,0.037,0,0
30,30,KNN,auto,27,uncalibrated,0.0374,0.000120449865809398,0.000118955667557382
30,30,KNN,auto,27,uncalibrated,0.0378,0.112849212443931,0.0293730814357311
30,30,KNN,auto,27,uncalibrated,0.0382,0.0960674601016627,0.036343713294989
30,30,KNN,auto,27,uncalibrated,0.0386,0.000127275041364381,0.000127275041364389
30,30,KNN,auto,27,uncalibrated,0.039,0,0
30,30,KNN,auto,27,uncalibrated,0.0394,0,0
30,30,KNN,auto,27,uncalibrated,0.0398,0,0
30,30,KNN,auto,27,uncalibrated,0.0402,0,0
30,30,KNN,auto,27,uncalibrated,0.041,0,0
30,30,KNN,auto,29,uncalibrated,0.036,0,0
30,30,KNN,auto,29,uncalibrated,0.0366,0,0
30,30,KNN,auto,29,uncalibrated,0.037,0,0
30,30,KNN,auto,29,uncalibrated,0.0374,0.000132085434633366,0.000130758873965001
30,30,KNN,auto,29,uncalibrated,0.0378,0.113319890289359,0.029387079494821
30,30,KNN,auto,29,uncalibrated,0.0382,0.0958336832112602,0.0364072114453237
30,30,KNN,auto,29,uncalibrated,0.0386,0.000110325214214786,0.000110325214214791
30,30,KNN,auto,29,uncalibrated,0.039,0,0
30,30,KNN,auto,29,uncalibrated,0.0394,0,0
30,30,KNN,auto,29,uncalibrated,0.0398,0,0
30,30,KNN,auto,29,uncalibrated,0.0402,0,0
30,30,KNN,auto,29,uncalibrated,0.041,0,0
30,30,KNN,auto,31,uncalibrated,0.036,0,0
30,30,KNN,auto,31,uncalibrated,0.0366,0,0
30,30,KNN,auto,31,uncalibrated,0.037,0,0
30,30,KNN,auto,31,uncalibrated,0.0374,0.000141986285561568,0.000137527952685167
30,30,KNN,auto,31,uncalibrated,0.0378,0.113951839785548,0.0293820145082089
30,30,KNN,auto,31,uncalibrated,0.0382,0.0951257672209889,0.0361920488105939
30,30,KNN,auto,31,uncalibrated,0.0386,9.65489127519671E-05,9.65489127519657E-05
30,30,KNN,auto,31,uncalibrated,0.039,0,0
30,30,KNN,auto,31,uncalibrated,0.0394,0,0
30,30,KNN,auto,31,uncalibrated,0.0398,0,0
30,30,KNN,auto,31,uncalibrated,0.0402,0,0
30,30,KNN,auto,31,uncalibrated,0.041,0,0
30,30,KNN,auto,33,uncalibrated,0.036,0,0
30,30,KNN,auto,33,uncalibrated,0.0366,0,0
30,30,KNN,auto,33,uncalibrated,0.037,0,0
30,30,KNN,auto,33,uncalibrated,0.0374,0.000152497135803777,0.000148522353421685
30,30,KNN,auto,33,uncalibrated,0.0378,0.114207296756322,0.0293719606103039
30,30,KNN,auto,33,uncalibrated,0.0382,0.0945162649921221,0.0361078358833545
30,30,KNN,auto,33,uncalibrated,0.0386,0.000105185984598671,0.000105185984598668
30,30,KNN,auto,33,uncalibrated,0.039,0,0
30,30,KNN,auto,33,uncalibrated,0.0394,0,0
30,30,KNN,auto,33,uncalibrated,0.0398,0,0
30,30,KNN,auto,33,uncalibrated,0.0402,0,0
30,30,KNN,auto,33,uncalibrated,0.041,0,0
30,30,KNN,auto,35,uncalibrated,0.036,0,0
30,30,KNN,auto,35,uncalibrated,0.0366,0,0
30,30,KNN,auto,35,uncalibrated,0.037,0,0
30,30,KNN,auto,35,uncalibrated,0.0374,0.000132377474696915,0.000132178211662637
30,30,KNN,auto,35,uncalibrated,0.0378,0.114829318477306,0.0293554916885562
30,30,KNN,auto,35,uncalibrated,0.0382,0.0939674524213654,0.0360940219336423
30,30,KNN,auto,35,uncalibrated,0.0386,9.35081936554756E-05,9.3508193655469E-05
30,30,KNN,auto,35,uncalibrated,0.039,0,0
30,30,KNN,auto,35,uncalibrated,0.0394,0,0
30,30,KNN,auto,35,uncalibrated,0.0398,0,0
30,30,KNN,auto,35,uncalibrated,0.0402,0,0
30,30,KNN,auto,35,uncalibrated,0.041,0,0
30,30,KNN,auto,37,uncalibrated,0.036,0,0
30,30,KNN,auto,37,uncalibrated,0.0366,0,0
30,30,KNN,auto,37,uncalibrated,0.037,0,0
30,30,KNN,auto,37,uncalibrated,0.0374,0.000144466367129798,0.000137505657834703
30,30,KNN,auto,37,uncalibrated,0.0378,0.115540185619825,0.0294340629042646
30,30,KNN,auto,37,uncalibrated,0.0382,0.0935588554272791,0.036025379193466
30,30,KNN,auto,37,uncalibrated,0.0386,8.36724157983745E-05,8.36724157983561E-05
30,30,KNN,auto,37,uncalibrated,0.039,0,0
30,30,KNN,auto,37,uncalibrated,0.0394,0,0
30,30,KNN,auto,37,uncalibrated,0.0398,0,0
30,30,KNN,auto,37,uncalibrated,0.0402,0,0
30,30,KNN,auto,37,uncalibrated,0.041,0,0
30,30,KNN,auto,39,uncalibrated,0.036,0,0
30,30,KNN,auto,39,uncalibrated,0.0366,0,0
30,30,KNN,auto,39,uncalibrated,0.037,0,0
30,30,KNN,auto,39,uncalibrated,0.0374,0.000173846609013022,0.000167509263812336
30,30,KNN,auto,39,uncalibrated,0.0378,0.116055267484349,0.029409747706765
30,30,KNN,auto,39,uncalibrated,0.0382,0.0931506721705825,0.0360255993606091
30,30,KNN,auto,39,uncalibrated,0.0386,7.53106753635473E-05,7.53106753635434E-05
30,30,KNN,auto,39,uncalibrated,0.039,0,0
30,30,KNN,auto,39,uncalibrated,0.0394,0,0
30,30,KNN,auto,39,uncalibrated,0.0398,0,0
30,30,KNN,auto,39,uncalibrated,0.0402,0,0
30,30,KNN,auto,39,uncalibrated,0.041,0,0
30,30,KNN,auto,41,uncalibrated,0.036,0,0
30,30,KNN,auto,41,uncalibrated,0.0366,0,0
30,30,KNN,auto,41,uncalibrated,0.037,0,0
30,30,KNN,auto,41,uncalibrated,0.0374,0.000201958085564631,0.000191891484773999
30,30,KNN,auto,41,uncalibrated,0.0378,0.116426271985871,0.029449287153635
30,30,KNN,auto,41,uncalibrated,0.0382,0.0926554969855841,0.0359029692178492
30,30,KNN,auto,41,uncalibrated,0.0386,6.81424968637442E-05,6.81424968637416E-05
30,30,KNN,auto,41,uncalibrated,0.039,0,0
30,30,KNN,auto,41,uncalibrated,0.0394,0,0
30,30,KNN,auto,41,uncalibrated,0.0398,0,0
30,30,KNN,auto,41,uncalibrated,0.0402,0,0
30,30,KNN,auto,41,uncalibrated,0.041,0,0
30,30,KNN,auto,43,uncalibrated,0.036,0,0
30,30,KNN,auto,43,uncalibrated,0.0366,0,0
30,30,KNN,auto,43,uncalibrated,0.037,0,0
30,30,KNN,auto,43,uncalibrated,0.0374,0.000183526191221751,0.000183208375403303
30,30,KNN,auto,43,uncalibrated,0.0378,0.117027580452429,0.0294849624066116
30,30,KNN,auto,43,uncalibrated,0.0382,0.0922478065463191,0.0357778701004168
30,30,KNN,auto,43,uncalibrated,0.0386,6.19510747582218E-05,6.19510747582204E-05
30,30,KNN,auto,43,uncalibrated,0.039,0,0
30,30,KNN,auto,43,uncalibrated,0.0394,0,0
30,30,KNN,auto,43,uncalibrated,0.0398,0,0
30,30,KNN,auto,43,uncalibrated,0.0402,0,0
30,30,KNN,auto,43,uncalibrated,0.041,0,0
30,30,KNN,auto,45,uncalibrated,0.036,0,0
30,30,KNN,auto,45,uncalibrated,0.0366,0,0
30,30,KNN,auto,45,uncalibrated,0.037,0,0
30,30,KNN,auto,45,uncalibrated,0.0374,0.000208604021422641,0.000208248348599226
30,30,KNN,auto,45,uncalibrated,0.0378,0.11750778628324,0.0295254483996187
30,30,KNN,auto,45,uncalibrated,0.0382,0.0918528758099569,0.0357645806702339
30,30,KNN,auto,45,uncalibrated,0.0386,5.65666850508373E-05,5.65666850508393E-05
30,30,KNN,auto,45,uncalibrated,0.039,0,0
30,30,KNN,auto,45,uncalibrated,0.0394,0,0
30,30,KNN,auto,45,uncalibrated,0.0398,0,0
30,30,KNN,auto,45,uncalibrated,0.0402,0,0
30,30,KNN,auto,45,uncalibrated,0.041,0,0
30,30,KNN,auto,47,uncalibrated,0.036,0,0
30,30,KNN,auto,47,uncalibrated,0.0366,0,0
30,30,KNN,auto,47,uncalibrated,0.037,0,0
30,30,KNN,auto,47,uncalibrated,0.0374,0.000238355580237075,0.00023792585323166
30,30,KNN,auto,47,uncalibrated,0.0378,0.117994335813155,0.0295468135408428
30,30,KNN,auto,47,uncalibrated,0.0382,0.091517240385663,0.0356134074739387
30,30,KNN,auto,47,uncalibrated,0.0386,6.27444635789235E-05,6.27444635789131E-05
30,30,KNN,auto,47,uncalibrated,0.039,0,0
30,30,KNN,auto,47,uncalibrated,0.0394,0,0
30,30,KNN,auto,47,uncalibrated,0.0398,0,0
30,30,KNN,auto,47,uncalibrated,0.0402,0,0
30,30,KNN,auto,47,uncalibrated,0.041,0,0
30,30,KNN,auto,49,uncalibrated,0.036,0,0
30,30,KNN,auto,49,uncalibrated,0.0366,0,0
30,30,KNN,auto,49,uncalibrated,0.037,0,0
30,30,KNN,auto,49,uncalibrated,0.0374,0.00024264209058533,0.000242194012333647
30,30,KNN,auto,49,uncalibrated,0.0378,0.118405643350476,0.0295996504181547
30,30,KNN,auto,49,uncalibrated,0.0382,0.0912468492612998,0.035514620653585
30,30,KNN,auto,49,uncalibrated,0.0386,5.77269971036307E-05,5.77269971036314E-05
30,30,KNN,auto,49,uncalibrated,0.039,0,0
30,30,KNN,auto,49,uncalibrated,0.0394,0,0
30,30,KNN,auto,49,uncalibrated,0.0398,0,0
30,30,KNN,auto,49,uncalibrated,0.0402,0,0
30,30,KNN,auto,49,uncalibrated,0.041,0,0
30,30,KNN,auto,51,uncalibrated,0.036,0,0
30,30,KNN,auto,51,uncalibrated,0.0366,0,0
30,30,KNN,auto,51,uncalibrated,0.037,0,0
30,30,KNN,auto,51,uncalibrated,0.0374,0.00024707568330803,0.00024661108050088
30,30,KNN,auto,51,uncalibrated,0.0378,0.118844839493231,0.0296273012331129
30,30,KNN,auto,51,uncalibrated,0.0382,0.0909465823843157,0.0355091938448111
30,30,KNN,auto,51,uncalibrated,0.0386,5.32881661075866E-05,5.32881661075813E-05
30,30,KNN,auto,51,uncalibrated,0.039,0,0
30,30,KNN,auto,51,uncalibrated,0.0394,0,0
30,30,KNN,auto,51,uncalibrated,0.0398,0,0
30,30,KNN,auto,51,uncalibrated,0.0402,0,0
30,30,KNN,auto,51,uncalibrated,0.041,0,0
30,30,KNN,auto,61,uncalibrated,0.036,0,0
30,30,KNN,auto,61,uncalibrated,0.0366,0,0
30,30,KNN,auto,61,uncalibrated,0.037,0,0
30,30,KNN,auto,61,uncalibrated,0.0374,0.000280044099248726,0.000279493384063463
30,30,KNN,auto,61,uncalibrated,0.0378,0.120579293024437,0.0296881361272546
30,30,KNN,auto,61,uncalibrated,0.0382,0.0895948452762212,0.0353480503375279
30,30,KNN,auto,61,uncalibrated,0.0386,3.72487288486486E-05,3.72487288486479E-05
30,30,KNN,auto,61,uncalibrated,0.039,0,0
30,30,KNN,auto,61,uncalibrated,0.0394,0,0
30,30,KNN,auto,61,uncalibrated,0.0398,0,0
30,30,KNN,auto,61,uncalibrated,0.0402,0,0
30,30,KNN,auto,61,uncalibrated,0.041,0,0
30,30,KNN,auto,81,uncalibrated,0.036,0,0
30,30,KNN,auto,81,uncalibrated,0.0366,0,0
30,30,KNN,auto,81,uncalibrated,0.037,0,0
30,30,KNN,auto,81,uncalibrated,0.0374,0.000339312581329244,0.00033876140695544
30,30,KNN,auto,81,uncalibrated,0.0378,0.123081275365321,0.0297456874860388
30,30,KNN,auto,81,uncalibrated,0.0382,0.0875358543653504,0.0350254669804496
30,30,KNN,auto,81,uncalibrated,0.0386,3.92824201741992E-05,3.92824201741939E-05
30,30,KNN,auto,81,uncalibrated,0.039,0,0
30,30,KNN,auto,81,uncalibrated,0.0394,0,0
30,30,KNN,auto,81,uncalibrated,0.0398,0,0
30,30,KNN,auto,81,uncalibrated,0.0402,0,0
30,30,KNN,auto,81,uncalibrated,0.041,0,0
30,30,KNN,auto,101,uncalibrated,0.036,0,0
30,30,KNN,auto,101,uncalibrated,0.0366,0,0
30,30,KNN,auto,101,uncalibrated,0.037,0,0
30,30,KNN,auto,101,uncalibrated,0.0374,0.000444028889904176,0.000443130232263393
30,30,KNN,auto,101,uncalibrated,0.0378,0.125366689432712,0.0297465247204329
30,30,KNN,auto,101,uncalibrated,0.0382,0.0862382741038122,0.0347665508967305
30,30,KNN,auto,101,uncalibrated,0.0386,3.2451953983803E-05,3.2451953983803E-05
30,30,KNN,auto,101,uncalibrated,0.039,0,0
30,30,KNN,auto,101,uncalibrated,0.0394,0,0
30,30,KNN,auto,101,uncalibrated,0.0398,0,0
30,30,KNN,auto,101,uncalibrated,0.0402,0,0
30,30,KNN,auto,101,uncalibrated,0.041,0,0
30,30,KNN,auto,151,uncalibrated,0.036,0,0
30,30,KNN,auto,151,uncalibrated,0.0366,0,0
30,30,KNN,auto,151,uncalibrated,0.037,0,0
30,30,KNN,auto,151,uncalibrated,0.0374,0.00059034670418886,0.000588824533757697
30,30,KNN,auto,151,uncalibrated,0.0378,0.129775520398227,0.0299122488419821
30,30,KNN,auto,151,uncalibrated,0.0382,0.0835115048414781,0.0342851856755867
30,30,KNN,auto,151,uncalibrated,0.0386,1.81358979603076E-05,1.81358979603043E-05
30,30,KNN,auto,151,uncalibrated,0.039,0,0
30,30,KNN,auto,151,uncalibrated,0.0394,0,0
30,30,KNN,auto,151,uncalibrated,0.0398,0,0
30,30,KNN,auto,151,uncalibrated,0.0402,0,0
30,30,KNN,auto,151,uncalibrated,0.041,0,0
30,30,KNN,auto,201,uncalibrated,0.036,0,0
30,30,KNN,auto,201,uncalibrated,0.0366,0,0
30,30,KNN,auto,201,uncalibrated,0.037,0,0
30,30,KNN,auto,201,uncalibrated,0.0374,0.000694466238715695,0.000692649950940848
30,30,KNN,auto,201,uncalibrated,0.0378,0.132925638393298,0.0298423259775896
30,30,KNN,auto,201,uncalibrated,0.0382,0.0817930271903454,0.0340317094401954
30,30,KNN,auto,201,uncalibrated,0.0386,1.25035182093335E-05,1.25035182093329E-05
30,30,KNN,auto,201,uncalibrated,0.039,0,0
30,30,KNN,auto,201,uncalibrated,0.0394,0,0
30,30,KNN,auto,201,uncalibrated,0.0398,0,0
30,30,KNN,auto,201,uncalibrated,0.0402,0,0
30,30,KNN,auto,201,uncalibrated,0.041,0,0
30,30,KNN,kd_tree,1,uncalibrated,0.036,0,0
30,30,KNN,kd_tree,1,uncalibrated,0.0366,0,0
30,30,KNN,kd_tree,1,uncalibrated,0.037,0,0
30,30,KNN,kd_tree,1,uncalibrated,0.0374,0,0
30,30,KNN,kd_tree,1,uncalibrated,0.0378,0.11882856425329,0.0315193523220111
30,30,KNN,kd_tree,1,uncalibrated,0.0382,0.117406532390514,0.0403923154120779
30,30,KNN,kd_tree,1,uncalibrated,0.0386,0,0
30,30,KNN,kd_tree,1,uncalibrated,0.039,0,0
30,30,KNN,kd_tree,1,uncalibrated,0.0394,0,0
30,30,KNN,kd_tree,1,uncalibrated,0.0398,0,0
30,30,KNN,kd_tree,1,uncalibrated,0.0402,0,0
30,30,KNN,kd_tree,1,uncalibrated,0.041,0,0
30,30,KNN,kd_tree,3,uncalibrated,0.036,0,0
30,30,KNN,kd_tree,3,uncalibrated,0.0366,0,0
30,30,KNN,kd_tree,3,uncalibrated,0.037,0,0
30,30,KNN,kd_tree,3,uncalibrated,0.0374,0,0
30,30,KNN,kd_tree,3,uncalibrated,0.0378,0.112866606269557,0.0308362972422654
30,30,KNN,kd_tree,3,uncalibrated,0.0382,0.114216755275489,0.0402429940021908
30,30,KNN,kd_tree,3,uncalibrated,0.0386,0.000509100165457491,0.000509100165457554
30,30,KNN,kd_tree,3,uncalibrated,0.039,0,0
30,30,KNN,kd_tree,3,uncalibrated,0.0394,0,0
30,30,KNN,kd_tree,3,uncalibrated,0.0398,0,0
30,30,KNN,kd_tree,3,uncalibrated,0.0402,0,0
30,30,KNN,kd_tree,3,uncalibrated,0.041,0,0
30,30,KNN,kd_tree,5,uncalibrated,0.036,0,0
30,30,KNN,kd_tree,5,uncalibrated,0.0366,0,0
30,30,KNN,kd_tree,5,uncalibrated,0.037,0,0
30,30,KNN,kd_tree,5,uncalibrated,0.0374,0,0
30,30,KNN,kd_tree,5,uncalibrated,0.0378,0.112001345845045,0.0304781787658727
30,30,KNN,kd_tree,5,uncalibrated,0.0382,0.113651142767481,0.0396252549473578
30,30,KNN,kd_tree,5,uncalibrated,0.0386,0.00018327605956474,0.000183276059564719
30,30,KNN,kd_tree,5,uncalibrated,0.039,0,0
30,30,KNN,kd_tree,5,uncalibrated,0.0394,0,0
30,30,KNN,kd_tree,5,uncalibrated,0.0398,0,0
30,30,KNN,kd_tree,5,uncalibrated,0.0402,0,0
30,30,KNN,kd_tree,5,uncalibrated,0.041,0,0
30,30,KNN,kd_tree,7,uncalibrated,0.036,0,0
30,30,KNN,kd_tree,7,uncalibrated,0.0366,0,0
30,30,KNN,kd_tree,7,uncalibrated,0.037,0,0
30,30,KNN,kd_tree,7,uncalibrated,0.0374,0,0
30,30,KNN,kd_tree,7,uncalibrated,0.0378,0.110364291072759,0.0300931710727233
30,30,KNN,kd_tree,7,uncalibrated,0.0382,0.109634724015568,0.0388604000912308
30,30,KNN,kd_tree,7,uncalibrated,0.0386,0.000374032774621887,0.000374032774621876
30,30,KNN,kd_tree,7,uncalibrated,0.039,0,0
30,30,KNN,kd_tree,7,uncalibrated,0.0394,0,0
30,30,KNN,kd_tree,7,uncalibrated,0.0398,0,0
30,30,KNN,kd_tree,7,uncalibrated,0.0402,0,0
30,30,KNN,kd_tree,7,uncalibrated,0.041,0,0
30,30,KNN,kd_tree,9,uncalibrated,0.036,0,0
30,30,KNN,kd_tree,9,uncalibrated,0.0366,0,0
30,30,KNN,kd_tree,9,uncalibrated,0.037,0,0
30,30,KNN,kd_tree,9,uncalibrated,0.0374,0,0
30,30,KNN,kd_tree,9,uncalibrated,0.0378,0.110533857653215,0.0299645022902477
30,30,KNN,kd_tree,9,uncalibrated,0.0382,0.1081365813931,0.0385128810096818
30,30,KNN,kd_tree,9,uncalibrated,0.0386,0.000226266740203349,0.000226266740203357
30,30,KNN,kd_tree,9,uncalibrated,0.039,0,0
30,30,KNN,kd_tree,9,uncalibrated,0.0394,0,0
30,30,KNN,kd_tree,9,uncalibrated,0.0398,0,0
30,30,KNN,kd_tree,9,uncalibrated,0.0402,0,0
30,30,KNN,kd_tree,9,uncalibrated,0.041,0,0
30,30,KNN,kd_tree,11,uncalibrated,0.036,0,0
30,30,KNN,kd_tree,11,uncalibrated,0.0366,0,0
30,30,KNN,kd_tree,11,uncalibrated,0.037,0,0
30,30,KNN,kd_tree,11,uncalibrated,0.0374,8.75472755287855E-06,8.75472755287855E-06
30,30,KNN,kd_tree,11,uncalibrated,0.0378,0.110859754042198,0.0298701459756015
30,30,KNN,kd_tree,11,uncalibrated,0.0382,0.105415479533848,0.0382418361661053
30,30,KNN,kd_tree,11,uncalibrated,0.0386,0.000236668465347011,0.000236668465347004
30,30,KNN,kd_tree,11,uncalibrated,0.039,0,0
30,30,KNN,kd_tree,11,uncalibrated,0.0394,0,0
30,30,KNN,kd_tree,11,uncalibrated,0.0398,0,0
30,30,KNN,kd_tree,11,uncalibrated,0.0402,0,0
30,30,KNN,kd_tree,11,uncalibrated,0.041,0,0
30,30,KNN,kd_tree,13,uncalibrated,0.036,0,0
30,30,KNN,kd_tree,13,uncalibrated,0.0366,0,0
30,30,KNN,kd_tree,13,uncalibrated,0.037,0,0
30,30,KNN,kd_tree,13,uncalibrated,0.0374,2.50727108614981E-05,2.50727108614983E-05
30,30,KNN,kd_tree,13,uncalibrated,0.0378,0.110440532234614,0.0296876146060175
30,30,KNN,kd_tree,13,uncalibrated,0.0382,0.103036708014529,0.0375553808055417
30,30,KNN,kd_tree,13,uncalibrated,0.0386,0.000169449019567981,0.000169449019567973
30,30,KNN,kd_tree,13,uncalibrated,0.039,0,0
30,30,KNN,kd_tree,13,uncalibrated,0.0394,0,0
30,30,KNN,kd_tree,13,uncalibrated,0.0398,0,0
30,30,KNN,kd_tree,13,uncalibrated,0.0402,0,0
30,30,KNN,kd_tree,13,uncalibrated,0.041,0,0
30,30,KNN,kd_tree,15,uncalibrated,0.036,0,0
30,30,KNN,kd_tree,15,uncalibrated,0.0366,0,0
30,30,KNN,kd_tree,15,uncalibrated,0.037,0,0
30,30,KNN,kd_tree,15,uncalibrated,0.0374,4.23728813559314E-05,4.23728813559322E-05
30,30,KNN,kd_tree,15,uncalibrated,0.0378,0.110377028672008,0.0296657401133465
30,30,KNN,kd_tree,15,uncalibrated,0.0382,0.101389541995594,0.0372875277793414
30,30,KNN,kd_tree,15,uncalibrated,0.0386,0.00018327605956474,0.000183276059564719
30,30,KNN,kd_tree,15,uncalibrated,0.039,0,0
30,30,KNN,kd_tree,15,uncalibrated,0.0394,0,0
30,30,KNN,kd_tree,15,uncalibrated,0.0398,0,0
30,30,KNN,kd_tree,15,uncalibrated,0.0402,0,0
30,30,KNN,kd_tree,15,uncalibrated,0.041,0,0
30,30,KNN,kd_tree,17,uncalibrated,0.036,0,0
30,30,KNN,kd_tree,17,uncalibrated,0.0366,0,0
30,30,KNN,kd_tree,17,uncalibrated,0.037,0,0
30,30,KNN,kd_tree,17,uncalibrated,0.0374,5.86475866518089E-05,5.86475866518093E-05
30,30,KNN,kd_tree,17,uncalibrated,0.0378,0.11100781470657,0.0296829383690787
30,30,KNN,kd_tree,17,uncalibrated,0.0382,0.100621118699722,0.0371686445325202
30,30,KNN,kd_tree,17,uncalibrated,0.0386,0.000142688973709564,0.000142688973709556
30,30,KNN,kd_tree,17,uncalibrated,0.039,0,0
30,30,KNN,kd_tree,17,uncalibrated,0.0394,0,0
30,30,KNN,kd_tree,17,uncalibrated,0.0398,0,0
30,30,KNN,kd_tree,17,uncalibrated,0.0402,0,0
30,30,KNN,kd_tree,17,uncalibrated,0.041,0,0
30,30,KNN,kd_tree,19,uncalibrated,0.036,0,0
30,30,KNN,kd_tree,19,uncalibrated,0.0366,0,0
30,30,KNN,kd_tree,19,uncalibrated,0.037,0,0
30,30,KNN,kd_tree,19,uncalibrated,0.0374,7.33602516550057E-05,7.33602516550073E-05
30,30,KNN,kd_tree,19,uncalibrated,0.0378,0.11122167147595,0.0295483082359291
30,30,KNN,kd_tree,19,uncalibrated,0.0382,0.0994318634893444,0.036821648274852
30,30,KNN,kd_tree,19,uncalibrated,0.0386,0.00015548003668062,0.000155480036680596
30,30,KNN,kd_tree,19,uncalibrated,0.039,0,0
30,30,KNN,kd_tree,19,uncalibrated,0.0394,0,0
30,30,KNN,kd_tree,19,uncalibrated,0.0398,0,0
30,30,KNN,kd_tree,19,uncalibrated,0.0402,0,0
30,30,KNN,kd_tree,19,uncalibrated,0.041,0,0
30,30,KNN,kd_tree,21,uncalibrated,0.036,0,0
30,30,KNN,kd_tree,21,uncalibrated,0.0366,0,0
30,30,KNN,kd_tree,21,uncalibrated,0.037,0,0
30,30,KNN,kd_tree,21,uncalibrated,0.0374,6.47568848361188E-05,6.23382452663834E-05
30,30,KNN,kd_tree,21,uncalibrated,0.0378,0.111940133803873,0.0295431140324017
30,30,KNN,kd_tree,21,uncalibrated,0.0382,0.098439122944299,0.0366783243655647
30,30,KNN,kd_tree,21,uncalibrated,0.0386,0.000210393435724803,0.000210393435724805
30,30,KNN,kd_tree,21,uncalibrated,0.039,0,0
30,30,KNN,kd_tree,21,uncalibrated,0.0394,0,0
30,30,KNN,kd_tree,21,uncalibrated,0.0398,0,0
30,30,KNN,kd_tree,21,uncalibrated,0.0402,0,0
30,30,KNN,kd_tree,21,uncalibrated,0.041,0,0
30,30,KNN,kd_tree,23,uncalibrated,0.036,0,0
30,30,KNN,kd_tree,23,uncalibrated,0.0366,0,0
30,30,KNN,kd_tree,23,uncalibrated,0.037,0,0
30,30,KNN,kd_tree,23,uncalibrated,0.0374,7.59843563869658E-05,7.39525430928924E-05
30,30,KNN,kd_tree,23,uncalibrated,0.0378,0.111882734935378,0.0294620928504821
30,30,KNN,kd_tree,23,uncalibrated,0.0382,0.0977142418726944,0.0365858641666907
30,30,KNN,kd_tree,23,uncalibrated,0.0386,0.000175394149630682,0.000175394149630698
30,30,KNN,kd_tree,23,uncalibrated,0.039,0,0
30,30,KNN,kd_tree,23,uncalibrated,0.0394,0,0
30,30,KNN,kd_tree,23,uncalibrated,0.0398,0,0
30,30,KNN,kd_tree,23,uncalibrated,0.0402,0,0
30,30,KNN,kd_tree,23,uncalibrated,0.041,0,0
30,30,KNN,kd_tree,25,uncalibrated,0.036,0,0
30,30,KNN,kd_tree,25,uncalibrated,0.0366,0,0
30,30,KNN,kd_tree,25,uncalibrated,0.037,0,0
30,30,KNN,kd_tree,25,uncalibrated,0.0374,8.63201039377374E-05,8.45909339023673E-05
30,30,KNN,kd_tree,25,uncalibrated,0.0378,0.112323914450648,0.0293301953959354
30,30,KNN,kd_tree,25,uncalibrated,0.0382,0.0967986847589006,0.0365425280942123
30,30,KNN,kd_tree,25,uncalibrated,0.0386,0.000148453608247441,0.000148453608247423
30,30,KNN,kd_tree,25,uncalibrated,0.039,0,0
30,30,KNN,kd_tree,25,uncalibrated,0.0394,0,0
30,30,KNN,kd_tree,25,uncalibrated,0.0398,0,0
30,30,KNN,kd_tree,25,uncalibrated,0.0402,0,0
30,30,KNN,kd_tree,25,uncalibrated,0.041,0,0
30,30,KNN,kd_tree,27,uncalibrated,0.036,0,0
30,30,KNN,kd_tree,27,uncalibrated,0.0366,0,0
30,30,KNN,kd_tree,27,uncalibrated,0.037,0,0
30,30,KNN,kd_tree,27,uncalibrated,0.0374,0.000120449865809398,0.000118955667557382
30,30,KNN,kd_tree,27,uncalibrated,0.0378,0.112849212443931,0.0293730814357311
30,30,KNN,kd_tree,27,uncalibrated,0.0382,0.0960674601016627,0.036343713294989
30,30,KNN,kd_tree,27,uncalibrated,0.0386,0.000127275041364381,0.000127275041364389
30,30,KNN,kd_tree,27,uncalibrated,0.039,0,0
30,30,KNN,kd_tree,27,uncalibrated,0.0394,0,0
30,30,KNN,kd_tree,27,uncalibrated,0.0398,0,0
30,30,KNN,kd_tree,27,uncalibrated,0.0402,0,0
30,30,KNN,kd_tree,27,uncalibrated,0.041,0,0
30,30,KNN,kd_tree,29,uncalibrated,0.036,0,0
30,30,KNN,kd_tree,29,uncalibrated,0.0366,0,0
30,30,KNN,kd_tree,29,uncalibrated,0.037,0,0
30,30,KNN,kd_tree,29,uncalibrated,0.0374,0.000132085434633366,0.000130758873965001
30,30,KNN,kd_tree,29,uncalibrated,0.0378,0.113319890289359,0.029387079494821
30,30,KNN,kd_tree,29,uncalibrated,0.0382,0.0958336832112602,0.0364072114453237
30,30,KNN,kd_tree,29,uncalibrated,0.0386,0.000110325214214786,0.000110325214214791
30,30,KNN,kd_tree,29,uncalibrated,0.039,0,0
30,30,KNN,kd_tree,29,uncalibrated,0.0394,0,0
30,30,KNN,kd_tree,29,uncalibrated,0.0398,0,0
30,30,KNN,kd_tree,29,uncalibrated,0.0402,0,0
30,30,KNN,kd_tree,29,uncalibrated,0.041,0,0
30,30,KNN,kd_tree,31,uncalibrated,0.036,0,0
30,30,KNN,kd_tree,31,uncalibrated,0.0366,0,0
30,30,KNN,kd_tree,31,uncalibrated,0.037,0,0
30,30,KNN,kd_tree,31,uncalibrated,0.0374,0.000141986285561568,0.000137527952685167
30,30,KNN,kd_tree,31,uncalibrated,0.0378,0.113951839785548,0.0293820145082089
30,30,KNN,kd_tree,31,uncalibrated,0.0382,0.0951257672209889,0.0361920488105939
30,30,KNN,kd_tree,31,uncalibrated,0.0386,9.65489127519671E-05,9.65489127519657E-05
30,30,KNN,kd_tree,31,uncalibrated,0.039,0,0
30,30,KNN,kd_tree,31,uncalibrated,0.0394,0,0
30,30,KNN,kd_tree,31,uncalibrated,0.0398,0,0
30,30,KNN,kd_tree,31,uncalibrated,0.0402,0,0
30,30,KNN,kd_tree,31,uncalibrated,0.041,0,0
30,30,KNN,kd_tree,33,uncalibrated,0.036,0,0
30,30,KNN,kd_tree,33,uncalibrated,0.0366,0,0
30,30,KNN,kd_tree,33,uncalibrated,0.037,0,0
30,30,KNN,kd_tree,33,uncalibrated,0.0374,0.000152497135803777,0.000148522353421685
30,30,KNN,kd_tree,33,uncalibrated,0.0378,0.114207296756322,0.0293719606103039
30,30,KNN,kd_tree,33,uncalibrated,0.0382,0.0945162649921221,0.0361078358833545
30,30,KNN,kd_tree,33,uncalibrated,0.0386,0.000105185984598671,0.000105185984598668
30,30,KNN,kd_tree,33,uncalibrated,0.039,0,0
30,30,KNN,kd_tree,33,uncalibrated,0.0394,0,0
30,30,KNN,kd_tree,33,uncalibrated,0.0398,0,0
30,30,KNN,kd_tree,33,uncalibrated,0.0402,0,0
30,30,KNN,kd_tree,33,uncalibrated,0.041,0,0
30,30,KNN,kd_tree,35,uncalibrated,0.036,0,0
30,30,KNN,kd_tree,35,uncalibrated,0.0366,0,0
30,30,KNN,kd_tree,35,uncalibrated,0.037,0,0
30,30,KNN,kd_tree,35,uncalibrated,0.0374,0.000132377474696915,0.000132178211662637
30,30,KNN,kd_tree,35,uncalibrated,0.0378,0.114829318477306,0.0293554916885562
30,30,KNN,kd_tree,35,uncalibrated,0.0382,0.0939674524213654,0.0360940219336423
30,30,KNN,kd_tree,35,uncalibrated,0.0386,9.35081936554756E-05,9.3508193655469E-05
30,30,KNN,kd_tree,35,uncalibrated,0.039,0,0
30,30,KNN,kd_tree,35,uncalibrated,0.0394,0,0
30,30,KNN,kd_tree,35,uncalibrated,0.0398,0,0
30,30,KNN,kd_tree,35,uncalibrated,0.0402,0,0
30,30,KNN,kd_tree,35,uncalibrated,0.041,0,0
30,30,KNN,kd_tree,37,uncalibrated,0.036,0,0
30,30,KNN,kd_tree,37,uncalibrated,0.0366,0,0
30,30,KNN,kd_tree,37,uncalibrated,0.037,0,0
30,30,KNN,kd_tree,37,uncalibrated,0.0374,0.000144466367129798,0.000137505657834703
30,30,KNN,kd_tree,37,uncalibrated,0.0378,0.115540185619825,0.0294340629042646
30,30,KNN,kd_tree,37,uncalibrated,0.0382,0.0935588554272791,0.036025379193466
30,30,KNN,kd_tree,37,uncalibrated,0.0386,8.36724157983745E-05,8.36724157983561E-05
30,30,KNN,kd_tree,37,uncalibrated,0.039,0,0
30,30,KNN,kd_tree,37,uncalibrated,0.0394,0,0
30,30,KNN,kd_tree,37,uncalibrated,0.0398,0,0
30,30,KNN,kd_tree,37,uncalibrated,0.0402,0,0
30,30,KNN,kd_tree,37,uncalibrated,0.041,0,0
30,30,KNN,kd_tree,39,uncalibrated,0.036,0,0
30,30,KNN,kd_tree,39,uncalibrated,0.0366,0,0
30,30,KNN,kd_tree,39,uncalibrated,0.037,0,0
30,30,KNN,kd_tree,39,uncalibrated,0.0374,0.000173846609013022,0.000167509263812336
30,30,KNN,kd_tree,39,uncalibrated,0.0378,0.116055267484349,0.029409747706765
30,30,KNN,kd_tree,39,uncalibrated,0.0382,0.0931506721705825,0.0360255993606091
30,30,KNN,kd_tree,39,uncalibrated,0.0386,7.53106753635473E-05,7.53106753635434E-05
30,30,KNN,kd_tree,39,uncalibrated,0.039,0,0
30,30,KNN,kd_tree,39,uncalibrated,0.0394,0,0
30,30,KNN,kd_tree,39,uncalibrated,0.0398,0,0
30,30,KNN,kd_tree,39,uncalibrated,0.0402,0,0
30,30,KNN,kd_tree,39,uncalibrated,0.041,0,0
30,30,KNN,kd_tree,41,uncalibrated,0.036,0,0
30,30,KNN,kd_tree,41,uncalibrated,0.0366,0,0
30,30,KNN,kd_tree,41,uncalibrated,0.037,0,0
30,30,KNN,kd_tree,41,uncalibrated,0.0374,0.000201958085564631,0.000191891484773999
30,30,KNN,kd_tree,41,uncalibrated,0.0378,0.116426271985871,0.029449287153635
30,30,KNN,kd_tree,41,uncalibrated,0.0382,0.0926554969855841,0.0359029692178492
30,30,KNN,kd_tree,41,uncalibrated,0.0386,6.81424968637442E-05,6.81424968637416E-05
30,30,KNN,kd_tree,41,uncalibrated,0.039,0,0
30,30,KNN,kd_tree,41,uncalibrated,0.0394,0,0
30,30,KNN,kd_tree,41,uncalibrated,0.0398,0,0
30,30,KNN,kd_tree,41,uncalibrated,0.0402,0,0
30,30,KNN,kd_tree,41,uncalibrated,0.041,0,0
30,30,KNN,kd_tree,43,uncalibrated,0.036,0,0
30,30,KNN,kd_tree,43,uncalibrated,0.0366,0,0
30,30,KNN,kd_tree,43,uncalibrated,0.037,0,0
30,30,KNN,kd_tree,43,uncalibrated,0.0374,0.000183526191221751,0.000183208375403303
30,30,KNN,kd_tree,43,uncalibrated,0.0378,0.117027580452429,0.0294849624066116
30,30,KNN,kd_tree,43,uncalibrated,0.0382,0.0922478065463191,0.0357778701004168
30,30,KNN,kd_tree,43,uncalibrated,0.0386,6.19510747582218E-05,6.19510747582204E-05
30,30,KNN,kd_tree,43,uncalibrated,0.039,0,0
30,30,KNN,kd_tree,43,uncalibrated,0.0394,0,0
30,30,KNN,kd_tree,43,uncalibrated,0.0398,0,0
30,30,KNN,kd_tree,43,uncalibrated,0.0402,0,0
30,30,KNN,kd_tree,43,uncalibrated,0.041,0,0
30,30,KNN,kd_tree,45,uncalibrated,0.036,0,0
30,30,KNN,kd_tree,45,uncalibrated,0.0366,0,0
30,30,KNN,kd_tree,45,uncalibrated,0.037,0,0
30,30,KNN,kd_tree,45,uncalibrated,0.0374,0.000208604021422641,0.000208248348599226
30,30,KNN,kd_tree,45,uncalibrated,0.0378,0.11750778628324,0.0295254483996187
30,30,KNN,kd_tree,45,uncalibrated,0.0382,0.0918528758099569,0.0357645806702339
30,30,KNN,kd_tree,45,uncalibrated,0.0386,5.65666850508373E-05,5.65666850508393E-05
30,30,KNN,kd_tree,45,uncalibrated,0.039,0,0
30,30,KNN,kd_tree,45,uncalibrated,0.0394,0,0
30,30,KNN,kd_tree,45,uncalibrated,0.0398,0,0
30,30,KNN,kd_tree,45,uncalibrated,0.0402,0,0
30,30,KNN,kd_tree,45,uncalibrated,0.041,0,0
30,30,KNN,kd_tree,47,uncalibrated,0.036,0,0
30,30,KNN,kd_tree,47,uncalibrated,0.0366,0,0
30,30,KNN,kd_tree,47,uncalibrated,0.037,0,0
30,30,KNN,kd_tree,47,uncalibrated,0.0374,0.000238355580237075,0.00023792585323166
30,30,KNN,kd_tree,47,uncalibrated,0.0378,0.117994335813155,0.0295468135408428
30,30,KNN,kd_tree,47,uncalibrated,0.0382,0.091517240385663,0.0356134074739387
30,30,KNN,kd_tree,47,uncalibrated,0.0386,6.27444635789235E-05,6.27444635789131E-05
30,30,KNN,kd_tree,47,uncalibrated,0.039,0,0
30,30,KNN,kd_tree,47,uncalibrated,0.0394,0,0
30,30,KNN,kd_tree,47,uncalibrated,0.0398,0,0
30,30,KNN,kd_tree,47,uncalibrated,0.0402,0,0
30,30,KNN,kd_tree,47,uncalibrated,0.041,0,0
30,30,KNN,kd_tree,49,uncalibrated,0.036,0,0
30,30,KNN,kd_tree,49,uncalibrated,0.0366,0,0
30,30,KNN,kd_tree,49,uncalibrated,0.037,0,0
30,30,KNN,kd_tree,49,uncalibrated,0.0374,0.00024264209058533,0.000242194012333647
30,30,KNN,kd_tree,49,uncalibrated,0.0378,0.118405643350476,0.0295996504181547
30,30,KNN,kd_tree,49,uncalibrated,0.0382,0.0912468492612998,0.035514620653585
30,30,KNN,kd_tree,49,uncalibrated,0.0386,5.77269971036307E-05,5.77269971036314E-05
30,30,KNN,kd_tree,49,uncalibrated,0.039,0,0
30,30,KNN,kd_tree,49,uncalibrated,0.0394,0,0
30,30,KNN,kd_tree,49,uncalibrated,0.0398,0,0
30,30,KNN,kd_tree,49,uncalibrated,0.0402,0,0
30,30,KNN,kd_tree,49,uncalibrated,0.041,0,0
30,30,KNN,kd_tree,51,uncalibrated,0.036,0,0
30,30,KNN,kd_tree,51,uncalibrated,0.0366,0,0
30,30,KNN,kd_tree,51,uncalibrated,0.037,0,0
30,30,KNN,kd_tree,51,uncalibrated,0.0374,0.00024707568330803,0.00024661108050088
30,30,KNN,kd_tree,51,uncalibrated,0.0378,0.118844839493231,0.0296273012331129
30,30,KNN,kd_tree,51,uncalibrated,0.0382,0.0909465823843157,0.0355091938448111
30,30,KNN,kd_tree,51,uncalibrated,0.0386,5.32881661075866E-05,5.32881661075813E-05
30,30,KNN,kd_tree,51,uncalibrated,0.039,0,0
30,30,KNN,kd_tree,51,uncalibrated,0.0394,0,0
30,30,KNN,kd_tree,51,uncalibrated,0.0398,0,0
30,30,KNN,kd_tree,51,uncalibrated,0.0402,0,0
30,30,KNN,kd_tree,51,uncalibrated,0.041,0,0
30,30,KNN,kd_tree,61,uncalibrated,0.036,0,0
30,30,KNN,kd_tree,61,uncalibrated,0.0366,0,0
30,30,KNN,kd_tree,61,uncalibrated,0.037,0,0
30,30,KNN,kd_tree,61,uncalibrated,0.0374,0.000280044099248726,0.000279493384063463
30,30,KNN,kd_tree,61,uncalibrated,0.0378,0.120579293024437,0.0296881361272546
30,30,KNN,kd_tree,61,uncalibrated,0.0382,0.0895948452762212,0.0353480503375279
30,30,KNN,kd_tree,61,uncalibrated,0.0386,3.72487288486486E-05,3.72487288486479E-05
30,30,KNN,kd_tree,61,uncalibrated,0.039,0,0
30,30,KNN,kd_tree,61,uncalibrated,0.0394,0,0
30,30,KNN,kd_tree,61,uncalibrated,0.0398,0,0
30,30,KNN,kd_tree,61,uncalibrated,0.0402,0,0
30,30,KNN,kd_tree,61,uncalibrated,0.041,0,0
30,30,KNN,kd_tree,81,uncalibrated,0.036,0,0
30,30,KNN,kd_tree,81,uncalibrated,0.0366,0,0
30,30,KNN,kd_tree,81,uncalibrated,0.037,0,0
30,30,KNN,kd_tree,81,uncalibrated,0.0374,0.000339312581329244,0.00033876140695544
30,30,KNN,kd_tree,81,uncalibrated,0.0378,0.123081275365321,0.0297456874860388
30,30,KNN,kd_tree,81,uncalibrated,0.0382,0.0875358543653504,0.0350254669804496
30,30,KNN,kd_tree,81,uncalibrated,0.0386,3.92824201741992E-05,3.92824201741939E-05
30,30,KNN,kd_tree,81,uncalibrated,0.039,0,0
30,30,KNN,kd_tree,81,uncalibrated,0.0394,0,0
30,30,KNN,kd_tree,81,uncalibrated,0.0398,0,0
30,30,KNN,kd_tree,81,uncalibrated,0.0402,0,0
30,30,KNN,kd_tree,81,uncalibrated,0.041,0,0
30,30,KNN,kd_tree,101,uncalibrated,0.036,0,0
30,30,KNN,kd_tree,101,uncalibrated,0.0366,0,0
30,30,KNN,kd_tree,101,uncalibrated,0.037,0,0
30,30,KNN,kd_tree,101,uncalibrated,0.0374,0.000444028889904176,0.000443130232263393
30,30,KNN,kd_tree,101,uncalibrated,0.0378,0.125366689432712,0.0297465247204329
30,30,KNN,kd_tree,101,uncalibrated,0.0382,0.0862382741038122,0.0347665508967305
30,30,KNN,kd_tree,101,uncalibrated,0.0386,3.2451953983803E-05,3.2451953983803E-05
30,30,KNN,kd_tree,101,uncalibrated,0.039,0,0
30,30,KNN,kd_tree,101,uncalibrated,0.0394,0,0
30,30,KNN,kd_tree,101,uncalibrated,0.0398,0,0
30,30,KNN,kd_tree,101,uncalibrated,0.0402,0,0
30,30,KNN,kd_tree,101,uncalibrated,0.041,0,0
30,30,KNN,kd_tree,151,uncalibrated,0.036,0,0
30,30,KNN,kd_tree,151,uncalibrated,0.0366,0,0
30,30,KNN,kd_tree,151,uncalibrated,0.037,0,0
30,30,KNN,kd_tree,151,uncalibrated,0.0374,0.00059034670418886,0.000588824533757697
30,30,KNN,kd_tree,151,uncalibrated,0.0378,0.129775520398227,0.0299122488419821
30,30,KNN,kd_tree,151,uncalibrated,0.0382,0.0835115048414781,0.0342851856755867
30,30,KNN,kd_tree,151,uncalibrated,0.0386,1.81358979603076E-05,1.81358979603043E-05
30,30,KNN,kd_tree,151,uncalibrated,0.039,0,0
30,30,KNN,kd_tree,151,uncalibrated,0.0394,0,0
30,30,KNN,kd_tree,151,uncalibrated,0.0398,0,0
30,30,KNN,kd_tree,151,uncalibrated,0.0402,0,0
30,30,KNN,kd_tree,151,uncalibrated,0.041,0,0
30,30,KNN,kd_tree,201,uncalibrated,0.036,0,0
30,30,KNN,kd_tree,201,uncalibrated,0.0366,0,0
30,30,KNN,kd_tree,201,uncalibrated,0.037,0,0
30,30,KNN,kd_tree,201,uncalibrated,0.0374,0.000694466238715695,0.000692649950940848
30,30,KNN,kd_tree,201,uncalibrated,0.0378,0.132925638393298,0.0298423259775896
30,30,KNN,kd_tree,201,uncalibrated,0.0382,0.0817930271903454,0.0340317094401954
30,30,KNN,kd_tree,201,uncalibrated,0.0386,1.25035182093335E-05,1.25035182093329E-05
30,30,KNN,kd_tree,201,uncalibrated,0.039,0,0
30,30,KNN,kd_tree,201,uncalibrated,0.0394,0,0
30,30,KNN,kd_tree,201,uncalibrated,0.0398,0,0
30,30,KNN,kd_tree,201,uncalibrated,0.0402,0,0
30,30,KNN,kd_tree,201,uncalibrated,0.041,0,0
30,30,KNN,ball_tree,1,uncalibrated,0.036,0,0
30,30,KNN,ball_tree,1,uncalibrated,0.0366,0,0
30,30,KNN,ball_tree,1,uncalibrated,0.037,0,0
30,30,KNN,ball_tree,1,uncalibrated,0.0374,0,0
30,30,KNN,ball_tree,1,uncalibrated,0.0378,0.11882856425329,0.0315193523220111
30,30,KNN,ball_tree,1,uncalibrated,0.0382,0.117406532390514,0.0403923154120779
30,30,KNN,ball_tree,1,uncalibrated,0.0386,0,0
30,30,KNN,ball_tree,1,uncalibrated,0.039,0,0
30,30,KNN,ball_tree,1,uncalibrated,0.0394,0,0
30,30,KNN,ball_tree,1,uncalibrated,0.0398,0,0
30,30,KNN,ball_tree,1,uncalibrated,0.0402,0,0
30,30,KNN,ball_tree,1,uncalibrated,0.041,0,0
30,30,KNN,ball_tree,3,uncalibrated,0.036,0,0
30,30,KNN,ball_tree,3,uncalibrated,0.0366,0,0
30,30,KNN,ball_tree,3,uncalibrated,0.037,0,0
30,30,KNN,ball_tree,3,uncalibrated,0.0374,0,0
30,30,KNN,ball_tree,3,uncalibrated,0.0378,0.112866606269557,0.0308362972422654
30,30,KNN,ball_tree,3,uncalibrated,0.0382,0.114216755275489,0.0402429940021908
30,30,KNN,ball_tree,3,uncalibrated,0.0386,0.000509100165457491,0.000509100165457554
30,30,KNN,ball_tree,3,uncalibrated,0.039,0,0
30,30,KNN,ball_tree,3,uncalibrated,0.0394,0,0
30,30,KNN,ball_tree,3,uncalibrated,0.0398,0,0
30,30,KNN,ball_tree,3,uncalibrated,0.0402,0,0
30,30,KNN,ball_tree,3,uncalibrated,0.041,0,0
30,30,KNN,ball_tree,5,uncalibrated,0.036,0,0
30,30,KNN,ball_tree,5,uncalibrated,0.0366,0,0
30,30,KNN,ball_tree,5,uncalibrated,0.037,0,0
30,30,KNN,ball_tree,5,uncalibrated,0.0374,0,0
30,30,KNN,ball_tree,5,uncalibrated,0.0378,0.112001345845045,0.0304781787658727
30,30,KNN,ball_tree,5,uncalibrated,0.0382,0.113651142767481,0.0396252549473578
30,30,KNN,ball_tree,5,uncalibrated,0.0386,0.00018327605956474,0.000183276059564719
30,30,KNN,ball_tree,5,uncalibrated,0.039,0,0
30,30,KNN,ball_tree,5,uncalibrated,0.0394,0,0
30,30,KNN,ball_tree,5,uncalibrated,0.0398,0,0
30,30,KNN,ball_tree,5,uncalibrated,0.0402,0,0
30,30,KNN,ball_tree,5,uncalibrated,0.041,0,0
30,30,KNN,ball_tree,7,uncalibrated,0.036,0,0
30,30,KNN,ball_tree,7,uncalibrated,0.0366,0,0
30,30,KNN,ball_tree,7,uncalibrated,0.037,0,0
30,30,KNN,ball_tree,7,uncalibrated,0.0374,0,0
30,30,KNN,ball_tree,7,uncalibrated,0.0378,0.110364291072759,0.0300931710727233
30,30,KNN,ball_tree,7,uncalibrated,0.0382,0.109634724015568,0.0388604000912308
30,30,KNN,ball_tree,7,uncalibrated,0.0386,0.000374032774621887,0.000374032774621876
30,30,KNN,ball_tree,7,uncalibrated,0.039,0,0
30,30,KNN,ball_tree,7,uncalibrated,0.0394,0,0
30,30,KNN,ball_tree,7,uncalibrated,0.0398,0,0
30,30,KNN,ball_tree,7,uncalibrated,0.0402,0,0
30,30,KNN,ball_tree,7,uncalibrated,0.041,0,0
30,30,KNN,ball_tree,9,uncalibrated,0.036,0,0
30,30,KNN,ball_tree,9,uncalibrated,0.0366,0,0
30,30,KNN,ball_tree,9,uncalibrated,0.037,0,0
30,30,KNN,ball_tree,9,uncalibrated,0.0374,0,0
30,30,KNN,ball_tree,9,uncalibrated,0.0378,0.110533857653215,0.0299645022902477
30,30,KNN,ball_tree,9,uncalibrated,0.0382,0.1081365813931,0.0385128810096818
30,30,KNN,ball_tree,9,uncalibrated,0.0386,0.000226266740203349,0.000226266740203357
30,30,KNN,ball_tree,9,uncalibrated,0.039,0,0
30,30,KNN,ball_tree,9,uncalibrated,0.0394,0,0
30,30,KNN,ball_tree,9,uncalibrated,0.0398,0,0
30,30,KNN,ball_tree,9,uncalibrated,0.0402,0,0
30,30,KNN,ball_tree,9,uncalibrated,0.041,0,0
30,30,KNN,ball_tree,11,uncalibrated,0.036,0,0
30,30,KNN,ball_tree,11,uncalibrated,0.0366,0,0
30,30,KNN,ball_tree,11,uncalibrated,0.037,0,0
30,30,KNN,ball_tree,11,uncalibrated,0.0374,8.75472755287855E-06,8.75472755287855E-06
30,30,KNN,ball_tree,11,uncalibrated,0.0378,0.110859754042198,0.0298701459756015
30,30,KNN,ball_tree,11,uncalibrated,0.0382,0.105415479533848,0.0382418361661053
30,30,KNN,ball_tree,11,uncalibrated,0.0386,0.000236668465347011,0.000236668465347004
30,30,KNN,ball_tree,11,uncalibrated,0.039,0,0
30,30,KNN,ball_tree,11,uncalibrated,0.0394,0,0
30,30,KNN,ball_tree,11,uncalibrated,0.0398,0,0
30,30,KNN,ball_tree,11,uncalibrated,0.0402,0,0
30,30,KNN,ball_tree,11,uncalibrated,0.041,0,0
30,30,KNN,ball_tree,13,uncalibrated,0.036,0,0
30,30,KNN,ball_tree,13,uncalibrated,0.0366,0,0
30,30,KNN,ball_tree,13,uncalibrated,0.037,0,0
30,30,KNN,ball_tree,13,uncalibrated,0.0374,2.50727108614981E-05,2.50727108614983E-05
30,30,KNN,ball_tree,13,uncalibrated,0.0378,0.110440532234614,0.0296876146060175
30,30,KNN,ball_tree,13,uncalibrated,0.0382,0.103036708014529,0.0375553808055417
30,30,KNN,ball_tree,13,uncalibrated,0.0386,0.000169449019567981,0.000169449019567973
30,30,KNN,ball_tree,13,uncalibrated,0.039,0,0
30,30,KNN,ball_tree,13,uncalibrated,0.0394,0,0
30,30,KNN,ball_tree,13,uncalibrated,0.0398,0,0
30,30,KNN,ball_tree,13,uncalibrated,0.0402,0,0
30,30,KNN,ball_tree,13,uncalibrated,0.041,0,0
30,30,KNN,ball_tree,15,uncalibrated,0.036,0,0
30,30,KNN,ball_tree,15,uncalibrated,0.0366,0,0
30,30,KNN,ball_tree,15,uncalibrated,0.037,0,0
30,30,KNN,ball_tree,15,uncalibrated,0.0374,4.23728813559314E-05,4.23728813559322E-05
30,30,KNN,ball_tree,15,uncalibrated,0.0378,0.110377028672008,0.0296657401133465
30,30,KNN,ball_tree,15,uncalibrated,0.0382,0.101389541995594,0.0372875277793414
30,30,KNN,ball_tree,15,uncalibrated,0.0386,0.00018327605956474,0.000183276059564719
30,30,KNN,ball_tree,15,uncalibrated,0.039,0,0
30,30,KNN,ball_tree,15,uncalibrated,0.0394,0,0
30,30,KNN,ball_tree,15,uncalibrated,0.0398,0,0
30,30,KNN,ball_tree,15,uncalibrated,0.0402,0,0
30,30,KNN,ball_tree,15,uncalibrated,0.041,0,0
30,30,KNN,ball_tree,17,uncalibrated,0.036,0,0
30,30,KNN,ball_tree,17,uncalibrated,0.0366,0,0
30,30,KNN,ball_tree,17,uncalibrated,0.037,0,0
30,30,KNN,ball_tree,17,uncalibrated,0.0374,5.86475866518089E-05,5.86475866518093E-05
30,30,KNN,ball_tree,17,uncalibrated,0.0378,0.11100781470657,0.0296829383690787
30,30,KNN,ball_tree,17,uncalibrated,0.0382,0.100621118699722,0.0371686445325202
30,30,KNN,ball_tree,17,uncalibrated,0.0386,0.000142688973709564,0.000142688973709556
30,30,KNN,ball_tree,17,uncalibrated,0.039,0,0
30,30,KNN,ball_tree,17,uncalibrated,0.0394,0,0
30,30,KNN,ball_tree,17,uncalibrated,0.0398,0,0
30,30,KNN,ball_tree,17,uncalibrated,0.0402,0,0
30,30,KNN,ball_tree,17,uncalibrated,0.041,0,0
30,30,KNN,ball_tree,19,uncalibrated,0.036,0,0
30,30,KNN,ball_tree,19,uncalibrated,0.0366,0,0
30,30,KNN,ball_tree,19,uncalibrated,0.037,0,0
30,30,KNN,ball_tree,19,uncalibrated,0.0374,7.33602516550057E-05,7.33602516550073E-05
30,30,KNN,ball_tree,19,uncalibrated,0.0378,0.11122167147595,0.0295483082359291
30,30,KNN,ball_tree,19,uncalibrated,0.0382,0.0994318634893444,0.036821648274852
30,30,KNN,ball_tree,19,uncalibrated,0.0386,0.00015548003668062,0.000155480036680596
30,30,KNN,ball_tree,19,uncalibrated,0.039,0,0
30,30,KNN,ball_tree,19,uncalibrated,0.0394,0,0
30,30,KNN,ball_tree,19,uncalibrated,0.0398,0,0
30,30,KNN,ball_tree,19,uncalibrated,0.0402,0,0
30,30,KNN,ball_tree,19,uncalibrated,0.041,0,0
30,30,KNN,ball_tree,21,uncalibrated,0.036,0,0
30,30,KNN,ball_tree,21,uncalibrated,0.0366,0,0
30,30,KNN,ball_tree,21,uncalibrated,0.037,0,0
30,30,KNN,ball_tree,21,uncalibrated,0.0374,6.47568848361188E-05,6.23382452663834E-05
30,30,KNN,ball_tree,21,uncalibrated,0.0378,0.111940133803873,0.0295431140324017
30,30,KNN,ball_tree,21,uncalibrated,0.0382,0.098439122944299,0.0366783243655647
30,30,KNN,ball_tree,21,uncalibrated,0.0386,0.000210393435724803,0.000210393435724805
30,30,KNN,ball_tree,21,uncalibrated,0.039,0,0
30,30,KNN,ball_tree,21,uncalibrated,0.0394,0,0
30,30,KNN,ball_tree,21,uncalibrated,0.0398,0,0
30,30,KNN,ball_tree,21,uncalibrated,0.0402,0,0
30,30,KNN,ball_tree,21,uncalibrated,0.041,0,0
30,30,KNN,ball_tree,23,uncalibrated,0.036,0,0
30,30,KNN,ball_tree,23,uncalibrated,0.0366,0,0
30,30,KNN,ball_tree,23,uncalibrated,0.037,0,0
30,30,KNN,ball_tree,23,uncalibrated,0.0374,7.59843563869658E-05,7.39525430928924E-05
30,30,KNN,ball_tree,23,uncalibrated,0.0378,0.111882734935378,0.0294620928504821
30,30,KNN,ball_tree,23,uncalibrated,0.0382,0.0977142418726944,0.0365858641666907
30,30,KNN,ball_tree,23,uncalibrated,0.0386,0.000175394149630682,0.000175394149630698
30,30,KNN,ball_tree,23,uncalibrated,0.039,0,0
30,30,KNN,ball_tree,23,uncalibrated,0.0394,0,0
30,30,KNN,ball_tree,23,uncalibrated,0.0398,0,0
30,30,KNN,ball_tree,23,uncalibrated,0.0402,0,0
30,30,KNN,ball_tree,23,uncalibrated,0.041,0,0
30,30,KNN,ball_tree,25,uncalibrated,0.036,0,0
30,30,KNN,ball_tree,25,uncalibrated,0.0366,0,0
30,30,KNN,ball_tree,25,uncalibrated,0.037,0,0
30,30,KNN,ball_tree,25,uncalibrated,0.0374,8.63201039377374E-05,8.45909339023673E-05
30,30,KNN,ball_tree,25,uncalibrated,0.0378,0.112323914450648,0.0293301953959354
30,30,KNN,ball_tree,25,uncalibrated,0.0382,0.0967986847589006,0.0365425280942123
30,30,KNN,ball_tree,25,uncalibrated,0.0386,0.000148453608247441,0.000148453608247423
30,30,KNN,ball_tree,25,uncalibrated,0.039,0,0
30,30,KNN,ball_tree,25,uncalibrated,0.0394,0,0
30,30,KNN,ball_tree,25,uncalibrated,0.0398,0,0
30,30,KNN,ball_tree,25,uncalibrated,0.0402,0,0
30,30,KNN,ball_tree,25,uncalibrated,0.041,0,0
30,30,KNN,ball_tree,27,uncalibrated,0.036,0,0
30,30,KNN,ball_tree,27,uncalibrated,0.0366,0,0
30,30,KNN,ball_tree,27,uncalibrated,0.037,0,0
30,30,KNN,ball_tree,27,uncalibrated,0.0374,0.000120449865809398,0.000118955667557382
30,30,KNN,ball_tree,27,uncalibrated,0.0378,0.112849212443931,0.0293730814357311
30,30,KNN,ball_tree,27,uncalibrated,0.0382,0.0960674601016627,0.036343713294989
30,30,KNN,ball_tree,27,uncalibrated,0.0386,0.000127275041364381,0.000127275041364389
30,30,KNN,ball_tree,27,uncalibrated,0.039,0,0
30,30,KNN,ball_tree,27,uncalibrated,0.0394,0,0
30,30,KNN,ball_tree,27,uncalibrated,0.0398,0,0
30,30,KNN,ball_tree,27,uncalibrated,0.0402,0,0
30,30,KNN,ball_tree,27,uncalibrated,0.041,0,0
30,30,KNN,ball_tree,29,uncalibrated,0.036,0,0
30,30,KNN,ball_tree,29,uncalibrated,0.0366,0,0
30,30,KNN,ball_tree,29,uncalibrated,0.037,0,0
30,30,KNN,ball_tree,29,uncalibrated,0.0374,0.000132085434633366,0.000130758873965001
30,30,KNN,ball_tree,29,uncalibrated,0.0378,0.113319890289359,0.029387079494821
30,30,KNN,ball_tree,29,uncalibrated,0.0382,0.0958336832112602,0.0364072114453237
30,30,KNN,ball_tree,29,uncalibrated,0.0386,0.000110325214214786,0.000110325214214791
30,30,KNN,ball_tree,29,uncalibrated,0.039,0,0
30,30,KNN,ball_tree,29,uncalibrated,0.0394,0,0
30,30,KNN,ball_tree,29,uncalibrated,0.0398,0,0
30,30,KNN,ball_tree,29,uncalibrated,0.0402,0,0
30,30,KNN,ball_tree,29,uncalibrated,0.041,0,0
30,30,KNN,ball_tree,31,uncalibrated,0.036,0,0
30,30,KNN,ball_tree,31,uncalibrated,0.0366,0,0
30,30,KNN,ball_tree,31,uncalibrated,0.037,0,0
30,30,KNN,ball_tree,31,uncalibrated,0.0374,0.000141986285561568,0.000137527952685167
30,30,KNN,ball_tree,31,uncalibrated,0.0378,0.113951839785548,0.0293820145082089
30,30,KNN,ball_tree,31,uncalibrated,0.0382,0.0951257672209889,0.0361920488105939
30,30,KNN,ball_tree,31,uncalibrated,0.0386,9.65489127519671E-05,9.65489127519657E-05
30,30,KNN,ball_tree,31,uncalibrated,0.039,0,0
30,30,KNN,ball_tree,31,uncalibrated,0.0394,0,0
30,30,KNN,ball_tree,31,uncalibrated,0.0398,0,0
30,30,KNN,ball_tree,31,uncalibrated,0.0402,0,0
30,30,KNN,ball_tree,31,uncalibrated,0.041,0,0
30,30,KNN,ball_tree,33,uncalibrated,0.036,0,0
30,30,KNN,ball_tree,33,uncalibrated,0.0366,0,0
30,30,KNN,ball_tree,33,uncalibrated,0.037,0,0
30,30,KNN,ball_tree,33,uncalibrated,0.0374,0.000152497135803777,0.000148522353421685
30,30,KNN,ball_tree,33,uncalibrated,0.0378,0.114207296756322,0.0293719606103039
30,30,KNN,ball_tree,33,uncalibrated,0.0382,0.0945162649921221,0.0361078358833545
30,30,KNN,ball_tree,33,uncalibrated,0.0386,0.000105185984598671,0.000105185984598668
30,30,KNN,ball_tree,33,uncalibrated,0.039,0,0
30,30,KNN,ball_tree,33,uncalibrated,0.0394,0,0
30,30,KNN,ball_tree,33,uncalibrated,0.0398,0,0
30,30,KNN,ball_tree,33,uncalibrated,0.0402,0,0
30,30,KNN,ball_tree,33,uncalibrated,0.041,0,0
30,30,KNN,ball_tree,35,uncalibrated,0.036,0,0
30,30,KNN,ball_tree,35,uncalibrated,0.0366,0,0
30,30,KNN,ball_tree,35,uncalibrated,0.037,0,0
30,30,KNN,ball_tree,35,uncalibrated,0.0374,0.000132377474696915,0.000132178211662637
30,30,KNN,ball_tree,35,uncalibrated,0.0378,0.114829318477306,0.0293554916885562
30,30,KNN,ball_tree,35,uncalibrated,0.0382,0.0939674524213654,0.0360940219336423
30,30,KNN,ball_tree,35,uncalibrated,0.0386,9.35081936554756E-05,9.3508193655469E-05
30,30,KNN,ball_tree,35,uncalibrated,0.039,0,0
30,30,KNN,ball_tree,35,uncalibrated,0.0394,0,0
30,30,KNN,ball_tree,35,uncalibrated,0.0398,0,0
30,30,KNN,ball_tree,35,uncalibrated,0.0402,0,0
30,30,KNN,ball_tree,35,uncalibrated,0.041,0,0
30,30,KNN,ball_tree,37,uncalibrated,0.036,0,0
30,30,KNN,ball_tree,37,uncalibrated,0.0366,0,0
30,30,KNN,ball_tree,37,uncalibrated,0.037,0,0
30,30,KNN,ball_tree,37,uncalibrated,0.0374,0.000144466367129798,0.000137505657834703
30,30,KNN,ball_tree,37,uncalibrated,0.0378,0.115540185619825,0.0294340629042646
30,30,KNN,ball_tree,37,uncalibrated,0.0382,0.0935588554272791,0.036025379193466
30,30,KNN,ball_tree,37,uncalibrated,0.0386,8.36724157983745E-05,8.36724157983561E-05
30,30,KNN,ball_tree,37,uncalibrated,0.039,0,0
30,30,KNN,ball_tree,37,uncalibrated,0.0394,0,0
30,30,KNN,ball_tree,37,uncalibrated,0.0398,0,0
30,30,KNN,ball_tree,37,uncalibrated,0.0402,0,0
30,30,KNN,ball_tree,37,uncalibrated,0.041,0,0
30,30,KNN,ball_tree,39,uncalibrated,0.036,0,0
30,30,KNN,ball_tree,39,uncalibrated,0.0366,0,0
30,30,KNN,ball_tree,39,uncalibrated,0.037,0,0
30,30,KNN,ball_tree,39,uncalibrated,0.0374,0.000173846609013022,0.000167509263812336
30,30,KNN,ball_tree,39,uncalibrated,0.0378,0.116055267484349,0.029409747706765
30,30,KNN,ball_tree,39,uncalibrated,0.0382,0.0931506721705825,0.0360255993606091
30,30,KNN,ball_tree,39,uncalibrated,0.0386,7.53106753635473E-05,7.53106753635434E-05
30,30,KNN,ball_tree,39,uncalibrated,0.039,0,0
30,30,KNN,ball_tree,39,uncalibrated,0.0394,0,0
30,30,KNN,ball_tree,39,uncalibrated,0.0398,0,0
30,30,KNN,ball_tree,39,uncalibrated,0.0402,0,0
30,30,KNN,ball_tree,39,uncalibrated,0.041,0,0
30,30,KNN,ball_tree,41,uncalibrated,0.036,0,0
30,30,KNN,ball_tree,41,uncalibrated,0.0366,0,0
30,30,KNN,ball_tree,41,uncalibrated,0.037,0,0
30,30,KNN,ball_tree,41,uncalibrated,0.0374,0.000201958085564631,0.000191891484773999
30,30,KNN,ball_tree,41,uncalibrated,0.0378,0.116426271985871,0.029449287153635
30,30,KNN,ball_tree,41,uncalibrated,0.0382,0.0926554969855841,0.0359029692178492
30,30,KNN,ball_tree,41,uncalibrated,0.0386,6.81424968637442E-05,6.81424968637416E-05
30,30,KNN,ball_tree,41,uncalibrated,0.039,0,0
30,30,KNN,ball_tree,41,uncalibrated,0.0394,0,0
30,30,KNN,ball_tree,41,uncalibrated,0.0398,0,0
30,30,KNN,ball_tree,41,uncalibrated,0.0402,0,0
30,30,KNN,ball_tree,41,uncalibrated,0.041,0,0
30,30,KNN,ball_tree,43,uncalibrated,0.036,0,0
30,30,KNN,ball_tree,43,uncalibrated,0.0366,0,0
30,30,KNN,ball_tree,43,uncalibrated,0.037,0,0
30,30,KNN,ball_tree,43,uncalibrated,0.0374,0.000183526191221751,0.000183208375403303
30,30,KNN,ball_tree,43,uncalibrated,0.0378,0.117027580452429,0.0294849624066116
30,30,KNN,ball_tree,43,uncalibrated,0.0382,0.0922478065463191,0.0357778701004168
30,30,KNN,ball_tree,43,uncalibrated,0.0386,6.19510747582218E-05,6.19510747582204E-05
30,30,KNN,ball_tree,43,uncalibrated,0.039,0,0
30,30,KNN,ball_tree,43,uncalibrated,0.0394,0,0
30,30,KNN,ball_tree,43,uncalibrated,0.0398,0,0
30,30,KNN,ball_tree,43,uncalibrated,0.0402,0,0
30,30,KNN,ball_tree,43,uncalibrated,0.041,0,0
30,30,KNN,ball_tree,45,uncalibrated,0.036,0,0
30,30,KNN,ball_tree,45,uncalibrated,0.0366,0,0
30,30,KNN,ball_tree,45,uncalibrated,0.037,0,0
30,30,KNN,ball_tree,45,uncalibrated,0.0374,0.000208604021422641,0.000208248348599226
30,30,KNN,ball_tree,45,uncalibrated,0.0378,0.11750778628324,0.0295254483996187
30,30,KNN,ball_tree,45,uncalibrated,0.0382,0.0918528758099569,0.0357645806702339
30,30,KNN,ball_tree,45,uncalibrated,0.0386,5.65666850508373E-05,5.65666850508393E-05
30,30,KNN,ball_tree,45,uncalibrated,0.039,0,0
30,30,KNN,ball_tree,45,uncalibrated,0.0394,0,0
30,30,KNN,ball_tree,45,uncalibrated,0.0398,0,0
30,30,KNN,ball_tree,45,uncalibrated,0.0402,0,0
30,30,KNN,ball_tree,45,uncalibrated,0.041,0,0
30,30,KNN,ball_tree,47,uncalibrated,0.036,0,0
30,30,KNN,ball_tree,47,uncalibrated,0.0366,0,0
30,30,KNN,ball_tree,47,uncalibrated,0.037,0,0
30,30,KNN,ball_tree,47,uncalibrated,0.0374,0.000238355580237075,0.00023792585323166
30,30,KNN,ball_tree,47,uncalibrated,0.0378,0.117994335813155,0.0295468135408428
30,30,KNN,ball_tree,47,uncalibrated,0.0382,0.091517240385663,0.0356134074739387
30,30,KNN,ball_tree,47,uncalibrated,0.0386,6.27444635789235E-05,6.27444635789131E-05
30,30,KNN,ball_tree,47,uncalibrated,0.039,0,0
30,30,KNN,ball_tree,47,uncalibrated,0.0394,0,0
30,30,KNN,ball_tree,47,uncalibrated,0.0398,0,0
30,30,KNN,ball_tree,47,uncalibrated,0.0402,0,0
30,30,KNN,ball_tree,47,uncalibrated,0.041,0,0
30,30,KNN,ball_tree,49,uncalibrated,0.036,0,0
30,30,KNN,ball_tree,49,uncalibrated,0.0366,0,0
30,30,KNN,ball_tree,49,uncalibrated,0.037,0,0
30,30,KNN,ball_tree,49,uncalibrated,0.0374,0.00024264209058533,0.000242194012333647
30,30,KNN,ball_tree,49,uncalibrated,0.0378,0.118405643350476,0.0295996504181547
30,30,KNN,ball_tree,49,uncalibrated,0.0382,0.0912468492612998,0.035514620653585
30,30,KNN,ball_tree,49,uncalibrated,0.0386,5.77269971036307E-05,5.77269971036314E-05
30,30,KNN,ball_tree,49,uncalibrated,0.039,0,0
30,30,KNN,ball_tree,49,uncalibrated,0.0394,0,0
30,30,KNN,ball_tree,49,uncalibrated,0.0398,0,0
30,30,KNN,ball_tree,49,uncalibrated,0.0402,0,0
30,30,KNN,ball_tree,49,uncalibrated,0.041,0,0
30,30,KNN,ball_tree,51,uncalibrated,0.036,0,0
30,30,KNN,ball_tree,51,uncalibrated,0.0366,0,0
30,30,KNN,ball_tree,51,uncalibrated,0.037,0,0
30,30,KNN,ball_tree,51,uncalibrated,0.0374,0.00024707568330803,0.00024661108050088
30,30,KNN,ball_tree,51,uncalibrated,0.0378,0.118844839493231,0.0296273012331129
30,30,KNN,ball_tree,51,uncalibrated,0.0382,0.0909465823843157,0.0355091938448111
30,30,KNN,ball_tree,51,uncalibrated,0.0386,5.32881661075866E-05,5.32881661075813E-05
30,30,KNN,ball_tree,51,uncalibrated,0.039,0,0
30,30,KNN,ball_tree,51,uncalibrated,0.0394,0,0
30,30,KNN,ball_tree,51,uncalibrated,0.0398,0,0
30,30,KNN,ball_tree,51,uncalibrated,0.0402,0,0
30,30,KNN,ball_tree,51,uncalibrated,0.041,0,0
30,30,KNN,ball_tree,61,uncalibrated,0.036,0,0
30,30,KNN,ball_tree,61,uncalibrated,0.0366,0,0
30,30,KNN,ball_tree,61,uncalibrated,0.037,0,0
30,30,KNN,ball_tree,61,uncalibrated,0.0374,0.000280044099248726,0.000279493384063463
30,30,KNN,ball_tree,61,uncalibrated,0.0378,0.120579293024437,0.0296881361272546
30,30,KNN,ball_tree,61,uncalibrated,0.0382,0.0895948452762212,0.0353480503375279
30,30,KNN,ball_tree,61,uncalibrated,0.0386,3.72487288486486E-05,3.72487288486479E-05
30,30,KNN,ball_tree,61,uncalibrated,0.039,0,0
30,30,KNN,ball_tree,61,uncalibrated,0.0394,0,0
30,30,KNN,ball_tree,61,uncalibrated,0.0398,0,0
30,30,KNN,ball_tree,61,uncalibrated,0.0402,0,0
30,30,KNN,ball_tree,61,uncalibrated,0.041,0,0
30,30,KNN,ball_tree,81,uncalibrated,0.036,0,0
30,30,KNN,ball_tree,81,uncalibrated,0.0366,0,0
30,30,KNN,ball_tree,81,uncalibrated,0.037,0,0
30,30,KNN,ball_tree,81,uncalibrated,0.0374,0.000339312581329244,0.00033876140695544
30,30,KNN,ball_tree,81,uncalibrated,0.0378,0.123081275365321,0.0297456874860388
30,30,KNN,ball_tree,81,uncalibrated,0.0382,0.0875358543653504,0.0350254669804496
30,30,KNN,ball_tree,81,uncalibrated,0.0386,3.92824201741992E-05,3.92824201741939E-05
30,30,KNN,ball_tree,81,uncalibrated,0.039,0,0
30,30,KNN,ball_tree,81,uncalibrated,0.0394,0,0
30,30,KNN,ball_tree,81,uncalibrated,0.0398,0,0
30,30,KNN,ball_tree,81,uncalibrated,0.0402,0,0
30,30,KNN,ball_tree,81,uncalibrated,0.041,0,0
30,30,KNN,ball_tree,101,uncalibrated,0.036,0,0
30,30,KNN,ball_tree,101,uncalibrated,0.0366,0,0
30,30,KNN,ball_tree,101,uncalibrated,0.037,0,0
30,30,KNN,ball_tree,101,uncalibrated,0.0374,0.000444028889904176,0.000443130232263393
30,30,KNN,ball_tree,101,uncalibrated,0.0378,0.125366689432712,0.0297465247204329
30,30,KNN,ball_tree,101,uncalibrated,0.0382,0.0862382741038122,0.0347665508967305
30,30,KNN,ball_tree,101,uncalibrated,0.0386,3.2451953983803E-05,3.2451953983803E-05
30,30,KNN,ball_tree,101,uncalibrated,0.039,0,0
30,30,KNN,ball_tree,101,uncalibrated,0.0394,0,0
30,30,KNN,ball_tree,101,uncalibrated,0.0398,0,0
30,30,KNN,ball_tree,101,uncalibrated,0.0402,0,0
30,30,KNN,ball_tree,101,uncalibrated,0.041,0,0
30,30,KNN,ball_tree,151,uncalibrated,0.036,0,0
30,30,KNN,ball_tree,151,uncalibrated,0.0366,0,0
30,30,KNN,ball_tree,151,uncalibrated,0.037,0,0
30,30,KNN,ball_tree,151,uncalibrated,0.0374,0.00059034670418886,0.000588824533757697
30,30,KNN,ball_tree,151,uncalibrated,0.0378,0.129775520398227,0.0299122488419821
30,30,KNN,ball_tree,151,uncalibrated,0.0382,0.0835115048414781,0.0342851856755867
30,30,KNN,ball_tree,151,uncalibrated,0.0386,1.81358979603076E-05,1.81358979603043E-05
30,30,KNN,ball_tree,151,uncalibrated,0.039,0,0
30,30,KNN,ball_tree,151,uncalibrated,0.0394,0,0
30,30,KNN,ball_tree,151,uncalibrated,0.0398,0,0
30,30,KNN,ball_tree,151,uncalibrated,0.0402,0,0
30,30,KNN,ball_tree,151,uncalibrated,0.041,0,0
30,30,KNN,ball_tree,201,uncalibrated,0.036,0,0
30,30,KNN,ball_tree,201,uncalibrated,0.0366,0,0
30,30,KNN,ball_tree,201,uncalibrated,0.037,0,0
30,30,KNN,ball_tree,201,uncalibrated,0.0374,0.000694466238715695,0.000692649950940848
30,30,KNN,ball_tree,201,uncalibrated,0.0378,0.132925638393298,0.0298423259775896
30,30,KNN,ball_tree,201,uncalibrated,0.0382,0.0817930271903454,0.0340317094401954
30,30,KNN,ball_tree,201,uncalibrated,0.0386,1.25035182093335E-05,1.25035182093329E-05
30,30,KNN,ball_tree,201,uncalibrated,0.039,0,0
30,30,KNN,ball_tree,201,uncalibrated,0.0394,0,0
30,30,KNN,ball_tree,201,uncalibrated,0.0398,0,0
30,30,KNN,ball_tree,201,uncalibrated,0.0402,0,0
30,30,KNN,ball_tree,201,uncalibrated,0.041,0,0
30,30,KNN,brute,1,uncalibrated,0.036,0,0
30,30,KNN,brute,1,uncalibrated,0.0366,0,0
30,30,KNN,brute,1,uncalibrated,0.037,0,0
30,30,KNN,brute,1,uncalibrated,0.0374,0,0
30,30,KNN,brute,1,uncalibrated,0.0378,0.11882856425329,0.0315193523220111
30,30,KNN,brute,1,uncalibrated,0.0382,0.117406532390514,0.0403923154120779
30,30,KNN,brute,1,uncalibrated,0.0386,0,0
30,30,KNN,brute,1,uncalibrated,0.039,0,0
30,30,KNN,brute,1,uncalibrated,0.0394,0,0
30,30,KNN,brute,1,uncalibrated,0.0398,0,0
30,30,KNN,brute,1,uncalibrated,0.0402,0,0
30,30,KNN,brute,1,uncalibrated,0.041,0,0
30,30,KNN,brute,3,uncalibrated,0.036,0,0
30,30,KNN,brute,3,uncalibrated,0.0366,0,0
30,30,KNN,brute,3,uncalibrated,0.037,0,0
30,30,KNN,brute,3,uncalibrated,0.0374,0,0
30,30,KNN,brute,3,uncalibrated,0.0378,0.112866606269557,0.0308362972422654
30,30,KNN,brute,3,uncalibrated,0.0382,0.114216755275489,0.0402429940021908
30,30,KNN,brute,3,uncalibrated,0.0386,0.000509100165457491,0.000509100165457554
30,30,KNN,brute,3,uncalibrated,0.039,0,0
30,30,KNN,brute,3,uncalibrated,0.0394,0,0
30,30,KNN,brute,3,uncalibrated,0.0398,0,0
30,30,KNN,brute,3,uncalibrated,0.0402,0,0
30,30,KNN,brute,3,uncalibrated,0.041,0,0
30,30,KNN,brute,5,uncalibrated,0.036,0,0
30,30,KNN,brute,5,uncalibrated,0.0366,0,0
30,30,KNN,brute,5,uncalibrated,0.037,0,0
30,30,KNN,brute,5,uncalibrated,0.0374,0,0
30,30,KNN,brute,5,uncalibrated,0.0378,0.112001345845045,0.0304781787658727
30,30,KNN,brute,5,uncalibrated,0.0382,0.113651142767481,0.0396252549473578
30,30,KNN,brute,5,uncalibrated,0.0386,0.00018327605956474,0.000183276059564719
30,30,KNN,brute,5,uncalibrated,0.039,0,0
30,30,KNN,brute,5,uncalibrated,0.0394,0,0
30,30,KNN,brute,5,uncalibrated,0.0398,0,0
30,30,KNN,brute,5,uncalibrated,0.0402,0,0
30,30,KNN,brute,5,uncalibrated,0.041,0,0
30,30,KNN,brute,7,uncalibrated,0.036,0,0
30,30,KNN,brute,7,uncalibrated,0.0366,0,0
30,30,KNN,brute,7,uncalibrated,0.037,0,0
30,30,KNN,brute,7,uncalibrated,0.0374,0,0
30,30,KNN,brute,7,uncalibrated,0.0378,0.110364291072759,0.0300931710727233
30,30,KNN,brute,7,uncalibrated,0.0382,0.109634724015568,0.0388604000912308
30,30,KNN,brute,7,uncalibrated,0.0386,0.000374032774621887,0.000374032774621876
30,30,KNN,brute,7,uncalibrated,0.039,0,0
30,30,KNN,brute,7,uncalibrated,0.0394,0,0
30,30,KNN,brute,7,uncalibrated,0.0398,0,0
30,30,KNN,brute,7,uncalibrated,0.0402,0,0
30,30,KNN,brute,7,uncalibrated,0.041,0,0
30,30,KNN,brute,9,uncalibrated,0.036,0,0
30,30,KNN,brute,9,uncalibrated,0.0366,0,0
30,30,KNN,brute,9,uncalibrated,0.037,0,0
30,30,KNN,brute,9,uncalibrated,0.0374,0,0
30,30,KNN,brute,9,uncalibrated,0.0378,0.110533857653215,0.0299645022902477
30,30,KNN,brute,9,uncalibrated,0.0382,0.1081365813931,0.0385128810096818
30,30,KNN,brute,9,uncalibrated,0.0386,0.000226266740203349,0.000226266740203357
30,30,KNN,brute,9,uncalibrated,0.039,0,0
30,30,KNN,brute,9,uncalibrated,0.0394,0,0
30,30,KNN,brute,9,uncalibrated,0.0398,0,0
30,30,KNN,brute,9,uncalibrated,0.0402,0,0
30,30,KNN,brute,9,uncalibrated,0.041,0,0
30,30,KNN,brute,11,uncalibrated,0.036,0,0
30,30,KNN,brute,11,uncalibrated,0.0366,0,0
30,30,KNN,brute,11,uncalibrated,0.037,0,0
30,30,KNN,brute,11,uncalibrated,0.0374,8.75472755287855E-06,8.75472755287855E-06
30,30,KNN,brute,11,uncalibrated,0.0378,0.110859754042198,0.0298701459756015
30,30,KNN,brute,11,uncalibrated,0.0382,0.105415479533848,0.0382418361661053
30,30,KNN,brute,11,uncalibrated,0.0386,0.000236668465347011,0.000236668465347004
30,30,KNN,brute,11,uncalibrated,0.039,0,0
30,30,KNN,brute,11,uncalibrated,0.0394,0,0
30,30,KNN,brute,11,uncalibrated,0.0398,0,0
30,30,KNN,brute,11,uncalibrated,0.0402,0,0
30,30,KNN,brute,11,uncalibrated,0.041,0,0
30,30,KNN,brute,13,uncalibrated,0.036,0,0
30,30,KNN,brute,13,uncalibrated,0.0366,0,0
30,30,KNN,brute,13,uncalibrated,0.037,0,0
30,30,KNN,brute,13,uncalibrated,0.0374,2.50727108614981E-05,2.50727108614983E-05
30,30,KNN,brute,13,uncalibrated,0.0378,0.110440532234614,0.0296876146060175
30,30,KNN,brute,13,uncalibrated,0.0382,0.103036708014529,0.0375553808055417
30,30,KNN,brute,13,uncalibrated,0.0386,0.000169449019567981,0.000169449019567973
30,30,KNN,brute,13,uncalibrated,0.039,0,0
30,30,KNN,brute,13,uncalibrated,0.0394,0,0
30,30,KNN,brute,13,uncalibrated,0.0398,0,0
30,30,KNN,brute,13,uncalibrated,0.0402,0,0
30,30,KNN,brute,13,uncalibrated,0.041,0,0
30,30,KNN,brute,15,uncalibrated,0.036,0,0
30,30,KNN,brute,15,uncalibrated,0.0366,0,0
30,30,KNN,brute,15,uncalibrated,0.037,0,0
30,30,KNN,brute,15,uncalibrated,0.0374,4.23728813559314E-05,4.23728813559322E-05
30,30,KNN,brute,15,uncalibrated,0.0378,0.110377028672008,0.0296657401133465
30,30,KNN,brute,15,uncalibrated,0.0382,0.101389541995594,0.0372875277793414
30,30,KNN,brute,15,uncalibrated,0.0386,0.00018327605956474,0.000183276059564719
30,30,KNN,brute,15,uncalibrated,0.039,0,0
30,30,KNN,brute,15,uncalibrated,0.0394,0,0
30,30,KNN,brute,15,uncalibrated,0.0398,0,0
30,30,KNN,brute,15,uncalibrated,0.0402,0,0
30,30,KNN,brute,15,uncalibrated,0.041,0,0
30,30,KNN,brute,17,uncalibrated,0.036,0,0
30,30,KNN,brute,17,uncalibrated,0.0366,0,0
30,30,KNN,brute,17,uncalibrated,0.037,0,0
30,30,KNN,brute,17,uncalibrated,0.0374,5.86475866518089E-05,5.86475866518093E-05
30,30,KNN,brute,17,uncalibrated,0.0378,0.11100781470657,0.0296829383690787
30,30,KNN,brute,17,uncalibrated,0.0382,0.100621118699722,0.0371686445325202
30,30,KNN,brute,17,uncalibrated,0.0386,0.000142688973709564,0.000142688973709556
30,30,KNN,brute,17,uncalibrated,0.039,0,0
30,30,KNN,brute,17,uncalibrated,0.0394,0,0
30,30,KNN,brute,17,uncalibrated,0.0398,0,0
30,30,KNN,brute,17,uncalibrated,0.0402,0,0
30,30,KNN,brute,17,uncalibrated,0.041,0,0
30,30,KNN,brute,19,uncalibrated,0.036,0,0
30,30,KNN,brute,19,uncalibrated,0.0366,0,0
30,30,KNN,brute,19,uncalibrated,0.037,0,0
30,30,KNN,brute,19,uncalibrated,0.0374,7.33602516550057E-05,7.33602516550073E-05
30,30,KNN,brute,19,uncalibrated,0.0378,0.11122167147595,0.0295483082359291
30,30,KNN,brute,19,uncalibrated,0.0382,0.0994318634893444,0.036821648274852
30,30,KNN,brute,19,uncalibrated,0.0386,0.00015548003668062,0.000155480036680596
30,30,KNN,brute,19,uncalibrated,0.039,0,0
30,30,KNN,brute,19,uncalibrated,0.0394,0,0
30,30,KNN,brute,19,uncalibrated,0.0398,0,0
30,30,KNN,brute,19,uncalibrated,0.0402,0,0
30,30,KNN,brute,19,uncalibrated,0.041,0,0
30,30,KNN,brute,21,uncalibrated,0.036,0,0
30,30,KNN,brute,21,uncalibrated,0.0366,0,0
30,30,KNN,brute,21,uncalibrated,0.037,0,0
30,30,KNN,brute,21,uncalibrated,0.0374,6.47568848361188E-05,6.23382452663834E-05
30,30,KNN,brute,21,uncalibrated,0.0378,0.111940133803873,0.0295431140324017
30,30,KNN,brute,21,uncalibrated,0.0382,0.098439122944299,0.0366783243655647
30,30,KNN,brute,21,uncalibrated,0.0386,0.000210393435724803,0.000210393435724805
30,30,KNN,brute,21,uncalibrated,0.039,0,0
30,30,KNN,brute,21,uncalibrated,0.0394,0,0
30,30,KNN,brute,21,uncalibrated,0.0398,0,0
30,30,KNN,brute,21,uncalibrated,0.0402,0,0
30,30,KNN,brute,21,uncalibrated,0.041,0,0
30,30,KNN,brute,23,uncalibrated,0.036,0,0
30,30,KNN,brute,23,uncalibrated,0.0366,0,0
30,30,KNN,brute,23,uncalibrated,0.037,0,0
30,30,KNN,brute,23,uncalibrated,0.0374,7.59843563869658E-05,7.39525430928924E-05
30,30,KNN,brute,23,uncalibrated,0.0378,0.111882734935378,0.0294620928504821
30,30,KNN,brute,23,uncalibrated,0.0382,0.0977142418726944,0.0365858641666907
30,30,KNN,brute,23,uncalibrated,0.0386,0.000175394149630682,0.000175394149630698
30,30,KNN,brute,23,uncalibrated,0.039,0,0
30,30,KNN,brute,23,uncalibrated,0.0394,0,0
30,30,KNN,brute,23,uncalibrated,0.0398,0,0
30,30,KNN,brute,23,uncalibrated,0.0402,0,0
30,30,KNN,brute,23,uncalibrated,0.041,0,0
30,30,KNN,brute,25,uncalibrated,0.036,0,0
30,30,KNN,brute,25,uncalibrated,0.0366,0,0
30,30,KNN,brute,25,uncalibrated,0.037,0,0
30,30,KNN,brute,25,uncalibrated,0.0374,8.63201039377374E-05,8.45909339023673E-05
30,30,KNN,brute,25,uncalibrated,0.0378,0.112323914450648,0.0293301953959354
30,30,KNN,brute,25,uncalibrated,0.0382,0.0967986847589006,0.0365425280942123
30,30,KNN,brute,25,uncalibrated,0.0386,0.000148453608247441,0.000148453608247423
30,30,KNN,brute,25,uncalibrated,0.039,0,0
30,30,KNN,brute,25,uncalibrated,0.0394,0,0
30,30,KNN,brute,25,uncalibrated,0.0398,0,0
30,30,KNN,brute,25,uncalibrated,0.0402,0,0
30,30,KNN,brute,25,uncalibrated,0.041,0,0
30,30,KNN,brute,27,uncalibrated,0.036,0,0
30,30,KNN,brute,27,uncalibrated,0.0366,0,0
30,30,KNN,brute,27,uncalibrated,0.037,0,0
30,30,KNN,brute,27,uncalibrated,0.0374,0.000120449865809398,0.000118955667557382
30,30,KNN,brute,27,uncalibrated,0.0378,0.112849212443931,0.0293730814357311
30,30,KNN,brute,27,uncalibrated,0.0382,0.0960674601016627,0.036343713294989
30,30,KNN,brute,27,uncalibrated,0.0386,0.000127275041364381,0.000127275041364389
30,30,KNN,brute,27,uncalibrated,0.039,0,0
30,30,KNN,brute,27,uncalibrated,0.0394,0,0
30,30,KNN,brute,27,uncalibrated,0.0398,0,0
30,30,KNN,brute,27,uncalibrated,0.0402,0,0
30,30,KNN,brute,27,uncalibrated,0.041,0,0
30,30,KNN,brute,29,uncalibrated,0.036,0,0
30,30,KNN,brute,29,uncalibrated,0.0366,0,0
30,30,KNN,brute,29,uncalibrated,0.037,0,0
30,30,KNN,brute,29,uncalibrated,0.0374,0.000132085434633366,0.000130758873965001
30,30,KNN,brute,29,uncalibrated,0.0378,0.113319890289359,0.029387079494821
30,30,KNN,brute,29,uncalibrated,0.0382,0.0958336832112602,0.0364072114453237
30,30,KNN,brute,29,uncalibrated,0.0386,0.000110325214214786,0.000110325214214791
30,30,KNN,brute,29,uncalibrated,0.039,0,0
30,30,KNN,brute,29,uncalibrated,0.0394,0,0
30,30,KNN,brute,29,uncalibrated,0.0398,0,0
30,30,KNN,brute,29,uncalibrated,0.0402,0,0
30,30,KNN,brute,29,uncalibrated,0.041,0,0
30,30,KNN,brute,31,uncalibrated,0.036,0,0
30,30,KNN,brute,31,uncalibrated,0.0366,0,0
30,30,KNN,brute,31,uncalibrated,0.037,0,0
30,30,KNN,brute,31,uncalibrated,0.0374,0.000141986285561568,0.000137527952685167
30,30,KNN,brute,31,uncalibrated,0.0378,0.113951839785548,0.0293820145082089
30,30,KNN,brute,31,uncalibrated,0.0382,0.0951257672209889,0.0361920488105939
30,30,KNN,brute,31,uncalibrated,0.0386,9.65489127519671E-05,9.65489127519657E-05
30,30,KNN,brute,31,uncalibrated,0.039,0,0
30,30,KNN,brute,31,uncalibrated,0.0394,0,0
30,30,KNN,brute,31,uncalibrated,0.0398,0,0
30,30,KNN,brute,31,uncalibrated,0.0402,0,0
30,30,KNN,brute,31,uncalibrated,0.041,0,0
30,30,KNN,brute,33,uncalibrated,0.036,0,0
30,30,KNN,brute,33,uncalibrated,0.0366,0,0
30,30,KNN,brute,33,uncalibrated,0.037,0,0
30,30,KNN,brute,33,uncalibrated,0.0374,0.000152497135803777,0.000148522353421685
30,30,KNN,brute,33,uncalibrated,0.0378,0.114207296756322,0.0293719606103039
30,30,KNN,brute,33,uncalibrated,0.0382,0.0945162649921221,0.0361078358833545
30,30,KNN,brute,33,uncalibrated,0.0386,0.000105185984598671,0.000105185984598668
30,30,KNN,brute,33,uncalibrated,0.039,0,0
30,30,KNN,brute,33,uncalibrated,0.0394,0,0
30,30,KNN,brute,33,uncalibrated,0.0398,0,0
30,30,KNN,brute,33,uncalibrated,0.0402,0,0
30,30,KNN,brute,33,uncalibrated,0.041,0,0
30,30,KNN,brute,35,uncalibrated,0.036,0,0
30,30,KNN,brute,35,uncalibrated,0.0366,0,0
30,30,KNN,brute,35,uncalibrated,0.037,0,0
30,30,KNN,brute,35,uncalibrated,0.0374,0.000132377474696915,0.000132178211662637
30,30,KNN,brute,35,uncalibrated,0.0378,0.114829318477306,0.0293554916885562
30,30,KNN,brute,35,uncalibrated,0.0382,0.0939674524213654,0.0360940219336423
30,30,KNN,brute,35,uncalibrated,0.0386,9.35081936554756E-05,9.3508193655469E-05
30,30,KNN,brute,35,uncalibrated,0.039,0,0
30,30,KNN,brute,35,uncalibrated,0.0394,0,0
30,30,KNN,brute,35,uncalibrated,0.0398,0,0
30,30,KNN,brute,35,uncalibrated,0.0402,0,0
30,30,KNN,brute,35,uncalibrated,0.041,0,0
30,30,KNN,brute,37,uncalibrated,0.036,0,0
30,30,KNN,brute,37,uncalibrated,0.0366,0,0
30,30,KNN,brute,37,uncalibrated,0.037,0,0
30,30,KNN,brute,37,uncalibrated,0.0374,0.000144466367129798,0.000137505657834703
30,30,KNN,brute,37,uncalibrated,0.0378,0.115540185619825,0.0294340629042646
30,30,KNN,brute,37,uncalibrated,0.0382,0.0935588554272791,0.036025379193466
30,30,KNN,brute,37,uncalibrated,0.0386,8.36724157983745E-05,8.36724157983561E-05
30,30,KNN,brute,37,uncalibrated,0.039,0,0
30,30,KNN,brute,37,uncalibrated,0.0394,0,0
30,30,KNN,brute,37,uncalibrated,0.0398,0,0
30,30,KNN,brute,37,uncalibrated,0.0402,0,0
30,30,KNN,brute,37,uncalibrated,0.041,0,0
30,30,KNN,brute,39,uncalibrated,0.036,0,0
30,30,KNN,brute,39,uncalibrated,0.0366,0,0
30,30,KNN,brute,39,uncalibrated,0.037,0,0
30,30,KNN,brute,39,uncalibrated,0.0374,0.000173846609013022,0.000167509263812336
30,30,KNN,brute,39,uncalibrated,0.0378,0.116055267484349,0.029409747706765
30,30,KNN,brute,39,uncalibrated,0.0382,0.0931506721705825,0.0360255993606091
30,30,KNN,brute,39,uncalibrated,0.0386,7.53106753635473E-05,7.53106753635434E-05
30,30,KNN,brute,39,uncalibrated,0.039,0,0
30,30,KNN,brute,39,uncalibrated,0.0394,0,0
30,30,KNN,brute,39,uncalibrated,0.0398,0,0
30,30,KNN,brute,39,uncalibrated,0.0402,0,0
30,30,KNN,brute,39,uncalibrated,0.041,0,0
30,30,KNN,brute,41,uncalibrated,0.036,0,0
30,30,KNN,brute,41,uncalibrated,0.0366,0,0
30,30,KNN,brute,41,uncalibrated,0.037,0,0
30,30,KNN,brute,41,uncalibrated,0.0374,0.000201958085564631,0.000191891484773999
30,30,KNN,brute,41,uncalibrated,0.0378,0.116426271985871,0.029449287153635
30,30,KNN,brute,41,uncalibrated,0.0382,0.0926554969855841,0.0359029692178492
30,30,KNN,brute,41,uncalibrated,0.0386,6.81424968637442E-05,6.81424968637416E-05
30,30,KNN,brute,41,uncalibrated,0.039,0,0
30,30,KNN,brute,41,uncalibrated,0.0394,0,0
30,30,KNN,brute,41,uncalibrated,0.0398,0,0
30,30,KNN,brute,41,uncalibrated,0.0402,0,0
30,30,KNN,brute,41,uncalibrated,0.041,0,0
30,30,KNN,brute,43,uncalibrated,0.036,0,0
30,30,KNN,brute,43,uncalibrated,0.0366,0,0
30,30,KNN,brute,43,uncalibrated,0.037,0,0
30,30,KNN,brute,43,uncalibrated,0.0374,0.000183526191221751,0.000183208375403303
30,30,KNN,brute,43,uncalibrated,0.0378,0.117027580452429,0.0294849624066116
30,30,KNN,brute,43,uncalibrated,0.0382,0.0922478065463191,0.0357778701004168
30,30,KNN,brute,43,uncalibrated,0.0386,6.19510747582218E-05,6.19510747582204E-05
30,30,KNN,brute,43,uncalibrated,0.039,0,0
30,30,KNN,brute,43,uncalibrated,0.0394,0,0
30,30,KNN,brute,43,uncalibrated,0.0398,0,0
30,30,KNN,brute,43,uncalibrated,0.0402,0,0
30,30,KNN,brute,43,uncalibrated,0.041,0,0
30,30,KNN,brute,45,uncalibrated,0.036,0,0
30,30,KNN,brute,45,uncalibrated,0.0366,0,0
30,30,KNN,brute,45,uncalibrated,0.037,0,0
30,30,KNN,brute,45,uncalibrated,0.0374,0.000208604021422641,0.000208248348599226
30,30,KNN,brute,45,uncalibrated,0.0378,0.11750778628324,0.0295254483996187
30,30,KNN,brute,45,uncalibrated,0.0382,0.0918528758099569,0.0357645806702339
30,30,KNN,brute,45,uncalibrated,0.0386,5.65666850508373E-05,5.65666850508393E-05
30,30,KNN,brute,45,uncalibrated,0.039,0,0
30,30,KNN,brute,45,uncalibrated,0.0394,0,0
30,30,KNN,brute,45,uncalibrated,0.0398,0,0
30,30,KNN,brute,45,uncalibrated,0.0402,0,0
30,30,KNN,brute,45,uncalibrated,0.041,0,0
30,30,KNN,brute,47,uncalibrated,0.036,0,0
30,30,KNN,brute,47,uncalibrated,0.0366,0,0
30,30,KNN,brute,47,uncalibrated,0.037,0,0
30,30,KNN,brute,47,uncalibrated,0.0374,0.000238355580237075,0.00023792585323166
30,30,KNN,brute,47,uncalibrated,0.0378,0.117994335813155,0.0295468135408428
30,30,KNN,brute,47,uncalibrated,0.0382,0.091517240385663,0.0356134074739387
30,30,KNN,brute,47,uncalibrated,0.0386,6.27444635789235E-05,6.27444635789131E-05
30,30,KNN,brute,47,uncalibrated,0.039,0,0
30,30,KNN,brute,47,uncalibrated,0.0394,0,0
30,30,KNN,brute,47,uncalibrated,0.0398,0,0
30,30,KNN,brute,47,uncalibrated,0.0402,0,0
30,30,KNN,brute,47,uncalibrated,0.041,0,0
30,30,KNN,brute,49,uncalibrated,0.036,0,0
30,30,KNN,brute,49,uncalibrated,0.0366,0,0
30,30,KNN,brute,49,uncalibrated,0.037,0,0
30,30,KNN,brute,49,uncalibrated,0.0374,0.00024264209058533,0.000242194012333647
30,30,KNN,brute,49,uncalibrated,0.0378,0.118405643350476,0.0295996504181547
30,30,KNN,brute,49,uncalibrated,0.0382,0.0912468492612998,0.035514620653585
30,30,KNN,brute,49,uncalibrated,0.0386,5.77269971036307E-05,5.77269971036314E-05
30,30,KNN,brute,49,uncalibrated,0.039,0,0
30,30,KNN,brute,49,uncalibrated,0.0394,0,0
30,30,KNN,brute,49,uncalibrated,0.0398,0,0
30,30,KNN,brute,49,uncalibrated,0.0402,0,0
30,30,KNN,brute,49,uncalibrated,0.041,0,0
30,30,KNN,brute,51,uncalibrated,0.036,0,0
30,30,KNN,brute,51,uncalibrated,0.0366,0,0
30,30,KNN,brute,51,uncalibrated,0.037,0,0
30,30,KNN,brute,51,uncalibrated,0.0374,0.00024707568330803,0.00024661108050088
30,30,KNN,brute,51,uncalibrated,0.0378,0.118844839493231,0.0296273012331129
30,30,KNN,brute,51,uncalibrated,0.0382,0.0909465823843157,0.0355091938448111
30,30,KNN,brute,51,uncalibrated,0.0386,5.32881661075866E-05,5.32881661075813E-05
30,30,KNN,brute,51,uncalibrated,0.039,0,0
30,30,KNN,brute,51,uncalibrated,0.0394,0,0
30,30,KNN,brute,51,uncalibrated,0.0398,0,0
30,30,KNN,brute,51,uncalibrated,0.0402,0,0
30,30,KNN,brute,51,uncalibrated,0.041,0,0
30,30,KNN,brute,61,uncalibrated,0.036,0,0
30,30,KNN,brute,61,uncalibrated,0.0366,0,0
30,30,KNN,brute,61,uncalibrated,0.037,0,0
30,30,KNN,brute,61,uncalibrated,0.0374,0.000280044099248726,0.000279493384063463
30,30,KNN,brute,61,uncalibrated,0.0378,0.120579293024437,0.0296881361272546
30,30,KNN,brute,61,uncalibrated,0.0382,0.0895948452762212,0.0353480503375279
30,30,KNN,brute,61,uncalibrated,0.0386,3.72487288486486E-05,3.72487288486479E-05
30,30,KNN,brute,61,uncalibrated,0.039,0,0
30,30,KNN,brute,61,uncalibrated,0.0394,0,0
30,30,KNN,brute,61,uncalibrated,0.0398,0,0
30,30,KNN,brute,61,uncalibrated,0.0402,0,0
30,30,KNN,brute,61,uncalibrated,0.041,0,0
30,30,KNN,brute,81,uncalibrated,0.036,0,0
30,30,KNN,brute,81,uncalibrated,0.0366,0,0
30,30,KNN,brute,81,uncalibrated,0.037,0,0
30,30,KNN,brute,81,uncalibrated,0.0374,0.000339312581329244,0.00033876140695544
30,30,KNN,brute,81,uncalibrated,0.0378,0.123081275365321,0.0297456874860388
30,30,KNN,brute,81,uncalibrated,0.0382,0.0875358543653504,0.0350254669804496
30,30,KNN,brute,81,uncalibrated,0.0386,3.92824201741992E-05,3.92824201741939E-05
30,30,KNN,brute,81,uncalibrated,0.039,0,0
30,30,KNN,brute,81,uncalibrated,0.0394,0,0
30,30,KNN,brute,81,uncalibrated,0.0398,0,0
30,30,KNN,brute,81,uncalibrated,0.0402,0,0
30,30,KNN,brute,81,uncalibrated,0.041,0,0
30,30,KNN,brute,101,uncalibrated,0.036,0,0
30,30,KNN,brute,101,uncalibrated,0.0366,0,0
30,30,KNN,brute,101,uncalibrated,0.037,0,0
30,30,KNN,brute,101,uncalibrated,0.0374,0.000444028889904176,0.000443130232263393
30,30,KNN,brute,101,uncalibrated,0.0378,0.125366689432712,0.0297465247204329
30,30,KNN,brute,101,uncalibrated,0.0382,0.0862382741038122,0.0347665508967305
30,30,KNN,brute,101,uncalibrated,0.0386,3.2451953983803E-05,3.2451953983803E-05
30,30,KNN,brute,101,uncalibrated,0.039,0,0
30,30,KNN,brute,101,uncalibrated,0.0394,0,0
30,30,KNN,brute,101,uncalibrated,0.0398,0,0
30,30,KNN,brute,101,uncalibrated,0.0402,0,0
30,30,KNN,brute,101,uncalibrated,0.041,0,0
30,30,KNN,brute,151,uncalibrated,0.036,0,0
30,30,KNN,brute,151,uncalibrated,0.0366,0,0
30,30,KNN,brute,151,uncalibrated,0.037,0,0
30,30,KNN,brute,151,uncalibrated,0.0374,0.00059034670418886,0.000588824533757697
30,30,KNN,brute,151,uncalibrated,0.0378,0.129775520398227,0.0299122488419821
30,30,KNN,brute,151,uncalibrated,0.0382,0.0835115048414781,0.0342851856755867
30,30,KNN,brute,151,uncalibrated,0.0386,1.81358979603076E-05,1.81358979603043E-05
30,30,KNN,brute,151,uncalibrated,0.039,0,0
30,30,KNN,brute,151,uncalibrated,0.0394,0,0
30,30,KNN,brute,151,uncalibrated,0.0398,0,0
30,30,KNN,brute,151,uncalibrated,0.0402,0,0
30,30,KNN,brute,151,uncalibrated,0.041,0,0
30,30,KNN,brute,201,uncalibrated,0.036,0,0
30,30,KNN,brute,201,uncalibrated,0.0366,0,0
30,30,KNN,brute,201,uncalibrated,0.037,0,0
30,30,KNN,brute,201,uncalibrated,0.0374,0.000694466238715695,0.000692649950940848
30,30,KNN,brute,201,uncalibrated,0.0378,0.132925638393298,0.0298423259775896
30,30,KNN,brute,201,uncalibrated,0.0382,0.0817930271903454,0.0340317094401954
30,30,KNN,brute,201,uncalibrated,0.0386,1.25035182093335E-05,1.25035182093329E-05
30,30,KNN,brute,201,uncalibrated,0.039,0,0
30,30,KNN,brute,201,uncalibrated,0.0394,0,0
30,30,KNN,brute,201,uncalibrated,0.0398,0,0
30,30,KNN,brute,201,uncalibrated,0.0402,0,0
30,30,KNN,brute,201,uncalibrated,0.041,0,0
20,20,KNN,auto,1,uncalibrated,0.036,0,0
20,20,KNN,auto,1,uncalibrated,0.0366,0,0
20,20,KNN,auto,1,uncalibrated,0.037,0,0
20,20,KNN,auto,1,uncalibrated,0.0374,0,0
20,20,KNN,auto,1,uncalibrated,0.0378,0.0534035452411721,0.0244965632017077
20,20,KNN,auto,1,uncalibrated,0.0382,0.195664957542713,0.0467795591182365
20,20,KNN,auto,1,uncalibrated,0.0386,0.00229095378886604,0.00228829610870203
20,20,KNN,auto,1,uncalibrated,0.039,0,0
20,20,KNN,auto,1,uncalibrated,0.0394,0,0
20,20,KNN,auto,1,uncalibrated,0.0398,0,0
20,20,KNN,auto,1,uncalibrated,0.0402,0,0
20,20,KNN,auto,1,uncalibrated,0.041,0,0
20,20,KNN,auto,3,uncalibrated,0.036,0,0
20,20,KNN,auto,3,uncalibrated,0.0366,0,0
20,20,KNN,auto,3,uncalibrated,0.037,0,0
20,20,KNN,auto,3,uncalibrated,0.0374,0,0
20,20,KNN,auto,3,uncalibrated,0.0378,0.0542475185287781,0.0245327286813638
20,20,KNN,auto,3,uncalibrated,0.0382,0.186188849504147,0.0441903807615231
20,20,KNN,auto,3,uncalibrated,0.0386,0.00229095378886604,0.00228829610870203
20,20,KNN,auto,3,uncalibrated,0.039,0,0
20,20,KNN,auto,3,uncalibrated,0.0394,0,0
20,20,KNN,auto,3,uncalibrated,0.0398,0,0
20,20,KNN,auto,3,uncalibrated,0.0402,0,0
20,20,KNN,auto,3,uncalibrated,0.041,0,0
20,20,KNN,auto,5,uncalibrated,0.036,0,0
20,20,KNN,auto,5,uncalibrated,0.0366,0,0
20,20,KNN,auto,5,uncalibrated,0.037,0,0
20,20,KNN,auto,5,uncalibrated,0.0374,0,0
20,20,KNN,auto,5,uncalibrated,0.0378,0.0525565186109384,0.0236810180446367
20,20,KNN,auto,5,uncalibrated,0.0382,0.183252233556201,0.0430300601202405
20,20,KNN,auto,5,uncalibrated,0.0386,0.00229095378886604,0.00228829610870203
20,20,KNN,auto,5,uncalibrated,0.039,0,0
20,20,KNN,auto,5,uncalibrated,0.0394,0,0
20,20,KNN,auto,5,uncalibrated,0.0398,0,0
20,20,KNN,auto,5,uncalibrated,0.0402,0,0
20,20,KNN,auto,5,uncalibrated,0.041,0,0
20,20,KNN,auto,7,uncalibrated,0.036,0,0
20,20,KNN,auto,7,uncalibrated,0.0366,0,0
20,20,KNN,auto,7,uncalibrated,0.037,0,0
20,20,KNN,auto,7,uncalibrated,0.0374,0,0
20,20,KNN,auto,7,uncalibrated,0.0378,0.0526580151416013,0.0236934909103456
20,20,KNN,auto,7,uncalibrated,0.0382,0.179743233233643,0.0417366978855671
20,20,KNN,auto,7,uncalibrated,0.0386,0.00172990375713116,0.00172800541415692
20,20,KNN,auto,7,uncalibrated,0.039,0,0
20,20,KNN,auto,7,uncalibrated,0.0394,0,0
20,20,KNN,auto,7,uncalibrated,0.0398,0,0
20,20,KNN,auto,7,uncalibrated,0.0402,0,0
20,20,KNN,auto,7,uncalibrated,0.041,0,0
20,20,KNN,auto,9,uncalibrated,0.036,0,0
20,20,KNN,auto,9,uncalibrated,0.0366,0,0
20,20,KNN,auto,9,uncalibrated,0.037,0,0
20,20,KNN,auto,9,uncalibrated,0.0374,0,0
20,20,KNN,auto,9,uncalibrated,0.0378,0.0528181980429288,0.0238182331431204
20,20,KNN,auto,9,uncalibrated,0.0382,0.17805714207738,0.042372745490982
20,20,KNN,auto,9,uncalibrated,0.0386,0.00165457756727527,0.00165280578049907
20,20,KNN,auto,9,uncalibrated,0.039,0,0
20,20,KNN,auto,9,uncalibrated,0.0394,0,0
20,20,KNN,auto,9,uncalibrated,0.0398,0,0
20,20,KNN,auto,9,uncalibrated,0.0402,0,0
20,20,KNN,auto,9,uncalibrated,0.041,0,0
20,20,KNN,auto,11,uncalibrated,0.036,0,0
20,20,KNN,auto,11,uncalibrated,0.0366,0,0
20,20,KNN,auto,11,uncalibrated,0.037,0,0
20,20,KNN,auto,11,uncalibrated,0.0374,0,0
20,20,KNN,auto,11,uncalibrated,0.0378,0.0526107703851649,0.0236268683344992
20,20,KNN,auto,11,uncalibrated,0.0382,0.176353459091845,0.0419281703903675
20,20,KNN,auto,11,uncalibrated,0.0386,0.00175134885760921,0.00174941599930822
20,20,KNN,auto,11,uncalibrated,0.039,0,0
20,20,KNN,auto,11,uncalibrated,0.0394,0,0
20,20,KNN,auto,11,uncalibrated,0.0398,0,0
20,20,KNN,auto,11,uncalibrated,0.0402,0,0
20,20,KNN,auto,11,uncalibrated,0.041,0,0
20,20,KNN,auto,13,uncalibrated,0.036,0,0
20,20,KNN,auto,13,uncalibrated,0.0366,0,0
20,20,KNN,auto,13,uncalibrated,0.037,0,0
20,20,KNN,auto,13,uncalibrated,0.0374,0,0
20,20,KNN,auto,13,uncalibrated,0.0378,0.0527093598058985,0.0237066297965648
20,20,KNN,auto,13,uncalibrated,0.0382,0.174254900843617,0.0415352005786722
20,20,KNN,auto,13,uncalibrated,0.0386,0.00169449230327695,0.00169265237085568
20,20,KNN,auto,13,uncalibrated,0.039,0,0
20,20,KNN,auto,13,uncalibrated,0.0394,0,0
20,20,KNN,auto,13,uncalibrated,0.0398,0,0
20,20,KNN,auto,13,uncalibrated,0.0402,0,0
20,20,KNN,auto,13,uncalibrated,0.041,0,0
20,20,KNN,auto,15,uncalibrated,0.036,0,0
20,20,KNN,auto,15,uncalibrated,0.0366,0,0
20,20,KNN,auto,15,uncalibrated,0.037,0,0
20,20,KNN,auto,15,uncalibrated,0.0374,0,0
20,20,KNN,auto,15,uncalibrated,0.0378,0.0530001502899301,0.0236288094994974
20,20,KNN,auto,15,uncalibrated,0.0382,0.171327959168253,0.0412425295034514
20,20,KNN,auto,15,uncalibrated,0.0386,0.00165457756727527,0.00165280578049907
20,20,KNN,auto,15,uncalibrated,0.039,0,0
20,20,KNN,auto,15,uncalibrated,0.0394,0,0
20,20,KNN,auto,15,uncalibrated,0.0398,0,0
20,20,KNN,auto,15,uncalibrated,0.0402,0,0
20,20,KNN,auto,15,uncalibrated,0.041,0,0
20,20,KNN,auto,17,uncalibrated,0.036,0,0
20,20,KNN,auto,17,uncalibrated,0.0366,0,0
20,20,KNN,auto,17,uncalibrated,0.037,0,0
20,20,KNN,auto,17,uncalibrated,0.0374,0,0
20,20,KNN,auto,17,uncalibrated,0.0378,0.0532032066791616,0.023588160587518
20,20,KNN,auto,17,uncalibrated,0.0382,0.169231737239594,0.0408743507776799
20,20,KNN,auto,17,uncalibrated,0.0386,0.00171623341604041,0.00171435740651281
20,20,KNN,auto,17,uncalibrated,0.039,0,0
20,20,KNN,auto,17,uncalibrated,0.0394,0,0
20,20,KNN,auto,17,uncalibrated,0.0398,0,0
20,20,KNN,auto,17,uncalibrated,0.0402,0,0
20,20,KNN,auto,17,uncalibrated,0.041,0,0
20,20,KNN,auto,19,uncalibrated,0.036,0,0
20,20,KNN,auto,19,uncalibrated,0.0366,0,0
20,20,KNN,auto,19,uncalibrated,0.037,0,0
20,20,KNN,auto,19,uncalibrated,0.0374,0,0
20,20,KNN,auto,19,uncalibrated,0.0378,0.0535658924706187,0.0236703500431363
20,20,KNN,auto,19,uncalibrated,0.0382,0.167277652331034,0.0407415650730853
20,20,KNN,auto,19,uncalibrated,0.0386,0.00160239821912238,0.00160071968428188
20,20,KNN,auto,19,uncalibrated,0.039,0,0
20,20,KNN,auto,19,uncalibrated,0.0394,0,0
20,20,KNN,auto,19,uncalibrated,0.0398,0,0
20,20,KNN,auto,19,uncalibrated,0.0402,0,0
20,20,KNN,auto,19,uncalibrated,0.041,0,0
20,20,KNN,auto,21,uncalibrated,0.036,0,0
20,20,KNN,auto,21,uncalibrated,0.0366,0,0
20,20,KNN,auto,21,uncalibrated,0.037,0,0
20,20,KNN,auto,21,uncalibrated,0.0374,0,0
20,20,KNN,auto,21,uncalibrated,0.0378,0.0539784374812602,0.0237184741333111
20,20,KNN,auto,21,uncalibrated,0.0382,0.166248250515061,0.0408147085925116
20,20,KNN,auto,21,uncalibrated,0.0386,0.00151950988650539,0.00151799121212596
20,20,KNN,auto,21,uncalibrated,0.039,0,0
20,20,KNN,auto,21,uncalibrated,0.0394,0,0
20,20,KNN,auto,21,uncalibrated,0.0398,0,0
20,20,KNN,auto,21,uncalibrated,0.0402,0,0
20,20,KNN,auto,21,uncalibrated,0.041,0,0
20,20,KNN,auto,23,uncalibrated,0.036,0,0
20,20,KNN,auto,23,uncalibrated,0.0366,0,0
20,20,KNN,auto,23,uncalibrated,0.037,0,0
20,20,KNN,auto,23,uncalibrated,0.0374,0,0
20,20,KNN,auto,23,uncalibrated,0.0378,0.0544691512774621,0.0239132525212724
20,20,KNN,auto,23,uncalibrated,0.0382,0.16527724638482,0.0407194674737674
20,20,KNN,auto,23,uncalibrated,0.0386,0.0015114229113401,0.00150992074429084
20,20,KNN,auto,23,uncalibrated,0.039,0,0
20,20,KNN,auto,23,uncalibrated,0.0394,0,0
20,20,KNN,auto,23,uncalibrated,0.0398,0,0
20,20,KNN,auto,23,uncalibrated,0.0402,0,0
20,20,KNN,auto,23,uncalibrated,0.041,0,0
20,20,KNN,auto,25,uncalibrated,0.036,0,0
20,20,KNN,auto,25,uncalibrated,0.0366,0,0
20,20,KNN,auto,25,uncalibrated,0.037,0,0
20,20,KNN,auto,25,uncalibrated,0.0374,0,0
20,20,KNN,auto,25,uncalibrated,0.0378,0.0549198078003363,0.0240222831724402
20,20,KNN,auto,25,uncalibrated,0.0382,0.164331150837887,0.0405240376031109
20,20,KNN,auto,25,uncalibrated,0.0386,0.00145521349598355,0.00145383150229825
20,20,KNN,auto,25,uncalibrated,0.039,0,0
20,20,KNN,auto,25,uncalibrated,0.0394,0,0
20,20,KNN,auto,25,uncalibrated,0.0398,0,0
20,20,KNN,auto,25,uncalibrated,0.0402,0,0
20,20,KNN,auto,25,uncalibrated,0.041,0,0
20,20,KNN,auto,27,uncalibrated,0.036,0,0
20,20,KNN,auto,27,uncalibrated,0.0366,0,0
20,20,KNN,auto,27,uncalibrated,0.037,0,0
20,20,KNN,auto,27,uncalibrated,0.0374,0,0
20,20,KNN,auto,27,uncalibrated,0.0378,0.0551670807824338,0.0240574221622987
20,20,KNN,auto,27,uncalibrated,0.0382,0.163166123918582,0.0403924499976155
20,20,KNN,auto,27,uncalibrated,0.0386,0.00141259746228166,0.00141117201242688
20,20,KNN,auto,27,uncalibrated,0.039,0,0
20,20,KNN,auto,27,uncalibrated,0.0394,0,0
20,20,KNN,auto,27,uncalibrated,0.0398,0,0
20,20,KNN,auto,27,uncalibrated,0.0402,0,0
20,20,KNN,auto,27,uncalibrated,0.041,0,0
20,20,KNN,auto,29,uncalibrated,0.036,0,0
20,20,KNN,auto,29,uncalibrated,0.0366,0,0
20,20,KNN,auto,29,uncalibrated,0.037,0,0
20,20,KNN,auto,29,uncalibrated,0.0374,0,0
20,20,KNN,auto,29,uncalibrated,0.0378,0.055319768401671,0.0241423133185702
20,20,KNN,auto,29,uncalibrated,0.0382,0.162112183865648,0.0403165847553123
20,20,KNN,auto,29,uncalibrated,0.0386,0.00145329807425136,0.00145178436581063
20,20,KNN,auto,29,uncalibrated,0.039,0,0
20,20,KNN,auto,29,uncalibrated,0.0394,0,0
20,20,KNN,auto,29,uncalibrated,0.0398,0,0
20,20,KNN,auto,29,uncalibrated,0.0402,0,0
20,20,KNN,auto,29,uncalibrated,0.041,0,0
20,20,KNN,auto,31,uncalibrated,0.036,0,0
20,20,KNN,auto,31,uncalibrated,0.0366,0,0
20,20,KNN,auto,31,uncalibrated,0.037,0,0
20,20,KNN,auto,31,uncalibrated,0.0374,0,0
20,20,KNN,auto,31,uncalibrated,0.0378,0.0556282171843699,0.0241859977143798
20,20,KNN,auto,31,uncalibrated,0.0382,0.161713710572152,0.0403942860406982
20,20,KNN,auto,31,uncalibrated,0.0386,0.00145181129708145,0.0014503096109949
20,20,KNN,auto,31,uncalibrated,0.039,0,0
20,20,KNN,auto,31,uncalibrated,0.0394,0,0
20,20,KNN,auto,31,uncalibrated,0.0398,0,0
20,20,KNN,auto,31,uncalibrated,0.0402,0,0
20,20,KNN,auto,31,uncalibrated,0.041,0,0
20,20,KNN,auto,33,uncalibrated,0.036,0,0
20,20,KNN,auto,33,uncalibrated,0.0366,0,0
20,20,KNN,auto,33,uncalibrated,0.037,0,0
20,20,KNN,auto,33,uncalibrated,0.0374,0,0
20,20,KNN,auto,33,uncalibrated,0.0378,0.0561043268506137,0.0243177074750596
20,20,KNN,auto,33,uncalibrated,0.0382,0.160857752851428,0.0403000845209437
20,20,KNN,auto,33,uncalibrated,0.0386,0.00141685696532684,0.00141532678583854
20,20,KNN,auto,33,uncalibrated,0.039,0,0
20,20,KNN,auto,33,uncalibrated,0.0394,0,0
20,20,KNN,auto,33,uncalibrated,0.0398,0,0
20,20,KNN,auto,33,uncalibrated,0.0402,0,0
20,20,KNN,auto,33,uncalibrated,0.041,0,0
20,20,KNN,auto,35,uncalibrated,0.036,0,0
20,20,KNN,auto,35,uncalibrated,0.0366,0,0
20,20,KNN,auto,35,uncalibrated,0.037,0,0
20,20,KNN,auto,35,uncalibrated,0.0374,0,0
20,20,KNN,auto,35,uncalibrated,0.0378,0.0563859522721657,0.0243846527052691
20,20,KNN,auto,35,uncalibrated,0.0382,0.160001974104564,0.0403186890009591
20,20,KNN,auto,35,uncalibrated,0.0386,0.00138672815956432,0.00138528975797333
20,20,KNN,auto,35,uncalibrated,0.039,0,0
20,20,KNN,auto,35,uncalibrated,0.0394,0,0
20,20,KNN,auto,35,uncalibrated,0.0398,0,0
20,20,KNN,auto,35,uncalibrated,0.0402,0,0
20,20,KNN,auto,35,uncalibrated,0.041,0,0
20,20,KNN,auto,37,uncalibrated,0.036,0,0
20,20,KNN,auto,37,uncalibrated,0.0366,0,0
20,20,KNN,auto,37,uncalibrated,0.037,0,0
20,20,KNN,auto,37,uncalibrated,0.0374,0,0
20,20,KNN,auto,37,uncalibrated,0.0378,0.0564425947994801,0.0243786565551292
20,20,KNN,auto,37,uncalibrated,0.0382,0.159099989028322,0.0401505337185083
20,20,KNN,auto,37,uncalibrated,0.0386,0.00136135175943711,0.0013599947700765
20,20,KNN,auto,37,uncalibrated,0.039,0,0
20,20,KNN,auto,37,uncalibrated,0.0394,0,0
20,20,KNN,auto,37,uncalibrated,0.0398,0,0
20,20,KNN,auto,37,uncalibrated,0.0402,0,0
20,20,KNN,auto,37,uncalibrated,0.041,0,0
20,20,KNN,auto,39,uncalibrated,0.036,0,0
20,20,KNN,auto,39,uncalibrated,0.0366,0,0
20,20,KNN,auto,39,uncalibrated,0.037,0,0
20,20,KNN,auto,39,uncalibrated,0.0374,0,0
20,20,KNN,auto,39,uncalibrated,0.0378,0.056674551269635,0.0245073234736453
20,20,KNN,auto,39,uncalibrated,0.0382,0.158230827998541,0.0401047828751697
20,20,KNN,auto,39,uncalibrated,0.0386,0.00133977838583231,0.00133849410251831
20,20,KNN,auto,39,uncalibrated,0.039,0,0
20,20,KNN,auto,39,uncalibrated,0.0394,0,0
20,20,KNN,auto,39,uncalibrated,0.0398,0,0
20,20,KNN,auto,39,uncalibrated,0.0402,0,0
20,20,KNN,auto,39,uncalibrated,0.041,0,0
20,20,KNN,auto,41,uncalibrated,0.036,0,0
20,20,KNN,auto,41,uncalibrated,0.0366,0,0
20,20,KNN,auto,41,uncalibrated,0.037,0,0
20,20,KNN,auto,41,uncalibrated,0.0374,0,0
20,20,KNN,auto,41,uncalibrated,0.0378,0.0569781197620759,0.0245670224327522
20,20,KNN,auto,41,uncalibrated,0.0382,0.157504424691969,0.0399958649597985
20,20,KNN,auto,41,uncalibrated,0.0386,0.00132128441047645,0.00132006545068663
20,20,KNN,auto,41,uncalibrated,0.039,0,0
20,20,KNN,auto,41,uncalibrated,0.0394,0,0
20,20,KNN,auto,41,uncalibrated,0.0398,0,0
20,20,KNN,auto,41,uncalibrated,0.0402,0,0
20,20,KNN,auto,41,uncalibrated,0.041,0,0
20,20,KNN,auto,43,uncalibrated,0.036,0,0
20,20,KNN,auto,43,uncalibrated,0.0366,0,0
20,20,KNN,auto,43,uncalibrated,0.037,0,0
20,20,KNN,auto,43,uncalibrated,0.0374,0,0
20,20,KNN,auto,43,uncalibrated,0.0378,0.0572986769856166,0.0246363129601066
20,20,KNN,auto,43,uncalibrated,0.0382,0.156785105176431,0.0399705608458918
20,20,KNN,auto,43,uncalibrated,0.0386,0.00130531047385014,0.00130415052366486
20,20,KNN,auto,43,uncalibrated,0.039,0,0
20,20,KNN,auto,43,uncalibrated,0.0394,0,0
20,20,KNN,auto,43,uncalibrated,0.0398,0,0
20,20,KNN,auto,43,uncalibrated,0.0402,0,0
20,20,KNN,auto,43,uncalibrated,0.041,0,0
20,20,KNN,auto,45,uncalibrated,0.036,0,0
20,20,KNN,auto,45,uncalibrated,0.0366,0,0
20,20,KNN,auto,45,uncalibrated,0.037,0,0
20,20,KNN,auto,45,uncalibrated,0.0374,0,0
20,20,KNN,auto,45,uncalibrated,0.0378,0.0576619036608143,0.024714723439073
20,20,KNN,auto,45,uncalibrated,0.0382,0.156061390133314,0.0399860476241719
20,20,KNN,auto,45,uncalibrated,0.0386,0.00129141868704441,0.00129031230463539
20,20,KNN,auto,45,uncalibrated,0.039,0,0
20,20,KNN,auto,45,uncalibrated,0.0394,0,0
20,20,KNN,auto,45,uncalibrated,0.0398,0,0
20,20,KNN,auto,45,uncalibrated,0.0402,0,0
20,20,KNN,auto,45,uncalibrated,0.041,0,0
20,20,KNN,auto,47,uncalibrated,0.036,0,0
20,20,KNN,auto,47,uncalibrated,0.0366,0,0
20,20,KNN,auto,47,uncalibrated,0.037,0,0
20,20,KNN,auto,47,uncalibrated,0.0374,0,0
20,20,KNN,auto,47,uncalibrated,0.0378,0.0578636527470874,0.0247789062091537
20,20,KNN,auto,47,uncalibrated,0.0382,0.155553243262428,0.0400095748261025
20,20,KNN,auto,47,uncalibrated,0.0386,0.00127926229939318,0.00127820476165471
20,20,KNN,auto,47,uncalibrated,0.039,0,0
20,20,KNN,auto,47,uncalibrated,0.0394,0,0
20,20,KNN,auto,47,uncalibrated,0.0398,0,0
20,20,KNN,auto,47,uncalibrated,0.0402,0,0
20,20,KNN,auto,47,uncalibrated,0.041,0,0
20,20,KNN,auto,49,uncalibrated,0.036,0,0
20,20,KNN,auto,49,uncalibrated,0.0366,0,0
20,20,KNN,auto,49,uncalibrated,0.037,0,0
20,20,KNN,auto,49,uncalibrated,0.0374,0,0
20,20,KNN,auto,49,uncalibrated,0.0378,0.0578366214575024,0.0247196772117275
20,20,KNN,auto,49,uncalibrated,0.0382,0.155055840153989,0.0399508570681324
20,20,KNN,auto,49,uncalibrated,0.0386,0.00128430763972388,0.00128323836898733
20,20,KNN,auto,49,uncalibrated,0.039,0,0
20,20,KNN,auto,49,uncalibrated,0.0394,0,0
20,20,KNN,auto,49,uncalibrated,0.0398,0,0
20,20,KNN,auto,49,uncalibrated,0.0402,0,0
20,20,KNN,auto,49,uncalibrated,0.041,0,0
20,20,KNN,auto,51,uncalibrated,0.036,0,0
20,20,KNN,auto,51,uncalibrated,0.0366,0,0
20,20,KNN,auto,51,uncalibrated,0.037,0,0
20,20,KNN,auto,51,uncalibrated,0.0374,0,0
20,20,KNN,auto,51,uncalibrated,0.0378,0.0580632385721558,0.0247356548297225
20,20,KNN,auto,51,uncalibrated,0.0382,0.154518975790952,0.039832463834912
20,20,KNN,auto,51,uncalibrated,0.0386,0.00128904637927512,0.00128796634546762
20,20,KNN,auto,51,uncalibrated,0.039,0,0
20,20,KNN,auto,51,uncalibrated,0.0394,0,0
20,20,KNN,auto,51,uncalibrated,0.0398,0,0
20,20,KNN,auto,51,uncalibrated,0.0402,0,0
20,20,KNN,auto,51,uncalibrated,0.041,0,0
20,20,KNN,auto,61,uncalibrated,0.036,0,0
20,20,KNN,auto,61,uncalibrated,0.0366,0,0
20,20,KNN,auto,61,uncalibrated,0.037,0,0
20,20,KNN,auto,61,uncalibrated,0.0374,0,0
20,20,KNN,auto,61,uncalibrated,0.0378,0.058829159037071,0.0248261262724284
20,20,KNN,auto,61,uncalibrated,0.0382,0.152832357986532,0.0399051662090506
20,20,KNN,auto,61,uncalibrated,0.0386,0.00128369718163757,0.00128254511549804
20,20,KNN,auto,61,uncalibrated,0.039,0,0
20,20,KNN,auto,61,uncalibrated,0.0394,0,0
20,20,KNN,auto,61,uncalibrated,0.0398,0,0
20,20,KNN,auto,61,uncalibrated,0.0402,0,0
20,20,KNN,auto,61,uncalibrated,0.041,0,0
20,20,KNN,auto,81,uncalibrated,0.036,0,0
20,20,KNN,auto,81,uncalibrated,0.0366,0,0
20,20,KNN,auto,81,uncalibrated,0.037,0,0
20,20,KNN,auto,81,uncalibrated,0.0374,0,0
20,20,KNN,auto,81,uncalibrated,0.0378,0.0601955388776825,0.0249988111836527
20,20,KNN,auto,81,uncalibrated,0.0382,0.14980266974201,0.039816538998715
20,20,KNN,auto,81,uncalibrated,0.0386,0.00124918216005265,0.00124813585798526
20,20,KNN,auto,81,uncalibrated,0.039,0,0
20,20,KNN,auto,81,uncalibrated,0.0394,0,0
20,20,KNN,auto,81,uncalibrated,0.0398,0,0
20,20,KNN,auto,81,uncalibrated,0.0402,0,0
20,20,KNN,auto,81,uncalibrated,0.041,0,0
20,20,KNN,auto,101,uncalibrated,0.036,0,0
20,20,KNN,auto,101,uncalibrated,0.0366,0,0
20,20,KNN,auto,101,uncalibrated,0.037,0,0
20,20,KNN,auto,101,uncalibrated,0.0374,0,0
20,20,KNN,auto,101,uncalibrated,0.0378,0.0612747378540801,0.0252151844898914
20,20,KNN,auto,101,uncalibrated,0.0382,0.14709969832599,0.0395230374503809
20,20,KNN,auto,101,uncalibrated,0.0386,0.00119780387222252,0.00119681932430173
20,20,KNN,auto,101,uncalibrated,0.039,0,0
20,20,KNN,auto,101,uncalibrated,0.0394,0,0
20,20,KNN,auto,101,uncalibrated,0.0398,0,0
20,20,KNN,auto,101,uncalibrated,0.0402,0,0
20,20,KNN,auto,101,uncalibrated,0.041,0,0
20,20,KNN,auto,151,uncalibrated,0.036,0,0
20,20,KNN,auto,151,uncalibrated,0.0366,0,0
20,20,KNN,auto,151,uncalibrated,0.037,0,0
20,20,KNN,auto,151,uncalibrated,0.0374,0,0
20,20,KNN,auto,151,uncalibrated,0.0378,0.0633573407083604,0.0254656684658178
20,20,KNN,auto,151,uncalibrated,0.0382,0.142388142421404,0.0391245889799175
20,20,KNN,auto,151,uncalibrated,0.0386,0.00115321296997247,0.00115237991703022
20,20,KNN,auto,151,uncalibrated,0.039,0,0
20,20,KNN,auto,151,uncalibrated,0.0394,0,0
20,20,KNN,auto,151,uncalibrated,0.0398,0,0
20,20,KNN,auto,151,uncalibrated,0.0402,0,0
20,20,KNN,auto,151,uncalibrated,0.041,0,0
20,20,KNN,auto,201,uncalibrated,0.036,0,0
20,20,KNN,auto,201,uncalibrated,0.0366,0,0
20,20,KNN,auto,201,uncalibrated,0.037,0,0
20,20,KNN,auto,201,uncalibrated,0.0374,0,0
20,20,KNN,auto,201,uncalibrated,0.0378,0.0648156098374283,0.0255234339914513
20,20,KNN,auto,201,uncalibrated,0.0382,0.139855965827118,0.0389687350200531
20,20,KNN,auto,201,uncalibrated,0.0386,0.00111556419993692,0.00111480263553855
20,20,KNN,auto,201,uncalibrated,0.039,0,0
20,20,KNN,auto,201,uncalibrated,0.0394,0,0
20,20,KNN,auto,201,uncalibrated,0.0398,0,0
20,20,KNN,auto,201,uncalibrated,0.0402,0,0
20,20,KNN,auto,201,uncalibrated,0.041,0,0
20,20,KNN,kd_tree,1,uncalibrated,0.036,0,0
20,20,KNN,kd_tree,1,uncalibrated,0.0366,0,0
20,20,KNN,kd_tree,1,uncalibrated,0.037,0,0
20,20,KNN,kd_tree,1,uncalibrated,0.0374,0,0
20,20,KNN,kd_tree,1,uncalibrated,0.0378,0.0534035452411721,0.0244965632017077
20,20,KNN,kd_tree,1,uncalibrated,0.0382,0.195664957542713,0.0467795591182365
20,20,KNN,kd_tree,1,uncalibrated,0.0386,0.00229095378886604,0.00228829610870203
20,20,KNN,kd_tree,1,uncalibrated,0.039,0,0
20,20,KNN,kd_tree,1,uncalibrated,0.0394,0,0
20,20,KNN,kd_tree,1,uncalibrated,0.0398,0,0
20,20,KNN,kd_tree,1,uncalibrated,0.0402,0,0
20,20,KNN,kd_tree,1,uncalibrated,0.041,0,0
20,20,KNN,kd_tree,3,uncalibrated,0.036,0,0
20,20,KNN,kd_tree,3,uncalibrated,0.0366,0,0
20,20,KNN,kd_tree,3,uncalibrated,0.037,0,0
20,20,KNN,kd_tree,3,uncalibrated,0.0374,0,0
20,20,KNN,kd_tree,3,uncalibrated,0.0378,0.0542475185287781,0.0245327286813638
20,20,KNN,kd_tree,3,uncalibrated,0.0382,0.186188849504147,0.0441903807615231
20,20,KNN,kd_tree,3,uncalibrated,0.0386,0.00229095378886604,0.00228829610870203
20,20,KNN,kd_tree,3,uncalibrated,0.039,0,0
20,20,KNN,kd_tree,3,uncalibrated,0.0394,0,0
20,20,KNN,kd_tree,3,uncalibrated,0.0398,0,0
20,20,KNN,kd_tree,3,uncalibrated,0.0402,0,0
20,20,KNN,kd_tree,3,uncalibrated,0.041,0,0
20,20,KNN,kd_tree,5,uncalibrated,0.036,0,0
20,20,KNN,kd_tree,5,uncalibrated,0.0366,0,0
20,20,KNN,kd_tree,5,uncalibrated,0.037,0,0
20,20,KNN,kd_tree,5,uncalibrated,0.0374,0,0
20,20,KNN,kd_tree,5,uncalibrated,0.0378,0.0525565186109384,0.0236810180446367
20,20,KNN,kd_tree,5,uncalibrated,0.0382,0.183252233556201,0.0430300601202405
20,20,KNN,kd_tree,5,uncalibrated,0.0386,0.00229095378886604,0.00228829610870203
20,20,KNN,kd_tree,5,uncalibrated,0.039,0,0
20,20,KNN,kd_tree,5,uncalibrated,0.0394,0,0
20,20,KNN,kd_tree,5,uncalibrated,0.0398,0,0
20,20,KNN,kd_tree,5,uncalibrated,0.0402,0,0
20,20,KNN,kd_tree,5,uncalibrated,0.041,0,0
20,20,KNN,kd_tree,7,uncalibrated,0.036,0,0
20,20,KNN,kd_tree,7,uncalibrated,0.0366,0,0
20,20,KNN,kd_tree,7,uncalibrated,0.037,0,0
20,20,KNN,kd_tree,7,uncalibrated,0.0374,0,0
20,20,KNN,kd_tree,7,uncalibrated,0.0378,0.0526580151416013,0.0236934909103456
20,20,KNN,kd_tree,7,uncalibrated,0.0382,0.179743233233643,0.0417366978855671
20,20,KNN,kd_tree,7,uncalibrated,0.0386,0.00172990375713116,0.00172800541415692
20,20,KNN,kd_tree,7,uncalibrated,0.039,0,0
20,20,KNN,kd_tree,7,uncalibrated,0.0394,0,0
20,20,KNN,kd_tree,7,uncalibrated,0.0398,0,0
20,20,KNN,kd_tree,7,uncalibrated,0.0402,0,0
20,20,KNN,kd_tree,7,uncalibrated,0.041,0,0
20,20,KNN,kd_tree,9,uncalibrated,0.036,0,0
20,20,KNN,kd_tree,9,uncalibrated,0.0366,0,0
20,20,KNN,kd_tree,9,uncalibrated,0.037,0,0
20,20,KNN,kd_tree,9,uncalibrated,0.0374,0,0
20,20,KNN,kd_tree,9,uncalibrated,0.0378,0.0528181980429288,0.0238182331431204
20,20,KNN,kd_tree,9,uncalibrated,0.0382,0.17805714207738,0.042372745490982
20,20,KNN,kd_tree,9,uncalibrated,0.0386,0.00165457756727527,0.00165280578049907
20,20,KNN,kd_tree,9,uncalibrated,0.039,0,0
20,20,KNN,kd_tree,9,uncalibrated,0.0394,0,0
20,20,KNN,kd_tree,9,uncalibrated,0.0398,0,0
20,20,KNN,kd_tree,9,uncalibrated,0.0402,0,0
20,20,KNN,kd_tree,9,uncalibrated,0.041,0,0
20,20,KNN,kd_tree,11,uncalibrated,0.036,0,0
20,20,KNN,kd_tree,11,uncalibrated,0.0366,0,0
20,20,KNN,kd_tree,11,uncalibrated,0.037,0,0
20,20,KNN,kd_tree,11,uncalibrated,0.0374,0,0
20,20,KNN,kd_tree,11,uncalibrated,0.0378,0.0526107703851649,0.0236268683344992
20,20,KNN,kd_tree,11,uncalibrated,0.0382,0.176353459091845,0.0419281703903675
20,20,KNN,kd_tree,11,uncalibrated,0.0386,0.00175134885760921,0.00174941599930822
20,20,KNN,kd_tree,11,uncalibrated,0.039,0,0
20,20,KNN,kd_tree,11,uncalibrated,0.0394,0,0
20,20,KNN,kd_tree,11,uncalibrated,0.0398,0,0
20,20,KNN,kd_tree,11,uncalibrated,0.0402,0,0
20,20,KNN,kd_tree,11,uncalibrated,0.041,0,0
20,20,KNN,kd_tree,13,uncalibrated,0.036,0,0
20,20,KNN,kd_tree,13,uncalibrated,0.0366,0,0
20,20,KNN,kd_tree,13,uncalibrated,0.037,0,0
20,20,KNN,kd_tree,13,uncalibrated,0.0374,0,0
20,20,KNN,kd_tree,13,uncalibrated,0.0378,0.0527093598058985,0.0237066297965648
20,20,KNN,kd_tree,13,uncalibrated,0.0382,0.174254900843617,0.0415352005786722
20,20,KNN,kd_tree,13,uncalibrated,0.0386,0.00169449230327695,0.00169265237085568
20,20,KNN,kd_tree,13,uncalibrated,0.039,0,0
20,20,KNN,kd_tree,13,uncalibrated,0.0394,0,0
20,20,KNN,kd_tree,13,uncalibrated,0.0398,0,0
20,20,KNN,kd_tree,13,uncalibrated,0.0402,0,0
20,20,KNN,kd_tree,13,uncalibrated,0.041,0,0
20,20,KNN,kd_tree,15,uncalibrated,0.036,0,0
20,20,KNN,kd_tree,15,uncalibrated,0.0366,0,0
20,20,KNN,kd_tree,15,uncalibrated,0.037,0,0
20,20,KNN,kd_tree,15,uncalibrated,0.0374,0,0
20,20,KNN,kd_tree,15,uncalibrated,0.0378,0.0530001502899301,0.0236288094994974
20,20,KNN,kd_tree,15,uncalibrated,0.0382,0.171327959168253,0.0412425295034514
20,20,KNN,kd_tree,15,uncalibrated,0.0386,0.00165457756727527,0.00165280578049907
20,20,KNN,kd_tree,15,uncalibrated,0.039,0,0
20,20,KNN,kd_tree,15,uncalibrated,0.0394,0,0
20,20,KNN,kd_tree,15,uncalibrated,0.0398,0,0
20,20,KNN,kd_tree,15,uncalibrated,0.0402,0,0
20,20,KNN,kd_tree,15,uncalibrated,0.041,0,0
20,20,KNN,kd_tree,17,uncalibrated,0.036,0,0
20,20,KNN,kd_tree,17,uncalibrated,0.0366,0,0
20,20,KNN,kd_tree,17,uncalibrated,0.037,0,0
20,20,KNN,kd_tree,17,uncalibrated,0.0374,0,0
20,20,KNN,kd_tree,17,uncalibrated,0.0378,0.0532032066791616,0.023588160587518
20,20,KNN,kd_tree,17,uncalibrated,0.0382,0.169231737239594,0.0408743507776799
20,20,KNN,kd_tree,17,uncalibrated,0.0386,0.00171623341604041,0.00171435740651281
20,20,KNN,kd_tree,17,uncalibrated,0.039,0,0
20,20,KNN,kd_tree,17,uncalibrated,0.0394,0,0
20,20,KNN,kd_tree,17,uncalibrated,0.0398,0,0
20,20,KNN,kd_tree,17,uncalibrated,0.0402,0,0
20,20,KNN,kd_tree,17,uncalibrated,0.041,0,0
20,20,KNN,kd_tree,19,uncalibrated,0.036,0,0
20,20,KNN,kd_tree,19,uncalibrated,0.0366,0,0
20,20,KNN,kd_tree,19,uncalibrated,0.037,0,0
20,20,KNN,kd_tree,19,uncalibrated,0.0374,0,0
20,20,KNN,kd_tree,19,uncalibrated,0.0378,0.0535658924706187,0.0236703500431363
20,20,KNN,kd_tree,19,uncalibrated,0.0382,0.167277652331034,0.0407415650730853
20,20,KNN,kd_tree,19,uncalibrated,0.0386,0.00160239821912238,0.00160071968428188
20,20,KNN,kd_tree,19,uncalibrated,0.039,0,0
20,20,KNN,kd_tree,19,uncalibrated,0.0394,0,0
20,20,KNN,kd_tree,19,uncalibrated,0.0398,0,0
20,20,KNN,kd_tree,19,uncalibrated,0.0402,0,0
20,20,KNN,kd_tree,19,uncalibrated,0.041,0,0
20,20,KNN,kd_tree,21,uncalibrated,0.036,0,0
20,20,KNN,kd_tree,21,uncalibrated,0.0366,0,0
20,20,KNN,kd_tree,21,uncalibrated,0.037,0,0
20,20,KNN,kd_tree,21,uncalibrated,0.0374,0,0
20,20,KNN,kd_tree,21,uncalibrated,0.0378,0.0539784374812602,0.0237184741333111
20,20,KNN,kd_tree,21,uncalibrated,0.0382,0.166248250515061,0.0408147085925116
20,20,KNN,kd_tree,21,uncalibrated,0.0386,0.00151950988650539,0.00151799121212596
20,20,KNN,kd_tree,21,uncalibrated,0.039,0,0
20,20,KNN,kd_tree,21,uncalibrated,0.0394,0,0
20,20,KNN,kd_tree,21,uncalibrated,0.0398,0,0
20,20,KNN,kd_tree,21,uncalibrated,0.0402,0,0
20,20,KNN,kd_tree,21,uncalibrated,0.041,0,0
20,20,KNN,kd_tree,23,uncalibrated,0.036,0,0
20,20,KNN,kd_tree,23,uncalibrated,0.0366,0,0
20,20,KNN,kd_tree,23,uncalibrated,0.037,0,0
20,20,KNN,kd_tree,23,uncalibrated,0.0374,0,0
20,20,KNN,kd_tree,23,uncalibrated,0.0378,0.0544691512774621,0.0239132525212724
20,20,KNN,kd_tree,23,uncalibrated,0.0382,0.16527724638482,0.0407194674737674
20,20,KNN,kd_tree,23,uncalibrated,0.0386,0.0015114229113401,0.00150992074429084
20,20,KNN,kd_tree,23,uncalibrated,0.039,0,0
20,20,KNN,kd_tree,23,uncalibrated,0.0394,0,0
20,20,KNN,kd_tree,23,uncalibrated,0.0398,0,0
20,20,KNN,kd_tree,23,uncalibrated,0.0402,0,0
20,20,KNN,kd_tree,23,uncalibrated,0.041,0,0
20,20,KNN,kd_tree,25,uncalibrated,0.036,0,0
20,20,KNN,kd_tree,25,uncalibrated,0.0366,0,0
20,20,KNN,kd_tree,25,uncalibrated,0.037,0,0
20,20,KNN,kd_tree,25,uncalibrated,0.0374,0,0
20,20,KNN,kd_tree,25,uncalibrated,0.0378,0.0549198078003363,0.0240222831724402
20,20,KNN,kd_tree,25,uncalibrated,0.0382,0.164331150837887,0.0405240376031109
20,20,KNN,kd_tree,25,uncalibrated,0.0386,0.00145521349598355,0.00145383150229825
20,20,KNN,kd_tree,25,uncalibrated,0.039,0,0
20,20,KNN,kd_tree,25,uncalibrated,0.0394,0,0
20,20,KNN,kd_tree,25,uncalibrated,0.0398,0,0
20,20,KNN,kd_tree,25,uncalibrated,0.0402,0,0
20,20,KNN,kd_tree,25,uncalibrated,0.041,0,0
20,20,KNN,kd_tree,27,uncalibrated,0.036,0,0
20,20,KNN,kd_tree,27,uncalibrated,0.0366,0,0
20,20,KNN,kd_tree,27,uncalibrated,0.037,0,0
20,20,KNN,kd_tree,27,uncalibrated,0.0374,0,0
20,20,KNN,kd_tree,27,uncalibrated,0.0378,0.0551670807824338,0.0240574221622987
20,20,KNN,kd_tree,27,uncalibrated,0.0382,0.163166123918582,0.0403924499976155
20,20,KNN,kd_tree,27,uncalibrated,0.0386,0.00141259746228166,0.00141117201242688
20,20,KNN,kd_tree,27,uncalibrated,0.039,0,0
20,20,KNN,kd_tree,27,uncalibrated,0.0394,0,0
20,20,KNN,kd_tree,27,uncalibrated,0.0398,0,0
20,20,KNN,kd_tree,27,uncalibrated,0.0402,0,0
20,20,KNN,kd_tree,27,uncalibrated,0.041,0,0
20,20,KNN,kd_tree,29,uncalibrated,0.036,0,0
20,20,KNN,kd_tree,29,uncalibrated,0.0366,0,0
20,20,KNN,kd_tree,29,uncalibrated,0.037,0,0
20,20,KNN,kd_tree,29,uncalibrated,0.0374,0,0
20,20,KNN,kd_tree,29,uncalibrated,0.0378,0.055319768401671,0.0241423133185702
20,20,KNN,kd_tree,29,uncalibrated,0.0382,0.162112183865648,0.0403165847553123
20,20,KNN,kd_tree,29,uncalibrated,0.0386,0.00145329807425136,0.00145178436581063
20,20,KNN,kd_tree,29,uncalibrated,0.039,0,0
20,20,KNN,kd_tree,29,uncalibrated,0.0394,0,0
20,20,KNN,kd_tree,29,uncalibrated,0.0398,0,0
20,20,KNN,kd_tree,29,uncalibrated,0.0402,0,0
20,20,KNN,kd_tree,29,uncalibrated,0.041,0,0
20,20,KNN,kd_tree,31,uncalibrated,0.036,0,0
20,20,KNN,kd_tree,31,uncalibrated,0.0366,0,0
20,20,KNN,kd_tree,31,uncalibrated,0.037,0,0
20,20,KNN,kd_tree,31,uncalibrated,0.0374,0,0
20,20,KNN,kd_tree,31,uncalibrated,0.0378,0.0556282171843699,0.0241859977143798
20,20,KNN,kd_tree,31,uncalibrated,0.0382,0.161713710572152,0.0403942860406982
20,20,KNN,kd_tree,31,uncalibrated,0.0386,0.00145181129708145,0.0014503096109949
20,20,KNN,kd_tree,31,uncalibrated,0.039,0,0
20,20,KNN,kd_tree,31,uncalibrated,0.0394,0,0
20,20,KNN,kd_tree,31,uncalibrated,0.0398,0,0
20,20,KNN,kd_tree,31,uncalibrated,0.0402,0,0
20,20,KNN,kd_tree,31,uncalibrated,0.041,0,0
20,20,KNN,kd_tree,33,uncalibrated,0.036,0,0
20,20,KNN,kd_tree,33,uncalibrated,0.0366,0,0
20,20,KNN,kd_tree,33,uncalibrated,0.037,0,0
20,20,KNN,kd_tree,33,uncalibrated,0.0374,0,0
20,20,KNN,kd_tree,33,uncalibrated,0.0378,0.0561043268506137,0.0243177074750596
20,20,KNN,kd_tree,33,uncalibrated,0.0382,0.160857752851428,0.0403000845209437
20,20,KNN,kd_tree,33,uncalibrated,0.0386,0.00141685696532684,0.00141532678583854
20,20,KNN,kd_tree,33,uncalibrated,0.039,0,0
20,20,KNN,kd_tree,33,uncalibrated,0.0394,0,0
20,20,KNN,kd_tree,33,uncalibrated,0.0398,0,0
20,20,KNN,kd_tree,33,uncalibrated,0.0402,0,0
20,20,KNN,kd_tree,33,uncalibrated,0.041,0,0
20,20,KNN,kd_tree,35,uncalibrated,0.036,0,0
20,20,KNN,kd_tree,35,uncalibrated,0.0366,0,0
20,20,KNN,kd_tree,35,uncalibrated,0.037,0,0
20,20,KNN,kd_tree,35,uncalibrated,0.0374,0,0
20,20,KNN,kd_tree,35,uncalibrated,0.0378,0.0563859522721657,0.0243846527052691
20,20,KNN,kd_tree,35,uncalibrated,0.0382,0.160001974104564,0.0403186890009591
20,20,KNN,kd_tree,35,uncalibrated,0.0386,0.00138672815956432,0.00138528975797333
20,20,KNN,kd_tree,35,uncalibrated,0.039,0,0
20,20,KNN,kd_tree,35,uncalibrated,0.0394,0,0
20,20,KNN,kd_tree,35,uncalibrated,0.0398,0,0
20,20,KNN,kd_tree,35,uncalibrated,0.0402,0,0
20,20,KNN,kd_tree,35,uncalibrated,0.041,0,0
20,20,KNN,kd_tree,37,uncalibrated,0.036,0,0
20,20,KNN,kd_tree,37,uncalibrated,0.0366,0,0
20,20,KNN,kd_tree,37,uncalibrated,0.037,0,0
20,20,KNN,kd_tree,37,uncalibrated,0.0374,0,0
20,20,KNN,kd_tree,37,uncalibrated,0.0378,0.0564425947994801,0.0243786565551292
20,20,KNN,kd_tree,37,uncalibrated,0.0382,0.159099989028322,0.0401505337185083
20,20,KNN,kd_tree,37,uncalibrated,0.0386,0.00136135175943711,0.0013599947700765
20,20,KNN,kd_tree,37,uncalibrated,0.039,0,0
20,20,KNN,kd_tree,37,uncalibrated,0.0394,0,0
20,20,KNN,kd_tree,37,uncalibrated,0.0398,0,0
20,20,KNN,kd_tree,37,uncalibrated,0.0402,0,0
20,20,KNN,kd_tree,37,uncalibrated,0.041,0,0
20,20,KNN,kd_tree,39,uncalibrated,0.036,0,0
20,20,KNN,kd_tree,39,uncalibrated,0.0366,0,0
20,20,KNN,kd_tree,39,uncalibrated,0.037,0,0
20,20,KNN,kd_tree,39,uncalibrated,0.0374,0,0
20,20,KNN,kd_tree,39,uncalibrated,0.0378,0.056674551269635,0.0245073234736453
20,20,KNN,kd_tree,39,uncalibrated,0.0382,0.158230827998541,0.0401047828751697
20,20,KNN,kd_tree,39,uncalibrated,0.0386,0.00133977838583231,0.00133849410251831
20,20,KNN,kd_tree,39,uncalibrated,0.039,0,0
20,20,KNN,kd_tree,39,uncalibrated,0.0394,0,0
20,20,KNN,kd_tree,39,uncalibrated,0.0398,0,0
20,20,KNN,kd_tree,39,uncalibrated,0.0402,0,0
20,20,KNN,kd_tree,39,uncalibrated,0.041,0,0
20,20,KNN,kd_tree,41,uncalibrated,0.036,0,0
20,20,KNN,kd_tree,41,uncalibrated,0.0366,0,0
20,20,KNN,kd_tree,41,uncalibrated,0.037,0,0
20,20,KNN,kd_tree,41,uncalibrated,0.0374,0,0
20,20,KNN,kd_tree,41,uncalibrated,0.0378,0.0569781197620759,0.0245670224327522
20,20,KNN,kd_tree,41,uncalibrated,0.0382,0.157504424691969,0.0399958649597985
20,20,KNN,kd_tree,41,uncalibrated,0.0386,0.00132128441047645,0.00132006545068663
20,20,KNN,kd_tree,41,uncalibrated,0.039,0,0
20,20,KNN,kd_tree,41,uncalibrated,0.0394,0,0
20,20,KNN,kd_tree,41,uncalibrated,0.0398,0,0
20,20,KNN,kd_tree,41,uncalibrated,0.0402,0,0
20,20,KNN,kd_tree,41,uncalibrated,0.041,0,0
20,20,KNN,kd_tree,43,uncalibrated,0.036,0,0
20,20,KNN,kd_tree,43,uncalibrated,0.0366,0,0
20,20,KNN,kd_tree,43,uncalibrated,0.037,0,0
20,20,KNN,kd_tree,43,uncalibrated,0.0374,0,0
20,20,KNN,kd_tree,43,uncalibrated,0.0378,0.0572986769856166,0.0246363129601066
20,20,KNN,kd_tree,43,uncalibrated,0.0382,0.156785105176431,0.0399705608458918
20,20,KNN,kd_tree,43,uncalibrated,0.0386,0.00130531047385014,0.00130415052366486
20,20,KNN,kd_tree,43,uncalibrated,0.039,0,0
20,20,KNN,kd_tree,43,uncalibrated,0.0394,0,0
20,20,KNN,kd_tree,43,uncalibrated,0.0398,0,0
20,20,KNN,kd_tree,43,uncalibrated,0.0402,0,0
20,20,KNN,kd_tree,43,uncalibrated,0.041,0,0
20,20,KNN,kd_tree,45,uncalibrated,0.036,0,0
20,20,KNN,kd_tree,45,uncalibrated,0.0366,0,0
20,20,KNN,kd_tree,45,uncalibrated,0.037,0,0
20,20,KNN,kd_tree,45,uncalibrated,0.0374,0,0
20,20,KNN,kd_tree,45,uncalibrated,0.0378,0.0576619036608143,0.024714723439073
20,20,KNN,kd_tree,45,uncalibrated,0.0382,0.156061390133314,0.0399860476241719
20,20,KNN,kd_tree,45,uncalibrated,0.0386,0.00129141868704441,0.00129031230463539
20,20,KNN,kd_tree,45,uncalibrated,0.039,0,0
20,20,KNN,kd_tree,45,uncalibrated,0.0394,0,0
20,20,KNN,kd_tree,45,uncalibrated,0.0398,0,0
20,20,KNN,kd_tree,45,uncalibrated,0.0402,0,0
20,20,KNN,kd_tree,45,uncalibrated,0.041,0,0
20,20,KNN,kd_tree,47,uncalibrated,0.036,0,0
20,20,KNN,kd_tree,47,uncalibrated,0.0366,0,0
20,20,KNN,kd_tree,47,uncalibrated,0.037,0,0
20,20,KNN,kd_tree,47,uncalibrated,0.0374,0,0
20,20,KNN,kd_tree,47,uncalibrated,0.0378,0.0578636527470874,0.0247789062091537
20,20,KNN,kd_tree,47,uncalibrated,0.0382,0.155553243262428,0.0400095748261025
20,20,KNN,kd_tree,47,uncalibrated,0.0386,0.00127926229939318,0.00127820476165471
20,20,KNN,kd_tree,47,uncalibrated,0.039,0,0
20,20,KNN,kd_tree,47,uncalibrated,0.0394,0,0
20,20,KNN,kd_tree,47,uncalibrated,0.0398,0,0
20,20,KNN,kd_tree,47,uncalibrated,0.0402,0,0
20,20,KNN,kd_tree,47,uncalibrated,0.041,0,0
20,20,KNN,kd_tree,49,uncalibrated,0.036,0,0
20,20,KNN,kd_tree,49,uncalibrated,0.0366,0,0
20,20,KNN,kd_tree,49,uncalibrated,0.037,0,0
20,20,KNN,kd_tree,49,uncalibrated,0.0374,0,0
20,20,KNN,kd_tree,49,uncalibrated,0.0378,0.0578366214575024,0.0247196772117275
20,20,KNN,kd_tree,49,uncalibrated,0.0382,0.155055840153989,0.0399508570681324
20,20,KNN,kd_tree,49,uncalibrated,0.0386,0.00128430763972388,0.00128323836898733
20,20,KNN,kd_tree,49,uncalibrated,0.039,0,0
20,20,KNN,kd_tree,49,uncalibrated,0.0394,0,0
20,20,KNN,kd_tree,49,uncalibrated,0.0398,0,0
20,20,KNN,kd_tree,49,uncalibrated,0.0402,0,0
20,20,KNN,kd_tree,49,uncalibrated,0.041,0,0
20,20,KNN,kd_tree,51,uncalibrated,0.036,0,0
20,20,KNN,kd_tree,51,uncalibrated,0.0366,0,0
20,20,KNN,kd_tree,51,uncalibrated,0.037,0,0
20,20,KNN,kd_tree,51,uncalibrated,0.0374,0,0
20,20,KNN,kd_tree,51,uncalibrated,0.0378,0.0580632385721558,0.0247356548297225
20,20,KNN,kd_tree,51,uncalibrated,0.0382,0.154518975790952,0.039832463834912
20,20,KNN,kd_tree,51,uncalibrated,0.0386,0.00128904637927512,0.00128796634546762
20,20,KNN,kd_tree,51,uncalibrated,0.039,0,0
20,20,KNN,kd_tree,51,uncalibrated,0.0394,0,0
20,20,KNN,kd_tree,51,uncalibrated,0.0398,0,0
20,20,KNN,kd_tree,51,uncalibrated,0.0402,0,0
20,20,KNN,kd_tree,51,uncalibrated,0.041,0,0
20,20,KNN,kd_tree,61,uncalibrated,0.036,0,0
20,20,KNN,kd_tree,61,uncalibrated,0.0366,0,0
20,20,KNN,kd_tree,61,uncalibrated,0.037,0,0
20,20,KNN,kd_tree,61,uncalibrated,0.0374,0,0
20,20,KNN,kd_tree,61,uncalibrated,0.0378,0.058829159037071,0.0248261262724284
20,20,KNN,kd_tree,61,uncalibrated,0.0382,0.152832357986532,0.0399051662090506
20,20,KNN,kd_tree,61,uncalibrated,0.0386,0.00128369718163757,0.00128254511549804
20,20,KNN,kd_tree,61,uncalibrated,0.039,0,0
20,20,KNN,kd_tree,61,uncalibrated,0.0394,0,0
20,20,KNN,kd_tree,61,uncalibrated,0.0398,0,0
20,20,KNN,kd_tree,61,uncalibrated,0.0402,0,0
20,20,KNN,kd_tree,61,uncalibrated,0.041,0,0
20,20,KNN,kd_tree,81,uncalibrated,0.036,0,0
20,20,KNN,kd_tree,81,uncalibrated,0.0366,0,0
20,20,KNN,kd_tree,81,uncalibrated,0.037,0,0
20,20,KNN,kd_tree,81,uncalibrated,0.0374,0,0
20,20,KNN,kd_tree,81,uncalibrated,0.0378,0.0601955388776825,0.0249988111836527
20,20,KNN,kd_tree,81,uncalibrated,0.0382,0.14980266974201,0.039816538998715
20,20,KNN,kd_tree,81,uncalibrated,0.0386,0.00124918216005265,0.00124813585798526
20,20,KNN,kd_tree,81,uncalibrated,0.039,0,0
20,20,KNN,kd_tree,81,uncalibrated,0.0394,0,0
20,20,KNN,kd_tree,81,uncalibrated,0.0398,0,0
20,20,KNN,kd_tree,81,uncalibrated,0.0402,0,0
20,20,KNN,kd_tree,81,uncalibrated,0.041,0,0
20,20,KNN,kd_tree,101,uncalibrated,0.036,0,0
20,20,KNN,kd_tree,101,uncalibrated,0.0366,0,0
20,20,KNN,kd_tree,101,uncalibrated,0.037,0,0
20,20,KNN,kd_tree,101,uncalibrated,0.0374,0,0
20,20,KNN,kd_tree,101,uncalibrated,0.0378,0.0612747378540801,0.0252151844898914
20,20,KNN,kd_tree,101,uncalibrated,0.0382,0.14709969832599,0.0395230374503809
20,20,KNN,kd_tree,101,uncalibrated,0.0386,0.00119780387222252,0.00119681932430173
20,20,KNN,kd_tree,101,uncalibrated,0.039,0,0
20,20,KNN,kd_tree,101,uncalibrated,0.0394,0,0
20,20,KNN,kd_tree,101,uncalibrated,0.0398,0,0
20,20,KNN,kd_tree,101,uncalibrated,0.0402,0,0
20,20,KNN,kd_tree,101,uncalibrated,0.041,0,0
20,20,KNN,kd_tree,151,uncalibrated,0.036,0,0
20,20,KNN,kd_tree,151,uncalibrated,0.0366,0,0
20,20,KNN,kd_tree,151,uncalibrated,0.037,0,0
20,20,KNN,kd_tree,151,uncalibrated,0.0374,0,0
20,20,KNN,kd_tree,151,uncalibrated,0.0378,0.0633573407083604,0.0254656684658178
20,20,KNN,kd_tree,151,uncalibrated,0.0382,0.142388142421404,0.0391245889799175
20,20,KNN,kd_tree,151,uncalibrated,0.0386,0.00115321296997247,0.00115237991703022
20,20,KNN,kd_tree,151,uncalibrated,0.039,0,0
20,20,KNN,kd_tree,151,uncalibrated,0.0394,0,0
20,20,KNN,kd_tree,151,uncalibrated,0.0398,0,0
20,20,KNN,kd_tree,151,uncalibrated,0.0402,0,0
20,20,KNN,kd_tree,151,uncalibrated,0.041,0,0
20,20,KNN,kd_tree,201,uncalibrated,0.036,0,0
20,20,KNN,kd_tree,201,uncalibrated,0.0366,0,0
20,20,KNN,kd_tree,201,uncalibrated,0.037,0,0
20,20,KNN,kd_tree,201,uncalibrated,0.0374,0,0
20,20,KNN,kd_tree,201,uncalibrated,0.0378,0.0648156098374283,0.0255234339914513
20,20,KNN,kd_tree,201,uncalibrated,0.0382,0.139855965827118,0.0389687350200531
20,20,KNN,kd_tree,201,uncalibrated,0.0386,0.00111556419993692,0.00111480263553855
20,20,KNN,kd_tree,201,uncalibrated,0.039,0,0
20,20,KNN,kd_tree,201,uncalibrated,0.0394,0,0
20,20,KNN,kd_tree,201,uncalibrated,0.0398,0,0
20,20,KNN,kd_tree,201,uncalibrated,0.0402,0,0
20,20,KNN,kd_tree,201,uncalibrated,0.041,0,0
20,20,KNN,ball_tree,1,uncalibrated,0.036,0,0
20,20,KNN,ball_tree,1,uncalibrated,0.0366,0,0
20,20,KNN,ball_tree,1,uncalibrated,0.037,0,0
20,20,KNN,ball_tree,1,uncalibrated,0.0374,0,0
20,20,KNN,ball_tree,1,uncalibrated,0.0378,0.0534035452411721,0.0244965632017077
20,20,KNN,ball_tree,1,uncalibrated,0.0382,0.195664957542713,0.0467795591182365
20,20,KNN,ball_tree,1,uncalibrated,0.0386,0.00229095378886604,0.00228829610870203
20,20,KNN,ball_tree,1,uncalibrated,0.039,0,0
20,20,KNN,ball_tree,1,uncalibrated,0.0394,0,0
20,20,KNN,ball_tree,1,uncalibrated,0.0398,0,0
20,20,KNN,ball_tree,1,uncalibrated,0.0402,0,0
20,20,KNN,ball_tree,1,uncalibrated,0.041,0,0
20,20,KNN,ball_tree,3,uncalibrated,0.036,0,0
20,20,KNN,ball_tree,3,uncalibrated,0.0366,0,0
20,20,KNN,ball_tree,3,uncalibrated,0.037,0,0
20,20,KNN,ball_tree,3,uncalibrated,0.0374,0,0
20,20,KNN,ball_tree,3,uncalibrated,0.0378,0.0542475185287781,0.0245327286813638
20,20,KNN,ball_tree,3,uncalibrated,0.0382,0.186188849504147,0.0441903807615231
20,20,KNN,ball_tree,3,uncalibrated,0.0386,0.00229095378886604,0.00228829610870203
20,20,KNN,ball_tree,3,uncalibrated,0.039,0,0
20,20,KNN,ball_tree,3,uncalibrated,0.0394,0,0
20,20,KNN,ball_tree,3,uncalibrated,0.0398,0,0
20,20,KNN,ball_tree,3,uncalibrated,0.0402,0,0
20,20,KNN,ball_tree,3,uncalibrated,0.041,0,0
20,20,KNN,ball_tree,5,uncalibrated,0.036,0,0
20,20,KNN,ball_tree,5,uncalibrated,0.0366,0,0
20,20,KNN,ball_tree,5,uncalibrated,0.037,0,0
20,20,KNN,ball_tree,5,uncalibrated,0.0374,0,0
20,20,KNN,ball_tree,5,uncalibrated,0.0378,0.0525565186109384,0.0236810180446367
20,20,KNN,ball_tree,5,uncalibrated,0.0382,0.183252233556201,0.0430300601202405
20,20,KNN,ball_tree,5,uncalibrated,0.0386,0.00229095378886604,0.00228829610870203
20,20,KNN,ball_tree,5,uncalibrated,0.039,0,0
20,20,KNN,ball_tree,5,uncalibrated,0.0394,0,0
20,20,KNN,ball_tree,5,uncalibrated,0.0398,0,0
20,20,KNN,ball_tree,5,uncalibrated,0.0402,0,0
20,20,KNN,ball_tree,5,uncalibrated,0.041,0,0
20,20,KNN,ball_tree,7,uncalibrated,0.036,0,0
20,20,KNN,ball_tree,7,uncalibrated,0.0366,0,0
20,20,KNN,ball_tree,7,uncalibrated,0.037,0,0
20,20,KNN,ball_tree,7,uncalibrated,0.0374,0,0
20,20,KNN,ball_tree,7,uncalibrated,0.0378,0.0526580151416013,0.0236934909103456
20,20,KNN,ball_tree,7,uncalibrated,0.0382,0.179743233233643,0.0417366978855671
20,20,KNN,ball_tree,7,uncalibrated,0.0386,0.00172990375713116,0.00172800541415692
20,20,KNN,ball_tree,7,uncalibrated,0.039,0,0
20,20,KNN,ball_tree,7,uncalibrated,0.0394,0,0
20,20,KNN,ball_tree,7,uncalibrated,0.0398,0,0
20,20,KNN,ball_tree,7,uncalibrated,0.0402,0,0
20,20,KNN,ball_tree,7,uncalibrated,0.041,0,0
20,20,KNN,ball_tree,9,uncalibrated,0.036,0,0
20,20,KNN,ball_tree,9,uncalibrated,0.0366,0,0
20,20,KNN,ball_tree,9,uncalibrated,0.037,0,0
20,20,KNN,ball_tree,9,uncalibrated,0.0374,0,0
20,20,KNN,ball_tree,9,uncalibrated,0.0378,0.0528181980429288,0.0238182331431204
20,20,KNN,ball_tree,9,uncalibrated,0.0382,0.17805714207738,0.042372745490982
20,20,KNN,ball_tree,9,uncalibrated,0.0386,0.00165457756727527,0.00165280578049907
20,20,KNN,ball_tree,9,uncalibrated,0.039,0,0
20,20,KNN,ball_tree,9,uncalibrated,0.0394,0,0
20,20,KNN,ball_tree,9,uncalibrated,0.0398,0,0
20,20,KNN,ball_tree,9,uncalibrated,0.0402,0,0
20,20,KNN,ball_tree,9,uncalibrated,0.041,0,0
20,20,KNN,ball_tree,11,uncalibrated,0.036,0,0
20,20,KNN,ball_tree,11,uncalibrated,0.0366,0,0
20,20,KNN,ball_tree,11,uncalibrated,0.037,0,0
20,20,KNN,ball_tree,11,uncalibrated,0.0374,0,0
20,20,KNN,ball_tree,11,uncalibrated,0.0378,0.0526107703851649,0.0236268683344992
20,20,KNN,ball_tree,11,uncalibrated,0.0382,0.176353459091845,0.0419281703903675
20,20,KNN,ball_tree,11,uncalibrated,0.0386,0.00175134885760921,0.00174941599930822
20,20,KNN,ball_tree,11,uncalibrated,0.039,0,0
20,20,KNN,ball_tree,11,uncalibrated,0.0394,0,0
20,20,KNN,ball_tree,11,uncalibrated,0.0398,0,0
20,20,KNN,ball_tree,11,uncalibrated,0.0402,0,0
20,20,KNN,ball_tree,11,uncalibrated,0.041,0,0
20,20,KNN,ball_tree,13,uncalibrated,0.036,0,0
20,20,KNN,ball_tree,13,uncalibrated,0.0366,0,0
20,20,KNN,ball_tree,13,uncalibrated,0.037,0,0
20,20,KNN,ball_tree,13,uncalibrated,0.0374,0,0
20,20,KNN,ball_tree,13,uncalibrated,0.0378,0.0527093598058985,0.0237066297965648
20,20,KNN,ball_tree,13,uncalibrated,0.0382,0.174254900843617,0.0415352005786722
20,20,KNN,ball_tree,13,uncalibrated,0.0386,0.00169449230327695,0.00169265237085568
20,20,KNN,ball_tree,13,uncalibrated,0.039,0,0
20,20,KNN,ball_tree,13,uncalibrated,0.0394,0,0
20,20,KNN,ball_tree,13,uncalibrated,0.0398,0,0
20,20,KNN,ball_tree,13,uncalibrated,0.0402,0,0
20,20,KNN,ball_tree,13,uncalibrated,0.041,0,0
20,20,KNN,ball_tree,15,uncalibrated,0.036,0,0
20,20,KNN,ball_tree,15,uncalibrated,0.0366,0,0
20,20,KNN,ball_tree,15,uncalibrated,0.037,0,0
20,20,KNN,ball_tree,15,uncalibrated,0.0374,0,0
20,20,KNN,ball_tree,15,uncalibrated,0.0378,0.0530001502899301,0.0236288094994974
20,20,KNN,ball_tree,15,uncalibrated,0.0382,0.171327959168253,0.0412425295034514
20,20,KNN,ball_tree,15,uncalibrated,0.0386,0.00165457756727527,0.00165280578049907
20,20,KNN,ball_tree,15,uncalibrated,0.039,0,0
20,20,KNN,ball_tree,15,uncalibrated,0.0394,0,0
20,20,KNN,ball_tree,15,uncalibrated,0.0398,0,0
20,20,KNN,ball_tree,15,uncalibrated,0.0402,0,0
20,20,KNN,ball_tree,15,uncalibrated,0.041,0,0
20,20,KNN,ball_tree,17,uncalibrated,0.036,0,0
20,20,KNN,ball_tree,17,uncalibrated,0.0366,0,0
20,20,KNN,ball_tree,17,uncalibrated,0.037,0,0
20,20,KNN,ball_tree,17,uncalibrated,0.0374,0,0
20,20,KNN,ball_tree,17,uncalibrated,0.0378,0.0532032066791616,0.023588160587518
20,20,KNN,ball_tree,17,uncalibrated,0.0382,0.169231737239594,0.0408743507776799
20,20,KNN,ball_tree,17,uncalibrated,0.0386,0.00171623341604041,0.00171435740651281
20,20,KNN,ball_tree,17,uncalibrated,0.039,0,0
20,20,KNN,ball_tree,17,uncalibrated,0.0394,0,0
20,20,KNN,ball_tree,17,uncalibrated,0.0398,0,0
20,20,KNN,ball_tree,17,uncalibrated,0.0402,0,0
20,20,KNN,ball_tree,17,uncalibrated,0.041,0,0
20,20,KNN,ball_tree,19,uncalibrated,0.036,0,0
20,20,KNN,ball_tree,19,uncalibrated,0.0366,0,0
20,20,KNN,ball_tree,19,uncalibrated,0.037,0,0
20,20,KNN,ball_tree,19,uncalibrated,0.0374,0,0
20,20,KNN,ball_tree,19,uncalibrated,0.0378,0.0535658924706187,0.0236703500431363
20,20,KNN,ball_tree,19,uncalibrated,0.0382,0.167277652331034,0.0407415650730853
20,20,KNN,ball_tree,19,uncalibrated,0.0386,0.00160239821912238,0.00160071968428188
20,20,KNN,ball_tree,19,uncalibrated,0.039,0,0
20,20,KNN,ball_tree,19,uncalibrated,0.0394,0,0
20,20,KNN,ball_tree,19,uncalibrated,0.0398,0,0
20,20,KNN,ball_tree,19,uncalibrated,0.0402,0,0
20,20,KNN,ball_tree,19,uncalibrated,0.041,0,0
20,20,KNN,ball_tree,21,uncalibrated,0.036,0,0
20,20,KNN,ball_tree,21,uncalibrated,0.0366,0,0
20,20,KNN,ball_tree,21,uncalibrated,0.037,0,0
20,20,KNN,ball_tree,21,uncalibrated,0.0374,0,0
20,20,KNN,ball_tree,21,uncalibrated,0.0378,0.0539784374812602,0.0237184741333111
20,20,KNN,ball_tree,21,uncalibrated,0.0382,0.166248250515061,0.0408147085925116
20,20,KNN,ball_tree,21,uncalibrated,0.0386,0.00151950988650539,0.00151799121212596
20,20,KNN,ball_tree,21,uncalibrated,0.039,0,0
20,20,KNN,ball_tree,21,uncalibrated,0.0394,0,0
20,20,KNN,ball_tree,21,uncalibrated,0.0398,0,0
20,20,KNN,ball_tree,21,uncalibrated,0.0402,0,0
20,20,KNN,ball_tree,21,uncalibrated,0.041,0,0
20,20,KNN,ball_tree,23,uncalibrated,0.036,0,0
20,20,KNN,ball_tree,23,uncalibrated,0.0366,0,0
20,20,KNN,ball_tree,23,uncalibrated,0.037,0,0
20,20,KNN,ball_tree,23,uncalibrated,0.0374,0,0
20,20,KNN,ball_tree,23,uncalibrated,0.0378,0.0544691512774621,0.0239132525212724
20,20,KNN,ball_tree,23,uncalibrated,0.0382,0.16527724638482,0.0407194674737674
20,20,KNN,ball_tree,23,uncalibrated,0.0386,0.0015114229113401,0.00150992074429084
20,20,KNN,ball_tree,23,uncalibrated,0.039,0,0
20,20,KNN,ball_tree,23,uncalibrated,0.0394,0,0
20,20,KNN,ball_tree,23,uncalibrated,0.0398,0,0
20,20,KNN,ball_tree,23,uncalibrated,0.0402,0,0
20,20,KNN,ball_tree,23,uncalibrated,0.041,0,0
20,20,KNN,ball_tree,25,uncalibrated,0.036,0,0
20,20,KNN,ball_tree,25,uncalibrated,0.0366,0,0
20,20,KNN,ball_tree,25,uncalibrated,0.037,0,0
20,20,KNN,ball_tree,25,uncalibrated,0.0374,0,0
20,20,KNN,ball_tree,25,uncalibrated,0.0378,0.0549198078003363,0.0240222831724402
20,20,KNN,ball_tree,25,uncalibrated,0.0382,0.164331150837887,0.0405240376031109
20,20,KNN,ball_tree,25,uncalibrated,0.0386,0.00145521349598355,0.00145383150229825
20,20,KNN,ball_tree,25,uncalibrated,0.039,0,0
20,20,KNN,ball_tree,25,uncalibrated,0.0394,0,0
20,20,KNN,ball_tree,25,uncalibrated,0.0398,0,0
20,20,KNN,ball_tree,25,uncalibrated,0.0402,0,0
20,20,KNN,ball_tree,25,uncalibrated,0.041,0,0
20,20,KNN,ball_tree,27,uncalibrated,0.036,0,0
20,20,KNN,ball_tree,27,uncalibrated,0.0366,0,0
20,20,KNN,ball_tree,27,uncalibrated,0.037,0,0
20,20,KNN,ball_tree,27,uncalibrated,0.0374,0,0
20,20,KNN,ball_tree,27,uncalibrated,0.0378,0.0551670807824338,0.0240574221622987
20,20,KNN,ball_tree,27,uncalibrated,0.0382,0.163166123918582,0.0403924499976155
20,20,KNN,ball_tree,27,uncalibrated,0.0386,0.00141259746228166,0.00141117201242688
20,20,KNN,ball_tree,27,uncalibrated,0.039,0,0
20,20,KNN,ball_tree,27,uncalibrated,0.0394,0,0
20,20,KNN,ball_tree,27,uncalibrated,0.0398,0,0
20,20,KNN,ball_tree,27,uncalibrated,0.0402,0,0
20,20,KNN,ball_tree,27,uncalibrated,0.041,0,0
20,20,KNN,ball_tree,29,uncalibrated,0.036,0,0
20,20,KNN,ball_tree,29,uncalibrated,0.0366,0,0
20,20,KNN,ball_tree,29,uncalibrated,0.037,0,0
20,20,KNN,ball_tree,29,uncalibrated,0.0374,0,0
20,20,KNN,ball_tree,29,uncalibrated,0.0378,0.055319768401671,0.0241423133185702
20,20,KNN,ball_tree,29,uncalibrated,0.0382,0.162112183865648,0.0403165847553123
20,20,KNN,ball_tree,29,uncalibrated,0.0386,0.00145329807425136,0.00145178436581063
20,20,KNN,ball_tree,29,uncalibrated,0.039,0,0
20,20,KNN,ball_tree,29,uncalibrated,0.0394,0,0
20,20,KNN,ball_tree,29,uncalibrated,0.0398,0,0
20,20,KNN,ball_tree,29,uncalibrated,0.0402,0,0
20,20,KNN,ball_tree,29,uncalibrated,0.041,0,0
20,20,KNN,ball_tree,31,uncalibrated,0.036,0,0
20,20,KNN,ball_tree,31,uncalibrated,0.0366,0,0
20,20,KNN,ball_tree,31,uncalibrated,0.037,0,0
20,20,KNN,ball_tree,31,uncalibrated,0.0374,0,0
20,20,KNN,ball_tree,31,uncalibrated,0.0378,0.0556282171843699,0.0241859977143798
20,20,KNN,ball_tree,31,uncalibrated,0.0382,0.161713710572152,0.0403942860406982
20,20,KNN,ball_tree,31,uncalibrated,0.0386,0.00145181129708145,0.0014503096109949
20,20,KNN,ball_tree,31,uncalibrated,0.039,0,0
20,20,KNN,ball_tree,31,uncalibrated,0.0394,0,0
20,20,KNN,ball_tree,31,uncalibrated,0.0398,0,0
20,20,KNN,ball_tree,31,uncalibrated,0.0402,0,0
20,20,KNN,ball_tree,31,uncalibrated,0.041,0,0
20,20,KNN,ball_tree,33,uncalibrated,0.036,0,0
20,20,KNN,ball_tree,33,uncalibrated,0.0366,0,0
20,20,KNN,ball_tree,33,uncalibrated,0.037,0,0
20,20,KNN,ball_tree,33,uncalibrated,0.0374,0,0
20,20,KNN,ball_tree,33,uncalibrated,0.0378,0.0561043268506137,0.0243177074750596
20,20,KNN,ball_tree,33,uncalibrated,0.0382,0.160857752851428,0.0403000845209437
20,20,KNN,ball_tree,33,uncalibrated,0.0386,0.00141685696532684,0.00141532678583854
20,20,KNN,ball_tree,33,uncalibrated,0.039,0,0
20,20,KNN,ball_tree,33,uncalibrated,0.0394,0,0
20,20,KNN,ball_tree,33,uncalibrated,0.0398,0,0
20,20,KNN,ball_tree,33,uncalibrated,0.0402,0,0
20,20,KNN,ball_tree,33,uncalibrated,0.041,0,0
20,20,KNN,ball_tree,35,uncalibrated,0.036,0,0
20,20,KNN,ball_tree,35,uncalibrated,0.0366,0,0
20,20,KNN,ball_tree,35,uncalibrated,0.037,0,0
20,20,KNN,ball_tree,35,uncalibrated,0.0374,0,0
20,20,KNN,ball_tree,35,uncalibrated,0.0378,0.0563859522721657,0.0243846527052691
20,20,KNN,ball_tree,35,uncalibrated,0.0382,0.160001974104564,0.0403186890009591
20,20,KNN,ball_tree,35,uncalibrated,0.0386,0.00138672815956432,0.00138528975797333
20,20,KNN,ball_tree,35,uncalibrated,0.039,0,0
20,20,KNN,ball_tree,35,uncalibrated,0.0394,0,0
20,20,KNN,ball_tree,35,uncalibrated,0.0398,0,0
20,20,KNN,ball_tree,35,uncalibrated,0.0402,0,0
20,20,KNN,ball_tree,35,uncalibrated,0.041,0,0
20,20,KNN,ball_tree,37,uncalibrated,0.036,0,0
20,20,KNN,ball_tree,37,uncalibrated,0.0366,0,0
20,20,KNN,ball_tree,37,uncalibrated,0.037,0,0
20,20,KNN,ball_tree,37,uncalibrated,0.0374,0,0
20,20,KNN,ball_tree,37,uncalibrated,0.0378,0.0564425947994801,0.0243786565551292
20,20,KNN,ball_tree,37,uncalibrated,0.0382,0.159099989028322,0.0401505337185083
20,20,KNN,ball_tree,37,uncalibrated,0.0386,0.00136135175943711,0.0013599947700765
20,20,KNN,ball_tree,37,uncalibrated,0.039,0,0
20,20,KNN,ball_tree,37,uncalibrated,0.0394,0,0
20,20,KNN,ball_tree,37,uncalibrated,0.0398,0,0
20,20,KNN,ball_tree,37,uncalibrated,0.0402,0,0
20,20,KNN,ball_tree,37,uncalibrated,0.041,0,0
20,20,KNN,ball_tree,39,uncalibrated,0.036,0,0
20,20,KNN,ball_tree,39,uncalibrated,0.0366,0,0
20,20,KNN,ball_tree,39,uncalibrated,0.037,0,0
20,20,KNN,ball_tree,39,uncalibrated,0.0374,0,0
20,20,KNN,ball_tree,39,uncalibrated,0.0378,0.056674551269635,0.0245073234736453
20,20,KNN,ball_tree,39,uncalibrated,0.0382,0.158230827998541,0.0401047828751697
20,20,KNN,ball_tree,39,uncalibrated,0.0386,0.00133977838583231,0.00133849410251831
20,20,KNN,ball_tree,39,uncalibrated,0.039,0,0
20,20,KNN,ball_tree,39,uncalibrated,0.0394,0,0
20,20,KNN,ball_tree,39,uncalibrated,0.0398,0,0
20,20,KNN,ball_tree,39,uncalibrated,0.0402,0,0
20,20,KNN,ball_tree,39,uncalibrated,0.041,0,0
20,20,KNN,ball_tree,41,uncalibrated,0.036,0,0
20,20,KNN,ball_tree,41,uncalibrated,0.0366,0,0
20,20,KNN,ball_tree,41,uncalibrated,0.037,0,0
20,20,KNN,ball_tree,41,uncalibrated,0.0374,0,0
20,20,KNN,ball_tree,41,uncalibrated,0.0378,0.0569781197620759,0.0245670224327522
20,20,KNN,ball_tree,41,uncalibrated,0.0382,0.157504424691969,0.0399958649597985
20,20,KNN,ball_tree,41,uncalibrated,0.0386,0.00132128441047645,0.00132006545068663
20,20,KNN,ball_tree,41,uncalibrated,0.039,0,0
20,20,KNN,ball_tree,41,uncalibrated,0.0394,0,0
20,20,KNN,ball_tree,41,uncalibrated,0.0398,0,0
20,20,KNN,ball_tree,41,uncalibrated,0.0402,0,0
20,20,KNN,ball_tree,41,uncalibrated,0.041,0,0
20,20,KNN,ball_tree,43,uncalibrated,0.036,0,0
20,20,KNN,ball_tree,43,uncalibrated,0.0366,0,0
20,20,KNN,ball_tree,43,uncalibrated,0.037,0,0
20,20,KNN,ball_tree,43,uncalibrated,0.0374,0,0
20,20,KNN,ball_tree,43,uncalibrated,0.0378,0.0572986769856166,0.0246363129601066
20,20,KNN,ball_tree,43,uncalibrated,0.0382,0.156785105176431,0.0399705608458918
20,20,KNN,ball_tree,43,uncalibrated,0.0386,0.00130531047385014,0.00130415052366486
20,20,KNN,ball_tree,43,uncalibrated,0.039,0,0
20,20,KNN,ball_tree,43,uncalibrated,0.0394,0,0
20,20,KNN,ball_tree,43,uncalibrated,0.0398,0,0
20,20,KNN,ball_tree,43,uncalibrated,0.0402,0,0
20,20,KNN,ball_tree,43,uncalibrated,0.041,0,0
20,20,KNN,ball_tree,45,uncalibrated,0.036,0,0
20,20,KNN,ball_tree,45,uncalibrated,0.0366,0,0
20,20,KNN,ball_tree,45,uncalibrated,0.037,0,0
20,20,KNN,ball_tree,45,uncalibrated,0.0374,0,0
20,20,KNN,ball_tree,45,uncalibrated,0.0378,0.0576619036608143,0.024714723439073
20,20,KNN,ball_tree,45,uncalibrated,0.0382,0.156061390133314,0.0399860476241719
20,20,KNN,ball_tree,45,uncalibrated,0.0386,0.00129141868704441,0.00129031230463539
20,20,KNN,ball_tree,45,uncalibrated,0.039,0,0
20,20,KNN,ball_tree,45,uncalibrated,0.0394,0,0
20,20,KNN,ball_tree,45,uncalibrated,0.0398,0,0
20,20,KNN,ball_tree,45,uncalibrated,0.0402,0,0
20,20,KNN,ball_tree,45,uncalibrated,0.041,0,0
20,20,KNN,ball_tree,47,uncalibrated,0.036,0,0
20,20,KNN,ball_tree,47,uncalibrated,0.0366,0,0
20,20,KNN,ball_tree,47,uncalibrated,0.037,0,0
20,20,KNN,ball_tree,47,uncalibrated,0.0374,0,0
20,20,KNN,ball_tree,47,uncalibrated,0.0378,0.0578636527470874,0.0247789062091537
20,20,KNN,ball_tree,47,uncalibrated,0.0382,0.155553243262428,0.0400095748261025
20,20,KNN,ball_tree,47,uncalibrated,0.0386,0.00127926229939318,0.00127820476165471
20,20,KNN,ball_tree,47,uncalibrated,0.039,0,0
20,20,KNN,ball_tree,47,uncalibrated,0.0394,0,0
20,20,KNN,ball_tree,47,uncalibrated,0.0398,0,0
20,20,KNN,ball_tree,47,uncalibrated,0.0402,0,0
20,20,KNN,ball_tree,47,uncalibrated,0.041,0,0
20,20,KNN,ball_tree,49,uncalibrated,0.036,0,0
20,20,KNN,ball_tree,49,uncalibrated,0.0366,0,0
20,20,KNN,ball_tree,49,uncalibrated,0.037,0,0
20,20,KNN,ball_tree,49,uncalibrated,0.0374,0,0
20,20,KNN,ball_tree,49,uncalibrated,0.0378,0.0578366214575024,0.0247196772117275
20,20,KNN,ball_tree,49,uncalibrated,0.0382,0.155055840153989,0.0399508570681324
20,20,KNN,ball_tree,49,uncalibrated,0.0386,0.00128430763972388,0.00128323836898733
20,20,KNN,ball_tree,49,uncalibrated,0.039,0,0
20,20,KNN,ball_tree,49,uncalibrated,0.0394,0,0
20,20,KNN,ball_tree,49,uncalibrated,0.0398,0,0
20,20,KNN,ball_tree,49,uncalibrated,0.0402,0,0
20,20,KNN,ball_tree,49,uncalibrated,0.041,0,0
20,20,KNN,ball_tree,51,uncalibrated,0.036,0,0
20,20,KNN,ball_tree,51,uncalibrated,0.0366,0,0
20,20,KNN,ball_tree,51,uncalibrated,0.037,0,0
20,20,KNN,ball_tree,51,uncalibrated,0.0374,0,0
20,20,KNN,ball_tree,51,uncalibrated,0.0378,0.0580632385721558,0.0247356548297225
20,20,KNN,ball_tree,51,uncalibrated,0.0382,0.154518975790952,0.039832463834912
20,20,KNN,ball_tree,51,uncalibrated,0.0386,0.00128904637927512,0.00128796634546762
20,20,KNN,ball_tree,51,uncalibrated,0.039,0,0
20,20,KNN,ball_tree,51,uncalibrated,0.0394,0,0
20,20,KNN,ball_tree,51,uncalibrated,0.0398,0,0
20,20,KNN,ball_tree,51,uncalibrated,0.0402,0,0
20,20,KNN,ball_tree,51,uncalibrated,0.041,0,0
20,20,KNN,ball_tree,61,uncalibrated,0.036,0,0
20,20,KNN,ball_tree,61,uncalibrated,0.0366,0,0
20,20,KNN,ball_tree,61,uncalibrated,0.037,0,0
20,20,KNN,ball_tree,61,uncalibrated,0.0374,0,0
20,20,KNN,ball_tree,61,uncalibrated,0.0378,0.058829159037071,0.0248261262724284
20,20,KNN,ball_tree,61,uncalibrated,0.0382,0.152832357986532,0.0399051662090506
20,20,KNN,ball_tree,61,uncalibrated,0.0386,0.00128369718163757,0.00128254511549804
20,20,KNN,ball_tree,61,uncalibrated,0.039,0,0
20,20,KNN,ball_tree,61,uncalibrated,0.0394,0,0
20,20,KNN,ball_tree,61,uncalibrated,0.0398,0,0
20,20,KNN,ball_tree,61,uncalibrated,0.0402,0,0
20,20,KNN,ball_tree,61,uncalibrated,0.041,0,0
20,20,KNN,ball_tree,81,uncalibrated,0.036,0,0
20,20,KNN,ball_tree,81,uncalibrated,0.0366,0,0
20,20,KNN,ball_tree,81,uncalibrated,0.037,0,0
20,20,KNN,ball_tree,81,uncalibrated,0.0374,0,0
20,20,KNN,ball_tree,81,uncalibrated,0.0378,0.0601955388776825,0.0249988111836527
20,20,KNN,ball_tree,81,uncalibrated,0.0382,0.14980266974201,0.039816538998715
20,20,KNN,ball_tree,81,uncalibrated,0.0386,0.00124918216005265,0.00124813585798526
20,20,KNN,ball_tree,81,uncalibrated,0.039,0,0
20,20,KNN,ball_tree,81,uncalibrated,0.0394,0,0
20,20,KNN,ball_tree,81,uncalibrated,0.0398,0,0
20,20,KNN,ball_tree,81,uncalibrated,0.0402,0,0
20,20,KNN,ball_tree,81,uncalibrated,0.041,0,0
20,20,KNN,ball_tree,101,uncalibrated,0.036,0,0
20,20,KNN,ball_tree,101,uncalibrated,0.0366,0,0
20,20,KNN,ball_tree,101,uncalibrated,0.037,0,0
20,20,KNN,ball_tree,101,uncalibrated,0.0374,0,0
20,20,KNN,ball_tree,101,uncalibrated,0.0378,0.0612747378540801,0.0252151844898914
20,20,KNN,ball_tree,101,uncalibrated,0.0382,0.14709969832599,0.0395230374503809
20,20,KNN,ball_tree,101,uncalibrated,0.0386,0.00119780387222252,0.00119681932430173
20,20,KNN,ball_tree,101,uncalibrated,0.039,0,0
20,20,KNN,ball_tree,101,uncalibrated,0.0394,0,0
20,20,KNN,ball_tree,101,uncalibrated,0.0398,0,0
20,20,KNN,ball_tree,101,uncalibrated,0.0402,0,0
20,20,KNN,ball_tree,101,uncalibrated,0.041,0,0
20,20,KNN,ball_tree,151,uncalibrated,0.036,0,0
20,20,KNN,ball_tree,151,uncalibrated,0.0366,0,0
20,20,KNN,ball_tree,151,uncalibrated,0.037,0,0
20,20,KNN,ball_tree,151,uncalibrated,0.0374,0,0
20,20,KNN,ball_tree,151,uncalibrated,0.0378,0.0633573407083604,0.0254656684658178
20,20,KNN,ball_tree,151,uncalibrated,0.0382,0.142388142421404,0.0391245889799175
20,20,KNN,ball_tree,151,uncalibrated,0.0386,0.00115321296997247,0.00115237991703022
20,20,KNN,ball_tree,151,uncalibrated,0.039,0,0
20,20,KNN,ball_tree,151,uncalibrated,0.0394,0,0
20,20,KNN,ball_tree,151,uncalibrated,0.0398,0,0
20,20,KNN,ball_tree,151,uncalibrated,0.0402,0,0
20,20,KNN,ball_tree,151,uncalibrated,0.041,0,0
20,20,KNN,ball_tree,201,uncalibrated,0.036,0,0
20,20,KNN,ball_tree,201,uncalibrated,0.0366,0,0
20,20,KNN,ball_tree,201,uncalibrated,0.037,0,0
20,20,KNN,ball_tree,201,uncalibrated,0.0374,0,0
20,20,KNN,ball_tree,201,uncalibrated,0.0378,0.0648156098374283,0.0255234339914513
20,20,KNN,ball_tree,201,uncalibrated,0.0382,0.139855965827118,0.0389687350200531
20,20,KNN,ball_tree,201,uncalibrated,0.0386,0.00111556419993692,0.00111480263553855
20,20,KNN,ball_tree,201,uncalibrated,0.039,0,0
20,20,KNN,ball_tree,201,uncalibrated,0.0394,0,0
20,20,KNN,ball_tree,201,uncalibrated,0.0398,0,0
20,20,KNN,ball_tree,201,uncalibrated,0.0402,0,0
20,20,KNN,ball_tree,201,uncalibrated,0.041,0,0
20,20,KNN,brute,1,uncalibrated,0.036,0,0
20,20,KNN,brute,1,uncalibrated,0.0366,0,0
20,20,KNN,brute,1,uncalibrated,0.037,0,0
20,20,KNN,brute,1,uncalibrated,0.0374,0,0
20,20,KNN,brute,1,uncalibrated,0.0378,0.0534035452411721,0.0244965632017077
20,20,KNN,brute,1,uncalibrated,0.0382,0.195664957542713,0.0467795591182365
20,20,KNN,brute,1,uncalibrated,0.0386,0.00229095378886604,0.00228829610870203
20,20,KNN,brute,1,uncalibrated,0.039,0,0
20,20,KNN,brute,1,uncalibrated,0.0394,0,0
20,20,KNN,brute,1,uncalibrated,0.0398,0,0
20,20,KNN,brute,1,uncalibrated,0.0402,0,0
20,20,KNN,brute,1,uncalibrated,0.041,0,0
20,20,KNN,brute,3,uncalibrated,0.036,0,0
20,20,KNN,brute,3,uncalibrated,0.0366,0,0
20,20,KNN,brute,3,uncalibrated,0.037,0,0
20,20,KNN,brute,3,uncalibrated,0.0374,0,0
20,20,KNN,brute,3,uncalibrated,0.0378,0.0542475185287781,0.0245327286813638
20,20,KNN,brute,3,uncalibrated,0.0382,0.186188849504147,0.0441903807615231
20,20,KNN,brute,3,uncalibrated,0.0386,0.00229095378886604,0.00228829610870203
20,20,KNN,brute,3,uncalibrated,0.039,0,0
20,20,KNN,brute,3,uncalibrated,0.0394,0,0
20,20,KNN,brute,3,uncalibrated,0.0398,0,0
20,20,KNN,brute,3,uncalibrated,0.0402,0,0
20,20,KNN,brute,3,uncalibrated,0.041,0,0
20,20,KNN,brute,5,uncalibrated,0.036,0,0
20,20,KNN,brute,5,uncalibrated,0.0366,0,0
20,20,KNN,brute,5,uncalibrated,0.037,0,0
20,20,KNN,brute,5,uncalibrated,0.0374,0,0
20,20,KNN,brute,5,uncalibrated,0.0378,0.0525565186109384,0.0236810180446367
20,20,KNN,brute,5,uncalibrated,0.0382,0.183252233556201,0.0430300601202405
20,20,KNN,brute,5,uncalibrated,0.0386,0.00229095378886604,0.00228829610870203
20,20,KNN,brute,5,uncalibrated,0.039,0,0
20,20,KNN,brute,5,uncalibrated,0.0394,0,0
20,20,KNN,brute,5,uncalibrated,0.0398,0,0
20,20,KNN,brute,5,uncalibrated,0.0402,0,0
20,20,KNN,brute,5,uncalibrated,0.041,0,0
20,20,KNN,brute,7,uncalibrated,0.036,0,0
20,20,KNN,brute,7,uncalibrated,0.0366,0,0
20,20,KNN,brute,7,uncalibrated,0.037,0,0
20,20,KNN,brute,7,uncalibrated,0.0374,0,0
20,20,KNN,brute,7,uncalibrated,0.0378,0.0526580151416013,0.0236934909103456
20,20,KNN,brute,7,uncalibrated,0.0382,0.179743233233643,0.0417366978855671
20,20,KNN,brute,7,uncalibrated,0.0386,0.00172990375713116,0.00172800541415692
20,20,KNN,brute,7,uncalibrated,0.039,0,0
20,20,KNN,brute,7,uncalibrated,0.0394,0,0
20,20,KNN,brute,7,uncalibrated,0.0398,0,0
20,20,KNN,brute,7,uncalibrated,0.0402,0,0
20,20,KNN,brute,7,uncalibrated,0.041,0,0
20,20,KNN,brute,9,uncalibrated,0.036,0,0
20,20,KNN,brute,9,uncalibrated,0.0366,0,0
20,20,KNN,brute,9,uncalibrated,0.037,0,0
20,20,KNN,brute,9,uncalibrated,0.0374,0,0
20,20,KNN,brute,9,uncalibrated,0.0378,0.0528181980429288,0.0238182331431204
20,20,KNN,brute,9,uncalibrated,0.0382,0.17805714207738,0.042372745490982
20,20,KNN,brute,9,uncalibrated,0.0386,0.00165457756727527,0.00165280578049907
20,20,KNN,brute,9,uncalibrated,0.039,0,0
20,20,KNN,brute,9,uncalibrated,0.0394,0,0
20,20,KNN,brute,9,uncalibrated,0.0398,0,0
20,20,KNN,brute,9,uncalibrated,0.0402,0,0
20,20,KNN,brute,9,uncalibrated,0.041,0,0
20,20,KNN,brute,11,uncalibrated,0.036,0,0
20,20,KNN,brute,11,uncalibrated,0.0366,0,0
20,20,KNN,brute,11,uncalibrated,0.037,0,0
20,20,KNN,brute,11,uncalibrated,0.0374,0,0
20,20,KNN,brute,11,uncalibrated,0.0378,0.0526107703851649,0.0236268683344992
20,20,KNN,brute,11,uncalibrated,0.0382,0.176353459091845,0.0419281703903675
20,20,KNN,brute,11,uncalibrated,0.0386,0.00175134885760921,0.00174941599930822
20,20,KNN,brute,11,uncalibrated,0.039,0,0
20,20,KNN,brute,11,uncalibrated,0.0394,0,0
20,20,KNN,brute,11,uncalibrated,0.0398,0,0
20,20,KNN,brute,11,uncalibrated,0.0402,0,0
20,20,KNN,brute,11,uncalibrated,0.041,0,0
20,20,KNN,brute,13,uncalibrated,0.036,0,0
20,20,KNN,brute,13,uncalibrated,0.0366,0,0
20,20,KNN,brute,13,uncalibrated,0.037,0,0
20,20,KNN,brute,13,uncalibrated,0.0374,0,0
20,20,KNN,brute,13,uncalibrated,0.0378,0.0527093598058985,0.0237066297965648
20,20,KNN,brute,13,uncalibrated,0.0382,0.174254900843617,0.0415352005786722
20,20,KNN,brute,13,uncalibrated,0.0386,0.00169449230327695,0.00169265237085568
20,20,KNN,brute,13,uncalibrated,0.039,0,0
20,20,KNN,brute,13,uncalibrated,0.0394,0,0
20,20,KNN,brute,13,uncalibrated,0.0398,0,0
20,20,KNN,brute,13,uncalibrated,0.0402,0,0
20,20,KNN,brute,13,uncalibrated,0.041,0,0
20,20,KNN,brute,15,uncalibrated,0.036,0,0
20,20,KNN,brute,15,uncalibrated,0.0366,0,0
20,20,KNN,brute,15,uncalibrated,0.037,0,0
20,20,KNN,brute,15,uncalibrated,0.0374,0,0
20,20,KNN,brute,15,uncalibrated,0.0378,0.0530001502899301,0.0236288094994974
20,20,KNN,brute,15,uncalibrated,0.0382,0.171327959168253,0.0412425295034514
20,20,KNN,brute,15,uncalibrated,0.0386,0.00165457756727527,0.00165280578049907
20,20,KNN,brute,15,uncalibrated,0.039,0,0
20,20,KNN,brute,15,uncalibrated,0.0394,0,0
20,20,KNN,brute,15,uncalibrated,0.0398,0,0
20,20,KNN,brute,15,uncalibrated,0.0402,0,0
20,20,KNN,brute,15,uncalibrated,0.041,0,0
20,20,KNN,brute,17,uncalibrated,0.036,0,0
20,20,KNN,brute,17,uncalibrated,0.0366,0,0
20,20,KNN,brute,17,uncalibrated,0.037,0,0
20,20,KNN,brute,17,uncalibrated,0.0374,0,0
20,20,KNN,brute,17,uncalibrated,0.0378,0.0532032066791616,0.023588160587518
20,20,KNN,brute,17,uncalibrated,0.0382,0.169231737239594,0.0408743507776799
20,20,KNN,brute,17,uncalibrated,0.0386,0.00171623341604041,0.00171435740651281
20,20,KNN,brute,17,uncalibrated,0.039,0,0
20,20,KNN,brute,17,uncalibrated,0.0394,0,0
20,20,KNN,brute,17,uncalibrated,0.0398,0,0
20,20,KNN,brute,17,uncalibrated,0.0402,0,0
20,20,KNN,brute,17,uncalibrated,0.041,0,0
20,20,KNN,brute,19,uncalibrated,0.036,0,0
20,20,KNN,brute,19,uncalibrated,0.0366,0,0
20,20,KNN,brute,19,uncalibrated,0.037,0,0
20,20,KNN,brute,19,uncalibrated,0.0374,0,0
20,20,KNN,brute,19,uncalibrated,0.0378,0.0535658924706187,0.0236703500431363
20,20,KNN,brute,19,uncalibrated,0.0382,0.167277652331034,0.0407415650730853
20,20,KNN,brute,19,uncalibrated,0.0386,0.00160239821912238,0.00160071968428188
20,20,KNN,brute,19,uncalibrated,0.039,0,0
20,20,KNN,brute,19,uncalibrated,0.0394,0,0
20,20,KNN,brute,19,uncalibrated,0.0398,0,0
20,20,KNN,brute,19,uncalibrated,0.0402,0,0
20,20,KNN,brute,19,uncalibrated,0.041,0,0
20,20,KNN,brute,21,uncalibrated,0.036,0,0
20,20,KNN,brute,21,uncalibrated,0.0366,0,0
20,20,KNN,brute,21,uncalibrated,0.037,0,0
20,20,KNN,brute,21,uncalibrated,0.0374,0,0
20,20,KNN,brute,21,uncalibrated,0.0378,0.0539784374812602,0.0237184741333111
20,20,KNN,brute,21,uncalibrated,0.0382,0.166248250515061,0.0408147085925116
20,20,KNN,brute,21,uncalibrated,0.0386,0.00151950988650539,0.00151799121212596
20,20,KNN,brute,21,uncalibrated,0.039,0,0
20,20,KNN,brute,21,uncalibrated,0.0394,0,0
20,20,KNN,brute,21,uncalibrated,0.0398,0,0
20,20,KNN,brute,21,uncalibrated,0.0402,0,0
20,20,KNN,brute,21,uncalibrated,0.041,0,0
20,20,KNN,brute,23,uncalibrated,0.036,0,0
20,20,KNN,brute,23,uncalibrated,0.0366,0,0
20,20,KNN,brute,23,uncalibrated,0.037,0,0
20,20,KNN,brute,23,uncalibrated,0.0374,0,0
20,20,KNN,brute,23,uncalibrated,0.0378,0.0544691512774621,0.0239132525212724
20,20,KNN,brute,23,uncalibrated,0.0382,0.16527724638482,0.0407194674737674
20,20,KNN,brute,23,uncalibrated,0.0386,0.0015114229113401,0.00150992074429084
20,20,KNN,brute,23,uncalibrated,0.039,0,0
20,20,KNN,brute,23,uncalibrated,0.0394,0,0
20,20,KNN,brute,23,uncalibrated,0.0398,0,0
20,20,KNN,brute,23,uncalibrated,0.0402,0,0
20,20,KNN,brute,23,uncalibrated,0.041,0,0
20,20,KNN,brute,25,uncalibrated,0.036,0,0
20,20,KNN,brute,25,uncalibrated,0.0366,0,0
20,20,KNN,brute,25,uncalibrated,0.037,0,0
20,20,KNN,brute,25,uncalibrated,0.0374,0,0
20,20,KNN,brute,25,uncalibrated,0.0378,0.0549198078003363,0.0240222831724402
20,20,KNN,brute,25,uncalibrated,0.0382,0.164331150837887,0.0405240376031109
20,20,KNN,brute,25,uncalibrated,0.0386,0.00145521349598355,0.00145383150229825
20,20,KNN,brute,25,uncalibrated,0.039,0,0
20,20,KNN,brute,25,uncalibrated,0.0394,0,0
20,20,KNN,brute,25,uncalibrated,0.0398,0,0
20,20,KNN,brute,25,uncalibrated,0.0402,0,0
20,20,KNN,brute,25,uncalibrated,0.041,0,0
20,20,KNN,brute,27,uncalibrated,0.036,0,0
20,20,KNN,brute,27,uncalibrated,0.0366,0,0
20,20,KNN,brute,27,uncalibrated,0.037,0,0
20,20,KNN,brute,27,uncalibrated,0.0374,0,0
20,20,KNN,brute,27,uncalibrated,0.0378,0.0551670807824338,0.0240574221622987
20,20,KNN,brute,27,uncalibrated,0.0382,0.163166123918582,0.0403924499976155
20,20,KNN,brute,27,uncalibrated,0.0386,0.00141259746228166,0.00141117201242688
20,20,KNN,brute,27,uncalibrated,0.039,0,0
20,20,KNN,brute,27,uncalibrated,0.0394,0,0
20,20,KNN,brute,27,uncalibrated,0.0398,0,0
20,20,KNN,brute,27,uncalibrated,0.0402,0,0
20,20,KNN,brute,27,uncalibrated,0.041,0,0
20,20,KNN,brute,29,uncalibrated,0.036,0,0
20,20,KNN,brute,29,uncalibrated,0.0366,0,0
20,20,KNN,brute,29,uncalibrated,0.037,0,0
20,20,KNN,brute,29,uncalibrated,0.0374,0,0
20,20,KNN,brute,29,uncalibrated,0.0378,0.055319768401671,0.0241423133185702
20,20,KNN,brute,29,uncalibrated,0.0382,0.162112183865648,0.0403165847553123
20,20,KNN,brute,29,uncalibrated,0.0386,0.00145329807425136,0.00145178436581063
20,20,KNN,brute,29,uncalibrated,0.039,0,0
20,20,KNN,brute,29,uncalibrated,0.0394,0,0
20,20,KNN,brute,29,uncalibrated,0.0398,0,0
20,20,KNN,brute,29,uncalibrated,0.0402,0,0
20,20,KNN,brute,29,uncalibrated,0.041,0,0
20,20,KNN,brute,31,uncalibrated,0.036,0,0
20,20,KNN,brute,31,uncalibrated,0.0366,0,0
20,20,KNN,brute,31,uncalibrated,0.037,0,0
20,20,KNN,brute,31,uncalibrated,0.0374,0,0
20,20,KNN,brute,31,uncalibrated,0.0378,0.0556282171843699,0.0241859977143798
20,20,KNN,brute,31,uncalibrated,0.0382,0.161713710572152,0.0403942860406982
20,20,KNN,brute,31,uncalibrated,0.0386,0.00145181129708145,0.0014503096109949
20,20,KNN,brute,31,uncalibrated,0.039,0,0
20,20,KNN,brute,31,uncalibrated,0.0394,0,0
20,20,KNN,brute,31,uncalibrated,0.0398,0,0
20,20,KNN,brute,31,uncalibrated,0.0402,0,0
20,20,KNN,brute,31,uncalibrated,0.041,0,0
20,20,KNN,brute,33,uncalibrated,0.036,0,0
20,20,KNN,brute,33,uncalibrated,0.0366,0,0
20,20,KNN,brute,33,uncalibrated,0.037,0,0
20,20,KNN,brute,33,uncalibrated,0.0374,0,0
20,20,KNN,brute,33,uncalibrated,0.0378,0.0561043268506137,0.0243177074750596
20,20,KNN,brute,33,uncalibrated,0.0382,0.160857752851428,0.0403000845209437
20,20,KNN,brute,33,uncalibrated,0.0386,0.00141685696532684,0.00141532678583854
20,20,KNN,brute,33,uncalibrated,0.039,0,0
20,20,KNN,brute,33,uncalibrated,0.0394,0,0
20,20,KNN,brute,33,uncalibrated,0.0398,0,0
20,20,KNN,brute,33,uncalibrated,0.0402,0,0
20,20,KNN,brute,33,uncalibrated,0.041,0,0
20,20,KNN,brute,35,uncalibrated,0.036,0,0
20,20,KNN,brute,35,uncalibrated,0.0366,0,0
20,20,KNN,brute,35,uncalibrated,0.037,0,0
20,20,KNN,brute,35,uncalibrated,0.0374,0,0
20,20,KNN,brute,35,uncalibrated,0.0378,0.0563859522721657,0.0243846527052691
20,20,KNN,brute,35,uncalibrated,0.0382,0.160001974104564,0.0403186890009591
20,20,KNN,brute,35,uncalibrated,0.0386,0.00138672815956432,0.00138528975797333
20,20,KNN,brute,35,uncalibrated,0.039,0,0
20,20,KNN,brute,35,uncalibrated,0.0394,0,0
20,20,KNN,brute,35,uncalibrated,0.0398,0,0
20,20,KNN,brute,35,uncalibrated,0.0402,0,0
20,20,KNN,brute,35,uncalibrated,0.041,0,0
20,20,KNN,brute,37,uncalibrated,0.036,0,0
20,20,KNN,brute,37,uncalibrated,0.0366,0,0
20,20,KNN,brute,37,uncalibrated,0.037,0,0
20,20,KNN,brute,37,uncalibrated,0.0374,0,0
20,20,KNN,brute,37,uncalibrated,0.0378,0.0564425947994801,0.0243786565551292
20,20,KNN,brute,37,uncalibrated,0.0382,0.159099989028322,0.0401505337185083
20,20,KNN,brute,37,uncalibrated,0.0386,0.00136135175943711,0.0013599947700765
20,20,KNN,brute,37,uncalibrated,0.039,0,0
20,20,KNN,brute,37,uncalibrated,0.0394,0,0
20,20,KNN,brute,37,uncalibrated,0.0398,0,0
20,20,KNN,brute,37,uncalibrated,0.0402,0,0
20,20,KNN,brute,37,uncalibrated,0.041,0,0
20,20,KNN,brute,39,uncalibrated,0.036,0,0
20,20,KNN,brute,39,uncalibrated,0.0366,0,0
20,20,KNN,brute,39,uncalibrated,0.037,0,0
20,20,KNN,brute,39,uncalibrated,0.0374,0,0
20,20,KNN,brute,39,uncalibrated,0.0378,0.056674551269635,0.0245073234736453
20,20,KNN,brute,39,uncalibrated,0.0382,0.158230827998541,0.0401047828751697
20,20,KNN,brute,39,uncalibrated,0.0386,0.00133977838583231,0.00133849410251831
20,20,KNN,brute,39,uncalibrated,0.039,0,0
20,20,KNN,brute,39,uncalibrated,0.0394,0,0
20,20,KNN,brute,39,uncalibrated,0.0398,0,0
20,20,KNN,brute,39,uncalibrated,0.0402,0,0
20,20,KNN,brute,39,uncalibrated,0.041,0,0
20,20,KNN,brute,41,uncalibrated,0.036,0,0
20,20,KNN,brute,41,uncalibrated,0.0366,0,0
20,20,KNN,brute,41,uncalibrated,0.037,0,0
20,20,KNN,brute,41,uncalibrated,0.0374,0,0
20,20,KNN,brute,41,uncalibrated,0.0378,0.0569781197620759,0.0245670224327522
20,20,KNN,brute,41,uncalibrated,0.0382,0.157504424691969,0.0399958649597985
20,20,KNN,brute,41,uncalibrated,0.0386,0.00132128441047645,0.00132006545068663
20,20,KNN,brute,41,uncalibrated,0.039,0,0
20,20,KNN,brute,41,uncalibrated,0.0394,0,0
20,20,KNN,brute,41,uncalibrated,0.0398,0,0
20,20,KNN,brute,41,uncalibrated,0.0402,0,0
20,20,KNN,brute,41,uncalibrated,0.041,0,0
20,20,KNN,brute,43,uncalibrated,0.036,0,0
20,20,KNN,brute,43,uncalibrated,0.0366,0,0
20,20,KNN,brute,43,uncalibrated,0.037,0,0
20,20,KNN,brute,43,uncalibrated,0.0374,0,0
20,20,KNN,brute,43,uncalibrated,0.0378,0.0572986769856166,0.0246363129601066
20,20,KNN,brute,43,uncalibrated,0.0382,0.156785105176431,0.0399705608458918
20,20,KNN,brute,43,uncalibrated,0.0386,0.00130531047385014,0.00130415052366486
20,20,KNN,brute,43,uncalibrated,0.039,0,0
20,20,KNN,brute,43,uncalibrated,0.0394,0,0
20,20,KNN,brute,43,uncalibrated,0.0398,0,0
20,20,KNN,brute,43,uncalibrated,0.0402,0,0
20,20,KNN,brute,43,uncalibrated,0.041,0,0
20,20,KNN,brute,45,uncalibrated,0.036,0,0
20,20,KNN,brute,45,uncalibrated,0.0366,0,0
20,20,KNN,brute,45,uncalibrated,0.037,0,0
20,20,KNN,brute,45,uncalibrated,0.0374,0,0
20,20,KNN,brute,45,uncalibrated,0.0378,0.0576619036608143,0.024714723439073
20,20,KNN,brute,45,uncalibrated,0.0382,0.156061390133314,0.0399860476241719
20,20,KNN,brute,45,uncalibrated,0.0386,0.00129141868704441,0.00129031230463539
20,20,KNN,brute,45,uncalibrated,0.039,0,0
20,20,KNN,brute,45,uncalibrated,0.0394,0,0
20,20,KNN,brute,45,uncalibrated,0.0398,0,0
20,20,KNN,brute,45,uncalibrated,0.0402,0,0
20,20,KNN,brute,45,uncalibrated,0.041,0,0
20,20,KNN,brute,47,uncalibrated,0.036,0,0
20,20,KNN,brute,47,uncalibrated,0.0366,0,0
20,20,KNN,brute,47,uncalibrated,0.037,0,0
20,20,KNN,brute,47,uncalibrated,0.0374,0,0
20,20,KNN,brute,47,uncalibrated,0.0378,0.0578636527470874,0.0247789062091537
20,20,KNN,brute,47,uncalibrated,0.0382,0.155553243262428,0.0400095748261025
20,20,KNN,brute,47,uncalibrated,0.0386,0.00127926229939318,0.00127820476165471
20,20,KNN,brute,47,uncalibrated,0.039,0,0
20,20,KNN,brute,47,uncalibrated,0.0394,0,0
20,20,KNN,brute,47,uncalibrated,0.0398,0,0
20,20,KNN,brute,47,uncalibrated,0.0402,0,0
20,20,KNN,brute,47,uncalibrated,0.041,0,0
20,20,KNN,brute,49,uncalibrated,0.036,0,0
20,20,KNN,brute,49,uncalibrated,0.0366,0,0
20,20,KNN,brute,49,uncalibrated,0.037,0,0
20,20,KNN,brute,49,uncalibrated,0.0374,0,0
20,20,KNN,brute,49,uncalibrated,0.0378,0.0578366214575024,0.0247196772117275
20,20,KNN,brute,49,uncalibrated,0.0382,0.155055840153989,0.0399508570681324
20,20,KNN,brute,49,uncalibrated,0.0386,0.00128430763972388,0.00128323836898733
20,20,KNN,brute,49,uncalibrated,0.039,0,0
20,20,KNN,brute,49,uncalibrated,0.0394,0,0
20,20,KNN,brute,49,uncalibrated,0.0398,0,0
20,20,KNN,brute,49,uncalibrated,0.0402,0,0
20,20,KNN,brute,49,uncalibrated,0.041,0,0
20,20,KNN,brute,51,uncalibrated,0.036,0,0
20,20,KNN,brute,51,uncalibrated,0.0366,0,0
20,20,KNN,brute,51,uncalibrated,0.037,0,0
20,20,KNN,brute,51,uncalibrated,0.0374,0,0
20,20,KNN,brute,51,uncalibrated,0.0378,0.0580632385721558,0.0247356548297225
20,20,KNN,brute,51,uncalibrated,0.0382,0.154518975790952,0.039832463834912
20,20,KNN,brute,51,uncalibrated,0.0386,0.00128904637927512,0.00128796634546762
20,20,KNN,brute,51,uncalibrated,0.039,0,0
20,20,KNN,brute,51,uncalibrated,0.0394,0,0
20,20,KNN,brute,51,uncalibrated,0.0398,0,0
20,20,KNN,brute,51,uncalibrated,0.0402,0,0
20,20,KNN,brute,51,uncalibrated,0.041,0,0
20,20,KNN,brute,61,uncalibrated,0.036,0,0
20,20,KNN,brute,61,uncalibrated,0.0366,0,0
20,20,KNN,brute,61,uncalibrated,0.037,0,0
20,20,KNN,brute,61,uncalibrated,0.0374,0,0
20,20,KNN,brute,61,uncalibrated,0.0378,0.058829159037071,0.0248261262724284
20,20,KNN,brute,61,uncalibrated,0.0382,0.152832357986532,0.0399051662090506
20,20,KNN,brute,61,uncalibrated,0.0386,0.00128369718163757,0.00128254511549804
20,20,KNN,brute,61,uncalibrated,0.039,0,0
20,20,KNN,brute,61,uncalibrated,0.0394,0,0
20,20,KNN,brute,61,uncalibrated,0.0398,0,0
20,20,KNN,brute,61,uncalibrated,0.0402,0,0
20,20,KNN,brute,61,uncalibrated,0.041,0,0
20,20,KNN,brute,81,uncalibrated,0.036,0,0
20,20,KNN,brute,81,uncalibrated,0.0366,0,0
20,20,KNN,brute,81,uncalibrated,0.037,0,0
20,20,KNN,brute,81,uncalibrated,0.0374,0,0
20,20,KNN,brute,81,uncalibrated,0.0378,0.0601955388776825,0.0249988111836527
20,20,KNN,brute,81,uncalibrated,0.0382,0.14980266974201,0.039816538998715
20,20,KNN,brute,81,uncalibrated,0.0386,0.00124918216005265,0.00124813585798526
20,20,KNN,brute,81,uncalibrated,0.039,0,0
20,20,KNN,brute,81,uncalibrated,0.0394,0,0
20,20,KNN,brute,81,uncalibrated,0.0398,0,0
20,20,KNN,brute,81,uncalibrated,0.0402,0,0
20,20,KNN,brute,81,uncalibrated,0.041,0,0
20,20,KNN,brute,101,uncalibrated,0.036,0,0
20,20,KNN,brute,101,uncalibrated,0.0366,0,0
20,20,KNN,brute,101,uncalibrated,0.037,0,0
20,20,KNN,brute,101,uncalibrated,0.0374,0,0
20,20,KNN,brute,101,uncalibrated,0.0378,0.0612747378540801,0.0252151844898914
20,20,KNN,brute,101,uncalibrated,0.0382,0.14709969832599,0.0395230374503809
20,20,KNN,brute,101,uncalibrated,0.0386,0.00119780387222252,0.00119681932430173
20,20,KNN,brute,101,uncalibrated,0.039,0,0
20,20,KNN,brute,101,uncalibrated,0.0394,0,0
20,20,KNN,brute,101,uncalibrated,0.0398,0,0
20,20,KNN,brute,101,uncalibrated,0.0402,0,0
20,20,KNN,brute,101,uncalibrated,0.041,0,0
20,20,KNN,brute,151,uncalibrated,0.036,0,0
20,20,KNN,brute,151,uncalibrated,0.0366,0,0
20,20,KNN,brute,151,uncalibrated,0.037,0,0
20,20,KNN,brute,151,uncalibrated,0.0374,0,0
20,20,KNN,brute,151,uncalibrated,0.0378,0.0633573407083604,0.0254656684658178
20,20,KNN,brute,151,uncalibrated,0.0382,0.142388142421404,0.0391245889799175
20,20,KNN,brute,151,uncalibrated,0.0386,0.00115321296997247,0.00115237991703022
20,20,KNN,brute,151,uncalibrated,0.039,0,0
20,20,KNN,brute,151,uncalibrated,0.0394,0,0
20,20,KNN,brute,151,uncalibrated,0.0398,0,0
20,20,KNN,brute,151,uncalibrated,0.0402,0,0
20,20,KNN,brute,151,uncalibrated,0.041,0,0
20,20,KNN,brute,201,uncalibrated,0.036,0,0
20,20,KNN,brute,201,uncalibrated,0.0366,0,0
20,20,KNN,brute,201,uncalibrated,0.037,0,0
20,20,KNN,brute,201,uncalibrated,0.0374,0,0
20,20,KNN,brute,201,uncalibrated,0.0378,0.0648156098374283,0.0255234339914513
20,20,KNN,brute,201,uncalibrated,0.0382,0.139855965827118,0.0389687350200531
20,20,KNN,brute,201,uncalibrated,0.0386,0.00111556419993692,0.00111480263553855
20,20,KNN,brute,201,uncalibrated,0.039,0,0
20,20,KNN,brute,201,uncalibrated,0.0394,0,0
20,20,KNN,brute,201,uncalibrated,0.0398,0,0
20,20,KNN,brute,201,uncalibrated,0.0402,0,0
20,20,KNN,brute,201,uncalibrated,0.041,0,0
12,12,KNN,auto,1,uncalibrated,0.036,0,0
12,12,KNN,auto,1,uncalibrated,0.0366,0,0
12,12,KNN,auto,1,uncalibrated,0.037,0,0
12,12,KNN,auto,1,uncalibrated,0.0374,0,0
12,12,KNN,auto,1,uncalibrated,0.0378,0.136283224008415,0.034201986580446
12,12,KNN,auto,1,uncalibrated,0.0382,0.105930875956048,0.0404513388418261
12,12,KNN,auto,1,uncalibrated,0.0386,0,0
12,12,KNN,auto,1,uncalibrated,0.039,0,0
12,12,KNN,auto,1,uncalibrated,0.0394,0,0
12,12,KNN,auto,1,uncalibrated,0.0398,0,0
12,12,KNN,auto,1,uncalibrated,0.0402,0,0
12,12,KNN,auto,1,uncalibrated,0.041,0,0
12,12,KNN,auto,3,uncalibrated,0.036,0,0
12,12,KNN,auto,3,uncalibrated,0.0366,0,0
12,12,KNN,auto,3,uncalibrated,0.037,0,0
12,12,KNN,auto,3,uncalibrated,0.0374,0,0
12,12,KNN,auto,3,uncalibrated,0.0378,0.12705476068946,0.0318557111534083
12,12,KNN,auto,3,uncalibrated,0.0382,0.101891559751972,0.038735961573146
12,12,KNN,auto,3,uncalibrated,0.0386,0,0
12,12,KNN,auto,3,uncalibrated,0.039,0,0
12,12,KNN,auto,3,uncalibrated,0.0394,0,0
12,12,KNN,auto,3,uncalibrated,0.0398,0,0
12,12,KNN,auto,3,uncalibrated,0.0402,0,0
12,12,KNN,auto,3,uncalibrated,0.041,0,0
12,12,KNN,auto,5,uncalibrated,0.036,0,0
12,12,KNN,auto,5,uncalibrated,0.0366,0,0
12,12,KNN,auto,5,uncalibrated,0.037,0,0
12,12,KNN,auto,5,uncalibrated,0.0374,4.23728813559314E-05,4.23728813559322E-05
12,12,KNN,auto,5,uncalibrated,0.0378,0.124117648949948,0.0309368783525082
12,12,KNN,auto,5,uncalibrated,0.0382,0.100385802095001,0.0380345234607471
12,12,KNN,auto,5,uncalibrated,0.0386,0,0
12,12,KNN,auto,5,uncalibrated,0.039,0,0
12,12,KNN,auto,5,uncalibrated,0.0394,0,0
12,12,KNN,auto,5,uncalibrated,0.0398,0,0
12,12,KNN,auto,5,uncalibrated,0.0402,0,0
12,12,KNN,auto,5,uncalibrated,0.041,0,0
12,12,KNN,auto,7,uncalibrated,0.036,0,0
12,12,KNN,auto,7,uncalibrated,0.0366,0,0
12,12,KNN,auto,7,uncalibrated,0.037,0,0
12,12,KNN,auto,7,uncalibrated,0.0374,8.64752680733318E-05,8.6475268073331E-05
12,12,KNN,auto,7,uncalibrated,0.0378,0.122246945021261,0.0304708997686052
12,12,KNN,auto,7,uncalibrated,0.0382,0.0979298711685113,0.037720477732033
12,12,KNN,auto,7,uncalibrated,0.0386,2.33770484138686E-05,2.33770484138673E-05
12,12,KNN,auto,7,uncalibrated,0.039,0,0
12,12,KNN,auto,7,uncalibrated,0.0394,0,0
12,12,KNN,auto,7,uncalibrated,0.0398,0,0
12,12,KNN,auto,7,uncalibrated,0.0402,0,0
12,12,KNN,auto,7,uncalibrated,0.041,0,0
12,12,KNN,auto,9,uncalibrated,0.036,0,0
12,12,KNN,auto,9,uncalibrated,0.0366,0,0
12,12,KNN,auto,9,uncalibrated,0.037,0,0
12,12,KNN,auto,9,uncalibrated,0.0374,0.00011770244821092,0.000117702448210923
12,12,KNN,auto,9,uncalibrated,0.0378,0.122575226122376,0.0304488805661072
12,12,KNN,auto,9,uncalibrated,0.0382,0.0965919988412291,0.0372215087142502
12,12,KNN,auto,9,uncalibrated,0.0386,1.41416712627097E-05,1.41416712627098E-05
12,12,KNN,auto,9,uncalibrated,0.039,0,0
12,12,KNN,auto,9,uncalibrated,0.0394,0,0
12,12,KNN,auto,9,uncalibrated,0.0398,0,0
12,12,KNN,auto,9,uncalibrated,0.0402,0,0
12,12,KNN,auto,9,uncalibrated,0.041,0,0
12,12,KNN,auto,11,uncalibrated,0.036,0,0
12,12,KNN,auto,11,uncalibrated,0.0366,0,0
12,12,KNN,auto,11,uncalibrated,0.037,0,0
12,12,KNN,auto,11,uncalibrated,0.0374,0.000218868188821961,0.000218868188821964
12,12,KNN,auto,11,uncalibrated,0.0378,0.122441176728855,0.0303173795384921
12,12,KNN,auto,11,uncalibrated,0.0382,0.0950410275434198,0.0367208583251451
12,12,KNN,auto,11,uncalibrated,0.0386,3.78669544555212E-05,3.78669544555205E-05
12,12,KNN,auto,11,uncalibrated,0.039,0,0
12,12,KNN,auto,11,uncalibrated,0.0394,0,0
12,12,KNN,auto,11,uncalibrated,0.0398,0,0
12,12,KNN,auto,11,uncalibrated,0.0402,0,0
12,12,KNN,auto,11,uncalibrated,0.041,0,0
12,12,KNN,auto,13,uncalibrated,0.036,0,0
12,12,KNN,auto,13,uncalibrated,0.0366,0,0
12,12,KNN,auto,13,uncalibrated,0.037,0,0
12,12,KNN,auto,13,uncalibrated,0.0374,0.000168980983507271,0.000162669622263166
12,12,KNN,auto,13,uncalibrated,0.0378,0.122066666833985,0.0301729379011081
12,12,KNN,auto,13,uncalibrated,0.0382,0.093682449202076,0.0363254776620813
12,12,KNN,auto,13,uncalibrated,0.0386,2.71118431308779E-05,2.71118431308756E-05
12,12,KNN,auto,13,uncalibrated,0.039,0,0
12,12,KNN,auto,13,uncalibrated,0.0394,0,0
12,12,KNN,auto,13,uncalibrated,0.0398,0,0
12,12,KNN,auto,13,uncalibrated,0.0402,0,0
12,12,KNN,auto,13,uncalibrated,0.041,0,0
12,12,KNN,auto,15,uncalibrated,0.036,0,0
12,12,KNN,auto,15,uncalibrated,0.0366,0,0
12,12,KNN,auto,15,uncalibrated,0.037,0,0
12,12,KNN,auto,15,uncalibrated,0.0374,0.000195751682256856,0.000195376663212921
12,12,KNN,auto,15,uncalibrated,0.0378,0.122049524787837,0.0300142289677645
12,12,KNN,auto,15,uncalibrated,0.0382,0.0923260734316824,0.0361895704043715
12,12,KNN,auto,15,uncalibrated,0.0386,4.58190148911857E-05,4.58190148911798E-05
12,12,KNN,auto,15,uncalibrated,0.039,0,0
12,12,KNN,auto,15,uncalibrated,0.0394,0,0
12,12,KNN,auto,15,uncalibrated,0.0398,0,0
12,12,KNN,auto,15,uncalibrated,0.0402,0,0
12,12,KNN,auto,15,uncalibrated,0.041,0,0
12,12,KNN,auto,17,uncalibrated,0.036,0,0
12,12,KNN,auto,17,uncalibrated,0.0366,0,0
12,12,KNN,auto,17,uncalibrated,0.037,0,0
12,12,KNN,auto,17,uncalibrated,0.0374,0.000249384708194881,0.000249009318395587
12,12,KNN,auto,17,uncalibrated,0.0378,0.123021757496175,0.0300426355766325
12,12,KNN,auto,17,uncalibrated,0.0382,0.0916838241169282,0.036026716150972
12,12,KNN,auto,17,uncalibrated,0.0386,6.34173216486905E-05,6.34173216486919E-05
12,12,KNN,auto,17,uncalibrated,0.039,0,0
12,12,KNN,auto,17,uncalibrated,0.0394,0,0
12,12,KNN,auto,17,uncalibrated,0.0398,0,0
12,12,KNN,auto,17,uncalibrated,0.0402,0,0
12,12,KNN,auto,17,uncalibrated,0.041,0,0
12,12,KNN,auto,19,uncalibrated,0.036,0,0
12,12,KNN,auto,19,uncalibrated,0.0366,0,0
12,12,KNN,auto,19,uncalibrated,0.037,0,0
12,12,KNN,auto,19,uncalibrated,0.0374,0.000260747566187144,0.000248991262360029
12,12,KNN,auto,19,uncalibrated,0.0378,0.123378831571445,0.0300325878754915
12,12,KNN,auto,19,uncalibrated,0.0382,0.0909168708570509,0.0358176922938043
12,12,KNN,auto,19,uncalibrated,0.0386,5.07689915691678E-05,5.07689915691743E-05
12,12,KNN,auto,19,uncalibrated,0.039,0,0
12,12,KNN,auto,19,uncalibrated,0.0394,0,0
12,12,KNN,auto,19,uncalibrated,0.0398,0,0
12,12,KNN,auto,19,uncalibrated,0.0402,0,0
12,12,KNN,auto,19,uncalibrated,0.041,0,0
12,12,KNN,auto,21,uncalibrated,0.036,0,0
12,12,KNN,auto,21,uncalibrated,0.0366,0,0
12,12,KNN,auto,21,uncalibrated,0.037,0,0
12,12,KNN,auto,21,uncalibrated,0.0374,0.000315508765037014,0.000314996257232801
12,12,KNN,auto,21,uncalibrated,0.0378,0.1233852235439,0.0299742941892959
12,12,KNN,auto,21,uncalibrated,0.0382,0.0900221664141972,0.0354954805932487
12,12,KNN,auto,21,uncalibrated,0.0386,4.15591971802144E-05,4.15591971802084E-05
12,12,KNN,auto,21,uncalibrated,0.039,0,0
12,12,KNN,auto,21,uncalibrated,0.0394,0,0
12,12,KNN,auto,21,uncalibrated,0.0398,0,0
12,12,KNN,auto,21,uncalibrated,0.0402,0,0
12,12,KNN,auto,21,uncalibrated,0.041,0,0
12,12,KNN,auto,23,uncalibrated,0.036,0,0
12,12,KNN,auto,23,uncalibrated,0.0366,0,0
12,12,KNN,auto,23,uncalibrated,0.037,0,0
12,12,KNN,auto,23,uncalibrated,0.0374,0.000333036888527734,0.00033239885990856
12,12,KNN,auto,23,uncalibrated,0.0378,0.123408553137057,0.0298647214210203
12,12,KNN,auto,23,uncalibrated,0.0382,0.0892202819370611,0.0354184935275549
12,12,KNN,auto,23,uncalibrated,0.0386,5.41339967996007E-05,5.41339967995981E-05
12,12,KNN,auto,23,uncalibrated,0.039,0,0
12,12,KNN,auto,23,uncalibrated,0.0394,0,0
12,12,KNN,auto,23,uncalibrated,0.0398,0,0
12,12,KNN,auto,23,uncalibrated,0.0402,0,0
12,12,KNN,auto,23,uncalibrated,0.041,0,0
12,12,KNN,auto,25,uncalibrated,0.036,0,0
12,12,KNN,auto,25,uncalibrated,0.0366,0,0
12,12,KNN,auto,25,uncalibrated,0.037,0,0
12,12,KNN,auto,25,uncalibrated,0.0374,0.00039399479036648,0.000393199214251846
12,12,KNN,auto,25,uncalibrated,0.0378,0.124280004332277,0.0298757116123246
12,12,KNN,auto,25,uncalibrated,0.0382,0.0887772017399552,0.0353888145211
12,12,KNN,auto,25,uncalibrated,0.0386,4.58190148911857E-05,4.58190148911798E-05
12,12,KNN,auto,25,uncalibrated,0.039,0,0
12,12,KNN,auto,25,uncalibrated,0.0394,0,0
12,12,KNN,auto,25,uncalibrated,0.0398,0,0
12,12,KNN,auto,25,uncalibrated,0.0402,0,0
12,12,KNN,auto,25,uncalibrated,0.041,0,0
12,12,KNN,auto,27,uncalibrated,0.036,0,0
12,12,KNN,auto,27,uncalibrated,0.0366,0,0
12,12,KNN,auto,27,uncalibrated,0.037,0,0
12,12,KNN,auto,27,uncalibrated,0.0374,0.000367995725167364,0.000367152428375445
12,12,KNN,auto,27,uncalibrated,0.0378,0.124784261503794,0.0297715375787643
12,12,KNN,auto,27,uncalibrated,0.0382,0.0883810179520298,0.0353149301726043
12,12,KNN,auto,27,uncalibrated,0.0386,3.92824201741992E-05,3.92824201741939E-05
12,12,KNN,auto,27,uncalibrated,0.039,0,0
12,12,KNN,auto,27,uncalibrated,0.0394,0,0
12,12,KNN,auto,27,uncalibrated,0.0398,0,0
12,12,KNN,auto,27,uncalibrated,0.0402,0,0
12,12,KNN,auto,27,uncalibrated,0.041,0,0
12,12,KNN,auto,29,uncalibrated,0.036,0,0
12,12,KNN,auto,29,uncalibrated,0.0366,0,0
12,12,KNN,auto,29,uncalibrated,0.037,0,0
12,12,KNN,auto,29,uncalibrated,0.0374,0.000353505289981912,0.000352731299599064
12,12,KNN,auto,29,uncalibrated,0.0378,0.125510365171295,0.0298085238572427
12,12,KNN,auto,29,uncalibrated,0.0382,0.0877589416325013,0.0350860755321298
12,12,KNN,auto,29,uncalibrated,0.0386,3.40509920416028E-05,3.40509920416022E-05
12,12,KNN,auto,29,uncalibrated,0.039,0,0
12,12,KNN,auto,29,uncalibrated,0.0394,0,0
12,12,KNN,auto,29,uncalibrated,0.0398,0,0
12,12,KNN,auto,29,uncalibrated,0.0402,0,0
12,12,KNN,auto,29,uncalibrated,0.041,0,0
12,12,KNN,auto,31,uncalibrated,0.036,0,0
12,12,KNN,auto,31,uncalibrated,0.0366,0,0
12,12,KNN,auto,31,uncalibrated,0.037,0,0
12,12,KNN,auto,31,uncalibrated,0.0374,0.00040310952460022,0.000402209537430524
12,12,KNN,auto,31,uncalibrated,0.0378,0.126265015535075,0.0299082640407117
12,12,KNN,auto,31,uncalibrated,0.0382,0.0873256726701007,0.0348581877484275
12,12,KNN,auto,31,uncalibrated,0.0386,2.97990471456652E-05,2.97990471456685E-05
12,12,KNN,auto,31,uncalibrated,0.039,0,0
12,12,KNN,auto,31,uncalibrated,0.0394,0,0
12,12,KNN,auto,31,uncalibrated,0.0398,0,0
12,12,KNN,auto,31,uncalibrated,0.0402,0,0
12,12,KNN,auto,31,uncalibrated,0.041,0,0
12,12,KNN,auto,33,uncalibrated,0.036,0,0
12,12,KNN,auto,33,uncalibrated,0.0366,0,0
12,12,KNN,auto,33,uncalibrated,0.037,0,0
12,12,KNN,auto,33,uncalibrated,0.0374,0.000431102488273715,0.000430056464080919
12,12,KNN,auto,33,uncalibrated,0.0378,0.126972273237112,0.0299778784598053
12,12,KNN,auto,33,uncalibrated,0.0382,0.0867889909270765,0.034803245705981
12,12,KNN,auto,33,uncalibrated,0.0386,3.78669544555212E-05,3.78669544555205E-05
12,12,KNN,auto,33,uncalibrated,0.039,0,0
12,12,KNN,auto,33,uncalibrated,0.0394,0,0
12,12,KNN,auto,33,uncalibrated,0.0398,0,0
12,12,KNN,auto,33,uncalibrated,0.0402,0,0
12,12,KNN,auto,33,uncalibrated,0.041,0,0
12,12,KNN,auto,35,uncalibrated,0.036,0,0
12,12,KNN,auto,35,uncalibrated,0.0366,0,0
12,12,KNN,auto,35,uncalibrated,0.037,0,0
12,12,KNN,auto,35,uncalibrated,0.0374,0.000474761632135456,0.000473605414529153
12,12,KNN,auto,35,uncalibrated,0.0378,0.127532280875441,0.0300349099127744
12,12,KNN,auto,35,uncalibrated,0.0382,0.0863976367587875,0.0347726340561009
12,12,KNN,auto,35,uncalibrated,0.0386,3.36629497159675E-05,3.36629497159689E-05
12,12,KNN,auto,35,uncalibrated,0.039,0,0
12,12,KNN,auto,35,uncalibrated,0.0394,0,0
12,12,KNN,auto,35,uncalibrated,0.0398,0,0
12,12,KNN,auto,35,uncalibrated,0.0402,0,0
12,12,KNN,auto,35,uncalibrated,0.041,0,0
12,12,KNN,auto,37,uncalibrated,0.036,0,0
12,12,KNN,auto,37,uncalibrated,0.0366,0,0
12,12,KNN,auto,37,uncalibrated,0.037,0,0
12,12,KNN,auto,37,uncalibrated,0.0374,0.000530846275929153,0.000529514504371296
12,12,KNN,auto,37,uncalibrated,0.0378,0.128204492758186,0.0300960520639654
12,12,KNN,auto,37,uncalibrated,0.0382,0.0860495200969264,0.0346728747089484
12,12,KNN,auto,37,uncalibrated,0.0386,3.01220696874066E-05,3.01220696874082E-05
12,12,KNN,auto,37,uncalibrated,0.039,0,0
12,12,KNN,auto,37,uncalibrated,0.0394,0,0
12,12,KNN,auto,37,uncalibrated,0.0398,0,0
12,12,KNN,auto,37,uncalibrated,0.0402,0,0
12,12,KNN,auto,37,uncalibrated,0.041,0,0
12,12,KNN,auto,39,uncalibrated,0.036,0,0
12,12,KNN,auto,39,uncalibrated,0.0366,0,0
12,12,KNN,auto,39,uncalibrated,0.037,0,0
12,12,KNN,auto,39,uncalibrated,0.0374,0.00050741200733493,0.000506169736938968
12,12,KNN,auto,39,uncalibrated,0.0378,0.128682342360725,0.0301000171603966
12,12,KNN,auto,39,uncalibrated,0.0382,0.0856296922775636,0.0346371165747295
12,12,KNN,auto,39,uncalibrated,0.0386,2.71118431308779E-05,2.71118431308756E-05
12,12,KNN,auto,39,uncalibrated,0.039,0,0
12,12,KNN,auto,39,uncalibrated,0.0394,0,0
12,12,KNN,auto,39,uncalibrated,0.0398,0,0
12,12,KNN,auto,39,uncalibrated,0.0402,0,0
12,12,KNN,auto,39,uncalibrated,0.041,0,0
12,12,KNN,auto,41,uncalibrated,0.036,0,0
12,12,KNN,auto,41,uncalibrated,0.0366,0,0
12,12,KNN,auto,41,uncalibrated,0.037,0,0
12,12,KNN,auto,41,uncalibrated,0.0374,0.000487103376899376,0.00048593990796314
12,12,KNN,auto,41,uncalibrated,0.0378,0.129261020146214,0.0300695453708793
12,12,KNN,auto,41,uncalibrated,0.0382,0.0852221239217783,0.0347151378570885
12,12,KNN,auto,41,uncalibrated,0.0386,2.4531298870945E-05,2.4531298870947E-05
12,12,KNN,auto,41,uncalibrated,0.039,0,0
12,12,KNN,auto,41,uncalibrated,0.0394,0,0
12,12,KNN,auto,41,uncalibrated,0.0398,0,0
12,12,KNN,auto,41,uncalibrated,0.0402,0,0
12,12,KNN,auto,41,uncalibrated,0.041,0,0
12,12,KNN,auto,43,uncalibrated,0.036,0,0
12,12,KNN,auto,43,uncalibrated,0.0366,0,0
12,12,KNN,auto,43,uncalibrated,0.037,0,0
12,12,KNN,auto,43,uncalibrated,0.0374,0.000509434366702288,0.000508244594663996
12,12,KNN,auto,43,uncalibrated,0.0378,0.12976219121509,0.0300780750229677
12,12,KNN,auto,43,uncalibrated,0.0382,0.0849191124372972,0.034666670629568
12,12,KNN,auto,43,uncalibrated,0.0386,2.23023869129587E-05,2.23023869129594E-05
12,12,KNN,auto,43,uncalibrated,0.039,0,0
12,12,KNN,auto,43,uncalibrated,0.0394,0,0
12,12,KNN,auto,43,uncalibrated,0.0398,0,0
12,12,KNN,auto,43,uncalibrated,0.0402,0,0
12,12,KNN,auto,43,uncalibrated,0.041,0,0
12,12,KNN,auto,45,uncalibrated,0.036,0,0
12,12,KNN,auto,45,uncalibrated,0.0366,0,0
12,12,KNN,auto,45,uncalibrated,0.037,0,0
12,12,KNN,auto,45,uncalibrated,0.0374,0.000518544390569142,0.000517389570021149
12,12,KNN,auto,45,uncalibrated,0.0378,0.130356255698336,0.0300717642574805
12,12,KNN,auto,45,uncalibrated,0.0382,0.0844887658933335,0.0346605435068754
12,12,KNN,auto,45,uncalibrated,0.0386,2.03640066183021E-05,2.03640066183021E-05
12,12,KNN,auto,45,uncalibrated,0.039,0,0
12,12,KNN,auto,45,uncalibrated,0.0394,0,0
12,12,KNN,auto,45,uncalibrated,0.0398,0,0
12,12,KNN,auto,45,uncalibrated,0.0402,0,0
12,12,KNN,auto,45,uncalibrated,0.041,0,0
12,12,KNN,auto,47,uncalibrated,0.036,0,0
12,12,KNN,auto,47,uncalibrated,0.0366,0,0
12,12,KNN,auto,47,uncalibrated,0.037,0,0
12,12,KNN,auto,47,uncalibrated,0.0374,0.000560996877300591,0.000559702239433483
12,12,KNN,auto,47,uncalibrated,0.0378,0.130830785671036,0.0300280411055017
12,12,KNN,auto,47,uncalibrated,0.0382,0.0842313963777885,0.034598275099212
12,12,KNN,auto,47,uncalibrated,0.0386,1.86677742879433E-05,1.8667774287941E-05
12,12,KNN,auto,47,uncalibrated,0.039,0,0
12,12,KNN,auto,47,uncalibrated,0.0394,0,0
12,12,KNN,auto,47,uncalibrated,0.0398,0,0
12,12,KNN,auto,47,uncalibrated,0.0402,0,0
12,12,KNN,auto,47,uncalibrated,0.041,0,0
12,12,KNN,auto,49,uncalibrated,0.036,0,0
12,12,KNN,auto,49,uncalibrated,0.0366,0,0
12,12,KNN,auto,49,uncalibrated,0.037,0,0
12,12,KNN,auto,49,uncalibrated,0.0374,0.000590345985632492,0.000588975393333227
12,12,KNN,auto,49,uncalibrated,0.0378,0.131343423221749,0.0300512744017632
12,12,KNN,auto,49,uncalibrated,0.0382,0.0837593611813612,0.034440517704133
12,12,KNN,auto,49,uncalibrated,0.0386,1.71749743448811E-05,1.71749743448821E-05
12,12,KNN,auto,49,uncalibrated,0.039,0,0
12,12,KNN,auto,49,uncalibrated,0.0394,0,0
12,12,KNN,auto,49,uncalibrated,0.0398,0,0
12,12,KNN,auto,49,uncalibrated,0.0402,0,0
12,12,KNN,auto,49,uncalibrated,0.041,0,0
12,12,KNN,auto,51,uncalibrated,0.036,0,0
12,12,KNN,auto,51,uncalibrated,0.0366,0,0
12,12,KNN,auto,51,uncalibrated,0.037,0,0
12,12,KNN,auto,51,uncalibrated,0.0374,0.000569967651300433,0.000568670007549791
12,12,KNN,auto,51,uncalibrated,0.0378,0.132046055612973,0.0300867214335513
12,12,KNN,auto,51,uncalibrated,0.0382,0.0835897438599058,0.0344657936807455
12,12,KNN,auto,51,uncalibrated,0.0386,1.58543304121726E-05,1.5854330412173E-05
12,12,KNN,auto,51,uncalibrated,0.039,0,0
12,12,KNN,auto,51,uncalibrated,0.0394,0,0
12,12,KNN,auto,51,uncalibrated,0.0398,0,0
12,12,KNN,auto,51,uncalibrated,0.0402,0,0
12,12,KNN,auto,51,uncalibrated,0.041,0,0
12,12,KNN,auto,61,uncalibrated,0.036,0,0
12,12,KNN,auto,61,uncalibrated,0.0366,0,0
12,12,KNN,auto,61,uncalibrated,0.037,0,0
12,12,KNN,auto,61,uncalibrated,0.0374,0.000734948070238746,0.000733059441103402
12,12,KNN,auto,61,uncalibrated,0.0378,0.134456248370629,0.0301482350898685
12,12,KNN,auto,61,uncalibrated,0.0382,0.082492735984613,0.0342430482727331
12,12,KNN,auto,61,uncalibrated,0.0386,1.10822664343067E-05,1.10822664343085E-05
12,12,KNN,auto,61,uncalibrated,0.039,0,0
12,12,KNN,auto,61,uncalibrated,0.0394,0,0
12,12,KNN,auto,61,uncalibrated,0.0398,0,0
12,12,KNN,auto,61,uncalibrated,0.0402,0,0
12,12,KNN,auto,61,uncalibrated,0.041,0,0
12,12,KNN,auto,81,uncalibrated,0.036,0,0
12,12,KNN,auto,81,uncalibrated,0.0366,0,0
12,12,KNN,auto,81,uncalibrated,0.037,0,0
12,12,KNN,auto,81,uncalibrated,0.0374,0.000902902071005691,0.000900379988933563
12,12,KNN,auto,81,uncalibrated,0.0378,0.137205601439353,0.0302272264122589
12,12,KNN,auto,81,uncalibrated,0.0382,0.0809586860043897,0.0339275408555102
12,12,KNN,auto,81,uncalibrated,0.0386,1.41416712627097E-05,1.41416712627098E-05
12,12,KNN,auto,81,uncalibrated,0.039,0,0
12,12,KNN,auto,81,uncalibrated,0.0394,0,0
12,12,KNN,auto,81,uncalibrated,0.0398,0,0
12,12,KNN,auto,81,uncalibrated,0.0402,0,0
12,12,KNN,auto,81,uncalibrated,0.041,0,0
12,12,KNN,auto,101,uncalibrated,0.036,0,0
12,12,KNN,auto,101,uncalibrated,0.0366,0,0
12,12,KNN,auto,101,uncalibrated,0.037,0,0
12,12,KNN,auto,101,uncalibrated,0.0374,0.000970878497274656,0.0009681710031005
12,12,KNN,auto,101,uncalibrated,0.0378,0.139248647625518,0.0300349666892342
12,12,KNN,auto,101,uncalibrated,0.0382,0.0794247301792119,0.033647071481679
12,12,KNN,auto,101,uncalibrated,0.0386,9.09553035532112E-06,9.09553035532195E-06
12,12,KNN,auto,101,uncalibrated,0.039,0,0
12,12,KNN,auto,101,uncalibrated,0.0394,0,0
12,12,KNN,auto,101,uncalibrated,0.0398,0,0
12,12,KNN,auto,101,uncalibrated,0.0402,0,0
12,12,KNN,auto,101,uncalibrated,0.041,0,0
12,12,KNN,auto,151,uncalibrated,0.036,0,0
12,12,KNN,auto,151,uncalibrated,0.0366,0,0
12,12,KNN,auto,151,uncalibrated,0.037,0,0
12,12,KNN,auto,151,uncalibrated,0.0374,0.00123890776958678,0.00123506064473566
12,12,KNN,auto,151,uncalibrated,0.0378,0.143778156047574,0.0298431395647917
12,12,KNN,auto,151,uncalibrated,0.0382,0.0770183604624641,0.0332127727908831
12,12,KNN,auto,151,uncalibrated,0.0386,5.02379444883743E-06,5.02379444883776E-06
12,12,KNN,auto,151,uncalibrated,0.039,0,0
12,12,KNN,auto,151,uncalibrated,0.0394,0,0
12,12,KNN,auto,151,uncalibrated,0.0398,0,0
12,12,KNN,auto,151,uncalibrated,0.0402,0,0
12,12,KNN,auto,151,uncalibrated,0.041,0,0
12,12,KNN,auto,201,uncalibrated,0.036,0,0
12,12,KNN,auto,201,uncalibrated,0.0366,0,0
12,12,KNN,auto,201,uncalibrated,0.037,0,0
12,12,KNN,auto,201,uncalibrated,0.0374,0.00140910186954369,0.00140426271202086
12,12,KNN,auto,201,uncalibrated,0.0378,0.14673403656759,0.0297507534360183
12,12,KNN,auto,201,uncalibrated,0.0382,0.0752761167741384,0.0328938819464937
12,12,KNN,auto,201,uncalibrated,0.0386,3.43067052909178E-06,3.43067052909133E-06
12,12,KNN,auto,201,uncalibrated,0.039,0,0
12,12,KNN,auto,201,uncalibrated,0.0394,0,0
12,12,KNN,auto,201,uncalibrated,0.0398,0,0
12,12,KNN,auto,201,uncalibrated,0.0402,0,0
12,12,KNN,auto,201,uncalibrated,0.041,0,0
12,12,KNN,kd_tree,1,uncalibrated,0.036,0,0
12,12,KNN,kd_tree,1,uncalibrated,0.0366,0,0
12,12,KNN,kd_tree,1,uncalibrated,0.037,0,0
12,12,KNN,kd_tree,1,uncalibrated,0.0374,0,0
12,12,KNN,kd_tree,1,uncalibrated,0.0378,0.136283224008415,0.034201986580446
12,12,KNN,kd_tree,1,uncalibrated,0.0382,0.105930875956048,0.0404513388418261
12,12,KNN,kd_tree,1,uncalibrated,0.0386,0,0
12,12,KNN,kd_tree,1,uncalibrated,0.039,0,0
12,12,KNN,kd_tree,1,uncalibrated,0.0394,0,0
12,12,KNN,kd_tree,1,uncalibrated,0.0398,0,0
12,12,KNN,kd_tree,1,uncalibrated,0.0402,0,0
12,12,KNN,kd_tree,1,uncalibrated,0.041,0,0
12,12,KNN,kd_tree,3,uncalibrated,0.036,0,0
12,12,KNN,kd_tree,3,uncalibrated,0.0366,0,0
12,12,KNN,kd_tree,3,uncalibrated,0.037,0,0
12,12,KNN,kd_tree,3,uncalibrated,0.0374,0,0
12,12,KNN,kd_tree,3,uncalibrated,0.0378,0.12705476068946,0.0318557111534083
12,12,KNN,kd_tree,3,uncalibrated,0.0382,0.101891559751972,0.038735961573146
12,12,KNN,kd_tree,3,uncalibrated,0.0386,0,0
12,12,KNN,kd_tree,3,uncalibrated,0.039,0,0
12,12,KNN,kd_tree,3,uncalibrated,0.0394,0,0
12,12,KNN,kd_tree,3,uncalibrated,0.0398,0,0
12,12,KNN,kd_tree,3,uncalibrated,0.0402,0,0
12,12,KNN,kd_tree,3,uncalibrated,0.041,0,0
12,12,KNN,kd_tree,5,uncalibrated,0.036,0,0
12,12,KNN,kd_tree,5,uncalibrated,0.0366,0,0
12,12,KNN,kd_tree,5,uncalibrated,0.037,0,0
12,12,KNN,kd_tree,5,uncalibrated,0.0374,4.23728813559314E-05,4.23728813559322E-05
12,12,KNN,kd_tree,5,uncalibrated,0.0378,0.124117648949948,0.0309368783525082
12,12,KNN,kd_tree,5,uncalibrated,0.0382,0.100385802095001,0.0380345234607471
12,12,KNN,kd_tree,5,uncalibrated,0.0386,0,0
12,12,KNN,kd_tree,5,uncalibrated,0.039,0,0
12,12,KNN,kd_tree,5,uncalibrated,0.0394,0,0
12,12,KNN,kd_tree,5,uncalibrated,0.0398,0,0
12,12,KNN,kd_tree,5,uncalibrated,0.0402,0,0
12,12,KNN,kd_tree,5,uncalibrated,0.041,0,0
12,12,KNN,kd_tree,7,uncalibrated,0.036,0,0
12,12,KNN,kd_tree,7,uncalibrated,0.0366,0,0
12,12,KNN,kd_tree,7,uncalibrated,0.037,0,0
12,12,KNN,kd_tree,7,uncalibrated,0.0374,8.64752680733318E-05,8.6475268073331E-05
12,12,KNN,kd_tree,7,uncalibrated,0.0378,0.122246945021261,0.0304708997686052
12,12,KNN,kd_tree,7,uncalibrated,0.0382,0.0979298711685113,0.037720477732033
12,12,KNN,kd_tree,7,uncalibrated,0.0386,2.33770484138686E-05,2.33770484138673E-05
12,12,KNN,kd_tree,7,uncalibrated,0.039,0,0
12,12,KNN,kd_tree,7,uncalibrated,0.0394,0,0
12,12,KNN,kd_tree,7,uncalibrated,0.0398,0,0
12,12,KNN,kd_tree,7,uncalibrated,0.0402,0,0
12,12,KNN,kd_tree,7,uncalibrated,0.041,0,0
12,12,KNN,kd_tree,9,uncalibrated,0.036,0,0
12,12,KNN,kd_tree,9,uncalibrated,0.0366,0,0
12,12,KNN,kd_tree,9,uncalibrated,0.037,0,0
12,12,KNN,kd_tree,9,uncalibrated,0.0374,0.00011770244821092,0.000117702448210923
12,12,KNN,kd_tree,9,uncalibrated,0.0378,0.122575226122376,0.0304488805661072
12,12,KNN,kd_tree,9,uncalibrated,0.0382,0.0965919988412291,0.0372215087142502
12,12,KNN,kd_tree,9,uncalibrated,0.0386,1.41416712627097E-05,1.41416712627098E-05
12,12,KNN,kd_tree,9,uncalibrated,0.039,0,0
12,12,KNN,kd_tree,9,uncalibrated,0.0394,0,0
12,12,KNN,kd_tree,9,uncalibrated,0.0398,0,0
12,12,KNN,kd_tree,9,uncalibrated,0.0402,0,0
12,12,KNN,kd_tree,9,uncalibrated,0.041,0,0
12,12,KNN,kd_tree,11,uncalibrated,0.036,0,0
12,12,KNN,kd_tree,11,uncalibrated,0.0366,0,0
12,12,KNN,kd_tree,11,uncalibrated,0.037,0,0
12,12,KNN,kd_tree,11,uncalibrated,0.0374,0.000218868188821961,0.000218868188821964
12,12,KNN,kd_tree,11,uncalibrated,0.0378,0.122441176728855,0.0303173795384921
12,12,KNN,kd_tree,11,uncalibrated,0.0382,0.0950410275434198,0.0367208583251451
12,12,KNN,kd_tree,11,uncalibrated,0.0386,3.78669544555212E-05,3.78669544555205E-05
12,12,KNN,kd_tree,11,uncalibrated,0.039,0,0
12,12,KNN,kd_tree,11,uncalibrated,0.0394,0,0
12,12,KNN,kd_tree,11,uncalibrated,0.0398,0,0
12,12,KNN,kd_tree,11,uncalibrated,0.0402,0,0
12,12,KNN,kd_tree,11,uncalibrated,0.041,0,0
12,12,KNN,kd_tree,13,uncalibrated,0.036,0,0
12,12,KNN,kd_tree,13,uncalibrated,0.0366,0,0
12,12,KNN,kd_tree,13,uncalibrated,0.037,0,0
12,12,KNN,kd_tree,13,uncalibrated,0.0374,0.000168980983507271,0.000162669622263166
12,12,KNN,kd_tree,13,uncalibrated,0.0378,0.122066666833985,0.0301729379011081
12,12,KNN,kd_tree,13,uncalibrated,0.0382,0.093682449202076,0.0363254776620813
12,12,KNN,kd_tree,13,uncalibrated,0.0386,2.71118431308779E-05,2.71118431308756E-05
12,12,KNN,kd_tree,13,uncalibrated,0.039,0,0
12,12,KNN,kd_tree,13,uncalibrated,0.0394,0,0
12,12,KNN,kd_tree,13,uncalibrated,0.0398,0,0
12,12,KNN,kd_tree,13,uncalibrated,0.0402,0,0
12,12,KNN,kd_tree,13,uncalibrated,0.041,0,0
12,12,KNN,kd_tree,15,uncalibrated,0.036,0,0
12,12,KNN,kd_tree,15,uncalibrated,0.0366,0,0
12,12,KNN,kd_tree,15,uncalibrated,0.037,0,0
12,12,KNN,kd_tree,15,uncalibrated,0.0374,0.000195751682256856,0.000195376663212921
12,12,KNN,kd_tree,15,uncalibrated,0.0378,0.122049524787837,0.0300142289677645
12,12,KNN,kd_tree,15,uncalibrated,0.0382,0.0923260734316824,0.0361895704043715
12,12,KNN,kd_tree,15,uncalibrated,0.0386,4.58190148911857E-05,4.58190148911798E-05
12,12,KNN,kd_tree,15,uncalibrated,0.039,0,0
12,12,KNN,kd_tree,15,uncalibrated,0.0394,0,0
12,12,KNN,kd_tree,15,uncalibrated,0.0398,0,0
12,12,KNN,kd_tree,15,uncalibrated,0.0402,0,0
12,12,KNN,kd_tree,15,uncalibrated,0.041,0,0
12,12,KNN,kd_tree,17,uncalibrated,0.036,0,0
12,12,KNN,kd_tree,17,uncalibrated,0.0366,0,0
12,12,KNN,kd_tree,17,uncalibrated,0.037,0,0
12,12,KNN,kd_tree,17,uncalibrated,0.0374,0.000249384708194881,0.000249009318395587
12,12,KNN,kd_tree,17,uncalibrated,0.0378,0.123021757496175,0.0300426355766325
12,12,KNN,kd_tree,17,uncalibrated,0.0382,0.0916838241169282,0.036026716150972
12,12,KNN,kd_tree,17,uncalibrated,0.0386,6.34173216486905E-05,6.34173216486919E-05
12,12,KNN,kd_tree,17,uncalibrated,0.039,0,0
12,12,KNN,kd_tree,17,uncalibrated,0.0394,0,0
12,12,KNN,kd_tree,17,uncalibrated,0.0398,0,0
12,12,KNN,kd_tree,17,uncalibrated,0.0402,0,0
12,12,KNN,kd_tree,17,uncalibrated,0.041,0,0
12,12,KNN,kd_tree,19,uncalibrated,0.036,0,0
12,12,KNN,kd_tree,19,uncalibrated,0.0366,0,0
12,12,KNN,kd_tree,19,uncalibrated,0.037,0,0
12,12,KNN,kd_tree,19,uncalibrated,0.0374,0.000260747566187144,0.000248991262360029
12,12,KNN,kd_tree,19,uncalibrated,0.0378,0.123378831571445,0.0300325878754915
12,12,KNN,kd_tree,19,uncalibrated,0.0382,0.0909168708570509,0.0358176922938043
12,12,KNN,kd_tree,19,uncalibrated,0.0386,5.07689915691678E-05,5.07689915691743E-05
12,12,KNN,kd_tree,19,uncalibrated,0.039,0,0
12,12,KNN,kd_tree,19,uncalibrated,0.0394,0,0
12,12,KNN,kd_tree,19,uncalibrated,0.0398,0,0
12,12,KNN,kd_tree,19,uncalibrated,0.0402,0,0
12,12,KNN,kd_tree,19,uncalibrated,0.041,0,0
12,12,KNN,kd_tree,21,uncalibrated,0.036,0,0
12,12,KNN,kd_tree,21,uncalibrated,0.0366,0,0
12,12,KNN,kd_tree,21,uncalibrated,0.037,0,0
12,12,KNN,kd_tree,21,uncalibrated,0.0374,0.000315508765037014,0.000314996257232801
12,12,KNN,kd_tree,21,uncalibrated,0.0378,0.1233852235439,0.0299742941892959
12,12,KNN,kd_tree,21,uncalibrated,0.0382,0.0900221664141972,0.0354954805932487
12,12,KNN,kd_tree,21,uncalibrated,0.0386,4.15591971802144E-05,4.15591971802084E-05
12,12,KNN,kd_tree,21,uncalibrated,0.039,0,0
12,12,KNN,kd_tree,21,uncalibrated,0.0394,0,0
12,12,KNN,kd_tree,21,uncalibrated,0.0398,0,0
12,12,KNN,kd_tree,21,uncalibrated,0.0402,0,0
12,12,KNN,kd_tree,21,uncalibrated,0.041,0,0
12,12,KNN,kd_tree,23,uncalibrated,0.036,0,0
12,12,KNN,kd_tree,23,uncalibrated,0.0366,0,0
12,12,KNN,kd_tree,23,uncalibrated,0.037,0,0
12,12,KNN,kd_tree,23,uncalibrated,0.0374,0.000333036888527734,0.00033239885990856
12,12,KNN,kd_tree,23,uncalibrated,0.0378,0.123408553137057,0.0298647214210203
12,12,KNN,kd_tree,23,uncalibrated,0.0382,0.0892202819370611,0.0354184935275549
12,12,KNN,kd_tree,23,uncalibrated,0.0386,5.41339967996007E-05,5.41339967995981E-05
12,12,KNN,kd_tree,23,uncalibrated,0.039,0,0
12,12,KNN,kd_tree,23,uncalibrated,0.0394,0,0
12,12,KNN,kd_tree,23,uncalibrated,0.0398,0,0
12,12,KNN,kd_tree,23,uncalibrated,0.0402,0,0
12,12,KNN,kd_tree,23,uncalibrated,0.041,0,0
12,12,KNN,kd_tree,25,uncalibrated,0.036,0,0
12,12,KNN,kd_tree,25,uncalibrated,0.0366,0,0
12,12,KNN,kd_tree,25,uncalibrated,0.037,0,0
12,12,KNN,kd_tree,25,uncalibrated,0.0374,0.00039399479036648,0.000393199214251846
12,12,KNN,kd_tree,25,uncalibrated,0.0378,0.124280004332277,0.0298757116123246
12,12,KNN,kd_tree,25,uncalibrated,0.0382,0.0887772017399552,0.0353888145211
12,12,KNN,kd_tree,25,uncalibrated,0.0386,4.58190148911857E-05,4.58190148911798E-05
12,12,KNN,kd_tree,25,uncalibrated,0.039,0,0
12,12,KNN,kd_tree,25,uncalibrated,0.0394,0,0
12,12,KNN,kd_tree,25,uncalibrated,0.0398,0,0
12,12,KNN,kd_tree,25,uncalibrated,0.0402,0,0
12,12,KNN,kd_tree,25,uncalibrated,0.041,0,0
12,12,KNN,kd_tree,27,uncalibrated,0.036,0,0
12,12,KNN,kd_tree,27,uncalibrated,0.0366,0,0
12,12,KNN,kd_tree,27,uncalibrated,0.037,0,0
12,12,KNN,kd_tree,27,uncalibrated,0.0374,0.000367995725167364,0.000367152428375445
12,12,KNN,kd_tree,27,uncalibrated,0.0378,0.124784261503794,0.0297715375787643
12,12,KNN,kd_tree,27,uncalibrated,0.0382,0.0883810179520298,0.0353149301726043
12,12,KNN,kd_tree,27,uncalibrated,0.0386,3.92824201741992E-05,3.92824201741939E-05
12,12,KNN,kd_tree,27,uncalibrated,0.039,0,0
12,12,KNN,kd_tree,27,uncalibrated,0.0394,0,0
12,12,KNN,kd_tree,27,uncalibrated,0.0398,0,0
12,12,KNN,kd_tree,27,uncalibrated,0.0402,0,0
12,12,KNN,kd_tree,27,uncalibrated,0.041,0,0
12,12,KNN,kd_tree,29,uncalibrated,0.036,0,0
12,12,KNN,kd_tree,29,uncalibrated,0.0366,0,0
12,12,KNN,kd_tree,29,uncalibrated,0.037,0,0
12,12,KNN,kd_tree,29,uncalibrated,0.0374,0.000353505289981912,0.000352731299599064
12,12,KNN,kd_tree,29,uncalibrated,0.0378,0.125510365171295,0.0298085238572427
12,12,KNN,kd_tree,29,uncalibrated,0.0382,0.0877589416325013,0.0350860755321298
12,12,KNN,kd_tree,29,uncalibrated,0.0386,3.40509920416028E-05,3.40509920416022E-05
12,12,KNN,kd_tree,29,uncalibrated,0.039,0,0
12,12,KNN,kd_tree,29,uncalibrated,0.0394,0,0
12,12,KNN,kd_tree,29,uncalibrated,0.0398,0,0
12,12,KNN,kd_tree,29,uncalibrated,0.0402,0,0
12,12,KNN,kd_tree,29,uncalibrated,0.041,0,0
12,12,KNN,kd_tree,31,uncalibrated,0.036,0,0
12,12,KNN,kd_tree,31,uncalibrated,0.0366,0,0
12,12,KNN,kd_tree,31,uncalibrated,0.037,0,0
12,12,KNN,kd_tree,31,uncalibrated,0.0374,0.00040310952460022,0.000402209537430524
12,12,KNN,kd_tree,31,uncalibrated,0.0378,0.126265015535075,0.0299082640407117
12,12,KNN,kd_tree,31,uncalibrated,0.0382,0.0873256726701007,0.0348581877484275
12,12,KNN,kd_tree,31,uncalibrated,0.0386,2.97990471456652E-05,2.97990471456685E-05
12,12,KNN,kd_tree,31,uncalibrated,0.039,0,0
12,12,KNN,kd_tree,31,uncalibrated,0.0394,0,0
12,12,KNN,kd_tree,31,uncalibrated,0.0398,0,0
12,12,KNN,kd_tree,31,uncalibrated,0.0402,0,0
12,12,KNN,kd_tree,31,uncalibrated,0.041,0,0
12,12,KNN,kd_tree,33,uncalibrated,0.036,0,0
12,12,KNN,kd_tree,33,uncalibrated,0.0366,0,0
12,12,KNN,kd_tree,33,uncalibrated,0.037,0,0
12,12,KNN,kd_tree,33,uncalibrated,0.0374,0.000431102488273715,0.000430056464080919
12,12,KNN,kd_tree,33,uncalibrated,0.0378,0.126972273237112,0.0299778784598053
12,12,KNN,kd_tree,33,uncalibrated,0.0382,0.0867889909270765,0.034803245705981
12,12,KNN,kd_tree,33,uncalibrated,0.0386,3.78669544555212E-05,3.78669544555205E-05
12,12,KNN,kd_tree,33,uncalibrated,0.039,0,0
12,12,KNN,kd_tree,33,uncalibrated,0.0394,0,0
12,12,KNN,kd_tree,33,uncalibrated,0.0398,0,0
12,12,KNN,kd_tree,33,uncalibrated,0.0402,0,0
12,12,KNN,kd_tree,33,uncalibrated,0.041,0,0
12,12,KNN,kd_tree,35,uncalibrated,0.036,0,0
12,12,KNN,kd_tree,35,uncalibrated,0.0366,0,0
12,12,KNN,kd_tree,35,uncalibrated,0.037,0,0
12,12,KNN,kd_tree,35,uncalibrated,0.0374,0.000474761632135456,0.000473605414529153
12,12,KNN,kd_tree,35,uncalibrated,0.0378,0.127532280875441,0.0300349099127744
12,12,KNN,kd_tree,35,uncalibrated,0.0382,0.0863976367587875,0.0347726340561009
12,12,KNN,kd_tree,35,uncalibrated,0.0386,3.36629497159675E-05,3.36629497159689E-05
12,12,KNN,kd_tree,35,uncalibrated,0.039,0,0
12,12,KNN,kd_tree,35,uncalibrated,0.0394,0,0
12,12,KNN,kd_tree,35,uncalibrated,0.0398,0,0
12,12,KNN,kd_tree,35,uncalibrated,0.0402,0,0
12,12,KNN,kd_tree,35,uncalibrated,0.041,0,0
12,12,KNN,kd_tree,37,uncalibrated,0.036,0,0
12,12,KNN,kd_tree,37,uncalibrated,0.0366,0,0
12,12,KNN,kd_tree,37,uncalibrated,0.037,0,0
12,12,KNN,kd_tree,37,uncalibrated,0.0374,0.000530846275929153,0.000529514504371296
12,12,KNN,kd_tree,37,uncalibrated,0.0378,0.128204492758186,0.0300960520639654
12,12,KNN,kd_tree,37,uncalibrated,0.0382,0.0860495200969264,0.0346728747089484
12,12,KNN,kd_tree,37,uncalibrated,0.0386,3.01220696874066E-05,3.01220696874082E-05
12,12,KNN,kd_tree,37,uncalibrated,0.039,0,0
12,12,KNN,kd_tree,37,uncalibrated,0.0394,0,0
12,12,KNN,kd_tree,37,uncalibrated,0.0398,0,0
12,12,KNN,kd_tree,37,uncalibrated,0.0402,0,0
12,12,KNN,kd_tree,37,uncalibrated,0.041,0,0
12,12,KNN,kd_tree,39,uncalibrated,0.036,0,0
12,12,KNN,kd_tree,39,uncalibrated,0.0366,0,0
12,12,KNN,kd_tree,39,uncalibrated,0.037,0,0
12,12,KNN,kd_tree,39,uncalibrated,0.0374,0.00050741200733493,0.000506169736938968
12,12,KNN,kd_tree,39,uncalibrated,0.0378,0.128682342360725,0.0301000171603966
12,12,KNN,kd_tree,39,uncalibrated,0.0382,0.0856296922775636,0.0346371165747295
12,12,KNN,kd_tree,39,uncalibrated,0.0386,2.71118431308779E-05,2.71118431308756E-05
12,12,KNN,kd_tree,39,uncalibrated,0.039,0,0
12,12,KNN,kd_tree,39,uncalibrated,0.0394,0,0
12,12,KNN,kd_tree,39,uncalibrated,0.0398,0,0
12,12,KNN,kd_tree,39,uncalibrated,0.0402,0,0
12,12,KNN,kd_tree,39,uncalibrated,0.041,0,0
12,12,KNN,kd_tree,41,uncalibrated,0.036,0,0
12,12,KNN,kd_tree,41,uncalibrated,0.0366,0,0
12,12,KNN,kd_tree,41,uncalibrated,0.037,0,0
12,12,KNN,kd_tree,41,uncalibrated,0.0374,0.000487103376899376,0.00048593990796314
12,12,KNN,kd_tree,41,uncalibrated,0.0378,0.129261020146214,0.0300695453708793
12,12,KNN,kd_tree,41,uncalibrated,0.0382,0.0852221239217783,0.0347151378570885
12,12,KNN,kd_tree,41,uncalibrated,0.0386,2.4531298870945E-05,2.4531298870947E-05
12,12,KNN,kd_tree,41,uncalibrated,0.039,0,0
12,12,KNN,kd_tree,41,uncalibrated,0.0394,0,0
12,12,KNN,kd_tree,41,uncalibrated,0.0398,0,0
12,12,KNN,kd_tree,41,uncalibrated,0.0402,0,0
12,12,KNN,kd_tree,41,uncalibrated,0.041,0,0
12,12,KNN,kd_tree,43,uncalibrated,0.036,0,0
12,12,KNN,kd_tree,43,uncalibrated,0.0366,0,0
12,12,KNN,kd_tree,43,uncalibrated,0.037,0,0
12,12,KNN,kd_tree,43,uncalibrated,0.0374,0.000509434366702288,0.000508244594663996
12,12,KNN,kd_tree,43,uncalibrated,0.0378,0.12976219121509,0.0300780750229677
12,12,KNN,kd_tree,43,uncalibrated,0.0382,0.0849191124372972,0.034666670629568
12,12,KNN,kd_tree,43,uncalibrated,0.0386,2.23023869129587E-05,2.23023869129594E-05
12,12,KNN,kd_tree,43,uncalibrated,0.039,0,0
12,12,KNN,kd_tree,43,uncalibrated,0.0394,0,0
12,12,KNN,kd_tree,43,uncalibrated,0.0398,0,0
12,12,KNN,kd_tree,43,uncalibrated,0.0402,0,0
12,12,KNN,kd_tree,43,uncalibrated,0.041,0,0
12,12,KNN,kd_tree,45,uncalibrated,0.036,0,0
12,12,KNN,kd_tree,45,uncalibrated,0.0366,0,0
12,12,KNN,kd_tree,45,uncalibrated,0.037,0,0
12,12,KNN,kd_tree,45,uncalibrated,0.0374,0.000518544390569142,0.000517389570021149
12,12,KNN,kd_tree,45,uncalibrated,0.0378,0.130356255698336,0.0300717642574805
12,12,KNN,kd_tree,45,uncalibrated,0.0382,0.0844887658933335,0.0346605435068754
12,12,KNN,kd_tree,45,uncalibrated,0.0386,2.03640066183021E-05,2.03640066183021E-05
12,12,KNN,kd_tree,45,uncalibrated,0.039,0,0
12,12,KNN,kd_tree,45,uncalibrated,0.0394,0,0
12,12,KNN,kd_tree,45,uncalibrated,0.0398,0,0
12,12,KNN,kd_tree,45,uncalibrated,0.0402,0,0
12,12,KNN,kd_tree,45,uncalibrated,0.041,0,0
12,12,KNN,kd_tree,47,uncalibrated,0.036,0,0
12,12,KNN,kd_tree,47,uncalibrated,0.0366,0,0
12,12,KNN,kd_tree,47,uncalibrated,0.037,0,0
12,12,KNN,kd_tree,47,uncalibrated,0.0374,0.000560996877300591,0.000559702239433483
12,12,KNN,kd_tree,47,uncalibrated,0.0378,0.130830785671036,0.0300280411055017
12,12,KNN,kd_tree,47,uncalibrated,0.0382,0.0842313963777885,0.034598275099212
12,12,KNN,kd_tree,47,uncalibrated,0.0386,1.86677742879433E-05,1.8667774287941E-05
12,12,KNN,kd_tree,47,uncalibrated,0.039,0,0
12,12,KNN,kd_tree,47,uncalibrated,0.0394,0,0
12,12,KNN,kd_tree,47,uncalibrated,0.0398,0,0
12,12,KNN,kd_tree,47,uncalibrated,0.0402,0,0
12,12,KNN,kd_tree,47,uncalibrated,0.041,0,0
12,12,KNN,kd_tree,49,uncalibrated,0.036,0,0
12,12,KNN,kd_tree,49,uncalibrated,0.0366,0,0
12,12,KNN,kd_tree,49,uncalibrated,0.037,0,0
12,12,KNN,kd_tree,49,uncalibrated,0.0374,0.000590345985632492,0.000588975393333227
12,12,KNN,kd_tree,49,uncalibrated,0.0378,0.131343423221749,0.0300512744017632
12,12,KNN,kd_tree,49,uncalibrated,0.0382,0.0837593611813612,0.034440517704133
12,12,KNN,kd_tree,49,uncalibrated,0.0386,1.71749743448811E-05,1.71749743448821E-05
12,12,KNN,kd_tree,49,uncalibrated,0.039,0,0
12,12,KNN,kd_tree,49,uncalibrated,0.0394,0,0
12,12,KNN,kd_tree,49,uncalibrated,0.0398,0,0
12,12,KNN,kd_tree,49,uncalibrated,0.0402,0,0
12,12,KNN,kd_tree,49,uncalibrated,0.041,0,0
12,12,KNN,kd_tree,51,uncalibrated,0.036,0,0
12,12,KNN,kd_tree,51,uncalibrated,0.0366,0,0
12,12,KNN,kd_tree,51,uncalibrated,0.037,0,0
12,12,KNN,kd_tree,51,uncalibrated,0.0374,0.000569967651300433,0.000568670007549791
12,12,KNN,kd_tree,51,uncalibrated,0.0378,0.132046055612973,0.0300867214335513
12,12,KNN,kd_tree,51,uncalibrated,0.0382,0.0835897438599058,0.0344657936807455
12,12,KNN,kd_tree,51,uncalibrated,0.0386,1.58543304121726E-05,1.5854330412173E-05
12,12,KNN,kd_tree,51,uncalibrated,0.039,0,0
12,12,KNN,kd_tree,51,uncalibrated,0.0394,0,0
12,12,KNN,kd_tree,51,uncalibrated,0.0398,0,0
12,12,KNN,kd_tree,51,uncalibrated,0.0402,0,0
12,12,KNN,kd_tree,51,uncalibrated,0.041,0,0
12,12,KNN,kd_tree,61,uncalibrated,0.036,0,0
12,12,KNN,kd_tree,61,uncalibrated,0.0366,0,0
12,12,KNN,kd_tree,61,uncalibrated,0.037,0,0
12,12,KNN,kd_tree,61,uncalibrated,0.0374,0.000734948070238746,0.000733059441103402
12,12,KNN,kd_tree,61,uncalibrated,0.0378,0.134456248370629,0.0301482350898685
12,12,KNN,kd_tree,61,uncalibrated,0.0382,0.082492735984613,0.0342430482727331
12,12,KNN,kd_tree,61,uncalibrated,0.0386,1.10822664343067E-05,1.10822664343085E-05
12,12,KNN,kd_tree,61,uncalibrated,0.039,0,0
12,12,KNN,kd_tree,61,uncalibrated,0.0394,0,0
12,12,KNN,kd_tree,61,uncalibrated,0.0398,0,0
12,12,KNN,kd_tree,61,uncalibrated,0.0402,0,0
12,12,KNN,kd_tree,61,uncalibrated,0.041,0,0
12,12,KNN,kd_tree,81,uncalibrated,0.036,0,0
12,12,KNN,kd_tree,81,uncalibrated,0.0366,0,0
12,12,KNN,kd_tree,81,uncalibrated,0.037,0,0
12,12,KNN,kd_tree,81,uncalibrated,0.0374,0.000902902071005691,0.000900379988933563
12,12,KNN,kd_tree,81,uncalibrated,0.0378,0.137205601439353,0.0302272264122589
12,12,KNN,kd_tree,81,uncalibrated,0.0382,0.0809586860043897,0.0339275408555102
12,12,KNN,kd_tree,81,uncalibrated,0.0386,1.41416712627097E-05,1.41416712627098E-05
12,12,KNN,kd_tree,81,uncalibrated,0.039,0,0
12,12,KNN,kd_tree,81,uncalibrated,0.0394,0,0
12,12,KNN,kd_tree,81,uncalibrated,0.0398,0,0
12,12,KNN,kd_tree,81,uncalibrated,0.0402,0,0
12,12,KNN,kd_tree,81,uncalibrated,0.041,0,0
12,12,KNN,kd_tree,101,uncalibrated,0.036,0,0
12,12,KNN,kd_tree,101,uncalibrated,0.0366,0,0
12,12,KNN,kd_tree,101,uncalibrated,0.037,0,0
12,12,KNN,kd_tree,101,uncalibrated,0.0374,0.000970878497274656,0.0009681710031005
12,12,KNN,kd_tree,101,uncalibrated,0.0378,0.139248647625518,0.0300349666892342
12,12,KNN,kd_tree,101,uncalibrated,0.0382,0.0794247301792119,0.033647071481679
12,12,KNN,kd_tree,101,uncalibrated,0.0386,9.09553035532112E-06,9.09553035532195E-06
12,12,KNN,kd_tree,101,uncalibrated,0.039,0,0
12,12,KNN,kd_tree,101,uncalibrated,0.0394,0,0
12,12,KNN,kd_tree,101,uncalibrated,0.0398,0,0
12,12,KNN,kd_tree,101,uncalibrated,0.0402,0,0
12,12,KNN,kd_tree,101,uncalibrated,0.041,0,0
12,12,KNN,kd_tree,151,uncalibrated,0.036,0,0
12,12,KNN,kd_tree,151,uncalibrated,0.0366,0,0
12,12,KNN,kd_tree,151,uncalibrated,0.037,0,0
12,12,KNN,kd_tree,151,uncalibrated,0.0374,0.00123890776958678,0.00123506064473566
12,12,KNN,kd_tree,151,uncalibrated,0.0378,0.143778156047574,0.0298431395647917
12,12,KNN,kd_tree,151,uncalibrated,0.0382,0.0770183604624641,0.0332127727908831
12,12,KNN,kd_tree,151,uncalibrated,0.0386,5.02379444883743E-06,5.02379444883776E-06
12,12,KNN,kd_tree,151,uncalibrated,0.039,0,0
12,12,KNN,kd_tree,151,uncalibrated,0.0394,0,0
12,12,KNN,kd_tree,151,uncalibrated,0.0398,0,0
12,12,KNN,kd_tree,151,uncalibrated,0.0402,0,0
12,12,KNN,kd_tree,151,uncalibrated,0.041,0,0
12,12,KNN,kd_tree,201,uncalibrated,0.036,0,0
12,12,KNN,kd_tree,201,uncalibrated,0.0366,0,0
12,12,KNN,kd_tree,201,uncalibrated,0.037,0,0
12,12,KNN,kd_tree,201,uncalibrated,0.0374,0.00140910186954369,0.00140426271202086
12,12,KNN,kd_tree,201,uncalibrated,0.0378,0.14673403656759,0.0297507534360183
12,12,KNN,kd_tree,201,uncalibrated,0.0382,0.0752761167741384,0.0328938819464937
12,12,KNN,kd_tree,201,uncalibrated,0.0386,3.43067052909178E-06,3.43067052909133E-06
12,12,KNN,kd_tree,201,uncalibrated,0.039,0,0
12,12,KNN,kd_tree,201,uncalibrated,0.0394,0,0
12,12,KNN,kd_tree,201,uncalibrated,0.0398,0,0
12,12,KNN,kd_tree,201,uncalibrated,0.0402,0,0
12,12,KNN,kd_tree,201,uncalibrated,0.041,0,0
12,12,KNN,ball_tree,1,uncalibrated,0.036,0,0
12,12,KNN,ball_tree,1,uncalibrated,0.0366,0,0
12,12,KNN,ball_tree,1,uncalibrated,0.037,0,0
12,12,KNN,ball_tree,1,uncalibrated,0.0374,0,0
12,12,KNN,ball_tree,1,uncalibrated,0.0378,0.136283224008415,0.034201986580446
12,12,KNN,ball_tree,1,uncalibrated,0.0382,0.105930875956048,0.0404513388418261
12,12,KNN,ball_tree,1,uncalibrated,0.0386,0,0
12,12,KNN,ball_tree,1,uncalibrated,0.039,0,0
12,12,KNN,ball_tree,1,uncalibrated,0.0394,0,0
12,12,KNN,ball_tree,1,uncalibrated,0.0398,0,0
12,12,KNN,ball_tree,1,uncalibrated,0.0402,0,0
12,12,KNN,ball_tree,1,uncalibrated,0.041,0,0
12,12,KNN,ball_tree,3,uncalibrated,0.036,0,0
12,12,KNN,ball_tree,3,uncalibrated,0.0366,0,0
12,12,KNN,ball_tree,3,uncalibrated,0.037,0,0
12,12,KNN,ball_tree,3,uncalibrated,0.0374,0,0
12,12,KNN,ball_tree,3,uncalibrated,0.0378,0.12705476068946,0.0318557111534083
12,12,KNN,ball_tree,3,uncalibrated,0.0382,0.101891559751972,0.038735961573146
12,12,KNN,ball_tree,3,uncalibrated,0.0386,0,0
12,12,KNN,ball_tree,3,uncalibrated,0.039,0,0
12,12,KNN,ball_tree,3,uncalibrated,0.0394,0,0
12,12,KNN,ball_tree,3,uncalibrated,0.0398,0,0
12,12,KNN,ball_tree,3,uncalibrated,0.0402,0,0
12,12,KNN,ball_tree,3,uncalibrated,0.041,0,0
12,12,KNN,ball_tree,5,uncalibrated,0.036,0,0
12,12,KNN,ball_tree,5,uncalibrated,0.0366,0,0
12,12,KNN,ball_tree,5,uncalibrated,0.037,0,0
12,12,KNN,ball_tree,5,uncalibrated,0.0374,4.23728813559314E-05,4.23728813559322E-05
12,12,KNN,ball_tree,5,uncalibrated,0.0378,0.124117648949948,0.0309368783525082
12,12,KNN,ball_tree,5,uncalibrated,0.0382,0.100385802095001,0.0380345234607471
12,12,KNN,ball_tree,5,uncalibrated,0.0386,0,0
12,12,KNN,ball_tree,5,uncalibrated,0.039,0,0
12,12,KNN,ball_tree,5,uncalibrated,0.0394,0,0
12,12,KNN,ball_tree,5,uncalibrated,0.0398,0,0
12,12,KNN,ball_tree,5,uncalibrated,0.0402,0,0
12,12,KNN,ball_tree,5,uncalibrated,0.041,0,0
12,12,KNN,ball_tree,7,uncalibrated,0.036,0,0
12,12,KNN,ball_tree,7,uncalibrated,0.0366,0,0
12,12,KNN,ball_tree,7,uncalibrated,0.037,0,0
12,12,KNN,ball_tree,7,uncalibrated,0.0374,8.64752680733318E-05,8.6475268073331E-05
12,12,KNN,ball_tree,7,uncalibrated,0.0378,0.122246945021261,0.0304708997686052
12,12,KNN,ball_tree,7,uncalibrated,0.0382,0.0979298711685113,0.037720477732033
12,12,KNN,ball_tree,7,uncalibrated,0.0386,2.33770484138686E-05,2.33770484138673E-05
12,12,KNN,ball_tree,7,uncalibrated,0.039,0,0
12,12,KNN,ball_tree,7,uncalibrated,0.0394,0,0
12,12,KNN,ball_tree,7,uncalibrated,0.0398,0,0
12,12,KNN,ball_tree,7,uncalibrated,0.0402,0,0
12,12,KNN,ball_tree,7,uncalibrated,0.041,0,0
12,12,KNN,ball_tree,9,uncalibrated,0.036,0,0
12,12,KNN,ball_tree,9,uncalibrated,0.0366,0,0
12,12,KNN,ball_tree,9,uncalibrated,0.037,0,0
12,12,KNN,ball_tree,9,uncalibrated,0.0374,0.00011770244821092,0.000117702448210923
12,12,KNN,ball_tree,9,uncalibrated,0.0378,0.122575226122376,0.0304488805661072
12,12,KNN,ball_tree,9,uncalibrated,0.0382,0.0965919988412291,0.0372215087142502
12,12,KNN,ball_tree,9,uncalibrated,0.0386,1.41416712627097E-05,1.41416712627098E-05
12,12,KNN,ball_tree,9,uncalibrated,0.039,0,0
12,12,KNN,ball_tree,9,uncalibrated,0.0394,0,0
12,12,KNN,ball_tree,9,uncalibrated,0.0398,0,0
12,12,KNN,ball_tree,9,uncalibrated,0.0402,0,0
12,12,KNN,ball_tree,9,uncalibrated,0.041,0,0
12,12,KNN,ball_tree,11,uncalibrated,0.036,0,0
12,12,KNN,ball_tree,11,uncalibrated,0.0366,0,0
12,12,KNN,ball_tree,11,uncalibrated,0.037,0,0
12,12,KNN,ball_tree,11,uncalibrated,0.0374,0.000218868188821961,0.000218868188821964
12,12,KNN,ball_tree,11,uncalibrated,0.0378,0.122441176728855,0.0303173795384921
12,12,KNN,ball_tree,11,uncalibrated,0.0382,0.0950410275434198,0.0367208583251451
12,12,KNN,ball_tree,11,uncalibrated,0.0386,3.78669544555212E-05,3.78669544555205E-05
12,12,KNN,ball_tree,11,uncalibrated,0.039,0,0
12,12,KNN,ball_tree,11,uncalibrated,0.0394,0,0
12,12,KNN,ball_tree,11,uncalibrated,0.0398,0,0
12,12,KNN,ball_tree,11,uncalibrated,0.0402,0,0
12,12,KNN,ball_tree,11,uncalibrated,0.041,0,0
12,12,KNN,ball_tree,13,uncalibrated,0.036,0,0
12,12,KNN,ball_tree,13,uncalibrated,0.0366,0,0
12,12,KNN,ball_tree,13,uncalibrated,0.037,0,0
12,12,KNN,ball_tree,13,uncalibrated,0.0374,0.000168980983507271,0.000162669622263166
12,12,KNN,ball_tree,13,uncalibrated,0.0378,0.122066666833985,0.0301729379011081
12,12,KNN,ball_tree,13,uncalibrated,0.0382,0.093682449202076,0.0363254776620813
12,12,KNN,ball_tree,13,uncalibrated,0.0386,2.71118431308779E-05,2.71118431308756E-05
12,12,KNN,ball_tree,13,uncalibrated,0.039,0,0
12,12,KNN,ball_tree,13,uncalibrated,0.0394,0,0
12,12,KNN,ball_tree,13,uncalibrated,0.0398,0,0
12,12,KNN,ball_tree,13,uncalibrated,0.0402,0,0
12,12,KNN,ball_tree,13,uncalibrated,0.041,0,0
12,12,KNN,ball_tree,15,uncalibrated,0.036,0,0
12,12,KNN,ball_tree,15,uncalibrated,0.0366,0,0
12,12,KNN,ball_tree,15,uncalibrated,0.037,0,0
12,12,KNN,ball_tree,15,uncalibrated,0.0374,0.000195751682256856,0.000195376663212921
12,12,KNN,ball_tree,15,uncalibrated,0.0378,0.122049524787837,0.0300142289677645
12,12,KNN,ball_tree,15,uncalibrated,0.0382,0.0923260734316824,0.0361895704043715
12,12,KNN,ball_tree,15,uncalibrated,0.0386,4.58190148911857E-05,4.58190148911798E-05
12,12,KNN,ball_tree,15,uncalibrated,0.039,0,0
12,12,KNN,ball_tree,15,uncalibrated,0.0394,0,0
12,12,KNN,ball_tree,15,uncalibrated,0.0398,0,0
12,12,KNN,ball_tree,15,uncalibrated,0.0402,0,0
12,12,KNN,ball_tree,15,uncalibrated,0.041,0,0
12,12,KNN,ball_tree,17,uncalibrated,0.036,0,0
12,12,KNN,ball_tree,17,uncalibrated,0.0366,0,0
12,12,KNN,ball_tree,17,uncalibrated,0.037,0,0
12,12,KNN,ball_tree,17,uncalibrated,0.0374,0.000249384708194881,0.000249009318395587
12,12,KNN,ball_tree,17,uncalibrated,0.0378,0.123021757496175,0.0300426355766325
12,12,KNN,ball_tree,17,uncalibrated,0.0382,0.0916838241169282,0.036026716150972
12,12,KNN,ball_tree,17,uncalibrated,0.0386,6.34173216486905E-05,6.34173216486919E-05
12,12,KNN,ball_tree,17,uncalibrated,0.039,0,0
12,12,KNN,ball_tree,17,uncalibrated,0.0394,0,0
12,12,KNN,ball_tree,17,uncalibrated,0.0398,0,0
12,12,KNN,ball_tree,17,uncalibrated,0.0402,0,0
12,12,KNN,ball_tree,17,uncalibrated,0.041,0,0
12,12,KNN,ball_tree,19,uncalibrated,0.036,0,0
12,12,KNN,ball_tree,19,uncalibrated,0.0366,0,0
12,12,KNN,ball_tree,19,uncalibrated,0.037,0,0
12,12,KNN,ball_tree,19,uncalibrated,0.0374,0.000260747566187144,0.000248991262360029
12,12,KNN,ball_tree,19,uncalibrated,0.0378,0.123378831571445,0.0300325878754915
12,12,KNN,ball_tree,19,uncalibrated,0.0382,0.0909168708570509,0.0358176922938043
12,12,KNN,ball_tree,19,uncalibrated,0.0386,5.07689915691678E-05,5.07689915691743E-05
12,12,KNN,ball_tree,19,uncalibrated,0.039,0,0
12,12,KNN,ball_tree,19,uncalibrated,0.0394,0,0
12,12,KNN,ball_tree,19,uncalibrated,0.0398,0,0
12,12,KNN,ball_tree,19,uncalibrated,0.0402,0,0
12,12,KNN,ball_tree,19,uncalibrated,0.041,0,0
12,12,KNN,ball_tree,21,uncalibrated,0.036,0,0
12,12,KNN,ball_tree,21,uncalibrated,0.0366,0,0
12,12,KNN,ball_tree,21,uncalibrated,0.037,0,0
12,12,KNN,ball_tree,21,uncalibrated,0.0374,0.000315508765037014,0.000314996257232801
12,12,KNN,ball_tree,21,uncalibrated,0.0378,0.1233852235439,0.0299742941892959
12,12,KNN,ball_tree,21,uncalibrated,0.0382,0.0900221664141972,0.0354954805932487
12,12,KNN,ball_tree,21,uncalibrated,0.0386,4.15591971802144E-05,4.15591971802084E-05
12,12,KNN,ball_tree,21,uncalibrated,0.039,0,0
12,12,KNN,ball_tree,21,uncalibrated,0.0394,0,0
12,12,KNN,ball_tree,21,uncalibrated,0.0398,0,0
12,12,KNN,ball_tree,21,uncalibrated,0.0402,0,0
12,12,KNN,ball_tree,21,uncalibrated,0.041,0,0
12,12,KNN,ball_tree,23,uncalibrated,0.036,0,0
12,12,KNN,ball_tree,23,uncalibrated,0.0366,0,0
12,12,KNN,ball_tree,23,uncalibrated,0.037,0,0
12,12,KNN,ball_tree,23,uncalibrated,0.0374,0.000333036888527734,0.00033239885990856
12,12,KNN,ball_tree,23,uncalibrated,0.0378,0.123408553137057,0.0298647214210203
12,12,KNN,ball_tree,23,uncalibrated,0.0382,0.0892202819370611,0.0354184935275549
12,12,KNN,ball_tree,23,uncalibrated,0.0386,5.41339967996007E-05,5.41339967995981E-05
12,12,KNN,ball_tree,23,uncalibrated,0.039,0,0
12,12,KNN,ball_tree,23,uncalibrated,0.0394,0,0
12,12,KNN,ball_tree,23,uncalibrated,0.0398,0,0
12,12,KNN,ball_tree,23,uncalibrated,0.0402,0,0
12,12,KNN,ball_tree,23,uncalibrated,0.041,0,0
12,12,KNN,ball_tree,25,uncalibrated,0.036,0,0
12,12,KNN,ball_tree,25,uncalibrated,0.0366,0,0
12,12,KNN,ball_tree,25,uncalibrated,0.037,0,0
12,12,KNN,ball_tree,25,uncalibrated,0.0374,0.00039399479036648,0.000393199214251846
12,12,KNN,ball_tree,25,uncalibrated,0.0378,0.124280004332277,0.0298757116123246
12,12,KNN,ball_tree,25,uncalibrated,0.0382,0.0887772017399552,0.0353888145211
12,12,KNN,ball_tree,25,uncalibrated,0.0386,4.58190148911857E-05,4.58190148911798E-05
12,12,KNN,ball_tree,25,uncalibrated,0.039,0,0
12,12,KNN,ball_tree,25,uncalibrated,0.0394,0,0
12,12,KNN,ball_tree,25,uncalibrated,0.0398,0,0
12,12,KNN,ball_tree,25,uncalibrated,0.0402,0,0
12,12,KNN,ball_tree,25,uncalibrated,0.041,0,0
12,12,KNN,ball_tree,27,uncalibrated,0.036,0,0
12,12,KNN,ball_tree,27,uncalibrated,0.0366,0,0
12,12,KNN,ball_tree,27,uncalibrated,0.037,0,0
12,12,KNN,ball_tree,27,uncalibrated,0.0374,0.000367995725167364,0.000367152428375445
12,12,KNN,ball_tree,27,uncalibrated,0.0378,0.124784261503794,0.0297715375787643
12,12,KNN,ball_tree,27,uncalibrated,0.0382,0.0883810179520298,0.0353149301726043
12,12,KNN,ball_tree,27,uncalibrated,0.0386,3.92824201741992E-05,3.92824201741939E-05
12,12,KNN,ball_tree,27,uncalibrated,0.039,0,0
12,12,KNN,ball_tree,27,uncalibrated,0.0394,0,0
12,12,KNN,ball_tree,27,uncalibrated,0.0398,0,0
12,12,KNN,ball_tree,27,uncalibrated,0.0402,0,0
12,12,KNN,ball_tree,27,uncalibrated,0.041,0,0
12,12,KNN,ball_tree,29,uncalibrated,0.036,0,0
12,12,KNN,ball_tree,29,uncalibrated,0.0366,0,0
12,12,KNN,ball_tree,29,uncalibrated,0.037,0,0
12,12,KNN,ball_tree,29,uncalibrated,0.0374,0.000353505289981912,0.000352731299599064
12,12,KNN,ball_tree,29,uncalibrated,0.0378,0.125510365171295,0.0298085238572427
12,12,KNN,ball_tree,29,uncalibrated,0.0382,0.0877589416325013,0.0350860755321298
12,12,KNN,ball_tree,29,uncalibrated,0.0386,3.40509920416028E-05,3.40509920416022E-05
12,12,KNN,ball_tree,29,uncalibrated,0.039,0,0
12,12,KNN,ball_tree,29,uncalibrated,0.0394,0,0
12,12,KNN,ball_tree,29,uncalibrated,0.0398,0,0
12,12,KNN,ball_tree,29,uncalibrated,0.0402,0,0
12,12,KNN,ball_tree,29,uncalibrated,0.041,0,0
12,12,KNN,ball_tree,31,uncalibrated,0.036,0,0
12,12,KNN,ball_tree,31,uncalibrated,0.0366,0,0
12,12,KNN,ball_tree,31,uncalibrated,0.037,0,0
12,12,KNN,ball_tree,31,uncalibrated,0.0374,0.00040310952460022,0.000402209537430524
12,12,KNN,ball_tree,31,uncalibrated,0.0378,0.126265015535075,0.0299082640407117
12,12,KNN,ball_tree,31,uncalibrated,0.0382,0.0873256726701007,0.0348581877484275
12,12,KNN,ball_tree,31,uncalibrated,0.0386,2.97990471456652E-05,2.97990471456685E-05
12,12,KNN,ball_tree,31,uncalibrated,0.039,0,0
12,12,KNN,ball_tree,31,uncalibrated,0.0394,0,0
12,12,KNN,ball_tree,31,uncalibrated,0.0398,0,0
12,12,KNN,ball_tree,31,uncalibrated,0.0402,0,0
12,12,KNN,ball_tree,31,uncalibrated,0.041,0,0
12,12,KNN,ball_tree,33,uncalibrated,0.036,0,0
12,12,KNN,ball_tree,33,uncalibrated,0.0366,0,0
12,12,KNN,ball_tree,33,uncalibrated,0.037,0,0
12,12,KNN,ball_tree,33,uncalibrated,0.0374,0.000431102488273715,0.000430056464080919
12,12,KNN,ball_tree,33,uncalibrated,0.0378,0.126972273237112,0.0299778784598053
12,12,KNN,ball_tree,33,uncalibrated,0.0382,0.0867889909270765,0.034803245705981
12,12,KNN,ball_tree,33,uncalibrated,0.0386,3.78669544555212E-05,3.78669544555205E-05
12,12,KNN,ball_tree,33,uncalibrated,0.039,0,0
12,12,KNN,ball_tree,33,uncalibrated,0.0394,0,0
12,12,KNN,ball_tree,33,uncalibrated,0.0398,0,0
12,12,KNN,ball_tree,33,uncalibrated,0.0402,0,0
12,12,KNN,ball_tree,33,uncalibrated,0.041,0,0
12,12,KNN,ball_tree,35,uncalibrated,0.036,0,0
12,12,KNN,ball_tree,35,uncalibrated,0.0366,0,0
12,12,KNN,ball_tree,35,uncalibrated,0.037,0,0
12,12,KNN,ball_tree,35,uncalibrated,0.0374,0.000474761632135456,0.000473605414529153
12,12,KNN,ball_tree,35,uncalibrated,0.0378,0.127532280875441,0.0300349099127744
12,12,KNN,ball_tree,35,uncalibrated,0.0382,0.0863976367587875,0.0347726340561009
12,12,KNN,ball_tree,35,uncalibrated,0.0386,3.36629497159675E-05,3.36629497159689E-05
12,12,KNN,ball_tree,35,uncalibrated,0.039,0,0
12,12,KNN,ball_tree,35,uncalibrated,0.0394,0,0
12,12,KNN,ball_tree,35,uncalibrated,0.0398,0,0
12,12,KNN,ball_tree,35,uncalibrated,0.0402,0,0
12,12,KNN,ball_tree,35,uncalibrated,0.041,0,0
12,12,KNN,ball_tree,37,uncalibrated,0.036,0,0
12,12,KNN,ball_tree,37,uncalibrated,0.0366,0,0
12,12,KNN,ball_tree,37,uncalibrated,0.037,0,0
12,12,KNN,ball_tree,37,uncalibrated,0.0374,0.000530846275929153,0.000529514504371296
12,12,KNN,ball_tree,37,uncalibrated,0.0378,0.128204492758186,0.0300960520639654
12,12,KNN,ball_tree,37,uncalibrated,0.0382,0.0860495200969264,0.0346728747089484
12,12,KNN,ball_tree,37,uncalibrated,0.0386,3.01220696874066E-05,3.01220696874082E-05
12,12,KNN,ball_tree,37,uncalibrated,0.039,0,0
12,12,KNN,ball_tree,37,uncalibrated,0.0394,0,0
12,12,KNN,ball_tree,37,uncalibrated,0.0398,0,0
12,12,KNN,ball_tree,37,uncalibrated,0.0402,0,0
12,12,KNN,ball_tree,37,uncalibrated,0.041,0,0
12,12,KNN,ball_tree,39,uncalibrated,0.036,0,0
12,12,KNN,ball_tree,39,uncalibrated,0.0366,0,0
12,12,KNN,ball_tree,39,uncalibrated,0.037,0,0
12,12,KNN,ball_tree,39,uncalibrated,0.0374,0.00050741200733493,0.000506169736938968
12,12,KNN,ball_tree,39,uncalibrated,0.0378,0.128682342360725,0.0301000171603966
12,12,KNN,ball_tree,39,uncalibrated,0.0382,0.0856296922775636,0.0346371165747295
12,12,KNN,ball_tree,39,uncalibrated,0.0386,2.71118431308779E-05,2.71118431308756E-05
12,12,KNN,ball_tree,39,uncalibrated,0.039,0,0
12,12,KNN,ball_tree,39,uncalibrated,0.0394,0,0
12,12,KNN,ball_tree,39,uncalibrated,0.0398,0,0
12,12,KNN,ball_tree,39,uncalibrated,0.0402,0,0
12,12,KNN,ball_tree,39,uncalibrated,0.041,0,0
12,12,KNN,ball_tree,41,uncalibrated,0.036,0,0
12,12,KNN,ball_tree,41,uncalibrated,0.0366,0,0
12,12,KNN,ball_tree,41,uncalibrated,0.037,0,0
12,12,KNN,ball_tree,41,uncalibrated,0.0374,0.000487103376899376,0.00048593990796314
12,12,KNN,ball_tree,41,uncalibrated,0.0378,0.129261020146214,0.0300695453708793
12,12,KNN,ball_tree,41,uncalibrated,0.0382,0.0852221239217783,0.0347151378570885
12,12,KNN,ball_tree,41,uncalibrated,0.0386,2.4531298870945E-05,2.4531298870947E-05
12,12,KNN,ball_tree,41,uncalibrated,0.039,0,0
12,12,KNN,ball_tree,41,uncalibrated,0.0394,0,0
12,12,KNN,ball_tree,41,uncalibrated,0.0398,0,0
12,12,KNN,ball_tree,41,uncalibrated,0.0402,0,0
12,12,KNN,ball_tree,41,uncalibrated,0.041,0,0
12,12,KNN,ball_tree,43,uncalibrated,0.036,0,0
12,12,KNN,ball_tree,43,uncalibrated,0.0366,0,0
12,12,KNN,ball_tree,43,uncalibrated,0.037,0,0
12,12,KNN,ball_tree,43,uncalibrated,0.0374,0.000509434366702288,0.000508244594663996
12,12,KNN,ball_tree,43,uncalibrated,0.0378,0.12976219121509,0.0300780750229677
12,12,KNN,ball_tree,43,uncalibrated,0.0382,0.0849191124372972,0.034666670629568
12,12,KNN,ball_tree,43,uncalibrated,0.0386,2.23023869129587E-05,2.23023869129594E-05
12,12,KNN,ball_tree,43,uncalibrated,0.039,0,0
12,12,KNN,ball_tree,43,uncalibrated,0.0394,0,0
12,12,KNN,ball_tree,43,uncalibrated,0.0398,0,0
12,12,KNN,ball_tree,43,uncalibrated,0.0402,0,0
12,12,KNN,ball_tree,43,uncalibrated,0.041,0,0
12,12,KNN,ball_tree,45,uncalibrated,0.036,0,0
12,12,KNN,ball_tree,45,uncalibrated,0.0366,0,0
12,12,KNN,ball_tree,45,uncalibrated,0.037,0,0
12,12,KNN,ball_tree,45,uncalibrated,0.0374,0.000518544390569142,0.000517389570021149
12,12,KNN,ball_tree,45,uncalibrated,0.0378,0.130356255698336,0.0300717642574805
12,12,KNN,ball_tree,45,uncalibrated,0.0382,0.0844887658933335,0.0346605435068754
12,12,KNN,ball_tree,45,uncalibrated,0.0386,2.03640066183021E-05,2.03640066183021E-05
12,12,KNN,ball_tree,45,uncalibrated,0.039,0,0
12,12,KNN,ball_tree,45,uncalibrated,0.0394,0,0
12,12,KNN,ball_tree,45,uncalibrated,0.0398,0,0
12,12,KNN,ball_tree,45,uncalibrated,0.0402,0,0
12,12,KNN,ball_tree,45,uncalibrated,0.041,0,0
12,12,KNN,ball_tree,47,uncalibrated,0.036,0,0
12,12,KNN,ball_tree,47,uncalibrated,0.0366,0,0
12,12,KNN,ball_tree,47,uncalibrated,0.037,0,0
12,12,KNN,ball_tree,47,uncalibrated,0.0374,0.000560996877300591,0.000559702239433483
12,12,KNN,ball_tree,47,uncalibrated,0.0378,0.130830785671036,0.0300280411055017
12,12,KNN,ball_tree,47,uncalibrated,0.0382,0.0842313963777885,0.034598275099212
12,12,KNN,ball_tree,47,uncalibrated,0.0386,1.86677742879433E-05,1.8667774287941E-05
12,12,KNN,ball_tree,47,uncalibrated,0.039,0,0
12,12,KNN,ball_tree,47,uncalibrated,0.0394,0,0
12,12,KNN,ball_tree,47,uncalibrated,0.0398,0,0
12,12,KNN,ball_tree,47,uncalibrated,0.0402,0,0
12,12,KNN,ball_tree,47,uncalibrated,0.041,0,0
12,12,KNN,ball_tree,49,uncalibrated,0.036,0,0
12,12,KNN,ball_tree,49,uncalibrated,0.0366,0,0
12,12,KNN,ball_tree,49,uncalibrated,0.037,0,0
12,12,KNN,ball_tree,49,uncalibrated,0.0374,0.000590345985632492,0.000588975393333227
12,12,KNN,ball_tree,49,uncalibrated,0.0378,0.131343423221749,0.0300512744017632
12,12,KNN,ball_tree,49,uncalibrated,0.0382,0.0837593611813612,0.034440517704133
12,12,KNN,ball_tree,49,uncalibrated,0.0386,1.71749743448811E-05,1.71749743448821E-05
12,12,KNN,ball_tree,49,uncalibrated,0.039,0,0
12,12,KNN,ball_tree,49,uncalibrated,0.0394,0,0
12,12,KNN,ball_tree,49,uncalibrated,0.0398,0,0
12,12,KNN,ball_tree,49,uncalibrated,0.0402,0,0
12,12,KNN,ball_tree,49,uncalibrated,0.041,0,0
12,12,KNN,ball_tree,51,uncalibrated,0.036,0,0
12,12,KNN,ball_tree,51,uncalibrated,0.0366,0,0
12,12,KNN,ball_tree,51,uncalibrated,0.037,0,0
12,12,KNN,ball_tree,51,uncalibrated,0.0374,0.000569967651300433,0.000568670007549791
12,12,KNN,ball_tree,51,uncalibrated,0.0378,0.132046055612973,0.0300867214335513
12,12,KNN,ball_tree,51,uncalibrated,0.0382,0.0835897438599058,0.0344657936807455
12,12,KNN,ball_tree,51,uncalibrated,0.0386,1.58543304121726E-05,1.5854330412173E-05
12,12,KNN,ball_tree,51,uncalibrated,0.039,0,0
12,12,KNN,ball_tree,51,uncalibrated,0.0394,0,0
12,12,KNN,ball_tree,51,uncalibrated,0.0398,0,0
12,12,KNN,ball_tree,51,uncalibrated,0.0402,0,0
12,12,KNN,ball_tree,51,uncalibrated,0.041,0,0
12,12,KNN,ball_tree,61,uncalibrated,0.036,0,0
12,12,KNN,ball_tree,61,uncalibrated,0.0366,0,0
12,12,KNN,ball_tree,61,uncalibrated,0.037,0,0
12,12,KNN,ball_tree,61,uncalibrated,0.0374,0.000734948070238746,0.000733059441103402
12,12,KNN,ball_tree,61,uncalibrated,0.0378,0.134456248370629,0.0301482350898685
12,12,KNN,ball_tree,61,uncalibrated,0.0382,0.082492735984613,0.0342430482727331
12,12,KNN,ball_tree,61,uncalibrated,0.0386,1.10822664343067E-05,1.10822664343085E-05
12,12,KNN,ball_tree,61,uncalibrated,0.039,0,0
12,12,KNN,ball_tree,61,uncalibrated,0.0394,0,0
12,12,KNN,ball_tree,61,uncalibrated,0.0398,0,0
12,12,KNN,ball_tree,61,uncalibrated,0.0402,0,0
12,12,KNN,ball_tree,61,uncalibrated,0.041,0,0
12,12,KNN,ball_tree,81,uncalibrated,0.036,0,0
12,12,KNN,ball_tree,81,uncalibrated,0.0366,0,0
12,12,KNN,ball_tree,81,uncalibrated,0.037,0,0
12,12,KNN,ball_tree,81,uncalibrated,0.0374,0.000902902071005691,0.000900379988933563
12,12,KNN,ball_tree,81,uncalibrated,0.0378,0.137205601439353,0.0302272264122589
12,12,KNN,ball_tree,81,uncalibrated,0.0382,0.0809586860043897,0.0339275408555102
12,12,KNN,ball_tree,81,uncalibrated,0.0386,1.41416712627097E-05,1.41416712627098E-05
12,12,KNN,ball_tree,81,uncalibrated,0.039,0,0
12,12,KNN,ball_tree,81,uncalibrated,0.0394,0,0
12,12,KNN,ball_tree,81,uncalibrated,0.0398,0,0
12,12,KNN,ball_tree,81,uncalibrated,0.0402,0,0
12,12,KNN,ball_tree,81,uncalibrated,0.041,0,0
12,12,KNN,ball_tree,101,uncalibrated,0.036,0,0
12,12,KNN,ball_tree,101,uncalibrated,0.0366,0,0
12,12,KNN,ball_tree,101,uncalibrated,0.037,0,0
12,12,KNN,ball_tree,101,uncalibrated,0.0374,0.000970878497274656,0.0009681710031005
12,12,KNN,ball_tree,101,uncalibrated,0.0378,0.139248647625518,0.0300349666892342
12,12,KNN,ball_tree,101,uncalibrated,0.0382,0.0794247301792119,0.033647071481679
12,12,KNN,ball_tree,101,uncalibrated,0.0386,9.09553035532112E-06,9.09553035532195E-06
12,12,KNN,ball_tree,101,uncalibrated,0.039,0,0
12,12,KNN,ball_tree,101,uncalibrated,0.0394,0,0
12,12,KNN,ball_tree,101,uncalibrated,0.0398,0,0
12,12,KNN,ball_tree,101,uncalibrated,0.0402,0,0
12,12,KNN,ball_tree,101,uncalibrated,0.041,0,0
12,12,KNN,ball_tree,151,uncalibrated,0.036,0,0
12,12,KNN,ball_tree,151,uncalibrated,0.0366,0,0
12,12,KNN,ball_tree,151,uncalibrated,0.037,0,0
12,12,KNN,ball_tree,151,uncalibrated,0.0374,0.00123890776958678,0.00123506064473566
12,12,KNN,ball_tree,151,uncalibrated,0.0378,0.143778156047574,0.0298431395647917
12,12,KNN,ball_tree,151,uncalibrated,0.0382,0.0770183604624641,0.0332127727908831
12,12,KNN,ball_tree,151,uncalibrated,0.0386,5.02379444883743E-06,5.02379444883776E-06
12,12,KNN,ball_tree,151,uncalibrated,0.039,0,0
12,12,KNN,ball_tree,151,uncalibrated,0.0394,0,0
12,12,KNN,ball_tree,151,uncalibrated,0.0398,0,0
12,12,KNN,ball_tree,151,uncalibrated,0.0402,0,0
12,12,KNN,ball_tree,151,uncalibrated,0.041,0,0
12,12,KNN,ball_tree,201,uncalibrated,0.036,0,0
12,12,KNN,ball_tree,201,uncalibrated,0.0366,0,0
12,12,KNN,ball_tree,201,uncalibrated,0.037,0,0
12,12,KNN,ball_tree,201,uncalibrated,0.0374,0.00140910186954369,0.00140426271202086
12,12,KNN,ball_tree,201,uncalibrated,0.0378,0.14673403656759,0.0297507534360183
12,12,KNN,ball_tree,201,uncalibrated,0.0382,0.0752761167741384,0.0328938819464937
12,12,KNN,ball_tree,201,uncalibrated,0.0386,3.43067052909178E-06,3.43067052909133E-06
12,12,KNN,ball_tree,201,uncalibrated,0.039,0,0
12,12,KNN,ball_tree,201,uncalibrated,0.0394,0,0
12,12,KNN,ball_tree,201,uncalibrated,0.0398,0,0
12,12,KNN,ball_tree,201,uncalibrated,0.0402,0,0
12,12,KNN,ball_tree,201,uncalibrated,0.041,0,0
12,12,KNN,brute,1,uncalibrated,0.036,0,0
12,12,KNN,brute,1,uncalibrated,0.0366,0,0
12,12,KNN,brute,1,uncalibrated,0.037,0,0
12,12,KNN,brute,1,uncalibrated,0.0374,0,0
12,12,KNN,brute,1,uncalibrated,0.0378,0.136283224008415,0.034201986580446
12,12,KNN,brute,1,uncalibrated,0.0382,0.105930875956048,0.0404513388418261
12,12,KNN,brute,1,uncalibrated,0.0386,0,0
12,12,KNN,brute,1,uncalibrated,0.039,0,0
12,12,KNN,brute,1,uncalibrated,0.0394,0,0
12,12,KNN,brute,1,uncalibrated,0.0398,0,0
12,12,KNN,brute,1,uncalibrated,0.0402,0,0
12,12,KNN,brute,1,uncalibrated,0.041,0,0
12,12,KNN,brute,3,uncalibrated,0.036,0,0
12,12,KNN,brute,3,uncalibrated,0.0366,0,0
12,12,KNN,brute,3,uncalibrated,0.037,0,0
12,12,KNN,brute,3,uncalibrated,0.0374,0,0
12,12,KNN,brute,3,uncalibrated,0.0378,0.12705476068946,0.0318557111534083
12,12,KNN,brute,3,uncalibrated,0.0382,0.101891559751972,0.038735961573146
12,12,KNN,brute,3,uncalibrated,0.0386,0,0
12,12,KNN,brute,3,uncalibrated,0.039,0,0
12,12,KNN,brute,3,uncalibrated,0.0394,0,0
12,12,KNN,brute,3,uncalibrated,0.0398,0,0
12,12,KNN,brute,3,uncalibrated,0.0402,0,0
12,12,KNN,brute,3,uncalibrated,0.041,0,0
12,12,KNN,brute,5,uncalibrated,0.036,0,0
12,12,KNN,brute,5,uncalibrated,0.0366,0,0
12,12,KNN,brute,5,uncalibrated,0.037,0,0
12,12,KNN,brute,5,uncalibrated,0.0374,4.23728813559314E-05,4.23728813559322E-05
12,12,KNN,brute,5,uncalibrated,0.0378,0.124117648949948,0.0309368783525082
12,12,KNN,brute,5,uncalibrated,0.0382,0.100385802095001,0.0380345234607471
12,12,KNN,brute,5,uncalibrated,0.0386,0,0
12,12,KNN,brute,5,uncalibrated,0.039,0,0
12,12,KNN,brute,5,uncalibrated,0.0394,0,0
12,12,KNN,brute,5,uncalibrated,0.0398,0,0
12,12,KNN,brute,5,uncalibrated,0.0402,0,0
12,12,KNN,brute,5,uncalibrated,0.041,0,0
12,12,KNN,brute,7,uncalibrated,0.036,0,0
12,12,KNN,brute,7,uncalibrated,0.0366,0,0
12,12,KNN,brute,7,uncalibrated,0.037,0,0
12,12,KNN,brute,7,uncalibrated,0.0374,8.64752680733318E-05,8.6475268073331E-05
12,12,KNN,brute,7,uncalibrated,0.0378,0.122246945021261,0.0304708997686052
12,12,KNN,brute,7,uncalibrated,0.0382,0.0979298711685113,0.037720477732033
12,12,KNN,brute,7,uncalibrated,0.0386,2.33770484138686E-05,2.33770484138673E-05
12,12,KNN,brute,7,uncalibrated,0.039,0,0
12,12,KNN,brute,7,uncalibrated,0.0394,0,0
12,12,KNN,brute,7,uncalibrated,0.0398,0,0
12,12,KNN,brute,7,uncalibrated,0.0402,0,0
12,12,KNN,brute,7,uncalibrated,0.041,0,0
12,12,KNN,brute,9,uncalibrated,0.036,0,0
12,12,KNN,brute,9,uncalibrated,0.0366,0,0
12,12,KNN,brute,9,uncalibrated,0.037,0,0
12,12,KNN,brute,9,uncalibrated,0.0374,0.00011770244821092,0.000117702448210923
12,12,KNN,brute,9,uncalibrated,0.0378,0.122575226122376,0.0304488805661072
12,12,KNN,brute,9,uncalibrated,0.0382,0.0965919988412291,0.0372215087142502
12,12,KNN,brute,9,uncalibrated,0.0386,1.41416712627097E-05,1.41416712627098E-05
12,12,KNN,brute,9,uncalibrated,0.039,0,0
12,12,KNN,brute,9,uncalibrated,0.0394,0,0
12,12,KNN,brute,9,uncalibrated,0.0398,0,0
12,12,KNN,brute,9,uncalibrated,0.0402,0,0
12,12,KNN,brute,9,uncalibrated,0.041,0,0
12,12,KNN,brute,11,uncalibrated,0.036,0,0
12,12,KNN,brute,11,uncalibrated,0.0366,0,0
12,12,KNN,brute,11,uncalibrated,0.037,0,0
12,12,KNN,brute,11,uncalibrated,0.0374,0.000218868188821961,0.000218868188821964
12,12,KNN,brute,11,uncalibrated,0.0378,0.122441176728855,0.0303173795384921
12,12,KNN,brute,11,uncalibrated,0.0382,0.0950410275434198,0.0367208583251451
12,12,KNN,brute,11,uncalibrated,0.0386,3.78669544555212E-05,3.78669544555205E-05
12,12,KNN,brute,11,uncalibrated,0.039,0,0
12,12,KNN,brute,11,uncalibrated,0.0394,0,0
12,12,KNN,brute,11,uncalibrated,0.0398,0,0
12,12,KNN,brute,11,uncalibrated,0.0402,0,0
12,12,KNN,brute,11,uncalibrated,0.041,0,0
12,12,KNN,brute,13,uncalibrated,0.036,0,0
12,12,KNN,brute,13,uncalibrated,0.0366,0,0
12,12,KNN,brute,13,uncalibrated,0.037,0,0
12,12,KNN,brute,13,uncalibrated,0.0374,0.000168980983507271,0.000162669622263166
12,12,KNN,brute,13,uncalibrated,0.0378,0.122066666833985,0.0301729379011081
12,12,KNN,brute,13,uncalibrated,0.0382,0.093682449202076,0.0363254776620813
12,12,KNN,brute,13,uncalibrated,0.0386,2.71118431308779E-05,2.71118431308756E-05
12,12,KNN,brute,13,uncalibrated,0.039,0,0
12,12,KNN,brute,13,uncalibrated,0.0394,0,0
12,12,KNN,brute,13,uncalibrated,0.0398,0,0
12,12,KNN,brute,13,uncalibrated,0.0402,0,0
12,12,KNN,brute,13,uncalibrated,0.041,0,0
12,12,KNN,brute,15,uncalibrated,0.036,0,0
12,12,KNN,brute,15,uncalibrated,0.0366,0,0
12,12,KNN,brute,15,uncalibrated,0.037,0,0
12,12,KNN,brute,15,uncalibrated,0.0374,0.000195751682256856,0.000195376663212921
12,12,KNN,brute,15,uncalibrated,0.0378,0.122049524787837,0.0300142289677645
12,12,KNN,brute,15,uncalibrated,0.0382,0.0923260734316824,0.0361895704043715
12,12,KNN,brute,15,uncalibrated,0.0386,4.58190148911857E-05,4.58190148911798E-05
12,12,KNN,brute,15,uncalibrated,0.039,0,0
12,12,KNN,brute,15,uncalibrated,0.0394,0,0
12,12,KNN,brute,15,uncalibrated,0.0398,0,0
12,12,KNN,brute,15,uncalibrated,0.0402,0,0
12,12,KNN,brute,15,uncalibrated,0.041,0,0
12,12,KNN,brute,17,uncalibrated,0.036,0,0
12,12,KNN,brute,17,uncalibrated,0.0366,0,0
12,12,KNN,brute,17,uncalibrated,0.037,0,0
12,12,KNN,brute,17,uncalibrated,0.0374,0.000249384708194881,0.000249009318395587
12,12,KNN,brute,17,uncalibrated,0.0378,0.123021757496175,0.0300426355766325
12,12,KNN,brute,17,uncalibrated,0.0382,0.0916838241169282,0.036026716150972
12,12,KNN,brute,17,uncalibrated,0.0386,6.34173216486905E-05,6.34173216486919E-05
12,12,KNN,brute,17,uncalibrated,0.039,0,0
12,12,KNN,brute,17,uncalibrated,0.0394,0,0
12,12,KNN,brute,17,uncalibrated,0.0398,0,0
12,12,KNN,brute,17,uncalibrated,0.0402,0,0
12,12,KNN,brute,17,uncalibrated,0.041,0,0
12,12,KNN,brute,19,uncalibrated,0.036,0,0
12,12,KNN,brute,19,uncalibrated,0.0366,0,0
12,12,KNN,brute,19,uncalibrated,0.037,0,0
12,12,KNN,brute,19,uncalibrated,0.0374,0.000260747566187144,0.000248991262360029
12,12,KNN,brute,19,uncalibrated,0.0378,0.123378831571445,0.0300325878754915
12,12,KNN,brute,19,uncalibrated,0.0382,0.0909168708570509,0.0358176922938043
12,12,KNN,brute,19,uncalibrated,0.0386,5.07689915691678E-05,5.07689915691743E-05
12,12,KNN,brute,19,uncalibrated,0.039,0,0
12,12,KNN,brute,19,uncalibrated,0.0394,0,0
12,12,KNN,brute,19,uncalibrated,0.0398,0,0
12,12,KNN,brute,19,uncalibrated,0.0402,0,0
12,12,KNN,brute,19,uncalibrated,0.041,0,0
12,12,KNN,brute,21,uncalibrated,0.036,0,0
12,12,KNN,brute,21,uncalibrated,0.0366,0,0
12,12,KNN,brute,21,uncalibrated,0.037,0,0
12,12,KNN,brute,21,uncalibrated,0.0374,0.000315508765037014,0.000314996257232801
12,12,KNN,brute,21,uncalibrated,0.0378,0.1233852235439,0.0299742941892959
12,12,KNN,brute,21,uncalibrated,0.0382,0.0900221664141972,0.0354954805932487
12,12,KNN,brute,21,uncalibrated,0.0386,4.15591971802144E-05,4.15591971802084E-05
12,12,KNN,brute,21,uncalibrated,0.039,0,0
12,12,KNN,brute,21,uncalibrated,0.0394,0,0
12,12,KNN,brute,21,uncalibrated,0.0398,0,0
12,12,KNN,brute,21,uncalibrated,0.0402,0,0
12,12,KNN,brute,21,uncalibrated,0.041,0,0
12,12,KNN,brute,23,uncalibrated,0.036,0,0
12,12,KNN,brute,23,uncalibrated,0.0366,0,0
12,12,KNN,brute,23,uncalibrated,0.037,0,0
12,12,KNN,brute,23,uncalibrated,0.0374,0.000333036888527734,0.00033239885990856
12,12,KNN,brute,23,uncalibrated,0.0378,0.123408553137057,0.0298647214210203
12,12,KNN,brute,23,uncalibrated,0.0382,0.0892202819370611,0.0354184935275549
12,12,KNN,brute,23,uncalibrated,0.0386,5.41339967996007E-05,5.41339967995981E-05
12,12,KNN,brute,23,uncalibrated,0.039,0,0
12,12,KNN,brute,23,uncalibrated,0.0394,0,0
12,12,KNN,brute,23,uncalibrated,0.0398,0,0
12,12,KNN,brute,23,uncalibrated,0.0402,0,0
12,12,KNN,brute,23,uncalibrated,0.041,0,0
12,12,KNN,brute,25,uncalibrated,0.036,0,0
12,12,KNN,brute,25,uncalibrated,0.0366,0,0
12,12,KNN,brute,25,uncalibrated,0.037,0,0
12,12,KNN,brute,25,uncalibrated,0.0374,0.00039399479036648,0.000393199214251846
12,12,KNN,brute,25,uncalibrated,0.0378,0.124280004332277,0.0298757116123246
12,12,KNN,brute,25,uncalibrated,0.0382,0.0887772017399552,0.0353888145211
12,12,KNN,brute,25,uncalibrated,0.0386,4.58190148911857E-05,4.58190148911798E-05
12,12,KNN,brute,25,uncalibrated,0.039,0,0
12,12,KNN,brute,25,uncalibrated,0.0394,0,0
12,12,KNN,brute,25,uncalibrated,0.0398,0,0
12,12,KNN,brute,25,uncalibrated,0.0402,0,0
12,12,KNN,brute,25,uncalibrated,0.041,0,0
12,12,KNN,brute,27,uncalibrated,0.036,0,0
12,12,KNN,brute,27,uncalibrated,0.0366,0,0
12,12,KNN,brute,27,uncalibrated,0.037,0,0
12,12,KNN,brute,27,uncalibrated,0.0374,0.000367995725167364,0.000367152428375445
12,12,KNN,brute,27,uncalibrated,0.0378,0.124784261503794,0.0297715375787643
12,12,KNN,brute,27,uncalibrated,0.0382,0.0883810179520298,0.0353149301726043
12,12,KNN,brute,27,uncalibrated,0.0386,3.92824201741992E-05,3.92824201741939E-05
12,12,KNN,brute,27,uncalibrated,0.039,0,0
12,12,KNN,brute,27,uncalibrated,0.0394,0,0
12,12,KNN,brute,27,uncalibrated,0.0398,0,0
12,12,KNN,brute,27,uncalibrated,0.0402,0,0
12,12,KNN,brute,27,uncalibrated,0.041,0,0
12,12,KNN,brute,29,uncalibrated,0.036,0,0
12,12,KNN,brute,29,uncalibrated,0.0366,0,0
12,12,KNN,brute,29,uncalibrated,0.037,0,0
12,12,KNN,brute,29,uncalibrated,0.0374,0.000353505289981912,0.000352731299599064
12,12,KNN,brute,29,uncalibrated,0.0378,0.125510365171295,0.0298085238572427
12,12,KNN,brute,29,uncalibrated,0.0382,0.0877589416325013,0.0350860755321298
12,12,KNN,brute,29,uncalibrated,0.0386,3.40509920416028E-05,3.40509920416022E-05
12,12,KNN,brute,29,uncalibrated,0.039,0,0
12,12,KNN,brute,29,uncalibrated,0.0394,0,0
12,12,KNN,brute,29,uncalibrated,0.0398,0,0
12,12,KNN,brute,29,uncalibrated,0.0402,0,0
12,12,KNN,brute,29,uncalibrated,0.041,0,0
12,12,KNN,brute,31,uncalibrated,0.036,0,0
12,12,KNN,brute,31,uncalibrated,0.0366,0,0
12,12,KNN,brute,31,uncalibrated,0.037,0,0
12,12,KNN,brute,31,uncalibrated,0.0374,0.00040310952460022,0.000402209537430524
12,12,KNN,brute,31,uncalibrated,0.0378,0.126265015535075,0.0299082640407117
12,12,KNN,brute,31,uncalibrated,0.0382,0.0873256726701007,0.0348581877484275
12,12,KNN,brute,31,uncalibrated,0.0386,2.97990471456652E-05,2.97990471456685E-05
12,12,KNN,brute,31,uncalibrated,0.039,0,0
12,12,KNN,brute,31,uncalibrated,0.0394,0,0
12,12,KNN,brute,31,uncalibrated,0.0398,0,0
12,12,KNN,brute,31,uncalibrated,0.0402,0,0
12,12,KNN,brute,31,uncalibrated,0.041,0,0
12,12,KNN,brute,33,uncalibrated,0.036,0,0
12,12,KNN,brute,33,uncalibrated,0.0366,0,0
12,12,KNN,brute,33,uncalibrated,0.037,0,0
12,12,KNN,brute,33,uncalibrated,0.0374,0.000431102488273715,0.000430056464080919
12,12,KNN,brute,33,uncalibrated,0.0378,0.126972273237112,0.0299778784598053
12,12,KNN,brute,33,uncalibrated,0.0382,0.0867889909270765,0.034803245705981
12,12,KNN,brute,33,uncalibrated,0.0386,3.78669544555212E-05,3.78669544555205E-05
12,12,KNN,brute,33,uncalibrated,0.039,0,0
12,12,KNN,brute,33,uncalibrated,0.0394,0,0
12,12,KNN,brute,33,uncalibrated,0.0398,0,0
12,12,KNN,brute,33,uncalibrated,0.0402,0,0
12,12,KNN,brute,33,uncalibrated,0.041,0,0
12,12,KNN,brute,35,uncalibrated,0.036,0,0
12,12,KNN,brute,35,uncalibrated,0.0366,0,0
12,12,KNN,brute,35,uncalibrated,0.037,0,0
12,12,KNN,brute,35,uncalibrated,0.0374,0.000474761632135456,0.000473605414529153
12,12,KNN,brute,35,uncalibrated,0.0378,0.127532280875441,0.0300349099127744
12,12,KNN,brute,35,uncalibrated,0.0382,0.0863976367587875,0.0347726340561009
12,12,KNN,brute,35,uncalibrated,0.0386,3.36629497159675E-05,3.36629497159689E-05
12,12,KNN,brute,35,uncalibrated,0.039,0,0
12,12,KNN,brute,35,uncalibrated,0.0394,0,0
12,12,KNN,brute,35,uncalibrated,0.0398,0,0
12,12,KNN,brute,35,uncalibrated,0.0402,0,0
12,12,KNN,brute,35,uncalibrated,0.041,0,0
12,12,KNN,brute,37,uncalibrated,0.036,0,0
12,12,KNN,brute,37,uncalibrated,0.0366,0,0
12,12,KNN,brute,37,uncalibrated,0.037,0,0
12,12,KNN,brute,37,uncalibrated,0.0374,0.000530846275929153,0.000529514504371296
12,12,KNN,brute,37,uncalibrated,0.0378,0.128204492758186,0.0300960520639654
12,12,KNN,brute,37,uncalibrated,0.0382,0.0860495200969264,0.0346728747089484
12,12,KNN,brute,37,uncalibrated,0.0386,3.01220696874066E-05,3.01220696874082E-05
12,12,KNN,brute,37,uncalibrated,0.039,0,0
12,12,KNN,brute,37,uncalibrated,0.0394,0,0
12,12,KNN,brute,37,uncalibrated,0.0398,0,0
12,12,KNN,brute,37,uncalibrated,0.0402,0,0
12,12,KNN,brute,37,uncalibrated,0.041,0,0
12,12,KNN,brute,39,uncalibrated,0.036,0,0
12,12,KNN,brute,39,uncalibrated,0.0366,0,0
12,12,KNN,brute,39,uncalibrated,0.037,0,0
12,12,KNN,brute,39,uncalibrated,0.0374,0.00050741200733493,0.000506169736938968
12,12,KNN,brute,39,uncalibrated,0.0378,0.128682342360725,0.0301000171603966
12,12,KNN,brute,39,uncalibrated,0.0382,0.0856296922775636,0.0346371165747295
12,12,KNN,brute,39,uncalibrated,0.0386,2.71118431308779E-05,2.71118431308756E-05
12,12,KNN,brute,39,uncalibrated,0.039,0,0
12,12,KNN,brute,39,uncalibrated,0.0394,0,0
12,12,KNN,brute,39,uncalibrated,0.0398,0,0
12,12,KNN,brute,39,uncalibrated,0.0402,0,0
12,12,KNN,brute,39,uncalibrated,0.041,0,0
12,12,KNN,brute,41,uncalibrated,0.036,0,0
12,12,KNN,brute,41,uncalibrated,0.0366,0,0
12,12,KNN,brute,41,uncalibrated,0.037,0,0
12,12,KNN,brute,41,uncalibrated,0.0374,0.000487103376899376,0.00048593990796314
12,12,KNN,brute,41,uncalibrated,0.0378,0.129261020146214,0.0300695453708793
12,12,KNN,brute,41,uncalibrated,0.0382,0.0852221239217783,0.0347151378570885
12,12,KNN,brute,41,uncalibrated,0.0386,2.4531298870945E-05,2.4531298870947E-05
12,12,KNN,brute,41,uncalibrated,0.039,0,0
12,12,KNN,brute,41,uncalibrated,0.0394,0,0
12,12,KNN,brute,41,uncalibrated,0.0398,0,0
12,12,KNN,brute,41,uncalibrated,0.0402,0,0
12,12,KNN,brute,41,uncalibrated,0.041,0,0
12,12,KNN,brute,43,uncalibrated,0.036,0,0
12,12,KNN,brute,43,uncalibrated,0.0366,0,0
12,12,KNN,brute,43,uncalibrated,0.037,0,0
12,12,KNN,brute,43,uncalibrated,0.0374,0.000509434366702288,0.000508244594663996
12,12,KNN,brute,43,uncalibrated,0.0378,0.12976219121509,0.0300780750229677
12,12,KNN,brute,43,uncalibrated,0.0382,0.0849191124372972,0.034666670629568
12,12,KNN,brute,43,uncalibrated,0.0386,2.23023869129587E-05,2.23023869129594E-05
12,12,KNN,brute,43,uncalibrated,0.039,0,0
12,12,KNN,brute,43,uncalibrated,0.0394,0,0
12,12,KNN,brute,43,uncalibrated,0.0398,0,0
12,12,KNN,brute,43,uncalibrated,0.0402,0,0
12,12,KNN,brute,43,uncalibrated,0.041,0,0
12,12,KNN,brute,45,uncalibrated,0.036,0,0
12,12,KNN,brute,45,uncalibrated,0.0366,0,0
12,12,KNN,brute,45,uncalibrated,0.037,0,0
12,12,KNN,brute,45,uncalibrated,0.0374,0.000518544390569142,0.000517389570021149
12,12,KNN,brute,45,uncalibrated,0.0378,0.130356255698336,0.0300717642574805
12,12,KNN,brute,45,uncalibrated,0.0382,0.0844887658933335,0.0346605435068754
12,12,KNN,brute,45,uncalibrated,0.0386,2.03640066183021E-05,2.03640066183021E-05
12,12,KNN,brute,45,uncalibrated,0.039,0,0
12,12,KNN,brute,45,uncalibrated,0.0394,0,0
12,12,KNN,brute,45,uncalibrated,0.0398,0,0
12,12,KNN,brute,45,uncalibrated,0.0402,0,0
12,12,KNN,brute,45,uncalibrated,0.041,0,0
12,12,KNN,brute,47,uncalibrated,0.036,0,0
12,12,KNN,brute,47,uncalibrated,0.0366,0,0
12,12,KNN,brute,47,uncalibrated,0.037,0,0
12,12,KNN,brute,47,uncalibrated,0.0374,0.000560996877300591,0.000559702239433483
12,12,KNN,brute,47,uncalibrated,0.0378,0.130830785671036,0.0300280411055017
12,12,KNN,brute,47,uncalibrated,0.0382,0.0842313963777885,0.034598275099212
12,12,KNN,brute,47,uncalibrated,0.0386,1.86677742879433E-05,1.8667774287941E-05
12,12,KNN,brute,47,uncalibrated,0.039,0,0
12,12,KNN,brute,47,uncalibrated,0.0394,0,0
12,12,KNN,brute,47,uncalibrated,0.0398,0,0
12,12,KNN,brute,47,uncalibrated,0.0402,0,0
12,12,KNN,brute,47,uncalibrated,0.041,0,0
12,12,KNN,brute,49,uncalibrated,0.036,0,0
12,12,KNN,brute,49,uncalibrated,0.0366,0,0
12,12,KNN,brute,49,uncalibrated,0.037,0,0
12,12,KNN,brute,49,uncalibrated,0.0374,0.000590345985632492,0.000588975393333227
12,12,KNN,brute,49,uncalibrated,0.0378,0.131343423221749,0.0300512744017632
12,12,KNN,brute,49,uncalibrated,0.0382,0.0837593611813612,0.034440517704133
12,12,KNN,brute,49,uncalibrated,0.0386,1.71749743448811E-05,1.71749743448821E-05
12,12,KNN,brute,49,uncalibrated,0.039,0,0
12,12,KNN,brute,49,uncalibrated,0.0394,0,0
12,12,KNN,brute,49,uncalibrated,0.0398,0,0
12,12,KNN,brute,49,uncalibrated,0.0402,0,0
12,12,KNN,brute,49,uncalibrated,0.041,0,0
12,12,KNN,brute,51,uncalibrated,0.036,0,0
12,12,KNN,brute,51,uncalibrated,0.0366,0,0
12,12,KNN,brute,51,uncalibrated,0.037,0,0
12,12,KNN,brute,51,uncalibrated,0.0374,0.000569967651300433,0.000568670007549791
12,12,KNN,brute,51,uncalibrated,0.0378,0.132046055612973,0.0300867214335513
12,12,KNN,brute,51,uncalibrated,0.0382,0.0835897438599058,0.0344657936807455
12,12,KNN,brute,51,uncalibrated,0.0386,1.58543304121726E-05,1.5854330412173E-05
12,12,KNN,brute,51,uncalibrated,0.039,0,0
12,12,KNN,brute,51,uncalibrated,0.0394,0,0
12,12,KNN,brute,51,uncalibrated,0.0398,0,0
12,12,KNN,brute,51,uncalibrated,0.0402,0,0
12,12,KNN,brute,51,uncalibrated,0.041,0,0
12,12,KNN,brute,61,uncalibrated,0.036,0,0
12,12,KNN,brute,61,uncalibrated,0.0366,0,0
12,12,KNN,brute,61,uncalibrated,0.037,0,0
12,12,KNN,brute,61,uncalibrated,0.0374,0.000734948070238746,0.000733059441103402
12,12,KNN,brute,61,uncalibrated,0.0378,0.134456248370629,0.0301482350898685
12,12,KNN,brute,61,uncalibrated,0.0382,0.082492735984613,0.0342430482727331
12,12,KNN,brute,61,uncalibrated,0.0386,1.10822664343067E-05,1.10822664343085E-05
12,12,KNN,brute,61,uncalibrated,0.039,0,0
12,12,KNN,brute,61,uncalibrated,0.0394,0,0
12,12,KNN,brute,61,uncalibrated,0.0398,0,0
12,12,KNN,brute,61,uncalibrated,0.0402,0,0
12,12,KNN,brute,61,uncalibrated,0.041,0,0
12,12,KNN,brute,81,uncalibrated,0.036,0,0
12,12,KNN,brute,81,uncalibrated,0.0366,0,0
12,12,KNN,brute,81,uncalibrated,0.037,0,0
12,12,KNN,brute,81,uncalibrated,0.0374,0.000902902071005691,0.000900379988933563
12,12,KNN,brute,81,uncalibrated,0.0378,0.137205601439353,0.0302272264122589
12,12,KNN,brute,81,uncalibrated,0.0382,0.0809586860043897,0.0339275408555102
12,12,KNN,brute,81,uncalibrated,0.0386,1.41416712627097E-05,1.41416712627098E-05
12,12,KNN,brute,81,uncalibrated,0.039,0,0
12,12,KNN,brute,81,uncalibrated,0.0394,0,0
12,12,KNN,brute,81,uncalibrated,0.0398,0,0
12,12,KNN,brute,81,uncalibrated,0.0402,0,0
12,12,KNN,brute,81,uncalibrated,0.041,0,0
12,12,KNN,brute,101,uncalibrated,0.036,0,0
12,12,KNN,brute,101,uncalibrated,0.0366,0,0
12,12,KNN,brute,101,uncalibrated,0.037,0,0
12,12,KNN,brute,101,uncalibrated,0.0374,0.000970878497274656,0.0009681710031005
12,12,KNN,brute,101,uncalibrated,0.0378,0.139248647625518,0.0300349666892342
12,12,KNN,brute,101,uncalibrated,0.0382,0.0794247301792119,0.033647071481679
12,12,KNN,brute,101,uncalibrated,0.0386,9.09553035532112E-06,9.09553035532195E-06
12,12,KNN,brute,101,uncalibrated,0.039,0,0
12,12,KNN,brute,101,uncalibrated,0.0394,0,0
12,12,KNN,brute,101,uncalibrated,0.0398,0,0
12,12,KNN,brute,101,uncalibrated,0.0402,0,0
12,12,KNN,brute,101,uncalibrated,0.041,0,0
12,12,KNN,brute,151,uncalibrated,0.036,0,0
12,12,KNN,brute,151,uncalibrated,0.0366,0,0
12,12,KNN,brute,151,uncalibrated,0.037,0,0
12,12,KNN,brute,151,uncalibrated,0.0374,0.00123890776958678,0.00123506064473566
12,12,KNN,brute,151,uncalibrated,0.0378,0.143778156047574,0.0298431395647917
12,12,KNN,brute,151,uncalibrated,0.0382,0.0770183604624641,0.0332127727908831
12,12,KNN,brute,151,uncalibrated,0.0386,5.02379444883743E-06,5.02379444883776E-06
12,12,KNN,brute,151,uncalibrated,0.039,0,0
12,12,KNN,brute,151,uncalibrated,0.0394,0,0
12,12,KNN,brute,151,uncalibrated,0.0398,0,0
12,12,KNN,brute,151,uncalibrated,0.0402,0,0
12,12,KNN,brute,151,uncalibrated,0.041,0,0
12,12,KNN,brute,201,uncalibrated,0.036,0,0
12,12,KNN,brute,201,uncalibrated,0.0366,0,0
12,12,KNN,brute,201,uncalibrated,0.037,0,0
12,12,KNN,brute,201,uncalibrated,0.0374,0.00140910186954369,0.00140426271202086
12,12,KNN,brute,201,uncalibrated,0.0378,0.14673403656759,0.0297507534360183
12,12,KNN,brute,201,uncalibrated,0.0382,0.0752761167741384,0.0328938819464937
12,12,KNN,brute,201,uncalibrated,0.0386,3.43067052909178E-06,3.43067052909133E-06
12,12,KNN,brute,201,uncalibrated,0.039,0,0
12,12,KNN,brute,201,uncalibrated,0.0394,0,0
12,12,KNN,brute,201,uncalibrated,0.0398,0,0
12,12,KNN,brute,201,uncalibrated,0.0402,0,0
12,12,KNN,brute,201,uncalibrated,0.041,0,0
