feature_set,n_features,model,algorithm,n_neighbors,calibration,Delta,chi,chi_err
30,30,KNN,auto,1,uncalibrated,-0.128,0.0,0.0
30,30,KNN,auto,1,uncalibrated,-0.126,0.0,0.0
30,30,KNN,auto,1,uncalibrated,-0.124,0.0,0.0
30,30,KNN,auto,1,uncalibrated,-0.122,0.0,0.0
30,30,KNN,auto,1,uncalibrated,-0.12,0.0,0.0
30,30,KNN,auto,1,uncalibrated,-0.118,0.0,0.0
30,30,KNN,auto,1,uncalibrated,-0.116,0.0,0.0
30,30,KNN,auto,1,uncalibrated,-0.114,0.0,0.0
30,30,KNN,auto,1,uncalibrated,-0.112,0.0,0.0
30,30,KNN,auto,1,uncalibrated,-0.11,0.0,0.0
30,30,KNN,auto,1,uncalibrated,-0.108,0.0,0.0
30,30,KNN,auto,3,uncalibrated,-0.128,0.0,0.0
30,30,KNN,auto,3,uncalibrated,-0.126,0.0,0.0
30,30,KNN,auto,3,uncalibrated,-0.124,0.0,0.0
30,30,KNN,auto,3,uncalibrated,-0.122,0.0,0.0
30,30,KNN,auto,3,uncalibrated,-0.12,0.0,0.0
30,30,KNN,auto,3,uncalibrated,-0.118,0.0,0.0
30,30,KNN,auto,3,uncalibrated,-0.116,0.0,0.0
30,30,KNN,auto,3,uncalibrated,-0.114,0.0,0.0
30,30,KNN,auto,3,uncalibrated,-0.112,0.0,0.0
30,30,KNN,auto,3,uncalibrated,-0.11,0.0,0.0
30,30,KNN,auto,3,uncalibrated,-0.108,0.0,0.0
30,30,KNN,auto,5,uncalibrated,-0.128,0.0,0.0
30,30,KNN,auto,5,uncalibrated,-0.126,0.0,0.0
30,30,KNN,auto,5,uncalibrated,-0.124,0.0,0.0
30,30,KNN,auto,5,uncalibrated,-0.122,0.0,0.0
30,30,KNN,auto,5,uncalibrated,-0.12,0.0,0.0
30,30,KNN,auto,5,uncalibrated,-0.118,0.0,0.0
30,30,KNN,auto,5,uncalibrated,-0.116,0.0,0.0
30,30,KNN,auto,5,uncalibrated,-0.114,0.0,0.0
30,30,KNN,auto,5,uncalibrated,-0.112,0.0,0.0
30,30,KNN,auto,5,uncalibrated,-0.11,0.0,0.0
30,30,KNN,auto,5,uncalibrated,-0.108,0.0,0.0
30,30,KNN,auto,7,uncalibrated,-0.128,0.0,0.0
30,30,KNN,auto,7,uncalibrated,-0.126,0.0,0.0
30,30,KNN,auto,7,uncalibrated,-0.124,0.0,0.0
30,30,KNN,auto,7,uncalibrated,-0.122,0.0,0.0
30,30,KNN,auto,7,uncalibrated,-0.12,0.0,0.0
30,30,KNN,auto,7,uncalibrated,-0.118,0.0,0.0
30,30,KNN,auto,7,uncalibrated,-0.116,0.0,0.0
30,30,KNN,auto,7,uncalibrated,-0.114,0.0,0.0
30,30,KNN,auto,7,uncalibrated,-0.112,0.0,0.0
30,30,KNN,auto,7,uncalibrated,-0.11,0.0,0.0
30,30,KNN,auto,7,uncalibrated,-0.108,0.0,0.0
30,30,KNN,auto,9,uncalibrated,-0.128,0.0,0.0
30,30,KNN,auto,9,uncalibrated,-0.126,0.0,0.0
30,30,KNN,auto,9,uncalibrated,-0.124,0.0,0.0
30,30,KNN,auto,9,uncalibrated,-0.122,0.0,0.0
30,30,KNN,auto,9,uncalibrated,-0.12,0.0,0.0
30,30,KNN,auto,9,uncalibrated,-0.118,0.0,0.0
30,30,KNN,auto,9,uncalibrated,-0.116,0.0,0.0
30,30,KNN,auto,9,uncalibrated,-0.114,0.0,0.0
30,30,KNN,auto,9,uncalibrated,-0.112,0.0,0.0
30,30,KNN,auto,9,uncalibrated,-0.11,0.0,0.0
30,30,KNN,auto,9,uncalibrated,-0.108,0.0,0.0
30,30,KNN,auto,11,uncalibrated,-0.128,0.0,0.0
30,30,KNN,auto,11,uncalibrated,-0.126,0.0,0.0
30,30,KNN,auto,11,uncalibrated,-0.124,0.0,0.0
30,30,KNN,auto,11,uncalibrated,-0.122,0.0,0.0
30,30,KNN,auto,11,uncalibrated,-0.12,0.0,0.0
30,30,KNN,auto,11,uncalibrated,-0.118,0.0,0.0
30,30,KNN,auto,11,uncalibrated,-0.116,0.0,0.0
30,30,KNN,auto,11,uncalibrated,-0.114,0.0,0.0
30,30,KNN,auto,11,uncalibrated,-0.112,0.0,0.0
30,30,KNN,auto,11,uncalibrated,-0.11,0.0,0.0
30,30,KNN,auto,11,uncalibrated,-0.108,0.0,0.0
30,30,KNN,auto,13,uncalibrated,-0.128,0.0,0.0
30,30,KNN,auto,13,uncalibrated,-0.126,0.0,0.0
30,30,KNN,auto,13,uncalibrated,-0.124,0.0,0.0
30,30,KNN,auto,13,uncalibrated,-0.122,0.0,0.0
30,30,KNN,auto,13,uncalibrated,-0.12,0.0,0.0
30,30,KNN,auto,13,uncalibrated,-0.118,0.0,0.0
30,30,KNN,auto,13,uncalibrated,-0.116,0.0,0.0
30,30,KNN,auto,13,uncalibrated,-0.114,0.0,0.0
30,30,KNN,auto,13,uncalibrated,-0.112,0.0,0.0
30,30,KNN,auto,13,uncalibrated,-0.11,0.0,0.0
30,30,KNN,auto,13,uncalibrated,-0.108,0.0,0.0
30,30,KNN,auto,15,uncalibrated,-0.128,0.0,0.0
30,30,KNN,auto,15,uncalibrated,-0.126,0.0,0.0
30,30,KNN,auto,15,uncalibrated,-0.124,0.0,0.0
30,30,KNN,auto,15,uncalibrated,-0.122,0.0,0.0
30,30,KNN,auto,15,uncalibrated,-0.12,0.0,0.0
30,30,KNN,auto,15,uncalibrated,-0.118,0.0,0.0
30,30,KNN,auto,15,uncalibrated,-0.116,0.0,0.0
30,30,KNN,auto,15,uncalibrated,-0.114,0.0,0.0
30,30,KNN,auto,15,uncalibrated,-0.112,0.0,0.0
30,30,KNN,auto,15,uncalibrated,-0.11,0.0,0.0
30,30,KNN,auto,15,uncalibrated,-0.108,0.0,0.0
30,30,KNN,auto,17,uncalibrated,-0.128,0.0,0.0
30,30,KNN,auto,17,uncalibrated,-0.126,0.0,0.0
30,30,KNN,auto,17,uncalibrated,-0.124,0.0,0.0
30,30,KNN,auto,17,uncalibrated,-0.122,0.0,0.0
30,30,KNN,auto,17,uncalibrated,-0.12,0.0,0.0
30,30,KNN,auto,17,uncalibrated,-0.118,0.0,0.0
30,30,KNN,auto,17,uncalibrated,-0.116,0.0,0.0
30,30,KNN,auto,17,uncalibrated,-0.114,0.0,0.0
30,30,KNN,auto,17,uncalibrated,-0.112,0.0,0.0
30,30,KNN,auto,17,uncalibrated,-0.11,0.0,0.0
30,30,KNN,auto,17,uncalibrated,-0.108,0.0,0.0
30,30,KNN,auto,19,uncalibrated,-0.128,0.0,0.0
30,30,KNN,auto,19,uncalibrated,-0.126,0.0,0.0
30,30,KNN,auto,19,uncalibrated,-0.124,0.0,0.0
30,30,KNN,auto,19,uncalibrated,-0.122,0.0,0.0
30,30,KNN,auto,19,uncalibrated,-0.12,0.0,0.0
30,30,KNN,auto,19,uncalibrated,-0.118,0.0,0.0
30,30,KNN,auto,19,uncalibrated,-0.116,0.0,0.0
30,30,KNN,auto,19,uncalibrated,-0.114,0.0,0.0
30,30,KNN,auto,19,uncalibrated,-0.112,0.0,0.0
30,30,KNN,auto,19,uncalibrated,-0.11,0.0,0.0
30,30,KNN,auto,19,uncalibrated,-0.108,0.0,0.0
30,30,KNN,auto,21,uncalibrated,-0.128,0.0,0.0
30,30,KNN,auto,21,uncalibrated,-0.126,0.0,0.0
30,30,KNN,auto,21,uncalibrated,-0.124,0.0,0.0
30,30,KNN,auto,21,uncalibrated,-0.122,0.0,0.0
30,30,KNN,auto,21,uncalibrated,-0.12,0.0,0.0
30,30,KNN,auto,21,uncalibrated,-0.118,0.0,0.0
30,30,KNN,auto,21,uncalibrated,-0.116,0.0,0.0
30,30,KNN,auto,21,uncalibrated,-0.114,0.0,0.0
30,30,KNN,auto,21,uncalibrated,-0.112,0.0,0.0
30,30,KNN,auto,21,uncalibrated,-0.11,0.0,0.0
30,30,KNN,auto,21,uncalibrated,-0.108,0.0,0.0
30,30,KNN,auto,23,uncalibrated,-0.128,0.0,0.0
30,30,KNN,auto,23,uncalibrated,-0.126,0.0,0.0
30,30,KNN,auto,23,uncalibrated,-0.124,0.0,0.0
30,30,KNN,auto,23,uncalibrated,-0.122,0.0,0.0
30,30,KNN,auto,23,uncalibrated,-0.12,0.0,0.0
30,30,KNN,auto,23,uncalibrated,-0.118,0.0,0.0
30,30,KNN,auto,23,uncalibrated,-0.116,0.0,0.0
30,30,KNN,auto,23,uncalibrated,-0.114,0.0,0.0
30,30,KNN,auto,23,uncalibrated,-0.112,0.0,0.0
30,30,KNN,auto,23,uncalibrated,-0.11,0.0,0.0
30,30,KNN,auto,23,uncalibrated,-0.108,0.0,0.0
30,30,KNN,auto,25,uncalibrated,-0.128,0.0,0.0
30,30,KNN,auto,25,uncalibrated,-0.126,0.0,0.0
30,30,KNN,auto,25,uncalibrated,-0.124,0.0,0.0
30,30,KNN,auto,25,uncalibrated,-0.122,0.0,0.0
30,30,KNN,auto,25,uncalibrated,-0.12,0.0,0.0
30,30,KNN,auto,25,uncalibrated,-0.118,0.0,0.0
30,30,KNN,auto,25,uncalibrated,-0.116,0.0,0.0
30,30,KNN,auto,25,uncalibrated,-0.114,0.0,0.0
30,30,KNN,auto,25,uncalibrated,-0.112,0.0,0.0
30,30,KNN,auto,25,uncalibrated,-0.11,0.0,0.0
30,30,KNN,auto,25,uncalibrated,-0.108,0.0,0.0
30,30,KNN,auto,27,uncalibrated,-0.128,0.0,0.0
30,30,KNN,auto,27,uncalibrated,-0.126,0.0,0.0
30,30,KNN,auto,27,uncalibrated,-0.124,0.0,0.0
30,30,KNN,auto,27,uncalibrated,-0.122,0.0,0.0
30,30,KNN,auto,27,uncalibrated,-0.12,0.0,0.0
30,30,KNN,auto,27,uncalibrated,-0.118,0.0,0.0
30,30,KNN,auto,27,uncalibrated,-0.116,0.0,0.0
30,30,KNN,auto,27,uncalibrated,-0.114,0.0,0.0
30,30,KNN,auto,27,uncalibrated,-0.112,0.0,0.0
30,30,KNN,auto,27,uncalibrated,-0.11,0.0,0.0
30,30,KNN,auto,27,uncalibrated,-0.108,0.0,0.0
30,30,KNN,auto,29,uncalibrated,-0.128,0.0,0.0
30,30,KNN,auto,29,uncalibrated,-0.126,0.0,0.0
30,30,KNN,auto,29,uncalibrated,-0.124,0.0,0.0
30,30,KNN,auto,29,uncalibrated,-0.122,0.0,0.0
30,30,KNN,auto,29,uncalibrated,-0.12,0.0,0.0
30,30,KNN,auto,29,uncalibrated,-0.118,0.0,0.0
30,30,KNN,auto,29,uncalibrated,-0.116,0.0,0.0
30,30,KNN,auto,29,uncalibrated,-0.114,0.0,0.0
30,30,KNN,auto,29,uncalibrated,-0.112,2.086071301916947e-05,2.086071301917101e-05
30,30,KNN,auto,29,uncalibrated,-0.11,0.0,0.0
30,30,KNN,auto,29,uncalibrated,-0.108,0.0,0.0
30,30,KNN,auto,31,uncalibrated,-0.128,0.0,0.0
30,30,KNN,auto,31,uncalibrated,-0.126,0.0,0.0
30,30,KNN,auto,31,uncalibrated,-0.124,0.0,0.0
30,30,KNN,auto,31,uncalibrated,-0.122,0.0,0.0
30,30,KNN,auto,31,uncalibrated,-0.12,0.0,0.0
30,30,KNN,auto,31,uncalibrated,-0.118,0.0,0.0
30,30,KNN,auto,31,uncalibrated,-0.116,0.0,0.0
30,30,KNN,auto,31,uncalibrated,-0.114,0.0,0.0
30,30,KNN,auto,31,uncalibrated,-0.112,7.302334921590666e-05,7.302334921591177e-05
30,30,KNN,auto,31,uncalibrated,-0.11,0.0,0.0
30,30,KNN,auto,31,uncalibrated,-0.108,0.0,0.0
30,30,KNN,auto,33,uncalibrated,-0.128,0.0,0.0
30,30,KNN,auto,33,uncalibrated,-0.126,0.0,0.0
30,30,KNN,auto,33,uncalibrated,-0.124,0.0,0.0
30,30,KNN,auto,33,uncalibrated,-0.122,0.0,0.0
30,30,KNN,auto,33,uncalibrated,-0.12,0.0,0.0
30,30,KNN,auto,33,uncalibrated,-0.118,0.0,0.0
30,30,KNN,auto,33,uncalibrated,-0.116,0.0,0.0
30,30,KNN,auto,33,uncalibrated,-0.114,0.0,0.0
30,30,KNN,auto,33,uncalibrated,-0.112,0.00014499057561258318,0.00014499057561258533
30,30,KNN,auto,33,uncalibrated,-0.11,0.0,0.0
30,30,KNN,auto,33,uncalibrated,-0.108,0.0,0.0
30,30,KNN,auto,35,uncalibrated,-0.128,0.0,0.0
30,30,KNN,auto,35,uncalibrated,-0.126,0.0,0.0
30,30,KNN,auto,35,uncalibrated,-0.124,0.0,0.0
30,30,KNN,auto,35,uncalibrated,-0.122,0.0,0.0
30,30,KNN,auto,35,uncalibrated,-0.12,0.0,0.0
30,30,KNN,auto,35,uncalibrated,-0.118,0.0,0.0
30,30,KNN,auto,35,uncalibrated,-0.116,0.0,0.0
30,30,KNN,auto,35,uncalibrated,-0.114,0.0,0.0
30,30,KNN,auto,35,uncalibrated,-0.112,0.00022914428929464065,0.0002291442892946652
30,30,KNN,auto,35,uncalibrated,-0.11,0.0,0.0
30,30,KNN,auto,35,uncalibrated,-0.108,0.0,0.0
30,30,KNN,auto,37,uncalibrated,-0.128,0.0,0.0
30,30,KNN,auto,37,uncalibrated,-0.126,0.0,0.0
30,30,KNN,auto,37,uncalibrated,-0.124,0.0,0.0
30,30,KNN,auto,37,uncalibrated,-0.122,0.0,0.0
30,30,KNN,auto,37,uncalibrated,-0.12,0.0,0.0
30,30,KNN,auto,37,uncalibrated,-0.118,0.0,0.0
30,30,KNN,auto,37,uncalibrated,-0.116,0.0,0.0
30,30,KNN,auto,37,uncalibrated,-0.114,0.0,0.0
30,30,KNN,auto,37,uncalibrated,-0.112,0.0003203772762805152,0.0003203772762805481
30,30,KNN,auto,37,uncalibrated,-0.11,0.0,0.0
30,30,KNN,auto,37,uncalibrated,-0.108,0.0,0.0
30,30,KNN,auto,39,uncalibrated,-0.128,0.0,0.0
30,30,KNN,auto,39,uncalibrated,-0.126,0.0,0.0
30,30,KNN,auto,39,uncalibrated,-0.124,0.0,0.0
30,30,KNN,auto,39,uncalibrated,-0.122,0.0,0.0
30,30,KNN,auto,39,uncalibrated,-0.12,0.0,0.0
30,30,KNN,auto,39,uncalibrated,-0.118,0.0,0.0
30,30,KNN,auto,39,uncalibrated,-0.116,0.0,0.0
30,30,KNN,auto,39,uncalibrated,-0.114,0.0,0.0
30,30,KNN,auto,39,uncalibrated,-0.112,0.0004152392816360306,0.0004152392816360429
30,30,KNN,auto,39,uncalibrated,-0.11,0.0,0.0
30,30,KNN,auto,39,uncalibrated,-0.108,0.0,0.0
30,30,KNN,auto,41,uncalibrated,-0.128,0.0,0.0
30,30,KNN,auto,41,uncalibrated,-0.126,0.0,0.0
30,30,KNN,auto,41,uncalibrated,-0.124,0.0,0.0
30,30,KNN,auto,41,uncalibrated,-0.122,0.0,0.0
30,30,KNN,auto,41,uncalibrated,-0.12,0.0,0.0
30,30,KNN,auto,41,uncalibrated,-0.118,0.0,0.0
30,30,KNN,auto,41,uncalibrated,-0.116,0.0,0.0
30,30,KNN,auto,41,uncalibrated,-0.114,0.0,0.0
30,30,KNN,auto,41,uncalibrated,-0.112,0.0005113915067263558,0.0005113915067263637
30,30,KNN,auto,41,uncalibrated,-0.11,0.0,0.0
30,30,KNN,auto,41,uncalibrated,-0.108,0.0,0.0
30,30,KNN,auto,43,uncalibrated,-0.128,0.0,0.0
30,30,KNN,auto,43,uncalibrated,-0.126,0.0,0.0
30,30,KNN,auto,43,uncalibrated,-0.124,0.0,0.0
30,30,KNN,auto,43,uncalibrated,-0.122,0.0,0.0
30,30,KNN,auto,43,uncalibrated,-0.12,0.0,0.0
30,30,KNN,auto,43,uncalibrated,-0.118,0.0,0.0
30,30,KNN,auto,43,uncalibrated,-0.116,0.0,0.0
30,30,KNN,auto,43,uncalibrated,-0.114,0.0,0.0
30,30,KNN,auto,43,uncalibrated,-0.112,0.0006092856550809866,0.0006068883840500435
30,30,KNN,auto,43,uncalibrated,-0.11,0.0,0.0
30,30,KNN,auto,43,uncalibrated,-0.108,0.0,0.0
30,30,KNN,auto,45,uncalibrated,-0.128,0.0,0.0
30,30,KNN,auto,45,uncalibrated,-0.126,0.0,0.0
30,30,KNN,auto,45,uncalibrated,-0.124,0.0,0.0
30,30,KNN,auto,45,uncalibrated,-0.122,0.0,0.0
30,30,KNN,auto,45,uncalibrated,-0.12,0.0,0.0
30,30,KNN,auto,45,uncalibrated,-0.118,0.0,0.0
30,30,KNN,auto,45,uncalibrated,-0.116,0.0,0.0
30,30,KNN,auto,45,uncalibrated,-0.114,0.0,0.0
30,30,KNN,auto,45,uncalibrated,-0.112,0.0007220274915002495,0.0007003841239515631
30,30,KNN,auto,45,uncalibrated,-0.11,0.0,0.0
30,30,KNN,auto,45,uncalibrated,-0.108,0.0,0.0
30,30,KNN,auto,47,uncalibrated,-0.128,0.0,0.0
30,30,KNN,auto,47,uncalibrated,-0.126,0.0,0.0
30,30,KNN,auto,47,uncalibrated,-0.124,0.0,0.0
30,30,KNN,auto,47,uncalibrated,-0.122,0.0,0.0
30,30,KNN,auto,47,uncalibrated,-0.12,0.0,0.0
30,30,KNN,auto,47,uncalibrated,-0.118,0.0,0.0
30,30,KNN,auto,47,uncalibrated,-0.116,0.0,0.0
30,30,KNN,auto,47,uncalibrated,-0.114,0.0,0.0
30,30,KNN,auto,47,uncalibrated,-0.112,0.0008588833397491661,0.0007931228231929427
30,30,KNN,auto,47,uncalibrated,-0.11,0.0,0.0
30,30,KNN,auto,47,uncalibrated,-0.108,0.0,0.0
30,30,KNN,auto,49,uncalibrated,-0.128,0.0,0.0
30,30,KNN,auto,49,uncalibrated,-0.126,0.0,0.0
30,30,KNN,auto,49,uncalibrated,-0.124,0.0,0.0
30,30,KNN,auto,49,uncalibrated,-0.122,0.0,0.0
30,30,KNN,auto,49,uncalibrated,-0.12,0.0,0.0
30,30,KNN,auto,49,uncalibrated,-0.118,0.0,0.0
30,30,KNN,auto,49,uncalibrated,-0.116,0.0,0.0
30,30,KNN,auto,49,uncalibrated,-0.114,0.0,0.0
30,30,KNN,auto,49,uncalibrated,-0.112,0.0009989439809455053,0.0008860691669018868
30,30,KNN,auto,49,uncalibrated,-0.11,0.0,0.0
30,30,KNN,auto,49,uncalibrated,-0.108,0.0,0.0
30,30,KNN,auto,51,uncalibrated,-0.128,0.0,0.0
30,30,KNN,auto,51,uncalibrated,-0.126,0.0,0.0
30,30,KNN,auto,51,uncalibrated,-0.124,0.0,0.0
30,30,KNN,auto,51,uncalibrated,-0.122,0.0,0.0
30,30,KNN,auto,51,uncalibrated,-0.12,0.0,0.0
30,30,KNN,auto,51,uncalibrated,-0.118,0.0,0.0
30,30,KNN,auto,51,uncalibrated,-0.116,0.0,0.0
30,30,KNN,auto,51,uncalibrated,-0.114,0.0,0.0
30,30,KNN,auto,51,uncalibrated,-0.112,0.001032716748502023,0.0010277817941506155
30,30,KNN,auto,51,uncalibrated,-0.11,0.0,0.0
30,30,KNN,auto,51,uncalibrated,-0.108,0.0,0.0
30,30,KNN,auto,61,uncalibrated,-0.128,0.0,0.0
30,30,KNN,auto,61,uncalibrated,-0.126,0.0,0.0
30,30,KNN,auto,61,uncalibrated,-0.124,0.0,0.0
30,30,KNN,auto,61,uncalibrated,-0.122,0.0,0.0
30,30,KNN,auto,61,uncalibrated,-0.12,0.0,0.0
30,30,KNN,auto,61,uncalibrated,-0.118,0.0,0.0
30,30,KNN,auto,61,uncalibrated,-0.116,0.0,0.0
30,30,KNN,auto,61,uncalibrated,-0.114,0.0,0.0
30,30,KNN,auto,61,uncalibrated,-0.112,0.0017395940897898708,0.0017284038474079417
30,30,KNN,auto,61,uncalibrated,-0.11,0.0,0.0
30,30,KNN,auto,61,uncalibrated,-0.108,0.0,0.0
30,30,KNN,auto,81,uncalibrated,-0.128,0.0,0.0
30,30,KNN,auto,81,uncalibrated,-0.126,0.0,0.0
30,30,KNN,auto,81,uncalibrated,-0.124,0.0,0.0
30,30,KNN,auto,81,uncalibrated,-0.122,0.0,0.0
30,30,KNN,auto,81,uncalibrated,-0.12,0.0,0.0
30,30,KNN,auto,81,uncalibrated,-0.118,0.0,0.0
30,30,KNN,auto,81,uncalibrated,-0.116,0.0,0.0
30,30,KNN,auto,81,uncalibrated,-0.114,6.307548461617351e-05,6.126462864527237e-05
30,30,KNN,auto,81,uncalibrated,-0.112,0.002988172042406919,0.002965505387095431
30,30,KNN,auto,81,uncalibrated,-0.11,0.0,0.0
30,30,KNN,auto,81,uncalibrated,-0.108,0.0,0.0
30,30,KNN,auto,101,uncalibrated,-0.128,0.0,0.0
30,30,KNN,auto,101,uncalibrated,-0.126,0.0,0.0
30,30,KNN,auto,101,uncalibrated,-0.124,0.0,0.0
30,30,KNN,auto,101,uncalibrated,-0.122,0.0,0.0
30,30,KNN,auto,101,uncalibrated,-0.12,0.0,0.0
30,30,KNN,auto,101,uncalibrated,-0.118,0.0,0.0
30,30,KNN,auto,101,uncalibrated,-0.116,0.0,0.0
30,30,KNN,auto,101,uncalibrated,-0.114,0.00029962561004946654,0.00029820411560312966
30,30,KNN,auto,101,uncalibrated,-0.112,0.004319701033574362,0.004130857788628611
30,30,KNN,auto,101,uncalibrated,-0.11,0.0,0.0
30,30,KNN,auto,101,uncalibrated,-0.108,0.0,0.0
30,30,KNN,auto,151,uncalibrated,-0.128,0.0,0.0
30,30,KNN,auto,151,uncalibrated,-0.126,0.0,0.0
30,30,KNN,auto,151,uncalibrated,-0.124,0.0,0.0
30,30,KNN,auto,151,uncalibrated,-0.122,0.0,0.0
30,30,KNN,auto,151,uncalibrated,-0.12,0.0,0.0
30,30,KNN,auto,151,uncalibrated,-0.118,0.0,0.0
30,30,KNN,auto,151,uncalibrated,-0.116,0.0,0.0
30,30,KNN,auto,151,uncalibrated,-0.114,0.0018175174799626636,0.001794382624204379
30,30,KNN,auto,151,uncalibrated,-0.112,0.007484545709645423,0.006529168515010462
30,30,KNN,auto,151,uncalibrated,-0.11,6.4497198157919214e-06,6.434951454520232e-06
30,30,KNN,auto,151,uncalibrated,-0.108,1.2310940501993858e-05,1.231094050199399e-05
30,30,KNN,auto,201,uncalibrated,-0.128,0.0,0.0
30,30,KNN,auto,201,uncalibrated,-0.126,0.0,0.0
30,30,KNN,auto,201,uncalibrated,-0.124,0.0,0.0
30,30,KNN,auto,201,uncalibrated,-0.122,0.0,0.0
30,30,KNN,auto,201,uncalibrated,-0.12,0.0,0.0
30,30,KNN,auto,201,uncalibrated,-0.118,0.0,0.0
30,30,KNN,auto,201,uncalibrated,-0.116,0.0,0.0
30,30,KNN,auto,201,uncalibrated,-0.114,0.003882617879715002,0.0036958608937700606
30,30,KNN,auto,201,uncalibrated,-0.112,0.010286786583353705,0.009577485229058208
30,30,KNN,auto,201,uncalibrated,-0.11,0.0005586704469266798,0.0005340525051491464
30,30,KNN,auto,201,uncalibrated,-0.108,0.0003704093160707295,0.00036914131438284416
30,30,KNN,kd_tree,1,uncalibrated,-0.128,0.0,0.0
30,30,KNN,kd_tree,1,uncalibrated,-0.126,0.0,0.0
30,30,KNN,kd_tree,1,uncalibrated,-0.124,0.0,0.0
30,30,KNN,kd_tree,1,uncalibrated,-0.122,0.0,0.0
30,30,KNN,kd_tree,1,uncalibrated,-0.12,0.0,0.0
30,30,KNN,kd_tree,1,uncalibrated,-0.118,0.0,0.0
30,30,KNN,kd_tree,1,uncalibrated,-0.116,0.0,0.0
30,30,KNN,kd_tree,1,uncalibrated,-0.114,0.0,0.0
30,30,KNN,kd_tree,1,uncalibrated,-0.112,0.0,0.0
30,30,KNN,kd_tree,1,uncalibrated,-0.11,0.0,0.0
30,30,KNN,kd_tree,1,uncalibrated,-0.108,0.0,0.0
30,30,KNN,kd_tree,3,uncalibrated,-0.128,0.0,0.0
30,30,KNN,kd_tree,3,uncalibrated,-0.126,0.0,0.0
30,30,KNN,kd_tree,3,uncalibrated,-0.124,0.0,0.0
30,30,KNN,kd_tree,3,uncalibrated,-0.122,0.0,0.0
30,30,KNN,kd_tree,3,uncalibrated,-0.12,0.0,0.0
30,30,KNN,kd_tree,3,uncalibrated,-0.118,0.0,0.0
30,30,KNN,kd_tree,3,uncalibrated,-0.116,0.0,0.0
30,30,KNN,kd_tree,3,uncalibrated,-0.114,0.0,0.0
30,30,KNN,kd_tree,3,uncalibrated,-0.112,0.0,0.0
30,30,KNN,kd_tree,3,uncalibrated,-0.11,0.0,0.0
30,30,KNN,kd_tree,3,uncalibrated,-0.108,0.0,0.0
30,30,KNN,kd_tree,5,uncalibrated,-0.128,0.0,0.0
30,30,KNN,kd_tree,5,uncalibrated,-0.126,0.0,0.0
30,30,KNN,kd_tree,5,uncalibrated,-0.124,0.0,0.0
30,30,KNN,kd_tree,5,uncalibrated,-0.122,0.0,0.0
30,30,KNN,kd_tree,5,uncalibrated,-0.12,0.0,0.0
30,30,KNN,kd_tree,5,uncalibrated,-0.118,0.0,0.0
30,30,KNN,kd_tree,5,uncalibrated,-0.116,0.0,0.0
30,30,KNN,kd_tree,5,uncalibrated,-0.114,0.0,0.0
30,30,KNN,kd_tree,5,uncalibrated,-0.112,0.0,0.0
30,30,KNN,kd_tree,5,uncalibrated,-0.11,0.0,0.0
30,30,KNN,kd_tree,5,uncalibrated,-0.108,0.0,0.0
30,30,KNN,kd_tree,7,uncalibrated,-0.128,0.0,0.0
30,30,KNN,kd_tree,7,uncalibrated,-0.126,0.0,0.0
30,30,KNN,kd_tree,7,uncalibrated,-0.124,0.0,0.0
30,30,KNN,kd_tree,7,uncalibrated,-0.122,0.0,0.0
30,30,KNN,kd_tree,7,uncalibrated,-0.12,0.0,0.0
30,30,KNN,kd_tree,7,uncalibrated,-0.118,0.0,0.0
30,30,KNN,kd_tree,7,uncalibrated,-0.116,0.0,0.0
30,30,KNN,kd_tree,7,uncalibrated,-0.114,0.0,0.0
30,30,KNN,kd_tree,7,uncalibrated,-0.112,0.0,0.0
30,30,KNN,kd_tree,7,uncalibrated,-0.11,0.0,0.0
30,30,KNN,kd_tree,7,uncalibrated,-0.108,0.0,0.0
30,30,KNN,kd_tree,9,uncalibrated,-0.128,0.0,0.0
30,30,KNN,kd_tree,9,uncalibrated,-0.126,0.0,0.0
30,30,KNN,kd_tree,9,uncalibrated,-0.124,0.0,0.0
30,30,KNN,kd_tree,9,uncalibrated,-0.122,0.0,0.0
30,30,KNN,kd_tree,9,uncalibrated,-0.12,0.0,0.0
30,30,KNN,kd_tree,9,uncalibrated,-0.118,0.0,0.0
30,30,KNN,kd_tree,9,uncalibrated,-0.116,0.0,0.0
30,30,KNN,kd_tree,9,uncalibrated,-0.114,0.0,0.0
30,30,KNN,kd_tree,9,uncalibrated,-0.112,0.0,0.0
30,30,KNN,kd_tree,9,uncalibrated,-0.11,0.0,0.0
30,30,KNN,kd_tree,9,uncalibrated,-0.108,0.0,0.0
30,30,KNN,kd_tree,11,uncalibrated,-0.128,0.0,0.0
30,30,KNN,kd_tree,11,uncalibrated,-0.126,0.0,0.0
30,30,KNN,kd_tree,11,uncalibrated,-0.124,0.0,0.0
30,30,KNN,kd_tree,11,uncalibrated,-0.122,0.0,0.0
30,30,KNN,kd_tree,11,uncalibrated,-0.12,0.0,0.0
30,30,KNN,kd_tree,11,uncalibrated,-0.118,0.0,0.0
30,30,KNN,kd_tree,11,uncalibrated,-0.116,0.0,0.0
30,30,KNN,kd_tree,11,uncalibrated,-0.114,0.0,0.0
30,30,KNN,kd_tree,11,uncalibrated,-0.112,0.0,0.0
30,30,KNN,kd_tree,11,uncalibrated,-0.11,0.0,0.0
30,30,KNN,kd_tree,11,uncalibrated,-0.108,0.0,0.0
30,30,KNN,kd_tree,13,uncalibrated,-0.128,0.0,0.0
30,30,KNN,kd_tree,13,uncalibrated,-0.126,0.0,0.0
30,30,KNN,kd_tree,13,uncalibrated,-0.124,0.0,0.0
30,30,KNN,kd_tree,13,uncalibrated,-0.122,0.0,0.0
30,30,KNN,kd_tree,13,uncalibrated,-0.12,0.0,0.0
30,30,KNN,kd_tree,13,uncalibrated,-0.118,0.0,0.0
30,30,KNN,kd_tree,13,uncalibrated,-0.116,0.0,0.0
30,30,KNN,kd_tree,13,uncalibrated,-0.114,0.0,0.0
30,30,KNN,kd_tree,13,uncalibrated,-0.112,0.0,0.0
30,30,KNN,kd_tree,13,uncalibrated,-0.11,0.0,0.0
30,30,KNN,kd_tree,13,uncalibrated,-0.108,0.0,0.0
30,30,KNN,kd_tree,15,uncalibrated,-0.128,0.0,0.0
30,30,KNN,kd_tree,15,uncalibrated,-0.126,0.0,0.0
30,30,KNN,kd_tree,15,uncalibrated,-0.124,0.0,0.0
30,30,KNN,kd_tree,15,uncalibrated,-0.122,0.0,0.0
30,30,KNN,kd_tree,15,uncalibrated,-0.12,0.0,0.0
30,30,KNN,kd_tree,15,uncalibrated,-0.118,0.0,0.0
30,30,KNN,kd_tree,15,uncalibrated,-0.116,0.0,0.0
30,30,KNN,kd_tree,15,uncalibrated,-0.114,0.0,0.0
30,30,KNN,kd_tree,15,uncalibrated,-0.112,0.0,0.0
30,30,KNN,kd_tree,15,uncalibrated,-0.11,0.0,0.0
30,30,KNN,kd_tree,15,uncalibrated,-0.108,0.0,0.0
30,30,KNN,kd_tree,17,uncalibrated,-0.128,0.0,0.0
30,30,KNN,kd_tree,17,uncalibrated,-0.126,0.0,0.0
30,30,KNN,kd_tree,17,uncalibrated,-0.124,0.0,0.0
30,30,KNN,kd_tree,17,uncalibrated,-0.122,0.0,0.0
30,30,KNN,kd_tree,17,uncalibrated,-0.12,0.0,0.0
30,30,KNN,kd_tree,17,uncalibrated,-0.118,0.0,0.0
30,30,KNN,kd_tree,17,uncalibrated,-0.116,0.0,0.0
30,30,KNN,kd_tree,17,uncalibrated,-0.114,0.0,0.0
30,30,KNN,kd_tree,17,uncalibrated,-0.112,0.0,0.0
30,30,KNN,kd_tree,17,uncalibrated,-0.11,0.0,0.0
30,30,KNN,kd_tree,17,uncalibrated,-0.108,0.0,0.0
30,30,KNN,kd_tree,19,uncalibrated,-0.128,0.0,0.0
30,30,KNN,kd_tree,19,uncalibrated,-0.126,0.0,0.0
30,30,KNN,kd_tree,19,uncalibrated,-0.124,0.0,0.0
30,30,KNN,kd_tree,19,uncalibrated,-0.122,0.0,0.0
30,30,KNN,kd_tree,19,uncalibrated,-0.12,0.0,0.0
30,30,KNN,kd_tree,19,uncalibrated,-0.118,0.0,0.0
30,30,KNN,kd_tree,19,uncalibrated,-0.116,0.0,0.0
30,30,KNN,kd_tree,19,uncalibrated,-0.114,0.0,0.0
30,30,KNN,kd_tree,19,uncalibrated,-0.112,0.0,0.0
30,30,KNN,kd_tree,19,uncalibrated,-0.11,0.0,0.0
30,30,KNN,kd_tree,19,uncalibrated,-0.108,0.0,0.0
30,30,KNN,kd_tree,21,uncalibrated,-0.128,0.0,0.0
30,30,KNN,kd_tree,21,uncalibrated,-0.126,0.0,0.0
30,30,KNN,kd_tree,21,uncalibrated,-0.124,0.0,0.0
30,30,KNN,kd_tree,21,uncalibrated,-0.122,0.0,0.0
30,30,KNN,kd_tree,21,uncalibrated,-0.12,0.0,0.0
30,30,KNN,kd_tree,21,uncalibrated,-0.118,0.0,0.0
30,30,KNN,kd_tree,21,uncalibrated,-0.116,0.0,0.0
30,30,KNN,kd_tree,21,uncalibrated,-0.114,0.0,0.0
30,30,KNN,kd_tree,21,uncalibrated,-0.112,0.0,0.0
30,30,KNN,kd_tree,21,uncalibrated,-0.11,0.0,0.0
30,30,KNN,kd_tree,21,uncalibrated,-0.108,0.0,0.0
30,30,KNN,kd_tree,23,uncalibrated,-0.128,0.0,0.0
30,30,KNN,kd_tree,23,uncalibrated,-0.126,0.0,0.0
30,30,KNN,kd_tree,23,uncalibrated,-0.124,0.0,0.0
30,30,KNN,kd_tree,23,uncalibrated,-0.122,0.0,0.0
30,30,KNN,kd_tree,23,uncalibrated,-0.12,0.0,0.0
30,30,KNN,kd_tree,23,uncalibrated,-0.118,0.0,0.0
30,30,KNN,kd_tree,23,uncalibrated,-0.116,0.0,0.0
30,30,KNN,kd_tree,23,uncalibrated,-0.114,0.0,0.0
30,30,KNN,kd_tree,23,uncalibrated,-0.112,0.0,0.0
30,30,KNN,kd_tree,23,uncalibrated,-0.11,0.0,0.0
30,30,KNN,kd_tree,23,uncalibrated,-0.108,0.0,0.0
30,30,KNN,kd_tree,25,uncalibrated,-0.128,0.0,0.0
30,30,KNN,kd_tree,25,uncalibrated,-0.126,0.0,0.0
30,30,KNN,kd_tree,25,uncalibrated,-0.124,0.0,0.0
30,30,KNN,kd_tree,25,uncalibrated,-0.122,0.0,0.0
30,30,KNN,kd_tree,25,uncalibrated,-0.12,0.0,0.0
30,30,KNN,kd_tree,25,uncalibrated,-0.118,0.0,0.0
30,30,KNN,kd_tree,25,uncalibrated,-0.116,0.0,0.0
30,30,KNN,kd_tree,25,uncalibrated,-0.114,0.0,0.0
30,30,KNN,kd_tree,25,uncalibrated,-0.112,0.0,0.0
30,30,KNN,kd_tree,25,uncalibrated,-0.11,0.0,0.0
30,30,KNN,kd_tree,25,uncalibrated,-0.108,0.0,0.0
30,30,KNN,kd_tree,27,uncalibrated,-0.128,0.0,0.0
30,30,KNN,kd_tree,27,uncalibrated,-0.126,0.0,0.0
30,30,KNN,kd_tree,27,uncalibrated,-0.124,0.0,0.0
30,30,KNN,kd_tree,27,uncalibrated,-0.122,0.0,0.0
30,30,KNN,kd_tree,27,uncalibrated,-0.12,0.0,0.0
30,30,KNN,kd_tree,27,uncalibrated,-0.118,0.0,0.0
30,30,KNN,kd_tree,27,uncalibrated,-0.116,0.0,0.0
30,30,KNN,kd_tree,27,uncalibrated,-0.114,0.0,0.0
30,30,KNN,kd_tree,27,uncalibrated,-0.112,0.0,0.0
30,30,KNN,kd_tree,27,uncalibrated,-0.11,0.0,0.0
30,30,KNN,kd_tree,27,uncalibrated,-0.108,0.0,0.0
30,30,KNN,kd_tree,29,uncalibrated,-0.128,0.0,0.0
30,30,KNN,kd_tree,29,uncalibrated,-0.126,0.0,0.0
30,30,KNN,kd_tree,29,uncalibrated,-0.124,0.0,0.0
30,30,KNN,kd_tree,29,uncalibrated,-0.122,0.0,0.0
30,30,KNN,kd_tree,29,uncalibrated,-0.12,0.0,0.0
30,30,KNN,kd_tree,29,uncalibrated,-0.118,0.0,0.0
30,30,KNN,kd_tree,29,uncalibrated,-0.116,0.0,0.0
30,30,KNN,kd_tree,29,uncalibrated,-0.114,0.0,0.0
30,30,KNN,kd_tree,29,uncalibrated,-0.112,2.086071301916947e-05,2.086071301917101e-05
30,30,KNN,kd_tree,29,uncalibrated,-0.11,0.0,0.0
30,30,KNN,kd_tree,29,uncalibrated,-0.108,0.0,0.0
30,30,KNN,kd_tree,31,uncalibrated,-0.128,0.0,0.0
30,30,KNN,kd_tree,31,uncalibrated,-0.126,0.0,0.0
30,30,KNN,kd_tree,31,uncalibrated,-0.124,0.0,0.0
30,30,KNN,kd_tree,31,uncalibrated,-0.122,0.0,0.0
30,30,KNN,kd_tree,31,uncalibrated,-0.12,0.0,0.0
30,30,KNN,kd_tree,31,uncalibrated,-0.118,0.0,0.0
30,30,KNN,kd_tree,31,uncalibrated,-0.116,0.0,0.0
30,30,KNN,kd_tree,31,uncalibrated,-0.114,0.0,0.0
30,30,KNN,kd_tree,31,uncalibrated,-0.112,7.302334921590666e-05,7.302334921591177e-05
30,30,KNN,kd_tree,31,uncalibrated,-0.11,0.0,0.0
30,30,KNN,kd_tree,31,uncalibrated,-0.108,0.0,0.0
30,30,KNN,kd_tree,33,uncalibrated,-0.128,0.0,0.0
30,30,KNN,kd_tree,33,uncalibrated,-0.126,0.0,0.0
30,30,KNN,kd_tree,33,uncalibrated,-0.124,0.0,0.0
30,30,KNN,kd_tree,33,uncalibrated,-0.122,0.0,0.0
30,30,KNN,kd_tree,33,uncalibrated,-0.12,0.0,0.0
30,30,KNN,kd_tree,33,uncalibrated,-0.118,0.0,0.0
30,30,KNN,kd_tree,33,uncalibrated,-0.116,0.0,0.0
30,30,KNN,kd_tree,33,uncalibrated,-0.114,0.0,0.0
30,30,KNN,kd_tree,33,uncalibrated,-0.112,0.00014499057561258318,0.00014499057561258533
30,30,KNN,kd_tree,33,uncalibrated,-0.11,0.0,0.0
30,30,KNN,kd_tree,33,uncalibrated,-0.108,0.0,0.0
30,30,KNN,kd_tree,35,uncalibrated,-0.128,0.0,0.0
30,30,KNN,kd_tree,35,uncalibrated,-0.126,0.0,0.0
30,30,KNN,kd_tree,35,uncalibrated,-0.124,0.0,0.0
30,30,KNN,kd_tree,35,uncalibrated,-0.122,0.0,0.0
30,30,KNN,kd_tree,35,uncalibrated,-0.12,0.0,0.0
30,30,KNN,kd_tree,35,uncalibrated,-0.118,0.0,0.0
30,30,KNN,kd_tree,35,uncalibrated,-0.116,0.0,0.0
30,30,KNN,kd_tree,35,uncalibrated,-0.114,0.0,0.0
30,30,KNN,kd_tree,35,uncalibrated,-0.112,0.00022914428929464065,0.0002291442892946652
30,30,KNN,kd_tree,35,uncalibrated,-0.11,0.0,0.0
30,30,KNN,kd_tree,35,uncalibrated,-0.108,0.0,0.0
30,30,KNN,kd_tree,37,uncalibrated,-0.128,0.0,0.0
30,30,KNN,kd_tree,37,uncalibrated,-0.126,0.0,0.0
30,30,KNN,kd_tree,37,uncalibrated,-0.124,0.0,0.0
30,30,KNN,kd_tree,37,uncalibrated,-0.122,0.0,0.0
30,30,KNN,kd_tree,37,uncalibrated,-0.12,0.0,0.0
30,30,KNN,kd_tree,37,uncalibrated,-0.118,0.0,0.0
30,30,KNN,kd_tree,37,uncalibrated,-0.116,0.0,0.0
30,30,KNN,kd_tree,37,uncalibrated,-0.114,0.0,0.0
30,30,KNN,kd_tree,37,uncalibrated,-0.112,0.0003203772762805152,0.0003203772762805481
30,30,KNN,kd_tree,37,uncalibrated,-0.11,0.0,0.0
30,30,KNN,kd_tree,37,uncalibrated,-0.108,0.0,0.0
30,30,KNN,kd_tree,39,uncalibrated,-0.128,0.0,0.0
30,30,KNN,kd_tree,39,uncalibrated,-0.126,0.0,0.0
30,30,KNN,kd_tree,39,uncalibrated,-0.124,0.0,0.0
30,30,KNN,kd_tree,39,uncalibrated,-0.122,0.0,0.0
30,30,KNN,kd_tree,39,uncalibrated,-0.12,0.0,0.0
30,30,KNN,kd_tree,39,uncalibrated,-0.118,0.0,0.0
30,30,KNN,kd_tree,39,uncalibrated,-0.116,0.0,0.0
30,30,KNN,kd_tree,39,uncalibrated,-0.114,0.0,0.0
30,30,KNN,kd_tree,39,uncalibrated,-0.112,0.0004152392816360306,0.0004152392816360429
30,30,KNN,kd_tree,39,uncalibrated,-0.11,0.0,0.0
30,30,KNN,kd_tree,39,uncalibrated,-0.108,0.0,0.0
30,30,KNN,kd_tree,41,uncalibrated,-0.128,0.0,0.0
30,30,KNN,kd_tree,41,uncalibrated,-0.126,0.0,0.0
30,30,KNN,kd_tree,41,uncalibrated,-0.124,0.0,0.0
30,30,KNN,kd_tree,41,uncalibrated,-0.122,0.0,0.0
30,30,KNN,kd_tree,41,uncalibrated,-0.12,0.0,0.0
30,30,KNN,kd_tree,41,uncalibrated,-0.118,0.0,0.0
30,30,KNN,kd_tree,41,uncalibrated,-0.116,0.0,0.0
30,30,KNN,kd_tree,41,uncalibrated,-0.114,0.0,0.0
30,30,KNN,kd_tree,41,uncalibrated,-0.112,0.0005113915067263558,0.0005113915067263637
30,30,KNN,kd_tree,41,uncalibrated,-0.11,0.0,0.0
30,30,KNN,kd_tree,41,uncalibrated,-0.108,0.0,0.0
30,30,KNN,kd_tree,43,uncalibrated,-0.128,0.0,0.0
30,30,KNN,kd_tree,43,uncalibrated,-0.126,0.0,0.0
30,30,KNN,kd_tree,43,uncalibrated,-0.124,0.0,0.0
30,30,KNN,kd_tree,43,uncalibrated,-0.122,0.0,0.0
30,30,KNN,kd_tree,43,uncalibrated,-0.12,0.0,0.0
30,30,KNN,kd_tree,43,uncalibrated,-0.118,0.0,0.0
30,30,KNN,kd_tree,43,uncalibrated,-0.116,0.0,0.0
30,30,KNN,kd_tree,43,uncalibrated,-0.114,0.0,0.0
30,30,KNN,kd_tree,43,uncalibrated,-0.112,0.0006092856550809866,0.0006068883840500435
30,30,KNN,kd_tree,43,uncalibrated,-0.11,0.0,0.0
30,30,KNN,kd_tree,43,uncalibrated,-0.108,0.0,0.0
30,30,KNN,kd_tree,45,uncalibrated,-0.128,0.0,0.0
30,30,KNN,kd_tree,45,uncalibrated,-0.126,0.0,0.0
30,30,KNN,kd_tree,45,uncalibrated,-0.124,0.0,0.0
30,30,KNN,kd_tree,45,uncalibrated,-0.122,0.0,0.0
30,30,KNN,kd_tree,45,uncalibrated,-0.12,0.0,0.0
30,30,KNN,kd_tree,45,uncalibrated,-0.118,0.0,0.0
30,30,KNN,kd_tree,45,uncalibrated,-0.116,0.0,0.0
30,30,KNN,kd_tree,45,uncalibrated,-0.114,0.0,0.0
30,30,KNN,kd_tree,45,uncalibrated,-0.112,0.0007220274915002495,0.0007003841239515631
30,30,KNN,kd_tree,45,uncalibrated,-0.11,0.0,0.0
30,30,KNN,kd_tree,45,uncalibrated,-0.108,0.0,0.0
30,30,KNN,kd_tree,47,uncalibrated,-0.128,0.0,0.0
30,30,KNN,kd_tree,47,uncalibrated,-0.126,0.0,0.0
30,30,KNN,kd_tree,47,uncalibrated,-0.124,0.0,0.0
30,30,KNN,kd_tree,47,uncalibrated,-0.122,0.0,0.0
30,30,KNN,kd_tree,47,uncalibrated,-0.12,0.0,0.0
30,30,KNN,kd_tree,47,uncalibrated,-0.118,0.0,0.0
30,30,KNN,kd_tree,47,uncalibrated,-0.116,0.0,0.0
30,30,KNN,kd_tree,47,uncalibrated,-0.114,0.0,0.0
30,30,KNN,kd_tree,47,uncalibrated,-0.112,0.0008588833397491661,0.0007931228231929427
30,30,KNN,kd_tree,47,uncalibrated,-0.11,0.0,0.0
30,30,KNN,kd_tree,47,uncalibrated,-0.108,0.0,0.0
30,30,KNN,kd_tree,49,uncalibrated,-0.128,0.0,0.0
30,30,KNN,kd_tree,49,uncalibrated,-0.126,0.0,0.0
30,30,KNN,kd_tree,49,uncalibrated,-0.124,0.0,0.0
30,30,KNN,kd_tree,49,uncalibrated,-0.122,0.0,0.0
30,30,KNN,kd_tree,49,uncalibrated,-0.12,0.0,0.0
30,30,KNN,kd_tree,49,uncalibrated,-0.118,0.0,0.0
30,30,KNN,kd_tree,49,uncalibrated,-0.116,0.0,0.0
30,30,KNN,kd_tree,49,uncalibrated,-0.114,0.0,0.0
30,30,KNN,kd_tree,49,uncalibrated,-0.112,0.0009989439809455053,0.0008860691669018868
30,30,KNN,kd_tree,49,uncalibrated,-0.11,0.0,0.0
30,30,KNN,kd_tree,49,uncalibrated,-0.108,0.0,0.0
30,30,KNN,kd_tree,51,uncalibrated,-0.128,0.0,0.0
30,30,KNN,kd_tree,51,uncalibrated,-0.126,0.0,0.0
30,30,KNN,kd_tree,51,uncalibrated,-0.124,0.0,0.0
30,30,KNN,kd_tree,51,uncalibrated,-0.122,0.0,0.0
30,30,KNN,kd_tree,51,uncalibrated,-0.12,0.0,0.0
30,30,KNN,kd_tree,51,uncalibrated,-0.118,0.0,0.0
30,30,KNN,kd_tree,51,uncalibrated,-0.116,0.0,0.0
30,30,KNN,kd_tree,51,uncalibrated,-0.114,0.0,0.0
30,30,KNN,kd_tree,51,uncalibrated,-0.112,0.001032716748502023,0.0010277817941506155
30,30,KNN,kd_tree,51,uncalibrated,-0.11,0.0,0.0
30,30,KNN,kd_tree,51,uncalibrated,-0.108,0.0,0.0
30,30,KNN,kd_tree,61,uncalibrated,-0.128,0.0,0.0
30,30,KNN,kd_tree,61,uncalibrated,-0.126,0.0,0.0
30,30,KNN,kd_tree,61,uncalibrated,-0.124,0.0,0.0
30,30,KNN,kd_tree,61,uncalibrated,-0.122,0.0,0.0
30,30,KNN,kd_tree,61,uncalibrated,-0.12,0.0,0.0
30,30,KNN,kd_tree,61,uncalibrated,-0.118,0.0,0.0
30,30,KNN,kd_tree,61,uncalibrated,-0.116,0.0,0.0
30,30,KNN,kd_tree,61,uncalibrated,-0.114,0.0,0.0
30,30,KNN,kd_tree,61,uncalibrated,-0.112,0.0017395940897898708,0.0017284038474079417
30,30,KNN,kd_tree,61,uncalibrated,-0.11,0.0,0.0
30,30,KNN,kd_tree,61,uncalibrated,-0.108,0.0,0.0
30,30,KNN,kd_tree,81,uncalibrated,-0.128,0.0,0.0
30,30,KNN,kd_tree,81,uncalibrated,-0.126,0.0,0.0
30,30,KNN,kd_tree,81,uncalibrated,-0.124,0.0,0.0
30,30,KNN,kd_tree,81,uncalibrated,-0.122,0.0,0.0
30,30,KNN,kd_tree,81,uncalibrated,-0.12,0.0,0.0
30,30,KNN,kd_tree,81,uncalibrated,-0.118,0.0,0.0
30,30,KNN,kd_tree,81,uncalibrated,-0.116,0.0,0.0
30,30,KNN,kd_tree,81,uncalibrated,-0.114,6.307548461617351e-05,6.126462864527237e-05
30,30,KNN,kd_tree,81,uncalibrated,-0.112,0.002988172042406919,0.002965505387095431
30,30,KNN,kd_tree,81,uncalibrated,-0.11,0.0,0.0
30,30,KNN,kd_tree,81,uncalibrated,-0.108,0.0,0.0
30,30,KNN,kd_tree,101,uncalibrated,-0.128,0.0,0.0
30,30,KNN,kd_tree,101,uncalibrated,-0.126,0.0,0.0
30,30,KNN,kd_tree,101,uncalibrated,-0.124,0.0,0.0
30,30,KNN,kd_tree,101,uncalibrated,-0.122,0.0,0.0
30,30,KNN,kd_tree,101,uncalibrated,-0.12,0.0,0.0
30,30,KNN,kd_tree,101,uncalibrated,-0.118,0.0,0.0
30,30,KNN,kd_tree,101,uncalibrated,-0.116,0.0,0.0
30,30,KNN,kd_tree,101,uncalibrated,-0.114,0.00029962561004946654,0.00029820411560312966
30,30,KNN,kd_tree,101,uncalibrated,-0.112,0.004319701033574362,0.004130857788628611
30,30,KNN,kd_tree,101,uncalibrated,-0.11,0.0,0.0
30,30,KNN,kd_tree,101,uncalibrated,-0.108,0.0,0.0
30,30,KNN,kd_tree,151,uncalibrated,-0.128,0.0,0.0
30,30,KNN,kd_tree,151,uncalibrated,-0.126,0.0,0.0
30,30,KNN,kd_tree,151,uncalibrated,-0.124,0.0,0.0
30,30,KNN,kd_tree,151,uncalibrated,-0.122,0.0,0.0
30,30,KNN,kd_tree,151,uncalibrated,-0.12,0.0,0.0
30,30,KNN,kd_tree,151,uncalibrated,-0.118,0.0,0.0
30,30,KNN,kd_tree,151,uncalibrated,-0.116,0.0,0.0
30,30,KNN,kd_tree,151,uncalibrated,-0.114,0.0018175174799626636,0.001794382624204379
30,30,KNN,kd_tree,151,uncalibrated,-0.112,0.007484545709645423,0.006529168515010462
30,30,KNN,kd_tree,151,uncalibrated,-0.11,6.4497198157919214e-06,6.434951454520232e-06
30,30,KNN,kd_tree,151,uncalibrated,-0.108,1.2310940501993858e-05,1.231094050199399e-05
30,30,KNN,kd_tree,201,uncalibrated,-0.128,0.0,0.0
30,30,KNN,kd_tree,201,uncalibrated,-0.126,0.0,0.0
30,30,KNN,kd_tree,201,uncalibrated,-0.124,0.0,0.0
30,30,KNN,kd_tree,201,uncalibrated,-0.122,0.0,0.0
30,30,KNN,kd_tree,201,uncalibrated,-0.12,0.0,0.0
30,30,KNN,kd_tree,201,uncalibrated,-0.118,0.0,0.0
30,30,KNN,kd_tree,201,uncalibrated,-0.116,0.0,0.0
30,30,KNN,kd_tree,201,uncalibrated,-0.114,0.003882617879715002,0.0036958608937700606
30,30,KNN,kd_tree,201,uncalibrated,-0.112,0.010286786583353705,0.009577485229058208
30,30,KNN,kd_tree,201,uncalibrated,-0.11,0.0005586704469266798,0.0005340525051491464
30,30,KNN,kd_tree,201,uncalibrated,-0.108,0.0003704093160707295,0.00036914131438284416
30,30,KNN,ball_tree,1,uncalibrated,-0.128,0.0,0.0
30,30,KNN,ball_tree,1,uncalibrated,-0.126,0.0,0.0
30,30,KNN,ball_tree,1,uncalibrated,-0.124,0.0,0.0
30,30,KNN,ball_tree,1,uncalibrated,-0.122,0.0,0.0
30,30,KNN,ball_tree,1,uncalibrated,-0.12,0.0,0.0
30,30,KNN,ball_tree,1,uncalibrated,-0.118,0.0,0.0
30,30,KNN,ball_tree,1,uncalibrated,-0.116,0.0,0.0
30,30,KNN,ball_tree,1,uncalibrated,-0.114,0.0,0.0
30,30,KNN,ball_tree,1,uncalibrated,-0.112,0.0,0.0
30,30,KNN,ball_tree,1,uncalibrated,-0.11,0.0,0.0
30,30,KNN,ball_tree,1,uncalibrated,-0.108,0.0,0.0
30,30,KNN,ball_tree,3,uncalibrated,-0.128,0.0,0.0
30,30,KNN,ball_tree,3,uncalibrated,-0.126,0.0,0.0
30,30,KNN,ball_tree,3,uncalibrated,-0.124,0.0,0.0
30,30,KNN,ball_tree,3,uncalibrated,-0.122,0.0,0.0
30,30,KNN,ball_tree,3,uncalibrated,-0.12,0.0,0.0
30,30,KNN,ball_tree,3,uncalibrated,-0.118,0.0,0.0
30,30,KNN,ball_tree,3,uncalibrated,-0.116,0.0,0.0
30,30,KNN,ball_tree,3,uncalibrated,-0.114,0.0,0.0
30,30,KNN,ball_tree,3,uncalibrated,-0.112,0.0,0.0
30,30,KNN,ball_tree,3,uncalibrated,-0.11,0.0,0.0
30,30,KNN,ball_tree,3,uncalibrated,-0.108,0.0,0.0
30,30,KNN,ball_tree,5,uncalibrated,-0.128,0.0,0.0
30,30,KNN,ball_tree,5,uncalibrated,-0.126,0.0,0.0
30,30,KNN,ball_tree,5,uncalibrated,-0.124,0.0,0.0
30,30,KNN,ball_tree,5,uncalibrated,-0.122,0.0,0.0
30,30,KNN,ball_tree,5,uncalibrated,-0.12,0.0,0.0
30,30,KNN,ball_tree,5,uncalibrated,-0.118,0.0,0.0
30,30,KNN,ball_tree,5,uncalibrated,-0.116,0.0,0.0
30,30,KNN,ball_tree,5,uncalibrated,-0.114,0.0,0.0
30,30,KNN,ball_tree,5,uncalibrated,-0.112,0.0,0.0
30,30,KNN,ball_tree,5,uncalibrated,-0.11,0.0,0.0
30,30,KNN,ball_tree,5,uncalibrated,-0.108,0.0,0.0
30,30,KNN,ball_tree,7,uncalibrated,-0.128,0.0,0.0
30,30,KNN,ball_tree,7,uncalibrated,-0.126,0.0,0.0
30,30,KNN,ball_tree,7,uncalibrated,-0.124,0.0,0.0
30,30,KNN,ball_tree,7,uncalibrated,-0.122,0.0,0.0
30,30,KNN,ball_tree,7,uncalibrated,-0.12,0.0,0.0
30,30,KNN,ball_tree,7,uncalibrated,-0.118,0.0,0.0
30,30,KNN,ball_tree,7,uncalibrated,-0.116,0.0,0.0
30,30,KNN,ball_tree,7,uncalibrated,-0.114,0.0,0.0
30,30,KNN,ball_tree,7,uncalibrated,-0.112,0.0,0.0
30,30,KNN,ball_tree,7,uncalibrated,-0.11,0.0,0.0
30,30,KNN,ball_tree,7,uncalibrated,-0.108,0.0,0.0
30,30,KNN,ball_tree,9,uncalibrated,-0.128,0.0,0.0
30,30,KNN,ball_tree,9,uncalibrated,-0.126,0.0,0.0
30,30,KNN,ball_tree,9,uncalibrated,-0.124,0.0,0.0
30,30,KNN,ball_tree,9,uncalibrated,-0.122,0.0,0.0
30,30,KNN,ball_tree,9,uncalibrated,-0.12,0.0,0.0
30,30,KNN,ball_tree,9,uncalibrated,-0.118,0.0,0.0
30,30,KNN,ball_tree,9,uncalibrated,-0.116,0.0,0.0
30,30,KNN,ball_tree,9,uncalibrated,-0.114,0.0,0.0
30,30,KNN,ball_tree,9,uncalibrated,-0.112,0.0,0.0
30,30,KNN,ball_tree,9,uncalibrated,-0.11,0.0,0.0
30,30,KNN,ball_tree,9,uncalibrated,-0.108,0.0,0.0
30,30,KNN,ball_tree,11,uncalibrated,-0.128,0.0,0.0
30,30,KNN,ball_tree,11,uncalibrated,-0.126,0.0,0.0
30,30,KNN,ball_tree,11,uncalibrated,-0.124,0.0,0.0
30,30,KNN,ball_tree,11,uncalibrated,-0.122,0.0,0.0
30,30,KNN,ball_tree,11,uncalibrated,-0.12,0.0,0.0
30,30,KNN,ball_tree,11,uncalibrated,-0.118,0.0,0.0
30,30,KNN,ball_tree,11,uncalibrated,-0.116,0.0,0.0
30,30,KNN,ball_tree,11,uncalibrated,-0.114,0.0,0.0
30,30,KNN,ball_tree,11,uncalibrated,-0.112,0.0,0.0
30,30,KNN,ball_tree,11,uncalibrated,-0.11,0.0,0.0
30,30,KNN,ball_tree,11,uncalibrated,-0.108,0.0,0.0
30,30,KNN,ball_tree,13,uncalibrated,-0.128,0.0,0.0
30,30,KNN,ball_tree,13,uncalibrated,-0.126,0.0,0.0
30,30,KNN,ball_tree,13,uncalibrated,-0.124,0.0,0.0
30,30,KNN,ball_tree,13,uncalibrated,-0.122,0.0,0.0
30,30,KNN,ball_tree,13,uncalibrated,-0.12,0.0,0.0
30,30,KNN,ball_tree,13,uncalibrated,-0.118,0.0,0.0
30,30,KNN,ball_tree,13,uncalibrated,-0.116,0.0,0.0
30,30,KNN,ball_tree,13,uncalibrated,-0.114,0.0,0.0
30,30,KNN,ball_tree,13,uncalibrated,-0.112,0.0,0.0
30,30,KNN,ball_tree,13,uncalibrated,-0.11,0.0,0.0
30,30,KNN,ball_tree,13,uncalibrated,-0.108,0.0,0.0
30,30,KNN,ball_tree,15,uncalibrated,-0.128,0.0,0.0
30,30,KNN,ball_tree,15,uncalibrated,-0.126,0.0,0.0
30,30,KNN,ball_tree,15,uncalibrated,-0.124,0.0,0.0
30,30,KNN,ball_tree,15,uncalibrated,-0.122,0.0,0.0
30,30,KNN,ball_tree,15,uncalibrated,-0.12,0.0,0.0
30,30,KNN,ball_tree,15,uncalibrated,-0.118,0.0,0.0
30,30,KNN,ball_tree,15,uncalibrated,-0.116,0.0,0.0
30,30,KNN,ball_tree,15,uncalibrated,-0.114,0.0,0.0
30,30,KNN,ball_tree,15,uncalibrated,-0.112,0.0,0.0
30,30,KNN,ball_tree,15,uncalibrated,-0.11,0.0,0.0
30,30,KNN,ball_tree,15,uncalibrated,-0.108,0.0,0.0
30,30,KNN,ball_tree,17,uncalibrated,-0.128,0.0,0.0
30,30,KNN,ball_tree,17,uncalibrated,-0.126,0.0,0.0
30,30,KNN,ball_tree,17,uncalibrated,-0.124,0.0,0.0
30,30,KNN,ball_tree,17,uncalibrated,-0.122,0.0,0.0
30,30,KNN,ball_tree,17,uncalibrated,-0.12,0.0,0.0
30,30,KNN,ball_tree,17,uncalibrated,-0.118,0.0,0.0
30,30,KNN,ball_tree,17,uncalibrated,-0.116,0.0,0.0
30,30,KNN,ball_tree,17,uncalibrated,-0.114,0.0,0.0
30,30,KNN,ball_tree,17,uncalibrated,-0.112,0.0,0.0
30,30,KNN,ball_tree,17,uncalibrated,-0.11,0.0,0.0
30,30,KNN,ball_tree,17,uncalibrated,-0.108,0.0,0.0
30,30,KNN,ball_tree,19,uncalibrated,-0.128,0.0,0.0
30,30,KNN,ball_tree,19,uncalibrated,-0.126,0.0,0.0
30,30,KNN,ball_tree,19,uncalibrated,-0.124,0.0,0.0
30,30,KNN,ball_tree,19,uncalibrated,-0.122,0.0,0.0
30,30,KNN,ball_tree,19,uncalibrated,-0.12,0.0,0.0
30,30,KNN,ball_tree,19,uncalibrated,-0.118,0.0,0.0
30,30,KNN,ball_tree,19,uncalibrated,-0.116,0.0,0.0
30,30,KNN,ball_tree,19,uncalibrated,-0.114,0.0,0.0
30,30,KNN,ball_tree,19,uncalibrated,-0.112,0.0,0.0
30,30,KNN,ball_tree,19,uncalibrated,-0.11,0.0,0.0
30,30,KNN,ball_tree,19,uncalibrated,-0.108,0.0,0.0
30,30,KNN,ball_tree,21,uncalibrated,-0.128,0.0,0.0
30,30,KNN,ball_tree,21,uncalibrated,-0.126,0.0,0.0
30,30,KNN,ball_tree,21,uncalibrated,-0.124,0.0,0.0
30,30,KNN,ball_tree,21,uncalibrated,-0.122,0.0,0.0
30,30,KNN,ball_tree,21,uncalibrated,-0.12,0.0,0.0
30,30,KNN,ball_tree,21,uncalibrated,-0.118,0.0,0.0
30,30,KNN,ball_tree,21,uncalibrated,-0.116,0.0,0.0
30,30,KNN,ball_tree,21,uncalibrated,-0.114,0.0,0.0
30,30,KNN,ball_tree,21,uncalibrated,-0.112,0.0,0.0
30,30,KNN,ball_tree,21,uncalibrated,-0.11,0.0,0.0
30,30,KNN,ball_tree,21,uncalibrated,-0.108,0.0,0.0
30,30,KNN,ball_tree,23,uncalibrated,-0.128,0.0,0.0
30,30,KNN,ball_tree,23,uncalibrated,-0.126,0.0,0.0
30,30,KNN,ball_tree,23,uncalibrated,-0.124,0.0,0.0
30,30,KNN,ball_tree,23,uncalibrated,-0.122,0.0,0.0
30,30,KNN,ball_tree,23,uncalibrated,-0.12,0.0,0.0
30,30,KNN,ball_tree,23,uncalibrated,-0.118,0.0,0.0
30,30,KNN,ball_tree,23,uncalibrated,-0.116,0.0,0.0
30,30,KNN,ball_tree,23,uncalibrated,-0.114,0.0,0.0
30,30,KNN,ball_tree,23,uncalibrated,-0.112,0.0,0.0
30,30,KNN,ball_tree,23,uncalibrated,-0.11,0.0,0.0
30,30,KNN,ball_tree,23,uncalibrated,-0.108,0.0,0.0
30,30,KNN,ball_tree,25,uncalibrated,-0.128,0.0,0.0
30,30,KNN,ball_tree,25,uncalibrated,-0.126,0.0,0.0
30,30,KNN,ball_tree,25,uncalibrated,-0.124,0.0,0.0
30,30,KNN,ball_tree,25,uncalibrated,-0.122,0.0,0.0
30,30,KNN,ball_tree,25,uncalibrated,-0.12,0.0,0.0
30,30,KNN,ball_tree,25,uncalibrated,-0.118,0.0,0.0
30,30,KNN,ball_tree,25,uncalibrated,-0.116,0.0,0.0
30,30,KNN,ball_tree,25,uncalibrated,-0.114,0.0,0.0
30,30,KNN,ball_tree,25,uncalibrated,-0.112,0.0,0.0
30,30,KNN,ball_tree,25,uncalibrated,-0.11,0.0,0.0
30,30,KNN,ball_tree,25,uncalibrated,-0.108,0.0,0.0
30,30,KNN,ball_tree,27,uncalibrated,-0.128,0.0,0.0
30,30,KNN,ball_tree,27,uncalibrated,-0.126,0.0,0.0
30,30,KNN,ball_tree,27,uncalibrated,-0.124,0.0,0.0
30,30,KNN,ball_tree,27,uncalibrated,-0.122,0.0,0.0
30,30,KNN,ball_tree,27,uncalibrated,-0.12,0.0,0.0
30,30,KNN,ball_tree,27,uncalibrated,-0.118,0.0,0.0
30,30,KNN,ball_tree,27,uncalibrated,-0.116,0.0,0.0
30,30,KNN,ball_tree,27,uncalibrated,-0.114,0.0,0.0
30,30,KNN,ball_tree,27,uncalibrated,-0.112,0.0,0.0
30,30,KNN,ball_tree,27,uncalibrated,-0.11,0.0,0.0
30,30,KNN,ball_tree,27,uncalibrated,-0.108,0.0,0.0
30,30,KNN,ball_tree,29,uncalibrated,-0.128,0.0,0.0
30,30,KNN,ball_tree,29,uncalibrated,-0.126,0.0,0.0
30,30,KNN,ball_tree,29,uncalibrated,-0.124,0.0,0.0
30,30,KNN,ball_tree,29,uncalibrated,-0.122,0.0,0.0
30,30,KNN,ball_tree,29,uncalibrated,-0.12,0.0,0.0
30,30,KNN,ball_tree,29,uncalibrated,-0.118,0.0,0.0
30,30,KNN,ball_tree,29,uncalibrated,-0.116,0.0,0.0
30,30,KNN,ball_tree,29,uncalibrated,-0.114,0.0,0.0
30,30,KNN,ball_tree,29,uncalibrated,-0.112,2.086071301916947e-05,2.086071301917101e-05
30,30,KNN,ball_tree,29,uncalibrated,-0.11,0.0,0.0
30,30,KNN,ball_tree,29,uncalibrated,-0.108,0.0,0.0
30,30,KNN,ball_tree,31,uncalibrated,-0.128,0.0,0.0
30,30,KNN,ball_tree,31,uncalibrated,-0.126,0.0,0.0
30,30,KNN,ball_tree,31,uncalibrated,-0.124,0.0,0.0
30,30,KNN,ball_tree,31,uncalibrated,-0.122,0.0,0.0
30,30,KNN,ball_tree,31,uncalibrated,-0.12,0.0,0.0
30,30,KNN,ball_tree,31,uncalibrated,-0.118,0.0,0.0
30,30,KNN,ball_tree,31,uncalibrated,-0.116,0.0,0.0
30,30,KNN,ball_tree,31,uncalibrated,-0.114,0.0,0.0
30,30,KNN,ball_tree,31,uncalibrated,-0.112,7.302334921590666e-05,7.302334921591177e-05
30,30,KNN,ball_tree,31,uncalibrated,-0.11,0.0,0.0
30,30,KNN,ball_tree,31,uncalibrated,-0.108,0.0,0.0
30,30,KNN,ball_tree,33,uncalibrated,-0.128,0.0,0.0
30,30,KNN,ball_tree,33,uncalibrated,-0.126,0.0,0.0
30,30,KNN,ball_tree,33,uncalibrated,-0.124,0.0,0.0
30,30,KNN,ball_tree,33,uncalibrated,-0.122,0.0,0.0
30,30,KNN,ball_tree,33,uncalibrated,-0.12,0.0,0.0
30,30,KNN,ball_tree,33,uncalibrated,-0.118,0.0,0.0
30,30,KNN,ball_tree,33,uncalibrated,-0.116,0.0,0.0
30,30,KNN,ball_tree,33,uncalibrated,-0.114,0.0,0.0
30,30,KNN,ball_tree,33,uncalibrated,-0.112,0.00014499057561258318,0.00014499057561258533
30,30,KNN,ball_tree,33,uncalibrated,-0.11,0.0,0.0
30,30,KNN,ball_tree,33,uncalibrated,-0.108,0.0,0.0
30,30,KNN,ball_tree,35,uncalibrated,-0.128,0.0,0.0
30,30,KNN,ball_tree,35,uncalibrated,-0.126,0.0,0.0
30,30,KNN,ball_tree,35,uncalibrated,-0.124,0.0,0.0
30,30,KNN,ball_tree,35,uncalibrated,-0.122,0.0,0.0
30,30,KNN,ball_tree,35,uncalibrated,-0.12,0.0,0.0
30,30,KNN,ball_tree,35,uncalibrated,-0.118,0.0,0.0
30,30,KNN,ball_tree,35,uncalibrated,-0.116,0.0,0.0
30,30,KNN,ball_tree,35,uncalibrated,-0.114,0.0,0.0
30,30,KNN,ball_tree,35,uncalibrated,-0.112,0.00022914428929464065,0.0002291442892946652
30,30,KNN,ball_tree,35,uncalibrated,-0.11,0.0,0.0
30,30,KNN,ball_tree,35,uncalibrated,-0.108,0.0,0.0
30,30,KNN,ball_tree,37,uncalibrated,-0.128,0.0,0.0
30,30,KNN,ball_tree,37,uncalibrated,-0.126,0.0,0.0
30,30,KNN,ball_tree,37,uncalibrated,-0.124,0.0,0.0
30,30,KNN,ball_tree,37,uncalibrated,-0.122,0.0,0.0
30,30,KNN,ball_tree,37,uncalibrated,-0.12,0.0,0.0
30,30,KNN,ball_tree,37,uncalibrated,-0.118,0.0,0.0
30,30,KNN,ball_tree,37,uncalibrated,-0.116,0.0,0.0
30,30,KNN,ball_tree,37,uncalibrated,-0.114,0.0,0.0
30,30,KNN,ball_tree,37,uncalibrated,-0.112,0.0003203772762805152,0.0003203772762805481
30,30,KNN,ball_tree,37,uncalibrated,-0.11,0.0,0.0
30,30,KNN,ball_tree,37,uncalibrated,-0.108,0.0,0.0
30,30,KNN,ball_tree,39,uncalibrated,-0.128,0.0,0.0
30,30,KNN,ball_tree,39,uncalibrated,-0.126,0.0,0.0
30,30,KNN,ball_tree,39,uncalibrated,-0.124,0.0,0.0
30,30,KNN,ball_tree,39,uncalibrated,-0.122,0.0,0.0
30,30,KNN,ball_tree,39,uncalibrated,-0.12,0.0,0.0
30,30,KNN,ball_tree,39,uncalibrated,-0.118,0.0,0.0
30,30,KNN,ball_tree,39,uncalibrated,-0.116,0.0,0.0
30,30,KNN,ball_tree,39,uncalibrated,-0.114,0.0,0.0
30,30,KNN,ball_tree,39,uncalibrated,-0.112,0.0004152392816360306,0.0004152392816360429
30,30,KNN,ball_tree,39,uncalibrated,-0.11,0.0,0.0
30,30,KNN,ball_tree,39,uncalibrated,-0.108,0.0,0.0
30,30,KNN,ball_tree,41,uncalibrated,-0.128,0.0,0.0
30,30,KNN,ball_tree,41,uncalibrated,-0.126,0.0,0.0
30,30,KNN,ball_tree,41,uncalibrated,-0.124,0.0,0.0
30,30,KNN,ball_tree,41,uncalibrated,-0.122,0.0,0.0
30,30,KNN,ball_tree,41,uncalibrated,-0.12,0.0,0.0
30,30,KNN,ball_tree,41,uncalibrated,-0.118,0.0,0.0
30,30,KNN,ball_tree,41,uncalibrated,-0.116,0.0,0.0
30,30,KNN,ball_tree,41,uncalibrated,-0.114,0.0,0.0
30,30,KNN,ball_tree,41,uncalibrated,-0.112,0.0005113915067263558,0.0005113915067263637
30,30,KNN,ball_tree,41,uncalibrated,-0.11,0.0,0.0
30,30,KNN,ball_tree,41,uncalibrated,-0.108,0.0,0.0
30,30,KNN,ball_tree,43,uncalibrated,-0.128,0.0,0.0
30,30,KNN,ball_tree,43,uncalibrated,-0.126,0.0,0.0
30,30,KNN,ball_tree,43,uncalibrated,-0.124,0.0,0.0
30,30,KNN,ball_tree,43,uncalibrated,-0.122,0.0,0.0
30,30,KNN,ball_tree,43,uncalibrated,-0.12,0.0,0.0
30,30,KNN,ball_tree,43,uncalibrated,-0.118,0.0,0.0
30,30,KNN,ball_tree,43,uncalibrated,-0.116,0.0,0.0
30,30,KNN,ball_tree,43,uncalibrated,-0.114,0.0,0.0
30,30,KNN,ball_tree,43,uncalibrated,-0.112,0.0006092856550809866,0.0006068883840500435
30,30,KNN,ball_tree,43,uncalibrated,-0.11,0.0,0.0
30,30,KNN,ball_tree,43,uncalibrated,-0.108,0.0,0.0
30,30,KNN,ball_tree,45,uncalibrated,-0.128,0.0,0.0
30,30,KNN,ball_tree,45,uncalibrated,-0.126,0.0,0.0
30,30,KNN,ball_tree,45,uncalibrated,-0.124,0.0,0.0
30,30,KNN,ball_tree,45,uncalibrated,-0.122,0.0,0.0
30,30,KNN,ball_tree,45,uncalibrated,-0.12,0.0,0.0
30,30,KNN,ball_tree,45,uncalibrated,-0.118,0.0,0.0
30,30,KNN,ball_tree,45,uncalibrated,-0.116,0.0,0.0
30,30,KNN,ball_tree,45,uncalibrated,-0.114,0.0,0.0
30,30,KNN,ball_tree,45,uncalibrated,-0.112,0.0007220274915002495,0.0007003841239515631
30,30,KNN,ball_tree,45,uncalibrated,-0.11,0.0,0.0
30,30,KNN,ball_tree,45,uncalibrated,-0.108,0.0,0.0
30,30,KNN,ball_tree,47,uncalibrated,-0.128,0.0,0.0
30,30,KNN,ball_tree,47,uncalibrated,-0.126,0.0,0.0
30,30,KNN,ball_tree,47,uncalibrated,-0.124,0.0,0.0
30,30,KNN,ball_tree,47,uncalibrated,-0.122,0.0,0.0
30,30,KNN,ball_tree,47,uncalibrated,-0.12,0.0,0.0
30,30,KNN,ball_tree,47,uncalibrated,-0.118,0.0,0.0
30,30,KNN,ball_tree,47,uncalibrated,-0.116,0.0,0.0
30,30,KNN,ball_tree,47,uncalibrated,-0.114,0.0,0.0
30,30,KNN,ball_tree,47,uncalibrated,-0.112,0.0008588833397491661,0.0007931228231929427
30,30,KNN,ball_tree,47,uncalibrated,-0.11,0.0,0.0
30,30,KNN,ball_tree,47,uncalibrated,-0.108,0.0,0.0
30,30,KNN,ball_tree,49,uncalibrated,-0.128,0.0,0.0
30,30,KNN,ball_tree,49,uncalibrated,-0.126,0.0,0.0
30,30,KNN,ball_tree,49,uncalibrated,-0.124,0.0,0.0
30,30,KNN,ball_tree,49,uncalibrated,-0.122,0.0,0.0
30,30,KNN,ball_tree,49,uncalibrated,-0.12,0.0,0.0
30,30,KNN,ball_tree,49,uncalibrated,-0.118,0.0,0.0
30,30,KNN,ball_tree,49,uncalibrated,-0.116,0.0,0.0
30,30,KNN,ball_tree,49,uncalibrated,-0.114,0.0,0.0
30,30,KNN,ball_tree,49,uncalibrated,-0.112,0.0009989439809455053,0.0008860691669018868
30,30,KNN,ball_tree,49,uncalibrated,-0.11,0.0,0.0
30,30,KNN,ball_tree,49,uncalibrated,-0.108,0.0,0.0
30,30,KNN,ball_tree,51,uncalibrated,-0.128,0.0,0.0
30,30,KNN,ball_tree,51,uncalibrated,-0.126,0.0,0.0
30,30,KNN,ball_tree,51,uncalibrated,-0.124,0.0,0.0
30,30,KNN,ball_tree,51,uncalibrated,-0.122,0.0,0.0
30,30,KNN,ball_tree,51,uncalibrated,-0.12,0.0,0.0
30,30,KNN,ball_tree,51,uncalibrated,-0.118,0.0,0.0
30,30,KNN,ball_tree,51,uncalibrated,-0.116,0.0,0.0
30,30,KNN,ball_tree,51,uncalibrated,-0.114,0.0,0.0
30,30,KNN,ball_tree,51,uncalibrated,-0.112,0.001032716748502023,0.0010277817941506155
30,30,KNN,ball_tree,51,uncalibrated,-0.11,0.0,0.0
30,30,KNN,ball_tree,51,uncalibrated,-0.108,0.0,0.0
30,30,KNN,ball_tree,61,uncalibrated,-0.128,0.0,0.0
30,30,KNN,ball_tree,61,uncalibrated,-0.126,0.0,0.0
30,30,KNN,ball_tree,61,uncalibrated,-0.124,0.0,0.0
30,30,KNN,ball_tree,61,uncalibrated,-0.122,0.0,0.0
30,30,KNN,ball_tree,61,uncalibrated,-0.12,0.0,0.0
30,30,KNN,ball_tree,61,uncalibrated,-0.118,0.0,0.0
30,30,KNN,ball_tree,61,uncalibrated,-0.116,0.0,0.0
30,30,KNN,ball_tree,61,uncalibrated,-0.114,0.0,0.0
30,30,KNN,ball_tree,61,uncalibrated,-0.112,0.0017395940897898708,0.0017284038474079417
30,30,KNN,ball_tree,61,uncalibrated,-0.11,0.0,0.0
30,30,KNN,ball_tree,61,uncalibrated,-0.108,0.0,0.0
30,30,KNN,ball_tree,81,uncalibrated,-0.128,0.0,0.0
30,30,KNN,ball_tree,81,uncalibrated,-0.126,0.0,0.0
30,30,KNN,ball_tree,81,uncalibrated,-0.124,0.0,0.0
30,30,KNN,ball_tree,81,uncalibrated,-0.122,0.0,0.0
30,30,KNN,ball_tree,81,uncalibrated,-0.12,0.0,0.0
30,30,KNN,ball_tree,81,uncalibrated,-0.118,0.0,0.0
30,30,KNN,ball_tree,81,uncalibrated,-0.116,0.0,0.0
30,30,KNN,ball_tree,81,uncalibrated,-0.114,6.307548461617351e-05,6.126462864527237e-05
30,30,KNN,ball_tree,81,uncalibrated,-0.112,0.002988172042406919,0.002965505387095431
30,30,KNN,ball_tree,81,uncalibrated,-0.11,0.0,0.0
30,30,KNN,ball_tree,81,uncalibrated,-0.108,0.0,0.0
30,30,KNN,ball_tree,101,uncalibrated,-0.128,0.0,0.0
30,30,KNN,ball_tree,101,uncalibrated,-0.126,0.0,0.0
30,30,KNN,ball_tree,101,uncalibrated,-0.124,0.0,0.0
30,30,KNN,ball_tree,101,uncalibrated,-0.122,0.0,0.0
30,30,KNN,ball_tree,101,uncalibrated,-0.12,0.0,0.0
30,30,KNN,ball_tree,101,uncalibrated,-0.118,0.0,0.0
30,30,KNN,ball_tree,101,uncalibrated,-0.116,0.0,0.0
30,30,KNN,ball_tree,101,uncalibrated,-0.114,0.00029962561004946654,0.00029820411560312966
30,30,KNN,ball_tree,101,uncalibrated,-0.112,0.004319701033574362,0.004130857788628611
30,30,KNN,ball_tree,101,uncalibrated,-0.11,0.0,0.0
30,30,KNN,ball_tree,101,uncalibrated,-0.108,0.0,0.0
30,30,KNN,ball_tree,151,uncalibrated,-0.128,0.0,0.0
30,30,KNN,ball_tree,151,uncalibrated,-0.126,0.0,0.0
30,30,KNN,ball_tree,151,uncalibrated,-0.124,0.0,0.0
30,30,KNN,ball_tree,151,uncalibrated,-0.122,0.0,0.0
30,30,KNN,ball_tree,151,uncalibrated,-0.12,0.0,0.0
30,30,KNN,ball_tree,151,uncalibrated,-0.118,0.0,0.0
30,30,KNN,ball_tree,151,uncalibrated,-0.116,0.0,0.0
30,30,KNN,ball_tree,151,uncalibrated,-0.114,0.0018175174799626636,0.001794382624204379
30,30,KNN,ball_tree,151,uncalibrated,-0.112,0.007484545709645423,0.006529168515010462
30,30,KNN,ball_tree,151,uncalibrated,-0.11,6.4497198157919214e-06,6.434951454520232e-06
30,30,KNN,ball_tree,151,uncalibrated,-0.108,1.2310940501993858e-05,1.231094050199399e-05
30,30,KNN,ball_tree,201,uncalibrated,-0.128,0.0,0.0
30,30,KNN,ball_tree,201,uncalibrated,-0.126,0.0,0.0
30,30,KNN,ball_tree,201,uncalibrated,-0.124,0.0,0.0
30,30,KNN,ball_tree,201,uncalibrated,-0.122,0.0,0.0
30,30,KNN,ball_tree,201,uncalibrated,-0.12,0.0,0.0
30,30,KNN,ball_tree,201,uncalibrated,-0.118,0.0,0.0
30,30,KNN,ball_tree,201,uncalibrated,-0.116,0.0,0.0
30,30,KNN,ball_tree,201,uncalibrated,-0.114,0.003882617879715002,0.0036958608937700606
30,30,KNN,ball_tree,201,uncalibrated,-0.112,0.010286786583353705,0.009577485229058208
30,30,KNN,ball_tree,201,uncalibrated,-0.11,0.0005586704469266798,0.0005340525051491464
30,30,KNN,ball_tree,201,uncalibrated,-0.108,0.0003704093160707295,0.00036914131438284416
30,30,KNN,brute,1,uncalibrated,-0.128,0.0,0.0
30,30,KNN,brute,1,uncalibrated,-0.126,0.0,0.0
30,30,KNN,brute,1,uncalibrated,-0.124,0.0,0.0
30,30,KNN,brute,1,uncalibrated,-0.122,0.0,0.0
30,30,KNN,brute,1,uncalibrated,-0.12,0.0,0.0
30,30,KNN,brute,1,uncalibrated,-0.118,0.0,0.0
30,30,KNN,brute,1,uncalibrated,-0.116,0.0,0.0
30,30,KNN,brute,1,uncalibrated,-0.114,0.0,0.0
30,30,KNN,brute,1,uncalibrated,-0.112,0.0,0.0
30,30,KNN,brute,1,uncalibrated,-0.11,0.0,0.0
30,30,KNN,brute,1,uncalibrated,-0.108,0.0,0.0
30,30,KNN,brute,3,uncalibrated,-0.128,0.0,0.0
30,30,KNN,brute,3,uncalibrated,-0.126,0.0,0.0
30,30,KNN,brute,3,uncalibrated,-0.124,0.0,0.0
30,30,KNN,brute,3,uncalibrated,-0.122,0.0,0.0
30,30,KNN,brute,3,uncalibrated,-0.12,0.0,0.0
30,30,KNN,brute,3,uncalibrated,-0.118,0.0,0.0
30,30,KNN,brute,3,uncalibrated,-0.116,0.0,0.0
30,30,KNN,brute,3,uncalibrated,-0.114,0.0,0.0
30,30,KNN,brute,3,uncalibrated,-0.112,0.0,0.0
30,30,KNN,brute,3,uncalibrated,-0.11,0.0,0.0
30,30,KNN,brute,3,uncalibrated,-0.108,0.0,0.0
30,30,KNN,brute,5,uncalibrated,-0.128,0.0,0.0
30,30,KNN,brute,5,uncalibrated,-0.126,0.0,0.0
30,30,KNN,brute,5,uncalibrated,-0.124,0.0,0.0
30,30,KNN,brute,5,uncalibrated,-0.122,0.0,0.0
30,30,KNN,brute,5,uncalibrated,-0.12,0.0,0.0
30,30,KNN,brute,5,uncalibrated,-0.118,0.0,0.0
30,30,KNN,brute,5,uncalibrated,-0.116,0.0,0.0
30,30,KNN,brute,5,uncalibrated,-0.114,0.0,0.0
30,30,KNN,brute,5,uncalibrated,-0.112,0.0,0.0
30,30,KNN,brute,5,uncalibrated,-0.11,0.0,0.0
30,30,KNN,brute,5,uncalibrated,-0.108,0.0,0.0
30,30,KNN,brute,7,uncalibrated,-0.128,0.0,0.0
30,30,KNN,brute,7,uncalibrated,-0.126,0.0,0.0
30,30,KNN,brute,7,uncalibrated,-0.124,0.0,0.0
30,30,KNN,brute,7,uncalibrated,-0.122,0.0,0.0
30,30,KNN,brute,7,uncalibrated,-0.12,0.0,0.0
30,30,KNN,brute,7,uncalibrated,-0.118,0.0,0.0
30,30,KNN,brute,7,uncalibrated,-0.116,0.0,0.0
30,30,KNN,brute,7,uncalibrated,-0.114,0.0,0.0
30,30,KNN,brute,7,uncalibrated,-0.112,0.0,0.0
30,30,KNN,brute,7,uncalibrated,-0.11,0.0,0.0
30,30,KNN,brute,7,uncalibrated,-0.108,0.0,0.0
30,30,KNN,brute,9,uncalibrated,-0.128,0.0,0.0
30,30,KNN,brute,9,uncalibrated,-0.126,0.0,0.0
30,30,KNN,brute,9,uncalibrated,-0.124,0.0,0.0
30,30,KNN,brute,9,uncalibrated,-0.122,0.0,0.0
30,30,KNN,brute,9,uncalibrated,-0.12,0.0,0.0
30,30,KNN,brute,9,uncalibrated,-0.118,0.0,0.0
30,30,KNN,brute,9,uncalibrated,-0.116,0.0,0.0
30,30,KNN,brute,9,uncalibrated,-0.114,0.0,0.0
30,30,KNN,brute,9,uncalibrated,-0.112,0.0,0.0
30,30,KNN,brute,9,uncalibrated,-0.11,0.0,0.0
30,30,KNN,brute,9,uncalibrated,-0.108,0.0,0.0
30,30,KNN,brute,11,uncalibrated,-0.128,0.0,0.0
30,30,KNN,brute,11,uncalibrated,-0.126,0.0,0.0
30,30,KNN,brute,11,uncalibrated,-0.124,0.0,0.0
30,30,KNN,brute,11,uncalibrated,-0.122,0.0,0.0
30,30,KNN,brute,11,uncalibrated,-0.12,0.0,0.0
30,30,KNN,brute,11,uncalibrated,-0.118,0.0,0.0
30,30,KNN,brute,11,uncalibrated,-0.116,0.0,0.0
30,30,KNN,brute,11,uncalibrated,-0.114,0.0,0.0
30,30,KNN,brute,11,uncalibrated,-0.112,0.0,0.0
30,30,KNN,brute,11,uncalibrated,-0.11,0.0,0.0
30,30,KNN,brute,11,uncalibrated,-0.108,0.0,0.0
30,30,KNN,brute,13,uncalibrated,-0.128,0.0,0.0
30,30,KNN,brute,13,uncalibrated,-0.126,0.0,0.0
30,30,KNN,brute,13,uncalibrated,-0.124,0.0,0.0
30,30,KNN,brute,13,uncalibrated,-0.122,0.0,0.0
30,30,KNN,brute,13,uncalibrated,-0.12,0.0,0.0
30,30,KNN,brute,13,uncalibrated,-0.118,0.0,0.0
30,30,KNN,brute,13,uncalibrated,-0.116,0.0,0.0
30,30,KNN,brute,13,uncalibrated,-0.114,0.0,0.0
30,30,KNN,brute,13,uncalibrated,-0.112,0.0,0.0
30,30,KNN,brute,13,uncalibrated,-0.11,0.0,0.0
30,30,KNN,brute,13,uncalibrated,-0.108,0.0,0.0
30,30,KNN,brute,15,uncalibrated,-0.128,0.0,0.0
30,30,KNN,brute,15,uncalibrated,-0.126,0.0,0.0
30,30,KNN,brute,15,uncalibrated,-0.124,0.0,0.0
30,30,KNN,brute,15,uncalibrated,-0.122,0.0,0.0
30,30,KNN,brute,15,uncalibrated,-0.12,0.0,0.0
30,30,KNN,brute,15,uncalibrated,-0.118,0.0,0.0
30,30,KNN,brute,15,uncalibrated,-0.116,0.0,0.0
30,30,KNN,brute,15,uncalibrated,-0.114,0.0,0.0
30,30,KNN,brute,15,uncalibrated,-0.112,0.0,0.0
30,30,KNN,brute,15,uncalibrated,-0.11,0.0,0.0
30,30,KNN,brute,15,uncalibrated,-0.108,0.0,0.0
30,30,KNN,brute,17,uncalibrated,-0.128,0.0,0.0
30,30,KNN,brute,17,uncalibrated,-0.126,0.0,0.0
30,30,KNN,brute,17,uncalibrated,-0.124,0.0,0.0
30,30,KNN,brute,17,uncalibrated,-0.122,0.0,0.0
30,30,KNN,brute,17,uncalibrated,-0.12,0.0,0.0
30,30,KNN,brute,17,uncalibrated,-0.118,0.0,0.0
30,30,KNN,brute,17,uncalibrated,-0.116,0.0,0.0
30,30,KNN,brute,17,uncalibrated,-0.114,0.0,0.0
30,30,KNN,brute,17,uncalibrated,-0.112,0.0,0.0
30,30,KNN,brute,17,uncalibrated,-0.11,0.0,0.0
30,30,KNN,brute,17,uncalibrated,-0.108,0.0,0.0
30,30,KNN,brute,19,uncalibrated,-0.128,0.0,0.0
30,30,KNN,brute,19,uncalibrated,-0.126,0.0,0.0
30,30,KNN,brute,19,uncalibrated,-0.124,0.0,0.0
30,30,KNN,brute,19,uncalibrated,-0.122,0.0,0.0
30,30,KNN,brute,19,uncalibrated,-0.12,0.0,0.0
30,30,KNN,brute,19,uncalibrated,-0.118,0.0,0.0
30,30,KNN,brute,19,uncalibrated,-0.116,0.0,0.0
30,30,KNN,brute,19,uncalibrated,-0.114,0.0,0.0
30,30,KNN,brute,19,uncalibrated,-0.112,0.0,0.0
30,30,KNN,brute,19,uncalibrated,-0.11,0.0,0.0
30,30,KNN,brute,19,uncalibrated,-0.108,0.0,0.0
30,30,KNN,brute,21,uncalibrated,-0.128,0.0,0.0
30,30,KNN,brute,21,uncalibrated,-0.126,0.0,0.0
30,30,KNN,brute,21,uncalibrated,-0.124,0.0,0.0
30,30,KNN,brute,21,uncalibrated,-0.122,0.0,0.0
30,30,KNN,brute,21,uncalibrated,-0.12,0.0,0.0
30,30,KNN,brute,21,uncalibrated,-0.118,0.0,0.0
30,30,KNN,brute,21,uncalibrated,-0.116,0.0,0.0
30,30,KNN,brute,21,uncalibrated,-0.114,0.0,0.0
30,30,KNN,brute,21,uncalibrated,-0.112,0.0,0.0
30,30,KNN,brute,21,uncalibrated,-0.11,0.0,0.0
30,30,KNN,brute,21,uncalibrated,-0.108,0.0,0.0
30,30,KNN,brute,23,uncalibrated,-0.128,0.0,0.0
30,30,KNN,brute,23,uncalibrated,-0.126,0.0,0.0
30,30,KNN,brute,23,uncalibrated,-0.124,0.0,0.0
30,30,KNN,brute,23,uncalibrated,-0.122,0.0,0.0
30,30,KNN,brute,23,uncalibrated,-0.12,0.0,0.0
30,30,KNN,brute,23,uncalibrated,-0.118,0.0,0.0
30,30,KNN,brute,23,uncalibrated,-0.116,0.0,0.0
30,30,KNN,brute,23,uncalibrated,-0.114,0.0,0.0
30,30,KNN,brute,23,uncalibrated,-0.112,0.0,0.0
30,30,KNN,brute,23,uncalibrated,-0.11,0.0,0.0
30,30,KNN,brute,23,uncalibrated,-0.108,0.0,0.0
30,30,KNN,brute,25,uncalibrated,-0.128,0.0,0.0
30,30,KNN,brute,25,uncalibrated,-0.126,0.0,0.0
30,30,KNN,brute,25,uncalibrated,-0.124,0.0,0.0
30,30,KNN,brute,25,uncalibrated,-0.122,0.0,0.0
30,30,KNN,brute,25,uncalibrated,-0.12,0.0,0.0
30,30,KNN,brute,25,uncalibrated,-0.118,0.0,0.0
30,30,KNN,brute,25,uncalibrated,-0.116,0.0,0.0
30,30,KNN,brute,25,uncalibrated,-0.114,0.0,0.0
30,30,KNN,brute,25,uncalibrated,-0.112,0.0,0.0
30,30,KNN,brute,25,uncalibrated,-0.11,0.0,0.0
30,30,KNN,brute,25,uncalibrated,-0.108,0.0,0.0
30,30,KNN,brute,27,uncalibrated,-0.128,0.0,0.0
30,30,KNN,brute,27,uncalibrated,-0.126,0.0,0.0
30,30,KNN,brute,27,uncalibrated,-0.124,0.0,0.0
30,30,KNN,brute,27,uncalibrated,-0.122,0.0,0.0
30,30,KNN,brute,27,uncalibrated,-0.12,0.0,0.0
30,30,KNN,brute,27,uncalibrated,-0.118,0.0,0.0
30,30,KNN,brute,27,uncalibrated,-0.116,0.0,0.0
30,30,KNN,brute,27,uncalibrated,-0.114,0.0,0.0
30,30,KNN,brute,27,uncalibrated,-0.112,0.0,0.0
30,30,KNN,brute,27,uncalibrated,-0.11,0.0,0.0
30,30,KNN,brute,27,uncalibrated,-0.108,0.0,0.0
30,30,KNN,brute,29,uncalibrated,-0.128,0.0,0.0
30,30,KNN,brute,29,uncalibrated,-0.126,0.0,0.0
30,30,KNN,brute,29,uncalibrated,-0.124,0.0,0.0
30,30,KNN,brute,29,uncalibrated,-0.122,0.0,0.0
30,30,KNN,brute,29,uncalibrated,-0.12,0.0,0.0
30,30,KNN,brute,29,uncalibrated,-0.118,0.0,0.0
30,30,KNN,brute,29,uncalibrated,-0.116,0.0,0.0
30,30,KNN,brute,29,uncalibrated,-0.114,0.0,0.0
30,30,KNN,brute,29,uncalibrated,-0.112,2.086071301916947e-05,2.086071301917101e-05
30,30,KNN,brute,29,uncalibrated,-0.11,0.0,0.0
30,30,KNN,brute,29,uncalibrated,-0.108,0.0,0.0
30,30,KNN,brute,31,uncalibrated,-0.128,0.0,0.0
30,30,KNN,brute,31,uncalibrated,-0.126,0.0,0.0
30,30,KNN,brute,31,uncalibrated,-0.124,0.0,0.0
30,30,KNN,brute,31,uncalibrated,-0.122,0.0,0.0
30,30,KNN,brute,31,uncalibrated,-0.12,0.0,0.0
30,30,KNN,brute,31,uncalibrated,-0.118,0.0,0.0
30,30,KNN,brute,31,uncalibrated,-0.116,0.0,0.0
30,30,KNN,brute,31,uncalibrated,-0.114,0.0,0.0
30,30,KNN,brute,31,uncalibrated,-0.112,7.302334921590666e-05,7.302334921591177e-05
30,30,KNN,brute,31,uncalibrated,-0.11,0.0,0.0
30,30,KNN,brute,31,uncalibrated,-0.108,0.0,0.0
30,30,KNN,brute,33,uncalibrated,-0.128,0.0,0.0
30,30,KNN,brute,33,uncalibrated,-0.126,0.0,0.0
30,30,KNN,brute,33,uncalibrated,-0.124,0.0,0.0
30,30,KNN,brute,33,uncalibrated,-0.122,0.0,0.0
30,30,KNN,brute,33,uncalibrated,-0.12,0.0,0.0
30,30,KNN,brute,33,uncalibrated,-0.118,0.0,0.0
30,30,KNN,brute,33,uncalibrated,-0.116,0.0,0.0
30,30,KNN,brute,33,uncalibrated,-0.114,0.0,0.0
30,30,KNN,brute,33,uncalibrated,-0.112,0.00014499057561258318,0.00014499057561258533
30,30,KNN,brute,33,uncalibrated,-0.11,0.0,0.0
30,30,KNN,brute,33,uncalibrated,-0.108,0.0,0.0
30,30,KNN,brute,35,uncalibrated,-0.128,0.0,0.0
30,30,KNN,brute,35,uncalibrated,-0.126,0.0,0.0
30,30,KNN,brute,35,uncalibrated,-0.124,0.0,0.0
30,30,KNN,brute,35,uncalibrated,-0.122,0.0,0.0
30,30,KNN,brute,35,uncalibrated,-0.12,0.0,0.0
30,30,KNN,brute,35,uncalibrated,-0.118,0.0,0.0
30,30,KNN,brute,35,uncalibrated,-0.116,0.0,0.0
30,30,KNN,brute,35,uncalibrated,-0.114,0.0,0.0
30,30,KNN,brute,35,uncalibrated,-0.112,0.00022914428929464065,0.0002291442892946652
30,30,KNN,brute,35,uncalibrated,-0.11,0.0,0.0
30,30,KNN,brute,35,uncalibrated,-0.108,0.0,0.0
30,30,KNN,brute,37,uncalibrated,-0.128,0.0,0.0
30,30,KNN,brute,37,uncalibrated,-0.126,0.0,0.0
30,30,KNN,brute,37,uncalibrated,-0.124,0.0,0.0
30,30,KNN,brute,37,uncalibrated,-0.122,0.0,0.0
30,30,KNN,brute,37,uncalibrated,-0.12,0.0,0.0
30,30,KNN,brute,37,uncalibrated,-0.118,0.0,0.0
30,30,KNN,brute,37,uncalibrated,-0.116,0.0,0.0
30,30,KNN,brute,37,uncalibrated,-0.114,0.0,0.0
30,30,KNN,brute,37,uncalibrated,-0.112,0.0003203772762805152,0.0003203772762805481
30,30,KNN,brute,37,uncalibrated,-0.11,0.0,0.0
30,30,KNN,brute,37,uncalibrated,-0.108,0.0,0.0
30,30,KNN,brute,39,uncalibrated,-0.128,0.0,0.0
30,30,KNN,brute,39,uncalibrated,-0.126,0.0,0.0
30,30,KNN,brute,39,uncalibrated,-0.124,0.0,0.0
30,30,KNN,brute,39,uncalibrated,-0.122,0.0,0.0
30,30,KNN,brute,39,uncalibrated,-0.12,0.0,0.0
30,30,KNN,brute,39,uncalibrated,-0.118,0.0,0.0
30,30,KNN,brute,39,uncalibrated,-0.116,0.0,0.0
30,30,KNN,brute,39,uncalibrated,-0.114,0.0,0.0
30,30,KNN,brute,39,uncalibrated,-0.112,0.0004152392816360306,0.0004152392816360429
30,30,KNN,brute,39,uncalibrated,-0.11,0.0,0.0
30,30,KNN,brute,39,uncalibrated,-0.108,0.0,0.0
30,30,KNN,brute,41,uncalibrated,-0.128,0.0,0.0
30,30,KNN,brute,41,uncalibrated,-0.126,0.0,0.0
30,30,KNN,brute,41,uncalibrated,-0.124,0.0,0.0
30,30,KNN,brute,41,uncalibrated,-0.122,0.0,0.0
30,30,KNN,brute,41,uncalibrated,-0.12,0.0,0.0
30,30,KNN,brute,41,uncalibrated,-0.118,0.0,0.0
30,30,KNN,brute,41,uncalibrated,-0.116,0.0,0.0
30,30,KNN,brute,41,uncalibrated,-0.114,0.0,0.0
30,30,KNN,brute,41,uncalibrated,-0.112,0.0005113915067263558,0.0005113915067263637
30,30,KNN,brute,41,uncalibrated,-0.11,0.0,0.0
30,30,KNN,brute,41,uncalibrated,-0.108,0.0,0.0
30,30,KNN,brute,43,uncalibrated,-0.128,0.0,0.0
30,30,KNN,brute,43,uncalibrated,-0.126,0.0,0.0
30,30,KNN,brute,43,uncalibrated,-0.124,0.0,0.0
30,30,KNN,brute,43,uncalibrated,-0.122,0.0,0.0
30,30,KNN,brute,43,uncalibrated,-0.12,0.0,0.0
30,30,KNN,brute,43,uncalibrated,-0.118,0.0,0.0
30,30,KNN,brute,43,uncalibrated,-0.116,0.0,0.0
30,30,KNN,brute,43,uncalibrated,-0.114,0.0,0.0
30,30,KNN,brute,43,uncalibrated,-0.112,0.0006092856550809866,0.0006068883840500435
30,30,KNN,brute,43,uncalibrated,-0.11,0.0,0.0
30,30,KNN,brute,43,uncalibrated,-0.108,0.0,0.0
30,30,KNN,brute,45,uncalibrated,-0.128,0.0,0.0
30,30,KNN,brute,45,uncalibrated,-0.126,0.0,0.0
30,30,KNN,brute,45,uncalibrated,-0.124,0.0,0.0
30,30,KNN,brute,45,uncalibrated,-0.122,0.0,0.0
30,30,KNN,brute,45,uncalibrated,-0.12,0.0,0.0
30,30,KNN,brute,45,uncalibrated,-0.118,0.0,0.0
30,30,KNN,brute,45,uncalibrated,-0.116,0.0,0.0
30,30,KNN,brute,45,uncalibrated,-0.114,0.0,0.0
30,30,KNN,brute,45,uncalibrated,-0.112,0.0007220274915002495,0.0007003841239515631
30,30,KNN,brute,45,uncalibrated,-0.11,0.0,0.0
30,30,KNN,brute,45,uncalibrated,-0.108,0.0,0.0
30,30,KNN,brute,47,uncalibrated,-0.128,0.0,0.0
30,30,KNN,brute,47,uncalibrated,-0.126,0.0,0.0
30,30,KNN,brute,47,uncalibrated,-0.124,0.0,0.0
30,30,KNN,brute,47,uncalibrated,-0.122,0.0,0.0
30,30,KNN,brute,47,uncalibrated,-0.12,0.0,0.0
30,30,KNN,brute,47,uncalibrated,-0.118,0.0,0.0
30,30,KNN,brute,47,uncalibrated,-0.116,0.0,0.0
30,30,KNN,brute,47,uncalibrated,-0.114,0.0,0.0
30,30,KNN,brute,47,uncalibrated,-0.112,0.0008588833397491661,0.0007931228231929427
30,30,KNN,brute,47,uncalibrated,-0.11,0.0,0.0
30,30,KNN,brute,47,uncalibrated,-0.108,0.0,0.0
30,30,KNN,brute,49,uncalibrated,-0.128,0.0,0.0
30,30,KNN,brute,49,uncalibrated,-0.126,0.0,0.0
30,30,KNN,brute,49,uncalibrated,-0.124,0.0,0.0
30,30,KNN,brute,49,uncalibrated,-0.122,0.0,0.0
30,30,KNN,brute,49,uncalibrated,-0.12,0.0,0.0
30,30,KNN,brute,49,uncalibrated,-0.118,0.0,0.0
30,30,KNN,brute,49,uncalibrated,-0.116,0.0,0.0
30,30,KNN,brute,49,uncalibrated,-0.114,0.0,0.0
30,30,KNN,brute,49,uncalibrated,-0.112,0.0009989439809455053,0.0008860691669018868
30,30,KNN,brute,49,uncalibrated,-0.11,0.0,0.0
30,30,KNN,brute,49,uncalibrated,-0.108,0.0,0.0
30,30,KNN,brute,51,uncalibrated,-0.128,0.0,0.0
30,30,KNN,brute,51,uncalibrated,-0.126,0.0,0.0
30,30,KNN,brute,51,uncalibrated,-0.124,0.0,0.0
30,30,KNN,brute,51,uncalibrated,-0.122,0.0,0.0
30,30,KNN,brute,51,uncalibrated,-0.12,0.0,0.0
30,30,KNN,brute,51,uncalibrated,-0.118,0.0,0.0
30,30,KNN,brute,51,uncalibrated,-0.116,0.0,0.0
30,30,KNN,brute,51,uncalibrated,-0.114,0.0,0.0
30,30,KNN,brute,51,uncalibrated,-0.112,0.001032716748502023,0.0010277817941506155
30,30,KNN,brute,51,uncalibrated,-0.11,0.0,0.0
30,30,KNN,brute,51,uncalibrated,-0.108,0.0,0.0
30,30,KNN,brute,61,uncalibrated,-0.128,0.0,0.0
30,30,KNN,brute,61,uncalibrated,-0.126,0.0,0.0
30,30,KNN,brute,61,uncalibrated,-0.124,0.0,0.0
30,30,KNN,brute,61,uncalibrated,-0.122,0.0,0.0
30,30,KNN,brute,61,uncalibrated,-0.12,0.0,0.0
30,30,KNN,brute,61,uncalibrated,-0.118,0.0,0.0
30,30,KNN,brute,61,uncalibrated,-0.116,0.0,0.0
30,30,KNN,brute,61,uncalibrated,-0.114,0.0,0.0
30,30,KNN,brute,61,uncalibrated,-0.112,0.0017395940897898708,0.0017284038474079417
30,30,KNN,brute,61,uncalibrated,-0.11,0.0,0.0
30,30,KNN,brute,61,uncalibrated,-0.108,0.0,0.0
30,30,KNN,brute,81,uncalibrated,-0.128,0.0,0.0
30,30,KNN,brute,81,uncalibrated,-0.126,0.0,0.0
30,30,KNN,brute,81,uncalibrated,-0.124,0.0,0.0
30,30,KNN,brute,81,uncalibrated,-0.122,0.0,0.0
30,30,KNN,brute,81,uncalibrated,-0.12,0.0,0.0
30,30,KNN,brute,81,uncalibrated,-0.118,0.0,0.0
30,30,KNN,brute,81,uncalibrated,-0.116,0.0,0.0
30,30,KNN,brute,81,uncalibrated,-0.114,6.307548461617351e-05,6.126462864527237e-05
30,30,KNN,brute,81,uncalibrated,-0.112,0.002988172042406919,0.002965505387095431
30,30,KNN,brute,81,uncalibrated,-0.11,0.0,0.0
30,30,KNN,brute,81,uncalibrated,-0.108,0.0,0.0
30,30,KNN,brute,101,uncalibrated,-0.128,0.0,0.0
30,30,KNN,brute,101,uncalibrated,-0.126,0.0,0.0
30,30,KNN,brute,101,uncalibrated,-0.124,0.0,0.0
30,30,KNN,brute,101,uncalibrated,-0.122,0.0,0.0
30,30,KNN,brute,101,uncalibrated,-0.12,0.0,0.0
30,30,KNN,brute,101,uncalibrated,-0.118,0.0,0.0
30,30,KNN,brute,101,uncalibrated,-0.116,0.0,0.0
30,30,KNN,brute,101,uncalibrated,-0.114,0.00029962561004946654,0.00029820411560312966
30,30,KNN,brute,101,uncalibrated,-0.112,0.004319701033574362,0.004130857788628611
30,30,KNN,brute,101,uncalibrated,-0.11,0.0,0.0
30,30,KNN,brute,101,uncalibrated,-0.108,0.0,0.0
30,30,KNN,brute,151,uncalibrated,-0.128,0.0,0.0
30,30,KNN,brute,151,uncalibrated,-0.126,0.0,0.0
30,30,KNN,brute,151,uncalibrated,-0.124,0.0,0.0
30,30,KNN,brute,151,uncalibrated,-0.122,0.0,0.0
30,30,KNN,brute,151,uncalibrated,-0.12,0.0,0.0
30,30,KNN,brute,151,uncalibrated,-0.118,0.0,0.0
30,30,KNN,brute,151,uncalibrated,-0.116,0.0,0.0
30,30,KNN,brute,151,uncalibrated,-0.114,0.0018175174799626636,0.001794382624204379
30,30,KNN,brute,151,uncalibrated,-0.112,0.007484545709645423,0.006529168515010462
30,30,KNN,brute,151,uncalibrated,-0.11,6.4497198157919214e-06,6.434951454520232e-06
30,30,KNN,brute,151,uncalibrated,-0.108,1.2310940501993858e-05,1.231094050199399e-05
30,30,KNN,brute,201,uncalibrated,-0.128,0.0,0.0
30,30,KNN,brute,201,uncalibrated,-0.126,0.0,0.0
30,30,KNN,brute,201,uncalibrated,-0.124,0.0,0.0
30,30,KNN,brute,201,uncalibrated,-0.122,0.0,0.0
30,30,KNN,brute,201,uncalibrated,-0.12,0.0,0.0
30,30,KNN,brute,201,uncalibrated,-0.118,0.0,0.0
30,30,KNN,brute,201,uncalibrated,-0.116,0.0,0.0
30,30,KNN,brute,201,uncalibrated,-0.114,0.003882617879715002,0.0036958608937700606
30,30,KNN,brute,201,uncalibrated,-0.112,0.010286786583353705,0.009577485229058208
30,30,KNN,brute,201,uncalibrated,-0.11,0.0005586704469266798,0.0005340525051491464
30,30,KNN,brute,201,uncalibrated,-0.108,0.0003704093160707295,0.00036914131438284416
20,20,KNN,auto,1,uncalibrated,-0.128,0.0,0.0
20,20,KNN,auto,1,uncalibrated,-0.126,0.0,0.0
20,20,KNN,auto,1,uncalibrated,-0.124,0.0,0.0
20,20,KNN,auto,1,uncalibrated,-0.122,0.0,0.0
20,20,KNN,auto,1,uncalibrated,-0.12,0.0,0.0
20,20,KNN,auto,1,uncalibrated,-0.118,0.0,0.0
20,20,KNN,auto,1,uncalibrated,-0.116,0.0,0.0
20,20,KNN,auto,1,uncalibrated,-0.114,0.0,0.0
20,20,KNN,auto,1,uncalibrated,-0.112,0.0,0.0
20,20,KNN,auto,1,uncalibrated,-0.11,0.0,0.0
20,20,KNN,auto,1,uncalibrated,-0.108,0.0,0.0
20,20,KNN,auto,3,uncalibrated,-0.128,0.0,0.0
20,20,KNN,auto,3,uncalibrated,-0.126,0.0,0.0
20,20,KNN,auto,3,uncalibrated,-0.124,0.0,0.0
20,20,KNN,auto,3,uncalibrated,-0.122,0.0,0.0
20,20,KNN,auto,3,uncalibrated,-0.12,0.0,0.0
20,20,KNN,auto,3,uncalibrated,-0.118,0.0,0.0
20,20,KNN,auto,3,uncalibrated,-0.116,0.0,0.0
20,20,KNN,auto,3,uncalibrated,-0.114,0.0,0.0
20,20,KNN,auto,3,uncalibrated,-0.112,0.0,0.0
20,20,KNN,auto,3,uncalibrated,-0.11,0.0,0.0
20,20,KNN,auto,3,uncalibrated,-0.108,0.0,0.0
20,20,KNN,auto,5,uncalibrated,-0.128,0.0,0.0
20,20,KNN,auto,5,uncalibrated,-0.126,0.0,0.0
20,20,KNN,auto,5,uncalibrated,-0.124,0.0,0.0
20,20,KNN,auto,5,uncalibrated,-0.122,0.0,0.0
20,20,KNN,auto,5,uncalibrated,-0.12,0.0,0.0
20,20,KNN,auto,5,uncalibrated,-0.118,0.0,0.0
20,20,KNN,auto,5,uncalibrated,-0.116,0.0,0.0
20,20,KNN,auto,5,uncalibrated,-0.114,0.0,0.0
20,20,KNN,auto,5,uncalibrated,-0.112,0.0,0.0
20,20,KNN,auto,5,uncalibrated,-0.11,0.0,0.0
20,20,KNN,auto,5,uncalibrated,-0.108,0.0,0.0
20,20,KNN,auto,7,uncalibrated,-0.128,0.0,0.0
20,20,KNN,auto,7,uncalibrated,-0.126,0.0,0.0
20,20,KNN,auto,7,uncalibrated,-0.124,0.0,0.0
20,20,KNN,auto,7,uncalibrated,-0.122,0.0,0.0
20,20,KNN,auto,7,uncalibrated,-0.12,0.0,0.0
20,20,KNN,auto,7,uncalibrated,-0.118,0.0,0.0
20,20,KNN,auto,7,uncalibrated,-0.116,0.0,0.0
20,20,KNN,auto,7,uncalibrated,-0.114,0.0,0.0
20,20,KNN,auto,7,uncalibrated,-0.112,0.0,0.0
20,20,KNN,auto,7,uncalibrated,-0.11,0.0,0.0
20,20,KNN,auto,7,uncalibrated,-0.108,0.0,0.0
20,20,KNN,auto,9,uncalibrated,-0.128,0.0,0.0
20,20,KNN,auto,9,uncalibrated,-0.126,0.0,0.0
20,20,KNN,auto,9,uncalibrated,-0.124,0.0,0.0
20,20,KNN,auto,9,uncalibrated,-0.122,0.0,0.0
20,20,KNN,auto,9,uncalibrated,-0.12,0.0,0.0
20,20,KNN,auto,9,uncalibrated,-0.118,0.0,0.0
20,20,KNN,auto,9,uncalibrated,-0.116,0.0,0.0
20,20,KNN,auto,9,uncalibrated,-0.114,0.0,0.0
20,20,KNN,auto,9,uncalibrated,-0.112,0.0,0.0
20,20,KNN,auto,9,uncalibrated,-0.11,0.0,0.0
20,20,KNN,auto,9,uncalibrated,-0.108,0.0,0.0
20,20,KNN,auto,11,uncalibrated,-0.128,0.0,0.0
20,20,KNN,auto,11,uncalibrated,-0.126,0.0,0.0
20,20,KNN,auto,11,uncalibrated,-0.124,0.0,0.0
20,20,KNN,auto,11,uncalibrated,-0.122,0.0,0.0
20,20,KNN,auto,11,uncalibrated,-0.12,0.0,0.0
20,20,KNN,auto,11,uncalibrated,-0.118,0.0,0.0
20,20,KNN,auto,11,uncalibrated,-0.116,0.0,0.0
20,20,KNN,auto,11,uncalibrated,-0.114,0.0,0.0
20,20,KNN,auto,11,uncalibrated,-0.112,0.0,0.0
20,20,KNN,auto,11,uncalibrated,-0.11,0.0,0.0
20,20,KNN,auto,11,uncalibrated,-0.108,0.0,0.0
20,20,KNN,auto,13,uncalibrated,-0.128,0.0,0.0
20,20,KNN,auto,13,uncalibrated,-0.126,0.0,0.0
20,20,KNN,auto,13,uncalibrated,-0.124,0.0,0.0
20,20,KNN,auto,13,uncalibrated,-0.122,0.0,0.0
20,20,KNN,auto,13,uncalibrated,-0.12,0.0,0.0
20,20,KNN,auto,13,uncalibrated,-0.118,0.0,0.0
20,20,KNN,auto,13,uncalibrated,-0.116,0.0,0.0
20,20,KNN,auto,13,uncalibrated,-0.114,0.0,0.0
20,20,KNN,auto,13,uncalibrated,-0.112,0.0,0.0
20,20,KNN,auto,13,uncalibrated,-0.11,0.0,0.0
20,20,KNN,auto,13,uncalibrated,-0.108,0.0,0.0
20,20,KNN,auto,15,uncalibrated,-0.128,0.0,0.0
20,20,KNN,auto,15,uncalibrated,-0.126,0.0,0.0
20,20,KNN,auto,15,uncalibrated,-0.124,0.0,0.0
20,20,KNN,auto,15,uncalibrated,-0.122,0.0,0.0
20,20,KNN,auto,15,uncalibrated,-0.12,0.0,0.0
20,20,KNN,auto,15,uncalibrated,-0.118,0.0,0.0
20,20,KNN,auto,15,uncalibrated,-0.116,0.0,0.0
20,20,KNN,auto,15,uncalibrated,-0.114,0.0,0.0
20,20,KNN,auto,15,uncalibrated,-0.112,0.0,0.0
20,20,KNN,auto,15,uncalibrated,-0.11,0.0,0.0
20,20,KNN,auto,15,uncalibrated,-0.108,0.0,0.0
20,20,KNN,auto,17,uncalibrated,-0.128,0.0,0.0
20,20,KNN,auto,17,uncalibrated,-0.126,0.0,0.0
20,20,KNN,auto,17,uncalibrated,-0.124,0.0,0.0
20,20,KNN,auto,17,uncalibrated,-0.122,0.0,0.0
20,20,KNN,auto,17,uncalibrated,-0.12,0.0,0.0
20,20,KNN,auto,17,uncalibrated,-0.118,0.0,0.0
20,20,KNN,auto,17,uncalibrated,-0.116,0.0,0.0
20,20,KNN,auto,17,uncalibrated,-0.114,0.0,0.0
20,20,KNN,auto,17,uncalibrated,-0.112,0.0,0.0
20,20,KNN,auto,17,uncalibrated,-0.11,0.0,0.0
20,20,KNN,auto,17,uncalibrated,-0.108,0.0,0.0
20,20,KNN,auto,19,uncalibrated,-0.128,0.0,0.0
20,20,KNN,auto,19,uncalibrated,-0.126,0.0,0.0
20,20,KNN,auto,19,uncalibrated,-0.124,0.0,0.0
20,20,KNN,auto,19,uncalibrated,-0.122,0.0,0.0
20,20,KNN,auto,19,uncalibrated,-0.12,0.0,0.0
20,20,KNN,auto,19,uncalibrated,-0.118,0.0,0.0
20,20,KNN,auto,19,uncalibrated,-0.116,0.0,0.0
20,20,KNN,auto,19,uncalibrated,-0.114,0.0,0.0
20,20,KNN,auto,19,uncalibrated,-0.112,0.0,0.0
20,20,KNN,auto,19,uncalibrated,-0.11,0.0,0.0
20,20,KNN,auto,19,uncalibrated,-0.108,0.0,0.0
20,20,KNN,auto,21,uncalibrated,-0.128,0.0,0.0
20,20,KNN,auto,21,uncalibrated,-0.126,0.0,0.0
20,20,KNN,auto,21,uncalibrated,-0.124,0.0,0.0
20,20,KNN,auto,21,uncalibrated,-0.122,0.0,0.0
20,20,KNN,auto,21,uncalibrated,-0.12,0.0,0.0
20,20,KNN,auto,21,uncalibrated,-0.118,0.0,0.0
20,20,KNN,auto,21,uncalibrated,-0.116,0.0,0.0
20,20,KNN,auto,21,uncalibrated,-0.114,0.0,0.0
20,20,KNN,auto,21,uncalibrated,-0.112,0.0,0.0
20,20,KNN,auto,21,uncalibrated,-0.11,0.0,0.0
20,20,KNN,auto,21,uncalibrated,-0.108,0.0,0.0
20,20,KNN,auto,23,uncalibrated,-0.128,0.0,0.0
20,20,KNN,auto,23,uncalibrated,-0.126,0.0,0.0
20,20,KNN,auto,23,uncalibrated,-0.124,0.0,0.0
20,20,KNN,auto,23,uncalibrated,-0.122,0.0,0.0
20,20,KNN,auto,23,uncalibrated,-0.12,0.0,0.0
20,20,KNN,auto,23,uncalibrated,-0.118,0.0,0.0
20,20,KNN,auto,23,uncalibrated,-0.116,0.0,0.0
20,20,KNN,auto,23,uncalibrated,-0.114,0.0,0.0
20,20,KNN,auto,23,uncalibrated,-0.112,0.0,0.0
20,20,KNN,auto,23,uncalibrated,-0.11,0.0,0.0
20,20,KNN,auto,23,uncalibrated,-0.108,0.0,0.0
20,20,KNN,auto,25,uncalibrated,-0.128,0.0,0.0
20,20,KNN,auto,25,uncalibrated,-0.126,0.0,0.0
20,20,KNN,auto,25,uncalibrated,-0.124,0.0,0.0
20,20,KNN,auto,25,uncalibrated,-0.122,0.0,0.0
20,20,KNN,auto,25,uncalibrated,-0.12,0.0,0.0
20,20,KNN,auto,25,uncalibrated,-0.118,0.0,0.0
20,20,KNN,auto,25,uncalibrated,-0.116,0.0,0.0
20,20,KNN,auto,25,uncalibrated,-0.114,0.0,0.0
20,20,KNN,auto,25,uncalibrated,-0.112,0.0,0.0
20,20,KNN,auto,25,uncalibrated,-0.11,0.0,0.0
20,20,KNN,auto,25,uncalibrated,-0.108,0.0,0.0
20,20,KNN,auto,27,uncalibrated,-0.128,0.0,0.0
20,20,KNN,auto,27,uncalibrated,-0.126,0.0,0.0
20,20,KNN,auto,27,uncalibrated,-0.124,0.0,0.0
20,20,KNN,auto,27,uncalibrated,-0.122,0.0,0.0
20,20,KNN,auto,27,uncalibrated,-0.12,0.0,0.0
20,20,KNN,auto,27,uncalibrated,-0.118,0.0,0.0
20,20,KNN,auto,27,uncalibrated,-0.116,0.0,0.0
20,20,KNN,auto,27,uncalibrated,-0.114,0.0,0.0
20,20,KNN,auto,27,uncalibrated,-0.112,0.0,0.0
20,20,KNN,auto,27,uncalibrated,-0.11,0.0,0.0
20,20,KNN,auto,27,uncalibrated,-0.108,0.0,0.0
20,20,KNN,auto,29,uncalibrated,-0.128,0.0,0.0
20,20,KNN,auto,29,uncalibrated,-0.126,0.0,0.0
20,20,KNN,auto,29,uncalibrated,-0.124,0.0,0.0
20,20,KNN,auto,29,uncalibrated,-0.122,0.0,0.0
20,20,KNN,auto,29,uncalibrated,-0.12,0.0,0.0
20,20,KNN,auto,29,uncalibrated,-0.118,0.0,0.0
20,20,KNN,auto,29,uncalibrated,-0.116,0.0,0.0
20,20,KNN,auto,29,uncalibrated,-0.114,0.0,0.0
20,20,KNN,auto,29,uncalibrated,-0.112,5.215178254792368e-06,5.215178254792752e-06
20,20,KNN,auto,29,uncalibrated,-0.11,0.0,0.0
20,20,KNN,auto,29,uncalibrated,-0.108,0.0,0.0
20,20,KNN,auto,31,uncalibrated,-0.128,0.0,0.0
20,20,KNN,auto,31,uncalibrated,-0.126,0.0,0.0
20,20,KNN,auto,31,uncalibrated,-0.124,0.0,0.0
20,20,KNN,auto,31,uncalibrated,-0.122,0.0,0.0
20,20,KNN,auto,31,uncalibrated,-0.12,0.0,0.0
20,20,KNN,auto,31,uncalibrated,-0.118,0.0,0.0
20,20,KNN,auto,31,uncalibrated,-0.116,0.0,0.0
20,20,KNN,auto,31,uncalibrated,-0.114,0.0,0.0
20,20,KNN,auto,31,uncalibrated,-0.112,1.8255837303976665e-05,1.8255837303977943e-05
20,20,KNN,auto,31,uncalibrated,-0.11,0.0,0.0
20,20,KNN,auto,31,uncalibrated,-0.108,0.0,0.0
20,20,KNN,auto,33,uncalibrated,-0.128,0.0,0.0
20,20,KNN,auto,33,uncalibrated,-0.126,0.0,0.0
20,20,KNN,auto,33,uncalibrated,-0.124,0.0,0.0
20,20,KNN,auto,33,uncalibrated,-0.122,0.0,0.0
20,20,KNN,auto,33,uncalibrated,-0.12,0.0,0.0
20,20,KNN,auto,33,uncalibrated,-0.118,0.0,0.0
20,20,KNN,auto,33,uncalibrated,-0.116,0.0,0.0
20,20,KNN,auto,33,uncalibrated,-0.114,0.0,0.0
20,20,KNN,auto,33,uncalibrated,-0.112,3.6247643903145796e-05,3.624764390314633e-05
20,20,KNN,auto,33,uncalibrated,-0.11,0.0,0.0
20,20,KNN,auto,33,uncalibrated,-0.108,0.0,0.0
20,20,KNN,auto,35,uncalibrated,-0.128,0.0,0.0
20,20,KNN,auto,35,uncalibrated,-0.126,0.0,0.0
20,20,KNN,auto,35,uncalibrated,-0.124,0.0,0.0
20,20,KNN,auto,35,uncalibrated,-0.122,0.0,0.0
20,20,KNN,auto,35,uncalibrated,-0.12,0.0,0.0
20,20,KNN,auto,35,uncalibrated,-0.118,0.0,0.0
20,20,KNN,auto,35,uncalibrated,-0.116,0.0,0.0
20,20,KNN,auto,35,uncalibrated,-0.114,0.0,0.0
20,20,KNN,auto,35,uncalibrated,-0.112,5.728607232366016e-05,5.72860723236663e-05
20,20,KNN,auto,35,uncalibrated,-0.11,0.0,0.0
20,20,KNN,auto,35,uncalibrated,-0.108,0.0,0.0
20,20,KNN,auto,37,uncalibrated,-0.128,0.0,0.0
20,20,KNN,auto,37,uncalibrated,-0.126,0.0,0.0
20,20,KNN,auto,37,uncalibrated,-0.124,0.0,0.0
20,20,KNN,auto,37,uncalibrated,-0.122,0.0,0.0
20,20,KNN,auto,37,uncalibrated,-0.12,0.0,0.0
20,20,KNN,auto,37,uncalibrated,-0.118,0.0,0.0
20,20,KNN,auto,37,uncalibrated,-0.116,0.0,0.0
20,20,KNN,auto,37,uncalibrated,-0.114,0.0,0.0
20,20,KNN,auto,37,uncalibrated,-0.112,0.00011533581946099829,0.00011533581946099723
20,20,KNN,auto,37,uncalibrated,-0.11,0.0,0.0
20,20,KNN,auto,37,uncalibrated,-0.108,0.0,0.0
20,20,KNN,auto,39,uncalibrated,-0.128,0.0,0.0
20,20,KNN,auto,39,uncalibrated,-0.126,0.0,0.0
20,20,KNN,auto,39,uncalibrated,-0.124,0.0,0.0
20,20,KNN,auto,39,uncalibrated,-0.122,0.0,0.0
20,20,KNN,auto,39,uncalibrated,-0.12,0.0,0.0
20,20,KNN,auto,39,uncalibrated,-0.118,0.0,0.0
20,20,KNN,auto,39,uncalibrated,-0.116,0.0,0.0
20,20,KNN,auto,39,uncalibrated,-0.114,0.0,0.0
20,20,KNN,auto,39,uncalibrated,-0.112,0.00019567508732644257,0.00018432636673119932
20,20,KNN,auto,39,uncalibrated,-0.11,0.0,0.0
20,20,KNN,auto,39,uncalibrated,-0.108,0.0,0.0
20,20,KNN,auto,41,uncalibrated,-0.128,0.0,0.0
20,20,KNN,auto,41,uncalibrated,-0.126,0.0,0.0
20,20,KNN,auto,41,uncalibrated,-0.124,0.0,0.0
20,20,KNN,auto,41,uncalibrated,-0.122,0.0,0.0
20,20,KNN,auto,41,uncalibrated,-0.12,0.0,0.0
20,20,KNN,auto,41,uncalibrated,-0.118,0.0,0.0
20,20,KNN,auto,41,uncalibrated,-0.116,0.0,0.0
20,20,KNN,auto,41,uncalibrated,-0.114,0.0,0.0
20,20,KNN,auto,41,uncalibrated,-0.112,0.0002365971211064156,0.00021166905255029023
20,20,KNN,auto,41,uncalibrated,-0.11,0.0,0.0
20,20,KNN,auto,41,uncalibrated,-0.108,0.0,0.0
20,20,KNN,auto,43,uncalibrated,-0.128,0.0,0.0
20,20,KNN,auto,43,uncalibrated,-0.126,0.0,0.0
20,20,KNN,auto,43,uncalibrated,-0.124,0.0,0.0
20,20,KNN,auto,43,uncalibrated,-0.122,0.0,0.0
20,20,KNN,auto,43,uncalibrated,-0.12,0.0,0.0
20,20,KNN,auto,43,uncalibrated,-0.118,0.0,0.0
20,20,KNN,auto,43,uncalibrated,-0.116,0.0,0.0
20,20,KNN,auto,43,uncalibrated,-0.114,0.0,0.0
20,20,KNN,auto,43,uncalibrated,-0.112,0.0003144433768550495,0.00031298454414572813
20,20,KNN,auto,43,uncalibrated,-0.11,0.0,0.0
20,20,KNN,auto,43,uncalibrated,-0.108,0.0,0.0
20,20,KNN,auto,45,uncalibrated,-0.128,0.0,0.0
20,20,KNN,auto,45,uncalibrated,-0.126,0.0,0.0
20,20,KNN,auto,45,uncalibrated,-0.124,0.0,0.0
20,20,KNN,auto,45,uncalibrated,-0.122,0.0,0.0
20,20,KNN,auto,45,uncalibrated,-0.12,0.0,0.0
20,20,KNN,auto,45,uncalibrated,-0.118,0.0,0.0
20,20,KNN,auto,45,uncalibrated,-0.116,0.0,0.0
20,20,KNN,auto,45,uncalibrated,-0.114,0.0,0.0
20,20,KNN,auto,45,uncalibrated,-0.112,0.0004345002998611528,0.00043218836778448436
20,20,KNN,auto,45,uncalibrated,-0.11,0.0,0.0
20,20,KNN,auto,45,uncalibrated,-0.108,0.0,0.0
20,20,KNN,auto,47,uncalibrated,-0.128,0.0,0.0
20,20,KNN,auto,47,uncalibrated,-0.126,0.0,0.0
20,20,KNN,auto,47,uncalibrated,-0.124,0.0,0.0
20,20,KNN,auto,47,uncalibrated,-0.122,0.0,0.0
20,20,KNN,auto,47,uncalibrated,-0.12,0.0,0.0
20,20,KNN,auto,47,uncalibrated,-0.118,0.0,0.0
20,20,KNN,auto,47,uncalibrated,-0.116,0.0,0.0
20,20,KNN,auto,47,uncalibrated,-0.114,0.0,0.0
20,20,KNN,auto,47,uncalibrated,-0.112,0.0005650021617228732,0.0005617599646088425
20,20,KNN,auto,47,uncalibrated,-0.11,0.0,0.0
20,20,KNN,auto,47,uncalibrated,-0.108,0.0,0.0
20,20,KNN,auto,49,uncalibrated,-0.128,0.0,0.0
20,20,KNN,auto,49,uncalibrated,-0.126,0.0,0.0
20,20,KNN,auto,49,uncalibrated,-0.124,0.0,0.0
20,20,KNN,auto,49,uncalibrated,-0.122,0.0,0.0
20,20,KNN,auto,49,uncalibrated,-0.12,0.0,0.0
20,20,KNN,auto,49,uncalibrated,-0.118,0.0,0.0
20,20,KNN,auto,49,uncalibrated,-0.116,0.0,0.0
20,20,KNN,auto,49,uncalibrated,-0.114,0.0,0.0
20,20,KNN,auto,49,uncalibrated,-0.112,0.0007200020123356739,0.0007154178568055238
20,20,KNN,auto,49,uncalibrated,-0.11,0.0,0.0
20,20,KNN,auto,49,uncalibrated,-0.108,0.0,0.0
20,20,KNN,auto,51,uncalibrated,-0.128,0.0,0.0
20,20,KNN,auto,51,uncalibrated,-0.126,0.0,0.0
20,20,KNN,auto,51,uncalibrated,-0.124,0.0,0.0
20,20,KNN,auto,51,uncalibrated,-0.122,0.0,0.0
20,20,KNN,auto,51,uncalibrated,-0.12,0.0,0.0
20,20,KNN,auto,51,uncalibrated,-0.118,0.0,0.0
20,20,KNN,auto,51,uncalibrated,-0.116,0.0,0.0
20,20,KNN,auto,51,uncalibrated,-0.114,0.0,0.0
20,20,KNN,auto,51,uncalibrated,-0.112,0.0008851926289631066,0.0008791967786279428
20,20,KNN,auto,51,uncalibrated,-0.11,0.0,0.0
20,20,KNN,auto,51,uncalibrated,-0.108,0.0,0.0
20,20,KNN,auto,61,uncalibrated,-0.128,0.0,0.0
20,20,KNN,auto,61,uncalibrated,-0.126,0.0,0.0
20,20,KNN,auto,61,uncalibrated,-0.124,0.0,0.0
20,20,KNN,auto,61,uncalibrated,-0.122,0.0,0.0
20,20,KNN,auto,61,uncalibrated,-0.12,0.0,0.0
20,20,KNN,auto,61,uncalibrated,-0.118,0.0,0.0
20,20,KNN,auto,61,uncalibrated,-0.116,0.0,0.0
20,20,KNN,auto,61,uncalibrated,-0.114,0.0,0.0
20,20,KNN,auto,61,uncalibrated,-0.112,0.0016364747696405544,0.00162431798361284
20,20,KNN,auto,61,uncalibrated,-0.11,0.0,0.0
20,20,KNN,auto,61,uncalibrated,-0.108,0.0,0.0
20,20,KNN,auto,81,uncalibrated,-0.128,0.0,0.0
20,20,KNN,auto,81,uncalibrated,-0.126,0.0,0.0
20,20,KNN,auto,81,uncalibrated,-0.124,0.0,0.0
20,20,KNN,auto,81,uncalibrated,-0.122,0.0,0.0
20,20,KNN,auto,81,uncalibrated,-0.12,0.0,0.0
20,20,KNN,auto,81,uncalibrated,-0.118,0.0,0.0
20,20,KNN,auto,81,uncalibrated,-0.116,0.0,0.0
20,20,KNN,auto,81,uncalibrated,-0.114,0.0,0.0
20,20,KNN,auto,81,uncalibrated,-0.112,0.0031257998577855803,0.0031013828987468605
20,20,KNN,auto,81,uncalibrated,-0.11,0.0,0.0
20,20,KNN,auto,81,uncalibrated,-0.108,0.0,0.0
20,20,KNN,auto,101,uncalibrated,-0.128,0.0,0.0
20,20,KNN,auto,101,uncalibrated,-0.126,0.0,0.0
20,20,KNN,auto,101,uncalibrated,-0.124,0.0,0.0
20,20,KNN,auto,101,uncalibrated,-0.122,0.0,0.0
20,20,KNN,auto,101,uncalibrated,-0.12,0.0,0.0
20,20,KNN,auto,101,uncalibrated,-0.118,0.0,0.0
20,20,KNN,auto,101,uncalibrated,-0.116,0.0,0.0
20,20,KNN,auto,101,uncalibrated,-0.114,3.361015026538012e-05,3.361015026538013e-05
20,20,KNN,auto,101,uncalibrated,-0.112,0.004441569992866122,0.004337864012035485
20,20,KNN,auto,101,uncalibrated,-0.11,0.0,0.0
20,20,KNN,auto,101,uncalibrated,-0.108,0.0,0.0
20,20,KNN,auto,151,uncalibrated,-0.128,0.0,0.0
20,20,KNN,auto,151,uncalibrated,-0.126,0.0,0.0
20,20,KNN,auto,151,uncalibrated,-0.124,0.0,0.0
20,20,KNN,auto,151,uncalibrated,-0.122,0.0,0.0
20,20,KNN,auto,151,uncalibrated,-0.12,0.0,0.0
20,20,KNN,auto,151,uncalibrated,-0.118,0.0,0.0
20,20,KNN,auto,151,uncalibrated,-0.116,0.0,0.0
20,20,KNN,auto,151,uncalibrated,-0.114,0.0005016310890561875,0.0004974878962659292
20,20,KNN,auto,151,uncalibrated,-0.112,0.0075529537677204986,0.006814656447613498
20,20,KNN,auto,151,uncalibrated,-0.11,0.0,0.0
20,20,KNN,auto,151,uncalibrated,-0.108,0.00010175761758679504,0.00010175761758679405
20,20,KNN,auto,201,uncalibrated,-0.128,0.0,0.0
20,20,KNN,auto,201,uncalibrated,-0.126,0.0,0.0
20,20,KNN,auto,201,uncalibrated,-0.124,0.0,0.0
20,20,KNN,auto,201,uncalibrated,-0.122,0.0,0.0
20,20,KNN,auto,201,uncalibrated,-0.12,0.0,0.0
20,20,KNN,auto,201,uncalibrated,-0.118,0.0,0.0
20,20,KNN,auto,201,uncalibrated,-0.116,0.0,0.0
20,20,KNN,auto,201,uncalibrated,-0.114,0.0020391470340957243,0.001982752294141409
20,20,KNN,auto,201,uncalibrated,-0.112,0.010386556365880876,0.00964473897253445
20,20,KNN,auto,201,uncalibrated,-0.11,8.984198446586021e-06,8.160984002507822e-06
20,20,KNN,auto,201,uncalibrated,-0.108,0.0005659056944777122,0.0005313595639087498
20,20,KNN,kd_tree,1,uncalibrated,-0.128,0.0,0.0
20,20,KNN,kd_tree,1,uncalibrated,-0.126,0.0,0.0
20,20,KNN,kd_tree,1,uncalibrated,-0.124,0.0,0.0
20,20,KNN,kd_tree,1,uncalibrated,-0.122,0.0,0.0
20,20,KNN,kd_tree,1,uncalibrated,-0.12,0.0,0.0
20,20,KNN,kd_tree,1,uncalibrated,-0.118,0.0,0.0
20,20,KNN,kd_tree,1,uncalibrated,-0.116,0.0,0.0
20,20,KNN,kd_tree,1,uncalibrated,-0.114,0.0,0.0
20,20,KNN,kd_tree,1,uncalibrated,-0.112,0.0,0.0
20,20,KNN,kd_tree,1,uncalibrated,-0.11,0.0,0.0
20,20,KNN,kd_tree,1,uncalibrated,-0.108,0.0,0.0
20,20,KNN,kd_tree,3,uncalibrated,-0.128,0.0,0.0
20,20,KNN,kd_tree,3,uncalibrated,-0.126,0.0,0.0
20,20,KNN,kd_tree,3,uncalibrated,-0.124,0.0,0.0
20,20,KNN,kd_tree,3,uncalibrated,-0.122,0.0,0.0
20,20,KNN,kd_tree,3,uncalibrated,-0.12,0.0,0.0
20,20,KNN,kd_tree,3,uncalibrated,-0.118,0.0,0.0
20,20,KNN,kd_tree,3,uncalibrated,-0.116,0.0,0.0
20,20,KNN,kd_tree,3,uncalibrated,-0.114,0.0,0.0
20,20,KNN,kd_tree,3,uncalibrated,-0.112,0.0,0.0
20,20,KNN,kd_tree,3,uncalibrated,-0.11,0.0,0.0
20,20,KNN,kd_tree,3,uncalibrated,-0.108,0.0,0.0
20,20,KNN,kd_tree,5,uncalibrated,-0.128,0.0,0.0
20,20,KNN,kd_tree,5,uncalibrated,-0.126,0.0,0.0
20,20,KNN,kd_tree,5,uncalibrated,-0.124,0.0,0.0
20,20,KNN,kd_tree,5,uncalibrated,-0.122,0.0,0.0
20,20,KNN,kd_tree,5,uncalibrated,-0.12,0.0,0.0
20,20,KNN,kd_tree,5,uncalibrated,-0.118,0.0,0.0
20,20,KNN,kd_tree,5,uncalibrated,-0.116,0.0,0.0
20,20,KNN,kd_tree,5,uncalibrated,-0.114,0.0,0.0
20,20,KNN,kd_tree,5,uncalibrated,-0.112,0.0,0.0
20,20,KNN,kd_tree,5,uncalibrated,-0.11,0.0,0.0
20,20,KNN,kd_tree,5,uncalibrated,-0.108,0.0,0.0
20,20,KNN,kd_tree,7,uncalibrated,-0.128,0.0,0.0
20,20,KNN,kd_tree,7,uncalibrated,-0.126,0.0,0.0
20,20,KNN,kd_tree,7,uncalibrated,-0.124,0.0,0.0
20,20,KNN,kd_tree,7,uncalibrated,-0.122,0.0,0.0
20,20,KNN,kd_tree,7,uncalibrated,-0.12,0.0,0.0
20,20,KNN,kd_tree,7,uncalibrated,-0.118,0.0,0.0
20,20,KNN,kd_tree,7,uncalibrated,-0.116,0.0,0.0
20,20,KNN,kd_tree,7,uncalibrated,-0.114,0.0,0.0
20,20,KNN,kd_tree,7,uncalibrated,-0.112,0.0,0.0
20,20,KNN,kd_tree,7,uncalibrated,-0.11,0.0,0.0
20,20,KNN,kd_tree,7,uncalibrated,-0.108,0.0,0.0
20,20,KNN,kd_tree,9,uncalibrated,-0.128,0.0,0.0
20,20,KNN,kd_tree,9,uncalibrated,-0.126,0.0,0.0
20,20,KNN,kd_tree,9,uncalibrated,-0.124,0.0,0.0
20,20,KNN,kd_tree,9,uncalibrated,-0.122,0.0,0.0
20,20,KNN,kd_tree,9,uncalibrated,-0.12,0.0,0.0
20,20,KNN,kd_tree,9,uncalibrated,-0.118,0.0,0.0
20,20,KNN,kd_tree,9,uncalibrated,-0.116,0.0,0.0
20,20,KNN,kd_tree,9,uncalibrated,-0.114,0.0,0.0
20,20,KNN,kd_tree,9,uncalibrated,-0.112,0.0,0.0
20,20,KNN,kd_tree,9,uncalibrated,-0.11,0.0,0.0
20,20,KNN,kd_tree,9,uncalibrated,-0.108,0.0,0.0
20,20,KNN,kd_tree,11,uncalibrated,-0.128,0.0,0.0
20,20,KNN,kd_tree,11,uncalibrated,-0.126,0.0,0.0
20,20,KNN,kd_tree,11,uncalibrated,-0.124,0.0,0.0
20,20,KNN,kd_tree,11,uncalibrated,-0.122,0.0,0.0
20,20,KNN,kd_tree,11,uncalibrated,-0.12,0.0,0.0
20,20,KNN,kd_tree,11,uncalibrated,-0.118,0.0,0.0
20,20,KNN,kd_tree,11,uncalibrated,-0.116,0.0,0.0
20,20,KNN,kd_tree,11,uncalibrated,-0.114,0.0,0.0
20,20,KNN,kd_tree,11,uncalibrated,-0.112,0.0,0.0
20,20,KNN,kd_tree,11,uncalibrated,-0.11,0.0,0.0
20,20,KNN,kd_tree,11,uncalibrated,-0.108,0.0,0.0
20,20,KNN,kd_tree,13,uncalibrated,-0.128,0.0,0.0
20,20,KNN,kd_tree,13,uncalibrated,-0.126,0.0,0.0
20,20,KNN,kd_tree,13,uncalibrated,-0.124,0.0,0.0
20,20,KNN,kd_tree,13,uncalibrated,-0.122,0.0,0.0
20,20,KNN,kd_tree,13,uncalibrated,-0.12,0.0,0.0
20,20,KNN,kd_tree,13,uncalibrated,-0.118,0.0,0.0
20,20,KNN,kd_tree,13,uncalibrated,-0.116,0.0,0.0
20,20,KNN,kd_tree,13,uncalibrated,-0.114,0.0,0.0
20,20,KNN,kd_tree,13,uncalibrated,-0.112,0.0,0.0
20,20,KNN,kd_tree,13,uncalibrated,-0.11,0.0,0.0
20,20,KNN,kd_tree,13,uncalibrated,-0.108,0.0,0.0
20,20,KNN,kd_tree,15,uncalibrated,-0.128,0.0,0.0
20,20,KNN,kd_tree,15,uncalibrated,-0.126,0.0,0.0
20,20,KNN,kd_tree,15,uncalibrated,-0.124,0.0,0.0
20,20,KNN,kd_tree,15,uncalibrated,-0.122,0.0,0.0
20,20,KNN,kd_tree,15,uncalibrated,-0.12,0.0,0.0
20,20,KNN,kd_tree,15,uncalibrated,-0.118,0.0,0.0
20,20,KNN,kd_tree,15,uncalibrated,-0.116,0.0,0.0
20,20,KNN,kd_tree,15,uncalibrated,-0.114,0.0,0.0
20,20,KNN,kd_tree,15,uncalibrated,-0.112,0.0,0.0
20,20,KNN,kd_tree,15,uncalibrated,-0.11,0.0,0.0
20,20,KNN,kd_tree,15,uncalibrated,-0.108,0.0,0.0
20,20,KNN,kd_tree,17,uncalibrated,-0.128,0.0,0.0
20,20,KNN,kd_tree,17,uncalibrated,-0.126,0.0,0.0
20,20,KNN,kd_tree,17,uncalibrated,-0.124,0.0,0.0
20,20,KNN,kd_tree,17,uncalibrated,-0.122,0.0,0.0
20,20,KNN,kd_tree,17,uncalibrated,-0.12,0.0,0.0
20,20,KNN,kd_tree,17,uncalibrated,-0.118,0.0,0.0
20,20,KNN,kd_tree,17,uncalibrated,-0.116,0.0,0.0
20,20,KNN,kd_tree,17,uncalibrated,-0.114,0.0,0.0
20,20,KNN,kd_tree,17,uncalibrated,-0.112,0.0,0.0
20,20,KNN,kd_tree,17,uncalibrated,-0.11,0.0,0.0
20,20,KNN,kd_tree,17,uncalibrated,-0.108,0.0,0.0
20,20,KNN,kd_tree,19,uncalibrated,-0.128,0.0,0.0
20,20,KNN,kd_tree,19,uncalibrated,-0.126,0.0,0.0
20,20,KNN,kd_tree,19,uncalibrated,-0.124,0.0,0.0
20,20,KNN,kd_tree,19,uncalibrated,-0.122,0.0,0.0
20,20,KNN,kd_tree,19,uncalibrated,-0.12,0.0,0.0
20,20,KNN,kd_tree,19,uncalibrated,-0.118,0.0,0.0
20,20,KNN,kd_tree,19,uncalibrated,-0.116,0.0,0.0
20,20,KNN,kd_tree,19,uncalibrated,-0.114,0.0,0.0
20,20,KNN,kd_tree,19,uncalibrated,-0.112,0.0,0.0
20,20,KNN,kd_tree,19,uncalibrated,-0.11,0.0,0.0
20,20,KNN,kd_tree,19,uncalibrated,-0.108,0.0,0.0
20,20,KNN,kd_tree,21,uncalibrated,-0.128,0.0,0.0
20,20,KNN,kd_tree,21,uncalibrated,-0.126,0.0,0.0
20,20,KNN,kd_tree,21,uncalibrated,-0.124,0.0,0.0
20,20,KNN,kd_tree,21,uncalibrated,-0.122,0.0,0.0
20,20,KNN,kd_tree,21,uncalibrated,-0.12,0.0,0.0
20,20,KNN,kd_tree,21,uncalibrated,-0.118,0.0,0.0
20,20,KNN,kd_tree,21,uncalibrated,-0.116,0.0,0.0
20,20,KNN,kd_tree,21,uncalibrated,-0.114,0.0,0.0
20,20,KNN,kd_tree,21,uncalibrated,-0.112,0.0,0.0
20,20,KNN,kd_tree,21,uncalibrated,-0.11,0.0,0.0
20,20,KNN,kd_tree,21,uncalibrated,-0.108,0.0,0.0
20,20,KNN,kd_tree,23,uncalibrated,-0.128,0.0,0.0
20,20,KNN,kd_tree,23,uncalibrated,-0.126,0.0,0.0
20,20,KNN,kd_tree,23,uncalibrated,-0.124,0.0,0.0
20,20,KNN,kd_tree,23,uncalibrated,-0.122,0.0,0.0
20,20,KNN,kd_tree,23,uncalibrated,-0.12,0.0,0.0
20,20,KNN,kd_tree,23,uncalibrated,-0.118,0.0,0.0
20,20,KNN,kd_tree,23,uncalibrated,-0.116,0.0,0.0
20,20,KNN,kd_tree,23,uncalibrated,-0.114,0.0,0.0
20,20,KNN,kd_tree,23,uncalibrated,-0.112,0.0,0.0
20,20,KNN,kd_tree,23,uncalibrated,-0.11,0.0,0.0
20,20,KNN,kd_tree,23,uncalibrated,-0.108,0.0,0.0
20,20,KNN,kd_tree,25,uncalibrated,-0.128,0.0,0.0
20,20,KNN,kd_tree,25,uncalibrated,-0.126,0.0,0.0
20,20,KNN,kd_tree,25,uncalibrated,-0.124,0.0,0.0
20,20,KNN,kd_tree,25,uncalibrated,-0.122,0.0,0.0
20,20,KNN,kd_tree,25,uncalibrated,-0.12,0.0,0.0
20,20,KNN,kd_tree,25,uncalibrated,-0.118,0.0,0.0
20,20,KNN,kd_tree,25,uncalibrated,-0.116,0.0,0.0
20,20,KNN,kd_tree,25,uncalibrated,-0.114,0.0,0.0
20,20,KNN,kd_tree,25,uncalibrated,-0.112,0.0,0.0
20,20,KNN,kd_tree,25,uncalibrated,-0.11,0.0,0.0
20,20,KNN,kd_tree,25,uncalibrated,-0.108,0.0,0.0
20,20,KNN,kd_tree,27,uncalibrated,-0.128,0.0,0.0
20,20,KNN,kd_tree,27,uncalibrated,-0.126,0.0,0.0
20,20,KNN,kd_tree,27,uncalibrated,-0.124,0.0,0.0
20,20,KNN,kd_tree,27,uncalibrated,-0.122,0.0,0.0
20,20,KNN,kd_tree,27,uncalibrated,-0.12,0.0,0.0
20,20,KNN,kd_tree,27,uncalibrated,-0.118,0.0,0.0
20,20,KNN,kd_tree,27,uncalibrated,-0.116,0.0,0.0
20,20,KNN,kd_tree,27,uncalibrated,-0.114,0.0,0.0
20,20,KNN,kd_tree,27,uncalibrated,-0.112,0.0,0.0
20,20,KNN,kd_tree,27,uncalibrated,-0.11,0.0,0.0
20,20,KNN,kd_tree,27,uncalibrated,-0.108,0.0,0.0
20,20,KNN,kd_tree,29,uncalibrated,-0.128,0.0,0.0
20,20,KNN,kd_tree,29,uncalibrated,-0.126,0.0,0.0
20,20,KNN,kd_tree,29,uncalibrated,-0.124,0.0,0.0
20,20,KNN,kd_tree,29,uncalibrated,-0.122,0.0,0.0
20,20,KNN,kd_tree,29,uncalibrated,-0.12,0.0,0.0
20,20,KNN,kd_tree,29,uncalibrated,-0.118,0.0,0.0
20,20,KNN,kd_tree,29,uncalibrated,-0.116,0.0,0.0
20,20,KNN,kd_tree,29,uncalibrated,-0.114,0.0,0.0
20,20,KNN,kd_tree,29,uncalibrated,-0.112,5.215178254792368e-06,5.215178254792752e-06
20,20,KNN,kd_tree,29,uncalibrated,-0.11,0.0,0.0
20,20,KNN,kd_tree,29,uncalibrated,-0.108,0.0,0.0
20,20,KNN,kd_tree,31,uncalibrated,-0.128,0.0,0.0
20,20,KNN,kd_tree,31,uncalibrated,-0.126,0.0,0.0
20,20,KNN,kd_tree,31,uncalibrated,-0.124,0.0,0.0
20,20,KNN,kd_tree,31,uncalibrated,-0.122,0.0,0.0
20,20,KNN,kd_tree,31,uncalibrated,-0.12,0.0,0.0
20,20,KNN,kd_tree,31,uncalibrated,-0.118,0.0,0.0
20,20,KNN,kd_tree,31,uncalibrated,-0.116,0.0,0.0
20,20,KNN,kd_tree,31,uncalibrated,-0.114,0.0,0.0
20,20,KNN,kd_tree,31,uncalibrated,-0.112,1.8255837303976665e-05,1.8255837303977943e-05
20,20,KNN,kd_tree,31,uncalibrated,-0.11,0.0,0.0
20,20,KNN,kd_tree,31,uncalibrated,-0.108,0.0,0.0
20,20,KNN,kd_tree,33,uncalibrated,-0.128,0.0,0.0
20,20,KNN,kd_tree,33,uncalibrated,-0.126,0.0,0.0
20,20,KNN,kd_tree,33,uncalibrated,-0.124,0.0,0.0
20,20,KNN,kd_tree,33,uncalibrated,-0.122,0.0,0.0
20,20,KNN,kd_tree,33,uncalibrated,-0.12,0.0,0.0
20,20,KNN,kd_tree,33,uncalibrated,-0.118,0.0,0.0
20,20,KNN,kd_tree,33,uncalibrated,-0.116,0.0,0.0
20,20,KNN,kd_tree,33,uncalibrated,-0.114,0.0,0.0
20,20,KNN,kd_tree,33,uncalibrated,-0.112,3.6247643903145796e-05,3.624764390314633e-05
20,20,KNN,kd_tree,33,uncalibrated,-0.11,0.0,0.0
20,20,KNN,kd_tree,33,uncalibrated,-0.108,0.0,0.0
20,20,KNN,kd_tree,35,uncalibrated,-0.128,0.0,0.0
20,20,KNN,kd_tree,35,uncalibrated,-0.126,0.0,0.0
20,20,KNN,kd_tree,35,uncalibrated,-0.124,0.0,0.0
20,20,KNN,kd_tree,35,uncalibrated,-0.122,0.0,0.0
20,20,KNN,kd_tree,35,uncalibrated,-0.12,0.0,0.0
20,20,KNN,kd_tree,35,uncalibrated,-0.118,0.0,0.0
20,20,KNN,kd_tree,35,uncalibrated,-0.116,0.0,0.0
20,20,KNN,kd_tree,35,uncalibrated,-0.114,0.0,0.0
20,20,KNN,kd_tree,35,uncalibrated,-0.112,5.728607232366016e-05,5.72860723236663e-05
20,20,KNN,kd_tree,35,uncalibrated,-0.11,0.0,0.0
20,20,KNN,kd_tree,35,uncalibrated,-0.108,0.0,0.0
20,20,KNN,kd_tree,37,uncalibrated,-0.128,0.0,0.0
20,20,KNN,kd_tree,37,uncalibrated,-0.126,0.0,0.0
20,20,KNN,kd_tree,37,uncalibrated,-0.124,0.0,0.0
20,20,KNN,kd_tree,37,uncalibrated,-0.122,0.0,0.0
20,20,KNN,kd_tree,37,uncalibrated,-0.12,0.0,0.0
20,20,KNN,kd_tree,37,uncalibrated,-0.118,0.0,0.0
20,20,KNN,kd_tree,37,uncalibrated,-0.116,0.0,0.0
20,20,KNN,kd_tree,37,uncalibrated,-0.114,0.0,0.0
20,20,KNN,kd_tree,37,uncalibrated,-0.112,0.00011533581946099829,0.00011533581946099723
20,20,KNN,kd_tree,37,uncalibrated,-0.11,0.0,0.0
20,20,KNN,kd_tree,37,uncalibrated,-0.108,0.0,0.0
20,20,KNN,kd_tree,39,uncalibrated,-0.128,0.0,0.0
20,20,KNN,kd_tree,39,uncalibrated,-0.126,0.0,0.0
20,20,KNN,kd_tree,39,uncalibrated,-0.124,0.0,0.0
20,20,KNN,kd_tree,39,uncalibrated,-0.122,0.0,0.0
20,20,KNN,kd_tree,39,uncalibrated,-0.12,0.0,0.0
20,20,KNN,kd_tree,39,uncalibrated,-0.118,0.0,0.0
20,20,KNN,kd_tree,39,uncalibrated,-0.116,0.0,0.0
20,20,KNN,kd_tree,39,uncalibrated,-0.114,0.0,0.0
20,20,KNN,kd_tree,39,uncalibrated,-0.112,0.00019567508732644257,0.00018432636673119932
20,20,KNN,kd_tree,39,uncalibrated,-0.11,0.0,0.0
20,20,KNN,kd_tree,39,uncalibrated,-0.108,0.0,0.0
20,20,KNN,kd_tree,41,uncalibrated,-0.128,0.0,0.0
20,20,KNN,kd_tree,41,uncalibrated,-0.126,0.0,0.0
20,20,KNN,kd_tree,41,uncalibrated,-0.124,0.0,0.0
20,20,KNN,kd_tree,41,uncalibrated,-0.122,0.0,0.0
20,20,KNN,kd_tree,41,uncalibrated,-0.12,0.0,0.0
20,20,KNN,kd_tree,41,uncalibrated,-0.118,0.0,0.0
20,20,KNN,kd_tree,41,uncalibrated,-0.116,0.0,0.0
20,20,KNN,kd_tree,41,uncalibrated,-0.114,0.0,0.0
20,20,KNN,kd_tree,41,uncalibrated,-0.112,0.0002365971211064156,0.00021166905255029023
20,20,KNN,kd_tree,41,uncalibrated,-0.11,0.0,0.0
20,20,KNN,kd_tree,41,uncalibrated,-0.108,0.0,0.0
20,20,KNN,kd_tree,43,uncalibrated,-0.128,0.0,0.0
20,20,KNN,kd_tree,43,uncalibrated,-0.126,0.0,0.0
20,20,KNN,kd_tree,43,uncalibrated,-0.124,0.0,0.0
20,20,KNN,kd_tree,43,uncalibrated,-0.122,0.0,0.0
20,20,KNN,kd_tree,43,uncalibrated,-0.12,0.0,0.0
20,20,KNN,kd_tree,43,uncalibrated,-0.118,0.0,0.0
20,20,KNN,kd_tree,43,uncalibrated,-0.116,0.0,0.0
20,20,KNN,kd_tree,43,uncalibrated,-0.114,0.0,0.0
20,20,KNN,kd_tree,43,uncalibrated,-0.112,0.0003144433768550495,0.00031298454414572813
20,20,KNN,kd_tree,43,uncalibrated,-0.11,0.0,0.0
20,20,KNN,kd_tree,43,uncalibrated,-0.108,0.0,0.0
20,20,KNN,kd_tree,45,uncalibrated,-0.128,0.0,0.0
20,20,KNN,kd_tree,45,uncalibrated,-0.126,0.0,0.0
20,20,KNN,kd_tree,45,uncalibrated,-0.124,0.0,0.0
20,20,KNN,kd_tree,45,uncalibrated,-0.122,0.0,0.0
20,20,KNN,kd_tree,45,uncalibrated,-0.12,0.0,0.0
20,20,KNN,kd_tree,45,uncalibrated,-0.118,0.0,0.0
20,20,KNN,kd_tree,45,uncalibrated,-0.116,0.0,0.0
20,20,KNN,kd_tree,45,uncalibrated,-0.114,0.0,0.0
20,20,KNN,kd_tree,45,uncalibrated,-0.112,0.0004345002998611528,0.00043218836778448436
20,20,KNN,kd_tree,45,uncalibrated,-0.11,0.0,0.0
20,20,KNN,kd_tree,45,uncalibrated,-0.108,0.0,0.0
20,20,KNN,kd_tree,47,uncalibrated,-0.128,0.0,0.0
20,20,KNN,kd_tree,47,uncalibrated,-0.126,0.0,0.0
20,20,KNN,kd_tree,47,uncalibrated,-0.124,0.0,0.0
20,20,KNN,kd_tree,47,uncalibrated,-0.122,0.0,0.0
20,20,KNN,kd_tree,47,uncalibrated,-0.12,0.0,0.0
20,20,KNN,kd_tree,47,uncalibrated,-0.118,0.0,0.0
20,20,KNN,kd_tree,47,uncalibrated,-0.116,0.0,0.0
20,20,KNN,kd_tree,47,uncalibrated,-0.114,0.0,0.0
20,20,KNN,kd_tree,47,uncalibrated,-0.112,0.0005650021617228732,0.0005617599646088425
20,20,KNN,kd_tree,47,uncalibrated,-0.11,0.0,0.0
20,20,KNN,kd_tree,47,uncalibrated,-0.108,0.0,0.0
20,20,KNN,kd_tree,49,uncalibrated,-0.128,0.0,0.0
20,20,KNN,kd_tree,49,uncalibrated,-0.126,0.0,0.0
20,20,KNN,kd_tree,49,uncalibrated,-0.124,0.0,0.0
20,20,KNN,kd_tree,49,uncalibrated,-0.122,0.0,0.0
20,20,KNN,kd_tree,49,uncalibrated,-0.12,0.0,0.0
20,20,KNN,kd_tree,49,uncalibrated,-0.118,0.0,0.0
20,20,KNN,kd_tree,49,uncalibrated,-0.116,0.0,0.0
20,20,KNN,kd_tree,49,uncalibrated,-0.114,0.0,0.0
20,20,KNN,kd_tree,49,uncalibrated,-0.112,0.0007200020123356739,0.0007154178568055238
20,20,KNN,kd_tree,49,uncalibrated,-0.11,0.0,0.0
20,20,KNN,kd_tree,49,uncalibrated,-0.108,0.0,0.0
20,20,KNN,kd_tree,51,uncalibrated,-0.128,0.0,0.0
20,20,KNN,kd_tree,51,uncalibrated,-0.126,0.0,0.0
20,20,KNN,kd_tree,51,uncalibrated,-0.124,0.0,0.0
20,20,KNN,kd_tree,51,uncalibrated,-0.122,0.0,0.0
20,20,KNN,kd_tree,51,uncalibrated,-0.12,0.0,0.0
20,20,KNN,kd_tree,51,uncalibrated,-0.118,0.0,0.0
20,20,KNN,kd_tree,51,uncalibrated,-0.116,0.0,0.0
20,20,KNN,kd_tree,51,uncalibrated,-0.114,0.0,0.0
20,20,KNN,kd_tree,51,uncalibrated,-0.112,0.0008851926289631066,0.0008791967786279428
20,20,KNN,kd_tree,51,uncalibrated,-0.11,0.0,0.0
20,20,KNN,kd_tree,51,uncalibrated,-0.108,0.0,0.0
20,20,KNN,kd_tree,61,uncalibrated,-0.128,0.0,0.0
20,20,KNN,kd_tree,61,uncalibrated,-0.126,0.0,0.0
20,20,KNN,kd_tree,61,uncalibrated,-0.124,0.0,0.0
20,20,KNN,kd_tree,61,uncalibrated,-0.122,0.0,0.0
20,20,KNN,kd_tree,61,uncalibrated,-0.12,0.0,0.0
20,20,KNN,kd_tree,61,uncalibrated,-0.118,0.0,0.0
20,20,KNN,kd_tree,61,uncalibrated,-0.116,0.0,0.0
20,20,KNN,kd_tree,61,uncalibrated,-0.114,0.0,0.0
20,20,KNN,kd_tree,61,uncalibrated,-0.112,0.0016364747696405544,0.00162431798361284
20,20,KNN,kd_tree,61,uncalibrated,-0.11,0.0,0.0
20,20,KNN,kd_tree,61,uncalibrated,-0.108,0.0,0.0
20,20,KNN,kd_tree,81,uncalibrated,-0.128,0.0,0.0
20,20,KNN,kd_tree,81,uncalibrated,-0.126,0.0,0.0
20,20,KNN,kd_tree,81,uncalibrated,-0.124,0.0,0.0
20,20,KNN,kd_tree,81,uncalibrated,-0.122,0.0,0.0
20,20,KNN,kd_tree,81,uncalibrated,-0.12,0.0,0.0
20,20,KNN,kd_tree,81,uncalibrated,-0.118,0.0,0.0
20,20,KNN,kd_tree,81,uncalibrated,-0.116,0.0,0.0
20,20,KNN,kd_tree,81,uncalibrated,-0.114,0.0,0.0
20,20,KNN,kd_tree,81,uncalibrated,-0.112,0.0031257998577855803,0.0031013828987468605
20,20,KNN,kd_tree,81,uncalibrated,-0.11,0.0,0.0
20,20,KNN,kd_tree,81,uncalibrated,-0.108,0.0,0.0
20,20,KNN,kd_tree,101,uncalibrated,-0.128,0.0,0.0
20,20,KNN,kd_tree,101,uncalibrated,-0.126,0.0,0.0
20,20,KNN,kd_tree,101,uncalibrated,-0.124,0.0,0.0
20,20,KNN,kd_tree,101,uncalibrated,-0.122,0.0,0.0
20,20,KNN,kd_tree,101,uncalibrated,-0.12,0.0,0.0
20,20,KNN,kd_tree,101,uncalibrated,-0.118,0.0,0.0
20,20,KNN,kd_tree,101,uncalibrated,-0.116,0.0,0.0
20,20,KNN,kd_tree,101,uncalibrated,-0.114,3.361015026538012e-05,3.361015026538013e-05
20,20,KNN,kd_tree,101,uncalibrated,-0.112,0.004441569992866122,0.004337864012035485
20,20,KNN,kd_tree,101,uncalibrated,-0.11,0.0,0.0
20,20,KNN,kd_tree,101,uncalibrated,-0.108,0.0,0.0
20,20,KNN,kd_tree,151,uncalibrated,-0.128,0.0,0.0
20,20,KNN,kd_tree,151,uncalibrated,-0.126,0.0,0.0
20,20,KNN,kd_tree,151,uncalibrated,-0.124,0.0,0.0
20,20,KNN,kd_tree,151,uncalibrated,-0.122,0.0,0.0
20,20,KNN,kd_tree,151,uncalibrated,-0.12,0.0,0.0
20,20,KNN,kd_tree,151,uncalibrated,-0.118,0.0,0.0
20,20,KNN,kd_tree,151,uncalibrated,-0.116,0.0,0.0
20,20,KNN,kd_tree,151,uncalibrated,-0.114,0.0005016310890561875,0.0004974878962659292
20,20,KNN,kd_tree,151,uncalibrated,-0.112,0.0075529537677204986,0.006814656447613498
20,20,KNN,kd_tree,151,uncalibrated,-0.11,0.0,0.0
20,20,KNN,kd_tree,151,uncalibrated,-0.108,0.00010175761758679504,0.00010175761758679405
20,20,KNN,kd_tree,201,uncalibrated,-0.128,0.0,0.0
20,20,KNN,kd_tree,201,uncalibrated,-0.126,0.0,0.0
20,20,KNN,kd_tree,201,uncalibrated,-0.124,0.0,0.0
20,20,KNN,kd_tree,201,uncalibrated,-0.122,0.0,0.0
20,20,KNN,kd_tree,201,uncalibrated,-0.12,0.0,0.0
20,20,KNN,kd_tree,201,uncalibrated,-0.118,0.0,0.0
20,20,KNN,kd_tree,201,uncalibrated,-0.116,0.0,0.0
20,20,KNN,kd_tree,201,uncalibrated,-0.114,0.0020391470340957243,0.001982752294141409
20,20,KNN,kd_tree,201,uncalibrated,-0.112,0.010386556365880876,0.00964473897253445
20,20,KNN,kd_tree,201,uncalibrated,-0.11,8.984198446586021e-06,8.160984002507822e-06
20,20,KNN,kd_tree,201,uncalibrated,-0.108,0.0005659056944777122,0.0005313595639087498
20,20,KNN,ball_tree,1,uncalibrated,-0.128,0.0,0.0
20,20,KNN,ball_tree,1,uncalibrated,-0.126,0.0,0.0
20,20,KNN,ball_tree,1,uncalibrated,-0.124,0.0,0.0
20,20,KNN,ball_tree,1,uncalibrated,-0.122,0.0,0.0
20,20,KNN,ball_tree,1,uncalibrated,-0.12,0.0,0.0
20,20,KNN,ball_tree,1,uncalibrated,-0.118,0.0,0.0
20,20,KNN,ball_tree,1,uncalibrated,-0.116,0.0,0.0
20,20,KNN,ball_tree,1,uncalibrated,-0.114,0.0,0.0
20,20,KNN,ball_tree,1,uncalibrated,-0.112,0.0,0.0
20,20,KNN,ball_tree,1,uncalibrated,-0.11,0.0,0.0
20,20,KNN,ball_tree,1,uncalibrated,-0.108,0.0,0.0
20,20,KNN,ball_tree,3,uncalibrated,-0.128,0.0,0.0
20,20,KNN,ball_tree,3,uncalibrated,-0.126,0.0,0.0
20,20,KNN,ball_tree,3,uncalibrated,-0.124,0.0,0.0
20,20,KNN,ball_tree,3,uncalibrated,-0.122,0.0,0.0
20,20,KNN,ball_tree,3,uncalibrated,-0.12,0.0,0.0
20,20,KNN,ball_tree,3,uncalibrated,-0.118,0.0,0.0
20,20,KNN,ball_tree,3,uncalibrated,-0.116,0.0,0.0
20,20,KNN,ball_tree,3,uncalibrated,-0.114,0.0,0.0
20,20,KNN,ball_tree,3,uncalibrated,-0.112,0.0,0.0
20,20,KNN,ball_tree,3,uncalibrated,-0.11,0.0,0.0
20,20,KNN,ball_tree,3,uncalibrated,-0.108,0.0,0.0
20,20,KNN,ball_tree,5,uncalibrated,-0.128,0.0,0.0
20,20,KNN,ball_tree,5,uncalibrated,-0.126,0.0,0.0
20,20,KNN,ball_tree,5,uncalibrated,-0.124,0.0,0.0
20,20,KNN,ball_tree,5,uncalibrated,-0.122,0.0,0.0
20,20,KNN,ball_tree,5,uncalibrated,-0.12,0.0,0.0
20,20,KNN,ball_tree,5,uncalibrated,-0.118,0.0,0.0
20,20,KNN,ball_tree,5,uncalibrated,-0.116,0.0,0.0
20,20,KNN,ball_tree,5,uncalibrated,-0.114,0.0,0.0
20,20,KNN,ball_tree,5,uncalibrated,-0.112,0.0,0.0
20,20,KNN,ball_tree,5,uncalibrated,-0.11,0.0,0.0
20,20,KNN,ball_tree,5,uncalibrated,-0.108,0.0,0.0
20,20,KNN,ball_tree,7,uncalibrated,-0.128,0.0,0.0
20,20,KNN,ball_tree,7,uncalibrated,-0.126,0.0,0.0
20,20,KNN,ball_tree,7,uncalibrated,-0.124,0.0,0.0
20,20,KNN,ball_tree,7,uncalibrated,-0.122,0.0,0.0
20,20,KNN,ball_tree,7,uncalibrated,-0.12,0.0,0.0
20,20,KNN,ball_tree,7,uncalibrated,-0.118,0.0,0.0
20,20,KNN,ball_tree,7,uncalibrated,-0.116,0.0,0.0
20,20,KNN,ball_tree,7,uncalibrated,-0.114,0.0,0.0
20,20,KNN,ball_tree,7,uncalibrated,-0.112,0.0,0.0
20,20,KNN,ball_tree,7,uncalibrated,-0.11,0.0,0.0
20,20,KNN,ball_tree,7,uncalibrated,-0.108,0.0,0.0
20,20,KNN,ball_tree,9,uncalibrated,-0.128,0.0,0.0
20,20,KNN,ball_tree,9,uncalibrated,-0.126,0.0,0.0
20,20,KNN,ball_tree,9,uncalibrated,-0.124,0.0,0.0
20,20,KNN,ball_tree,9,uncalibrated,-0.122,0.0,0.0
20,20,KNN,ball_tree,9,uncalibrated,-0.12,0.0,0.0
20,20,KNN,ball_tree,9,uncalibrated,-0.118,0.0,0.0
20,20,KNN,ball_tree,9,uncalibrated,-0.116,0.0,0.0
20,20,KNN,ball_tree,9,uncalibrated,-0.114,0.0,0.0
20,20,KNN,ball_tree,9,uncalibrated,-0.112,0.0,0.0
20,20,KNN,ball_tree,9,uncalibrated,-0.11,0.0,0.0
20,20,KNN,ball_tree,9,uncalibrated,-0.108,0.0,0.0
20,20,KNN,ball_tree,11,uncalibrated,-0.128,0.0,0.0
20,20,KNN,ball_tree,11,uncalibrated,-0.126,0.0,0.0
20,20,KNN,ball_tree,11,uncalibrated,-0.124,0.0,0.0
20,20,KNN,ball_tree,11,uncalibrated,-0.122,0.0,0.0
20,20,KNN,ball_tree,11,uncalibrated,-0.12,0.0,0.0
20,20,KNN,ball_tree,11,uncalibrated,-0.118,0.0,0.0
20,20,KNN,ball_tree,11,uncalibrated,-0.116,0.0,0.0
20,20,KNN,ball_tree,11,uncalibrated,-0.114,0.0,0.0
20,20,KNN,ball_tree,11,uncalibrated,-0.112,0.0,0.0
20,20,KNN,ball_tree,11,uncalibrated,-0.11,0.0,0.0
20,20,KNN,ball_tree,11,uncalibrated,-0.108,0.0,0.0
20,20,KNN,ball_tree,13,uncalibrated,-0.128,0.0,0.0
20,20,KNN,ball_tree,13,uncalibrated,-0.126,0.0,0.0
20,20,KNN,ball_tree,13,uncalibrated,-0.124,0.0,0.0
20,20,KNN,ball_tree,13,uncalibrated,-0.122,0.0,0.0
20,20,KNN,ball_tree,13,uncalibrated,-0.12,0.0,0.0
20,20,KNN,ball_tree,13,uncalibrated,-0.118,0.0,0.0
20,20,KNN,ball_tree,13,uncalibrated,-0.116,0.0,0.0
20,20,KNN,ball_tree,13,uncalibrated,-0.114,0.0,0.0
20,20,KNN,ball_tree,13,uncalibrated,-0.112,0.0,0.0
20,20,KNN,ball_tree,13,uncalibrated,-0.11,0.0,0.0
20,20,KNN,ball_tree,13,uncalibrated,-0.108,0.0,0.0
20,20,KNN,ball_tree,15,uncalibrated,-0.128,0.0,0.0
20,20,KNN,ball_tree,15,uncalibrated,-0.126,0.0,0.0
20,20,KNN,ball_tree,15,uncalibrated,-0.124,0.0,0.0
20,20,KNN,ball_tree,15,uncalibrated,-0.122,0.0,0.0
20,20,KNN,ball_tree,15,uncalibrated,-0.12,0.0,0.0
20,20,KNN,ball_tree,15,uncalibrated,-0.118,0.0,0.0
20,20,KNN,ball_tree,15,uncalibrated,-0.116,0.0,0.0
20,20,KNN,ball_tree,15,uncalibrated,-0.114,0.0,0.0
20,20,KNN,ball_tree,15,uncalibrated,-0.112,0.0,0.0
20,20,KNN,ball_tree,15,uncalibrated,-0.11,0.0,0.0
20,20,KNN,ball_tree,15,uncalibrated,-0.108,0.0,0.0
20,20,KNN,ball_tree,17,uncalibrated,-0.128,0.0,0.0
20,20,KNN,ball_tree,17,uncalibrated,-0.126,0.0,0.0
20,20,KNN,ball_tree,17,uncalibrated,-0.124,0.0,0.0
20,20,KNN,ball_tree,17,uncalibrated,-0.122,0.0,0.0
20,20,KNN,ball_tree,17,uncalibrated,-0.12,0.0,0.0
20,20,KNN,ball_tree,17,uncalibrated,-0.118,0.0,0.0
20,20,KNN,ball_tree,17,uncalibrated,-0.116,0.0,0.0
20,20,KNN,ball_tree,17,uncalibrated,-0.114,0.0,0.0
20,20,KNN,ball_tree,17,uncalibrated,-0.112,0.0,0.0
20,20,KNN,ball_tree,17,uncalibrated,-0.11,0.0,0.0
20,20,KNN,ball_tree,17,uncalibrated,-0.108,0.0,0.0
20,20,KNN,ball_tree,19,uncalibrated,-0.128,0.0,0.0
20,20,KNN,ball_tree,19,uncalibrated,-0.126,0.0,0.0
20,20,KNN,ball_tree,19,uncalibrated,-0.124,0.0,0.0
20,20,KNN,ball_tree,19,uncalibrated,-0.122,0.0,0.0
20,20,KNN,ball_tree,19,uncalibrated,-0.12,0.0,0.0
20,20,KNN,ball_tree,19,uncalibrated,-0.118,0.0,0.0
20,20,KNN,ball_tree,19,uncalibrated,-0.116,0.0,0.0
20,20,KNN,ball_tree,19,uncalibrated,-0.114,0.0,0.0
20,20,KNN,ball_tree,19,uncalibrated,-0.112,0.0,0.0
20,20,KNN,ball_tree,19,uncalibrated,-0.11,0.0,0.0
20,20,KNN,ball_tree,19,uncalibrated,-0.108,0.0,0.0
20,20,KNN,ball_tree,21,uncalibrated,-0.128,0.0,0.0
20,20,KNN,ball_tree,21,uncalibrated,-0.126,0.0,0.0
20,20,KNN,ball_tree,21,uncalibrated,-0.124,0.0,0.0
20,20,KNN,ball_tree,21,uncalibrated,-0.122,0.0,0.0
20,20,KNN,ball_tree,21,uncalibrated,-0.12,0.0,0.0
20,20,KNN,ball_tree,21,uncalibrated,-0.118,0.0,0.0
20,20,KNN,ball_tree,21,uncalibrated,-0.116,0.0,0.0
20,20,KNN,ball_tree,21,uncalibrated,-0.114,0.0,0.0
20,20,KNN,ball_tree,21,uncalibrated,-0.112,0.0,0.0
20,20,KNN,ball_tree,21,uncalibrated,-0.11,0.0,0.0
20,20,KNN,ball_tree,21,uncalibrated,-0.108,0.0,0.0
20,20,KNN,ball_tree,23,uncalibrated,-0.128,0.0,0.0
20,20,KNN,ball_tree,23,uncalibrated,-0.126,0.0,0.0
20,20,KNN,ball_tree,23,uncalibrated,-0.124,0.0,0.0
20,20,KNN,ball_tree,23,uncalibrated,-0.122,0.0,0.0
20,20,KNN,ball_tree,23,uncalibrated,-0.12,0.0,0.0
20,20,KNN,ball_tree,23,uncalibrated,-0.118,0.0,0.0
20,20,KNN,ball_tree,23,uncalibrated,-0.116,0.0,0.0
20,20,KNN,ball_tree,23,uncalibrated,-0.114,0.0,0.0
20,20,KNN,ball_tree,23,uncalibrated,-0.112,0.0,0.0
20,20,KNN,ball_tree,23,uncalibrated,-0.11,0.0,0.0
20,20,KNN,ball_tree,23,uncalibrated,-0.108,0.0,0.0
20,20,KNN,ball_tree,25,uncalibrated,-0.128,0.0,0.0
20,20,KNN,ball_tree,25,uncalibrated,-0.126,0.0,0.0
20,20,KNN,ball_tree,25,uncalibrated,-0.124,0.0,0.0
20,20,KNN,ball_tree,25,uncalibrated,-0.122,0.0,0.0
20,20,KNN,ball_tree,25,uncalibrated,-0.12,0.0,0.0
20,20,KNN,ball_tree,25,uncalibrated,-0.118,0.0,0.0
20,20,KNN,ball_tree,25,uncalibrated,-0.116,0.0,0.0
20,20,KNN,ball_tree,25,uncalibrated,-0.114,0.0,0.0
20,20,KNN,ball_tree,25,uncalibrated,-0.112,0.0,0.0
20,20,KNN,ball_tree,25,uncalibrated,-0.11,0.0,0.0
20,20,KNN,ball_tree,25,uncalibrated,-0.108,0.0,0.0
20,20,KNN,ball_tree,27,uncalibrated,-0.128,0.0,0.0
20,20,KNN,ball_tree,27,uncalibrated,-0.126,0.0,0.0
20,20,KNN,ball_tree,27,uncalibrated,-0.124,0.0,0.0
20,20,KNN,ball_tree,27,uncalibrated,-0.122,0.0,0.0
20,20,KNN,ball_tree,27,uncalibrated,-0.12,0.0,0.0
20,20,KNN,ball_tree,27,uncalibrated,-0.118,0.0,0.0
20,20,KNN,ball_tree,27,uncalibrated,-0.116,0.0,0.0
20,20,KNN,ball_tree,27,uncalibrated,-0.114,0.0,0.0
20,20,KNN,ball_tree,27,uncalibrated,-0.112,0.0,0.0
20,20,KNN,ball_tree,27,uncalibrated,-0.11,0.0,0.0
20,20,KNN,ball_tree,27,uncalibrated,-0.108,0.0,0.0
20,20,KNN,ball_tree,29,uncalibrated,-0.128,0.0,0.0
20,20,KNN,ball_tree,29,uncalibrated,-0.126,0.0,0.0
20,20,KNN,ball_tree,29,uncalibrated,-0.124,0.0,0.0
20,20,KNN,ball_tree,29,uncalibrated,-0.122,0.0,0.0
20,20,KNN,ball_tree,29,uncalibrated,-0.12,0.0,0.0
20,20,KNN,ball_tree,29,uncalibrated,-0.118,0.0,0.0
20,20,KNN,ball_tree,29,uncalibrated,-0.116,0.0,0.0
20,20,KNN,ball_tree,29,uncalibrated,-0.114,0.0,0.0
20,20,KNN,ball_tree,29,uncalibrated,-0.112,5.215178254792368e-06,5.215178254792752e-06
20,20,KNN,ball_tree,29,uncalibrated,-0.11,0.0,0.0
20,20,KNN,ball_tree,29,uncalibrated,-0.108,0.0,0.0
20,20,KNN,ball_tree,31,uncalibrated,-0.128,0.0,0.0
20,20,KNN,ball_tree,31,uncalibrated,-0.126,0.0,0.0
20,20,KNN,ball_tree,31,uncalibrated,-0.124,0.0,0.0
20,20,KNN,ball_tree,31,uncalibrated,-0.122,0.0,0.0
20,20,KNN,ball_tree,31,uncalibrated,-0.12,0.0,0.0
20,20,KNN,ball_tree,31,uncalibrated,-0.118,0.0,0.0
20,20,KNN,ball_tree,31,uncalibrated,-0.116,0.0,0.0
20,20,KNN,ball_tree,31,uncalibrated,-0.114,0.0,0.0
20,20,KNN,ball_tree,31,uncalibrated,-0.112,1.8255837303976665e-05,1.8255837303977943e-05
20,20,KNN,ball_tree,31,uncalibrated,-0.11,0.0,0.0
20,20,KNN,ball_tree,31,uncalibrated,-0.108,0.0,0.0
20,20,KNN,ball_tree,33,uncalibrated,-0.128,0.0,0.0
20,20,KNN,ball_tree,33,uncalibrated,-0.126,0.0,0.0
20,20,KNN,ball_tree,33,uncalibrated,-0.124,0.0,0.0
20,20,KNN,ball_tree,33,uncalibrated,-0.122,0.0,0.0
20,20,KNN,ball_tree,33,uncalibrated,-0.12,0.0,0.0
20,20,KNN,ball_tree,33,uncalibrated,-0.118,0.0,0.0
20,20,KNN,ball_tree,33,uncalibrated,-0.116,0.0,0.0
20,20,KNN,ball_tree,33,uncalibrated,-0.114,0.0,0.0
20,20,KNN,ball_tree,33,uncalibrated,-0.112,3.6247643903145796e-05,3.624764390314633e-05
20,20,KNN,ball_tree,33,uncalibrated,-0.11,0.0,0.0
20,20,KNN,ball_tree,33,uncalibrated,-0.108,0.0,0.0
20,20,KNN,ball_tree,35,uncalibrated,-0.128,0.0,0.0
20,20,KNN,ball_tree,35,uncalibrated,-0.126,0.0,0.0
20,20,KNN,ball_tree,35,uncalibrated,-0.124,0.0,0.0
20,20,KNN,ball_tree,35,uncalibrated,-0.122,0.0,0.0
20,20,KNN,ball_tree,35,uncalibrated,-0.12,0.0,0.0
20,20,KNN,ball_tree,35,uncalibrated,-0.118,0.0,0.0
20,20,KNN,ball_tree,35,uncalibrated,-0.116,0.0,0.0
20,20,KNN,ball_tree,35,uncalibrated,-0.114,0.0,0.0
20,20,KNN,ball_tree,35,uncalibrated,-0.112,5.728607232366016e-05,5.72860723236663e-05
20,20,KNN,ball_tree,35,uncalibrated,-0.11,0.0,0.0
20,20,KNN,ball_tree,35,uncalibrated,-0.108,0.0,0.0
20,20,KNN,ball_tree,37,uncalibrated,-0.128,0.0,0.0
20,20,KNN,ball_tree,37,uncalibrated,-0.126,0.0,0.0
20,20,KNN,ball_tree,37,uncalibrated,-0.124,0.0,0.0
20,20,KNN,ball_tree,37,uncalibrated,-0.122,0.0,0.0
20,20,KNN,ball_tree,37,uncalibrated,-0.12,0.0,0.0
20,20,KNN,ball_tree,37,uncalibrated,-0.118,0.0,0.0
20,20,KNN,ball_tree,37,uncalibrated,-0.116,0.0,0.0
20,20,KNN,ball_tree,37,uncalibrated,-0.114,0.0,0.0
20,20,KNN,ball_tree,37,uncalibrated,-0.112,0.00011533581946099829,0.00011533581946099723
20,20,KNN,ball_tree,37,uncalibrated,-0.11,0.0,0.0
20,20,KNN,ball_tree,37,uncalibrated,-0.108,0.0,0.0
20,20,KNN,ball_tree,39,uncalibrated,-0.128,0.0,0.0
20,20,KNN,ball_tree,39,uncalibrated,-0.126,0.0,0.0
20,20,KNN,ball_tree,39,uncalibrated,-0.124,0.0,0.0
20,20,KNN,ball_tree,39,uncalibrated,-0.122,0.0,0.0
20,20,KNN,ball_tree,39,uncalibrated,-0.12,0.0,0.0
20,20,KNN,ball_tree,39,uncalibrated,-0.118,0.0,0.0
20,20,KNN,ball_tree,39,uncalibrated,-0.116,0.0,0.0
20,20,KNN,ball_tree,39,uncalibrated,-0.114,0.0,0.0
20,20,KNN,ball_tree,39,uncalibrated,-0.112,0.00019567508732644257,0.00018432636673119932
20,20,KNN,ball_tree,39,uncalibrated,-0.11,0.0,0.0
20,20,KNN,ball_tree,39,uncalibrated,-0.108,0.0,0.0
20,20,KNN,ball_tree,41,uncalibrated,-0.128,0.0,0.0
20,20,KNN,ball_tree,41,uncalibrated,-0.126,0.0,0.0
20,20,KNN,ball_tree,41,uncalibrated,-0.124,0.0,0.0
20,20,KNN,ball_tree,41,uncalibrated,-0.122,0.0,0.0
20,20,KNN,ball_tree,41,uncalibrated,-0.12,0.0,0.0
20,20,KNN,ball_tree,41,uncalibrated,-0.118,0.0,0.0
20,20,KNN,ball_tree,41,uncalibrated,-0.116,0.0,0.0
20,20,KNN,ball_tree,41,uncalibrated,-0.114,0.0,0.0
20,20,KNN,ball_tree,41,uncalibrated,-0.112,0.0002365971211064156,0.00021166905255029023
20,20,KNN,ball_tree,41,uncalibrated,-0.11,0.0,0.0
20,20,KNN,ball_tree,41,uncalibrated,-0.108,0.0,0.0
20,20,KNN,ball_tree,43,uncalibrated,-0.128,0.0,0.0
20,20,KNN,ball_tree,43,uncalibrated,-0.126,0.0,0.0
20,20,KNN,ball_tree,43,uncalibrated,-0.124,0.0,0.0
20,20,KNN,ball_tree,43,uncalibrated,-0.122,0.0,0.0
20,20,KNN,ball_tree,43,uncalibrated,-0.12,0.0,0.0
20,20,KNN,ball_tree,43,uncalibrated,-0.118,0.0,0.0
20,20,KNN,ball_tree,43,uncalibrated,-0.116,0.0,0.0
20,20,KNN,ball_tree,43,uncalibrated,-0.114,0.0,0.0
20,20,KNN,ball_tree,43,uncalibrated,-0.112,0.0003144433768550495,0.00031298454414572813
20,20,KNN,ball_tree,43,uncalibrated,-0.11,0.0,0.0
20,20,KNN,ball_tree,43,uncalibrated,-0.108,0.0,0.0
20,20,KNN,ball_tree,45,uncalibrated,-0.128,0.0,0.0
20,20,KNN,ball_tree,45,uncalibrated,-0.126,0.0,0.0
20,20,KNN,ball_tree,45,uncalibrated,-0.124,0.0,0.0
20,20,KNN,ball_tree,45,uncalibrated,-0.122,0.0,0.0
20,20,KNN,ball_tree,45,uncalibrated,-0.12,0.0,0.0
20,20,KNN,ball_tree,45,uncalibrated,-0.118,0.0,0.0
20,20,KNN,ball_tree,45,uncalibrated,-0.116,0.0,0.0
20,20,KNN,ball_tree,45,uncalibrated,-0.114,0.0,0.0
20,20,KNN,ball_tree,45,uncalibrated,-0.112,0.0004345002998611528,0.00043218836778448436
20,20,KNN,ball_tree,45,uncalibrated,-0.11,0.0,0.0
20,20,KNN,ball_tree,45,uncalibrated,-0.108,0.0,0.0
20,20,KNN,ball_tree,47,uncalibrated,-0.128,0.0,0.0
20,20,KNN,ball_tree,47,uncalibrated,-0.126,0.0,0.0
20,20,KNN,ball_tree,47,uncalibrated,-0.124,0.0,0.0
20,20,KNN,ball_tree,47,uncalibrated,-0.122,0.0,0.0
20,20,KNN,ball_tree,47,uncalibrated,-0.12,0.0,0.0
20,20,KNN,ball_tree,47,uncalibrated,-0.118,0.0,0.0
20,20,KNN,ball_tree,47,uncalibrated,-0.116,0.0,0.0
20,20,KNN,ball_tree,47,uncalibrated,-0.114,0.0,0.0
20,20,KNN,ball_tree,47,uncalibrated,-0.112,0.0005650021617228732,0.0005617599646088425
20,20,KNN,ball_tree,47,uncalibrated,-0.11,0.0,0.0
20,20,KNN,ball_tree,47,uncalibrated,-0.108,0.0,0.0
20,20,KNN,ball_tree,49,uncalibrated,-0.128,0.0,0.0
20,20,KNN,ball_tree,49,uncalibrated,-0.126,0.0,0.0
20,20,KNN,ball_tree,49,uncalibrated,-0.124,0.0,0.0
20,20,KNN,ball_tree,49,uncalibrated,-0.122,0.0,0.0
20,20,KNN,ball_tree,49,uncalibrated,-0.12,0.0,0.0
20,20,KNN,ball_tree,49,uncalibrated,-0.118,0.0,0.0
20,20,KNN,ball_tree,49,uncalibrated,-0.116,0.0,0.0
20,20,KNN,ball_tree,49,uncalibrated,-0.114,0.0,0.0
20,20,KNN,ball_tree,49,uncalibrated,-0.112,0.0007200020123356739,0.0007154178568055238
20,20,KNN,ball_tree,49,uncalibrated,-0.11,0.0,0.0
20,20,KNN,ball_tree,49,uncalibrated,-0.108,0.0,0.0
20,20,KNN,ball_tree,51,uncalibrated,-0.128,0.0,0.0
20,20,KNN,ball_tree,51,uncalibrated,-0.126,0.0,0.0
20,20,KNN,ball_tree,51,uncalibrated,-0.124,0.0,0.0
20,20,KNN,ball_tree,51,uncalibrated,-0.122,0.0,0.0
20,20,KNN,ball_tree,51,uncalibrated,-0.12,0.0,0.0
20,20,KNN,ball_tree,51,uncalibrated,-0.118,0.0,0.0
20,20,KNN,ball_tree,51,uncalibrated,-0.116,0.0,0.0
20,20,KNN,ball_tree,51,uncalibrated,-0.114,0.0,0.0
20,20,KNN,ball_tree,51,uncalibrated,-0.112,0.0008851926289631066,0.0008791967786279428
20,20,KNN,ball_tree,51,uncalibrated,-0.11,0.0,0.0
20,20,KNN,ball_tree,51,uncalibrated,-0.108,0.0,0.0
20,20,KNN,ball_tree,61,uncalibrated,-0.128,0.0,0.0
20,20,KNN,ball_tree,61,uncalibrated,-0.126,0.0,0.0
20,20,KNN,ball_tree,61,uncalibrated,-0.124,0.0,0.0
20,20,KNN,ball_tree,61,uncalibrated,-0.122,0.0,0.0
20,20,KNN,ball_tree,61,uncalibrated,-0.12,0.0,0.0
20,20,KNN,ball_tree,61,uncalibrated,-0.118,0.0,0.0
20,20,KNN,ball_tree,61,uncalibrated,-0.116,0.0,0.0
20,20,KNN,ball_tree,61,uncalibrated,-0.114,0.0,0.0
20,20,KNN,ball_tree,61,uncalibrated,-0.112,0.0016364747696405544,0.00162431798361284
20,20,KNN,ball_tree,61,uncalibrated,-0.11,0.0,0.0
20,20,KNN,ball_tree,61,uncalibrated,-0.108,0.0,0.0
20,20,KNN,ball_tree,81,uncalibrated,-0.128,0.0,0.0
20,20,KNN,ball_tree,81,uncalibrated,-0.126,0.0,0.0
20,20,KNN,ball_tree,81,uncalibrated,-0.124,0.0,0.0
20,20,KNN,ball_tree,81,uncalibrated,-0.122,0.0,0.0
20,20,KNN,ball_tree,81,uncalibrated,-0.12,0.0,0.0
20,20,KNN,ball_tree,81,uncalibrated,-0.118,0.0,0.0
20,20,KNN,ball_tree,81,uncalibrated,-0.116,0.0,0.0
20,20,KNN,ball_tree,81,uncalibrated,-0.114,0.0,0.0
20,20,KNN,ball_tree,81,uncalibrated,-0.112,0.0031257998577855803,0.0031013828987468605
20,20,KNN,ball_tree,81,uncalibrated,-0.11,0.0,0.0
20,20,KNN,ball_tree,81,uncalibrated,-0.108,0.0,0.0
20,20,KNN,ball_tree,101,uncalibrated,-0.128,0.0,0.0
20,20,KNN,ball_tree,101,uncalibrated,-0.126,0.0,0.0
20,20,KNN,ball_tree,101,uncalibrated,-0.124,0.0,0.0
20,20,KNN,ball_tree,101,uncalibrated,-0.122,0.0,0.0
20,20,KNN,ball_tree,101,uncalibrated,-0.12,0.0,0.0
20,20,KNN,ball_tree,101,uncalibrated,-0.118,0.0,0.0
20,20,KNN,ball_tree,101,uncalibrated,-0.116,0.0,0.0
20,20,KNN,ball_tree,101,uncalibrated,-0.114,3.361015026538012e-05,3.361015026538013e-05
20,20,KNN,ball_tree,101,uncalibrated,-0.112,0.004441569992866122,0.004337864012035485
20,20,KNN,ball_tree,101,uncalibrated,-0.11,0.0,0.0
20,20,KNN,ball_tree,101,uncalibrated,-0.108,0.0,0.0
20,20,KNN,ball_tree,151,uncalibrated,-0.128,0.0,0.0
20,20,KNN,ball_tree,151,uncalibrated,-0.126,0.0,0.0
20,20,KNN,ball_tree,151,uncalibrated,-0.124,0.0,0.0
20,20,KNN,ball_tree,151,uncalibrated,-0.122,0.0,0.0
20,20,KNN,ball_tree,151,uncalibrated,-0.12,0.0,0.0
20,20,KNN,ball_tree,151,uncalibrated,-0.118,0.0,0.0
20,20,KNN,ball_tree,151,uncalibrated,-0.116,0.0,0.0
20,20,KNN,ball_tree,151,uncalibrated,-0.114,0.0005016310890561875,0.0004974878962659292
20,20,KNN,ball_tree,151,uncalibrated,-0.112,0.0075529537677204986,0.006814656447613498
20,20,KNN,ball_tree,151,uncalibrated,-0.11,0.0,0.0
20,20,KNN,ball_tree,151,uncalibrated,-0.108,0.00010175761758679504,0.00010175761758679405
20,20,KNN,ball_tree,201,uncalibrated,-0.128,0.0,0.0
20,20,KNN,ball_tree,201,uncalibrated,-0.126,0.0,0.0
20,20,KNN,ball_tree,201,uncalibrated,-0.124,0.0,0.0
20,20,KNN,ball_tree,201,uncalibrated,-0.122,0.0,0.0
20,20,KNN,ball_tree,201,uncalibrated,-0.12,0.0,0.0
20,20,KNN,ball_tree,201,uncalibrated,-0.118,0.0,0.0
20,20,KNN,ball_tree,201,uncalibrated,-0.116,0.0,0.0
20,20,KNN,ball_tree,201,uncalibrated,-0.114,0.0020391470340957243,0.001982752294141409
20,20,KNN,ball_tree,201,uncalibrated,-0.112,0.010386556365880876,0.00964473897253445
20,20,KNN,ball_tree,201,uncalibrated,-0.11,8.984198446586021e-06,8.160984002507822e-06
20,20,KNN,ball_tree,201,uncalibrated,-0.108,0.0005659056944777122,0.0005313595639087498
20,20,KNN,brute,1,uncalibrated,-0.128,0.0,0.0
20,20,KNN,brute,1,uncalibrated,-0.126,0.0,0.0
20,20,KNN,brute,1,uncalibrated,-0.124,0.0,0.0
20,20,KNN,brute,1,uncalibrated,-0.122,0.0,0.0
20,20,KNN,brute,1,uncalibrated,-0.12,0.0,0.0
20,20,KNN,brute,1,uncalibrated,-0.118,0.0,0.0
20,20,KNN,brute,1,uncalibrated,-0.116,0.0,0.0
20,20,KNN,brute,1,uncalibrated,-0.114,0.0,0.0
20,20,KNN,brute,1,uncalibrated,-0.112,0.0,0.0
20,20,KNN,brute,1,uncalibrated,-0.11,0.0,0.0
20,20,KNN,brute,1,uncalibrated,-0.108,0.0,0.0
20,20,KNN,brute,3,uncalibrated,-0.128,0.0,0.0
20,20,KNN,brute,3,uncalibrated,-0.126,0.0,0.0
20,20,KNN,brute,3,uncalibrated,-0.124,0.0,0.0
20,20,KNN,brute,3,uncalibrated,-0.122,0.0,0.0
20,20,KNN,brute,3,uncalibrated,-0.12,0.0,0.0
20,20,KNN,brute,3,uncalibrated,-0.118,0.0,0.0
20,20,KNN,brute,3,uncalibrated,-0.116,0.0,0.0
20,20,KNN,brute,3,uncalibrated,-0.114,0.0,0.0
20,20,KNN,brute,3,uncalibrated,-0.112,0.0,0.0
20,20,KNN,brute,3,uncalibrated,-0.11,0.0,0.0
20,20,KNN,brute,3,uncalibrated,-0.108,0.0,0.0
20,20,KNN,brute,5,uncalibrated,-0.128,0.0,0.0
20,20,KNN,brute,5,uncalibrated,-0.126,0.0,0.0
20,20,KNN,brute,5,uncalibrated,-0.124,0.0,0.0
20,20,KNN,brute,5,uncalibrated,-0.122,0.0,0.0
20,20,KNN,brute,5,uncalibrated,-0.12,0.0,0.0
20,20,KNN,brute,5,uncalibrated,-0.118,0.0,0.0
20,20,KNN,brute,5,uncalibrated,-0.116,0.0,0.0
20,20,KNN,brute,5,uncalibrated,-0.114,0.0,0.0
20,20,KNN,brute,5,uncalibrated,-0.112,0.0,0.0
20,20,KNN,brute,5,uncalibrated,-0.11,0.0,0.0
20,20,KNN,brute,5,uncalibrated,-0.108,0.0,0.0
20,20,KNN,brute,7,uncalibrated,-0.128,0.0,0.0
20,20,KNN,brute,7,uncalibrated,-0.126,0.0,0.0
20,20,KNN,brute,7,uncalibrated,-0.124,0.0,0.0
20,20,KNN,brute,7,uncalibrated,-0.122,0.0,0.0
20,20,KNN,brute,7,uncalibrated,-0.12,0.0,0.0
20,20,KNN,brute,7,uncalibrated,-0.118,0.0,0.0
20,20,KNN,brute,7,uncalibrated,-0.116,0.0,0.0
20,20,KNN,brute,7,uncalibrated,-0.114,0.0,0.0
20,20,KNN,brute,7,uncalibrated,-0.112,0.0,0.0
20,20,KNN,brute,7,uncalibrated,-0.11,0.0,0.0
20,20,KNN,brute,7,uncalibrated,-0.108,0.0,0.0
20,20,KNN,brute,9,uncalibrated,-0.128,0.0,0.0
20,20,KNN,brute,9,uncalibrated,-0.126,0.0,0.0
20,20,KNN,brute,9,uncalibrated,-0.124,0.0,0.0
20,20,KNN,brute,9,uncalibrated,-0.122,0.0,0.0
20,20,KNN,brute,9,uncalibrated,-0.12,0.0,0.0
20,20,KNN,brute,9,uncalibrated,-0.118,0.0,0.0
20,20,KNN,brute,9,uncalibrated,-0.116,0.0,0.0
20,20,KNN,brute,9,uncalibrated,-0.114,0.0,0.0
20,20,KNN,brute,9,uncalibrated,-0.112,0.0,0.0
20,20,KNN,brute,9,uncalibrated,-0.11,0.0,0.0
20,20,KNN,brute,9,uncalibrated,-0.108,0.0,0.0
20,20,KNN,brute,11,uncalibrated,-0.128,0.0,0.0
20,20,KNN,brute,11,uncalibrated,-0.126,0.0,0.0
20,20,KNN,brute,11,uncalibrated,-0.124,0.0,0.0
20,20,KNN,brute,11,uncalibrated,-0.122,0.0,0.0
20,20,KNN,brute,11,uncalibrated,-0.12,0.0,0.0
20,20,KNN,brute,11,uncalibrated,-0.118,0.0,0.0
20,20,KNN,brute,11,uncalibrated,-0.116,0.0,0.0
20,20,KNN,brute,11,uncalibrated,-0.114,0.0,0.0
20,20,KNN,brute,11,uncalibrated,-0.112,0.0,0.0
20,20,KNN,brute,11,uncalibrated,-0.11,0.0,0.0
20,20,KNN,brute,11,uncalibrated,-0.108,0.0,0.0
20,20,KNN,brute,13,uncalibrated,-0.128,0.0,0.0
20,20,KNN,brute,13,uncalibrated,-0.126,0.0,0.0
20,20,KNN,brute,13,uncalibrated,-0.124,0.0,0.0
20,20,KNN,brute,13,uncalibrated,-0.122,0.0,0.0
20,20,KNN,brute,13,uncalibrated,-0.12,0.0,0.0
20,20,KNN,brute,13,uncalibrated,-0.118,0.0,0.0
20,20,KNN,brute,13,uncalibrated,-0.116,0.0,0.0
20,20,KNN,brute,13,uncalibrated,-0.114,0.0,0.0
20,20,KNN,brute,13,uncalibrated,-0.112,0.0,0.0
20,20,KNN,brute,13,uncalibrated,-0.11,0.0,0.0
20,20,KNN,brute,13,uncalibrated,-0.108,0.0,0.0
20,20,KNN,brute,15,uncalibrated,-0.128,0.0,0.0
20,20,KNN,brute,15,uncalibrated,-0.126,0.0,0.0
20,20,KNN,brute,15,uncalibrated,-0.124,0.0,0.0
20,20,KNN,brute,15,uncalibrated,-0.122,0.0,0.0
20,20,KNN,brute,15,uncalibrated,-0.12,0.0,0.0
20,20,KNN,brute,15,uncalibrated,-0.118,0.0,0.0
20,20,KNN,brute,15,uncalibrated,-0.116,0.0,0.0
20,20,KNN,brute,15,uncalibrated,-0.114,0.0,0.0
20,20,KNN,brute,15,uncalibrated,-0.112,0.0,0.0
20,20,KNN,brute,15,uncalibrated,-0.11,0.0,0.0
20,20,KNN,brute,15,uncalibrated,-0.108,0.0,0.0
20,20,KNN,brute,17,uncalibrated,-0.128,0.0,0.0
20,20,KNN,brute,17,uncalibrated,-0.126,0.0,0.0
20,20,KNN,brute,17,uncalibrated,-0.124,0.0,0.0
20,20,KNN,brute,17,uncalibrated,-0.122,0.0,0.0
20,20,KNN,brute,17,uncalibrated,-0.12,0.0,0.0
20,20,KNN,brute,17,uncalibrated,-0.118,0.0,0.0
20,20,KNN,brute,17,uncalibrated,-0.116,0.0,0.0
20,20,KNN,brute,17,uncalibrated,-0.114,0.0,0.0
20,20,KNN,brute,17,uncalibrated,-0.112,0.0,0.0
20,20,KNN,brute,17,uncalibrated,-0.11,0.0,0.0
20,20,KNN,brute,17,uncalibrated,-0.108,0.0,0.0
20,20,KNN,brute,19,uncalibrated,-0.128,0.0,0.0
20,20,KNN,brute,19,uncalibrated,-0.126,0.0,0.0
20,20,KNN,brute,19,uncalibrated,-0.124,0.0,0.0
20,20,KNN,brute,19,uncalibrated,-0.122,0.0,0.0
20,20,KNN,brute,19,uncalibrated,-0.12,0.0,0.0
20,20,KNN,brute,19,uncalibrated,-0.118,0.0,0.0
20,20,KNN,brute,19,uncalibrated,-0.116,0.0,0.0
20,20,KNN,brute,19,uncalibrated,-0.114,0.0,0.0
20,20,KNN,brute,19,uncalibrated,-0.112,0.0,0.0
20,20,KNN,brute,19,uncalibrated,-0.11,0.0,0.0
20,20,KNN,brute,19,uncalibrated,-0.108,0.0,0.0
20,20,KNN,brute,21,uncalibrated,-0.128,0.0,0.0
20,20,KNN,brute,21,uncalibrated,-0.126,0.0,0.0
20,20,KNN,brute,21,uncalibrated,-0.124,0.0,0.0
20,20,KNN,brute,21,uncalibrated,-0.122,0.0,0.0
20,20,KNN,brute,21,uncalibrated,-0.12,0.0,0.0
20,20,KNN,brute,21,uncalibrated,-0.118,0.0,0.0
20,20,KNN,brute,21,uncalibrated,-0.116,0.0,0.0
20,20,KNN,brute,21,uncalibrated,-0.114,0.0,0.0
20,20,KNN,brute,21,uncalibrated,-0.112,0.0,0.0
20,20,KNN,brute,21,uncalibrated,-0.11,0.0,0.0
20,20,KNN,brute,21,uncalibrated,-0.108,0.0,0.0
20,20,KNN,brute,23,uncalibrated,-0.128,0.0,0.0
20,20,KNN,brute,23,uncalibrated,-0.126,0.0,0.0
20,20,KNN,brute,23,uncalibrated,-0.124,0.0,0.0
20,20,KNN,brute,23,uncalibrated,-0.122,0.0,0.0
20,20,KNN,brute,23,uncalibrated,-0.12,0.0,0.0
20,20,KNN,brute,23,uncalibrated,-0.118,0.0,0.0
20,20,KNN,brute,23,uncalibrated,-0.116,0.0,0.0
20,20,KNN,brute,23,uncalibrated,-0.114,0.0,0.0
20,20,KNN,brute,23,uncalibrated,-0.112,0.0,0.0
20,20,KNN,brute,23,uncalibrated,-0.11,0.0,0.0
20,20,KNN,brute,23,uncalibrated,-0.108,0.0,0.0
20,20,KNN,brute,25,uncalibrated,-0.128,0.0,0.0
20,20,KNN,brute,25,uncalibrated,-0.126,0.0,0.0
20,20,KNN,brute,25,uncalibrated,-0.124,0.0,0.0
20,20,KNN,brute,25,uncalibrated,-0.122,0.0,0.0
20,20,KNN,brute,25,uncalibrated,-0.12,0.0,0.0
20,20,KNN,brute,25,uncalibrated,-0.118,0.0,0.0
20,20,KNN,brute,25,uncalibrated,-0.116,0.0,0.0
20,20,KNN,brute,25,uncalibrated,-0.114,0.0,0.0
20,20,KNN,brute,25,uncalibrated,-0.112,0.0,0.0
20,20,KNN,brute,25,uncalibrated,-0.11,0.0,0.0
20,20,KNN,brute,25,uncalibrated,-0.108,0.0,0.0
20,20,KNN,brute,27,uncalibrated,-0.128,0.0,0.0
20,20,KNN,brute,27,uncalibrated,-0.126,0.0,0.0
20,20,KNN,brute,27,uncalibrated,-0.124,0.0,0.0
20,20,KNN,brute,27,uncalibrated,-0.122,0.0,0.0
20,20,KNN,brute,27,uncalibrated,-0.12,0.0,0.0
20,20,KNN,brute,27,uncalibrated,-0.118,0.0,0.0
20,20,KNN,brute,27,uncalibrated,-0.116,0.0,0.0
20,20,KNN,brute,27,uncalibrated,-0.114,0.0,0.0
20,20,KNN,brute,27,uncalibrated,-0.112,0.0,0.0
20,20,KNN,brute,27,uncalibrated,-0.11,0.0,0.0
20,20,KNN,brute,27,uncalibrated,-0.108,0.0,0.0
20,20,KNN,brute,29,uncalibrated,-0.128,0.0,0.0
20,20,KNN,brute,29,uncalibrated,-0.126,0.0,0.0
20,20,KNN,brute,29,uncalibrated,-0.124,0.0,0.0
20,20,KNN,brute,29,uncalibrated,-0.122,0.0,0.0
20,20,KNN,brute,29,uncalibrated,-0.12,0.0,0.0
20,20,KNN,brute,29,uncalibrated,-0.118,0.0,0.0
20,20,KNN,brute,29,uncalibrated,-0.116,0.0,0.0
20,20,KNN,brute,29,uncalibrated,-0.114,0.0,0.0
20,20,KNN,brute,29,uncalibrated,-0.112,5.215178254792368e-06,5.215178254792752e-06
20,20,KNN,brute,29,uncalibrated,-0.11,0.0,0.0
20,20,KNN,brute,29,uncalibrated,-0.108,0.0,0.0
20,20,KNN,brute,31,uncalibrated,-0.128,0.0,0.0
20,20,KNN,brute,31,uncalibrated,-0.126,0.0,0.0
20,20,KNN,brute,31,uncalibrated,-0.124,0.0,0.0
20,20,KNN,brute,31,uncalibrated,-0.122,0.0,0.0
20,20,KNN,brute,31,uncalibrated,-0.12,0.0,0.0
20,20,KNN,brute,31,uncalibrated,-0.118,0.0,0.0
20,20,KNN,brute,31,uncalibrated,-0.116,0.0,0.0
20,20,KNN,brute,31,uncalibrated,-0.114,0.0,0.0
20,20,KNN,brute,31,uncalibrated,-0.112,1.8255837303976665e-05,1.8255837303977943e-05
20,20,KNN,brute,31,uncalibrated,-0.11,0.0,0.0
20,20,KNN,brute,31,uncalibrated,-0.108,0.0,0.0
20,20,KNN,brute,33,uncalibrated,-0.128,0.0,0.0
20,20,KNN,brute,33,uncalibrated,-0.126,0.0,0.0
20,20,KNN,brute,33,uncalibrated,-0.124,0.0,0.0
20,20,KNN,brute,33,uncalibrated,-0.122,0.0,0.0
20,20,KNN,brute,33,uncalibrated,-0.12,0.0,0.0
20,20,KNN,brute,33,uncalibrated,-0.118,0.0,0.0
20,20,KNN,brute,33,uncalibrated,-0.116,0.0,0.0
20,20,KNN,brute,33,uncalibrated,-0.114,0.0,0.0
20,20,KNN,brute,33,uncalibrated,-0.112,3.6247643903145796e-05,3.624764390314633e-05
20,20,KNN,brute,33,uncalibrated,-0.11,0.0,0.0
20,20,KNN,brute,33,uncalibrated,-0.108,0.0,0.0
20,20,KNN,brute,35,uncalibrated,-0.128,0.0,0.0
20,20,KNN,brute,35,uncalibrated,-0.126,0.0,0.0
20,20,KNN,brute,35,uncalibrated,-0.124,0.0,0.0
20,20,KNN,brute,35,uncalibrated,-0.122,0.0,0.0
20,20,KNN,brute,35,uncalibrated,-0.12,0.0,0.0
20,20,KNN,brute,35,uncalibrated,-0.118,0.0,0.0
20,20,KNN,brute,35,uncalibrated,-0.116,0.0,0.0
20,20,KNN,brute,35,uncalibrated,-0.114,0.0,0.0
20,20,KNN,brute,35,uncalibrated,-0.112,5.728607232366016e-05,5.72860723236663e-05
20,20,KNN,brute,35,uncalibrated,-0.11,0.0,0.0
20,20,KNN,brute,35,uncalibrated,-0.108,0.0,0.0
20,20,KNN,brute,37,uncalibrated,-0.128,0.0,0.0
20,20,KNN,brute,37,uncalibrated,-0.126,0.0,0.0
20,20,KNN,brute,37,uncalibrated,-0.124,0.0,0.0
20,20,KNN,brute,37,uncalibrated,-0.122,0.0,0.0
20,20,KNN,brute,37,uncalibrated,-0.12,0.0,0.0
20,20,KNN,brute,37,uncalibrated,-0.118,0.0,0.0
20,20,KNN,brute,37,uncalibrated,-0.116,0.0,0.0
20,20,KNN,brute,37,uncalibrated,-0.114,0.0,0.0
20,20,KNN,brute,37,uncalibrated,-0.112,0.00011533581946099829,0.00011533581946099723
20,20,KNN,brute,37,uncalibrated,-0.11,0.0,0.0
20,20,KNN,brute,37,uncalibrated,-0.108,0.0,0.0
20,20,KNN,brute,39,uncalibrated,-0.128,0.0,0.0
20,20,KNN,brute,39,uncalibrated,-0.126,0.0,0.0
20,20,KNN,brute,39,uncalibrated,-0.124,0.0,0.0
20,20,KNN,brute,39,uncalibrated,-0.122,0.0,0.0
20,20,KNN,brute,39,uncalibrated,-0.12,0.0,0.0
20,20,KNN,brute,39,uncalibrated,-0.118,0.0,0.0
20,20,KNN,brute,39,uncalibrated,-0.116,0.0,0.0
20,20,KNN,brute,39,uncalibrated,-0.114,0.0,0.0
20,20,KNN,brute,39,uncalibrated,-0.112,0.00019567508732644257,0.00018432636673119932
20,20,KNN,brute,39,uncalibrated,-0.11,0.0,0.0
20,20,KNN,brute,39,uncalibrated,-0.108,0.0,0.0
20,20,KNN,brute,41,uncalibrated,-0.128,0.0,0.0
20,20,KNN,brute,41,uncalibrated,-0.126,0.0,0.0
20,20,KNN,brute,41,uncalibrated,-0.124,0.0,0.0
20,20,KNN,brute,41,uncalibrated,-0.122,0.0,0.0
20,20,KNN,brute,41,uncalibrated,-0.12,0.0,0.0
20,20,KNN,brute,41,uncalibrated,-0.118,0.0,0.0
20,20,KNN,brute,41,uncalibrated,-0.116,0.0,0.0
20,20,KNN,brute,41,uncalibrated,-0.114,0.0,0.0
20,20,KNN,brute,41,uncalibrated,-0.112,0.0002365971211064156,0.00021166905255029023
20,20,KNN,brute,41,uncalibrated,-0.11,0.0,0.0
20,20,KNN,brute,41,uncalibrated,-0.108,0.0,0.0
20,20,KNN,brute,43,uncalibrated,-0.128,0.0,0.0
20,20,KNN,brute,43,uncalibrated,-0.126,0.0,0.0
20,20,KNN,brute,43,uncalibrated,-0.124,0.0,0.0
20,20,KNN,brute,43,uncalibrated,-0.122,0.0,0.0
20,20,KNN,brute,43,uncalibrated,-0.12,0.0,0.0
20,20,KNN,brute,43,uncalibrated,-0.118,0.0,0.0
20,20,KNN,brute,43,uncalibrated,-0.116,0.0,0.0
20,20,KNN,brute,43,uncalibrated,-0.114,0.0,0.0
20,20,KNN,brute,43,uncalibrated,-0.112,0.0003144433768550495,0.00031298454414572813
20,20,KNN,brute,43,uncalibrated,-0.11,0.0,0.0
20,20,KNN,brute,43,uncalibrated,-0.108,0.0,0.0
20,20,KNN,brute,45,uncalibrated,-0.128,0.0,0.0
20,20,KNN,brute,45,uncalibrated,-0.126,0.0,0.0
20,20,KNN,brute,45,uncalibrated,-0.124,0.0,0.0
20,20,KNN,brute,45,uncalibrated,-0.122,0.0,0.0
20,20,KNN,brute,45,uncalibrated,-0.12,0.0,0.0
20,20,KNN,brute,45,uncalibrated,-0.118,0.0,0.0
20,20,KNN,brute,45,uncalibrated,-0.116,0.0,0.0
20,20,KNN,brute,45,uncalibrated,-0.114,0.0,0.0
20,20,KNN,brute,45,uncalibrated,-0.112,0.0004345002998611528,0.00043218836778448436
20,20,KNN,brute,45,uncalibrated,-0.11,0.0,0.0
20,20,KNN,brute,45,uncalibrated,-0.108,0.0,0.0
20,20,KNN,brute,47,uncalibrated,-0.128,0.0,0.0
20,20,KNN,brute,47,uncalibrated,-0.126,0.0,0.0
20,20,KNN,brute,47,uncalibrated,-0.124,0.0,0.0
20,20,KNN,brute,47,uncalibrated,-0.122,0.0,0.0
20,20,KNN,brute,47,uncalibrated,-0.12,0.0,0.0
20,20,KNN,brute,47,uncalibrated,-0.118,0.0,0.0
20,20,KNN,brute,47,uncalibrated,-0.116,0.0,0.0
20,20,KNN,brute,47,uncalibrated,-0.114,0.0,0.0
20,20,KNN,brute,47,uncalibrated,-0.112,0.0005650021617228732,0.0005617599646088425
20,20,KNN,brute,47,uncalibrated,-0.11,0.0,0.0
20,20,KNN,brute,47,uncalibrated,-0.108,0.0,0.0
20,20,KNN,brute,49,uncalibrated,-0.128,0.0,0.0
20,20,KNN,brute,49,uncalibrated,-0.126,0.0,0.0
20,20,KNN,brute,49,uncalibrated,-0.124,0.0,0.0
20,20,KNN,brute,49,uncalibrated,-0.122,0.0,0.0
20,20,KNN,brute,49,uncalibrated,-0.12,0.0,0.0
20,20,KNN,brute,49,uncalibrated,-0.118,0.0,0.0
20,20,KNN,brute,49,uncalibrated,-0.116,0.0,0.0
20,20,KNN,brute,49,uncalibrated,-0.114,0.0,0.0
20,20,KNN,brute,49,uncalibrated,-0.112,0.0007200020123356739,0.0007154178568055238
20,20,KNN,brute,49,uncalibrated,-0.11,0.0,0.0
20,20,KNN,brute,49,uncalibrated,-0.108,0.0,0.0
20,20,KNN,brute,51,uncalibrated,-0.128,0.0,0.0
20,20,KNN,brute,51,uncalibrated,-0.126,0.0,0.0
20,20,KNN,brute,51,uncalibrated,-0.124,0.0,0.0
20,20,KNN,brute,51,uncalibrated,-0.122,0.0,0.0
20,20,KNN,brute,51,uncalibrated,-0.12,0.0,0.0
20,20,KNN,brute,51,uncalibrated,-0.118,0.0,0.0
20,20,KNN,brute,51,uncalibrated,-0.116,0.0,0.0
20,20,KNN,brute,51,uncalibrated,-0.114,0.0,0.0
20,20,KNN,brute,51,uncalibrated,-0.112,0.0008851926289631066,0.0008791967786279428
20,20,KNN,brute,51,uncalibrated,-0.11,0.0,0.0
20,20,KNN,brute,51,uncalibrated,-0.108,0.0,0.0
20,20,KNN,brute,61,uncalibrated,-0.128,0.0,0.0
20,20,KNN,brute,61,uncalibrated,-0.126,0.0,0.0
20,20,KNN,brute,61,uncalibrated,-0.124,0.0,0.0
20,20,KNN,brute,61,uncalibrated,-0.122,0.0,0.0
20,20,KNN,brute,61,uncalibrated,-0.12,0.0,0.0
20,20,KNN,brute,61,uncalibrated,-0.118,0.0,0.0
20,20,KNN,brute,61,uncalibrated,-0.116,0.0,0.0
20,20,KNN,brute,61,uncalibrated,-0.114,0.0,0.0
20,20,KNN,brute,61,uncalibrated,-0.112,0.0016364747696405544,0.00162431798361284
20,20,KNN,brute,61,uncalibrated,-0.11,0.0,0.0
20,20,KNN,brute,61,uncalibrated,-0.108,0.0,0.0
20,20,KNN,brute,81,uncalibrated,-0.128,0.0,0.0
20,20,KNN,brute,81,uncalibrated,-0.126,0.0,0.0
20,20,KNN,brute,81,uncalibrated,-0.124,0.0,0.0
20,20,KNN,brute,81,uncalibrated,-0.122,0.0,0.0
20,20,KNN,brute,81,uncalibrated,-0.12,0.0,0.0
20,20,KNN,brute,81,uncalibrated,-0.118,0.0,0.0
20,20,KNN,brute,81,uncalibrated,-0.116,0.0,0.0
20,20,KNN,brute,81,uncalibrated,-0.114,0.0,0.0
20,20,KNN,brute,81,uncalibrated,-0.112,0.0031257998577855803,0.0031013828987468605
20,20,KNN,brute,81,uncalibrated,-0.11,0.0,0.0
20,20,KNN,brute,81,uncalibrated,-0.108,0.0,0.0
20,20,KNN,brute,101,uncalibrated,-0.128,0.0,0.0
20,20,KNN,brute,101,uncalibrated,-0.126,0.0,0.0
20,20,KNN,brute,101,uncalibrated,-0.124,0.0,0.0
20,20,KNN,brute,101,uncalibrated,-0.122,0.0,0.0
20,20,KNN,brute,101,uncalibrated,-0.12,0.0,0.0
20,20,KNN,brute,101,uncalibrated,-0.118,0.0,0.0
20,20,KNN,brute,101,uncalibrated,-0.116,0.0,0.0
20,20,KNN,brute,101,uncalibrated,-0.114,3.361015026538012e-05,3.361015026538013e-05
20,20,KNN,brute,101,uncalibrated,-0.112,0.004441569992866122,0.004337864012035485
20,20,KNN,brute,101,uncalibrated,-0.11,0.0,0.0
20,20,KNN,brute,101,uncalibrated,-0.108,0.0,0.0
20,20,KNN,brute,151,uncalibrated,-0.128,0.0,0.0
20,20,KNN,brute,151,uncalibrated,-0.126,0.0,0.0
20,20,KNN,brute,151,uncalibrated,-0.124,0.0,0.0
20,20,KNN,brute,151,uncalibrated,-0.122,0.0,0.0
20,20,KNN,brute,151,uncalibrated,-0.12,0.0,0.0
20,20,KNN,brute,151,uncalibrated,-0.118,0.0,0.0
20,20,KNN,brute,151,uncalibrated,-0.116,0.0,0.0
20,20,KNN,brute,151,uncalibrated,-0.114,0.0005016310890561875,0.0004974878962659292
20,20,KNN,brute,151,uncalibrated,-0.112,0.0075529537677204986,0.006814656447613498
20,20,KNN,brute,151,uncalibrated,-0.11,0.0,0.0
20,20,KNN,brute,151,uncalibrated,-0.108,0.00010175761758679504,0.00010175761758679405
20,20,KNN,brute,201,uncalibrated,-0.128,0.0,0.0
20,20,KNN,brute,201,uncalibrated,-0.126,0.0,0.0
20,20,KNN,brute,201,uncalibrated,-0.124,0.0,0.0
20,20,KNN,brute,201,uncalibrated,-0.122,0.0,0.0
20,20,KNN,brute,201,uncalibrated,-0.12,0.0,0.0
20,20,KNN,brute,201,uncalibrated,-0.118,0.0,0.0
20,20,KNN,brute,201,uncalibrated,-0.116,0.0,0.0
20,20,KNN,brute,201,uncalibrated,-0.114,0.0020391470340957243,0.001982752294141409
20,20,KNN,brute,201,uncalibrated,-0.112,0.010386556365880876,0.00964473897253445
20,20,KNN,brute,201,uncalibrated,-0.11,8.984198446586021e-06,8.160984002507822e-06
20,20,KNN,brute,201,uncalibrated,-0.108,0.0005659056944777122,0.0005313595639087498
12,12,KNN,auto,1,uncalibrated,-0.128,0.0,0.0
12,12,KNN,auto,1,uncalibrated,-0.126,0.0,0.0
12,12,KNN,auto,1,uncalibrated,-0.124,0.0,0.0
12,12,KNN,auto,1,uncalibrated,-0.122,0.0,0.0
12,12,KNN,auto,1,uncalibrated,-0.12,0.0,0.0
12,12,KNN,auto,1,uncalibrated,-0.118,0.0,0.0
12,12,KNN,auto,1,uncalibrated,-0.116,0.0,0.0
12,12,KNN,auto,1,uncalibrated,-0.114,0.0,0.0
12,12,KNN,auto,1,uncalibrated,-0.112,0.0,0.0
12,12,KNN,auto,1,uncalibrated,-0.11,0.0,0.0
12,12,KNN,auto,1,uncalibrated,-0.108,0.0,0.0
12,12,KNN,auto,3,uncalibrated,-0.128,0.0,0.0
12,12,KNN,auto,3,uncalibrated,-0.126,0.0,0.0
12,12,KNN,auto,3,uncalibrated,-0.124,0.0,0.0
12,12,KNN,auto,3,uncalibrated,-0.122,0.0,0.0
12,12,KNN,auto,3,uncalibrated,-0.12,0.0,0.0
12,12,KNN,auto,3,uncalibrated,-0.118,0.0,0.0
12,12,KNN,auto,3,uncalibrated,-0.116,0.0,0.0
12,12,KNN,auto,3,uncalibrated,-0.114,0.0,0.0
12,12,KNN,auto,3,uncalibrated,-0.112,0.0,0.0
12,12,KNN,auto,3,uncalibrated,-0.11,0.0,0.0
12,12,KNN,auto,3,uncalibrated,-0.108,0.0,0.0
12,12,KNN,auto,5,uncalibrated,-0.128,0.0,0.0
12,12,KNN,auto,5,uncalibrated,-0.126,0.0,0.0
12,12,KNN,auto,5,uncalibrated,-0.124,0.0,0.0
12,12,KNN,auto,5,uncalibrated,-0.122,0.0,0.0
12,12,KNN,auto,5,uncalibrated,-0.12,0.0,0.0
12,12,KNN,auto,5,uncalibrated,-0.118,0.0,0.0
12,12,KNN,auto,5,uncalibrated,-0.116,0.0,0.0
12,12,KNN,auto,5,uncalibrated,-0.114,0.0,0.0
12,12,KNN,auto,5,uncalibrated,-0.112,0.0,0.0
12,12,KNN,auto,5,uncalibrated,-0.11,0.0,0.0
12,12,KNN,auto,5,uncalibrated,-0.108,0.0,0.0
12,12,KNN,auto,7,uncalibrated,-0.128,0.0,0.0
12,12,KNN,auto,7,uncalibrated,-0.126,0.0,0.0
12,12,KNN,auto,7,uncalibrated,-0.124,0.0,0.0
12,12,KNN,auto,7,uncalibrated,-0.122,0.0,0.0
12,12,KNN,auto,7,uncalibrated,-0.12,0.0,0.0
12,12,KNN,auto,7,uncalibrated,-0.118,0.0,0.0
12,12,KNN,auto,7,uncalibrated,-0.116,0.0,0.0
12,12,KNN,auto,7,uncalibrated,-0.114,0.0,0.0
12,12,KNN,auto,7,uncalibrated,-0.112,0.0,0.0
12,12,KNN,auto,7,uncalibrated,-0.11,0.0,0.0
12,12,KNN,auto,7,uncalibrated,-0.108,0.0,0.0
12,12,KNN,auto,9,uncalibrated,-0.128,0.0,0.0
12,12,KNN,auto,9,uncalibrated,-0.126,0.0,0.0
12,12,KNN,auto,9,uncalibrated,-0.124,0.0,0.0
12,12,KNN,auto,9,uncalibrated,-0.122,0.0,0.0
12,12,KNN,auto,9,uncalibrated,-0.12,0.0,0.0
12,12,KNN,auto,9,uncalibrated,-0.118,0.0,0.0
12,12,KNN,auto,9,uncalibrated,-0.116,0.0,0.0
12,12,KNN,auto,9,uncalibrated,-0.114,0.0,0.0
12,12,KNN,auto,9,uncalibrated,-0.112,0.0,0.0
12,12,KNN,auto,9,uncalibrated,-0.11,0.0,0.0
12,12,KNN,auto,9,uncalibrated,-0.108,0.0,0.0
12,12,KNN,auto,11,uncalibrated,-0.128,0.0,0.0
12,12,KNN,auto,11,uncalibrated,-0.126,0.0,0.0
12,12,KNN,auto,11,uncalibrated,-0.124,0.0,0.0
12,12,KNN,auto,11,uncalibrated,-0.122,0.0,0.0
12,12,KNN,auto,11,uncalibrated,-0.12,0.0,0.0
12,12,KNN,auto,11,uncalibrated,-0.118,0.0,0.0
12,12,KNN,auto,11,uncalibrated,-0.116,0.0,0.0
12,12,KNN,auto,11,uncalibrated,-0.114,0.0,0.0
12,12,KNN,auto,11,uncalibrated,-0.112,0.0,0.0
12,12,KNN,auto,11,uncalibrated,-0.11,0.0,0.0
12,12,KNN,auto,11,uncalibrated,-0.108,0.0,0.0
12,12,KNN,auto,13,uncalibrated,-0.128,0.0,0.0
12,12,KNN,auto,13,uncalibrated,-0.126,0.0,0.0
12,12,KNN,auto,13,uncalibrated,-0.124,0.0,0.0
12,12,KNN,auto,13,uncalibrated,-0.122,0.0,0.0
12,12,KNN,auto,13,uncalibrated,-0.12,0.0,0.0
12,12,KNN,auto,13,uncalibrated,-0.118,0.0,0.0
12,12,KNN,auto,13,uncalibrated,-0.116,0.0,0.0
12,12,KNN,auto,13,uncalibrated,-0.114,0.0,0.0
12,12,KNN,auto,13,uncalibrated,-0.112,0.0,0.0
12,12,KNN,auto,13,uncalibrated,-0.11,0.0,0.0
12,12,KNN,auto,13,uncalibrated,-0.108,0.0,0.0
12,12,KNN,auto,15,uncalibrated,-0.128,0.0,0.0
12,12,KNN,auto,15,uncalibrated,-0.126,0.0,0.0
12,12,KNN,auto,15,uncalibrated,-0.124,0.0,0.0
12,12,KNN,auto,15,uncalibrated,-0.122,0.0,0.0
12,12,KNN,auto,15,uncalibrated,-0.12,0.0,0.0
12,12,KNN,auto,15,uncalibrated,-0.118,0.0,0.0
12,12,KNN,auto,15,uncalibrated,-0.116,0.0,0.0
12,12,KNN,auto,15,uncalibrated,-0.114,0.0,0.0
12,12,KNN,auto,15,uncalibrated,-0.112,0.0,0.0
12,12,KNN,auto,15,uncalibrated,-0.11,0.0,0.0
12,12,KNN,auto,15,uncalibrated,-0.108,0.0,0.0
12,12,KNN,auto,17,uncalibrated,-0.128,0.0,0.0
12,12,KNN,auto,17,uncalibrated,-0.126,0.0,0.0
12,12,KNN,auto,17,uncalibrated,-0.124,0.0,0.0
12,12,KNN,auto,17,uncalibrated,-0.122,0.0,0.0
12,12,KNN,auto,17,uncalibrated,-0.12,0.0,0.0
12,12,KNN,auto,17,uncalibrated,-0.118,0.0,0.0
12,12,KNN,auto,17,uncalibrated,-0.116,0.0,0.0
12,12,KNN,auto,17,uncalibrated,-0.114,0.0,0.0
12,12,KNN,auto,17,uncalibrated,-0.112,0.0,0.0
12,12,KNN,auto,17,uncalibrated,-0.11,0.0,0.0
12,12,KNN,auto,17,uncalibrated,-0.108,0.0,0.0
12,12,KNN,auto,19,uncalibrated,-0.128,0.0,0.0
12,12,KNN,auto,19,uncalibrated,-0.126,0.0,0.0
12,12,KNN,auto,19,uncalibrated,-0.124,0.0,0.0
12,12,KNN,auto,19,uncalibrated,-0.122,0.0,0.0
12,12,KNN,auto,19,uncalibrated,-0.12,0.0,0.0
12,12,KNN,auto,19,uncalibrated,-0.118,0.0,0.0
12,12,KNN,auto,19,uncalibrated,-0.116,0.0,0.0
12,12,KNN,auto,19,uncalibrated,-0.114,0.0,0.0
12,12,KNN,auto,19,uncalibrated,-0.112,1.21494872916368e-05,1.2149487291636285e-05
12,12,KNN,auto,19,uncalibrated,-0.11,0.0,0.0
12,12,KNN,auto,19,uncalibrated,-0.108,0.0,0.0
12,12,KNN,auto,21,uncalibrated,-0.128,0.0,0.0
12,12,KNN,auto,21,uncalibrated,-0.126,0.0,0.0
12,12,KNN,auto,21,uncalibrated,-0.124,0.0,0.0
12,12,KNN,auto,21,uncalibrated,-0.122,0.0,0.0
12,12,KNN,auto,21,uncalibrated,-0.12,0.0,0.0
12,12,KNN,auto,21,uncalibrated,-0.118,0.0,0.0
12,12,KNN,auto,21,uncalibrated,-0.116,0.0,0.0
12,12,KNN,auto,21,uncalibrated,-0.114,0.0,0.0
12,12,KNN,auto,21,uncalibrated,-0.112,3.978199466921014e-05,3.9781994669212715e-05
12,12,KNN,auto,21,uncalibrated,-0.11,0.0,0.0
12,12,KNN,auto,21,uncalibrated,-0.108,0.0,0.0
12,12,KNN,auto,23,uncalibrated,-0.128,0.0,0.0
12,12,KNN,auto,23,uncalibrated,-0.126,0.0,0.0
12,12,KNN,auto,23,uncalibrated,-0.124,0.0,0.0
12,12,KNN,auto,23,uncalibrated,-0.122,0.0,0.0
12,12,KNN,auto,23,uncalibrated,-0.12,0.0,0.0
12,12,KNN,auto,23,uncalibrated,-0.118,0.0,0.0
12,12,KNN,auto,23,uncalibrated,-0.116,0.0,0.0
12,12,KNN,auto,23,uncalibrated,-0.114,0.0,0.0
12,12,KNN,auto,23,uncalibrated,-0.112,7.46194408516545e-05,7.461944085165657e-05
12,12,KNN,auto,23,uncalibrated,-0.11,0.0,0.0
12,12,KNN,auto,23,uncalibrated,-0.108,0.0,0.0
12,12,KNN,auto,25,uncalibrated,-0.128,0.0,0.0
12,12,KNN,auto,25,uncalibrated,-0.126,0.0,0.0
12,12,KNN,auto,25,uncalibrated,-0.124,0.0,0.0
12,12,KNN,auto,25,uncalibrated,-0.122,0.0,0.0
12,12,KNN,auto,25,uncalibrated,-0.12,0.0,0.0
12,12,KNN,auto,25,uncalibrated,-0.118,0.0,0.0
12,12,KNN,auto,25,uncalibrated,-0.116,0.0,0.0
12,12,KNN,auto,25,uncalibrated,-0.114,0.0,0.0
12,12,KNN,auto,25,uncalibrated,-0.112,0.00017543859649124034,0.00017543859649122795
12,12,KNN,auto,25,uncalibrated,-0.11,0.0,0.0
12,12,KNN,auto,25,uncalibrated,-0.108,0.0,0.0
12,12,KNN,auto,27,uncalibrated,-0.128,0.0,0.0
12,12,KNN,auto,27,uncalibrated,-0.126,0.0,0.0
12,12,KNN,auto,27,uncalibrated,-0.124,0.0,0.0
12,12,KNN,auto,27,uncalibrated,-0.122,0.0,0.0
12,12,KNN,auto,27,uncalibrated,-0.12,0.0,0.0
12,12,KNN,auto,27,uncalibrated,-0.118,0.0,0.0
12,12,KNN,auto,27,uncalibrated,-0.116,0.0,0.0
12,12,KNN,auto,27,uncalibrated,-0.114,0.0,0.0
12,12,KNN,auto,27,uncalibrated,-0.112,0.0002948042259283406,0.0002948042259283325
12,12,KNN,auto,27,uncalibrated,-0.11,0.0,0.0
12,12,KNN,auto,27,uncalibrated,-0.108,0.0,0.0
12,12,KNN,auto,29,uncalibrated,-0.128,0.0,0.0
12,12,KNN,auto,29,uncalibrated,-0.126,0.0,0.0
12,12,KNN,auto,29,uncalibrated,-0.124,0.0,0.0
12,12,KNN,auto,29,uncalibrated,-0.122,0.0,0.0
12,12,KNN,auto,29,uncalibrated,-0.12,0.0,0.0
12,12,KNN,auto,29,uncalibrated,-0.118,0.0,0.0
12,12,KNN,auto,29,uncalibrated,-0.116,0.0,0.0
12,12,KNN,auto,29,uncalibrated,-0.114,0.0,0.0
12,12,KNN,auto,29,uncalibrated,-0.112,0.00042242943863821266,0.0004224294386382126
12,12,KNN,auto,29,uncalibrated,-0.11,0.0,0.0
12,12,KNN,auto,29,uncalibrated,-0.108,0.0,0.0
12,12,KNN,auto,31,uncalibrated,-0.128,0.0,0.0
12,12,KNN,auto,31,uncalibrated,-0.126,0.0,0.0
12,12,KNN,auto,31,uncalibrated,-0.124,0.0,0.0
12,12,KNN,auto,31,uncalibrated,-0.122,0.0,0.0
12,12,KNN,auto,31,uncalibrated,-0.12,0.0,0.0
12,12,KNN,auto,31,uncalibrated,-0.118,0.0,0.0
12,12,KNN,auto,31,uncalibrated,-0.116,0.0,0.0
12,12,KNN,auto,31,uncalibrated,-0.114,0.0,0.0
12,12,KNN,auto,31,uncalibrated,-0.112,0.000552239078445382,0.0005522390784453326
12,12,KNN,auto,31,uncalibrated,-0.11,0.0,0.0
12,12,KNN,auto,31,uncalibrated,-0.108,0.0,0.0
12,12,KNN,auto,33,uncalibrated,-0.128,0.0,0.0
12,12,KNN,auto,33,uncalibrated,-0.126,0.0,0.0
12,12,KNN,auto,33,uncalibrated,-0.124,0.0,0.0
12,12,KNN,auto,33,uncalibrated,-0.122,0.0,0.0
12,12,KNN,auto,33,uncalibrated,-0.12,0.0,0.0
12,12,KNN,auto,33,uncalibrated,-0.118,0.0,0.0
12,12,KNN,auto,33,uncalibrated,-0.116,0.0,0.0
12,12,KNN,auto,33,uncalibrated,-0.114,0.0,0.0
12,12,KNN,auto,33,uncalibrated,-0.112,0.0006806502021812942,0.0006806502021813022
12,12,KNN,auto,33,uncalibrated,-0.11,0.0,0.0
12,12,KNN,auto,33,uncalibrated,-0.108,0.0,0.0
12,12,KNN,auto,35,uncalibrated,-0.128,0.0,0.0
12,12,KNN,auto,35,uncalibrated,-0.126,0.0,0.0
12,12,KNN,auto,35,uncalibrated,-0.124,0.0,0.0
12,12,KNN,auto,35,uncalibrated,-0.122,0.0,0.0
12,12,KNN,auto,35,uncalibrated,-0.12,0.0,0.0
12,12,KNN,auto,35,uncalibrated,-0.118,0.0,0.0
12,12,KNN,auto,35,uncalibrated,-0.116,0.0,0.0
12,12,KNN,auto,35,uncalibrated,-0.114,0.0,0.0
12,12,KNN,auto,35,uncalibrated,-0.112,0.0008086883688587835,0.0008050705027893105
12,12,KNN,auto,35,uncalibrated,-0.11,0.0,0.0
12,12,KNN,auto,35,uncalibrated,-0.108,0.0,0.0
12,12,KNN,auto,37,uncalibrated,-0.128,0.0,0.0
12,12,KNN,auto,37,uncalibrated,-0.126,0.0,0.0
12,12,KNN,auto,37,uncalibrated,-0.124,0.0,0.0
12,12,KNN,auto,37,uncalibrated,-0.122,0.0,0.0
12,12,KNN,auto,37,uncalibrated,-0.12,0.0,0.0
12,12,KNN,auto,37,uncalibrated,-0.118,0.0,0.0
12,12,KNN,auto,37,uncalibrated,-0.116,0.0,0.0
12,12,KNN,auto,37,uncalibrated,-0.114,0.0,0.0
12,12,KNN,auto,37,uncalibrated,-0.112,0.0009313297105820457,0.000924861468732353
12,12,KNN,auto,37,uncalibrated,-0.11,0.0,0.0
12,12,KNN,auto,37,uncalibrated,-0.108,0.0,0.0
12,12,KNN,auto,39,uncalibrated,-0.128,0.0,0.0
12,12,KNN,auto,39,uncalibrated,-0.126,0.0,0.0
12,12,KNN,auto,39,uncalibrated,-0.124,0.0,0.0
12,12,KNN,auto,39,uncalibrated,-0.122,0.0,0.0
12,12,KNN,auto,39,uncalibrated,-0.12,0.0,0.0
12,12,KNN,auto,39,uncalibrated,-0.118,0.0,0.0
12,12,KNN,auto,39,uncalibrated,-0.116,0.0,0.0
12,12,KNN,auto,39,uncalibrated,-0.114,0.0,0.0
12,12,KNN,auto,39,uncalibrated,-0.112,0.0010760342293809815,0.0010386566873303875
12,12,KNN,auto,39,uncalibrated,-0.11,0.0,0.0
12,12,KNN,auto,39,uncalibrated,-0.108,0.0,0.0
12,12,KNN,auto,41,uncalibrated,-0.128,0.0,0.0
12,12,KNN,auto,41,uncalibrated,-0.126,0.0,0.0
12,12,KNN,auto,41,uncalibrated,-0.124,0.0,0.0
12,12,KNN,auto,41,uncalibrated,-0.122,0.0,0.0
12,12,KNN,auto,41,uncalibrated,-0.12,0.0,0.0
12,12,KNN,auto,41,uncalibrated,-0.118,0.0,0.0
12,12,KNN,auto,41,uncalibrated,-0.116,0.0,0.0
12,12,KNN,auto,41,uncalibrated,-0.114,0.0,0.0
12,12,KNN,auto,41,uncalibrated,-0.112,0.0012532241684121053,0.0011494099309815162
12,12,KNN,auto,41,uncalibrated,-0.11,0.0,0.0
12,12,KNN,auto,41,uncalibrated,-0.108,0.0,0.0
12,12,KNN,auto,43,uncalibrated,-0.128,0.0,0.0
12,12,KNN,auto,43,uncalibrated,-0.126,0.0,0.0
12,12,KNN,auto,43,uncalibrated,-0.124,0.0,0.0
12,12,KNN,auto,43,uncalibrated,-0.122,0.0,0.0
12,12,KNN,auto,43,uncalibrated,-0.12,0.0,0.0
12,12,KNN,auto,43,uncalibrated,-0.118,0.0,0.0
12,12,KNN,auto,43,uncalibrated,-0.116,0.0,0.0
12,12,KNN,auto,43,uncalibrated,-0.114,0.0,0.0
12,12,KNN,auto,43,uncalibrated,-0.112,0.0012871205732326297,0.0012814026197397626
12,12,KNN,auto,43,uncalibrated,-0.11,0.0,0.0
12,12,KNN,auto,43,uncalibrated,-0.108,0.0,0.0
12,12,KNN,auto,45,uncalibrated,-0.128,0.0,0.0
12,12,KNN,auto,45,uncalibrated,-0.126,0.0,0.0
12,12,KNN,auto,45,uncalibrated,-0.124,0.0,0.0
12,12,KNN,auto,45,uncalibrated,-0.122,0.0,0.0
12,12,KNN,auto,45,uncalibrated,-0.12,0.0,0.0
12,12,KNN,auto,45,uncalibrated,-0.118,0.0,0.0
12,12,KNN,auto,45,uncalibrated,-0.116,0.0,0.0
12,12,KNN,auto,45,uncalibrated,-0.114,0.0,0.0
12,12,KNN,auto,45,uncalibrated,-0.112,0.0014738547405118477,0.0014662452687098297
12,12,KNN,auto,45,uncalibrated,-0.11,0.0,0.0
12,12,KNN,auto,45,uncalibrated,-0.108,0.0,0.0
12,12,KNN,auto,47,uncalibrated,-0.128,0.0,0.0
12,12,KNN,auto,47,uncalibrated,-0.126,0.0,0.0
12,12,KNN,auto,47,uncalibrated,-0.124,0.0,0.0
12,12,KNN,auto,47,uncalibrated,-0.122,0.0,0.0
12,12,KNN,auto,47,uncalibrated,-0.12,0.0,0.0
12,12,KNN,auto,47,uncalibrated,-0.118,0.0,0.0
12,12,KNN,auto,47,uncalibrated,-0.116,0.0,0.0
12,12,KNN,auto,47,uncalibrated,-0.114,0.0,0.0
12,12,KNN,auto,47,uncalibrated,-0.112,0.0016669315976047044,0.0016574295740281006
12,12,KNN,auto,47,uncalibrated,-0.11,0.0,0.0
12,12,KNN,auto,47,uncalibrated,-0.108,0.0,0.0
12,12,KNN,auto,49,uncalibrated,-0.128,0.0,0.0
12,12,KNN,auto,49,uncalibrated,-0.126,0.0,0.0
12,12,KNN,auto,49,uncalibrated,-0.124,0.0,0.0
12,12,KNN,auto,49,uncalibrated,-0.122,0.0,0.0
12,12,KNN,auto,49,uncalibrated,-0.12,0.0,0.0
12,12,KNN,auto,49,uncalibrated,-0.118,0.0,0.0
12,12,KNN,auto,49,uncalibrated,-0.116,0.0,0.0
12,12,KNN,auto,49,uncalibrated,-0.114,0.0,0.0
12,12,KNN,auto,49,uncalibrated,-0.112,0.0018629629690230355,0.001851586515439747
12,12,KNN,auto,49,uncalibrated,-0.11,0.0,0.0
12,12,KNN,auto,49,uncalibrated,-0.108,0.0,0.0
12,12,KNN,auto,51,uncalibrated,-0.128,0.0,0.0
12,12,KNN,auto,51,uncalibrated,-0.126,0.0,0.0
12,12,KNN,auto,51,uncalibrated,-0.124,0.0,0.0
12,12,KNN,auto,51,uncalibrated,-0.122,0.0,0.0
12,12,KNN,auto,51,uncalibrated,-0.12,0.0,0.0
12,12,KNN,auto,51,uncalibrated,-0.118,0.0,0.0
12,12,KNN,auto,51,uncalibrated,-0.116,0.0,0.0
12,12,KNN,auto,51,uncalibrated,-0.114,0.0,0.0
12,12,KNN,auto,51,uncalibrated,-0.112,0.00205948574320751,0.002046266264039093
12,12,KNN,auto,51,uncalibrated,-0.11,0.0,0.0
12,12,KNN,auto,51,uncalibrated,-0.108,0.0,0.0
12,12,KNN,auto,61,uncalibrated,-0.128,0.0,0.0
12,12,KNN,auto,61,uncalibrated,-0.126,0.0,0.0
12,12,KNN,auto,61,uncalibrated,-0.124,0.0,0.0
12,12,KNN,auto,61,uncalibrated,-0.122,0.0,0.0
12,12,KNN,auto,61,uncalibrated,-0.12,0.0,0.0
12,12,KNN,auto,61,uncalibrated,-0.118,0.0,0.0
12,12,KNN,auto,61,uncalibrated,-0.116,0.0,0.0
12,12,KNN,auto,61,uncalibrated,-0.114,1.5996723870951225e-05,1.599672387095124e-05
12,12,KNN,auto,61,uncalibrated,-0.112,0.003002111304627645,0.0029803724048699993
12,12,KNN,auto,61,uncalibrated,-0.11,0.0,0.0
12,12,KNN,auto,61,uncalibrated,-0.108,0.0,0.0
12,12,KNN,auto,81,uncalibrated,-0.128,0.0,0.0
12,12,KNN,auto,81,uncalibrated,-0.126,0.0,0.0
12,12,KNN,auto,81,uncalibrated,-0.124,0.0,0.0
12,12,KNN,auto,81,uncalibrated,-0.122,0.0,0.0
12,12,KNN,auto,81,uncalibrated,-0.12,0.0,0.0
12,12,KNN,auto,81,uncalibrated,-0.118,0.0,0.0
12,12,KNN,auto,81,uncalibrated,-0.116,0.0,0.0
12,12,KNN,auto,81,uncalibrated,-0.114,0.00017596547182077764,0.00017559887695578247
12,12,KNN,auto,81,uncalibrated,-0.112,0.0044863594222479914,0.004451139837243998
12,12,KNN,auto,81,uncalibrated,-0.11,0.0,0.0
12,12,KNN,auto,81,uncalibrated,-0.108,0.0,0.0
12,12,KNN,auto,101,uncalibrated,-0.128,0.0,0.0
12,12,KNN,auto,101,uncalibrated,-0.126,0.0,0.0
12,12,KNN,auto,101,uncalibrated,-0.124,0.0,0.0
12,12,KNN,auto,101,uncalibrated,-0.122,0.0,0.0
12,12,KNN,auto,101,uncalibrated,-0.12,0.0,0.0
12,12,KNN,auto,101,uncalibrated,-0.118,0.0,0.0
12,12,KNN,auto,101,uncalibrated,-0.116,0.0,0.0
12,12,KNN,auto,101,uncalibrated,-0.114,0.00041873600058399613,0.00037494579832321283
12,12,KNN,auto,101,uncalibrated,-0.112,0.005705133117813909,0.0056326939500554035
12,12,KNN,auto,101,uncalibrated,-0.11,0.0,0.0
12,12,KNN,auto,101,uncalibrated,-0.108,0.0,0.0
12,12,KNN,auto,151,uncalibrated,-0.128,0.0,0.0
12,12,KNN,auto,151,uncalibrated,-0.126,0.0,0.0
12,12,KNN,auto,151,uncalibrated,-0.124,0.0,0.0
12,12,KNN,auto,151,uncalibrated,-0.122,0.0,0.0
12,12,KNN,auto,151,uncalibrated,-0.12,0.0,0.0
12,12,KNN,auto,151,uncalibrated,-0.118,0.0,0.0
12,12,KNN,auto,151,uncalibrated,-0.116,0.0,0.0
12,12,KNN,auto,151,uncalibrated,-0.114,0.001626579541174087,0.0016059883968396395
12,12,KNN,auto,151,uncalibrated,-0.112,0.008609270619819507,0.007983363697078099
12,12,KNN,auto,151,uncalibrated,-0.11,6.961543736246667e-07,6.961543736246599e-07
12,12,KNN,auto,151,uncalibrated,-0.108,0.00016191622329642889,0.00016172180756743892
12,12,KNN,auto,201,uncalibrated,-0.128,0.0,0.0
12,12,KNN,auto,201,uncalibrated,-0.126,0.0,0.0
12,12,KNN,auto,201,uncalibrated,-0.124,0.0,0.0
12,12,KNN,auto,201,uncalibrated,-0.122,0.0,0.0
12,12,KNN,auto,201,uncalibrated,-0.12,0.0,0.0
12,12,KNN,auto,201,uncalibrated,-0.118,0.0,0.0
12,12,KNN,auto,201,uncalibrated,-0.116,0.0,0.0
12,12,KNN,auto,201,uncalibrated,-0.114,0.003708281162532057,0.0035114125062798403
12,12,KNN,auto,201,uncalibrated,-0.112,0.011577229715956936,0.01056894707747365
12,12,KNN,auto,201,uncalibrated,-0.11,0.0003372962736136937,0.0003347385142904497
12,12,KNN,auto,201,uncalibrated,-0.108,0.0007485842415876824,0.0007459668356344313
12,12,KNN,kd_tree,1,uncalibrated,-0.128,0.0,0.0
12,12,KNN,kd_tree,1,uncalibrated,-0.126,0.0,0.0
12,12,KNN,kd_tree,1,uncalibrated,-0.124,0.0,0.0
12,12,KNN,kd_tree,1,uncalibrated,-0.122,0.0,0.0
12,12,KNN,kd_tree,1,uncalibrated,-0.12,0.0,0.0
12,12,KNN,kd_tree,1,uncalibrated,-0.118,0.0,0.0
12,12,KNN,kd_tree,1,uncalibrated,-0.116,0.0,0.0
12,12,KNN,kd_tree,1,uncalibrated,-0.114,0.0,0.0
12,12,KNN,kd_tree,1,uncalibrated,-0.112,0.0,0.0
12,12,KNN,kd_tree,1,uncalibrated,-0.11,0.0,0.0
12,12,KNN,kd_tree,1,uncalibrated,-0.108,0.0,0.0
12,12,KNN,kd_tree,3,uncalibrated,-0.128,0.0,0.0
12,12,KNN,kd_tree,3,uncalibrated,-0.126,0.0,0.0
12,12,KNN,kd_tree,3,uncalibrated,-0.124,0.0,0.0
12,12,KNN,kd_tree,3,uncalibrated,-0.122,0.0,0.0
12,12,KNN,kd_tree,3,uncalibrated,-0.12,0.0,0.0
12,12,KNN,kd_tree,3,uncalibrated,-0.118,0.0,0.0
12,12,KNN,kd_tree,3,uncalibrated,-0.116,0.0,0.0
12,12,KNN,kd_tree,3,uncalibrated,-0.114,0.0,0.0
12,12,KNN,kd_tree,3,uncalibrated,-0.112,0.0,0.0
12,12,KNN,kd_tree,3,uncalibrated,-0.11,0.0,0.0
12,12,KNN,kd_tree,3,uncalibrated,-0.108,0.0,0.0
12,12,KNN,kd_tree,5,uncalibrated,-0.128,0.0,0.0
12,12,KNN,kd_tree,5,uncalibrated,-0.126,0.0,0.0
12,12,KNN,kd_tree,5,uncalibrated,-0.124,0.0,0.0
12,12,KNN,kd_tree,5,uncalibrated,-0.122,0.0,0.0
12,12,KNN,kd_tree,5,uncalibrated,-0.12,0.0,0.0
12,12,KNN,kd_tree,5,uncalibrated,-0.118,0.0,0.0
12,12,KNN,kd_tree,5,uncalibrated,-0.116,0.0,0.0
12,12,KNN,kd_tree,5,uncalibrated,-0.114,0.0,0.0
12,12,KNN,kd_tree,5,uncalibrated,-0.112,0.0,0.0
12,12,KNN,kd_tree,5,uncalibrated,-0.11,0.0,0.0
12,12,KNN,kd_tree,5,uncalibrated,-0.108,0.0,0.0
12,12,KNN,kd_tree,7,uncalibrated,-0.128,0.0,0.0
12,12,KNN,kd_tree,7,uncalibrated,-0.126,0.0,0.0
12,12,KNN,kd_tree,7,uncalibrated,-0.124,0.0,0.0
12,12,KNN,kd_tree,7,uncalibrated,-0.122,0.0,0.0
12,12,KNN,kd_tree,7,uncalibrated,-0.12,0.0,0.0
12,12,KNN,kd_tree,7,uncalibrated,-0.118,0.0,0.0
12,12,KNN,kd_tree,7,uncalibrated,-0.116,0.0,0.0
12,12,KNN,kd_tree,7,uncalibrated,-0.114,0.0,0.0
12,12,KNN,kd_tree,7,uncalibrated,-0.112,0.0,0.0
12,12,KNN,kd_tree,7,uncalibrated,-0.11,0.0,0.0
12,12,KNN,kd_tree,7,uncalibrated,-0.108,0.0,0.0
12,12,KNN,kd_tree,9,uncalibrated,-0.128,0.0,0.0
12,12,KNN,kd_tree,9,uncalibrated,-0.126,0.0,0.0
12,12,KNN,kd_tree,9,uncalibrated,-0.124,0.0,0.0
12,12,KNN,kd_tree,9,uncalibrated,-0.122,0.0,0.0
12,12,KNN,kd_tree,9,uncalibrated,-0.12,0.0,0.0
12,12,KNN,kd_tree,9,uncalibrated,-0.118,0.0,0.0
12,12,KNN,kd_tree,9,uncalibrated,-0.116,0.0,0.0
12,12,KNN,kd_tree,9,uncalibrated,-0.114,0.0,0.0
12,12,KNN,kd_tree,9,uncalibrated,-0.112,0.0,0.0
12,12,KNN,kd_tree,9,uncalibrated,-0.11,0.0,0.0
12,12,KNN,kd_tree,9,uncalibrated,-0.108,0.0,0.0
12,12,KNN,kd_tree,11,uncalibrated,-0.128,0.0,0.0
12,12,KNN,kd_tree,11,uncalibrated,-0.126,0.0,0.0
12,12,KNN,kd_tree,11,uncalibrated,-0.124,0.0,0.0
12,12,KNN,kd_tree,11,uncalibrated,-0.122,0.0,0.0
12,12,KNN,kd_tree,11,uncalibrated,-0.12,0.0,0.0
12,12,KNN,kd_tree,11,uncalibrated,-0.118,0.0,0.0
12,12,KNN,kd_tree,11,uncalibrated,-0.116,0.0,0.0
12,12,KNN,kd_tree,11,uncalibrated,-0.114,0.0,0.0
12,12,KNN,kd_tree,11,uncalibrated,-0.112,0.0,0.0
12,12,KNN,kd_tree,11,uncalibrated,-0.11,0.0,0.0
12,12,KNN,kd_tree,11,uncalibrated,-0.108,0.0,0.0
12,12,KNN,kd_tree,13,uncalibrated,-0.128,0.0,0.0
12,12,KNN,kd_tree,13,uncalibrated,-0.126,0.0,0.0
12,12,KNN,kd_tree,13,uncalibrated,-0.124,0.0,0.0
12,12,KNN,kd_tree,13,uncalibrated,-0.122,0.0,0.0
12,12,KNN,kd_tree,13,uncalibrated,-0.12,0.0,0.0
12,12,KNN,kd_tree,13,uncalibrated,-0.118,0.0,0.0
12,12,KNN,kd_tree,13,uncalibrated,-0.116,0.0,0.0
12,12,KNN,kd_tree,13,uncalibrated,-0.114,0.0,0.0
12,12,KNN,kd_tree,13,uncalibrated,-0.112,0.0,0.0
12,12,KNN,kd_tree,13,uncalibrated,-0.11,0.0,0.0
12,12,KNN,kd_tree,13,uncalibrated,-0.108,0.0,0.0
12,12,KNN,kd_tree,15,uncalibrated,-0.128,0.0,0.0
12,12,KNN,kd_tree,15,uncalibrated,-0.126,0.0,0.0
12,12,KNN,kd_tree,15,uncalibrated,-0.124,0.0,0.0
12,12,KNN,kd_tree,15,uncalibrated,-0.122,0.0,0.0
12,12,KNN,kd_tree,15,uncalibrated,-0.12,0.0,0.0
12,12,KNN,kd_tree,15,uncalibrated,-0.118,0.0,0.0
12,12,KNN,kd_tree,15,uncalibrated,-0.116,0.0,0.0
12,12,KNN,kd_tree,15,uncalibrated,-0.114,0.0,0.0
12,12,KNN,kd_tree,15,uncalibrated,-0.112,0.0,0.0
12,12,KNN,kd_tree,15,uncalibrated,-0.11,0.0,0.0
12,12,KNN,kd_tree,15,uncalibrated,-0.108,0.0,0.0
12,12,KNN,kd_tree,17,uncalibrated,-0.128,0.0,0.0
12,12,KNN,kd_tree,17,uncalibrated,-0.126,0.0,0.0
12,12,KNN,kd_tree,17,uncalibrated,-0.124,0.0,0.0
12,12,KNN,kd_tree,17,uncalibrated,-0.122,0.0,0.0
12,12,KNN,kd_tree,17,uncalibrated,-0.12,0.0,0.0
12,12,KNN,kd_tree,17,uncalibrated,-0.118,0.0,0.0
12,12,KNN,kd_tree,17,uncalibrated,-0.116,0.0,0.0
12,12,KNN,kd_tree,17,uncalibrated,-0.114,0.0,0.0
12,12,KNN,kd_tree,17,uncalibrated,-0.112,0.0,0.0
12,12,KNN,kd_tree,17,uncalibrated,-0.11,0.0,0.0
12,12,KNN,kd_tree,17,uncalibrated,-0.108,0.0,0.0
12,12,KNN,kd_tree,19,uncalibrated,-0.128,0.0,0.0
12,12,KNN,kd_tree,19,uncalibrated,-0.126,0.0,0.0
12,12,KNN,kd_tree,19,uncalibrated,-0.124,0.0,0.0
12,12,KNN,kd_tree,19,uncalibrated,-0.122,0.0,0.0
12,12,KNN,kd_tree,19,uncalibrated,-0.12,0.0,0.0
12,12,KNN,kd_tree,19,uncalibrated,-0.118,0.0,0.0
12,12,KNN,kd_tree,19,uncalibrated,-0.116,0.0,0.0
12,12,KNN,kd_tree,19,uncalibrated,-0.114,0.0,0.0
12,12,KNN,kd_tree,19,uncalibrated,-0.112,1.21494872916368e-05,1.2149487291636285e-05
12,12,KNN,kd_tree,19,uncalibrated,-0.11,0.0,0.0
12,12,KNN,kd_tree,19,uncalibrated,-0.108,0.0,0.0
12,12,KNN,kd_tree,21,uncalibrated,-0.128,0.0,0.0
12,12,KNN,kd_tree,21,uncalibrated,-0.126,0.0,0.0
12,12,KNN,kd_tree,21,uncalibrated,-0.124,0.0,0.0
12,12,KNN,kd_tree,21,uncalibrated,-0.122,0.0,0.0
12,12,KNN,kd_tree,21,uncalibrated,-0.12,0.0,0.0
12,12,KNN,kd_tree,21,uncalibrated,-0.118,0.0,0.0
12,12,KNN,kd_tree,21,uncalibrated,-0.116,0.0,0.0
12,12,KNN,kd_tree,21,uncalibrated,-0.114,0.0,0.0
12,12,KNN,kd_tree,21,uncalibrated,-0.112,3.978199466921014e-05,3.9781994669212715e-05
12,12,KNN,kd_tree,21,uncalibrated,-0.11,0.0,0.0
12,12,KNN,kd_tree,21,uncalibrated,-0.108,0.0,0.0
12,12,KNN,kd_tree,23,uncalibrated,-0.128,0.0,0.0
12,12,KNN,kd_tree,23,uncalibrated,-0.126,0.0,0.0
12,12,KNN,kd_tree,23,uncalibrated,-0.124,0.0,0.0
12,12,KNN,kd_tree,23,uncalibrated,-0.122,0.0,0.0
12,12,KNN,kd_tree,23,uncalibrated,-0.12,0.0,0.0
12,12,KNN,kd_tree,23,uncalibrated,-0.118,0.0,0.0
12,12,KNN,kd_tree,23,uncalibrated,-0.116,0.0,0.0
12,12,KNN,kd_tree,23,uncalibrated,-0.114,0.0,0.0
12,12,KNN,kd_tree,23,uncalibrated,-0.112,7.46194408516545e-05,7.461944085165657e-05
12,12,KNN,kd_tree,23,uncalibrated,-0.11,0.0,0.0
12,12,KNN,kd_tree,23,uncalibrated,-0.108,0.0,0.0
12,12,KNN,kd_tree,25,uncalibrated,-0.128,0.0,0.0
12,12,KNN,kd_tree,25,uncalibrated,-0.126,0.0,0.0
12,12,KNN,kd_tree,25,uncalibrated,-0.124,0.0,0.0
12,12,KNN,kd_tree,25,uncalibrated,-0.122,0.0,0.0
12,12,KNN,kd_tree,25,uncalibrated,-0.12,0.0,0.0
12,12,KNN,kd_tree,25,uncalibrated,-0.118,0.0,0.0
12,12,KNN,kd_tree,25,uncalibrated,-0.116,0.0,0.0
12,12,KNN,kd_tree,25,uncalibrated,-0.114,0.0,0.0
12,12,KNN,kd_tree,25,uncalibrated,-0.112,0.00017543859649124034,0.00017543859649122795
12,12,KNN,kd_tree,25,uncalibrated,-0.11,0.0,0.0
12,12,KNN,kd_tree,25,uncalibrated,-0.108,0.0,0.0
12,12,KNN,kd_tree,27,uncalibrated,-0.128,0.0,0.0
12,12,KNN,kd_tree,27,uncalibrated,-0.126,0.0,0.0
12,12,KNN,kd_tree,27,uncalibrated,-0.124,0.0,0.0
12,12,KNN,kd_tree,27,uncalibrated,-0.122,0.0,0.0
12,12,KNN,kd_tree,27,uncalibrated,-0.12,0.0,0.0
12,12,KNN,kd_tree,27,uncalibrated,-0.118,0.0,0.0
12,12,KNN,kd_tree,27,uncalibrated,-0.116,0.0,0.0
12,12,KNN,kd_tree,27,uncalibrated,-0.114,0.0,0.0
12,12,KNN,kd_tree,27,uncalibrated,-0.112,0.0002948042259283406,0.0002948042259283325
12,12,KNN,kd_tree,27,uncalibrated,-0.11,0.0,0.0
12,12,KNN,kd_tree,27,uncalibrated,-0.108,0.0,0.0
12,12,KNN,kd_tree,29,uncalibrated,-0.128,0.0,0.0
12,12,KNN,kd_tree,29,uncalibrated,-0.126,0.0,0.0
12,12,KNN,kd_tree,29,uncalibrated,-0.124,0.0,0.0
12,12,KNN,kd_tree,29,uncalibrated,-0.122,0.0,0.0
12,12,KNN,kd_tree,29,uncalibrated,-0.12,0.0,0.0
12,12,KNN,kd_tree,29,uncalibrated,-0.118,0.0,0.0
12,12,KNN,kd_tree,29,uncalibrated,-0.116,0.0,0.0
12,12,KNN,kd_tree,29,uncalibrated,-0.114,0.0,0.0
12,12,KNN,kd_tree,29,uncalibrated,-0.112,0.00042242943863821266,0.0004224294386382126
12,12,KNN,kd_tree,29,uncalibrated,-0.11,0.0,0.0
12,12,KNN,kd_tree,29,uncalibrated,-0.108,0.0,0.0
12,12,KNN,kd_tree,31,uncalibrated,-0.128,0.0,0.0
12,12,KNN,kd_tree,31,uncalibrated,-0.126,0.0,0.0
12,12,KNN,kd_tree,31,uncalibrated,-0.124,0.0,0.0
12,12,KNN,kd_tree,31,uncalibrated,-0.122,0.0,0.0
12,12,KNN,kd_tree,31,uncalibrated,-0.12,0.0,0.0
12,12,KNN,kd_tree,31,uncalibrated,-0.118,0.0,0.0
12,12,KNN,kd_tree,31,uncalibrated,-0.116,0.0,0.0
12,12,KNN,kd_tree,31,uncalibrated,-0.114,0.0,0.0
12,12,KNN,kd_tree,31,uncalibrated,-0.112,0.000552239078445382,0.0005522390784453326
12,12,KNN,kd_tree,31,uncalibrated,-0.11,0.0,0.0
12,12,KNN,kd_tree,31,uncalibrated,-0.108,0.0,0.0
12,12,KNN,kd_tree,33,uncalibrated,-0.128,0.0,0.0
12,12,KNN,kd_tree,33,uncalibrated,-0.126,0.0,0.0
12,12,KNN,kd_tree,33,uncalibrated,-0.124,0.0,0.0
12,12,KNN,kd_tree,33,uncalibrated,-0.122,0.0,0.0
12,12,KNN,kd_tree,33,uncalibrated,-0.12,0.0,0.0
12,12,KNN,kd_tree,33,uncalibrated,-0.118,0.0,0.0
12,12,KNN,kd_tree,33,uncalibrated,-0.116,0.0,0.0
12,12,KNN,kd_tree,33,uncalibrated,-0.114,0.0,0.0
12,12,KNN,kd_tree,33,uncalibrated,-0.112,0.0006806502021812942,0.0006806502021813022
12,12,KNN,kd_tree,33,uncalibrated,-0.11,0.0,0.0
12,12,KNN,kd_tree,33,uncalibrated,-0.108,0.0,0.0
12,12,KNN,kd_tree,35,uncalibrated,-0.128,0.0,0.0
12,12,KNN,kd_tree,35,uncalibrated,-0.126,0.0,0.0
12,12,KNN,kd_tree,35,uncalibrated,-0.124,0.0,0.0
12,12,KNN,kd_tree,35,uncalibrated,-0.122,0.0,0.0
12,12,KNN,kd_tree,35,uncalibrated,-0.12,0.0,0.0
12,12,KNN,kd_tree,35,uncalibrated,-0.118,0.0,0.0
12,12,KNN,kd_tree,35,uncalibrated,-0.116,0.0,0.0
12,12,KNN,kd_tree,35,uncalibrated,-0.114,0.0,0.0
12,12,KNN,kd_tree,35,uncalibrated,-0.112,0.0008086883688587835,0.0008050705027893105
12,12,KNN,kd_tree,35,uncalibrated,-0.11,0.0,0.0
12,12,KNN,kd_tree,35,uncalibrated,-0.108,0.0,0.0
12,12,KNN,kd_tree,37,uncalibrated,-0.128,0.0,0.0
12,12,KNN,kd_tree,37,uncalibrated,-0.126,0.0,0.0
12,12,KNN,kd_tree,37,uncalibrated,-0.124,0.0,0.0
12,12,KNN,kd_tree,37,uncalibrated,-0.122,0.0,0.0
12,12,KNN,kd_tree,37,uncalibrated,-0.12,0.0,0.0
12,12,KNN,kd_tree,37,uncalibrated,-0.118,0.0,0.0
12,12,KNN,kd_tree,37,uncalibrated,-0.116,0.0,0.0
12,12,KNN,kd_tree,37,uncalibrated,-0.114,0.0,0.0
12,12,KNN,kd_tree,37,uncalibrated,-0.112,0.0009313297105820457,0.000924861468732353
12,12,KNN,kd_tree,37,uncalibrated,-0.11,0.0,0.0
12,12,KNN,kd_tree,37,uncalibrated,-0.108,0.0,0.0
12,12,KNN,kd_tree,39,uncalibrated,-0.128,0.0,0.0
12,12,KNN,kd_tree,39,uncalibrated,-0.126,0.0,0.0
12,12,KNN,kd_tree,39,uncalibrated,-0.124,0.0,0.0
12,12,KNN,kd_tree,39,uncalibrated,-0.122,0.0,0.0
12,12,KNN,kd_tree,39,uncalibrated,-0.12,0.0,0.0
12,12,KNN,kd_tree,39,uncalibrated,-0.118,0.0,0.0
12,12,KNN,kd_tree,39,uncalibrated,-0.116,0.0,0.0
12,12,KNN,kd_tree,39,uncalibrated,-0.114,0.0,0.0
12,12,KNN,kd_tree,39,uncalibrated,-0.112,0.0010760342293809815,0.0010386566873303875
12,12,KNN,kd_tree,39,uncalibrated,-0.11,0.0,0.0
12,12,KNN,kd_tree,39,uncalibrated,-0.108,0.0,0.0
12,12,KNN,kd_tree,41,uncalibrated,-0.128,0.0,0.0
12,12,KNN,kd_tree,41,uncalibrated,-0.126,0.0,0.0
12,12,KNN,kd_tree,41,uncalibrated,-0.124,0.0,0.0
12,12,KNN,kd_tree,41,uncalibrated,-0.122,0.0,0.0
12,12,KNN,kd_tree,41,uncalibrated,-0.12,0.0,0.0
12,12,KNN,kd_tree,41,uncalibrated,-0.118,0.0,0.0
12,12,KNN,kd_tree,41,uncalibrated,-0.116,0.0,0.0
12,12,KNN,kd_tree,41,uncalibrated,-0.114,0.0,0.0
12,12,KNN,kd_tree,41,uncalibrated,-0.112,0.0012532241684121053,0.0011494099309815162
12,12,KNN,kd_tree,41,uncalibrated,-0.11,0.0,0.0
12,12,KNN,kd_tree,41,uncalibrated,-0.108,0.0,0.0
12,12,KNN,kd_tree,43,uncalibrated,-0.128,0.0,0.0
12,12,KNN,kd_tree,43,uncalibrated,-0.126,0.0,0.0
12,12,KNN,kd_tree,43,uncalibrated,-0.124,0.0,0.0
12,12,KNN,kd_tree,43,uncalibrated,-0.122,0.0,0.0
12,12,KNN,kd_tree,43,uncalibrated,-0.12,0.0,0.0
12,12,KNN,kd_tree,43,uncalibrated,-0.118,0.0,0.0
12,12,KNN,kd_tree,43,uncalibrated,-0.116,0.0,0.0
12,12,KNN,kd_tree,43,uncalibrated,-0.114,0.0,0.0
12,12,KNN,kd_tree,43,uncalibrated,-0.112,0.0012871205732326297,0.0012814026197397626
12,12,KNN,kd_tree,43,uncalibrated,-0.11,0.0,0.0
12,12,KNN,kd_tree,43,uncalibrated,-0.108,0.0,0.0
12,12,KNN,kd_tree,45,uncalibrated,-0.128,0.0,0.0
12,12,KNN,kd_tree,45,uncalibrated,-0.126,0.0,0.0
12,12,KNN,kd_tree,45,uncalibrated,-0.124,0.0,0.0
12,12,KNN,kd_tree,45,uncalibrated,-0.122,0.0,0.0
12,12,KNN,kd_tree,45,uncalibrated,-0.12,0.0,0.0
12,12,KNN,kd_tree,45,uncalibrated,-0.118,0.0,0.0
12,12,KNN,kd_tree,45,uncalibrated,-0.116,0.0,0.0
12,12,KNN,kd_tree,45,uncalibrated,-0.114,0.0,0.0
12,12,KNN,kd_tree,45,uncalibrated,-0.112,0.0014738547405118477,0.0014662452687098297
12,12,KNN,kd_tree,45,uncalibrated,-0.11,0.0,0.0
12,12,KNN,kd_tree,45,uncalibrated,-0.108,0.0,0.0
12,12,KNN,kd_tree,47,uncalibrated,-0.128,0.0,0.0
12,12,KNN,kd_tree,47,uncalibrated,-0.126,0.0,0.0
12,12,KNN,kd_tree,47,uncalibrated,-0.124,0.0,0.0
12,12,KNN,kd_tree,47,uncalibrated,-0.122,0.0,0.0
12,12,KNN,kd_tree,47,uncalibrated,-0.12,0.0,0.0
12,12,KNN,kd_tree,47,uncalibrated,-0.118,0.0,0.0
12,12,KNN,kd_tree,47,uncalibrated,-0.116,0.0,0.0
12,12,KNN,kd_tree,47,uncalibrated,-0.114,0.0,0.0
12,12,KNN,kd_tree,47,uncalibrated,-0.112,0.0016669315976047044,0.0016574295740281006
12,12,KNN,kd_tree,47,uncalibrated,-0.11,0.0,0.0
12,12,KNN,kd_tree,47,uncalibrated,-0.108,0.0,0.0
12,12,KNN,kd_tree,49,uncalibrated,-0.128,0.0,0.0
12,12,KNN,kd_tree,49,uncalibrated,-0.126,0.0,0.0
12,12,KNN,kd_tree,49,uncalibrated,-0.124,0.0,0.0
12,12,KNN,kd_tree,49,uncalibrated,-0.122,0.0,0.0
12,12,KNN,kd_tree,49,uncalibrated,-0.12,0.0,0.0
12,12,KNN,kd_tree,49,uncalibrated,-0.118,0.0,0.0
12,12,KNN,kd_tree,49,uncalibrated,-0.116,0.0,0.0
12,12,KNN,kd_tree,49,uncalibrated,-0.114,0.0,0.0
12,12,KNN,kd_tree,49,uncalibrated,-0.112,0.0018629629690230355,0.001851586515439747
12,12,KNN,kd_tree,49,uncalibrated,-0.11,0.0,0.0
12,12,KNN,kd_tree,49,uncalibrated,-0.108,0.0,0.0
12,12,KNN,kd_tree,51,uncalibrated,-0.128,0.0,0.0
12,12,KNN,kd_tree,51,uncalibrated,-0.126,0.0,0.0
12,12,KNN,kd_tree,51,uncalibrated,-0.124,0.0,0.0
12,12,KNN,kd_tree,51,uncalibrated,-0.122,0.0,0.0
12,12,KNN,kd_tree,51,uncalibrated,-0.12,0.0,0.0
12,12,KNN,kd_tree,51,uncalibrated,-0.118,0.0,0.0
12,12,KNN,kd_tree,51,uncalibrated,-0.116,0.0,0.0
12,12,KNN,kd_tree,51,uncalibrated,-0.114,0.0,0.0
12,12,KNN,kd_tree,51,uncalibrated,-0.112,0.00205948574320751,0.002046266264039093
12,12,KNN,kd_tree,51,uncalibrated,-0.11,0.0,0.0
12,12,KNN,kd_tree,51,uncalibrated,-0.108,0.0,0.0
12,12,KNN,kd_tree,61,uncalibrated,-0.128,0.0,0.0
12,12,KNN,kd_tree,61,uncalibrated,-0.126,0.0,0.0
12,12,KNN,kd_tree,61,uncalibrated,-0.124,0.0,0.0
12,12,KNN,kd_tree,61,uncalibrated,-0.122,0.0,0.0
12,12,KNN,kd_tree,61,uncalibrated,-0.12,0.0,0.0
12,12,KNN,kd_tree,61,uncalibrated,-0.118,0.0,0.0
12,12,KNN,kd_tree,61,uncalibrated,-0.116,0.0,0.0
12,12,KNN,kd_tree,61,uncalibrated,-0.114,1.5996723870951225e-05,1.599672387095124e-05
12,12,KNN,kd_tree,61,uncalibrated,-0.112,0.003002111304627645,0.0029803724048699993
12,12,KNN,kd_tree,61,uncalibrated,-0.11,0.0,0.0
12,12,KNN,kd_tree,61,uncalibrated,-0.108,0.0,0.0
12,12,KNN,kd_tree,81,uncalibrated,-0.128,0.0,0.0
12,12,KNN,kd_tree,81,uncalibrated,-0.126,0.0,0.0
12,12,KNN,kd_tree,81,uncalibrated,-0.124,0.0,0.0
12,12,KNN,kd_tree,81,uncalibrated,-0.122,0.0,0.0
12,12,KNN,kd_tree,81,uncalibrated,-0.12,0.0,0.0
12,12,KNN,kd_tree,81,uncalibrated,-0.118,0.0,0.0
12,12,KNN,kd_tree,81,uncalibrated,-0.116,0.0,0.0
12,12,KNN,kd_tree,81,uncalibrated,-0.114,0.00017596547182077764,0.00017559887695578247
12,12,KNN,kd_tree,81,uncalibrated,-0.112,0.0044863594222479914,0.004451139837243998
12,12,KNN,kd_tree,81,uncalibrated,-0.11,0.0,0.0
12,12,KNN,kd_tree,81,uncalibrated,-0.108,0.0,0.0
12,12,KNN,kd_tree,101,uncalibrated,-0.128,0.0,0.0
12,12,KNN,kd_tree,101,uncalibrated,-0.126,0.0,0.0
12,12,KNN,kd_tree,101,uncalibrated,-0.124,0.0,0.0
12,12,KNN,kd_tree,101,uncalibrated,-0.122,0.0,0.0
12,12,KNN,kd_tree,101,uncalibrated,-0.12,0.0,0.0
12,12,KNN,kd_tree,101,uncalibrated,-0.118,0.0,0.0
12,12,KNN,kd_tree,101,uncalibrated,-0.116,0.0,0.0
12,12,KNN,kd_tree,101,uncalibrated,-0.114,0.00041873600058399613,0.00037494579832321283
12,12,KNN,kd_tree,101,uncalibrated,-0.112,0.005705133117813909,0.0056326939500554035
12,12,KNN,kd_tree,101,uncalibrated,-0.11,0.0,0.0
12,12,KNN,kd_tree,101,uncalibrated,-0.108,0.0,0.0
12,12,KNN,kd_tree,151,uncalibrated,-0.128,0.0,0.0
12,12,KNN,kd_tree,151,uncalibrated,-0.126,0.0,0.0
12,12,KNN,kd_tree,151,uncalibrated,-0.124,0.0,0.0
12,12,KNN,kd_tree,151,uncalibrated,-0.122,0.0,0.0
12,12,KNN,kd_tree,151,uncalibrated,-0.12,0.0,0.0
12,12,KNN,kd_tree,151,uncalibrated,-0.118,0.0,0.0
12,12,KNN,kd_tree,151,uncalibrated,-0.116,0.0,0.0
12,12,KNN,kd_tree,151,uncalibrated,-0.114,0.001626579541174087,0.0016059883968396395
12,12,KNN,kd_tree,151,uncalibrated,-0.112,0.008609270619819507,0.007983363697078099
12,12,KNN,kd_tree,151,uncalibrated,-0.11,6.961543736246667e-07,6.961543736246599e-07
12,12,KNN,kd_tree,151,uncalibrated,-0.108,0.00016191622329642889,0.00016172180756743892
12,12,KNN,kd_tree,201,uncalibrated,-0.128,0.0,0.0
12,12,KNN,kd_tree,201,uncalibrated,-0.126,0.0,0.0
12,12,KNN,kd_tree,201,uncalibrated,-0.124,0.0,0.0
12,12,KNN,kd_tree,201,uncalibrated,-0.122,0.0,0.0
12,12,KNN,kd_tree,201,uncalibrated,-0.12,0.0,0.0
12,12,KNN,kd_tree,201,uncalibrated,-0.118,0.0,0.0
12,12,KNN,kd_tree,201,uncalibrated,-0.116,0.0,0.0
12,12,KNN,kd_tree,201,uncalibrated,-0.114,0.003708281162532057,0.0035114125062798403
12,12,KNN,kd_tree,201,uncalibrated,-0.112,0.011577229715956936,0.01056894707747365
12,12,KNN,kd_tree,201,uncalibrated,-0.11,0.0003372962736136937,0.0003347385142904497
12,12,KNN,kd_tree,201,uncalibrated,-0.108,0.0007485842415876824,0.0007459668356344313
12,12,KNN,ball_tree,1,uncalibrated,-0.128,0.0,0.0
12,12,KNN,ball_tree,1,uncalibrated,-0.126,0.0,0.0
12,12,KNN,ball_tree,1,uncalibrated,-0.124,0.0,0.0
12,12,KNN,ball_tree,1,uncalibrated,-0.122,0.0,0.0
12,12,KNN,ball_tree,1,uncalibrated,-0.12,0.0,0.0
12,12,KNN,ball_tree,1,uncalibrated,-0.118,0.0,0.0
12,12,KNN,ball_tree,1,uncalibrated,-0.116,0.0,0.0
12,12,KNN,ball_tree,1,uncalibrated,-0.114,0.0,0.0
12,12,KNN,ball_tree,1,uncalibrated,-0.112,0.0,0.0
12,12,KNN,ball_tree,1,uncalibrated,-0.11,0.0,0.0
12,12,KNN,ball_tree,1,uncalibrated,-0.108,0.0,0.0
12,12,KNN,ball_tree,3,uncalibrated,-0.128,0.0,0.0
12,12,KNN,ball_tree,3,uncalibrated,-0.126,0.0,0.0
12,12,KNN,ball_tree,3,uncalibrated,-0.124,0.0,0.0
12,12,KNN,ball_tree,3,uncalibrated,-0.122,0.0,0.0
12,12,KNN,ball_tree,3,uncalibrated,-0.12,0.0,0.0
12,12,KNN,ball_tree,3,uncalibrated,-0.118,0.0,0.0
12,12,KNN,ball_tree,3,uncalibrated,-0.116,0.0,0.0
12,12,KNN,ball_tree,3,uncalibrated,-0.114,0.0,0.0
12,12,KNN,ball_tree,3,uncalibrated,-0.112,0.0,0.0
12,12,KNN,ball_tree,3,uncalibrated,-0.11,0.0,0.0
12,12,KNN,ball_tree,3,uncalibrated,-0.108,0.0,0.0
12,12,KNN,ball_tree,5,uncalibrated,-0.128,0.0,0.0
12,12,KNN,ball_tree,5,uncalibrated,-0.126,0.0,0.0
12,12,KNN,ball_tree,5,uncalibrated,-0.124,0.0,0.0
12,12,KNN,ball_tree,5,uncalibrated,-0.122,0.0,0.0
12,12,KNN,ball_tree,5,uncalibrated,-0.12,0.0,0.0
12,12,KNN,ball_tree,5,uncalibrated,-0.118,0.0,0.0
12,12,KNN,ball_tree,5,uncalibrated,-0.116,0.0,0.0
12,12,KNN,ball_tree,5,uncalibrated,-0.114,0.0,0.0
12,12,KNN,ball_tree,5,uncalibrated,-0.112,0.0,0.0
12,12,KNN,ball_tree,5,uncalibrated,-0.11,0.0,0.0
12,12,KNN,ball_tree,5,uncalibrated,-0.108,0.0,0.0
12,12,KNN,ball_tree,7,uncalibrated,-0.128,0.0,0.0
12,12,KNN,ball_tree,7,uncalibrated,-0.126,0.0,0.0
12,12,KNN,ball_tree,7,uncalibrated,-0.124,0.0,0.0
12,12,KNN,ball_tree,7,uncalibrated,-0.122,0.0,0.0
12,12,KNN,ball_tree,7,uncalibrated,-0.12,0.0,0.0
12,12,KNN,ball_tree,7,uncalibrated,-0.118,0.0,0.0
12,12,KNN,ball_tree,7,uncalibrated,-0.116,0.0,0.0
12,12,KNN,ball_tree,7,uncalibrated,-0.114,0.0,0.0
12,12,KNN,ball_tree,7,uncalibrated,-0.112,0.0,0.0
12,12,KNN,ball_tree,7,uncalibrated,-0.11,0.0,0.0
12,12,KNN,ball_tree,7,uncalibrated,-0.108,0.0,0.0
12,12,KNN,ball_tree,9,uncalibrated,-0.128,0.0,0.0
12,12,KNN,ball_tree,9,uncalibrated,-0.126,0.0,0.0
12,12,KNN,ball_tree,9,uncalibrated,-0.124,0.0,0.0
12,12,KNN,ball_tree,9,uncalibrated,-0.122,0.0,0.0
12,12,KNN,ball_tree,9,uncalibrated,-0.12,0.0,0.0
12,12,KNN,ball_tree,9,uncalibrated,-0.118,0.0,0.0
12,12,KNN,ball_tree,9,uncalibrated,-0.116,0.0,0.0
12,12,KNN,ball_tree,9,uncalibrated,-0.114,0.0,0.0
12,12,KNN,ball_tree,9,uncalibrated,-0.112,0.0,0.0
12,12,KNN,ball_tree,9,uncalibrated,-0.11,0.0,0.0
12,12,KNN,ball_tree,9,uncalibrated,-0.108,0.0,0.0
12,12,KNN,ball_tree,11,uncalibrated,-0.128,0.0,0.0
12,12,KNN,ball_tree,11,uncalibrated,-0.126,0.0,0.0
12,12,KNN,ball_tree,11,uncalibrated,-0.124,0.0,0.0
12,12,KNN,ball_tree,11,uncalibrated,-0.122,0.0,0.0
12,12,KNN,ball_tree,11,uncalibrated,-0.12,0.0,0.0
12,12,KNN,ball_tree,11,uncalibrated,-0.118,0.0,0.0
12,12,KNN,ball_tree,11,uncalibrated,-0.116,0.0,0.0
12,12,KNN,ball_tree,11,uncalibrated,-0.114,0.0,0.0
12,12,KNN,ball_tree,11,uncalibrated,-0.112,0.0,0.0
12,12,KNN,ball_tree,11,uncalibrated,-0.11,0.0,0.0
12,12,KNN,ball_tree,11,uncalibrated,-0.108,0.0,0.0
12,12,KNN,ball_tree,13,uncalibrated,-0.128,0.0,0.0
12,12,KNN,ball_tree,13,uncalibrated,-0.126,0.0,0.0
12,12,KNN,ball_tree,13,uncalibrated,-0.124,0.0,0.0
12,12,KNN,ball_tree,13,uncalibrated,-0.122,0.0,0.0
12,12,KNN,ball_tree,13,uncalibrated,-0.12,0.0,0.0
12,12,KNN,ball_tree,13,uncalibrated,-0.118,0.0,0.0
12,12,KNN,ball_tree,13,uncalibrated,-0.116,0.0,0.0
12,12,KNN,ball_tree,13,uncalibrated,-0.114,0.0,0.0
12,12,KNN,ball_tree,13,uncalibrated,-0.112,0.0,0.0
12,12,KNN,ball_tree,13,uncalibrated,-0.11,0.0,0.0
12,12,KNN,ball_tree,13,uncalibrated,-0.108,0.0,0.0
12,12,KNN,ball_tree,15,uncalibrated,-0.128,0.0,0.0
12,12,KNN,ball_tree,15,uncalibrated,-0.126,0.0,0.0
12,12,KNN,ball_tree,15,uncalibrated,-0.124,0.0,0.0
12,12,KNN,ball_tree,15,uncalibrated,-0.122,0.0,0.0
12,12,KNN,ball_tree,15,uncalibrated,-0.12,0.0,0.0
12,12,KNN,ball_tree,15,uncalibrated,-0.118,0.0,0.0
12,12,KNN,ball_tree,15,uncalibrated,-0.116,0.0,0.0
12,12,KNN,ball_tree,15,uncalibrated,-0.114,0.0,0.0
12,12,KNN,ball_tree,15,uncalibrated,-0.112,0.0,0.0
12,12,KNN,ball_tree,15,uncalibrated,-0.11,0.0,0.0
12,12,KNN,ball_tree,15,uncalibrated,-0.108,0.0,0.0
12,12,KNN,ball_tree,17,uncalibrated,-0.128,0.0,0.0
12,12,KNN,ball_tree,17,uncalibrated,-0.126,0.0,0.0
12,12,KNN,ball_tree,17,uncalibrated,-0.124,0.0,0.0
12,12,KNN,ball_tree,17,uncalibrated,-0.122,0.0,0.0
12,12,KNN,ball_tree,17,uncalibrated,-0.12,0.0,0.0
12,12,KNN,ball_tree,17,uncalibrated,-0.118,0.0,0.0
12,12,KNN,ball_tree,17,uncalibrated,-0.116,0.0,0.0
12,12,KNN,ball_tree,17,uncalibrated,-0.114,0.0,0.0
12,12,KNN,ball_tree,17,uncalibrated,-0.112,0.0,0.0
12,12,KNN,ball_tree,17,uncalibrated,-0.11,0.0,0.0
12,12,KNN,ball_tree,17,uncalibrated,-0.108,0.0,0.0
12,12,KNN,ball_tree,19,uncalibrated,-0.128,0.0,0.0
12,12,KNN,ball_tree,19,uncalibrated,-0.126,0.0,0.0
12,12,KNN,ball_tree,19,uncalibrated,-0.124,0.0,0.0
12,12,KNN,ball_tree,19,uncalibrated,-0.122,0.0,0.0
12,12,KNN,ball_tree,19,uncalibrated,-0.12,0.0,0.0
12,12,KNN,ball_tree,19,uncalibrated,-0.118,0.0,0.0
12,12,KNN,ball_tree,19,uncalibrated,-0.116,0.0,0.0
12,12,KNN,ball_tree,19,uncalibrated,-0.114,0.0,0.0
12,12,KNN,ball_tree,19,uncalibrated,-0.112,1.21494872916368e-05,1.2149487291636285e-05
12,12,KNN,ball_tree,19,uncalibrated,-0.11,0.0,0.0
12,12,KNN,ball_tree,19,uncalibrated,-0.108,0.0,0.0
12,12,KNN,ball_tree,21,uncalibrated,-0.128,0.0,0.0
12,12,KNN,ball_tree,21,uncalibrated,-0.126,0.0,0.0
12,12,KNN,ball_tree,21,uncalibrated,-0.124,0.0,0.0
12,12,KNN,ball_tree,21,uncalibrated,-0.122,0.0,0.0
12,12,KNN,ball_tree,21,uncalibrated,-0.12,0.0,0.0
12,12,KNN,ball_tree,21,uncalibrated,-0.118,0.0,0.0
12,12,KNN,ball_tree,21,uncalibrated,-0.116,0.0,0.0
12,12,KNN,ball_tree,21,uncalibrated,-0.114,0.0,0.0
12,12,KNN,ball_tree,21,uncalibrated,-0.112,3.978199466921014e-05,3.9781994669212715e-05
12,12,KNN,ball_tree,21,uncalibrated,-0.11,0.0,0.0
12,12,KNN,ball_tree,21,uncalibrated,-0.108,0.0,0.0
12,12,KNN,ball_tree,23,uncalibrated,-0.128,0.0,0.0
12,12,KNN,ball_tree,23,uncalibrated,-0.126,0.0,0.0
12,12,KNN,ball_tree,23,uncalibrated,-0.124,0.0,0.0
12,12,KNN,ball_tree,23,uncalibrated,-0.122,0.0,0.0
12,12,KNN,ball_tree,23,uncalibrated,-0.12,0.0,0.0
12,12,KNN,ball_tree,23,uncalibrated,-0.118,0.0,0.0
12,12,KNN,ball_tree,23,uncalibrated,-0.116,0.0,0.0
12,12,KNN,ball_tree,23,uncalibrated,-0.114,0.0,0.0
12,12,KNN,ball_tree,23,uncalibrated,-0.112,7.46194408516545e-05,7.461944085165657e-05
12,12,KNN,ball_tree,23,uncalibrated,-0.11,0.0,0.0
12,12,KNN,ball_tree,23,uncalibrated,-0.108,0.0,0.0
12,12,KNN,ball_tree,25,uncalibrated,-0.128,0.0,0.0
12,12,KNN,ball_tree,25,uncalibrated,-0.126,0.0,0.0
12,12,KNN,ball_tree,25,uncalibrated,-0.124,0.0,0.0
12,12,KNN,ball_tree,25,uncalibrated,-0.122,0.0,0.0
12,12,KNN,ball_tree,25,uncalibrated,-0.12,0.0,0.0
12,12,KNN,ball_tree,25,uncalibrated,-0.118,0.0,0.0
12,12,KNN,ball_tree,25,uncalibrated,-0.116,0.0,0.0
12,12,KNN,ball_tree,25,uncalibrated,-0.114,0.0,0.0
12,12,KNN,ball_tree,25,uncalibrated,-0.112,0.00017543859649124034,0.00017543859649122795
12,12,KNN,ball_tree,25,uncalibrated,-0.11,0.0,0.0
12,12,KNN,ball_tree,25,uncalibrated,-0.108,0.0,0.0
12,12,KNN,ball_tree,27,uncalibrated,-0.128,0.0,0.0
12,12,KNN,ball_tree,27,uncalibrated,-0.126,0.0,0.0
12,12,KNN,ball_tree,27,uncalibrated,-0.124,0.0,0.0
12,12,KNN,ball_tree,27,uncalibrated,-0.122,0.0,0.0
12,12,KNN,ball_tree,27,uncalibrated,-0.12,0.0,0.0
12,12,KNN,ball_tree,27,uncalibrated,-0.118,0.0,0.0
12,12,KNN,ball_tree,27,uncalibrated,-0.116,0.0,0.0
12,12,KNN,ball_tree,27,uncalibrated,-0.114,0.0,0.0
12,12,KNN,ball_tree,27,uncalibrated,-0.112,0.0002948042259283406,0.0002948042259283325
12,12,KNN,ball_tree,27,uncalibrated,-0.11,0.0,0.0
12,12,KNN,ball_tree,27,uncalibrated,-0.108,0.0,0.0
12,12,KNN,ball_tree,29,uncalibrated,-0.128,0.0,0.0
12,12,KNN,ball_tree,29,uncalibrated,-0.126,0.0,0.0
12,12,KNN,ball_tree,29,uncalibrated,-0.124,0.0,0.0
12,12,KNN,ball_tree,29,uncalibrated,-0.122,0.0,0.0
12,12,KNN,ball_tree,29,uncalibrated,-0.12,0.0,0.0
12,12,KNN,ball_tree,29,uncalibrated,-0.118,0.0,0.0
12,12,KNN,ball_tree,29,uncalibrated,-0.116,0.0,0.0
12,12,KNN,ball_tree,29,uncalibrated,-0.114,0.0,0.0
12,12,KNN,ball_tree,29,uncalibrated,-0.112,0.00042242943863821266,0.0004224294386382126
12,12,KNN,ball_tree,29,uncalibrated,-0.11,0.0,0.0
12,12,KNN,ball_tree,29,uncalibrated,-0.108,0.0,0.0
12,12,KNN,ball_tree,31,uncalibrated,-0.128,0.0,0.0
12,12,KNN,ball_tree,31,uncalibrated,-0.126,0.0,0.0
12,12,KNN,ball_tree,31,uncalibrated,-0.124,0.0,0.0
12,12,KNN,ball_tree,31,uncalibrated,-0.122,0.0,0.0
12,12,KNN,ball_tree,31,uncalibrated,-0.12,0.0,0.0
12,12,KNN,ball_tree,31,uncalibrated,-0.118,0.0,0.0
12,12,KNN,ball_tree,31,uncalibrated,-0.116,0.0,0.0
12,12,KNN,ball_tree,31,uncalibrated,-0.114,0.0,0.0
12,12,KNN,ball_tree,31,uncalibrated,-0.112,0.000552239078445382,0.0005522390784453326
12,12,KNN,ball_tree,31,uncalibrated,-0.11,0.0,0.0
12,12,KNN,ball_tree,31,uncalibrated,-0.108,0.0,0.0
12,12,KNN,ball_tree,33,uncalibrated,-0.128,0.0,0.0
12,12,KNN,ball_tree,33,uncalibrated,-0.126,0.0,0.0
12,12,KNN,ball_tree,33,uncalibrated,-0.124,0.0,0.0
12,12,KNN,ball_tree,33,uncalibrated,-0.122,0.0,0.0
12,12,KNN,ball_tree,33,uncalibrated,-0.12,0.0,0.0
12,12,KNN,ball_tree,33,uncalibrated,-0.118,0.0,0.0
12,12,KNN,ball_tree,33,uncalibrated,-0.116,0.0,0.0
12,12,KNN,ball_tree,33,uncalibrated,-0.114,0.0,0.0
12,12,KNN,ball_tree,33,uncalibrated,-0.112,0.0006806502021812942,0.0006806502021813022
12,12,KNN,ball_tree,33,uncalibrated,-0.11,0.0,0.0
12,12,KNN,ball_tree,33,uncalibrated,-0.108,0.0,0.0
12,12,KNN,ball_tree,35,uncalibrated,-0.128,0.0,0.0
12,12,KNN,ball_tree,35,uncalibrated,-0.126,0.0,0.0
12,12,KNN,ball_tree,35,uncalibrated,-0.124,0.0,0.0
12,12,KNN,ball_tree,35,uncalibrated,-0.122,0.0,0.0
12,12,KNN,ball_tree,35,uncalibrated,-0.12,0.0,0.0
12,12,KNN,ball_tree,35,uncalibrated,-0.118,0.0,0.0
12,12,KNN,ball_tree,35,uncalibrated,-0.116,0.0,0.0
12,12,KNN,ball_tree,35,uncalibrated,-0.114,0.0,0.0
12,12,KNN,ball_tree,35,uncalibrated,-0.112,0.0008086883688587835,0.0008050705027893105
12,12,KNN,ball_tree,35,uncalibrated,-0.11,0.0,0.0
12,12,KNN,ball_tree,35,uncalibrated,-0.108,0.0,0.0
12,12,KNN,ball_tree,37,uncalibrated,-0.128,0.0,0.0
12,12,KNN,ball_tree,37,uncalibrated,-0.126,0.0,0.0
12,12,KNN,ball_tree,37,uncalibrated,-0.124,0.0,0.0
12,12,KNN,ball_tree,37,uncalibrated,-0.122,0.0,0.0
12,12,KNN,ball_tree,37,uncalibrated,-0.12,0.0,0.0
12,12,KNN,ball_tree,37,uncalibrated,-0.118,0.0,0.0
12,12,KNN,ball_tree,37,uncalibrated,-0.116,0.0,0.0
12,12,KNN,ball_tree,37,uncalibrated,-0.114,0.0,0.0
12,12,KNN,ball_tree,37,uncalibrated,-0.112,0.0009313297105820457,0.000924861468732353
12,12,KNN,ball_tree,37,uncalibrated,-0.11,0.0,0.0
12,12,KNN,ball_tree,37,uncalibrated,-0.108,0.0,0.0
12,12,KNN,ball_tree,39,uncalibrated,-0.128,0.0,0.0
12,12,KNN,ball_tree,39,uncalibrated,-0.126,0.0,0.0
12,12,KNN,ball_tree,39,uncalibrated,-0.124,0.0,0.0
12,12,KNN,ball_tree,39,uncalibrated,-0.122,0.0,0.0
12,12,KNN,ball_tree,39,uncalibrated,-0.12,0.0,0.0
12,12,KNN,ball_tree,39,uncalibrated,-0.118,0.0,0.0
12,12,KNN,ball_tree,39,uncalibrated,-0.116,0.0,0.0
12,12,KNN,ball_tree,39,uncalibrated,-0.114,0.0,0.0
12,12,KNN,ball_tree,39,uncalibrated,-0.112,0.0010760342293809815,0.0010386566873303875
12,12,KNN,ball_tree,39,uncalibrated,-0.11,0.0,0.0
12,12,KNN,ball_tree,39,uncalibrated,-0.108,0.0,0.0
12,12,KNN,ball_tree,41,uncalibrated,-0.128,0.0,0.0
12,12,KNN,ball_tree,41,uncalibrated,-0.126,0.0,0.0
12,12,KNN,ball_tree,41,uncalibrated,-0.124,0.0,0.0
12,12,KNN,ball_tree,41,uncalibrated,-0.122,0.0,0.0
12,12,KNN,ball_tree,41,uncalibrated,-0.12,0.0,0.0
12,12,KNN,ball_tree,41,uncalibrated,-0.118,0.0,0.0
12,12,KNN,ball_tree,41,uncalibrated,-0.116,0.0,0.0
12,12,KNN,ball_tree,41,uncalibrated,-0.114,0.0,0.0
12,12,KNN,ball_tree,41,uncalibrated,-0.112,0.0012532241684121053,0.0011494099309815162
12,12,KNN,ball_tree,41,uncalibrated,-0.11,0.0,0.0
12,12,KNN,ball_tree,41,uncalibrated,-0.108,0.0,0.0
12,12,KNN,ball_tree,43,uncalibrated,-0.128,0.0,0.0
12,12,KNN,ball_tree,43,uncalibrated,-0.126,0.0,0.0
12,12,KNN,ball_tree,43,uncalibrated,-0.124,0.0,0.0
12,12,KNN,ball_tree,43,uncalibrated,-0.122,0.0,0.0
12,12,KNN,ball_tree,43,uncalibrated,-0.12,0.0,0.0
12,12,KNN,ball_tree,43,uncalibrated,-0.118,0.0,0.0
12,12,KNN,ball_tree,43,uncalibrated,-0.116,0.0,0.0
12,12,KNN,ball_tree,43,uncalibrated,-0.114,0.0,0.0
12,12,KNN,ball_tree,43,uncalibrated,-0.112,0.0012871205732326297,0.0012814026197397626
12,12,KNN,ball_tree,43,uncalibrated,-0.11,0.0,0.0
12,12,KNN,ball_tree,43,uncalibrated,-0.108,0.0,0.0
12,12,KNN,ball_tree,45,uncalibrated,-0.128,0.0,0.0
12,12,KNN,ball_tree,45,uncalibrated,-0.126,0.0,0.0
12,12,KNN,ball_tree,45,uncalibrated,-0.124,0.0,0.0
12,12,KNN,ball_tree,45,uncalibrated,-0.122,0.0,0.0
12,12,KNN,ball_tree,45,uncalibrated,-0.12,0.0,0.0
12,12,KNN,ball_tree,45,uncalibrated,-0.118,0.0,0.0
12,12,KNN,ball_tree,45,uncalibrated,-0.116,0.0,0.0
12,12,KNN,ball_tree,45,uncalibrated,-0.114,0.0,0.0
12,12,KNN,ball_tree,45,uncalibrated,-0.112,0.0014738547405118477,0.0014662452687098297
12,12,KNN,ball_tree,45,uncalibrated,-0.11,0.0,0.0
12,12,KNN,ball_tree,45,uncalibrated,-0.108,0.0,0.0
12,12,KNN,ball_tree,47,uncalibrated,-0.128,0.0,0.0
12,12,KNN,ball_tree,47,uncalibrated,-0.126,0.0,0.0
12,12,KNN,ball_tree,47,uncalibrated,-0.124,0.0,0.0
12,12,KNN,ball_tree,47,uncalibrated,-0.122,0.0,0.0
12,12,KNN,ball_tree,47,uncalibrated,-0.12,0.0,0.0
12,12,KNN,ball_tree,47,uncalibrated,-0.118,0.0,0.0
12,12,KNN,ball_tree,47,uncalibrated,-0.116,0.0,0.0
12,12,KNN,ball_tree,47,uncalibrated,-0.114,0.0,0.0
12,12,KNN,ball_tree,47,uncalibrated,-0.112,0.0016669315976047044,0.0016574295740281006
12,12,KNN,ball_tree,47,uncalibrated,-0.11,0.0,0.0
12,12,KNN,ball_tree,47,uncalibrated,-0.108,0.0,0.0
12,12,KNN,ball_tree,49,uncalibrated,-0.128,0.0,0.0
12,12,KNN,ball_tree,49,uncalibrated,-0.126,0.0,0.0
12,12,KNN,ball_tree,49,uncalibrated,-0.124,0.0,0.0
12,12,KNN,ball_tree,49,uncalibrated,-0.122,0.0,0.0
12,12,KNN,ball_tree,49,uncalibrated,-0.12,0.0,0.0
12,12,KNN,ball_tree,49,uncalibrated,-0.118,0.0,0.0
12,12,KNN,ball_tree,49,uncalibrated,-0.116,0.0,0.0
12,12,KNN,ball_tree,49,uncalibrated,-0.114,0.0,0.0
12,12,KNN,ball_tree,49,uncalibrated,-0.112,0.0018629629690230355,0.001851586515439747
12,12,KNN,ball_tree,49,uncalibrated,-0.11,0.0,0.0
12,12,KNN,ball_tree,49,uncalibrated,-0.108,0.0,0.0
12,12,KNN,ball_tree,51,uncalibrated,-0.128,0.0,0.0
12,12,KNN,ball_tree,51,uncalibrated,-0.126,0.0,0.0
12,12,KNN,ball_tree,51,uncalibrated,-0.124,0.0,0.0
12,12,KNN,ball_tree,51,uncalibrated,-0.122,0.0,0.0
12,12,KNN,ball_tree,51,uncalibrated,-0.12,0.0,0.0
12,12,KNN,ball_tree,51,uncalibrated,-0.118,0.0,0.0
12,12,KNN,ball_tree,51,uncalibrated,-0.116,0.0,0.0
12,12,KNN,ball_tree,51,uncalibrated,-0.114,0.0,0.0
12,12,KNN,ball_tree,51,uncalibrated,-0.112,0.00205948574320751,0.002046266264039093
12,12,KNN,ball_tree,51,uncalibrated,-0.11,0.0,0.0
12,12,KNN,ball_tree,51,uncalibrated,-0.108,0.0,0.0
12,12,KNN,ball_tree,61,uncalibrated,-0.128,0.0,0.0
12,12,KNN,ball_tree,61,uncalibrated,-0.126,0.0,0.0
12,12,KNN,ball_tree,61,uncalibrated,-0.124,0.0,0.0
12,12,KNN,ball_tree,61,uncalibrated,-0.122,0.0,0.0
12,12,KNN,ball_tree,61,uncalibrated,-0.12,0.0,0.0
12,12,KNN,ball_tree,61,uncalibrated,-0.118,0.0,0.0
12,12,KNN,ball_tree,61,uncalibrated,-0.116,0.0,0.0
12,12,KNN,ball_tree,61,uncalibrated,-0.114,1.5996723870951225e-05,1.599672387095124e-05
12,12,KNN,ball_tree,61,uncalibrated,-0.112,0.003002111304627645,0.0029803724048699993
12,12,KNN,ball_tree,61,uncalibrated,-0.11,0.0,0.0
12,12,KNN,ball_tree,61,uncalibrated,-0.108,0.0,0.0
12,12,KNN,ball_tree,81,uncalibrated,-0.128,0.0,0.0
12,12,KNN,ball_tree,81,uncalibrated,-0.126,0.0,0.0
12,12,KNN,ball_tree,81,uncalibrated,-0.124,0.0,0.0
12,12,KNN,ball_tree,81,uncalibrated,-0.122,0.0,0.0
12,12,KNN,ball_tree,81,uncalibrated,-0.12,0.0,0.0
12,12,KNN,ball_tree,81,uncalibrated,-0.118,0.0,0.0
12,12,KNN,ball_tree,81,uncalibrated,-0.116,0.0,0.0
12,12,KNN,ball_tree,81,uncalibrated,-0.114,0.00017596547182077764,0.00017559887695578247
12,12,KNN,ball_tree,81,uncalibrated,-0.112,0.0044863594222479914,0.004451139837243998
12,12,KNN,ball_tree,81,uncalibrated,-0.11,0.0,0.0
12,12,KNN,ball_tree,81,uncalibrated,-0.108,0.0,0.0
12,12,KNN,ball_tree,101,uncalibrated,-0.128,0.0,0.0
12,12,KNN,ball_tree,101,uncalibrated,-0.126,0.0,0.0
12,12,KNN,ball_tree,101,uncalibrated,-0.124,0.0,0.0
12,12,KNN,ball_tree,101,uncalibrated,-0.122,0.0,0.0
12,12,KNN,ball_tree,101,uncalibrated,-0.12,0.0,0.0
12,12,KNN,ball_tree,101,uncalibrated,-0.118,0.0,0.0
12,12,KNN,ball_tree,101,uncalibrated,-0.116,0.0,0.0
12,12,KNN,ball_tree,101,uncalibrated,-0.114,0.00041873600058399613,0.00037494579832321283
12,12,KNN,ball_tree,101,uncalibrated,-0.112,0.005705133117813909,0.0056326939500554035
12,12,KNN,ball_tree,101,uncalibrated,-0.11,0.0,0.0
12,12,KNN,ball_tree,101,uncalibrated,-0.108,0.0,0.0
12,12,KNN,ball_tree,151,uncalibrated,-0.128,0.0,0.0
12,12,KNN,ball_tree,151,uncalibrated,-0.126,0.0,0.0
12,12,KNN,ball_tree,151,uncalibrated,-0.124,0.0,0.0
12,12,KNN,ball_tree,151,uncalibrated,-0.122,0.0,0.0
12,12,KNN,ball_tree,151,uncalibrated,-0.12,0.0,0.0
12,12,KNN,ball_tree,151,uncalibrated,-0.118,0.0,0.0
12,12,KNN,ball_tree,151,uncalibrated,-0.116,0.0,0.0
12,12,KNN,ball_tree,151,uncalibrated,-0.114,0.001626579541174087,0.0016059883968396395
12,12,KNN,ball_tree,151,uncalibrated,-0.112,0.008609270619819507,0.007983363697078099
12,12,KNN,ball_tree,151,uncalibrated,-0.11,6.961543736246667e-07,6.961543736246599e-07
12,12,KNN,ball_tree,151,uncalibrated,-0.108,0.00016191622329642889,0.00016172180756743892
12,12,KNN,ball_tree,201,uncalibrated,-0.128,0.0,0.0
12,12,KNN,ball_tree,201,uncalibrated,-0.126,0.0,0.0
12,12,KNN,ball_tree,201,uncalibrated,-0.124,0.0,0.0
12,12,KNN,ball_tree,201,uncalibrated,-0.122,0.0,0.0
12,12,KNN,ball_tree,201,uncalibrated,-0.12,0.0,0.0
12,12,KNN,ball_tree,201,uncalibrated,-0.118,0.0,0.0
12,12,KNN,ball_tree,201,uncalibrated,-0.116,0.0,0.0
12,12,KNN,ball_tree,201,uncalibrated,-0.114,0.003708281162532057,0.0035114125062798403
12,12,KNN,ball_tree,201,uncalibrated,-0.112,0.011577229715956936,0.01056894707747365
12,12,KNN,ball_tree,201,uncalibrated,-0.11,0.0003372962736136937,0.0003347385142904497
12,12,KNN,ball_tree,201,uncalibrated,-0.108,0.0007485842415876824,0.0007459668356344313
12,12,KNN,brute,1,uncalibrated,-0.128,0.0,0.0
12,12,KNN,brute,1,uncalibrated,-0.126,0.0,0.0
12,12,KNN,brute,1,uncalibrated,-0.124,0.0,0.0
12,12,KNN,brute,1,uncalibrated,-0.122,0.0,0.0
12,12,KNN,brute,1,uncalibrated,-0.12,0.0,0.0
12,12,KNN,brute,1,uncalibrated,-0.118,0.0,0.0
12,12,KNN,brute,1,uncalibrated,-0.116,0.0,0.0
12,12,KNN,brute,1,uncalibrated,-0.114,0.0,0.0
12,12,KNN,brute,1,uncalibrated,-0.112,0.0,0.0
12,12,KNN,brute,1,uncalibrated,-0.11,0.0,0.0
12,12,KNN,brute,1,uncalibrated,-0.108,0.0,0.0
12,12,KNN,brute,3,uncalibrated,-0.128,0.0,0.0
12,12,KNN,brute,3,uncalibrated,-0.126,0.0,0.0
12,12,KNN,brute,3,uncalibrated,-0.124,0.0,0.0
12,12,KNN,brute,3,uncalibrated,-0.122,0.0,0.0
12,12,KNN,brute,3,uncalibrated,-0.12,0.0,0.0
12,12,KNN,brute,3,uncalibrated,-0.118,0.0,0.0
12,12,KNN,brute,3,uncalibrated,-0.116,0.0,0.0
12,12,KNN,brute,3,uncalibrated,-0.114,0.0,0.0
12,12,KNN,brute,3,uncalibrated,-0.112,0.0,0.0
12,12,KNN,brute,3,uncalibrated,-0.11,0.0,0.0
12,12,KNN,brute,3,uncalibrated,-0.108,0.0,0.0
12,12,KNN,brute,5,uncalibrated,-0.128,0.0,0.0
12,12,KNN,brute,5,uncalibrated,-0.126,0.0,0.0
12,12,KNN,brute,5,uncalibrated,-0.124,0.0,0.0
12,12,KNN,brute,5,uncalibrated,-0.122,0.0,0.0
12,12,KNN,brute,5,uncalibrated,-0.12,0.0,0.0
12,12,KNN,brute,5,uncalibrated,-0.118,0.0,0.0
12,12,KNN,brute,5,uncalibrated,-0.116,0.0,0.0
12,12,KNN,brute,5,uncalibrated,-0.114,0.0,0.0
12,12,KNN,brute,5,uncalibrated,-0.112,0.0,0.0
12,12,KNN,brute,5,uncalibrated,-0.11,0.0,0.0
12,12,KNN,brute,5,uncalibrated,-0.108,0.0,0.0
12,12,KNN,brute,7,uncalibrated,-0.128,0.0,0.0
12,12,KNN,brute,7,uncalibrated,-0.126,0.0,0.0
12,12,KNN,brute,7,uncalibrated,-0.124,0.0,0.0
12,12,KNN,brute,7,uncalibrated,-0.122,0.0,0.0
12,12,KNN,brute,7,uncalibrated,-0.12,0.0,0.0
12,12,KNN,brute,7,uncalibrated,-0.118,0.0,0.0
12,12,KNN,brute,7,uncalibrated,-0.116,0.0,0.0
12,12,KNN,brute,7,uncalibrated,-0.114,0.0,0.0
12,12,KNN,brute,7,uncalibrated,-0.112,0.0,0.0
12,12,KNN,brute,7,uncalibrated,-0.11,0.0,0.0
12,12,KNN,brute,7,uncalibrated,-0.108,0.0,0.0
12,12,KNN,brute,9,uncalibrated,-0.128,0.0,0.0
12,12,KNN,brute,9,uncalibrated,-0.126,0.0,0.0
12,12,KNN,brute,9,uncalibrated,-0.124,0.0,0.0
12,12,KNN,brute,9,uncalibrated,-0.122,0.0,0.0
12,12,KNN,brute,9,uncalibrated,-0.12,0.0,0.0
12,12,KNN,brute,9,uncalibrated,-0.118,0.0,0.0
12,12,KNN,brute,9,uncalibrated,-0.116,0.0,0.0
12,12,KNN,brute,9,uncalibrated,-0.114,0.0,0.0
12,12,KNN,brute,9,uncalibrated,-0.112,0.0,0.0
12,12,KNN,brute,9,uncalibrated,-0.11,0.0,0.0
12,12,KNN,brute,9,uncalibrated,-0.108,0.0,0.0
12,12,KNN,brute,11,uncalibrated,-0.128,0.0,0.0
12,12,KNN,brute,11,uncalibrated,-0.126,0.0,0.0
12,12,KNN,brute,11,uncalibrated,-0.124,0.0,0.0
12,12,KNN,brute,11,uncalibrated,-0.122,0.0,0.0
12,12,KNN,brute,11,uncalibrated,-0.12,0.0,0.0
12,12,KNN,brute,11,uncalibrated,-0.118,0.0,0.0
12,12,KNN,brute,11,uncalibrated,-0.116,0.0,0.0
12,12,KNN,brute,11,uncalibrated,-0.114,0.0,0.0
12,12,KNN,brute,11,uncalibrated,-0.112,0.0,0.0
12,12,KNN,brute,11,uncalibrated,-0.11,0.0,0.0
12,12,KNN,brute,11,uncalibrated,-0.108,0.0,0.0
12,12,KNN,brute,13,uncalibrated,-0.128,0.0,0.0
12,12,KNN,brute,13,uncalibrated,-0.126,0.0,0.0
12,12,KNN,brute,13,uncalibrated,-0.124,0.0,0.0
12,12,KNN,brute,13,uncalibrated,-0.122,0.0,0.0
12,12,KNN,brute,13,uncalibrated,-0.12,0.0,0.0
12,12,KNN,brute,13,uncalibrated,-0.118,0.0,0.0
12,12,KNN,brute,13,uncalibrated,-0.116,0.0,0.0
12,12,KNN,brute,13,uncalibrated,-0.114,0.0,0.0
12,12,KNN,brute,13,uncalibrated,-0.112,0.0,0.0
12,12,KNN,brute,13,uncalibrated,-0.11,0.0,0.0
12,12,KNN,brute,13,uncalibrated,-0.108,0.0,0.0
12,12,KNN,brute,15,uncalibrated,-0.128,0.0,0.0
12,12,KNN,brute,15,uncalibrated,-0.126,0.0,0.0
12,12,KNN,brute,15,uncalibrated,-0.124,0.0,0.0
12,12,KNN,brute,15,uncalibrated,-0.122,0.0,0.0
12,12,KNN,brute,15,uncalibrated,-0.12,0.0,0.0
12,12,KNN,brute,15,uncalibrated,-0.118,0.0,0.0
12,12,KNN,brute,15,uncalibrated,-0.116,0.0,0.0
12,12,KNN,brute,15,uncalibrated,-0.114,0.0,0.0
12,12,KNN,brute,15,uncalibrated,-0.112,0.0,0.0
12,12,KNN,brute,15,uncalibrated,-0.11,0.0,0.0
12,12,KNN,brute,15,uncalibrated,-0.108,0.0,0.0
12,12,KNN,brute,17,uncalibrated,-0.128,0.0,0.0
12,12,KNN,brute,17,uncalibrated,-0.126,0.0,0.0
12,12,KNN,brute,17,uncalibrated,-0.124,0.0,0.0
12,12,KNN,brute,17,uncalibrated,-0.122,0.0,0.0
12,12,KNN,brute,17,uncalibrated,-0.12,0.0,0.0
12,12,KNN,brute,17,uncalibrated,-0.118,0.0,0.0
12,12,KNN,brute,17,uncalibrated,-0.116,0.0,0.0
12,12,KNN,brute,17,uncalibrated,-0.114,0.0,0.0
12,12,KNN,brute,17,uncalibrated,-0.112,0.0,0.0
12,12,KNN,brute,17,uncalibrated,-0.11,0.0,0.0
12,12,KNN,brute,17,uncalibrated,-0.108,0.0,0.0
12,12,KNN,brute,19,uncalibrated,-0.128,0.0,0.0
12,12,KNN,brute,19,uncalibrated,-0.126,0.0,0.0
12,12,KNN,brute,19,uncalibrated,-0.124,0.0,0.0
12,12,KNN,brute,19,uncalibrated,-0.122,0.0,0.0
12,12,KNN,brute,19,uncalibrated,-0.12,0.0,0.0
12,12,KNN,brute,19,uncalibrated,-0.118,0.0,0.0
12,12,KNN,brute,19,uncalibrated,-0.116,0.0,0.0
12,12,KNN,brute,19,uncalibrated,-0.114,0.0,0.0
12,12,KNN,brute,19,uncalibrated,-0.112,1.21494872916368e-05,1.2149487291636285e-05
12,12,KNN,brute,19,uncalibrated,-0.11,0.0,0.0
12,12,KNN,brute,19,uncalibrated,-0.108,0.0,0.0
12,12,KNN,brute,21,uncalibrated,-0.128,0.0,0.0
12,12,KNN,brute,21,uncalibrated,-0.126,0.0,0.0
12,12,KNN,brute,21,uncalibrated,-0.124,0.0,0.0
12,12,KNN,brute,21,uncalibrated,-0.122,0.0,0.0
12,12,KNN,brute,21,uncalibrated,-0.12,0.0,0.0
12,12,KNN,brute,21,uncalibrated,-0.118,0.0,0.0
12,12,KNN,brute,21,uncalibrated,-0.116,0.0,0.0
12,12,KNN,brute,21,uncalibrated,-0.114,0.0,0.0
12,12,KNN,brute,21,uncalibrated,-0.112,3.978199466921014e-05,3.9781994669212715e-05
12,12,KNN,brute,21,uncalibrated,-0.11,0.0,0.0
12,12,KNN,brute,21,uncalibrated,-0.108,0.0,0.0
12,12,KNN,brute,23,uncalibrated,-0.128,0.0,0.0
12,12,KNN,brute,23,uncalibrated,-0.126,0.0,0.0
12,12,KNN,brute,23,uncalibrated,-0.124,0.0,0.0
12,12,KNN,brute,23,uncalibrated,-0.122,0.0,0.0
12,12,KNN,brute,23,uncalibrated,-0.12,0.0,0.0
12,12,KNN,brute,23,uncalibrated,-0.118,0.0,0.0
12,12,KNN,brute,23,uncalibrated,-0.116,0.0,0.0
12,12,KNN,brute,23,uncalibrated,-0.114,0.0,0.0
12,12,KNN,brute,23,uncalibrated,-0.112,7.46194408516545e-05,7.461944085165657e-05
12,12,KNN,brute,23,uncalibrated,-0.11,0.0,0.0
12,12,KNN,brute,23,uncalibrated,-0.108,0.0,0.0
12,12,KNN,brute,25,uncalibrated,-0.128,0.0,0.0
12,12,KNN,brute,25,uncalibrated,-0.126,0.0,0.0
12,12,KNN,brute,25,uncalibrated,-0.124,0.0,0.0
12,12,KNN,brute,25,uncalibrated,-0.122,0.0,0.0
12,12,KNN,brute,25,uncalibrated,-0.12,0.0,0.0
12,12,KNN,brute,25,uncalibrated,-0.118,0.0,0.0
12,12,KNN,brute,25,uncalibrated,-0.116,0.0,0.0
12,12,KNN,brute,25,uncalibrated,-0.114,0.0,0.0
12,12,KNN,brute,25,uncalibrated,-0.112,0.00017543859649124034,0.00017543859649122795
12,12,KNN,brute,25,uncalibrated,-0.11,0.0,0.0
12,12,KNN,brute,25,uncalibrated,-0.108,0.0,0.0
12,12,KNN,brute,27,uncalibrated,-0.128,0.0,0.0
12,12,KNN,brute,27,uncalibrated,-0.126,0.0,0.0
12,12,KNN,brute,27,uncalibrated,-0.124,0.0,0.0
12,12,KNN,brute,27,uncalibrated,-0.122,0.0,0.0
12,12,KNN,brute,27,uncalibrated,-0.12,0.0,0.0
12,12,KNN,brute,27,uncalibrated,-0.118,0.0,0.0
12,12,KNN,brute,27,uncalibrated,-0.116,0.0,0.0
12,12,KNN,brute,27,uncalibrated,-0.114,0.0,0.0
12,12,KNN,brute,27,uncalibrated,-0.112,0.0002948042259283406,0.0002948042259283325
12,12,KNN,brute,27,uncalibrated,-0.11,0.0,0.0
12,12,KNN,brute,27,uncalibrated,-0.108,0.0,0.0
12,12,KNN,brute,29,uncalibrated,-0.128,0.0,0.0
12,12,KNN,brute,29,uncalibrated,-0.126,0.0,0.0
12,12,KNN,brute,29,uncalibrated,-0.124,0.0,0.0
12,12,KNN,brute,29,uncalibrated,-0.122,0.0,0.0
12,12,KNN,brute,29,uncalibrated,-0.12,0.0,0.0
12,12,KNN,brute,29,uncalibrated,-0.118,0.0,0.0
12,12,KNN,brute,29,uncalibrated,-0.116,0.0,0.0
12,12,KNN,brute,29,uncalibrated,-0.114,0.0,0.0
12,12,KNN,brute,29,uncalibrated,-0.112,0.00042242943863821266,0.0004224294386382126
12,12,KNN,brute,29,uncalibrated,-0.11,0.0,0.0
12,12,KNN,brute,29,uncalibrated,-0.108,0.0,0.0
12,12,KNN,brute,31,uncalibrated,-0.128,0.0,0.0
12,12,KNN,brute,31,uncalibrated,-0.126,0.0,0.0
12,12,KNN,brute,31,uncalibrated,-0.124,0.0,0.0
12,12,KNN,brute,31,uncalibrated,-0.122,0.0,0.0
12,12,KNN,brute,31,uncalibrated,-0.12,0.0,0.0
12,12,KNN,brute,31,uncalibrated,-0.118,0.0,0.0
12,12,KNN,brute,31,uncalibrated,-0.116,0.0,0.0
12,12,KNN,brute,31,uncalibrated,-0.114,0.0,0.0
12,12,KNN,brute,31,uncalibrated,-0.112,0.000552239078445382,0.0005522390784453326
12,12,KNN,brute,31,uncalibrated,-0.11,0.0,0.0
12,12,KNN,brute,31,uncalibrated,-0.108,0.0,0.0
12,12,KNN,brute,33,uncalibrated,-0.128,0.0,0.0
12,12,KNN,brute,33,uncalibrated,-0.126,0.0,0.0
12,12,KNN,brute,33,uncalibrated,-0.124,0.0,0.0
12,12,KNN,brute,33,uncalibrated,-0.122,0.0,0.0
12,12,KNN,brute,33,uncalibrated,-0.12,0.0,0.0
12,12,KNN,brute,33,uncalibrated,-0.118,0.0,0.0
12,12,KNN,brute,33,uncalibrated,-0.116,0.0,0.0
12,12,KNN,brute,33,uncalibrated,-0.114,0.0,0.0
12,12,KNN,brute,33,uncalibrated,-0.112,0.0006806502021812942,0.0006806502021813022
12,12,KNN,brute,33,uncalibrated,-0.11,0.0,0.0
12,12,KNN,brute,33,uncalibrated,-0.108,0.0,0.0
12,12,KNN,brute,35,uncalibrated,-0.128,0.0,0.0
12,12,KNN,brute,35,uncalibrated,-0.126,0.0,0.0
12,12,KNN,brute,35,uncalibrated,-0.124,0.0,0.0
12,12,KNN,brute,35,uncalibrated,-0.122,0.0,0.0
12,12,KNN,brute,35,uncalibrated,-0.12,0.0,0.0
12,12,KNN,brute,35,uncalibrated,-0.118,0.0,0.0
12,12,KNN,brute,35,uncalibrated,-0.116,0.0,0.0
12,12,KNN,brute,35,uncalibrated,-0.114,0.0,0.0
12,12,KNN,brute,35,uncalibrated,-0.112,0.0008086883688587835,0.0008050705027893105
12,12,KNN,brute,35,uncalibrated,-0.11,0.0,0.0
12,12,KNN,brute,35,uncalibrated,-0.108,0.0,0.0
12,12,KNN,brute,37,uncalibrated,-0.128,0.0,0.0
12,12,KNN,brute,37,uncalibrated,-0.126,0.0,0.0
12,12,KNN,brute,37,uncalibrated,-0.124,0.0,0.0
12,12,KNN,brute,37,uncalibrated,-0.122,0.0,0.0
12,12,KNN,brute,37,uncalibrated,-0.12,0.0,0.0
12,12,KNN,brute,37,uncalibrated,-0.118,0.0,0.0
12,12,KNN,brute,37,uncalibrated,-0.116,0.0,0.0
12,12,KNN,brute,37,uncalibrated,-0.114,0.0,0.0
12,12,KNN,brute,37,uncalibrated,-0.112,0.0009313297105820457,0.000924861468732353
12,12,KNN,brute,37,uncalibrated,-0.11,0.0,0.0
12,12,KNN,brute,37,uncalibrated,-0.108,0.0,0.0
12,12,KNN,brute,39,uncalibrated,-0.128,0.0,0.0
12,12,KNN,brute,39,uncalibrated,-0.126,0.0,0.0
12,12,KNN,brute,39,uncalibrated,-0.124,0.0,0.0
12,12,KNN,brute,39,uncalibrated,-0.122,0.0,0.0
12,12,KNN,brute,39,uncalibrated,-0.12,0.0,0.0
12,12,KNN,brute,39,uncalibrated,-0.118,0.0,0.0
12,12,KNN,brute,39,uncalibrated,-0.116,0.0,0.0
12,12,KNN,brute,39,uncalibrated,-0.114,0.0,0.0
12,12,KNN,brute,39,uncalibrated,-0.112,0.0010760342293809815,0.0010386566873303875
12,12,KNN,brute,39,uncalibrated,-0.11,0.0,0.0
12,12,KNN,brute,39,uncalibrated,-0.108,0.0,0.0
12,12,KNN,brute,41,uncalibrated,-0.128,0.0,0.0
12,12,KNN,brute,41,uncalibrated,-0.126,0.0,0.0
12,12,KNN,brute,41,uncalibrated,-0.124,0.0,0.0
12,12,KNN,brute,41,uncalibrated,-0.122,0.0,0.0
12,12,KNN,brute,41,uncalibrated,-0.12,0.0,0.0
12,12,KNN,brute,41,uncalibrated,-0.118,0.0,0.0
12,12,KNN,brute,41,uncalibrated,-0.116,0.0,0.0
12,12,KNN,brute,41,uncalibrated,-0.114,0.0,0.0
12,12,KNN,brute,41,uncalibrated,-0.112,0.0012532241684121053,0.0011494099309815162
12,12,KNN,brute,41,uncalibrated,-0.11,0.0,0.0
12,12,KNN,brute,41,uncalibrated,-0.108,0.0,0.0
12,12,KNN,brute,43,uncalibrated,-0.128,0.0,0.0
12,12,KNN,brute,43,uncalibrated,-0.126,0.0,0.0
12,12,KNN,brute,43,uncalibrated,-0.124,0.0,0.0
12,12,KNN,brute,43,uncalibrated,-0.122,0.0,0.0
12,12,KNN,brute,43,uncalibrated,-0.12,0.0,0.0
12,12,KNN,brute,43,uncalibrated,-0.118,0.0,0.0
12,12,KNN,brute,43,uncalibrated,-0.116,0.0,0.0
12,12,KNN,brute,43,uncalibrated,-0.114,0.0,0.0
12,12,KNN,brute,43,uncalibrated,-0.112,0.0012871205732326297,0.0012814026197397626
12,12,KNN,brute,43,uncalibrated,-0.11,0.0,0.0
12,12,KNN,brute,43,uncalibrated,-0.108,0.0,0.0
12,12,KNN,brute,45,uncalibrated,-0.128,0.0,0.0
12,12,KNN,brute,45,uncalibrated,-0.126,0.0,0.0
12,12,KNN,brute,45,uncalibrated,-0.124,0.0,0.0
12,12,KNN,brute,45,uncalibrated,-0.122,0.0,0.0
12,12,KNN,brute,45,uncalibrated,-0.12,0.0,0.0
12,12,KNN,brute,45,uncalibrated,-0.118,0.0,0.0
12,12,KNN,brute,45,uncalibrated,-0.116,0.0,0.0
12,12,KNN,brute,45,uncalibrated,-0.114,0.0,0.0
12,12,KNN,brute,45,uncalibrated,-0.112,0.0014738547405118477,0.0014662452687098297
12,12,KNN,brute,45,uncalibrated,-0.11,0.0,0.0
12,12,KNN,brute,45,uncalibrated,-0.108,0.0,0.0
12,12,KNN,brute,47,uncalibrated,-0.128,0.0,0.0
12,12,KNN,brute,47,uncalibrated,-0.126,0.0,0.0
12,12,KNN,brute,47,uncalibrated,-0.124,0.0,0.0
12,12,KNN,brute,47,uncalibrated,-0.122,0.0,0.0
12,12,KNN,brute,47,uncalibrated,-0.12,0.0,0.0
12,12,KNN,brute,47,uncalibrated,-0.118,0.0,0.0
12,12,KNN,brute,47,uncalibrated,-0.116,0.0,0.0
12,12,KNN,brute,47,uncalibrated,-0.114,0.0,0.0
12,12,KNN,brute,47,uncalibrated,-0.112,0.0016669315976047044,0.0016574295740281006
12,12,KNN,brute,47,uncalibrated,-0.11,0.0,0.0
12,12,KNN,brute,47,uncalibrated,-0.108,0.0,0.0
12,12,KNN,brute,49,uncalibrated,-0.128,0.0,0.0
12,12,KNN,brute,49,uncalibrated,-0.126,0.0,0.0
12,12,KNN,brute,49,uncalibrated,-0.124,0.0,0.0
12,12,KNN,brute,49,uncalibrated,-0.122,0.0,0.0
12,12,KNN,brute,49,uncalibrated,-0.12,0.0,0.0
12,12,KNN,brute,49,uncalibrated,-0.118,0.0,0.0
12,12,KNN,brute,49,uncalibrated,-0.116,0.0,0.0
12,12,KNN,brute,49,uncalibrated,-0.114,0.0,0.0
12,12,KNN,brute,49,uncalibrated,-0.112,0.0018629629690230355,0.001851586515439747
12,12,KNN,brute,49,uncalibrated,-0.11,0.0,0.0
12,12,KNN,brute,49,uncalibrated,-0.108,0.0,0.0
12,12,KNN,brute,51,uncalibrated,-0.128,0.0,0.0
12,12,KNN,brute,51,uncalibrated,-0.126,0.0,0.0
12,12,KNN,brute,51,uncalibrated,-0.124,0.0,0.0
12,12,KNN,brute,51,uncalibrated,-0.122,0.0,0.0
12,12,KNN,brute,51,uncalibrated,-0.12,0.0,0.0
12,12,KNN,brute,51,uncalibrated,-0.118,0.0,0.0
12,12,KNN,brute,51,uncalibrated,-0.116,0.0,0.0
12,12,KNN,brute,51,uncalibrated,-0.114,0.0,0.0
12,12,KNN,brute,51,uncalibrated,-0.112,0.00205948574320751,0.002046266264039093
12,12,KNN,brute,51,uncalibrated,-0.11,0.0,0.0
12,12,KNN,brute,51,uncalibrated,-0.108,0.0,0.0
12,12,KNN,brute,61,uncalibrated,-0.128,0.0,0.0
12,12,KNN,brute,61,uncalibrated,-0.126,0.0,0.0
12,12,KNN,brute,61,uncalibrated,-0.124,0.0,0.0
12,12,KNN,brute,61,uncalibrated,-0.122,0.0,0.0
12,12,KNN,brute,61,uncalibrated,-0.12,0.0,0.0
12,12,KNN,brute,61,uncalibrated,-0.118,0.0,0.0
12,12,KNN,brute,61,uncalibrated,-0.116,0.0,0.0
12,12,KNN,brute,61,uncalibrated,-0.114,1.5996723870951225e-05,1.599672387095124e-05
12,12,KNN,brute,61,uncalibrated,-0.112,0.003002111304627645,0.0029803724048699993
12,12,KNN,brute,61,uncalibrated,-0.11,0.0,0.0
12,12,KNN,brute,61,uncalibrated,-0.108,0.0,0.0
12,12,KNN,brute,81,uncalibrated,-0.128,0.0,0.0
12,12,KNN,brute,81,uncalibrated,-0.126,0.0,0.0
12,12,KNN,brute,81,uncalibrated,-0.124,0.0,0.0
12,12,KNN,brute,81,uncalibrated,-0.122,0.0,0.0
12,12,KNN,brute,81,uncalibrated,-0.12,0.0,0.0
12,12,KNN,brute,81,uncalibrated,-0.118,0.0,0.0
12,12,KNN,brute,81,uncalibrated,-0.116,0.0,0.0
12,12,KNN,brute,81,uncalibrated,-0.114,0.00017596547182077764,0.00017559887695578247
12,12,KNN,brute,81,uncalibrated,-0.112,0.0044863594222479914,0.004451139837243998
12,12,KNN,brute,81,uncalibrated,-0.11,0.0,0.0
12,12,KNN,brute,81,uncalibrated,-0.108,0.0,0.0
12,12,KNN,brute,101,uncalibrated,-0.128,0.0,0.0
12,12,KNN,brute,101,uncalibrated,-0.126,0.0,0.0
12,12,KNN,brute,101,uncalibrated,-0.124,0.0,0.0
12,12,KNN,brute,101,uncalibrated,-0.122,0.0,0.0
12,12,KNN,brute,101,uncalibrated,-0.12,0.0,0.0
12,12,KNN,brute,101,uncalibrated,-0.118,0.0,0.0
12,12,KNN,brute,101,uncalibrated,-0.116,0.0,0.0
12,12,KNN,brute,101,uncalibrated,-0.114,0.00041873600058399613,0.00037494579832321283
12,12,KNN,brute,101,uncalibrated,-0.112,0.005705133117813909,0.0056326939500554035
12,12,KNN,brute,101,uncalibrated,-0.11,0.0,0.0
12,12,KNN,brute,101,uncalibrated,-0.108,0.0,0.0
12,12,KNN,brute,151,uncalibrated,-0.128,0.0,0.0
12,12,KNN,brute,151,uncalibrated,-0.126,0.0,0.0
12,12,KNN,brute,151,uncalibrated,-0.124,0.0,0.0
12,12,KNN,brute,151,uncalibrated,-0.122,0.0,0.0
12,12,KNN,brute,151,uncalibrated,-0.12,0.0,0.0
12,12,KNN,brute,151,uncalibrated,-0.118,0.0,0.0
12,12,KNN,brute,151,uncalibrated,-0.116,0.0,0.0
12,12,KNN,brute,151,uncalibrated,-0.114,0.001626579541174087,0.0016059883968396395
12,12,KNN,brute,151,uncalibrated,-0.112,0.008609270619819507,0.007983363697078099
12,12,KNN,brute,151,uncalibrated,-0.11,6.961543736246667e-07,6.961543736246599e-07
12,12,KNN,brute,151,uncalibrated,-0.108,0.00016191622329642889,0.00016172180756743892
12,12,KNN,brute,201,uncalibrated,-0.128,0.0,0.0
12,12,KNN,brute,201,uncalibrated,-0.126,0.0,0.0
12,12,KNN,brute,201,uncalibrated,-0.124,0.0,0.0
12,12,KNN,brute,201,uncalibrated,-0.122,0.0,0.0
12,12,KNN,brute,201,uncalibrated,-0.12,0.0,0.0
12,12,KNN,brute,201,uncalibrated,-0.118,0.0,0.0
12,12,KNN,brute,201,uncalibrated,-0.116,0.0,0.0
12,12,KNN,brute,201,uncalibrated,-0.114,0.003708281162532057,0.0035114125062798403
12,12,KNN,brute,201,uncalibrated,-0.112,0.011577229715956936,0.01056894707747365
12,12,KNN,brute,201,uncalibrated,-0.11,0.0003372962736136937,0.0003347385142904497
12,12,KNN,brute,201,uncalibrated,-0.108,0.0007485842415876824,0.0007459668356344313
