feature_set,n_features,model,algorithm,n_neighbors,calibration,Delta,mean,mean_err
30,30,KNN,auto,1,uncalibrated,-0.128,1.0,0.0
30,30,KNN,auto,1,uncalibrated,-0.126,1.0,0.0
30,30,KNN,auto,1,uncalibrated,-0.124,1.0,0.0
30,30,KNN,auto,1,uncalibrated,-0.122,1.0,0.0
30,30,KNN,auto,1,uncalibrated,-0.12,1.0,0.0
30,30,KNN,auto,1,uncalibrated,-0.118,1.0,0.0
30,30,KNN,auto,1,uncalibrated,-0.116,1.0,0.0
30,30,KNN,auto,1,uncalibrated,-0.114,0.0,0.0
30,30,KNN,auto,1,uncalibrated,-0.112,0.0,0.0
30,30,KNN,auto,1,uncalibrated,-0.11,0.0,0.0
30,30,KNN,auto,1,uncalibrated,-0.108,0.0,0.0
30,30,KNN,auto,3,uncalibrated,-0.128,1.0,0.0
30,30,KNN,auto,3,uncalibrated,-0.126,1.0,0.0
30,30,KNN,auto,3,uncalibrated,-0.124,1.0,0.0
30,30,KNN,auto,3,uncalibrated,-0.122,1.0,0.0
30,30,KNN,auto,3,uncalibrated,-0.12,1.0,0.0
30,30,KNN,auto,3,uncalibrated,-0.118,1.0,0.0
30,30,KNN,auto,3,uncalibrated,-0.116,1.0,0.0
30,30,KNN,auto,3,uncalibrated,-0.114,0.0,0.0
30,30,KNN,auto,3,uncalibrated,-0.112,0.0,0.0
30,30,KNN,auto,3,uncalibrated,-0.11,0.0,0.0
30,30,KNN,auto,3,uncalibrated,-0.108,0.0,0.0
30,30,KNN,auto,5,uncalibrated,-0.128,1.0,0.0
30,30,KNN,auto,5,uncalibrated,-0.126,1.0,0.0
30,30,KNN,auto,5,uncalibrated,-0.124,1.0,0.0
30,30,KNN,auto,5,uncalibrated,-0.122,1.0,0.0
30,30,KNN,auto,5,uncalibrated,-0.12,1.0,0.0
30,30,KNN,auto,5,uncalibrated,-0.118,1.0,0.0
30,30,KNN,auto,5,uncalibrated,-0.116,1.0,0.0
30,30,KNN,auto,5,uncalibrated,-0.114,0.0,0.0
30,30,KNN,auto,5,uncalibrated,-0.112,0.0,0.0
30,30,KNN,auto,5,uncalibrated,-0.11,0.0,0.0
30,30,KNN,auto,5,uncalibrated,-0.108,0.0,0.0
30,30,KNN,auto,7,uncalibrated,-0.128,1.0,0.0
30,30,KNN,auto,7,uncalibrated,-0.126,1.0,0.0
30,30,KNN,auto,7,uncalibrated,-0.124,1.0,0.0
30,30,KNN,auto,7,uncalibrated,-0.122,1.0,0.0
30,30,KNN,auto,7,uncalibrated,-0.12,1.0,0.0
30,30,KNN,auto,7,uncalibrated,-0.118,1.0,0.0
30,30,KNN,auto,7,uncalibrated,-0.116,1.0,0.0
30,30,KNN,auto,7,uncalibrated,-0.114,0.0,0.0
30,30,KNN,auto,7,uncalibrated,-0.112,0.0,0.0
30,30,KNN,auto,7,uncalibrated,-0.11,0.0,0.0
30,30,KNN,auto,7,uncalibrated,-0.108,0.0,0.0
30,30,KNN,auto,9,uncalibrated,-0.128,1.0,0.0
30,30,KNN,auto,9,uncalibrated,-0.126,1.0,0.0
30,30,KNN,auto,9,uncalibrated,-0.124,1.0,0.0
30,30,KNN,auto,9,uncalibrated,-0.122,1.0,0.0
30,30,KNN,auto,9,uncalibrated,-0.12,1.0,0.0
30,30,KNN,auto,9,uncalibrated,-0.118,1.0,0.0
30,30,KNN,auto,9,uncalibrated,-0.116,1.0,0.0
30,30,KNN,auto,9,uncalibrated,-0.114,0.0,0.0
30,30,KNN,auto,9,uncalibrated,-0.112,0.0,0.0
30,30,KNN,auto,9,uncalibrated,-0.11,0.0,0.0
30,30,KNN,auto,9,uncalibrated,-0.108,0.0,0.0
30,30,KNN,auto,11,uncalibrated,-0.128,1.0,0.0
30,30,KNN,auto,11,uncalibrated,-0.126,1.0,0.0
30,30,KNN,auto,11,uncalibrated,-0.124,1.0,0.0
30,30,KNN,auto,11,uncalibrated,-0.122,1.0,0.0
30,30,KNN,auto,11,uncalibrated,-0.12,1.0,0.0
30,30,KNN,auto,11,uncalibrated,-0.118,1.0,0.0
30,30,KNN,auto,11,uncalibrated,-0.116,1.0,0.0
30,30,KNN,auto,11,uncalibrated,-0.114,0.0,0.0
30,30,KNN,auto,11,uncalibrated,-0.112,0.0,0.0
30,30,KNN,auto,11,uncalibrated,-0.11,0.0,0.0
30,30,KNN,auto,11,uncalibrated,-0.108,0.0,0.0
30,30,KNN,auto,13,uncalibrated,-0.128,1.0,0.0
30,30,KNN,auto,13,uncalibrated,-0.126,1.0,0.0
30,30,KNN,auto,13,uncalibrated,-0.124,1.0,0.0
30,30,KNN,auto,13,uncalibrated,-0.122,1.0,0.0
30,30,KNN,auto,13,uncalibrated,-0.12,1.0,0.0
30,30,KNN,auto,13,uncalibrated,-0.118,1.0,0.0
30,30,KNN,auto,13,uncalibrated,-0.116,1.0,0.0
30,30,KNN,auto,13,uncalibrated,-0.114,0.0,0.0
30,30,KNN,auto,13,uncalibrated,-0.112,0.0,0.0
30,30,KNN,auto,13,uncalibrated,-0.11,0.0,0.0
30,30,KNN,auto,13,uncalibrated,-0.108,0.0,0.0
30,30,KNN,auto,15,uncalibrated,-0.128,1.0,0.0
30,30,KNN,auto,15,uncalibrated,-0.126,1.0,0.0
30,30,KNN,auto,15,uncalibrated,-0.124,1.0,0.0
30,30,KNN,auto,15,uncalibrated,-0.122,1.0,0.0
30,30,KNN,auto,15,uncalibrated,-0.12,1.0,0.0
30,30,KNN,auto,15,uncalibrated,-0.118,1.0,0.0
30,30,KNN,auto,15,uncalibrated,-0.116,1.0,0.0
30,30,KNN,auto,15,uncalibrated,-0.114,0.0,0.0
30,30,KNN,auto,15,uncalibrated,-0.112,0.0,0.0
30,30,KNN,auto,15,uncalibrated,-0.11,0.0,0.0
30,30,KNN,auto,15,uncalibrated,-0.108,0.0,0.0
30,30,KNN,auto,17,uncalibrated,-0.128,1.0,0.0
30,30,KNN,auto,17,uncalibrated,-0.126,1.0,0.0
30,30,KNN,auto,17,uncalibrated,-0.124,1.0,0.0
30,30,KNN,auto,17,uncalibrated,-0.122,1.0,0.0
30,30,KNN,auto,17,uncalibrated,-0.12,1.0,0.0
30,30,KNN,auto,17,uncalibrated,-0.118,1.0,0.0
30,30,KNN,auto,17,uncalibrated,-0.116,1.0,0.0
30,30,KNN,auto,17,uncalibrated,-0.114,0.0,0.0
30,30,KNN,auto,17,uncalibrated,-0.112,0.0,0.0
30,30,KNN,auto,17,uncalibrated,-0.11,0.0,0.0
30,30,KNN,auto,17,uncalibrated,-0.108,0.0,0.0
30,30,KNN,auto,19,uncalibrated,-0.128,1.0,0.0
30,30,KNN,auto,19,uncalibrated,-0.126,1.0,0.0
30,30,KNN,auto,19,uncalibrated,-0.124,1.0,0.0
30,30,KNN,auto,19,uncalibrated,-0.122,1.0,0.0
30,30,KNN,auto,19,uncalibrated,-0.12,1.0,0.0
30,30,KNN,auto,19,uncalibrated,-0.118,1.0,0.0
30,30,KNN,auto,19,uncalibrated,-0.116,1.0,0.0
30,30,KNN,auto,19,uncalibrated,-0.114,0.0,0.0
30,30,KNN,auto,19,uncalibrated,-0.112,0.0,0.0
30,30,KNN,auto,19,uncalibrated,-0.11,0.0,0.0
30,30,KNN,auto,19,uncalibrated,-0.108,0.0,0.0
30,30,KNN,auto,21,uncalibrated,-0.128,1.0,0.0
30,30,KNN,auto,21,uncalibrated,-0.126,1.0,0.0
30,30,KNN,auto,21,uncalibrated,-0.124,1.0,0.0
30,30,KNN,auto,21,uncalibrated,-0.122,1.0,0.0
30,30,KNN,auto,21,uncalibrated,-0.12,1.0,0.0
30,30,KNN,auto,21,uncalibrated,-0.118,1.0,0.0
30,30,KNN,auto,21,uncalibrated,-0.116,1.0,0.0
30,30,KNN,auto,21,uncalibrated,-0.114,0.0,0.0
30,30,KNN,auto,21,uncalibrated,-0.112,0.0,0.0
30,30,KNN,auto,21,uncalibrated,-0.11,0.0,0.0
30,30,KNN,auto,21,uncalibrated,-0.108,0.0,0.0
30,30,KNN,auto,23,uncalibrated,-0.128,1.0,0.0
30,30,KNN,auto,23,uncalibrated,-0.126,1.0,0.0
30,30,KNN,auto,23,uncalibrated,-0.124,1.0,0.0
30,30,KNN,auto,23,uncalibrated,-0.122,1.0,0.0
30,30,KNN,auto,23,uncalibrated,-0.12,1.0,0.0
30,30,KNN,auto,23,uncalibrated,-0.118,1.0,0.0
30,30,KNN,auto,23,uncalibrated,-0.116,1.0,0.0
30,30,KNN,auto,23,uncalibrated,-0.114,0.0,0.0
30,30,KNN,auto,23,uncalibrated,-0.112,0.0,0.0
30,30,KNN,auto,23,uncalibrated,-0.11,0.0,0.0
30,30,KNN,auto,23,uncalibrated,-0.108,0.0,0.0
30,30,KNN,auto,25,uncalibrated,-0.128,1.0,0.0
30,30,KNN,auto,25,uncalibrated,-0.126,1.0,0.0
30,30,KNN,auto,25,uncalibrated,-0.124,1.0,0.0
30,30,KNN,auto,25,uncalibrated,-0.122,1.0,0.0
30,30,KNN,auto,25,uncalibrated,-0.12,1.0,0.0
30,30,KNN,auto,25,uncalibrated,-0.118,1.0,0.0
30,30,KNN,auto,25,uncalibrated,-0.116,1.0,0.0
30,30,KNN,auto,25,uncalibrated,-0.114,0.0,0.0
30,30,KNN,auto,25,uncalibrated,-0.112,0.0,0.0
30,30,KNN,auto,25,uncalibrated,-0.11,0.0,0.0
30,30,KNN,auto,25,uncalibrated,-0.108,0.0,0.0
30,30,KNN,auto,27,uncalibrated,-0.128,1.0,0.0
30,30,KNN,auto,27,uncalibrated,-0.126,1.0,0.0
30,30,KNN,auto,27,uncalibrated,-0.124,1.0,0.0
30,30,KNN,auto,27,uncalibrated,-0.122,1.0,0.0
30,30,KNN,auto,27,uncalibrated,-0.12,1.0,0.0
30,30,KNN,auto,27,uncalibrated,-0.118,1.0,0.0
30,30,KNN,auto,27,uncalibrated,-0.116,1.0,0.0
30,30,KNN,auto,27,uncalibrated,-0.114,0.0,0.0
30,30,KNN,auto,27,uncalibrated,-0.112,0.0,0.0
30,30,KNN,auto,27,uncalibrated,-0.11,0.0,0.0
30,30,KNN,auto,27,uncalibrated,-0.108,0.0,0.0
30,30,KNN,auto,29,uncalibrated,-0.128,1.0,0.0
30,30,KNN,auto,29,uncalibrated,-0.126,1.0,0.0
30,30,KNN,auto,29,uncalibrated,-0.124,1.0,0.0
30,30,KNN,auto,29,uncalibrated,-0.122,1.0,0.0
30,30,KNN,auto,29,uncalibrated,-0.12,1.0,0.0
30,30,KNN,auto,29,uncalibrated,-0.118,1.0,0.0
30,30,KNN,auto,29,uncalibrated,-0.116,1.0,0.0
30,30,KNN,auto,29,uncalibrated,-0.114,0.0,0.0
30,30,KNN,auto,29,uncalibrated,-0.112,0.0003024803387779794,0.00030248033877797935
30,30,KNN,auto,29,uncalibrated,-0.11,0.0,0.0
30,30,KNN,auto,29,uncalibrated,-0.108,0.0,0.0
30,30,KNN,auto,31,uncalibrated,-0.128,1.0,0.0
30,30,KNN,auto,31,uncalibrated,-0.126,1.0,0.0
30,30,KNN,auto,31,uncalibrated,-0.124,1.0,0.0
30,30,KNN,auto,31,uncalibrated,-0.122,1.0,0.0
30,30,KNN,auto,31,uncalibrated,-0.12,1.0,0.0
30,30,KNN,auto,31,uncalibrated,-0.118,1.0,0.0
30,30,KNN,auto,31,uncalibrated,-0.116,1.0,0.0
30,30,KNN,auto,31,uncalibrated,-0.114,0.0,0.0
30,30,KNN,auto,31,uncalibrated,-0.112,0.0005659309564233326,0.0005659309564233162
30,30,KNN,auto,31,uncalibrated,-0.11,0.0,0.0
30,30,KNN,auto,31,uncalibrated,-0.108,0.0,0.0
30,30,KNN,auto,33,uncalibrated,-0.128,1.0,0.0
30,30,KNN,auto,33,uncalibrated,-0.126,1.0,0.0
30,30,KNN,auto,33,uncalibrated,-0.124,1.0,0.0
30,30,KNN,auto,33,uncalibrated,-0.122,1.0,0.0
30,30,KNN,auto,33,uncalibrated,-0.12,1.0,0.0
30,30,KNN,auto,33,uncalibrated,-0.118,1.0,0.0
30,30,KNN,auto,33,uncalibrated,-0.116,1.0,0.0
30,30,KNN,auto,33,uncalibrated,-0.114,0.0,0.0
30,30,KNN,auto,33,uncalibrated,-0.112,0.0007974481658692266,0.0007974481658692183
30,30,KNN,auto,33,uncalibrated,-0.11,0.0,0.0
30,30,KNN,auto,33,uncalibrated,-0.108,0.0,0.0
30,30,KNN,auto,35,uncalibrated,-0.128,1.0,0.0
30,30,KNN,auto,35,uncalibrated,-0.126,1.0,0.0
30,30,KNN,auto,35,uncalibrated,-0.124,1.0,0.0
30,30,KNN,auto,35,uncalibrated,-0.122,1.0,0.0
30,30,KNN,auto,35,uncalibrated,-0.12,1.0,0.0
30,30,KNN,auto,35,uncalibrated,-0.118,1.0,0.0
30,30,KNN,auto,35,uncalibrated,-0.116,1.0,0.0
30,30,KNN,auto,35,uncalibrated,-0.114,0.0,0.0
30,30,KNN,auto,35,uncalibrated,-0.112,0.0010025062656641767,0.001002506265664161
30,30,KNN,auto,35,uncalibrated,-0.11,0.0,0.0
30,30,KNN,auto,35,uncalibrated,-0.108,0.0,0.0
30,30,KNN,auto,37,uncalibrated,-0.128,1.0,0.0
30,30,KNN,auto,37,uncalibrated,-0.126,1.0,0.0
30,30,KNN,auto,37,uncalibrated,-0.124,1.0,0.0
30,30,KNN,auto,37,uncalibrated,-0.122,1.0,0.0
30,30,KNN,auto,37,uncalibrated,-0.12,1.0,0.0
30,30,KNN,auto,37,uncalibrated,-0.118,1.0,0.0
30,30,KNN,auto,37,uncalibrated,-0.116,1.0,0.0
30,30,KNN,auto,37,uncalibrated,-0.114,0.0,0.0
30,30,KNN,auto,37,uncalibrated,-0.112,0.0011853959222380113,0.001185395922238028
30,30,KNN,auto,37,uncalibrated,-0.11,0.0,0.0
30,30,KNN,auto,37,uncalibrated,-0.108,0.0,0.0
30,30,KNN,auto,39,uncalibrated,-0.128,1.0,0.0
30,30,KNN,auto,39,uncalibrated,-0.126,1.0,0.0
30,30,KNN,auto,39,uncalibrated,-0.124,1.0,0.0
30,30,KNN,auto,39,uncalibrated,-0.122,1.0,0.0
30,30,KNN,auto,39,uncalibrated,-0.12,1.0,0.0
30,30,KNN,auto,39,uncalibrated,-0.118,1.0,0.0
30,30,KNN,auto,39,uncalibrated,-0.116,1.0,0.0
30,30,KNN,auto,39,uncalibrated,-0.114,0.0,0.0
30,30,KNN,auto,39,uncalibrated,-0.112,0.0013495276653171392,0.0013495276653171387
30,30,KNN,auto,39,uncalibrated,-0.11,0.0,0.0
30,30,KNN,auto,39,uncalibrated,-0.108,0.0,0.0
30,30,KNN,auto,41,uncalibrated,-0.128,1.0,0.0
30,30,KNN,auto,41,uncalibrated,-0.126,1.0,0.0
30,30,KNN,auto,41,uncalibrated,-0.124,1.0,0.0
30,30,KNN,auto,41,uncalibrated,-0.122,1.0,0.0
30,30,KNN,auto,41,uncalibrated,-0.12,1.0,0.0
30,30,KNN,auto,41,uncalibrated,-0.118,1.0,0.0
30,30,KNN,auto,41,uncalibrated,-0.116,1.0,0.0
30,30,KNN,auto,41,uncalibrated,-0.114,0.0,0.0
30,30,KNN,auto,41,uncalibrated,-0.112,0.0014976465554129227,0.0014976465554129232
30,30,KNN,auto,41,uncalibrated,-0.11,0.0,0.0
30,30,KNN,auto,41,uncalibrated,-0.108,0.0,0.0
30,30,KNN,auto,43,uncalibrated,-0.128,1.0,0.0
30,30,KNN,auto,43,uncalibrated,-0.126,1.0,0.0
30,30,KNN,auto,43,uncalibrated,-0.124,1.0,0.0
30,30,KNN,auto,43,uncalibrated,-0.122,1.0,0.0
30,30,KNN,auto,43,uncalibrated,-0.12,1.0,0.0
30,30,KNN,auto,43,uncalibrated,-0.118,1.0,0.0
30,30,KNN,auto,43,uncalibrated,-0.116,1.0,0.0
30,30,KNN,auto,43,uncalibrated,-0.114,0.0,0.0
30,30,KNN,auto,43,uncalibrated,-0.112,0.0017339861281110076,0.0016338134074272853
30,30,KNN,auto,43,uncalibrated,-0.11,0.0,0.0
30,30,KNN,auto,43,uncalibrated,-0.108,0.0,0.0
30,30,KNN,auto,45,uncalibrated,-0.128,1.0,0.0
30,30,KNN,auto,45,uncalibrated,-0.126,1.0,0.0
30,30,KNN,auto,45,uncalibrated,-0.124,1.0,0.0
30,30,KNN,auto,45,uncalibrated,-0.122,1.0,0.0
30,30,KNN,auto,45,uncalibrated,-0.12,1.0,0.0
30,30,KNN,auto,45,uncalibrated,-0.118,1.0,0.0
30,30,KNN,auto,45,uncalibrated,-0.116,1.0,0.0
30,30,KNN,auto,45,uncalibrated,-0.114,0.0,0.0
30,30,KNN,auto,45,uncalibrated,-0.112,0.0018949181739879143,0.0018949181739879412
30,30,KNN,auto,45,uncalibrated,-0.11,0.0,0.0
30,30,KNN,auto,45,uncalibrated,-0.108,0.0,0.0
30,30,KNN,auto,47,uncalibrated,-0.128,1.0,0.0
30,30,KNN,auto,47,uncalibrated,-0.126,1.0,0.0
30,30,KNN,auto,47,uncalibrated,-0.124,1.0,0.0
30,30,KNN,auto,47,uncalibrated,-0.122,1.0,0.0
30,30,KNN,auto,47,uncalibrated,-0.12,1.0,0.0
30,30,KNN,auto,47,uncalibrated,-0.118,1.0,0.0
30,30,KNN,auto,47,uncalibrated,-0.116,1.0,0.0
30,30,KNN,auto,47,uncalibrated,-0.114,0.0,0.0
30,30,KNN,auto,47,uncalibrated,-0.112,0.0023090879102754228,0.002309087910275441
30,30,KNN,auto,47,uncalibrated,-0.11,0.0,0.0
30,30,KNN,auto,47,uncalibrated,-0.108,0.0,0.0
30,30,KNN,auto,49,uncalibrated,-0.128,1.0,0.0
30,30,KNN,auto,49,uncalibrated,-0.126,1.0,0.0
30,30,KNN,auto,49,uncalibrated,-0.124,1.0,0.0
30,30,KNN,auto,49,uncalibrated,-0.122,1.0,0.0
30,30,KNN,auto,49,uncalibrated,-0.12,1.0,0.0
30,30,KNN,auto,49,uncalibrated,-0.118,1.0,0.0
30,30,KNN,auto,49,uncalibrated,-0.116,1.0,0.0
30,30,KNN,auto,49,uncalibrated,-0.114,0.0,0.0
30,30,KNN,auto,49,uncalibrated,-0.112,0.0026103464641670437,0.0026103464641670624
30,30,KNN,auto,49,uncalibrated,-0.11,0.0,0.0
30,30,KNN,auto,49,uncalibrated,-0.108,0.0,0.0
30,30,KNN,auto,51,uncalibrated,-0.128,1.0,0.0
30,30,KNN,auto,51,uncalibrated,-0.126,1.0,0.0
30,30,KNN,auto,51,uncalibrated,-0.124,1.0,0.0
30,30,KNN,auto,51,uncalibrated,-0.122,1.0,0.0
30,30,KNN,auto,51,uncalibrated,-0.12,1.0,0.0
30,30,KNN,auto,51,uncalibrated,-0.118,1.0,0.0
30,30,KNN,auto,51,uncalibrated,-0.116,1.0,0.0
30,30,KNN,auto,51,uncalibrated,-0.114,0.0,0.0
30,30,KNN,auto,51,uncalibrated,-0.112,0.0029639762881896944,0.002963976288189694
30,30,KNN,auto,51,uncalibrated,-0.11,0.0,0.0
30,30,KNN,auto,51,uncalibrated,-0.108,0.0,0.0
30,30,KNN,auto,61,uncalibrated,-0.128,1.0,0.0
30,30,KNN,auto,61,uncalibrated,-0.126,1.0,0.0
30,30,KNN,auto,61,uncalibrated,-0.124,1.0,0.0
30,30,KNN,auto,61,uncalibrated,-0.122,1.0,0.0
30,30,KNN,auto,61,uncalibrated,-0.12,1.0,0.0
30,30,KNN,auto,61,uncalibrated,-0.118,1.0,0.0
30,30,KNN,auto,61,uncalibrated,-0.116,1.0,0.0
30,30,KNN,auto,61,uncalibrated,-0.114,0.0,0.0
30,30,KNN,auto,61,uncalibrated,-0.112,0.004193671368661837,0.004193671368661836
30,30,KNN,auto,61,uncalibrated,-0.11,0.0,0.0
30,30,KNN,auto,61,uncalibrated,-0.108,0.0,0.0
30,30,KNN,auto,81,uncalibrated,-0.128,1.0,0.0
30,30,KNN,auto,81,uncalibrated,-0.126,1.0,0.0
30,30,KNN,auto,81,uncalibrated,-0.124,1.0,0.0
30,30,KNN,auto,81,uncalibrated,-0.122,1.0,0.0
30,30,KNN,auto,81,uncalibrated,-0.12,1.0,0.0
30,30,KNN,auto,81,uncalibrated,-0.118,1.0,0.0
30,30,KNN,auto,81,uncalibrated,-0.116,1.0,0.0
30,30,KNN,auto,81,uncalibrated,-0.114,0.00039824771007566744,0.000398247710075667
30,30,KNN,auto,81,uncalibrated,-0.112,0.005790027753852043,0.005741236268299341
30,30,KNN,auto,81,uncalibrated,-0.11,0.0,0.0
30,30,KNN,auto,81,uncalibrated,-0.108,0.0,0.0
30,30,KNN,auto,101,uncalibrated,-0.128,1.0,0.0
30,30,KNN,auto,101,uncalibrated,-0.126,1.0,0.0
30,30,KNN,auto,101,uncalibrated,-0.124,1.0,0.0
30,30,KNN,auto,101,uncalibrated,-0.122,1.0,0.0
30,30,KNN,auto,101,uncalibrated,-0.12,1.0,0.0
30,30,KNN,auto,101,uncalibrated,-0.118,1.0,0.0
30,30,KNN,auto,101,uncalibrated,-0.116,1.0,0.0
30,30,KNN,auto,101,uncalibrated,-0.114,0.0013573938038965185,0.0013573938038965185
30,30,KNN,auto,101,uncalibrated,-0.112,0.007905441706961393,0.007160876378264575
30,30,KNN,auto,101,uncalibrated,-0.11,0.0,0.0
30,30,KNN,auto,101,uncalibrated,-0.108,0.0,0.0
30,30,KNN,auto,151,uncalibrated,-0.128,1.0,0.0
30,30,KNN,auto,151,uncalibrated,-0.126,1.0,0.0
30,30,KNN,auto,151,uncalibrated,-0.124,1.0,0.0
30,30,KNN,auto,151,uncalibrated,-0.122,1.0,0.0
30,30,KNN,auto,151,uncalibrated,-0.12,1.0,0.0
30,30,KNN,auto,151,uncalibrated,-0.118,1.0,0.0
30,30,KNN,auto,151,uncalibrated,-0.116,1.0,0.0
30,30,KNN,auto,151,uncalibrated,-0.114,0.00488677632984405,0.004871534999021478
30,30,KNN,auto,151,uncalibrated,-0.112,0.011567030606765706,0.01126333083682116
30,30,KNN,auto,151,uncalibrated,-0.11,0.00019477989871445267,0.0001947798987144527
30,30,KNN,auto,151,uncalibrated,-0.108,0.0002323690019751365,0.00023236900197513648
30,30,KNN,auto,201,uncalibrated,-0.128,1.0,0.0
30,30,KNN,auto,201,uncalibrated,-0.126,1.0,0.0
30,30,KNN,auto,201,uncalibrated,-0.124,1.0,0.0
30,30,KNN,auto,201,uncalibrated,-0.122,1.0,0.0
30,30,KNN,auto,201,uncalibrated,-0.12,1.0,0.0
30,30,KNN,auto,201,uncalibrated,-0.118,1.0,0.0
30,30,KNN,auto,201,uncalibrated,-0.116,1.0,0.0
30,30,KNN,auto,201,uncalibrated,-0.114,0.008815920398009951,0.008293733788108715
30,30,KNN,auto,201,uncalibrated,-0.112,0.019244991259916633,0.017660419322359313
30,30,KNN,auto,201,uncalibrated,-0.11,0.0026704711735440444,0.002403490112075798
30,30,KNN,auto,201,uncalibrated,-0.108,0.0016388645010243011,0.0016388645010242905
30,30,KNN,kd_tree,1,uncalibrated,-0.128,1.0,0.0
30,30,KNN,kd_tree,1,uncalibrated,-0.126,1.0,0.0
30,30,KNN,kd_tree,1,uncalibrated,-0.124,1.0,0.0
30,30,KNN,kd_tree,1,uncalibrated,-0.122,1.0,0.0
30,30,KNN,kd_tree,1,uncalibrated,-0.12,1.0,0.0
30,30,KNN,kd_tree,1,uncalibrated,-0.118,1.0,0.0
30,30,KNN,kd_tree,1,uncalibrated,-0.116,1.0,0.0
30,30,KNN,kd_tree,1,uncalibrated,-0.114,0.0,0.0
30,30,KNN,kd_tree,1,uncalibrated,-0.112,0.0,0.0
30,30,KNN,kd_tree,1,uncalibrated,-0.11,0.0,0.0
30,30,KNN,kd_tree,1,uncalibrated,-0.108,0.0,0.0
30,30,KNN,kd_tree,3,uncalibrated,-0.128,1.0,0.0
30,30,KNN,kd_tree,3,uncalibrated,-0.126,1.0,0.0
30,30,KNN,kd_tree,3,uncalibrated,-0.124,1.0,0.0
30,30,KNN,kd_tree,3,uncalibrated,-0.122,1.0,0.0
30,30,KNN,kd_tree,3,uncalibrated,-0.12,1.0,0.0
30,30,KNN,kd_tree,3,uncalibrated,-0.118,1.0,0.0
30,30,KNN,kd_tree,3,uncalibrated,-0.116,1.0,0.0
30,30,KNN,kd_tree,3,uncalibrated,-0.114,0.0,0.0
30,30,KNN,kd_tree,3,uncalibrated,-0.112,0.0,0.0
30,30,KNN,kd_tree,3,uncalibrated,-0.11,0.0,0.0
30,30,KNN,kd_tree,3,uncalibrated,-0.108,0.0,0.0
30,30,KNN,kd_tree,5,uncalibrated,-0.128,1.0,0.0
30,30,KNN,kd_tree,5,uncalibrated,-0.126,1.0,0.0
30,30,KNN,kd_tree,5,uncalibrated,-0.124,1.0,0.0
30,30,KNN,kd_tree,5,uncalibrated,-0.122,1.0,0.0
30,30,KNN,kd_tree,5,uncalibrated,-0.12,1.0,0.0
30,30,KNN,kd_tree,5,uncalibrated,-0.118,1.0,0.0
30,30,KNN,kd_tree,5,uncalibrated,-0.116,1.0,0.0
30,30,KNN,kd_tree,5,uncalibrated,-0.114,0.0,0.0
30,30,KNN,kd_tree,5,uncalibrated,-0.112,0.0,0.0
30,30,KNN,kd_tree,5,uncalibrated,-0.11,0.0,0.0
30,30,KNN,kd_tree,5,uncalibrated,-0.108,0.0,0.0
30,30,KNN,kd_tree,7,uncalibrated,-0.128,1.0,0.0
30,30,KNN,kd_tree,7,uncalibrated,-0.126,1.0,0.0
30,30,KNN,kd_tree,7,uncalibrated,-0.124,1.0,0.0
30,30,KNN,kd_tree,7,uncalibrated,-0.122,1.0,0.0
30,30,KNN,kd_tree,7,uncalibrated,-0.12,1.0,0.0
30,30,KNN,kd_tree,7,uncalibrated,-0.118,1.0,0.0
30,30,KNN,kd_tree,7,uncalibrated,-0.116,1.0,0.0
30,30,KNN,kd_tree,7,uncalibrated,-0.114,0.0,0.0
30,30,KNN,kd_tree,7,uncalibrated,-0.112,0.0,0.0
30,30,KNN,kd_tree,7,uncalibrated,-0.11,0.0,0.0
30,30,KNN,kd_tree,7,uncalibrated,-0.108,0.0,0.0
30,30,KNN,kd_tree,9,uncalibrated,-0.128,1.0,0.0
30,30,KNN,kd_tree,9,uncalibrated,-0.126,1.0,0.0
30,30,KNN,kd_tree,9,uncalibrated,-0.124,1.0,0.0
30,30,KNN,kd_tree,9,uncalibrated,-0.122,1.0,0.0
30,30,KNN,kd_tree,9,uncalibrated,-0.12,1.0,0.0
30,30,KNN,kd_tree,9,uncalibrated,-0.118,1.0,0.0
30,30,KNN,kd_tree,9,uncalibrated,-0.116,1.0,0.0
30,30,KNN,kd_tree,9,uncalibrated,-0.114,0.0,0.0
30,30,KNN,kd_tree,9,uncalibrated,-0.112,0.0,0.0
30,30,KNN,kd_tree,9,uncalibrated,-0.11,0.0,0.0
30,30,KNN,kd_tree,9,uncalibrated,-0.108,0.0,0.0
30,30,KNN,kd_tree,11,uncalibrated,-0.128,1.0,0.0
30,30,KNN,kd_tree,11,uncalibrated,-0.126,1.0,0.0
30,30,KNN,kd_tree,11,uncalibrated,-0.124,1.0,0.0
30,30,KNN,kd_tree,11,uncalibrated,-0.122,1.0,0.0
30,30,KNN,kd_tree,11,uncalibrated,-0.12,1.0,0.0
30,30,KNN,kd_tree,11,uncalibrated,-0.118,1.0,0.0
30,30,KNN,kd_tree,11,uncalibrated,-0.116,1.0,0.0
30,30,KNN,kd_tree,11,uncalibrated,-0.114,0.0,0.0
30,30,KNN,kd_tree,11,uncalibrated,-0.112,0.0,0.0
30,30,KNN,kd_tree,11,uncalibrated,-0.11,0.0,0.0
30,30,KNN,kd_tree,11,uncalibrated,-0.108,0.0,0.0
30,30,KNN,kd_tree,13,uncalibrated,-0.128,1.0,0.0
30,30,KNN,kd_tree,13,uncalibrated,-0.126,1.0,0.0
30,30,KNN,kd_tree,13,uncalibrated,-0.124,1.0,0.0
30,30,KNN,kd_tree,13,uncalibrated,-0.122,1.0,0.0
30,30,KNN,kd_tree,13,uncalibrated,-0.12,1.0,0.0
30,30,KNN,kd_tree,13,uncalibrated,-0.118,1.0,0.0
30,30,KNN,kd_tree,13,uncalibrated,-0.116,1.0,0.0
30,30,KNN,kd_tree,13,uncalibrated,-0.114,0.0,0.0
30,30,KNN,kd_tree,13,uncalibrated,-0.112,0.0,0.0
30,30,KNN,kd_tree,13,uncalibrated,-0.11,0.0,0.0
30,30,KNN,kd_tree,13,uncalibrated,-0.108,0.0,0.0
30,30,KNN,kd_tree,15,uncalibrated,-0.128,1.0,0.0
30,30,KNN,kd_tree,15,uncalibrated,-0.126,1.0,0.0
30,30,KNN,kd_tree,15,uncalibrated,-0.124,1.0,0.0
30,30,KNN,kd_tree,15,uncalibrated,-0.122,1.0,0.0
30,30,KNN,kd_tree,15,uncalibrated,-0.12,1.0,0.0
30,30,KNN,kd_tree,15,uncalibrated,-0.118,1.0,0.0
30,30,KNN,kd_tree,15,uncalibrated,-0.116,1.0,0.0
30,30,KNN,kd_tree,15,uncalibrated,-0.114,0.0,0.0
30,30,KNN,kd_tree,15,uncalibrated,-0.112,0.0,0.0
30,30,KNN,kd_tree,15,uncalibrated,-0.11,0.0,0.0
30,30,KNN,kd_tree,15,uncalibrated,-0.108,0.0,0.0
30,30,KNN,kd_tree,17,uncalibrated,-0.128,1.0,0.0
30,30,KNN,kd_tree,17,uncalibrated,-0.126,1.0,0.0
30,30,KNN,kd_tree,17,uncalibrated,-0.124,1.0,0.0
30,30,KNN,kd_tree,17,uncalibrated,-0.122,1.0,0.0
30,30,KNN,kd_tree,17,uncalibrated,-0.12,1.0,0.0
30,30,KNN,kd_tree,17,uncalibrated,-0.118,1.0,0.0
30,30,KNN,kd_tree,17,uncalibrated,-0.116,1.0,0.0
30,30,KNN,kd_tree,17,uncalibrated,-0.114,0.0,0.0
30,30,KNN,kd_tree,17,uncalibrated,-0.112,0.0,0.0
30,30,KNN,kd_tree,17,uncalibrated,-0.11,0.0,0.0
30,30,KNN,kd_tree,17,uncalibrated,-0.108,0.0,0.0
30,30,KNN,kd_tree,19,uncalibrated,-0.128,1.0,0.0
30,30,KNN,kd_tree,19,uncalibrated,-0.126,1.0,0.0
30,30,KNN,kd_tree,19,uncalibrated,-0.124,1.0,0.0
30,30,KNN,kd_tree,19,uncalibrated,-0.122,1.0,0.0
30,30,KNN,kd_tree,19,uncalibrated,-0.12,1.0,0.0
30,30,KNN,kd_tree,19,uncalibrated,-0.118,1.0,0.0
30,30,KNN,kd_tree,19,uncalibrated,-0.116,1.0,0.0
30,30,KNN,kd_tree,19,uncalibrated,-0.114,0.0,0.0
30,30,KNN,kd_tree,19,uncalibrated,-0.112,0.0,0.0
30,30,KNN,kd_tree,19,uncalibrated,-0.11,0.0,0.0
30,30,KNN,kd_tree,19,uncalibrated,-0.108,0.0,0.0
30,30,KNN,kd_tree,21,uncalibrated,-0.128,1.0,0.0
30,30,KNN,kd_tree,21,uncalibrated,-0.126,1.0,0.0
30,30,KNN,kd_tree,21,uncalibrated,-0.124,1.0,0.0
30,30,KNN,kd_tree,21,uncalibrated,-0.122,1.0,0.0
30,30,KNN,kd_tree,21,uncalibrated,-0.12,1.0,0.0
30,30,KNN,kd_tree,21,uncalibrated,-0.118,1.0,0.0
30,30,KNN,kd_tree,21,uncalibrated,-0.116,1.0,0.0
30,30,KNN,kd_tree,21,uncalibrated,-0.114,0.0,0.0
30,30,KNN,kd_tree,21,uncalibrated,-0.112,0.0,0.0
30,30,KNN,kd_tree,21,uncalibrated,-0.11,0.0,0.0
30,30,KNN,kd_tree,21,uncalibrated,-0.108,0.0,0.0
30,30,KNN,kd_tree,23,uncalibrated,-0.128,1.0,0.0
30,30,KNN,kd_tree,23,uncalibrated,-0.126,1.0,0.0
30,30,KNN,kd_tree,23,uncalibrated,-0.124,1.0,0.0
30,30,KNN,kd_tree,23,uncalibrated,-0.122,1.0,0.0
30,30,KNN,kd_tree,23,uncalibrated,-0.12,1.0,0.0
30,30,KNN,kd_tree,23,uncalibrated,-0.118,1.0,0.0
30,30,KNN,kd_tree,23,uncalibrated,-0.116,1.0,0.0
30,30,KNN,kd_tree,23,uncalibrated,-0.114,0.0,0.0
30,30,KNN,kd_tree,23,uncalibrated,-0.112,0.0,0.0
30,30,KNN,kd_tree,23,uncalibrated,-0.11,0.0,0.0
30,30,KNN,kd_tree,23,uncalibrated,-0.108,0.0,0.0
30,30,KNN,kd_tree,25,uncalibrated,-0.128,1.0,0.0
30,30,KNN,kd_tree,25,uncalibrated,-0.126,1.0,0.0
30,30,KNN,kd_tree,25,uncalibrated,-0.124,1.0,0.0
30,30,KNN,kd_tree,25,uncalibrated,-0.122,1.0,0.0
30,30,KNN,kd_tree,25,uncalibrated,-0.12,1.0,0.0
30,30,KNN,kd_tree,25,uncalibrated,-0.118,1.0,0.0
30,30,KNN,kd_tree,25,uncalibrated,-0.116,1.0,0.0
30,30,KNN,kd_tree,25,uncalibrated,-0.114,0.0,0.0
30,30,KNN,kd_tree,25,uncalibrated,-0.112,0.0,0.0
30,30,KNN,kd_tree,25,uncalibrated,-0.11,0.0,0.0
30,30,KNN,kd_tree,25,uncalibrated,-0.108,0.0,0.0
30,30,KNN,kd_tree,27,uncalibrated,-0.128,1.0,0.0
30,30,KNN,kd_tree,27,uncalibrated,-0.126,1.0,0.0
30,30,KNN,kd_tree,27,uncalibrated,-0.124,1.0,0.0
30,30,KNN,kd_tree,27,uncalibrated,-0.122,1.0,0.0
30,30,KNN,kd_tree,27,uncalibrated,-0.12,1.0,0.0
30,30,KNN,kd_tree,27,uncalibrated,-0.118,1.0,0.0
30,30,KNN,kd_tree,27,uncalibrated,-0.116,1.0,0.0
30,30,KNN,kd_tree,27,uncalibrated,-0.114,0.0,0.0
30,30,KNN,kd_tree,27,uncalibrated,-0.112,0.0,0.0
30,30,KNN,kd_tree,27,uncalibrated,-0.11,0.0,0.0
30,30,KNN,kd_tree,27,uncalibrated,-0.108,0.0,0.0
30,30,KNN,kd_tree,29,uncalibrated,-0.128,1.0,0.0
30,30,KNN,kd_tree,29,uncalibrated,-0.126,1.0,0.0
30,30,KNN,kd_tree,29,uncalibrated,-0.124,1.0,0.0
30,30,KNN,kd_tree,29,uncalibrated,-0.122,1.0,0.0
30,30,KNN,kd_tree,29,uncalibrated,-0.12,1.0,0.0
30,30,KNN,kd_tree,29,uncalibrated,-0.118,1.0,0.0
30,30,KNN,kd_tree,29,uncalibrated,-0.116,1.0,0.0
30,30,KNN,kd_tree,29,uncalibrated,-0.114,0.0,0.0
30,30,KNN,kd_tree,29,uncalibrated,-0.112,0.0003024803387779794,0.00030248033877797935
30,30,KNN,kd_tree,29,uncalibrated,-0.11,0.0,0.0
30,30,KNN,kd_tree,29,uncalibrated,-0.108,0.0,0.0
30,30,KNN,kd_tree,31,uncalibrated,-0.128,1.0,0.0
30,30,KNN,kd_tree,31,uncalibrated,-0.126,1.0,0.0
30,30,KNN,kd_tree,31,uncalibrated,-0.124,1.0,0.0
30,30,KNN,kd_tree,31,uncalibrated,-0.122,1.0,0.0
30,30,KNN,kd_tree,31,uncalibrated,-0.12,1.0,0.0
30,30,KNN,kd_tree,31,uncalibrated,-0.118,1.0,0.0
30,30,KNN,kd_tree,31,uncalibrated,-0.116,1.0,0.0
30,30,KNN,kd_tree,31,uncalibrated,-0.114,0.0,0.0
30,30,KNN,kd_tree,31,uncalibrated,-0.112,0.0005659309564233326,0.0005659309564233162
30,30,KNN,kd_tree,31,uncalibrated,-0.11,0.0,0.0
30,30,KNN,kd_tree,31,uncalibrated,-0.108,0.0,0.0
30,30,KNN,kd_tree,33,uncalibrated,-0.128,1.0,0.0
30,30,KNN,kd_tree,33,uncalibrated,-0.126,1.0,0.0
30,30,KNN,kd_tree,33,uncalibrated,-0.124,1.0,0.0
30,30,KNN,kd_tree,33,uncalibrated,-0.122,1.0,0.0
30,30,KNN,kd_tree,33,uncalibrated,-0.12,1.0,0.0
30,30,KNN,kd_tree,33,uncalibrated,-0.118,1.0,0.0
30,30,KNN,kd_tree,33,uncalibrated,-0.116,1.0,0.0
30,30,KNN,kd_tree,33,uncalibrated,-0.114,0.0,0.0
30,30,KNN,kd_tree,33,uncalibrated,-0.112,0.0007974481658692266,0.0007974481658692183
30,30,KNN,kd_tree,33,uncalibrated,-0.11,0.0,0.0
30,30,KNN,kd_tree,33,uncalibrated,-0.108,0.0,0.0
30,30,KNN,kd_tree,35,uncalibrated,-0.128,1.0,0.0
30,30,KNN,kd_tree,35,uncalibrated,-0.126,1.0,0.0
30,30,KNN,kd_tree,35,uncalibrated,-0.124,1.0,0.0
30,30,KNN,kd_tree,35,uncalibrated,-0.122,1.0,0.0
30,30,KNN,kd_tree,35,uncalibrated,-0.12,1.0,0.0
30,30,KNN,kd_tree,35,uncalibrated,-0.118,1.0,0.0
30,30,KNN,kd_tree,35,uncalibrated,-0.116,1.0,0.0
30,30,KNN,kd_tree,35,uncalibrated,-0.114,0.0,0.0
30,30,KNN,kd_tree,35,uncalibrated,-0.112,0.0010025062656641767,0.001002506265664161
30,30,KNN,kd_tree,35,uncalibrated,-0.11,0.0,0.0
30,30,KNN,kd_tree,35,uncalibrated,-0.108,0.0,0.0
30,30,KNN,kd_tree,37,uncalibrated,-0.128,1.0,0.0
30,30,KNN,kd_tree,37,uncalibrated,-0.126,1.0,0.0
30,30,KNN,kd_tree,37,uncalibrated,-0.124,1.0,0.0
30,30,KNN,kd_tree,37,uncalibrated,-0.122,1.0,0.0
30,30,KNN,kd_tree,37,uncalibrated,-0.12,1.0,0.0
30,30,KNN,kd_tree,37,uncalibrated,-0.118,1.0,0.0
30,30,KNN,kd_tree,37,uncalibrated,-0.116,1.0,0.0
30,30,KNN,kd_tree,37,uncalibrated,-0.114,0.0,0.0
30,30,KNN,kd_tree,37,uncalibrated,-0.112,0.0011853959222380113,0.001185395922238028
30,30,KNN,kd_tree,37,uncalibrated,-0.11,0.0,0.0
30,30,KNN,kd_tree,37,uncalibrated,-0.108,0.0,0.0
30,30,KNN,kd_tree,39,uncalibrated,-0.128,1.0,0.0
30,30,KNN,kd_tree,39,uncalibrated,-0.126,1.0,0.0
30,30,KNN,kd_tree,39,uncalibrated,-0.124,1.0,0.0
30,30,KNN,kd_tree,39,uncalibrated,-0.122,1.0,0.0
30,30,KNN,kd_tree,39,uncalibrated,-0.12,1.0,0.0
30,30,KNN,kd_tree,39,uncalibrated,-0.118,1.0,0.0
30,30,KNN,kd_tree,39,uncalibrated,-0.116,1.0,0.0
30,30,KNN,kd_tree,39,uncalibrated,-0.114,0.0,0.0
30,30,KNN,kd_tree,39,uncalibrated,-0.112,0.0013495276653171392,0.0013495276653171387
30,30,KNN,kd_tree,39,uncalibrated,-0.11,0.0,0.0
30,30,KNN,kd_tree,39,uncalibrated,-0.108,0.0,0.0
30,30,KNN,kd_tree,41,uncalibrated,-0.128,1.0,0.0
30,30,KNN,kd_tree,41,uncalibrated,-0.126,1.0,0.0
30,30,KNN,kd_tree,41,uncalibrated,-0.124,1.0,0.0
30,30,KNN,kd_tree,41,uncalibrated,-0.122,1.0,0.0
30,30,KNN,kd_tree,41,uncalibrated,-0.12,1.0,0.0
30,30,KNN,kd_tree,41,uncalibrated,-0.118,1.0,0.0
30,30,KNN,kd_tree,41,uncalibrated,-0.116,1.0,0.0
30,30,KNN,kd_tree,41,uncalibrated,-0.114,0.0,0.0
30,30,KNN,kd_tree,41,uncalibrated,-0.112,0.0014976465554129227,0.0014976465554129232
30,30,KNN,kd_tree,41,uncalibrated,-0.11,0.0,0.0
30,30,KNN,kd_tree,41,uncalibrated,-0.108,0.0,0.0
30,30,KNN,kd_tree,43,uncalibrated,-0.128,1.0,0.0
30,30,KNN,kd_tree,43,uncalibrated,-0.126,1.0,0.0
30,30,KNN,kd_tree,43,uncalibrated,-0.124,1.0,0.0
30,30,KNN,kd_tree,43,uncalibrated,-0.122,1.0,0.0
30,30,KNN,kd_tree,43,uncalibrated,-0.12,1.0,0.0
30,30,KNN,kd_tree,43,uncalibrated,-0.118,1.0,0.0
30,30,KNN,kd_tree,43,uncalibrated,-0.116,1.0,0.0
30,30,KNN,kd_tree,43,uncalibrated,-0.114,0.0,0.0
30,30,KNN,kd_tree,43,uncalibrated,-0.112,0.0017339861281110076,0.0016338134074272853
30,30,KNN,kd_tree,43,uncalibrated,-0.11,0.0,0.0
30,30,KNN,kd_tree,43,uncalibrated,-0.108,0.0,0.0
30,30,KNN,kd_tree,45,uncalibrated,-0.128,1.0,0.0
30,30,KNN,kd_tree,45,uncalibrated,-0.126,1.0,0.0
30,30,KNN,kd_tree,45,uncalibrated,-0.124,1.0,0.0
30,30,KNN,kd_tree,45,uncalibrated,-0.122,1.0,0.0
30,30,KNN,kd_tree,45,uncalibrated,-0.12,1.0,0.0
30,30,KNN,kd_tree,45,uncalibrated,-0.118,1.0,0.0
30,30,KNN,kd_tree,45,uncalibrated,-0.116,1.0,0.0
30,30,KNN,kd_tree,45,uncalibrated,-0.114,0.0,0.0
30,30,KNN,kd_tree,45,uncalibrated,-0.112,0.0018949181739879143,0.0018949181739879412
30,30,KNN,kd_tree,45,uncalibrated,-0.11,0.0,0.0
30,30,KNN,kd_tree,45,uncalibrated,-0.108,0.0,0.0
30,30,KNN,kd_tree,47,uncalibrated,-0.128,1.0,0.0
30,30,KNN,kd_tree,47,uncalibrated,-0.126,1.0,0.0
30,30,KNN,kd_tree,47,uncalibrated,-0.124,1.0,0.0
30,30,KNN,kd_tree,47,uncalibrated,-0.122,1.0,0.0
30,30,KNN,kd_tree,47,uncalibrated,-0.12,1.0,0.0
30,30,KNN,kd_tree,47,uncalibrated,-0.118,1.0,0.0
30,30,KNN,kd_tree,47,uncalibrated,-0.116,1.0,0.0
30,30,KNN,kd_tree,47,uncalibrated,-0.114,0.0,0.0
30,30,KNN,kd_tree,47,uncalibrated,-0.112,0.0023090879102754228,0.002309087910275441
30,30,KNN,kd_tree,47,uncalibrated,-0.11,0.0,0.0
30,30,KNN,kd_tree,47,uncalibrated,-0.108,0.0,0.0
30,30,KNN,kd_tree,49,uncalibrated,-0.128,1.0,0.0
30,30,KNN,kd_tree,49,uncalibrated,-0.126,1.0,0.0
30,30,KNN,kd_tree,49,uncalibrated,-0.124,1.0,0.0
30,30,KNN,kd_tree,49,uncalibrated,-0.122,1.0,0.0
30,30,KNN,kd_tree,49,uncalibrated,-0.12,1.0,0.0
30,30,KNN,kd_tree,49,uncalibrated,-0.118,1.0,0.0
30,30,KNN,kd_tree,49,uncalibrated,-0.116,1.0,0.0
30,30,KNN,kd_tree,49,uncalibrated,-0.114,0.0,0.0
30,30,KNN,kd_tree,49,uncalibrated,-0.112,0.0026103464641670437,0.0026103464641670624
30,30,KNN,kd_tree,49,uncalibrated,-0.11,0.0,0.0
30,30,KNN,kd_tree,49,uncalibrated,-0.108,0.0,0.0
30,30,KNN,kd_tree,51,uncalibrated,-0.128,1.0,0.0
30,30,KNN,kd_tree,51,uncalibrated,-0.126,1.0,0.0
30,30,KNN,kd_tree,51,uncalibrated,-0.124,1.0,0.0
30,30,KNN,kd_tree,51,uncalibrated,-0.122,1.0,0.0
30,30,KNN,kd_tree,51,uncalibrated,-0.12,1.0,0.0
30,30,KNN,kd_tree,51,uncalibrated,-0.118,1.0,0.0
30,30,KNN,kd_tree,51,uncalibrated,-0.116,1.0,0.0
30,30,KNN,kd_tree,51,uncalibrated,-0.114,0.0,0.0
30,30,KNN,kd_tree,51,uncalibrated,-0.112,0.0029639762881896944,0.002963976288189694
30,30,KNN,kd_tree,51,uncalibrated,-0.11,0.0,0.0
30,30,KNN,kd_tree,51,uncalibrated,-0.108,0.0,0.0
30,30,KNN,kd_tree,61,uncalibrated,-0.128,1.0,0.0
30,30,KNN,kd_tree,61,uncalibrated,-0.126,1.0,0.0
30,30,KNN,kd_tree,61,uncalibrated,-0.124,1.0,0.0
30,30,KNN,kd_tree,61,uncalibrated,-0.122,1.0,0.0
30,30,KNN,kd_tree,61,uncalibrated,-0.12,1.0,0.0
30,30,KNN,kd_tree,61,uncalibrated,-0.118,1.0,0.0
30,30,KNN,kd_tree,61,uncalibrated,-0.116,1.0,0.0
30,30,KNN,kd_tree,61,uncalibrated,-0.114,0.0,0.0
30,30,KNN,kd_tree,61,uncalibrated,-0.112,0.004193671368661837,0.004193671368661836
30,30,KNN,kd_tree,61,uncalibrated,-0.11,0.0,0.0
30,30,KNN,kd_tree,61,uncalibrated,-0.108,0.0,0.0
30,30,KNN,kd_tree,81,uncalibrated,-0.128,1.0,0.0
30,30,KNN,kd_tree,81,uncalibrated,-0.126,1.0,0.0
30,30,KNN,kd_tree,81,uncalibrated,-0.124,1.0,0.0
30,30,KNN,kd_tree,81,uncalibrated,-0.122,1.0,0.0
30,30,KNN,kd_tree,81,uncalibrated,-0.12,1.0,0.0
30,30,KNN,kd_tree,81,uncalibrated,-0.118,1.0,0.0
30,30,KNN,kd_tree,81,uncalibrated,-0.116,1.0,0.0
30,30,KNN,kd_tree,81,uncalibrated,-0.114,0.00039824771007566744,0.000398247710075667
30,30,KNN,kd_tree,81,uncalibrated,-0.112,0.005790027753852043,0.005741236268299341
30,30,KNN,kd_tree,81,uncalibrated,-0.11,0.0,0.0
30,30,KNN,kd_tree,81,uncalibrated,-0.108,0.0,0.0
30,30,KNN,kd_tree,101,uncalibrated,-0.128,1.0,0.0
30,30,KNN,kd_tree,101,uncalibrated,-0.126,1.0,0.0
30,30,KNN,kd_tree,101,uncalibrated,-0.124,1.0,0.0
30,30,KNN,kd_tree,101,uncalibrated,-0.122,1.0,0.0
30,30,KNN,kd_tree,101,uncalibrated,-0.12,1.0,0.0
30,30,KNN,kd_tree,101,uncalibrated,-0.118,1.0,0.0
30,30,KNN,kd_tree,101,uncalibrated,-0.116,1.0,0.0
30,30,KNN,kd_tree,101,uncalibrated,-0.114,0.0013573938038965185,0.0013573938038965185
30,30,KNN,kd_tree,101,uncalibrated,-0.112,0.007905441706961393,0.007160876378264575
30,30,KNN,kd_tree,101,uncalibrated,-0.11,0.0,0.0
30,30,KNN,kd_tree,101,uncalibrated,-0.108,0.0,0.0
30,30,KNN,kd_tree,151,uncalibrated,-0.128,1.0,0.0
30,30,KNN,kd_tree,151,uncalibrated,-0.126,1.0,0.0
30,30,KNN,kd_tree,151,uncalibrated,-0.124,1.0,0.0
30,30,KNN,kd_tree,151,uncalibrated,-0.122,1.0,0.0
30,30,KNN,kd_tree,151,uncalibrated,-0.12,1.0,0.0
30,30,KNN,kd_tree,151,uncalibrated,-0.118,1.0,0.0
30,30,KNN,kd_tree,151,uncalibrated,-0.116,1.0,0.0
30,30,KNN,kd_tree,151,uncalibrated,-0.114,0.00488677632984405,0.004871534999021478
30,30,KNN,kd_tree,151,uncalibrated,-0.112,0.011567030606765706,0.01126333083682116
30,30,KNN,kd_tree,151,uncalibrated,-0.11,0.00019477989871445267,0.0001947798987144527
30,30,KNN,kd_tree,151,uncalibrated,-0.108,0.0002323690019751365,0.00023236900197513648
30,30,KNN,kd_tree,201,uncalibrated,-0.128,1.0,0.0
30,30,KNN,kd_tree,201,uncalibrated,-0.126,1.0,0.0
30,30,KNN,kd_tree,201,uncalibrated,-0.124,1.0,0.0
30,30,KNN,kd_tree,201,uncalibrated,-0.122,1.0,0.0
30,30,KNN,kd_tree,201,uncalibrated,-0.12,1.0,0.0
30,30,KNN,kd_tree,201,uncalibrated,-0.118,1.0,0.0
30,30,KNN,kd_tree,201,uncalibrated,-0.116,1.0,0.0
30,30,KNN,kd_tree,201,uncalibrated,-0.114,0.008815920398009951,0.008293733788108715
30,30,KNN,kd_tree,201,uncalibrated,-0.112,0.019244991259916633,0.017660419322359313
30,30,KNN,kd_tree,201,uncalibrated,-0.11,0.0026704711735440444,0.002403490112075798
30,30,KNN,kd_tree,201,uncalibrated,-0.108,0.0016388645010243011,0.0016388645010242905
30,30,KNN,ball_tree,1,uncalibrated,-0.128,1.0,0.0
30,30,KNN,ball_tree,1,uncalibrated,-0.126,1.0,0.0
30,30,KNN,ball_tree,1,uncalibrated,-0.124,1.0,0.0
30,30,KNN,ball_tree,1,uncalibrated,-0.122,1.0,0.0
30,30,KNN,ball_tree,1,uncalibrated,-0.12,1.0,0.0
30,30,KNN,ball_tree,1,uncalibrated,-0.118,1.0,0.0
30,30,KNN,ball_tree,1,uncalibrated,-0.116,1.0,0.0
30,30,KNN,ball_tree,1,uncalibrated,-0.114,0.0,0.0
30,30,KNN,ball_tree,1,uncalibrated,-0.112,0.0,0.0
30,30,KNN,ball_tree,1,uncalibrated,-0.11,0.0,0.0
30,30,KNN,ball_tree,1,uncalibrated,-0.108,0.0,0.0
30,30,KNN,ball_tree,3,uncalibrated,-0.128,1.0,0.0
30,30,KNN,ball_tree,3,uncalibrated,-0.126,1.0,0.0
30,30,KNN,ball_tree,3,uncalibrated,-0.124,1.0,0.0
30,30,KNN,ball_tree,3,uncalibrated,-0.122,1.0,0.0
30,30,KNN,ball_tree,3,uncalibrated,-0.12,1.0,0.0
30,30,KNN,ball_tree,3,uncalibrated,-0.118,1.0,0.0
30,30,KNN,ball_tree,3,uncalibrated,-0.116,1.0,0.0
30,30,KNN,ball_tree,3,uncalibrated,-0.114,0.0,0.0
30,30,KNN,ball_tree,3,uncalibrated,-0.112,0.0,0.0
30,30,KNN,ball_tree,3,uncalibrated,-0.11,0.0,0.0
30,30,KNN,ball_tree,3,uncalibrated,-0.108,0.0,0.0
30,30,KNN,ball_tree,5,uncalibrated,-0.128,1.0,0.0
30,30,KNN,ball_tree,5,uncalibrated,-0.126,1.0,0.0
30,30,KNN,ball_tree,5,uncalibrated,-0.124,1.0,0.0
30,30,KNN,ball_tree,5,uncalibrated,-0.122,1.0,0.0
30,30,KNN,ball_tree,5,uncalibrated,-0.12,1.0,0.0
30,30,KNN,ball_tree,5,uncalibrated,-0.118,1.0,0.0
30,30,KNN,ball_tree,5,uncalibrated,-0.116,1.0,0.0
30,30,KNN,ball_tree,5,uncalibrated,-0.114,0.0,0.0
30,30,KNN,ball_tree,5,uncalibrated,-0.112,0.0,0.0
30,30,KNN,ball_tree,5,uncalibrated,-0.11,0.0,0.0
30,30,KNN,ball_tree,5,uncalibrated,-0.108,0.0,0.0
30,30,KNN,ball_tree,7,uncalibrated,-0.128,1.0,0.0
30,30,KNN,ball_tree,7,uncalibrated,-0.126,1.0,0.0
30,30,KNN,ball_tree,7,uncalibrated,-0.124,1.0,0.0
30,30,KNN,ball_tree,7,uncalibrated,-0.122,1.0,0.0
30,30,KNN,ball_tree,7,uncalibrated,-0.12,1.0,0.0
30,30,KNN,ball_tree,7,uncalibrated,-0.118,1.0,0.0
30,30,KNN,ball_tree,7,uncalibrated,-0.116,1.0,0.0
30,30,KNN,ball_tree,7,uncalibrated,-0.114,0.0,0.0
30,30,KNN,ball_tree,7,uncalibrated,-0.112,0.0,0.0
30,30,KNN,ball_tree,7,uncalibrated,-0.11,0.0,0.0
30,30,KNN,ball_tree,7,uncalibrated,-0.108,0.0,0.0
30,30,KNN,ball_tree,9,uncalibrated,-0.128,1.0,0.0
30,30,KNN,ball_tree,9,uncalibrated,-0.126,1.0,0.0
30,30,KNN,ball_tree,9,uncalibrated,-0.124,1.0,0.0
30,30,KNN,ball_tree,9,uncalibrated,-0.122,1.0,0.0
30,30,KNN,ball_tree,9,uncalibrated,-0.12,1.0,0.0
30,30,KNN,ball_tree,9,uncalibrated,-0.118,1.0,0.0
30,30,KNN,ball_tree,9,uncalibrated,-0.116,1.0,0.0
30,30,KNN,ball_tree,9,uncalibrated,-0.114,0.0,0.0
30,30,KNN,ball_tree,9,uncalibrated,-0.112,0.0,0.0
30,30,KNN,ball_tree,9,uncalibrated,-0.11,0.0,0.0
30,30,KNN,ball_tree,9,uncalibrated,-0.108,0.0,0.0
30,30,KNN,ball_tree,11,uncalibrated,-0.128,1.0,0.0
30,30,KNN,ball_tree,11,uncalibrated,-0.126,1.0,0.0
30,30,KNN,ball_tree,11,uncalibrated,-0.124,1.0,0.0
30,30,KNN,ball_tree,11,uncalibrated,-0.122,1.0,0.0
30,30,KNN,ball_tree,11,uncalibrated,-0.12,1.0,0.0
30,30,KNN,ball_tree,11,uncalibrated,-0.118,1.0,0.0
30,30,KNN,ball_tree,11,uncalibrated,-0.116,1.0,0.0
30,30,KNN,ball_tree,11,uncalibrated,-0.114,0.0,0.0
30,30,KNN,ball_tree,11,uncalibrated,-0.112,0.0,0.0
30,30,KNN,ball_tree,11,uncalibrated,-0.11,0.0,0.0
30,30,KNN,ball_tree,11,uncalibrated,-0.108,0.0,0.0
30,30,KNN,ball_tree,13,uncalibrated,-0.128,1.0,0.0
30,30,KNN,ball_tree,13,uncalibrated,-0.126,1.0,0.0
30,30,KNN,ball_tree,13,uncalibrated,-0.124,1.0,0.0
30,30,KNN,ball_tree,13,uncalibrated,-0.122,1.0,0.0
30,30,KNN,ball_tree,13,uncalibrated,-0.12,1.0,0.0
30,30,KNN,ball_tree,13,uncalibrated,-0.118,1.0,0.0
30,30,KNN,ball_tree,13,uncalibrated,-0.116,1.0,0.0
30,30,KNN,ball_tree,13,uncalibrated,-0.114,0.0,0.0
30,30,KNN,ball_tree,13,uncalibrated,-0.112,0.0,0.0
30,30,KNN,ball_tree,13,uncalibrated,-0.11,0.0,0.0
30,30,KNN,ball_tree,13,uncalibrated,-0.108,0.0,0.0
30,30,KNN,ball_tree,15,uncalibrated,-0.128,1.0,0.0
30,30,KNN,ball_tree,15,uncalibrated,-0.126,1.0,0.0
30,30,KNN,ball_tree,15,uncalibrated,-0.124,1.0,0.0
30,30,KNN,ball_tree,15,uncalibrated,-0.122,1.0,0.0
30,30,KNN,ball_tree,15,uncalibrated,-0.12,1.0,0.0
30,30,KNN,ball_tree,15,uncalibrated,-0.118,1.0,0.0
30,30,KNN,ball_tree,15,uncalibrated,-0.116,1.0,0.0
30,30,KNN,ball_tree,15,uncalibrated,-0.114,0.0,0.0
30,30,KNN,ball_tree,15,uncalibrated,-0.112,0.0,0.0
30,30,KNN,ball_tree,15,uncalibrated,-0.11,0.0,0.0
30,30,KNN,ball_tree,15,uncalibrated,-0.108,0.0,0.0
30,30,KNN,ball_tree,17,uncalibrated,-0.128,1.0,0.0
30,30,KNN,ball_tree,17,uncalibrated,-0.126,1.0,0.0
30,30,KNN,ball_tree,17,uncalibrated,-0.124,1.0,0.0
30,30,KNN,ball_tree,17,uncalibrated,-0.122,1.0,0.0
30,30,KNN,ball_tree,17,uncalibrated,-0.12,1.0,0.0
30,30,KNN,ball_tree,17,uncalibrated,-0.118,1.0,0.0
30,30,KNN,ball_tree,17,uncalibrated,-0.116,1.0,0.0
30,30,KNN,ball_tree,17,uncalibrated,-0.114,0.0,0.0
30,30,KNN,ball_tree,17,uncalibrated,-0.112,0.0,0.0
30,30,KNN,ball_tree,17,uncalibrated,-0.11,0.0,0.0
30,30,KNN,ball_tree,17,uncalibrated,-0.108,0.0,0.0
30,30,KNN,ball_tree,19,uncalibrated,-0.128,1.0,0.0
30,30,KNN,ball_tree,19,uncalibrated,-0.126,1.0,0.0
30,30,KNN,ball_tree,19,uncalibrated,-0.124,1.0,0.0
30,30,KNN,ball_tree,19,uncalibrated,-0.122,1.0,0.0
30,30,KNN,ball_tree,19,uncalibrated,-0.12,1.0,0.0
30,30,KNN,ball_tree,19,uncalibrated,-0.118,1.0,0.0
30,30,KNN,ball_tree,19,uncalibrated,-0.116,1.0,0.0
30,30,KNN,ball_tree,19,uncalibrated,-0.114,0.0,0.0
30,30,KNN,ball_tree,19,uncalibrated,-0.112,0.0,0.0
30,30,KNN,ball_tree,19,uncalibrated,-0.11,0.0,0.0
30,30,KNN,ball_tree,19,uncalibrated,-0.108,0.0,0.0
30,30,KNN,ball_tree,21,uncalibrated,-0.128,1.0,0.0
30,30,KNN,ball_tree,21,uncalibrated,-0.126,1.0,0.0
30,30,KNN,ball_tree,21,uncalibrated,-0.124,1.0,0.0
30,30,KNN,ball_tree,21,uncalibrated,-0.122,1.0,0.0
30,30,KNN,ball_tree,21,uncalibrated,-0.12,1.0,0.0
30,30,KNN,ball_tree,21,uncalibrated,-0.118,1.0,0.0
30,30,KNN,ball_tree,21,uncalibrated,-0.116,1.0,0.0
30,30,KNN,ball_tree,21,uncalibrated,-0.114,0.0,0.0
30,30,KNN,ball_tree,21,uncalibrated,-0.112,0.0,0.0
30,30,KNN,ball_tree,21,uncalibrated,-0.11,0.0,0.0
30,30,KNN,ball_tree,21,uncalibrated,-0.108,0.0,0.0
30,30,KNN,ball_tree,23,uncalibrated,-0.128,1.0,0.0
30,30,KNN,ball_tree,23,uncalibrated,-0.126,1.0,0.0
30,30,KNN,ball_tree,23,uncalibrated,-0.124,1.0,0.0
30,30,KNN,ball_tree,23,uncalibrated,-0.122,1.0,0.0
30,30,KNN,ball_tree,23,uncalibrated,-0.12,1.0,0.0
30,30,KNN,ball_tree,23,uncalibrated,-0.118,1.0,0.0
30,30,KNN,ball_tree,23,uncalibrated,-0.116,1.0,0.0
30,30,KNN,ball_tree,23,uncalibrated,-0.114,0.0,0.0
30,30,KNN,ball_tree,23,uncalibrated,-0.112,0.0,0.0
30,30,KNN,ball_tree,23,uncalibrated,-0.11,0.0,0.0
30,30,KNN,ball_tree,23,uncalibrated,-0.108,0.0,0.0
30,30,KNN,ball_tree,25,uncalibrated,-0.128,1.0,0.0
30,30,KNN,ball_tree,25,uncalibrated,-0.126,1.0,0.0
30,30,KNN,ball_tree,25,uncalibrated,-0.124,1.0,0.0
30,30,KNN,ball_tree,25,uncalibrated,-0.122,1.0,0.0
30,30,KNN,ball_tree,25,uncalibrated,-0.12,1.0,0.0
30,30,KNN,ball_tree,25,uncalibrated,-0.118,1.0,0.0
30,30,KNN,ball_tree,25,uncalibrated,-0.116,1.0,0.0
30,30,KNN,ball_tree,25,uncalibrated,-0.114,0.0,0.0
30,30,KNN,ball_tree,25,uncalibrated,-0.112,0.0,0.0
30,30,KNN,ball_tree,25,uncalibrated,-0.11,0.0,0.0
30,30,KNN,ball_tree,25,uncalibrated,-0.108,0.0,0.0
30,30,KNN,ball_tree,27,uncalibrated,-0.128,1.0,0.0
30,30,KNN,ball_tree,27,uncalibrated,-0.126,1.0,0.0
30,30,KNN,ball_tree,27,uncalibrated,-0.124,1.0,0.0
30,30,KNN,ball_tree,27,uncalibrated,-0.122,1.0,0.0
30,30,KNN,ball_tree,27,uncalibrated,-0.12,1.0,0.0
30,30,KNN,ball_tree,27,uncalibrated,-0.118,1.0,0.0
30,30,KNN,ball_tree,27,uncalibrated,-0.116,1.0,0.0
30,30,KNN,ball_tree,27,uncalibrated,-0.114,0.0,0.0
30,30,KNN,ball_tree,27,uncalibrated,-0.112,0.0,0.0
30,30,KNN,ball_tree,27,uncalibrated,-0.11,0.0,0.0
30,30,KNN,ball_tree,27,uncalibrated,-0.108,0.0,0.0
30,30,KNN,ball_tree,29,uncalibrated,-0.128,1.0,0.0
30,30,KNN,ball_tree,29,uncalibrated,-0.126,1.0,0.0
30,30,KNN,ball_tree,29,uncalibrated,-0.124,1.0,0.0
30,30,KNN,ball_tree,29,uncalibrated,-0.122,1.0,0.0
30,30,KNN,ball_tree,29,uncalibrated,-0.12,1.0,0.0
30,30,KNN,ball_tree,29,uncalibrated,-0.118,1.0,0.0
30,30,KNN,ball_tree,29,uncalibrated,-0.116,1.0,0.0
30,30,KNN,ball_tree,29,uncalibrated,-0.114,0.0,0.0
30,30,KNN,ball_tree,29,uncalibrated,-0.112,0.0003024803387779794,0.00030248033877797935
30,30,KNN,ball_tree,29,uncalibrated,-0.11,0.0,0.0
30,30,KNN,ball_tree,29,uncalibrated,-0.108,0.0,0.0
30,30,KNN,ball_tree,31,uncalibrated,-0.128,1.0,0.0
30,30,KNN,ball_tree,31,uncalibrated,-0.126,1.0,0.0
30,30,KNN,ball_tree,31,uncalibrated,-0.124,1.0,0.0
30,30,KNN,ball_tree,31,uncalibrated,-0.122,1.0,0.0
30,30,KNN,ball_tree,31,uncalibrated,-0.12,1.0,0.0
30,30,KNN,ball_tree,31,uncalibrated,-0.118,1.0,0.0
30,30,KNN,ball_tree,31,uncalibrated,-0.116,1.0,0.0
30,30,KNN,ball_tree,31,uncalibrated,-0.114,0.0,0.0
30,30,KNN,ball_tree,31,uncalibrated,-0.112,0.0005659309564233326,0.0005659309564233162
30,30,KNN,ball_tree,31,uncalibrated,-0.11,0.0,0.0
30,30,KNN,ball_tree,31,uncalibrated,-0.108,0.0,0.0
30,30,KNN,ball_tree,33,uncalibrated,-0.128,1.0,0.0
30,30,KNN,ball_tree,33,uncalibrated,-0.126,1.0,0.0
30,30,KNN,ball_tree,33,uncalibrated,-0.124,1.0,0.0
30,30,KNN,ball_tree,33,uncalibrated,-0.122,1.0,0.0
30,30,KNN,ball_tree,33,uncalibrated,-0.12,1.0,0.0
30,30,KNN,ball_tree,33,uncalibrated,-0.118,1.0,0.0
30,30,KNN,ball_tree,33,uncalibrated,-0.116,1.0,0.0
30,30,KNN,ball_tree,33,uncalibrated,-0.114,0.0,0.0
30,30,KNN,ball_tree,33,uncalibrated,-0.112,0.0007974481658692266,0.0007974481658692183
30,30,KNN,ball_tree,33,uncalibrated,-0.11,0.0,0.0
30,30,KNN,ball_tree,33,uncalibrated,-0.108,0.0,0.0
30,30,KNN,ball_tree,35,uncalibrated,-0.128,1.0,0.0
30,30,KNN,ball_tree,35,uncalibrated,-0.126,1.0,0.0
30,30,KNN,ball_tree,35,uncalibrated,-0.124,1.0,0.0
30,30,KNN,ball_tree,35,uncalibrated,-0.122,1.0,0.0
30,30,KNN,ball_tree,35,uncalibrated,-0.12,1.0,0.0
30,30,KNN,ball_tree,35,uncalibrated,-0.118,1.0,0.0
30,30,KNN,ball_tree,35,uncalibrated,-0.116,1.0,0.0
30,30,KNN,ball_tree,35,uncalibrated,-0.114,0.0,0.0
30,30,KNN,ball_tree,35,uncalibrated,-0.112,0.0010025062656641767,0.001002506265664161
30,30,KNN,ball_tree,35,uncalibrated,-0.11,0.0,0.0
30,30,KNN,ball_tree,35,uncalibrated,-0.108,0.0,0.0
30,30,KNN,ball_tree,37,uncalibrated,-0.128,1.0,0.0
30,30,KNN,ball_tree,37,uncalibrated,-0.126,1.0,0.0
30,30,KNN,ball_tree,37,uncalibrated,-0.124,1.0,0.0
30,30,KNN,ball_tree,37,uncalibrated,-0.122,1.0,0.0
30,30,KNN,ball_tree,37,uncalibrated,-0.12,1.0,0.0
30,30,KNN,ball_tree,37,uncalibrated,-0.118,1.0,0.0
30,30,KNN,ball_tree,37,uncalibrated,-0.116,1.0,0.0
30,30,KNN,ball_tree,37,uncalibrated,-0.114,0.0,0.0
30,30,KNN,ball_tree,37,uncalibrated,-0.112,0.0011853959222380113,0.001185395922238028
30,30,KNN,ball_tree,37,uncalibrated,-0.11,0.0,0.0
30,30,KNN,ball_tree,37,uncalibrated,-0.108,0.0,0.0
30,30,KNN,ball_tree,39,uncalibrated,-0.128,1.0,0.0
30,30,KNN,ball_tree,39,uncalibrated,-0.126,1.0,0.0
30,30,KNN,ball_tree,39,uncalibrated,-0.124,1.0,0.0
30,30,KNN,ball_tree,39,uncalibrated,-0.122,1.0,0.0
30,30,KNN,ball_tree,39,uncalibrated,-0.12,1.0,0.0
30,30,KNN,ball_tree,39,uncalibrated,-0.118,1.0,0.0
30,30,KNN,ball_tree,39,uncalibrated,-0.116,1.0,0.0
30,30,KNN,ball_tree,39,uncalibrated,-0.114,0.0,0.0
30,30,KNN,ball_tree,39,uncalibrated,-0.112,0.0013495276653171392,0.0013495276653171387
30,30,KNN,ball_tree,39,uncalibrated,-0.11,0.0,0.0
30,30,KNN,ball_tree,39,uncalibrated,-0.108,0.0,0.0
30,30,KNN,ball_tree,41,uncalibrated,-0.128,1.0,0.0
30,30,KNN,ball_tree,41,uncalibrated,-0.126,1.0,0.0
30,30,KNN,ball_tree,41,uncalibrated,-0.124,1.0,0.0
30,30,KNN,ball_tree,41,uncalibrated,-0.122,1.0,0.0
30,30,KNN,ball_tree,41,uncalibrated,-0.12,1.0,0.0
30,30,KNN,ball_tree,41,uncalibrated,-0.118,1.0,0.0
30,30,KNN,ball_tree,41,uncalibrated,-0.116,1.0,0.0
30,30,KNN,ball_tree,41,uncalibrated,-0.114,0.0,0.0
30,30,KNN,ball_tree,41,uncalibrated,-0.112,0.0014976465554129227,0.0014976465554129232
30,30,KNN,ball_tree,41,uncalibrated,-0.11,0.0,0.0
30,30,KNN,ball_tree,41,uncalibrated,-0.108,0.0,0.0
30,30,KNN,ball_tree,43,uncalibrated,-0.128,1.0,0.0
30,30,KNN,ball_tree,43,uncalibrated,-0.126,1.0,0.0
30,30,KNN,ball_tree,43,uncalibrated,-0.124,1.0,0.0
30,30,KNN,ball_tree,43,uncalibrated,-0.122,1.0,0.0
30,30,KNN,ball_tree,43,uncalibrated,-0.12,1.0,0.0
30,30,KNN,ball_tree,43,uncalibrated,-0.118,1.0,0.0
30,30,KNN,ball_tree,43,uncalibrated,-0.116,1.0,0.0
30,30,KNN,ball_tree,43,uncalibrated,-0.114,0.0,0.0
30,30,KNN,ball_tree,43,uncalibrated,-0.112,0.0017339861281110076,0.0016338134074272853
30,30,KNN,ball_tree,43,uncalibrated,-0.11,0.0,0.0
30,30,KNN,ball_tree,43,uncalibrated,-0.108,0.0,0.0
30,30,KNN,ball_tree,45,uncalibrated,-0.128,1.0,0.0
30,30,KNN,ball_tree,45,uncalibrated,-0.126,1.0,0.0
30,30,KNN,ball_tree,45,uncalibrated,-0.124,1.0,0.0
30,30,KNN,ball_tree,45,uncalibrated,-0.122,1.0,0.0
30,30,KNN,ball_tree,45,uncalibrated,-0.12,1.0,0.0
30,30,KNN,ball_tree,45,uncalibrated,-0.118,1.0,0.0
30,30,KNN,ball_tree,45,uncalibrated,-0.116,1.0,0.0
30,30,KNN,ball_tree,45,uncalibrated,-0.114,0.0,0.0
30,30,KNN,ball_tree,45,uncalibrated,-0.112,0.0018949181739879143,0.0018949181739879412
30,30,KNN,ball_tree,45,uncalibrated,-0.11,0.0,0.0
30,30,KNN,ball_tree,45,uncalibrated,-0.108,0.0,0.0
30,30,KNN,ball_tree,47,uncalibrated,-0.128,1.0,0.0
30,30,KNN,ball_tree,47,uncalibrated,-0.126,1.0,0.0
30,30,KNN,ball_tree,47,uncalibrated,-0.124,1.0,0.0
30,30,KNN,ball_tree,47,uncalibrated,-0.122,1.0,0.0
30,30,KNN,ball_tree,47,uncalibrated,-0.12,1.0,0.0
30,30,KNN,ball_tree,47,uncalibrated,-0.118,1.0,0.0
30,30,KNN,ball_tree,47,uncalibrated,-0.116,1.0,0.0
30,30,KNN,ball_tree,47,uncalibrated,-0.114,0.0,0.0
30,30,KNN,ball_tree,47,uncalibrated,-0.112,0.0023090879102754228,0.002309087910275441
30,30,KNN,ball_tree,47,uncalibrated,-0.11,0.0,0.0
30,30,KNN,ball_tree,47,uncalibrated,-0.108,0.0,0.0
30,30,KNN,ball_tree,49,uncalibrated,-0.128,1.0,0.0
30,30,KNN,ball_tree,49,uncalibrated,-0.126,1.0,0.0
30,30,KNN,ball_tree,49,uncalibrated,-0.124,1.0,0.0
30,30,KNN,ball_tree,49,uncalibrated,-0.122,1.0,0.0
30,30,KNN,ball_tree,49,uncalibrated,-0.12,1.0,0.0
30,30,KNN,ball_tree,49,uncalibrated,-0.118,1.0,0.0
30,30,KNN,ball_tree,49,uncalibrated,-0.116,1.0,0.0
30,30,KNN,ball_tree,49,uncalibrated,-0.114,0.0,0.0
30,30,KNN,ball_tree,49,uncalibrated,-0.112,0.0026103464641670437,0.0026103464641670624
30,30,KNN,ball_tree,49,uncalibrated,-0.11,0.0,0.0
30,30,KNN,ball_tree,49,uncalibrated,-0.108,0.0,0.0
30,30,KNN,ball_tree,51,uncalibrated,-0.128,1.0,0.0
30,30,KNN,ball_tree,51,uncalibrated,-0.126,1.0,0.0
30,30,KNN,ball_tree,51,uncalibrated,-0.124,1.0,0.0
30,30,KNN,ball_tree,51,uncalibrated,-0.122,1.0,0.0
30,30,KNN,ball_tree,51,uncalibrated,-0.12,1.0,0.0
30,30,KNN,ball_tree,51,uncalibrated,-0.118,1.0,0.0
30,30,KNN,ball_tree,51,uncalibrated,-0.116,1.0,0.0
30,30,KNN,ball_tree,51,uncalibrated,-0.114,0.0,0.0
30,30,KNN,ball_tree,51,uncalibrated,-0.112,0.0029639762881896944,0.002963976288189694
30,30,KNN,ball_tree,51,uncalibrated,-0.11,0.0,0.0
30,30,KNN,ball_tree,51,uncalibrated,-0.108,0.0,0.0
30,30,KNN,ball_tree,61,uncalibrated,-0.128,1.0,0.0
30,30,KNN,ball_tree,61,uncalibrated,-0.126,1.0,0.0
30,30,KNN,ball_tree,61,uncalibrated,-0.124,1.0,0.0
30,30,KNN,ball_tree,61,uncalibrated,-0.122,1.0,0.0
30,30,KNN,ball_tree,61,uncalibrated,-0.12,1.0,0.0
30,30,KNN,ball_tree,61,uncalibrated,-0.118,1.0,0.0
30,30,KNN,ball_tree,61,uncalibrated,-0.116,1.0,0.0
30,30,KNN,ball_tree,61,uncalibrated,-0.114,0.0,0.0
30,30,KNN,ball_tree,61,uncalibrated,-0.112,0.004193671368661837,0.004193671368661836
30,30,KNN,ball_tree,61,uncalibrated,-0.11,0.0,0.0
30,30,KNN,ball_tree,61,uncalibrated,-0.108,0.0,0.0
30,30,KNN,ball_tree,81,uncalibrated,-0.128,1.0,0.0
30,30,KNN,ball_tree,81,uncalibrated,-0.126,1.0,0.0
30,30,KNN,ball_tree,81,uncalibrated,-0.124,1.0,0.0
30,30,KNN,ball_tree,81,uncalibrated,-0.122,1.0,0.0
30,30,KNN,ball_tree,81,uncalibrated,-0.12,1.0,0.0
30,30,KNN,ball_tree,81,uncalibrated,-0.118,1.0,0.0
30,30,KNN,ball_tree,81,uncalibrated,-0.116,1.0,0.0
30,30,KNN,ball_tree,81,uncalibrated,-0.114,0.00039824771007566744,0.000398247710075667
30,30,KNN,ball_tree,81,uncalibrated,-0.112,0.005790027753852043,0.005741236268299341
30,30,KNN,ball_tree,81,uncalibrated,-0.11,0.0,0.0
30,30,KNN,ball_tree,81,uncalibrated,-0.108,0.0,0.0
30,30,KNN,ball_tree,101,uncalibrated,-0.128,1.0,0.0
30,30,KNN,ball_tree,101,uncalibrated,-0.126,1.0,0.0
30,30,KNN,ball_tree,101,uncalibrated,-0.124,1.0,0.0
30,30,KNN,ball_tree,101,uncalibrated,-0.122,1.0,0.0
30,30,KNN,ball_tree,101,uncalibrated,-0.12,1.0,0.0
30,30,KNN,ball_tree,101,uncalibrated,-0.118,1.0,0.0
30,30,KNN,ball_tree,101,uncalibrated,-0.116,1.0,0.0
30,30,KNN,ball_tree,101,uncalibrated,-0.114,0.0013573938038965185,0.0013573938038965185
30,30,KNN,ball_tree,101,uncalibrated,-0.112,0.007905441706961393,0.007160876378264575
30,30,KNN,ball_tree,101,uncalibrated,-0.11,0.0,0.0
30,30,KNN,ball_tree,101,uncalibrated,-0.108,0.0,0.0
30,30,KNN,ball_tree,151,uncalibrated,-0.128,1.0,0.0
30,30,KNN,ball_tree,151,uncalibrated,-0.126,1.0,0.0
30,30,KNN,ball_tree,151,uncalibrated,-0.124,1.0,0.0
30,30,KNN,ball_tree,151,uncalibrated,-0.122,1.0,0.0
30,30,KNN,ball_tree,151,uncalibrated,-0.12,1.0,0.0
30,30,KNN,ball_tree,151,uncalibrated,-0.118,1.0,0.0
30,30,KNN,ball_tree,151,uncalibrated,-0.116,1.0,0.0
30,30,KNN,ball_tree,151,uncalibrated,-0.114,0.00488677632984405,0.004871534999021478
30,30,KNN,ball_tree,151,uncalibrated,-0.112,0.011567030606765706,0.01126333083682116
30,30,KNN,ball_tree,151,uncalibrated,-0.11,0.00019477989871445267,0.0001947798987144527
30,30,KNN,ball_tree,151,uncalibrated,-0.108,0.0002323690019751365,0.00023236900197513648
30,30,KNN,ball_tree,201,uncalibrated,-0.128,1.0,0.0
30,30,KNN,ball_tree,201,uncalibrated,-0.126,1.0,0.0
30,30,KNN,ball_tree,201,uncalibrated,-0.124,1.0,0.0
30,30,KNN,ball_tree,201,uncalibrated,-0.122,1.0,0.0
30,30,KNN,ball_tree,201,uncalibrated,-0.12,1.0,0.0
30,30,KNN,ball_tree,201,uncalibrated,-0.118,1.0,0.0
30,30,KNN,ball_tree,201,uncalibrated,-0.116,1.0,0.0
30,30,KNN,ball_tree,201,uncalibrated,-0.114,0.008815920398009951,0.008293733788108715
30,30,KNN,ball_tree,201,uncalibrated,-0.112,0.019244991259916633,0.017660419322359313
30,30,KNN,ball_tree,201,uncalibrated,-0.11,0.0026704711735440444,0.002403490112075798
30,30,KNN,ball_tree,201,uncalibrated,-0.108,0.0016388645010243011,0.0016388645010242905
30,30,KNN,brute,1,uncalibrated,-0.128,1.0,0.0
30,30,KNN,brute,1,uncalibrated,-0.126,1.0,0.0
30,30,KNN,brute,1,uncalibrated,-0.124,1.0,0.0
30,30,KNN,brute,1,uncalibrated,-0.122,1.0,0.0
30,30,KNN,brute,1,uncalibrated,-0.12,1.0,0.0
30,30,KNN,brute,1,uncalibrated,-0.118,1.0,0.0
30,30,KNN,brute,1,uncalibrated,-0.116,1.0,0.0
30,30,KNN,brute,1,uncalibrated,-0.114,0.0,0.0
30,30,KNN,brute,1,uncalibrated,-0.112,0.0,0.0
30,30,KNN,brute,1,uncalibrated,-0.11,0.0,0.0
30,30,KNN,brute,1,uncalibrated,-0.108,0.0,0.0
30,30,KNN,brute,3,uncalibrated,-0.128,1.0,0.0
30,30,KNN,brute,3,uncalibrated,-0.126,1.0,0.0
30,30,KNN,brute,3,uncalibrated,-0.124,1.0,0.0
30,30,KNN,brute,3,uncalibrated,-0.122,1.0,0.0
30,30,KNN,brute,3,uncalibrated,-0.12,1.0,0.0
30,30,KNN,brute,3,uncalibrated,-0.118,1.0,0.0
30,30,KNN,brute,3,uncalibrated,-0.116,1.0,0.0
30,30,KNN,brute,3,uncalibrated,-0.114,0.0,0.0
30,30,KNN,brute,3,uncalibrated,-0.112,0.0,0.0
30,30,KNN,brute,3,uncalibrated,-0.11,0.0,0.0
30,30,KNN,brute,3,uncalibrated,-0.108,0.0,0.0
30,30,KNN,brute,5,uncalibrated,-0.128,1.0,0.0
30,30,KNN,brute,5,uncalibrated,-0.126,1.0,0.0
30,30,KNN,brute,5,uncalibrated,-0.124,1.0,0.0
30,30,KNN,brute,5,uncalibrated,-0.122,1.0,0.0
30,30,KNN,brute,5,uncalibrated,-0.12,1.0,0.0
30,30,KNN,brute,5,uncalibrated,-0.118,1.0,0.0
30,30,KNN,brute,5,uncalibrated,-0.116,1.0,0.0
30,30,KNN,brute,5,uncalibrated,-0.114,0.0,0.0
30,30,KNN,brute,5,uncalibrated,-0.112,0.0,0.0
30,30,KNN,brute,5,uncalibrated,-0.11,0.0,0.0
30,30,KNN,brute,5,uncalibrated,-0.108,0.0,0.0
30,30,KNN,brute,7,uncalibrated,-0.128,1.0,0.0
30,30,KNN,brute,7,uncalibrated,-0.126,1.0,0.0
30,30,KNN,brute,7,uncalibrated,-0.124,1.0,0.0
30,30,KNN,brute,7,uncalibrated,-0.122,1.0,0.0
30,30,KNN,brute,7,uncalibrated,-0.12,1.0,0.0
30,30,KNN,brute,7,uncalibrated,-0.118,1.0,0.0
30,30,KNN,brute,7,uncalibrated,-0.116,1.0,0.0
30,30,KNN,brute,7,uncalibrated,-0.114,0.0,0.0
30,30,KNN,brute,7,uncalibrated,-0.112,0.0,0.0
30,30,KNN,brute,7,uncalibrated,-0.11,0.0,0.0
30,30,KNN,brute,7,uncalibrated,-0.108,0.0,0.0
30,30,KNN,brute,9,uncalibrated,-0.128,1.0,0.0
30,30,KNN,brute,9,uncalibrated,-0.126,1.0,0.0
30,30,KNN,brute,9,uncalibrated,-0.124,1.0,0.0
30,30,KNN,brute,9,uncalibrated,-0.122,1.0,0.0
30,30,KNN,brute,9,uncalibrated,-0.12,1.0,0.0
30,30,KNN,brute,9,uncalibrated,-0.118,1.0,0.0
30,30,KNN,brute,9,uncalibrated,-0.116,1.0,0.0
30,30,KNN,brute,9,uncalibrated,-0.114,0.0,0.0
30,30,KNN,brute,9,uncalibrated,-0.112,0.0,0.0
30,30,KNN,brute,9,uncalibrated,-0.11,0.0,0.0
30,30,KNN,brute,9,uncalibrated,-0.108,0.0,0.0
30,30,KNN,brute,11,uncalibrated,-0.128,1.0,0.0
30,30,KNN,brute,11,uncalibrated,-0.126,1.0,0.0
30,30,KNN,brute,11,uncalibrated,-0.124,1.0,0.0
30,30,KNN,brute,11,uncalibrated,-0.122,1.0,0.0
30,30,KNN,brute,11,uncalibrated,-0.12,1.0,0.0
30,30,KNN,brute,11,uncalibrated,-0.118,1.0,0.0
30,30,KNN,brute,11,uncalibrated,-0.116,1.0,0.0
30,30,KNN,brute,11,uncalibrated,-0.114,0.0,0.0
30,30,KNN,brute,11,uncalibrated,-0.112,0.0,0.0
30,30,KNN,brute,11,uncalibrated,-0.11,0.0,0.0
30,30,KNN,brute,11,uncalibrated,-0.108,0.0,0.0
30,30,KNN,brute,13,uncalibrated,-0.128,1.0,0.0
30,30,KNN,brute,13,uncalibrated,-0.126,1.0,0.0
30,30,KNN,brute,13,uncalibrated,-0.124,1.0,0.0
30,30,KNN,brute,13,uncalibrated,-0.122,1.0,0.0
30,30,KNN,brute,13,uncalibrated,-0.12,1.0,0.0
30,30,KNN,brute,13,uncalibrated,-0.118,1.0,0.0
30,30,KNN,brute,13,uncalibrated,-0.116,1.0,0.0
30,30,KNN,brute,13,uncalibrated,-0.114,0.0,0.0
30,30,KNN,brute,13,uncalibrated,-0.112,0.0,0.0
30,30,KNN,brute,13,uncalibrated,-0.11,0.0,0.0
30,30,KNN,brute,13,uncalibrated,-0.108,0.0,0.0
30,30,KNN,brute,15,uncalibrated,-0.128,1.0,0.0
30,30,KNN,brute,15,uncalibrated,-0.126,1.0,0.0
30,30,KNN,brute,15,uncalibrated,-0.124,1.0,0.0
30,30,KNN,brute,15,uncalibrated,-0.122,1.0,0.0
30,30,KNN,brute,15,uncalibrated,-0.12,1.0,0.0
30,30,KNN,brute,15,uncalibrated,-0.118,1.0,0.0
30,30,KNN,brute,15,uncalibrated,-0.116,1.0,0.0
30,30,KNN,brute,15,uncalibrated,-0.114,0.0,0.0
30,30,KNN,brute,15,uncalibrated,-0.112,0.0,0.0
30,30,KNN,brute,15,uncalibrated,-0.11,0.0,0.0
30,30,KNN,brute,15,uncalibrated,-0.108,0.0,0.0
30,30,KNN,brute,17,uncalibrated,-0.128,1.0,0.0
30,30,KNN,brute,17,uncalibrated,-0.126,1.0,0.0
30,30,KNN,brute,17,uncalibrated,-0.124,1.0,0.0
30,30,KNN,brute,17,uncalibrated,-0.122,1.0,0.0
30,30,KNN,brute,17,uncalibrated,-0.12,1.0,0.0
30,30,KNN,brute,17,uncalibrated,-0.118,1.0,0.0
30,30,KNN,brute,17,uncalibrated,-0.116,1.0,0.0
30,30,KNN,brute,17,uncalibrated,-0.114,0.0,0.0
30,30,KNN,brute,17,uncalibrated,-0.112,0.0,0.0
30,30,KNN,brute,17,uncalibrated,-0.11,0.0,0.0
30,30,KNN,brute,17,uncalibrated,-0.108,0.0,0.0
30,30,KNN,brute,19,uncalibrated,-0.128,1.0,0.0
30,30,KNN,brute,19,uncalibrated,-0.126,1.0,0.0
30,30,KNN,brute,19,uncalibrated,-0.124,1.0,0.0
30,30,KNN,brute,19,uncalibrated,-0.122,1.0,0.0
30,30,KNN,brute,19,uncalibrated,-0.12,1.0,0.0
30,30,KNN,brute,19,uncalibrated,-0.118,1.0,0.0
30,30,KNN,brute,19,uncalibrated,-0.116,1.0,0.0
30,30,KNN,brute,19,uncalibrated,-0.114,0.0,0.0
30,30,KNN,brute,19,uncalibrated,-0.112,0.0,0.0
30,30,KNN,brute,19,uncalibrated,-0.11,0.0,0.0
30,30,KNN,brute,19,uncalibrated,-0.108,0.0,0.0
30,30,KNN,brute,21,uncalibrated,-0.128,1.0,0.0
30,30,KNN,brute,21,uncalibrated,-0.126,1.0,0.0
30,30,KNN,brute,21,uncalibrated,-0.124,1.0,0.0
30,30,KNN,brute,21,uncalibrated,-0.122,1.0,0.0
30,30,KNN,brute,21,uncalibrated,-0.12,1.0,0.0
30,30,KNN,brute,21,uncalibrated,-0.118,1.0,0.0
30,30,KNN,brute,21,uncalibrated,-0.116,1.0,0.0
30,30,KNN,brute,21,uncalibrated,-0.114,0.0,0.0
30,30,KNN,brute,21,uncalibrated,-0.112,0.0,0.0
30,30,KNN,brute,21,uncalibrated,-0.11,0.0,0.0
30,30,KNN,brute,21,uncalibrated,-0.108,0.0,0.0
30,30,KNN,brute,23,uncalibrated,-0.128,1.0,0.0
30,30,KNN,brute,23,uncalibrated,-0.126,1.0,0.0
30,30,KNN,brute,23,uncalibrated,-0.124,1.0,0.0
30,30,KNN,brute,23,uncalibrated,-0.122,1.0,0.0
30,30,KNN,brute,23,uncalibrated,-0.12,1.0,0.0
30,30,KNN,brute,23,uncalibrated,-0.118,1.0,0.0
30,30,KNN,brute,23,uncalibrated,-0.116,1.0,0.0
30,30,KNN,brute,23,uncalibrated,-0.114,0.0,0.0
30,30,KNN,brute,23,uncalibrated,-0.112,0.0,0.0
30,30,KNN,brute,23,uncalibrated,-0.11,0.0,0.0
30,30,KNN,brute,23,uncalibrated,-0.108,0.0,0.0
30,30,KNN,brute,25,uncalibrated,-0.128,1.0,0.0
30,30,KNN,brute,25,uncalibrated,-0.126,1.0,0.0
30,30,KNN,brute,25,uncalibrated,-0.124,1.0,0.0
30,30,KNN,brute,25,uncalibrated,-0.122,1.0,0.0
30,30,KNN,brute,25,uncalibrated,-0.12,1.0,0.0
30,30,KNN,brute,25,uncalibrated,-0.118,1.0,0.0
30,30,KNN,brute,25,uncalibrated,-0.116,1.0,0.0
30,30,KNN,brute,25,uncalibrated,-0.114,0.0,0.0
30,30,KNN,brute,25,uncalibrated,-0.112,0.0,0.0
30,30,KNN,brute,25,uncalibrated,-0.11,0.0,0.0
30,30,KNN,brute,25,uncalibrated,-0.108,0.0,0.0
30,30,KNN,brute,27,uncalibrated,-0.128,1.0,0.0
30,30,KNN,brute,27,uncalibrated,-0.126,1.0,0.0
30,30,KNN,brute,27,uncalibrated,-0.124,1.0,0.0
30,30,KNN,brute,27,uncalibrated,-0.122,1.0,0.0
30,30,KNN,brute,27,uncalibrated,-0.12,1.0,0.0
30,30,KNN,brute,27,uncalibrated,-0.118,1.0,0.0
30,30,KNN,brute,27,uncalibrated,-0.116,1.0,0.0
30,30,KNN,brute,27,uncalibrated,-0.114,0.0,0.0
30,30,KNN,brute,27,uncalibrated,-0.112,0.0,0.0
30,30,KNN,brute,27,uncalibrated,-0.11,0.0,0.0
30,30,KNN,brute,27,uncalibrated,-0.108,0.0,0.0
30,30,KNN,brute,29,uncalibrated,-0.128,1.0,0.0
30,30,KNN,brute,29,uncalibrated,-0.126,1.0,0.0
30,30,KNN,brute,29,uncalibrated,-0.124,1.0,0.0
30,30,KNN,brute,29,uncalibrated,-0.122,1.0,0.0
30,30,KNN,brute,29,uncalibrated,-0.12,1.0,0.0
30,30,KNN,brute,29,uncalibrated,-0.118,1.0,0.0
30,30,KNN,brute,29,uncalibrated,-0.116,1.0,0.0
30,30,KNN,brute,29,uncalibrated,-0.114,0.0,0.0
30,30,KNN,brute,29,uncalibrated,-0.112,0.0003024803387779794,0.00030248033877797935
30,30,KNN,brute,29,uncalibrated,-0.11,0.0,0.0
30,30,KNN,brute,29,uncalibrated,-0.108,0.0,0.0
30,30,KNN,brute,31,uncalibrated,-0.128,1.0,0.0
30,30,KNN,brute,31,uncalibrated,-0.126,1.0,0.0
30,30,KNN,brute,31,uncalibrated,-0.124,1.0,0.0
30,30,KNN,brute,31,uncalibrated,-0.122,1.0,0.0
30,30,KNN,brute,31,uncalibrated,-0.12,1.0,0.0
30,30,KNN,brute,31,uncalibrated,-0.118,1.0,0.0
30,30,KNN,brute,31,uncalibrated,-0.116,1.0,0.0
30,30,KNN,brute,31,uncalibrated,-0.114,0.0,0.0
30,30,KNN,brute,31,uncalibrated,-0.112,0.0005659309564233326,0.0005659309564233162
30,30,KNN,brute,31,uncalibrated,-0.11,0.0,0.0
30,30,KNN,brute,31,uncalibrated,-0.108,0.0,0.0
30,30,KNN,brute,33,uncalibrated,-0.128,1.0,0.0
30,30,KNN,brute,33,uncalibrated,-0.126,1.0,0.0
30,30,KNN,brute,33,uncalibrated,-0.124,1.0,0.0
30,30,KNN,brute,33,uncalibrated,-0.122,1.0,0.0
30,30,KNN,brute,33,uncalibrated,-0.12,1.0,0.0
30,30,KNN,brute,33,uncalibrated,-0.118,1.0,0.0
30,30,KNN,brute,33,uncalibrated,-0.116,1.0,0.0
30,30,KNN,brute,33,uncalibrated,-0.114,0.0,0.0
30,30,KNN,brute,33,uncalibrated,-0.112,0.0007974481658692266,0.0007974481658692183
30,30,KNN,brute,33,uncalibrated,-0.11,0.0,0.0
30,30,KNN,brute,33,uncalibrated,-0.108,0.0,0.0
30,30,KNN,brute,35,uncalibrated,-0.128,1.0,0.0
30,30,KNN,brute,35,uncalibrated,-0.126,1.0,0.0
30,30,KNN,brute,35,uncalibrated,-0.124,1.0,0.0
30,30,KNN,brute,35,uncalibrated,-0.122,1.0,0.0
30,30,KNN,brute,35,uncalibrated,-0.12,1.0,0.0
30,30,KNN,brute,35,uncalibrated,-0.118,1.0,0.0
30,30,KNN,brute,35,uncalibrated,-0.116,1.0,0.0
30,30,KNN,brute,35,uncalibrated,-0.114,0.0,0.0
30,30,KNN,brute,35,uncalibrated,-0.112,0.0010025062656641767,0.001002506265664161
30,30,KNN,brute,35,uncalibrated,-0.11,0.0,0.0
30,30,KNN,brute,35,uncalibrated,-0.108,0.0,0.0
30,30,KNN,brute,37,uncalibrated,-0.128,1.0,0.0
30,30,KNN,brute,37,uncalibrated,-0.126,1.0,0.0
30,30,KNN,brute,37,uncalibrated,-0.124,1.0,0.0
30,30,KNN,brute,37,uncalibrated,-0.122,1.0,0.0
30,30,KNN,brute,37,uncalibrated,-0.12,1.0,0.0
30,30,KNN,brute,37,uncalibrated,-0.118,1.0,0.0
30,30,KNN,brute,37,uncalibrated,-0.116,1.0,0.0
30,30,KNN,brute,37,uncalibrated,-0.114,0.0,0.0
30,30,KNN,brute,37,uncalibrated,-0.112,0.0011853959222380113,0.001185395922238028
30,30,KNN,brute,37,uncalibrated,-0.11,0.0,0.0
30,30,KNN,brute,37,uncalibrated,-0.108,0.0,0.0
30,30,KNN,brute,39,uncalibrated,-0.128,1.0,0.0
30,30,KNN,brute,39,uncalibrated,-0.126,1.0,0.0
30,30,KNN,brute,39,uncalibrated,-0.124,1.0,0.0
30,30,KNN,brute,39,uncalibrated,-0.122,1.0,0.0
30,30,KNN,brute,39,uncalibrated,-0.12,1.0,0.0
30,30,KNN,brute,39,uncalibrated,-0.118,1.0,0.0
30,30,KNN,brute,39,uncalibrated,-0.116,1.0,0.0
30,30,KNN,brute,39,uncalibrated,-0.114,0.0,0.0
30,30,KNN,brute,39,uncalibrated,-0.112,0.0013495276653171392,0.0013495276653171387
30,30,KNN,brute,39,uncalibrated,-0.11,0.0,0.0
30,30,KNN,brute,39,uncalibrated,-0.108,0.0,0.0
30,30,KNN,brute,41,uncalibrated,-0.128,1.0,0.0
30,30,KNN,brute,41,uncalibrated,-0.126,1.0,0.0
30,30,KNN,brute,41,uncalibrated,-0.124,1.0,0.0
30,30,KNN,brute,41,uncalibrated,-0.122,1.0,0.0
30,30,KNN,brute,41,uncalibrated,-0.12,1.0,0.0
30,30,KNN,brute,41,uncalibrated,-0.118,1.0,0.0
30,30,KNN,brute,41,uncalibrated,-0.116,1.0,0.0
30,30,KNN,brute,41,uncalibrated,-0.114,0.0,0.0
30,30,KNN,brute,41,uncalibrated,-0.112,0.0014976465554129227,0.0014976465554129232
30,30,KNN,brute,41,uncalibrated,-0.11,0.0,0.0
30,30,KNN,brute,41,uncalibrated,-0.108,0.0,0.0
30,30,KNN,brute,43,uncalibrated,-0.128,1.0,0.0
30,30,KNN,brute,43,uncalibrated,-0.126,1.0,0.0
30,30,KNN,brute,43,uncalibrated,-0.124,1.0,0.0
30,30,KNN,brute,43,uncalibrated,-0.122,1.0,0.0
30,30,KNN,brute,43,uncalibrated,-0.12,1.0,0.0
30,30,KNN,brute,43,uncalibrated,-0.118,1.0,0.0
30,30,KNN,brute,43,uncalibrated,-0.116,1.0,0.0
30,30,KNN,brute,43,uncalibrated,-0.114,0.0,0.0
30,30,KNN,brute,43,uncalibrated,-0.112,0.0017339861281110076,0.0016338134074272853
30,30,KNN,brute,43,uncalibrated,-0.11,0.0,0.0
30,30,KNN,brute,43,uncalibrated,-0.108,0.0,0.0
30,30,KNN,brute,45,uncalibrated,-0.128,1.0,0.0
30,30,KNN,brute,45,uncalibrated,-0.126,1.0,0.0
30,30,KNN,brute,45,uncalibrated,-0.124,1.0,0.0
30,30,KNN,brute,45,uncalibrated,-0.122,1.0,0.0
30,30,KNN,brute,45,uncalibrated,-0.12,1.0,0.0
30,30,KNN,brute,45,uncalibrated,-0.118,1.0,0.0
30,30,KNN,brute,45,uncalibrated,-0.116,1.0,0.0
30,30,KNN,brute,45,uncalibrated,-0.114,0.0,0.0
30,30,KNN,brute,45,uncalibrated,-0.112,0.0018949181739879143,0.0018949181739879412
30,30,KNN,brute,45,uncalibrated,-0.11,0.0,0.0
30,30,KNN,brute,45,uncalibrated,-0.108,0.0,0.0
30,30,KNN,brute,47,uncalibrated,-0.128,1.0,0.0
30,30,KNN,brute,47,uncalibrated,-0.126,1.0,0.0
30,30,KNN,brute,47,uncalibrated,-0.124,1.0,0.0
30,30,KNN,brute,47,uncalibrated,-0.122,1.0,0.0
30,30,KNN,brute,47,uncalibrated,-0.12,1.0,0.0
30,30,KNN,brute,47,uncalibrated,-0.118,1.0,0.0
30,30,KNN,brute,47,uncalibrated,-0.116,1.0,0.0
30,30,KNN,brute,47,uncalibrated,-0.114,0.0,0.0
30,30,KNN,brute,47,uncalibrated,-0.112,0.0023090879102754228,0.002309087910275441
30,30,KNN,brute,47,uncalibrated,-0.11,0.0,0.0
30,30,KNN,brute,47,uncalibrated,-0.108,0.0,0.0
30,30,KNN,brute,49,uncalibrated,-0.128,1.0,0.0
30,30,KNN,brute,49,uncalibrated,-0.126,1.0,0.0
30,30,KNN,brute,49,uncalibrated,-0.124,1.0,0.0
30,30,KNN,brute,49,uncalibrated,-0.122,1.0,0.0
30,30,KNN,brute,49,uncalibrated,-0.12,1.0,0.0
30,30,KNN,brute,49,uncalibrated,-0.118,1.0,0.0
30,30,KNN,brute,49,uncalibrated,-0.116,1.0,0.0
30,30,KNN,brute,49,uncalibrated,-0.114,0.0,0.0
30,30,KNN,brute,49,uncalibrated,-0.112,0.0026103464641670437,0.0026103464641670624
30,30,KNN,brute,49,uncalibrated,-0.11,0.0,0.0
30,30,KNN,brute,49,uncalibrated,-0.108,0.0,0.0
30,30,KNN,brute,51,uncalibrated,-0.128,1.0,0.0
30,30,KNN,brute,51,uncalibrated,-0.126,1.0,0.0
30,30,KNN,brute,51,uncalibrated,-0.124,1.0,0.0
30,30,KNN,brute,51,uncalibrated,-0.122,1.0,0.0
30,30,KNN,brute,51,uncalibrated,-0.12,1.0,0.0
30,30,KNN,brute,51,uncalibrated,-0.118,1.0,0.0
30,30,KNN,brute,51,uncalibrated,-0.116,1.0,0.0
30,30,KNN,brute,51,uncalibrated,-0.114,0.0,0.0
30,30,KNN,brute,51,uncalibrated,-0.112,0.0029639762881896944,0.002963976288189694
30,30,KNN,brute,51,uncalibrated,-0.11,0.0,0.0
30,30,KNN,brute,51,uncalibrated,-0.108,0.0,0.0
30,30,KNN,brute,61,uncalibrated,-0.128,1.0,0.0
30,30,KNN,brute,61,uncalibrated,-0.126,1.0,0.0
30,30,KNN,brute,61,uncalibrated,-0.124,1.0,0.0
30,30,KNN,brute,61,uncalibrated,-0.122,1.0,0.0
30,30,KNN,brute,61,uncalibrated,-0.12,1.0,0.0
30,30,KNN,brute,61,uncalibrated,-0.118,1.0,0.0
30,30,KNN,brute,61,uncalibrated,-0.116,1.0,0.0
30,30,KNN,brute,61,uncalibrated,-0.114,0.0,0.0
30,30,KNN,brute,61,uncalibrated,-0.112,0.004193671368661837,0.004193671368661836
30,30,KNN,brute,61,uncalibrated,-0.11,0.0,0.0
30,30,KNN,brute,61,uncalibrated,-0.108,0.0,0.0
30,30,KNN,brute,81,uncalibrated,-0.128,1.0,0.0
30,30,KNN,brute,81,uncalibrated,-0.126,1.0,0.0
30,30,KNN,brute,81,uncalibrated,-0.124,1.0,0.0
30,30,KNN,brute,81,uncalibrated,-0.122,1.0,0.0
30,30,KNN,brute,81,uncalibrated,-0.12,1.0,0.0
30,30,KNN,brute,81,uncalibrated,-0.118,1.0,0.0
30,30,KNN,brute,81,uncalibrated,-0.116,1.0,0.0
30,30,KNN,brute,81,uncalibrated,-0.114,0.00039824771007566744,0.000398247710075667
30,30,KNN,brute,81,uncalibrated,-0.112,0.005790027753852043,0.005741236268299341
30,30,KNN,brute,81,uncalibrated,-0.11,0.0,0.0
30,30,KNN,brute,81,uncalibrated,-0.108,0.0,0.0
30,30,KNN,brute,101,uncalibrated,-0.128,1.0,0.0
30,30,KNN,brute,101,uncalibrated,-0.126,1.0,0.0
30,30,KNN,brute,101,uncalibrated,-0.124,1.0,0.0
30,30,KNN,brute,101,uncalibrated,-0.122,1.0,0.0
30,30,KNN,brute,101,uncalibrated,-0.12,1.0,0.0
30,30,KNN,brute,101,uncalibrated,-0.118,1.0,0.0
30,30,KNN,brute,101,uncalibrated,-0.116,1.0,0.0
30,30,KNN,brute,101,uncalibrated,-0.114,0.0013573938038965185,0.0013573938038965185
30,30,KNN,brute,101,uncalibrated,-0.112,0.007905441706961393,0.007160876378264575
30,30,KNN,brute,101,uncalibrated,-0.11,0.0,0.0
30,30,KNN,brute,101,uncalibrated,-0.108,0.0,0.0
30,30,KNN,brute,151,uncalibrated,-0.128,1.0,0.0
30,30,KNN,brute,151,uncalibrated,-0.126,1.0,0.0
30,30,KNN,brute,151,uncalibrated,-0.124,1.0,0.0
30,30,KNN,brute,151,uncalibrated,-0.122,1.0,0.0
30,30,KNN,brute,151,uncalibrated,-0.12,1.0,0.0
30,30,KNN,brute,151,uncalibrated,-0.118,1.0,0.0
30,30,KNN,brute,151,uncalibrated,-0.116,1.0,0.0
30,30,KNN,brute,151,uncalibrated,-0.114,0.00488677632984405,0.004871534999021478
30,30,KNN,brute,151,uncalibrated,-0.112,0.011567030606765706,0.01126333083682116
30,30,KNN,brute,151,uncalibrated,-0.11,0.00019477989871445267,0.0001947798987144527
30,30,KNN,brute,151,uncalibrated,-0.108,0.0002323690019751365,0.00023236900197513648
30,30,KNN,brute,201,uncalibrated,-0.128,1.0,0.0
30,30,KNN,brute,201,uncalibrated,-0.126,1.0,0.0
30,30,KNN,brute,201,uncalibrated,-0.124,1.0,0.0
30,30,KNN,brute,201,uncalibrated,-0.122,1.0,0.0
30,30,KNN,brute,201,uncalibrated,-0.12,1.0,0.0
30,30,KNN,brute,201,uncalibrated,-0.118,1.0,0.0
30,30,KNN,brute,201,uncalibrated,-0.116,1.0,0.0
30,30,KNN,brute,201,uncalibrated,-0.114,0.008815920398009951,0.008293733788108715
30,30,KNN,brute,201,uncalibrated,-0.112,0.019244991259916633,0.017660419322359313
30,30,KNN,brute,201,uncalibrated,-0.11,0.0026704711735440444,0.002403490112075798
30,30,KNN,brute,201,uncalibrated,-0.108,0.0016388645010243011,0.0016388645010242905
20,20,KNN,auto,1,uncalibrated,-0.128,1.0,0.0
20,20,KNN,auto,1,uncalibrated,-0.126,1.0,0.0
20,20,KNN,auto,1,uncalibrated,-0.124,1.0,0.0
20,20,KNN,auto,1,uncalibrated,-0.122,1.0,0.0
20,20,KNN,auto,1,uncalibrated,-0.12,1.0,0.0
20,20,KNN,auto,1,uncalibrated,-0.118,1.0,0.0
20,20,KNN,auto,1,uncalibrated,-0.116,1.0,0.0
20,20,KNN,auto,1,uncalibrated,-0.114,0.0,0.0
20,20,KNN,auto,1,uncalibrated,-0.112,0.0,0.0
20,20,KNN,auto,1,uncalibrated,-0.11,0.0,0.0
20,20,KNN,auto,1,uncalibrated,-0.108,0.0,0.0
20,20,KNN,auto,3,uncalibrated,-0.128,1.0,0.0
20,20,KNN,auto,3,uncalibrated,-0.126,1.0,0.0
20,20,KNN,auto,3,uncalibrated,-0.124,1.0,0.0
20,20,KNN,auto,3,uncalibrated,-0.122,1.0,0.0
20,20,KNN,auto,3,uncalibrated,-0.12,1.0,0.0
20,20,KNN,auto,3,uncalibrated,-0.118,1.0,0.0
20,20,KNN,auto,3,uncalibrated,-0.116,1.0,0.0
20,20,KNN,auto,3,uncalibrated,-0.114,0.0,0.0
20,20,KNN,auto,3,uncalibrated,-0.112,0.0,0.0
20,20,KNN,auto,3,uncalibrated,-0.11,0.0,0.0
20,20,KNN,auto,3,uncalibrated,-0.108,0.0,0.0
20,20,KNN,auto,5,uncalibrated,-0.128,1.0,0.0
20,20,KNN,auto,5,uncalibrated,-0.126,1.0,0.0
20,20,KNN,auto,5,uncalibrated,-0.124,1.0,0.0
20,20,KNN,auto,5,uncalibrated,-0.122,1.0,0.0
20,20,KNN,auto,5,uncalibrated,-0.12,1.0,0.0
20,20,KNN,auto,5,uncalibrated,-0.118,1.0,0.0
20,20,KNN,auto,5,uncalibrated,-0.116,1.0,0.0
20,20,KNN,auto,5,uncalibrated,-0.114,0.0,0.0
20,20,KNN,auto,5,uncalibrated,-0.112,0.0,0.0
20,20,KNN,auto,5,uncalibrated,-0.11,0.0,0.0
20,20,KNN,auto,5,uncalibrated,-0.108,0.0,0.0
20,20,KNN,auto,7,uncalibrated,-0.128,1.0,0.0
20,20,KNN,auto,7,uncalibrated,-0.126,1.0,0.0
20,20,KNN,auto,7,uncalibrated,-0.124,1.0,0.0
20,20,KNN,auto,7,uncalibrated,-0.122,1.0,0.0
20,20,KNN,auto,7,uncalibrated,-0.12,1.0,0.0
20,20,KNN,auto,7,uncalibrated,-0.118,1.0,0.0
20,20,KNN,auto,7,uncalibrated,-0.116,1.0,0.0
20,20,KNN,auto,7,uncalibrated,-0.114,0.0,0.0
20,20,KNN,auto,7,uncalibrated,-0.112,0.0,0.0
20,20,KNN,auto,7,uncalibrated,-0.11,0.0,0.0
20,20,KNN,auto,7,uncalibrated,-0.108,0.0,0.0
20,20,KNN,auto,9,uncalibrated,-0.128,1.0,0.0
20,20,KNN,auto,9,uncalibrated,-0.126,1.0,0.0
20,20,KNN,auto,9,uncalibrated,-0.124,1.0,0.0
20,20,KNN,auto,9,uncalibrated,-0.122,1.0,0.0
20,20,KNN,auto,9,uncalibrated,-0.12,1.0,0.0
20,20,KNN,auto,9,uncalibrated,-0.118,1.0,0.0
20,20,KNN,auto,9,uncalibrated,-0.116,1.0,0.0
20,20,KNN,auto,9,uncalibrated,-0.114,0.0,0.0
20,20,KNN,auto,9,uncalibrated,-0.112,0.0,0.0
20,20,KNN,auto,9,uncalibrated,-0.11,0.0,0.0
20,20,KNN,auto,9,uncalibrated,-0.108,0.0,0.0
20,20,KNN,auto,11,uncalibrated,-0.128,1.0,0.0
20,20,KNN,auto,11,uncalibrated,-0.126,1.0,0.0
20,20,KNN,auto,11,uncalibrated,-0.124,1.0,0.0
20,20,KNN,auto,11,uncalibrated,-0.122,1.0,0.0
20,20,KNN,auto,11,uncalibrated,-0.12,1.0,0.0
20,20,KNN,auto,11,uncalibrated,-0.118,1.0,0.0
20,20,KNN,auto,11,uncalibrated,-0.116,1.0,0.0
20,20,KNN,auto,11,uncalibrated,-0.114,0.0,0.0
20,20,KNN,auto,11,uncalibrated,-0.112,0.0,0.0
20,20,KNN,auto,11,uncalibrated,-0.11,0.0,0.0
20,20,KNN,auto,11,uncalibrated,-0.108,0.0,0.0
20,20,KNN,auto,13,uncalibrated,-0.128,1.0,0.0
20,20,KNN,auto,13,uncalibrated,-0.126,1.0,0.0
20,20,KNN,auto,13,uncalibrated,-0.124,1.0,0.0
20,20,KNN,auto,13,uncalibrated,-0.122,1.0,0.0
20,20,KNN,auto,13,uncalibrated,-0.12,1.0,0.0
20,20,KNN,auto,13,uncalibrated,-0.118,1.0,0.0
20,20,KNN,auto,13,uncalibrated,-0.116,1.0,0.0
20,20,KNN,auto,13,uncalibrated,-0.114,0.0,0.0
20,20,KNN,auto,13,uncalibrated,-0.112,0.0,0.0
20,20,KNN,auto,13,uncalibrated,-0.11,0.0,0.0
20,20,KNN,auto,13,uncalibrated,-0.108,0.0,0.0
20,20,KNN,auto,15,uncalibrated,-0.128,1.0,0.0
20,20,KNN,auto,15,uncalibrated,-0.126,1.0,0.0
20,20,KNN,auto,15,uncalibrated,-0.124,1.0,0.0
20,20,KNN,auto,15,uncalibrated,-0.122,1.0,0.0
20,20,KNN,auto,15,uncalibrated,-0.12,1.0,0.0
20,20,KNN,auto,15,uncalibrated,-0.118,1.0,0.0
20,20,KNN,auto,15,uncalibrated,-0.116,1.0,0.0
20,20,KNN,auto,15,uncalibrated,-0.114,0.0,0.0
20,20,KNN,auto,15,uncalibrated,-0.112,0.0,0.0
20,20,KNN,auto,15,uncalibrated,-0.11,0.0,0.0
20,20,KNN,auto,15,uncalibrated,-0.108,0.0,0.0
20,20,KNN,auto,17,uncalibrated,-0.128,1.0,0.0
20,20,KNN,auto,17,uncalibrated,-0.126,1.0,0.0
20,20,KNN,auto,17,uncalibrated,-0.124,1.0,0.0
20,20,KNN,auto,17,uncalibrated,-0.122,1.0,0.0
20,20,KNN,auto,17,uncalibrated,-0.12,1.0,0.0
20,20,KNN,auto,17,uncalibrated,-0.118,1.0,0.0
20,20,KNN,auto,17,uncalibrated,-0.116,1.0,0.0
20,20,KNN,auto,17,uncalibrated,-0.114,0.0,0.0
20,20,KNN,auto,17,uncalibrated,-0.112,0.0,0.0
20,20,KNN,auto,17,uncalibrated,-0.11,0.0,0.0
20,20,KNN,auto,17,uncalibrated,-0.108,0.0,0.0
20,20,KNN,auto,19,uncalibrated,-0.128,1.0,0.0
20,20,KNN,auto,19,uncalibrated,-0.126,1.0,0.0
20,20,KNN,auto,19,uncalibrated,-0.124,1.0,0.0
20,20,KNN,auto,19,uncalibrated,-0.122,1.0,0.0
20,20,KNN,auto,19,uncalibrated,-0.12,1.0,0.0
20,20,KNN,auto,19,uncalibrated,-0.118,1.0,0.0
20,20,KNN,auto,19,uncalibrated,-0.116,1.0,0.0
20,20,KNN,auto,19,uncalibrated,-0.114,0.0,0.0
20,20,KNN,auto,19,uncalibrated,-0.112,0.0,0.0
20,20,KNN,auto,19,uncalibrated,-0.11,0.0,0.0
20,20,KNN,auto,19,uncalibrated,-0.108,0.0,0.0
20,20,KNN,auto,21,uncalibrated,-0.128,1.0,0.0
20,20,KNN,auto,21,uncalibrated,-0.126,1.0,0.0
20,20,KNN,auto,21,uncalibrated,-0.124,1.0,0.0
20,20,KNN,auto,21,uncalibrated,-0.122,1.0,0.0
20,20,KNN,auto,21,uncalibrated,-0.12,1.0,0.0
20,20,KNN,auto,21,uncalibrated,-0.118,1.0,0.0
20,20,KNN,auto,21,uncalibrated,-0.116,1.0,0.0
20,20,KNN,auto,21,uncalibrated,-0.114,0.0,0.0
20,20,KNN,auto,21,uncalibrated,-0.112,0.0,0.0
20,20,KNN,auto,21,uncalibrated,-0.11,0.0,0.0
20,20,KNN,auto,21,uncalibrated,-0.108,0.0,0.0
20,20,KNN,auto,23,uncalibrated,-0.128,1.0,0.0
20,20,KNN,auto,23,uncalibrated,-0.126,1.0,0.0
20,20,KNN,auto,23,uncalibrated,-0.124,1.0,0.0
20,20,KNN,auto,23,uncalibrated,-0.122,1.0,0.0
20,20,KNN,auto,23,uncalibrated,-0.12,1.0,0.0
20,20,KNN,auto,23,uncalibrated,-0.118,1.0,0.0
20,20,KNN,auto,23,uncalibrated,-0.116,1.0,0.0
20,20,KNN,auto,23,uncalibrated,-0.114,0.0,0.0
20,20,KNN,auto,23,uncalibrated,-0.112,0.0,0.0
20,20,KNN,auto,23,uncalibrated,-0.11,0.0,0.0
20,20,KNN,auto,23,uncalibrated,-0.108,0.0,0.0
20,20,KNN,auto,25,uncalibrated,-0.128,1.0,0.0
20,20,KNN,auto,25,uncalibrated,-0.126,1.0,0.0
20,20,KNN,auto,25,uncalibrated,-0.124,1.0,0.0
20,20,KNN,auto,25,uncalibrated,-0.122,1.0,0.0
20,20,KNN,auto,25,uncalibrated,-0.12,1.0,0.0
20,20,KNN,auto,25,uncalibrated,-0.118,1.0,0.0
20,20,KNN,auto,25,uncalibrated,-0.116,1.0,0.0
20,20,KNN,auto,25,uncalibrated,-0.114,0.0,0.0
20,20,KNN,auto,25,uncalibrated,-0.112,0.0,0.0
20,20,KNN,auto,25,uncalibrated,-0.11,0.0,0.0
20,20,KNN,auto,25,uncalibrated,-0.108,0.0,0.0
20,20,KNN,auto,27,uncalibrated,-0.128,1.0,0.0
20,20,KNN,auto,27,uncalibrated,-0.126,1.0,0.0
20,20,KNN,auto,27,uncalibrated,-0.124,1.0,0.0
20,20,KNN,auto,27,uncalibrated,-0.122,1.0,0.0
20,20,KNN,auto,27,uncalibrated,-0.12,1.0,0.0
20,20,KNN,auto,27,uncalibrated,-0.118,1.0,0.0
20,20,KNN,auto,27,uncalibrated,-0.116,1.0,0.0
20,20,KNN,auto,27,uncalibrated,-0.114,0.0,0.0
20,20,KNN,auto,27,uncalibrated,-0.112,0.0,0.0
20,20,KNN,auto,27,uncalibrated,-0.11,0.0,0.0
20,20,KNN,auto,27,uncalibrated,-0.108,0.0,0.0
20,20,KNN,auto,29,uncalibrated,-0.128,1.0,0.0
20,20,KNN,auto,29,uncalibrated,-0.126,1.0,0.0
20,20,KNN,auto,29,uncalibrated,-0.124,1.0,0.0
20,20,KNN,auto,29,uncalibrated,-0.122,1.0,0.0
20,20,KNN,auto,29,uncalibrated,-0.12,1.0,0.0
20,20,KNN,auto,29,uncalibrated,-0.118,1.0,0.0
20,20,KNN,auto,29,uncalibrated,-0.116,1.0,0.0
20,20,KNN,auto,29,uncalibrated,-0.114,0.0,0.0
20,20,KNN,auto,29,uncalibrated,-0.112,0.0001512401693889897,0.00015124016938898967
20,20,KNN,auto,29,uncalibrated,-0.11,0.0,0.0
20,20,KNN,auto,29,uncalibrated,-0.108,0.0,0.0
20,20,KNN,auto,31,uncalibrated,-0.128,1.0,0.0
20,20,KNN,auto,31,uncalibrated,-0.126,1.0,0.0
20,20,KNN,auto,31,uncalibrated,-0.124,1.0,0.0
20,20,KNN,auto,31,uncalibrated,-0.122,1.0,0.0
20,20,KNN,auto,31,uncalibrated,-0.12,1.0,0.0
20,20,KNN,auto,31,uncalibrated,-0.118,1.0,0.0
20,20,KNN,auto,31,uncalibrated,-0.116,1.0,0.0
20,20,KNN,auto,31,uncalibrated,-0.114,0.0,0.0
20,20,KNN,auto,31,uncalibrated,-0.112,0.0002829654782116663,0.0002829654782116581
20,20,KNN,auto,31,uncalibrated,-0.11,0.0,0.0
20,20,KNN,auto,31,uncalibrated,-0.108,0.0,0.0
20,20,KNN,auto,33,uncalibrated,-0.128,1.0,0.0
20,20,KNN,auto,33,uncalibrated,-0.126,1.0,0.0
20,20,KNN,auto,33,uncalibrated,-0.124,1.0,0.0
20,20,KNN,auto,33,uncalibrated,-0.122,1.0,0.0
20,20,KNN,auto,33,uncalibrated,-0.12,1.0,0.0
20,20,KNN,auto,33,uncalibrated,-0.118,1.0,0.0
20,20,KNN,auto,33,uncalibrated,-0.116,1.0,0.0
20,20,KNN,auto,33,uncalibrated,-0.114,0.0,0.0
20,20,KNN,auto,33,uncalibrated,-0.112,0.0003987240829346133,0.00039872408293460914
20,20,KNN,auto,33,uncalibrated,-0.11,0.0,0.0
20,20,KNN,auto,33,uncalibrated,-0.108,0.0,0.0
20,20,KNN,auto,35,uncalibrated,-0.128,1.0,0.0
20,20,KNN,auto,35,uncalibrated,-0.126,1.0,0.0
20,20,KNN,auto,35,uncalibrated,-0.124,1.0,0.0
20,20,KNN,auto,35,uncalibrated,-0.122,1.0,0.0
20,20,KNN,auto,35,uncalibrated,-0.12,1.0,0.0
20,20,KNN,auto,35,uncalibrated,-0.118,1.0,0.0
20,20,KNN,auto,35,uncalibrated,-0.116,1.0,0.0
20,20,KNN,auto,35,uncalibrated,-0.114,0.0,0.0
20,20,KNN,auto,35,uncalibrated,-0.112,0.0005012531328320883,0.0005012531328320805
20,20,KNN,auto,35,uncalibrated,-0.11,0.0,0.0
20,20,KNN,auto,35,uncalibrated,-0.108,0.0,0.0
20,20,KNN,auto,37,uncalibrated,-0.128,1.0,0.0
20,20,KNN,auto,37,uncalibrated,-0.126,1.0,0.0
20,20,KNN,auto,37,uncalibrated,-0.124,1.0,0.0
20,20,KNN,auto,37,uncalibrated,-0.122,1.0,0.0
20,20,KNN,auto,37,uncalibrated,-0.12,1.0,0.0
20,20,KNN,auto,37,uncalibrated,-0.118,1.0,0.0
20,20,KNN,auto,37,uncalibrated,-0.116,1.0,0.0
20,20,KNN,auto,37,uncalibrated,-0.114,0.0,0.0
20,20,KNN,auto,37,uncalibrated,-0.112,0.0007112375533428247,0.000711237553342817
20,20,KNN,auto,37,uncalibrated,-0.11,0.0,0.0
20,20,KNN,auto,37,uncalibrated,-0.108,0.0,0.0
20,20,KNN,auto,39,uncalibrated,-0.128,1.0,0.0
20,20,KNN,auto,39,uncalibrated,-0.126,1.0,0.0
20,20,KNN,auto,39,uncalibrated,-0.124,1.0,0.0
20,20,KNN,auto,39,uncalibrated,-0.122,1.0,0.0
20,20,KNN,auto,39,uncalibrated,-0.12,1.0,0.0
20,20,KNN,auto,39,uncalibrated,-0.118,1.0,0.0
20,20,KNN,auto,39,uncalibrated,-0.116,1.0,0.0
20,20,KNN,auto,39,uncalibrated,-0.114,0.0,0.0
20,20,KNN,auto,39,uncalibrated,-0.112,0.0009938382031405195,0.0009938382031405282
20,20,KNN,auto,39,uncalibrated,-0.11,0.0,0.0
20,20,KNN,auto,39,uncalibrated,-0.108,0.0,0.0
20,20,KNN,auto,41,uncalibrated,-0.128,1.0,0.0
20,20,KNN,auto,41,uncalibrated,-0.126,1.0,0.0
20,20,KNN,auto,41,uncalibrated,-0.124,1.0,0.0
20,20,KNN,auto,41,uncalibrated,-0.122,1.0,0.0
20,20,KNN,auto,41,uncalibrated,-0.12,1.0,0.0
20,20,KNN,auto,41,uncalibrated,-0.118,1.0,0.0
20,20,KNN,auto,41,uncalibrated,-0.116,1.0,0.0
20,20,KNN,auto,41,uncalibrated,-0.114,0.0,0.0
20,20,KNN,auto,41,uncalibrated,-0.112,0.0012289657780298825,0.0012289657780298734
20,20,KNN,auto,41,uncalibrated,-0.11,0.0,0.0
20,20,KNN,auto,41,uncalibrated,-0.108,0.0,0.0
20,20,KNN,auto,43,uncalibrated,-0.128,1.0,0.0
20,20,KNN,auto,43,uncalibrated,-0.126,1.0,0.0
20,20,KNN,auto,43,uncalibrated,-0.124,1.0,0.0
20,20,KNN,auto,43,uncalibrated,-0.122,1.0,0.0
20,20,KNN,auto,43,uncalibrated,-0.12,1.0,0.0
20,20,KNN,auto,43,uncalibrated,-0.118,1.0,0.0
20,20,KNN,auto,43,uncalibrated,-0.116,1.0,0.0
20,20,KNN,auto,43,uncalibrated,-0.114,0.0,0.0
20,20,KNN,auto,43,uncalibrated,-0.112,0.0016224986479177934,0.0016224986479177936
20,20,KNN,auto,43,uncalibrated,-0.11,0.0,0.0
20,20,KNN,auto,43,uncalibrated,-0.108,0.0,0.0
20,20,KNN,auto,45,uncalibrated,-0.128,1.0,0.0
20,20,KNN,auto,45,uncalibrated,-0.126,1.0,0.0
20,20,KNN,auto,45,uncalibrated,-0.124,1.0,0.0
20,20,KNN,auto,45,uncalibrated,-0.122,1.0,0.0
20,20,KNN,auto,45,uncalibrated,-0.12,1.0,0.0
20,20,KNN,auto,45,uncalibrated,-0.118,1.0,0.0
20,20,KNN,auto,45,uncalibrated,-0.116,1.0,0.0
20,20,KNN,auto,45,uncalibrated,-0.114,0.0,0.0
20,20,KNN,auto,45,uncalibrated,-0.112,0.0019810508182601387,0.0019810508182601196
20,20,KNN,auto,45,uncalibrated,-0.11,0.0,0.0
20,20,KNN,auto,45,uncalibrated,-0.108,0.0,0.0
20,20,KNN,auto,47,uncalibrated,-0.128,1.0,0.0
20,20,KNN,auto,47,uncalibrated,-0.126,1.0,0.0
20,20,KNN,auto,47,uncalibrated,-0.124,1.0,0.0
20,20,KNN,auto,47,uncalibrated,-0.122,1.0,0.0
20,20,KNN,auto,47,uncalibrated,-0.12,1.0,0.0
20,20,KNN,auto,47,uncalibrated,-0.118,1.0,0.0
20,20,KNN,auto,47,uncalibrated,-0.116,1.0,0.0
20,20,KNN,auto,47,uncalibrated,-0.114,0.0,0.0
20,20,KNN,auto,47,uncalibrated,-0.112,0.0023090879102754228,0.002309087910275441
20,20,KNN,auto,47,uncalibrated,-0.11,0.0,0.0
20,20,KNN,auto,47,uncalibrated,-0.108,0.0,0.0
20,20,KNN,auto,49,uncalibrated,-0.128,1.0,0.0
20,20,KNN,auto,49,uncalibrated,-0.126,1.0,0.0
20,20,KNN,auto,49,uncalibrated,-0.124,1.0,0.0
20,20,KNN,auto,49,uncalibrated,-0.122,1.0,0.0
20,20,KNN,auto,49,uncalibrated,-0.12,1.0,0.0
20,20,KNN,auto,49,uncalibrated,-0.118,1.0,0.0
20,20,KNN,auto,49,uncalibrated,-0.116,1.0,0.0
20,20,KNN,auto,49,uncalibrated,-0.114,0.0,0.0
20,20,KNN,auto,49,uncalibrated,-0.112,0.0026894478721721246,0.0026894478721721246
20,20,KNN,auto,49,uncalibrated,-0.11,0.0,0.0
20,20,KNN,auto,49,uncalibrated,-0.108,0.0,0.0
20,20,KNN,auto,51,uncalibrated,-0.128,1.0,0.0
20,20,KNN,auto,51,uncalibrated,-0.126,1.0,0.0
20,20,KNN,auto,51,uncalibrated,-0.124,1.0,0.0
20,20,KNN,auto,51,uncalibrated,-0.122,1.0,0.0
20,20,KNN,auto,51,uncalibrated,-0.12,1.0,0.0
20,20,KNN,auto,51,uncalibrated,-0.118,1.0,0.0
20,20,KNN,auto,51,uncalibrated,-0.116,1.0,0.0
20,20,KNN,auto,51,uncalibrated,-0.114,0.0,0.0
20,20,KNN,auto,51,uncalibrated,-0.112,0.0030399756801945768,0.0030399756801945585
20,20,KNN,auto,51,uncalibrated,-0.11,0.0,0.0
20,20,KNN,auto,51,uncalibrated,-0.108,0.0,0.0
20,20,KNN,auto,61,uncalibrated,-0.128,1.0,0.0
20,20,KNN,auto,61,uncalibrated,-0.126,1.0,0.0
20,20,KNN,auto,61,uncalibrated,-0.124,1.0,0.0
20,20,KNN,auto,61,uncalibrated,-0.122,1.0,0.0
20,20,KNN,auto,61,uncalibrated,-0.12,1.0,0.0
20,20,KNN,auto,61,uncalibrated,-0.118,1.0,0.0
20,20,KNN,auto,61,uncalibrated,-0.116,1.0,0.0
20,20,KNN,auto,61,uncalibrated,-0.114,0.0,0.0
20,20,KNN,auto,61,uncalibrated,-0.112,0.00425721184394463,0.004257211843944594
20,20,KNN,auto,61,uncalibrated,-0.11,0.0,0.0
20,20,KNN,auto,61,uncalibrated,-0.108,0.0,0.0
20,20,KNN,auto,81,uncalibrated,-0.128,1.0,0.0
20,20,KNN,auto,81,uncalibrated,-0.126,1.0,0.0
20,20,KNN,auto,81,uncalibrated,-0.124,1.0,0.0
20,20,KNN,auto,81,uncalibrated,-0.122,1.0,0.0
20,20,KNN,auto,81,uncalibrated,-0.12,1.0,0.0
20,20,KNN,auto,81,uncalibrated,-0.118,1.0,0.0
20,20,KNN,auto,81,uncalibrated,-0.116,1.0,0.0
20,20,KNN,auto,81,uncalibrated,-0.114,0.0,0.0
20,20,KNN,auto,81,uncalibrated,-0.112,0.0059814336300124775,0.0059814336300124385
20,20,KNN,auto,81,uncalibrated,-0.11,0.0,0.0
20,20,KNN,auto,81,uncalibrated,-0.108,0.0,0.0
20,20,KNN,auto,101,uncalibrated,-0.128,1.0,0.0
20,20,KNN,auto,101,uncalibrated,-0.126,1.0,0.0
20,20,KNN,auto,101,uncalibrated,-0.124,1.0,0.0
20,20,KNN,auto,101,uncalibrated,-0.122,1.0,0.0
20,20,KNN,auto,101,uncalibrated,-0.12,1.0,0.0
20,20,KNN,auto,101,uncalibrated,-0.118,1.0,0.0
20,20,KNN,auto,101,uncalibrated,-0.116,1.0,0.0
20,20,KNN,auto,101,uncalibrated,-0.114,0.0002828854314002829,0.00028288543140028276
20,20,KNN,auto,101,uncalibrated,-0.112,0.007867065776345076,0.007373188118162287
20,20,KNN,auto,101,uncalibrated,-0.11,0.0,0.0
20,20,KNN,auto,101,uncalibrated,-0.108,0.0,0.0
20,20,KNN,auto,151,uncalibrated,-0.128,1.0,0.0
20,20,KNN,auto,151,uncalibrated,-0.126,1.0,0.0
20,20,KNN,auto,151,uncalibrated,-0.124,1.0,0.0
20,20,KNN,auto,151,uncalibrated,-0.122,1.0,0.0
20,20,KNN,auto,151,uncalibrated,-0.12,1.0,0.0
20,20,KNN,auto,151,uncalibrated,-0.118,1.0,0.0
20,20,KNN,auto,151,uncalibrated,-0.116,1.0,0.0
20,20,KNN,auto,151,uncalibrated,-0.114,0.002149647511215552,0.002149647511215552
20,20,KNN,auto,151,uncalibrated,-0.112,0.01163539367181754,0.011367496178577807
20,20,KNN,auto,151,uncalibrated,-0.11,0.0,0.0
20,20,KNN,auto,151,uncalibrated,-0.108,0.0006680608806785093,0.0006680608806785176
20,20,KNN,auto,201,uncalibrated,-0.128,1.0,0.0
20,20,KNN,auto,201,uncalibrated,-0.126,1.0,0.0
20,20,KNN,auto,201,uncalibrated,-0.124,1.0,0.0
20,20,KNN,auto,201,uncalibrated,-0.122,1.0,0.0
20,20,KNN,auto,201,uncalibrated,-0.12,1.0,0.0
20,20,KNN,auto,201,uncalibrated,-0.118,1.0,0.0
20,20,KNN,auto,201,uncalibrated,-0.116,1.0,0.0
20,20,KNN,auto,201,uncalibrated,-0.114,0.00612399848148814,0.005959919917326665
20,20,KNN,auto,201,uncalibrated,-0.112,0.01857267715476668,0.01749236087198801
20,20,KNN,auto,201,uncalibrated,-0.11,0.0002743634767339771,0.0002246269648487337
20,20,KNN,auto,201,uncalibrated,-0.108,0.0017169056677397436,0.001716905667739733
20,20,KNN,kd_tree,1,uncalibrated,-0.128,1.0,0.0
20,20,KNN,kd_tree,1,uncalibrated,-0.126,1.0,0.0
20,20,KNN,kd_tree,1,uncalibrated,-0.124,1.0,0.0
20,20,KNN,kd_tree,1,uncalibrated,-0.122,1.0,0.0
20,20,KNN,kd_tree,1,uncalibrated,-0.12,1.0,0.0
20,20,KNN,kd_tree,1,uncalibrated,-0.118,1.0,0.0
20,20,KNN,kd_tree,1,uncalibrated,-0.116,1.0,0.0
20,20,KNN,kd_tree,1,uncalibrated,-0.114,0.0,0.0
20,20,KNN,kd_tree,1,uncalibrated,-0.112,0.0,0.0
20,20,KNN,kd_tree,1,uncalibrated,-0.11,0.0,0.0
20,20,KNN,kd_tree,1,uncalibrated,-0.108,0.0,0.0
20,20,KNN,kd_tree,3,uncalibrated,-0.128,1.0,0.0
20,20,KNN,kd_tree,3,uncalibrated,-0.126,1.0,0.0
20,20,KNN,kd_tree,3,uncalibrated,-0.124,1.0,0.0
20,20,KNN,kd_tree,3,uncalibrated,-0.122,1.0,0.0
20,20,KNN,kd_tree,3,uncalibrated,-0.12,1.0,0.0
20,20,KNN,kd_tree,3,uncalibrated,-0.118,1.0,0.0
20,20,KNN,kd_tree,3,uncalibrated,-0.116,1.0,0.0
20,20,KNN,kd_tree,3,uncalibrated,-0.114,0.0,0.0
20,20,KNN,kd_tree,3,uncalibrated,-0.112,0.0,0.0
20,20,KNN,kd_tree,3,uncalibrated,-0.11,0.0,0.0
20,20,KNN,kd_tree,3,uncalibrated,-0.108,0.0,0.0
20,20,KNN,kd_tree,5,uncalibrated,-0.128,1.0,0.0
20,20,KNN,kd_tree,5,uncalibrated,-0.126,1.0,0.0
20,20,KNN,kd_tree,5,uncalibrated,-0.124,1.0,0.0
20,20,KNN,kd_tree,5,uncalibrated,-0.122,1.0,0.0
20,20,KNN,kd_tree,5,uncalibrated,-0.12,1.0,0.0
20,20,KNN,kd_tree,5,uncalibrated,-0.118,1.0,0.0
20,20,KNN,kd_tree,5,uncalibrated,-0.116,1.0,0.0
20,20,KNN,kd_tree,5,uncalibrated,-0.114,0.0,0.0
20,20,KNN,kd_tree,5,uncalibrated,-0.112,0.0,0.0
20,20,KNN,kd_tree,5,uncalibrated,-0.11,0.0,0.0
20,20,KNN,kd_tree,5,uncalibrated,-0.108,0.0,0.0
20,20,KNN,kd_tree,7,uncalibrated,-0.128,1.0,0.0
20,20,KNN,kd_tree,7,uncalibrated,-0.126,1.0,0.0
20,20,KNN,kd_tree,7,uncalibrated,-0.124,1.0,0.0
20,20,KNN,kd_tree,7,uncalibrated,-0.122,1.0,0.0
20,20,KNN,kd_tree,7,uncalibrated,-0.12,1.0,0.0
20,20,KNN,kd_tree,7,uncalibrated,-0.118,1.0,0.0
20,20,KNN,kd_tree,7,uncalibrated,-0.116,1.0,0.0
20,20,KNN,kd_tree,7,uncalibrated,-0.114,0.0,0.0
20,20,KNN,kd_tree,7,uncalibrated,-0.112,0.0,0.0
20,20,KNN,kd_tree,7,uncalibrated,-0.11,0.0,0.0
20,20,KNN,kd_tree,7,uncalibrated,-0.108,0.0,0.0
20,20,KNN,kd_tree,9,uncalibrated,-0.128,1.0,0.0
20,20,KNN,kd_tree,9,uncalibrated,-0.126,1.0,0.0
20,20,KNN,kd_tree,9,uncalibrated,-0.124,1.0,0.0
20,20,KNN,kd_tree,9,uncalibrated,-0.122,1.0,0.0
20,20,KNN,kd_tree,9,uncalibrated,-0.12,1.0,0.0
20,20,KNN,kd_tree,9,uncalibrated,-0.118,1.0,0.0
20,20,KNN,kd_tree,9,uncalibrated,-0.116,1.0,0.0
20,20,KNN,kd_tree,9,uncalibrated,-0.114,0.0,0.0
20,20,KNN,kd_tree,9,uncalibrated,-0.112,0.0,0.0
20,20,KNN,kd_tree,9,uncalibrated,-0.11,0.0,0.0
20,20,KNN,kd_tree,9,uncalibrated,-0.108,0.0,0.0
20,20,KNN,kd_tree,11,uncalibrated,-0.128,1.0,0.0
20,20,KNN,kd_tree,11,uncalibrated,-0.126,1.0,0.0
20,20,KNN,kd_tree,11,uncalibrated,-0.124,1.0,0.0
20,20,KNN,kd_tree,11,uncalibrated,-0.122,1.0,0.0
20,20,KNN,kd_tree,11,uncalibrated,-0.12,1.0,0.0
20,20,KNN,kd_tree,11,uncalibrated,-0.118,1.0,0.0
20,20,KNN,kd_tree,11,uncalibrated,-0.116,1.0,0.0
20,20,KNN,kd_tree,11,uncalibrated,-0.114,0.0,0.0
20,20,KNN,kd_tree,11,uncalibrated,-0.112,0.0,0.0
20,20,KNN,kd_tree,11,uncalibrated,-0.11,0.0,0.0
20,20,KNN,kd_tree,11,uncalibrated,-0.108,0.0,0.0
20,20,KNN,kd_tree,13,uncalibrated,-0.128,1.0,0.0
20,20,KNN,kd_tree,13,uncalibrated,-0.126,1.0,0.0
20,20,KNN,kd_tree,13,uncalibrated,-0.124,1.0,0.0
20,20,KNN,kd_tree,13,uncalibrated,-0.122,1.0,0.0
20,20,KNN,kd_tree,13,uncalibrated,-0.12,1.0,0.0
20,20,KNN,kd_tree,13,uncalibrated,-0.118,1.0,0.0
20,20,KNN,kd_tree,13,uncalibrated,-0.116,1.0,0.0
20,20,KNN,kd_tree,13,uncalibrated,-0.114,0.0,0.0
20,20,KNN,kd_tree,13,uncalibrated,-0.112,0.0,0.0
20,20,KNN,kd_tree,13,uncalibrated,-0.11,0.0,0.0
20,20,KNN,kd_tree,13,uncalibrated,-0.108,0.0,0.0
20,20,KNN,kd_tree,15,uncalibrated,-0.128,1.0,0.0
20,20,KNN,kd_tree,15,uncalibrated,-0.126,1.0,0.0
20,20,KNN,kd_tree,15,uncalibrated,-0.124,1.0,0.0
20,20,KNN,kd_tree,15,uncalibrated,-0.122,1.0,0.0
20,20,KNN,kd_tree,15,uncalibrated,-0.12,1.0,0.0
20,20,KNN,kd_tree,15,uncalibrated,-0.118,1.0,0.0
20,20,KNN,kd_tree,15,uncalibrated,-0.116,1.0,0.0
20,20,KNN,kd_tree,15,uncalibrated,-0.114,0.0,0.0
20,20,KNN,kd_tree,15,uncalibrated,-0.112,0.0,0.0
20,20,KNN,kd_tree,15,uncalibrated,-0.11,0.0,0.0
20,20,KNN,kd_tree,15,uncalibrated,-0.108,0.0,0.0
20,20,KNN,kd_tree,17,uncalibrated,-0.128,1.0,0.0
20,20,KNN,kd_tree,17,uncalibrated,-0.126,1.0,0.0
20,20,KNN,kd_tree,17,uncalibrated,-0.124,1.0,0.0
20,20,KNN,kd_tree,17,uncalibrated,-0.122,1.0,0.0
20,20,KNN,kd_tree,17,uncalibrated,-0.12,1.0,0.0
20,20,KNN,kd_tree,17,uncalibrated,-0.118,1.0,0.0
20,20,KNN,kd_tree,17,uncalibrated,-0.116,1.0,0.0
20,20,KNN,kd_tree,17,uncalibrated,-0.114,0.0,0.0
20,20,KNN,kd_tree,17,uncalibrated,-0.112,0.0,0.0
20,20,KNN,kd_tree,17,uncalibrated,-0.11,0.0,0.0
20,20,KNN,kd_tree,17,uncalibrated,-0.108,0.0,0.0
20,20,KNN,kd_tree,19,uncalibrated,-0.128,1.0,0.0
20,20,KNN,kd_tree,19,uncalibrated,-0.126,1.0,0.0
20,20,KNN,kd_tree,19,uncalibrated,-0.124,1.0,0.0
20,20,KNN,kd_tree,19,uncalibrated,-0.122,1.0,0.0
20,20,KNN,kd_tree,19,uncalibrated,-0.12,1.0,0.0
20,20,KNN,kd_tree,19,uncalibrated,-0.118,1.0,0.0
20,20,KNN,kd_tree,19,uncalibrated,-0.116,1.0,0.0
20,20,KNN,kd_tree,19,uncalibrated,-0.114,0.0,0.0
20,20,KNN,kd_tree,19,uncalibrated,-0.112,0.0,0.0
20,20,KNN,kd_tree,19,uncalibrated,-0.11,0.0,0.0
20,20,KNN,kd_tree,19,uncalibrated,-0.108,0.0,0.0
20,20,KNN,kd_tree,21,uncalibrated,-0.128,1.0,0.0
20,20,KNN,kd_tree,21,uncalibrated,-0.126,1.0,0.0
20,20,KNN,kd_tree,21,uncalibrated,-0.124,1.0,0.0
20,20,KNN,kd_tree,21,uncalibrated,-0.122,1.0,0.0
20,20,KNN,kd_tree,21,uncalibrated,-0.12,1.0,0.0
20,20,KNN,kd_tree,21,uncalibrated,-0.118,1.0,0.0
20,20,KNN,kd_tree,21,uncalibrated,-0.116,1.0,0.0
20,20,KNN,kd_tree,21,uncalibrated,-0.114,0.0,0.0
20,20,KNN,kd_tree,21,uncalibrated,-0.112,0.0,0.0
20,20,KNN,kd_tree,21,uncalibrated,-0.11,0.0,0.0
20,20,KNN,kd_tree,21,uncalibrated,-0.108,0.0,0.0
20,20,KNN,kd_tree,23,uncalibrated,-0.128,1.0,0.0
20,20,KNN,kd_tree,23,uncalibrated,-0.126,1.0,0.0
20,20,KNN,kd_tree,23,uncalibrated,-0.124,1.0,0.0
20,20,KNN,kd_tree,23,uncalibrated,-0.122,1.0,0.0
20,20,KNN,kd_tree,23,uncalibrated,-0.12,1.0,0.0
20,20,KNN,kd_tree,23,uncalibrated,-0.118,1.0,0.0
20,20,KNN,kd_tree,23,uncalibrated,-0.116,1.0,0.0
20,20,KNN,kd_tree,23,uncalibrated,-0.114,0.0,0.0
20,20,KNN,kd_tree,23,uncalibrated,-0.112,0.0,0.0
20,20,KNN,kd_tree,23,uncalibrated,-0.11,0.0,0.0
20,20,KNN,kd_tree,23,uncalibrated,-0.108,0.0,0.0
20,20,KNN,kd_tree,25,uncalibrated,-0.128,1.0,0.0
20,20,KNN,kd_tree,25,uncalibrated,-0.126,1.0,0.0
20,20,KNN,kd_tree,25,uncalibrated,-0.124,1.0,0.0
20,20,KNN,kd_tree,25,uncalibrated,-0.122,1.0,0.0
20,20,KNN,kd_tree,25,uncalibrated,-0.12,1.0,0.0
20,20,KNN,kd_tree,25,uncalibrated,-0.118,1.0,0.0
20,20,KNN,kd_tree,25,uncalibrated,-0.116,1.0,0.0
20,20,KNN,kd_tree,25,uncalibrated,-0.114,0.0,0.0
20,20,KNN,kd_tree,25,uncalibrated,-0.112,0.0,0.0
20,20,KNN,kd_tree,25,uncalibrated,-0.11,0.0,0.0
20,20,KNN,kd_tree,25,uncalibrated,-0.108,0.0,0.0
20,20,KNN,kd_tree,27,uncalibrated,-0.128,1.0,0.0
20,20,KNN,kd_tree,27,uncalibrated,-0.126,1.0,0.0
20,20,KNN,kd_tree,27,uncalibrated,-0.124,1.0,0.0
20,20,KNN,kd_tree,27,uncalibrated,-0.122,1.0,0.0
20,20,KNN,kd_tree,27,uncalibrated,-0.12,1.0,0.0
20,20,KNN,kd_tree,27,uncalibrated,-0.118,1.0,0.0
20,20,KNN,kd_tree,27,uncalibrated,-0.116,1.0,0.0
20,20,KNN,kd_tree,27,uncalibrated,-0.114,0.0,0.0
20,20,KNN,kd_tree,27,uncalibrated,-0.112,0.0,0.0
20,20,KNN,kd_tree,27,uncalibrated,-0.11,0.0,0.0
20,20,KNN,kd_tree,27,uncalibrated,-0.108,0.0,0.0
20,20,KNN,kd_tree,29,uncalibrated,-0.128,1.0,0.0
20,20,KNN,kd_tree,29,uncalibrated,-0.126,1.0,0.0
20,20,KNN,kd_tree,29,uncalibrated,-0.124,1.0,0.0
20,20,KNN,kd_tree,29,uncalibrated,-0.122,1.0,0.0
20,20,KNN,kd_tree,29,uncalibrated,-0.12,1.0,0.0
20,20,KNN,kd_tree,29,uncalibrated,-0.118,1.0,0.0
20,20,KNN,kd_tree,29,uncalibrated,-0.116,1.0,0.0
20,20,KNN,kd_tree,29,uncalibrated,-0.114,0.0,0.0
20,20,KNN,kd_tree,29,uncalibrated,-0.112,0.0001512401693889897,0.00015124016938898967
20,20,KNN,kd_tree,29,uncalibrated,-0.11,0.0,0.0
20,20,KNN,kd_tree,29,uncalibrated,-0.108,0.0,0.0
20,20,KNN,kd_tree,31,uncalibrated,-0.128,1.0,0.0
20,20,KNN,kd_tree,31,uncalibrated,-0.126,1.0,0.0
20,20,KNN,kd_tree,31,uncalibrated,-0.124,1.0,0.0
20,20,KNN,kd_tree,31,uncalibrated,-0.122,1.0,0.0
20,20,KNN,kd_tree,31,uncalibrated,-0.12,1.0,0.0
20,20,KNN,kd_tree,31,uncalibrated,-0.118,1.0,0.0
20,20,KNN,kd_tree,31,uncalibrated,-0.116,1.0,0.0
20,20,KNN,kd_tree,31,uncalibrated,-0.114,0.0,0.0
20,20,KNN,kd_tree,31,uncalibrated,-0.112,0.0002829654782116663,0.0002829654782116581
20,20,KNN,kd_tree,31,uncalibrated,-0.11,0.0,0.0
20,20,KNN,kd_tree,31,uncalibrated,-0.108,0.0,0.0
20,20,KNN,kd_tree,33,uncalibrated,-0.128,1.0,0.0
20,20,KNN,kd_tree,33,uncalibrated,-0.126,1.0,0.0
20,20,KNN,kd_tree,33,uncalibrated,-0.124,1.0,0.0
20,20,KNN,kd_tree,33,uncalibrated,-0.122,1.0,0.0
20,20,KNN,kd_tree,33,uncalibrated,-0.12,1.0,0.0
20,20,KNN,kd_tree,33,uncalibrated,-0.118,1.0,0.0
20,20,KNN,kd_tree,33,uncalibrated,-0.116,1.0,0.0
20,20,KNN,kd_tree,33,uncalibrated,-0.114,0.0,0.0
20,20,KNN,kd_tree,33,uncalibrated,-0.112,0.0003987240829346133,0.00039872408293460914
20,20,KNN,kd_tree,33,uncalibrated,-0.11,0.0,0.0
20,20,KNN,kd_tree,33,uncalibrated,-0.108,0.0,0.0
20,20,KNN,kd_tree,35,uncalibrated,-0.128,1.0,0.0
20,20,KNN,kd_tree,35,uncalibrated,-0.126,1.0,0.0
20,20,KNN,kd_tree,35,uncalibrated,-0.124,1.0,0.0
20,20,KNN,kd_tree,35,uncalibrated,-0.122,1.0,0.0
20,20,KNN,kd_tree,35,uncalibrated,-0.12,1.0,0.0
20,20,KNN,kd_tree,35,uncalibrated,-0.118,1.0,0.0
20,20,KNN,kd_tree,35,uncalibrated,-0.116,1.0,0.0
20,20,KNN,kd_tree,35,uncalibrated,-0.114,0.0,0.0
20,20,KNN,kd_tree,35,uncalibrated,-0.112,0.0005012531328320883,0.0005012531328320805
20,20,KNN,kd_tree,35,uncalibrated,-0.11,0.0,0.0
20,20,KNN,kd_tree,35,uncalibrated,-0.108,0.0,0.0
20,20,KNN,kd_tree,37,uncalibrated,-0.128,1.0,0.0
20,20,KNN,kd_tree,37,uncalibrated,-0.126,1.0,0.0
20,20,KNN,kd_tree,37,uncalibrated,-0.124,1.0,0.0
20,20,KNN,kd_tree,37,uncalibrated,-0.122,1.0,0.0
20,20,KNN,kd_tree,37,uncalibrated,-0.12,1.0,0.0
20,20,KNN,kd_tree,37,uncalibrated,-0.118,1.0,0.0
20,20,KNN,kd_tree,37,uncalibrated,-0.116,1.0,0.0
20,20,KNN,kd_tree,37,uncalibrated,-0.114,0.0,0.0
20,20,KNN,kd_tree,37,uncalibrated,-0.112,0.0007112375533428247,0.000711237553342817
20,20,KNN,kd_tree,37,uncalibrated,-0.11,0.0,0.0
20,20,KNN,kd_tree,37,uncalibrated,-0.108,0.0,0.0
20,20,KNN,kd_tree,39,uncalibrated,-0.128,1.0,0.0
20,20,KNN,kd_tree,39,uncalibrated,-0.126,1.0,0.0
20,20,KNN,kd_tree,39,uncalibrated,-0.124,1.0,0.0
20,20,KNN,kd_tree,39,uncalibrated,-0.122,1.0,0.0
20,20,KNN,kd_tree,39,uncalibrated,-0.12,1.0,0.0
20,20,KNN,kd_tree,39,uncalibrated,-0.118,1.0,0.0
20,20,KNN,kd_tree,39,uncalibrated,-0.116,1.0,0.0
20,20,KNN,kd_tree,39,uncalibrated,-0.114,0.0,0.0
20,20,KNN,kd_tree,39,uncalibrated,-0.112,0.0009938382031405195,0.0009938382031405282
20,20,KNN,kd_tree,39,uncalibrated,-0.11,0.0,0.0
20,20,KNN,kd_tree,39,uncalibrated,-0.108,0.0,0.0
20,20,KNN,kd_tree,41,uncalibrated,-0.128,1.0,0.0
20,20,KNN,kd_tree,41,uncalibrated,-0.126,1.0,0.0
20,20,KNN,kd_tree,41,uncalibrated,-0.124,1.0,0.0
20,20,KNN,kd_tree,41,uncalibrated,-0.122,1.0,0.0
20,20,KNN,kd_tree,41,uncalibrated,-0.12,1.0,0.0
20,20,KNN,kd_tree,41,uncalibrated,-0.118,1.0,0.0
20,20,KNN,kd_tree,41,uncalibrated,-0.116,1.0,0.0
20,20,KNN,kd_tree,41,uncalibrated,-0.114,0.0,0.0
20,20,KNN,kd_tree,41,uncalibrated,-0.112,0.0012289657780298825,0.0012289657780298734
20,20,KNN,kd_tree,41,uncalibrated,-0.11,0.0,0.0
20,20,KNN,kd_tree,41,uncalibrated,-0.108,0.0,0.0
20,20,KNN,kd_tree,43,uncalibrated,-0.128,1.0,0.0
20,20,KNN,kd_tree,43,uncalibrated,-0.126,1.0,0.0
20,20,KNN,kd_tree,43,uncalibrated,-0.124,1.0,0.0
20,20,KNN,kd_tree,43,uncalibrated,-0.122,1.0,0.0
20,20,KNN,kd_tree,43,uncalibrated,-0.12,1.0,0.0
20,20,KNN,kd_tree,43,uncalibrated,-0.118,1.0,0.0
20,20,KNN,kd_tree,43,uncalibrated,-0.116,1.0,0.0
20,20,KNN,kd_tree,43,uncalibrated,-0.114,0.0,0.0
20,20,KNN,kd_tree,43,uncalibrated,-0.112,0.0016224986479177934,0.0016224986479177936
20,20,KNN,kd_tree,43,uncalibrated,-0.11,0.0,0.0
20,20,KNN,kd_tree,43,uncalibrated,-0.108,0.0,0.0
20,20,KNN,kd_tree,45,uncalibrated,-0.128,1.0,0.0
20,20,KNN,kd_tree,45,uncalibrated,-0.126,1.0,0.0
20,20,KNN,kd_tree,45,uncalibrated,-0.124,1.0,0.0
20,20,KNN,kd_tree,45,uncalibrated,-0.122,1.0,0.0
20,20,KNN,kd_tree,45,uncalibrated,-0.12,1.0,0.0
20,20,KNN,kd_tree,45,uncalibrated,-0.118,1.0,0.0
20,20,KNN,kd_tree,45,uncalibrated,-0.116,1.0,0.0
20,20,KNN,kd_tree,45,uncalibrated,-0.114,0.0,0.0
20,20,KNN,kd_tree,45,uncalibrated,-0.112,0.0019810508182601387,0.0019810508182601196
20,20,KNN,kd_tree,45,uncalibrated,-0.11,0.0,0.0
20,20,KNN,kd_tree,45,uncalibrated,-0.108,0.0,0.0
20,20,KNN,kd_tree,47,uncalibrated,-0.128,1.0,0.0
20,20,KNN,kd_tree,47,uncalibrated,-0.126,1.0,0.0
20,20,KNN,kd_tree,47,uncalibrated,-0.124,1.0,0.0
20,20,KNN,kd_tree,47,uncalibrated,-0.122,1.0,0.0
20,20,KNN,kd_tree,47,uncalibrated,-0.12,1.0,0.0
20,20,KNN,kd_tree,47,uncalibrated,-0.118,1.0,0.0
20,20,KNN,kd_tree,47,uncalibrated,-0.116,1.0,0.0
20,20,KNN,kd_tree,47,uncalibrated,-0.114,0.0,0.0
20,20,KNN,kd_tree,47,uncalibrated,-0.112,0.0023090879102754228,0.002309087910275441
20,20,KNN,kd_tree,47,uncalibrated,-0.11,0.0,0.0
20,20,KNN,kd_tree,47,uncalibrated,-0.108,0.0,0.0
20,20,KNN,kd_tree,49,uncalibrated,-0.128,1.0,0.0
20,20,KNN,kd_tree,49,uncalibrated,-0.126,1.0,0.0
20,20,KNN,kd_tree,49,uncalibrated,-0.124,1.0,0.0
20,20,KNN,kd_tree,49,uncalibrated,-0.122,1.0,0.0
20,20,KNN,kd_tree,49,uncalibrated,-0.12,1.0,0.0
20,20,KNN,kd_tree,49,uncalibrated,-0.118,1.0,0.0
20,20,KNN,kd_tree,49,uncalibrated,-0.116,1.0,0.0
20,20,KNN,kd_tree,49,uncalibrated,-0.114,0.0,0.0
20,20,KNN,kd_tree,49,uncalibrated,-0.112,0.0026894478721721246,0.0026894478721721246
20,20,KNN,kd_tree,49,uncalibrated,-0.11,0.0,0.0
20,20,KNN,kd_tree,49,uncalibrated,-0.108,0.0,0.0
20,20,KNN,kd_tree,51,uncalibrated,-0.128,1.0,0.0
20,20,KNN,kd_tree,51,uncalibrated,-0.126,1.0,0.0
20,20,KNN,kd_tree,51,uncalibrated,-0.124,1.0,0.0
20,20,KNN,kd_tree,51,uncalibrated,-0.122,1.0,0.0
20,20,KNN,kd_tree,51,uncalibrated,-0.12,1.0,0.0
20,20,KNN,kd_tree,51,uncalibrated,-0.118,1.0,0.0
20,20,KNN,kd_tree,51,uncalibrated,-0.116,1.0,0.0
20,20,KNN,kd_tree,51,uncalibrated,-0.114,0.0,0.0
20,20,KNN,kd_tree,51,uncalibrated,-0.112,0.0030399756801945768,0.0030399756801945585
20,20,KNN,kd_tree,51,uncalibrated,-0.11,0.0,0.0
20,20,KNN,kd_tree,51,uncalibrated,-0.108,0.0,0.0
20,20,KNN,kd_tree,61,uncalibrated,-0.128,1.0,0.0
20,20,KNN,kd_tree,61,uncalibrated,-0.126,1.0,0.0
20,20,KNN,kd_tree,61,uncalibrated,-0.124,1.0,0.0
20,20,KNN,kd_tree,61,uncalibrated,-0.122,1.0,0.0
20,20,KNN,kd_tree,61,uncalibrated,-0.12,1.0,0.0
20,20,KNN,kd_tree,61,uncalibrated,-0.118,1.0,0.0
20,20,KNN,kd_tree,61,uncalibrated,-0.116,1.0,0.0
20,20,KNN,kd_tree,61,uncalibrated,-0.114,0.0,0.0
20,20,KNN,kd_tree,61,uncalibrated,-0.112,0.00425721184394463,0.004257211843944594
20,20,KNN,kd_tree,61,uncalibrated,-0.11,0.0,0.0
20,20,KNN,kd_tree,61,uncalibrated,-0.108,0.0,0.0
20,20,KNN,kd_tree,81,uncalibrated,-0.128,1.0,0.0
20,20,KNN,kd_tree,81,uncalibrated,-0.126,1.0,0.0
20,20,KNN,kd_tree,81,uncalibrated,-0.124,1.0,0.0
20,20,KNN,kd_tree,81,uncalibrated,-0.122,1.0,0.0
20,20,KNN,kd_tree,81,uncalibrated,-0.12,1.0,0.0
20,20,KNN,kd_tree,81,uncalibrated,-0.118,1.0,0.0
20,20,KNN,kd_tree,81,uncalibrated,-0.116,1.0,0.0
20,20,KNN,kd_tree,81,uncalibrated,-0.114,0.0,0.0
20,20,KNN,kd_tree,81,uncalibrated,-0.112,0.0059814336300124775,0.0059814336300124385
20,20,KNN,kd_tree,81,uncalibrated,-0.11,0.0,0.0
20,20,KNN,kd_tree,81,uncalibrated,-0.108,0.0,0.0
20,20,KNN,kd_tree,101,uncalibrated,-0.128,1.0,0.0
20,20,KNN,kd_tree,101,uncalibrated,-0.126,1.0,0.0
20,20,KNN,kd_tree,101,uncalibrated,-0.124,1.0,0.0
20,20,KNN,kd_tree,101,uncalibrated,-0.122,1.0,0.0
20,20,KNN,kd_tree,101,uncalibrated,-0.12,1.0,0.0
20,20,KNN,kd_tree,101,uncalibrated,-0.118,1.0,0.0
20,20,KNN,kd_tree,101,uncalibrated,-0.116,1.0,0.0
20,20,KNN,kd_tree,101,uncalibrated,-0.114,0.0002828854314002829,0.00028288543140028276
20,20,KNN,kd_tree,101,uncalibrated,-0.112,0.007867065776345076,0.007373188118162287
20,20,KNN,kd_tree,101,uncalibrated,-0.11,0.0,0.0
20,20,KNN,kd_tree,101,uncalibrated,-0.108,0.0,0.0
20,20,KNN,kd_tree,151,uncalibrated,-0.128,1.0,0.0
20,20,KNN,kd_tree,151,uncalibrated,-0.126,1.0,0.0
20,20,KNN,kd_tree,151,uncalibrated,-0.124,1.0,0.0
20,20,KNN,kd_tree,151,uncalibrated,-0.122,1.0,0.0
20,20,KNN,kd_tree,151,uncalibrated,-0.12,1.0,0.0
20,20,KNN,kd_tree,151,uncalibrated,-0.118,1.0,0.0
20,20,KNN,kd_tree,151,uncalibrated,-0.116,1.0,0.0
20,20,KNN,kd_tree,151,uncalibrated,-0.114,0.002149647511215552,0.002149647511215552
20,20,KNN,kd_tree,151,uncalibrated,-0.112,0.01163539367181754,0.011367496178577807
20,20,KNN,kd_tree,151,uncalibrated,-0.11,0.0,0.0
20,20,KNN,kd_tree,151,uncalibrated,-0.108,0.0006680608806785093,0.0006680608806785176
20,20,KNN,kd_tree,201,uncalibrated,-0.128,1.0,0.0
20,20,KNN,kd_tree,201,uncalibrated,-0.126,1.0,0.0
20,20,KNN,kd_tree,201,uncalibrated,-0.124,1.0,0.0
20,20,KNN,kd_tree,201,uncalibrated,-0.122,1.0,0.0
20,20,KNN,kd_tree,201,uncalibrated,-0.12,1.0,0.0
20,20,KNN,kd_tree,201,uncalibrated,-0.118,1.0,0.0
20,20,KNN,kd_tree,201,uncalibrated,-0.116,1.0,0.0
20,20,KNN,kd_tree,201,uncalibrated,-0.114,0.00612399848148814,0.005959919917326665
20,20,KNN,kd_tree,201,uncalibrated,-0.112,0.01857267715476668,0.01749236087198801
20,20,KNN,kd_tree,201,uncalibrated,-0.11,0.0002743634767339771,0.0002246269648487337
20,20,KNN,kd_tree,201,uncalibrated,-0.108,0.0017169056677397436,0.001716905667739733
20,20,KNN,ball_tree,1,uncalibrated,-0.128,1.0,0.0
20,20,KNN,ball_tree,1,uncalibrated,-0.126,1.0,0.0
20,20,KNN,ball_tree,1,uncalibrated,-0.124,1.0,0.0
20,20,KNN,ball_tree,1,uncalibrated,-0.122,1.0,0.0
20,20,KNN,ball_tree,1,uncalibrated,-0.12,1.0,0.0
20,20,KNN,ball_tree,1,uncalibrated,-0.118,1.0,0.0
20,20,KNN,ball_tree,1,uncalibrated,-0.116,1.0,0.0
20,20,KNN,ball_tree,1,uncalibrated,-0.114,0.0,0.0
20,20,KNN,ball_tree,1,uncalibrated,-0.112,0.0,0.0
20,20,KNN,ball_tree,1,uncalibrated,-0.11,0.0,0.0
20,20,KNN,ball_tree,1,uncalibrated,-0.108,0.0,0.0
20,20,KNN,ball_tree,3,uncalibrated,-0.128,1.0,0.0
20,20,KNN,ball_tree,3,uncalibrated,-0.126,1.0,0.0
20,20,KNN,ball_tree,3,uncalibrated,-0.124,1.0,0.0
20,20,KNN,ball_tree,3,uncalibrated,-0.122,1.0,0.0
20,20,KNN,ball_tree,3,uncalibrated,-0.12,1.0,0.0
20,20,KNN,ball_tree,3,uncalibrated,-0.118,1.0,0.0
20,20,KNN,ball_tree,3,uncalibrated,-0.116,1.0,0.0
20,20,KNN,ball_tree,3,uncalibrated,-0.114,0.0,0.0
20,20,KNN,ball_tree,3,uncalibrated,-0.112,0.0,0.0
20,20,KNN,ball_tree,3,uncalibrated,-0.11,0.0,0.0
20,20,KNN,ball_tree,3,uncalibrated,-0.108,0.0,0.0
20,20,KNN,ball_tree,5,uncalibrated,-0.128,1.0,0.0
20,20,KNN,ball_tree,5,uncalibrated,-0.126,1.0,0.0
20,20,KNN,ball_tree,5,uncalibrated,-0.124,1.0,0.0
20,20,KNN,ball_tree,5,uncalibrated,-0.122,1.0,0.0
20,20,KNN,ball_tree,5,uncalibrated,-0.12,1.0,0.0
20,20,KNN,ball_tree,5,uncalibrated,-0.118,1.0,0.0
20,20,KNN,ball_tree,5,uncalibrated,-0.116,1.0,0.0
20,20,KNN,ball_tree,5,uncalibrated,-0.114,0.0,0.0
20,20,KNN,ball_tree,5,uncalibrated,-0.112,0.0,0.0
20,20,KNN,ball_tree,5,uncalibrated,-0.11,0.0,0.0
20,20,KNN,ball_tree,5,uncalibrated,-0.108,0.0,0.0
20,20,KNN,ball_tree,7,uncalibrated,-0.128,1.0,0.0
20,20,KNN,ball_tree,7,uncalibrated,-0.126,1.0,0.0
20,20,KNN,ball_tree,7,uncalibrated,-0.124,1.0,0.0
20,20,KNN,ball_tree,7,uncalibrated,-0.122,1.0,0.0
20,20,KNN,ball_tree,7,uncalibrated,-0.12,1.0,0.0
20,20,KNN,ball_tree,7,uncalibrated,-0.118,1.0,0.0
20,20,KNN,ball_tree,7,uncalibrated,-0.116,1.0,0.0
20,20,KNN,ball_tree,7,uncalibrated,-0.114,0.0,0.0
20,20,KNN,ball_tree,7,uncalibrated,-0.112,0.0,0.0
20,20,KNN,ball_tree,7,uncalibrated,-0.11,0.0,0.0
20,20,KNN,ball_tree,7,uncalibrated,-0.108,0.0,0.0
20,20,KNN,ball_tree,9,uncalibrated,-0.128,1.0,0.0
20,20,KNN,ball_tree,9,uncalibrated,-0.126,1.0,0.0
20,20,KNN,ball_tree,9,uncalibrated,-0.124,1.0,0.0
20,20,KNN,ball_tree,9,uncalibrated,-0.122,1.0,0.0
20,20,KNN,ball_tree,9,uncalibrated,-0.12,1.0,0.0
20,20,KNN,ball_tree,9,uncalibrated,-0.118,1.0,0.0
20,20,KNN,ball_tree,9,uncalibrated,-0.116,1.0,0.0
20,20,KNN,ball_tree,9,uncalibrated,-0.114,0.0,0.0
20,20,KNN,ball_tree,9,uncalibrated,-0.112,0.0,0.0
20,20,KNN,ball_tree,9,uncalibrated,-0.11,0.0,0.0
20,20,KNN,ball_tree,9,uncalibrated,-0.108,0.0,0.0
20,20,KNN,ball_tree,11,uncalibrated,-0.128,1.0,0.0
20,20,KNN,ball_tree,11,uncalibrated,-0.126,1.0,0.0
20,20,KNN,ball_tree,11,uncalibrated,-0.124,1.0,0.0
20,20,KNN,ball_tree,11,uncalibrated,-0.122,1.0,0.0
20,20,KNN,ball_tree,11,uncalibrated,-0.12,1.0,0.0
20,20,KNN,ball_tree,11,uncalibrated,-0.118,1.0,0.0
20,20,KNN,ball_tree,11,uncalibrated,-0.116,1.0,0.0
20,20,KNN,ball_tree,11,uncalibrated,-0.114,0.0,0.0
20,20,KNN,ball_tree,11,uncalibrated,-0.112,0.0,0.0
20,20,KNN,ball_tree,11,uncalibrated,-0.11,0.0,0.0
20,20,KNN,ball_tree,11,uncalibrated,-0.108,0.0,0.0
20,20,KNN,ball_tree,13,uncalibrated,-0.128,1.0,0.0
20,20,KNN,ball_tree,13,uncalibrated,-0.126,1.0,0.0
20,20,KNN,ball_tree,13,uncalibrated,-0.124,1.0,0.0
20,20,KNN,ball_tree,13,uncalibrated,-0.122,1.0,0.0
20,20,KNN,ball_tree,13,uncalibrated,-0.12,1.0,0.0
20,20,KNN,ball_tree,13,uncalibrated,-0.118,1.0,0.0
20,20,KNN,ball_tree,13,uncalibrated,-0.116,1.0,0.0
20,20,KNN,ball_tree,13,uncalibrated,-0.114,0.0,0.0
20,20,KNN,ball_tree,13,uncalibrated,-0.112,0.0,0.0
20,20,KNN,ball_tree,13,uncalibrated,-0.11,0.0,0.0
20,20,KNN,ball_tree,13,uncalibrated,-0.108,0.0,0.0
20,20,KNN,ball_tree,15,uncalibrated,-0.128,1.0,0.0
20,20,KNN,ball_tree,15,uncalibrated,-0.126,1.0,0.0
20,20,KNN,ball_tree,15,uncalibrated,-0.124,1.0,0.0
20,20,KNN,ball_tree,15,uncalibrated,-0.122,1.0,0.0
20,20,KNN,ball_tree,15,uncalibrated,-0.12,1.0,0.0
20,20,KNN,ball_tree,15,uncalibrated,-0.118,1.0,0.0
20,20,KNN,ball_tree,15,uncalibrated,-0.116,1.0,0.0
20,20,KNN,ball_tree,15,uncalibrated,-0.114,0.0,0.0
20,20,KNN,ball_tree,15,uncalibrated,-0.112,0.0,0.0
20,20,KNN,ball_tree,15,uncalibrated,-0.11,0.0,0.0
20,20,KNN,ball_tree,15,uncalibrated,-0.108,0.0,0.0
20,20,KNN,ball_tree,17,uncalibrated,-0.128,1.0,0.0
20,20,KNN,ball_tree,17,uncalibrated,-0.126,1.0,0.0
20,20,KNN,ball_tree,17,uncalibrated,-0.124,1.0,0.0
20,20,KNN,ball_tree,17,uncalibrated,-0.122,1.0,0.0
20,20,KNN,ball_tree,17,uncalibrated,-0.12,1.0,0.0
20,20,KNN,ball_tree,17,uncalibrated,-0.118,1.0,0.0
20,20,KNN,ball_tree,17,uncalibrated,-0.116,1.0,0.0
20,20,KNN,ball_tree,17,uncalibrated,-0.114,0.0,0.0
20,20,KNN,ball_tree,17,uncalibrated,-0.112,0.0,0.0
20,20,KNN,ball_tree,17,uncalibrated,-0.11,0.0,0.0
20,20,KNN,ball_tree,17,uncalibrated,-0.108,0.0,0.0
20,20,KNN,ball_tree,19,uncalibrated,-0.128,1.0,0.0
20,20,KNN,ball_tree,19,uncalibrated,-0.126,1.0,0.0
20,20,KNN,ball_tree,19,uncalibrated,-0.124,1.0,0.0
20,20,KNN,ball_tree,19,uncalibrated,-0.122,1.0,0.0
20,20,KNN,ball_tree,19,uncalibrated,-0.12,1.0,0.0
20,20,KNN,ball_tree,19,uncalibrated,-0.118,1.0,0.0
20,20,KNN,ball_tree,19,uncalibrated,-0.116,1.0,0.0
20,20,KNN,ball_tree,19,uncalibrated,-0.114,0.0,0.0
20,20,KNN,ball_tree,19,uncalibrated,-0.112,0.0,0.0
20,20,KNN,ball_tree,19,uncalibrated,-0.11,0.0,0.0
20,20,KNN,ball_tree,19,uncalibrated,-0.108,0.0,0.0
20,20,KNN,ball_tree,21,uncalibrated,-0.128,1.0,0.0
20,20,KNN,ball_tree,21,uncalibrated,-0.126,1.0,0.0
20,20,KNN,ball_tree,21,uncalibrated,-0.124,1.0,0.0
20,20,KNN,ball_tree,21,uncalibrated,-0.122,1.0,0.0
20,20,KNN,ball_tree,21,uncalibrated,-0.12,1.0,0.0
20,20,KNN,ball_tree,21,uncalibrated,-0.118,1.0,0.0
20,20,KNN,ball_tree,21,uncalibrated,-0.116,1.0,0.0
20,20,KNN,ball_tree,21,uncalibrated,-0.114,0.0,0.0
20,20,KNN,ball_tree,21,uncalibrated,-0.112,0.0,0.0
20,20,KNN,ball_tree,21,uncalibrated,-0.11,0.0,0.0
20,20,KNN,ball_tree,21,uncalibrated,-0.108,0.0,0.0
20,20,KNN,ball_tree,23,uncalibrated,-0.128,1.0,0.0
20,20,KNN,ball_tree,23,uncalibrated,-0.126,1.0,0.0
20,20,KNN,ball_tree,23,uncalibrated,-0.124,1.0,0.0
20,20,KNN,ball_tree,23,uncalibrated,-0.122,1.0,0.0
20,20,KNN,ball_tree,23,uncalibrated,-0.12,1.0,0.0
20,20,KNN,ball_tree,23,uncalibrated,-0.118,1.0,0.0
20,20,KNN,ball_tree,23,uncalibrated,-0.116,1.0,0.0
20,20,KNN,ball_tree,23,uncalibrated,-0.114,0.0,0.0
20,20,KNN,ball_tree,23,uncalibrated,-0.112,0.0,0.0
20,20,KNN,ball_tree,23,uncalibrated,-0.11,0.0,0.0
20,20,KNN,ball_tree,23,uncalibrated,-0.108,0.0,0.0
20,20,KNN,ball_tree,25,uncalibrated,-0.128,1.0,0.0
20,20,KNN,ball_tree,25,uncalibrated,-0.126,1.0,0.0
20,20,KNN,ball_tree,25,uncalibrated,-0.124,1.0,0.0
20,20,KNN,ball_tree,25,uncalibrated,-0.122,1.0,0.0
20,20,KNN,ball_tree,25,uncalibrated,-0.12,1.0,0.0
20,20,KNN,ball_tree,25,uncalibrated,-0.118,1.0,0.0
20,20,KNN,ball_tree,25,uncalibrated,-0.116,1.0,0.0
20,20,KNN,ball_tree,25,uncalibrated,-0.114,0.0,0.0
20,20,KNN,ball_tree,25,uncalibrated,-0.112,0.0,0.0
20,20,KNN,ball_tree,25,uncalibrated,-0.11,0.0,0.0
20,20,KNN,ball_tree,25,uncalibrated,-0.108,0.0,0.0
20,20,KNN,ball_tree,27,uncalibrated,-0.128,1.0,0.0
20,20,KNN,ball_tree,27,uncalibrated,-0.126,1.0,0.0
20,20,KNN,ball_tree,27,uncalibrated,-0.124,1.0,0.0
20,20,KNN,ball_tree,27,uncalibrated,-0.122,1.0,0.0
20,20,KNN,ball_tree,27,uncalibrated,-0.12,1.0,0.0
20,20,KNN,ball_tree,27,uncalibrated,-0.118,1.0,0.0
20,20,KNN,ball_tree,27,uncalibrated,-0.116,1.0,0.0
20,20,KNN,ball_tree,27,uncalibrated,-0.114,0.0,0.0
20,20,KNN,ball_tree,27,uncalibrated,-0.112,0.0,0.0
20,20,KNN,ball_tree,27,uncalibrated,-0.11,0.0,0.0
20,20,KNN,ball_tree,27,uncalibrated,-0.108,0.0,0.0
20,20,KNN,ball_tree,29,uncalibrated,-0.128,1.0,0.0
20,20,KNN,ball_tree,29,uncalibrated,-0.126,1.0,0.0
20,20,KNN,ball_tree,29,uncalibrated,-0.124,1.0,0.0
20,20,KNN,ball_tree,29,uncalibrated,-0.122,1.0,0.0
20,20,KNN,ball_tree,29,uncalibrated,-0.12,1.0,0.0
20,20,KNN,ball_tree,29,uncalibrated,-0.118,1.0,0.0
20,20,KNN,ball_tree,29,uncalibrated,-0.116,1.0,0.0
20,20,KNN,ball_tree,29,uncalibrated,-0.114,0.0,0.0
20,20,KNN,ball_tree,29,uncalibrated,-0.112,0.0001512401693889897,0.00015124016938898967
20,20,KNN,ball_tree,29,uncalibrated,-0.11,0.0,0.0
20,20,KNN,ball_tree,29,uncalibrated,-0.108,0.0,0.0
20,20,KNN,ball_tree,31,uncalibrated,-0.128,1.0,0.0
20,20,KNN,ball_tree,31,uncalibrated,-0.126,1.0,0.0
20,20,KNN,ball_tree,31,uncalibrated,-0.124,1.0,0.0
20,20,KNN,ball_tree,31,uncalibrated,-0.122,1.0,0.0
20,20,KNN,ball_tree,31,uncalibrated,-0.12,1.0,0.0
20,20,KNN,ball_tree,31,uncalibrated,-0.118,1.0,0.0
20,20,KNN,ball_tree,31,uncalibrated,-0.116,1.0,0.0
20,20,KNN,ball_tree,31,uncalibrated,-0.114,0.0,0.0
20,20,KNN,ball_tree,31,uncalibrated,-0.112,0.0002829654782116663,0.0002829654782116581
20,20,KNN,ball_tree,31,uncalibrated,-0.11,0.0,0.0
20,20,KNN,ball_tree,31,uncalibrated,-0.108,0.0,0.0
20,20,KNN,ball_tree,33,uncalibrated,-0.128,1.0,0.0
20,20,KNN,ball_tree,33,uncalibrated,-0.126,1.0,0.0
20,20,KNN,ball_tree,33,uncalibrated,-0.124,1.0,0.0
20,20,KNN,ball_tree,33,uncalibrated,-0.122,1.0,0.0
20,20,KNN,ball_tree,33,uncalibrated,-0.12,1.0,0.0
20,20,KNN,ball_tree,33,uncalibrated,-0.118,1.0,0.0
20,20,KNN,ball_tree,33,uncalibrated,-0.116,1.0,0.0
20,20,KNN,ball_tree,33,uncalibrated,-0.114,0.0,0.0
20,20,KNN,ball_tree,33,uncalibrated,-0.112,0.0003987240829346133,0.00039872408293460914
20,20,KNN,ball_tree,33,uncalibrated,-0.11,0.0,0.0
20,20,KNN,ball_tree,33,uncalibrated,-0.108,0.0,0.0
20,20,KNN,ball_tree,35,uncalibrated,-0.128,1.0,0.0
20,20,KNN,ball_tree,35,uncalibrated,-0.126,1.0,0.0
20,20,KNN,ball_tree,35,uncalibrated,-0.124,1.0,0.0
20,20,KNN,ball_tree,35,uncalibrated,-0.122,1.0,0.0
20,20,KNN,ball_tree,35,uncalibrated,-0.12,1.0,0.0
20,20,KNN,ball_tree,35,uncalibrated,-0.118,1.0,0.0
20,20,KNN,ball_tree,35,uncalibrated,-0.116,1.0,0.0
20,20,KNN,ball_tree,35,uncalibrated,-0.114,0.0,0.0
20,20,KNN,ball_tree,35,uncalibrated,-0.112,0.0005012531328320883,0.0005012531328320805
20,20,KNN,ball_tree,35,uncalibrated,-0.11,0.0,0.0
20,20,KNN,ball_tree,35,uncalibrated,-0.108,0.0,0.0
20,20,KNN,ball_tree,37,uncalibrated,-0.128,1.0,0.0
20,20,KNN,ball_tree,37,uncalibrated,-0.126,1.0,0.0
20,20,KNN,ball_tree,37,uncalibrated,-0.124,1.0,0.0
20,20,KNN,ball_tree,37,uncalibrated,-0.122,1.0,0.0
20,20,KNN,ball_tree,37,uncalibrated,-0.12,1.0,0.0
20,20,KNN,ball_tree,37,uncalibrated,-0.118,1.0,0.0
20,20,KNN,ball_tree,37,uncalibrated,-0.116,1.0,0.0
20,20,KNN,ball_tree,37,uncalibrated,-0.114,0.0,0.0
20,20,KNN,ball_tree,37,uncalibrated,-0.112,0.0007112375533428247,0.000711237553342817
20,20,KNN,ball_tree,37,uncalibrated,-0.11,0.0,0.0
20,20,KNN,ball_tree,37,uncalibrated,-0.108,0.0,0.0
20,20,KNN,ball_tree,39,uncalibrated,-0.128,1.0,0.0
20,20,KNN,ball_tree,39,uncalibrated,-0.126,1.0,0.0
20,20,KNN,ball_tree,39,uncalibrated,-0.124,1.0,0.0
20,20,KNN,ball_tree,39,uncalibrated,-0.122,1.0,0.0
20,20,KNN,ball_tree,39,uncalibrated,-0.12,1.0,0.0
20,20,KNN,ball_tree,39,uncalibrated,-0.118,1.0,0.0
20,20,KNN,ball_tree,39,uncalibrated,-0.116,1.0,0.0
20,20,KNN,ball_tree,39,uncalibrated,-0.114,0.0,0.0
20,20,KNN,ball_tree,39,uncalibrated,-0.112,0.0009938382031405195,0.0009938382031405282
20,20,KNN,ball_tree,39,uncalibrated,-0.11,0.0,0.0
20,20,KNN,ball_tree,39,uncalibrated,-0.108,0.0,0.0
20,20,KNN,ball_tree,41,uncalibrated,-0.128,1.0,0.0
20,20,KNN,ball_tree,41,uncalibrated,-0.126,1.0,0.0
20,20,KNN,ball_tree,41,uncalibrated,-0.124,1.0,0.0
20,20,KNN,ball_tree,41,uncalibrated,-0.122,1.0,0.0
20,20,KNN,ball_tree,41,uncalibrated,-0.12,1.0,0.0
20,20,KNN,ball_tree,41,uncalibrated,-0.118,1.0,0.0
20,20,KNN,ball_tree,41,uncalibrated,-0.116,1.0,0.0
20,20,KNN,ball_tree,41,uncalibrated,-0.114,0.0,0.0
20,20,KNN,ball_tree,41,uncalibrated,-0.112,0.0012289657780298825,0.0012289657780298734
20,20,KNN,ball_tree,41,uncalibrated,-0.11,0.0,0.0
20,20,KNN,ball_tree,41,uncalibrated,-0.108,0.0,0.0
20,20,KNN,ball_tree,43,uncalibrated,-0.128,1.0,0.0
20,20,KNN,ball_tree,43,uncalibrated,-0.126,1.0,0.0
20,20,KNN,ball_tree,43,uncalibrated,-0.124,1.0,0.0
20,20,KNN,ball_tree,43,uncalibrated,-0.122,1.0,0.0
20,20,KNN,ball_tree,43,uncalibrated,-0.12,1.0,0.0
20,20,KNN,ball_tree,43,uncalibrated,-0.118,1.0,0.0
20,20,KNN,ball_tree,43,uncalibrated,-0.116,1.0,0.0
20,20,KNN,ball_tree,43,uncalibrated,-0.114,0.0,0.0
20,20,KNN,ball_tree,43,uncalibrated,-0.112,0.0016224986479177934,0.0016224986479177936
20,20,KNN,ball_tree,43,uncalibrated,-0.11,0.0,0.0
20,20,KNN,ball_tree,43,uncalibrated,-0.108,0.0,0.0
20,20,KNN,ball_tree,45,uncalibrated,-0.128,1.0,0.0
20,20,KNN,ball_tree,45,uncalibrated,-0.126,1.0,0.0
20,20,KNN,ball_tree,45,uncalibrated,-0.124,1.0,0.0
20,20,KNN,ball_tree,45,uncalibrated,-0.122,1.0,0.0
20,20,KNN,ball_tree,45,uncalibrated,-0.12,1.0,0.0
20,20,KNN,ball_tree,45,uncalibrated,-0.118,1.0,0.0
20,20,KNN,ball_tree,45,uncalibrated,-0.116,1.0,0.0
20,20,KNN,ball_tree,45,uncalibrated,-0.114,0.0,0.0
20,20,KNN,ball_tree,45,uncalibrated,-0.112,0.0019810508182601387,0.0019810508182601196
20,20,KNN,ball_tree,45,uncalibrated,-0.11,0.0,0.0
20,20,KNN,ball_tree,45,uncalibrated,-0.108,0.0,0.0
20,20,KNN,ball_tree,47,uncalibrated,-0.128,1.0,0.0
20,20,KNN,ball_tree,47,uncalibrated,-0.126,1.0,0.0
20,20,KNN,ball_tree,47,uncalibrated,-0.124,1.0,0.0
20,20,KNN,ball_tree,47,uncalibrated,-0.122,1.0,0.0
20,20,KNN,ball_tree,47,uncalibrated,-0.12,1.0,0.0
20,20,KNN,ball_tree,47,uncalibrated,-0.118,1.0,0.0
20,20,KNN,ball_tree,47,uncalibrated,-0.116,1.0,0.0
20,20,KNN,ball_tree,47,uncalibrated,-0.114,0.0,0.0
20,20,KNN,ball_tree,47,uncalibrated,-0.112,0.0023090879102754228,0.002309087910275441
20,20,KNN,ball_tree,47,uncalibrated,-0.11,0.0,0.0
20,20,KNN,ball_tree,47,uncalibrated,-0.108,0.0,0.0
20,20,KNN,ball_tree,49,uncalibrated,-0.128,1.0,0.0
20,20,KNN,ball_tree,49,uncalibrated,-0.126,1.0,0.0
20,20,KNN,ball_tree,49,uncalibrated,-0.124,1.0,0.0
20,20,KNN,ball_tree,49,uncalibrated,-0.122,1.0,0.0
20,20,KNN,ball_tree,49,uncalibrated,-0.12,1.0,0.0
20,20,KNN,ball_tree,49,uncalibrated,-0.118,1.0,0.0
20,20,KNN,ball_tree,49,uncalibrated,-0.116,1.0,0.0
20,20,KNN,ball_tree,49,uncalibrated,-0.114,0.0,0.0
20,20,KNN,ball_tree,49,uncalibrated,-0.112,0.0026894478721721246,0.0026894478721721246
20,20,KNN,ball_tree,49,uncalibrated,-0.11,0.0,0.0
20,20,KNN,ball_tree,49,uncalibrated,-0.108,0.0,0.0
20,20,KNN,ball_tree,51,uncalibrated,-0.128,1.0,0.0
20,20,KNN,ball_tree,51,uncalibrated,-0.126,1.0,0.0
20,20,KNN,ball_tree,51,uncalibrated,-0.124,1.0,0.0
20,20,KNN,ball_tree,51,uncalibrated,-0.122,1.0,0.0
20,20,KNN,ball_tree,51,uncalibrated,-0.12,1.0,0.0
20,20,KNN,ball_tree,51,uncalibrated,-0.118,1.0,0.0
20,20,KNN,ball_tree,51,uncalibrated,-0.116,1.0,0.0
20,20,KNN,ball_tree,51,uncalibrated,-0.114,0.0,0.0
20,20,KNN,ball_tree,51,uncalibrated,-0.112,0.0030399756801945768,0.0030399756801945585
20,20,KNN,ball_tree,51,uncalibrated,-0.11,0.0,0.0
20,20,KNN,ball_tree,51,uncalibrated,-0.108,0.0,0.0
20,20,KNN,ball_tree,61,uncalibrated,-0.128,1.0,0.0
20,20,KNN,ball_tree,61,uncalibrated,-0.126,1.0,0.0
20,20,KNN,ball_tree,61,uncalibrated,-0.124,1.0,0.0
20,20,KNN,ball_tree,61,uncalibrated,-0.122,1.0,0.0
20,20,KNN,ball_tree,61,uncalibrated,-0.12,1.0,0.0
20,20,KNN,ball_tree,61,uncalibrated,-0.118,1.0,0.0
20,20,KNN,ball_tree,61,uncalibrated,-0.116,1.0,0.0
20,20,KNN,ball_tree,61,uncalibrated,-0.114,0.0,0.0
20,20,KNN,ball_tree,61,uncalibrated,-0.112,0.00425721184394463,0.004257211843944594
20,20,KNN,ball_tree,61,uncalibrated,-0.11,0.0,0.0
20,20,KNN,ball_tree,61,uncalibrated,-0.108,0.0,0.0
20,20,KNN,ball_tree,81,uncalibrated,-0.128,1.0,0.0
20,20,KNN,ball_tree,81,uncalibrated,-0.126,1.0,0.0
20,20,KNN,ball_tree,81,uncalibrated,-0.124,1.0,0.0
20,20,KNN,ball_tree,81,uncalibrated,-0.122,1.0,0.0
20,20,KNN,ball_tree,81,uncalibrated,-0.12,1.0,0.0
20,20,KNN,ball_tree,81,uncalibrated,-0.118,1.0,0.0
20,20,KNN,ball_tree,81,uncalibrated,-0.116,1.0,0.0
20,20,KNN,ball_tree,81,uncalibrated,-0.114,0.0,0.0
20,20,KNN,ball_tree,81,uncalibrated,-0.112,0.0059814336300124775,0.0059814336300124385
20,20,KNN,ball_tree,81,uncalibrated,-0.11,0.0,0.0
20,20,KNN,ball_tree,81,uncalibrated,-0.108,0.0,0.0
20,20,KNN,ball_tree,101,uncalibrated,-0.128,1.0,0.0
20,20,KNN,ball_tree,101,uncalibrated,-0.126,1.0,0.0
20,20,KNN,ball_tree,101,uncalibrated,-0.124,1.0,0.0
20,20,KNN,ball_tree,101,uncalibrated,-0.122,1.0,0.0
20,20,KNN,ball_tree,101,uncalibrated,-0.12,1.0,0.0
20,20,KNN,ball_tree,101,uncalibrated,-0.118,1.0,0.0
20,20,KNN,ball_tree,101,uncalibrated,-0.116,1.0,0.0
20,20,KNN,ball_tree,101,uncalibrated,-0.114,0.0002828854314002829,0.00028288543140028276
20,20,KNN,ball_tree,101,uncalibrated,-0.112,0.007867065776345076,0.007373188118162287
20,20,KNN,ball_tree,101,uncalibrated,-0.11,0.0,0.0
20,20,KNN,ball_tree,101,uncalibrated,-0.108,0.0,0.0
20,20,KNN,ball_tree,151,uncalibrated,-0.128,1.0,0.0
20,20,KNN,ball_tree,151,uncalibrated,-0.126,1.0,0.0
20,20,KNN,ball_tree,151,uncalibrated,-0.124,1.0,0.0
20,20,KNN,ball_tree,151,uncalibrated,-0.122,1.0,0.0
20,20,KNN,ball_tree,151,uncalibrated,-0.12,1.0,0.0
20,20,KNN,ball_tree,151,uncalibrated,-0.118,1.0,0.0
20,20,KNN,ball_tree,151,uncalibrated,-0.116,1.0,0.0
20,20,KNN,ball_tree,151,uncalibrated,-0.114,0.002149647511215552,0.002149647511215552
20,20,KNN,ball_tree,151,uncalibrated,-0.112,0.01163539367181754,0.011367496178577807
20,20,KNN,ball_tree,151,uncalibrated,-0.11,0.0,0.0
20,20,KNN,ball_tree,151,uncalibrated,-0.108,0.0006680608806785093,0.0006680608806785176
20,20,KNN,ball_tree,201,uncalibrated,-0.128,1.0,0.0
20,20,KNN,ball_tree,201,uncalibrated,-0.126,1.0,0.0
20,20,KNN,ball_tree,201,uncalibrated,-0.124,1.0,0.0
20,20,KNN,ball_tree,201,uncalibrated,-0.122,1.0,0.0
20,20,KNN,ball_tree,201,uncalibrated,-0.12,1.0,0.0
20,20,KNN,ball_tree,201,uncalibrated,-0.118,1.0,0.0
20,20,KNN,ball_tree,201,uncalibrated,-0.116,1.0,0.0
20,20,KNN,ball_tree,201,uncalibrated,-0.114,0.00612399848148814,0.005959919917326665
20,20,KNN,ball_tree,201,uncalibrated,-0.112,0.01857267715476668,0.01749236087198801
20,20,KNN,ball_tree,201,uncalibrated,-0.11,0.0002743634767339771,0.0002246269648487337
20,20,KNN,ball_tree,201,uncalibrated,-0.108,0.0017169056677397436,0.001716905667739733
20,20,KNN,brute,1,uncalibrated,-0.128,1.0,0.0
20,20,KNN,brute,1,uncalibrated,-0.126,1.0,0.0
20,20,KNN,brute,1,uncalibrated,-0.124,1.0,0.0
20,20,KNN,brute,1,uncalibrated,-0.122,1.0,0.0
20,20,KNN,brute,1,uncalibrated,-0.12,1.0,0.0
20,20,KNN,brute,1,uncalibrated,-0.118,1.0,0.0
20,20,KNN,brute,1,uncalibrated,-0.116,1.0,0.0
20,20,KNN,brute,1,uncalibrated,-0.114,0.0,0.0
20,20,KNN,brute,1,uncalibrated,-0.112,0.0,0.0
20,20,KNN,brute,1,uncalibrated,-0.11,0.0,0.0
20,20,KNN,brute,1,uncalibrated,-0.108,0.0,0.0
20,20,KNN,brute,3,uncalibrated,-0.128,1.0,0.0
20,20,KNN,brute,3,uncalibrated,-0.126,1.0,0.0
20,20,KNN,brute,3,uncalibrated,-0.124,1.0,0.0
20,20,KNN,brute,3,uncalibrated,-0.122,1.0,0.0
20,20,KNN,brute,3,uncalibrated,-0.12,1.0,0.0
20,20,KNN,brute,3,uncalibrated,-0.118,1.0,0.0
20,20,KNN,brute,3,uncalibrated,-0.116,1.0,0.0
20,20,KNN,brute,3,uncalibrated,-0.114,0.0,0.0
20,20,KNN,brute,3,uncalibrated,-0.112,0.0,0.0
20,20,KNN,brute,3,uncalibrated,-0.11,0.0,0.0
20,20,KNN,brute,3,uncalibrated,-0.108,0.0,0.0
20,20,KNN,brute,5,uncalibrated,-0.128,1.0,0.0
20,20,KNN,brute,5,uncalibrated,-0.126,1.0,0.0
20,20,KNN,brute,5,uncalibrated,-0.124,1.0,0.0
20,20,KNN,brute,5,uncalibrated,-0.122,1.0,0.0
20,20,KNN,brute,5,uncalibrated,-0.12,1.0,0.0
20,20,KNN,brute,5,uncalibrated,-0.118,1.0,0.0
20,20,KNN,brute,5,uncalibrated,-0.116,1.0,0.0
20,20,KNN,brute,5,uncalibrated,-0.114,0.0,0.0
20,20,KNN,brute,5,uncalibrated,-0.112,0.0,0.0
20,20,KNN,brute,5,uncalibrated,-0.11,0.0,0.0
20,20,KNN,brute,5,uncalibrated,-0.108,0.0,0.0
20,20,KNN,brute,7,uncalibrated,-0.128,1.0,0.0
20,20,KNN,brute,7,uncalibrated,-0.126,1.0,0.0
20,20,KNN,brute,7,uncalibrated,-0.124,1.0,0.0
20,20,KNN,brute,7,uncalibrated,-0.122,1.0,0.0
20,20,KNN,brute,7,uncalibrated,-0.12,1.0,0.0
20,20,KNN,brute,7,uncalibrated,-0.118,1.0,0.0
20,20,KNN,brute,7,uncalibrated,-0.116,1.0,0.0
20,20,KNN,brute,7,uncalibrated,-0.114,0.0,0.0
20,20,KNN,brute,7,uncalibrated,-0.112,0.0,0.0
20,20,KNN,brute,7,uncalibrated,-0.11,0.0,0.0
20,20,KNN,brute,7,uncalibrated,-0.108,0.0,0.0
20,20,KNN,brute,9,uncalibrated,-0.128,1.0,0.0
20,20,KNN,brute,9,uncalibrated,-0.126,1.0,0.0
20,20,KNN,brute,9,uncalibrated,-0.124,1.0,0.0
20,20,KNN,brute,9,uncalibrated,-0.122,1.0,0.0
20,20,KNN,brute,9,uncalibrated,-0.12,1.0,0.0
20,20,KNN,brute,9,uncalibrated,-0.118,1.0,0.0
20,20,KNN,brute,9,uncalibrated,-0.116,1.0,0.0
20,20,KNN,brute,9,uncalibrated,-0.114,0.0,0.0
20,20,KNN,brute,9,uncalibrated,-0.112,0.0,0.0
20,20,KNN,brute,9,uncalibrated,-0.11,0.0,0.0
20,20,KNN,brute,9,uncalibrated,-0.108,0.0,0.0
20,20,KNN,brute,11,uncalibrated,-0.128,1.0,0.0
20,20,KNN,brute,11,uncalibrated,-0.126,1.0,0.0
20,20,KNN,brute,11,uncalibrated,-0.124,1.0,0.0
20,20,KNN,brute,11,uncalibrated,-0.122,1.0,0.0
20,20,KNN,brute,11,uncalibrated,-0.12,1.0,0.0
20,20,KNN,brute,11,uncalibrated,-0.118,1.0,0.0
20,20,KNN,brute,11,uncalibrated,-0.116,1.0,0.0
20,20,KNN,brute,11,uncalibrated,-0.114,0.0,0.0
20,20,KNN,brute,11,uncalibrated,-0.112,0.0,0.0
20,20,KNN,brute,11,uncalibrated,-0.11,0.0,0.0
20,20,KNN,brute,11,uncalibrated,-0.108,0.0,0.0
20,20,KNN,brute,13,uncalibrated,-0.128,1.0,0.0
20,20,KNN,brute,13,uncalibrated,-0.126,1.0,0.0
20,20,KNN,brute,13,uncalibrated,-0.124,1.0,0.0
20,20,KNN,brute,13,uncalibrated,-0.122,1.0,0.0
20,20,KNN,brute,13,uncalibrated,-0.12,1.0,0.0
20,20,KNN,brute,13,uncalibrated,-0.118,1.0,0.0
20,20,KNN,brute,13,uncalibrated,-0.116,1.0,0.0
20,20,KNN,brute,13,uncalibrated,-0.114,0.0,0.0
20,20,KNN,brute,13,uncalibrated,-0.112,0.0,0.0
20,20,KNN,brute,13,uncalibrated,-0.11,0.0,0.0
20,20,KNN,brute,13,uncalibrated,-0.108,0.0,0.0
20,20,KNN,brute,15,uncalibrated,-0.128,1.0,0.0
20,20,KNN,brute,15,uncalibrated,-0.126,1.0,0.0
20,20,KNN,brute,15,uncalibrated,-0.124,1.0,0.0
20,20,KNN,brute,15,uncalibrated,-0.122,1.0,0.0
20,20,KNN,brute,15,uncalibrated,-0.12,1.0,0.0
20,20,KNN,brute,15,uncalibrated,-0.118,1.0,0.0
20,20,KNN,brute,15,uncalibrated,-0.116,1.0,0.0
20,20,KNN,brute,15,uncalibrated,-0.114,0.0,0.0
20,20,KNN,brute,15,uncalibrated,-0.112,0.0,0.0
20,20,KNN,brute,15,uncalibrated,-0.11,0.0,0.0
20,20,KNN,brute,15,uncalibrated,-0.108,0.0,0.0
20,20,KNN,brute,17,uncalibrated,-0.128,1.0,0.0
20,20,KNN,brute,17,uncalibrated,-0.126,1.0,0.0
20,20,KNN,brute,17,uncalibrated,-0.124,1.0,0.0
20,20,KNN,brute,17,uncalibrated,-0.122,1.0,0.0
20,20,KNN,brute,17,uncalibrated,-0.12,1.0,0.0
20,20,KNN,brute,17,uncalibrated,-0.118,1.0,0.0
20,20,KNN,brute,17,uncalibrated,-0.116,1.0,0.0
20,20,KNN,brute,17,uncalibrated,-0.114,0.0,0.0
20,20,KNN,brute,17,uncalibrated,-0.112,0.0,0.0
20,20,KNN,brute,17,uncalibrated,-0.11,0.0,0.0
20,20,KNN,brute,17,uncalibrated,-0.108,0.0,0.0
20,20,KNN,brute,19,uncalibrated,-0.128,1.0,0.0
20,20,KNN,brute,19,uncalibrated,-0.126,1.0,0.0
20,20,KNN,brute,19,uncalibrated,-0.124,1.0,0.0
20,20,KNN,brute,19,uncalibrated,-0.122,1.0,0.0
20,20,KNN,brute,19,uncalibrated,-0.12,1.0,0.0
20,20,KNN,brute,19,uncalibrated,-0.118,1.0,0.0
20,20,KNN,brute,19,uncalibrated,-0.116,1.0,0.0
20,20,KNN,brute,19,uncalibrated,-0.114,0.0,0.0
20,20,KNN,brute,19,uncalibrated,-0.112,0.0,0.0
20,20,KNN,brute,19,uncalibrated,-0.11,0.0,0.0
20,20,KNN,brute,19,uncalibrated,-0.108,0.0,0.0
20,20,KNN,brute,21,uncalibrated,-0.128,1.0,0.0
20,20,KNN,brute,21,uncalibrated,-0.126,1.0,0.0
20,20,KNN,brute,21,uncalibrated,-0.124,1.0,0.0
20,20,KNN,brute,21,uncalibrated,-0.122,1.0,0.0
20,20,KNN,brute,21,uncalibrated,-0.12,1.0,0.0
20,20,KNN,brute,21,uncalibrated,-0.118,1.0,0.0
20,20,KNN,brute,21,uncalibrated,-0.116,1.0,0.0
20,20,KNN,brute,21,uncalibrated,-0.114,0.0,0.0
20,20,KNN,brute,21,uncalibrated,-0.112,0.0,0.0
20,20,KNN,brute,21,uncalibrated,-0.11,0.0,0.0
20,20,KNN,brute,21,uncalibrated,-0.108,0.0,0.0
20,20,KNN,brute,23,uncalibrated,-0.128,1.0,0.0
20,20,KNN,brute,23,uncalibrated,-0.126,1.0,0.0
20,20,KNN,brute,23,uncalibrated,-0.124,1.0,0.0
20,20,KNN,brute,23,uncalibrated,-0.122,1.0,0.0
20,20,KNN,brute,23,uncalibrated,-0.12,1.0,0.0
20,20,KNN,brute,23,uncalibrated,-0.118,1.0,0.0
20,20,KNN,brute,23,uncalibrated,-0.116,1.0,0.0
20,20,KNN,brute,23,uncalibrated,-0.114,0.0,0.0
20,20,KNN,brute,23,uncalibrated,-0.112,0.0,0.0
20,20,KNN,brute,23,uncalibrated,-0.11,0.0,0.0
20,20,KNN,brute,23,uncalibrated,-0.108,0.0,0.0
20,20,KNN,brute,25,uncalibrated,-0.128,1.0,0.0
20,20,KNN,brute,25,uncalibrated,-0.126,1.0,0.0
20,20,KNN,brute,25,uncalibrated,-0.124,1.0,0.0
20,20,KNN,brute,25,uncalibrated,-0.122,1.0,0.0
20,20,KNN,brute,25,uncalibrated,-0.12,1.0,0.0
20,20,KNN,brute,25,uncalibrated,-0.118,1.0,0.0
20,20,KNN,brute,25,uncalibrated,-0.116,1.0,0.0
20,20,KNN,brute,25,uncalibrated,-0.114,0.0,0.0
20,20,KNN,brute,25,uncalibrated,-0.112,0.0,0.0
20,20,KNN,brute,25,uncalibrated,-0.11,0.0,0.0
20,20,KNN,brute,25,uncalibrated,-0.108,0.0,0.0
20,20,KNN,brute,27,uncalibrated,-0.128,1.0,0.0
20,20,KNN,brute,27,uncalibrated,-0.126,1.0,0.0
20,20,KNN,brute,27,uncalibrated,-0.124,1.0,0.0
20,20,KNN,brute,27,uncalibrated,-0.122,1.0,0.0
20,20,KNN,brute,27,uncalibrated,-0.12,1.0,0.0
20,20,KNN,brute,27,uncalibrated,-0.118,1.0,0.0
20,20,KNN,brute,27,uncalibrated,-0.116,1.0,0.0
20,20,KNN,brute,27,uncalibrated,-0.114,0.0,0.0
20,20,KNN,brute,27,uncalibrated,-0.112,0.0,0.0
20,20,KNN,brute,27,uncalibrated,-0.11,0.0,0.0
20,20,KNN,brute,27,uncalibrated,-0.108,0.0,0.0
20,20,KNN,brute,29,uncalibrated,-0.128,1.0,0.0
20,20,KNN,brute,29,uncalibrated,-0.126,1.0,0.0
20,20,KNN,brute,29,uncalibrated,-0.124,1.0,0.0
20,20,KNN,brute,29,uncalibrated,-0.122,1.0,0.0
20,20,KNN,brute,29,uncalibrated,-0.12,1.0,0.0
20,20,KNN,brute,29,uncalibrated,-0.118,1.0,0.0
20,20,KNN,brute,29,uncalibrated,-0.116,1.0,0.0
20,20,KNN,brute,29,uncalibrated,-0.114,0.0,0.0
20,20,KNN,brute,29,uncalibrated,-0.112,0.0001512401693889897,0.00015124016938898967
20,20,KNN,brute,29,uncalibrated,-0.11,0.0,0.0
20,20,KNN,brute,29,uncalibrated,-0.108,0.0,0.0
20,20,KNN,brute,31,uncalibrated,-0.128,1.0,0.0
20,20,KNN,brute,31,uncalibrated,-0.126,1.0,0.0
20,20,KNN,brute,31,uncalibrated,-0.124,1.0,0.0
20,20,KNN,brute,31,uncalibrated,-0.122,1.0,0.0
20,20,KNN,brute,31,uncalibrated,-0.12,1.0,0.0
20,20,KNN,brute,31,uncalibrated,-0.118,1.0,0.0
20,20,KNN,brute,31,uncalibrated,-0.116,1.0,0.0
20,20,KNN,brute,31,uncalibrated,-0.114,0.0,0.0
20,20,KNN,brute,31,uncalibrated,-0.112,0.0002829654782116663,0.0002829654782116581
20,20,KNN,brute,31,uncalibrated,-0.11,0.0,0.0
20,20,KNN,brute,31,uncalibrated,-0.108,0.0,0.0
20,20,KNN,brute,33,uncalibrated,-0.128,1.0,0.0
20,20,KNN,brute,33,uncalibrated,-0.126,1.0,0.0
20,20,KNN,brute,33,uncalibrated,-0.124,1.0,0.0
20,20,KNN,brute,33,uncalibrated,-0.122,1.0,0.0
20,20,KNN,brute,33,uncalibrated,-0.12,1.0,0.0
20,20,KNN,brute,33,uncalibrated,-0.118,1.0,0.0
20,20,KNN,brute,33,uncalibrated,-0.116,1.0,0.0
20,20,KNN,brute,33,uncalibrated,-0.114,0.0,0.0
20,20,KNN,brute,33,uncalibrated,-0.112,0.0003987240829346133,0.00039872408293460914
20,20,KNN,brute,33,uncalibrated,-0.11,0.0,0.0
20,20,KNN,brute,33,uncalibrated,-0.108,0.0,0.0
20,20,KNN,brute,35,uncalibrated,-0.128,1.0,0.0
20,20,KNN,brute,35,uncalibrated,-0.126,1.0,0.0
20,20,KNN,brute,35,uncalibrated,-0.124,1.0,0.0
20,20,KNN,brute,35,uncalibrated,-0.122,1.0,0.0
20,20,KNN,brute,35,uncalibrated,-0.12,1.0,0.0
20,20,KNN,brute,35,uncalibrated,-0.118,1.0,0.0
20,20,KNN,brute,35,uncalibrated,-0.116,1.0,0.0
20,20,KNN,brute,35,uncalibrated,-0.114,0.0,0.0
20,20,KNN,brute,35,uncalibrated,-0.112,0.0005012531328320883,0.0005012531328320805
20,20,KNN,brute,35,uncalibrated,-0.11,0.0,0.0
20,20,KNN,brute,35,uncalibrated,-0.108,0.0,0.0
20,20,KNN,brute,37,uncalibrated,-0.128,1.0,0.0
20,20,KNN,brute,37,uncalibrated,-0.126,1.0,0.0
20,20,KNN,brute,37,uncalibrated,-0.124,1.0,0.0
20,20,KNN,brute,37,uncalibrated,-0.122,1.0,0.0
20,20,KNN,brute,37,uncalibrated,-0.12,1.0,0.0
20,20,KNN,brute,37,uncalibrated,-0.118,1.0,0.0
20,20,KNN,brute,37,uncalibrated,-0.116,1.0,0.0
20,20,KNN,brute,37,uncalibrated,-0.114,0.0,0.0
20,20,KNN,brute,37,uncalibrated,-0.112,0.0007112375533428247,0.000711237553342817
20,20,KNN,brute,37,uncalibrated,-0.11,0.0,0.0
20,20,KNN,brute,37,uncalibrated,-0.108,0.0,0.0
20,20,KNN,brute,39,uncalibrated,-0.128,1.0,0.0
20,20,KNN,brute,39,uncalibrated,-0.126,1.0,0.0
20,20,KNN,brute,39,uncalibrated,-0.124,1.0,0.0
20,20,KNN,brute,39,uncalibrated,-0.122,1.0,0.0
20,20,KNN,brute,39,uncalibrated,-0.12,1.0,0.0
20,20,KNN,brute,39,uncalibrated,-0.118,1.0,0.0
20,20,KNN,brute,39,uncalibrated,-0.116,1.0,0.0
20,20,KNN,brute,39,uncalibrated,-0.114,0.0,0.0
20,20,KNN,brute,39,uncalibrated,-0.112,0.0009938382031405195,0.0009938382031405282
20,20,KNN,brute,39,uncalibrated,-0.11,0.0,0.0
20,20,KNN,brute,39,uncalibrated,-0.108,0.0,0.0
20,20,KNN,brute,41,uncalibrated,-0.128,1.0,0.0
20,20,KNN,brute,41,uncalibrated,-0.126,1.0,0.0
20,20,KNN,brute,41,uncalibrated,-0.124,1.0,0.0
20,20,KNN,brute,41,uncalibrated,-0.122,1.0,0.0
20,20,KNN,brute,41,uncalibrated,-0.12,1.0,0.0
20,20,KNN,brute,41,uncalibrated,-0.118,1.0,0.0
20,20,KNN,brute,41,uncalibrated,-0.116,1.0,0.0
20,20,KNN,brute,41,uncalibrated,-0.114,0.0,0.0
20,20,KNN,brute,41,uncalibrated,-0.112,0.0012289657780298825,0.0012289657780298734
20,20,KNN,brute,41,uncalibrated,-0.11,0.0,0.0
20,20,KNN,brute,41,uncalibrated,-0.108,0.0,0.0
20,20,KNN,brute,43,uncalibrated,-0.128,1.0,0.0
20,20,KNN,brute,43,uncalibrated,-0.126,1.0,0.0
20,20,KNN,brute,43,uncalibrated,-0.124,1.0,0.0
20,20,KNN,brute,43,uncalibrated,-0.122,1.0,0.0
20,20,KNN,brute,43,uncalibrated,-0.12,1.0,0.0
20,20,KNN,brute,43,uncalibrated,-0.118,1.0,0.0
20,20,KNN,brute,43,uncalibrated,-0.116,1.0,0.0
20,20,KNN,brute,43,uncalibrated,-0.114,0.0,0.0
20,20,KNN,brute,43,uncalibrated,-0.112,0.0016224986479177934,0.0016224986479177936
20,20,KNN,brute,43,uncalibrated,-0.11,0.0,0.0
20,20,KNN,brute,43,uncalibrated,-0.108,0.0,0.0
20,20,KNN,brute,45,uncalibrated,-0.128,1.0,0.0
20,20,KNN,brute,45,uncalibrated,-0.126,1.0,0.0
20,20,KNN,brute,45,uncalibrated,-0.124,1.0,0.0
20,20,KNN,brute,45,uncalibrated,-0.122,1.0,0.0
20,20,KNN,brute,45,uncalibrated,-0.12,1.0,0.0
20,20,KNN,brute,45,uncalibrated,-0.118,1.0,0.0
20,20,KNN,brute,45,uncalibrated,-0.116,1.0,0.0
20,20,KNN,brute,45,uncalibrated,-0.114,0.0,0.0
20,20,KNN,brute,45,uncalibrated,-0.112,0.0019810508182601387,0.0019810508182601196
20,20,KNN,brute,45,uncalibrated,-0.11,0.0,0.0
20,20,KNN,brute,45,uncalibrated,-0.108,0.0,0.0
20,20,KNN,brute,47,uncalibrated,-0.128,1.0,0.0
20,20,KNN,brute,47,uncalibrated,-0.126,1.0,0.0
20,20,KNN,brute,47,uncalibrated,-0.124,1.0,0.0
20,20,KNN,brute,47,uncalibrated,-0.122,1.0,0.0
20,20,KNN,brute,47,uncalibrated,-0.12,1.0,0.0
20,20,KNN,brute,47,uncalibrated,-0.118,1.0,0.0
20,20,KNN,brute,47,uncalibrated,-0.116,1.0,0.0
20,20,KNN,brute,47,uncalibrated,-0.114,0.0,0.0
20,20,KNN,brute,47,uncalibrated,-0.112,0.0023090879102754228,0.002309087910275441
20,20,KNN,brute,47,uncalibrated,-0.11,0.0,0.0
20,20,KNN,brute,47,uncalibrated,-0.108,0.0,0.0
20,20,KNN,brute,49,uncalibrated,-0.128,1.0,0.0
20,20,KNN,brute,49,uncalibrated,-0.126,1.0,0.0
20,20,KNN,brute,49,uncalibrated,-0.124,1.0,0.0
20,20,KNN,brute,49,uncalibrated,-0.122,1.0,0.0
20,20,KNN,brute,49,uncalibrated,-0.12,1.0,0.0
20,20,KNN,brute,49,uncalibrated,-0.118,1.0,0.0
20,20,KNN,brute,49,uncalibrated,-0.116,1.0,0.0
20,20,KNN,brute,49,uncalibrated,-0.114,0.0,0.0
20,20,KNN,brute,49,uncalibrated,-0.112,0.0026894478721721246,0.0026894478721721246
20,20,KNN,brute,49,uncalibrated,-0.11,0.0,0.0
20,20,KNN,brute,49,uncalibrated,-0.108,0.0,0.0
20,20,KNN,brute,51,uncalibrated,-0.128,1.0,0.0
20,20,KNN,brute,51,uncalibrated,-0.126,1.0,0.0
20,20,KNN,brute,51,uncalibrated,-0.124,1.0,0.0
20,20,KNN,brute,51,uncalibrated,-0.122,1.0,0.0
20,20,KNN,brute,51,uncalibrated,-0.12,1.0,0.0
20,20,KNN,brute,51,uncalibrated,-0.118,1.0,0.0
20,20,KNN,brute,51,uncalibrated,-0.116,1.0,0.0
20,20,KNN,brute,51,uncalibrated,-0.114,0.0,0.0
20,20,KNN,brute,51,uncalibrated,-0.112,0.0030399756801945768,0.0030399756801945585
20,20,KNN,brute,51,uncalibrated,-0.11,0.0,0.0
20,20,KNN,brute,51,uncalibrated,-0.108,0.0,0.0
20,20,KNN,brute,61,uncalibrated,-0.128,1.0,0.0
20,20,KNN,brute,61,uncalibrated,-0.126,1.0,0.0
20,20,KNN,brute,61,uncalibrated,-0.124,1.0,0.0
20,20,KNN,brute,61,uncalibrated,-0.122,1.0,0.0
20,20,KNN,brute,61,uncalibrated,-0.12,1.0,0.0
20,20,KNN,brute,61,uncalibrated,-0.118,1.0,0.0
20,20,KNN,brute,61,uncalibrated,-0.116,1.0,0.0
20,20,KNN,brute,61,uncalibrated,-0.114,0.0,0.0
20,20,KNN,brute,61,uncalibrated,-0.112,0.00425721184394463,0.004257211843944594
20,20,KNN,brute,61,uncalibrated,-0.11,0.0,0.0
20,20,KNN,brute,61,uncalibrated,-0.108,0.0,0.0
20,20,KNN,brute,81,uncalibrated,-0.128,1.0,0.0
20,20,KNN,brute,81,uncalibrated,-0.126,1.0,0.0
20,20,KNN,brute,81,uncalibrated,-0.124,1.0,0.0
20,20,KNN,brute,81,uncalibrated,-0.122,1.0,0.0
20,20,KNN,brute,81,uncalibrated,-0.12,1.0,0.0
20,20,KNN,brute,81,uncalibrated,-0.118,1.0,0.0
20,20,KNN,brute,81,uncalibrated,-0.116,1.0,0.0
20,20,KNN,brute,81,uncalibrated,-0.114,0.0,0.0
20,20,KNN,brute,81,uncalibrated,-0.112,0.0059814336300124775,0.0059814336300124385
20,20,KNN,brute,81,uncalibrated,-0.11,0.0,0.0
20,20,KNN,brute,81,uncalibrated,-0.108,0.0,0.0
20,20,KNN,brute,101,uncalibrated,-0.128,1.0,0.0
20,20,KNN,brute,101,uncalibrated,-0.126,1.0,0.0
20,20,KNN,brute,101,uncalibrated,-0.124,1.0,0.0
20,20,KNN,brute,101,uncalibrated,-0.122,1.0,0.0
20,20,KNN,brute,101,uncalibrated,-0.12,1.0,0.0
20,20,KNN,brute,101,uncalibrated,-0.118,1.0,0.0
20,20,KNN,brute,101,uncalibrated,-0.116,1.0,0.0
20,20,KNN,brute,101,uncalibrated,-0.114,0.0002828854314002829,0.00028288543140028276
20,20,KNN,brute,101,uncalibrated,-0.112,0.007867065776345076,0.007373188118162287
20,20,KNN,brute,101,uncalibrated,-0.11,0.0,0.0
20,20,KNN,brute,101,uncalibrated,-0.108,0.0,0.0
20,20,KNN,brute,151,uncalibrated,-0.128,1.0,0.0
20,20,KNN,brute,151,uncalibrated,-0.126,1.0,0.0
20,20,KNN,brute,151,uncalibrated,-0.124,1.0,0.0
20,20,KNN,brute,151,uncalibrated,-0.122,1.0,0.0
20,20,KNN,brute,151,uncalibrated,-0.12,1.0,0.0
20,20,KNN,brute,151,uncalibrated,-0.118,1.0,0.0
20,20,KNN,brute,151,uncalibrated,-0.116,1.0,0.0
20,20,KNN,brute,151,uncalibrated,-0.114,0.002149647511215552,0.002149647511215552
20,20,KNN,brute,151,uncalibrated,-0.112,0.01163539367181754,0.011367496178577807
20,20,KNN,brute,151,uncalibrated,-0.11,0.0,0.0
20,20,KNN,brute,151,uncalibrated,-0.108,0.0006680608806785093,0.0006680608806785176
20,20,KNN,brute,201,uncalibrated,-0.128,1.0,0.0
20,20,KNN,brute,201,uncalibrated,-0.126,1.0,0.0
20,20,KNN,brute,201,uncalibrated,-0.124,1.0,0.0
20,20,KNN,brute,201,uncalibrated,-0.122,1.0,0.0
20,20,KNN,brute,201,uncalibrated,-0.12,1.0,0.0
20,20,KNN,brute,201,uncalibrated,-0.118,1.0,0.0
20,20,KNN,brute,201,uncalibrated,-0.116,1.0,0.0
20,20,KNN,brute,201,uncalibrated,-0.114,0.00612399848148814,0.005959919917326665
20,20,KNN,brute,201,uncalibrated,-0.112,0.01857267715476668,0.01749236087198801
20,20,KNN,brute,201,uncalibrated,-0.11,0.0002743634767339771,0.0002246269648487337
20,20,KNN,brute,201,uncalibrated,-0.108,0.0017169056677397436,0.001716905667739733
12,12,KNN,auto,1,uncalibrated,-0.128,1.0,0.0
12,12,KNN,auto,1,uncalibrated,-0.126,1.0,0.0
12,12,KNN,auto,1,uncalibrated,-0.124,1.0,0.0
12,12,KNN,auto,1,uncalibrated,-0.122,1.0,0.0
12,12,KNN,auto,1,uncalibrated,-0.12,1.0,0.0
12,12,KNN,auto,1,uncalibrated,-0.118,1.0,0.0
12,12,KNN,auto,1,uncalibrated,-0.116,1.0,0.0
12,12,KNN,auto,1,uncalibrated,-0.114,0.0,0.0
12,12,KNN,auto,1,uncalibrated,-0.112,0.0,0.0
12,12,KNN,auto,1,uncalibrated,-0.11,0.0,0.0
12,12,KNN,auto,1,uncalibrated,-0.108,0.0,0.0
12,12,KNN,auto,3,uncalibrated,-0.128,1.0,0.0
12,12,KNN,auto,3,uncalibrated,-0.126,1.0,0.0
12,12,KNN,auto,3,uncalibrated,-0.124,1.0,0.0
12,12,KNN,auto,3,uncalibrated,-0.122,1.0,0.0
12,12,KNN,auto,3,uncalibrated,-0.12,1.0,0.0
12,12,KNN,auto,3,uncalibrated,-0.118,1.0,0.0
12,12,KNN,auto,3,uncalibrated,-0.116,1.0,0.0
12,12,KNN,auto,3,uncalibrated,-0.114,0.0,0.0
12,12,KNN,auto,3,uncalibrated,-0.112,0.0,0.0
12,12,KNN,auto,3,uncalibrated,-0.11,0.0,0.0
12,12,KNN,auto,3,uncalibrated,-0.108,0.0,0.0
12,12,KNN,auto,5,uncalibrated,-0.128,1.0,0.0
12,12,KNN,auto,5,uncalibrated,-0.126,1.0,0.0
12,12,KNN,auto,5,uncalibrated,-0.124,1.0,0.0
12,12,KNN,auto,5,uncalibrated,-0.122,1.0,0.0
12,12,KNN,auto,5,uncalibrated,-0.12,1.0,0.0
12,12,KNN,auto,5,uncalibrated,-0.118,1.0,0.0
12,12,KNN,auto,5,uncalibrated,-0.116,1.0,0.0
12,12,KNN,auto,5,uncalibrated,-0.114,0.0,0.0
12,12,KNN,auto,5,uncalibrated,-0.112,0.0,0.0
12,12,KNN,auto,5,uncalibrated,-0.11,0.0,0.0
12,12,KNN,auto,5,uncalibrated,-0.108,0.0,0.0
12,12,KNN,auto,7,uncalibrated,-0.128,1.0,0.0
12,12,KNN,auto,7,uncalibrated,-0.126,1.0,0.0
12,12,KNN,auto,7,uncalibrated,-0.124,1.0,0.0
12,12,KNN,auto,7,uncalibrated,-0.122,1.0,0.0
12,12,KNN,auto,7,uncalibrated,-0.12,1.0,0.0
12,12,KNN,auto,7,uncalibrated,-0.118,1.0,0.0
12,12,KNN,auto,7,uncalibrated,-0.116,1.0,0.0
12,12,KNN,auto,7,uncalibrated,-0.114,0.0,0.0
12,12,KNN,auto,7,uncalibrated,-0.112,0.0,0.0
12,12,KNN,auto,7,uncalibrated,-0.11,0.0,0.0
12,12,KNN,auto,7,uncalibrated,-0.108,0.0,0.0
12,12,KNN,auto,9,uncalibrated,-0.128,1.0,0.0
12,12,KNN,auto,9,uncalibrated,-0.126,1.0,0.0
12,12,KNN,auto,9,uncalibrated,-0.124,1.0,0.0
12,12,KNN,auto,9,uncalibrated,-0.122,1.0,0.0
12,12,KNN,auto,9,uncalibrated,-0.12,1.0,0.0
12,12,KNN,auto,9,uncalibrated,-0.118,1.0,0.0
12,12,KNN,auto,9,uncalibrated,-0.116,1.0,0.0
12,12,KNN,auto,9,uncalibrated,-0.114,0.0,0.0
12,12,KNN,auto,9,uncalibrated,-0.112,0.0,0.0
12,12,KNN,auto,9,uncalibrated,-0.11,0.0,0.0
12,12,KNN,auto,9,uncalibrated,-0.108,0.0,0.0
12,12,KNN,auto,11,uncalibrated,-0.128,1.0,0.0
12,12,KNN,auto,11,uncalibrated,-0.126,1.0,0.0
12,12,KNN,auto,11,uncalibrated,-0.124,1.0,0.0
12,12,KNN,auto,11,uncalibrated,-0.122,1.0,0.0
12,12,KNN,auto,11,uncalibrated,-0.12,1.0,0.0
12,12,KNN,auto,11,uncalibrated,-0.118,1.0,0.0
12,12,KNN,auto,11,uncalibrated,-0.116,1.0,0.0
12,12,KNN,auto,11,uncalibrated,-0.114,0.0,0.0
12,12,KNN,auto,11,uncalibrated,-0.112,0.0,0.0
12,12,KNN,auto,11,uncalibrated,-0.11,0.0,0.0
12,12,KNN,auto,11,uncalibrated,-0.108,0.0,0.0
12,12,KNN,auto,13,uncalibrated,-0.128,1.0,0.0
12,12,KNN,auto,13,uncalibrated,-0.126,1.0,0.0
12,12,KNN,auto,13,uncalibrated,-0.124,1.0,0.0
12,12,KNN,auto,13,uncalibrated,-0.122,1.0,0.0
12,12,KNN,auto,13,uncalibrated,-0.12,1.0,0.0
12,12,KNN,auto,13,uncalibrated,-0.118,1.0,0.0
12,12,KNN,auto,13,uncalibrated,-0.116,1.0,0.0
12,12,KNN,auto,13,uncalibrated,-0.114,0.0,0.0
12,12,KNN,auto,13,uncalibrated,-0.112,0.0,0.0
12,12,KNN,auto,13,uncalibrated,-0.11,0.0,0.0
12,12,KNN,auto,13,uncalibrated,-0.108,0.0,0.0
12,12,KNN,auto,15,uncalibrated,-0.128,1.0,0.0
12,12,KNN,auto,15,uncalibrated,-0.126,1.0,0.0
12,12,KNN,auto,15,uncalibrated,-0.124,1.0,0.0
12,12,KNN,auto,15,uncalibrated,-0.122,1.0,0.0
12,12,KNN,auto,15,uncalibrated,-0.12,1.0,0.0
12,12,KNN,auto,15,uncalibrated,-0.118,1.0,0.0
12,12,KNN,auto,15,uncalibrated,-0.116,1.0,0.0
12,12,KNN,auto,15,uncalibrated,-0.114,0.0,0.0
12,12,KNN,auto,15,uncalibrated,-0.112,0.0,0.0
12,12,KNN,auto,15,uncalibrated,-0.11,0.0,0.0
12,12,KNN,auto,15,uncalibrated,-0.108,0.0,0.0
12,12,KNN,auto,17,uncalibrated,-0.128,1.0,0.0
12,12,KNN,auto,17,uncalibrated,-0.126,1.0,0.0
12,12,KNN,auto,17,uncalibrated,-0.124,1.0,0.0
12,12,KNN,auto,17,uncalibrated,-0.122,1.0,0.0
12,12,KNN,auto,17,uncalibrated,-0.12,1.0,0.0
12,12,KNN,auto,17,uncalibrated,-0.118,1.0,0.0
12,12,KNN,auto,17,uncalibrated,-0.116,1.0,0.0
12,12,KNN,auto,17,uncalibrated,-0.114,0.0,0.0
12,12,KNN,auto,17,uncalibrated,-0.112,0.0,0.0
12,12,KNN,auto,17,uncalibrated,-0.11,0.0,0.0
12,12,KNN,auto,17,uncalibrated,-0.108,0.0,0.0
12,12,KNN,auto,19,uncalibrated,-0.128,1.0,0.0
12,12,KNN,auto,19,uncalibrated,-0.126,1.0,0.0
12,12,KNN,auto,19,uncalibrated,-0.124,1.0,0.0
12,12,KNN,auto,19,uncalibrated,-0.122,1.0,0.0
12,12,KNN,auto,19,uncalibrated,-0.12,1.0,0.0
12,12,KNN,auto,19,uncalibrated,-0.118,1.0,0.0
12,12,KNN,auto,19,uncalibrated,-0.116,1.0,0.0
12,12,KNN,auto,19,uncalibrated,-0.114,0.0,0.0
12,12,KNN,auto,19,uncalibrated,-0.112,0.00023084025854108346,0.00023084025854108958
12,12,KNN,auto,19,uncalibrated,-0.11,0.0,0.0
12,12,KNN,auto,19,uncalibrated,-0.108,0.0,0.0
12,12,KNN,auto,21,uncalibrated,-0.128,1.0,0.0
12,12,KNN,auto,21,uncalibrated,-0.126,1.0,0.0
12,12,KNN,auto,21,uncalibrated,-0.124,1.0,0.0
12,12,KNN,auto,21,uncalibrated,-0.122,1.0,0.0
12,12,KNN,auto,21,uncalibrated,-0.12,1.0,0.0
12,12,KNN,auto,21,uncalibrated,-0.118,1.0,0.0
12,12,KNN,auto,21,uncalibrated,-0.116,1.0,0.0
12,12,KNN,auto,21,uncalibrated,-0.114,0.0,0.0
12,12,KNN,auto,21,uncalibrated,-0.112,0.0004177109440267416,0.00041771094402673337
12,12,KNN,auto,21,uncalibrated,-0.11,0.0,0.0
12,12,KNN,auto,21,uncalibrated,-0.108,0.0,0.0
12,12,KNN,auto,23,uncalibrated,-0.128,1.0,0.0
12,12,KNN,auto,23,uncalibrated,-0.126,1.0,0.0
12,12,KNN,auto,23,uncalibrated,-0.124,1.0,0.0
12,12,KNN,auto,23,uncalibrated,-0.122,1.0,0.0
12,12,KNN,auto,23,uncalibrated,-0.12,1.0,0.0
12,12,KNN,auto,23,uncalibrated,-0.118,1.0,0.0
12,12,KNN,auto,23,uncalibrated,-0.116,1.0,0.0
12,12,KNN,auto,23,uncalibrated,-0.114,0.0,0.0
12,12,KNN,auto,23,uncalibrated,-0.112,0.000572082379862684,0.0005720823798627001
12,12,KNN,auto,23,uncalibrated,-0.11,0.0,0.0
12,12,KNN,auto,23,uncalibrated,-0.108,0.0,0.0
12,12,KNN,auto,25,uncalibrated,-0.128,1.0,0.0
12,12,KNN,auto,25,uncalibrated,-0.126,1.0,0.0
12,12,KNN,auto,25,uncalibrated,-0.124,1.0,0.0
12,12,KNN,auto,25,uncalibrated,-0.122,1.0,0.0
12,12,KNN,auto,25,uncalibrated,-0.12,1.0,0.0
12,12,KNN,auto,25,uncalibrated,-0.118,1.0,0.0
12,12,KNN,auto,25,uncalibrated,-0.116,1.0,0.0
12,12,KNN,auto,25,uncalibrated,-0.114,0.0,0.0
12,12,KNN,auto,25,uncalibrated,-0.112,0.0008771929824561566,0.0008771929824561402
12,12,KNN,auto,25,uncalibrated,-0.11,0.0,0.0
12,12,KNN,auto,25,uncalibrated,-0.108,0.0,0.0
12,12,KNN,auto,27,uncalibrated,-0.128,1.0,0.0
12,12,KNN,auto,27,uncalibrated,-0.126,1.0,0.0
12,12,KNN,auto,27,uncalibrated,-0.124,1.0,0.0
12,12,KNN,auto,27,uncalibrated,-0.122,1.0,0.0
12,12,KNN,auto,27,uncalibrated,-0.12,1.0,0.0
12,12,KNN,auto,27,uncalibrated,-0.118,1.0,0.0
12,12,KNN,auto,27,uncalibrated,-0.116,1.0,0.0
12,12,KNN,auto,27,uncalibrated,-0.114,0.0,0.0
12,12,KNN,auto,27,uncalibrated,-0.112,0.001137102014295013,0.0011371020142949963
12,12,KNN,auto,27,uncalibrated,-0.11,0.0,0.0
12,12,KNN,auto,27,uncalibrated,-0.108,0.0,0.0
12,12,KNN,auto,29,uncalibrated,-0.128,1.0,0.0
12,12,KNN,auto,29,uncalibrated,-0.126,1.0,0.0
12,12,KNN,auto,29,uncalibrated,-0.124,1.0,0.0
12,12,KNN,auto,29,uncalibrated,-0.122,1.0,0.0
12,12,KNN,auto,29,uncalibrated,-0.12,1.0,0.0
12,12,KNN,auto,29,uncalibrated,-0.118,1.0,0.0
12,12,KNN,auto,29,uncalibrated,-0.116,1.0,0.0
12,12,KNN,auto,29,uncalibrated,-0.114,0.0,0.0
12,12,KNN,auto,29,uncalibrated,-0.112,0.0013611615245008586,0.0013611615245009076
12,12,KNN,auto,29,uncalibrated,-0.11,0.0,0.0
12,12,KNN,auto,29,uncalibrated,-0.108,0.0,0.0
12,12,KNN,auto,31,uncalibrated,-0.128,1.0,0.0
12,12,KNN,auto,31,uncalibrated,-0.126,1.0,0.0
12,12,KNN,auto,31,uncalibrated,-0.124,1.0,0.0
12,12,KNN,auto,31,uncalibrated,-0.122,1.0,0.0
12,12,KNN,auto,31,uncalibrated,-0.12,1.0,0.0
12,12,KNN,auto,31,uncalibrated,-0.118,1.0,0.0
12,12,KNN,auto,31,uncalibrated,-0.116,1.0,0.0
12,12,KNN,auto,31,uncalibrated,-0.114,0.0,0.0
12,12,KNN,auto,31,uncalibrated,-0.112,0.0015563101301640876,0.0015563101301641204
12,12,KNN,auto,31,uncalibrated,-0.11,0.0,0.0
12,12,KNN,auto,31,uncalibrated,-0.108,0.0,0.0
12,12,KNN,auto,33,uncalibrated,-0.128,1.0,0.0
12,12,KNN,auto,33,uncalibrated,-0.126,1.0,0.0
12,12,KNN,auto,33,uncalibrated,-0.124,1.0,0.0
12,12,KNN,auto,33,uncalibrated,-0.122,1.0,0.0
12,12,KNN,auto,33,uncalibrated,-0.12,1.0,0.0
12,12,KNN,auto,33,uncalibrated,-0.118,1.0,0.0
12,12,KNN,auto,33,uncalibrated,-0.116,1.0,0.0
12,12,KNN,auto,33,uncalibrated,-0.114,0.0,0.0
12,12,KNN,auto,33,uncalibrated,-0.112,0.0017278043593832904,0.0017278043593833073
12,12,KNN,auto,33,uncalibrated,-0.11,0.0,0.0
12,12,KNN,auto,33,uncalibrated,-0.108,0.0,0.0
12,12,KNN,auto,35,uncalibrated,-0.128,1.0,0.0
12,12,KNN,auto,35,uncalibrated,-0.126,1.0,0.0
12,12,KNN,auto,35,uncalibrated,-0.124,1.0,0.0
12,12,KNN,auto,35,uncalibrated,-0.122,1.0,0.0
12,12,KNN,auto,35,uncalibrated,-0.12,1.0,0.0
12,12,KNN,auto,35,uncalibrated,-0.118,1.0,0.0
12,12,KNN,auto,35,uncalibrated,-0.116,1.0,0.0
12,12,KNN,auto,35,uncalibrated,-0.114,0.0,0.0
12,12,KNN,auto,35,uncalibrated,-0.112,0.0020050125313283533,0.0018822038451647705
12,12,KNN,auto,35,uncalibrated,-0.11,0.0,0.0
12,12,KNN,auto,35,uncalibrated,-0.108,0.0,0.0
12,12,KNN,auto,37,uncalibrated,-0.128,1.0,0.0
12,12,KNN,auto,37,uncalibrated,-0.126,1.0,0.0
12,12,KNN,auto,37,uncalibrated,-0.124,1.0,0.0
12,12,KNN,auto,37,uncalibrated,-0.122,1.0,0.0
12,12,KNN,auto,37,uncalibrated,-0.12,1.0,0.0
12,12,KNN,auto,37,uncalibrated,-0.118,1.0,0.0
12,12,KNN,auto,37,uncalibrated,-0.116,1.0,0.0
12,12,KNN,auto,37,uncalibrated,-0.114,0.0,0.0
12,12,KNN,auto,37,uncalibrated,-0.112,0.0022522522522522527,0.0020259291408894946
12,12,KNN,auto,37,uncalibrated,-0.11,0.0,0.0
12,12,KNN,auto,37,uncalibrated,-0.108,0.0,0.0
12,12,KNN,auto,39,uncalibrated,-0.128,1.0,0.0
12,12,KNN,auto,39,uncalibrated,-0.126,1.0,0.0
12,12,KNN,auto,39,uncalibrated,-0.124,1.0,0.0
12,12,KNN,auto,39,uncalibrated,-0.122,1.0,0.0
12,12,KNN,auto,39,uncalibrated,-0.12,1.0,0.0
12,12,KNN,auto,39,uncalibrated,-0.118,1.0,0.0
12,12,KNN,auto,39,uncalibrated,-0.116,1.0,0.0
12,12,KNN,auto,39,uncalibrated,-0.114,0.0,0.0
12,12,KNN,auto,39,uncalibrated,-0.112,0.0023852116875372692,0.0023852116875372692
12,12,KNN,auto,39,uncalibrated,-0.11,0.0,0.0
12,12,KNN,auto,39,uncalibrated,-0.108,0.0,0.0
12,12,KNN,auto,41,uncalibrated,-0.128,1.0,0.0
12,12,KNN,auto,41,uncalibrated,-0.126,1.0,0.0
12,12,KNN,auto,41,uncalibrated,-0.124,1.0,0.0
12,12,KNN,auto,41,uncalibrated,-0.122,1.0,0.0
12,12,KNN,auto,41,uncalibrated,-0.12,1.0,0.0
12,12,KNN,auto,41,uncalibrated,-0.118,1.0,0.0
12,12,KNN,auto,41,uncalibrated,-0.116,1.0,0.0
12,12,KNN,auto,41,uncalibrated,-0.114,0.0,0.0
12,12,KNN,auto,41,uncalibrated,-0.112,0.002836074872376594,0.0028360748723766306
12,12,KNN,auto,41,uncalibrated,-0.11,0.0,0.0
12,12,KNN,auto,41,uncalibrated,-0.108,0.0,0.0
12,12,KNN,auto,43,uncalibrated,-0.128,1.0,0.0
12,12,KNN,auto,43,uncalibrated,-0.126,1.0,0.0
12,12,KNN,auto,43,uncalibrated,-0.124,1.0,0.0
12,12,KNN,auto,43,uncalibrated,-0.122,1.0,0.0
12,12,KNN,auto,43,uncalibrated,-0.12,1.0,0.0
12,12,KNN,auto,43,uncalibrated,-0.118,1.0,0.0
12,12,KNN,auto,43,uncalibrated,-0.116,1.0,0.0
12,12,KNN,auto,43,uncalibrated,-0.114,0.0,0.0
12,12,KNN,auto,43,uncalibrated,-0.112,0.0032449972958356046,0.003244997295835586
12,12,KNN,auto,43,uncalibrated,-0.11,0.0,0.0
12,12,KNN,auto,43,uncalibrated,-0.108,0.0,0.0
12,12,KNN,auto,45,uncalibrated,-0.128,1.0,0.0
12,12,KNN,auto,45,uncalibrated,-0.126,1.0,0.0
12,12,KNN,auto,45,uncalibrated,-0.124,1.0,0.0
12,12,KNN,auto,45,uncalibrated,-0.122,1.0,0.0
12,12,KNN,auto,45,uncalibrated,-0.12,1.0,0.0
12,12,KNN,auto,45,uncalibrated,-0.118,1.0,0.0
12,12,KNN,auto,45,uncalibrated,-0.116,1.0,0.0
12,12,KNN,auto,45,uncalibrated,-0.114,0.0,0.0
12,12,KNN,auto,45,uncalibrated,-0.112,0.003617571059431525,0.003617571059431525
12,12,KNN,auto,45,uncalibrated,-0.11,0.0,0.0
12,12,KNN,auto,45,uncalibrated,-0.108,0.0,0.0
12,12,KNN,auto,47,uncalibrated,-0.128,1.0,0.0
12,12,KNN,auto,47,uncalibrated,-0.126,1.0,0.0
12,12,KNN,auto,47,uncalibrated,-0.124,1.0,0.0
12,12,KNN,auto,47,uncalibrated,-0.122,1.0,0.0
12,12,KNN,auto,47,uncalibrated,-0.12,1.0,0.0
12,12,KNN,auto,47,uncalibrated,-0.118,1.0,0.0
12,12,KNN,auto,47,uncalibrated,-0.116,1.0,0.0
12,12,KNN,auto,47,uncalibrated,-0.114,0.0,0.0
12,12,KNN,auto,47,uncalibrated,-0.112,0.003958436417615006,0.003958436417615042
12,12,KNN,auto,47,uncalibrated,-0.11,0.0,0.0
12,12,KNN,auto,47,uncalibrated,-0.108,0.0,0.0
12,12,KNN,auto,49,uncalibrated,-0.128,1.0,0.0
12,12,KNN,auto,49,uncalibrated,-0.126,1.0,0.0
12,12,KNN,auto,49,uncalibrated,-0.124,1.0,0.0
12,12,KNN,auto,49,uncalibrated,-0.122,1.0,0.0
12,12,KNN,auto,49,uncalibrated,-0.12,1.0,0.0
12,12,KNN,auto,49,uncalibrated,-0.118,1.0,0.0
12,12,KNN,auto,49,uncalibrated,-0.116,1.0,0.0
12,12,KNN,auto,49,uncalibrated,-0.114,0.0,0.0
12,12,KNN,auto,49,uncalibrated,-0.112,0.004271476032273337,0.0042714760322733756
12,12,KNN,auto,49,uncalibrated,-0.11,0.0,0.0
12,12,KNN,auto,49,uncalibrated,-0.108,0.0,0.0
12,12,KNN,auto,51,uncalibrated,-0.128,1.0,0.0
12,12,KNN,auto,51,uncalibrated,-0.126,1.0,0.0
12,12,KNN,auto,51,uncalibrated,-0.124,1.0,0.0
12,12,KNN,auto,51,uncalibrated,-0.122,1.0,0.0
12,12,KNN,auto,51,uncalibrated,-0.12,1.0,0.0
12,12,KNN,auto,51,uncalibrated,-0.118,1.0,0.0
12,12,KNN,auto,51,uncalibrated,-0.116,1.0,0.0
12,12,KNN,auto,51,uncalibrated,-0.114,0.0,0.0
12,12,KNN,auto,51,uncalibrated,-0.112,0.0045599635202918,0.004559963520291838
12,12,KNN,auto,51,uncalibrated,-0.11,0.0,0.0
12,12,KNN,auto,51,uncalibrated,-0.108,0.0,0.0
12,12,KNN,auto,61,uncalibrated,-0.128,1.0,0.0
12,12,KNN,auto,61,uncalibrated,-0.126,1.0,0.0
12,12,KNN,auto,61,uncalibrated,-0.124,1.0,0.0
12,12,KNN,auto,61,uncalibrated,-0.122,1.0,0.0
12,12,KNN,auto,61,uncalibrated,-0.12,1.0,0.0
12,12,KNN,auto,61,uncalibrated,-0.118,1.0,0.0
12,12,KNN,auto,61,uncalibrated,-0.116,1.0,0.0
12,12,KNN,auto,61,uncalibrated,-0.114,0.00019516003122560497,0.00019516003122560505
12,12,KNN,auto,61,uncalibrated,-0.112,0.005718642775447923,0.00571864277544796
12,12,KNN,auto,61,uncalibrated,-0.11,0.0,0.0
12,12,KNN,auto,61,uncalibrated,-0.108,0.0,0.0
12,12,KNN,auto,81,uncalibrated,-0.128,1.0,0.0
12,12,KNN,auto,81,uncalibrated,-0.126,1.0,0.0
12,12,KNN,auto,81,uncalibrated,-0.124,1.0,0.0
12,12,KNN,auto,81,uncalibrated,-0.122,1.0,0.0
12,12,KNN,auto,81,uncalibrated,-0.12,1.0,0.0
12,12,KNN,auto,81,uncalibrated,-0.118,1.0,0.0
12,12,KNN,auto,81,uncalibrated,-0.116,1.0,0.0
12,12,KNN,auto,81,uncalibrated,-0.114,0.0006760728982951295,0.0006469922542425899
12,12,KNN,auto,81,uncalibrated,-0.112,0.0071777203560150025,0.007177720356014931
12,12,KNN,auto,81,uncalibrated,-0.11,0.0,0.0
12,12,KNN,auto,81,uncalibrated,-0.108,0.0,0.0
12,12,KNN,auto,101,uncalibrated,-0.128,1.0,0.0
12,12,KNN,auto,101,uncalibrated,-0.126,1.0,0.0
12,12,KNN,auto,101,uncalibrated,-0.124,1.0,0.0
12,12,KNN,auto,101,uncalibrated,-0.122,1.0,0.0
12,12,KNN,auto,101,uncalibrated,-0.12,1.0,0.0
12,12,KNN,auto,101,uncalibrated,-0.118,1.0,0.0
12,12,KNN,auto,101,uncalibrated,-0.116,1.0,0.0
12,12,KNN,auto,101,uncalibrated,-0.114,0.001097892047269243,0.0010978920472692433
12,12,KNN,auto,101,uncalibrated,-0.112,0.008864839972369257,0.008594009555791622
12,12,KNN,auto,101,uncalibrated,-0.11,0.0,0.0
12,12,KNN,auto,101,uncalibrated,-0.108,0.0,0.0
12,12,KNN,auto,151,uncalibrated,-0.128,1.0,0.0
12,12,KNN,auto,151,uncalibrated,-0.126,1.0,0.0
12,12,KNN,auto,151,uncalibrated,-0.124,1.0,0.0
12,12,KNN,auto,151,uncalibrated,-0.122,1.0,0.0
12,12,KNN,auto,151,uncalibrated,-0.12,1.0,0.0
12,12,KNN,auto,151,uncalibrated,-0.118,1.0,0.0
12,12,KNN,auto,151,uncalibrated,-0.116,1.0,0.0
12,12,KNN,auto,151,uncalibrated,-0.114,0.004606387524033332,0.004606387524033326
12,12,KNN,auto,151,uncalibrated,-0.112,0.01280813097866078,0.012322274341939195
12,12,KNN,auto,151,uncalibrated,-0.11,5.255965520866352e-05,5.255965520866183e-05
12,12,KNN,auto,151,uncalibrated,-0.108,0.0008713837574067457,0.0008424511381052617
12,12,KNN,auto,201,uncalibrated,-0.128,1.0,0.0
12,12,KNN,auto,201,uncalibrated,-0.126,1.0,0.0
12,12,KNN,auto,201,uncalibrated,-0.124,1.0,0.0
12,12,KNN,auto,201,uncalibrated,-0.122,1.0,0.0
12,12,KNN,auto,201,uncalibrated,-0.12,1.0,0.0
12,12,KNN,auto,201,uncalibrated,-0.118,1.0,0.0
12,12,KNN,auto,201,uncalibrated,-0.116,1.0,0.0
12,12,KNN,auto,201,uncalibrated,-0.114,0.008378109452736324,0.007843598761641585
12,12,KNN,auto,201,uncalibrated,-0.112,0.02013580744924031,0.018211235469499473
12,12,KNN,auto,201,uncalibrated,-0.11,0.0018656716417910445,0.0018283469727060245
12,12,KNN,auto,201,uncalibrated,-0.108,0.002341235001463272,0.0023412350014632723
12,12,KNN,kd_tree,1,uncalibrated,-0.128,1.0,0.0
12,12,KNN,kd_tree,1,uncalibrated,-0.126,1.0,0.0
12,12,KNN,kd_tree,1,uncalibrated,-0.124,1.0,0.0
12,12,KNN,kd_tree,1,uncalibrated,-0.122,1.0,0.0
12,12,KNN,kd_tree,1,uncalibrated,-0.12,1.0,0.0
12,12,KNN,kd_tree,1,uncalibrated,-0.118,1.0,0.0
12,12,KNN,kd_tree,1,uncalibrated,-0.116,1.0,0.0
12,12,KNN,kd_tree,1,uncalibrated,-0.114,0.0,0.0
12,12,KNN,kd_tree,1,uncalibrated,-0.112,0.0,0.0
12,12,KNN,kd_tree,1,uncalibrated,-0.11,0.0,0.0
12,12,KNN,kd_tree,1,uncalibrated,-0.108,0.0,0.0
12,12,KNN,kd_tree,3,uncalibrated,-0.128,1.0,0.0
12,12,KNN,kd_tree,3,uncalibrated,-0.126,1.0,0.0
12,12,KNN,kd_tree,3,uncalibrated,-0.124,1.0,0.0
12,12,KNN,kd_tree,3,uncalibrated,-0.122,1.0,0.0
12,12,KNN,kd_tree,3,uncalibrated,-0.12,1.0,0.0
12,12,KNN,kd_tree,3,uncalibrated,-0.118,1.0,0.0
12,12,KNN,kd_tree,3,uncalibrated,-0.116,1.0,0.0
12,12,KNN,kd_tree,3,uncalibrated,-0.114,0.0,0.0
12,12,KNN,kd_tree,3,uncalibrated,-0.112,0.0,0.0
12,12,KNN,kd_tree,3,uncalibrated,-0.11,0.0,0.0
12,12,KNN,kd_tree,3,uncalibrated,-0.108,0.0,0.0
12,12,KNN,kd_tree,5,uncalibrated,-0.128,1.0,0.0
12,12,KNN,kd_tree,5,uncalibrated,-0.126,1.0,0.0
12,12,KNN,kd_tree,5,uncalibrated,-0.124,1.0,0.0
12,12,KNN,kd_tree,5,uncalibrated,-0.122,1.0,0.0
12,12,KNN,kd_tree,5,uncalibrated,-0.12,1.0,0.0
12,12,KNN,kd_tree,5,uncalibrated,-0.118,1.0,0.0
12,12,KNN,kd_tree,5,uncalibrated,-0.116,1.0,0.0
12,12,KNN,kd_tree,5,uncalibrated,-0.114,0.0,0.0
12,12,KNN,kd_tree,5,uncalibrated,-0.112,0.0,0.0
12,12,KNN,kd_tree,5,uncalibrated,-0.11,0.0,0.0
12,12,KNN,kd_tree,5,uncalibrated,-0.108,0.0,0.0
12,12,KNN,kd_tree,7,uncalibrated,-0.128,1.0,0.0
12,12,KNN,kd_tree,7,uncalibrated,-0.126,1.0,0.0
12,12,KNN,kd_tree,7,uncalibrated,-0.124,1.0,0.0
12,12,KNN,kd_tree,7,uncalibrated,-0.122,1.0,0.0
12,12,KNN,kd_tree,7,uncalibrated,-0.12,1.0,0.0
12,12,KNN,kd_tree,7,uncalibrated,-0.118,1.0,0.0
12,12,KNN,kd_tree,7,uncalibrated,-0.116,1.0,0.0
12,12,KNN,kd_tree,7,uncalibrated,-0.114,0.0,0.0
12,12,KNN,kd_tree,7,uncalibrated,-0.112,0.0,0.0
12,12,KNN,kd_tree,7,uncalibrated,-0.11,0.0,0.0
12,12,KNN,kd_tree,7,uncalibrated,-0.108,0.0,0.0
12,12,KNN,kd_tree,9,uncalibrated,-0.128,1.0,0.0
12,12,KNN,kd_tree,9,uncalibrated,-0.126,1.0,0.0
12,12,KNN,kd_tree,9,uncalibrated,-0.124,1.0,0.0
12,12,KNN,kd_tree,9,uncalibrated,-0.122,1.0,0.0
12,12,KNN,kd_tree,9,uncalibrated,-0.12,1.0,0.0
12,12,KNN,kd_tree,9,uncalibrated,-0.118,1.0,0.0
12,12,KNN,kd_tree,9,uncalibrated,-0.116,1.0,0.0
12,12,KNN,kd_tree,9,uncalibrated,-0.114,0.0,0.0
12,12,KNN,kd_tree,9,uncalibrated,-0.112,0.0,0.0
12,12,KNN,kd_tree,9,uncalibrated,-0.11,0.0,0.0
12,12,KNN,kd_tree,9,uncalibrated,-0.108,0.0,0.0
12,12,KNN,kd_tree,11,uncalibrated,-0.128,1.0,0.0
12,12,KNN,kd_tree,11,uncalibrated,-0.126,1.0,0.0
12,12,KNN,kd_tree,11,uncalibrated,-0.124,1.0,0.0
12,12,KNN,kd_tree,11,uncalibrated,-0.122,1.0,0.0
12,12,KNN,kd_tree,11,uncalibrated,-0.12,1.0,0.0
12,12,KNN,kd_tree,11,uncalibrated,-0.118,1.0,0.0
12,12,KNN,kd_tree,11,uncalibrated,-0.116,1.0,0.0
12,12,KNN,kd_tree,11,uncalibrated,-0.114,0.0,0.0
12,12,KNN,kd_tree,11,uncalibrated,-0.112,0.0,0.0
12,12,KNN,kd_tree,11,uncalibrated,-0.11,0.0,0.0
12,12,KNN,kd_tree,11,uncalibrated,-0.108,0.0,0.0
12,12,KNN,kd_tree,13,uncalibrated,-0.128,1.0,0.0
12,12,KNN,kd_tree,13,uncalibrated,-0.126,1.0,0.0
12,12,KNN,kd_tree,13,uncalibrated,-0.124,1.0,0.0
12,12,KNN,kd_tree,13,uncalibrated,-0.122,1.0,0.0
12,12,KNN,kd_tree,13,uncalibrated,-0.12,1.0,0.0
12,12,KNN,kd_tree,13,uncalibrated,-0.118,1.0,0.0
12,12,KNN,kd_tree,13,uncalibrated,-0.116,1.0,0.0
12,12,KNN,kd_tree,13,uncalibrated,-0.114,0.0,0.0
12,12,KNN,kd_tree,13,uncalibrated,-0.112,0.0,0.0
12,12,KNN,kd_tree,13,uncalibrated,-0.11,0.0,0.0
12,12,KNN,kd_tree,13,uncalibrated,-0.108,0.0,0.0
12,12,KNN,kd_tree,15,uncalibrated,-0.128,1.0,0.0
12,12,KNN,kd_tree,15,uncalibrated,-0.126,1.0,0.0
12,12,KNN,kd_tree,15,uncalibrated,-0.124,1.0,0.0
12,12,KNN,kd_tree,15,uncalibrated,-0.122,1.0,0.0
12,12,KNN,kd_tree,15,uncalibrated,-0.12,1.0,0.0
12,12,KNN,kd_tree,15,uncalibrated,-0.118,1.0,0.0
12,12,KNN,kd_tree,15,uncalibrated,-0.116,1.0,0.0
12,12,KNN,kd_tree,15,uncalibrated,-0.114,0.0,0.0
12,12,KNN,kd_tree,15,uncalibrated,-0.112,0.0,0.0
12,12,KNN,kd_tree,15,uncalibrated,-0.11,0.0,0.0
12,12,KNN,kd_tree,15,uncalibrated,-0.108,0.0,0.0
12,12,KNN,kd_tree,17,uncalibrated,-0.128,1.0,0.0
12,12,KNN,kd_tree,17,uncalibrated,-0.126,1.0,0.0
12,12,KNN,kd_tree,17,uncalibrated,-0.124,1.0,0.0
12,12,KNN,kd_tree,17,uncalibrated,-0.122,1.0,0.0
12,12,KNN,kd_tree,17,uncalibrated,-0.12,1.0,0.0
12,12,KNN,kd_tree,17,uncalibrated,-0.118,1.0,0.0
12,12,KNN,kd_tree,17,uncalibrated,-0.116,1.0,0.0
12,12,KNN,kd_tree,17,uncalibrated,-0.114,0.0,0.0
12,12,KNN,kd_tree,17,uncalibrated,-0.112,0.0,0.0
12,12,KNN,kd_tree,17,uncalibrated,-0.11,0.0,0.0
12,12,KNN,kd_tree,17,uncalibrated,-0.108,0.0,0.0
12,12,KNN,kd_tree,19,uncalibrated,-0.128,1.0,0.0
12,12,KNN,kd_tree,19,uncalibrated,-0.126,1.0,0.0
12,12,KNN,kd_tree,19,uncalibrated,-0.124,1.0,0.0
12,12,KNN,kd_tree,19,uncalibrated,-0.122,1.0,0.0
12,12,KNN,kd_tree,19,uncalibrated,-0.12,1.0,0.0
12,12,KNN,kd_tree,19,uncalibrated,-0.118,1.0,0.0
12,12,KNN,kd_tree,19,uncalibrated,-0.116,1.0,0.0
12,12,KNN,kd_tree,19,uncalibrated,-0.114,0.0,0.0
12,12,KNN,kd_tree,19,uncalibrated,-0.112,0.00023084025854108346,0.00023084025854108958
12,12,KNN,kd_tree,19,uncalibrated,-0.11,0.0,0.0
12,12,KNN,kd_tree,19,uncalibrated,-0.108,0.0,0.0
12,12,KNN,kd_tree,21,uncalibrated,-0.128,1.0,0.0
12,12,KNN,kd_tree,21,uncalibrated,-0.126,1.0,0.0
12,12,KNN,kd_tree,21,uncalibrated,-0.124,1.0,0.0
12,12,KNN,kd_tree,21,uncalibrated,-0.122,1.0,0.0
12,12,KNN,kd_tree,21,uncalibrated,-0.12,1.0,0.0
12,12,KNN,kd_tree,21,uncalibrated,-0.118,1.0,0.0
12,12,KNN,kd_tree,21,uncalibrated,-0.116,1.0,0.0
12,12,KNN,kd_tree,21,uncalibrated,-0.114,0.0,0.0
12,12,KNN,kd_tree,21,uncalibrated,-0.112,0.0004177109440267416,0.00041771094402673337
12,12,KNN,kd_tree,21,uncalibrated,-0.11,0.0,0.0
12,12,KNN,kd_tree,21,uncalibrated,-0.108,0.0,0.0
12,12,KNN,kd_tree,23,uncalibrated,-0.128,1.0,0.0
12,12,KNN,kd_tree,23,uncalibrated,-0.126,1.0,0.0
12,12,KNN,kd_tree,23,uncalibrated,-0.124,1.0,0.0
12,12,KNN,kd_tree,23,uncalibrated,-0.122,1.0,0.0
12,12,KNN,kd_tree,23,uncalibrated,-0.12,1.0,0.0
12,12,KNN,kd_tree,23,uncalibrated,-0.118,1.0,0.0
12,12,KNN,kd_tree,23,uncalibrated,-0.116,1.0,0.0
12,12,KNN,kd_tree,23,uncalibrated,-0.114,0.0,0.0
12,12,KNN,kd_tree,23,uncalibrated,-0.112,0.000572082379862684,0.0005720823798627001
12,12,KNN,kd_tree,23,uncalibrated,-0.11,0.0,0.0
12,12,KNN,kd_tree,23,uncalibrated,-0.108,0.0,0.0
12,12,KNN,kd_tree,25,uncalibrated,-0.128,1.0,0.0
12,12,KNN,kd_tree,25,uncalibrated,-0.126,1.0,0.0
12,12,KNN,kd_tree,25,uncalibrated,-0.124,1.0,0.0
12,12,KNN,kd_tree,25,uncalibrated,-0.122,1.0,0.0
12,12,KNN,kd_tree,25,uncalibrated,-0.12,1.0,0.0
12,12,KNN,kd_tree,25,uncalibrated,-0.118,1.0,0.0
12,12,KNN,kd_tree,25,uncalibrated,-0.116,1.0,0.0
12,12,KNN,kd_tree,25,uncalibrated,-0.114,0.0,0.0
12,12,KNN,kd_tree,25,uncalibrated,-0.112,0.0008771929824561566,0.0008771929824561402
12,12,KNN,kd_tree,25,uncalibrated,-0.11,0.0,0.0
12,12,KNN,kd_tree,25,uncalibrated,-0.108,0.0,0.0
12,12,KNN,kd_tree,27,uncalibrated,-0.128,1.0,0.0
12,12,KNN,kd_tree,27,uncalibrated,-0.126,1.0,0.0
12,12,KNN,kd_tree,27,uncalibrated,-0.124,1.0,0.0
12,12,KNN,kd_tree,27,uncalibrated,-0.122,1.0,0.0
12,12,KNN,kd_tree,27,uncalibrated,-0.12,1.0,0.0
12,12,KNN,kd_tree,27,uncalibrated,-0.118,1.0,0.0
12,12,KNN,kd_tree,27,uncalibrated,-0.116,1.0,0.0
12,12,KNN,kd_tree,27,uncalibrated,-0.114,0.0,0.0
12,12,KNN,kd_tree,27,uncalibrated,-0.112,0.001137102014295013,0.0011371020142949963
12,12,KNN,kd_tree,27,uncalibrated,-0.11,0.0,0.0
12,12,KNN,kd_tree,27,uncalibrated,-0.108,0.0,0.0
12,12,KNN,kd_tree,29,uncalibrated,-0.128,1.0,0.0
12,12,KNN,kd_tree,29,uncalibrated,-0.126,1.0,0.0
12,12,KNN,kd_tree,29,uncalibrated,-0.124,1.0,0.0
12,12,KNN,kd_tree,29,uncalibrated,-0.122,1.0,0.0
12,12,KNN,kd_tree,29,uncalibrated,-0.12,1.0,0.0
12,12,KNN,kd_tree,29,uncalibrated,-0.118,1.0,0.0
12,12,KNN,kd_tree,29,uncalibrated,-0.116,1.0,0.0
12,12,KNN,kd_tree,29,uncalibrated,-0.114,0.0,0.0
12,12,KNN,kd_tree,29,uncalibrated,-0.112,0.0013611615245008586,0.0013611615245009076
12,12,KNN,kd_tree,29,uncalibrated,-0.11,0.0,0.0
12,12,KNN,kd_tree,29,uncalibrated,-0.108,0.0,0.0
12,12,KNN,kd_tree,31,uncalibrated,-0.128,1.0,0.0
12,12,KNN,kd_tree,31,uncalibrated,-0.126,1.0,0.0
12,12,KNN,kd_tree,31,uncalibrated,-0.124,1.0,0.0
12,12,KNN,kd_tree,31,uncalibrated,-0.122,1.0,0.0
12,12,KNN,kd_tree,31,uncalibrated,-0.12,1.0,0.0
12,12,KNN,kd_tree,31,uncalibrated,-0.118,1.0,0.0
12,12,KNN,kd_tree,31,uncalibrated,-0.116,1.0,0.0
12,12,KNN,kd_tree,31,uncalibrated,-0.114,0.0,0.0
12,12,KNN,kd_tree,31,uncalibrated,-0.112,0.0015563101301640876,0.0015563101301641204
12,12,KNN,kd_tree,31,uncalibrated,-0.11,0.0,0.0
12,12,KNN,kd_tree,31,uncalibrated,-0.108,0.0,0.0
12,12,KNN,kd_tree,33,uncalibrated,-0.128,1.0,0.0
12,12,KNN,kd_tree,33,uncalibrated,-0.126,1.0,0.0
12,12,KNN,kd_tree,33,uncalibrated,-0.124,1.0,0.0
12,12,KNN,kd_tree,33,uncalibrated,-0.122,1.0,0.0
12,12,KNN,kd_tree,33,uncalibrated,-0.12,1.0,0.0
12,12,KNN,kd_tree,33,uncalibrated,-0.118,1.0,0.0
12,12,KNN,kd_tree,33,uncalibrated,-0.116,1.0,0.0
12,12,KNN,kd_tree,33,uncalibrated,-0.114,0.0,0.0
12,12,KNN,kd_tree,33,uncalibrated,-0.112,0.0017278043593832904,0.0017278043593833073
12,12,KNN,kd_tree,33,uncalibrated,-0.11,0.0,0.0
12,12,KNN,kd_tree,33,uncalibrated,-0.108,0.0,0.0
12,12,KNN,kd_tree,35,uncalibrated,-0.128,1.0,0.0
12,12,KNN,kd_tree,35,uncalibrated,-0.126,1.0,0.0
12,12,KNN,kd_tree,35,uncalibrated,-0.124,1.0,0.0
12,12,KNN,kd_tree,35,uncalibrated,-0.122,1.0,0.0
12,12,KNN,kd_tree,35,uncalibrated,-0.12,1.0,0.0
12,12,KNN,kd_tree,35,uncalibrated,-0.118,1.0,0.0
12,12,KNN,kd_tree,35,uncalibrated,-0.116,1.0,0.0
12,12,KNN,kd_tree,35,uncalibrated,-0.114,0.0,0.0
12,12,KNN,kd_tree,35,uncalibrated,-0.112,0.0020050125313283533,0.0018822038451647705
12,12,KNN,kd_tree,35,uncalibrated,-0.11,0.0,0.0
12,12,KNN,kd_tree,35,uncalibrated,-0.108,0.0,0.0
12,12,KNN,kd_tree,37,uncalibrated,-0.128,1.0,0.0
12,12,KNN,kd_tree,37,uncalibrated,-0.126,1.0,0.0
12,12,KNN,kd_tree,37,uncalibrated,-0.124,1.0,0.0
12,12,KNN,kd_tree,37,uncalibrated,-0.122,1.0,0.0
12,12,KNN,kd_tree,37,uncalibrated,-0.12,1.0,0.0
12,12,KNN,kd_tree,37,uncalibrated,-0.118,1.0,0.0
12,12,KNN,kd_tree,37,uncalibrated,-0.116,1.0,0.0
12,12,KNN,kd_tree,37,uncalibrated,-0.114,0.0,0.0
12,12,KNN,kd_tree,37,uncalibrated,-0.112,0.0022522522522522527,0.0020259291408894946
12,12,KNN,kd_tree,37,uncalibrated,-0.11,0.0,0.0
12,12,KNN,kd_tree,37,uncalibrated,-0.108,0.0,0.0
12,12,KNN,kd_tree,39,uncalibrated,-0.128,1.0,0.0
12,12,KNN,kd_tree,39,uncalibrated,-0.126,1.0,0.0
12,12,KNN,kd_tree,39,uncalibrated,-0.124,1.0,0.0
12,12,KNN,kd_tree,39,uncalibrated,-0.122,1.0,0.0
12,12,KNN,kd_tree,39,uncalibrated,-0.12,1.0,0.0
12,12,KNN,kd_tree,39,uncalibrated,-0.118,1.0,0.0
12,12,KNN,kd_tree,39,uncalibrated,-0.116,1.0,0.0
12,12,KNN,kd_tree,39,uncalibrated,-0.114,0.0,0.0
12,12,KNN,kd_tree,39,uncalibrated,-0.112,0.0023852116875372692,0.0023852116875372692
12,12,KNN,kd_tree,39,uncalibrated,-0.11,0.0,0.0
12,12,KNN,kd_tree,39,uncalibrated,-0.108,0.0,0.0
12,12,KNN,kd_tree,41,uncalibrated,-0.128,1.0,0.0
12,12,KNN,kd_tree,41,uncalibrated,-0.126,1.0,0.0
12,12,KNN,kd_tree,41,uncalibrated,-0.124,1.0,0.0
12,12,KNN,kd_tree,41,uncalibrated,-0.122,1.0,0.0
12,12,KNN,kd_tree,41,uncalibrated,-0.12,1.0,0.0
12,12,KNN,kd_tree,41,uncalibrated,-0.118,1.0,0.0
12,12,KNN,kd_tree,41,uncalibrated,-0.116,1.0,0.0
12,12,KNN,kd_tree,41,uncalibrated,-0.114,0.0,0.0
12,12,KNN,kd_tree,41,uncalibrated,-0.112,0.002836074872376594,0.0028360748723766306
12,12,KNN,kd_tree,41,uncalibrated,-0.11,0.0,0.0
12,12,KNN,kd_tree,41,uncalibrated,-0.108,0.0,0.0
12,12,KNN,kd_tree,43,uncalibrated,-0.128,1.0,0.0
12,12,KNN,kd_tree,43,uncalibrated,-0.126,1.0,0.0
12,12,KNN,kd_tree,43,uncalibrated,-0.124,1.0,0.0
12,12,KNN,kd_tree,43,uncalibrated,-0.122,1.0,0.0
12,12,KNN,kd_tree,43,uncalibrated,-0.12,1.0,0.0
12,12,KNN,kd_tree,43,uncalibrated,-0.118,1.0,0.0
12,12,KNN,kd_tree,43,uncalibrated,-0.116,1.0,0.0
12,12,KNN,kd_tree,43,uncalibrated,-0.114,0.0,0.0
12,12,KNN,kd_tree,43,uncalibrated,-0.112,0.0032449972958356046,0.003244997295835586
12,12,KNN,kd_tree,43,uncalibrated,-0.11,0.0,0.0
12,12,KNN,kd_tree,43,uncalibrated,-0.108,0.0,0.0
12,12,KNN,kd_tree,45,uncalibrated,-0.128,1.0,0.0
12,12,KNN,kd_tree,45,uncalibrated,-0.126,1.0,0.0
12,12,KNN,kd_tree,45,uncalibrated,-0.124,1.0,0.0
12,12,KNN,kd_tree,45,uncalibrated,-0.122,1.0,0.0
12,12,KNN,kd_tree,45,uncalibrated,-0.12,1.0,0.0
12,12,KNN,kd_tree,45,uncalibrated,-0.118,1.0,0.0
12,12,KNN,kd_tree,45,uncalibrated,-0.116,1.0,0.0
12,12,KNN,kd_tree,45,uncalibrated,-0.114,0.0,0.0
12,12,KNN,kd_tree,45,uncalibrated,-0.112,0.003617571059431525,0.003617571059431525
12,12,KNN,kd_tree,45,uncalibrated,-0.11,0.0,0.0
12,12,KNN,kd_tree,45,uncalibrated,-0.108,0.0,0.0
12,12,KNN,kd_tree,47,uncalibrated,-0.128,1.0,0.0
12,12,KNN,kd_tree,47,uncalibrated,-0.126,1.0,0.0
12,12,KNN,kd_tree,47,uncalibrated,-0.124,1.0,0.0
12,12,KNN,kd_tree,47,uncalibrated,-0.122,1.0,0.0
12,12,KNN,kd_tree,47,uncalibrated,-0.12,1.0,0.0
12,12,KNN,kd_tree,47,uncalibrated,-0.118,1.0,0.0
12,12,KNN,kd_tree,47,uncalibrated,-0.116,1.0,0.0
12,12,KNN,kd_tree,47,uncalibrated,-0.114,0.0,0.0
12,12,KNN,kd_tree,47,uncalibrated,-0.112,0.003958436417615006,0.003958436417615042
12,12,KNN,kd_tree,47,uncalibrated,-0.11,0.0,0.0
12,12,KNN,kd_tree,47,uncalibrated,-0.108,0.0,0.0
12,12,KNN,kd_tree,49,uncalibrated,-0.128,1.0,0.0
12,12,KNN,kd_tree,49,uncalibrated,-0.126,1.0,0.0
12,12,KNN,kd_tree,49,uncalibrated,-0.124,1.0,0.0
12,12,KNN,kd_tree,49,uncalibrated,-0.122,1.0,0.0
12,12,KNN,kd_tree,49,uncalibrated,-0.12,1.0,0.0
12,12,KNN,kd_tree,49,uncalibrated,-0.118,1.0,0.0
12,12,KNN,kd_tree,49,uncalibrated,-0.116,1.0,0.0
12,12,KNN,kd_tree,49,uncalibrated,-0.114,0.0,0.0
12,12,KNN,kd_tree,49,uncalibrated,-0.112,0.004271476032273337,0.0042714760322733756
12,12,KNN,kd_tree,49,uncalibrated,-0.11,0.0,0.0
12,12,KNN,kd_tree,49,uncalibrated,-0.108,0.0,0.0
12,12,KNN,kd_tree,51,uncalibrated,-0.128,1.0,0.0
12,12,KNN,kd_tree,51,uncalibrated,-0.126,1.0,0.0
12,12,KNN,kd_tree,51,uncalibrated,-0.124,1.0,0.0
12,12,KNN,kd_tree,51,uncalibrated,-0.122,1.0,0.0
12,12,KNN,kd_tree,51,uncalibrated,-0.12,1.0,0.0
12,12,KNN,kd_tree,51,uncalibrated,-0.118,1.0,0.0
12,12,KNN,kd_tree,51,uncalibrated,-0.116,1.0,0.0
12,12,KNN,kd_tree,51,uncalibrated,-0.114,0.0,0.0
12,12,KNN,kd_tree,51,uncalibrated,-0.112,0.0045599635202918,0.004559963520291838
12,12,KNN,kd_tree,51,uncalibrated,-0.11,0.0,0.0
12,12,KNN,kd_tree,51,uncalibrated,-0.108,0.0,0.0
12,12,KNN,kd_tree,61,uncalibrated,-0.128,1.0,0.0
12,12,KNN,kd_tree,61,uncalibrated,-0.126,1.0,0.0
12,12,KNN,kd_tree,61,uncalibrated,-0.124,1.0,0.0
12,12,KNN,kd_tree,61,uncalibrated,-0.122,1.0,0.0
12,12,KNN,kd_tree,61,uncalibrated,-0.12,1.0,0.0
12,12,KNN,kd_tree,61,uncalibrated,-0.118,1.0,0.0
12,12,KNN,kd_tree,61,uncalibrated,-0.116,1.0,0.0
12,12,KNN,kd_tree,61,uncalibrated,-0.114,0.00019516003122560497,0.00019516003122560505
12,12,KNN,kd_tree,61,uncalibrated,-0.112,0.005718642775447923,0.00571864277544796
12,12,KNN,kd_tree,61,uncalibrated,-0.11,0.0,0.0
12,12,KNN,kd_tree,61,uncalibrated,-0.108,0.0,0.0
12,12,KNN,kd_tree,81,uncalibrated,-0.128,1.0,0.0
12,12,KNN,kd_tree,81,uncalibrated,-0.126,1.0,0.0
12,12,KNN,kd_tree,81,uncalibrated,-0.124,1.0,0.0
12,12,KNN,kd_tree,81,uncalibrated,-0.122,1.0,0.0
12,12,KNN,kd_tree,81,uncalibrated,-0.12,1.0,0.0
12,12,KNN,kd_tree,81,uncalibrated,-0.118,1.0,0.0
12,12,KNN,kd_tree,81,uncalibrated,-0.116,1.0,0.0
12,12,KNN,kd_tree,81,uncalibrated,-0.114,0.0006760728982951295,0.0006469922542425899
12,12,KNN,kd_tree,81,uncalibrated,-0.112,0.0071777203560150025,0.007177720356014931
12,12,KNN,kd_tree,81,uncalibrated,-0.11,0.0,0.0
12,12,KNN,kd_tree,81,uncalibrated,-0.108,0.0,0.0
12,12,KNN,kd_tree,101,uncalibrated,-0.128,1.0,0.0
12,12,KNN,kd_tree,101,uncalibrated,-0.126,1.0,0.0
12,12,KNN,kd_tree,101,uncalibrated,-0.124,1.0,0.0
12,12,KNN,kd_tree,101,uncalibrated,-0.122,1.0,0.0
12,12,KNN,kd_tree,101,uncalibrated,-0.12,1.0,0.0
12,12,KNN,kd_tree,101,uncalibrated,-0.118,1.0,0.0
12,12,KNN,kd_tree,101,uncalibrated,-0.116,1.0,0.0
12,12,KNN,kd_tree,101,uncalibrated,-0.114,0.001097892047269243,0.0010978920472692433
12,12,KNN,kd_tree,101,uncalibrated,-0.112,0.008864839972369257,0.008594009555791622
12,12,KNN,kd_tree,101,uncalibrated,-0.11,0.0,0.0
12,12,KNN,kd_tree,101,uncalibrated,-0.108,0.0,0.0
12,12,KNN,kd_tree,151,uncalibrated,-0.128,1.0,0.0
12,12,KNN,kd_tree,151,uncalibrated,-0.126,1.0,0.0
12,12,KNN,kd_tree,151,uncalibrated,-0.124,1.0,0.0
12,12,KNN,kd_tree,151,uncalibrated,-0.122,1.0,0.0
12,12,KNN,kd_tree,151,uncalibrated,-0.12,1.0,0.0
12,12,KNN,kd_tree,151,uncalibrated,-0.118,1.0,0.0
12,12,KNN,kd_tree,151,uncalibrated,-0.116,1.0,0.0
12,12,KNN,kd_tree,151,uncalibrated,-0.114,0.004606387524033332,0.004606387524033326
12,12,KNN,kd_tree,151,uncalibrated,-0.112,0.01280813097866078,0.012322274341939195
12,12,KNN,kd_tree,151,uncalibrated,-0.11,5.255965520866352e-05,5.255965520866183e-05
12,12,KNN,kd_tree,151,uncalibrated,-0.108,0.0008713837574067457,0.0008424511381052617
12,12,KNN,kd_tree,201,uncalibrated,-0.128,1.0,0.0
12,12,KNN,kd_tree,201,uncalibrated,-0.126,1.0,0.0
12,12,KNN,kd_tree,201,uncalibrated,-0.124,1.0,0.0
12,12,KNN,kd_tree,201,uncalibrated,-0.122,1.0,0.0
12,12,KNN,kd_tree,201,uncalibrated,-0.12,1.0,0.0
12,12,KNN,kd_tree,201,uncalibrated,-0.118,1.0,0.0
12,12,KNN,kd_tree,201,uncalibrated,-0.116,1.0,0.0
12,12,KNN,kd_tree,201,uncalibrated,-0.114,0.008378109452736324,0.007843598761641585
12,12,KNN,kd_tree,201,uncalibrated,-0.112,0.02013580744924031,0.018211235469499473
12,12,KNN,kd_tree,201,uncalibrated,-0.11,0.0018656716417910445,0.0018283469727060245
12,12,KNN,kd_tree,201,uncalibrated,-0.108,0.002341235001463272,0.0023412350014632723
12,12,KNN,ball_tree,1,uncalibrated,-0.128,1.0,0.0
12,12,KNN,ball_tree,1,uncalibrated,-0.126,1.0,0.0
12,12,KNN,ball_tree,1,uncalibrated,-0.124,1.0,0.0
12,12,KNN,ball_tree,1,uncalibrated,-0.122,1.0,0.0
12,12,KNN,ball_tree,1,uncalibrated,-0.12,1.0,0.0
12,12,KNN,ball_tree,1,uncalibrated,-0.118,1.0,0.0
12,12,KNN,ball_tree,1,uncalibrated,-0.116,1.0,0.0
12,12,KNN,ball_tree,1,uncalibrated,-0.114,0.0,0.0
12,12,KNN,ball_tree,1,uncalibrated,-0.112,0.0,0.0
12,12,KNN,ball_tree,1,uncalibrated,-0.11,0.0,0.0
12,12,KNN,ball_tree,1,uncalibrated,-0.108,0.0,0.0
12,12,KNN,ball_tree,3,uncalibrated,-0.128,1.0,0.0
12,12,KNN,ball_tree,3,uncalibrated,-0.126,1.0,0.0
12,12,KNN,ball_tree,3,uncalibrated,-0.124,1.0,0.0
12,12,KNN,ball_tree,3,uncalibrated,-0.122,1.0,0.0
12,12,KNN,ball_tree,3,uncalibrated,-0.12,1.0,0.0
12,12,KNN,ball_tree,3,uncalibrated,-0.118,1.0,0.0
12,12,KNN,ball_tree,3,uncalibrated,-0.116,1.0,0.0
12,12,KNN,ball_tree,3,uncalibrated,-0.114,0.0,0.0
12,12,KNN,ball_tree,3,uncalibrated,-0.112,0.0,0.0
12,12,KNN,ball_tree,3,uncalibrated,-0.11,0.0,0.0
12,12,KNN,ball_tree,3,uncalibrated,-0.108,0.0,0.0
12,12,KNN,ball_tree,5,uncalibrated,-0.128,1.0,0.0
12,12,KNN,ball_tree,5,uncalibrated,-0.126,1.0,0.0
12,12,KNN,ball_tree,5,uncalibrated,-0.124,1.0,0.0
12,12,KNN,ball_tree,5,uncalibrated,-0.122,1.0,0.0
12,12,KNN,ball_tree,5,uncalibrated,-0.12,1.0,0.0
12,12,KNN,ball_tree,5,uncalibrated,-0.118,1.0,0.0
12,12,KNN,ball_tree,5,uncalibrated,-0.116,1.0,0.0
12,12,KNN,ball_tree,5,uncalibrated,-0.114,0.0,0.0
12,12,KNN,ball_tree,5,uncalibrated,-0.112,0.0,0.0
12,12,KNN,ball_tree,5,uncalibrated,-0.11,0.0,0.0
12,12,KNN,ball_tree,5,uncalibrated,-0.108,0.0,0.0
12,12,KNN,ball_tree,7,uncalibrated,-0.128,1.0,0.0
12,12,KNN,ball_tree,7,uncalibrated,-0.126,1.0,0.0
12,12,KNN,ball_tree,7,uncalibrated,-0.124,1.0,0.0
12,12,KNN,ball_tree,7,uncalibrated,-0.122,1.0,0.0
12,12,KNN,ball_tree,7,uncalibrated,-0.12,1.0,0.0
12,12,KNN,ball_tree,7,uncalibrated,-0.118,1.0,0.0
12,12,KNN,ball_tree,7,uncalibrated,-0.116,1.0,0.0
12,12,KNN,ball_tree,7,uncalibrated,-0.114,0.0,0.0
12,12,KNN,ball_tree,7,uncalibrated,-0.112,0.0,0.0
12,12,KNN,ball_tree,7,uncalibrated,-0.11,0.0,0.0
12,12,KNN,ball_tree,7,uncalibrated,-0.108,0.0,0.0
12,12,KNN,ball_tree,9,uncalibrated,-0.128,1.0,0.0
12,12,KNN,ball_tree,9,uncalibrated,-0.126,1.0,0.0
12,12,KNN,ball_tree,9,uncalibrated,-0.124,1.0,0.0
12,12,KNN,ball_tree,9,uncalibrated,-0.122,1.0,0.0
12,12,KNN,ball_tree,9,uncalibrated,-0.12,1.0,0.0
12,12,KNN,ball_tree,9,uncalibrated,-0.118,1.0,0.0
12,12,KNN,ball_tree,9,uncalibrated,-0.116,1.0,0.0
12,12,KNN,ball_tree,9,uncalibrated,-0.114,0.0,0.0
12,12,KNN,ball_tree,9,uncalibrated,-0.112,0.0,0.0
12,12,KNN,ball_tree,9,uncalibrated,-0.11,0.0,0.0
12,12,KNN,ball_tree,9,uncalibrated,-0.108,0.0,0.0
12,12,KNN,ball_tree,11,uncalibrated,-0.128,1.0,0.0
12,12,KNN,ball_tree,11,uncalibrated,-0.126,1.0,0.0
12,12,KNN,ball_tree,11,uncalibrated,-0.124,1.0,0.0
12,12,KNN,ball_tree,11,uncalibrated,-0.122,1.0,0.0
12,12,KNN,ball_tree,11,uncalibrated,-0.12,1.0,0.0
12,12,KNN,ball_tree,11,uncalibrated,-0.118,1.0,0.0
12,12,KNN,ball_tree,11,uncalibrated,-0.116,1.0,0.0
12,12,KNN,ball_tree,11,uncalibrated,-0.114,0.0,0.0
12,12,KNN,ball_tree,11,uncalibrated,-0.112,0.0,0.0
12,12,KNN,ball_tree,11,uncalibrated,-0.11,0.0,0.0
12,12,KNN,ball_tree,11,uncalibrated,-0.108,0.0,0.0
12,12,KNN,ball_tree,13,uncalibrated,-0.128,1.0,0.0
12,12,KNN,ball_tree,13,uncalibrated,-0.126,1.0,0.0
12,12,KNN,ball_tree,13,uncalibrated,-0.124,1.0,0.0
12,12,KNN,ball_tree,13,uncalibrated,-0.122,1.0,0.0
12,12,KNN,ball_tree,13,uncalibrated,-0.12,1.0,0.0
12,12,KNN,ball_tree,13,uncalibrated,-0.118,1.0,0.0
12,12,KNN,ball_tree,13,uncalibrated,-0.116,1.0,0.0
12,12,KNN,ball_tree,13,uncalibrated,-0.114,0.0,0.0
12,12,KNN,ball_tree,13,uncalibrated,-0.112,0.0,0.0
12,12,KNN,ball_tree,13,uncalibrated,-0.11,0.0,0.0
12,12,KNN,ball_tree,13,uncalibrated,-0.108,0.0,0.0
12,12,KNN,ball_tree,15,uncalibrated,-0.128,1.0,0.0
12,12,KNN,ball_tree,15,uncalibrated,-0.126,1.0,0.0
12,12,KNN,ball_tree,15,uncalibrated,-0.124,1.0,0.0
12,12,KNN,ball_tree,15,uncalibrated,-0.122,1.0,0.0
12,12,KNN,ball_tree,15,uncalibrated,-0.12,1.0,0.0
12,12,KNN,ball_tree,15,uncalibrated,-0.118,1.0,0.0
12,12,KNN,ball_tree,15,uncalibrated,-0.116,1.0,0.0
12,12,KNN,ball_tree,15,uncalibrated,-0.114,0.0,0.0
12,12,KNN,ball_tree,15,uncalibrated,-0.112,0.0,0.0
12,12,KNN,ball_tree,15,uncalibrated,-0.11,0.0,0.0
12,12,KNN,ball_tree,15,uncalibrated,-0.108,0.0,0.0
12,12,KNN,ball_tree,17,uncalibrated,-0.128,1.0,0.0
12,12,KNN,ball_tree,17,uncalibrated,-0.126,1.0,0.0
12,12,KNN,ball_tree,17,uncalibrated,-0.124,1.0,0.0
12,12,KNN,ball_tree,17,uncalibrated,-0.122,1.0,0.0
12,12,KNN,ball_tree,17,uncalibrated,-0.12,1.0,0.0
12,12,KNN,ball_tree,17,uncalibrated,-0.118,1.0,0.0
12,12,KNN,ball_tree,17,uncalibrated,-0.116,1.0,0.0
12,12,KNN,ball_tree,17,uncalibrated,-0.114,0.0,0.0
12,12,KNN,ball_tree,17,uncalibrated,-0.112,0.0,0.0
12,12,KNN,ball_tree,17,uncalibrated,-0.11,0.0,0.0
12,12,KNN,ball_tree,17,uncalibrated,-0.108,0.0,0.0
12,12,KNN,ball_tree,19,uncalibrated,-0.128,1.0,0.0
12,12,KNN,ball_tree,19,uncalibrated,-0.126,1.0,0.0
12,12,KNN,ball_tree,19,uncalibrated,-0.124,1.0,0.0
12,12,KNN,ball_tree,19,uncalibrated,-0.122,1.0,0.0
12,12,KNN,ball_tree,19,uncalibrated,-0.12,1.0,0.0
12,12,KNN,ball_tree,19,uncalibrated,-0.118,1.0,0.0
12,12,KNN,ball_tree,19,uncalibrated,-0.116,1.0,0.0
12,12,KNN,ball_tree,19,uncalibrated,-0.114,0.0,0.0
12,12,KNN,ball_tree,19,uncalibrated,-0.112,0.00023084025854108346,0.00023084025854108958
12,12,KNN,ball_tree,19,uncalibrated,-0.11,0.0,0.0
12,12,KNN,ball_tree,19,uncalibrated,-0.108,0.0,0.0
12,12,KNN,ball_tree,21,uncalibrated,-0.128,1.0,0.0
12,12,KNN,ball_tree,21,uncalibrated,-0.126,1.0,0.0
12,12,KNN,ball_tree,21,uncalibrated,-0.124,1.0,0.0
12,12,KNN,ball_tree,21,uncalibrated,-0.122,1.0,0.0
12,12,KNN,ball_tree,21,uncalibrated,-0.12,1.0,0.0
12,12,KNN,ball_tree,21,uncalibrated,-0.118,1.0,0.0
12,12,KNN,ball_tree,21,uncalibrated,-0.116,1.0,0.0
12,12,KNN,ball_tree,21,uncalibrated,-0.114,0.0,0.0
12,12,KNN,ball_tree,21,uncalibrated,-0.112,0.0004177109440267416,0.00041771094402673337
12,12,KNN,ball_tree,21,uncalibrated,-0.11,0.0,0.0
12,12,KNN,ball_tree,21,uncalibrated,-0.108,0.0,0.0
12,12,KNN,ball_tree,23,uncalibrated,-0.128,1.0,0.0
12,12,KNN,ball_tree,23,uncalibrated,-0.126,1.0,0.0
12,12,KNN,ball_tree,23,uncalibrated,-0.124,1.0,0.0
12,12,KNN,ball_tree,23,uncalibrated,-0.122,1.0,0.0
12,12,KNN,ball_tree,23,uncalibrated,-0.12,1.0,0.0
12,12,KNN,ball_tree,23,uncalibrated,-0.118,1.0,0.0
12,12,KNN,ball_tree,23,uncalibrated,-0.116,1.0,0.0
12,12,KNN,ball_tree,23,uncalibrated,-0.114,0.0,0.0
12,12,KNN,ball_tree,23,uncalibrated,-0.112,0.000572082379862684,0.0005720823798627001
12,12,KNN,ball_tree,23,uncalibrated,-0.11,0.0,0.0
12,12,KNN,ball_tree,23,uncalibrated,-0.108,0.0,0.0
12,12,KNN,ball_tree,25,uncalibrated,-0.128,1.0,0.0
12,12,KNN,ball_tree,25,uncalibrated,-0.126,1.0,0.0
12,12,KNN,ball_tree,25,uncalibrated,-0.124,1.0,0.0
12,12,KNN,ball_tree,25,uncalibrated,-0.122,1.0,0.0
12,12,KNN,ball_tree,25,uncalibrated,-0.12,1.0,0.0
12,12,KNN,ball_tree,25,uncalibrated,-0.118,1.0,0.0
12,12,KNN,ball_tree,25,uncalibrated,-0.116,1.0,0.0
12,12,KNN,ball_tree,25,uncalibrated,-0.114,0.0,0.0
12,12,KNN,ball_tree,25,uncalibrated,-0.112,0.0008771929824561566,0.0008771929824561402
12,12,KNN,ball_tree,25,uncalibrated,-0.11,0.0,0.0
12,12,KNN,ball_tree,25,uncalibrated,-0.108,0.0,0.0
12,12,KNN,ball_tree,27,uncalibrated,-0.128,1.0,0.0
12,12,KNN,ball_tree,27,uncalibrated,-0.126,1.0,0.0
12,12,KNN,ball_tree,27,uncalibrated,-0.124,1.0,0.0
12,12,KNN,ball_tree,27,uncalibrated,-0.122,1.0,0.0
12,12,KNN,ball_tree,27,uncalibrated,-0.12,1.0,0.0
12,12,KNN,ball_tree,27,uncalibrated,-0.118,1.0,0.0
12,12,KNN,ball_tree,27,uncalibrated,-0.116,1.0,0.0
12,12,KNN,ball_tree,27,uncalibrated,-0.114,0.0,0.0
12,12,KNN,ball_tree,27,uncalibrated,-0.112,0.001137102014295013,0.0011371020142949963
12,12,KNN,ball_tree,27,uncalibrated,-0.11,0.0,0.0
12,12,KNN,ball_tree,27,uncalibrated,-0.108,0.0,0.0
12,12,KNN,ball_tree,29,uncalibrated,-0.128,1.0,0.0
12,12,KNN,ball_tree,29,uncalibrated,-0.126,1.0,0.0
12,12,KNN,ball_tree,29,uncalibrated,-0.124,1.0,0.0
12,12,KNN,ball_tree,29,uncalibrated,-0.122,1.0,0.0
12,12,KNN,ball_tree,29,uncalibrated,-0.12,1.0,0.0
12,12,KNN,ball_tree,29,uncalibrated,-0.118,1.0,0.0
12,12,KNN,ball_tree,29,uncalibrated,-0.116,1.0,0.0
12,12,KNN,ball_tree,29,uncalibrated,-0.114,0.0,0.0
12,12,KNN,ball_tree,29,uncalibrated,-0.112,0.0013611615245008586,0.0013611615245009076
12,12,KNN,ball_tree,29,uncalibrated,-0.11,0.0,0.0
12,12,KNN,ball_tree,29,uncalibrated,-0.108,0.0,0.0
12,12,KNN,ball_tree,31,uncalibrated,-0.128,1.0,0.0
12,12,KNN,ball_tree,31,uncalibrated,-0.126,1.0,0.0
12,12,KNN,ball_tree,31,uncalibrated,-0.124,1.0,0.0
12,12,KNN,ball_tree,31,uncalibrated,-0.122,1.0,0.0
12,12,KNN,ball_tree,31,uncalibrated,-0.12,1.0,0.0
12,12,KNN,ball_tree,31,uncalibrated,-0.118,1.0,0.0
12,12,KNN,ball_tree,31,uncalibrated,-0.116,1.0,0.0
12,12,KNN,ball_tree,31,uncalibrated,-0.114,0.0,0.0
12,12,KNN,ball_tree,31,uncalibrated,-0.112,0.0015563101301640876,0.0015563101301641204
12,12,KNN,ball_tree,31,uncalibrated,-0.11,0.0,0.0
12,12,KNN,ball_tree,31,uncalibrated,-0.108,0.0,0.0
12,12,KNN,ball_tree,33,uncalibrated,-0.128,1.0,0.0
12,12,KNN,ball_tree,33,uncalibrated,-0.126,1.0,0.0
12,12,KNN,ball_tree,33,uncalibrated,-0.124,1.0,0.0
12,12,KNN,ball_tree,33,uncalibrated,-0.122,1.0,0.0
12,12,KNN,ball_tree,33,uncalibrated,-0.12,1.0,0.0
12,12,KNN,ball_tree,33,uncalibrated,-0.118,1.0,0.0
12,12,KNN,ball_tree,33,uncalibrated,-0.116,1.0,0.0
12,12,KNN,ball_tree,33,uncalibrated,-0.114,0.0,0.0
12,12,KNN,ball_tree,33,uncalibrated,-0.112,0.0017278043593832904,0.0017278043593833073
12,12,KNN,ball_tree,33,uncalibrated,-0.11,0.0,0.0
12,12,KNN,ball_tree,33,uncalibrated,-0.108,0.0,0.0
12,12,KNN,ball_tree,35,uncalibrated,-0.128,1.0,0.0
12,12,KNN,ball_tree,35,uncalibrated,-0.126,1.0,0.0
12,12,KNN,ball_tree,35,uncalibrated,-0.124,1.0,0.0
12,12,KNN,ball_tree,35,uncalibrated,-0.122,1.0,0.0
12,12,KNN,ball_tree,35,uncalibrated,-0.12,1.0,0.0
12,12,KNN,ball_tree,35,uncalibrated,-0.118,1.0,0.0
12,12,KNN,ball_tree,35,uncalibrated,-0.116,1.0,0.0
12,12,KNN,ball_tree,35,uncalibrated,-0.114,0.0,0.0
12,12,KNN,ball_tree,35,uncalibrated,-0.112,0.0020050125313283533,0.0018822038451647705
12,12,KNN,ball_tree,35,uncalibrated,-0.11,0.0,0.0
12,12,KNN,ball_tree,35,uncalibrated,-0.108,0.0,0.0
12,12,KNN,ball_tree,37,uncalibrated,-0.128,1.0,0.0
12,12,KNN,ball_tree,37,uncalibrated,-0.126,1.0,0.0
12,12,KNN,ball_tree,37,uncalibrated,-0.124,1.0,0.0
12,12,KNN,ball_tree,37,uncalibrated,-0.122,1.0,0.0
12,12,KNN,ball_tree,37,uncalibrated,-0.12,1.0,0.0
12,12,KNN,ball_tree,37,uncalibrated,-0.118,1.0,0.0
12,12,KNN,ball_tree,37,uncalibrated,-0.116,1.0,0.0
12,12,KNN,ball_tree,37,uncalibrated,-0.114,0.0,0.0
12,12,KNN,ball_tree,37,uncalibrated,-0.112,0.0022522522522522527,0.0020259291408894946
12,12,KNN,ball_tree,37,uncalibrated,-0.11,0.0,0.0
12,12,KNN,ball_tree,37,uncalibrated,-0.108,0.0,0.0
12,12,KNN,ball_tree,39,uncalibrated,-0.128,1.0,0.0
12,12,KNN,ball_tree,39,uncalibrated,-0.126,1.0,0.0
12,12,KNN,ball_tree,39,uncalibrated,-0.124,1.0,0.0
12,12,KNN,ball_tree,39,uncalibrated,-0.122,1.0,0.0
12,12,KNN,ball_tree,39,uncalibrated,-0.12,1.0,0.0
12,12,KNN,ball_tree,39,uncalibrated,-0.118,1.0,0.0
12,12,KNN,ball_tree,39,uncalibrated,-0.116,1.0,0.0
12,12,KNN,ball_tree,39,uncalibrated,-0.114,0.0,0.0
12,12,KNN,ball_tree,39,uncalibrated,-0.112,0.0023852116875372692,0.0023852116875372692
12,12,KNN,ball_tree,39,uncalibrated,-0.11,0.0,0.0
12,12,KNN,ball_tree,39,uncalibrated,-0.108,0.0,0.0
12,12,KNN,ball_tree,41,uncalibrated,-0.128,1.0,0.0
12,12,KNN,ball_tree,41,uncalibrated,-0.126,1.0,0.0
12,12,KNN,ball_tree,41,uncalibrated,-0.124,1.0,0.0
12,12,KNN,ball_tree,41,uncalibrated,-0.122,1.0,0.0
12,12,KNN,ball_tree,41,uncalibrated,-0.12,1.0,0.0
12,12,KNN,ball_tree,41,uncalibrated,-0.118,1.0,0.0
12,12,KNN,ball_tree,41,uncalibrated,-0.116,1.0,0.0
12,12,KNN,ball_tree,41,uncalibrated,-0.114,0.0,0.0
12,12,KNN,ball_tree,41,uncalibrated,-0.112,0.002836074872376594,0.0028360748723766306
12,12,KNN,ball_tree,41,uncalibrated,-0.11,0.0,0.0
12,12,KNN,ball_tree,41,uncalibrated,-0.108,0.0,0.0
12,12,KNN,ball_tree,43,uncalibrated,-0.128,1.0,0.0
12,12,KNN,ball_tree,43,uncalibrated,-0.126,1.0,0.0
12,12,KNN,ball_tree,43,uncalibrated,-0.124,1.0,0.0
12,12,KNN,ball_tree,43,uncalibrated,-0.122,1.0,0.0
12,12,KNN,ball_tree,43,uncalibrated,-0.12,1.0,0.0
12,12,KNN,ball_tree,43,uncalibrated,-0.118,1.0,0.0
12,12,KNN,ball_tree,43,uncalibrated,-0.116,1.0,0.0
12,12,KNN,ball_tree,43,uncalibrated,-0.114,0.0,0.0
12,12,KNN,ball_tree,43,uncalibrated,-0.112,0.0032449972958356046,0.003244997295835586
12,12,KNN,ball_tree,43,uncalibrated,-0.11,0.0,0.0
12,12,KNN,ball_tree,43,uncalibrated,-0.108,0.0,0.0
12,12,KNN,ball_tree,45,uncalibrated,-0.128,1.0,0.0
12,12,KNN,ball_tree,45,uncalibrated,-0.126,1.0,0.0
12,12,KNN,ball_tree,45,uncalibrated,-0.124,1.0,0.0
12,12,KNN,ball_tree,45,uncalibrated,-0.122,1.0,0.0
12,12,KNN,ball_tree,45,uncalibrated,-0.12,1.0,0.0
12,12,KNN,ball_tree,45,uncalibrated,-0.118,1.0,0.0
12,12,KNN,ball_tree,45,uncalibrated,-0.116,1.0,0.0
12,12,KNN,ball_tree,45,uncalibrated,-0.114,0.0,0.0
12,12,KNN,ball_tree,45,uncalibrated,-0.112,0.003617571059431525,0.003617571059431525
12,12,KNN,ball_tree,45,uncalibrated,-0.11,0.0,0.0
12,12,KNN,ball_tree,45,uncalibrated,-0.108,0.0,0.0
12,12,KNN,ball_tree,47,uncalibrated,-0.128,1.0,0.0
12,12,KNN,ball_tree,47,uncalibrated,-0.126,1.0,0.0
12,12,KNN,ball_tree,47,uncalibrated,-0.124,1.0,0.0
12,12,KNN,ball_tree,47,uncalibrated,-0.122,1.0,0.0
12,12,KNN,ball_tree,47,uncalibrated,-0.12,1.0,0.0
12,12,KNN,ball_tree,47,uncalibrated,-0.118,1.0,0.0
12,12,KNN,ball_tree,47,uncalibrated,-0.116,1.0,0.0
12,12,KNN,ball_tree,47,uncalibrated,-0.114,0.0,0.0
12,12,KNN,ball_tree,47,uncalibrated,-0.112,0.003958436417615006,0.003958436417615042
12,12,KNN,ball_tree,47,uncalibrated,-0.11,0.0,0.0
12,12,KNN,ball_tree,47,uncalibrated,-0.108,0.0,0.0
12,12,KNN,ball_tree,49,uncalibrated,-0.128,1.0,0.0
12,12,KNN,ball_tree,49,uncalibrated,-0.126,1.0,0.0
12,12,KNN,ball_tree,49,uncalibrated,-0.124,1.0,0.0
12,12,KNN,ball_tree,49,uncalibrated,-0.122,1.0,0.0
12,12,KNN,ball_tree,49,uncalibrated,-0.12,1.0,0.0
12,12,KNN,ball_tree,49,uncalibrated,-0.118,1.0,0.0
12,12,KNN,ball_tree,49,uncalibrated,-0.116,1.0,0.0
12,12,KNN,ball_tree,49,uncalibrated,-0.114,0.0,0.0
12,12,KNN,ball_tree,49,uncalibrated,-0.112,0.004271476032273337,0.0042714760322733756
12,12,KNN,ball_tree,49,uncalibrated,-0.11,0.0,0.0
12,12,KNN,ball_tree,49,uncalibrated,-0.108,0.0,0.0
12,12,KNN,ball_tree,51,uncalibrated,-0.128,1.0,0.0
12,12,KNN,ball_tree,51,uncalibrated,-0.126,1.0,0.0
12,12,KNN,ball_tree,51,uncalibrated,-0.124,1.0,0.0
12,12,KNN,ball_tree,51,uncalibrated,-0.122,1.0,0.0
12,12,KNN,ball_tree,51,uncalibrated,-0.12,1.0,0.0
12,12,KNN,ball_tree,51,uncalibrated,-0.118,1.0,0.0
12,12,KNN,ball_tree,51,uncalibrated,-0.116,1.0,0.0
12,12,KNN,ball_tree,51,uncalibrated,-0.114,0.0,0.0
12,12,KNN,ball_tree,51,uncalibrated,-0.112,0.0045599635202918,0.004559963520291838
12,12,KNN,ball_tree,51,uncalibrated,-0.11,0.0,0.0
12,12,KNN,ball_tree,51,uncalibrated,-0.108,0.0,0.0
12,12,KNN,ball_tree,61,uncalibrated,-0.128,1.0,0.0
12,12,KNN,ball_tree,61,uncalibrated,-0.126,1.0,0.0
12,12,KNN,ball_tree,61,uncalibrated,-0.124,1.0,0.0
12,12,KNN,ball_tree,61,uncalibrated,-0.122,1.0,0.0
12,12,KNN,ball_tree,61,uncalibrated,-0.12,1.0,0.0
12,12,KNN,ball_tree,61,uncalibrated,-0.118,1.0,0.0
12,12,KNN,ball_tree,61,uncalibrated,-0.116,1.0,0.0
12,12,KNN,ball_tree,61,uncalibrated,-0.114,0.00019516003122560497,0.00019516003122560505
12,12,KNN,ball_tree,61,uncalibrated,-0.112,0.005718642775447923,0.00571864277544796
12,12,KNN,ball_tree,61,uncalibrated,-0.11,0.0,0.0
12,12,KNN,ball_tree,61,uncalibrated,-0.108,0.0,0.0
12,12,KNN,ball_tree,81,uncalibrated,-0.128,1.0,0.0
12,12,KNN,ball_tree,81,uncalibrated,-0.126,1.0,0.0
12,12,KNN,ball_tree,81,uncalibrated,-0.124,1.0,0.0
12,12,KNN,ball_tree,81,uncalibrated,-0.122,1.0,0.0
12,12,KNN,ball_tree,81,uncalibrated,-0.12,1.0,0.0
12,12,KNN,ball_tree,81,uncalibrated,-0.118,1.0,0.0
12,12,KNN,ball_tree,81,uncalibrated,-0.116,1.0,0.0
12,12,KNN,ball_tree,81,uncalibrated,-0.114,0.0006760728982951295,0.0006469922542425899
12,12,KNN,ball_tree,81,uncalibrated,-0.112,0.0071777203560150025,0.007177720356014931
12,12,KNN,ball_tree,81,uncalibrated,-0.11,0.0,0.0
12,12,KNN,ball_tree,81,uncalibrated,-0.108,0.0,0.0
12,12,KNN,ball_tree,101,uncalibrated,-0.128,1.0,0.0
12,12,KNN,ball_tree,101,uncalibrated,-0.126,1.0,0.0
12,12,KNN,ball_tree,101,uncalibrated,-0.124,1.0,0.0
12,12,KNN,ball_tree,101,uncalibrated,-0.122,1.0,0.0
12,12,KNN,ball_tree,101,uncalibrated,-0.12,1.0,0.0
12,12,KNN,ball_tree,101,uncalibrated,-0.118,1.0,0.0
12,12,KNN,ball_tree,101,uncalibrated,-0.116,1.0,0.0
12,12,KNN,ball_tree,101,uncalibrated,-0.114,0.001097892047269243,0.0010978920472692433
12,12,KNN,ball_tree,101,uncalibrated,-0.112,0.008864839972369257,0.008594009555791622
12,12,KNN,ball_tree,101,uncalibrated,-0.11,0.0,0.0
12,12,KNN,ball_tree,101,uncalibrated,-0.108,0.0,0.0
12,12,KNN,ball_tree,151,uncalibrated,-0.128,1.0,0.0
12,12,KNN,ball_tree,151,uncalibrated,-0.126,1.0,0.0
12,12,KNN,ball_tree,151,uncalibrated,-0.124,1.0,0.0
12,12,KNN,ball_tree,151,uncalibrated,-0.122,1.0,0.0
12,12,KNN,ball_tree,151,uncalibrated,-0.12,1.0,0.0
12,12,KNN,ball_tree,151,uncalibrated,-0.118,1.0,0.0
12,12,KNN,ball_tree,151,uncalibrated,-0.116,1.0,0.0
12,12,KNN,ball_tree,151,uncalibrated,-0.114,0.004606387524033332,0.004606387524033326
12,12,KNN,ball_tree,151,uncalibrated,-0.112,0.01280813097866078,0.012322274341939195
12,12,KNN,ball_tree,151,uncalibrated,-0.11,5.255965520866352e-05,5.255965520866183e-05
12,12,KNN,ball_tree,151,uncalibrated,-0.108,0.0008713837574067457,0.0008424511381052617
12,12,KNN,ball_tree,201,uncalibrated,-0.128,1.0,0.0
12,12,KNN,ball_tree,201,uncalibrated,-0.126,1.0,0.0
12,12,KNN,ball_tree,201,uncalibrated,-0.124,1.0,0.0
12,12,KNN,ball_tree,201,uncalibrated,-0.122,1.0,0.0
12,12,KNN,ball_tree,201,uncalibrated,-0.12,1.0,0.0
12,12,KNN,ball_tree,201,uncalibrated,-0.118,1.0,0.0
12,12,KNN,ball_tree,201,uncalibrated,-0.116,1.0,0.0
12,12,KNN,ball_tree,201,uncalibrated,-0.114,0.008378109452736324,0.007843598761641585
12,12,KNN,ball_tree,201,uncalibrated,-0.112,0.02013580744924031,0.018211235469499473
12,12,KNN,ball_tree,201,uncalibrated,-0.11,0.0018656716417910445,0.0018283469727060245
12,12,KNN,ball_tree,201,uncalibrated,-0.108,0.002341235001463272,0.0023412350014632723
12,12,KNN,brute,1,uncalibrated,-0.128,1.0,0.0
12,12,KNN,brute,1,uncalibrated,-0.126,1.0,0.0
12,12,KNN,brute,1,uncalibrated,-0.124,1.0,0.0
12,12,KNN,brute,1,uncalibrated,-0.122,1.0,0.0
12,12,KNN,brute,1,uncalibrated,-0.12,1.0,0.0
12,12,KNN,brute,1,uncalibrated,-0.118,1.0,0.0
12,12,KNN,brute,1,uncalibrated,-0.116,1.0,0.0
12,12,KNN,brute,1,uncalibrated,-0.114,0.0,0.0
12,12,KNN,brute,1,uncalibrated,-0.112,0.0,0.0
12,12,KNN,brute,1,uncalibrated,-0.11,0.0,0.0
12,12,KNN,brute,1,uncalibrated,-0.108,0.0,0.0
12,12,KNN,brute,3,uncalibrated,-0.128,1.0,0.0
12,12,KNN,brute,3,uncalibrated,-0.126,1.0,0.0
12,12,KNN,brute,3,uncalibrated,-0.124,1.0,0.0
12,12,KNN,brute,3,uncalibrated,-0.122,1.0,0.0
12,12,KNN,brute,3,uncalibrated,-0.12,1.0,0.0
12,12,KNN,brute,3,uncalibrated,-0.118,1.0,0.0
12,12,KNN,brute,3,uncalibrated,-0.116,1.0,0.0
12,12,KNN,brute,3,uncalibrated,-0.114,0.0,0.0
12,12,KNN,brute,3,uncalibrated,-0.112,0.0,0.0
12,12,KNN,brute,3,uncalibrated,-0.11,0.0,0.0
12,12,KNN,brute,3,uncalibrated,-0.108,0.0,0.0
12,12,KNN,brute,5,uncalibrated,-0.128,1.0,0.0
12,12,KNN,brute,5,uncalibrated,-0.126,1.0,0.0
12,12,KNN,brute,5,uncalibrated,-0.124,1.0,0.0
12,12,KNN,brute,5,uncalibrated,-0.122,1.0,0.0
12,12,KNN,brute,5,uncalibrated,-0.12,1.0,0.0
12,12,KNN,brute,5,uncalibrated,-0.118,1.0,0.0
12,12,KNN,brute,5,uncalibrated,-0.116,1.0,0.0
12,12,KNN,brute,5,uncalibrated,-0.114,0.0,0.0
12,12,KNN,brute,5,uncalibrated,-0.112,0.0,0.0
12,12,KNN,brute,5,uncalibrated,-0.11,0.0,0.0
12,12,KNN,brute,5,uncalibrated,-0.108,0.0,0.0
12,12,KNN,brute,7,uncalibrated,-0.128,1.0,0.0
12,12,KNN,brute,7,uncalibrated,-0.126,1.0,0.0
12,12,KNN,brute,7,uncalibrated,-0.124,1.0,0.0
12,12,KNN,brute,7,uncalibrated,-0.122,1.0,0.0
12,12,KNN,brute,7,uncalibrated,-0.12,1.0,0.0
12,12,KNN,brute,7,uncalibrated,-0.118,1.0,0.0
12,12,KNN,brute,7,uncalibrated,-0.116,1.0,0.0
12,12,KNN,brute,7,uncalibrated,-0.114,0.0,0.0
12,12,KNN,brute,7,uncalibrated,-0.112,0.0,0.0
12,12,KNN,brute,7,uncalibrated,-0.11,0.0,0.0
12,12,KNN,brute,7,uncalibrated,-0.108,0.0,0.0
12,12,KNN,brute,9,uncalibrated,-0.128,1.0,0.0
12,12,KNN,brute,9,uncalibrated,-0.126,1.0,0.0
12,12,KNN,brute,9,uncalibrated,-0.124,1.0,0.0
12,12,KNN,brute,9,uncalibrated,-0.122,1.0,0.0
12,12,KNN,brute,9,uncalibrated,-0.12,1.0,0.0
12,12,KNN,brute,9,uncalibrated,-0.118,1.0,0.0
12,12,KNN,brute,9,uncalibrated,-0.116,1.0,0.0
12,12,KNN,brute,9,uncalibrated,-0.114,0.0,0.0
12,12,KNN,brute,9,uncalibrated,-0.112,0.0,0.0
12,12,KNN,brute,9,uncalibrated,-0.11,0.0,0.0
12,12,KNN,brute,9,uncalibrated,-0.108,0.0,0.0
12,12,KNN,brute,11,uncalibrated,-0.128,1.0,0.0
12,12,KNN,brute,11,uncalibrated,-0.126,1.0,0.0
12,12,KNN,brute,11,uncalibrated,-0.124,1.0,0.0
12,12,KNN,brute,11,uncalibrated,-0.122,1.0,0.0
12,12,KNN,brute,11,uncalibrated,-0.12,1.0,0.0
12,12,KNN,brute,11,uncalibrated,-0.118,1.0,0.0
12,12,KNN,brute,11,uncalibrated,-0.116,1.0,0.0
12,12,KNN,brute,11,uncalibrated,-0.114,0.0,0.0
12,12,KNN,brute,11,uncalibrated,-0.112,0.0,0.0
12,12,KNN,brute,11,uncalibrated,-0.11,0.0,0.0
12,12,KNN,brute,11,uncalibrated,-0.108,0.0,0.0
12,12,KNN,brute,13,uncalibrated,-0.128,1.0,0.0
12,12,KNN,brute,13,uncalibrated,-0.126,1.0,0.0
12,12,KNN,brute,13,uncalibrated,-0.124,1.0,0.0
12,12,KNN,brute,13,uncalibrated,-0.122,1.0,0.0
12,12,KNN,brute,13,uncalibrated,-0.12,1.0,0.0
12,12,KNN,brute,13,uncalibrated,-0.118,1.0,0.0
12,12,KNN,brute,13,uncalibrated,-0.116,1.0,0.0
12,12,KNN,brute,13,uncalibrated,-0.114,0.0,0.0
12,12,KNN,brute,13,uncalibrated,-0.112,0.0,0.0
12,12,KNN,brute,13,uncalibrated,-0.11,0.0,0.0
12,12,KNN,brute,13,uncalibrated,-0.108,0.0,0.0
12,12,KNN,brute,15,uncalibrated,-0.128,1.0,0.0
12,12,KNN,brute,15,uncalibrated,-0.126,1.0,0.0
12,12,KNN,brute,15,uncalibrated,-0.124,1.0,0.0
12,12,KNN,brute,15,uncalibrated,-0.122,1.0,0.0
12,12,KNN,brute,15,uncalibrated,-0.12,1.0,0.0
12,12,KNN,brute,15,uncalibrated,-0.118,1.0,0.0
12,12,KNN,brute,15,uncalibrated,-0.116,1.0,0.0
12,12,KNN,brute,15,uncalibrated,-0.114,0.0,0.0
12,12,KNN,brute,15,uncalibrated,-0.112,0.0,0.0
12,12,KNN,brute,15,uncalibrated,-0.11,0.0,0.0
12,12,KNN,brute,15,uncalibrated,-0.108,0.0,0.0
12,12,KNN,brute,17,uncalibrated,-0.128,1.0,0.0
12,12,KNN,brute,17,uncalibrated,-0.126,1.0,0.0
12,12,KNN,brute,17,uncalibrated,-0.124,1.0,0.0
12,12,KNN,brute,17,uncalibrated,-0.122,1.0,0.0
12,12,KNN,brute,17,uncalibrated,-0.12,1.0,0.0
12,12,KNN,brute,17,uncalibrated,-0.118,1.0,0.0
12,12,KNN,brute,17,uncalibrated,-0.116,1.0,0.0
12,12,KNN,brute,17,uncalibrated,-0.114,0.0,0.0
12,12,KNN,brute,17,uncalibrated,-0.112,0.0,0.0
12,12,KNN,brute,17,uncalibrated,-0.11,0.0,0.0
12,12,KNN,brute,17,uncalibrated,-0.108,0.0,0.0
12,12,KNN,brute,19,uncalibrated,-0.128,1.0,0.0
12,12,KNN,brute,19,uncalibrated,-0.126,1.0,0.0
12,12,KNN,brute,19,uncalibrated,-0.124,1.0,0.0
12,12,KNN,brute,19,uncalibrated,-0.122,1.0,0.0
12,12,KNN,brute,19,uncalibrated,-0.12,1.0,0.0
12,12,KNN,brute,19,uncalibrated,-0.118,1.0,0.0
12,12,KNN,brute,19,uncalibrated,-0.116,1.0,0.0
12,12,KNN,brute,19,uncalibrated,-0.114,0.0,0.0
12,12,KNN,brute,19,uncalibrated,-0.112,0.00023084025854108346,0.00023084025854108958
12,12,KNN,brute,19,uncalibrated,-0.11,0.0,0.0
12,12,KNN,brute,19,uncalibrated,-0.108,0.0,0.0
12,12,KNN,brute,21,uncalibrated,-0.128,1.0,0.0
12,12,KNN,brute,21,uncalibrated,-0.126,1.0,0.0
12,12,KNN,brute,21,uncalibrated,-0.124,1.0,0.0
12,12,KNN,brute,21,uncalibrated,-0.122,1.0,0.0
12,12,KNN,brute,21,uncalibrated,-0.12,1.0,0.0
12,12,KNN,brute,21,uncalibrated,-0.118,1.0,0.0
12,12,KNN,brute,21,uncalibrated,-0.116,1.0,0.0
12,12,KNN,brute,21,uncalibrated,-0.114,0.0,0.0
12,12,KNN,brute,21,uncalibrated,-0.112,0.0004177109440267416,0.00041771094402673337
12,12,KNN,brute,21,uncalibrated,-0.11,0.0,0.0
12,12,KNN,brute,21,uncalibrated,-0.108,0.0,0.0
12,12,KNN,brute,23,uncalibrated,-0.128,1.0,0.0
12,12,KNN,brute,23,uncalibrated,-0.126,1.0,0.0
12,12,KNN,brute,23,uncalibrated,-0.124,1.0,0.0
12,12,KNN,brute,23,uncalibrated,-0.122,1.0,0.0
12,12,KNN,brute,23,uncalibrated,-0.12,1.0,0.0
12,12,KNN,brute,23,uncalibrated,-0.118,1.0,0.0
12,12,KNN,brute,23,uncalibrated,-0.116,1.0,0.0
12,12,KNN,brute,23,uncalibrated,-0.114,0.0,0.0
12,12,KNN,brute,23,uncalibrated,-0.112,0.000572082379862684,0.0005720823798627001
12,12,KNN,brute,23,uncalibrated,-0.11,0.0,0.0
12,12,KNN,brute,23,uncalibrated,-0.108,0.0,0.0
12,12,KNN,brute,25,uncalibrated,-0.128,1.0,0.0
12,12,KNN,brute,25,uncalibrated,-0.126,1.0,0.0
12,12,KNN,brute,25,uncalibrated,-0.124,1.0,0.0
12,12,KNN,brute,25,uncalibrated,-0.122,1.0,0.0
12,12,KNN,brute,25,uncalibrated,-0.12,1.0,0.0
12,12,KNN,brute,25,uncalibrated,-0.118,1.0,0.0
12,12,KNN,brute,25,uncalibrated,-0.116,1.0,0.0
12,12,KNN,brute,25,uncalibrated,-0.114,0.0,0.0
12,12,KNN,brute,25,uncalibrated,-0.112,0.0008771929824561566,0.0008771929824561402
12,12,KNN,brute,25,uncalibrated,-0.11,0.0,0.0
12,12,KNN,brute,25,uncalibrated,-0.108,0.0,0.0
12,12,KNN,brute,27,uncalibrated,-0.128,1.0,0.0
12,12,KNN,brute,27,uncalibrated,-0.126,1.0,0.0
12,12,KNN,brute,27,uncalibrated,-0.124,1.0,0.0
12,12,KNN,brute,27,uncalibrated,-0.122,1.0,0.0
12,12,KNN,brute,27,uncalibrated,-0.12,1.0,0.0
12,12,KNN,brute,27,uncalibrated,-0.118,1.0,0.0
12,12,KNN,brute,27,uncalibrated,-0.116,1.0,0.0
12,12,KNN,brute,27,uncalibrated,-0.114,0.0,0.0
12,12,KNN,brute,27,uncalibrated,-0.112,0.001137102014295013,0.0011371020142949963
12,12,KNN,brute,27,uncalibrated,-0.11,0.0,0.0
12,12,KNN,brute,27,uncalibrated,-0.108,0.0,0.0
12,12,KNN,brute,29,uncalibrated,-0.128,1.0,0.0
12,12,KNN,brute,29,uncalibrated,-0.126,1.0,0.0
12,12,KNN,brute,29,uncalibrated,-0.124,1.0,0.0
12,12,KNN,brute,29,uncalibrated,-0.122,1.0,0.0
12,12,KNN,brute,29,uncalibrated,-0.12,1.0,0.0
12,12,KNN,brute,29,uncalibrated,-0.118,1.0,0.0
12,12,KNN,brute,29,uncalibrated,-0.116,1.0,0.0
12,12,KNN,brute,29,uncalibrated,-0.114,0.0,0.0
12,12,KNN,brute,29,uncalibrated,-0.112,0.0013611615245008586,0.0013611615245009076
12,12,KNN,brute,29,uncalibrated,-0.11,0.0,0.0
12,12,KNN,brute,29,uncalibrated,-0.108,0.0,0.0
12,12,KNN,brute,31,uncalibrated,-0.128,1.0,0.0
12,12,KNN,brute,31,uncalibrated,-0.126,1.0,0.0
12,12,KNN,brute,31,uncalibrated,-0.124,1.0,0.0
12,12,KNN,brute,31,uncalibrated,-0.122,1.0,0.0
12,12,KNN,brute,31,uncalibrated,-0.12,1.0,0.0
12,12,KNN,brute,31,uncalibrated,-0.118,1.0,0.0
12,12,KNN,brute,31,uncalibrated,-0.116,1.0,0.0
12,12,KNN,brute,31,uncalibrated,-0.114,0.0,0.0
12,12,KNN,brute,31,uncalibrated,-0.112,0.0015563101301640876,0.0015563101301641204
12,12,KNN,brute,31,uncalibrated,-0.11,0.0,0.0
12,12,KNN,brute,31,uncalibrated,-0.108,0.0,0.0
12,12,KNN,brute,33,uncalibrated,-0.128,1.0,0.0
12,12,KNN,brute,33,uncalibrated,-0.126,1.0,0.0
12,12,KNN,brute,33,uncalibrated,-0.124,1.0,0.0
12,12,KNN,brute,33,uncalibrated,-0.122,1.0,0.0
12,12,KNN,brute,33,uncalibrated,-0.12,1.0,0.0
12,12,KNN,brute,33,uncalibrated,-0.118,1.0,0.0
12,12,KNN,brute,33,uncalibrated,-0.116,1.0,0.0
12,12,KNN,brute,33,uncalibrated,-0.114,0.0,0.0
12,12,KNN,brute,33,uncalibrated,-0.112,0.0017278043593832904,0.0017278043593833073
12,12,KNN,brute,33,uncalibrated,-0.11,0.0,0.0
12,12,KNN,brute,33,uncalibrated,-0.108,0.0,0.0
12,12,KNN,brute,35,uncalibrated,-0.128,1.0,0.0
12,12,KNN,brute,35,uncalibrated,-0.126,1.0,0.0
12,12,KNN,brute,35,uncalibrated,-0.124,1.0,0.0
12,12,KNN,brute,35,uncalibrated,-0.122,1.0,0.0
12,12,KNN,brute,35,uncalibrated,-0.12,1.0,0.0
12,12,KNN,brute,35,uncalibrated,-0.118,1.0,0.0
12,12,KNN,brute,35,uncalibrated,-0.116,1.0,0.0
12,12,KNN,brute,35,uncalibrated,-0.114,0.0,0.0
12,12,KNN,brute,35,uncalibrated,-0.112,0.0020050125313283533,0.0018822038451647705
12,12,KNN,brute,35,uncalibrated,-0.11,0.0,0.0
12,12,KNN,brute,35,uncalibrated,-0.108,0.0,0.0
12,12,KNN,brute,37,uncalibrated,-0.128,1.0,0.0
12,12,KNN,brute,37,uncalibrated,-0.126,1.0,0.0
12,12,KNN,brute,37,uncalibrated,-0.124,1.0,0.0
12,12,KNN,brute,37,uncalibrated,-0.122,1.0,0.0
12,12,KNN,brute,37,uncalibrated,-0.12,1.0,0.0
12,12,KNN,brute,37,uncalibrated,-0.118,1.0,0.0
12,12,KNN,brute,37,uncalibrated,-0.116,1.0,0.0
12,12,KNN,brute,37,uncalibrated,-0.114,0.0,0.0
12,12,KNN,brute,37,uncalibrated,-0.112,0.0022522522522522527,0.0020259291408894946
12,12,KNN,brute,37,uncalibrated,-0.11,0.0,0.0
12,12,KNN,brute,37,uncalibrated,-0.108,0.0,0.0
12,12,KNN,brute,39,uncalibrated,-0.128,1.0,0.0
12,12,KNN,brute,39,uncalibrated,-0.126,1.0,0.0
12,12,KNN,brute,39,uncalibrated,-0.124,1.0,0.0
12,12,KNN,brute,39,uncalibrated,-0.122,1.0,0.0
12,12,KNN,brute,39,uncalibrated,-0.12,1.0,0.0
12,12,KNN,brute,39,uncalibrated,-0.118,1.0,0.0
12,12,KNN,brute,39,uncalibrated,-0.116,1.0,0.0
12,12,KNN,brute,39,uncalibrated,-0.114,0.0,0.0
12,12,KNN,brute,39,uncalibrated,-0.112,0.0023852116875372692,0.0023852116875372692
12,12,KNN,brute,39,uncalibrated,-0.11,0.0,0.0
12,12,KNN,brute,39,uncalibrated,-0.108,0.0,0.0
12,12,KNN,brute,41,uncalibrated,-0.128,1.0,0.0
12,12,KNN,brute,41,uncalibrated,-0.126,1.0,0.0
12,12,KNN,brute,41,uncalibrated,-0.124,1.0,0.0
12,12,KNN,brute,41,uncalibrated,-0.122,1.0,0.0
12,12,KNN,brute,41,uncalibrated,-0.12,1.0,0.0
12,12,KNN,brute,41,uncalibrated,-0.118,1.0,0.0
12,12,KNN,brute,41,uncalibrated,-0.116,1.0,0.0
12,12,KNN,brute,41,uncalibrated,-0.114,0.0,0.0
12,12,KNN,brute,41,uncalibrated,-0.112,0.002836074872376594,0.0028360748723766306
12,12,KNN,brute,41,uncalibrated,-0.11,0.0,0.0
12,12,KNN,brute,41,uncalibrated,-0.108,0.0,0.0
12,12,KNN,brute,43,uncalibrated,-0.128,1.0,0.0
12,12,KNN,brute,43,uncalibrated,-0.126,1.0,0.0
12,12,KNN,brute,43,uncalibrated,-0.124,1.0,0.0
12,12,KNN,brute,43,uncalibrated,-0.122,1.0,0.0
12,12,KNN,brute,43,uncalibrated,-0.12,1.0,0.0
12,12,KNN,brute,43,uncalibrated,-0.118,1.0,0.0
12,12,KNN,brute,43,uncalibrated,-0.116,1.0,0.0
12,12,KNN,brute,43,uncalibrated,-0.114,0.0,0.0
12,12,KNN,brute,43,uncalibrated,-0.112,0.0032449972958356046,0.003244997295835586
12,12,KNN,brute,43,uncalibrated,-0.11,0.0,0.0
12,12,KNN,brute,43,uncalibrated,-0.108,0.0,0.0
12,12,KNN,brute,45,uncalibrated,-0.128,1.0,0.0
12,12,KNN,brute,45,uncalibrated,-0.126,1.0,0.0
12,12,KNN,brute,45,uncalibrated,-0.124,1.0,0.0
12,12,KNN,brute,45,uncalibrated,-0.122,1.0,0.0
12,12,KNN,brute,45,uncalibrated,-0.12,1.0,0.0
12,12,KNN,brute,45,uncalibrated,-0.118,1.0,0.0
12,12,KNN,brute,45,uncalibrated,-0.116,1.0,0.0
12,12,KNN,brute,45,uncalibrated,-0.114,0.0,0.0
12,12,KNN,brute,45,uncalibrated,-0.112,0.003617571059431525,0.003617571059431525
12,12,KNN,brute,45,uncalibrated,-0.11,0.0,0.0
12,12,KNN,brute,45,uncalibrated,-0.108,0.0,0.0
12,12,KNN,brute,47,uncalibrated,-0.128,1.0,0.0
12,12,KNN,brute,47,uncalibrated,-0.126,1.0,0.0
12,12,KNN,brute,47,uncalibrated,-0.124,1.0,0.0
12,12,KNN,brute,47,uncalibrated,-0.122,1.0,0.0
12,12,KNN,brute,47,uncalibrated,-0.12,1.0,0.0
12,12,KNN,brute,47,uncalibrated,-0.118,1.0,0.0
12,12,KNN,brute,47,uncalibrated,-0.116,1.0,0.0
12,12,KNN,brute,47,uncalibrated,-0.114,0.0,0.0
12,12,KNN,brute,47,uncalibrated,-0.112,0.003958436417615006,0.003958436417615042
12,12,KNN,brute,47,uncalibrated,-0.11,0.0,0.0
12,12,KNN,brute,47,uncalibrated,-0.108,0.0,0.0
12,12,KNN,brute,49,uncalibrated,-0.128,1.0,0.0
12,12,KNN,brute,49,uncalibrated,-0.126,1.0,0.0
12,12,KNN,brute,49,uncalibrated,-0.124,1.0,0.0
12,12,KNN,brute,49,uncalibrated,-0.122,1.0,0.0
12,12,KNN,brute,49,uncalibrated,-0.12,1.0,0.0
12,12,KNN,brute,49,uncalibrated,-0.118,1.0,0.0
12,12,KNN,brute,49,uncalibrated,-0.116,1.0,0.0
12,12,KNN,brute,49,uncalibrated,-0.114,0.0,0.0
12,12,KNN,brute,49,uncalibrated,-0.112,0.004271476032273337,0.0042714760322733756
12,12,KNN,brute,49,uncalibrated,-0.11,0.0,0.0
12,12,KNN,brute,49,uncalibrated,-0.108,0.0,0.0
12,12,KNN,brute,51,uncalibrated,-0.128,1.0,0.0
12,12,KNN,brute,51,uncalibrated,-0.126,1.0,0.0
12,12,KNN,brute,51,uncalibrated,-0.124,1.0,0.0
12,12,KNN,brute,51,uncalibrated,-0.122,1.0,0.0
12,12,KNN,brute,51,uncalibrated,-0.12,1.0,0.0
12,12,KNN,brute,51,uncalibrated,-0.118,1.0,0.0
12,12,KNN,brute,51,uncalibrated,-0.116,1.0,0.0
12,12,KNN,brute,51,uncalibrated,-0.114,0.0,0.0
12,12,KNN,brute,51,uncalibrated,-0.112,0.0045599635202918,0.004559963520291838
12,12,KNN,brute,51,uncalibrated,-0.11,0.0,0.0
12,12,KNN,brute,51,uncalibrated,-0.108,0.0,0.0
12,12,KNN,brute,61,uncalibrated,-0.128,1.0,0.0
12,12,KNN,brute,61,uncalibrated,-0.126,1.0,0.0
12,12,KNN,brute,61,uncalibrated,-0.124,1.0,0.0
12,12,KNN,brute,61,uncalibrated,-0.122,1.0,0.0
12,12,KNN,brute,61,uncalibrated,-0.12,1.0,0.0
12,12,KNN,brute,61,uncalibrated,-0.118,1.0,0.0
12,12,KNN,brute,61,uncalibrated,-0.116,1.0,0.0
12,12,KNN,brute,61,uncalibrated,-0.114,0.00019516003122560497,0.00019516003122560505
12,12,KNN,brute,61,uncalibrated,-0.112,0.005718642775447923,0.00571864277544796
12,12,KNN,brute,61,uncalibrated,-0.11,0.0,0.0
12,12,KNN,brute,61,uncalibrated,-0.108,0.0,0.0
12,12,KNN,brute,81,uncalibrated,-0.128,1.0,0.0
12,12,KNN,brute,81,uncalibrated,-0.126,1.0,0.0
12,12,KNN,brute,81,uncalibrated,-0.124,1.0,0.0
12,12,KNN,brute,81,uncalibrated,-0.122,1.0,0.0
12,12,KNN,brute,81,uncalibrated,-0.12,1.0,0.0
12,12,KNN,brute,81,uncalibrated,-0.118,1.0,0.0
12,12,KNN,brute,81,uncalibrated,-0.116,1.0,0.0
12,12,KNN,brute,81,uncalibrated,-0.114,0.0006760728982951295,0.0006469922542425899
12,12,KNN,brute,81,uncalibrated,-0.112,0.0071777203560150025,0.007177720356014931
12,12,KNN,brute,81,uncalibrated,-0.11,0.0,0.0
12,12,KNN,brute,81,uncalibrated,-0.108,0.0,0.0
12,12,KNN,brute,101,uncalibrated,-0.128,1.0,0.0
12,12,KNN,brute,101,uncalibrated,-0.126,1.0,0.0
12,12,KNN,brute,101,uncalibrated,-0.124,1.0,0.0
12,12,KNN,brute,101,uncalibrated,-0.122,1.0,0.0
12,12,KNN,brute,101,uncalibrated,-0.12,1.0,0.0
12,12,KNN,brute,101,uncalibrated,-0.118,1.0,0.0
12,12,KNN,brute,101,uncalibrated,-0.116,1.0,0.0
12,12,KNN,brute,101,uncalibrated,-0.114,0.001097892047269243,0.0010978920472692433
12,12,KNN,brute,101,uncalibrated,-0.112,0.008864839972369257,0.008594009555791622
12,12,KNN,brute,101,uncalibrated,-0.11,0.0,0.0
12,12,KNN,brute,101,uncalibrated,-0.108,0.0,0.0
12,12,KNN,brute,151,uncalibrated,-0.128,1.0,0.0
12,12,KNN,brute,151,uncalibrated,-0.126,1.0,0.0
12,12,KNN,brute,151,uncalibrated,-0.124,1.0,0.0
12,12,KNN,brute,151,uncalibrated,-0.122,1.0,0.0
12,12,KNN,brute,151,uncalibrated,-0.12,1.0,0.0
12,12,KNN,brute,151,uncalibrated,-0.118,1.0,0.0
12,12,KNN,brute,151,uncalibrated,-0.116,1.0,0.0
12,12,KNN,brute,151,uncalibrated,-0.114,0.004606387524033332,0.004606387524033326
12,12,KNN,brute,151,uncalibrated,-0.112,0.01280813097866078,0.012322274341939195
12,12,KNN,brute,151,uncalibrated,-0.11,5.255965520866352e-05,5.255965520866183e-05
12,12,KNN,brute,151,uncalibrated,-0.108,0.0008713837574067457,0.0008424511381052617
12,12,KNN,brute,201,uncalibrated,-0.128,1.0,0.0
12,12,KNN,brute,201,uncalibrated,-0.126,1.0,0.0
12,12,KNN,brute,201,uncalibrated,-0.124,1.0,0.0
12,12,KNN,brute,201,uncalibrated,-0.122,1.0,0.0
12,12,KNN,brute,201,uncalibrated,-0.12,1.0,0.0
12,12,KNN,brute,201,uncalibrated,-0.118,1.0,0.0
12,12,KNN,brute,201,uncalibrated,-0.116,1.0,0.0
12,12,KNN,brute,201,uncalibrated,-0.114,0.008378109452736324,0.007843598761641585
12,12,KNN,brute,201,uncalibrated,-0.112,0.02013580744924031,0.018211235469499473
12,12,KNN,brute,201,uncalibrated,-0.11,0.0018656716417910445,0.0018283469727060245
12,12,KNN,brute,201,uncalibrated,-0.108,0.002341235001463272,0.0023412350014632723
