stride,feature_set,n_features,model,K0,mean,mean_err
250,full_20,20,KMeans,4.67,0.44836956521739046,0.03609803173858829
250,full_20,20,KMeans,4.7,0.38235294117646684,0.04205754954264448
250,full_20,20,KMeans,4.72,0.47368421052631576,0.03877282020222516
250,full_20,20,KMeans,4.73,0.4358974358974359,0.05982905982905984
250,full_20,20,KMeans,4.74,0.46502057613168724,0.04053027901973707
250,full_20,20,KMeans,4.75,0.4256410256410221,0.037629897747279914
250,full_20,20,KMeans,4.76,0.4157303370786516,0.051489614550065614
250,full_20,20,KMeans,4.77,0.4308510638297924,0.03432609696485638
250,full_20,20,KMeans,4.78,0.4381443298969072,0.03682652104699782
250,full_20,20,KMeans,4.79,0.488,0.035758829364941694
250,full_20,20,KMeans,4.81,0.43571428571428356,0.03504874381058696
250,full_20,20,KMeans,4.82,0.4143835616438358,0.039296608397393844
250,full_20,20,KMeans,4.83,0.43934426229508194,0.0353125561123574
250,full_20,20,KMeans,4.84,0.5073313782991213,0.03819078145712541
250,full_20,20,KMeans,4.85,0.4273504273504359,0.030954904076918265
250,full_20,20,KMeans,4.86,0.40588235294117647,0.05611407067158504
250,full_20,20,KMeans,4.87,0.40000000000000085,0.03736085295243316
250,full_20,20,KMeans,4.88,0.4481792717086835,0.03641456582633055
250,full_20,20,KMeans,4.9,0.4725274725274725,0.03644642626764173
250,full_20,20,KMeans,4.93,0.42138364779874216,0.03580680591902991
100,full_20,20,KMeans,4.67,0.4113247863247863,0.021816856684468117
100,full_20,20,KMeans,4.7,0.4279999999999995,0.026195843605851313
100,full_20,20,KMeans,4.72,0.39679715302491103,0.04804270462633453
100,full_20,20,KMeans,4.73,0.4425385934819897,0.02672734295819204
100,full_20,20,KMeans,4.74,0.45081967213114754,0.023598713531900753
100,full_20,20,KMeans,4.75,0.4542372881355932,0.022461348566311136
100,full_20,20,KMeans,4.76,0.4872944693572496,0.03378969971736121
100,full_20,20,KMeans,4.77,0.4529780564263291,0.021033975818249503
100,full_20,20,KMeans,4.78,0.4583333333333333,0.021381672664362014
100,full_20,20,KMeans,4.79,0.4462365591397848,0.034868606911486154
100,full_20,20,KMeans,4.81,0.4583333333333333,0.022003520845025316
100,full_20,20,KMeans,4.82,0.49863387978142076,0.038904455917754474
100,full_20,20,KMeans,4.83,0.47368421052631576,0.02505188521665759
100,full_20,20,KMeans,4.84,0.4128654970760234,0.02734191749137066
100,full_20,20,KMeans,4.85,0.4702842377260983,0.03852209694024697
100,full_20,20,KMeans,4.86,0.4788235294117647,0.02470588235294119
100,full_20,20,KMeans,4.87,0.5,0.0218575039231491
100,full_20,20,KMeans,4.88,0.46316964285714285,0.02285320014424875
100,full_20,20,KMeans,4.9,0.4151785714285723,0.026310264479985798
100,full_20,20,KMeans,4.93,0.4515050167224059,0.027738936411469826
250,full_20,20,Agglomerative,4.67,0.029333333333333333,0.01333333333333333
250,full_20,20,Agglomerative,4.7,0.06965174129353234,0.032624072260208956
250,full_20,20,Agglomerative,4.72,0.05847953216374269,0.018884970017472538
250,full_20,20,Agglomerative,4.73,0.10775862068965507,0.029460280083511536
250,full_20,20,Agglomerative,4.74,0.1506024096385565,0.028082698388827175
250,full_20,20,Agglomerative,4.75,0.08906882591093117,0.022216029194540243
250,full_20,20,Agglomerative,4.76,0.1333333333333358,0.024733283866815014
250,full_20,20,Agglomerative,4.77,0.14492753623188406,0.028375217691958287
250,full_20,20,Agglomerative,4.78,0.16326530612244897,0.024887195750271093
250,full_20,20,Agglomerative,4.79,0.16610169491525423,0.030033974824863297
250,full_20,20,Agglomerative,4.81,0.22402597402597374,0.03233740155321748
250,full_20,20,Agglomerative,4.82,0.30612244897959184,0.06122448979591838
250,full_20,20,Agglomerative,4.83,0.25666666666666665,0.0436399409308084
250,full_20,20,Agglomerative,4.84,0.2962962962962963,0.03426214664047204
250,full_20,20,Agglomerative,4.85,0.30666666666666603,0.035276684147527895
250,full_20,20,Agglomerative,4.86,0.31470588235294117,0.04411764705882354
250,full_20,20,Agglomerative,4.87,0.35435435435435436,0.05729364573074751
250,full_20,20,Agglomerative,4.88,0.3183098591549296,0.03607393936581887
250,full_20,20,Agglomerative,4.9,0.33442622950820006,0.028714274158441123
250,full_20,20,Agglomerative,4.93,0.38315217391304346,0.04076086956521738
100,full_20,20,Agglomerative,4.67,0.08492569002123142,0.01531019649878552
100,full_20,20,Agglomerative,4.7,0.11336032388664002,0.015363292276121668
100,full_20,20,Agglomerative,4.72,0.22419928825622776,0.03202846975088969
100,full_20,20,Agglomerative,4.73,0.2370242214532872,0.022483030135583115
100,full_20,20,Agglomerative,4.74,0.28477905073649823,0.027313124825333254
100,full_20,20,Agglomerative,4.75,0.32057416267942584,0.02384356680658061
100,full_20,20,Agglomerative,4.76,0.32585949177877416,0.03447701822024153
100,full_20,20,Agglomerative,4.77,0.3376623376623378,0.01983799002145386
100,full_20,20,Agglomerative,4.78,0.33099579242636745,0.018721565567234616
100,full_20,20,Agglomerative,4.79,0.34274193548387094,0.02954806483858463
100,full_20,20,Agglomerative,4.81,0.3905249679897567,0.02326684521075519
100,full_20,20,Agglomerative,4.82,0.4005681818181866,0.022473978321927227
100,full_20,20,Agglomerative,4.83,0.3877005347593583,0.02406417112299465
100,full_20,20,Agglomerative,4.84,0.38317757009345754,0.027132712193460057
100,full_20,20,Agglomerative,4.85,0.3888888888888889,0.029119968138461634
100,full_20,20,Agglomerative,4.86,0.42023809523809524,0.01994873218550638
100,full_20,20,Agglomerative,4.87,0.41615667074663404,0.021918198316708756
100,full_20,20,Agglomerative,4.88,0.4174107142857143,0.02105799359834062
100,full_20,20,Agglomerative,4.9,0.42111111111111243,0.028176764206563256
100,full_20,20,Agglomerative,4.93,0.4684095860566449,0.02812799854831231
250,full_20,20,Spectral,4.67,0.24468085106382975,0.04255319148936172
250,full_20,20,Spectral,4.7,0.19117647058823528,0.03479119289760175
250,full_20,20,Spectral,4.72,0.3125,0.04419417382415924
250,full_20,20,Spectral,4.73,0.29777777777777775,0.037298547664062286
250,full_20,20,Spectral,4.74,0.3373493975903614,0.03545227878480924
250,full_20,20,Spectral,4.75,0.2976190476190476,0.04112459177152893
250,full_20,20,Spectral,4.76,0.2846441947565543,0.0503881050452199
250,full_20,20,Spectral,4.77,0.3380952380952381,0.0328766907574731
250,full_20,20,Spectral,4.78,0.33505154639175255,0.03415151067062032
250,full_20,20,Spectral,4.79,0.415,0.03557251804980959
250,full_20,20,Spectral,4.81,0.3333333333333309,0.032220480621690036
250,full_20,20,Spectral,4.82,0.32432432432432434,0.03211061763159496
250,full_20,20,Spectral,4.83,0.34199134199134623,0.034295758590026364
250,full_20,20,Spectral,4.84,0.3918128654970759,0.033720943259271344
250,full_20,20,Spectral,4.85,0.3096774193548387,0.0332117101322161
250,full_20,20,Spectral,4.86,0.3264705882352941,0.04690538711335564
250,full_20,20,Spectral,4.87,0.3203592814371258,0.038922155688622756
250,full_20,20,Spectral,4.88,0.3494318181818182,0.03461115484278671
250,full_20,20,Spectral,4.9,0.39058171745152254,0.03469675757720395
250,full_20,20,Spectral,4.93,0.3323076923076923,0.03289754581591244
100,full_20,20,Spectral,4.67,0.23804347826086958,0.01822071153721761
100,full_20,20,Spectral,4.7,0.27722772277227725,0.02800422895788305
100,full_20,20,Spectral,4.72,0.3387096774193548,0.023352567927257227
100,full_20,20,Spectral,4.73,0.31802721088435376,0.029652373765582815
100,full_20,20,Spectral,4.74,0.34951456310679613,0.029126213592232997
100,full_20,20,Spectral,4.75,0.40000000000000224,0.029546842014263948
100,full_20,20,Spectral,4.76,0.4141566265060245,0.022532916059865862
100,full_20,20,Spectral,4.77,0.41269841269841223,0.029974860141184695
100,full_20,20,Spectral,4.78,0.42156862745097895,0.02332291054767615
100,full_20,20,Spectral,4.79,0.41263440860215067,0.03966761979401534
100,full_20,20,Spectral,4.81,0.425831202046034,0.02009008717863099
100,full_20,20,Spectral,4.82,0.44398907103825164,0.02351156001985345
100,full_20,20,Spectral,4.83,0.46944444444444705,0.0200431305362117
100,full_20,20,Spectral,4.84,0.4532710280373832,0.0380106988844624
100,full_20,20,Spectral,4.85,0.45899470899471045,0.02416580982317056
100,full_20,20,Spectral,4.86,0.4752941176470588,0.020112142349739737
100,full_20,20,Spectral,4.87,0.5171990171990172,0.021581764960139135
100,full_20,20,Spectral,4.88,0.484375,0.040178571428571425
100,full_20,20,Spectral,4.9,0.504424778761062,0.02675854676171518
100,full_20,20,Spectral,4.93,0.5305010893246169,0.03246342716816041
250,full_20,20,Birch,4.67,0.029333333333333333,0.01333333333333333
250,full_20,20,Birch,4.7,0.06965174129353234,0.032624072260208956
250,full_20,20,Birch,4.72,0.05847953216374269,0.018884970017472538
250,full_20,20,Birch,4.73,0.10775862068965507,0.029460280083511536
250,full_20,20,Birch,4.74,0.1506024096385565,0.028082698388827175
250,full_20,20,Birch,4.75,0.08906882591093117,0.022216029194540243
250,full_20,20,Birch,4.76,0.1333333333333358,0.024733283866815014
250,full_20,20,Birch,4.77,0.14492753623188406,0.028375217691958287
250,full_20,20,Birch,4.78,0.16326530612244897,0.024887195750271093
250,full_20,20,Birch,4.79,0.16610169491525423,0.030033974824863297
250,full_20,20,Birch,4.81,0.22402597402597374,0.03233740155321748
250,full_20,20,Birch,4.82,0.30612244897959184,0.06122448979591838
250,full_20,20,Birch,4.83,0.25666666666666665,0.0436399409308084
250,full_20,20,Birch,4.84,0.2962962962962963,0.03426214664047204
250,full_20,20,Birch,4.85,0.30666666666666603,0.035276684147527895
250,full_20,20,Birch,4.86,0.31470588235294117,0.04411764705882354
250,full_20,20,Birch,4.87,0.35435435435435436,0.05729364573074751
250,full_20,20,Birch,4.88,0.3183098591549296,0.03607393936581887
250,full_20,20,Birch,4.9,0.33442622950820006,0.028714274158441123
250,full_20,20,Birch,4.93,0.38315217391304346,0.04076086956521738
100,full_20,20,Birch,4.67,0.08492569002123142,0.01531019649878552
100,full_20,20,Birch,4.7,0.11336032388664002,0.015363292276121668
100,full_20,20,Birch,4.72,0.22419928825622776,0.03202846975088969
100,full_20,20,Birch,4.73,0.2370242214532872,0.022483030135583115
100,full_20,20,Birch,4.74,0.28477905073649823,0.027313124825333254
100,full_20,20,Birch,4.75,0.32057416267942584,0.02384356680658061
100,full_20,20,Birch,4.76,0.32585949177877416,0.03447701822024153
100,full_20,20,Birch,4.77,0.3376623376623378,0.01983799002145386
100,full_20,20,Birch,4.78,0.33099579242636745,0.018721565567234616
100,full_20,20,Birch,4.79,0.34274193548387094,0.02954806483858463
100,full_20,20,Birch,4.81,0.3905249679897567,0.02326684521075519
100,full_20,20,Birch,4.82,0.4005681818181866,0.022473978321927227
100,full_20,20,Birch,4.83,0.3877005347593583,0.02406417112299465
100,full_20,20,Birch,4.84,0.38317757009345754,0.027132712193460057
100,full_20,20,Birch,4.85,0.3888888888888889,0.029119968138461634
100,full_20,20,Birch,4.86,0.42023809523809524,0.01994873218550638
100,full_20,20,Birch,4.87,0.41615667074663404,0.021918198316708756
100,full_20,20,Birch,4.88,0.4174107142857143,0.02105799359834062
100,full_20,20,Birch,4.9,0.42111111111111243,0.028176764206563256
100,full_20,20,Birch,4.93,0.4684095860566449,0.02812799854831231
250,add_2,21,KMeans,4.67,0.0,0.0
250,add_2,21,KMeans,4.7,0.0,0.0
250,add_2,21,KMeans,4.72,0.0,0.0
250,add_2,21,KMeans,4.73,0.0,0.0
250,add_2,21,KMeans,4.74,0.004716981132075426,0.004716981132075472
250,add_2,21,KMeans,4.75,0.020833333333332673,0.010250873589930038
250,add_2,21,KMeans,4.76,0.08510638297872082,0.019485339144239413
250,add_2,21,KMeans,4.77,0.25539568345323743,0.05395683453237411
250,add_2,21,KMeans,4.78,0.5694444444444444,0.05555555555555558
250,add_2,21,KMeans,4.79,0.785000000000022,0.028652392499747336
250,add_2,21,KMeans,4.81,0.9711538461538461,0.014687742612037969
250,add_2,21,KMeans,4.82,1.0,0.0
250,add_2,21,KMeans,4.83,1.0,0.0
250,add_2,21,KMeans,4.84,1.0,0.0
250,add_2,21,KMeans,4.85,1.0,0.0
250,add_2,21,KMeans,4.86,1.0,0.0
250,add_2,21,KMeans,4.87,1.0,0.0
250,add_2,21,KMeans,4.88,1.0,0.0
250,add_2,21,KMeans,4.9,1.0,0.0
250,add_2,21,KMeans,4.93,1.0,0.0
100,add_2,21,KMeans,4.67,0.0,0.0
100,add_2,21,KMeans,4.7,0.0,0.0
100,add_2,21,KMeans,4.72,0.0,0.0
100,add_2,21,KMeans,4.73,0.0,0.0
100,add_2,21,KMeans,4.74,0.0037453183520600015,0.0026332496251716075
100,add_2,21,KMeans,4.75,0.01875,0.008838834764831844
100,add_2,21,KMeans,4.76,0.08179012345679045,0.012408422152419352
100,add_2,21,KMeans,4.77,0.260233918128655,0.01716438013985574
100,add_2,21,KMeans,4.78,0.5131195335276968,0.023163627670657175
100,add_2,21,KMeans,4.79,0.7745098039215687,0.02195276744915014
100,add_2,21,KMeans,4.81,0.9808673469387759,0.006377551020408173
100,add_2,21,KMeans,4.82,0.9953416149068424,0.0026598005235087072
100,add_2,21,KMeans,4.83,1.0,0.0
100,add_2,21,KMeans,4.84,1.0,0.0
100,add_2,21,KMeans,4.85,1.0,0.0
100,add_2,21,KMeans,4.86,1.0,0.0
100,add_2,21,KMeans,4.87,1.0,0.0
100,add_2,21,KMeans,4.88,1.0,0.0
100,add_2,21,KMeans,4.9,1.0,0.0
100,add_2,21,KMeans,4.93,1.0,0.0
250,add_2,21,Agglomerative,4.67,0.0,0.0
250,add_2,21,Agglomerative,4.7,0.0,0.0
250,add_2,21,Agglomerative,4.72,0.026785714285714284,0.017290104224140252
250,add_2,21,Agglomerative,4.73,0.038297872340425504,0.018302819717111972
250,add_2,21,Agglomerative,4.74,0.1144578313253012,0.024730847947477274
250,add_2,21,Agglomerative,4.75,0.1976744186046535,0.03232769728039618
250,add_2,21,Agglomerative,4.76,0.37969924812030076,0.05639097744360902
250,add_2,21,Agglomerative,4.77,0.49280575539568344,0.04676258992805754
250,add_2,21,Agglomerative,4.78,0.65625,0.04030086229553497
250,add_2,21,Agglomerative,4.79,0.8080808080808081,0.03641970985317165
250,add_2,21,Agglomerative,4.81,0.9294871794871801,0.027044901422729528
250,add_2,21,Agglomerative,4.82,0.9722222222222222,0.01388888888888884
250,add_2,21,Agglomerative,4.83,0.9796747967479494,0.008862428577393177
250,add_2,21,Agglomerative,4.84,0.9961685823754598,0.00383141762452108
250,add_2,21,Agglomerative,4.85,1.0,0.0
250,add_2,21,Agglomerative,4.86,1.0,0.0
250,add_2,21,Agglomerative,4.87,1.0,0.0
250,add_2,21,Agglomerative,4.88,1.0,0.0
250,add_2,21,Agglomerative,4.9,1.0,0.0
250,add_2,21,Agglomerative,4.93,1.0,0.0
100,add_2,21,Agglomerative,4.67,0.0,0.0
100,add_2,21,Agglomerative,4.7,0.0,0.0
100,add_2,21,Agglomerative,4.72,0.014403292181069682,0.00599892170251574
100,add_2,21,Agglomerative,4.73,0.028911564625850344,0.008503401360544218
100,add_2,21,Agglomerative,4.74,0.07154471544715447,0.01345767915223321
100,add_2,21,Agglomerative,4.75,0.19937694704049844,0.02163932085584082
100,add_2,21,Agglomerative,4.76,0.3333333333333333,0.03131887419993569
100,add_2,21,Agglomerative,4.77,0.49415204678362573,0.021346490636765893
100,add_2,21,Agglomerative,4.78,0.6064425770308105,0.0209324022095731
100,add_2,21,Agglomerative,4.79,0.7067567567567568,0.021000365226919
100,add_2,21,Agglomerative,4.81,0.8867684478371501,0.01908396946564883
100,add_2,21,Agglomerative,4.82,0.9248633879781418,0.01575486693261033
100,add_2,21,Agglomerative,4.83,0.9368421052631579,0.01771842971642467
100,add_2,21,Agglomerative,4.84,0.9545454545454546,0.017482517482517446
100,add_2,21,Agglomerative,4.85,0.9688311688311677,0.008997666532825282
100,add_2,21,Agglomerative,4.86,0.983510011778563,0.007723720287752705
100,add_2,21,Agglomerative,4.87,0.9855421686746988,0.005016062649315885
100,add_2,21,Agglomerative,4.88,0.99308755760368,0.003062580958122399
100,add_2,21,Agglomerative,4.9,1.0,0.0
100,add_2,21,Agglomerative,4.93,1.0,0.0
250,add_2,21,Spectral,4.67,0.0,0.0
250,add_2,21,Spectral,4.7,0.0,0.0
250,add_2,21,Spectral,4.72,0.08187134502923976,0.020910594838402366
250,add_2,21,Spectral,4.73,0.260683760683761,0.0455884969336567
250,add_2,21,Spectral,4.74,0.5267489711934157,0.039418197655695486
250,add_2,21,Spectral,4.75,0.8203125,0.046875
250,add_2,21,Spectral,4.76,0.9354838709677215,0.017475365770514607
250,add_2,21,Spectral,4.77,0.981684981684981,0.00921835706382273
250,add_2,21,Spectral,4.78,1.0,0.0
250,add_2,21,Spectral,4.79,1.0,0.0
250,add_2,21,Spectral,4.81,1.0,0.0
250,add_2,21,Spectral,4.82,1.0,0.0
250,add_2,21,Spectral,4.83,1.0,0.0
250,add_2,21,Spectral,4.84,1.0,0.0
250,add_2,21,Spectral,4.85,1.0,0.0
250,add_2,21,Spectral,4.86,1.0,0.0
250,add_2,21,Spectral,4.87,1.0,0.0
250,add_2,21,Spectral,4.88,1.0,0.0
250,add_2,21,Spectral,4.9,1.0,0.0
250,add_2,21,Spectral,4.93,1.0,0.0
100,add_2,21,Spectral,4.67,0.0,0.0
100,add_2,21,Spectral,4.7,0.0,0.0
100,add_2,21,Spectral,4.72,0.0853174603174586,0.013214172313148123
100,add_2,21,Spectral,4.73,0.2545454545454545,0.021645021645021613
100,add_2,21,Spectral,4.74,0.5411985018726494,0.022486092448963702
100,add_2,21,Spectral,4.75,0.8251633986928065,0.01597873564838345
100,add_2,21,Spectral,4.76,0.9533333333333252,0.008480679331393097
100,add_2,21,Spectral,4.77,0.9839743589743589,0.005280477378512316
100,add_2,21,Spectral,4.78,0.9984301412873041,0.0015698587127158502
100,add_2,21,Spectral,4.79,1.0,0.0
100,add_2,21,Spectral,4.81,1.0,0.0
100,add_2,21,Spectral,4.82,1.0,0.0
100,add_2,21,Spectral,4.83,1.0,0.0
100,add_2,21,Spectral,4.84,1.0,0.0
100,add_2,21,Spectral,4.85,1.0,0.0
100,add_2,21,Spectral,4.86,1.0,0.0
100,add_2,21,Spectral,4.87,1.0,0.0
100,add_2,21,Spectral,4.88,1.0,0.0
100,add_2,21,Spectral,4.9,1.0,0.0
100,add_2,21,Spectral,4.93,1.0,0.0
250,add_2,21,Birch,4.67,0.0,0.0
250,add_2,21,Birch,4.7,0.0,0.0
250,add_2,21,Birch,4.72,0.026785714285714284,0.017290104224140252
250,add_2,21,Birch,4.73,0.038297872340425504,0.018302819717111972
250,add_2,21,Birch,4.74,0.1144578313253012,0.024730847947477274
250,add_2,21,Birch,4.75,0.1976744186046535,0.03232769728039618
250,add_2,21,Birch,4.76,0.37969924812030076,0.05639097744360902
250,add_2,21,Birch,4.77,0.49280575539568344,0.04676258992805754
250,add_2,21,Birch,4.78,0.65625,0.04030086229553497
250,add_2,21,Birch,4.79,0.8080808080808081,0.03641970985317165
250,add_2,21,Birch,4.81,0.9294871794871801,0.027044901422729528
250,add_2,21,Birch,4.82,0.9722222222222222,0.01388888888888884
250,add_2,21,Birch,4.83,0.9796747967479494,0.008862428577393177
250,add_2,21,Birch,4.84,0.9961685823754598,0.00383141762452108
250,add_2,21,Birch,4.85,1.0,0.0
250,add_2,21,Birch,4.86,1.0,0.0
250,add_2,21,Birch,4.87,1.0,0.0
250,add_2,21,Birch,4.88,1.0,0.0
250,add_2,21,Birch,4.9,1.0,0.0
250,add_2,21,Birch,4.93,1.0,0.0
100,add_2,21,Birch,4.67,0.0,0.0
100,add_2,21,Birch,4.7,0.0,0.0
100,add_2,21,Birch,4.72,0.014403292181069682,0.00599892170251574
100,add_2,21,Birch,4.73,0.028911564625850344,0.008503401360544218
100,add_2,21,Birch,4.74,0.07154471544715447,0.01345767915223321
100,add_2,21,Birch,4.75,0.19937694704049844,0.02163932085584082
100,add_2,21,Birch,4.76,0.3333333333333333,0.03131887419993569
100,add_2,21,Birch,4.77,0.49415204678362573,0.021346490636765893
100,add_2,21,Birch,4.78,0.6064425770308105,0.0209324022095731
100,add_2,21,Birch,4.79,0.7067567567567568,0.021000365226919
100,add_2,21,Birch,4.81,0.8867684478371501,0.01908396946564883
100,add_2,21,Birch,4.82,0.9248633879781418,0.01575486693261033
100,add_2,21,Birch,4.83,0.9368421052631579,0.01771842971642467
100,add_2,21,Birch,4.84,0.9545454545454546,0.017482517482517446
100,add_2,21,Birch,4.85,0.9688311688311677,0.008997666532825282
100,add_2,21,Birch,4.86,0.983510011778563,0.007723720287752705
100,add_2,21,Birch,4.87,0.9855421686746988,0.005016062649315885
100,add_2,21,Birch,4.88,0.99308755760368,0.003062580958122399
100,add_2,21,Birch,4.9,1.0,0.0
100,add_2,21,Birch,4.93,1.0,0.0
250,add_5,21,KMeans,4.67,0.5094339622641509,0.03344925511048748
250,add_5,21,KMeans,4.7,0.441176470588239,0.042591392933935546
250,add_5,21,KMeans,4.72,0.48214285714285754,0.03877215345298634
250,add_5,21,KMeans,4.73,0.4829059829059829,0.04700854700854701
250,add_5,21,KMeans,4.74,0.5843373493976086,0.04183148848029863
250,add_5,21,KMeans,4.75,0.5198412698412699,0.039952186315836205
250,add_5,21,KMeans,4.76,0.4868913857677903,0.058142976390486975
250,add_5,21,KMeans,4.77,0.5157894736842106,0.03545625791062934
250,add_5,21,KMeans,4.78,0.4826388888888892,0.04283658475914203
250,add_5,21,KMeans,4.79,0.5254237288135594,0.03595458209423124
250,add_5,21,KMeans,4.81,0.48101265822785677,0.03329914694141255
250,add_5,21,KMeans,4.82,0.5102040816326531,0.04081632653061221
250,add_5,21,KMeans,4.83,0.5108225108225024,0.03675966147139346
250,add_5,21,KMeans,4.84,0.5718475073313795,0.03693152256054225
250,add_5,21,KMeans,4.85,0.49230769230769517,0.0340621109823114
250,add_5,21,KMeans,4.86,0.44837758112094406,0.04098066073584013
250,add_5,21,KMeans,4.87,0.4984984984984986,0.04832875957787111
250,add_5,21,KMeans,4.88,0.51,0.030963802449745958
250,add_5,21,KMeans,4.9,0.5082417582417582,0.03654982059244522
250,add_5,21,KMeans,4.93,0.4945652173913043,0.04347826086956519
100,add_5,21,KMeans,4.67,0.4253731343283582,0.026509924522470887
100,add_5,21,KMeans,4.7,0.4138613861386136,0.027899015452683883
100,add_5,21,KMeans,4.72,0.46975088967971523,0.032028469750889715
100,add_5,21,KMeans,4.73,0.4699828473413368,0.0240626798171529
100,add_5,21,KMeans,4.74,0.44390243902439,0.0222056915182889
100,add_5,21,KMeans,4.75,0.44576271186441,0.02233086751691238
100,add_5,21,KMeans,4.76,0.43049327354260103,0.02800447532914078
100,add_5,21,KMeans,4.77,0.4682539682539759,0.021908628964889956
100,add_5,21,KMeans,4.78,0.47361111111110915,0.01966849377218081
100,add_5,21,KMeans,4.79,0.5,0.028225806451612916
100,add_5,21,KMeans,4.81,0.5089743589743589,0.02613833962969753
100,add_5,21,KMeans,4.82,0.47950819672131145,0.033126654789568694
100,add_5,21,KMeans,4.83,0.4972222222222271,0.021111360312192164
100,add_5,21,KMeans,4.84,0.5614035087719298,0.029588562902160255
100,add_5,21,KMeans,4.85,0.5155038759689923,0.041925014830976604
100,add_5,21,KMeans,4.86,0.5129411764705882,0.028235294117647056
100,add_5,21,KMeans,4.87,0.4914004914004934,0.02268203509275389
100,add_5,21,KMeans,4.88,0.5267857142857143,0.022448617228058756
100,add_5,21,KMeans,4.9,0.59375,0.02705715637099266
100,add_5,21,KMeans,4.93,0.5555555555555529,0.027545323667858355
250,add_5,21,Agglomerative,4.67,0.007017543859649286,0.0049356878465294796
250,add_5,21,Agglomerative,4.7,0.025252525252525252,0.019819613000352107
250,add_5,21,Agglomerative,4.72,0.06696428571428571,0.022321428571428575
250,add_5,21,Agglomerative,4.73,0.05429864253393665,0.018380177386054214
250,add_5,21,Agglomerative,4.74,0.09047619047619047,0.023809523809523815
250,add_5,21,Agglomerative,4.75,0.10196078431372546,0.03209942263479393
250,add_5,21,Agglomerative,4.76,0.09737827715355805,0.04170610009610503
250,add_5,21,Agglomerative,4.77,0.13297872340425532,0.02290842471314117
250,add_5,21,Agglomerative,4.78,0.1553030303030303,0.024946855818786914
250,add_5,21,Agglomerative,4.79,0.21959459459459463,0.03716216216216216
250,add_5,21,Agglomerative,4.81,0.17299578059071946,0.024658773012947163
250,add_5,21,Agglomerative,4.82,0.2070707070707098,0.02872442891398904
250,add_5,21,Agglomerative,4.83,0.25108225108224685,0.029653222302403907
250,add_5,21,Agglomerative,4.84,0.2982456140350877,0.054780684196477185
250,add_5,21,Agglomerative,4.85,0.24786324786324573,0.02881195993432655
250,add_5,21,Agglomerative,4.86,0.23893805309734514,0.04541240211899897
250,add_5,21,Agglomerative,4.87,0.24624624624624625,0.039384015160972986
250,add_5,21,Agglomerative,4.88,0.29829545454545453,0.03168964645501619
250,add_5,21,Agglomerative,4.9,0.3324175824175824,0.030878599450709455
250,add_5,21,Agglomerative,4.93,0.3111111111111111,0.04010445894019946
100,add_5,21,Agglomerative,4.67,0.3237791932059448,0.02146894736322365
100,add_5,21,Agglomerative,4.7,0.24158415841584158,0.027934130652803733
100,add_5,21,Agglomerative,4.72,0.28825622775800713,0.03202846975088969
100,add_5,21,Agglomerative,4.73,0.2891156462585034,0.023646999563054664
100,add_5,21,Agglomerative,4.74,0.29383116883116883,0.03129652324874733
100,add_5,21,Agglomerative,4.75,0.3302180685358255,0.028037383177570097
100,add_5,21,Agglomerative,4.76,0.34627329192546336,0.020705227702836337
100,add_5,21,Agglomerative,4.77,0.34054834054834054,0.028968051803585474
100,add_5,21,Agglomerative,4.78,0.35142857142857276,0.021790592740281084
100,add_5,21,Agglomerative,4.79,0.3293010752688172,0.02757833942027312
100,add_5,21,Agglomerative,4.81,0.31297709923664135,0.02453855155468946
100,add_5,21,Agglomerative,4.82,0.3255494505494502,0.03333698104261431
100,add_5,21,Agglomerative,4.83,0.34600262123197906,0.020486455373863437
100,add_5,21,Agglomerative,4.84,0.337995337995338,0.030902269425554452
100,add_5,21,Agglomerative,4.85,0.2984496124031005,0.021347172663899624
100,add_5,21,Agglomerative,4.86,0.3141176470588236,0.03882352941176473
100,add_5,21,Agglomerative,4.87,0.3169811320754659,0.02015147127324061
100,add_5,21,Agglomerative,4.88,0.3158482142857143,0.0234375
100,add_5,21,Agglomerative,4.9,0.31222222222222223,0.02221031426983252
100,add_5,21,Agglomerative,4.93,0.30777656078860954,0.031600594877306994
250,add_5,21,Spectral,4.67,0.2215909090909091,0.03160208878322035
250,add_5,21,Spectral,4.7,0.19852941176470587,0.034964716133132186
250,add_5,21,Spectral,4.72,0.39766081871345027,0.0367870323413601
250,add_5,21,Spectral,4.73,0.34615384615384615,0.038461538461538464
250,add_5,21,Spectral,4.74,0.32510288065843623,0.03794051216992957
250,add_5,21,Spectral,4.75,0.35795454545454547,0.034237537333567436
250,add_5,21,Spectral,4.76,0.3595505617977528,0.048976392624052505
250,add_5,21,Spectral,4.77,0.3936170212766061,0.03616886697268901
250,add_5,21,Spectral,4.78,0.4072164948453608,0.036143786886533594
250,add_5,21,Spectral,4.79,0.475,0.035798961668820024
250,add_5,21,Spectral,4.81,0.4774193548387097,0.046323998340941946
250,add_5,21,Spectral,4.82,0.41441441441441035,0.035601477072216996
250,add_5,21,Spectral,4.83,0.4718614718614761,0.03450363529741963
250,add_5,21,Spectral,4.84,0.54375,0.034471090037698195
250,add_5,21,Spectral,4.85,0.47008547008547863,0.030677828251969675
250,add_5,21,Spectral,4.86,0.4896755162241888,0.05877539482351405
250,add_5,21,Spectral,4.87,0.444444444444449,0.03308057417121225
250,add_5,21,Spectral,4.88,0.504225352112676,0.03374408042453781
250,add_5,21,Spectral,4.9,0.5576923076923077,0.046703296703296704
250,add_5,21,Spectral,4.93,0.5277777777777768,0.042228719448116174
100,add_5,21,Spectral,4.67,0.0,0.0
100,add_5,21,Spectral,4.7,0.0023529411764706245,0.0023529411764705876
100,add_5,21,Spectral,4.72,0.025089605734767026,0.008173300538345075
100,add_5,21,Spectral,4.73,0.03577817531305845,0.008623597059268262
100,add_5,21,Spectral,4.74,0.041666666666666664,0.009933992677987826
100,add_5,21,Spectral,4.75,0.07165109034267912,0.013844539590834247
100,add_5,21,Spectral,4.76,0.09692307692307725,0.014239429104528016
100,add_5,21,Spectral,4.77,0.14102564102564316,0.015362573009433934
100,add_5,21,Spectral,4.78,0.1470588235294125,0.020835313669392903
100,add_5,21,Spectral,4.79,0.22043010752688166,0.026982338575113892
100,add_5,21,Spectral,4.81,0.32266325224071646,0.024280566076586033
100,add_5,21,Spectral,4.82,0.3242506811989101,0.02997275204359673
100,add_5,21,Spectral,4.83,0.3815789473684211,0.022449971740473175
100,add_5,21,Spectral,4.84,0.4678362573099415,0.025152997856849768
100,add_5,21,Spectral,4.85,0.4909560723514212,0.03359173126614989
100,add_5,21,Spectral,4.86,0.52,0.04235294117647059
100,add_5,21,Spectral,4.87,0.5494505494505495,0.022490961806606334
100,add_5,21,Spectral,4.88,0.5982142857142857,0.0267857142857143
100,add_5,21,Spectral,4.9,0.6751662971175166,0.022801511974726255
100,add_5,21,Spectral,4.93,0.6952169076751853,0.022101463004240204
250,add_5,21,Birch,4.67,0.007017543859649286,0.0049356878465294796
250,add_5,21,Birch,4.7,0.025252525252525252,0.019819613000352107
250,add_5,21,Birch,4.72,0.06696428571428571,0.022321428571428575
250,add_5,21,Birch,4.73,0.05429864253393665,0.018380177386054214
250,add_5,21,Birch,4.74,0.09047619047619047,0.023809523809523815
250,add_5,21,Birch,4.75,0.10196078431372546,0.03209942263479393
250,add_5,21,Birch,4.76,0.09737827715355805,0.04170610009610503
250,add_5,21,Birch,4.77,0.13297872340425532,0.02290842471314117
250,add_5,21,Birch,4.78,0.1553030303030303,0.024946855818786914
250,add_5,21,Birch,4.79,0.21959459459459463,0.03716216216216216
250,add_5,21,Birch,4.81,0.17299578059071946,0.024658773012947163
250,add_5,21,Birch,4.82,0.2070707070707098,0.02872442891398904
250,add_5,21,Birch,4.83,0.25108225108224685,0.029653222302403907
250,add_5,21,Birch,4.84,0.2982456140350877,0.054780684196477185
250,add_5,21,Birch,4.85,0.24786324786324573,0.02881195993432655
250,add_5,21,Birch,4.86,0.23893805309734514,0.04541240211899897
250,add_5,21,Birch,4.87,0.24624624624624625,0.039384015160972986
250,add_5,21,Birch,4.88,0.29829545454545453,0.03168964645501619
250,add_5,21,Birch,4.9,0.3324175824175824,0.030878599450709455
250,add_5,21,Birch,4.93,0.3111111111111111,0.04010445894019946
100,add_5,21,Birch,4.67,0.3237791932059448,0.02146894736322365
100,add_5,21,Birch,4.7,0.24158415841584158,0.027934130652803733
100,add_5,21,Birch,4.72,0.28825622775800713,0.03202846975088969
100,add_5,21,Birch,4.73,0.2891156462585034,0.023646999563054664
100,add_5,21,Birch,4.74,0.29383116883116883,0.03129652324874733
100,add_5,21,Birch,4.75,0.3302180685358255,0.028037383177570097
100,add_5,21,Birch,4.76,0.34627329192546336,0.020705227702836337
100,add_5,21,Birch,4.77,0.34054834054834054,0.028968051803585474
100,add_5,21,Birch,4.78,0.35142857142857276,0.021790592740281084
100,add_5,21,Birch,4.79,0.3293010752688172,0.02757833942027312
100,add_5,21,Birch,4.81,0.31297709923664135,0.02453855155468946
100,add_5,21,Birch,4.82,0.3255494505494502,0.03333698104261431
100,add_5,21,Birch,4.83,0.34600262123197906,0.020486455373863437
100,add_5,21,Birch,4.84,0.337995337995338,0.030902269425554452
100,add_5,21,Birch,4.85,0.2984496124031005,0.021347172663899624
100,add_5,21,Birch,4.86,0.3141176470588236,0.03882352941176473
100,add_5,21,Birch,4.87,0.3169811320754659,0.02015147127324061
100,add_5,21,Birch,4.88,0.3158482142857143,0.0234375
100,add_5,21,Birch,4.9,0.31222222222222223,0.02221031426983252
100,add_5,21,Birch,4.93,0.30777656078860954,0.031600594877306994
250,add_12,21,KMeans,4.67,0.5684523809523809,0.02988143823843465
250,add_12,21,KMeans,4.7,0.5,0.06435643564356433
250,add_12,21,KMeans,4.72,0.6513157894736759,0.03629766901087845
250,add_12,21,KMeans,4.73,0.5421686746987769,0.035552004097936574
250,add_12,21,KMeans,4.74,0.4819277108433644,0.035800102042303716
250,add_12,21,KMeans,4.75,0.49999999999999056,0.03698633607276533
250,add_12,21,KMeans,4.76,0.535580524344569,0.049119389695146044
250,add_12,21,KMeans,4.77,0.5257352941176471,0.036371983340826065
250,add_12,21,KMeans,4.78,0.5649122807017539,0.04275809686650504
250,add_12,21,KMeans,4.79,0.5892255892255892,0.038830177086433715
250,add_12,21,KMeans,4.81,0.5668789808917197,0.04458598726114649
250,add_12,21,KMeans,4.82,0.4595959595959542,0.034931366340289226
250,add_12,21,KMeans,4.83,0.5508196721311476,0.04566684681043977
250,add_12,21,KMeans,4.84,0.5744047619047596,0.035726684355768215
250,add_12,21,KMeans,4.85,0.49019607843137347,0.03494638386976499
250,add_12,21,KMeans,4.86,0.55,0.04411764705882354
250,add_12,21,KMeans,4.87,0.48795180722891585,0.0342544620667309
250,add_12,21,KMeans,4.88,0.547486033519553,0.044692737430167606
250,add_12,21,KMeans,4.9,0.6027777777777767,0.036816472874205614
250,add_12,21,KMeans,4.93,0.55,0.03581311038113649
100,add_12,21,KMeans,4.67,0.37898089171974536,0.021204866619361155
100,add_12,21,KMeans,4.7,0.4495049504950493,0.026677611060014834
100,add_12,21,KMeans,4.72,0.4021352313167259,0.042704626334519574
100,add_12,21,KMeans,4.73,0.43649373881931786,0.02556265349145379
100,add_12,21,KMeans,4.74,0.4491803278688525,0.0275617928151224
100,add_12,21,KMeans,4.75,0.4457627118644068,0.022067591018029468
100,add_12,21,KMeans,4.76,0.4678624813153962,0.03534107748142568
100,add_12,21,KMeans,4.77,0.4507246376811597,0.025541807942098812
100,add_12,21,KMeans,4.78,0.43333333333333357,0.025287696466712688
100,add_12,21,KMeans,4.79,0.41935483870967744,0.03782593354696315
100,add_12,21,KMeans,4.81,0.4513888888888889,0.021394375655421002
100,add_12,21,KMeans,4.82,0.4808743169398908,0.03150973386522072
100,add_12,21,KMeans,4.83,0.45657894736842203,0.025423467975770962
100,add_12,21,KMeans,4.84,0.394152046783626,0.02658086123359887
100,add_12,21,KMeans,4.85,0.4638242894056849,0.04375631581880131
100,add_12,21,KMeans,4.86,0.4623529411764706,0.02941176470588236
100,add_12,21,KMeans,4.87,0.457002457002457,0.023401233438440524
100,add_12,21,KMeans,4.88,0.4478808705612776,0.01922940660274861
100,add_12,21,KMeans,4.9,0.38571428571428507,0.023991974935989473
100,add_12,21,KMeans,4.93,0.42046718576195463,0.027285723225019886
250,add_12,21,Agglomerative,4.67,0.07712765957446813,0.01757466985957359
250,add_12,21,Agglomerative,4.7,0.13043478260869565,0.02855606858387763
250,add_12,21,Agglomerative,4.72,0.26339285714285715,0.03848963439398082
250,add_12,21,Agglomerative,4.73,0.21794871794871795,0.03846153846153845
250,add_12,21,Agglomerative,4.74,0.2716049382716049,0.03147542909625174
250,add_12,21,Agglomerative,4.75,0.278606965174133,0.03369844881897865
250,add_12,21,Agglomerative,4.76,0.2958801498127341,0.03572805997816278
250,add_12,21,Agglomerative,4.77,0.3381294964028777,0.03597122302158273
250,add_12,21,Agglomerative,4.78,0.34536082474227336,0.03690160067854717
250,add_12,21,Agglomerative,4.79,0.4125874125874126,0.036920825318081996
250,add_12,21,Agglomerative,4.81,0.42948717948717935,0.042399860754240244
250,add_12,21,Agglomerative,4.82,0.3945578231292506,0.035413374380463616
250,add_12,21,Agglomerative,4.83,0.4251700680272087,0.03750998827526208
250,add_12,21,Agglomerative,4.84,0.4855072463768116,0.03534179487698941
250,add_12,21,Agglomerative,4.85,0.4174757281553398,0.036756688322331886
250,add_12,21,Agglomerative,4.86,0.4647058823529412,0.07058823529411765
250,add_12,21,Agglomerative,4.87,0.3888888888888935,0.031853423252038424
250,add_12,21,Agglomerative,4.88,0.4722222222222222,0.03149087742199022
250,add_12,21,Agglomerative,4.9,0.510989010989011,0.03846153846153849
250,add_12,21,Agglomerative,4.93,0.48333333333333284,0.04287347001033418
100,add_12,21,Agglomerative,4.67,0.04525862068965517,0.010321337345655138
100,add_12,21,Agglomerative,4.7,0.0873015873015873,0.018211864832029585
100,add_12,21,Agglomerative,4.72,0.11387900355871886,0.01779359430604982
100,add_12,21,Agglomerative,4.73,0.15136054421768708,0.01971126831146679
100,add_12,21,Agglomerative,4.74,0.18019480519480502,0.01846182046453676
100,add_12,21,Agglomerative,4.75,0.1792452830188679,0.017763563616816472
100,add_12,21,Agglomerative,4.76,0.19730941704035873,0.029857973625468135
100,add_12,21,Agglomerative,4.77,0.21870503597122312,0.020676414191654557
100,add_12,21,Agglomerative,4.78,0.22142857142857067,0.020520439453728816
100,add_12,21,Agglomerative,4.79,0.2271505376344084,0.028697327006337883
100,add_12,21,Agglomerative,4.81,0.2808219178082192,0.019277033267407873
100,add_12,21,Agglomerative,4.82,0.3215258855585831,0.04087193460490465
100,add_12,21,Agglomerative,4.83,0.28289473684210525,0.02539507771791946
100,add_12,21,Agglomerative,4.84,0.24444444444444455,0.027014758976493792
100,add_12,21,Agglomerative,4.85,0.29198966408268734,0.02371777745566644
100,add_12,21,Agglomerative,4.86,0.29112426035503025,0.0207185105325581
100,add_12,21,Agglomerative,4.87,0.302158273381295,0.021582733812949645
100,add_12,21,Agglomerative,4.88,0.29575892857142816,0.022665555229451798
100,add_12,21,Agglomerative,4.9,0.25821596244131456,0.01754516779545829
100,add_12,21,Agglomerative,4.93,0.3154121863799283,0.023800525429250024
250,add_12,21,Spectral,4.67,0.28260869565217306,0.029965323374109197
250,add_12,21,Spectral,4.7,0.3602941176470588,0.04425461617774242
250,add_12,21,Spectral,4.72,0.23671497584541185,0.03845472420899034
250,add_12,21,Spectral,4.73,0.37037037037037035,0.0380644533168416
250,add_12,21,Spectral,4.74,0.3943089430894309,0.040528271806876466
250,add_12,21,Spectral,4.75,0.35784313725490197,0.03443892040467526
250,add_12,21,Spectral,4.76,0.37121212121212066,0.03703608048963732
250,add_12,21,Spectral,4.77,0.3882783882783894,0.03292630777178643
250,add_12,21,Spectral,4.78,0.37755102040816324,0.03702401436771667
250,add_12,21,Spectral,4.79,0.3569023569023569,0.04096136384039203
250,add_12,21,Spectral,4.81,0.39490445859872614,0.044585987261146515
250,add_12,21,Spectral,4.82,0.49099099099100313,0.035260222183916105
250,add_12,21,Spectral,4.83,0.39344262295081966,0.037740539125315865
250,add_12,21,Spectral,4.84,0.3718749999999983,0.036265812735785975
250,add_12,21,Spectral,4.85,0.4322580645161288,0.03511538880173745
250,add_12,21,Spectral,4.86,0.39922480620154566,0.028553710927256063
250,add_12,21,Spectral,4.87,0.440119760479042,0.044910179640718556
250,add_12,21,Spectral,4.88,0.4101123595505618,0.03478310041387025
250,add_12,21,Spectral,4.9,0.3324175824175824,0.03602988200165933
250,add_12,21,Spectral,4.93,0.4,0.037313780888166455
100,add_12,21,Spectral,4.67,0.19255319148936162,0.019759761298943305
100,add_12,21,Spectral,4.7,0.26774847870182555,0.02452720066593674
100,add_12,21,Spectral,4.72,0.23829787234042554,0.02057881173722027
100,add_12,21,Spectral,4.73,0.3128205128205128,0.027377123723157246
100,add_12,21,Spectral,4.74,0.30194805194805197,0.027261129259328977
100,add_12,21,Spectral,4.75,0.3124018838304549,0.024672266319468943
100,add_12,21,Spectral,4.76,0.3303437967115097,0.030887859969763582
100,add_12,21,Spectral,4.77,0.33583208395801945,0.020229961952812986
100,add_12,21,Spectral,4.78,0.3194444444444444,0.02071726929191153
100,add_12,21,Spectral,4.79,0.31586021505376344,0.03316925451412115
100,add_12,21,Spectral,4.81,0.35555555555555557,0.020828768409630282
100,add_12,21,Spectral,4.82,0.38049450549450514,0.025253813613805264
100,add_12,21,Spectral,4.83,0.3550531914893617,0.026182516712096395
100,add_12,21,Spectral,4.84,0.31585081585081587,0.03379953379953379
100,add_12,21,Spectral,4.85,0.3785529715762274,0.034691787033843804
100,add_12,21,Spectral,4.86,0.3692307692307706,0.022779143851976515
100,add_12,21,Spectral,4.87,0.34772182254196643,0.026378896882494007
100,add_12,21,Spectral,4.88,0.34598214285714285,0.021854165421786267
100,add_12,21,Spectral,4.9,0.3142857142857156,0.021275398832918214
100,add_12,21,Spectral,4.93,0.3655913978494624,0.025907403304204487
250,add_12,21,Birch,4.67,0.07712765957446813,0.01757466985957359
250,add_12,21,Birch,4.7,0.13043478260869565,0.02855606858387763
250,add_12,21,Birch,4.72,0.26339285714285715,0.03848963439398082
250,add_12,21,Birch,4.73,0.21794871794871795,0.03846153846153845
250,add_12,21,Birch,4.74,0.2716049382716049,0.03147542909625174
250,add_12,21,Birch,4.75,0.278606965174133,0.03369844881897865
250,add_12,21,Birch,4.76,0.2958801498127341,0.03572805997816278
250,add_12,21,Birch,4.77,0.3381294964028777,0.03597122302158273
250,add_12,21,Birch,4.78,0.34536082474227336,0.03690160067854717
250,add_12,21,Birch,4.79,0.4125874125874126,0.036920825318081996
250,add_12,21,Birch,4.81,0.42948717948717935,0.042399860754240244
250,add_12,21,Birch,4.82,0.3945578231292506,0.035413374380463616
250,add_12,21,Birch,4.83,0.4251700680272087,0.03750998827526208
250,add_12,21,Birch,4.84,0.4855072463768116,0.03534179487698941
250,add_12,21,Birch,4.85,0.4174757281553398,0.036756688322331886
250,add_12,21,Birch,4.86,0.4647058823529412,0.07058823529411765
250,add_12,21,Birch,4.87,0.3888888888888935,0.031853423252038424
250,add_12,21,Birch,4.88,0.4722222222222222,0.03149087742199022
250,add_12,21,Birch,4.9,0.510989010989011,0.03846153846153849
250,add_12,21,Birch,4.93,0.48333333333333284,0.04287347001033418
100,add_12,21,Birch,4.67,0.04525862068965517,0.010321337345655138
100,add_12,21,Birch,4.7,0.0873015873015873,0.018211864832029585
100,add_12,21,Birch,4.72,0.11387900355871886,0.01779359430604982
100,add_12,21,Birch,4.73,0.15136054421768708,0.01971126831146679
100,add_12,21,Birch,4.74,0.18019480519480502,0.01846182046453676
100,add_12,21,Birch,4.75,0.1792452830188679,0.017763563616816472
100,add_12,21,Birch,4.76,0.19730941704035873,0.029857973625468135
100,add_12,21,Birch,4.77,0.21870503597122312,0.020676414191654557
100,add_12,21,Birch,4.78,0.22142857142857067,0.020520439453728816
100,add_12,21,Birch,4.79,0.2271505376344084,0.028697327006337883
100,add_12,21,Birch,4.81,0.2808219178082192,0.019277033267407873
100,add_12,21,Birch,4.82,0.3215258855585831,0.04087193460490465
100,add_12,21,Birch,4.83,0.28289473684210525,0.02539507771791946
100,add_12,21,Birch,4.84,0.24444444444444455,0.027014758976493792
100,add_12,21,Birch,4.85,0.29198966408268734,0.02371777745566644
100,add_12,21,Birch,4.86,0.29112426035503025,0.0207185105325581
100,add_12,21,Birch,4.87,0.302158273381295,0.021582733812949645
100,add_12,21,Birch,4.88,0.29575892857142816,0.022665555229451798
100,add_12,21,Birch,4.9,0.25821596244131456,0.01754516779545829
100,add_12,21,Birch,4.93,0.3154121863799283,0.023800525429250024
250,add_24,21,KMeans,4.67,0.5212765957446809,0.04787234042553193
250,add_24,21,KMeans,4.7,0.44554455445544555,0.07920792079207922
250,add_24,21,KMeans,4.72,0.6198830409356663,0.03678703234135993
250,add_24,21,KMeans,4.73,0.49375,0.0361231959384843
250,add_24,21,KMeans,4.74,0.4819277108433644,0.03875617468794001
250,add_24,21,KMeans,4.75,0.48837209302325113,0.03663735398220061
250,add_24,21,KMeans,4.76,0.5056179775280899,0.05655306693086706
250,add_24,21,KMeans,4.77,0.5276595744680953,0.03569089826366783
250,add_24,21,KMeans,4.78,0.5403508771929825,0.0441743098667164
250,add_24,21,KMeans,4.79,0.5757575757575758,0.03641970985317165
250,add_24,21,KMeans,4.81,0.5641025641025643,0.04655717643055759
250,add_24,21,KMeans,4.82,0.45959595959594873,0.03566140939756828
250,add_24,21,KMeans,4.83,0.5377049180327869,0.03893226913782924
250,add_24,21,KMeans,4.84,0.575862068965511,0.034461578492306646
250,add_24,21,KMeans,4.85,0.4965986394557823,0.0332394902817892
250,add_24,21,KMeans,4.86,0.5348837209302325,0.028797171505436658
250,add_24,21,KMeans,4.87,0.503968253968254,0.034569748277727644
250,add_24,21,KMeans,4.88,0.5515151515151547,0.029860933917645566
250,add_24,21,KMeans,4.9,0.5740740740740682,0.03287203123725973
250,add_24,21,KMeans,4.93,0.5523809523809524,0.036124120589465326
100,add_24,21,KMeans,4.67,0.4946921443736729,0.029323200248265707
100,add_24,21,KMeans,4.7,0.5317460317460317,0.023138697995417835
100,add_24,21,KMeans,4.72,0.4892857142857145,0.03333599054034732
100,add_24,21,KMeans,4.73,0.4626262626262626,0.02023291803328263
100,add_24,21,KMeans,4.74,0.4829268292682919,0.028681694254016243
100,add_24,21,KMeans,4.75,0.5066889632107023,0.02603664549863417
100,add_24,21,KMeans,4.76,0.5411061285500748,0.036736041038698056
100,add_24,21,KMeans,4.77,0.5101156069364166,0.02864772774797544
100,add_24,21,KMeans,4.78,0.5092198581560283,0.019281527228940474
100,add_24,21,KMeans,4.79,0.5067204301075269,0.03925559641535013
100,add_24,21,KMeans,4.81,0.49466666666666936,0.022544689808217645
100,add_24,21,KMeans,4.82,0.546831955922865,0.023245204528627012
100,add_24,21,KMeans,4.83,0.5322128851540561,0.023440876515982017
100,add_24,21,KMeans,4.84,0.4755244755244754,0.0297374145038999
100,add_24,21,KMeans,4.85,0.5012919896640827,0.041585211729796054
100,add_24,21,KMeans,4.86,0.5176470588235299,0.02169304578186563
100,add_24,21,KMeans,4.87,0.5263157894736842,0.019944521391048846
100,add_24,21,KMeans,4.88,0.4776785714285716,0.0338521225180873
100,add_24,21,KMeans,4.9,0.4911504424778761,0.03247231236167211
100,add_24,21,KMeans,4.93,0.5439560439560439,0.032319650922753254
250,add_24,21,Agglomerative,4.67,0.07142857142857124,0.018849622249347227
250,add_24,21,Agglomerative,4.7,0.13432835820895522,0.043085840984300426
250,add_24,21,Agglomerative,4.72,0.1717171717171717,0.030329323609758405
250,add_24,21,Agglomerative,4.73,0.2683982683982684,0.035907257754680046
250,add_24,21,Agglomerative,4.74,0.2601626016260163,0.040650406504065054
250,add_24,21,Agglomerative,4.75,0.281746031746032,0.03709839965879445
250,add_24,21,Agglomerative,4.76,0.29444444444444445,0.03342164747028859
250,add_24,21,Agglomerative,4.77,0.3440860215053765,0.055178510101579384
250,add_24,21,Agglomerative,4.78,0.34183673469387216,0.03447552605052848
250,add_24,21,Agglomerative,4.79,0.4175084175084174,0.05095200656707595
250,add_24,21,Agglomerative,4.81,0.4188311688311694,0.03733060351118133
250,add_24,21,Agglomerative,4.82,0.5068027210884354,0.09863945578231292
250,add_24,21,Agglomerative,4.83,0.5181518151815182,0.042135793184170676
250,add_24,21,Agglomerative,4.84,0.5395894428152492,0.03868300867528712
250,add_24,21,Agglomerative,4.85,0.5129032258064516,0.04838709677419353
250,add_24,21,Agglomerative,4.86,0.5147058823529411,0.061764705882352916
250,add_24,21,Agglomerative,4.87,0.565625,0.036968547709327726
250,add_24,21,Agglomerative,4.88,0.5681159420289871,0.032994042421302466
250,add_24,21,Agglomerative,4.9,0.5357142857142857,0.05003219186684152
250,add_24,21,Agglomerative,4.93,0.6086956521739131,0.054347826086956486
100,add_24,21,Agglomerative,4.67,0.04094827586206935,0.006953801403396081
100,add_24,21,Agglomerative,4.7,0.07910750507099414,0.015297264836712331
100,add_24,21,Agglomerative,4.72,0.1672597864768683,0.02491103202846974
100,add_24,21,Agglomerative,4.73,0.16156462585034015,0.025510204081632654
100,add_24,21,Agglomerative,4.74,0.20037453183521087,0.017901912961810054
100,add_24,21,Agglomerative,4.75,0.2265625,0.020222154852413726
100,add_24,21,Agglomerative,4.76,0.2443778110944546,0.021885507767936782
100,add_24,21,Agglomerative,4.77,0.29275362318840503,0.02445431705421954
100,add_24,21,Agglomerative,4.78,0.3402777777777778,0.02361111111111111
100,add_24,21,Agglomerative,4.79,0.3911290322580645,0.03746602114184503
100,add_24,21,Agglomerative,4.81,0.4402777777777817,0.024278293452192967
100,add_24,21,Agglomerative,4.82,0.4494535519125682,0.039048103628296325
100,add_24,21,Agglomerative,4.83,0.4616402116402112,0.025852936885836043
100,add_24,21,Agglomerative,4.84,0.5315420560747663,0.02657733204613643
100,add_24,21,Agglomerative,4.85,0.5012919896640827,0.0503544580617702
100,add_24,21,Agglomerative,4.86,0.5211267605633958,0.021185710197522332
100,add_24,21,Agglomerative,4.87,0.49640287769784175,0.033573141486810565
100,add_24,21,Agglomerative,4.88,0.5408163265306123,0.023930692652160416
100,add_24,21,Agglomerative,4.9,0.5907079646017699,0.026323847879133822
100,add_24,21,Agglomerative,4.93,0.5619565217391305,0.031671309313768374
250,add_24,21,Spectral,4.67,0.4095744680851064,0.04255319148936171
250,add_24,21,Spectral,4.7,0.3384615384615385,0.04558048419136202
250,add_24,21,Spectral,4.72,0.41363636363636314,0.04146646116183034
250,add_24,21,Spectral,4.73,0.3705357142857143,0.039563360793396306
250,add_24,21,Spectral,4.74,0.4279835390946502,0.04369703823373519
250,add_24,21,Spectral,4.75,0.3849206349206352,0.041429787733772046
250,add_24,21,Spectral,4.76,0.36466165413533835,0.046094170821427374
250,add_24,21,Spectral,4.77,0.4053030303030303,0.0366993587857018
250,add_24,21,Spectral,4.78,0.3917525773195876,0.03531492166506359
250,add_24,21,Spectral,4.79,0.4500000000000055,0.035176323534072435
250,add_24,21,Spectral,4.81,0.4,0.03243154849093125
250,add_24,21,Spectral,4.82,0.358585858585864,0.03292921704832334
250,add_24,21,Spectral,4.83,0.4309764309764305,0.03417135207101754
250,add_24,21,Spectral,4.84,0.46041055718475127,0.039409823876439494
250,add_24,21,Spectral,4.85,0.3632478632478675,0.03229364098406138
250,add_24,21,Spectral,4.86,0.38529411764705884,0.058897012925002344
250,add_24,21,Spectral,4.87,0.376984126984127,0.036052666963832476
250,add_24,21,Spectral,4.88,0.4444444444444444,0.03372635549640728
250,add_24,21,Spectral,4.9,0.4505494505494502,0.03819899929416521
250,add_24,21,Spectral,4.93,0.39444444444444393,0.04095063775462216
100,add_24,21,Spectral,4.67,0.3726114649681528,0.020169851380042486
100,add_24,21,Spectral,4.7,0.43055555555555586,0.02329131839814158
100,add_24,21,Spectral,4.72,0.3964285714285712,0.025660906898571274
100,add_24,21,Spectral,4.73,0.4341880341880342,0.023045245748226945
100,add_24,21,Spectral,4.74,0.44552845528455287,0.027187625375366446
100,add_24,21,Spectral,4.75,0.4627118644067764,0.024403857218372127
100,add_24,21,Spectral,4.76,0.47832585949177875,0.044568165966743144
100,add_24,21,Spectral,4.77,0.4819624819624821,0.023222910446509475
100,add_24,21,Spectral,4.78,0.4803921568627474,0.022225671445284582
100,add_24,21,Spectral,4.79,0.45698924731182794,0.05500909120882025
100,add_24,21,Spectral,4.81,0.47307692307692306,0.02420667639551182
100,add_24,21,Spectral,4.82,0.5164835164835165,0.02288390883580994
100,add_24,21,Spectral,4.83,0.49732620320855525,0.024487512144403967
100,add_24,21,Spectral,4.84,0.445238095238093,0.02822207045507072
100,add_24,21,Spectral,4.85,0.4728682170542637,0.04108039559582597
100,add_24,21,Spectral,4.86,0.47995283018867924,0.022322752931604843
100,add_24,21,Spectral,4.87,0.47482014388489213,0.03357314148681054
100,add_24,21,Spectral,4.88,0.4508928571428573,0.028293382949154084
100,add_24,21,Spectral,4.9,0.459070796460177,0.03090282266953021
100,add_24,21,Spectral,4.93,0.4891304347826087,0.030460651531860467
250,add_24,21,Birch,4.67,0.07142857142857124,0.018849622249347227
250,add_24,21,Birch,4.7,0.13432835820895522,0.043085840984300426
250,add_24,21,Birch,4.72,0.1717171717171717,0.030329323609758405
250,add_24,21,Birch,4.73,0.2683982683982684,0.035907257754680046
250,add_24,21,Birch,4.74,0.2601626016260163,0.040650406504065054
250,add_24,21,Birch,4.75,0.281746031746032,0.03709839965879445
250,add_24,21,Birch,4.76,0.29444444444444445,0.03342164747028859
250,add_24,21,Birch,4.77,0.3440860215053765,0.055178510101579384
250,add_24,21,Birch,4.78,0.34183673469387216,0.03447552605052848
250,add_24,21,Birch,4.79,0.4175084175084174,0.05095200656707595
250,add_24,21,Birch,4.81,0.4188311688311694,0.03733060351118133
250,add_24,21,Birch,4.82,0.5068027210884354,0.09863945578231292
250,add_24,21,Birch,4.83,0.5181518151815182,0.042135793184170676
250,add_24,21,Birch,4.84,0.5395894428152492,0.03868300867528712
250,add_24,21,Birch,4.85,0.5129032258064516,0.04838709677419353
250,add_24,21,Birch,4.86,0.5147058823529411,0.061764705882352916
250,add_24,21,Birch,4.87,0.565625,0.036968547709327726
250,add_24,21,Birch,4.88,0.5681159420289871,0.032994042421302466
250,add_24,21,Birch,4.9,0.5357142857142857,0.05003219186684152
250,add_24,21,Birch,4.93,0.6086956521739131,0.054347826086956486
100,add_24,21,Birch,4.67,0.04094827586206935,0.006953801403396081
100,add_24,21,Birch,4.7,0.07910750507099414,0.015297264836712331
100,add_24,21,Birch,4.72,0.1672597864768683,0.02491103202846974
100,add_24,21,Birch,4.73,0.16156462585034015,0.025510204081632654
100,add_24,21,Birch,4.74,0.20037453183521087,0.017901912961810054
100,add_24,21,Birch,4.75,0.2265625,0.020222154852413726
100,add_24,21,Birch,4.76,0.2443778110944546,0.021885507767936782
100,add_24,21,Birch,4.77,0.29275362318840503,0.02445431705421954
100,add_24,21,Birch,4.78,0.3402777777777778,0.02361111111111111
100,add_24,21,Birch,4.79,0.3911290322580645,0.03746602114184503
100,add_24,21,Birch,4.81,0.4402777777777817,0.024278293452192967
100,add_24,21,Birch,4.82,0.4494535519125682,0.039048103628296325
100,add_24,21,Birch,4.83,0.4616402116402112,0.025852936885836043
100,add_24,21,Birch,4.84,0.5315420560747663,0.02657733204613643
100,add_24,21,Birch,4.85,0.5012919896640827,0.0503544580617702
100,add_24,21,Birch,4.86,0.5211267605633958,0.021185710197522332
100,add_24,21,Birch,4.87,0.49640287769784175,0.033573141486810565
100,add_24,21,Birch,4.88,0.5408163265306123,0.023930692652160416
100,add_24,21,Birch,4.9,0.5907079646017699,0.026323847879133822
100,add_24,21,Birch,4.93,0.5619565217391305,0.031671309313768374
250,add_2_5,22,KMeans,4.67,0.0,0.0
250,add_2_5,22,KMeans,4.7,0.0,0.0
250,add_2_5,22,KMeans,4.72,0.0,0.0
250,add_2_5,22,KMeans,4.73,0.0,0.0
250,add_2_5,22,KMeans,4.74,0.0,0.0
250,add_2_5,22,KMeans,4.75,0.011627906976744333,0.008173663062265201
250,add_2_5,22,KMeans,4.76,0.05243445692883897,0.016325464208017504
250,add_2_5,22,KMeans,4.77,0.19713261648745525,0.03530056559783549
250,add_2_5,22,KMeans,4.78,0.5069444444444444,0.055880128261913485
250,add_2_5,22,KMeans,4.79,0.7060810810810803,0.035178730007996005
250,add_2_5,22,KMeans,4.81,0.9493670886076295,0.014818078414701464
250,add_2_5,22,KMeans,4.82,0.9965397923875414,0.003460207612456735
250,add_2_5,22,KMeans,4.83,1.0,0.0
250,add_2_5,22,KMeans,4.84,1.0,0.0
250,add_2_5,22,KMeans,4.85,1.0,0.0
250,add_2_5,22,KMeans,4.86,1.0,0.0
250,add_2_5,22,KMeans,4.87,1.0,0.0
250,add_2_5,22,KMeans,4.88,1.0,0.0
250,add_2_5,22,KMeans,4.9,1.0,0.0
250,add_2_5,22,KMeans,4.93,1.0,0.0
100,add_2_5,22,KMeans,4.67,0.0,0.0
100,add_2_5,22,KMeans,4.7,0.0,0.0
100,add_2_5,22,KMeans,4.72,0.0,0.0
100,add_2_5,22,KMeans,4.73,0.0,0.0
100,add_2_5,22,KMeans,4.74,0.0,0.0
100,add_2_5,22,KMeans,4.75,0.010903426791277258,0.0077881619937694695
100,add_2_5,22,KMeans,4.76,0.056249999999999786,0.011169063697148828
100,add_2_5,22,KMeans,4.77,0.19913419913419914,0.017936223513212203
100,add_2_5,22,KMeans,4.78,0.4236111111111111,0.02468942893698772
100,add_2_5,22,KMeans,4.79,0.6854838709677418,0.03494623655913981
100,add_2_5,22,KMeans,4.81,0.9656488549618321,0.011450381679389277
100,add_2_5,22,KMeans,4.82,0.9916666666666667,0.00396329054671391
100,add_2_5,22,KMeans,4.83,0.9985119047619048,0.0014880952380952267
100,add_2_5,22,KMeans,4.84,0.9986979166666877,0.0013020833333332825
100,add_2_5,22,KMeans,4.85,1.0,0.0
100,add_2_5,22,KMeans,4.86,1.0,0.0
100,add_2_5,22,KMeans,4.87,1.0,0.0
100,add_2_5,22,KMeans,4.88,1.0,0.0
100,add_2_5,22,KMeans,4.9,1.0,0.0
100,add_2_5,22,KMeans,4.93,1.0,0.0
250,add_2_5,22,Agglomerative,4.67,0.0,0.0
250,add_2_5,22,Agglomerative,4.7,0.0,0.0
250,add_2_5,22,Agglomerative,4.72,0.0,0.0
250,add_2_5,22,Agglomerative,4.73,0.0,0.0
250,add_2_5,22,Agglomerative,4.74,0.012048192771084338,0.008467252150587076
250,add_2_5,22,Agglomerative,4.75,0.005813953488372167,0.005813953488372093
250,add_2_5,22,Agglomerative,4.76,0.05363984674329502,0.017347481107542945
250,add_2_5,22,Agglomerative,4.77,0.08273381294964029,0.03237410071942446
250,add_2_5,22,Agglomerative,4.78,0.20833333333333337,0.048611111111111105
250,add_2_5,22,Agglomerative,4.79,0.41216216216216217,0.04054054054054054
250,add_2_5,22,Agglomerative,4.81,0.7756410256410257,0.05037254373558242
250,add_2_5,22,Agglomerative,4.82,0.875,0.02665008954445128
250,add_2_5,22,Agglomerative,4.83,0.9566666666666667,0.014981470036162835
250,add_2_5,22,Agglomerative,4.84,0.9666666666666698,0.013648383351025473
250,add_2_5,22,Agglomerative,4.85,0.9857142857142858,0.008531067438759195
250,add_2_5,22,Agglomerative,4.86,1.0,0.0
250,add_2_5,22,Agglomerative,4.87,0.9960317460317553,0.003968253968254018
250,add_2_5,22,Agglomerative,4.88,1.0,0.0
250,add_2_5,22,Agglomerative,4.9,1.0,0.0
250,add_2_5,22,Agglomerative,4.93,1.0,0.0
100,add_2_5,22,Agglomerative,4.67,0.0,0.0
100,add_2_5,22,Agglomerative,4.7,0.0,0.0
100,add_2_5,22,Agglomerative,4.72,0.0,0.0
100,add_2_5,22,Agglomerative,4.73,0.0,0.0
100,add_2_5,22,Agglomerative,4.74,0.00974025974025974,0.00475276009552857
100,add_2_5,22,Agglomerative,4.75,0.0375,0.01112195651253262
100,add_2_5,22,Agglomerative,4.76,0.09624060150375946,0.01801375721911419
100,add_2_5,22,Agglomerative,4.77,0.22076023391812866,0.018817480093867276
100,add_2_5,22,Agglomerative,4.78,0.37222222222222223,0.026823899883094398
100,add_2_5,22,Agglomerative,4.79,0.6169354838709677,0.028225806451612878
100,add_2_5,22,Agglomerative,4.81,0.9047619047618939,0.010853388234251315
100,add_2_5,22,Agglomerative,4.82,0.9670329670329657,0.007523661504191815
100,add_2_5,22,Agglomerative,4.83,0.9802631578947368,0.007292167195966533
100,add_2_5,22,Agglomerative,4.84,0.9906759906759905,0.004662004662004671
100,add_2_5,22,Agglomerative,4.85,1.0,0.0
100,add_2_5,22,Agglomerative,4.86,1.0,0.0
100,add_2_5,22,Agglomerative,4.87,1.0,0.0
100,add_2_5,22,Agglomerative,4.88,1.0,0.0
100,add_2_5,22,Agglomerative,4.9,1.0,0.0
100,add_2_5,22,Agglomerative,4.93,1.0,0.0
250,add_2_5,22,Spectral,4.67,0.0,0.0
250,add_2_5,22,Spectral,4.7,0.0,0.0
250,add_2_5,22,Spectral,4.72,0.07692307692307693,0.022010621427422297
250,add_2_5,22,Spectral,4.73,0.28632478632478603,0.0359076094659829
250,add_2_5,22,Spectral,4.74,0.5447154471544715,0.04125565676866752
250,add_2_5,22,Spectral,4.75,0.828125,0.0390625
250,add_2_5,22,Spectral,4.76,0.9354838709677215,0.017475365770514607
250,add_2_5,22,Spectral,4.77,0.981684981684981,0.00921835706382273
250,add_2_5,22,Spectral,4.78,1.0,0.0
250,add_2_5,22,Spectral,4.79,1.0,0.0
250,add_2_5,22,Spectral,4.81,1.0,0.0
250,add_2_5,22,Spectral,4.82,1.0,0.0
250,add_2_5,22,Spectral,4.83,1.0,0.0
250,add_2_5,22,Spectral,4.84,1.0,0.0
250,add_2_5,22,Spectral,4.85,1.0,0.0
250,add_2_5,22,Spectral,4.86,1.0,0.0
250,add_2_5,22,Spectral,4.87,1.0,0.0
250,add_2_5,22,Spectral,4.88,1.0,0.0
250,add_2_5,22,Spectral,4.9,1.0,0.0
250,add_2_5,22,Spectral,4.93,1.0,0.0
100,add_2_5,22,Spectral,4.67,0.0,0.0
100,add_2_5,22,Spectral,4.7,0.0,0.0
100,add_2_5,22,Spectral,4.72,0.07857142857142865,0.015601598121525185
100,add_2_5,22,Spectral,4.73,0.2309027777777778,0.021861576665146976
100,add_2_5,22,Spectral,4.74,0.5197132616487455,0.02149558113686219
100,add_2_5,22,Spectral,4.75,0.7906976744186093,0.01653597859629422
100,add_2_5,22,Spectral,4.76,0.94,0.010440737953277627
100,add_2_5,22,Spectral,4.77,0.9794117647058802,0.006436725351793199
100,add_2_5,22,Spectral,4.78,0.9972222222222222,0.002777777777777768
100,add_2_5,22,Spectral,4.79,1.0,0.0
100,add_2_5,22,Spectral,4.81,1.0,0.0
100,add_2_5,22,Spectral,4.82,1.0,0.0
100,add_2_5,22,Spectral,4.83,1.0,0.0
100,add_2_5,22,Spectral,4.84,1.0,0.0
100,add_2_5,22,Spectral,4.85,1.0,0.0
100,add_2_5,22,Spectral,4.86,1.0,0.0
100,add_2_5,22,Spectral,4.87,1.0,0.0
100,add_2_5,22,Spectral,4.88,1.0,0.0
100,add_2_5,22,Spectral,4.9,1.0,0.0
100,add_2_5,22,Spectral,4.93,1.0,0.0
250,add_2_5,22,Birch,4.67,0.0,0.0
250,add_2_5,22,Birch,4.7,0.0,0.0
250,add_2_5,22,Birch,4.72,0.0,0.0
250,add_2_5,22,Birch,4.73,0.0,0.0
250,add_2_5,22,Birch,4.74,0.012048192771084338,0.008467252150587076
250,add_2_5,22,Birch,4.75,0.005813953488372167,0.005813953488372093
250,add_2_5,22,Birch,4.76,0.05363984674329502,0.017347481107542945
250,add_2_5,22,Birch,4.77,0.08273381294964029,0.03237410071942446
250,add_2_5,22,Birch,4.78,0.20833333333333337,0.048611111111111105
250,add_2_5,22,Birch,4.79,0.41216216216216217,0.04054054054054054
250,add_2_5,22,Birch,4.81,0.7756410256410257,0.05037254373558242
250,add_2_5,22,Birch,4.82,0.875,0.02665008954445128
250,add_2_5,22,Birch,4.83,0.9566666666666667,0.014981470036162835
250,add_2_5,22,Birch,4.84,0.9666666666666698,0.013648383351025473
250,add_2_5,22,Birch,4.85,0.9857142857142858,0.008531067438759195
250,add_2_5,22,Birch,4.86,1.0,0.0
250,add_2_5,22,Birch,4.87,0.9960317460317553,0.003968253968254018
250,add_2_5,22,Birch,4.88,1.0,0.0
250,add_2_5,22,Birch,4.9,1.0,0.0
250,add_2_5,22,Birch,4.93,1.0,0.0
100,add_2_5,22,Birch,4.67,0.0,0.0
100,add_2_5,22,Birch,4.7,0.0,0.0
100,add_2_5,22,Birch,4.72,0.0,0.0
100,add_2_5,22,Birch,4.73,0.0,0.0
100,add_2_5,22,Birch,4.74,0.00974025974025974,0.00475276009552857
100,add_2_5,22,Birch,4.75,0.0375,0.01112195651253262
100,add_2_5,22,Birch,4.76,0.09624060150375946,0.01801375721911419
100,add_2_5,22,Birch,4.77,0.22076023391812866,0.018817480093867276
100,add_2_5,22,Birch,4.78,0.37222222222222223,0.026823899883094398
100,add_2_5,22,Birch,4.79,0.6169354838709677,0.028225806451612878
100,add_2_5,22,Birch,4.81,0.9047619047618939,0.010853388234251315
100,add_2_5,22,Birch,4.82,0.9670329670329657,0.007523661504191815
100,add_2_5,22,Birch,4.83,0.9802631578947368,0.007292167195966533
100,add_2_5,22,Birch,4.84,0.9906759906759905,0.004662004662004671
100,add_2_5,22,Birch,4.85,1.0,0.0
100,add_2_5,22,Birch,4.86,1.0,0.0
100,add_2_5,22,Birch,4.87,1.0,0.0
100,add_2_5,22,Birch,4.88,1.0,0.0
100,add_2_5,22,Birch,4.9,1.0,0.0
100,add_2_5,22,Birch,4.93,1.0,0.0
250,add_2_12,22,KMeans,4.67,0.0,0.0
250,add_2_12,22,KMeans,4.7,0.0,0.0
250,add_2_12,22,KMeans,4.72,0.0,0.0
250,add_2_12,22,KMeans,4.73,0.0,0.0
250,add_2_12,22,KMeans,4.74,0.004716981132075426,0.004716981132075472
250,add_2_12,22,KMeans,4.75,0.020833333333332673,0.010250873589930038
250,add_2_12,22,KMeans,4.76,0.08510638297872082,0.019485339144239413
250,add_2_12,22,KMeans,4.77,0.25539568345323743,0.05395683453237411
250,add_2_12,22,KMeans,4.78,0.5694444444444444,0.05555555555555558
250,add_2_12,22,KMeans,4.79,0.780000000000033,0.028709622502611006
250,add_2_12,22,KMeans,4.81,0.9711538461538461,0.014687742612037969
250,add_2_12,22,KMeans,4.82,1.0,0.0
250,add_2_12,22,KMeans,4.83,1.0,0.0
250,add_2_12,22,KMeans,4.84,1.0,0.0
250,add_2_12,22,KMeans,4.85,1.0,0.0
250,add_2_12,22,KMeans,4.86,1.0,0.0
250,add_2_12,22,KMeans,4.87,1.0,0.0
250,add_2_12,22,KMeans,4.88,1.0,0.0
250,add_2_12,22,KMeans,4.9,1.0,0.0
250,add_2_12,22,KMeans,4.93,1.0,0.0
100,add_2_12,22,KMeans,4.67,0.0,0.0
100,add_2_12,22,KMeans,4.7,0.0,0.0
100,add_2_12,22,KMeans,4.72,0.0,0.0
100,add_2_12,22,KMeans,4.73,0.0,0.0
100,add_2_12,22,KMeans,4.74,0.0037453183520600015,0.0026332496251716075
100,add_2_12,22,KMeans,4.75,0.01875,0.008838834764831844
100,add_2_12,22,KMeans,4.76,0.08000000000000103,0.011537248723508942
100,add_2_12,22,KMeans,4.77,0.2693452380952381,0.017735013729234805
100,add_2_12,22,KMeans,4.78,0.514577259475224,0.023098555796179678
100,add_2_12,22,KMeans,4.79,0.7759103641456628,0.02179858057865667
100,add_2_12,22,KMeans,4.81,0.9808673469387759,0.006377551020408173
100,add_2_12,22,KMeans,4.82,0.9953416149068424,0.0026598005235087072
100,add_2_12,22,KMeans,4.83,1.0,0.0
100,add_2_12,22,KMeans,4.84,1.0,0.0
100,add_2_12,22,KMeans,4.85,1.0,0.0
100,add_2_12,22,KMeans,4.86,1.0,0.0
100,add_2_12,22,KMeans,4.87,1.0,0.0
100,add_2_12,22,KMeans,4.88,1.0,0.0
100,add_2_12,22,KMeans,4.9,1.0,0.0
100,add_2_12,22,KMeans,4.93,1.0,0.0
250,add_2_12,22,Agglomerative,4.67,0.0,0.0
250,add_2_12,22,Agglomerative,4.7,0.0,0.0
250,add_2_12,22,Agglomerative,4.72,0.0,0.0
250,add_2_12,22,Agglomerative,4.73,0.012987012987012988,0.009011541123230011
250,add_2_12,22,Agglomerative,4.74,0.05421686746987952,0.01716809470539269
250,add_2_12,22,Agglomerative,4.75,0.1098039215686274,0.028142549204720233
250,add_2_12,22,Agglomerative,4.76,0.19172932330827067,0.041353383458646614
250,add_2_12,22,Agglomerative,4.77,0.3010752688172043,0.04301075268817204
250,add_2_12,22,Agglomerative,4.78,0.45993031358884984,0.03547624703670444
250,add_2_12,22,Agglomerative,4.79,0.624999999999989,0.034359213546813774
250,add_2_12,22,Agglomerative,4.81,0.7763157894736842,0.03205057176569316
250,add_2_12,22,Agglomerative,4.82,0.903448275862069,0.02533954906327425
250,add_2_12,22,Agglomerative,4.83,0.9523809523809509,0.017292215219108713
250,add_2_12,22,Agglomerative,4.84,0.9706744868035202,0.013374491790019144
250,add_2_12,22,Agglomerative,4.85,0.9935064935064936,0.006493506493506523
250,add_2_12,22,Agglomerative,4.86,1.0,0.0
250,add_2_12,22,Agglomerative,4.87,1.0,0.0
250,add_2_12,22,Agglomerative,4.88,1.0,0.0
250,add_2_12,22,Agglomerative,4.9,1.0,0.0
250,add_2_12,22,Agglomerative,4.93,1.0,0.0
100,add_2_12,22,Agglomerative,4.67,0.0,0.0
100,add_2_12,22,Agglomerative,4.7,0.0,0.0
100,add_2_12,22,Agglomerative,4.72,0.0,0.0
100,add_2_12,22,Agglomerative,4.73,0.003418803418803417,0.0034188034188034192
100,add_2_12,22,Agglomerative,4.74,0.008090614886731391,0.005834225364828462
100,add_2_12,22,Agglomerative,4.75,0.03271028037383177,0.00827160002950265
100,add_2_12,22,Agglomerative,4.76,0.059790732436472344,0.01762305847915037
100,add_2_12,22,Agglomerative,4.77,0.14461538461538598,0.01594580848106995
100,add_2_12,22,Agglomerative,4.78,0.23949579831932818,0.018875114806643636
100,add_2_12,22,Agglomerative,4.79,0.3697478991596639,0.02374412810816906
100,add_2_12,22,Agglomerative,4.81,0.7282051282051297,0.020114026409951174
100,add_2_12,22,Agglomerative,4.82,0.8447802197802198,0.020922453587538206
100,add_2_12,22,Agglomerative,4.83,0.9071428571428725,0.01174635815486625
100,add_2_12,22,Agglomerative,4.84,0.9452214452214452,0.0174825174825175
100,add_2_12,22,Agglomerative,4.85,0.9767441860465116,0.009754308055905377
100,add_2_12,22,Agglomerative,4.86,0.977631578947358,0.005284112819929745
100,add_2_12,22,Agglomerative,4.87,0.9911949685534476,0.00360871914832539
100,add_2_12,22,Agglomerative,4.88,0.9943181818181774,0.0033304845847713592
100,add_2_12,22,Agglomerative,4.9,1.0,0.0
100,add_2_12,22,Agglomerative,4.93,1.0,0.0
250,add_2_12,22,Spectral,4.67,0.0,0.0
250,add_2_12,22,Spectral,4.7,0.0,0.0
250,add_2_12,22,Spectral,4.72,0.1,0.024308621740219884
250,add_2_12,22,Spectral,4.73,0.2905982905982906,0.03953857608964231
250,add_2_12,22,Spectral,4.74,0.5523809523809524,0.03658444406412079
250,add_2_12,22,Spectral,4.75,0.83203125,0.03515625
250,add_2_12,22,Spectral,4.76,0.9354838709677419,0.017475365770514603
250,add_2_12,22,Spectral,4.77,0.981684981684981,0.00921835706382273
250,add_2_12,22,Spectral,4.78,0.9965156794425043,0.0034843205574912766
250,add_2_12,22,Spectral,4.79,1.0,0.0
250,add_2_12,22,Spectral,4.81,1.0,0.0
250,add_2_12,22,Spectral,4.82,1.0,0.0
250,add_2_12,22,Spectral,4.83,1.0,0.0
250,add_2_12,22,Spectral,4.84,1.0,0.0
250,add_2_12,22,Spectral,4.85,1.0,0.0
250,add_2_12,22,Spectral,4.86,1.0,0.0
250,add_2_12,22,Spectral,4.87,1.0,0.0
250,add_2_12,22,Spectral,4.88,1.0,0.0
250,add_2_12,22,Spectral,4.9,1.0,0.0
250,add_2_12,22,Spectral,4.93,1.0,0.0
100,add_2_12,22,Spectral,4.67,0.0,0.0
100,add_2_12,22,Spectral,4.7,0.0,0.0
100,add_2_12,22,Spectral,4.72,0.07142857142857142,0.013283281907393689
100,add_2_12,22,Spectral,4.73,0.23636363636363636,0.0201752038055949
100,add_2_12,22,Spectral,4.74,0.5126050420168067,0.023076640822290412
100,add_2_12,22,Spectral,4.75,0.7934782608695753,0.017158990118272033
100,add_2_12,22,Spectral,4.76,0.9302721088435558,0.011475512059355627
100,add_2_12,22,Spectral,4.77,0.981240981240981,0.006289897465426665
100,add_2_12,22,Spectral,4.78,0.9972222222222222,0.002777777777777768
100,add_2_12,22,Spectral,4.79,1.0,0.0
100,add_2_12,22,Spectral,4.81,1.0,0.0
100,add_2_12,22,Spectral,4.82,1.0,0.0
100,add_2_12,22,Spectral,4.83,1.0,0.0
100,add_2_12,22,Spectral,4.84,1.0,0.0
100,add_2_12,22,Spectral,4.85,1.0,0.0
100,add_2_12,22,Spectral,4.86,1.0,0.0
100,add_2_12,22,Spectral,4.87,1.0,0.0
100,add_2_12,22,Spectral,4.88,1.0,0.0
100,add_2_12,22,Spectral,4.9,1.0,0.0
100,add_2_12,22,Spectral,4.93,1.0,0.0
250,add_2_12,22,Birch,4.67,0.0,0.0
250,add_2_12,22,Birch,4.7,0.0,0.0
250,add_2_12,22,Birch,4.72,0.0,0.0
250,add_2_12,22,Birch,4.73,0.012987012987012988,0.009011541123230011
250,add_2_12,22,Birch,4.74,0.05421686746987952,0.01716809470539269
250,add_2_12,22,Birch,4.75,0.1098039215686274,0.028142549204720233
250,add_2_12,22,Birch,4.76,0.19172932330827067,0.041353383458646614
250,add_2_12,22,Birch,4.77,0.3010752688172043,0.04301075268817204
250,add_2_12,22,Birch,4.78,0.45993031358884984,0.03547624703670444
250,add_2_12,22,Birch,4.79,0.624999999999989,0.034359213546813774
250,add_2_12,22,Birch,4.81,0.7763157894736842,0.03205057176569316
250,add_2_12,22,Birch,4.82,0.903448275862069,0.02533954906327425
250,add_2_12,22,Birch,4.83,0.9523809523809509,0.017292215219108713
250,add_2_12,22,Birch,4.84,0.9706744868035202,0.013374491790019144
250,add_2_12,22,Birch,4.85,0.9935064935064936,0.006493506493506523
250,add_2_12,22,Birch,4.86,1.0,0.0
250,add_2_12,22,Birch,4.87,1.0,0.0
250,add_2_12,22,Birch,4.88,1.0,0.0
250,add_2_12,22,Birch,4.9,1.0,0.0
250,add_2_12,22,Birch,4.93,1.0,0.0
100,add_2_12,22,Birch,4.67,0.0,0.0
100,add_2_12,22,Birch,4.7,0.0,0.0
100,add_2_12,22,Birch,4.72,0.0,0.0
100,add_2_12,22,Birch,4.73,0.003418803418803417,0.0034188034188034192
100,add_2_12,22,Birch,4.74,0.008090614886731391,0.005834225364828462
100,add_2_12,22,Birch,4.75,0.03271028037383177,0.00827160002950265
100,add_2_12,22,Birch,4.76,0.059790732436472344,0.01762305847915037
100,add_2_12,22,Birch,4.77,0.14461538461538598,0.01594580848106995
100,add_2_12,22,Birch,4.78,0.23949579831932818,0.018875114806643636
100,add_2_12,22,Birch,4.79,0.3697478991596639,0.02374412810816906
100,add_2_12,22,Birch,4.81,0.7282051282051297,0.020114026409951174
100,add_2_12,22,Birch,4.82,0.8447802197802198,0.020922453587538206
100,add_2_12,22,Birch,4.83,0.9071428571428725,0.01174635815486625
100,add_2_12,22,Birch,4.84,0.9452214452214452,0.0174825174825175
100,add_2_12,22,Birch,4.85,0.9767441860465116,0.009754308055905377
100,add_2_12,22,Birch,4.86,0.977631578947358,0.005284112819929745
100,add_2_12,22,Birch,4.87,0.9911949685534476,0.00360871914832539
100,add_2_12,22,Birch,4.88,0.9943181818181774,0.0033304845847713592
100,add_2_12,22,Birch,4.9,1.0,0.0
100,add_2_12,22,Birch,4.93,1.0,0.0
250,add_2_24,22,KMeans,4.67,0.0,0.0
250,add_2_24,22,KMeans,4.7,0.0,0.0
250,add_2_24,22,KMeans,4.72,0.0,0.0
250,add_2_24,22,KMeans,4.73,0.0,0.0
250,add_2_24,22,KMeans,4.74,0.004716981132075426,0.004716981132075472
250,add_2_24,22,KMeans,4.75,0.020833333333332673,0.010250873589930038
250,add_2_24,22,KMeans,4.76,0.0797872340425519,0.01898715307189138
250,add_2_24,22,KMeans,4.77,0.26618705035971224,0.05035971223021582
250,add_2_24,22,KMeans,4.78,0.5763888888888888,0.048611111111111105
250,add_2_24,22,KMeans,4.79,0.780000000000033,0.028709622502611006
250,add_2_24,22,KMeans,4.81,0.9711538461538461,0.014687742612037969
250,add_2_24,22,KMeans,4.82,1.0,0.0
250,add_2_24,22,KMeans,4.83,1.0,0.0
250,add_2_24,22,KMeans,4.84,1.0,0.0
250,add_2_24,22,KMeans,4.85,1.0,0.0
250,add_2_24,22,KMeans,4.86,1.0,0.0
250,add_2_24,22,KMeans,4.87,1.0,0.0
250,add_2_24,22,KMeans,4.88,1.0,0.0
250,add_2_24,22,KMeans,4.9,1.0,0.0
250,add_2_24,22,KMeans,4.93,1.0,0.0
100,add_2_24,22,KMeans,4.67,0.0,0.0
100,add_2_24,22,KMeans,4.7,0.0,0.0
100,add_2_24,22,KMeans,4.72,0.0,0.0
100,add_2_24,22,KMeans,4.73,0.0,0.0
100,add_2_24,22,KMeans,4.74,0.0037453183520600015,0.0026332496251716075
100,add_2_24,22,KMeans,4.75,0.01875,0.008838834764831844
100,add_2_24,22,KMeans,4.76,0.08333333333333333,0.012462544029124199
100,add_2_24,22,KMeans,4.77,0.26453488372093026,0.017618613450879006
100,add_2_24,22,KMeans,4.78,0.5131195335276968,0.023069789266114343
100,add_2_24,22,KMeans,4.79,0.7782258064516129,0.022849462365591378
100,add_2_24,22,KMeans,4.81,0.9808673469387759,0.006377551020408173
100,add_2_24,22,KMeans,4.82,0.9953416149068424,0.0026598005235087072
100,add_2_24,22,KMeans,4.83,1.0,0.0
100,add_2_24,22,KMeans,4.84,1.0,0.0
100,add_2_24,22,KMeans,4.85,1.0,0.0
100,add_2_24,22,KMeans,4.86,1.0,0.0
100,add_2_24,22,KMeans,4.87,1.0,0.0
100,add_2_24,22,KMeans,4.88,1.0,0.0
100,add_2_24,22,KMeans,4.9,1.0,0.0
100,add_2_24,22,KMeans,4.93,1.0,0.0
250,add_2_24,22,Agglomerative,4.67,0.0,0.0
250,add_2_24,22,Agglomerative,4.7,0.0,0.0
250,add_2_24,22,Agglomerative,4.72,0.012987012987012988,0.009122589073847668
250,add_2_24,22,Agglomerative,4.73,0.021367521367521368,0.012820512820512822
250,add_2_24,22,Agglomerative,4.74,0.03614457831325301,0.016671121152959562
250,add_2_24,22,Agglomerative,4.75,0.11372549019607843,0.03350589704046091
250,add_2_24,22,Agglomerative,4.76,0.2133333333333358,0.03203533402764242
250,add_2_24,22,Agglomerative,4.77,0.34420289855072433,0.03865111696549159
250,add_2_24,22,Agglomerative,4.78,0.5979381443298969,0.036372788883189885
250,add_2_24,22,Agglomerative,4.79,0.7050847457627119,0.05185443573145207
250,add_2_24,22,Agglomerative,4.81,0.9320754716981132,0.016112265992891575
250,add_2_24,22,Agglomerative,4.82,0.9746835443037974,0.009998650957967743
250,add_2_24,22,Agglomerative,4.83,0.9848484848484849,0.007443995218795783
250,add_2_24,22,Agglomerative,4.84,1.0,0.0
250,add_2_24,22,Agglomerative,4.85,0.9957264957265043,0.004273504273504239
250,add_2_24,22,Agglomerative,4.86,1.0,0.0
250,add_2_24,22,Agglomerative,4.87,1.0,0.0
250,add_2_24,22,Agglomerative,4.88,1.0,0.0
250,add_2_24,22,Agglomerative,4.9,1.0,0.0
250,add_2_24,22,Agglomerative,4.93,1.0,0.0
100,add_2_24,22,Agglomerative,4.67,0.0,0.0
100,add_2_24,22,Agglomerative,4.7,0.0,0.0
100,add_2_24,22,Agglomerative,4.72,0.0,0.0
100,add_2_24,22,Agglomerative,4.73,0.00404040404040404,0.0028423832039815604
100,add_2_24,22,Agglomerative,4.74,0.016853932584269968,0.0053565314002561315
100,add_2_24,22,Agglomerative,4.75,0.03453689167974882,0.009419152276295136
100,add_2_24,22,Agglomerative,4.76,0.061285500747384154,0.024056019341451542
100,add_2_24,22,Agglomerative,4.77,0.15295815295815324,0.021109291252998246
100,add_2_24,22,Agglomerative,4.78,0.2703081232492988,0.019576555670160214
100,add_2_24,22,Agglomerative,4.79,0.4717741935483871,0.025537634408602156
100,add_2_24,22,Agglomerative,4.81,0.784391534391539,0.016635707141519625
100,add_2_24,22,Agglomerative,4.82,0.8913043478260869,0.013000465849397095
100,add_2_24,22,Agglomerative,4.83,0.9289473684210526,0.011060982642910992
100,add_2_24,22,Agglomerative,4.84,0.9818401937046134,0.005620318952089775
100,add_2_24,22,Agglomerative,4.85,0.9922480620155039,0.005920640432759494
100,add_2_24,22,Agglomerative,4.86,0.9929328621908127,0.005397615659547481
100,add_2_24,22,Agglomerative,4.87,0.99639423076923,0.0025293475038901413
100,add_2_24,22,Agglomerative,4.88,1.0,0.0
100,add_2_24,22,Agglomerative,4.9,1.0,0.0
100,add_2_24,22,Agglomerative,4.93,1.0,0.0
250,add_2_24,22,Spectral,4.67,0.0,0.0
250,add_2_24,22,Spectral,4.7,0.0,0.0
250,add_2_24,22,Spectral,4.72,0.07211538461538461,0.02100031698830918
250,add_2_24,22,Spectral,4.73,0.24786324786324787,0.03783921986526266
250,add_2_24,22,Spectral,4.74,0.5040983606557373,0.050250202616802
250,add_2_24,22,Spectral,4.75,0.80859375,0.04296875
250,add_2_24,22,Spectral,4.76,0.9247311827956785,0.0186410643469501
250,add_2_24,22,Spectral,4.77,0.981684981684981,0.00921835706382273
250,add_2_24,22,Spectral,4.78,1.0,0.0
250,add_2_24,22,Spectral,4.79,1.0,0.0
250,add_2_24,22,Spectral,4.81,1.0,0.0
250,add_2_24,22,Spectral,4.82,1.0,0.0
250,add_2_24,22,Spectral,4.83,1.0,0.0
250,add_2_24,22,Spectral,4.84,1.0,0.0
250,add_2_24,22,Spectral,4.85,1.0,0.0
250,add_2_24,22,Spectral,4.86,1.0,0.0
250,add_2_24,22,Spectral,4.87,1.0,0.0
250,add_2_24,22,Spectral,4.88,1.0,0.0
250,add_2_24,22,Spectral,4.9,1.0,0.0
250,add_2_24,22,Spectral,4.93,1.0,0.0
100,add_2_24,22,Spectral,4.67,0.0,0.0
100,add_2_24,22,Spectral,4.7,0.0,0.0
100,add_2_24,22,Spectral,4.72,0.06607142857142857,0.01189674638581024
100,add_2_24,22,Spectral,4.73,0.21616161616161345,0.021233215846368225
100,add_2_24,22,Spectral,4.74,0.5037453183520502,0.023061787557655658
100,add_2_24,22,Spectral,4.75,0.7823920265780684,0.017459743282798836
100,add_2_24,22,Spectral,4.76,0.9251700680272201,0.010948707386165718
100,add_2_24,22,Spectral,4.77,0.9808823529411722,0.006498322213174182
100,add_2_24,22,Spectral,4.78,0.9972222222222222,0.002777777777777768
100,add_2_24,22,Spectral,4.79,1.0,0.0
100,add_2_24,22,Spectral,4.81,1.0,0.0
100,add_2_24,22,Spectral,4.82,1.0,0.0
100,add_2_24,22,Spectral,4.83,1.0,0.0
100,add_2_24,22,Spectral,4.84,1.0,0.0
100,add_2_24,22,Spectral,4.85,1.0,0.0
100,add_2_24,22,Spectral,4.86,1.0,0.0
100,add_2_24,22,Spectral,4.87,1.0,0.0
100,add_2_24,22,Spectral,4.88,1.0,0.0
100,add_2_24,22,Spectral,4.9,1.0,0.0
100,add_2_24,22,Spectral,4.93,1.0,0.0
250,add_2_24,22,Birch,4.67,0.0,0.0
250,add_2_24,22,Birch,4.7,0.0,0.0
250,add_2_24,22,Birch,4.72,0.012987012987012988,0.009122589073847668
250,add_2_24,22,Birch,4.73,0.021367521367521368,0.012820512820512822
250,add_2_24,22,Birch,4.74,0.03614457831325301,0.016671121152959562
250,add_2_24,22,Birch,4.75,0.11372549019607843,0.03350589704046091
250,add_2_24,22,Birch,4.76,0.2133333333333358,0.03203533402764242
250,add_2_24,22,Birch,4.77,0.34420289855072433,0.03865111696549159
250,add_2_24,22,Birch,4.78,0.5979381443298969,0.036372788883189885
250,add_2_24,22,Birch,4.79,0.7050847457627119,0.05185443573145207
250,add_2_24,22,Birch,4.81,0.9320754716981132,0.016112265992891575
250,add_2_24,22,Birch,4.82,0.9746835443037974,0.009998650957967743
250,add_2_24,22,Birch,4.83,0.9848484848484849,0.007443995218795783
250,add_2_24,22,Birch,4.84,1.0,0.0
250,add_2_24,22,Birch,4.85,0.9957264957265043,0.004273504273504239
250,add_2_24,22,Birch,4.86,1.0,0.0
250,add_2_24,22,Birch,4.87,1.0,0.0
250,add_2_24,22,Birch,4.88,1.0,0.0
250,add_2_24,22,Birch,4.9,1.0,0.0
250,add_2_24,22,Birch,4.93,1.0,0.0
100,add_2_24,22,Birch,4.67,0.0,0.0
100,add_2_24,22,Birch,4.7,0.0,0.0
100,add_2_24,22,Birch,4.72,0.0,0.0
100,add_2_24,22,Birch,4.73,0.00404040404040404,0.0028423832039815604
100,add_2_24,22,Birch,4.74,0.016853932584269968,0.0053565314002561315
100,add_2_24,22,Birch,4.75,0.03453689167974882,0.009419152276295136
100,add_2_24,22,Birch,4.76,0.061285500747384154,0.024056019341451542
100,add_2_24,22,Birch,4.77,0.15295815295815324,0.021109291252998246
100,add_2_24,22,Birch,4.78,0.2703081232492988,0.019576555670160214
100,add_2_24,22,Birch,4.79,0.4717741935483871,0.025537634408602156
100,add_2_24,22,Birch,4.81,0.784391534391539,0.016635707141519625
100,add_2_24,22,Birch,4.82,0.8913043478260869,0.013000465849397095
100,add_2_24,22,Birch,4.83,0.9289473684210526,0.011060982642910992
100,add_2_24,22,Birch,4.84,0.9818401937046134,0.005620318952089775
100,add_2_24,22,Birch,4.85,0.9922480620155039,0.005920640432759494
100,add_2_24,22,Birch,4.86,0.9929328621908127,0.005397615659547481
100,add_2_24,22,Birch,4.87,0.99639423076923,0.0025293475038901413
100,add_2_24,22,Birch,4.88,1.0,0.0
100,add_2_24,22,Birch,4.9,1.0,0.0
100,add_2_24,22,Birch,4.93,1.0,0.0
250,add_5_12,22,KMeans,4.67,0.565476190476195,0.02989228121607782
250,add_5_12,22,KMeans,4.7,0.5,0.06435643564356433
250,add_5_12,22,KMeans,4.72,0.6381578947368421,0.03578528097216365
250,add_5_12,22,KMeans,4.73,0.5256410256410257,0.03626188621469478
250,add_5_12,22,KMeans,4.74,0.4819277108433644,0.035800102042303716
250,add_5_12,22,KMeans,4.75,0.4941860465116279,0.03651563580780336
250,add_5_12,22,KMeans,4.76,0.5318352059925093,0.046928704442478125
250,add_5_12,22,KMeans,4.77,0.5238095238095315,0.035616382948935946
250,add_5_12,22,KMeans,4.78,0.5649122807017539,0.04275809686650504
250,add_5_12,22,KMeans,4.79,0.5858585858585859,0.04205385857507339
250,add_5_12,22,KMeans,4.81,0.5636942675159236,0.04140127388535031
250,add_5_12,22,KMeans,4.82,0.45454545454544365,0.035235542415800264
250,add_5_12,22,KMeans,4.83,0.5442622950819672,0.04471534982618319
250,add_5_12,22,KMeans,4.84,0.5744047619047596,0.035726684355768215
250,add_5_12,22,KMeans,4.85,0.49019607843137347,0.03494638386976499
250,add_5_12,22,KMeans,4.86,0.55,0.04411764705882354
250,add_5_12,22,KMeans,4.87,0.48795180722891585,0.0342544620667309
250,add_5_12,22,KMeans,4.88,0.547486033519553,0.044692737430167606
250,add_5_12,22,KMeans,4.9,0.6,0.03777051491550206
250,add_5_12,22,KMeans,4.93,0.55,0.03581311038113649
100,add_5_12,22,KMeans,4.67,0.6125265392781316,0.020910526118463064
100,add_5_12,22,KMeans,4.7,0.5445544554455446,0.02675100215070556
100,add_5_12,22,KMeans,4.72,0.5889679715302492,0.03736654804270462
100,add_5_12,22,KMeans,4.73,0.5581395348837163,0.02561030060361324
100,add_5_12,22,KMeans,4.74,0.5436893203883495,0.029126213592232997
100,add_5_12,22,KMeans,4.75,0.5440677966101695,0.021388284568374757
100,add_5_12,22,KMeans,4.76,0.5246636771300448,0.036522546256713334
100,add_5_12,22,KMeans,4.77,0.5434782608695652,0.026731175911198918
100,add_5_12,22,KMeans,4.78,0.5541666666666669,0.022948210613692073
100,add_5_12,22,KMeans,4.79,0.5752688172043011,0.036165656040520765
100,add_5_12,22,KMeans,4.81,0.5444444444444365,0.021657535895564097
100,add_5_12,22,KMeans,4.82,0.5163934426229508,0.02878593921544466
100,add_5_12,22,KMeans,4.83,0.5407894736842085,0.025088332712412446
100,add_5_12,22,KMeans,4.84,0.6070175438596496,0.026696402831610143
100,add_5_12,22,KMeans,4.85,0.5348837209302323,0.044079385295173086
100,add_5_12,22,KMeans,4.86,0.5352941176470588,0.02941176470588236
100,add_5_12,22,KMeans,4.87,0.5417690417690417,0.023234993184432694
100,add_5_12,22,KMeans,4.88,0.5562987736900781,0.02046550696843457
100,add_5_12,22,KMeans,4.9,0.6142857142857143,0.02399197493598949
100,add_5_12,22,KMeans,4.93,0.5806451612903226,0.02731000526526628
250,add_5_12,22,Agglomerative,4.67,0.11436170212765948,0.023076420424103673
250,add_5_12,22,Agglomerative,4.7,0.14492753623188595,0.02938240624263503
250,add_5_12,22,Agglomerative,4.72,0.19806763285024093,0.03886630986357064
250,add_5_12,22,Agglomerative,4.73,0.18803418803418803,0.04273504273504274
250,add_5_12,22,Agglomerative,4.74,0.2142857142857132,0.03466753814945452
250,add_5_12,22,Agglomerative,4.75,0.27530364372469635,0.03641224713422954
250,add_5_12,22,Agglomerative,4.76,0.24456521739130183,0.03232376711912
250,add_5_12,22,Agglomerative,4.77,0.3489583333333333,0.0340276845385999
250,add_5_12,22,Agglomerative,4.78,0.3854166666666667,0.03943686351250189
250,add_5_12,22,Agglomerative,4.79,0.4600000000000165,0.03738956803681743
250,add_5_12,22,Agglomerative,4.81,0.47435897435897445,0.04239986075424021
250,add_5_12,22,Agglomerative,4.82,0.4356060606060606,0.036134060659732785
250,add_5_12,22,Agglomerative,4.83,0.521311475409836,0.04127763380988255
250,add_5_12,22,Agglomerative,4.84,0.5615942028985659,0.03240082460587855
250,add_5_12,22,Agglomerative,4.85,0.5299145299145299,0.035172850925929276
250,add_5_12,22,Agglomerative,4.86,0.5581395348837304,0.029404517359317425
250,add_5_12,22,Agglomerative,4.87,0.5331325301204819,0.03593479953448451
250,add_5_12,22,Agglomerative,4.88,0.5558659217877095,0.041899441340782106
250,add_5_12,22,Agglomerative,4.9,0.6463768115942029,0.030059166544426173
250,add_5_12,22,Agglomerative,4.93,0.5904761904761905,0.03308001174782882
100,add_5_12,22,Agglomerative,4.67,0.5042462845010616,0.01913774562348192
100,add_5_12,22,Agglomerative,4.7,0.42292490118577075,0.02476277487379775
100,add_5_12,22,Agglomerative,4.72,0.4837398373983785,0.025642037808920135
100,add_5_12,22,Agglomerative,4.73,0.4574829931972789,0.025510204081632654
100,add_5_12,22,Agglomerative,4.74,0.4297385620915033,0.023223317652862556
100,add_5_12,22,Agglomerative,4.75,0.4180602006689063,0.021999131237903466
100,add_5_12,22,Agglomerative,4.76,0.45142002989536634,0.036277013750408364
100,add_5_12,22,Agglomerative,4.77,0.5146379044684194,0.02226268352078159
100,add_5_12,22,Agglomerative,4.78,0.5280112044817973,0.02316171806826178
100,add_5_12,22,Agglomerative,4.79,0.5524193548387096,0.03846529037971554
100,add_5_12,22,Agglomerative,4.81,0.6025641025641025,0.023171695233719616
100,add_5_12,22,Agglomerative,4.82,0.603021978021978,0.02167545856876305
100,add_5_12,22,Agglomerative,4.83,0.6472222222222223,0.020657931655705654
100,add_5_12,22,Agglomerative,4.84,0.7011904761904724,0.0252488614000871
100,add_5_12,22,Agglomerative,4.85,0.6627906976744186,0.030106408779666763
100,add_5_12,22,Agglomerative,4.86,0.6611764705882353,0.021176470588235297
100,add_5_12,22,Agglomerative,4.87,0.6810551558752997,0.0383693045563549
100,add_5_12,22,Agglomerative,4.88,0.7028985507246377,0.016923373480321757
100,add_5_12,22,Agglomerative,4.9,0.740659340659342,0.020767970967858308
100,add_5_12,22,Agglomerative,4.93,0.7054347826086946,0.024490716834958272
250,add_5_12,22,Spectral,4.67,0.30978260869565216,0.02774756811383444
250,add_5_12,22,Spectral,4.7,0.38235294117647056,0.043342621796859326
250,add_5_12,22,Spectral,4.72,0.25675675675675674,0.04054054054054054
250,add_5_12,22,Spectral,4.73,0.40123456790124346,0.03666219784049165
250,add_5_12,22,Spectral,4.74,0.41566265060240964,0.036181291962446994
250,add_5_12,22,Spectral,4.75,0.36764705882353316,0.03431372549019613
250,add_5_12,22,Spectral,4.76,0.39800995024875624,0.034901169914453044
250,add_5_12,22,Spectral,4.77,0.40293040293040294,0.03310917666952871
250,add_5_12,22,Spectral,4.78,0.40306122448979054,0.03744563579210721
250,add_5_12,22,Spectral,4.79,0.35353535353535354,0.04402928225798659
250,add_5_12,22,Spectral,4.81,0.4025974025974026,0.04228265089896029
250,add_5_12,22,Spectral,4.82,0.48648648648648246,0.035240509417694896
250,add_5_12,22,Spectral,4.83,0.39115646258503184,0.037414965986394585
250,add_5_12,22,Spectral,4.84,0.3718749999999983,0.036265812735785975
250,add_5_12,22,Spectral,4.85,0.42580645161290276,0.034062438841843325
250,add_5_12,22,Spectral,4.86,0.40588235294117647,0.02941176470588236
250,add_5_12,22,Spectral,4.87,0.4444444444444398,0.03355887234914941
250,add_5_12,22,Spectral,4.88,0.4084507042253521,0.033919984728992374
250,add_5_12,22,Spectral,4.9,0.3324175824175824,0.035342528379858795
250,add_5_12,22,Spectral,4.93,0.4,0.03590873968456539
100,add_5_12,22,Spectral,4.67,0.18404255319148935,0.017366837997143093
100,add_5_12,22,Spectral,4.7,0.2608695652173925,0.023946354303547458
100,add_5_12,22,Spectral,4.72,0.24042553191488844,0.020866559125044766
100,add_5_12,22,Spectral,4.73,0.3025641025641021,0.027014496802186486
100,add_5_12,22,Spectral,4.74,0.30032467532467566,0.027148112542447877
100,add_5_12,22,Spectral,4.75,0.31347962382445144,0.023785529287755455
100,add_5_12,22,Spectral,4.76,0.3303437967115097,0.03418414536929529
100,add_5_12,22,Spectral,4.77,0.3313343328335863,0.0205175968407558
100,add_5_12,22,Spectral,4.78,0.3125,0.023240556292613193
100,add_5_12,22,Spectral,4.79,0.31451612903225806,0.031079113254524407
100,add_5_12,22,Spectral,4.81,0.35555555555555557,0.021015763597751994
100,add_5_12,22,Spectral,4.82,0.3767123287671233,0.024978880176452684
100,add_5_12,22,Spectral,4.83,0.35638297872340424,0.02652472787937695
100,add_5_12,22,Spectral,4.84,0.31235431235431244,0.03729603729603728
100,add_5_12,22,Spectral,4.85,0.37467700258397935,0.035122163356765344
100,add_5_12,22,Spectral,4.86,0.37514792899408217,0.02227661996606787
100,add_5_12,22,Spectral,4.87,0.3513189448441247,0.02757793764988009
100,add_5_12,22,Spectral,4.88,0.3470982142857143,0.022665555229451767
100,add_5_12,22,Spectral,4.9,0.31648351648351647,0.02138861683233401
100,add_5_12,22,Spectral,4.93,0.3707201889020113,0.026400552781814565
250,add_5_12,22,Birch,4.67,0.11436170212765948,0.023076420424103673
250,add_5_12,22,Birch,4.7,0.14492753623188595,0.02938240624263503
250,add_5_12,22,Birch,4.72,0.19806763285024093,0.03886630986357064
250,add_5_12,22,Birch,4.73,0.18803418803418803,0.04273504273504274
250,add_5_12,22,Birch,4.74,0.2142857142857132,0.03466753814945452
250,add_5_12,22,Birch,4.75,0.27530364372469635,0.03641224713422954
250,add_5_12,22,Birch,4.76,0.24456521739130183,0.03232376711912
250,add_5_12,22,Birch,4.77,0.3489583333333333,0.0340276845385999
250,add_5_12,22,Birch,4.78,0.3854166666666667,0.03943686351250189
250,add_5_12,22,Birch,4.79,0.4600000000000165,0.03738956803681743
250,add_5_12,22,Birch,4.81,0.47435897435897445,0.04239986075424021
250,add_5_12,22,Birch,4.82,0.4356060606060606,0.036134060659732785
250,add_5_12,22,Birch,4.83,0.521311475409836,0.04127763380988255
250,add_5_12,22,Birch,4.84,0.5615942028985659,0.03240082460587855
250,add_5_12,22,Birch,4.85,0.5299145299145299,0.035172850925929276
250,add_5_12,22,Birch,4.86,0.5581395348837304,0.029404517359317425
250,add_5_12,22,Birch,4.87,0.5331325301204819,0.03593479953448451
250,add_5_12,22,Birch,4.88,0.5558659217877095,0.041899441340782106
250,add_5_12,22,Birch,4.9,0.6463768115942029,0.030059166544426173
250,add_5_12,22,Birch,4.93,0.5904761904761905,0.03308001174782882
100,add_5_12,22,Birch,4.67,0.5042462845010616,0.01913774562348192
100,add_5_12,22,Birch,4.7,0.42292490118577075,0.02476277487379775
100,add_5_12,22,Birch,4.72,0.4837398373983785,0.025642037808920135
100,add_5_12,22,Birch,4.73,0.4574829931972789,0.025510204081632654
100,add_5_12,22,Birch,4.74,0.4297385620915033,0.023223317652862556
100,add_5_12,22,Birch,4.75,0.4180602006689063,0.021999131237903466
100,add_5_12,22,Birch,4.76,0.45142002989536634,0.036277013750408364
100,add_5_12,22,Birch,4.77,0.5146379044684194,0.02226268352078159
100,add_5_12,22,Birch,4.78,0.5280112044817973,0.02316171806826178
100,add_5_12,22,Birch,4.79,0.5524193548387096,0.03846529037971554
100,add_5_12,22,Birch,4.81,0.6025641025641025,0.023171695233719616
100,add_5_12,22,Birch,4.82,0.603021978021978,0.02167545856876305
100,add_5_12,22,Birch,4.83,0.6472222222222223,0.020657931655705654
100,add_5_12,22,Birch,4.84,0.7011904761904724,0.0252488614000871
100,add_5_12,22,Birch,4.85,0.6627906976744186,0.030106408779666763
100,add_5_12,22,Birch,4.86,0.6611764705882353,0.021176470588235297
100,add_5_12,22,Birch,4.87,0.6810551558752997,0.0383693045563549
100,add_5_12,22,Birch,4.88,0.7028985507246377,0.016923373480321757
100,add_5_12,22,Birch,4.9,0.740659340659342,0.020767970967858308
100,add_5_12,22,Birch,4.93,0.7054347826086946,0.024490716834958272
250,add_5_24,22,KMeans,4.67,0.31648936170212766,0.050531914893617025
250,add_5_24,22,KMeans,4.7,0.375,0.04611200434472913
250,add_5_24,22,KMeans,4.72,0.4313725490196097,0.037970424962817814
250,add_5_24,22,KMeans,4.73,0.3547008547008547,0.04103454319370188
250,add_5_24,22,KMeans,4.74,0.3072289156626506,0.03516399313996103
250,add_5_24,22,KMeans,4.75,0.3833333333333344,0.03746343246326775
250,add_5_24,22,KMeans,4.76,0.39245283018867927,0.05006226098649663
250,add_5_24,22,KMeans,4.77,0.3768115942028983,0.040734693688565776
250,add_5_24,22,KMeans,4.78,0.40721649484536615,0.03614378688653361
250,add_5_24,22,KMeans,4.79,0.4050000000000165,0.03385575462476248
250,add_5_24,22,KMeans,4.81,0.42616033755275995,0.029988342585090307
250,add_5_24,22,KMeans,4.82,0.40476190476190477,0.0782312925170068
250,add_5_24,22,KMeans,4.83,0.42105263157894735,0.0394736842105263
250,add_5_24,22,KMeans,4.84,0.3519061583577713,0.03572420488643063
250,add_5_24,22,KMeans,4.85,0.39285714285714285,0.0310852957063746
250,add_5_24,22,KMeans,4.86,0.48529411764705876,0.06176470588235297
250,add_5_24,22,KMeans,4.87,0.43243243243243246,0.045045045045045064
250,add_5_24,22,KMeans,4.88,0.4253521126760563,0.031931786052829945
250,add_5_24,22,KMeans,4.9,0.4697802197802198,0.04561322126524639
250,add_5_24,22,KMeans,4.93,0.44565217391304346,0.043478260869565216
100,add_5_24,22,KMeans,4.67,0.17316017316017315,0.016484357371999808
100,add_5_24,22,KMeans,4.7,0.1801980198019802,0.018363600981179617
100,add_5_24,22,KMeans,4.72,0.23665480427046262,0.02669039145907473
100,add_5_24,22,KMeans,4.73,0.22758620689655173,0.025547253759646973
100,add_5_24,22,KMeans,4.74,0.255663430420712,0.03236245954692557
100,add_5_24,22,KMeans,4.75,0.2999999999999989,0.02334466844856754
100,add_5_24,22,KMeans,4.76,0.3076923076923077,0.020271010642105
100,add_5_24,22,KMeans,4.77,0.3102453102453107,0.023951215977918956
100,add_5_24,22,KMeans,4.78,0.3285714285714299,0.02132913436567727
100,add_5_24,22,KMeans,4.79,0.3185483870967742,0.029722237079967725
100,add_5_24,22,KMeans,4.81,0.33674775928297057,0.022904665582584246
100,add_5_24,22,KMeans,4.82,0.3542234332425068,0.02997275204359673
100,add_5_24,22,KMeans,4.83,0.4,0.021517425595870974
100,add_5_24,22,KMeans,4.84,0.3916083916083916,0.03359798439487082
100,add_5_24,22,KMeans,4.85,0.3740053050397878,0.022848653015764463
100,add_5_24,22,KMeans,4.86,0.4105882352941176,0.036470588235294116
100,add_5_24,22,KMeans,4.87,0.4196642685851319,0.03376529458112406
100,add_5_24,22,KMeans,4.88,0.4229910714285715,0.030133928571428575
100,add_5_24,22,KMeans,4.9,0.45243362831858447,0.02698946648702331
100,add_5_24,22,KMeans,4.93,0.45038167938931295,0.031119439804906578
250,add_5_24,22,Agglomerative,4.67,0.21010638297872342,0.0398936170212766
250,add_5_24,22,Agglomerative,4.7,0.165,0.04031128874149275
250,add_5_24,22,Agglomerative,4.72,0.19736842105263575,0.028220540249377982
250,add_5_24,22,Agglomerative,4.73,0.21794871794871795,0.03902717968147308
250,add_5_24,22,Agglomerative,4.74,0.25568181818181335,0.03522053058479737
250,add_5_24,22,Agglomerative,4.75,0.20707070707070888,0.02857683791325614
250,add_5_24,22,Agglomerative,4.76,0.24060150375939832,0.04389543831613282
250,add_5_24,22,Agglomerative,4.77,0.26666666666666283,0.030029507764096654
250,add_5_24,22,Agglomerative,4.78,0.21649484536082475,0.030130030784794145
250,add_5_24,22,Agglomerative,4.79,0.2804054054054055,0.03716216216216214
250,add_5_24,22,Agglomerative,4.81,0.24472573839662665,0.030449089601741374
250,add_5_24,22,Agglomerative,4.82,0.2448979591836733,0.03148173101341229
250,add_5_24,22,Agglomerative,4.83,0.24675324675324675,0.031058512142801496
250,add_5_24,22,Agglomerative,4.84,0.26608187134502925,0.03933808200898748
250,add_5_24,22,Agglomerative,4.85,0.20967741935483883,0.03305467989019225
250,add_5_24,22,Agglomerative,4.86,0.23823529411764705,0.04906860296565567
250,add_5_24,22,Agglomerative,4.87,0.21621621621621623,0.041284465720322884
250,add_5_24,22,Agglomerative,4.88,0.24444444444444444,0.027771534878996168
250,add_5_24,22,Agglomerative,4.9,0.2638888888888889,0.03126873336205067
250,add_5_24,22,Agglomerative,4.93,0.24166666666666642,0.03563311371276641
100,add_5_24,22,Agglomerative,4.67,0.06794055201698514,0.01698513800424628
100,add_5_24,22,Agglomerative,4.7,0.1028225806451615,0.020235080019762076
100,add_5_24,22,Agglomerative,4.72,0.14893617021276595,0.01788040040065958
100,add_5_24,22,Agglomerative,4.73,0.2205128205128205,0.02220577958421638
100,add_5_24,22,Agglomerative,4.74,0.22330097087378642,0.02912621359223301
100,add_5_24,22,Agglomerative,4.75,0.24183006535948004,0.021957004698981958
100,add_5_24,22,Agglomerative,4.76,0.27204783258594917,0.023492128020181923
100,add_5_24,22,Agglomerative,4.77,0.2705035971223024,0.022590386285046903
100,add_5_24,22,Agglomerative,4.78,0.26330532212885155,0.021008403361344526
100,add_5_24,22,Agglomerative,4.79,0.2701612903225809,0.025224452016549454
100,add_5_24,22,Agglomerative,4.81,0.29817158931083415,0.021046497196625755
100,add_5_24,22,Agglomerative,4.82,0.31471389645776565,0.0340599455040872
100,add_5_24,22,Agglomerative,4.83,0.28289473684210525,0.02146091116767611
100,add_5_24,22,Agglomerative,4.84,0.25029239766081873,0.02518017560422338
100,add_5_24,22,Agglomerative,4.85,0.29328165374677,0.02979990334540259
100,add_5_24,22,Agglomerative,4.86,0.29285714285714126,0.02293551833744902
100,add_5_24,22,Agglomerative,4.87,0.2980295566502495,0.020648666552143945
100,add_5_24,22,Agglomerative,4.88,0.26644370122631006,0.021703369380080013
100,add_5_24,22,Agglomerative,4.9,0.24457831325301432,0.01592048010860875
100,add_5_24,22,Agglomerative,4.93,0.2847826086956522,0.025874740683126264
250,add_5_24,22,Spectral,4.67,0.4053333333333333,0.041909956388004564
250,add_5_24,22,Spectral,4.7,0.3712871287128713,0.04455445544554454
250,add_5_24,22,Spectral,4.72,0.53125,0.03857583749052297
250,add_5_24,22,Spectral,4.73,0.4396551724137927,0.045030801228527643
250,add_5_24,22,Spectral,4.74,0.44715447154471555,0.04065040650406504
250,add_5_24,22,Spectral,4.75,0.4476744186046512,0.03792593921154892
250,add_5_24,22,Spectral,4.76,0.4566037735849059,0.03648882944493153
250,add_5_24,22,Spectral,4.77,0.47395833333332277,0.036552197466361416
250,add_5_24,22,Spectral,4.78,0.4548611111111111,0.045138888888888895
250,add_5_24,22,Spectral,4.79,0.5368421052631579,0.036930183400811493
250,add_5_24,22,Spectral,4.81,0.4901960784313721,0.047017956110909
250,add_5_24,22,Spectral,4.82,0.4421768707482993,0.040816326530612235
250,add_5_24,22,Spectral,4.83,0.4659863945578224,0.04181790491497267
250,add_5_24,22,Spectral,4.84,0.5320512820512778,0.038615862234108
250,add_5_24,22,Spectral,4.85,0.4846153846153931,0.03401097943837518
250,add_5_24,22,Spectral,4.86,0.5029761904761905,0.03700543105326084
250,add_5_24,22,Spectral,4.87,0.46273291925465765,0.03747552788867099
250,add_5_24,22,Spectral,4.88,0.5014084507042254,0.034956827171805184
250,add_5_24,22,Spectral,4.9,0.5439560439560438,0.04945054945054944
250,add_5_24,22,Spectral,4.93,0.5111111111111111,0.04633331853035856
100,add_5_24,22,Spectral,4.67,0.0,0.0
100,add_5_24,22,Spectral,4.7,0.0,0.0
100,add_5_24,22,Spectral,4.72,0.02867383512544801,0.009067462824855568
100,add_5_24,22,Spectral,4.73,0.0383838383838377,0.008458499792065125
100,add_5_24,22,Spectral,4.74,0.04515050167224065,0.011251674107609196
100,add_5_24,22,Spectral,4.75,0.09782608695652427,0.012659811849875115
100,add_5_24,22,Spectral,4.76,0.1430722891566265,0.016799330650851946
100,add_5_24,22,Spectral,4.77,0.1884892086330935,0.017826635530019952
100,add_5_24,22,Spectral,4.78,0.20768136557610292,0.02366045509696473
100,add_5_24,22,Spectral,4.79,0.2885154061624668,0.023267853957753718
100,add_5_24,22,Spectral,4.81,0.44166666666666665,0.02244363484184165
100,add_5_24,22,Spectral,4.82,0.5150684931506849,0.022130814275895205
100,add_5_24,22,Spectral,4.83,0.5855263157894716,0.02055107179627151
100,add_5_24,22,Spectral,4.84,0.6499999999999979,0.02491781454702116
100,add_5_24,22,Spectral,4.85,0.7028423772609818,0.028423772609819153
100,add_5_24,22,Spectral,4.86,0.7647754137115849,0.016293201834622014
100,add_5_24,22,Spectral,4.87,0.7867469879518072,0.020833272850350106
100,add_5_24,22,Spectral,4.88,0.825892857142857,0.03348214285714285
100,add_5_24,22,Spectral,4.9,0.9175824175824171,0.015829516803173606
100,add_5_24,22,Spectral,4.93,0.9550691244239563,0.007569039765028663
250,add_5_24,22,Birch,4.67,0.21010638297872342,0.0398936170212766
250,add_5_24,22,Birch,4.7,0.165,0.04031128874149275
250,add_5_24,22,Birch,4.72,0.19736842105263575,0.028220540249377982
250,add_5_24,22,Birch,4.73,0.21794871794871795,0.03902717968147308
250,add_5_24,22,Birch,4.74,0.25568181818181335,0.03522053058479737
250,add_5_24,22,Birch,4.75,0.20707070707070888,0.02857683791325614
250,add_5_24,22,Birch,4.76,0.24060150375939832,0.04389543831613282
250,add_5_24,22,Birch,4.77,0.26666666666666283,0.030029507764096654
250,add_5_24,22,Birch,4.78,0.21649484536082475,0.030130030784794145
250,add_5_24,22,Birch,4.79,0.2804054054054055,0.03716216216216214
250,add_5_24,22,Birch,4.81,0.24472573839662665,0.030449089601741374
250,add_5_24,22,Birch,4.82,0.2448979591836733,0.03148173101341229
250,add_5_24,22,Birch,4.83,0.24675324675324675,0.031058512142801496
250,add_5_24,22,Birch,4.84,0.26608187134502925,0.03933808200898748
250,add_5_24,22,Birch,4.85,0.20967741935483883,0.03305467989019225
250,add_5_24,22,Birch,4.86,0.23823529411764705,0.04906860296565567
250,add_5_24,22,Birch,4.87,0.21621621621621623,0.041284465720322884
250,add_5_24,22,Birch,4.88,0.24444444444444444,0.027771534878996168
250,add_5_24,22,Birch,4.9,0.2638888888888889,0.03126873336205067
250,add_5_24,22,Birch,4.93,0.24166666666666642,0.03563311371276641
100,add_5_24,22,Birch,4.67,0.06794055201698514,0.01698513800424628
100,add_5_24,22,Birch,4.7,0.1028225806451615,0.020235080019762076
100,add_5_24,22,Birch,4.72,0.14893617021276595,0.01788040040065958
100,add_5_24,22,Birch,4.73,0.2205128205128205,0.02220577958421638
100,add_5_24,22,Birch,4.74,0.22330097087378642,0.02912621359223301
100,add_5_24,22,Birch,4.75,0.24183006535948004,0.021957004698981958
100,add_5_24,22,Birch,4.76,0.27204783258594917,0.023492128020181923
100,add_5_24,22,Birch,4.77,0.2705035971223024,0.022590386285046903
100,add_5_24,22,Birch,4.78,0.26330532212885155,0.021008403361344526
100,add_5_24,22,Birch,4.79,0.2701612903225809,0.025224452016549454
100,add_5_24,22,Birch,4.81,0.29817158931083415,0.021046497196625755
100,add_5_24,22,Birch,4.82,0.31471389645776565,0.0340599455040872
100,add_5_24,22,Birch,4.83,0.28289473684210525,0.02146091116767611
100,add_5_24,22,Birch,4.84,0.25029239766081873,0.02518017560422338
100,add_5_24,22,Birch,4.85,0.29328165374677,0.02979990334540259
100,add_5_24,22,Birch,4.86,0.29285714285714126,0.02293551833744902
100,add_5_24,22,Birch,4.87,0.2980295566502495,0.020648666552143945
100,add_5_24,22,Birch,4.88,0.26644370122631006,0.021703369380080013
100,add_5_24,22,Birch,4.9,0.24457831325301432,0.01592048010860875
100,add_5_24,22,Birch,4.93,0.2847826086956522,0.025874740683126264
250,add_12_24,22,KMeans,4.67,0.5398936170212766,0.03143102464758131
250,add_12_24,22,KMeans,4.7,0.45544554455445546,0.06930693069306931
250,add_12_24,22,KMeans,4.72,0.631578947368421,0.039032623616292804
250,add_12_24,22,KMeans,4.73,0.5121951219512195,0.03678556086855873
250,add_12_24,22,KMeans,4.74,0.4578313253011866,0.040388958215304804
250,add_12_24,22,KMeans,4.75,0.49230769230769234,0.03734490170161418
250,add_12_24,22,KMeans,4.76,0.5243445692883892,0.050388105045219865
250,add_12_24,22,KMeans,4.77,0.5106382978723455,0.036905515101342205
250,add_12_24,22,KMeans,4.78,0.5578947368421048,0.04554650872191993
250,add_12_24,22,KMeans,4.79,0.5892255892255892,0.040961363840392055
250,add_12_24,22,KMeans,4.81,0.5516129032258075,0.03919941103991003
250,add_12_24,22,KMeans,4.82,0.4545454545454382,0.03595941066198305
250,add_12_24,22,KMeans,4.83,0.5475409836065569,0.043865862820523495
250,add_12_24,22,KMeans,4.84,0.5793103448275863,0.033612738911286355
250,add_12_24,22,KMeans,4.85,0.5035714285714286,0.03234571720097446
250,add_12_24,22,KMeans,4.86,0.5264705882352941,0.03823529411764706
250,add_12_24,22,KMeans,4.87,0.49101796407185627,0.041916167664670656
250,add_12_24,22,KMeans,4.88,0.547486033519553,0.03351955307262572
250,add_12_24,22,KMeans,4.9,0.5648148148148089,0.032798133733741436
250,add_12_24,22,KMeans,4.93,0.5333333333333333,0.036486781198852736
100,add_12_24,22,KMeans,4.67,0.37898089171974525,0.02653927813163484
100,add_12_24,22,KMeans,4.7,0.44883720930231613,0.02314199232150909
100,add_12_24,22,KMeans,4.72,0.398576512455516,0.028469750889679735
100,add_12_24,22,KMeans,4.73,0.43197278911564624,0.02656547508811787
100,add_12_24,22,KMeans,4.74,0.4449838187702265,0.030744336569579284
100,add_12_24,22,KMeans,4.75,0.44771241830065733,0.021834808064899094
100,add_12_24,22,KMeans,4.76,0.45440956651718983,0.038777643560755914
100,add_12_24,22,KMeans,4.77,0.4652173913043475,0.029252394491577318
100,add_12_24,22,KMeans,4.78,0.4352773826458037,0.023190174036296796
100,add_12_24,22,KMeans,4.79,0.4327956989247312,0.03623219824221454
100,add_12_24,22,KMeans,4.81,0.44666666666666666,0.021060327988091373
100,add_12_24,22,KMeans,4.82,0.4739010989010989,0.024263079303098473
100,add_12_24,22,KMeans,4.83,0.4486842105263158,0.023914571719676474
100,add_12_24,22,KMeans,4.84,0.40116959064327506,0.028445348554421792
100,add_12_24,22,KMeans,4.85,0.458656330749354,0.0355473294372031
100,add_12_24,22,KMeans,4.86,0.45754716981132076,0.025835969693639906
100,add_12_24,22,KMeans,4.87,0.4431818181818221,0.02288234900618984
100,add_12_24,22,KMeans,4.88,0.44100801832760594,0.020302588309916606
100,add_12_24,22,KMeans,4.9,0.3923076923076923,0.025142991623401216
100,add_12_24,22,KMeans,4.93,0.4108695652173913,0.028260869565217395
250,add_12_24,22,Agglomerative,4.67,0.20923913043478304,0.025788983619337565
250,add_12_24,22,Agglomerative,4.7,0.2338308457711442,0.03885696356172464
250,add_12_24,22,Agglomerative,4.72,0.15714285714285658,0.03623430929475583
250,add_12_24,22,Agglomerative,4.73,0.26582278481011357,0.03469560104776185
250,add_12_24,22,Agglomerative,4.74,0.2764227642276423,0.03707887561298007
250,add_12_24,22,Agglomerative,4.75,0.2261904761904762,0.03826845540076569
250,add_12_24,22,Agglomerative,4.76,0.2857142857142857,0.03759398496240601
250,add_12_24,22,Agglomerative,4.77,0.26063829787235077,0.030932213660312242
250,add_12_24,22,Agglomerative,4.78,0.27040816326531153,0.03257027824214278
250,add_12_24,22,Agglomerative,4.79,0.27,0.03211406438483179
250,add_12_24,22,Agglomerative,4.81,0.267515923566879,0.04458598726114649
250,add_12_24,22,Agglomerative,4.82,0.3401360544217687,0.040816326530612235
250,add_12_24,22,Agglomerative,4.83,0.3030303030302946,0.031531271619058956
250,add_12_24,22,Agglomerative,4.84,0.2616279069767442,0.04069767441860464
250,add_12_24,22,Agglomerative,4.85,0.33766233766233766,0.03556639983799781
250,add_12_24,22,Agglomerative,4.86,0.3103448275862069,0.02702082448170269
250,add_12_24,22,Agglomerative,4.87,0.32634730538922163,0.044910179640718556
250,add_12_24,22,Agglomerative,4.88,0.2962962962962963,0.02708598969370442
250,add_12_24,22,Agglomerative,4.9,0.2857142857142857,0.038461538461538464
250,add_12_24,22,Agglomerative,4.93,0.325,0.03563311371276641
100,add_12_24,22,Agglomerative,4.67,0.4372340425531915,0.0262423327309447
100,add_12_24,22,Agglomerative,4.7,0.5188118811881188,0.03578081386057954
100,add_12_24,22,Agglomerative,4.72,0.4659574468085003,0.024274095972383974
100,add_12_24,22,Agglomerative,4.73,0.47652173913043355,0.02437040173027378
100,add_12_24,22,Agglomerative,4.74,0.5145631067961165,0.05177993527508093
100,add_12_24,22,Agglomerative,4.75,0.478125,0.02676850265470596
100,add_12_24,22,Agglomerative,4.76,0.5095238095238095,0.02348206879497369
100,add_12_24,22,Agglomerative,4.77,0.4963924963924963,0.03125022774560998
100,add_12_24,22,Agglomerative,4.78,0.4875,0.022438186696393754
100,add_12_24,22,Agglomerative,4.79,0.4674796747967475,0.026500822785376594
100,add_12_24,22,Agglomerative,4.81,0.5093795093795094,0.023129398682789497
100,add_12_24,22,Agglomerative,4.82,0.4986301369863016,0.028521455909119215
100,add_12_24,22,Agglomerative,4.83,0.4934210526315789,0.024246096422956595
100,add_12_24,22,Agglomerative,4.84,0.45964912280701753,0.02718961361081762
100,add_12_24,22,Agglomerative,4.85,0.5180878552971576,0.022966910639058355
100,add_12_24,22,Agglomerative,4.86,0.5062189054726441,0.018529391145145534
100,add_12_24,22,Agglomerative,4.87,0.5,0.03956834532374098
100,add_12_24,22,Agglomerative,4.88,0.4826815642458098,0.020496018243401273
100,add_12_24,22,Agglomerative,4.9,0.4900662251655629,0.02338289214457454
100,add_12_24,22,Agglomerative,4.93,0.5185185185185185,0.03692151662625681
250,add_12_24,22,Spectral,4.67,0.31228070175439643,0.02723659641077677
250,add_12_24,22,Spectral,4.7,0.3897058823529412,0.04299680990894214
250,add_12_24,22,Spectral,4.72,0.28000000000000014,0.04807401700618652
250,add_12_24,22,Spectral,4.73,0.3879310344827586,0.037858192485072426
250,add_12_24,22,Spectral,4.74,0.4065040650406504,0.037078875612980074
250,add_12_24,22,Spectral,4.75,0.4,0.040824829046386346
250,add_12_24,22,Spectral,4.76,0.3991596638655481,0.038515984902011094
250,add_12_24,22,Spectral,4.77,0.420863309352518,0.04676258992805754
250,add_12_24,22,Spectral,4.78,0.3684210526315789,0.04188539082916954
250,add_12_24,22,Spectral,4.79,0.37373737373737387,0.046654567207242495
250,add_12_24,22,Spectral,4.81,0.3967741935483871,0.04512287152334901
250,add_12_24,22,Spectral,4.82,0.4827586206896554,0.03575248509194435
250,add_12_24,22,Spectral,4.83,0.39344262295081966,0.0439882225081926
250,add_12_24,22,Spectral,4.84,0.3875,0.03499711969715189
250,add_12_24,22,Spectral,4.85,0.4355400696864089,0.03113547986343566
250,add_12_24,22,Spectral,4.86,0.4,0.03529411764705884
250,add_12_24,22,Spectral,4.87,0.42063492063492525,0.03392994839286525
250,add_12_24,22,Spectral,4.88,0.39887640449438183,0.03447931205902991
250,add_12_24,22,Spectral,4.9,0.33333333333332826,0.030479873164977384
250,add_12_24,22,Spectral,4.93,0.4063492063492098,0.03475265654718517
100,add_12_24,22,Spectral,4.67,0.2154989384288748,0.02496385566094447
100,add_12_24,22,Spectral,4.7,0.2888888888888881,0.025416495072212438
100,add_12_24,22,Spectral,4.72,0.2574468085106383,0.01974959704966592
100,add_12_24,22,Spectral,4.73,0.3163265306122449,0.030612244897959162
100,add_12_24,22,Spectral,4.74,0.30519480519480485,0.03246753246753244
100,add_12_24,22,Spectral,4.75,0.31818181818181523,0.022253819558468852
100,add_12_24,22,Spectral,4.76,0.34379671150971586,0.03772624652951859
100,add_12_24,22,Spectral,4.77,0.33650793650793653,0.021800862467621033
100,add_12_24,22,Spectral,4.78,0.32222222222222247,0.025572156443780532
100,add_12_24,22,Spectral,4.79,0.3198924731182792,0.030191757313365535
100,add_12_24,22,Spectral,4.81,0.3547945205479452,0.020369596368215084
100,add_12_24,22,Spectral,4.82,0.37571428571428384,0.02267522141604145
100,add_12_24,22,Spectral,4.83,0.35921052631578926,0.0233158488771965
100,add_12_24,22,Spectral,4.84,0.31840796019900497,0.024552209402144164
100,add_12_24,22,Spectral,4.85,0.3682170542635659,0.039590577379960114
100,add_12_24,22,Spectral,4.86,0.35621301775147995,0.026865034862298107
100,add_12_24,22,Spectral,4.87,0.33333333333333326,0.03357314148681054
100,add_12_24,22,Spectral,4.88,0.32589285714285754,0.020177668392291296
100,add_12_24,22,Spectral,4.9,0.30879120879120814,0.02267662585975274
100,add_12_24,22,Spectral,4.93,0.3535714285714332,0.024394352201070925
250,add_12_24,22,Birch,4.67,0.20923913043478304,0.025788983619337565
250,add_12_24,22,Birch,4.7,0.2338308457711442,0.03885696356172464
250,add_12_24,22,Birch,4.72,0.15714285714285658,0.03623430929475583
250,add_12_24,22,Birch,4.73,0.26582278481011357,0.03469560104776185
250,add_12_24,22,Birch,4.74,0.2764227642276423,0.03707887561298007
250,add_12_24,22,Birch,4.75,0.2261904761904762,0.03826845540076569
250,add_12_24,22,Birch,4.76,0.2857142857142857,0.03759398496240601
250,add_12_24,22,Birch,4.77,0.26063829787235077,0.030932213660312242
250,add_12_24,22,Birch,4.78,0.27040816326531153,0.03257027824214278
250,add_12_24,22,Birch,4.79,0.27,0.03211406438483179
250,add_12_24,22,Birch,4.81,0.267515923566879,0.04458598726114649
250,add_12_24,22,Birch,4.82,0.3401360544217687,0.040816326530612235
250,add_12_24,22,Birch,4.83,0.3030303030302946,0.031531271619058956
250,add_12_24,22,Birch,4.84,0.2616279069767442,0.04069767441860464
250,add_12_24,22,Birch,4.85,0.33766233766233766,0.03556639983799781
250,add_12_24,22,Birch,4.86,0.3103448275862069,0.02702082448170269
250,add_12_24,22,Birch,4.87,0.32634730538922163,0.044910179640718556
250,add_12_24,22,Birch,4.88,0.2962962962962963,0.02708598969370442
250,add_12_24,22,Birch,4.9,0.2857142857142857,0.038461538461538464
250,add_12_24,22,Birch,4.93,0.325,0.03563311371276641
100,add_12_24,22,Birch,4.67,0.4372340425531915,0.0262423327309447
100,add_12_24,22,Birch,4.7,0.5188118811881188,0.03578081386057954
100,add_12_24,22,Birch,4.72,0.4659574468085003,0.024274095972383974
100,add_12_24,22,Birch,4.73,0.47652173913043355,0.02437040173027378
100,add_12_24,22,Birch,4.74,0.5145631067961165,0.05177993527508093
100,add_12_24,22,Birch,4.75,0.478125,0.02676850265470596
100,add_12_24,22,Birch,4.76,0.5095238095238095,0.02348206879497369
100,add_12_24,22,Birch,4.77,0.4963924963924963,0.03125022774560998
100,add_12_24,22,Birch,4.78,0.4875,0.022438186696393754
100,add_12_24,22,Birch,4.79,0.4674796747967475,0.026500822785376594
100,add_12_24,22,Birch,4.81,0.5093795093795094,0.023129398682789497
100,add_12_24,22,Birch,4.82,0.4986301369863016,0.028521455909119215
100,add_12_24,22,Birch,4.83,0.4934210526315789,0.024246096422956595
100,add_12_24,22,Birch,4.84,0.45964912280701753,0.02718961361081762
100,add_12_24,22,Birch,4.85,0.5180878552971576,0.022966910639058355
100,add_12_24,22,Birch,4.86,0.5062189054726441,0.018529391145145534
100,add_12_24,22,Birch,4.87,0.5,0.03956834532374098
100,add_12_24,22,Birch,4.88,0.4826815642458098,0.020496018243401273
100,add_12_24,22,Birch,4.9,0.4900662251655629,0.02338289214457454
100,add_12_24,22,Birch,4.93,0.5185185185185185,0.03692151662625681
250,add_2_5_12,23,KMeans,4.67,0.0,0.0
250,add_2_5_12,23,KMeans,4.7,0.0,0.0
250,add_2_5_12,23,KMeans,4.72,0.0,0.0
250,add_2_5_12,23,KMeans,4.73,0.0,0.0
250,add_2_5_12,23,KMeans,4.74,0.0,0.0
250,add_2_5_12,23,KMeans,4.75,0.011627906976744333,0.008173663062265201
250,add_2_5_12,23,KMeans,4.76,0.05243445692883897,0.016325464208017504
250,add_2_5_12,23,KMeans,4.77,0.20425531914893616,0.033033138241701725
250,add_2_5_12,23,KMeans,4.78,0.5034722222222222,0.05457025571354758
250,add_2_5_12,23,KMeans,4.79,0.7060810810810803,0.03327316824931119
250,add_2_5_12,23,KMeans,4.81,0.9493670886076295,0.014818078414701464
250,add_2_5_12,23,KMeans,4.82,0.9965397923875414,0.003460207612456735
250,add_2_5_12,23,KMeans,4.83,1.0,0.0
250,add_2_5_12,23,KMeans,4.84,1.0,0.0
250,add_2_5_12,23,KMeans,4.85,1.0,0.0
250,add_2_5_12,23,KMeans,4.86,1.0,0.0
250,add_2_5_12,23,KMeans,4.87,1.0,0.0
250,add_2_5_12,23,KMeans,4.88,1.0,0.0
250,add_2_5_12,23,KMeans,4.9,1.0,0.0
250,add_2_5_12,23,KMeans,4.93,1.0,0.0
100,add_2_5_12,23,KMeans,4.67,0.0,0.0
100,add_2_5_12,23,KMeans,4.7,0.0,0.0
100,add_2_5_12,23,KMeans,4.72,0.0,0.0
100,add_2_5_12,23,KMeans,4.73,0.0,0.0
100,add_2_5_12,23,KMeans,4.74,0.0,0.0
100,add_2_5_12,23,KMeans,4.75,0.0125,0.006750771560841521
100,add_2_5_12,23,KMeans,4.76,0.05434782608695633,0.010869565217391306
100,add_2_5_12,23,KMeans,4.77,0.19480519480519592,0.017813909797415255
100,add_2_5_12,23,KMeans,4.78,0.4329446064139942,0.02332551316378389
100,add_2_5_12,23,KMeans,4.79,0.6854838709677418,0.03225806451612906
100,add_2_5_12,23,KMeans,4.81,0.9656488549618321,0.011450381679389277
100,add_2_5_12,23,KMeans,4.82,0.9916666666666667,0.00396329054671391
100,add_2_5_12,23,KMeans,4.83,0.9985119047619048,0.0014880952380952267
100,add_2_5_12,23,KMeans,4.84,0.9986979166666877,0.0013020833333332825
100,add_2_5_12,23,KMeans,4.85,1.0,0.0
100,add_2_5_12,23,KMeans,4.86,1.0,0.0
100,add_2_5_12,23,KMeans,4.87,1.0,0.0
100,add_2_5_12,23,KMeans,4.88,1.0,0.0
100,add_2_5_12,23,KMeans,4.9,1.0,0.0
100,add_2_5_12,23,KMeans,4.93,1.0,0.0
250,add_2_5_12,23,Agglomerative,4.67,0.0,0.0
250,add_2_5_12,23,Agglomerative,4.7,0.0,0.0
250,add_2_5_12,23,Agglomerative,4.72,0.006578947368421052,0.006578947368421054
250,add_2_5_12,23,Agglomerative,4.73,0.004761904761904762,0.004761904761904762
250,add_2_5_12,23,Agglomerative,4.74,0.021276595744680205,0.010465305890169467
250,add_2_5_12,23,Agglomerative,4.75,0.06666666666666667,0.03137254901960784
250,add_2_5_12,23,Agglomerative,4.76,0.13333333333333333,0.027209825085895565
250,add_2_5_12,23,Agglomerative,4.77,0.24999999999999484,0.031862421594418114
250,add_2_5_12,23,Agglomerative,4.78,0.4548611111111111,0.052083333333333315
250,add_2_5_12,23,Agglomerative,4.79,0.6013513513513513,0.04035241636749757
250,add_2_5_12,23,Agglomerative,4.81,0.8137254901960775,0.032883352610290975
250,add_2_5_12,23,Agglomerative,4.82,0.8432203389830444,0.02627401428946242
250,add_2_5_12,23,Agglomerative,4.83,0.8888888888888855,0.0224598998089746
250,add_2_5_12,23,Agglomerative,4.84,0.9349112426035475,0.01893491124260362
250,add_2_5_12,23,Agglomerative,4.85,0.9615384615384359,0.012136251844250264
250,add_2_5_12,23,Agglomerative,4.86,0.976470588235294,0.011764705882352955
250,add_2_5_12,23,Agglomerative,4.87,0.9909638554216871,0.009036144578313282
250,add_2_5_12,23,Agglomerative,4.88,0.9848484848484849,0.007688554215978982
250,add_2_5_12,23,Agglomerative,4.9,0.9937106918238994,0.004404243216263439
250,add_2_5_12,23,Agglomerative,4.93,1.0,0.0
100,add_2_5_12,23,Agglomerative,4.67,0.0,0.0
100,add_2_5_12,23,Agglomerative,4.7,0.0,0.0
100,add_2_5_12,23,Agglomerative,4.72,0.008896797153024914,0.005338078291814947
100,add_2_5_12,23,Agglomerative,4.73,0.031746031746031744,0.009164289987136918
100,add_2_5_12,23,Agglomerative,4.74,0.0584415584415584,0.011207962758229424
100,add_2_5_12,23,Agglomerative,4.75,0.18106312292358803,0.020495814392900196
100,add_2_5_12,23,Agglomerative,4.76,0.2857142857142857,0.0210338923773105
100,add_2_5_12,23,Agglomerative,4.77,0.3861671469740634,0.02305475504322768
100,add_2_5_12,23,Agglomerative,4.78,0.5295815295815296,0.020001532076630846
100,add_2_5_12,23,Agglomerative,4.79,0.6559139784946236,0.019875513452346658
100,add_2_5_12,23,Agglomerative,4.81,0.8867684478371504,0.023355673983060803
100,add_2_5_12,23,Agglomerative,4.82,0.928774928774933,0.009987562855481708
100,add_2_5_12,23,Agglomerative,4.83,0.9710526315789474,0.010635399695598402
100,add_2_5_12,23,Agglomerative,4.84,0.990979381443299,0.0033012083653221292
100,add_2_5_12,23,Agglomerative,4.85,0.9960317460317553,0.002263300894730306
100,add_2_5_12,23,Agglomerative,4.86,0.998684210526295,0.0013157894736841918
100,add_2_5_12,23,Agglomerative,4.87,1.0,0.0
100,add_2_5_12,23,Agglomerative,4.88,1.0,0.0
100,add_2_5_12,23,Agglomerative,4.9,1.0,0.0
100,add_2_5_12,23,Agglomerative,4.93,1.0,0.0
250,add_2_5_12,23,Spectral,4.67,0.0,0.0
250,add_2_5_12,23,Spectral,4.7,0.0,0.0
250,add_2_5_12,23,Spectral,4.72,0.09821428571428563,0.024989368487718256
250,add_2_5_12,23,Spectral,4.73,0.29914529914529886,0.036662582204320004
250,add_2_5_12,23,Spectral,4.74,0.5691056910569103,0.04688033575069426
250,add_2_5_12,23,Spectral,4.75,0.83203125,0.03515625
250,add_2_5_12,23,Spectral,4.76,0.9354838709677215,0.017475365770514607
250,add_2_5_12,23,Spectral,4.77,0.981684981684981,0.00921835706382273
250,add_2_5_12,23,Spectral,4.78,0.9965156794425043,0.0034843205574912766
250,add_2_5_12,23,Spectral,4.79,1.0,0.0
250,add_2_5_12,23,Spectral,4.81,1.0,0.0
250,add_2_5_12,23,Spectral,4.82,1.0,0.0
250,add_2_5_12,23,Spectral,4.83,1.0,0.0
250,add_2_5_12,23,Spectral,4.84,1.0,0.0
250,add_2_5_12,23,Spectral,4.85,1.0,0.0
250,add_2_5_12,23,Spectral,4.86,1.0,0.0
250,add_2_5_12,23,Spectral,4.87,1.0,0.0
250,add_2_5_12,23,Spectral,4.88,1.0,0.0
250,add_2_5_12,23,Spectral,4.9,1.0,0.0
250,add_2_5_12,23,Spectral,4.93,1.0,0.0
100,add_2_5_12,23,Spectral,4.67,0.0,0.0
100,add_2_5_12,23,Spectral,4.7,0.0,0.0
100,add_2_5_12,23,Spectral,4.72,0.06964285714285715,0.016104463402938907
100,add_2_5_12,23,Spectral,4.73,0.228282828282831,0.021103371930195583
100,add_2_5_12,23,Spectral,4.74,0.507563025210084,0.022633167419271485
100,add_2_5_12,23,Spectral,4.75,0.7771739130434884,0.017333600919091762
100,add_2_5_12,23,Spectral,4.76,0.9217687074829932,0.011705511131941819
100,add_2_5_12,23,Spectral,4.77,0.981240981240981,0.006289897465426665
100,add_2_5_12,23,Spectral,4.78,0.9972222222222222,0.002777777777777768
100,add_2_5_12,23,Spectral,4.79,1.0,0.0
100,add_2_5_12,23,Spectral,4.81,1.0,0.0
100,add_2_5_12,23,Spectral,4.82,1.0,0.0
100,add_2_5_12,23,Spectral,4.83,1.0,0.0
100,add_2_5_12,23,Spectral,4.84,1.0,0.0
100,add_2_5_12,23,Spectral,4.85,1.0,0.0
100,add_2_5_12,23,Spectral,4.86,1.0,0.0
100,add_2_5_12,23,Spectral,4.87,1.0,0.0
100,add_2_5_12,23,Spectral,4.88,1.0,0.0
100,add_2_5_12,23,Spectral,4.9,1.0,0.0
100,add_2_5_12,23,Spectral,4.93,1.0,0.0
250,add_2_5_12,23,Birch,4.67,0.0,0.0
250,add_2_5_12,23,Birch,4.7,0.0,0.0
250,add_2_5_12,23,Birch,4.72,0.006578947368421052,0.006578947368421054
250,add_2_5_12,23,Birch,4.73,0.004761904761904762,0.004761904761904762
250,add_2_5_12,23,Birch,4.74,0.021276595744680205,0.010465305890169467
250,add_2_5_12,23,Birch,4.75,0.06666666666666667,0.03137254901960784
250,add_2_5_12,23,Birch,4.76,0.13333333333333333,0.027209825085895565
250,add_2_5_12,23,Birch,4.77,0.24999999999999484,0.031862421594418114
250,add_2_5_12,23,Birch,4.78,0.4548611111111111,0.052083333333333315
250,add_2_5_12,23,Birch,4.79,0.6013513513513513,0.04035241636749757
250,add_2_5_12,23,Birch,4.81,0.8137254901960775,0.032883352610290975
250,add_2_5_12,23,Birch,4.82,0.8432203389830444,0.02627401428946242
250,add_2_5_12,23,Birch,4.83,0.8888888888888855,0.0224598998089746
250,add_2_5_12,23,Birch,4.84,0.9349112426035475,0.01893491124260362
250,add_2_5_12,23,Birch,4.85,0.9615384615384359,0.012136251844250264
250,add_2_5_12,23,Birch,4.86,0.976470588235294,0.011764705882352955
250,add_2_5_12,23,Birch,4.87,0.9909638554216871,0.009036144578313282
250,add_2_5_12,23,Birch,4.88,0.9848484848484849,0.007688554215978982
250,add_2_5_12,23,Birch,4.9,0.9937106918238994,0.004404243216263439
250,add_2_5_12,23,Birch,4.93,1.0,0.0
100,add_2_5_12,23,Birch,4.67,0.0,0.0
100,add_2_5_12,23,Birch,4.7,0.0,0.0
100,add_2_5_12,23,Birch,4.72,0.008896797153024914,0.005338078291814947
100,add_2_5_12,23,Birch,4.73,0.031746031746031744,0.009164289987136918
100,add_2_5_12,23,Birch,4.74,0.0584415584415584,0.011207962758229424
100,add_2_5_12,23,Birch,4.75,0.18106312292358803,0.020495814392900196
100,add_2_5_12,23,Birch,4.76,0.2857142857142857,0.0210338923773105
100,add_2_5_12,23,Birch,4.77,0.3861671469740634,0.02305475504322768
100,add_2_5_12,23,Birch,4.78,0.5295815295815296,0.020001532076630846
100,add_2_5_12,23,Birch,4.79,0.6559139784946236,0.019875513452346658
100,add_2_5_12,23,Birch,4.81,0.8867684478371504,0.023355673983060803
100,add_2_5_12,23,Birch,4.82,0.928774928774933,0.009987562855481708
100,add_2_5_12,23,Birch,4.83,0.9710526315789474,0.010635399695598402
100,add_2_5_12,23,Birch,4.84,0.990979381443299,0.0033012083653221292
100,add_2_5_12,23,Birch,4.85,0.9960317460317553,0.002263300894730306
100,add_2_5_12,23,Birch,4.86,0.998684210526295,0.0013157894736841918
100,add_2_5_12,23,Birch,4.87,1.0,0.0
100,add_2_5_12,23,Birch,4.88,1.0,0.0
100,add_2_5_12,23,Birch,4.9,1.0,0.0
100,add_2_5_12,23,Birch,4.93,1.0,0.0
250,add_2_5_24,23,KMeans,4.67,0.0,0.0
250,add_2_5_24,23,KMeans,4.7,0.0,0.0
250,add_2_5_24,23,KMeans,4.72,0.0,0.0
250,add_2_5_24,23,KMeans,4.73,0.0,0.0
250,add_2_5_24,23,KMeans,4.74,0.0,0.0
250,add_2_5_24,23,KMeans,4.75,0.011627906976744333,0.008173663062265201
250,add_2_5_24,23,KMeans,4.76,0.0555555555555537,0.016656259755463587
250,add_2_5_24,23,KMeans,4.77,0.2007168458781362,0.03637595543043806
250,add_2_5_24,23,KMeans,4.78,0.5069444444444444,0.055880128261913485
250,add_2_5_24,23,KMeans,4.79,0.7060810810810803,0.03404819309740788
250,add_2_5_24,23,KMeans,4.81,0.9578059071730304,0.013912407145453595
250,add_2_5_24,23,KMeans,4.82,0.9965397923875414,0.003460207612456735
250,add_2_5_24,23,KMeans,4.83,1.0,0.0
250,add_2_5_24,23,KMeans,4.84,1.0,0.0
250,add_2_5_24,23,KMeans,4.85,1.0,0.0
250,add_2_5_24,23,KMeans,4.86,1.0,0.0
250,add_2_5_24,23,KMeans,4.87,1.0,0.0
250,add_2_5_24,23,KMeans,4.88,1.0,0.0
250,add_2_5_24,23,KMeans,4.9,1.0,0.0
250,add_2_5_24,23,KMeans,4.93,1.0,0.0
100,add_2_5_24,23,KMeans,4.67,0.0,0.0
100,add_2_5_24,23,KMeans,4.7,0.0,0.0
100,add_2_5_24,23,KMeans,4.72,0.0,0.0
100,add_2_5_24,23,KMeans,4.73,0.0,0.0
100,add_2_5_24,23,KMeans,4.74,0.0,0.0
100,add_2_5_24,23,KMeans,4.75,0.010903426791277258,0.0077881619937694695
100,add_2_5_24,23,KMeans,4.76,0.05434782608695633,0.010869565217391306
100,add_2_5_24,23,KMeans,4.77,0.1976911976911977,0.01806347338907487
100,add_2_5_24,23,KMeans,4.78,0.425,0.02545875386086576
100,add_2_5_24,23,KMeans,4.79,0.6868279569892473,0.033602150537634434
100,add_2_5_24,23,KMeans,4.81,0.9656488549618321,0.011450381679389277
100,add_2_5_24,23,KMeans,4.82,0.9916666666666667,0.00396329054671391
100,add_2_5_24,23,KMeans,4.83,0.9985119047619048,0.0014880952380952267
100,add_2_5_24,23,KMeans,4.84,0.9986979166666877,0.0013020833333332825
100,add_2_5_24,23,KMeans,4.85,1.0,0.0
100,add_2_5_24,23,KMeans,4.86,1.0,0.0
100,add_2_5_24,23,KMeans,4.87,1.0,0.0
100,add_2_5_24,23,KMeans,4.88,1.0,0.0
100,add_2_5_24,23,KMeans,4.9,1.0,0.0
100,add_2_5_24,23,KMeans,4.93,1.0,0.0
250,add_2_5_24,23,Agglomerative,4.67,0.0,0.0
250,add_2_5_24,23,Agglomerative,4.7,0.0,0.0
250,add_2_5_24,23,Agglomerative,4.72,0.0,0.0
250,add_2_5_24,23,Agglomerative,4.73,0.006329113924050836,0.006329113924050634
250,add_2_5_24,23,Agglomerative,4.74,0.009433962264150853,0.006606364824395184
250,add_2_5_24,23,Agglomerative,4.75,0.047008547008546835,0.01965811965811966
250,add_2_5_24,23,Agglomerative,4.76,0.09469696969696985,0.02709904137127992
250,add_2_5_24,23,Agglomerative,4.77,0.18076923076923024,0.030194531752324578
250,add_2_5_24,23,Agglomerative,4.78,0.3515981735159777,0.033718231228121266
250,add_2_5_24,23,Agglomerative,4.79,0.5353535353535354,0.05344952143564827
250,add_2_5_24,23,Agglomerative,4.81,0.8057324840764332,0.047770700636942665
250,add_2_5_24,23,Agglomerative,4.82,0.9144144144144225,0.020343840600458244
250,add_2_5_24,23,Agglomerative,4.83,0.9568627450980448,0.014074006623471668
250,add_2_5_24,23,Agglomerative,4.84,0.9817629179331256,0.008263511669545998
250,add_2_5_24,23,Agglomerative,4.85,0.9957264957265043,0.004273504273504239
250,add_2_5_24,23,Agglomerative,4.86,0.9961240310077331,0.003875968992248048
250,add_2_5_24,23,Agglomerative,4.87,1.0,0.0
250,add_2_5_24,23,Agglomerative,4.88,1.0,0.0
250,add_2_5_24,23,Agglomerative,4.9,1.0,0.0
250,add_2_5_24,23,Agglomerative,4.93,1.0,0.0
100,add_2_5_24,23,Agglomerative,4.67,0.0,0.0
100,add_2_5_24,23,Agglomerative,4.7,0.0,0.0
100,add_2_5_24,23,Agglomerative,4.72,0.0,0.0
100,add_2_5_24,23,Agglomerative,4.73,0.0037593984962405037,0.0026405147250257487
100,add_2_5_24,23,Agglomerative,4.74,0.020146520146520148,0.006760047363792702
100,add_2_5_24,23,Agglomerative,4.75,0.048913043478262766,0.009822049517684952
100,add_2_5_24,23,Agglomerative,4.76,0.05555555555555621,0.01007605902930572
100,add_2_5_24,23,Agglomerative,4.77,0.12138728323699421,0.021756435049395402
100,add_2_5_24,23,Agglomerative,4.78,0.20634920634920545,0.019292556936682453
100,add_2_5_24,23,Agglomerative,4.79,0.34177215189873417,0.017424745835119756
100,add_2_5_24,23,Agglomerative,4.81,0.6388888888888888,0.022422155190869826
100,add_2_5_24,23,Agglomerative,4.82,0.7786885245901639,0.017864339932543775
100,add_2_5_24,23,Agglomerative,4.83,0.8794233289646141,0.014769892096441209
100,add_2_5_24,23,Agglomerative,4.84,0.9289044289044289,0.0174825174825175
100,add_2_5_24,23,Agglomerative,4.85,0.962532299741602,0.011627906976744207
100,add_2_5_24,23,Agglomerative,4.86,0.9842105263157999,0.004673742975529122
100,add_2_5_24,23,Agglomerative,4.87,0.9963942307692304,0.003605769230769218
100,add_2_5_24,23,Agglomerative,4.88,0.998750000000022,0.0012500000000000358
100,add_2_5_24,23,Agglomerative,4.9,0.9987922705313909,0.0012077294685990292
100,add_2_5_24,23,Agglomerative,4.93,1.0,0.0
250,add_2_5_24,23,Spectral,4.67,0.0,0.0
250,add_2_5_24,23,Spectral,4.7,0.0,0.0
250,add_2_5_24,23,Spectral,4.72,0.07211538461538461,0.02100031698830918
250,add_2_5_24,23,Spectral,4.73,0.2340425531914896,0.03980486581674405
250,add_2_5_24,23,Spectral,4.74,0.4795081967213113,0.04145899154506426
250,add_2_5_24,23,Spectral,4.75,0.796875,0.0390625
250,add_2_5_24,23,Spectral,4.76,0.9139784946236559,0.0196742640603094
250,add_2_5_24,23,Spectral,4.77,0.9787234042552881,0.01291192383907634
250,add_2_5_24,23,Spectral,4.78,1.0,0.0
250,add_2_5_24,23,Spectral,4.79,1.0,0.0
250,add_2_5_24,23,Spectral,4.81,1.0,0.0
250,add_2_5_24,23,Spectral,4.82,1.0,0.0
250,add_2_5_24,23,Spectral,4.83,1.0,0.0
250,add_2_5_24,23,Spectral,4.84,1.0,0.0
250,add_2_5_24,23,Spectral,4.85,1.0,0.0
250,add_2_5_24,23,Spectral,4.86,1.0,0.0
250,add_2_5_24,23,Spectral,4.87,1.0,0.0
250,add_2_5_24,23,Spectral,4.88,1.0,0.0
250,add_2_5_24,23,Spectral,4.9,1.0,0.0
250,add_2_5_24,23,Spectral,4.93,1.0,0.0
100,add_2_5_24,23,Spectral,4.67,0.0,0.0
100,add_2_5_24,23,Spectral,4.7,0.0,0.0
100,add_2_5_24,23,Spectral,4.72,0.048214285714285716,0.009616365727025905
100,add_2_5_24,23,Spectral,4.73,0.17123287671232876,0.019715696359696562
100,add_2_5_24,23,Spectral,4.74,0.44353518821603993,0.022450712868032994
100,add_2_5_24,23,Spectral,4.75,0.7253968253968269,0.022149216001911585
100,add_2_5_24,23,Spectral,4.76,0.9054054054054054,0.01657102662020582
100,add_2_5_24,23,Spectral,4.77,0.9725433526011561,0.008301391107713918
100,add_2_5_24,23,Spectral,4.78,0.9957983193277311,0.0029154985986920524
100,add_2_5_24,23,Spectral,4.79,1.0,0.0
100,add_2_5_24,23,Spectral,4.81,1.0,0.0
100,add_2_5_24,23,Spectral,4.82,1.0,0.0
100,add_2_5_24,23,Spectral,4.83,1.0,0.0
100,add_2_5_24,23,Spectral,4.84,1.0,0.0
100,add_2_5_24,23,Spectral,4.85,1.0,0.0
100,add_2_5_24,23,Spectral,4.86,1.0,0.0
100,add_2_5_24,23,Spectral,4.87,1.0,0.0
100,add_2_5_24,23,Spectral,4.88,1.0,0.0
100,add_2_5_24,23,Spectral,4.9,1.0,0.0
100,add_2_5_24,23,Spectral,4.93,1.0,0.0
250,add_2_5_24,23,Birch,4.67,0.0,0.0
250,add_2_5_24,23,Birch,4.7,0.0,0.0
250,add_2_5_24,23,Birch,4.72,0.0,0.0
250,add_2_5_24,23,Birch,4.73,0.006329113924050836,0.006329113924050634
250,add_2_5_24,23,Birch,4.74,0.009433962264150853,0.006606364824395184
250,add_2_5_24,23,Birch,4.75,0.047008547008546835,0.01965811965811966
250,add_2_5_24,23,Birch,4.76,0.09469696969696985,0.02709904137127992
250,add_2_5_24,23,Birch,4.77,0.18076923076923024,0.030194531752324578
250,add_2_5_24,23,Birch,4.78,0.3515981735159777,0.033718231228121266
250,add_2_5_24,23,Birch,4.79,0.5353535353535354,0.05344952143564827
250,add_2_5_24,23,Birch,4.81,0.8057324840764332,0.047770700636942665
250,add_2_5_24,23,Birch,4.82,0.9144144144144225,0.020343840600458244
250,add_2_5_24,23,Birch,4.83,0.9568627450980448,0.014074006623471668
250,add_2_5_24,23,Birch,4.84,0.9817629179331256,0.008263511669545998
250,add_2_5_24,23,Birch,4.85,0.9957264957265043,0.004273504273504239
250,add_2_5_24,23,Birch,4.86,0.9961240310077331,0.003875968992248048
250,add_2_5_24,23,Birch,4.87,1.0,0.0
250,add_2_5_24,23,Birch,4.88,1.0,0.0
250,add_2_5_24,23,Birch,4.9,1.0,0.0
250,add_2_5_24,23,Birch,4.93,1.0,0.0
100,add_2_5_24,23,Birch,4.67,0.0,0.0
100,add_2_5_24,23,Birch,4.7,0.0,0.0
100,add_2_5_24,23,Birch,4.72,0.0,0.0
100,add_2_5_24,23,Birch,4.73,0.0037593984962405037,0.0026405147250257487
100,add_2_5_24,23,Birch,4.74,0.020146520146520148,0.006760047363792702
100,add_2_5_24,23,Birch,4.75,0.048913043478262766,0.009822049517684952
100,add_2_5_24,23,Birch,4.76,0.05555555555555621,0.01007605902930572
100,add_2_5_24,23,Birch,4.77,0.12138728323699421,0.021756435049395402
100,add_2_5_24,23,Birch,4.78,0.20634920634920545,0.019292556936682453
100,add_2_5_24,23,Birch,4.79,0.34177215189873417,0.017424745835119756
100,add_2_5_24,23,Birch,4.81,0.6388888888888888,0.022422155190869826
100,add_2_5_24,23,Birch,4.82,0.7786885245901639,0.017864339932543775
100,add_2_5_24,23,Birch,4.83,0.8794233289646141,0.014769892096441209
100,add_2_5_24,23,Birch,4.84,0.9289044289044289,0.0174825174825175
100,add_2_5_24,23,Birch,4.85,0.962532299741602,0.011627906976744207
100,add_2_5_24,23,Birch,4.86,0.9842105263157999,0.004673742975529122
100,add_2_5_24,23,Birch,4.87,0.9963942307692304,0.003605769230769218
100,add_2_5_24,23,Birch,4.88,0.998750000000022,0.0012500000000000358
100,add_2_5_24,23,Birch,4.9,0.9987922705313909,0.0012077294685990292
100,add_2_5_24,23,Birch,4.93,1.0,0.0
250,add_2_12_24,23,KMeans,4.67,0.0,0.0
250,add_2_12_24,23,KMeans,4.7,0.0,0.0
250,add_2_12_24,23,KMeans,4.72,0.0,0.0
250,add_2_12_24,23,KMeans,4.73,0.0,0.0
250,add_2_12_24,23,KMeans,4.74,0.004716981132075426,0.004716981132075472
250,add_2_12_24,23,KMeans,4.75,0.020833333333332673,0.010250873589930038
250,add_2_12_24,23,KMeans,4.76,0.0797872340425519,0.01898715307189138
250,add_2_12_24,23,KMeans,4.77,0.2589928057553957,0.05035971223021583
250,add_2_12_24,23,KMeans,4.78,0.5798611111111112,0.052083333333333315
250,add_2_12_24,23,KMeans,4.79,0.780000000000033,0.028709622502611006
250,add_2_12_24,23,KMeans,4.81,0.9711538461538461,0.014687742612037969
250,add_2_12_24,23,KMeans,4.82,1.0,0.0
250,add_2_12_24,23,KMeans,4.83,1.0,0.0
250,add_2_12_24,23,KMeans,4.84,1.0,0.0
250,add_2_12_24,23,KMeans,4.85,1.0,0.0
250,add_2_12_24,23,KMeans,4.86,1.0,0.0
250,add_2_12_24,23,KMeans,4.87,1.0,0.0
250,add_2_12_24,23,KMeans,4.88,1.0,0.0
250,add_2_12_24,23,KMeans,4.9,1.0,0.0
250,add_2_12_24,23,KMeans,4.93,1.0,0.0
100,add_2_12_24,23,KMeans,4.67,0.0,0.0
100,add_2_12_24,23,KMeans,4.7,0.0,0.0
100,add_2_12_24,23,KMeans,4.72,0.0,0.0
100,add_2_12_24,23,KMeans,4.73,0.0,0.0
100,add_2_12_24,23,KMeans,4.74,0.0037453183520600015,0.0026332496251716075
100,add_2_12_24,23,KMeans,4.75,0.01875,0.008838834764831844
100,add_2_12_24,23,KMeans,4.76,0.08179012345679045,0.012001199109975148
100,add_2_12_24,23,KMeans,4.77,0.2674418604651154,0.018385335233537085
100,add_2_12_24,23,KMeans,4.78,0.5233236151603499,0.02323042302813682
100,add_2_12_24,23,KMeans,4.79,0.782258064516129,0.021505376344086002
100,add_2_12_24,23,KMeans,4.81,0.9808673469387759,0.006377551020408173
100,add_2_12_24,23,KMeans,4.82,0.9953416149068424,0.0026598005235087072
100,add_2_12_24,23,KMeans,4.83,1.0,0.0
100,add_2_12_24,23,KMeans,4.84,1.0,0.0
100,add_2_12_24,23,KMeans,4.85,1.0,0.0
100,add_2_12_24,23,KMeans,4.86,1.0,0.0
100,add_2_12_24,23,KMeans,4.87,1.0,0.0
100,add_2_12_24,23,KMeans,4.88,1.0,0.0
100,add_2_12_24,23,KMeans,4.9,1.0,0.0
100,add_2_12_24,23,KMeans,4.93,1.0,0.0
250,add_2_12_24,23,Agglomerative,4.67,0.0,0.0
250,add_2_12_24,23,Agglomerative,4.7,0.0,0.0
250,add_2_12_24,23,Agglomerative,4.72,0.0,0.0
250,add_2_12_24,23,Agglomerative,4.73,0.0,0.0
250,add_2_12_24,23,Agglomerative,4.74,0.0,0.0
250,add_2_12_24,23,Agglomerative,4.75,0.011627906976744333,0.008173663062265201
250,add_2_12_24,23,Agglomerative,4.76,0.027450980392156862,0.014071274602360124
250,add_2_12_24,23,Agglomerative,4.77,0.118705035971223,0.03237410071942446
250,add_2_12_24,23,Agglomerative,4.78,0.2326388888888889,0.03125
250,add_2_12_24,23,Agglomerative,4.79,0.3777777777777794,0.03517678195008522
250,add_2_12_24,23,Agglomerative,4.81,0.7229299363057324,0.03503184713375801
250,add_2_12_24,23,Agglomerative,4.82,0.8813559322033834,0.023683893358654565
250,add_2_12_24,23,Agglomerative,4.83,0.9047619047619132,0.02121932724560531
250,add_2_12_24,23,Agglomerative,4.84,0.9678362573099415,0.01547222988926659
250,add_2_12_24,23,Agglomerative,4.85,0.9836601307189533,0.009939154461271688
250,add_2_12_24,23,Agglomerative,4.86,0.9882352941176471,0.008318903308077078
250,add_2_12_24,23,Agglomerative,4.87,0.9920634920635105,0.005578049155109969
250,add_2_12_24,23,Agglomerative,4.88,0.9943502824858758,0.005649717514124297
250,add_2_12_24,23,Agglomerative,4.9,0.996376811594213,0.003623188405797088
250,add_2_12_24,23,Agglomerative,4.93,1.0,0.0
100,add_2_12_24,23,Agglomerative,4.67,0.0,0.0
100,add_2_12_24,23,Agglomerative,4.7,0.0,0.0
100,add_2_12_24,23,Agglomerative,4.72,0.0,0.0
100,add_2_12_24,23,Agglomerative,4.73,0.006060606060606231,0.003463203463203462
100,add_2_12_24,23,Agglomerative,4.74,0.014563106796116505,0.008090614886731393
100,add_2_12_24,23,Agglomerative,4.75,0.046875,0.012884705080055191
100,add_2_12_24,23,Agglomerative,4.76,0.1078431372549029,0.014345123558668732
100,add_2_12_24,23,Agglomerative,4.77,0.23453237410071942,0.025597765287276537
100,add_2_12_24,23,Agglomerative,4.78,0.38961038961038963,0.025079286204018277
100,add_2_12_24,23,Agglomerative,4.79,0.5659259259259259,0.021215781122265666
100,add_2_12_24,23,Agglomerative,4.81,0.862244897959183,0.018571708901225836
100,add_2_12_24,23,Agglomerative,4.82,0.9412568306010929,0.011883413798451595
100,add_2_12_24,23,Agglomerative,4.83,0.9710526315789474,0.008181911450077933
100,add_2_12_24,23,Agglomerative,4.84,0.9883449883449883,0.005080301798998456
100,add_2_12_24,23,Agglomerative,4.85,0.9974160206718348,0.0025839793281653978
100,add_2_12_24,23,Agglomerative,4.86,1.0,0.0
100,add_2_12_24,23,Agglomerative,4.87,1.0,0.0
100,add_2_12_24,23,Agglomerative,4.88,1.0,0.0
100,add_2_12_24,23,Agglomerative,4.9,1.0,0.0
100,add_2_12_24,23,Agglomerative,4.93,1.0,0.0
250,add_2_12_24,23,Spectral,4.67,0.0,0.0
250,add_2_12_24,23,Spectral,4.7,0.0,0.0
250,add_2_12_24,23,Spectral,4.72,0.05847953216374269,0.018884970017472538
250,add_2_12_24,23,Spectral,4.73,0.20512820512820498,0.037451115043088276
250,add_2_12_24,23,Spectral,4.74,0.43902439024390255,0.03920183236175998
250,add_2_12_24,23,Spectral,4.75,0.75390625,0.03573026753649022
250,add_2_12_24,23,Spectral,4.76,0.9130434782608695,0.020189431243809182
250,add_2_12_24,23,Spectral,4.77,0.9627659574467465,0.015571478023200686
250,add_2_12_24,23,Spectral,4.78,0.994845360824753,0.005154639175257769
250,add_2_12_24,23,Spectral,4.79,1.0,0.0
250,add_2_12_24,23,Spectral,4.81,1.0,0.0
250,add_2_12_24,23,Spectral,4.82,1.0,0.0
250,add_2_12_24,23,Spectral,4.83,1.0,0.0
250,add_2_12_24,23,Spectral,4.84,1.0,0.0
250,add_2_12_24,23,Spectral,4.85,1.0,0.0
250,add_2_12_24,23,Spectral,4.86,1.0,0.0
250,add_2_12_24,23,Spectral,4.87,1.0,0.0
250,add_2_12_24,23,Spectral,4.88,1.0,0.0
250,add_2_12_24,23,Spectral,4.9,1.0,0.0
250,add_2_12_24,23,Spectral,4.93,1.0,0.0
100,add_2_12_24,23,Spectral,4.67,0.0,0.0
100,add_2_12_24,23,Spectral,4.7,0.0,0.0
100,add_2_12_24,23,Spectral,4.72,0.05000000000000024,0.009166984970282111
100,add_2_12_24,23,Spectral,4.73,0.18632478632478633,0.020117268881948418
100,add_2_12_24,23,Spectral,4.74,0.4353518821603921,0.023058924392152805
100,add_2_12_24,23,Spectral,4.75,0.7122416534181222,0.02148470866731253
100,add_2_12_24,23,Spectral,4.76,0.9037593984962413,0.014423553453572066
100,add_2_12_24,23,Spectral,4.77,0.969135802469124,0.007404009625252097
100,add_2_12_24,23,Spectral,4.78,0.9957983193277311,0.0029154985986920524
100,add_2_12_24,23,Spectral,4.79,1.0,0.0
100,add_2_12_24,23,Spectral,4.81,1.0,0.0
100,add_2_12_24,23,Spectral,4.82,1.0,0.0
100,add_2_12_24,23,Spectral,4.83,1.0,0.0
100,add_2_12_24,23,Spectral,4.84,1.0,0.0
100,add_2_12_24,23,Spectral,4.85,1.0,0.0
100,add_2_12_24,23,Spectral,4.86,1.0,0.0
100,add_2_12_24,23,Spectral,4.87,1.0,0.0
100,add_2_12_24,23,Spectral,4.88,1.0,0.0
100,add_2_12_24,23,Spectral,4.9,1.0,0.0
100,add_2_12_24,23,Spectral,4.93,1.0,0.0
250,add_2_12_24,23,Birch,4.67,0.0,0.0
250,add_2_12_24,23,Birch,4.7,0.0,0.0
250,add_2_12_24,23,Birch,4.72,0.0,0.0
250,add_2_12_24,23,Birch,4.73,0.0,0.0
250,add_2_12_24,23,Birch,4.74,0.0,0.0
250,add_2_12_24,23,Birch,4.75,0.011627906976744333,0.008173663062265201
250,add_2_12_24,23,Birch,4.76,0.027450980392156862,0.014071274602360124
250,add_2_12_24,23,Birch,4.77,0.118705035971223,0.03237410071942446
250,add_2_12_24,23,Birch,4.78,0.2326388888888889,0.03125
250,add_2_12_24,23,Birch,4.79,0.3777777777777794,0.03517678195008522
250,add_2_12_24,23,Birch,4.81,0.7229299363057324,0.03503184713375801
250,add_2_12_24,23,Birch,4.82,0.8813559322033834,0.023683893358654565
250,add_2_12_24,23,Birch,4.83,0.9047619047619132,0.02121932724560531
250,add_2_12_24,23,Birch,4.84,0.9678362573099415,0.01547222988926659
250,add_2_12_24,23,Birch,4.85,0.9836601307189533,0.009939154461271688
250,add_2_12_24,23,Birch,4.86,0.9882352941176471,0.008318903308077078
250,add_2_12_24,23,Birch,4.87,0.9920634920635105,0.005578049155109969
250,add_2_12_24,23,Birch,4.88,0.9943502824858758,0.005649717514124297
250,add_2_12_24,23,Birch,4.9,0.996376811594213,0.003623188405797088
250,add_2_12_24,23,Birch,4.93,1.0,0.0
100,add_2_12_24,23,Birch,4.67,0.0,0.0
100,add_2_12_24,23,Birch,4.7,0.0,0.0
100,add_2_12_24,23,Birch,4.72,0.0,0.0
100,add_2_12_24,23,Birch,4.73,0.006060606060606231,0.003463203463203462
100,add_2_12_24,23,Birch,4.74,0.014563106796116505,0.008090614886731393
100,add_2_12_24,23,Birch,4.75,0.046875,0.012884705080055191
100,add_2_12_24,23,Birch,4.76,0.1078431372549029,0.014345123558668732
100,add_2_12_24,23,Birch,4.77,0.23453237410071942,0.025597765287276537
100,add_2_12_24,23,Birch,4.78,0.38961038961038963,0.025079286204018277
100,add_2_12_24,23,Birch,4.79,0.5659259259259259,0.021215781122265666
100,add_2_12_24,23,Birch,4.81,0.862244897959183,0.018571708901225836
100,add_2_12_24,23,Birch,4.82,0.9412568306010929,0.011883413798451595
100,add_2_12_24,23,Birch,4.83,0.9710526315789474,0.008181911450077933
100,add_2_12_24,23,Birch,4.84,0.9883449883449883,0.005080301798998456
100,add_2_12_24,23,Birch,4.85,0.9974160206718348,0.0025839793281653978
100,add_2_12_24,23,Birch,4.86,1.0,0.0
100,add_2_12_24,23,Birch,4.87,1.0,0.0
100,add_2_12_24,23,Birch,4.88,1.0,0.0
100,add_2_12_24,23,Birch,4.9,1.0,0.0
100,add_2_12_24,23,Birch,4.93,1.0,0.0
250,add_5_12_24,23,KMeans,4.67,0.5585106382978723,0.03433495874297358
250,add_5_12_24,23,KMeans,4.7,0.4752475247524752,0.05940594059405943
250,add_5_12_24,23,KMeans,4.72,0.6355555555555555,0.04239729784075312
250,add_5_12_24,23,KMeans,4.73,0.5256410256410257,0.038461538461538464
250,add_5_12_24,23,KMeans,4.74,0.4759036144578313,0.040114088013353394
250,add_5_12_24,23,KMeans,4.75,0.5282051282051353,0.03790191153613974
250,add_5_12_24,23,KMeans,4.76,0.5318352059925093,0.04781702372585654
250,add_5_12_24,23,KMeans,4.77,0.5106382978723455,0.036905515101342205
250,add_5_12_24,23,KMeans,4.78,0.5754385964912281,0.04054112283610997
250,add_5_12_24,23,KMeans,4.79,0.5925925925925926,0.03794420090769245
250,add_5_12_24,23,KMeans,4.81,0.5645161290322591,0.04171433277692651
250,add_5_12_24,23,KMeans,4.82,0.45959595959594873,0.03637680423075193
250,add_5_12_24,23,KMeans,4.83,0.5540983606557377,0.045607959813913315
250,add_5_12_24,23,KMeans,4.84,0.578125,0.03321920566479573
250,add_5_12_24,23,KMeans,4.85,0.5071428571428571,0.032330546848916314
250,add_5_12_24,23,KMeans,4.86,0.5470588235294118,0.041176470588235314
250,add_5_12_24,23,KMeans,4.87,0.5030120481927711,0.03758025556669256
250,add_5_12_24,23,KMeans,4.88,0.547486033519553,0.03351955307262572
250,add_5_12_24,23,KMeans,4.9,0.5944444444444437,0.033000988708399695
250,add_5_12_24,23,KMeans,4.93,0.5365079365079296,0.03615560523020826
100,add_5_12_24,23,KMeans,4.67,0.370488322717622,0.028662420382165626
100,add_5_12_24,23,KMeans,4.7,0.4404040404040404,0.02418222443695728
100,add_5_12_24,23,KMeans,4.72,0.3932384341637011,0.02669039145907473
100,add_5_12_24,23,KMeans,4.73,0.42346938775510207,0.026510981748503252
100,add_5_12_24,23,KMeans,4.74,0.44336569579288027,0.03236245954692557
100,add_5_12_24,23,KMeans,4.75,0.44444444444444814,0.022329270989090048
100,add_5_12_24,23,KMeans,4.76,0.45440956651718983,0.038777643560755914
100,add_5_12_24,23,KMeans,4.77,0.4550724637681162,0.027190815998976423
100,add_5_12_24,23,KMeans,4.78,0.42816500711237354,0.022092930786575177
100,add_5_12_24,23,KMeans,4.79,0.4233870967741937,0.037013242925309824
100,add_5_12_24,23,KMeans,4.81,0.4413333333333388,0.021115383265070963
100,add_5_12_24,23,KMeans,4.82,0.4709141274238227,0.02388722681491508
100,add_5_12_24,23,KMeans,4.83,0.44473684210526415,0.024451508534677827
100,add_5_12_24,23,KMeans,4.84,0.39649122807017545,0.02757854063754758
100,add_5_12_24,23,KMeans,4.85,0.4560723514211886,0.034401878438486674
100,add_5_12_24,23,KMeans,4.86,0.4516509433962264,0.024157744595612343
100,add_5_12_24,23,KMeans,4.87,0.44226044226043415,0.022962454824979713
100,add_5_12_24,23,KMeans,4.88,0.436426116838488,0.019959723474486366
100,add_5_12_24,23,KMeans,4.9,0.39120879120879054,0.024666189068158834
100,add_5_12_24,23,KMeans,4.93,0.4076086956521739,0.02934782608695652
250,add_5_12_24,23,Agglomerative,4.67,0.0427631578947358,0.013562847452689675
250,add_5_12_24,23,Agglomerative,4.7,0.10891089108910891,0.0396039603960396
250,add_5_12_24,23,Agglomerative,4.72,0.12077294685990338,0.029565274799660687
250,add_5_12_24,23,Agglomerative,4.73,0.1962025316455696,0.03174279126134955
250,add_5_12_24,23,Agglomerative,4.74,0.21951219512195122,0.033913257909941805
250,add_5_12_24,23,Agglomerative,4.75,0.21428571428571427,0.03984095364447979
250,add_5_12_24,23,Agglomerative,4.76,0.20000000000000046,0.030249507099101014
250,add_5_12_24,23,Agglomerative,4.77,0.22872340425532173,0.030873145088917975
250,add_5_12_24,23,Agglomerative,4.78,0.2374429223744332,0.030135448817691476
250,add_5_12_24,23,Agglomerative,4.79,0.24662162162162166,0.03716216216216216
250,add_5_12_24,23,Agglomerative,4.81,0.25796178343949044,0.06687898089171973
250,add_5_12_24,23,Agglomerative,4.82,0.3299319727891156,0.05010516960087157
250,add_5_12_24,23,Agglomerative,4.83,0.2862903225806452,0.03087755270886308
250,add_5_12_24,23,Agglomerative,4.84,0.2888198757763975,0.026368436502883966
250,add_5_12_24,23,Agglomerative,4.85,0.3474025974025972,0.031085295706374617
250,add_5_12_24,23,Agglomerative,4.86,0.28618421052631576,0.029026667859599647
250,add_5_12_24,23,Agglomerative,4.87,0.33532934131736525,0.047904191616766484
250,add_5_12_24,23,Agglomerative,4.88,0.3128491620111732,0.03351955307262572
250,add_5_12_24,23,Agglomerative,4.9,0.2833333333333333,0.03456711387362314
250,add_5_12_24,23,Agglomerative,4.93,0.3472222222222222,0.033448873829978604
100,add_5_12_24,23,Agglomerative,4.67,0.618895966029724,0.026283266248704758
100,add_5_12_24,23,Agglomerative,4.7,0.5883720930232463,0.027350819325699036
100,add_5_12_24,23,Agglomerative,4.72,0.6739130434782633,0.023958913167217828
100,add_5_12_24,23,Agglomerative,4.73,0.6887755102040818,0.022108843537414994
100,add_5_12_24,23,Agglomerative,4.74,0.6607142857142854,0.027724433890583332
100,add_5_12_24,23,Agglomerative,4.75,0.6538461538461489,0.025276110115297956
100,add_5_12_24,23,Agglomerative,4.76,0.6322869955156953,0.036705617811087256
100,add_5_12_24,23,Agglomerative,4.77,0.653968253968254,0.021867756955820907
100,add_5_12_24,23,Agglomerative,4.78,0.6414285714285685,0.023591061248360256
100,add_5_12_24,23,Agglomerative,4.79,0.6720430107526881,0.03712695515304605
100,add_5_12_24,23,Agglomerative,4.81,0.6653944020356234,0.024173027989821905
100,add_5_12_24,23,Agglomerative,4.82,0.628205128205124,0.020526248915991967
100,add_5_12_24,23,Agglomerative,4.83,0.653997378768021,0.027935906122757845
100,add_5_12_24,23,Agglomerative,4.84,0.7052631578947368,0.024575323262515464
100,add_5_12_24,23,Agglomerative,4.85,0.6550387596899228,0.030764550128658016
100,add_5_12_24,23,Agglomerative,4.86,0.643966547192357,0.02037145063243589
100,add_5_12_24,23,Agglomerative,4.87,0.6402877697841727,0.021582733812949617
100,add_5_12_24,23,Agglomerative,4.88,0.6517857142857143,0.022888212302202
100,add_5_12_24,23,Agglomerative,4.9,0.6638554216867378,0.020324889328629015
100,add_5_12_24,23,Agglomerative,4.93,0.6324884792626593,0.024902640920612822
250,add_5_12_24,23,Spectral,4.67,0.31578947368422094,0.02703387570348296
250,add_5_12_24,23,Spectral,4.7,0.4117647058823529,0.043118627419872366
250,add_5_12_24,23,Spectral,4.72,0.28888888888888875,0.05239922721134043
250,add_5_12_24,23,Spectral,4.73,0.41358024691358025,0.037049894887463346
250,add_5_12_24,23,Spectral,4.74,0.4146341463414634,0.03882060613435226
250,add_5_12_24,23,Spectral,4.75,0.4019607843137255,0.03860736848134204
250,add_5_12_24,23,Spectral,4.76,0.40336134453781697,0.03789285506573863
250,add_5_12_24,23,Spectral,4.77,0.41489361702126626,0.03435710318819271
250,add_5_12_24,23,Spectral,4.78,0.37894736842105287,0.03867615383341861
250,add_5_12_24,23,Spectral,4.79,0.37037037037037024,0.055427870818701416
250,add_5_12_24,23,Spectral,4.81,0.3935483870967742,0.04322527148869198
250,add_5_12_24,23,Spectral,4.82,0.49583333333332896,0.03301203271229239
250,add_5_12_24,23,Spectral,4.83,0.39016393442622926,0.039954287235914564
250,add_5_12_24,23,Spectral,4.84,0.390625,0.034301607869301934
250,add_5_12_24,23,Spectral,4.85,0.4358974358974401,0.03275212172607715
250,add_5_12_24,23,Spectral,4.86,0.3941176470588235,0.03529411764705881
250,add_5_12_24,23,Spectral,4.87,0.4365079365079319,0.03479130766162305
250,add_5_12_24,23,Spectral,4.88,0.4056338028169014,0.03001024753896129
250,add_5_12_24,23,Spectral,4.9,0.33516483516483514,0.03467783192080857
250,add_5_12_24,23,Spectral,4.93,0.4158730158730159,0.03514335714600712
100,add_5_12_24,23,Spectral,4.67,0.21656050955414008,0.025543969035065735
100,add_5_12_24,23,Spectral,4.7,0.29960317460317337,0.027874239849928484
100,add_5_12_24,23,Spectral,4.72,0.26071428571428573,0.02141754566430738
100,add_5_12_24,23,Spectral,4.73,0.32142857142857145,0.029440277035371405
100,add_5_12_24,23,Spectral,4.74,0.31006493506493504,0.03201799175862987
100,add_5_12_24,23,Spectral,4.75,0.3210702341137074,0.022341092619621656
100,add_5_12_24,23,Spectral,4.76,0.35276532137518685,0.03278282839979271
100,add_5_12_24,23,Spectral,4.77,0.33650793650793653,0.022264903636872117
100,add_5_12_24,23,Spectral,4.78,0.32361111111111135,0.02538287067013483
100,add_5_12_24,23,Spectral,4.79,0.3293010752688172,0.033816520498411606
100,add_5_12_24,23,Spectral,4.81,0.35555555555555557,0.020353765698895833
100,add_5_12_24,23,Spectral,4.82,0.38,0.023208952199202673
100,add_5_12_24,23,Spectral,4.83,0.3592105263157895,0.02544615737607071
100,add_5_12_24,23,Spectral,4.84,0.3162901307966722,0.024024154033612743
100,add_5_12_24,23,Spectral,4.85,0.3733850129198966,0.038391881028691545
100,add_5_12_24,23,Spectral,4.86,0.3609467455621302,0.025459836229969744
100,add_5_12_24,23,Spectral,4.87,0.34292565947242204,0.040767386091127095
100,add_5_12_24,23,Spectral,4.88,0.33370535714285715,0.021002995228832498
100,add_5_12_24,23,Spectral,4.9,0.3120879120879121,0.021204330605723534
100,add_5_12_24,23,Spectral,4.93,0.35150166852057685,0.024871059540087607
250,add_5_12_24,23,Birch,4.67,0.0427631578947358,0.013562847452689675
250,add_5_12_24,23,Birch,4.7,0.10891089108910891,0.0396039603960396
250,add_5_12_24,23,Birch,4.72,0.12077294685990338,0.029565274799660687
250,add_5_12_24,23,Birch,4.73,0.1962025316455696,0.03174279126134955
250,add_5_12_24,23,Birch,4.74,0.21951219512195122,0.033913257909941805
250,add_5_12_24,23,Birch,4.75,0.21428571428571427,0.03984095364447979
250,add_5_12_24,23,Birch,4.76,0.20000000000000046,0.030249507099101014
250,add_5_12_24,23,Birch,4.77,0.22872340425532173,0.030873145088917975
250,add_5_12_24,23,Birch,4.78,0.2374429223744332,0.030135448817691476
250,add_5_12_24,23,Birch,4.79,0.24662162162162166,0.03716216216216216
250,add_5_12_24,23,Birch,4.81,0.25796178343949044,0.06687898089171973
250,add_5_12_24,23,Birch,4.82,0.3299319727891156,0.05010516960087157
250,add_5_12_24,23,Birch,4.83,0.2862903225806452,0.03087755270886308
250,add_5_12_24,23,Birch,4.84,0.2888198757763975,0.026368436502883966
250,add_5_12_24,23,Birch,4.85,0.3474025974025972,0.031085295706374617
250,add_5_12_24,23,Birch,4.86,0.28618421052631576,0.029026667859599647
250,add_5_12_24,23,Birch,4.87,0.33532934131736525,0.047904191616766484
250,add_5_12_24,23,Birch,4.88,0.3128491620111732,0.03351955307262572
250,add_5_12_24,23,Birch,4.9,0.2833333333333333,0.03456711387362314
250,add_5_12_24,23,Birch,4.93,0.3472222222222222,0.033448873829978604
100,add_5_12_24,23,Birch,4.67,0.618895966029724,0.026283266248704758
100,add_5_12_24,23,Birch,4.7,0.5883720930232463,0.027350819325699036
100,add_5_12_24,23,Birch,4.72,0.6739130434782633,0.023958913167217828
100,add_5_12_24,23,Birch,4.73,0.6887755102040818,0.022108843537414994
100,add_5_12_24,23,Birch,4.74,0.6607142857142854,0.027724433890583332
100,add_5_12_24,23,Birch,4.75,0.6538461538461489,0.025276110115297956
100,add_5_12_24,23,Birch,4.76,0.6322869955156953,0.036705617811087256
100,add_5_12_24,23,Birch,4.77,0.653968253968254,0.021867756955820907
100,add_5_12_24,23,Birch,4.78,0.6414285714285685,0.023591061248360256
100,add_5_12_24,23,Birch,4.79,0.6720430107526881,0.03712695515304605
100,add_5_12_24,23,Birch,4.81,0.6653944020356234,0.024173027989821905
100,add_5_12_24,23,Birch,4.82,0.628205128205124,0.020526248915991967
100,add_5_12_24,23,Birch,4.83,0.653997378768021,0.027935906122757845
100,add_5_12_24,23,Birch,4.84,0.7052631578947368,0.024575323262515464
100,add_5_12_24,23,Birch,4.85,0.6550387596899228,0.030764550128658016
100,add_5_12_24,23,Birch,4.86,0.643966547192357,0.02037145063243589
100,add_5_12_24,23,Birch,4.87,0.6402877697841727,0.021582733812949617
100,add_5_12_24,23,Birch,4.88,0.6517857142857143,0.022888212302202
100,add_5_12_24,23,Birch,4.9,0.6638554216867378,0.020324889328629015
100,add_5_12_24,23,Birch,4.93,0.6324884792626593,0.024902640920612822
250,add_2_5_12_24,24,KMeans,4.67,0.0,0.0
250,add_2_5_12_24,24,KMeans,4.7,0.0,0.0
250,add_2_5_12_24,24,KMeans,4.72,0.0,0.0
250,add_2_5_12_24,24,KMeans,4.73,0.0,0.0
250,add_2_5_12_24,24,KMeans,4.74,0.0,0.0
250,add_2_5_12_24,24,KMeans,4.75,0.011627906976744333,0.008173663062265201
250,add_2_5_12_24,24,KMeans,4.76,0.05978260869565344,0.017005927875777285
250,add_2_5_12_24,24,KMeans,4.77,0.20425531914893616,0.033033138241701725
250,add_2_5_12_24,24,KMeans,4.78,0.5,0.053454181660905056
250,add_2_5_12_24,24,KMeans,4.79,0.7060810810810803,0.03404819309740788
250,add_2_5_12_24,24,KMeans,4.81,0.9578059071730304,0.013912407145453595
250,add_2_5_12_24,24,KMeans,4.82,0.9965397923875414,0.003460207612456735
250,add_2_5_12_24,24,KMeans,4.83,1.0,0.0
250,add_2_5_12_24,24,KMeans,4.84,1.0,0.0
250,add_2_5_12_24,24,KMeans,4.85,1.0,0.0
250,add_2_5_12_24,24,KMeans,4.86,1.0,0.0
250,add_2_5_12_24,24,KMeans,4.87,1.0,0.0
250,add_2_5_12_24,24,KMeans,4.88,1.0,0.0
250,add_2_5_12_24,24,KMeans,4.9,1.0,0.0
250,add_2_5_12_24,24,KMeans,4.93,1.0,0.0
100,add_2_5_12_24,24,KMeans,4.67,0.0,0.0
100,add_2_5_12_24,24,KMeans,4.7,0.0,0.0
100,add_2_5_12_24,24,KMeans,4.72,0.0,0.0
100,add_2_5_12_24,24,KMeans,4.73,0.0,0.0
100,add_2_5_12_24,24,KMeans,4.74,0.0,0.0
100,add_2_5_12_24,24,KMeans,4.75,0.0125,0.006750771560841521
100,add_2_5_12_24,24,KMeans,4.76,0.055737704918033204,0.01181010731431335
100,add_2_5_12_24,24,KMeans,4.77,0.19336219336219393,0.01692069177425481
100,add_2_5_12_24,24,KMeans,4.78,0.4300291545189478,0.02323994955018106
100,add_2_5_12_24,24,KMeans,4.79,0.6868279569892473,0.033602150537634434
100,add_2_5_12_24,24,KMeans,4.81,0.9656488549618321,0.011450381679389277
100,add_2_5_12_24,24,KMeans,4.82,0.9916666666666667,0.00396329054671391
100,add_2_5_12_24,24,KMeans,4.83,0.9985119047619048,0.0014880952380952267
100,add_2_5_12_24,24,KMeans,4.84,0.9986979166666877,0.0013020833333332825
100,add_2_5_12_24,24,KMeans,4.85,1.0,0.0
100,add_2_5_12_24,24,KMeans,4.86,1.0,0.0
100,add_2_5_12_24,24,KMeans,4.87,1.0,0.0
100,add_2_5_12_24,24,KMeans,4.88,1.0,0.0
100,add_2_5_12_24,24,KMeans,4.9,1.0,0.0
100,add_2_5_12_24,24,KMeans,4.93,1.0,0.0
250,add_2_5_12_24,24,Agglomerative,4.67,0.0,0.0
250,add_2_5_12_24,24,Agglomerative,4.7,0.0,0.0
250,add_2_5_12_24,24,Agglomerative,4.72,0.0,0.0
250,add_2_5_12_24,24,Agglomerative,4.73,0.0,0.0
250,add_2_5_12_24,24,Agglomerative,4.74,0.006024096385542169,0.006024096385542168
250,add_2_5_12_24,24,Agglomerative,4.75,0.023255813953488667,0.011420865370583747
250,add_2_5_12_24,24,Agglomerative,4.76,0.0555555555555537,0.016656259755463587
250,add_2_5_12_24,24,Agglomerative,4.77,0.125,0.028463752127665515
250,add_2_5_12_24,24,Agglomerative,4.78,0.24999999999999462,0.030121781015790203
250,add_2_5_12_24,24,Agglomerative,4.79,0.375,0.057432432432432456
250,add_2_5_12_24,24,Agglomerative,4.81,0.7070063694267514,0.04458598726114654
250,add_2_5_12_24,24,Agglomerative,4.82,0.8535353535353535,0.02613386764253208
250,add_2_5_12_24,24,Agglomerative,4.83,0.8778877887788776,0.04015024772474076
250,add_2_5_12_24,24,Agglomerative,4.84,0.9269005847953208,0.02352847505764778
250,add_2_5_12_24,24,Agglomerative,4.85,0.9774193548387097,0.016129032258064502
250,add_2_5_12_24,24,Agglomerative,4.86,0.9882352941176471,0.011764705882352955
250,add_2_5_12_24,24,Agglomerative,4.87,0.9960317460317553,0.003968253968254019
250,add_2_5_12_24,24,Agglomerative,4.88,0.9719101123595506,0.013373461476671953
250,add_2_5_12_24,24,Agglomerative,4.9,0.992753623188426,0.005095730771070585
250,add_2_5_12_24,24,Agglomerative,4.93,1.0,0.0
100,add_2_5_12_24,24,Agglomerative,4.67,0.0,0.0
100,add_2_5_12_24,24,Agglomerative,4.7,0.0,0.0
100,add_2_5_12_24,24,Agglomerative,4.72,0.004255319148936251,0.002992744072435202
100,add_2_5_12_24,24,Agglomerative,4.73,0.022222222222222903,0.006968367369494739
100,add_2_5_12_24,24,Agglomerative,4.74,0.07804878048780488,0.015973075369421545
100,add_2_5_12_24,24,Agglomerative,4.75,0.14485981308411214,0.017133956386292837
100,add_2_5_12_24,24,Agglomerative,4.76,0.23611111111110847,0.018904362427186638
100,add_2_5_12_24,24,Agglomerative,4.77,0.38088235294117556,0.0201703922416841
100,add_2_5_12_24,24,Agglomerative,4.78,0.5049088359046283,0.024805984264920616
100,add_2_5_12_24,24,Agglomerative,4.79,0.6639566395663956,0.01992607204587094
100,add_2_5_12_24,24,Agglomerative,4.81,0.8602564102564119,0.0166243475124616
100,add_2_5_12_24,24,Agglomerative,4.82,0.9464285714285714,0.009905360646879057
100,add_2_5_12_24,24,Agglomerative,4.83,0.9640957446808527,0.00840330140919114
100,add_2_5_12_24,24,Agglomerative,4.84,0.9801864801864801,0.006489235854114261
100,add_2_5_12_24,24,Agglomerative,4.85,0.9929577464788422,0.003657325639437148
100,add_2_5_12_24,24,Agglomerative,4.86,0.9947368421052318,0.002589245157843606
100,add_2_5_12_24,24,Agglomerative,4.87,0.9986559139784946,0.0013440860215054098
100,add_2_5_12_24,24,Agglomerative,4.88,1.0,0.0
100,add_2_5_12_24,24,Agglomerative,4.9,1.0,0.0
100,add_2_5_12_24,24,Agglomerative,4.93,1.0,0.0
250,add_2_5_12_24,24,Spectral,4.67,0.0,0.0
250,add_2_5_12_24,24,Spectral,4.7,0.0,0.0
250,add_2_5_12_24,24,Spectral,4.72,0.05847953216374269,0.018884970017472538
250,add_2_5_12_24,24,Spectral,4.73,0.22844827586206906,0.04472523682837179
250,add_2_5_12_24,24,Spectral,4.74,0.44939271255060864,0.04155142865948891
250,add_2_5_12_24,24,Spectral,4.75,0.77734375,0.03793958928211835
250,add_2_5_12_24,24,Spectral,4.76,0.9032258064515925,0.02059491606674401
250,add_2_5_12_24,24,Spectral,4.77,0.9680851063829684,0.014759008661413829
250,add_2_5_12_24,24,Spectral,4.78,0.994845360824753,0.005154639175257769
250,add_2_5_12_24,24,Spectral,4.79,1.0,0.0
250,add_2_5_12_24,24,Spectral,4.81,1.0,0.0
250,add_2_5_12_24,24,Spectral,4.82,1.0,0.0
250,add_2_5_12_24,24,Spectral,4.83,1.0,0.0
250,add_2_5_12_24,24,Spectral,4.84,1.0,0.0
250,add_2_5_12_24,24,Spectral,4.85,1.0,0.0
250,add_2_5_12_24,24,Spectral,4.86,1.0,0.0
250,add_2_5_12_24,24,Spectral,4.87,1.0,0.0
250,add_2_5_12_24,24,Spectral,4.88,1.0,0.0
250,add_2_5_12_24,24,Spectral,4.9,1.0,0.0
250,add_2_5_12_24,24,Spectral,4.93,1.0,0.0
100,add_2_5_12_24,24,Spectral,4.67,0.0,0.0
100,add_2_5_12_24,24,Spectral,4.7,0.0,0.0
100,add_2_5_12_24,24,Spectral,4.72,0.04092526690391459,0.012455516014234877
100,add_2_5_12_24,24,Spectral,4.73,0.15087719298245614,0.019640766811399615
100,add_2_5_12_24,24,Spectral,4.74,0.38474025974025916,0.023636720419741967
100,add_2_5_12_24,24,Spectral,4.75,0.6727574750830612,0.02270403331811485
100,add_2_5_12_24,24,Spectral,4.76,0.8784194528875365,0.016754480783115856
100,add_2_5_12_24,24,Spectral,4.77,0.956790123456796,0.00786314485423623
100,add_2_5_12_24,24,Spectral,4.78,0.9937205651491166,0.0030869453069079177
100,add_2_5_12_24,24,Spectral,4.79,1.0,0.0
100,add_2_5_12_24,24,Spectral,4.81,1.0,0.0
100,add_2_5_12_24,24,Spectral,4.82,1.0,0.0
100,add_2_5_12_24,24,Spectral,4.83,1.0,0.0
100,add_2_5_12_24,24,Spectral,4.84,1.0,0.0
100,add_2_5_12_24,24,Spectral,4.85,1.0,0.0
100,add_2_5_12_24,24,Spectral,4.86,1.0,0.0
100,add_2_5_12_24,24,Spectral,4.87,1.0,0.0
100,add_2_5_12_24,24,Spectral,4.88,1.0,0.0
100,add_2_5_12_24,24,Spectral,4.9,1.0,0.0
100,add_2_5_12_24,24,Spectral,4.93,1.0,0.0
250,add_2_5_12_24,24,Birch,4.67,0.0,0.0
250,add_2_5_12_24,24,Birch,4.7,0.0,0.0
250,add_2_5_12_24,24,Birch,4.72,0.0,0.0
250,add_2_5_12_24,24,Birch,4.73,0.0,0.0
250,add_2_5_12_24,24,Birch,4.74,0.006024096385542169,0.006024096385542168
250,add_2_5_12_24,24,Birch,4.75,0.023255813953488667,0.011420865370583747
250,add_2_5_12_24,24,Birch,4.76,0.0555555555555537,0.016656259755463587
250,add_2_5_12_24,24,Birch,4.77,0.125,0.028463752127665515
250,add_2_5_12_24,24,Birch,4.78,0.24999999999999462,0.030121781015790203
250,add_2_5_12_24,24,Birch,4.79,0.375,0.057432432432432456
250,add_2_5_12_24,24,Birch,4.81,0.7070063694267514,0.04458598726114654
250,add_2_5_12_24,24,Birch,4.82,0.8535353535353535,0.02613386764253208
250,add_2_5_12_24,24,Birch,4.83,0.8778877887788776,0.04015024772474076
250,add_2_5_12_24,24,Birch,4.84,0.9269005847953208,0.02352847505764778
250,add_2_5_12_24,24,Birch,4.85,0.9774193548387097,0.016129032258064502
250,add_2_5_12_24,24,Birch,4.86,0.9882352941176471,0.011764705882352955
250,add_2_5_12_24,24,Birch,4.87,0.9960317460317553,0.003968253968254019
250,add_2_5_12_24,24,Birch,4.88,0.9719101123595506,0.013373461476671953
250,add_2_5_12_24,24,Birch,4.9,0.992753623188426,0.005095730771070585
250,add_2_5_12_24,24,Birch,4.93,1.0,0.0
100,add_2_5_12_24,24,Birch,4.67,0.0,0.0
100,add_2_5_12_24,24,Birch,4.7,0.0,0.0
100,add_2_5_12_24,24,Birch,4.72,0.004255319148936251,0.002992744072435202
100,add_2_5_12_24,24,Birch,4.73,0.022222222222222903,0.006968367369494739
100,add_2_5_12_24,24,Birch,4.74,0.07804878048780488,0.015973075369421545
100,add_2_5_12_24,24,Birch,4.75,0.14485981308411214,0.017133956386292837
100,add_2_5_12_24,24,Birch,4.76,0.23611111111110847,0.018904362427186638
100,add_2_5_12_24,24,Birch,4.77,0.38088235294117556,0.0201703922416841
100,add_2_5_12_24,24,Birch,4.78,0.5049088359046283,0.024805984264920616
100,add_2_5_12_24,24,Birch,4.79,0.6639566395663956,0.01992607204587094
100,add_2_5_12_24,24,Birch,4.81,0.8602564102564119,0.0166243475124616
100,add_2_5_12_24,24,Birch,4.82,0.9464285714285714,0.009905360646879057
100,add_2_5_12_24,24,Birch,4.83,0.9640957446808527,0.00840330140919114
100,add_2_5_12_24,24,Birch,4.84,0.9801864801864801,0.006489235854114261
100,add_2_5_12_24,24,Birch,4.85,0.9929577464788422,0.003657325639437148
100,add_2_5_12_24,24,Birch,4.86,0.9947368421052318,0.002589245157843606
100,add_2_5_12_24,24,Birch,4.87,0.9986559139784946,0.0013440860215054098
100,add_2_5_12_24,24,Birch,4.88,1.0,0.0
100,add_2_5_12_24,24,Birch,4.9,1.0,0.0
100,add_2_5_12_24,24,Birch,4.93,1.0,0.0
