stride,feature_set,n_features,model,K0,chi,chi_err
5000,30,30,KMeans,4.67,0,0
5000,30,30,KMeans,4.7,0,0
5000,30,30,KMeans,4.72,0,0
5000,30,30,KMeans,4.73,0,0
5000,30,30,KMeans,4.74,0,0
5000,30,30,KMeans,4.75,0,0
5000,30,30,KMeans,4.76,0,0
5000,30,30,KMeans,4.77,0.125,0.125
5000,30,30,KMeans,4.78,0.125,0.125
5000,30,30,KMeans,4.79,0.125,0.125
5000,30,30,KMeans,4.81,0,0
5000,30,30,KMeans,4.82,0,0
5000,30,30,KMeans,4.83,0,0
5000,30,30,KMeans,4.84,0,0
5000,30,30,KMeans,4.85,0,0
5000,30,30,KMeans,4.86,0,0
5000,30,30,KMeans,4.87,0,0
5000,30,30,KMeans,4.88,0,0
5000,30,30,KMeans,4.9,0,0
5000,30,30,KMeans,4.93,0,0
1000,30,30,KMeans,4.67,0,0
1000,30,30,KMeans,4.7,0,0
1000,30,30,KMeans,4.72,0,0
1000,30,30,KMeans,4.73,0,0
1000,30,30,KMeans,4.74,0,0
1000,30,30,KMeans,4.75,0.0303030303030304,0.0303030303030303
1000,30,30,KMeans,4.76,0.0572048393825618,0.039840922440762
1000,30,30,KMeans,4.77,0.185633001422473,0.0388296333669017
1000,30,30,KMeans,4.78,0.246952757387539,0.0130621204786287
1000,30,30,KMeans,4.79,0.170697012802273,0.040958245261036
1000,30,30,KMeans,4.81,0.0249999999999995,0.025
1000,30,30,KMeans,4.82,0,0
1000,30,30,KMeans,4.83,0,0
1000,30,30,KMeans,4.84,0,0
1000,30,30,KMeans,4.85,0,0
1000,30,30,KMeans,4.86,0,0
1000,30,30,KMeans,4.87,0,0
1000,30,30,KMeans,4.88,0,0
1000,30,30,KMeans,4.9,0,0
1000,30,30,KMeans,4.93,0,0
500,30,30,KMeans,4.67,0,0
500,30,30,KMeans,4.7,0,0
500,30,30,KMeans,4.72,0,0
500,30,30,KMeans,4.73,0,0
500,30,30,KMeans,4.74,0,0
500,30,30,KMeans,4.75,0.0153846153846154,0.0153846153846154
500,30,30,KMeans,4.76,0.0573840070812592,0.0262358181230406
500,30,30,KMeans,4.77,0.162318840579703,0.0297423872329548
500,30,30,KMeans,4.78,0.252160493827156,0.00353133506437764
500,30,30,KMeans,4.79,0.189873417721528,0.0249834539408319
500,30,30,KMeans,4.81,0.0348537005163517,0.0193760637573251
500,30,30,KMeans,4.82,0,0
500,30,30,KMeans,4.83,0,0
500,30,30,KMeans,4.84,0,0
500,30,30,KMeans,4.85,0,0
500,30,30,KMeans,4.86,0,0
500,30,30,KMeans,4.87,0,0
500,30,30,KMeans,4.88,0,0
500,30,30,KMeans,4.9,0,0
500,30,30,KMeans,4.93,0,0
250,30,30,KMeans,4.67,0,0
250,30,30,KMeans,4.7,0,0
250,30,30,KMeans,4.72,0,0
250,30,30,KMeans,4.73,0,0
250,30,30,KMeans,4.74,0,0
250,30,30,KMeans,4.75,0.0205043768525449,0.00992544903151956
250,30,30,KMeans,4.76,0.0659936481808906,0.0158368126913957
250,30,30,KMeans,4.77,0.178010302657211,0.0204673569248348
250,30,30,KMeans,4.78,0.250333369311629,0.00559918557300759
250,30,30,KMeans,4.79,0.191217127908578,0.0153341392500426
250,30,30,KMeans,4.81,0.0366763565445351,0.011168078043929
250,30,30,KMeans,4.82,0,0
250,30,30,KMeans,4.83,0,0
250,30,30,KMeans,4.84,0,0
250,30,30,KMeans,4.85,0,0
250,30,30,KMeans,4.86,0,0
250,30,30,KMeans,4.87,0,0
250,30,30,KMeans,4.88,0,0
250,30,30,KMeans,4.9,0,0
250,30,30,KMeans,4.93,0,0
100,30,30,KMeans,4.67,0,0
100,30,30,KMeans,4.7,0,0
100,30,30,KMeans,4.72,0,0
100,30,30,KMeans,4.73,0,0
100,30,30,KMeans,4.74,0.00187265917603002,0.00187265917602996
100,30,30,KMeans,4.75,0.0123519423475181,0.00662808111532028
100,30,30,KMeans,4.76,0.0650073255357553,0.0112088880462781
100,30,30,KMeans,4.77,0.176930357596616,0.010598519245924
100,30,30,KMeans,4.78,0.249636071063288,0.00134303129551947
100,30,30,KMeans,4.79,0.18896839738788,0.0140748630553865
100,30,30,KMeans,4.81,0.0236681325907131,0.00849691021446747
100,30,30,KMeans,4.82,0.00618192766934145,0.00302515897391986
100,30,30,KMeans,4.83,0,0
100,30,30,KMeans,4.84,0,0
100,30,30,KMeans,4.85,0,0
100,30,30,KMeans,4.86,0,0
100,30,30,KMeans,4.87,0,0
100,30,30,KMeans,4.88,0,0
100,30,30,KMeans,4.9,0,0
100,30,30,KMeans,4.93,0,0
50,30,30,KMeans,4.67,0,0
50,30,30,KMeans,4.7,0,0
50,30,30,KMeans,4.72,0,0
50,30,30,KMeans,4.73,0,0
50,30,30,KMeans,4.74,0.000868055555555545,0.000868055555555556
50,30,30,KMeans,4.75,0.015398442130887,0.00407063451962492
50,30,30,KMeans,4.76,0.0610041233854073,0.00794463488847014
50,30,30,KMeans,4.77,0.166792882420991,0.00744333274180583
50,30,30,KMeans,4.78,0.250200944545452,0.00116144256734191
50,30,30,KMeans,4.79,0.189616012179792,0.00777978534844966
50,30,30,KMeans,4.81,0.0236439751333789,0.00485506304432601
50,30,30,KMeans,4.82,0.00610481456125828,0.00336882134931285
50,30,30,KMeans,4.83,0.000694444444444444,0.000694444444444445
50,30,30,KMeans,4.84,0.000612745098039205,0.000612745098039216
50,30,30,KMeans,4.85,0,0
50,30,30,KMeans,4.86,0,0
50,30,30,KMeans,4.87,0,0
50,30,30,KMeans,4.88,0,0
50,30,30,KMeans,4.9,0,0
50,30,30,KMeans,4.93,0,0
10,30,30,KMeans,4.67,0,0
10,30,30,KMeans,4.7,0,0
10,30,30,KMeans,4.72,0,0
10,30,30,KMeans,4.73,0.000345840631671501,0.000243239910648736
10,30,30,KMeans,4.74,0.00210176351813929,0.000767024558642994
10,30,30,KMeans,4.75,0.0171369690048035,0.00242455398779304
10,30,30,KMeans,4.76,0.0696319798601361,0.00545013746965288
10,30,30,KMeans,4.77,0.184973830529377,0.00876476936952744
10,30,30,KMeans,4.78,0.250172599058015,0.000115258656976509
10,30,30,KMeans,4.79,0.178933985418462,0.00590056809250437
10,30,30,KMeans,4.81,0.0231292010730774,0.00266912674392223
10,30,30,KMeans,4.82,0.00393475615471545,0.000999351018574301
10,30,30,KMeans,4.83,0.000524462353834557,0.000280221279963623
10,30,30,KMeans,4.84,0.000117647058823531,0.000117647058823529
10,30,30,KMeans,4.85,0,0
10,30,30,KMeans,4.86,0,0
10,30,30,KMeans,4.87,0,0
10,30,30,KMeans,4.88,0,0
10,30,30,KMeans,4.9,0,0
10,30,30,KMeans,4.93,0,0
1,30,30,KMeans,4.67,0,0
1,30,30,KMeans,4.7,0,0
1,30,30,KMeans,4.72,0,0
1,30,30,KMeans,4.73,0.000255570256887892,0.000183366143222408
1,30,30,KMeans,4.74,0.00239085060154754,0.000576986934480217
1,30,30,KMeans,4.75,0.0156338127077296,0.00243357367561359
1,30,30,KMeans,4.76,0.0701895058467692,0.00649260321592792
1,30,30,KMeans,4.77,0.181619197916392,0.00873075037627779
1,30,30,KMeans,4.78,0.250167896600031,0.00023640705754253
1,30,30,KMeans,4.79,0.18440394204128,0.00505411118052931
1,30,30,KMeans,4.81,0.0250792980997558,0.00334504029808756
1,30,30,KMeans,4.82,0.00396049738262941,0.00123958544055031
1,30,30,KMeans,4.83,0.00030144269236074,0.000144118598823148
1,30,30,KMeans,4.84,0.000139658303102269,0.000139622543710988
1,30,30,KMeans,4.85,0,0
1,30,30,KMeans,4.86,0,0
1,30,30,KMeans,4.87,0,0
1,30,30,KMeans,4.88,0,0
1,30,30,KMeans,4.9,0,0
1,30,30,KMeans,4.93,0,0
5000,30,30,Agglomerative,4.67,0,0
5000,30,30,Agglomerative,4.7,0,0
5000,30,30,Agglomerative,4.72,0,0
5000,30,30,Agglomerative,4.73,0,0
5000,30,30,Agglomerative,4.74,0,0
5000,30,30,Agglomerative,4.75,0.125,0.125
5000,30,30,Agglomerative,4.76,0,0
5000,30,30,Agglomerative,4.77,0.125,0.125
5000,30,30,Agglomerative,4.78,0.0769230769230776,0.0769230769230769
5000,30,30,Agglomerative,4.79,0.266835016835017,0.033384734032074
5000,30,30,Agglomerative,4.81,0.194444444444444,0.104990131391452
5000,30,30,Agglomerative,4.82,0,0
5000,30,30,Agglomerative,4.83,0,0
5000,30,30,Agglomerative,4.84,0.111111111111111,0.111111111111111
5000,30,30,Agglomerative,4.85,0,0
5000,30,30,Agglomerative,4.86,0.125757575757576,0.113636363636364
5000,30,30,Agglomerative,4.87,0.111111111111111,0.111111111111111
5000,30,30,Agglomerative,4.88,0,0
5000,30,30,Agglomerative,4.9,0,0
5000,30,30,Agglomerative,4.93,0,0
1000,30,30,Agglomerative,4.67,0,0
1000,30,30,Agglomerative,4.7,0,0
1000,30,30,Agglomerative,4.72,0,0
1000,30,30,Agglomerative,4.73,0,0
1000,30,30,Agglomerative,4.74,0.0604838709677424,0.0405771533790147
1000,30,30,Agglomerative,4.75,0.15340909090909,0.0461876832844575
1000,30,30,Agglomerative,4.76,0.140767477203647,0.0718085106382979
1000,30,30,Agglomerative,4.77,0.16768968456948,0.0482705159296494
1000,30,30,Agglomerative,4.78,0.238975817923186,0.022028386067277
1000,30,30,Agglomerative,4.79,0.250355618776671,0.0135280631746678
1000,30,30,Agglomerative,4.81,0.160968499167045,0.0420939229311169
1000,30,30,Agglomerative,4.82,0.052552552552552,0.0355338235207522
1000,30,30,Agglomerative,4.83,0.0658843053579896,0.0586770981507824
1000,30,30,Agglomerative,4.84,0.0845665961945044,0.0375773627665256
1000,30,30,Agglomerative,4.85,0.0163934426229508,0.0163934426229508
1000,30,30,Agglomerative,4.86,0.0454042081949062,0.0309096847523824
1000,30,30,Agglomerative,4.87,0.0416281221091585,0.0284380898966904
1000,30,30,Agglomerative,4.88,0.0333503575076609,0.0318181818181818
1000,30,30,Agglomerative,4.9,0.0217391304347818,0.0217391304347826
1000,30,30,Agglomerative,4.93,0,0
500,30,30,Agglomerative,4.67,0,0
500,30,30,Agglomerative,4.7,0,0
500,30,30,Agglomerative,4.72,0.0344611528822051,0.023694123812451
500,30,30,Agglomerative,4.73,0.0433440018966334,0.0245834912320346
500,30,30,Agglomerative,4.74,0.0460829493087536,0.0252723064419069
500,30,30,Agglomerative,4.75,0.138433899757717,0.0321148778607901
500,30,30,Agglomerative,4.76,0.147497805092181,0.031048960397717
500,30,30,Agglomerative,4.77,0.232919254658383,0.0169658162413289
500,30,30,Agglomerative,4.78,0.252436506393341,0.0049601754243581
500,30,30,Agglomerative,4.79,0.232105263157895,0.0164295874822192
500,30,30,Agglomerative,4.81,0.172967308294587,0.0287849107338228
500,30,30,Agglomerative,4.82,0.0518326545723791,0.0242603635699466
500,30,30,Agglomerative,4.83,0.0256322624743691,0.0177586400637568
500,30,30,Agglomerative,4.84,0.0342117263061896,0.0218878248974008
500,30,30,Agglomerative,4.85,0.0232492997198877,0.0161399580567536
500,30,30,Agglomerative,4.86,0,0
500,30,30,Agglomerative,4.87,0.0121218901930471,0.0120100083402836
500,30,30,Agglomerative,4.88,0,0
500,30,30,Agglomerative,4.9,0,0
500,30,30,Agglomerative,4.93,0,0
250,30,30,Agglomerative,4.67,0,0
250,30,30,Agglomerative,4.7,0,0
250,30,30,Agglomerative,4.72,0.0130701715397875,0.00911775051023993
250,30,30,Agglomerative,4.73,0.0430124997292086,0.0175307736205441
250,30,30,Agglomerative,4.74,0.0648568558038485,0.0172386216157829
250,30,30,Agglomerative,4.75,0.159003593050695,0.0376233250351372
250,30,30,Agglomerative,4.76,0.197840865256967,0.0168644421695076
250,30,30,Agglomerative,4.77,0.238183817981838,0.00841260750490034
250,30,30,Agglomerative,4.78,0.216977124183003,0.0117454147285111
250,30,30,Agglomerative,4.79,0.213131775629413,0.0134068704200964
250,30,30,Agglomerative,4.81,0.112877739894075,0.0163208640616736
250,30,30,Agglomerative,4.82,0.0550491176881244,0.0212002609262883
250,30,30,Agglomerative,4.83,0.0322528941635885,0.0173994968382555
250,30,30,Agglomerative,4.84,0.0143998760546359,0.00851693186454509
250,30,30,Agglomerative,4.85,0.0066890448331942,0.00666463970811797
250,30,30,Agglomerative,4.86,0.0038759689922481,0.00387596899224806
250,30,30,Agglomerative,4.87,0.0039682539682539,0.00396825396825397
250,30,30,Agglomerative,4.88,0,0
250,30,30,Agglomerative,4.9,0,0
250,30,30,Agglomerative,4.93,0,0
100,30,30,Agglomerative,4.67,0,0
100,30,30,Agglomerative,4.7,0,0
100,30,30,Agglomerative,4.72,0.00711757365514954,0.00704117946110829
100,30,30,Agglomerative,4.73,0.0103337047713098,0.00496752782903756
100,30,30,Agglomerative,4.74,0.0437691521897388,0.008056651629879
100,30,30,Agglomerative,4.75,0.098866807875493,0.0177263402373681
100,30,30,Agglomerative,4.76,0.159103428654355,0.0166876606036177
100,30,30,Agglomerative,4.77,0.223782648155173,0.00695349662882778
100,30,30,Agglomerative,4.78,0.244372986055382,0.00392676693558237
100,30,30,Agglomerative,4.79,0.246088672035956,0.00327800251654088
100,30,30,Agglomerative,4.81,0.145162834458593,0.0133890195562217
100,30,30,Agglomerative,4.82,0.0879465827221836,0.0107366229805397
100,30,30,Agglomerative,4.83,0.0431087819634533,0.00820962905891713
100,30,30,Agglomerative,4.84,0.0188997384266965,0.00600982414783513
100,30,30,Agglomerative,4.85,0.015431773388779,0.0054223868979467
100,30,30,Agglomerative,4.86,0.00938711548068196,0.00442892234616517
100,30,30,Agglomerative,4.87,0.00517769866819982,0.00312041808287104
100,30,30,Agglomerative,4.88,0,0
100,30,30,Agglomerative,4.9,0,0
100,30,30,Agglomerative,4.93,0,0
50,30,30,Agglomerative,4.67,0,0
50,30,30,Agglomerative,4.7,0,0
50,30,30,Agglomerative,4.72,0.00709531445884829,0.00527147125430567
50,30,30,Agglomerative,4.73,0.0177904872154061,0.00527687729671958
50,30,30,Agglomerative,4.74,0.055356931821158,0.00789746233050082
50,30,30,Agglomerative,4.75,0.101105644061334,0.0139913182940581
50,30,30,Agglomerative,4.76,0.15563435116582,0.00913113550264277
50,30,30,Agglomerative,4.77,0.219512313074843,0.00458519879520964
50,30,30,Agglomerative,4.78,0.250085993998562,0.00186891515994436
50,30,30,Agglomerative,4.79,0.229395426184968,0.00445264640610345
50,30,30,Agglomerative,4.81,0.103188960364504,0.0112488626023658
50,30,30,Agglomerative,4.82,0.0499404181399829,0.0060954081438861
50,30,30,Agglomerative,4.83,0.0284105493569117,0.00511368775186979
50,30,30,Agglomerative,4.84,0.0138029734356527,0.00344952122144663
50,30,30,Agglomerative,4.85,0.00579651699629861,0.00225801682541311
50,30,30,Agglomerative,4.86,0.00235744207780295,0.00131546435100936
50,30,30,Agglomerative,4.87,0.00119904141480338,0.00119796152277098
50,30,30,Agglomerative,4.88,0,0
50,30,30,Agglomerative,4.9,0,0
50,30,30,Agglomerative,4.93,0,0
5000,30,30,Spectral,4.67,0,0
5000,30,30,Spectral,4.7,0,0
5000,30,30,Spectral,4.72,0.238095238095238,0.110656667034498
5000,30,30,Spectral,4.73,0,0
5000,30,30,Spectral,4.74,0.1,0.1
5000,30,30,Spectral,4.75,0,0
5000,30,30,Spectral,4.76,0,0
5000,30,30,Spectral,4.77,0,0
5000,30,30,Spectral,4.78,0,0
5000,30,30,Spectral,4.79,0,0
5000,30,30,Spectral,4.81,0,0
5000,30,30,Spectral,4.82,0,0
5000,30,30,Spectral,4.83,0,0
5000,30,30,Spectral,4.84,0,0
5000,30,30,Spectral,4.85,0,0
5000,30,30,Spectral,4.86,0,0
5000,30,30,Spectral,4.87,0,0
5000,30,30,Spectral,4.88,0,0
5000,30,30,Spectral,4.9,0,0
5000,30,30,Spectral,4.93,0,0
1000,30,30,Spectral,4.67,0,0
1000,30,30,Spectral,4.7,0,0
1000,30,30,Spectral,4.72,0,0
1000,30,30,Spectral,4.73,0.0643678160919532,0.0430119444720736
1000,30,30,Spectral,4.74,0.0484399788471708,0.0451612903225806
1000,30,30,Spectral,4.75,0.215381784434204,0.0680443548387097
1000,30,30,Spectral,4.76,0.245454545454547,0.0154580011927535
1000,30,30,Spectral,4.77,0.148563980822046,0.0456905392578011
1000,30,30,Spectral,4.78,0.0990990990990991,0.042880905212253
1000,30,30,Spectral,4.79,0.0512091038406828,0.0346703483972794
1000,30,30,Spectral,4.81,0.0249999999999995,0.025
1000,30,30,Spectral,4.82,0,0
1000,30,30,Spectral,4.83,0,0
1000,30,30,Spectral,4.84,0,0
1000,30,30,Spectral,4.85,0,0
1000,30,30,Spectral,4.86,0,0
1000,30,30,Spectral,4.87,0,0
1000,30,30,Spectral,4.88,0,0
1000,30,30,Spectral,4.9,0,0
1000,30,30,Spectral,4.93,0,0
500,30,30,Spectral,4.67,0,0
500,30,30,Spectral,4.7,0,0
500,30,30,Spectral,4.72,0.0175438596491224,0.0175438596491228
500,30,30,Spectral,4.73,0.0789012273524263,0.0314367106683101
500,30,30,Spectral,4.74,0.14644137224782,0.0324052698184158
500,30,30,Spectral,4.75,0.253365384615385,0.00297301887925785
500,30,30,Spectral,4.76,0.191146609207633,0.0304160168455804
500,30,30,Spectral,4.77,0.091304347826085,0.0297423872329548
500,30,30,Spectral,4.78,0.0399543378995419,0.0220768442124669
500,30,30,Spectral,4.79,0,0
500,30,30,Spectral,4.81,0,0
500,30,30,Spectral,4.82,0,0
500,30,30,Spectral,4.83,0,0
500,30,30,Spectral,4.84,0,0
500,30,30,Spectral,4.85,0,0
500,30,30,Spectral,4.86,0,0
500,30,30,Spectral,4.87,0,0
500,30,30,Spectral,4.88,0,0
500,30,30,Spectral,4.9,0,0
500,30,30,Spectral,4.93,0,0
250,30,30,Spectral,4.67,0,0
250,30,30,Spectral,4.7,0,0
250,30,30,Spectral,4.72,0.0316130867357981,0.0133839043303171
250,30,30,Spectral,4.73,0.0997787638588641,0.0299661694993233
250,30,30,Spectral,4.74,0.189989124695334,0.0162796642233462
250,30,30,Spectral,4.75,0.241892224409449,0.00959645669291338
250,30,30,Spectral,4.76,0.144529888627926,0.0176740755968753
250,30,30,Spectral,4.77,0.0749260618448158,0.019489660150344
250,30,30,Spectral,4.78,0.0153028306817862,0.00864958850781964
250,30,30,Spectral,4.79,0.00348432055749131,0.00348432055749129
250,30,30,Spectral,4.81,0,0
250,30,30,Spectral,4.82,0,0
250,30,30,Spectral,4.83,0,0
250,30,30,Spectral,4.84,0,0
250,30,30,Spectral,4.85,0,0
250,30,30,Spectral,4.86,0,0
250,30,30,Spectral,4.87,0,0
250,30,30,Spectral,4.88,0,0
250,30,30,Spectral,4.9,0,0
250,30,30,Spectral,4.93,0,0
100,30,30,Spectral,4.67,0,0
100,30,30,Spectral,4.7,0,0
100,30,30,Spectral,4.72,0.0508419551254096,0.0105603432137196
100,30,30,Spectral,4.73,0.127659358777396,0.0139647564500821
100,30,30,Spectral,4.74,0.238636795038464,0.00493536122467423
100,30,30,Spectral,4.75,0.218398946889373,0.00756594028572588
100,30,30,Spectral,4.76,0.104866065953738,0.0149679876019275
100,30,30,Spectral,4.77,0.0405232078617465,0.00793037474357194
100,30,30,Spectral,4.78,0.00779945603157906,0.00338777450572041
100,30,30,Spectral,4.79,0,0
100,30,30,Spectral,4.81,0,0
100,30,30,Spectral,4.82,0,0
100,30,30,Spectral,4.83,0,0
100,30,30,Spectral,4.84,0,0
100,30,30,Spectral,4.85,0,0
100,30,30,Spectral,4.86,0,0
100,30,30,Spectral,4.87,0,0
100,30,30,Spectral,4.88,0,0
100,30,30,Spectral,4.9,0,0
100,30,30,Spectral,4.93,0,0
50,30,30,Spectral,4.67,0,0
50,30,30,Spectral,4.7,0.00107526881720428,0.0010752688172043
50,30,30,Spectral,4.72,0.0889735562292419,0.00890426977386924
50,30,30,Spectral,4.73,0.192163197576352,0.00913791629781547
50,30,30,Spectral,4.74,0.249137857580332,0.00134750352789354
50,30,30,Spectral,4.75,0.15884216068084,0.00754273161580668
50,30,30,Spectral,4.76,0.0611932768287247,0.00667074471100575
50,30,30,Spectral,4.77,0.0183904176052862,0.00455944016253172
50,30,30,Spectral,4.78,0.00138888972744356,0.0013876822087074
50,30,30,Spectral,4.79,0,0
50,30,30,Spectral,4.81,0,0
50,30,30,Spectral,4.82,0,0
50,30,30,Spectral,4.83,0,0
50,30,30,Spectral,4.84,0,0
50,30,30,Spectral,4.85,0,0
50,30,30,Spectral,4.86,0,0
50,30,30,Spectral,4.87,0,0
50,30,30,Spectral,4.88,0,0
50,30,30,Spectral,4.9,0,0
50,30,30,Spectral,4.93,0,0
5000,30,30,GaussianMixture,4.67,0,0
5000,30,30,GaussianMixture,4.7,1.20483926348946E-21,1.20483926348856E-21
5000,30,30,GaussianMixture,4.72,2.43339342715663E-14,2.41532887998663E-14
5000,30,30,GaussianMixture,4.73,1.89801165458273E-06,1.89801165450673E-06
5000,30,30,GaussianMixture,4.74,8.56437466821136E-09,8.56395482091629E-09
5000,30,30,GaussianMixture,4.75,0.124173763953133,0.124092349088964
5000,30,30,GaussianMixture,4.76,1.18227765916932E-05,1.18211812785004E-05
5000,30,30,GaussianMixture,4.77,0.111201793971087,0.111201718525362
5000,30,30,GaussianMixture,4.78,0.122956681062328,0.122739405054655
5000,30,30,GaussianMixture,4.79,0.247440776670949,0.0402433907707269
5000,30,30,GaussianMixture,4.81,0.184073086785316,0.0991984001273409
5000,30,30,GaussianMixture,4.82,0.116452990364702,0.115360972118887
5000,30,30,GaussianMixture,4.83,0.029614527535063,0.0295814913501643
5000,30,30,GaussianMixture,4.84,0.097113649842527,0.0971057737256719
5000,30,30,GaussianMixture,4.85,0.0118487812197822,0.0118716342157197
5000,30,30,GaussianMixture,4.86,0.113997151123366,0.0924469098284563
5000,30,30,GaussianMixture,4.87,0.0897890368034421,0.0897886438861708
5000,30,30,GaussianMixture,4.88,0.0584507771782944,0.0584217293731327
5000,30,30,GaussianMixture,4.9,4.40572660075289E-08,4.40279097294133E-08
5000,30,30,GaussianMixture,4.93,6.50586534940724E-06,6.50585940771012E-06
1000,30,30,GaussianMixture,4.67,0,0
1000,30,30,GaussianMixture,4.7,2.60694207930969E-18,2.60680809525608E-18
1000,30,30,GaussianMixture,4.72,4.86956460801576E-10,4.8695566272728E-10
1000,30,30,GaussianMixture,4.73,1.14160811224709E-06,1.13639495627424E-06
1000,30,30,GaussianMixture,4.74,2.62521207345208E-07,2.62520718335848E-07
1000,30,30,GaussianMixture,4.75,0.026429916898416,0.0264236815170595
1000,30,30,GaussianMixture,4.76,0.0406107628710399,0.0394128577188148
1000,30,30,GaussianMixture,4.77,0.0569343063711939,0.035150595862267
1000,30,30,GaussianMixture,4.78,0.0970947290972933,0.0338430528395201
1000,30,30,GaussianMixture,4.79,0.155625200721993,0.0334612700767644
1000,30,30,GaussianMixture,4.81,0.180310771911378,0.01655216718624
1000,30,30,GaussianMixture,4.82,0.150007642224816,0.0197744750957332
1000,30,30,GaussianMixture,4.83,0.151007867909254,0.02259551116246
1000,30,30,GaussianMixture,4.84,0.13686695479419,0.025733387739657
1000,30,30,GaussianMixture,4.85,0.128876307572543,0.0328433555009412
1000,30,30,GaussianMixture,4.86,0.106761753718253,0.0295115209496499
1000,30,30,GaussianMixture,4.87,0.0776008209310163,0.0289526299430579
1000,30,30,GaussianMixture,4.88,0.0670788275226622,0.0270530409415125
1000,30,30,GaussianMixture,4.9,0.0349046938088461,0.022518291714208
1000,30,30,GaussianMixture,4.93,0.0293979218246048,0.0201208486102434
500,30,30,GaussianMixture,4.67,0,0
500,30,30,GaussianMixture,4.7,5.27719424812841E-17,5.22156090017869E-17
500,30,30,GaussianMixture,4.72,1.20539160068795E-06,1.20231624115429E-06
500,30,30,GaussianMixture,4.73,0.000208781986105337,0.000207022256101792
500,30,30,GaussianMixture,4.74,0.000805960773775278,0.000796747914043087
500,30,30,GaussianMixture,4.75,0.0292257404115667,0.0200311495910573
500,30,30,GaussianMixture,4.76,0.064849876532156,0.0306581929811795
500,30,30,GaussianMixture,4.77,0.074424450301865,0.0249181302366459
500,30,30,GaussianMixture,4.78,0.113606300956974,0.0274071328071002
500,30,30,GaussianMixture,4.79,0.167687597743441,0.0227420697389248
500,30,30,GaussianMixture,4.81,0.168319784563916,0.0104156535229553
500,30,30,GaussianMixture,4.82,0.172547656508445,0.0161739863813723
500,30,30,GaussianMixture,4.83,0.149892645789033,0.0196125501100674
500,30,30,GaussianMixture,4.84,0.110089913204333,0.0170324911879157
500,30,30,GaussianMixture,4.85,0.101796275546662,0.0208855895577545
500,30,30,GaussianMixture,4.86,0.0828812717811259,0.0173201068857261
500,30,30,GaussianMixture,4.87,0.073297376235274,0.0182506973727445
500,30,30,GaussianMixture,4.88,0.0697042715472743,0.0251245977371338
500,30,30,GaussianMixture,4.9,0.0450599086117687,0.0171088301974165
500,30,30,GaussianMixture,4.93,0.0163130695446403,0.0104733907319839
5000,30,30,MeanShift,4.67,0,0
5000,30,30,MeanShift,4.7,0,0
5000,30,30,MeanShift,4.72,0,0
5000,30,30,MeanShift,4.73,0,0
5000,30,30,MeanShift,4.74,0,0
5000,30,30,MeanShift,4.75,0,0
5000,30,30,MeanShift,4.76,0,0
5000,30,30,MeanShift,4.77,0,0
5000,30,30,MeanShift,4.78,0,0
5000,30,30,MeanShift,4.79,0,0
5000,30,30,MeanShift,4.81,0,0
5000,30,30,MeanShift,4.82,0,0
5000,30,30,MeanShift,4.83,0,0
5000,30,30,MeanShift,4.84,0,0
5000,30,30,MeanShift,4.85,0,0
5000,30,30,MeanShift,4.86,0.0588235294117647,0.0588235294117647
5000,30,30,MeanShift,4.87,0,0
5000,30,30,MeanShift,4.88,0.1,0.1
5000,30,30,MeanShift,4.9,0.0769230769230776,0.0769230769230769
5000,30,30,MeanShift,4.93,0.169117647058824,0.125
1000,30,30,MeanShift,4.67,0,0
1000,30,30,MeanShift,4.7,0,0
1000,30,30,MeanShift,4.72,0,0
1000,30,30,MeanShift,4.73,0,0
1000,30,30,MeanShift,4.74,0,0
1000,30,30,MeanShift,4.75,0,0
1000,30,30,MeanShift,4.76,0,0
1000,30,30,MeanShift,4.77,0,0
1000,30,30,MeanShift,4.78,0,0
1000,30,30,MeanShift,4.79,0,0
1000,30,30,MeanShift,4.81,0,0
1000,30,30,MeanShift,4.82,0,0
1000,30,30,MeanShift,4.83,0,0
1000,30,30,MeanShift,4.84,0.0151515151515151,0.0151515151515152
1000,30,30,MeanShift,4.85,0,0
1000,30,30,MeanShift,4.86,0,0
1000,30,30,MeanShift,4.87,0,0
1000,30,30,MeanShift,4.88,0.0416281221091585,0.0284380898966904
1000,30,30,MeanShift,4.9,0.0217391304347818,0.0217391304347826
1000,30,30,MeanShift,4.93,0.0537127885917251,0.0320447135817329
500,30,30,MeanShift,4.67,0,0
500,30,30,MeanShift,4.7,0,0
500,30,30,MeanShift,4.72,0,0
500,30,30,MeanShift,4.73,0,0
500,30,30,MeanShift,4.74,0,0
500,30,30,MeanShift,4.75,0,0
500,30,30,MeanShift,4.76,0,0
500,30,30,MeanShift,4.77,0,0
500,30,30,MeanShift,4.78,0,0
500,30,30,MeanShift,4.79,0,0
500,30,30,MeanShift,4.81,0,0
500,30,30,MeanShift,4.82,0,0
500,30,30,MeanShift,4.83,0,0
500,30,30,MeanShift,4.84,0.0114942528735622,0.0114942528735632
500,30,30,MeanShift,4.85,0.0128205128205124,0.0128205128205128
500,30,30,MeanShift,4.86,0,0
500,30,30,MeanShift,4.87,0,0
500,30,30,MeanShift,4.88,0.0315568022440393,0.0176109538967224
500,30,30,MeanShift,4.9,0.0165280754560822,0.0115504452712771
500,30,30,MeanShift,4.93,0.0479809748341466,0.0346989966555184
5000,30,30,Birch,4.67,0,0
5000,30,30,Birch,4.7,0,0
5000,30,30,Birch,4.72,0,0
5000,30,30,Birch,4.73,0,0
5000,30,30,Birch,4.74,0,0
5000,30,30,Birch,4.75,0.125,0.125
5000,30,30,Birch,4.76,0,0
5000,30,30,Birch,4.77,0.125,0.125
5000,30,30,Birch,4.78,0.0769230769230776,0.0769230769230769
5000,30,30,Birch,4.79,0.266835016835017,0.033384734032074
5000,30,30,Birch,4.81,0.194444444444444,0.104990131391452
5000,30,30,Birch,4.82,0,0
5000,30,30,Birch,4.83,0,0
5000,30,30,Birch,4.84,0.111111111111111,0.111111111111111
5000,30,30,Birch,4.85,0,0
5000,30,30,Birch,4.86,0.125757575757576,0.113636363636364
5000,30,30,Birch,4.87,0.111111111111111,0.111111111111111
5000,30,30,Birch,4.88,0,0
5000,30,30,Birch,4.9,0,0
5000,30,30,Birch,4.93,0,0
1000,30,30,Birch,4.67,0,0
1000,30,30,Birch,4.7,0,0
1000,30,30,Birch,4.72,0,0
1000,30,30,Birch,4.73,0,0
1000,30,30,Birch,4.74,0.0604838709677424,0.0405771533790147
1000,30,30,Birch,4.75,0.15340909090909,0.0461876832844575
1000,30,30,Birch,4.76,0.140767477203647,0.0718085106382979
1000,30,30,Birch,4.77,0.16768968456948,0.0482705159296494
1000,30,30,Birch,4.78,0.238975817923186,0.022028386067277
1000,30,30,Birch,4.79,0.250355618776671,0.0135280631746678
1000,30,30,Birch,4.81,0.160968499167045,0.0420939229311169
1000,30,30,Birch,4.82,0.052552552552552,0.0355338235207522
1000,30,30,Birch,4.83,0.0658843053579896,0.0586770981507824
1000,30,30,Birch,4.84,0.0845665961945044,0.0375773627665256
1000,30,30,Birch,4.85,0.0163934426229508,0.0163934426229508
1000,30,30,Birch,4.86,0.0454042081949062,0.0309096847523824
1000,30,30,Birch,4.87,0.0416281221091585,0.0284380898966904
1000,30,30,Birch,4.88,0.0333503575076609,0.0318181818181818
1000,30,30,Birch,4.9,0.0217391304347818,0.0217391304347826
1000,30,30,Birch,4.93,0,0
500,30,30,Birch,4.67,0,0
500,30,30,Birch,4.7,0,0
500,30,30,Birch,4.72,0.0344611528822051,0.023694123812451
500,30,30,Birch,4.73,0.0433440018966334,0.0245834912320346
500,30,30,Birch,4.74,0.0460829493087536,0.0252723064419069
500,30,30,Birch,4.75,0.138433899757717,0.0321148778607901
500,30,30,Birch,4.76,0.147497805092181,0.031048960397717
500,30,30,Birch,4.77,0.232919254658383,0.0169658162413289
500,30,30,Birch,4.78,0.252436506393341,0.0049601754243581
500,30,30,Birch,4.79,0.232105263157895,0.0164295874822192
500,30,30,Birch,4.81,0.172967308294587,0.0287849107338228
500,30,30,Birch,4.82,0.0518326545723791,0.0242603635699466
500,30,30,Birch,4.83,0.0256322624743691,0.0177586400637568
500,30,30,Birch,4.84,0.0342117263061896,0.0218878248974008
500,30,30,Birch,4.85,0.0232492997198877,0.0161399580567536
500,30,30,Birch,4.86,0,0
500,30,30,Birch,4.87,0.0121218901930471,0.0120100083402836
500,30,30,Birch,4.88,0,0
500,30,30,Birch,4.9,0,0
500,30,30,Birch,4.93,0,0
250,30,30,Birch,4.67,0,0
250,30,30,Birch,4.7,0,0
250,30,30,Birch,4.72,0.0130701715397875,0.00911775051023993
250,30,30,Birch,4.73,0.0430124997292086,0.0175307736205441
250,30,30,Birch,4.74,0.0648568558038485,0.0172386216157829
250,30,30,Birch,4.75,0.159003593050695,0.0376233250351372
250,30,30,Birch,4.76,0.197840865256967,0.0168644421695076
250,30,30,Birch,4.77,0.238183817981838,0.00841260750490034
250,30,30,Birch,4.78,0.216977124183003,0.0117454147285111
250,30,30,Birch,4.79,0.213131775629413,0.0134068704200964
250,30,30,Birch,4.81,0.112877739894075,0.0163208640616736
250,30,30,Birch,4.82,0.0550491176881244,0.0212002609262883
250,30,30,Birch,4.83,0.0322528941635885,0.0173994968382555
250,30,30,Birch,4.84,0.0143998760546359,0.00851693186454509
250,30,30,Birch,4.85,0.0066890448331942,0.00666463970811797
250,30,30,Birch,4.86,0.0038759689922481,0.00387596899224806
250,30,30,Birch,4.87,0.0039682539682539,0.00396825396825397
250,30,30,Birch,4.88,0,0
250,30,30,Birch,4.9,0,0
250,30,30,Birch,4.93,0,0
100,30,30,Birch,4.67,0,0
100,30,30,Birch,4.7,0,0
100,30,30,Birch,4.72,0.00711757365514954,0.00704117946110829
100,30,30,Birch,4.73,0.0103337047713098,0.00496752782903756
100,30,30,Birch,4.74,0.0437691521897388,0.008056651629879
100,30,30,Birch,4.75,0.098866807875493,0.0177263402373681
100,30,30,Birch,4.76,0.159103428654355,0.0166876606036177
100,30,30,Birch,4.77,0.223782648155173,0.00695349662882778
100,30,30,Birch,4.78,0.244372986055382,0.00392676693558237
100,30,30,Birch,4.79,0.246088672035956,0.00327800251654088
100,30,30,Birch,4.81,0.145162834458593,0.0133890195562217
100,30,30,Birch,4.82,0.0879465827221836,0.0107366229805397
100,30,30,Birch,4.83,0.0431087819634533,0.00820962905891713
100,30,30,Birch,4.84,0.0188997384266965,0.00600982414783513
100,30,30,Birch,4.85,0.015431773388779,0.0054223868979467
100,30,30,Birch,4.86,0.00938711548068196,0.00442892234616517
100,30,30,Birch,4.87,0.00517769866819982,0.00312041808287104
100,30,30,Birch,4.88,0,0
100,30,30,Birch,4.9,0,0
100,30,30,Birch,4.93,0,0
50,30,30,Birch,4.67,0,0
50,30,30,Birch,4.7,0,0
50,30,30,Birch,4.72,0.00709531445884829,0.00527147125430567
50,30,30,Birch,4.73,0.0177904872154061,0.00527687729671958
50,30,30,Birch,4.74,0.055356931821158,0.00789746233050082
50,30,30,Birch,4.75,0.101105644061334,0.0139913182940581
50,30,30,Birch,4.76,0.15563435116582,0.00913113550264277
50,30,30,Birch,4.77,0.219512313074843,0.00458519879520964
50,30,30,Birch,4.78,0.250085993998562,0.00186891515994436
50,30,30,Birch,4.79,0.229395426184968,0.00445264640610345
50,30,30,Birch,4.81,0.103188960364504,0.0112488626023658
50,30,30,Birch,4.82,0.0499404181399829,0.0060954081438861
50,30,30,Birch,4.83,0.0284105493569117,0.00511368775186979
50,30,30,Birch,4.84,0.0138029734356527,0.00344952122144663
50,30,30,Birch,4.85,0.00579651699629861,0.00225801682541311
50,30,30,Birch,4.86,0.00235744207780295,0.00131546435100936
50,30,30,Birch,4.87,0.00119904141480338,0.00119796152277098
50,30,30,Birch,4.88,0,0
50,30,30,Birch,4.9,0,0
50,30,30,Birch,4.93,0,0
5000,30,30,BayesianGMM,4.67,0,0
5000,30,30,BayesianGMM,4.7,6.30939820192065E-20,6.30939820192042E-20
5000,30,30,BayesianGMM,4.72,3.49724529283126E-12,3.49325556642251E-12
5000,30,30,BayesianGMM,4.73,3.3528526716537E-06,2.3462925640892E-06
5000,30,30,BayesianGMM,4.74,1.21350427217592E-06,1.21350319920844E-06
5000,30,30,BayesianGMM,4.75,0.14273335746775,0.142733131710379
5000,30,30,BayesianGMM,4.76,0.139008685002857,0.1390086783278
5000,30,30,BayesianGMM,4.77,0.12495752377032,0.124957437218198
5000,30,30,BayesianGMM,4.78,0.120980408648071,0.119639597945326
5000,30,30,BayesianGMM,4.79,0.26658063543937,0.0607072166060657
5000,30,30,BayesianGMM,4.81,0.18912554373504,0.102100319929286
5000,30,30,BayesianGMM,4.82,5.27261467202073E-06,2.68248492192757E-06
5000,30,30,BayesianGMM,4.83,0.0448234164464362,0.0448216641711468
5000,30,30,BayesianGMM,4.84,0.0796112473951969,0.0796110706292324
5000,30,30,BayesianGMM,4.85,3.23216127853136E-05,3.16504404017272E-05
5000,30,30,BayesianGMM,4.86,0.107208587918891,0.104717059006566
5000,30,30,BayesianGMM,4.87,0.0658956997850904,0.0658956994131669
5000,30,30,BayesianGMM,4.88,0.0585657160876736,0.0585651413309693
5000,30,30,BayesianGMM,4.9,4.01644063998222E-14,3.45022509120513E-14
5000,30,30,BayesianGMM,4.93,1.7077230026637E-08,1.70772299885814E-08
1000,30,30,BayesianGMM,4.67,0,0
1000,30,30,BayesianGMM,4.7,1.07982787001879E-18,1.07980734003412E-18
1000,30,30,BayesianGMM,4.72,5.48230702297574E-10,5.48230495265918E-10
1000,30,30,BayesianGMM,4.73,4.75065129649707E-07,4.73672103855732E-07
1000,30,30,BayesianGMM,4.74,1.08942905696895E-07,1.08942564612566E-07
1000,30,30,BayesianGMM,4.75,0.0246142763898127,0.0246076776503838
1000,30,30,BayesianGMM,4.76,0.0391960119310247,0.0380053787003748
1000,30,30,BayesianGMM,4.77,0.0553139641992858,0.035416922825689
1000,30,30,BayesianGMM,4.78,0.0904426230642606,0.0332637068316283
1000,30,30,BayesianGMM,4.79,0.150075823251395,0.0351964403602963
1000,30,30,BayesianGMM,4.81,0.181457125539816,0.0165930627397451
1000,30,30,BayesianGMM,4.82,0.15323161423708,0.0189540410453363
1000,30,30,BayesianGMM,4.83,0.158482267829632,0.0216622767345498
1000,30,30,BayesianGMM,4.84,0.139272025577722,0.0257459974683352
1000,30,30,BayesianGMM,4.85,0.133922041990994,0.032646361570594
1000,30,30,BayesianGMM,4.86,0.104900095649048,0.0289228985880464
1000,30,30,BayesianGMM,4.87,0.0774145705101423,0.0286058598493762
1000,30,30,BayesianGMM,4.88,0.0676578808343156,0.0282714857732163
1000,30,30,BayesianGMM,4.9,0.0313789869908874,0.0209914181425587
1000,30,30,BayesianGMM,4.93,0.029767015868458,0.0199816519885802
5000,20,20,KMeans,4.67,0.177777777777779,0.1
5000,20,20,KMeans,4.7,0.205555555555556,0.15
5000,20,20,KMeans,4.72,0.238095238095238,0.110656667034498
5000,20,20,KMeans,4.73,0.238095238095238,0.110656667034498
5000,20,20,KMeans,4.74,0.289772727272727,0.0625
5000,20,20,KMeans,4.75,0.310606060606061,0.058925565098879
5000,20,20,KMeans,4.76,0.168560606060606,0.145833333333333
5000,20,20,KMeans,4.77,0.233333333333333,0.0763762615825973
5000,20,20,KMeans,4.78,0.276190476190477,0.0524890659167824
5000,20,20,KMeans,4.79,0.267857142857143,0.0609937545592832
5000,20,20,KMeans,4.81,0.204545454545455,0.0783349451800641
5000,20,20,KMeans,4.82,0.277777777777778,0.0250974417473681
5000,20,20,KMeans,4.83,0.261363636363636,0.0721687836487032
5000,20,20,KMeans,4.84,0.256410256410256,0.0383022767486129
5000,20,20,KMeans,4.85,0.218181818181818,0.0782420878021699
5000,20,20,KMeans,4.86,0.266666666666667,0.0408248290463863
5000,20,20,KMeans,4.87,0.25297619047619,0.0803571428571429
5000,20,20,KMeans,4.88,0.274725274725274,0.0311417631383942
5000,20,20,KMeans,4.9,0.226773226773227,0.0783717185724315
5000,20,20,KMeans,4.93,0.240530303030303,0.0755916744071027
1000,20,20,KMeans,4.67,0.252483927527762,0.0057383364933337
1000,20,20,KMeans,4.7,0.246153846153847,0.024325212770526
1000,20,20,KMeans,4.72,0.197849462365593,0.0413218590011274
1000,20,20,KMeans,4.73,0.252077922077921,0.0179300753848328
1000,20,20,KMeans,4.74,0.238636363636364,0.0246883551913237
1000,20,20,KMeans,4.75,0.254627911770768,0.0125151489328877
1000,20,20,KMeans,4.76,0.231152204836413,0.0259977622089395
1000,20,20,KMeans,4.77,0.2458467850417,0.012802758840088
1000,20,20,KMeans,4.78,0.252525252525257,0.00871059253828488
1000,20,20,KMeans,4.79,0.252361673414305,0.0108704538358143
1000,20,20,KMeans,4.81,0.229417206290477,0.0232885693351825
1000,20,20,KMeans,4.82,0.246153846153847,0.0165150429590051
1000,20,20,KMeans,4.83,0.228070175438592,0.0268685093722281
1000,20,20,KMeans,4.84,0.253546099290783,0.00631989710732685
1000,20,20,KMeans,4.85,0.235690235690237,0.0185269888462198
1000,20,20,KMeans,4.86,0.240404040404045,0.0186977286978041
1000,20,20,KMeans,4.87,0.252525252525249,0.00639241846054792
1000,20,20,KMeans,4.88,0.25254394079556,0.00814473649322976
1000,20,20,KMeans,4.9,0.25062656641604,0.00843939812141839
1000,20,20,KMeans,4.93,0.245470485096435,0.0124477673895056
500,20,20,KMeans,4.67,0.22217245240762,0.0171598818438953
500,20,20,KMeans,4.7,0.243215565796218,0.0132415530787986
500,20,20,KMeans,4.72,0.212165087165087,0.038961038961039
500,20,20,KMeans,4.73,0.245829675153647,0.0109320096852195
500,20,20,KMeans,4.74,0.250364882795224,0.00916026385971961
500,20,20,KMeans,4.75,0.246634615384614,0.0107552986055261
500,20,20,KMeans,4.76,0.246590676440637,0.0148798393335379
500,20,20,KMeans,4.77,0.250449207696656,0.00601073558843508
500,20,20,KMeans,4.78,0.244353942984076,0.0111735031318306
500,20,20,KMeans,4.79,0.235091127257286,0.0263331944508419
500,20,20,KMeans,4.81,0.248332088623351,0.020577375123081
500,20,20,KMeans,4.82,0.247252747252756,0.00888977799244663
500,20,20,KMeans,4.83,0.245983935742963,0.00923906267484332
500,20,20,KMeans,4.84,0.222165474974466,0.0178026938181469
500,20,20,KMeans,4.85,0.249761108456763,0.00578929904405259
500,20,20,KMeans,4.86,0.251685393258427,0.00360558990699103
500,20,20,KMeans,4.87,0.248774708657292,0.00545464075432411
500,20,20,KMeans,4.88,0.246360582306815,0.00821357295156038
500,20,20,KMeans,4.9,0.245041222468016,0.00811506498593984
500,20,20,KMeans,4.93,0.25115343915344,0.00301305602858642
250,20,20,KMeans,4.67,0.248042935073683,0.00407643581784482
250,20,20,KMeans,4.7,0.233222133124223,0.0115903179804282
250,20,20,KMeans,4.72,0.249296752370281,0.00351370861890526
250,20,20,KMeans,4.73,0.249492137941154,0.00773651635720597
250,20,20,KMeans,4.74,0.250087676037044,0.00315154095991661
250,20,20,KMeans,4.75,0.243298168982915,0.00616110641392213
250,20,20,KMeans,4.76,0.232085380523024,0.010424335427971
250,20,20,KMeans,4.77,0.243301450251752,0.00543354857906233
250,20,20,KMeans,4.78,0.246414560110198,0.00513119152921599
250,20,20,KMeans,4.79,0.250792996737191,0.00124102626205009
250,20,20,KMeans,4.81,0.245699944046103,0.00505572490169318
250,20,20,KMeans,4.82,0.237505324661286,0.00827880180971041
250,20,20,KMeans,4.83,0.247569655265466,0.00505149438459035
250,20,20,KMeans,4.84,0.25087135614703,0.00099705330907874
250,20,20,KMeans,4.85,0.243886877914718,0.0048215310909037
250,20,20,KMeans,4.86,0.244300253722839,0.0104850104808906
250,20,20,KMeans,4.87,0.240668498293194,0.00749525154271513
250,20,20,KMeans,4.88,0.248643296506959,0.00445579075512057
250,20,20,KMeans,4.9,0.249020356013008,0.00323915922483539
250,20,20,KMeans,4.93,0.244395875157296,0.005762460619506
100,20,20,KMeans,4.67,0.242475012256341,0.00397206229765714
100,20,20,KMeans,4.7,0.243226963411125,0.00423476571047366
100,20,20,KMeans,4.72,0.241663993322984,0.0099517031011693
100,20,20,KMeans,4.73,0.245071146459586,0.00332781223066029
100,20,20,KMeans,4.74,0.247847460723458,0.00227860133203121
100,20,20,KMeans,4.75,0.24785454458072,0.00212204647559876
100,20,20,KMeans,4.76,0.250982038542957,0.000899599384682338
100,20,20,KMeans,4.77,0.248231450319933,0.00198679232793918
100,20,20,KMeans,4.78,0.248721298396024,0.00196880074228714
100,20,20,KMeans,4.79,0.248327096490601,0.00336643507153226
100,20,20,KMeans,4.81,0.248064309846031,0.00221617832796295
100,20,20,KMeans,4.82,0.251137166753797,0.000789209726014685
100,20,20,KMeans,4.83,0.249832524034685,0.00148936851718577
100,20,20,KMeans,4.84,0.243155837813978,0.00508879221700222
100,20,20,KMeans,4.85,0.250603181112581,0.00179268030505462
100,20,20,KMeans,4.86,0.249372303760947,0.00135910586782296
100,20,20,KMeans,4.87,0.250426777404131,0.000272540943528758
100,20,20,KMeans,4.88,0.249166105752325,0.00157882971606533
100,20,20,KMeans,4.9,0.243498056987427,0.00460932320427137
100,20,20,KMeans,4.93,0.247894908719812,0.00312478376513833
50,20,20,KMeans,4.67,0.24954089891749,0.00148323185999947
50,20,20,KMeans,4.7,0.249778998744576,0.00145682657532753
50,20,20,KMeans,4.72,0.250540349144739,0.000463807448794822
50,20,20,KMeans,4.73,0.250321118777389,0.00142449314208302
50,20,20,KMeans,4.74,0.248472764763623,0.00153206067615296
50,20,20,KMeans,4.75,0.248028162557681,0.00165706229924671
50,20,20,KMeans,4.76,0.245695018301167,0.00301194842758812
50,20,20,KMeans,4.77,0.24823947668833,0.00178158216159419
50,20,20,KMeans,4.78,0.248339290782238,0.00176716660394884
50,20,20,KMeans,4.79,0.249676486661078,0.00117839277698798
50,20,20,KMeans,4.81,0.248936114099946,0.00134374799665268
50,20,20,KMeans,4.82,0.24737226898507,0.00269970372958729
50,20,20,KMeans,4.83,0.247244097959047,0.00234474830540144
50,20,20,KMeans,4.84,0.250656567319375,0.000574013903439276
50,20,20,KMeans,4.85,0.247842849659866,0.00221556704980021
50,20,20,KMeans,4.86,0.248295985823748,0.00209243367104092
50,20,20,KMeans,4.87,0.246861971863004,0.00184157195110917
50,20,20,KMeans,4.88,0.247754008470124,0.00389066241021553
50,20,20,KMeans,4.9,0.247715497662916,0.00271726238558655
50,20,20,KMeans,4.93,0.24667657830935,0.00385804240868865
10,20,20,KMeans,4.67,0.242839628197024,0.00199715453146824
10,20,20,KMeans,4.7,0.245687596860459,0.00221162116049505
10,20,20,KMeans,4.72,0.244911306982462,0.00289454201716184
10,20,20,KMeans,4.73,0.246915737161302,0.00159159328153338
10,20,20,KMeans,4.74,0.24809209108746,0.000988172020140264
10,20,20,KMeans,4.75,0.248311329075699,0.00106908558901675
10,20,20,KMeans,4.76,0.249109827058906,0.000863432273725581
10,20,20,KMeans,4.77,0.249236580874049,0.000840723881266824
10,20,20,KMeans,4.78,0.248529308085523,0.00100839850889523
10,20,20,KMeans,4.79,0.247323224310418,0.00169055517271761
10,20,20,KMeans,4.81,0.2478830211482,0.00207795623919625
10,20,20,KMeans,4.82,0.249945666312627,0.000579923202571947
10,20,20,KMeans,4.83,0.250222430647219,0.000859674037099667
10,20,20,KMeans,4.84,0.245469684249586,0.00363970760732908
10,20,20,KMeans,4.85,0.248651784457063,0.00198113356201267
10,20,20,KMeans,4.86,0.249658362448115,0.00148667708611286
10,20,20,KMeans,4.87,0.249707984729942,0.000794037263745488
10,20,20,KMeans,4.88,0.249232913295934,0.00106204006213236
10,20,20,KMeans,4.9,0.246347043313277,0.00273676271075155
10,20,20,KMeans,4.93,0.248948644764298,0.00219204649460978
1,20,20,KMeans,4.67,0.237926240534615,0.00339949452655504
1,20,20,KMeans,4.7,0.239579880960991,0.00358806056725707
1,20,20,KMeans,4.72,0.244603956895306,0.00187000696554742
1,20,20,KMeans,4.73,0.243579064323972,0.00252417354700452
1,20,20,KMeans,4.74,0.243946168203554,0.00251972962607609
1,20,20,KMeans,4.75,0.244542017523474,0.00199844544395951
1,20,20,KMeans,4.76,0.246577773930277,0.00128911945115725
1,20,20,KMeans,4.77,0.246659819922373,0.0015488891145852
1,20,20,KMeans,4.78,0.245629001877315,0.00192397983787456
1,20,20,KMeans,4.79,0.24342284615969,0.00281860358055848
1,20,20,KMeans,4.81,0.247475905704027,0.00215451093478336
1,20,20,KMeans,4.82,0.248504338858472,0.00123917337994188
1,20,20,KMeans,4.83,0.247202457874318,0.00178129518178674
1,20,20,KMeans,4.84,0.247594233419737,0.00412556466145993
1,20,20,KMeans,4.85,0.248495591009074,0.0015677546625458
1,20,20,KMeans,4.86,0.249008409633671,0.00226530856976471
1,20,20,KMeans,4.87,0.248521187205793,0.0035098228808251
1,20,20,KMeans,4.88,0.249196988712396,0.00140086598818318
1,20,20,KMeans,4.9,0.249869915944094,0.00119663321663297
1,20,20,KMeans,4.93,0.249759439554949,0.00266053827725178
5000,20,20,Agglomerative,4.67,0.259615384615385,0.0475242964066104
5000,20,20,Agglomerative,4.7,0.166666666666666,0.166666666666667
5000,20,20,Agglomerative,4.72,0.285714285714285,0.0404061017820884
5000,20,20,Agglomerative,4.73,0.266666666666667,0.105409255338946
5000,20,20,Agglomerative,4.74,0.276190476190476,0.0524890659167824
5000,20,20,Agglomerative,4.75,0.238095238095238,0.110656667034498
5000,20,20,Agglomerative,4.76,0.142857142857143,0.142857142857143
5000,20,20,Agglomerative,4.77,0.267857142857143,0.0609937545592833
5000,20,20,Agglomerative,4.78,0.267857142857143,0.0609937545592832
5000,20,20,Agglomerative,4.79,0.28219696969697,0.119678388469542
5000,20,20,Agglomerative,4.81,0.285353535353535,0.0447903208238809
5000,20,20,Agglomerative,4.82,0.267857142857143,0.0609937545592833
5000,20,20,Agglomerative,4.83,0.214285714285714,0.109108945117996
5000,20,20,Agglomerative,4.84,0.218181818181818,0.0782420878021699
5000,20,20,Agglomerative,4.85,0.111111111111111,0.111111111111111
5000,20,20,Agglomerative,4.86,0.194444444444445,0.104990131391452
5000,20,20,Agglomerative,4.87,0.194444444444445,0.104990131391452
5000,20,20,Agglomerative,4.88,0.266666666666666,0.0408248290463863
5000,20,20,Agglomerative,4.9,0.226773226773227,0.0783717185724315
5000,20,20,Agglomerative,4.93,0.254545454545454,0.0507066682747926
1000,20,20,Agglomerative,4.67,0.0212815692359723,0.0208140610545791
1000,20,20,Agglomerative,4.7,0.10850439882698,0.0565362607433987
1000,20,20,Agglomerative,4.72,0.147783251231528,0.0502346575766464
1000,20,20,Agglomerative,4.73,0.178886425227889,0.0462559178544346
1000,20,20,Agglomerative,4.74,0.146805736636245,0.0582452138030797
1000,20,20,Agglomerative,4.75,0.165386832699181,0.0464442050875963
1000,20,20,Agglomerative,4.76,0.201210653753028,0.0369824955448863
1000,20,20,Agglomerative,4.77,0.213432835820896,0.0320106671955176
1000,20,20,Agglomerative,4.78,0.176699956578378,0.0420642118386851
1000,20,20,Agglomerative,4.79,0.237804878048782,0.0214806059982433
1000,20,20,Agglomerative,4.81,0.250196078431372,0.0100059221845893
1000,20,20,Agglomerative,4.82,0.237843026538678,0.0267721531983898
1000,20,20,Agglomerative,4.83,0.237718164188751,0.0215558522593821
1000,20,20,Agglomerative,4.84,0.247811447811452,0.0113984547004021
1000,20,20,Agglomerative,4.85,0.243073097764174,0.0170867978236632
1000,20,20,Agglomerative,4.86,0.23920265780731,0.0200104843632673
1000,20,20,Agglomerative,4.87,0.244856366459627,0.0148564931770991
1000,20,20,Agglomerative,4.88,0.255325209685077,0.00986474243636184
1000,20,20,Agglomerative,4.9,0.250310559006196,0.00703512209966789
1000,20,20,Agglomerative,4.93,0.252549019607846,0.00718061562422051
500,20,20,Agglomerative,4.67,0.0219534904846255,0.0145254441912812
500,20,20,Agglomerative,4.7,0.0901960784313719,0.0351881566294764
500,20,20,Agglomerative,4.72,0.190677966101693,0.0291586821207994
500,20,20,Agglomerative,4.73,0.184102863822323,0.0303802332882766
500,20,20,Agglomerative,4.74,0.175627240143373,0.0302945058577451
500,20,20,Agglomerative,4.75,0.225490196078426,0.0196242162103369
500,20,20,Agglomerative,4.76,0.222321929481708,0.0257657229139809
500,20,20,Agglomerative,4.77,0.239158838367036,0.0123981729139447
500,20,20,Agglomerative,4.78,0.246067452999162,0.00721743983423341
500,20,20,Agglomerative,4.79,0.249729729729726,0.00711416840019165
500,20,20,Agglomerative,4.81,0.256709388325423,0.00556686016276156
500,20,20,Agglomerative,4.82,0.24036036036036,0.0131833824999257
500,20,20,Agglomerative,4.83,0.252653532510645,0.00572624815298681
500,20,20,Agglomerative,4.84,0.23876404494382,0.012502288105589
500,20,20,Agglomerative,4.85,0.249011433651105,0.00565668890869094
500,20,20,Agglomerative,4.86,0.250224227539335,0.00304929891517499
500,20,20,Agglomerative,4.87,0.243298648858514,0.00968686107630763
500,20,20,Agglomerative,4.88,0.252089166105539,0.00226104830421376
500,20,20,Agglomerative,4.9,0.250350631136045,0.00513137776668268
500,20,20,Agglomerative,4.93,0.252362542955316,0.00161073549742786
250,20,20,Agglomerative,4.67,0.0286510748877865,0.0126907630522088
250,20,20,Agglomerative,4.7,0.065870272696667,0.0287856872508296
250,20,20,Agglomerative,4.72,0.0554165147517147,0.016889837818571
250,20,20,Agglomerative,4.73,0.097016844541597,0.023304616694044
250,20,20,Agglomerative,4.74,0.128710043744417,0.0198676719127692
250,20,20,Agglomerative,4.75,0.0816298248298115,0.0185228799983318
250,20,20,Agglomerative,4.76,0.113221961259689,0.0183572733282507
250,20,20,Agglomerative,4.77,0.124730419432826,0.020089773218815
250,20,20,Agglomerative,4.78,0.137228697776439,0.0169107435586965
250,20,20,Agglomerative,4.79,0.138661504143738,0.0204399062619826
250,20,20,Agglomerative,4.81,0.174885763017527,0.0181714839595073
250,20,20,Agglomerative,4.82,0.216180642157279,0.0239027117696394
250,20,20,Agglomerative,4.83,0.192698419094438,0.0217060229669417
250,20,20,Agglomerative,4.84,0.209680394725473,0.0141839734343983
250,20,20,Agglomerative,4.85,0.213868613138687,0.0137390659566825
250,20,20,Agglomerative,4.86,0.217620209313238,0.0164462234597981
250,20,20,Agglomerative,4.87,0.232081642783273,0.0165864825146469
250,20,20,Agglomerative,4.88,0.218292454212207,0.0131574448901449
250,20,20,Agglomerative,4.9,0.221123275498572,0.0100389836974135
250,20,20,Agglomerative,4.93,0.238013593875328,0.00957769066286533
100,20,20,Agglomerative,4.67,0.0779479614436328,0.0128179020173823
100,20,20,Agglomerative,4.7,0.10074585944628,0.0119241647680889
100,20,20,Agglomerative,4.72,0.174962346633898,0.0177300457549568
100,20,20,Agglomerative,4.73,0.181349580254445,0.0118512988414263
100,20,20,Agglomerative,4.74,0.204426681766733,0.0118266507776749
100,20,20,Agglomerative,4.75,0.218375247977205,0.00860433099208415
100,20,20,Agglomerative,4.76,0.220865680338824,0.0126159654428357
100,20,20,Agglomerative,4.77,0.224040181853681,0.00662171615300132
100,20,20,Agglomerative,4.78,0.219819841002647,0.00647047694531711
100,20,20,Agglomerative,4.79,0.226143866047265,0.00927077259255093
100,20,20,Agglomerative,4.81,0.2377633538478,0.00523481493646129
100,20,20,Agglomerative,4.82,0.240618631261583,0.00450263062916871
100,20,20,Agglomerative,4.83,0.237515241322051,0.00551283397441352
100,20,20,Agglomerative,4.84,0.23708931857857,0.00639296096033814
100,20,20,Agglomerative,4.85,0.238503343101755,0.00644105073745017
100,20,20,Agglomerative,4.86,0.244036121957141,0.00320909841843508
100,20,20,Agglomerative,4.87,0.243450939843968,0.00361571005584672
100,20,20,Agglomerative,4.88,0.243622668303607,0.00358830436325041
100,20,20,Agglomerative,4.9,0.244571079005283,0.00449117695003887
100,20,20,Agglomerative,4.93,0.249793832186473,0.00188575260429106
50,20,20,Agglomerative,4.67,0.0689540730941407,0.00688339779265193
50,20,20,Agglomerative,4.7,0.12650192383167,0.0105606648715647
50,20,20,Agglomerative,4.72,0.14329581703293,0.00972648004116541
50,20,20,Agglomerative,4.73,0.175176786318868,0.00851306136935323
50,20,20,Agglomerative,4.74,0.204339545132296,0.00684174910668786
50,20,20,Agglomerative,4.75,0.214567756068631,0.00739353523170018
50,20,20,Agglomerative,4.76,0.22614195900299,0.00592066898287566
50,20,20,Agglomerative,4.77,0.231865262039361,0.00440670917556263
50,20,20,Agglomerative,4.78,0.236315668582993,0.00379172767980579
50,20,20,Agglomerative,4.79,0.235688814283963,0.00616041838336149
50,20,20,Agglomerative,4.81,0.242075225967283,0.003456745535179
50,20,20,Agglomerative,4.82,0.250183315574197,0.00222760407566977
50,20,20,Agglomerative,4.83,0.248685017097482,0.00202997266808619
50,20,20,Agglomerative,4.84,0.241442030645956,0.00465165743161343
50,20,20,Agglomerative,4.85,0.248239073487759,0.00233074892085297
50,20,20,Agglomerative,4.86,0.249243999039037,0.00280191058197957
50,20,20,Agglomerative,4.87,0.249092328703072,0.00141971877348324
50,20,20,Agglomerative,4.88,0.248331844386187,0.00163213349826872
50,20,20,Agglomerative,4.9,0.242576948069303,0.0064356435643565
50,20,20,Agglomerative,4.93,0.246535152210038,0.00410650727758177
5000,20,20,Spectral,4.67,0.204545454545455,0.0783349451800641
5000,20,20,Spectral,4.7,0.166666666666666,0.166666666666667
5000,20,20,Spectral,4.72,0.238095238095238,0.110656667034498
5000,20,20,Spectral,4.73,0.266666666666667,0.105409255338946
5000,20,20,Spectral,4.74,0.267857142857143,0.0609937545592832
5000,20,20,Spectral,4.75,0.285714285714285,0.0404061017820884
5000,20,20,Spectral,4.76,0.142857142857143,0.142857142857143
5000,20,20,Spectral,4.77,0.267857142857143,0.0609937545592833
5000,20,20,Spectral,4.78,0.276190476190477,0.0524890659167824
5000,20,20,Spectral,4.79,0.289772727272728,0.0625
5000,20,20,Spectral,4.81,0.204545454545455,0.0783349451800641
5000,20,20,Spectral,4.82,0.261363636363636,0.0721687836487032
5000,20,20,Spectral,4.83,0.261363636363636,0.0721687836487032
5000,20,20,Spectral,4.84,0.250841750841751,0.0712421631913754
5000,20,20,Spectral,4.85,0.194444444444445,0.104990131391452
5000,20,20,Spectral,4.86,0.233333333333333,0.0763762615825973
5000,20,20,Spectral,4.87,0.285353535353535,0.0447903208238809
5000,20,20,Spectral,4.88,0.254545454545454,0.0507066682747926
5000,20,20,Spectral,4.9,0.226773226773227,0.0783717185724315
5000,20,20,Spectral,4.93,0.235497835497835,0.123240602470683
1000,20,20,Spectral,4.67,0.242346938775509,0.0164594589961998
1000,20,20,Spectral,4.7,0.246143380429095,0.0270193638406554
1000,20,20,Spectral,4.72,0.25050505050505,0.00891351641848217
1000,20,20,Spectral,4.73,0.254022988505745,0.0131455222066507
1000,20,20,Spectral,4.74,0.254032258064516,0.011879774082787
1000,20,20,Spectral,4.75,0.262250662977055,0.019777090890167
1000,20,20,Spectral,4.76,0.25050505050505,0.00891351641848215
1000,20,20,Spectral,4.77,0.25359329935601,0.0101838780124361
1000,20,20,Spectral,4.78,0.255255255255257,0.00711933934926073
1000,20,20,Spectral,4.79,0.24787283777466,0.0138963844889692
1000,20,20,Spectral,4.81,0.246153846153847,0.0165150429590052
1000,20,20,Spectral,4.82,0.252525252525257,0.00871059253828488
1000,20,20,Spectral,4.83,0.246806039488966,0.0153314503861139
1000,20,20,Spectral,4.84,0.224637681159421,0.0254114644558444
1000,20,20,Spectral,4.85,0.250871080139371,0.011592895302867
1000,20,20,Spectral,4.86,0.253699788583512,0.00723176683622983
1000,20,20,Spectral,4.87,0.241579558652729,0.0189603109376476
1000,20,20,Spectral,4.88,0.25189625189625,0.00594721645929687
1000,20,20,Spectral,4.9,0.253251351181781,0.00756311193060585
1000,20,20,Spectral,4.93,0.252313883299814,0.00431978680070439
500,20,20,Spectral,4.67,0.194238399171985,0.0315717227179135
500,20,20,Spectral,4.7,0.225806451612896,0.020610444494876
500,20,20,Spectral,4.72,0.196721311475406,0.0279130166265618
500,20,20,Spectral,4.73,0.234024385006954,0.0258343363611184
500,20,20,Spectral,4.74,0.248352573352573,0.00903689214433715
500,20,20,Spectral,4.75,0.234570066558733,0.0207281927844226
500,20,20,Spectral,4.76,0.23017902813299,0.0181030946752191
500,20,20,Spectral,4.77,0.242249103942656,0.011886780577011
500,20,20,Spectral,4.78,0.238430211032945,0.0141907317438697
500,20,20,Spectral,4.79,0.220540540540543,0.0200564696042995
500,20,20,Spectral,4.81,0.238336665943931,0.0240393426883595
500,20,20,Spectral,4.82,0.252252252252248,0.00397222681461939
500,20,20,Spectral,4.83,0.242590742590743,0.0117407597436591
500,20,20,Spectral,4.84,0.214390026440385,0.0186391499000932
500,20,20,Spectral,4.85,0.243072145246056,0.0102802500656029
500,20,20,Spectral,4.86,0.244818976279645,0.0094828437474682
500,20,20,Spectral,4.87,0.251685393258427,0.00360558990699095
500,20,20,Spectral,4.88,0.240324594257186,0.0117442470300084
500,20,20,Spectral,4.9,0.222169135212613,0.0174725148189331
500,20,20,Spectral,4.93,0.247779336138388,0.00737382842575603
250,20,20,Spectral,4.67,0.186629954109303,0.0218454886790306
250,20,20,Spectral,4.7,0.15583894376464,0.0218274073875875
250,20,20,Spectral,4.72,0.21680205667598,0.0164477426202385
250,20,20,Spectral,4.73,0.208784873866225,0.0159700558361875
250,20,20,Spectral,4.74,0.224801044669477,0.0116631509461906
250,20,20,Spectral,4.75,0.210737289317704,0.016968605665955
250,20,20,Spectral,4.76,0.206170857856251,0.0227495880929697
250,20,20,Spectral,4.77,0.224867774024645,0.0107356947209486
250,20,20,Spectral,4.78,0.220505190929269,0.0118879947062512
250,20,20,Spectral,4.79,0.24404063464531,0.00611188573488081
250,20,20,Spectral,4.81,0.223261187884426,0.0107923949981976
250,20,20,Spectral,4.82,0.213460107955518,0.0122196651804779
250,20,20,Spectral,4.83,0.221959435501027,0.011667835010683
250,20,20,Spectral,4.84,0.239434576726934,0.00768992966998997
250,20,20,Spectral,4.85,0.214881997689784,0.0126529302239825
250,20,20,Spectral,4.86,0.2222107408765,0.0163823418375041
250,20,20,Spectral,4.87,0.219249333743238,0.0140682490440805
250,20,20,Spectral,4.88,0.228528947075364,0.0104668008980572
250,20,20,Spectral,4.9,0.234803239914828,0.00815584662648582
250,20,20,Spectral,4.93,0.220720353184868,0.0114671931388055
100,20,20,Spectral,4.67,0.181710925302789,0.00958598916660067
100,20,20,Spectral,4.7,0.201157708822992,0.0125124153764518
100,20,20,Spectral,4.72,0.224531082921889,0.00764746479087591
100,20,20,Spectral,4.73,0.217766471079951,0.0109763051750884
100,20,20,Spectral,4.74,0.228204027565957,0.00879460345479763
100,20,20,Spectral,4.75,0.240873836336863,0.00588724445466843
100,20,20,Spectral,4.76,0.243138891969813,0.0037935675441717
100,20,20,Spectral,4.77,0.243268723858796,0.00563408157603293
100,20,20,Spectral,4.78,0.244392783023897,0.00379132832595572
100,20,20,Spectral,4.79,0.243943293336555,0.00714629513135617
100,20,20,Spectral,4.81,0.243105192534899,0.00323642389999534
100,20,20,Spectral,4.82,0.246160983295257,0.00286088481601927
100,20,20,Spectral,4.83,0.249468163686589,0.0012201305812479
100,20,20,Spectral,4.84,0.249263018233469,0.0029794132591697
100,20,20,Spectral,4.85,0.248777491868614,0.00219701116389905
100,20,20,Spectral,4.86,0.24952053413441,0.0011022146847864
100,20,20,Spectral,4.87,0.249996438610758,0.000807580749259245
100,20,20,Spectral,4.88,0.251373164137613,0.00125838926174496
100,20,20,Spectral,4.9,0.250696997090092,0.000418090234267303
100,20,20,Spectral,4.93,0.249715229416028,0.00215031321212943
50,20,20,Spectral,4.67,0.231034499972922,0.00416125786038297
50,20,20,Spectral,4.7,0.23216336227535,0.0077744395005156
50,20,20,Spectral,4.72,0.242797962612651,0.00475764553637696
50,20,20,Spectral,4.73,0.234491809562212,0.00494793332209242
50,20,20,Spectral,4.74,0.233608622658012,0.00501712527990408
50,20,20,Spectral,4.75,0.230559751148361,0.00484298742689064
50,20,20,Spectral,4.76,0.226118561906848,0.00852063111598552
50,20,20,Spectral,4.77,0.231528605015521,0.00499994469424774
50,20,20,Spectral,4.78,0.233288337113862,0.00484999560095344
50,20,20,Spectral,4.79,0.238247364500037,0.00441480482599876
50,20,20,Spectral,4.81,0.234009004461494,0.00428297082616006
50,20,20,Spectral,4.82,0.22581607908578,0.00523780675652221
50,20,20,Spectral,4.83,0.23076171740628,0.00480215062136421
50,20,20,Spectral,4.84,0.241325905859853,0.00714662353250842
50,20,20,Spectral,4.85,0.233666297199504,0.0050105717758914
50,20,20,Spectral,4.86,0.235189291956854,0.00560193777568849
50,20,20,Spectral,4.87,0.230025910419956,0.00463333189603724
50,20,20,Spectral,4.88,0.229535231093059,0.00797398743016757
50,20,20,Spectral,4.9,0.236406673276232,0.00570697926345657
50,20,20,Spectral,4.93,0.229467273384357,0.00841167802004313
5000,20,20,GaussianMixture,4.67,0,0
5000,20,20,GaussianMixture,4.7,0,0
5000,20,20,GaussianMixture,4.72,4.46565106296175E-18,3.303367352603E-18
5000,20,20,GaussianMixture,4.73,3.62790073597713E-07,3.62790073597621E-07
5000,20,20,GaussianMixture,4.74,1.62315667909529E-09,1.62153039727363E-09
5000,20,20,GaussianMixture,4.75,0.123250447690982,0.123250153131039
5000,20,20,GaussianMixture,4.76,1.09772736253312E-07,1.07580139706164E-07
5000,20,20,GaussianMixture,4.77,7.28839017255968E-07,7.2684911891816E-07
5000,20,20,GaussianMixture,4.78,0.180454515140146,0.120275120649608
5000,20,20,GaussianMixture,4.79,0.215543470711938,0.137370739807562
5000,20,20,GaussianMixture,4.81,0.22729860272565,0.0648173711792921
5000,20,20,GaussianMixture,4.82,0.188712106107752,0.0907290314429718
5000,20,20,GaussianMixture,4.83,0.00723586420080363,0.00711705271399216
5000,20,20,GaussianMixture,4.84,0.0997106154718989,0.0996443099873985
5000,20,20,GaussianMixture,4.85,0.0836371081328553,0.0761284269776106
5000,20,20,GaussianMixture,4.86,0.144566467367025,0.075057569897041
5000,20,20,GaussianMixture,4.87,0.0821054584991812,0.052079744994061
5000,20,20,GaussianMixture,4.88,0.0581858517540748,0.0581306513454004
5000,20,20,GaussianMixture,4.9,0.000589692825399872,0.000589395474312804
5000,20,20,GaussianMixture,4.93,0.00741803435637224,0.00741803372980717
1000,20,20,GaussianMixture,4.67,0,0
1000,20,20,GaussianMixture,4.7,1.1420973615042E-18,1.14209698475159E-18
1000,20,20,GaussianMixture,4.72,9.78326964508419E-15,9.50239979982538E-15
1000,20,20,GaussianMixture,4.73,4.16538938862119E-11,4.08746887400355E-11
1000,20,20,GaussianMixture,4.74,2.88447175176908E-10,2.8287353548053E-10
1000,20,20,GaussianMixture,4.75,0.0057719204374592,0.00575370521855594
1000,20,20,GaussianMixture,4.76,0.033143455007643,0.0223119363343578
1000,20,20,GaussianMixture,4.77,0.025506212642562,0.0238497110725448
1000,20,20,GaussianMixture,4.78,0.104856422780233,0.0343663427724705
1000,20,20,GaussianMixture,4.79,0.150527594706323,0.0361903915659854
1000,20,20,GaussianMixture,4.81,0.171758741170919,0.0183989172600247
1000,20,20,GaussianMixture,4.82,0.127425882768184,0.0227419250357299
1000,20,20,GaussianMixture,4.83,0.129814261822638,0.0251942906835292
1000,20,20,GaussianMixture,4.84,0.121768592771,0.025296561578424
1000,20,20,GaussianMixture,4.85,0.134152790323494,0.0327458065847541
1000,20,20,GaussianMixture,4.86,0.0913117463839924,0.0264950912470682
1000,20,20,GaussianMixture,4.87,0.0556281699354869,0.0248011154775043
1000,20,20,GaussianMixture,4.88,0.0460107466630499,0.0202913664429307
1000,20,20,GaussianMixture,4.9,0.0264269015732502,0.0201272824176979
1000,20,20,GaussianMixture,4.93,0.0228014563653919,0.0184286772692527
500,20,20,GaussianMixture,4.67,0,0
500,20,20,GaussianMixture,4.7,8.30852699098615E-19,8.17385204023368E-19
500,20,20,GaussianMixture,4.72,1.2885151428454E-10,1.2881401611607E-10
500,20,20,GaussianMixture,4.73,2.62082012969273E-10,1.90294201694441E-10
500,20,20,GaussianMixture,4.74,1.97327002400912E-06,1.97122150096287E-06
500,20,20,GaussianMixture,4.75,0.00657817572878578,0.00655413555803589
500,20,20,GaussianMixture,4.76,0.0274025006088886,0.0151994840025185
500,20,20,GaussianMixture,4.77,0.052660170458485,0.0233612889755139
500,20,20,GaussianMixture,4.78,0.0811094819654854,0.0236247585480032
500,20,20,GaussianMixture,4.79,0.154442122566876,0.0243463134674689
500,20,20,GaussianMixture,4.81,0.16004541686476,0.0112296963095542
500,20,20,GaussianMixture,4.82,0.148124069121317,0.0186243691152595
500,20,20,GaussianMixture,4.83,0.132885383106636,0.0228164739871997
500,20,20,GaussianMixture,4.84,0.10013672431076,0.0181866618331579
500,20,20,GaussianMixture,4.85,0.0829040075377806,0.0183061592744798
500,20,20,GaussianMixture,4.86,0.0561066167527704,0.0138596891781733
500,20,20,GaussianMixture,4.87,0.0469059850232613,0.0159220023893082
500,20,20,GaussianMixture,4.88,0.0480951323106543,0.0185778274374084
500,20,20,GaussianMixture,4.9,0.032234884511593,0.0147640213933047
500,20,20,GaussianMixture,4.93,0.0116102442961148,0.00889812902815073
5000,20,20,MeanShift,4.67,0,0
5000,20,20,MeanShift,4.7,0,0
5000,20,20,MeanShift,4.72,0,0
5000,20,20,MeanShift,4.73,0,0
5000,20,20,MeanShift,4.74,0,0
5000,20,20,MeanShift,4.75,0,0
5000,20,20,MeanShift,4.76,0,0
5000,20,20,MeanShift,4.77,0,0
5000,20,20,MeanShift,4.78,0,0
5000,20,20,MeanShift,4.79,0,0
5000,20,20,MeanShift,4.81,0,0
5000,20,20,MeanShift,4.82,0,0
5000,20,20,MeanShift,4.83,0,0
5000,20,20,MeanShift,4.84,0,0
5000,20,20,MeanShift,4.85,0,0
5000,20,20,MeanShift,4.86,0,0
5000,20,20,MeanShift,4.87,0,0
5000,20,20,MeanShift,4.88,0,0
5000,20,20,MeanShift,4.9,0,0
5000,20,20,MeanShift,4.93,0.0666666666666669,0.0666666666666667
1000,20,20,MeanShift,4.67,0,0
1000,20,20,MeanShift,4.7,0,0
1000,20,20,MeanShift,4.72,0,0
1000,20,20,MeanShift,4.73,0,0
1000,20,20,MeanShift,4.74,0,0
1000,20,20,MeanShift,4.75,0,0
1000,20,20,MeanShift,4.76,0,0
1000,20,20,MeanShift,4.77,0,0
1000,20,20,MeanShift,4.78,0,0
1000,20,20,MeanShift,4.79,0,0
1000,20,20,MeanShift,4.81,0,0
1000,20,20,MeanShift,4.82,0,0
1000,20,20,MeanShift,4.83,0,0
1000,20,20,MeanShift,4.84,0,0
1000,20,20,MeanShift,4.85,0,0
1000,20,20,MeanShift,4.86,0,0
1000,20,20,MeanShift,4.87,0,0
1000,20,20,MeanShift,4.88,0,0
1000,20,20,MeanShift,4.9,0,0
1000,20,20,MeanShift,4.93,0.0188679245283019,0.0188679245283019
500,20,20,MeanShift,4.67,0,0
500,20,20,MeanShift,4.7,0,0
500,20,20,MeanShift,4.72,0,0
500,20,20,MeanShift,4.73,0,0
500,20,20,MeanShift,4.74,0,0
500,20,20,MeanShift,4.75,0,0
500,20,20,MeanShift,4.76,0,0
500,20,20,MeanShift,4.77,0,0
500,20,20,MeanShift,4.78,0,0
500,20,20,MeanShift,4.79,0,0
500,20,20,MeanShift,4.81,0,0
500,20,20,MeanShift,4.82,0,0
500,20,20,MeanShift,4.83,0,0
500,20,20,MeanShift,4.84,0,0
500,20,20,MeanShift,4.85,0,0
500,20,20,MeanShift,4.86,0,0
500,20,20,MeanShift,4.87,0,0
500,20,20,MeanShift,4.88,0.0212716222533894,0.0147913374807612
500,20,20,MeanShift,4.9,0,0
500,20,20,MeanShift,4.93,0.00806451612903226,0.00806451612903226
5000,20,20,Birch,4.67,0.259615384615385,0.0475242964066104
5000,20,20,Birch,4.7,0.166666666666666,0.166666666666667
5000,20,20,Birch,4.72,0.285714285714285,0.0404061017820884
5000,20,20,Birch,4.73,0.266666666666667,0.105409255338946
5000,20,20,Birch,4.74,0.276190476190476,0.0524890659167824
5000,20,20,Birch,4.75,0.238095238095238,0.110656667034498
5000,20,20,Birch,4.76,0.142857142857143,0.142857142857143
5000,20,20,Birch,4.77,0.267857142857143,0.0609937545592833
5000,20,20,Birch,4.78,0.267857142857143,0.0609937545592832
5000,20,20,Birch,4.79,0.28219696969697,0.119678388469542
5000,20,20,Birch,4.81,0.285353535353535,0.0447903208238809
5000,20,20,Birch,4.82,0.267857142857143,0.0609937545592833
5000,20,20,Birch,4.83,0.214285714285714,0.109108945117996
5000,20,20,Birch,4.84,0.218181818181818,0.0782420878021699
5000,20,20,Birch,4.85,0.111111111111111,0.111111111111111
5000,20,20,Birch,4.86,0.194444444444445,0.104990131391452
5000,20,20,Birch,4.87,0.194444444444445,0.104990131391452
5000,20,20,Birch,4.88,0.266666666666666,0.0408248290463863
5000,20,20,Birch,4.9,0.226773226773227,0.0783717185724315
5000,20,20,Birch,4.93,0.254545454545454,0.0507066682747926
1000,20,20,Birch,4.67,0.0212815692359723,0.0208140610545791
1000,20,20,Birch,4.7,0.10850439882698,0.0565362607433987
1000,20,20,Birch,4.72,0.147783251231528,0.0502346575766464
1000,20,20,Birch,4.73,0.178886425227889,0.0462559178544346
1000,20,20,Birch,4.74,0.146805736636245,0.0582452138030797
1000,20,20,Birch,4.75,0.165386832699181,0.0464442050875963
1000,20,20,Birch,4.76,0.201210653753028,0.0369824955448863
1000,20,20,Birch,4.77,0.213432835820896,0.0320106671955176
1000,20,20,Birch,4.78,0.176699956578378,0.0420642118386851
1000,20,20,Birch,4.79,0.237804878048782,0.0214806059982433
1000,20,20,Birch,4.81,0.250196078431372,0.0100059221845893
1000,20,20,Birch,4.82,0.237843026538678,0.0267721531983898
1000,20,20,Birch,4.83,0.237718164188751,0.0215558522593821
1000,20,20,Birch,4.84,0.247811447811452,0.0113984547004021
1000,20,20,Birch,4.85,0.243073097764174,0.0170867978236632
1000,20,20,Birch,4.86,0.23920265780731,0.0200104843632673
1000,20,20,Birch,4.87,0.244856366459627,0.0148564931770991
1000,20,20,Birch,4.88,0.255325209685077,0.00986474243636184
1000,20,20,Birch,4.9,0.250310559006196,0.00703512209966789
1000,20,20,Birch,4.93,0.252549019607846,0.00718061562422051
500,20,20,Birch,4.67,0.0219534904846255,0.0145254441912812
500,20,20,Birch,4.7,0.0901960784313719,0.0351881566294764
500,20,20,Birch,4.72,0.190677966101693,0.0291586821207994
500,20,20,Birch,4.73,0.184102863822323,0.0303802332882766
500,20,20,Birch,4.74,0.175627240143373,0.0302945058577451
500,20,20,Birch,4.75,0.225490196078426,0.0196242162103369
500,20,20,Birch,4.76,0.222321929481708,0.0257657229139809
500,20,20,Birch,4.77,0.239158838367036,0.0123981729139447
500,20,20,Birch,4.78,0.246067452999162,0.00721743983423341
500,20,20,Birch,4.79,0.249729729729726,0.00711416840019165
500,20,20,Birch,4.81,0.256709388325423,0.00556686016276156
500,20,20,Birch,4.82,0.24036036036036,0.0131833824999257
500,20,20,Birch,4.83,0.252653532510645,0.00572624815298681
500,20,20,Birch,4.84,0.23876404494382,0.012502288105589
500,20,20,Birch,4.85,0.249011433651105,0.00565668890869094
500,20,20,Birch,4.86,0.250224227539335,0.00304929891517499
500,20,20,Birch,4.87,0.243298648858514,0.00968686107630763
500,20,20,Birch,4.88,0.252089166105539,0.00226104830421376
500,20,20,Birch,4.9,0.250350631136045,0.00513137776668268
500,20,20,Birch,4.93,0.252362542955316,0.00161073549742786
250,20,20,Birch,4.67,0.0286510748877865,0.0126907630522088
250,20,20,Birch,4.7,0.065870272696667,0.0287856872508296
250,20,20,Birch,4.72,0.0554165147517147,0.016889837818571
250,20,20,Birch,4.73,0.097016844541597,0.023304616694044
250,20,20,Birch,4.74,0.128710043744417,0.0198676719127692
250,20,20,Birch,4.75,0.0816298248298115,0.0185228799983318
250,20,20,Birch,4.76,0.113221961259689,0.0183572733282507
250,20,20,Birch,4.77,0.124730419432826,0.020089773218815
250,20,20,Birch,4.78,0.137228697776439,0.0169107435586965
250,20,20,Birch,4.79,0.138661504143738,0.0204399062619826
250,20,20,Birch,4.81,0.174885763017527,0.0181714839595073
250,20,20,Birch,4.82,0.216180642157279,0.0239027117696394
250,20,20,Birch,4.83,0.192698419094438,0.0217060229669417
250,20,20,Birch,4.84,0.209680394725473,0.0141839734343983
250,20,20,Birch,4.85,0.213868613138687,0.0137390659566825
250,20,20,Birch,4.86,0.217620209313238,0.0164462234597981
250,20,20,Birch,4.87,0.232081642783273,0.0165864825146469
250,20,20,Birch,4.88,0.218292454212207,0.0131574448901449
250,20,20,Birch,4.9,0.221123275498572,0.0100389836974135
250,20,20,Birch,4.93,0.238013593875328,0.00957769066286533
100,20,20,Birch,4.67,0.0779479614436328,0.0128179020173823
100,20,20,Birch,4.7,0.10074585944628,0.0119241647680889
100,20,20,Birch,4.72,0.174962346633898,0.0177300457549568
100,20,20,Birch,4.73,0.181349580254445,0.0118512988414263
100,20,20,Birch,4.74,0.204426681766733,0.0118266507776749
100,20,20,Birch,4.75,0.218375247977205,0.00860433099208415
100,20,20,Birch,4.76,0.220865680338824,0.0126159654428357
100,20,20,Birch,4.77,0.224040181853681,0.00662171615300132
100,20,20,Birch,4.78,0.219819841002647,0.00647047694531711
100,20,20,Birch,4.79,0.226143866047265,0.00927077259255093
100,20,20,Birch,4.81,0.2377633538478,0.00523481493646129
100,20,20,Birch,4.82,0.240618631261583,0.00450263062916871
100,20,20,Birch,4.83,0.237515241322051,0.00551283397441352
100,20,20,Birch,4.84,0.23708931857857,0.00639296096033814
100,20,20,Birch,4.85,0.238503343101755,0.00644105073745017
100,20,20,Birch,4.86,0.244036121957141,0.00320909841843508
100,20,20,Birch,4.87,0.243450939843968,0.00361571005584672
100,20,20,Birch,4.88,0.243622668303607,0.00358830436325041
100,20,20,Birch,4.9,0.244571079005283,0.00449117695003887
100,20,20,Birch,4.93,0.249793832186473,0.00188575260429106
50,20,20,Birch,4.67,0.0689540730941407,0.00688339779265193
50,20,20,Birch,4.7,0.12650192383167,0.0105606648715647
50,20,20,Birch,4.72,0.14329581703293,0.00972648004116541
50,20,20,Birch,4.73,0.175176786318868,0.00851306136935323
50,20,20,Birch,4.74,0.204339545132296,0.00684174910668786
50,20,20,Birch,4.75,0.214567756068631,0.00739353523170018
50,20,20,Birch,4.76,0.22614195900299,0.00592066898287566
50,20,20,Birch,4.77,0.231865262039361,0.00440670917556263
50,20,20,Birch,4.78,0.236315668582993,0.00379172767980579
50,20,20,Birch,4.79,0.235688814283963,0.00616041838336149
50,20,20,Birch,4.81,0.242075225967283,0.003456745535179
50,20,20,Birch,4.82,0.250183315574197,0.00222760407566977
50,20,20,Birch,4.83,0.248685017097482,0.00202997266808619
50,20,20,Birch,4.84,0.241442030645956,0.00465165743161343
50,20,20,Birch,4.85,0.248239073487759,0.00233074892085297
50,20,20,Birch,4.86,0.249243999039037,0.00280191058197957
50,20,20,Birch,4.87,0.249092328703072,0.00141971877348324
50,20,20,Birch,4.88,0.248331844386187,0.00163213349826872
50,20,20,Birch,4.9,0.242576948069303,0.0064356435643565
50,20,20,Birch,4.93,0.246535152210038,0.00410650727758177
5000,20,20,BayesianGMM,4.67,0,0
5000,20,20,BayesianGMM,4.7,0,0
5000,20,20,BayesianGMM,4.72,0,0
5000,20,20,BayesianGMM,4.73,1.74112483489477E-11,1.74112483489477E-11
5000,20,20,BayesianGMM,4.74,0,0
5000,20,20,BayesianGMM,4.75,1.93760083375782E-09,1.93760083375782E-09
5000,20,20,BayesianGMM,4.76,9.96380119895327E-14,9.95371900009745E-14
5000,20,20,BayesianGMM,4.77,1.61157149722587E-15,1.6115714972257E-15
5000,20,20,BayesianGMM,4.78,1.40527018767939E-06,1.40528257596948E-06
5000,20,20,BayesianGMM,4.79,1.93760062442377E-09,1.93760062442366E-09
5000,20,20,BayesianGMM,4.81,0.178566259903673,0.0970916159099495
5000,20,20,BayesianGMM,4.82,0.119954424505949,0.119910047820526
5000,20,20,BayesianGMM,4.83,0.251428547151505,0.0256213634076661
5000,20,20,BayesianGMM,4.84,0.105534334961649,0.101137724568186
5000,20,20,BayesianGMM,4.85,0.238446254051085,0.0469310962674618
5000,20,20,BayesianGMM,4.86,0.210958149419185,0.106280669693881
5000,20,20,BayesianGMM,4.87,0.162065825774709,0.0919176130200919
5000,20,20,BayesianGMM,4.88,0.231624567482032,0.0758366093018902
5000,20,20,BayesianGMM,4.9,0.177709761870617,0.0999616020299477
5000,20,20,BayesianGMM,4.93,0.233280868650908,0.0763591068939256
1000,20,20,BayesianGMM,4.67,0,0
1000,20,20,BayesianGMM,4.7,8.07776374066689E-18,8.07775379719017E-18
1000,20,20,BayesianGMM,4.72,2.55415544370143E-14,2.46183720222153E-14
1000,20,20,BayesianGMM,4.73,1.82462341824227E-10,1.60343204219046E-10
1000,20,20,BayesianGMM,4.74,7.50085475896664E-10,7.35504840326438E-10
1000,20,20,BayesianGMM,4.75,0.0180581158441553,0.0180118764758159
1000,20,20,BayesianGMM,4.76,0.0449863309895698,0.0303489485014323
1000,20,20,BayesianGMM,4.77,0.0341823856688394,0.0259299638511143
1000,20,20,BayesianGMM,4.78,0.090347810391321,0.0360506287093583
1000,20,20,BayesianGMM,4.79,0.156658735968425,0.0356565616611627
1000,20,20,BayesianGMM,4.81,0.17236091282295,0.0195044331666929
1000,20,20,BayesianGMM,4.82,0.121648282271861,0.0257099536956518
1000,20,20,BayesianGMM,4.83,0.118472138644635,0.0271650402334942
1000,20,20,BayesianGMM,4.84,0.11778176286708,0.025849700724093
1000,20,20,BayesianGMM,4.85,0.125574523135489,0.0320914883966235
1000,20,20,BayesianGMM,4.86,0.0899931999285162,0.0255197653084176
1000,20,20,BayesianGMM,4.87,0.0533679342639798,0.025347967958646
1000,20,20,BayesianGMM,4.88,0.0437311901042548,0.0217445630339316
1000,20,20,BayesianGMM,4.9,0.0239658350171139,0.0197941721581446
1000,20,20,BayesianGMM,4.93,0.0195362340833695,0.0171457109166531
500,20,20,BayesianGMM,4.67,0,0
500,20,20,BayesianGMM,4.7,4.15732143771318E-18,4.10044160927773E-18
500,20,20,BayesianGMM,4.72,1.27458080380029E-10,1.27384390245883E-10
500,20,20,BayesianGMM,4.73,3.94062266653714E-10,3.2449567876175E-10
500,20,20,BayesianGMM,4.74,1.95455664506693E-06,1.94919280324424E-06
500,20,20,BayesianGMM,4.75,0.00657395308061151,0.00652282928894343
500,20,20,BayesianGMM,4.76,0.0308195182060827,0.0169231654815258
500,20,20,BayesianGMM,4.77,0.0547636058001967,0.0235931942312284
500,20,20,BayesianGMM,4.78,0.0837110389941321,0.0244358779157903
500,20,20,BayesianGMM,4.79,0.155138561214743,0.0238407436438558
500,20,20,BayesianGMM,4.81,0.158544898956118,0.011398434490463
500,20,20,BayesianGMM,4.82,0.146377252620363,0.0188586705331793
500,20,20,BayesianGMM,4.83,0.131512675181384,0.0233130912269231
500,20,20,BayesianGMM,4.84,0.0987700686190839,0.0177244769367733
500,20,20,BayesianGMM,4.85,0.0902251117227125,0.0178358860395408
500,20,20,BayesianGMM,4.86,0.055397620518925,0.0132748908308924
500,20,20,BayesianGMM,4.87,0.0492059650482684,0.0157553724543977
500,20,20,BayesianGMM,4.88,0.0454852202658335,0.0173846646464229
500,20,20,BayesianGMM,4.9,0.0323399452747463,0.0152273601772293
500,20,20,BayesianGMM,4.93,0.0108559967189982,0.00889955036974485
5000,12,12,KMeans,4.67,0,0
5000,12,12,KMeans,4.7,0,0
5000,12,12,KMeans,4.72,0,0
5000,12,12,KMeans,4.73,0,0
5000,12,12,KMeans,4.74,0,0
5000,12,12,KMeans,4.75,0,0
5000,12,12,KMeans,4.76,0,0
5000,12,12,KMeans,4.77,0.125,0.125
5000,12,12,KMeans,4.78,0.125,0.125
5000,12,12,KMeans,4.79,0.125,0.125
5000,12,12,KMeans,4.81,0,0
5000,12,12,KMeans,4.82,0,0
5000,12,12,KMeans,4.83,0,0
5000,12,12,KMeans,4.84,0,0
5000,12,12,KMeans,4.85,0,0
5000,12,12,KMeans,4.86,0,0
5000,12,12,KMeans,4.87,0,0
5000,12,12,KMeans,4.88,0,0
5000,12,12,KMeans,4.9,0,0
5000,12,12,KMeans,4.93,0,0
1000,12,12,KMeans,4.67,0,0
1000,12,12,KMeans,4.7,0,0
1000,12,12,KMeans,4.72,0,0
1000,12,12,KMeans,4.73,0,0
1000,12,12,KMeans,4.74,0,0
1000,12,12,KMeans,4.75,0.0303030303030304,0.0303030303030303
1000,12,12,KMeans,4.76,0.0294117647058822,0.0294117647058824
1000,12,12,KMeans,4.77,0.127092038396387,0.0501382807021668
1000,12,12,KMeans,4.78,0.238975817923186,0.022028386067277
1000,12,12,KMeans,4.79,0.245921546047775,0.0172046983470076
1000,12,12,KMeans,4.81,0.0487179487179493,0.033062326126679
1000,12,12,KMeans,4.82,0,0
1000,12,12,KMeans,4.83,0,0
1000,12,12,KMeans,4.84,0,0
1000,12,12,KMeans,4.85,0,0
1000,12,12,KMeans,4.86,0,0
1000,12,12,KMeans,4.87,0,0
1000,12,12,KMeans,4.88,0,0
1000,12,12,KMeans,4.9,0,0
1000,12,12,KMeans,4.93,0,0
500,12,12,KMeans,4.67,0,0
500,12,12,KMeans,4.7,0,0
500,12,12,KMeans,4.72,0,0
500,12,12,KMeans,4.73,0,0
500,12,12,KMeans,4.74,0,0
500,12,12,KMeans,4.75,0.0153846153846154,0.0153846153846154
500,12,12,KMeans,4.76,0.0296820087225304,0.0217361513735704
500,12,12,KMeans,4.77,0.113664596273292,0.0308147052368304
500,12,12,KMeans,4.78,0.248456790123459,0.00771167146797119
500,12,12,KMeans,4.79,0.233235765673176,0.0179858750323767
500,12,12,KMeans,4.81,0.0458978772231796,0.0216648854350813
500,12,12,KMeans,4.82,0,0
500,12,12,KMeans,4.83,0,0
500,12,12,KMeans,4.84,0,0
500,12,12,KMeans,4.85,0,0
500,12,12,KMeans,4.86,0,0
500,12,12,KMeans,4.87,0,0
500,12,12,KMeans,4.88,0,0
500,12,12,KMeans,4.9,0,0
500,12,12,KMeans,4.93,0,0
250,12,12,KMeans,4.67,0,0
250,12,12,KMeans,4.7,0,0
250,12,12,KMeans,4.72,0,0
250,12,12,KMeans,4.73,0,0
250,12,12,KMeans,4.74,0,0
250,12,12,KMeans,4.75,0.0115595051570951,0.00807693332188336
250,12,12,KMeans,4.76,0.0426965740477714,0.0138898881743462
250,12,12,KMeans,4.77,0.135038884600836,0.021007105459574
250,12,12,KMeans,4.78,0.251341942048259,0.00171377276615993
250,12,12,KMeans,4.79,0.215540274211934,0.0131705759917927
250,12,12,KMeans,4.81,0.0517755883511511,0.0144772699120525
250,12,12,KMeans,4.82,0.00346020761245675,0.00346020761245675
250,12,12,KMeans,4.83,0,0
250,12,12,KMeans,4.84,0,0
250,12,12,KMeans,4.85,0,0
250,12,12,KMeans,4.86,0,0
250,12,12,KMeans,4.87,0,0
250,12,12,KMeans,4.88,0,0
250,12,12,KMeans,4.9,0,0
250,12,12,KMeans,4.93,0,0
100,12,12,KMeans,4.67,0,0
100,12,12,KMeans,4.7,0,0
100,12,12,KMeans,4.72,0,0
100,12,12,KMeans,4.73,0,0
100,12,12,KMeans,4.74,0,0
100,12,12,KMeans,4.75,0.0108453345143151,0.0076421339563863
100,12,12,KMeans,4.76,0.0458632736147012,0.00897319772950775
100,12,12,KMeans,4.77,0.146293066929281,0.0111702022021101
100,12,12,KMeans,4.78,0.239167900183812,0.00481643712854737
100,12,12,KMeans,4.79,0.224965155077119,0.0141436976494798
100,12,12,KMeans,4.81,0.036879754385609,0.00820196073038866
100,12,12,KMeans,4.82,0.0110119181279035,0.00483282372178947
100,12,12,KMeans,4.83,0.00148809523809524,0.00148809523809524
100,12,12,KMeans,4.84,0.00130208333333329,0.00130208333333333
100,12,12,KMeans,4.85,0,0
100,12,12,KMeans,4.86,0,0
100,12,12,KMeans,4.87,0,0
100,12,12,KMeans,4.88,0,0
100,12,12,KMeans,4.9,0,0
100,12,12,KMeans,4.93,0,0
50,12,12,KMeans,4.67,0,0
50,12,12,KMeans,4.7,0,0
50,12,12,KMeans,4.72,0,0
50,12,12,KMeans,4.73,0,0
50,12,12,KMeans,4.74,0,0
50,12,12,KMeans,4.75,0.0138841216960837,0.00428776885647573
50,12,12,KMeans,4.76,0.0466987170963042,0.00630059999134506
50,12,12,KMeans,4.77,0.142565206149171,0.00898140277403436
50,12,12,KMeans,4.78,0.243626269580168,0.00464063130374823
50,12,12,KMeans,4.79,0.219251222497774,0.00560849845042732
50,12,12,KMeans,4.81,0.0373767814051611,0.00529377356037956
50,12,12,KMeans,4.82,0.011465311749075,0.00427650122132965
50,12,12,KMeans,4.83,0.00134680197226524,0.00134587315841623
50,12,12,KMeans,4.84,0.00116414514412213,0.0011627875422986
50,12,12,KMeans,4.85,0,0
50,12,12,KMeans,4.86,0,0
50,12,12,KMeans,4.87,0,0
50,12,12,KMeans,4.88,0,0
50,12,12,KMeans,4.9,0,0
50,12,12,KMeans,4.93,0,0
10,12,12,KMeans,4.67,0,0
10,12,12,KMeans,4.7,0,0
10,12,12,KMeans,4.72,0,0
10,12,12,KMeans,4.73,0.000345840631671501,0.000243239910648736
10,12,12,KMeans,4.74,0.00113237102029169,0.000484807172313781
10,12,12,KMeans,4.75,0.0124504538229021,0.00202207612515795
10,12,12,KMeans,4.76,0.0550413605787062,0.00468744283089936
10,12,12,KMeans,4.77,0.159254537520803,0.0090408653297853
10,12,12,KMeans,4.78,0.24583459765011,0.00260920946299886
10,12,12,KMeans,4.79,0.20944217884045,0.00468554542977374
10,12,12,KMeans,4.81,0.0367614927076024,0.00446981923413556
10,12,12,KMeans,4.82,0.00716832834078383,0.00187843000069159
10,12,12,KMeans,4.83,0.00117931388368975,0.000915746381950854
10,12,12,KMeans,4.84,0.000349162030098803,0.000348999421179623
10,12,12,KMeans,4.85,0,0
10,12,12,KMeans,4.86,0,0
10,12,12,KMeans,4.87,0,0
10,12,12,KMeans,4.88,0,0
10,12,12,KMeans,4.9,0,0
10,12,12,KMeans,4.93,0,0
1,12,12,KMeans,4.67,0,0
1,12,12,KMeans,4.7,0,0
1,12,12,KMeans,4.72,0,0
1,12,12,KMeans,4.73,0.00023853658194854,0.000177935143680414
1,12,12,KMeans,4.74,0.00181031972038645,0.000472335426182072
1,12,12,KMeans,4.75,0.0120798739560903,0.00209696151442338
1,12,12,KMeans,4.76,0.0565452310007484,0.00535257696278419
1,12,12,KMeans,4.77,0.15856777729171,0.00954288868085829
1,12,12,KMeans,4.78,0.245310138854583,0.00211315754579579
1,12,12,KMeans,4.79,0.213105586667734,0.00418926556385665
1,12,12,KMeans,4.81,0.0392464313816924,0.00363545583401759
1,12,12,KMeans,4.82,0.00811929869650981,0.00227665028702563
1,12,12,KMeans,4.83,0.000943250268270637,0.000523393952615888
1,12,12,KMeans,4.84,0.000221115894550164,0.000197766366332706
1,12,12,KMeans,4.85,0,0
1,12,12,KMeans,4.86,0,0
1,12,12,KMeans,4.87,0,0
1,12,12,KMeans,4.88,0,0
1,12,12,KMeans,4.9,0,0
1,12,12,KMeans,4.93,0,0
5000,12,12,Agglomerative,4.67,0,0
5000,12,12,Agglomerative,4.7,0,0
5000,12,12,Agglomerative,4.72,0,0
5000,12,12,Agglomerative,4.73,0.142857142857143,0.142857142857143
5000,12,12,Agglomerative,4.74,0.111111111111111,0.111111111111111
5000,12,12,Agglomerative,4.75,0.142857142857143,0.142857142857143
5000,12,12,Agglomerative,4.76,0.142857142857143,0.142857142857143
5000,12,12,Agglomerative,4.77,0.21978021978022,0.142857142857143
5000,12,12,Agglomerative,4.78,0.218181818181818,0.0782420878021699
5000,12,12,Agglomerative,4.79,0.282539682539683,0.0666666666666667
5000,12,12,Agglomerative,4.81,0.194444444444444,0.104990131391452
5000,12,12,Agglomerative,4.82,0.214285714285714,0.109108945117996
5000,12,12,Agglomerative,4.83,0.0769230769230769,0.0769230769230769
5000,12,12,Agglomerative,4.84,0.111111111111111,0.111111111111111
5000,12,12,Agglomerative,4.85,0,0
5000,12,12,Agglomerative,4.86,0.111111111111111,0.111111111111111
5000,12,12,Agglomerative,4.87,0,0
5000,12,12,Agglomerative,4.88,0,0
5000,12,12,Agglomerative,4.9,0.0909090909090909,0.0909090909090909
5000,12,12,Agglomerative,4.93,0,0
1000,12,12,Agglomerative,4.67,0,0
1000,12,12,Agglomerative,4.7,0,0
1000,12,12,Agglomerative,4.72,0.0344827586206899,0.0344827586206897
1000,12,12,Agglomerative,4.73,0.0512091038406828,0.0346703483972794
1000,12,12,Agglomerative,4.74,0.0312499999999998,0.03125
1000,12,12,Agglomerative,4.75,0.0852272727272727,0.044262342663119
1000,12,12,Agglomerative,4.76,0.106951871657754,0.0455699031624731
1000,12,12,Agglomerative,4.77,0.167494824016563,0.0529411764705882
1000,12,12,Agglomerative,4.78,0.245376955903269,0.0178571676147684
1000,12,12,Agglomerative,4.79,0.252543940795557,0.00814473649322976
1000,12,12,Agglomerative,4.81,0.229915433403798,0.0240955292284167
1000,12,12,Agglomerative,4.82,0.120120120120121,0.0439544385197149
1000,12,12,Agglomerative,4.83,0.125604551920341,0.0796586059743954
1000,12,12,Agglomerative,4.84,0.103065539112052,0.0391796027291701
1000,12,12,Agglomerative,4.85,0.0679442508710807,0.0361988039810232
1000,12,12,Agglomerative,4.86,0.0954627949183312,0.0432623784955304
1000,12,12,Agglomerative,4.87,0.0610545790934307,0.0328383656815666
1000,12,12,Agglomerative,4.88,0.0222278969469981,0.0217171717171717
1000,12,12,Agglomerative,4.9,0.042512077294686,0.0290184266292137
1000,12,12,Agglomerative,4.93,0,0
500,12,12,Agglomerative,4.67,0,0
500,12,12,Agglomerative,4.7,0,0
500,12,12,Agglomerative,4.72,0,0
500,12,12,Agglomerative,4.73,0,0
500,12,12,Agglomerative,4.74,0.0312339989759342,0.0215360324914906
500,12,12,Agglomerative,4.75,0.0758607617886055,0.0284038573649067
500,12,12,Agglomerative,4.76,0.102691511387165,0.0304160700675555
500,12,12,Agglomerative,4.77,0.213043478260871,0.0227161234739503
500,12,12,Agglomerative,4.78,0.234912995186964,0.0156507502259711
500,12,12,Agglomerative,4.79,0.248175633889919,0.00649597251420256
500,12,12,Agglomerative,4.81,0.163583252190847,0.0277755716658409
500,12,12,Agglomerative,4.82,0.0663865546218499,0.0245796316255353
500,12,12,Agglomerative,4.83,0.0573023802527205,0.0236801869206033
500,12,12,Agglomerative,4.84,0.0227211975407654,0.0157802961399553
500,12,12,Agglomerative,4.85,0.00689655172413791,0.00689655172413793
500,12,12,Agglomerative,4.86,0,0
500,12,12,Agglomerative,4.87,0,0
500,12,12,Agglomerative,4.88,0,0
500,12,12,Agglomerative,4.9,0,0
500,12,12,Agglomerative,4.93,0,0
250,12,12,Agglomerative,4.67,0,0
250,12,12,Agglomerative,4.7,0,0
250,12,12,Agglomerative,4.72,0,0
250,12,12,Agglomerative,4.73,0.00854732477494058,0.00847332743884468
250,12,12,Agglomerative,4.74,0.0246436507777622,0.0158096774499931
250,12,12,Agglomerative,4.75,0.0377608176778565,0.0137994210523431
250,12,12,Agglomerative,4.76,0.115157441381049,0.021355029733506
250,12,12,Agglomerative,4.77,0.174581728432981,0.0200708998018976
250,12,12,Agglomerative,4.78,0.238916655837387,0.0104166666666667
250,12,12,Agglomerative,4.79,0.239395454429506,0.00860738968722021
250,12,12,Agglomerative,4.81,0.146518847639656,0.0184547206461384
250,12,12,Agglomerative,4.82,0.0867709786286091,0.020184232438449
250,12,12,Agglomerative,4.83,0.0681334220206641,0.0246046266835086
250,12,12,Agglomerative,4.84,0.0435387806110231,0.0112263214912175
250,12,12,Agglomerative,4.85,0.00645174848118788,0.00640971931294512
250,12,12,Agglomerative,4.86,0.00884979025210476,0.0087708947885939
250,12,12,Agglomerative,4.87,0.00392156862745105,0.00392156862745098
250,12,12,Agglomerative,4.88,0,0
250,12,12,Agglomerative,4.9,0,0
250,12,12,Agglomerative,4.93,0,0
100,12,12,Agglomerative,4.67,0,0
100,12,12,Agglomerative,4.7,0,0
100,12,12,Agglomerative,4.72,0.00212765957446809,0.00212765957446809
100,12,12,Agglomerative,4.73,0.0178932298402752,0.0062720386923727
100,12,12,Agglomerative,4.74,0.0650686557503657,0.0100211782631857
100,12,12,Agglomerative,4.75,0.131094021067953,0.0126390168754298
100,12,12,Agglomerative,4.76,0.219042095181991,0.00782169670067994
100,12,12,Agglomerative,4.77,0.250319818209285,0.000335557933725451
100,12,12,Agglomerative,4.78,0.224915299800717,0.0120695525893893
100,12,12,Agglomerative,4.79,0.140093486064007,0.0116467666375674
100,12,12,Agglomerative,4.81,0.0441047906987819,0.00818761126440371
100,12,12,Agglomerative,4.82,0.0175307461965337,0.00901975288267848
100,12,12,Agglomerative,4.83,0.0109152588555133,0.00409154997845362
100,12,12,Agglomerative,4.84,0.00238948979350365,0.00238653263096024
100,12,12,Agglomerative,4.85,0,0
100,12,12,Agglomerative,4.86,0,0
100,12,12,Agglomerative,4.87,0,0
100,12,12,Agglomerative,4.88,0,0
100,12,12,Agglomerative,4.9,0,0
100,12,12,Agglomerative,4.93,0,0
50,12,12,Agglomerative,4.67,0,0
50,12,12,Agglomerative,4.7,0,0
50,12,12,Agglomerative,4.72,0,0
50,12,12,Agglomerative,4.73,0,0
50,12,12,Agglomerative,4.74,0.0024236938447542,0.0015440638281507
50,12,12,Agglomerative,4.75,0.008519689690983,0.00503744779317422
50,12,12,Agglomerative,4.76,0.0184506007887602,0.00836084637223597
50,12,12,Agglomerative,4.77,0.0525273625677694,0.00678513174124369
50,12,12,Agglomerative,4.78,0.119502763787418,0.0145929918096121
50,12,12,Agglomerative,4.79,0.190719955400587,0.00724868421317
50,12,12,Agglomerative,4.81,0.24904624240943,0.00136746290511846
50,12,12,Agglomerative,4.82,0.219100493239174,0.00523185177474071
50,12,12,Agglomerative,4.83,0.166863997186483,0.00944786277480596
50,12,12,Agglomerative,4.84,0.127369317335745,0.0103332654784594
50,12,12,Agglomerative,4.85,0.0896225091721876,0.00960863424477474
50,12,12,Agglomerative,4.86,0.0610418041961094,0.00767263427109975
50,12,12,Agglomerative,4.87,0.0441014481832538,0.00757416241050435
50,12,12,Agglomerative,4.88,0.0392270016758667,0.00452012430948279
50,12,12,Agglomerative,4.9,0.0172895832312187,0.00390781616039662
50,12,12,Agglomerative,4.93,0.00971609081479958,0.00481406265605753
5000,12,12,Spectral,4.67,0,0
5000,12,12,Spectral,4.7,0,0
5000,12,12,Spectral,4.72,0.168350168350168,0.148148148148148
5000,12,12,Spectral,4.73,0.261111111111111,0.0801233616769775
5000,12,12,Spectral,4.74,0.238095238095238,0.110656667034498
5000,12,12,Spectral,4.75,0.0909090909090909,0.0909090909090909
5000,12,12,Spectral,4.76,0.142857142857143,0.142857142857143
5000,12,12,Spectral,4.77,0,0
5000,12,12,Spectral,4.78,0,0
5000,12,12,Spectral,4.79,0,0
5000,12,12,Spectral,4.81,0,0
5000,12,12,Spectral,4.82,0,0
5000,12,12,Spectral,4.83,0,0
5000,12,12,Spectral,4.84,0,0
5000,12,12,Spectral,4.85,0,0
5000,12,12,Spectral,4.86,0,0
5000,12,12,Spectral,4.87,0,0
5000,12,12,Spectral,4.88,0,0
5000,12,12,Spectral,4.9,0,0
5000,12,12,Spectral,4.93,0,0
1000,12,12,Spectral,4.67,0,0
1000,12,12,Spectral,4.7,0,0
1000,12,12,Spectral,4.72,0.0232558139534884,0.0232558139534884
1000,12,12,Spectral,4.73,0.0931034482758633,0.0477502298169562
1000,12,12,Spectral,4.74,0.106821787414067,0.064516129032258
1000,12,12,Spectral,4.75,0.254010695187166,0.0108042980449496
1000,12,12,Spectral,4.76,0.187135780885781,0.0596590909090909
1000,12,12,Spectral,4.77,0.104542686639873,0.0453781512605042
1000,12,12,Spectral,4.78,0.0138888888888889,0.0138888888888889
1000,12,12,Spectral,4.79,0.026315789473685,0.0263157894736842
1000,12,12,Spectral,4.81,0,0
1000,12,12,Spectral,4.82,0,0
1000,12,12,Spectral,4.83,0,0
1000,12,12,Spectral,4.84,0,0
1000,12,12,Spectral,4.85,0,0
1000,12,12,Spectral,4.86,0,0
1000,12,12,Spectral,4.87,0,0
1000,12,12,Spectral,4.88,0,0
1000,12,12,Spectral,4.9,0,0
1000,12,12,Spectral,4.93,0,0
500,12,12,Spectral,4.67,0,0
500,12,12,Spectral,4.7,0,0
500,12,12,Spectral,4.72,0.0451304534142045,0.0261222889454465
500,12,12,Spectral,4.73,0.190476190476194,0.0281571471272249
500,12,12,Spectral,4.74,0.225490196078426,0.0196242162103369
500,12,12,Spectral,4.75,0.182902973395929,0.0273608566827121
500,12,12,Spectral,4.76,0.117338241292474,0.0349836913986968
500,12,12,Spectral,4.77,0.0416149068322991,0.0229480878934781
500,12,12,Spectral,4.78,0.00694444444444444,0.00694444444444444
500,12,12,Spectral,4.79,0,0
500,12,12,Spectral,4.81,0,0
500,12,12,Spectral,4.82,0,0
500,12,12,Spectral,4.83,0,0
500,12,12,Spectral,4.84,0,0
500,12,12,Spectral,4.85,0,0
500,12,12,Spectral,4.86,0,0
500,12,12,Spectral,4.87,0,0
500,12,12,Spectral,4.88,0,0
500,12,12,Spectral,4.9,0,0
500,12,12,Spectral,4.93,0,0
250,12,12,Spectral,4.67,0,0
250,12,12,Spectral,4.7,0,0
250,12,12,Spectral,4.72,0.0714910953877536,0.018831951641848
250,12,12,Spectral,4.73,0.196057620928202,0.0172756042291372
250,12,12,Spectral,4.74,0.250537029963421,0.00196646434359569
250,12,12,Spectral,4.75,0.148933244557666,0.0252214566929134
250,12,12,Spectral,4.76,0.0713673498944657,0.0162538084590408
250,12,12,Spectral,4.77,0.0180646375420423,0.00893934199216919
250,12,12,Spectral,4.78,0,0
250,12,12,Spectral,4.79,0,0
250,12,12,Spectral,4.81,0,0
250,12,12,Spectral,4.82,0,0
250,12,12,Spectral,4.83,0,0
250,12,12,Spectral,4.84,0,0
250,12,12,Spectral,4.85,0,0
250,12,12,Spectral,4.86,0,0
250,12,12,Spectral,4.87,0,0
250,12,12,Spectral,4.88,0,0
250,12,12,Spectral,4.9,0,0
250,12,12,Spectral,4.93,0,0
100,12,12,Spectral,4.67,0,0
100,12,12,Spectral,4.7,0,0
100,12,12,Spectral,4.72,0.0442371545836063,0.00972292831723437
100,12,12,Spectral,4.73,0.133301036124879,0.0125990316889013
100,12,12,Spectral,4.74,0.245551459408794,0.00309641741493684
100,12,12,Spectral,4.75,0.207288966202685,0.00955410148645226
100,12,12,Spectral,4.76,0.0872182361593526,0.0125847741081933
100,12,12,Spectral,4.77,0.0281388787679411,0.00800943300154086
100,12,12,Spectral,4.78,0.00624953233166327,0.00305749908776413
100,12,12,Spectral,4.79,0,0
100,12,12,Spectral,4.81,0,0
100,12,12,Spectral,4.82,0,0
100,12,12,Spectral,4.83,0,0
100,12,12,Spectral,4.84,0,0
100,12,12,Spectral,4.85,0,0
100,12,12,Spectral,4.86,0,0
100,12,12,Spectral,4.87,0,0
100,12,12,Spectral,4.88,0,0
100,12,12,Spectral,4.9,0,0
100,12,12,Spectral,4.93,0,0
50,12,12,Spectral,4.67,0,0
50,12,12,Spectral,4.7,0.00295858853532177,0.00294981371904449
50,12,12,Spectral,4.72,0.0953903236784797,0.00897932610233244
50,12,12,Spectral,4.73,0.203579581613677,0.0074578978125087
50,12,12,Spectral,4.74,0.243779502668551,0.00401252537332221
50,12,12,Spectral,4.75,0.127985724101133,0.0114562526426291
50,12,12,Spectral,4.76,0.0471071340686534,0.00613605923406777
50,12,12,Spectral,4.77,0.0106891524182019,0.00370292934590147
50,12,12,Spectral,4.78,0.00138888972744356,0.0013876822087074
50,12,12,Spectral,4.79,0,0
50,12,12,Spectral,4.81,0,0
50,12,12,Spectral,4.82,0,0
50,12,12,Spectral,4.83,0,0
50,12,12,Spectral,4.84,0,0
50,12,12,Spectral,4.85,0,0
50,12,12,Spectral,4.86,0,0
50,12,12,Spectral,4.87,0,0
50,12,12,Spectral,4.88,0,0
50,12,12,Spectral,4.9,0,0
50,12,12,Spectral,4.93,0,0
5000,12,12,GaussianMixture,4.67,0,0
5000,12,12,GaussianMixture,4.7,0,0
5000,12,12,GaussianMixture,4.72,5.05813338135491E-15,4.95478572159447E-15
5000,12,12,GaussianMixture,4.73,6.67962381720537E-07,6.67874313718043E-07
5000,12,12,GaussianMixture,4.74,1.03971812884407E-08,1.03935113069914E-08
5000,12,12,GaussianMixture,4.75,6.02627939825175E-06,3.94707978180435E-06
5000,12,12,GaussianMixture,4.76,0.0118213144251162,0.0118212938207673
5000,12,12,GaussianMixture,4.77,0.124945921432711,0.124945792276168
5000,12,12,GaussianMixture,4.78,0.109199704052356,0.109066456634667
5000,12,12,GaussianMixture,4.79,0.239508292674237,0.0552347965652537
5000,12,12,GaussianMixture,4.81,0.158042857387652,0.0764855968490968
5000,12,12,GaussianMixture,4.82,0.164497580206874,0.0611388776846027
5000,12,12,GaussianMixture,4.83,0.140579992247227,0.0900021090091931
5000,12,12,GaussianMixture,4.84,0.203438978172472,0.0553661437872308
5000,12,12,GaussianMixture,4.85,0.0874274598633108,0.0623236924838826
5000,12,12,GaussianMixture,4.86,0.185844219116711,0.0498278908012576
5000,12,12,GaussianMixture,4.87,0.113345735300655,0.0866287721282749
5000,12,12,GaussianMixture,4.88,0.157203558174248,0.0804247249465133
5000,12,12,GaussianMixture,4.9,2.7757155081667E-05,2.37375598855034E-05
5000,12,12,GaussianMixture,4.93,0.089700043061926,0.0896891887824658
1000,12,12,GaussianMixture,4.67,0,0
1000,12,12,GaussianMixture,4.7,5.89191332876253E-17,4.4256288640424E-17
1000,12,12,GaussianMixture,4.72,2.12294484740299E-11,1.98621369425947E-11
1000,12,12,GaussianMixture,4.73,0.0105148151623055,0.00790679647424425
1000,12,12,GaussianMixture,4.74,0.00116628297612726,0.00116628268779584
1000,12,12,GaussianMixture,4.75,0.0298624579221613,0.0298482043758789
1000,12,12,GaussianMixture,4.76,0.05627732729845,0.0372267800506601
1000,12,12,GaussianMixture,4.77,0.0536782536833591,0.0356317450886574
1000,12,12,GaussianMixture,4.78,0.0611255853956773,0.0336033511982702
1000,12,12,GaussianMixture,4.79,0.118424608739761,0.043349020480094
1000,12,12,GaussianMixture,4.81,0.167532366876957,0.023888405013922
1000,12,12,GaussianMixture,4.82,0.167669164173711,0.0139777131703911
1000,12,12,GaussianMixture,4.83,0.15974555426769,0.01873961030557
1000,12,12,GaussianMixture,4.84,0.16783371147902,0.017778238299453
1000,12,12,GaussianMixture,4.85,0.130528190579264,0.0285057887940133
1000,12,12,GaussianMixture,4.86,0.134934497807427,0.0258356174475376
1000,12,12,GaussianMixture,4.87,0.118850438790554,0.0281704656930433
1000,12,12,GaussianMixture,4.88,0.123878308090468,0.0264139832974473
1000,12,12,GaussianMixture,4.9,0.074154986726398,0.0291720984730099
1000,12,12,GaussianMixture,4.93,0.0719651020845478,0.0275849359250319
500,12,12,GaussianMixture,4.67,-3.81252390448738E-23,3.81252390448738E-23
500,12,12,GaussianMixture,4.7,1.46210659826597E-12,1.29165890568355E-12
500,12,12,GaussianMixture,4.72,2.57382965640233E-08,2.5534894278064E-08
500,12,12,GaussianMixture,4.73,0.0296354785321742,0.020460278760244
500,12,12,GaussianMixture,4.74,0.011610982515295,0.0084194298512894
500,12,12,GaussianMixture,4.75,0.0564416727534138,0.0260012302924785
500,12,12,GaussianMixture,4.76,0.0704968410307041,0.0398240221476842
500,12,12,GaussianMixture,4.77,0.0647532312471421,0.0240917150653862
500,12,12,GaussianMixture,4.78,0.113877704247626,0.0278910699465203
500,12,12,GaussianMixture,4.79,0.158268610673441,0.0227195356759538
500,12,12,GaussianMixture,4.81,0.166433234123404,0.0157454830296738
500,12,12,GaussianMixture,4.82,0.181289167940047,0.00990706861824538
500,12,12,GaussianMixture,4.83,0.153051367082116,0.0139453479801845
500,12,12,GaussianMixture,4.84,0.161744467547013,0.013058569716274
500,12,12,GaussianMixture,4.85,0.127434861292173,0.0186380171460829
500,12,12,GaussianMixture,4.86,0.143788356506041,0.0193080726270651
500,12,12,GaussianMixture,4.87,0.138956538077161,0.0181874547090405
500,12,12,GaussianMixture,4.88,0.124972503193188,0.0195810134640508
500,12,12,GaussianMixture,4.9,0.0731376728803659,0.0206253793864468
500,12,12,GaussianMixture,4.93,0.042629265979384,0.0181031755132817
5000,12,12,MeanShift,4.67,0,0
5000,12,12,MeanShift,4.7,0,0
5000,12,12,MeanShift,4.72,0,0
5000,12,12,MeanShift,4.73,0,0
5000,12,12,MeanShift,4.74,0,0
5000,12,12,MeanShift,4.75,0,0
5000,12,12,MeanShift,4.76,0,0
5000,12,12,MeanShift,4.77,0,0
5000,12,12,MeanShift,4.78,0,0
5000,12,12,MeanShift,4.79,0,0
5000,12,12,MeanShift,4.81,0,0
5000,12,12,MeanShift,4.82,0,0
5000,12,12,MeanShift,4.83,0,0
5000,12,12,MeanShift,4.84,0,0
5000,12,12,MeanShift,4.85,0,0
5000,12,12,MeanShift,4.86,0,0
5000,12,12,MeanShift,4.87,0,0
5000,12,12,MeanShift,4.88,0,0
5000,12,12,MeanShift,4.9,0.1,0.1
5000,12,12,MeanShift,4.93,0.1,0.1
1000,12,12,MeanShift,4.67,0,0
1000,12,12,MeanShift,4.7,0,0
1000,12,12,MeanShift,4.72,0,0
1000,12,12,MeanShift,4.73,0,0
1000,12,12,MeanShift,4.74,0,0
1000,12,12,MeanShift,4.75,0,0
1000,12,12,MeanShift,4.76,0,0
1000,12,12,MeanShift,4.77,0,0
1000,12,12,MeanShift,4.78,0,0
1000,12,12,MeanShift,4.79,0,0
1000,12,12,MeanShift,4.81,0,0
1000,12,12,MeanShift,4.82,0,0
1000,12,12,MeanShift,4.83,0,0
1000,12,12,MeanShift,4.84,0,0
1000,12,12,MeanShift,4.85,0,0
1000,12,12,MeanShift,4.86,0,0
1000,12,12,MeanShift,4.87,0,0
1000,12,12,MeanShift,4.88,0.021276595744681,0.0212765957446808
1000,12,12,MeanShift,4.9,0.0217391304347818,0.0217391304347826
1000,12,12,MeanShift,4.93,0.0370101596516687,0.025389166776107
500,12,12,MeanShift,4.67,0,0
500,12,12,MeanShift,4.7,0,0
500,12,12,MeanShift,4.72,0,0
500,12,12,MeanShift,4.73,0,0
500,12,12,MeanShift,4.74,0,0
500,12,12,MeanShift,4.75,0,0
500,12,12,MeanShift,4.76,0,0
500,12,12,MeanShift,4.77,0,0
500,12,12,MeanShift,4.78,0,0
500,12,12,MeanShift,4.79,0,0
500,12,12,MeanShift,4.81,0,0
500,12,12,MeanShift,4.82,0,0
500,12,12,MeanShift,4.83,0,0
500,12,12,MeanShift,4.84,0.0114942528735622,0.0114942528735632
500,12,12,MeanShift,4.85,0.00704225352112682,0.00704225352112676
500,12,12,MeanShift,4.86,0,0
500,12,12,MeanShift,4.87,0,0
500,12,12,MeanShift,4.88,0.0107526881720433,0.010752688172043
500,12,12,MeanShift,4.9,0.0108695652173908,0.0108695652173913
500,12,12,MeanShift,4.93,0.0479809748341466,0.0346989966555184
250,12,12,MeanShift,4.67,0,0
250,12,12,MeanShift,4.7,0,0
250,12,12,MeanShift,4.72,0,0
250,12,12,MeanShift,4.73,0,0
250,12,12,MeanShift,4.74,0,0
250,12,12,MeanShift,4.75,0,0
250,12,12,MeanShift,4.76,0,0
250,12,12,MeanShift,4.77,0,0
250,12,12,MeanShift,4.78,0,0
250,12,12,MeanShift,4.79,0,0
250,12,12,MeanShift,4.81,0,0
250,12,12,MeanShift,4.82,0,0
250,12,12,MeanShift,4.83,0,0
250,12,12,MeanShift,4.84,0.00383141762452096,0.00383141762452107
250,12,12,MeanShift,4.85,0.00352112676056344,0.00352112676056338
250,12,12,MeanShift,4.86,0,0
250,12,12,MeanShift,4.87,0.00396825396825404,0.00396825396825397
250,12,12,MeanShift,4.88,0.00558668009291469,0.00555520682945201
250,12,12,MeanShift,4.9,0.0215957727655588,0.00962592462932061
250,12,12,MeanShift,4.93,0.0371557689591865,0.0153440973225848
5000,12,12,Birch,4.67,0,0
5000,12,12,Birch,4.7,0,0
5000,12,12,Birch,4.72,0,0
5000,12,12,Birch,4.73,0.142857142857143,0.142857142857143
5000,12,12,Birch,4.74,0.111111111111111,0.111111111111111
5000,12,12,Birch,4.75,0.142857142857143,0.142857142857143
5000,12,12,Birch,4.76,0.142857142857143,0.142857142857143
5000,12,12,Birch,4.77,0.21978021978022,0.142857142857143
5000,12,12,Birch,4.78,0.218181818181818,0.0782420878021699
5000,12,12,Birch,4.79,0.282539682539683,0.0666666666666667
5000,12,12,Birch,4.81,0.194444444444444,0.104990131391452
5000,12,12,Birch,4.82,0.214285714285714,0.109108945117996
5000,12,12,Birch,4.83,0.0769230769230769,0.0769230769230769
5000,12,12,Birch,4.84,0.111111111111111,0.111111111111111
5000,12,12,Birch,4.85,0,0
5000,12,12,Birch,4.86,0.111111111111111,0.111111111111111
5000,12,12,Birch,4.87,0,0
5000,12,12,Birch,4.88,0,0
5000,12,12,Birch,4.9,0.0909090909090909,0.0909090909090909
5000,12,12,Birch,4.93,0,0
1000,12,12,Birch,4.67,0,0
1000,12,12,Birch,4.7,0,0
1000,12,12,Birch,4.72,0.0344827586206899,0.0344827586206897
1000,12,12,Birch,4.73,0.0512091038406828,0.0346703483972794
1000,12,12,Birch,4.74,0.0312499999999998,0.03125
1000,12,12,Birch,4.75,0.0852272727272727,0.044262342663119
1000,12,12,Birch,4.76,0.106951871657754,0.0455699031624731
1000,12,12,Birch,4.77,0.167494824016563,0.0529411764705882
1000,12,12,Birch,4.78,0.245376955903269,0.0178571676147684
1000,12,12,Birch,4.79,0.252543940795557,0.00814473649322976
1000,12,12,Birch,4.81,0.229915433403798,0.0240955292284167
1000,12,12,Birch,4.82,0.120120120120121,0.0439544385197149
1000,12,12,Birch,4.83,0.125604551920341,0.0796586059743954
1000,12,12,Birch,4.84,0.103065539112052,0.0391796027291701
1000,12,12,Birch,4.85,0.0679442508710807,0.0361988039810232
1000,12,12,Birch,4.86,0.0954627949183312,0.0432623784955304
1000,12,12,Birch,4.87,0.0610545790934307,0.0328383656815666
1000,12,12,Birch,4.88,0.0222278969469981,0.0217171717171717
1000,12,12,Birch,4.9,0.042512077294686,0.0290184266292137
1000,12,12,Birch,4.93,0,0
500,12,12,Birch,4.67,0,0
500,12,12,Birch,4.7,0,0
500,12,12,Birch,4.72,0,0
500,12,12,Birch,4.73,0,0
500,12,12,Birch,4.74,0.0312339989759342,0.0215360324914906
500,12,12,Birch,4.75,0.0758607617886055,0.0284038573649067
500,12,12,Birch,4.76,0.102691511387165,0.0304160700675555
500,12,12,Birch,4.77,0.213043478260871,0.0227161234739503
500,12,12,Birch,4.78,0.234912995186964,0.0156507502259711
500,12,12,Birch,4.79,0.248175633889919,0.00649597251420256
500,12,12,Birch,4.81,0.163583252190847,0.0277755716658409
500,12,12,Birch,4.82,0.0663865546218499,0.0245796316255353
500,12,12,Birch,4.83,0.0573023802527205,0.0236801869206033
500,12,12,Birch,4.84,0.0227211975407654,0.0157802961399553
500,12,12,Birch,4.85,0.00689655172413791,0.00689655172413793
500,12,12,Birch,4.86,0,0
500,12,12,Birch,4.87,0,0
500,12,12,Birch,4.88,0,0
500,12,12,Birch,4.9,0,0
500,12,12,Birch,4.93,0,0
250,12,12,Birch,4.67,0,0
250,12,12,Birch,4.7,0,0
250,12,12,Birch,4.72,0,0
250,12,12,Birch,4.73,0.00854732477494058,0.00847332743884468
250,12,12,Birch,4.74,0.0246436507777622,0.0158096774499931
250,12,12,Birch,4.75,0.0377608176778565,0.0137994210523431
250,12,12,Birch,4.76,0.115157441381049,0.021355029733506
250,12,12,Birch,4.77,0.174581728432981,0.0200708998018976
250,12,12,Birch,4.78,0.238916655837387,0.0104166666666667
250,12,12,Birch,4.79,0.239395454429506,0.00860738968722021
250,12,12,Birch,4.81,0.146518847639656,0.0184547206461384
250,12,12,Birch,4.82,0.0867709786286091,0.020184232438449
250,12,12,Birch,4.83,0.0681334220206641,0.0246046266835086
250,12,12,Birch,4.84,0.0435387806110231,0.0112263214912175
250,12,12,Birch,4.85,0.00645174848118788,0.00640971931294512
250,12,12,Birch,4.86,0.00884979025210476,0.0087708947885939
250,12,12,Birch,4.87,0.00392156862745105,0.00392156862745098
250,12,12,Birch,4.88,0,0
250,12,12,Birch,4.9,0,0
250,12,12,Birch,4.93,0,0
100,12,12,Birch,4.67,0,0
100,12,12,Birch,4.7,0,0
100,12,12,Birch,4.72,0.00212765957446809,0.00212765957446809
100,12,12,Birch,4.73,0.0178932298402752,0.0062720386923727
100,12,12,Birch,4.74,0.0650686557503657,0.0100211782631857
100,12,12,Birch,4.75,0.131094021067953,0.0126390168754298
100,12,12,Birch,4.76,0.219042095181991,0.00782169670067994
100,12,12,Birch,4.77,0.250319818209285,0.000335557933725451
100,12,12,Birch,4.78,0.224915299800717,0.0120695525893893
100,12,12,Birch,4.79,0.140093486064007,0.0116467666375674
100,12,12,Birch,4.81,0.0441047906987819,0.00818761126440371
100,12,12,Birch,4.82,0.0175307461965337,0.00901975288267848
100,12,12,Birch,4.83,0.0109152588555133,0.00409154997845362
100,12,12,Birch,4.84,0.00238948979350365,0.00238653263096024
100,12,12,Birch,4.85,0,0
100,12,12,Birch,4.86,0,0
100,12,12,Birch,4.87,0,0
100,12,12,Birch,4.88,0,0
100,12,12,Birch,4.9,0,0
100,12,12,Birch,4.93,0,0
50,12,12,Birch,4.67,0,0
50,12,12,Birch,4.7,0,0
50,12,12,Birch,4.72,0,0
50,12,12,Birch,4.73,0,0
50,12,12,Birch,4.74,0.0024236938447542,0.0015440638281507
50,12,12,Birch,4.75,0.008519689690983,0.00503744779317422
50,12,12,Birch,4.76,0.0184506007887602,0.00836084637223597
50,12,12,Birch,4.77,0.0525273625677694,0.00678513174124369
50,12,12,Birch,4.78,0.119502763787418,0.0145929918096121
50,12,12,Birch,4.79,0.190719955400587,0.00724868421317
50,12,12,Birch,4.81,0.24904624240943,0.00136746290511846
50,12,12,Birch,4.82,0.219100493239174,0.00523185177474071
50,12,12,Birch,4.83,0.166863997186483,0.00944786277480596
50,12,12,Birch,4.84,0.127369317335745,0.0103332654784594
50,12,12,Birch,4.85,0.0896225091721876,0.00960863424477474
50,12,12,Birch,4.86,0.0610418041961094,0.00767263427109975
50,12,12,Birch,4.87,0.0441014481832538,0.00757416241050435
50,12,12,Birch,4.88,0.0392270016758667,0.00452012430948279
50,12,12,Birch,4.9,0.0172895832312187,0.00390781616039662
50,12,12,Birch,4.93,0.00971609081479958,0.00481406265605753
5000,12,12,BayesianGMM,4.67,0,0
5000,12,12,BayesianGMM,4.7,6.56151898711017E-24,3.69391047328655E-24
5000,12,12,BayesianGMM,4.72,4.15984733181216E-14,4.07546648866028E-14
5000,12,12,BayesianGMM,4.73,1.46862332335362E-05,1.46855043945718E-05
5000,12,12,BayesianGMM,4.74,8.56930743392311E-08,8.56819778857131E-08
5000,12,12,BayesianGMM,4.75,1.77691865714755E-05,1.08789421260215E-05
5000,12,12,BayesianGMM,4.76,0.0411679421892004,0.041167772975067
5000,12,12,BayesianGMM,4.77,0.124886013952536,0.124885580462301
5000,12,12,BayesianGMM,4.78,0.108304403318278,0.107919228251235
5000,12,12,BayesianGMM,4.79,0.234325395952004,0.0545115281121386
5000,12,12,BayesianGMM,4.81,0.154583966157794,0.061637612997051
5000,12,12,BayesianGMM,4.82,0.169467475405246,0.0634366503791432
5000,12,12,BayesianGMM,4.83,0.148196787781581,0.0986624950974124
5000,12,12,BayesianGMM,4.84,0.215690798649017,0.056083958191092
5000,12,12,BayesianGMM,4.85,0.141529554911757,0.0622831895330859
5000,12,12,BayesianGMM,4.86,0.171549304964137,0.0595784644539697
5000,12,12,BayesianGMM,4.87,0.116188821552098,0.0904397440177415
5000,12,12,BayesianGMM,4.88,0.152641270295911,0.081427981461365
5000,12,12,BayesianGMM,4.9,1.07696190947676E-05,7.35307114516482E-06
5000,12,12,BayesianGMM,4.93,0.0892610359728937,0.0892574297861217
1000,12,12,BayesianGMM,4.67,0,0
1000,12,12,BayesianGMM,4.7,9.30486235631439E-19,9.23737211196674E-19
1000,12,12,BayesianGMM,4.72,4.61177730805461E-13,4.19128872594011E-13
1000,12,12,BayesianGMM,4.73,0.000792421556741148,0.000789298812629408
1000,12,12,BayesianGMM,4.74,3.54530626555147E-05,3.54530269992641E-05
1000,12,12,BayesianGMM,4.75,0.0287501637865614,0.0287478815326573
1000,12,12,BayesianGMM,4.76,0.0404478867100619,0.0254266990758154
1000,12,12,BayesianGMM,4.77,0.0536594756787395,0.0361674890425453
1000,12,12,BayesianGMM,4.78,0.0524935368936256,0.0342914175829778
1000,12,12,BayesianGMM,4.79,0.116880347199927,0.048002097781334
1000,12,12,BayesianGMM,4.81,0.170044842219111,0.0251273786489306
1000,12,12,BayesianGMM,4.82,0.167120488810798,0.0146252762480645
1000,12,12,BayesianGMM,4.83,0.166226424199673,0.0166360117297141
1000,12,12,BayesianGMM,4.84,0.169407307256136,0.0162463382778424
1000,12,12,BayesianGMM,4.85,0.132092021809507,0.0269949117122982
1000,12,12,BayesianGMM,4.86,0.137593236095427,0.0234824298337307
1000,12,12,BayesianGMM,4.87,0.124915730615176,0.0274457552060955
1000,12,12,BayesianGMM,4.88,0.128958540888868,0.025761071011832
1000,12,12,BayesianGMM,4.9,0.0828314256424362,0.0290991351362515
1000,12,12,BayesianGMM,4.93,0.0900919265614193,0.0303128163900685
500,12,12,BayesianGMM,4.67,0,0
500,12,12,BayesianGMM,4.7,5.47200632026266E-13,4.83409040864607E-13
500,12,12,BayesianGMM,4.72,2.61071178575101E-08,2.60309245321585E-08
500,12,12,BayesianGMM,4.73,0.0216405699737334,0.0154967709461644
500,12,12,BayesianGMM,4.74,0.0100966627578997,0.00791067819766006
500,12,12,BayesianGMM,4.75,0.0538836532914807,0.0251054609551491
500,12,12,BayesianGMM,4.76,0.0697309256944131,0.0401108541830874
500,12,12,BayesianGMM,4.77,0.0638721967300706,0.0243927061029475
500,12,12,BayesianGMM,4.78,0.110859742665537,0.0287237047117128
500,12,12,BayesianGMM,4.79,0.15668702899788,0.0232248131263591
500,12,12,BayesianGMM,4.81,0.165480541575728,0.015596015502377
500,12,12,BayesianGMM,4.82,0.179511356630932,0.00958103757377791
500,12,12,BayesianGMM,4.83,0.155876192372772,0.0131344525009369
500,12,12,BayesianGMM,4.84,0.166737398974014,0.012401443915131
500,12,12,BayesianGMM,4.85,0.127714308603982,0.0182635530887094
500,12,12,BayesianGMM,4.86,0.127726829440313,0.0185860295588459
500,12,12,BayesianGMM,4.87,0.142513420335372,0.0180040035122958
500,12,12,BayesianGMM,4.88,0.127761381239307,0.0192030367904756
500,12,12,BayesianGMM,4.9,0.0737723214160402,0.0206795249561182
500,12,12,BayesianGMM,4.93,0.0556637642075122,0.017876261193744
