stride,feature_set,n_features,model,K0,chi,chi_err
250,full_20,20,KMeans,4.67,0.2480429350736829,0.004076435817844819
250,full_20,20,KMeans,4.7,0.23322213312422282,0.011590317980428205
250,full_20,20,KMeans,4.72,0.24929675237028134,0.0035137086189052616
250,full_20,20,KMeans,4.73,0.24949213794115382,0.007736516357205972
250,full_20,20,KMeans,4.74,0.25008767603704357,0.0031515409599166076
250,full_20,20,KMeans,4.75,0.24329816898291473,0.006161106413922126
250,full_20,20,KMeans,4.76,0.23208538052302383,0.010424335427970962
250,full_20,20,KMeans,4.77,0.24330145025175232,0.0054335485790623335
250,full_20,20,KMeans,4.78,0.24641456011019758,0.005131191529215988
250,full_20,20,KMeans,4.79,0.25079299673719097,0.0012410262620500886
250,full_20,20,KMeans,4.81,0.2456999440461026,0.005055724901693183
250,full_20,20,KMeans,4.82,0.2375053246612857,0.008278801809710409
250,full_20,20,KMeans,4.83,0.2475696552654658,0.005051494384590349
250,full_20,20,KMeans,4.84,0.25087135614702977,0.0009970533090787404
250,full_20,20,KMeans,4.85,0.24388687791471847,0.004821531090903698
250,full_20,20,KMeans,4.86,0.24430025372283942,0.010485010480890558
250,full_20,20,KMeans,4.87,0.24066849829319364,0.007495251542715129
250,full_20,20,KMeans,4.88,0.24864329650695913,0.004455790755120573
250,full_20,20,KMeans,4.9,0.2490203560130078,0.0032391592248353905
250,full_20,20,KMeans,4.93,0.24439587515729644,0.005762460619506001
100,full_20,20,KMeans,4.67,0.242475012256341,0.003972062297657138
100,full_20,20,KMeans,4.7,0.2432269634111249,0.004234765710473664
100,full_20,20,KMeans,4.72,0.2416639933229843,0.009951703101169301
100,full_20,20,KMeans,4.73,0.24507114645958608,0.0033278122306602946
100,full_20,20,KMeans,4.74,0.24784746072345823,0.0022786013320312093
100,full_20,20,KMeans,4.75,0.24785454458072026,0.002122046475598758
100,full_20,20,KMeans,4.76,0.2509820385429575,0.0008995993846823377
100,full_20,20,KMeans,4.77,0.24823145031993255,0.0019867923279391804
100,full_20,20,KMeans,4.78,0.24872129839602367,0.0019688007422871377
100,full_20,20,KMeans,4.79,0.2483270964906009,0.0033664350715322585
100,full_20,20,KMeans,4.81,0.2480643098460308,0.002216178327962951
100,full_20,20,KMeans,4.82,0.251137166753797,0.0007892097260146847
100,full_20,20,KMeans,4.83,0.24983252403468542,0.0014893685171857723
100,full_20,20,KMeans,4.84,0.24315583781397826,0.0050887922170022235
100,full_20,20,KMeans,4.85,0.25060318111258095,0.0017926803050546214
100,full_20,20,KMeans,4.86,0.2493723037609472,0.0013591058678229585
100,full_20,20,KMeans,4.87,0.2504267774041313,0.00027254094352875853
100,full_20,20,KMeans,4.88,0.24916610575232484,0.0015788297160653302
100,full_20,20,KMeans,4.9,0.24349805698742744,0.004609323204271371
100,full_20,20,KMeans,4.93,0.24789490871981157,0.0031247837651383306
250,full_20,20,Agglomerative,4.67,0.02865107488778646,0.012690763052208827
250,full_20,20,Agglomerative,4.7,0.065870272696667,0.028785687250829625
250,full_20,20,Agglomerative,4.72,0.055416514751714656,0.016889837818571042
250,full_20,20,Agglomerative,4.73,0.09701684454159698,0.023304616694043965
250,full_20,20,Agglomerative,4.74,0.128710043744417,0.019867671912769166
250,full_20,20,Agglomerative,4.75,0.08162982482981154,0.018522879998331833
250,full_20,20,Agglomerative,4.76,0.11322196125968872,0.018357273328250722
250,full_20,20,Agglomerative,4.77,0.12473041943282556,0.020089773218814992
250,full_20,20,Agglomerative,4.78,0.13722869777643884,0.016910743558696477
250,full_20,20,Agglomerative,4.79,0.13866150414373754,0.02043990626198258
250,full_20,20,Agglomerative,4.81,0.1748857630175274,0.018171483959507274
250,full_20,20,Agglomerative,4.82,0.216180642157279,0.0239027117696394
250,full_20,20,Agglomerative,4.83,0.1926984190944379,0.021706022966941706
250,full_20,20,Agglomerative,4.84,0.20968039472547265,0.014183973434398258
250,full_20,20,Agglomerative,4.85,0.21386861313868658,0.013739065956682457
250,full_20,20,Agglomerative,4.86,0.21762020931323778,0.016446223459798084
250,full_20,20,Agglomerative,4.87,0.2320816427832727,0.016586482514646894
250,full_20,20,Agglomerative,4.88,0.2182924542122069,0.013157444890144894
250,full_20,20,Agglomerative,4.9,0.22112327549857252,0.010038983697413465
250,full_20,20,Agglomerative,4.93,0.23801359387532756,0.009577690662865332
100,full_20,20,Agglomerative,4.67,0.07794796144363282,0.012817902017382253
100,full_20,20,Agglomerative,4.7,0.1007458594462795,0.01192416476808891
100,full_20,20,Agglomerative,4.72,0.17496234663389784,0.01773004575495679
100,full_20,20,Agglomerative,4.73,0.18134958025444464,0.011851298841426348
100,full_20,20,Agglomerative,4.74,0.2044266817667326,0.01182665077767486
100,full_20,20,Agglomerative,4.75,0.21837524797720478,0.008604330992084146
100,full_20,20,Agglomerative,4.76,0.22086568033882367,0.012615965442835659
100,full_20,20,Agglomerative,4.77,0.2240401818536809,0.006621716153001322
100,full_20,20,Agglomerative,4.78,0.21981984100264676,0.006470476945317109
100,full_20,20,Agglomerative,4.79,0.22614386604726516,0.00927077259255093
100,full_20,20,Agglomerative,4.81,0.23776335384779965,0.005234814936461291
100,full_20,20,Agglomerative,4.82,0.24061863126158267,0.004502630629168709
100,full_20,20,Agglomerative,4.83,0.23751524132205093,0.005512833974413517
100,full_20,20,Agglomerative,4.84,0.23708931857856994,0.006392960960338137
100,full_20,20,Agglomerative,4.85,0.23850334310175478,0.006441050737450169
100,full_20,20,Agglomerative,4.86,0.24403612195714058,0.003209098418435079
100,full_20,20,Agglomerative,4.87,0.2434509398439681,0.003615710055846724
100,full_20,20,Agglomerative,4.88,0.24362266830360665,0.0035883043632504064
100,full_20,20,Agglomerative,4.9,0.24457107900528346,0.004491176950038871
100,full_20,20,Agglomerative,4.93,0.24979383218647336,0.0018857526042910554
250,full_20,20,Spectral,4.67,0.18662995410930328,0.02184548867903062
250,full_20,20,Spectral,4.7,0.15583894376464008,0.02182740738758753
250,full_20,20,Spectral,4.72,0.21680205667597965,0.016447742620238476
250,full_20,20,Spectral,4.73,0.2087848738662253,0.0159700558361875
250,full_20,20,Spectral,4.74,0.22480104466947734,0.011663150946190613
250,full_20,20,Spectral,4.75,0.2107372893177042,0.01696860566595496
250,full_20,20,Spectral,4.76,0.2061708578562511,0.02274958809296975
250,full_20,20,Spectral,4.77,0.22486777402464497,0.010735694720948572
250,full_20,20,Spectral,4.78,0.2205051909292693,0.011887994706251237
250,full_20,20,Spectral,4.79,0.24404063464531006,0.006111885734880811
250,full_20,20,Spectral,4.81,0.22326118788442573,0.010792394998197568
250,full_20,20,Spectral,4.82,0.21346010795551854,0.012219665180477854
250,full_20,20,Spectral,4.83,0.22195943550102673,0.011667835010683003
250,full_20,20,Spectral,4.84,0.23943457672693372,0.007689929669989974
250,full_20,20,Spectral,4.85,0.21488199768978422,0.012652930223982539
250,full_20,20,Spectral,4.86,0.22221074087649983,0.016382341837504068
250,full_20,20,Spectral,4.87,0.21924933374323752,0.014068249044080536
250,full_20,20,Spectral,4.88,0.22852894707536414,0.010466800898057156
250,full_20,20,Spectral,4.9,0.2348032399148284,0.008155846626485816
250,full_20,20,Spectral,4.93,0.22072035318486838,0.011467193138805506
100,full_20,20,Spectral,4.67,0.18171092530278865,0.009585989166600672
100,full_20,20,Spectral,4.7,0.20115770882299158,0.012512415376451808
100,full_20,20,Spectral,4.72,0.22453108292188947,0.007647464790875912
100,full_20,20,Spectral,4.73,0.21776647107995098,0.010976305175088427
100,full_20,20,Spectral,4.74,0.2282040275659573,0.008794603454797628
100,full_20,20,Spectral,4.75,0.24087383633686305,0.005887244454668427
100,full_20,20,Spectral,4.76,0.24313889196981342,0.003793567544171699
100,full_20,20,Spectral,4.77,0.2432687238587957,0.005634081576032933
100,full_20,20,Spectral,4.78,0.24439278302389697,0.003791328325955722
100,full_20,20,Spectral,4.79,0.2439432933365551,0.007146295131356172
100,full_20,20,Spectral,4.81,0.24310519253489882,0.003236423899995341
100,full_20,20,Spectral,4.82,0.24616098329525732,0.002860884816019274
100,full_20,20,Spectral,4.83,0.24946816368658875,0.0012201305812479045
100,full_20,20,Spectral,4.84,0.24926301823346908,0.0029794132591696963
100,full_20,20,Spectral,4.85,0.2487774918686143,0.0021970111638990484
100,full_20,20,Spectral,4.86,0.24952053413441,0.0011022146847864019
100,full_20,20,Spectral,4.87,0.24999643861075796,0.0008075807492592446
100,full_20,20,Spectral,4.88,0.25137316413761335,0.0012583892617449577
100,full_20,20,Spectral,4.9,0.25069699709009235,0.0004180902342673026
100,full_20,20,Spectral,4.93,0.24971522941602756,0.0021503132121294265
250,full_20,20,Birch,4.67,0.02865107488778646,0.012690763052208827
250,full_20,20,Birch,4.7,0.065870272696667,0.028785687250829625
250,full_20,20,Birch,4.72,0.055416514751714656,0.016889837818571042
250,full_20,20,Birch,4.73,0.09701684454159698,0.023304616694043965
250,full_20,20,Birch,4.74,0.128710043744417,0.019867671912769166
250,full_20,20,Birch,4.75,0.08162982482981154,0.018522879998331833
250,full_20,20,Birch,4.76,0.11322196125968872,0.018357273328250722
250,full_20,20,Birch,4.77,0.12473041943282556,0.020089773218814992
250,full_20,20,Birch,4.78,0.13722869777643884,0.016910743558696477
250,full_20,20,Birch,4.79,0.13866150414373754,0.02043990626198258
250,full_20,20,Birch,4.81,0.1748857630175274,0.018171483959507274
250,full_20,20,Birch,4.82,0.216180642157279,0.0239027117696394
250,full_20,20,Birch,4.83,0.1926984190944379,0.021706022966941706
250,full_20,20,Birch,4.84,0.20968039472547265,0.014183973434398258
250,full_20,20,Birch,4.85,0.21386861313868658,0.013739065956682457
250,full_20,20,Birch,4.86,0.21762020931323778,0.016446223459798084
250,full_20,20,Birch,4.87,0.2320816427832727,0.016586482514646894
250,full_20,20,Birch,4.88,0.2182924542122069,0.013157444890144894
250,full_20,20,Birch,4.9,0.22112327549857252,0.010038983697413465
250,full_20,20,Birch,4.93,0.23801359387532756,0.009577690662865332
100,full_20,20,Birch,4.67,0.07794796144363282,0.012817902017382253
100,full_20,20,Birch,4.7,0.1007458594462795,0.01192416476808891
100,full_20,20,Birch,4.72,0.17496234663389784,0.01773004575495679
100,full_20,20,Birch,4.73,0.18134958025444464,0.011851298841426348
100,full_20,20,Birch,4.74,0.2044266817667326,0.01182665077767486
100,full_20,20,Birch,4.75,0.21837524797720478,0.008604330992084146
100,full_20,20,Birch,4.76,0.22086568033882367,0.012615965442835659
100,full_20,20,Birch,4.77,0.2240401818536809,0.006621716153001322
100,full_20,20,Birch,4.78,0.21981984100264676,0.006470476945317109
100,full_20,20,Birch,4.79,0.22614386604726516,0.00927077259255093
100,full_20,20,Birch,4.81,0.23776335384779965,0.005234814936461291
100,full_20,20,Birch,4.82,0.24061863126158267,0.004502630629168709
100,full_20,20,Birch,4.83,0.23751524132205093,0.005512833974413517
100,full_20,20,Birch,4.84,0.23708931857856994,0.006392960960338137
100,full_20,20,Birch,4.85,0.23850334310175478,0.006441050737450169
100,full_20,20,Birch,4.86,0.24403612195714058,0.003209098418435079
100,full_20,20,Birch,4.87,0.2434509398439681,0.003615710055846724
100,full_20,20,Birch,4.88,0.24362266830360665,0.0035883043632504064
100,full_20,20,Birch,4.9,0.24457107900528346,0.004491176950038871
100,full_20,20,Birch,4.93,0.24979383218647336,0.0018857526042910554
250,add_2,21,KMeans,4.67,0.0,0.0
250,add_2,21,KMeans,4.7,0.0,0.0
250,add_2,21,KMeans,4.72,0.0,0.0
250,add_2,21,KMeans,4.73,0.0,0.0
250,add_2,21,KMeans,4.74,0.0047169811320753804,0.004716981132075472
250,add_2,21,KMeans,4.75,0.020504376852544887,0.00992544903151956
250,add_2,21,KMeans,4.76,0.07209719898859375,0.016387284232581907
250,add_2,21,KMeans,4.77,0.19309619013312362,0.026587425711604606
250,add_2,21,KMeans,4.78,0.24773020028255632,0.008303107592765068
250,add_2,21,KMeans,4.79,0.1695958217483327,0.0164915270603048
250,add_2,21,KMeans,4.81,0.028230390054100406,0.01399858509744416
250,add_2,21,KMeans,4.82,0.0,0.0
250,add_2,21,KMeans,4.83,0.0,0.0
250,add_2,21,KMeans,4.84,0.0,0.0
250,add_2,21,KMeans,4.85,0.0,0.0
250,add_2,21,KMeans,4.86,0.0,0.0
250,add_2,21,KMeans,4.87,0.0,0.0
250,add_2,21,KMeans,4.88,0.0,0.0
250,add_2,21,KMeans,4.9,0.0,0.0
250,add_2,21,KMeans,4.93,0.0,0.0
100,add_2,21,KMeans,4.67,0.0,0.0
100,add_2,21,KMeans,4.7,0.0,0.0
100,add_2,21,KMeans,4.72,0.0,0.0
100,add_2,21,KMeans,4.73,0.0,0.0
100,add_2,21,KMeans,4.74,0.0037382248198238183,0.002623256267960331
100,add_2,21,KMeans,4.75,0.0184766654905074,0.008562084300731927
100,add_2,21,KMeans,4.76,0.07525452922134901,0.010411602742027274
100,add_2,21,KMeans,4.77,0.19108301168989253,0.008371123688951336
100,add_2,21,KMeans,4.78,0.25025077689938496,0.0006555450217079537
100,add_2,21,KMeans,4.79,0.17512663203954,0.012076332752263007
100,add_2,21,KMeans,4.81,0.018807296264371148,0.006151603090534616
100,add_2,21,KMeans,4.82,0.004643758865726824,0.0026430722183293878
100,add_2,21,KMeans,4.83,0.0,0.0
100,add_2,21,KMeans,4.84,0.0,0.0
100,add_2,21,KMeans,4.85,0.0,0.0
100,add_2,21,KMeans,4.86,0.0,0.0
100,add_2,21,KMeans,4.87,0.0,0.0
100,add_2,21,KMeans,4.88,0.0,0.0
100,add_2,21,KMeans,4.9,0.0,0.0
100,add_2,21,KMeans,4.93,0.0,0.0
250,add_2,21,Agglomerative,4.67,0.0,0.0
250,add_2,21,Agglomerative,4.7,0.0,0.0
250,add_2,21,Agglomerative,4.72,0.02636814064014532,0.016650645525641276
250,add_2,21,Agglomerative,4.73,0.03716708823091799,0.017163204726549162
250,add_2,21,Agglomerative,4.74,0.10196883462461312,0.019301211540602926
250,add_2,21,Agglomerative,4.75,0.15964501869783462,0.01980344227772152
250,add_2,21,Agglomerative,4.76,0.2387250286952372,0.013670539986329444
250,add_2,21,Agglomerative,4.77,0.24949584299429522,0.0030336210691061754
250,add_2,21,Agglomerative,4.78,0.22721343622798773,0.012925984105166799
250,add_2,21,Agglomerative,4.79,0.15641668433546607,0.0220610624007987
250,add_2,21,Agglomerative,4.81,0.06627419971471406,0.023697824942349725
250,add_2,21,Agglomerative,4.82,0.027199467711808593,0.01326457053134602
250,add_2,21,Agglomerative,4.83,0.019990620719160277,0.008569455731859566
250,add_2,21,Agglomerative,4.84,0.0038314176245210353,0.003831417624521073
250,add_2,21,Agglomerative,4.85,0.0,0.0
250,add_2,21,Agglomerative,4.86,0.0,0.0
250,add_2,21,Agglomerative,4.87,0.0,0.0
250,add_2,21,Agglomerative,4.88,0.0,0.0
250,add_2,21,Agglomerative,4.9,0.0,0.0
250,add_2,21,Agglomerative,4.93,0.0,0.0
100,add_2,21,Agglomerative,4.67,0.0,0.0
100,add_2,21,Agglomerative,4.7,0.0,0.0
100,add_2,21,Agglomerative,4.72,0.014231838440588,0.005854348483567009
100,add_2,21,Agglomerative,4.73,0.028148077436578413,0.008039051798193676
100,add_2,21,Agglomerative,4.74,0.0666073267869613,0.011568870498473442
100,add_2,21,Agglomerative,4.75,0.16009455366505057,0.013093361107389626
100,add_2,21,Agglomerative,4.76,0.22320455074131482,0.010865649753619682
100,add_2,21,Agglomerative,4.77,0.25033904677799895,0.0004135781375563928
100,add_2,21,Agglomerative,4.78,0.2391082973928619,0.004500731573815675
100,add_2,21,Agglomerative,4.79,0.20769293056132887,0.008630339930224504
100,add_2,21,Agglomerative,4.81,0.10077496842078104,0.014799813054992977
100,add_2,21,Agglomerative,4.82,0.06973963186986387,0.013536064593426761
100,add_2,21,Agglomerative,4.83,0.059483332559466834,0.01570544068290072
100,add_2,21,Agglomerative,4.84,0.04369466398768791,0.015930331350892106
100,add_2,21,Agglomerative,4.85,0.030278352777334372,0.008460116754160776
100,add_2,21,Agglomerative,4.86,0.01627779610086101,0.0075097730779501385
100,add_2,21,Agglomerative,4.87,0.014273974010765104,0.00487951690785853
100,add_2,21,Agglomerative,4.88,0.006874041680731355,0.0030280072839777143
100,add_2,21,Agglomerative,4.9,0.0,0.0
100,add_2,21,Agglomerative,4.93,0.0,0.0
250,add_2,21,Spectral,4.67,0.0,0.0
250,add_2,21,Spectral,4.7,0.0,0.0
250,add_2,21,Spectral,4.72,0.07228273609262988,0.01777184625047672
250,add_2,21,Spectral,4.73,0.19481249789643268,0.02234478890689507
250,add_2,21,Spectral,4.74,0.25024964347552603,0.002824268455510517
250,add_2,21,Spectral,4.75,0.14960991778601204,0.030265748031496065
250,add_2,21,Spectral,4.76,0.06065907261042026,0.01537450212597215
250,add_2,21,Spectral,4.77,0.018064637542042256,0.008939341992169185
250,add_2,21,Spectral,4.78,0.0,0.0
250,add_2,21,Spectral,4.79,0.0,0.0
250,add_2,21,Spectral,4.81,0.0,0.0
250,add_2,21,Spectral,4.82,0.0,0.0
250,add_2,21,Spectral,4.83,0.0,0.0
250,add_2,21,Spectral,4.84,0.0,0.0
250,add_2,21,Spectral,4.85,0.0,0.0
250,add_2,21,Spectral,4.86,0.0,0.0
250,add_2,21,Spectral,4.87,0.0,0.0
250,add_2,21,Spectral,4.88,0.0,0.0
250,add_2,21,Spectral,4.9,0.0,0.0
250,add_2,21,Spectral,4.93,0.0,0.0
100,add_2,21,Spectral,4.67,0.0,0.0
100,add_2,21,Spectral,4.7,0.0,0.0
100,add_2,21,Spectral,4.72,0.07821304496254859,0.011010670573106425
100,add_2,21,Spectral,4.73,0.19022074566149008,0.010679584686308474
100,add_2,21,Spectral,4.74,0.2483826080335582,0.002025029365026401
100,add_2,21,Spectral,4.75,0.14452411646821256,0.010423074898250019
100,add_2,21,Spectral,4.76,0.04456080683447693,0.00771310904107313
100,add_2,21,Spectral,4.77,0.015796707479360274,0.005128927579526079
100,add_2,21,Spectral,4.78,0.0015698587127159333,0.0015698587127158548
100,add_2,21,Spectral,4.79,0.0,0.0
100,add_2,21,Spectral,4.81,0.0,0.0
100,add_2,21,Spectral,4.82,0.0,0.0
100,add_2,21,Spectral,4.83,0.0,0.0
100,add_2,21,Spectral,4.84,0.0,0.0
100,add_2,21,Spectral,4.85,0.0,0.0
100,add_2,21,Spectral,4.86,0.0,0.0
100,add_2,21,Spectral,4.87,0.0,0.0
100,add_2,21,Spectral,4.88,0.0,0.0
100,add_2,21,Spectral,4.9,0.0,0.0
100,add_2,21,Spectral,4.93,0.0,0.0
250,add_2,21,Birch,4.67,0.0,0.0
250,add_2,21,Birch,4.7,0.0,0.0
250,add_2,21,Birch,4.72,0.02636814064014532,0.016650645525641276
250,add_2,21,Birch,4.73,0.03716708823091799,0.017163204726549162
250,add_2,21,Birch,4.74,0.10196883462461312,0.019301211540602926
250,add_2,21,Birch,4.75,0.15964501869783462,0.01980344227772152
250,add_2,21,Birch,4.76,0.2387250286952372,0.013670539986329444
250,add_2,21,Birch,4.77,0.24949584299429522,0.0030336210691061754
250,add_2,21,Birch,4.78,0.22721343622798773,0.012925984105166799
250,add_2,21,Birch,4.79,0.15641668433546607,0.0220610624007987
250,add_2,21,Birch,4.81,0.06627419971471406,0.023697824942349725
250,add_2,21,Birch,4.82,0.027199467711808593,0.01326457053134602
250,add_2,21,Birch,4.83,0.019990620719160277,0.008569455731859566
250,add_2,21,Birch,4.84,0.0038314176245210353,0.003831417624521073
250,add_2,21,Birch,4.85,0.0,0.0
250,add_2,21,Birch,4.86,0.0,0.0
250,add_2,21,Birch,4.87,0.0,0.0
250,add_2,21,Birch,4.88,0.0,0.0
250,add_2,21,Birch,4.9,0.0,0.0
250,add_2,21,Birch,4.93,0.0,0.0
100,add_2,21,Birch,4.67,0.0,0.0
100,add_2,21,Birch,4.7,0.0,0.0
100,add_2,21,Birch,4.72,0.014231838440588,0.005854348483567009
100,add_2,21,Birch,4.73,0.028148077436578413,0.008039051798193676
100,add_2,21,Birch,4.74,0.0666073267869613,0.011568870498473442
100,add_2,21,Birch,4.75,0.16009455366505057,0.013093361107389626
100,add_2,21,Birch,4.76,0.22320455074131482,0.010865649753619682
100,add_2,21,Birch,4.77,0.25033904677799895,0.0004135781375563928
100,add_2,21,Birch,4.78,0.2391082973928619,0.004500731573815675
100,add_2,21,Birch,4.79,0.20769293056132887,0.008630339930224504
100,add_2,21,Birch,4.81,0.10077496842078104,0.014799813054992977
100,add_2,21,Birch,4.82,0.06973963186986387,0.013536064593426761
100,add_2,21,Birch,4.83,0.059483332559466834,0.01570544068290072
100,add_2,21,Birch,4.84,0.04369466398768791,0.015930331350892106
100,add_2,21,Birch,4.85,0.030278352777334372,0.008460116754160776
100,add_2,21,Birch,4.86,0.01627779610086101,0.0075097730779501385
100,add_2,21,Birch,4.87,0.014273974010765104,0.00487951690785853
100,add_2,21,Birch,4.88,0.006874041680731355,0.0030280072839777143
100,add_2,21,Birch,4.9,0.0,0.0
100,add_2,21,Birch,4.93,0.0,0.0
250,add_5,21,KMeans,4.67,0.24991398140976878,0.0015180699171357809
250,add_5,21,KMeans,4.7,0.2453506705561138,0.006368185863922376
250,add_5,21,KMeans,4.72,0.24999883825001934,0.0027106804557700285
250,add_5,21,KMeans,4.73,0.2504716981132027,0.0016786081799767898
250,add_5,21,KMeans,4.74,0.24434693466952004,0.007301722428665109
250,add_5,21,KMeans,4.75,0.2509464685497397,0.0021327747611911644
250,add_5,21,KMeans,4.76,0.24906469294785671,0.00400666938090009
250,add_5,21,KMeans,4.77,0.2508002939792754,0.0015280671936050917
250,add_5,21,KMeans,4.78,0.2498985236389116,0.0026209959690142184
250,add_5,21,KMeans,4.79,0.2503027829502767,0.002105074107609112
250,add_5,21,KMeans,4.81,0.2505306281082226,0.0014507702186164564
250,add_5,21,KMeans,4.82,0.2501858375322257,0.0016750477492937029
250,add_5,21,KMeans,4.83,0.2509884171313253,0.0009744988448954743
250,add_5,21,KMeans,4.84,0.24620395662749336,0.005458950333365235
250,add_5,21,KMeans,4.85,0.25054882254493244,0.00154404146070838
250,add_5,21,KMeans,4.86,0.24879210999293772,0.004536795468131436
250,add_5,21,KMeans,4.87,0.2500480668212934,0.0020792075621744025
250,add_5,21,KMeans,4.88,0.2507014656574436,0.0007385691538071668
250,add_5,21,KMeans,4.9,0.25127034284788285,0.001268610089536807
250,add_5,21,KMeans,4.93,0.2514600479296444,0.0009999164000333478
100,add_5,21,KMeans,4.67,0.24513415734293348,0.003987099242610266
100,add_5,21,KMeans,4.7,0.24335923135028822,0.004790520693000819
100,add_5,21,KMeans,4.72,0.24909144485868465,0.001954280745295444
100,add_5,21,KMeans,4.73,0.2496782685645785,0.0015462312312717486
100,add_5,21,KMeans,4.74,0.24683903751494046,0.0026909825649911127
100,add_5,21,KMeans,4.75,0.2461378195499155,0.002590815442608541
100,add_5,21,KMeans,4.76,0.24470038564633828,0.0038906256469005748
100,add_5,21,KMeans,4.77,0.24887568825397707,0.0017113426299264429
100,add_5,21,KMeans,4.78,0.24926686958070016,0.0011605151645524509
100,add_5,21,KMeans,4.79,0.2502777684708089,0.0005374471008231518
100,add_5,21,KMeans,4.81,0.2504483354287528,0.0008628907351477123
100,add_5,21,KMeans,4.82,0.25067901351965394,0.001874259986757161
100,add_5,21,KMeans,4.83,0.2503379079280229,0.0003185702062085918
100,add_5,21,KMeans,4.84,0.24710595184005282,0.003949064695979215
100,add_5,21,KMeans,4.85,0.2506242472115547,0.0008761746847525446
100,add_5,21,KMeans,4.86,0.24975842917559965,0.0011047875360770624
100,add_5,21,KMeans,4.87,0.25023028307938494,0.0005863251330803131
100,add_5,21,KMeans,4.88,0.24971858096767177,0.0011022231060559477
100,add_5,21,KMeans,4.9,0.24194357855806342,0.005203068526807157
100,add_5,21,KMeans,4.93,0.24700221088895596,0.003476872822130223
250,add_5,21,Agglomerative,4.67,0.006992658328694319,0.004900558395664505
250,add_5,21,Agglomerative,4.7,0.025009285625851068,0.01921086958910242
250,add_5,21,Agglomerative,4.72,0.06298028088947373,0.019506113256113244
250,add_5,21,Agglomerative,4.73,0.05168863532034881,0.01654997664780857
250,add_5,21,Agglomerative,4.74,0.08285799168152101,0.01976920200550503
250,add_5,21,Agglomerative,4.75,0.0925991195061634,0.026122478144701252
250,add_5,21,Agglomerative,4.76,0.0896431073239501,0.034555916868579034
250,add_5,21,Agglomerative,4.77,0.11581968246549205,0.016964617220001824
250,add_5,21,Agglomerative,4.78,0.12568086630064715,0.017570107164795516
250,add_5,21,Agglomerative,4.79,0.17275927778349082,0.020982717411288834
250,add_5,21,Agglomerative,4.81,0.14367630344511476,0.016257444115570126
250,add_5,21,Agglomerative,4.82,0.16501747923068075,0.01699861794840212
250,add_5,21,Agglomerative,4.83,0.18410721461834903,0.015145265062144635
250,add_5,21,Agglomerative,4.84,0.21230660720425334,0.023231560676630077
250,add_5,21,Agglomerative,4.85,0.18725731774808077,0.014670470086626992
250,add_5,21,Agglomerative,4.86,0.18391572071626533,0.024629689330588903
250,add_5,21,Agglomerative,4.87,0.1871646219626375,0.020798669288165414
250,add_5,21,Agglomerative,4.88,0.2103208386799587,0.012998855845980777
250,add_5,21,Agglomerative,4.9,0.21727354371507826,0.010722171238745247
250,add_5,21,Agglomerative,4.93,0.2159324864676846,0.01503763159121279
100,add_5,21,Agglomerative,4.67,0.2194074340783647,0.007659054239536184
100,add_5,21,Agglomerative,4.7,0.18400260267075985,0.014525729384600124
100,add_5,21,Agglomerative,4.72,0.20619275532924264,0.013612099644128087
100,add_5,21,Agglomerative,4.73,0.2060874450446124,0.009996375107008527
100,add_5,21,Agglomerative,4.74,0.2084752782268786,0.013176297672529928
100,add_5,21,Agglomerative,4.75,0.22196156888331603,0.009550233644859782
100,add_5,21,Agglomerative,4.76,0.22522686244350634,0.006524831180047158
100,add_5,21,Agglomerative,4.77,0.22541543263020838,0.00966508986423017
100,add_5,21,Agglomerative,4.78,0.228401582235398,0.006506612384490508
100,add_5,21,Agglomerative,4.79,0.22162337787636266,0.009056336090861136
100,add_5,21,Agglomerative,4.81,0.2156252026867497,0.009336188046891465
100,add_5,21,Agglomerative,4.82,0.22067965919680657,0.011238197548276308
100,add_5,21,Agglomerative,4.83,0.22670469013914263,0.006488332451033654
100,add_5,21,Agglomerative,4.84,0.2247106549104928,0.00955425724737316
100,add_5,21,Agglomerative,4.85,0.20909093319010963,0.008858803436602024
100,add_5,21,Agglomerative,4.86,0.2169579736688329,0.014467258601553859
100,add_5,21,Agglomerative,4.87,0.21441693568711245,0.007631254101321746
100,add_5,21,Agglomerative,4.88,0.21663812498772528,0.008651426174496643
100,add_5,21,Agglomerative,4.9,0.21523310749049593,0.00836994430717618
100,add_5,21,Agglomerative,4.93,0.2140496698008057,0.012340482543696202
250,add_5,21,Spectral,4.67,0.17348856209150482,0.017792246835449155
250,add_5,21,Spectral,4.7,0.16033834586465817,0.021408317371502537
250,add_5,21,Spectral,4.72,0.23728451715881888,0.008708449516640347
250,add_5,21,Spectral,4.73,0.22208622783770457,0.012414488636571424
250,add_5,21,Spectral,4.74,0.2208529583676407,0.013347846288061405
250,add_5,21,Spectral,4.75,0.22831642198933175,0.010435882564756263
250,add_5,21,Spectral,4.76,0.2326813033345123,0.014288071210742893
250,add_5,21,Spectral,4.77,0.23999102071692519,0.007781438549929093
250,add_5,21,Spectral,4.78,0.2402529143177798,0.007587319834490082
250,add_5,21,Spectral,4.79,0.2506567099456641,0.0018129024472344963
250,add_5,21,Spectral,4.81,0.24924940368612356,0.00293536613243551
250,add_5,21,Spectral,4.82,0.243943349717777,0.0061610186147468635
250,add_5,21,Spectral,4.83,0.24977203153441044,0.0025676224329616807
250,add_5,21,Spectral,4.84,0.24773000869675402,0.003825788351745116
250,add_5,21,Spectral,4.85,0.2484040390349685,0.0030196330029464273
250,add_5,21,Spectral,4.86,0.2533600197044716,0.0021941513705650566
250,add_5,21,Spectral,4.87,0.2462798184853227,0.004210628385799341
250,add_5,21,Spectral,4.88,0.2502148597433324,0.001561623371276995
250,add_5,21,Spectral,4.9,0.24886109203035356,0.0054186145346366565
250,add_5,21,Spectral,4.93,0.2504118877130725,0.0026239306739163563
100,add_5,21,Spectral,4.67,0.0,0.0
100,add_5,21,Spectral,4.7,0.0023529411764706245,0.0023529411764705876
100,add_5,21,Spectral,4.72,0.024526969589856115,0.007788525769658305
100,add_5,21,Spectral,4.73,0.03457248692318941,0.008043543419278293
100,add_5,21,Spectral,4.74,0.04002929604408095,0.009142555926506403
100,add_5,21,Spectral,4.75,0.0667090887273128,0.011949064406516385
100,add_5,21,Spectral,4.76,0.08773186440297509,0.011534799407035659
100,add_5,21,Spectral,4.77,0.12137348583635203,0.01107366869349835
100,add_5,21,Spectral,4.78,0.12586702625949422,0.014855535404773149
100,add_5,21,Spectral,4.79,0.17256972538742174,0.015470237684109297
100,add_5,21,Spectral,4.81,0.2142697298119959,0.008793449535261195
100,add_5,21,Spectral,4.82,0.22001218062202477,0.010564166703890668
100,add_5,21,Spectral,4.83,0.23648073824338908,0.005204581369574253
100,add_5,21,Spectral,4.84,0.24886099616911095,0.0018507145306583452
100,add_5,21,Spectral,4.85,0.2510481750733215,0.001174079927748891
100,add_5,21,Spectral,4.86,0.2513973088401972,0.0016981132075471472
100,add_5,21,Spectral,4.87,0.24806074738123407,0.0022412208608289215
100,add_5,21,Spectral,4.88,0.2410724328725154,0.005273250239693203
100,add_5,21,Spectral,4.9,0.21983701490211852,0.008206467602190744
100,add_5,21,Spectral,4.93,0.21237912487793037,0.008633596105194647
250,add_5,21,Birch,4.67,0.006992658328694319,0.004900558395664505
250,add_5,21,Birch,4.7,0.025009285625851068,0.01921086958910242
250,add_5,21,Birch,4.72,0.06298028088947373,0.019506113256113244
250,add_5,21,Birch,4.73,0.05168863532034881,0.01654997664780857
250,add_5,21,Birch,4.74,0.08285799168152101,0.01976920200550503
250,add_5,21,Birch,4.75,0.0925991195061634,0.026122478144701252
250,add_5,21,Birch,4.76,0.0896431073239501,0.034555916868579034
250,add_5,21,Birch,4.77,0.11581968246549205,0.016964617220001824
250,add_5,21,Birch,4.78,0.12568086630064715,0.017570107164795516
250,add_5,21,Birch,4.79,0.17275927778349082,0.020982717411288834
250,add_5,21,Birch,4.81,0.14367630344511476,0.016257444115570126
250,add_5,21,Birch,4.82,0.16501747923068075,0.01699861794840212
250,add_5,21,Birch,4.83,0.18410721461834903,0.015145265062144635
250,add_5,21,Birch,4.84,0.21230660720425334,0.023231560676630077
250,add_5,21,Birch,4.85,0.18725731774808077,0.014670470086626992
250,add_5,21,Birch,4.86,0.18391572071626533,0.024629689330588903
250,add_5,21,Birch,4.87,0.1871646219626375,0.020798669288165414
250,add_5,21,Birch,4.88,0.2103208386799587,0.012998855845980777
250,add_5,21,Birch,4.9,0.21727354371507826,0.010722171238745247
250,add_5,21,Birch,4.93,0.2159324864676846,0.01503763159121279
100,add_5,21,Birch,4.67,0.2194074340783647,0.007659054239536184
100,add_5,21,Birch,4.7,0.18400260267075985,0.014525729384600124
100,add_5,21,Birch,4.72,0.20619275532924264,0.013612099644128087
100,add_5,21,Birch,4.73,0.2060874450446124,0.009996375107008527
100,add_5,21,Birch,4.74,0.2084752782268786,0.013176297672529928
100,add_5,21,Birch,4.75,0.22196156888331603,0.009550233644859782
100,add_5,21,Birch,4.76,0.22522686244350634,0.006524831180047158
100,add_5,21,Birch,4.77,0.22541543263020838,0.00966508986423017
100,add_5,21,Birch,4.78,0.228401582235398,0.006506612384490508
100,add_5,21,Birch,4.79,0.22162337787636266,0.009056336090861136
100,add_5,21,Birch,4.81,0.2156252026867497,0.009336188046891465
100,add_5,21,Birch,4.82,0.22067965919680657,0.011238197548276308
100,add_5,21,Birch,4.83,0.22670469013914263,0.006488332451033654
100,add_5,21,Birch,4.84,0.2247106549104928,0.00955425724737316
100,add_5,21,Birch,4.85,0.20909093319010963,0.008858803436602024
100,add_5,21,Birch,4.86,0.2169579736688329,0.014467258601553859
100,add_5,21,Birch,4.87,0.21441693568711245,0.007631254101321746
100,add_5,21,Birch,4.88,0.21663812498772528,0.008651426174496643
100,add_5,21,Birch,4.9,0.21523310749049593,0.00836994430717618
100,add_5,21,Birch,4.93,0.2140496698008057,0.012340482543696202
250,add_12,21,KMeans,4.67,0.24358881365891857,0.004922002436595805
250,add_12,21,KMeans,4.7,0.250766622438462,0.0024187477425560004
250,add_12,21,KMeans,4.72,0.2284198011139635,0.011111552703081472
250,add_12,21,KMeans,4.73,0.2483027030440799,0.003555810023054745
250,add_12,21,KMeans,4.74,0.2509536192735275,0.001317491772430948
250,add_12,21,KMeans,4.75,0.2507739692348198,0.0007944888197594646
250,add_12,21,KMeans,4.76,0.251155088890257,0.0046575057422959055
250,add_12,21,KMeans,4.77,0.24972994325935546,0.0026010558289351325
250,add_12,21,KMeans,4.78,0.24761889211456975,0.005280679737743404
250,add_12,21,KMeans,4.79,0.24355007984449606,0.0074506100994147185
250,add_12,21,KMeans,4.81,0.24752282677945575,0.006001959823615843
250,add_12,21,KMeans,4.82,0.2469670688788344,0.0043664997807238105
250,add_12,21,KMeans,4.83,0.24950805469451798,0.005936428638752558
250,add_12,21,KMeans,4.84,0.2443205708418262,0.005707918064612731
250,add_12,21,KMeans,4.85,0.25078475119543103,0.0013207103695971922
250,add_12,21,KMeans,4.86,0.2494535636949444,0.004437869822485202
250,add_12,21,KMeans,4.87,0.2510298968019035,0.0016031869413136932
250,add_12,21,KMeans,4.88,0.24974984030395808,0.004268407507375546
250,add_12,21,KMeans,4.9,0.24079431264271334,0.007844229458127606
250,add_12,21,KMeans,4.93,0.24823716535845275,0.003686314338028041
100,add_12,21,KMeans,4.67,0.23580434003775225,0.004963965730154626
100,add_12,21,KMeans,4.7,0.2461626567139662,0.003467517645618939
100,add_12,21,KMeans,4.72,0.2422511547485383,0.008388408744280623
100,add_12,21,KMeans,4.73,0.2441559062805341,0.0036758679828997314
100,add_12,21,KMeans,4.74,0.2480470695909031,0.0030259452761771883
100,add_12,21,KMeans,4.75,0.2469373100594047,0.0024041051514135854
100,add_12,21,KMeans,4.76,0.2502181408332627,0.002608366213250699
100,add_12,21,KMeans,4.77,0.24703100844083353,0.0024259771130798317
100,add_12,21,KMeans,4.78,0.2461955413114025,0.003719258931363881
100,add_12,21,KMeans,4.79,0.24492913960541024,0.005910034488209333
100,add_12,21,KMeans,4.81,0.24754545378271153,0.00242840837987549
100,add_12,21,KMeans,4.82,0.2503528196982466,0.0011818736781427533
100,add_12,21,KMeans,4.83,0.248056723816393,0.0023252878728372227
100,add_12,21,KMeans,4.84,0.23950337805165484,0.00608782764237687
100,add_12,21,KMeans,4.85,0.250609026132953,0.0026438993466125545
100,add_12,21,KMeans,4.86,0.2494491005282704,0.0022197558268590017
100,add_12,21,KMeans,4.87,0.24810397346417032,0.002257919776940138
100,add_12,21,KMeans,4.88,0.2470405909544538,0.002132858736956746
100,add_12,21,KMeans,4.9,0.23751476576622113,0.005479933829452711
100,add_12,21,KMeans,4.93,0.24441958789316637,0.0043040847646816
250,add_12,21,Agglomerative,4.67,0.07148827641907068,0.01487242241836575
250,add_12,21,Agglomerative,4.7,0.11018436614411785,0.021655463678148176
250,add_12,21,Agglomerative,4.72,0.19550171305814792,0.01861990370879379
250,add_12,21,Agglomerative,4.73,0.17193281041882486,0.02188328912466843
250,add_12,21,Agglomerative,4.74,0.18689257868059284,0.01539769042026031
250,add_12,21,Agglomerative,4.75,0.19668868581266602,0.015891194581599502
250,add_12,21,Agglomerative,4.76,0.2096143679200539,0.01478217322085051
250,add_12,21,Agglomerative,4.77,0.22509539064714323,0.011729746637472657
250,add_12,21,Agglomerative,4.78,0.22409190623166325,0.012110603511810036
250,add_12,21,Agglomerative,4.79,0.24020215289646046,0.007432963417826273
250,add_12,21,Agglomerative,4.81,0.2459660855046347,0.006604041964844301
250,add_12,21,Agglomerative,4.82,0.23273248340706743,0.008595807508926369
250,add_12,21,Agglomerative,4.83,0.2403136302389944,0.007153802530349943
250,add_12,21,Agglomerative,4.84,0.2505279237064993,0.001684376418215866
250,add_12,21,Agglomerative,4.85,0.2440960806217042,0.0059716590264678
250,add_12,21,Agglomerative,4.86,0.25376216570306187,0.005012182387748004
250,add_12,21,Agglomerative,4.87,0.2365956560489771,0.007199640241524331
250,add_12,21,Agglomerative,4.88,0.24990067132001204,0.0021219820785262824
250,add_12,21,Agglomerative,4.9,0.25091770000081476,0.0011148978572071424
250,add_12,21,Agglomerative,4.93,0.24998557700232063,0.002533982139774647
100,add_12,21,Agglomerative,4.67,0.04331687467021733,0.00942674465266562
100,add_12,21,Agglomerative,4.7,0.08001207978858843,0.015223102103726089
100,add_12,21,Agglomerative,4.72,0.10122767644747967,0.013790035587188623
100,add_12,21,Agglomerative,4.73,0.12883944967176886,0.013874555697501002
100,add_12,21,Agglomerative,4.74,0.14806566715091687,0.011741623721018363
100,add_12,21,Agglomerative,4.75,0.1474320998243245,0.011422485986835996
100,add_12,21,Agglomerative,4.76,0.1592713801499635,0.01822116573696994
100,add_12,21,Agglomerative,4.77,0.17130098398109941,0.011684584725291493
100,add_12,21,Agglomerative,4.78,0.1728193064518371,0.011481871760582655
100,add_12,21,Agglomerative,4.79,0.17637761094171406,0.015590496019899196
100,add_12,21,Agglomerative,4.81,0.20036005546281144,0.008528380071619492
100,add_12,21,Agglomerative,4.82,0.2198212566236093,0.014629025773886598
100,add_12,21,Agglomerative,4.83,0.20351083680706772,0.011321741248379301
100,add_12,21,Agglomerative,4.84,0.18542190710276252,0.014337031734596306
100,add_12,21,Agglomerative,4.85,0.20729480611359927,0.009777374461624582
100,add_12,21,Agglomerative,4.86,0.20680041921839815,0.008666032562563436
100,add_12,21,Agglomerative,4.87,0.2113249768640163,0.008560459324847794
100,add_12,21,Agglomerative,4.88,0.20879967101943792,0.009236300717255765
100,add_12,21,Agglomerative,4.9,0.19058537664738504,0.00850858117967927
100,add_12,21,Agglomerative,4.93,0.2164941767202496,0.008817275317726426
250,add_12,21,Spectral,4.67,0.20363994573827085,0.013084487958290817
250,add_12,21,Spectral,4.7,0.23147163187072953,0.012585201914587014
250,add_12,21,Spectral,4.72,0.18216281605062087,0.02053939246426264
250,add_12,21,Spectral,4.73,0.2265707212231674,0.011542493593103591
250,add_12,21,Spectral,4.74,0.2404752144760338,0.008334456813017478
250,add_12,21,Spectral,4.75,0.22825841149369,0.010354576945828168
250,add_12,21,Spectral,4.76,0.23478737933770752,0.00949177410221418
250,add_12,21,Spectral,4.77,0.2354156855683959,0.008139283984379703
250,add_12,21,Spectral,4.78,0.23475163401068572,0.009605871773808493
250,add_12,21,Spectral,4.79,0.23120547866740765,0.01160524099823166
250,add_12,21,Spectral,4.81,0.24122138301503604,0.009460547504025807
250,add_12,21,Spectral,4.82,0.2502572253841306,0.002101846365820386
250,add_12,21,Spectral,4.83,0.2385089074245697,0.00918787188037199
250,add_12,21,Spectral,4.84,0.2312416918885924,0.010009207063625555
250,add_12,21,Spectral,4.85,0.24194860773611998,0.0059145517927312995
250,add_12,21,Spectral,4.86,0.24065921042287441,0.0057838743197306626
250,add_12,21,Spectral,4.87,0.24843897356703087,0.005410865016953981
250,add_12,21,Spectral,4.88,0.23936752248237345,0.006512355656019588
250,add_12,21,Spectral,4.9,0.22321633590290257,0.012299595333502342
250,add_12,21,Spectral,4.93,0.24139455909422386,0.007761757520781008
100,add_12,21,Spectral,4.67,0.15586722752300375,0.01197804368270062
100,add_12,21,Spectral,4.7,0.19666124198340315,0.01147435818805439
100,add_12,21,Spectral,4.72,0.18193556246646592,0.010817446755303509
100,add_12,21,Spectral,4.73,0.21571408139228243,0.01019521727260283
100,add_12,21,Spectral,4.74,0.21151935489881524,0.010572240884577354
100,add_12,21,Spectral,4.75,0.21541616473489208,0.009362862832895363
100,add_12,21,Spectral,4.76,0.2221722323479205,0.010854911362984438
100,add_12,21,Spectral,4.77,0.2203254815736621,0.006689198540236334
100,add_12,21,Spectral,4.78,0.21782911719847067,0.007592161123356078
100,add_12,21,Spectral,4.79,0.2171941921178166,0.012352128954250067
100,add_12,21,Spectral,4.81,0.22939951206691936,0.0060497308353935925
100,add_12,21,Spectral,4.82,0.23635669512847932,0.00618145306725465
100,add_12,21,Spectral,4.83,0.2296764875234057,0.00765834186610605
100,add_12,21,Spectral,4.84,0.21723356651491096,0.012477397991416728
100,add_12,21,Spectral,4.85,0.23645588536594137,0.007914661126197342
100,add_12,21,Spectral,4.86,0.2334186095428739,0.005985270830964899
100,add_12,21,Spectral,4.87,0.22750822105267107,0.00805317284633833
100,add_12,21,Spectral,4.88,0.22675639130199912,0.006704283008288616
100,add_12,21,Spectral,4.9,0.21596310359925655,0.007867253919403992
100,add_12,21,Spectral,4.93,0.23072928305752907,0.007038571734427616
250,add_12,21,Birch,4.67,0.07148827641907068,0.01487242241836575
250,add_12,21,Birch,4.7,0.11018436614411785,0.021655463678148176
250,add_12,21,Birch,4.72,0.19550171305814792,0.01861990370879379
250,add_12,21,Birch,4.73,0.17193281041882486,0.02188328912466843
250,add_12,21,Birch,4.74,0.18689257868059284,0.01539769042026031
250,add_12,21,Birch,4.75,0.19668868581266602,0.015891194581599502
250,add_12,21,Birch,4.76,0.2096143679200539,0.01478217322085051
250,add_12,21,Birch,4.77,0.22509539064714323,0.011729746637472657
250,add_12,21,Birch,4.78,0.22409190623166325,0.012110603511810036
250,add_12,21,Birch,4.79,0.24020215289646046,0.007432963417826273
250,add_12,21,Birch,4.81,0.2459660855046347,0.006604041964844301
250,add_12,21,Birch,4.82,0.23273248340706743,0.008595807508926369
250,add_12,21,Birch,4.83,0.2403136302389944,0.007153802530349943
250,add_12,21,Birch,4.84,0.2505279237064993,0.001684376418215866
250,add_12,21,Birch,4.85,0.2440960806217042,0.0059716590264678
250,add_12,21,Birch,4.86,0.25376216570306187,0.005012182387748004
250,add_12,21,Birch,4.87,0.2365956560489771,0.007199640241524331
250,add_12,21,Birch,4.88,0.24990067132001204,0.0021219820785262824
250,add_12,21,Birch,4.9,0.25091770000081476,0.0011148978572071424
250,add_12,21,Birch,4.93,0.24998557700232063,0.002533982139774647
100,add_12,21,Birch,4.67,0.04331687467021733,0.00942674465266562
100,add_12,21,Birch,4.7,0.08001207978858843,0.015223102103726089
100,add_12,21,Birch,4.72,0.10122767644747967,0.013790035587188623
100,add_12,21,Birch,4.73,0.12883944967176886,0.013874555697501002
100,add_12,21,Birch,4.74,0.14806566715091687,0.011741623721018363
100,add_12,21,Birch,4.75,0.1474320998243245,0.011422485986835996
100,add_12,21,Birch,4.76,0.1592713801499635,0.01822116573696994
100,add_12,21,Birch,4.77,0.17130098398109941,0.011684584725291493
100,add_12,21,Birch,4.78,0.1728193064518371,0.011481871760582655
100,add_12,21,Birch,4.79,0.17637761094171406,0.015590496019899196
100,add_12,21,Birch,4.81,0.20036005546281144,0.008528380071619492
100,add_12,21,Birch,4.82,0.2198212566236093,0.014629025773886598
100,add_12,21,Birch,4.83,0.20351083680706772,0.011321741248379301
100,add_12,21,Birch,4.84,0.18542190710276252,0.014337031734596306
100,add_12,21,Birch,4.85,0.20729480611359927,0.009777374461624582
100,add_12,21,Birch,4.86,0.20680041921839815,0.008666032562563436
100,add_12,21,Birch,4.87,0.2113249768640163,0.008560459324847794
100,add_12,21,Birch,4.88,0.20879967101943792,0.009236300717255765
100,add_12,21,Birch,4.9,0.19058537664738504,0.00850858117967927
100,add_12,21,Birch,4.93,0.2164941767202496,0.008817275317726426
250,add_24,21,KMeans,4.67,0.24758662320995198,0.003570118658575238
250,add_24,21,KMeans,4.7,0.253358947835082,0.008712871287128707
250,add_24,21,KMeans,4.72,0.2340337933147862,0.009773959770651371
250,add_24,21,KMeans,4.73,0.2503627616279194,0.00202505840543327
250,add_24,21,KMeans,4.74,0.2511753651527479,0.0014278330999657886
250,add_24,21,KMeans,4.75,0.2509564183841695,0.001261405734459568
250,add_24,21,KMeans,4.76,0.24987781131489156,0.002868698704505379
250,add_24,21,KMeans,4.77,0.24988991500226398,0.0025749043868128025
250,add_24,21,KMeans,4.78,0.25013195626142315,0.003653953624903495
250,add_24,21,KMeans,4.79,0.24558972909226712,0.0060601201945781865
250,add_24,21,KMeans,4.81,0.24806508376339212,0.007071989075666053
250,add_24,21,KMeans,4.82,0.2469670688788303,0.004366499780723818
250,add_24,21,KMeans,4.83,0.24880246648307486,0.0037756676512880494
250,add_24,21,KMeans,4.84,0.2454337527371595,0.005266656622337905
250,add_24,21,KMeans,4.85,0.25060366066827594,0.0012043820471805348
250,add_24,21,KMeans,4.86,0.2494238487586207,0.002109251155344717
250,add_24,21,KMeans,4.87,0.2511750539826201,0.0007803331910322529
250,add_24,21,KMeans,4.88,0.2464279244165835,0.003983047323922822
250,add_24,21,KMeans,4.9,0.24174285687175767,0.00621471927575675
250,add_24,21,KMeans,4.93,0.24691385554450443,0.004451850269852344
100,add_24,21,KMeans,4.67,0.2501860280807168,0.000349745944943785
100,add_24,21,KMeans,4.7,0.24911153377411294,0.001701697394333678
100,add_24,21,KMeans,4.72,0.2498512312142318,0.0011463994662810823
100,add_24,21,KMeans,4.73,0.24892112035671848,0.001554707719983501
100,add_24,21,KMeans,4.74,0.24970922851343122,0.0012702205798546717
100,add_24,21,KMeans,4.75,0.2503559996870888,0.0005660679467379453
100,add_24,21,KMeans,4.76,0.24966202024328427,0.0027733140418831886
100,add_24,21,KMeans,4.77,0.25071925299040243,0.0006430704815864233
100,add_24,21,KMeans,4.78,0.25015909022296234,0.0005225997209467337
100,add_24,21,KMeans,4.79,0.2505887342210939,0.0005733337438962427
100,add_24,21,KMeans,4.81,0.25029532054717507,0.0004067623611762759
100,add_24,21,KMeans,4.82,0.24834740870826608,0.0022269116361573566
100,add_24,21,KMeans,4.83,0.24870221518392657,0.0017498358305504324
100,add_24,21,KMeans,4.84,0.249780023959335,0.00175828987594748
100,add_24,21,KMeans,4.85,0.2517303905327158,0.0009690277672827238
100,add_24,21,KMeans,4.86,0.2501594294779586,0.000830063200125505
100,add_24,21,KMeans,4.87,0.24970535570205837,0.0010345840362954784
100,add_24,21,KMeans,4.88,0.25064901241491344,0.0021663314144788203
100,add_24,21,KMeans,4.9,0.250308784654916,0.0008155624956152666
100,add_24,21,KMeans,4.93,0.24911334032210664,0.002866375856367035
250,add_24,21,Agglomerative,4.67,0.06668235100929966,0.016295496989283592
250,add_24,21,Agglomerative,4.7,0.11815022631204881,0.03176123233270631
250,add_24,21,Agglomerative,4.72,0.14315128857877432,0.020062361001868343
250,add_24,21,Agglomerative,4.73,0.19765205323765772,0.01702805190331556
250,add_24,21,Agglomerative,4.74,0.19413758306201323,0.01965880314540845
250,add_24,21,Agglomerative,4.75,0.19439173480694472,0.01680997623466219
250,add_24,21,Agglomerative,4.76,0.2075089483497116,0.014017360391040077
250,add_24,21,Agglomerative,4.77,0.22787608870680884,0.017203628401626536
250,add_24,21,Agglomerative,4.78,0.2239583959665635,0.011385677190054821
250,add_24,21,Agglomerative,4.79,0.2458002534144666,0.009342987947572478
250,add_24,21,Agglomerative,4.81,0.24431941494134138,0.0062827292699881515
250,add_24,21,Agglomerative,4.82,0.2490742384143465,0.004122342148268524
250,add_24,21,Agglomerative,4.83,0.24933522711726583,0.0026817559515428004
250,add_24,21,Agglomerative,4.84,0.24642819917891345,0.004232906442410522
250,add_24,21,Agglomerative,4.85,0.25116173973482026,0.0018502563232592286
250,add_24,21,Agglomerative,4.86,0.25267897420382107,0.0027120903320277754
250,add_24,21,Agglomerative,4.87,0.24569161904130524,0.005410865016954092
250,add_24,21,Agglomerative,4.88,0.24506214408388566,0.004730699756227896
250,add_24,21,Agglomerative,4.9,0.2512343939482976,0.003201703059968208
250,add_24,21,Agglomerative,4.93,0.24115153527895,0.011879306248515104
100,add_24,21,Agglomerative,4.67,0.0393198766140969,0.00639738292113089
100,add_24,21,Agglomerative,4.7,0.07308369963559812,0.012930460976264728
100,add_24,21,Agglomerative,4.72,0.13990583939819862,0.01663701067615657
100,add_24,21,Agglomerative,4.73,0.13611370148817706,0.017326043045204437
100,add_24,21,Agglomerative,4.74,0.1605450950177927,0.010765632180423923
100,add_24,21,Agglomerative,4.75,0.1756411327554368,0.011175211704103863
100,add_24,21,Agglomerative,4.76,0.18513658864911867,0.011236059318376233
100,add_24,21,Agglomerative,4.77,0.20764741560718208,0.010214278456951326
100,add_24,21,Agglomerative,4.78,0.22504697947431207,0.007563447848963151
100,add_24,21,Agglomerative,4.79,0.23955300336904972,0.008424394206205369
100,add_24,21,Agglomerative,4.81,0.24677734950529234,0.002986512839075605
100,add_24,21,Agglomerative,4.82,0.24897224681898902,0.004507273778201326
100,add_24,21,Agglomerative,4.83,0.24904288721682993,0.0021572548007752165
100,add_24,21,Agglomerative,4.84,0.2497120082512581,0.00180534490828068
100,add_24,21,Agglomerative,4.85,0.25253819766249175,0.0011554300097556022
100,add_24,21,Agglomerative,4.86,0.24992255777653838,0.0009511075021439323
100,add_24,21,Agglomerative,4.87,0.25039802863655697,0.0004141253678280781
100,add_24,21,Agglomerative,4.88,0.24890705214318118,0.002086327182055415
100,add_24,21,Agglomerative,4.9,0.2424655483551152,0.004730960917995467
100,add_24,21,Agglomerative,4.93,0.24716552832159402,0.0037233324447245838
250,add_24,21,Spectral,4.67,0.2436402321083172,0.007736943907156679
250,add_24,21,Spectral,4.7,0.21763247957218979,0.014787424878107356
250,add_24,21,Spectral,4.72,0.23894658476049313,0.008641782250271741
250,add_24,21,Spectral,4.73,0.22673882345872726,0.010722706415989873
250,add_24,21,Spectral,4.74,0.24615010511873603,0.006517913915779999
250,add_24,21,Spectral,4.75,0.2384768664387034,0.009618411009997573
250,add_24,21,Spectral,4.76,0.2197259659053076,0.013126777285927345
250,add_24,21,Spectral,4.77,0.24238103468141378,0.007126928818721868
250,add_24,21,Spectral,4.78,0.23681835573808743,0.008464464410618234
250,add_24,21,Spectral,4.79,0.24733817708858735,0.003913128200539667
250,add_24,21,Spectral,4.81,0.23751296408667974,0.007327951376991147
250,add_24,21,Spectral,4.82,0.2261714161336418,0.010200672242947875
250,add_24,21,Spectral,4.83,0.24542570816167913,0.005200855343671808
250,add_24,21,Spectral,4.84,0.2499001065001827,0.003459993104427842
250,add_24,21,Spectral,4.85,0.23234195051697631,0.008896048192288319
250,add_24,21,Spectral,4.86,0.2403223250139023,0.01470340213883142
250,add_24,21,Spectral,4.87,0.23616835780278864,0.00896533327453847
250,add_24,21,Spectral,4.88,0.24805187276327922,0.003789298690530464
250,add_24,21,Spectral,4.9,0.24901630572487057,0.004529331117595512
250,add_24,21,Spectral,4.93,0.2405381113497059,0.008492030358053957
100,add_24,21,Spectral,4.67,0.23417932105437306,0.00514974928852148
100,add_24,21,Spectral,4.7,0.2439214185246389,0.0036695204603911734
100,add_24,21,Spectral,4.72,0.23993195686265736,0.005179378494248439
100,add_24,21,Spectral,4.73,0.24620008125827997,0.003082778180866756
100,add_24,21,Spectral,4.74,0.2460136915572394,0.0032030749522997015
100,add_24,21,Spectral,4.75,0.24888550825711653,0.001931068015385221
100,add_24,21,Spectral,4.76,0.2515201772602323,0.0027711996775331795
100,add_24,21,Spectral,4.77,0.24949491423310066,0.001194922363571404
100,add_24,21,Spectral,4.78,0.2497178290648625,0.0011832504032468242
100,add_24,21,Spectral,4.79,0.2511815136853125,0.006026202492145146
100,add_24,21,Spectral,4.81,0.2498569198259607,0.0014635714045885906
100,add_24,21,Spectral,4.82,0.24960612189012454,0.0011094893576004536
100,add_24,21,Spectral,4.83,0.25056967197853725,0.00038558258474833063
100,add_24,21,Spectral,4.84,0.24779824744038045,0.003025343505099678
100,add_24,21,Spectral,4.85,0.25095411600590223,0.001496476975607906
100,add_24,21,Spectral,4.86,0.24956214518630973,0.0011803251165698843
100,add_24,21,Spectral,4.87,0.2504951205717484,0.0016947980077477026
100,add_24,21,Spectral,4.88,0.24838978478477286,0.0031721527813447174
100,add_24,21,Spectral,4.9,0.2490287992130537,0.0024584645069646092
100,add_24,21,Spectral,4.93,0.2505097767492411,0.0006761331336962302
250,add_24,21,Birch,4.67,0.06668235100929966,0.016295496989283592
250,add_24,21,Birch,4.7,0.11815022631204881,0.03176123233270631
250,add_24,21,Birch,4.72,0.14315128857877432,0.020062361001868343
250,add_24,21,Birch,4.73,0.19765205323765772,0.01702805190331556
250,add_24,21,Birch,4.74,0.19413758306201323,0.01965880314540845
250,add_24,21,Birch,4.75,0.19439173480694472,0.01680997623466219
250,add_24,21,Birch,4.76,0.2075089483497116,0.014017360391040077
250,add_24,21,Birch,4.77,0.22787608870680884,0.017203628401626536
250,add_24,21,Birch,4.78,0.2239583959665635,0.011385677190054821
250,add_24,21,Birch,4.79,0.2458002534144666,0.009342987947572478
250,add_24,21,Birch,4.81,0.24431941494134138,0.0062827292699881515
250,add_24,21,Birch,4.82,0.2490742384143465,0.004122342148268524
250,add_24,21,Birch,4.83,0.24933522711726583,0.0026817559515428004
250,add_24,21,Birch,4.84,0.24642819917891345,0.004232906442410522
250,add_24,21,Birch,4.85,0.25116173973482026,0.0018502563232592286
250,add_24,21,Birch,4.86,0.25267897420382107,0.0027120903320277754
250,add_24,21,Birch,4.87,0.24569161904130524,0.005410865016954092
250,add_24,21,Birch,4.88,0.24506214408388566,0.004730699756227896
250,add_24,21,Birch,4.9,0.2512343939482976,0.003201703059968208
250,add_24,21,Birch,4.93,0.24115153527895,0.011879306248515104
100,add_24,21,Birch,4.67,0.0393198766140969,0.00639738292113089
100,add_24,21,Birch,4.7,0.07308369963559812,0.012930460976264728
100,add_24,21,Birch,4.72,0.13990583939819862,0.01663701067615657
100,add_24,21,Birch,4.73,0.13611370148817706,0.017326043045204437
100,add_24,21,Birch,4.74,0.1605450950177927,0.010765632180423923
100,add_24,21,Birch,4.75,0.1756411327554368,0.011175211704103863
100,add_24,21,Birch,4.76,0.18513658864911867,0.011236059318376233
100,add_24,21,Birch,4.77,0.20764741560718208,0.010214278456951326
100,add_24,21,Birch,4.78,0.22504697947431207,0.007563447848963151
100,add_24,21,Birch,4.79,0.23955300336904972,0.008424394206205369
100,add_24,21,Birch,4.81,0.24677734950529234,0.002986512839075605
100,add_24,21,Birch,4.82,0.24897224681898902,0.004507273778201326
100,add_24,21,Birch,4.83,0.24904288721682993,0.0021572548007752165
100,add_24,21,Birch,4.84,0.2497120082512581,0.00180534490828068
100,add_24,21,Birch,4.85,0.25253819766249175,0.0011554300097556022
100,add_24,21,Birch,4.86,0.24992255777653838,0.0009511075021439323
100,add_24,21,Birch,4.87,0.25039802863655697,0.0004141253678280781
100,add_24,21,Birch,4.88,0.24890705214318118,0.002086327182055415
100,add_24,21,Birch,4.9,0.2424655483551152,0.004730960917995467
100,add_24,21,Birch,4.93,0.24716552832159402,0.0037233324447245838
250,add_2_5,22,KMeans,4.67,0.0,0.0
250,add_2_5,22,KMeans,4.7,0.0,0.0
250,add_2_5,22,KMeans,4.72,0.0,0.0
250,add_2_5,22,KMeans,4.73,0.0,0.0
250,add_2_5,22,KMeans,4.74,0.0,0.0
250,add_2_5,22,KMeans,4.75,0.01155950515709508,0.008076933321883362
250,add_2_5,22,KMeans,4.76,0.05166021508763554,0.014691882168096594
250,add_2_5,22,KMeans,4.77,0.15952113636031026,0.02106711147498133
250,add_2_5,22,KMeans,4.78,0.2530861523087929,0.002322456174069909
250,add_2_5,22,KMeans,4.79,0.2087702010248324,0.014077259561637067
250,add_2_5,22,KMeans,4.81,0.04828886333159216,0.013438285330636044
250,add_2_5,22,KMeans,4.82,0.003460207612456747,0.003460207612456747
250,add_2_5,22,KMeans,4.83,0.0,0.0
250,add_2_5,22,KMeans,4.84,0.0,0.0
250,add_2_5,22,KMeans,4.85,0.0,0.0
250,add_2_5,22,KMeans,4.86,0.0,0.0
250,add_2_5,22,KMeans,4.87,0.0,0.0
250,add_2_5,22,KMeans,4.88,0.0,0.0
250,add_2_5,22,KMeans,4.9,0.0,0.0
250,add_2_5,22,KMeans,4.93,0.0,0.0
100,add_2_5,22,KMeans,4.67,0.0,0.0
100,add_2_5,22,KMeans,4.7,0.0,0.0
100,add_2_5,22,KMeans,4.72,0.0,0.0
100,add_2_5,22,KMeans,4.73,0.0,0.0
100,add_2_5,22,KMeans,4.74,0.0,0.0
100,add_2_5,22,KMeans,4.75,0.01084533451431514,0.007642133956386295
100,add_2_5,22,KMeans,4.76,0.05321075280438724,0.009951687009425203
100,add_2_5,22,KMeans,4.77,0.15980161644462929,0.010813115017392736
100,add_2_5,22,KMeans,4.78,0.24477486918511324,0.003979209608075543
100,add_2_5,22,KMeans,4.79,0.21681948268371842,0.012998869663507495
100,add_2_5,22,KMeans,4.81,0.03330248178427301,0.010690917588409406
100,add_2_5,22,KMeans,4.82,0.008279602841152367,0.003909199951466045
100,add_2_5,22,KMeans,4.83,0.001488095238095238,0.0014880952380952384
100,add_2_5,22,KMeans,4.84,0.001302083333333292,0.0013020833333333333
100,add_2_5,22,KMeans,4.85,0.0,0.0
100,add_2_5,22,KMeans,4.86,0.0,0.0
100,add_2_5,22,KMeans,4.87,0.0,0.0
100,add_2_5,22,KMeans,4.88,0.0,0.0
100,add_2_5,22,KMeans,4.9,0.0,0.0
100,add_2_5,22,KMeans,4.93,0.0,0.0
250,add_2_5,22,Agglomerative,4.67,0.0,0.0
250,add_2_5,22,Agglomerative,4.7,0.0,0.0
250,add_2_5,22,Agglomerative,4.72,0.0,0.0
250,add_2_5,22,Agglomerative,4.73,0.0,0.0
250,add_2_5,22,Agglomerative,4.74,0.01197472544948342,0.008363359486162694
250,add_2_5,22,Agglomerative,4.75,0.005813953488372167,0.005813953488372094
250,add_2_5,22,Agglomerative,4.76,0.051064006236420115,0.01569039646696761
250,add_2_5,22,Agglomerative,4.77,0.07694262107187584,0.027213012198936515
250,add_2_5,22,Agglomerative,4.78,0.1673061017573213,0.028554778554778545
250,add_2_5,22,Agglomerative,4.79,0.24393364308618554,0.0071704357418643505
250,add_2_5,22,Agglomerative,4.81,0.17656897291316417,0.026790708810866128
250,add_2_5,22,Agglomerative,4.82,0.1100864787164982,0.02013170049399588
250,add_2_5,22,Agglomerative,4.83,0.041680344566672446,0.013776047468103845
250,add_2_5,22,Agglomerative,4.84,0.0324087883378199,0.012863307776378674
250,add_2_5,22,Agglomerative,4.85,0.01415449407950292,0.008363621170982107
250,add_2_5,22,Agglomerative,4.86,0.0,0.0
250,add_2_5,22,Agglomerative,4.87,0.003968253968253823,0.003968253968253968
250,add_2_5,22,Agglomerative,4.88,0.0,0.0
250,add_2_5,22,Agglomerative,4.9,0.0,0.0
250,add_2_5,22,Agglomerative,4.93,0.0,0.0
100,add_2_5,22,Agglomerative,4.67,0.0,0.0
100,add_2_5,22,Agglomerative,4.7,0.0,0.0
100,add_2_5,22,Agglomerative,4.72,0.0,0.0
100,add_2_5,22,Agglomerative,4.73,0.0,0.0
100,add_2_5,22,Agglomerative,4.74,0.009667988643870385,0.004680328261373172
100,add_2_5,22,Agglomerative,4.75,0.0362175882364473,0.010254397088025101
100,add_2_5,22,Agglomerative,4.76,0.08730320798934242,0.014615414683521656
100,add_2_5,22,Agglomerative,4.77,0.17237940860268594,0.010554652629983773
100,add_2_5,22,Agglomerative,4.78,0.23439318475330273,0.007180733205471571
100,add_2_5,22,Agglomerative,4.79,0.23712407885884584,0.0066189896530736425
100,add_2_5,22,Agglomerative,4.81,0.08628558667375781,0.008809854341393152
100,add_2_5,22,Agglomerative,4.82,0.031936832193895856,0.007049761419983869
100,add_2_5,22,Agglomerative,4.83,0.019400516565951792,0.007023502291745515
100,add_2_5,22,Agglomerative,4.84,0.0092588320595169,0.004585756922205522
100,add_2_5,22,Agglomerative,4.85,0.0,0.0
100,add_2_5,22,Agglomerative,4.86,0.0,0.0
100,add_2_5,22,Agglomerative,4.87,0.0,0.0
100,add_2_5,22,Agglomerative,4.88,0.0,0.0
100,add_2_5,22,Agglomerative,4.9,0.0,0.0
100,add_2_5,22,Agglomerative,4.93,0.0,0.0
250,add_2_5,22,Spectral,4.67,0.0,0.0
250,add_2_5,22,Spectral,4.7,0.0,0.0
250,add_2_5,22,Spectral,4.72,0.07149109538775321,0.01883195164184793
250,add_2_5,22,Spectral,4.73,0.20563438498485612,0.015789694043697646
250,add_2_5,22,Spectral,4.74,0.24970678979357736,0.004477418120792895
250,add_2_5,22,Spectral,4.75,0.14386748301682878,0.025836614173228342
250,add_2_5,22,Spectral,4.76,0.06065907261042026,0.01537450212597215
250,add_2_5,22,Spectral,4.77,0.018064637542042256,0.008939341992169185
250,add_2_5,22,Spectral,4.78,0.0,0.0
250,add_2_5,22,Spectral,4.79,0.0,0.0
250,add_2_5,22,Spectral,4.81,0.0,0.0
250,add_2_5,22,Spectral,4.82,0.0,0.0
250,add_2_5,22,Spectral,4.83,0.0,0.0
250,add_2_5,22,Spectral,4.84,0.0,0.0
250,add_2_5,22,Spectral,4.85,0.0,0.0
250,add_2_5,22,Spectral,4.86,0.0,0.0
250,add_2_5,22,Spectral,4.87,0.0,0.0
250,add_2_5,22,Spectral,4.88,0.0,0.0
250,add_2_5,22,Spectral,4.9,0.0,0.0
250,add_2_5,22,Spectral,4.93,0.0,0.0
100,add_2_5,22,Spectral,4.67,0.0,0.0
100,add_2_5,22,Spectral,4.7,0.0,0.0
100,add_2_5,22,Spectral,4.72,0.07264160682741065,0.013275898531086603
100,add_2_5,22,Spectral,4.73,0.17806492039068253,0.011778807312586312
100,add_2_5,22,Spectral,4.74,0.24973913584676993,0.0010934750938536941
100,add_2_5,22,Spectral,4.75,0.1638875449795032,0.009671420038605999
100,add_2_5,22,Spectral,4.76,0.056509034139435574,0.009217977220937295
100,add_2_5,22,Spectral,4.77,0.020205809487544784,0.006193826816249769
100,add_2_5,22,Spectral,4.78,0.0027777885393112374,0.002770040235221294
100,add_2_5,22,Spectral,4.79,0.0,0.0
100,add_2_5,22,Spectral,4.81,0.0,0.0
100,add_2_5,22,Spectral,4.82,0.0,0.0
100,add_2_5,22,Spectral,4.83,0.0,0.0
100,add_2_5,22,Spectral,4.84,0.0,0.0
100,add_2_5,22,Spectral,4.85,0.0,0.0
100,add_2_5,22,Spectral,4.86,0.0,0.0
100,add_2_5,22,Spectral,4.87,0.0,0.0
100,add_2_5,22,Spectral,4.88,0.0,0.0
100,add_2_5,22,Spectral,4.9,0.0,0.0
100,add_2_5,22,Spectral,4.93,0.0,0.0
250,add_2_5,22,Birch,4.67,0.0,0.0
250,add_2_5,22,Birch,4.7,0.0,0.0
250,add_2_5,22,Birch,4.72,0.0,0.0
250,add_2_5,22,Birch,4.73,0.0,0.0
250,add_2_5,22,Birch,4.74,0.01197472544948342,0.008363359486162694
250,add_2_5,22,Birch,4.75,0.005813953488372167,0.005813953488372094
250,add_2_5,22,Birch,4.76,0.051064006236420115,0.01569039646696761
250,add_2_5,22,Birch,4.77,0.07694262107187584,0.027213012198936515
250,add_2_5,22,Birch,4.78,0.1673061017573213,0.028554778554778545
250,add_2_5,22,Birch,4.79,0.24393364308618554,0.0071704357418643505
250,add_2_5,22,Birch,4.81,0.17656897291316417,0.026790708810866128
250,add_2_5,22,Birch,4.82,0.1100864787164982,0.02013170049399588
250,add_2_5,22,Birch,4.83,0.041680344566672446,0.013776047468103845
250,add_2_5,22,Birch,4.84,0.0324087883378199,0.012863307776378674
250,add_2_5,22,Birch,4.85,0.01415449407950292,0.008363621170982107
250,add_2_5,22,Birch,4.86,0.0,0.0
250,add_2_5,22,Birch,4.87,0.003968253968253823,0.003968253968253968
250,add_2_5,22,Birch,4.88,0.0,0.0
250,add_2_5,22,Birch,4.9,0.0,0.0
250,add_2_5,22,Birch,4.93,0.0,0.0
100,add_2_5,22,Birch,4.67,0.0,0.0
100,add_2_5,22,Birch,4.7,0.0,0.0
100,add_2_5,22,Birch,4.72,0.0,0.0
100,add_2_5,22,Birch,4.73,0.0,0.0
100,add_2_5,22,Birch,4.74,0.009667988643870385,0.004680328261373172
100,add_2_5,22,Birch,4.75,0.0362175882364473,0.010254397088025101
100,add_2_5,22,Birch,4.76,0.08730320798934242,0.014615414683521656
100,add_2_5,22,Birch,4.77,0.17237940860268594,0.010554652629983773
100,add_2_5,22,Birch,4.78,0.23439318475330273,0.007180733205471571
100,add_2_5,22,Birch,4.79,0.23712407885884584,0.0066189896530736425
100,add_2_5,22,Birch,4.81,0.08628558667375781,0.008809854341393152
100,add_2_5,22,Birch,4.82,0.031936832193895856,0.007049761419983869
100,add_2_5,22,Birch,4.83,0.019400516565951792,0.007023502291745515
100,add_2_5,22,Birch,4.84,0.0092588320595169,0.004585756922205522
100,add_2_5,22,Birch,4.85,0.0,0.0
100,add_2_5,22,Birch,4.86,0.0,0.0
100,add_2_5,22,Birch,4.87,0.0,0.0
100,add_2_5,22,Birch,4.88,0.0,0.0
100,add_2_5,22,Birch,4.9,0.0,0.0
100,add_2_5,22,Birch,4.93,0.0,0.0
250,add_2_12,22,KMeans,4.67,0.0,0.0
250,add_2_12,22,KMeans,4.7,0.0,0.0
250,add_2_12,22,KMeans,4.72,0.0,0.0
250,add_2_12,22,KMeans,4.73,0.0,0.0
250,add_2_12,22,KMeans,4.74,0.0047169811320753804,0.004716981132075472
250,add_2_12,22,KMeans,4.75,0.020504376852544887,0.00992544903151956
250,add_2_12,22,KMeans,4.76,0.07209719898859375,0.016387284232581907
250,add_2_12,22,KMeans,4.77,0.19309619013312362,0.026587425711604593
250,add_2_12,22,KMeans,4.78,0.24773020028255632,0.008303107592765068
250,add_2_12,22,KMeans,4.79,0.17242404917991666,0.016232421896713613
250,add_2_12,22,KMeans,4.81,0.028230390054100406,0.01399858509744416
250,add_2_12,22,KMeans,4.82,0.0,0.0
250,add_2_12,22,KMeans,4.83,0.0,0.0
250,add_2_12,22,KMeans,4.84,0.0,0.0
250,add_2_12,22,KMeans,4.85,0.0,0.0
250,add_2_12,22,KMeans,4.86,0.0,0.0
250,add_2_12,22,KMeans,4.87,0.0,0.0
250,add_2_12,22,KMeans,4.88,0.0,0.0
250,add_2_12,22,KMeans,4.9,0.0,0.0
250,add_2_12,22,KMeans,4.93,0.0,0.0
100,add_2_12,22,KMeans,4.67,0.0,0.0
100,add_2_12,22,KMeans,4.7,0.0,0.0
100,add_2_12,22,KMeans,4.72,0.0,0.0
100,add_2_12,22,KMeans,4.73,0.0,0.0
100,add_2_12,22,KMeans,4.74,0.0037382248198238183,0.002623256267960331
100,add_2_12,22,KMeans,4.75,0.0184766654905074,0.008562084300731927
100,add_2_12,22,KMeans,4.76,0.07373312542901368,0.009726518525989535
100,add_2_12,22,KMeans,4.77,0.19270479842269986,0.008406032429629182
100,add_2_12,22,KMeans,4.78,0.2502127482144901,0.0007257393188950934
100,add_2_12,22,KMeans,4.79,0.17434898142326594,0.012051464449390044
100,add_2_12,22,KMeans,4.81,0.018807296264371148,0.006151603090534616
100,add_2_12,22,KMeans,4.82,0.004643758865726824,0.0026430722183293878
100,add_2_12,22,KMeans,4.83,0.0,0.0
100,add_2_12,22,KMeans,4.84,0.0,0.0
100,add_2_12,22,KMeans,4.85,0.0,0.0
100,add_2_12,22,KMeans,4.86,0.0,0.0
100,add_2_12,22,KMeans,4.87,0.0,0.0
100,add_2_12,22,KMeans,4.88,0.0,0.0
100,add_2_12,22,KMeans,4.9,0.0,0.0
100,add_2_12,22,KMeans,4.93,0.0,0.0
250,add_2_12,22,Agglomerative,4.67,0.0,0.0
250,add_2_12,22,Agglomerative,4.7,0.0,0.0
250,add_2_12,22,Agglomerative,4.72,0.0,0.0
250,add_2_12,22,Agglomerative,4.73,0.012899687673468309,0.00886729645083955
250,add_2_12,22,Agglomerative,4.74,0.05157204389224484,0.015482882955170064
250,add_2_12,22,Agglomerative,4.75,0.0985410292273303,0.0221528806824136
250,add_2_12,22,Agglomerative,4.76,0.15668781731343795,0.025689223057644123
250,add_2_12,22,Agglomerative,4.77,0.2122847842040231,0.018134263295553656
250,add_2_12,22,Agglomerative,4.78,0.2496545763842929,0.0032919203657876014
250,add_2_12,22,Agglomerative,4.79,0.23555556972680292,0.008677599591941915
250,add_2_12,22,Agglomerative,4.81,0.1746784227162519,0.01781847495264215
250,add_2_12,22,Agglomerative,4.82,0.08787305444028985,0.02064819114589067
250,add_2_12,22,Agglomerative,4.83,0.0456510249150854,0.015862179760045354
250,add_2_12,22,Agglomerative,4.84,0.02864471244751627,0.012709092367609118
250,add_2_12,22,Agglomerative,4.85,0.006493598456493237,0.006465273856578203
250,add_2_12,22,Agglomerative,4.86,0.0,0.0
250,add_2_12,22,Agglomerative,4.87,0.0,0.0
250,add_2_12,22,Agglomerative,4.88,0.0,0.0
250,add_2_12,22,Agglomerative,4.9,0.0,0.0
250,add_2_12,22,Agglomerative,4.93,0.0,0.0
100,add_2_12,22,Agglomerative,4.67,0.0,0.0
100,add_2_12,22,Agglomerative,4.7,0.0,0.0
100,add_2_12,22,Agglomerative,4.72,0.0,0.0
100,add_2_12,22,Agglomerative,4.73,0.0034188159543825196,0.0034114826406046986
100,add_2_12,22,Agglomerative,4.74,0.008059246194500979,0.005766536366931808
100,add_2_12,22,Agglomerative,4.75,0.03170877298881378,0.007727197371935329
100,add_2_12,22,Agglomerative,4.76,0.056526881743139364,0.015673150422055797
100,add_2_12,22,Agglomerative,4.77,0.12395614405847868,0.011386520120839712
100,add_2_12,22,Agglomerative,4.78,0.18249398111539467,0.00984931374470223
100,add_2_12,22,Agglomerative,4.79,0.23233198981206063,0.006287488559510845
100,add_2_12,22,Agglomerative,4.81,0.1983272005366784,0.009219073799283394
100,add_2_12,22,Agglomerative,4.82,0.13156476224621655,0.014481903448709007
100,add_2_12,22,Agglomerative,4.83,0.08437269616231728,0.009590376679449156
100,add_2_12,22,Agglomerative,4.84,0.05208407607833993,0.015603555323181494
100,add_2_12,22,Agglomerative,4.85,0.02281025528783676,0.009363551483072694
100,add_2_12,22,Agglomerative,4.86,0.021895995455657916,0.005060564370061029
100,add_2_12,22,Agglomerative,4.87,0.008740528328893516,0.0035552730171563595
100,add_2_12,22,Agglomerative,4.88,0.005660632694823986,0.003302875312363659
100,add_2_12,22,Agglomerative,4.9,0.0,0.0
100,add_2_12,22,Agglomerative,4.93,0.0,0.0
250,add_2_12,22,Spectral,4.67,0.0,0.0
250,add_2_12,22,Spectral,4.7,0.0,0.0
250,add_2_12,22,Spectral,4.72,0.0905918133632045,0.019630066893340525
250,add_2_12,22,Spectral,4.73,0.20771772068174868,0.01694842999256224
250,add_2_12,22,Spectral,4.74,0.24606425435594342,0.00469425390831342
250,add_2_12,22,Spectral,4.75,0.14099662748957847,0.023529773622047237
250,add_2_12,22,Spectral,4.76,0.06065907261041897,0.015374502125972155
250,add_2_12,22,Spectral,4.77,0.018064637542042256,0.008939341992169185
250,add_2_12,22,Spectral,4.78,0.0034843205574912896,0.0034843205574912896
250,add_2_12,22,Spectral,4.79,0.0,0.0
250,add_2_12,22,Spectral,4.81,0.0,0.0
250,add_2_12,22,Spectral,4.82,0.0,0.0
250,add_2_12,22,Spectral,4.83,0.0,0.0
250,add_2_12,22,Spectral,4.84,0.0,0.0
250,add_2_12,22,Spectral,4.85,0.0,0.0
250,add_2_12,22,Spectral,4.86,0.0,0.0
250,add_2_12,22,Spectral,4.87,0.0,0.0
250,add_2_12,22,Spectral,4.88,0.0,0.0
250,add_2_12,22,Spectral,4.9,0.0,0.0
250,add_2_12,22,Spectral,4.93,0.0,0.0
100,add_2_12,22,Spectral,4.67,0.0,0.0
100,add_2_12,22,Spectral,4.7,0.0,0.0
100,add_2_12,22,Spectral,4.72,0.06650309684489414,0.011449782806221916
100,add_2_12,22,Spectral,4.73,0.18090299181677252,0.010682085172066997
100,add_2_12,22,Spectral,4.74,0.2502912627373756,0.000728938314688569
100,add_2_12,22,Spectral,4.75,0.16285517849130182,0.010162994164364291
100,add_2_12,22,Spectral,4.76,0.06499763625123284,0.0099086461599985
100,add_2_12,22,Spectral,4.77,0.01844670890349422,0.006073775973065642
100,add_2_12,22,Spectral,4.78,0.0027777885393112374,0.002770040235221294
100,add_2_12,22,Spectral,4.79,0.0,0.0
100,add_2_12,22,Spectral,4.81,0.0,0.0
100,add_2_12,22,Spectral,4.82,0.0,0.0
100,add_2_12,22,Spectral,4.83,0.0,0.0
100,add_2_12,22,Spectral,4.84,0.0,0.0
100,add_2_12,22,Spectral,4.85,0.0,0.0
100,add_2_12,22,Spectral,4.86,0.0,0.0
100,add_2_12,22,Spectral,4.87,0.0,0.0
100,add_2_12,22,Spectral,4.88,0.0,0.0
100,add_2_12,22,Spectral,4.9,0.0,0.0
100,add_2_12,22,Spectral,4.93,0.0,0.0
250,add_2_12,22,Birch,4.67,0.0,0.0
250,add_2_12,22,Birch,4.7,0.0,0.0
250,add_2_12,22,Birch,4.72,0.0,0.0
250,add_2_12,22,Birch,4.73,0.012899687673468309,0.00886729645083955
250,add_2_12,22,Birch,4.74,0.05157204389224484,0.015482882955170064
250,add_2_12,22,Birch,4.75,0.0985410292273303,0.0221528806824136
250,add_2_12,22,Birch,4.76,0.15668781731343795,0.025689223057644123
250,add_2_12,22,Birch,4.77,0.2122847842040231,0.018134263295553656
250,add_2_12,22,Birch,4.78,0.2496545763842929,0.0032919203657876014
250,add_2_12,22,Birch,4.79,0.23555556972680292,0.008677599591941915
250,add_2_12,22,Birch,4.81,0.1746784227162519,0.01781847495264215
250,add_2_12,22,Birch,4.82,0.08787305444028985,0.02064819114589067
250,add_2_12,22,Birch,4.83,0.0456510249150854,0.015862179760045354
250,add_2_12,22,Birch,4.84,0.02864471244751627,0.012709092367609118
250,add_2_12,22,Birch,4.85,0.006493598456493237,0.006465273856578203
250,add_2_12,22,Birch,4.86,0.0,0.0
250,add_2_12,22,Birch,4.87,0.0,0.0
250,add_2_12,22,Birch,4.88,0.0,0.0
250,add_2_12,22,Birch,4.9,0.0,0.0
250,add_2_12,22,Birch,4.93,0.0,0.0
100,add_2_12,22,Birch,4.67,0.0,0.0
100,add_2_12,22,Birch,4.7,0.0,0.0
100,add_2_12,22,Birch,4.72,0.0,0.0
100,add_2_12,22,Birch,4.73,0.0034188159543825196,0.0034114826406046986
100,add_2_12,22,Birch,4.74,0.008059246194500979,0.005766536366931808
100,add_2_12,22,Birch,4.75,0.03170877298881378,0.007727197371935329
100,add_2_12,22,Birch,4.76,0.056526881743139364,0.015673150422055797
100,add_2_12,22,Birch,4.77,0.12395614405847868,0.011386520120839712
100,add_2_12,22,Birch,4.78,0.18249398111539467,0.00984931374470223
100,add_2_12,22,Birch,4.79,0.23233198981206063,0.006287488559510845
100,add_2_12,22,Birch,4.81,0.1983272005366784,0.009219073799283394
100,add_2_12,22,Birch,4.82,0.13156476224621655,0.014481903448709007
100,add_2_12,22,Birch,4.83,0.08437269616231728,0.009590376679449156
100,add_2_12,22,Birch,4.84,0.05208407607833993,0.015603555323181494
100,add_2_12,22,Birch,4.85,0.02281025528783676,0.009363551483072694
100,add_2_12,22,Birch,4.86,0.021895995455657916,0.005060564370061029
100,add_2_12,22,Birch,4.87,0.008740528328893516,0.0035552730171563595
100,add_2_12,22,Birch,4.88,0.005660632694823986,0.003302875312363659
100,add_2_12,22,Birch,4.9,0.0,0.0
100,add_2_12,22,Birch,4.93,0.0,0.0
250,add_2_24,22,KMeans,4.67,0.0,0.0
250,add_2_24,22,KMeans,4.7,0.0,0.0
250,add_2_24,22,KMeans,4.72,0.0,0.0
250,add_2_24,22,KMeans,4.73,0.0,0.0
250,add_2_24,22,KMeans,4.74,0.0047169811320753804,0.004716981132075472
250,add_2_24,22,KMeans,4.75,0.020504376852544887,0.00992544903151956
250,add_2_24,22,KMeans,4.76,0.07065200983422489,0.01612226009927804
250,add_2_24,22,KMeans,4.77,0.19788087282489175,0.02372015431133352
250,add_2_24,22,KMeans,4.78,0.24606303701406507,0.007615164610678652
250,add_2_24,22,KMeans,4.79,0.17242404917991666,0.016232421896713613
250,add_2_24,22,KMeans,4.81,0.028230390054100406,0.01399858509744416
250,add_2_24,22,KMeans,4.82,0.0,0.0
250,add_2_24,22,KMeans,4.83,0.0,0.0
250,add_2_24,22,KMeans,4.84,0.0,0.0
250,add_2_24,22,KMeans,4.85,0.0,0.0
250,add_2_24,22,KMeans,4.86,0.0,0.0
250,add_2_24,22,KMeans,4.87,0.0,0.0
250,add_2_24,22,KMeans,4.88,0.0,0.0
250,add_2_24,22,KMeans,4.9,0.0,0.0
250,add_2_24,22,KMeans,4.93,0.0,0.0
100,add_2_24,22,KMeans,4.67,0.0,0.0
100,add_2_24,22,KMeans,4.7,0.0,0.0
100,add_2_24,22,KMeans,4.72,0.0,0.0
100,add_2_24,22,KMeans,4.73,0.0,0.0
100,add_2_24,22,KMeans,4.74,0.0037382248198238183,0.002623256267960331
100,add_2_24,22,KMeans,4.75,0.0184766654905074,0.008562084300731927
100,add_2_24,22,KMeans,4.76,0.07654426397113896,0.010415997067780396
100,add_2_24,22,KMeans,4.77,0.19269917728723251,0.008329427587857699
100,add_2_24,22,KMeans,4.78,0.2502597413285245,0.0006599927283355957
100,add_2_24,22,KMeans,4.79,0.17311327971207688,0.012748891400747753
100,add_2_24,22,KMeans,4.81,0.018807296264371148,0.006151603090534616
100,add_2_24,22,KMeans,4.82,0.004643758865726824,0.0026430722183293878
100,add_2_24,22,KMeans,4.83,0.0,0.0
100,add_2_24,22,KMeans,4.84,0.0,0.0
100,add_2_24,22,KMeans,4.85,0.0,0.0
100,add_2_24,22,KMeans,4.86,0.0,0.0
100,add_2_24,22,KMeans,4.87,0.0,0.0
100,add_2_24,22,KMeans,4.88,0.0,0.0
100,add_2_24,22,KMeans,4.9,0.0,0.0
100,add_2_24,22,KMeans,4.93,0.0,0.0
250,add_2_24,22,Agglomerative,4.67,0.0,0.0
250,add_2_24,22,Agglomerative,4.7,0.0,0.0
250,add_2_24,22,Agglomerative,4.72,0.009091119806647202,0.009044762344254734
250,add_2_24,22,Agglomerative,4.73,0.02107595921418623,0.012378426171529622
250,add_2_24,22,Agglomerative,4.74,0.03511648378231341,0.01570055605470083
250,add_2_24,22,Agglomerative,4.75,0.10191894304197,0.02550002469476542
250,add_2_24,22,Agglomerative,4.76,0.16884974994563995,0.018569131693811813
250,add_2_24,22,Agglomerative,4.77,0.22722411124727424,0.011842781927743913
250,add_2_24,22,Agglomerative,4.78,0.23854388813373706,0.007548807421104451
250,add_2_24,22,Agglomerative,4.79,0.21063756191261251,0.021293116740709436
250,add_2_24,22,Agglomerative,4.81,0.05971589511115614,0.014057587842936014
250,add_2_24,22,Agglomerative,4.82,0.019892797557771312,0.009639194931531632
250,add_2_24,22,Agglomerative,4.83,0.014977354711194317,0.007272210713746602
250,add_2_24,22,Agglomerative,4.84,0.0,0.0
250,add_2_24,22,Agglomerative,4.85,0.004273504273504209,0.004273504273504275
250,add_2_24,22,Agglomerative,4.86,0.0,0.0
250,add_2_24,22,Agglomerative,4.87,0.0,0.0
250,add_2_24,22,Agglomerative,4.88,0.0,0.0
250,add_2_24,22,Agglomerative,4.9,0.0,0.0
250,add_2_24,22,Agglomerative,4.93,0.0,0.0
100,add_2_24,22,Agglomerative,4.67,0.0,0.0
100,add_2_24,22,Agglomerative,4.7,0.0,0.0
100,add_2_24,22,Agglomerative,4.72,0.0,0.0
100,add_2_24,22,Agglomerative,4.73,0.00403215818133484,0.0028307579148037208
100,add_2_24,22,Agglomerative,4.74,0.016598565423774577,0.00519390426096943
100,add_2_24,22,Agglomerative,4.75,0.03343288181439463,0.008801383663410515
100,add_2_24,22,Agglomerative,4.76,0.05810938711079876,0.021354351801615025
100,add_2_24,22,Agglomerative,4.77,0.13046546948985965,0.014857232393401755
100,add_2_24,22,Agglomerative,4.78,0.19762504216189133,0.009090663709369288
100,add_2_24,22,Agglomerative,4.79,0.24895329998796842,0.001740882544183984
100,add_2_24,22,Agglomerative,4.81,0.16939827348545433,0.009486826638071735
100,add_2_24,22,Agglomerative,4.82,0.09704996162300676,0.010213110109613172
100,add_2_24,22,Agglomerative,4.83,0.06612656264681373,0.009505909204105208
100,add_2_24,22,Agglomerative,4.84,0.017861628016489467,0.005433952305160048
100,add_2_24,22,Agglomerative,4.85,0.007726948169468462,0.005854954458321173
100,add_2_24,22,Agglomerative,4.86,0.007046364546230321,0.005343031172053432
100,add_2_24,22,Agglomerative,4.87,0.003599168110875517,0.00251834935710211
100,add_2_24,22,Agglomerative,4.88,0.0,0.0
100,add_2_24,22,Agglomerative,4.9,0.0,0.0
100,add_2_24,22,Agglomerative,4.93,0.0,0.0
250,add_2_24,22,Spectral,4.67,0.0,0.0
250,add_2_24,22,Spectral,4.7,0.0,0.0
250,add_2_24,22,Spectral,4.72,0.0673563609575187,0.018178463984066428
250,add_2_24,22,Spectral,4.73,0.18786212091818028,0.0194080638452124
250,add_2_24,22,Spectral,4.74,0.250238570597857,0.002382500111926207
250,add_2_24,22,Spectral,4.75,0.15662596977767482,0.02672859251968504
250,add_2_24,22,Spectral,4.76,0.06995075456207199,0.015992607117328694
250,add_2_24,22,Spectral,4.77,0.018064637542042256,0.008939341992169185
250,add_2_24,22,Spectral,4.78,0.0,0.0
250,add_2_24,22,Spectral,4.79,0.0,0.0
250,add_2_24,22,Spectral,4.81,0.0,0.0
250,add_2_24,22,Spectral,4.82,0.0,0.0
250,add_2_24,22,Spectral,4.83,0.0,0.0
250,add_2_24,22,Spectral,4.84,0.0,0.0
250,add_2_24,22,Spectral,4.85,0.0,0.0
250,add_2_24,22,Spectral,4.86,0.0,0.0
250,add_2_24,22,Spectral,4.87,0.0,0.0
250,add_2_24,22,Spectral,4.88,0.0,0.0
250,add_2_24,22,Spectral,4.9,0.0,0.0
250,add_2_24,22,Spectral,4.93,0.0,0.0
100,add_2_24,22,Spectral,4.67,0.0,0.0
100,add_2_24,22,Spectral,4.7,0.0,0.0
100,add_2_24,22,Spectral,4.72,0.061847587484433905,0.010383493849600042
100,add_2_24,22,Spectral,4.73,0.1698868418920039,0.01211388807579072
100,add_2_24,22,Spectral,4.74,0.25031862686570217,0.0005520681504955549
100,add_2_24,22,Spectral,4.75,0.16815948645460865,0.00991216278897152
100,add_2_24,22,Spectral,4.76,0.0693502907830589,0.00933889391936091
100,add_2_24,22,Spectral,4.77,0.018794413473852373,0.006273313078730377
100,add_2_24,22,Spectral,4.78,0.0027777885393112374,0.002770040235221294
100,add_2_24,22,Spectral,4.79,0.0,0.0
100,add_2_24,22,Spectral,4.81,0.0,0.0
100,add_2_24,22,Spectral,4.82,0.0,0.0
100,add_2_24,22,Spectral,4.83,0.0,0.0
100,add_2_24,22,Spectral,4.84,0.0,0.0
100,add_2_24,22,Spectral,4.85,0.0,0.0
100,add_2_24,22,Spectral,4.86,0.0,0.0
100,add_2_24,22,Spectral,4.87,0.0,0.0
100,add_2_24,22,Spectral,4.88,0.0,0.0
100,add_2_24,22,Spectral,4.9,0.0,0.0
100,add_2_24,22,Spectral,4.93,0.0,0.0
250,add_2_24,22,Birch,4.67,0.0,0.0
250,add_2_24,22,Birch,4.7,0.0,0.0
250,add_2_24,22,Birch,4.72,0.009091119806647202,0.009044762344254734
250,add_2_24,22,Birch,4.73,0.02107595921418623,0.012378426171529622
250,add_2_24,22,Birch,4.74,0.03511648378231341,0.01570055605470083
250,add_2_24,22,Birch,4.75,0.10191894304197,0.02550002469476542
250,add_2_24,22,Birch,4.76,0.16884974994563995,0.018569131693811813
250,add_2_24,22,Birch,4.77,0.22722411124727424,0.011842781927743913
250,add_2_24,22,Birch,4.78,0.23854388813373706,0.007548807421104451
250,add_2_24,22,Birch,4.79,0.21063756191261251,0.021293116740709436
250,add_2_24,22,Birch,4.81,0.05971589511115614,0.014057587842936014
250,add_2_24,22,Birch,4.82,0.019892797557771312,0.009639194931531632
250,add_2_24,22,Birch,4.83,0.014977354711194317,0.007272210713746602
250,add_2_24,22,Birch,4.84,0.0,0.0
250,add_2_24,22,Birch,4.85,0.004273504273504209,0.004273504273504275
250,add_2_24,22,Birch,4.86,0.0,0.0
250,add_2_24,22,Birch,4.87,0.0,0.0
250,add_2_24,22,Birch,4.88,0.0,0.0
250,add_2_24,22,Birch,4.9,0.0,0.0
250,add_2_24,22,Birch,4.93,0.0,0.0
100,add_2_24,22,Birch,4.67,0.0,0.0
100,add_2_24,22,Birch,4.7,0.0,0.0
100,add_2_24,22,Birch,4.72,0.0,0.0
100,add_2_24,22,Birch,4.73,0.00403215818133484,0.0028307579148037208
100,add_2_24,22,Birch,4.74,0.016598565423774577,0.00519390426096943
100,add_2_24,22,Birch,4.75,0.03343288181439463,0.008801383663410515
100,add_2_24,22,Birch,4.76,0.05810938711079876,0.021354351801615025
100,add_2_24,22,Birch,4.77,0.13046546948985965,0.014857232393401755
100,add_2_24,22,Birch,4.78,0.19762504216189133,0.009090663709369288
100,add_2_24,22,Birch,4.79,0.24895329998796842,0.001740882544183984
100,add_2_24,22,Birch,4.81,0.16939827348545433,0.009486826638071735
100,add_2_24,22,Birch,4.82,0.09704996162300676,0.010213110109613172
100,add_2_24,22,Birch,4.83,0.06612656264681373,0.009505909204105208
100,add_2_24,22,Birch,4.84,0.017861628016489467,0.005433952305160048
100,add_2_24,22,Birch,4.85,0.007726948169468462,0.005854954458321173
100,add_2_24,22,Birch,4.86,0.007046364546230321,0.005343031172053432
100,add_2_24,22,Birch,4.87,0.003599168110875517,0.00251834935710211
100,add_2_24,22,Birch,4.88,0.0,0.0
100,add_2_24,22,Birch,4.9,0.0,0.0
100,add_2_24,22,Birch,4.93,0.0,0.0
250,add_5_12,22,KMeans,4.67,0.2440046313766407,0.0047439975260768485
250,add_5_12,22,KMeans,4.7,0.250766622438462,0.0024187477425560004
250,add_5_12,22,KMeans,4.72,0.23219131376599061,0.009995368969364
250,add_5_12,22,KMeans,4.73,0.2492454551112677,0.002970326408042668
250,add_5_12,22,KMeans,4.74,0.250630765727029,0.0014611576274796941
250,add_5_12,22,KMeans,4.75,0.2511603652635039,0.0005352987790083354
250,add_5_12,22,KMeans,4.76,0.2511959769925671,0.00409482725141124
250,add_5_12,22,KMeans,4.77,0.25033056812468296,0.0020069475415971116
250,add_5_12,22,KMeans,4.78,0.24761889211456975,0.005280679737743404
250,add_5_12,22,KMeans,4.79,0.24440164668591063,0.007877183049901551
250,add_5_12,22,KMeans,4.81,0.24766305643780662,0.005307855626326921
250,add_5_12,22,KMeans,4.82,0.24692684766213857,0.004293973507540028
250,add_5_12,22,KMeans,4.83,0.2500451822736357,0.005121287510148064
250,add_5_12,22,KMeans,4.84,0.2443205708418262,0.005707918064612731
250,add_5_12,22,KMeans,4.85,0.25078475119543103,0.0013207103695971922
250,add_5_12,22,KMeans,4.86,0.2494535636949444,0.004437869822485202
250,add_5_12,22,KMeans,4.87,0.2510298968019035,0.0016031869413136932
250,add_5_12,22,KMeans,4.88,0.24974984030395808,0.004268407507375546
250,add_5_12,22,KMeans,4.9,0.24142895881902604,0.007826191501116683
250,add_5_12,22,KMeans,4.93,0.24823716535845275,0.003686314338028041
100,add_5_12,22,KMeans,4.67,0.2377753231665749,0.004563767539761341
100,add_5_12,22,KMeans,4.7,0.24702531528215002,0.0030266474705457572
100,add_5_12,22,KMeans,4.72,0.24348440443793173,0.006672597864768731
100,add_5_12,22,KMeans,4.73,0.24478257484392682,0.0034824974754277265
100,add_5_12,22,KMeans,4.74,0.24894102844489138,0.0025532719707476448
100,add_5_12,22,KMeans,4.75,0.24818879836042038,0.0018942775369730973
100,add_5_12,22,KMeans,4.76,0.2507277579672115,0.002139702054046701
100,add_5_12,22,KMeans,4.77,0.2477729552523306,0.0022019030551696087
100,add_5_12,22,KMeans,4.78,0.24735932206613467,0.002758015580632568
100,add_5_12,22,KMeans,4.79,0.2456129476031101,0.005105377260484718
100,add_5_12,22,KMeans,4.81,0.24752063406106575,0.0022773383717225757
100,add_5_12,22,KMeans,4.82,0.2504496757324509,0.0010125507615694864
100,add_5_12,22,KMeans,4.83,0.24833197109634697,0.0022266032187740208
100,add_5_12,22,KMeans,4.84,0.23926057773785844,0.006194744893561972
100,add_5_12,22,KMeans,4.85,0.25072926608840235,0.002476906258688458
100,add_5_12,22,KMeans,4.86,0.24962072634907687,0.002081021087680296
100,add_5_12,22,KMeans,4.87,0.24821717528971982,0.002184002091977051
100,add_5_12,22,KMeans,4.88,0.2472495251847175,0.0023995338717563725
100,add_5_12,22,KMeans,4.9,0.23751476576622077,0.005479933829452715
100,add_5_12,22,KMeans,4.93,0.2442427418478318,0.0043719858353260714
250,add_5_12,22,Agglomerative,4.67,0.10181642449403219,0.017994970065303
250,add_5_12,22,Agglomerative,4.7,0.12104894589414607,0.021449217011942637
250,add_5_12,22,Agglomerative,4.72,0.16035118970667667,0.023877629525205286
250,add_5_12,22,Agglomerative,4.73,0.157564414679532,0.02698253689918353
250,add_5_12,22,Agglomerative,4.74,0.16037401138295349,0.020230758022089023
250,add_5_12,22,Agglomerative,4.75,0.20083960878530754,0.01652389230203196
250,add_5_12,22,Agglomerative,4.76,0.18144078520941365,0.01684567451505192
250,add_5_12,22,Agglomerative,4.77,0.2245069296528298,0.011228911374500807
250,add_5_12,22,Agglomerative,4.78,0.23570785399076363,0.009228118957367394
250,add_5_12,22,Agglomerative,4.79,0.24979873989235082,0.003027273477263164
250,add_5_12,22,Agglomerative,4.81,0.2486628175465515,0.0030889779670077765
250,add_5_12,22,Agglomerative,4.82,0.24638058013883532,0.005016370368113879
250,add_5_12,22,Agglomerative,4.83,0.24995771371236067,0.0032321512194943224
250,add_5_12,22,Agglomerative,4.84,0.24592788227681764,0.004403543625768509
250,add_5_12,22,Agglomerative,4.85,0.25007091695624445,0.002332255071616148
250,add_5_12,22,Agglomerative,4.86,0.24630087700501477,0.0037889922113174186
250,add_5_12,22,Agglomerative,4.87,0.24886909096843665,0.0032329569116880193
250,add_5_12,22,Agglomerative,4.88,0.24864053963811378,0.004707802397840688
250,add_5_12,22,Agglomerative,4.9,0.2294781092524366,0.009223753762774243
250,add_5_12,22,Agglomerative,4.93,0.24161104819350274,0.006229896644178074
100,add_5_12,22,Agglomerative,4.67,0.2503033115067456,0.00021671104714078235
100,add_5_12,22,Agglomerative,4.7,0.24484474832320774,0.004064749881899117
100,add_5_12,22,Agglomerative,4.72,0.2500337941017239,0.0012054735648402216
100,add_5_12,22,Agglomerative,4.73,0.2488438526505717,0.002176638573518158
100,add_5_12,22,Agglomerative,4.74,0.24392886649018458,0.003329965767279698
100,add_5_12,22,Agglomerative,4.75,0.24357921705825938,0.003640067822777661
100,add_5_12,22,Agglomerative,4.76,0.24895813250809792,0.0030868169031454972
100,add_5_12,22,Agglomerative,4.77,0.25014140551841874,0.0008451118780129142
100,add_5_12,22,Agglomerative,4.78,0.24927442472571262,0.0015604618769616148
100,add_5_12,22,Agglomerative,4.79,0.24873410657611592,0.004220912690880099
100,add_5_12,22,Agglomerative,4.81,0.2400178597245316,0.004958505766843351
100,add_5_12,22,Agglomerative,4.82,0.23985652314350922,0.004563994280678056
100,add_5_12,22,Agglomerative,4.83,0.22985217021168666,0.006137179273964266
100,add_5_12,22,Agglomerative,4.84,0.21016037309137364,0.010186846085591164
100,add_5_12,22,Agglomerative,4.85,0.22440678317048252,0.00950683995320831
100,add_5_12,22,Agglomerative,4.86,0.22447102355843324,0.00684239733629298
100,add_5_12,22,Agglomerative,4.87,0.21869414616981264,0.013927319682715364
100,add_5_12,22,Agglomerative,4.88,0.20532846287529427,0.007113783900444902
100,add_5_12,22,Agglomerative,4.9,0.19251465258380646,0.010049903431743825
100,add_5_12,22,Agglomerative,4.93,0.20839679716004889,0.010216893307951197
250,add_5_12,22,Spectral,4.67,0.20861021784071995,0.011276721854240914
250,add_5_12,22,Spectral,4.7,0.2269849445648798,0.01174517018480231
250,add_5_12,22,Spectral,4.72,0.18470029191210255,0.020255800314248756
250,add_5_12,22,Spectral,4.73,0.23455015371221852,0.009223405041222906
250,add_5_12,22,Spectral,4.74,0.23831450571688276,0.0074888836977940855
250,add_5_12,22,Spectral,4.75,0.23124974915334462,0.009621603498596303
250,add_5_12,22,Spectral,4.76,0.23776327336552072,0.007949951640556046
250,add_5_12,22,Spectral,4.77,0.23788257061599605,0.007354651278061795
250,add_5_12,22,Spectral,4.78,0.2372998966273447,0.008472112095288602
250,add_5_12,22,Spectral,4.79,0.23049260612712377,0.012666793955416183
250,add_5_12,22,Spectral,4.81,0.2417446926219468,0.008813605296506268
250,add_5_12,22,Spectral,4.82,0.24994813421209494,0.0024746304103003326
250,add_5_12,22,Spectral,4.83,0.23820653385105206,0.008596190615593321
250,add_5_12,22,Spectral,4.84,0.2312659755214239,0.010107518389235156
250,add_5_12,22,Spectral,4.85,0.2402535697086477,0.0063754430935149065
250,add_5_12,22,Spectral,4.86,0.2406286909819888,0.0056777866642606185
250,add_5_12,22,Spectral,4.87,0.24804035267022223,0.003761902737455079
250,add_5_12,22,Spectral,4.88,0.2427709456113818,0.0068433583811712455
250,add_5_12,22,Spectral,4.9,0.2231671313760859,0.012063941171302668
250,add_5_12,22,Spectral,4.93,0.24129135991981682,0.0073917263320516045
100,add_5_12,22,Spectral,4.67,0.15047268752427076,0.010800190234959312
100,add_5_12,22,Spectral,4.7,0.193390459758911,0.011513891831909137
100,add_5_12,22,Spectral,4.72,0.18305660800911774,0.010880186755755052
100,add_5_12,22,Spectral,4.73,0.21174955936219697,0.010622050161094146
100,add_5_12,22,Spectral,4.74,0.21086753491182608,0.010636333735423819
100,add_5_12,22,Spectral,4.75,0.21352719933515202,0.009140683592009874
100,add_5_12,22,Spectral,4.76,0.22238721026229893,0.011930644886125984
100,add_5_12,22,Spectral,4.77,0.22066371287043995,0.006936430402462775
100,add_5_12,22,Spectral,4.78,0.2153842931339152,0.008841576525729903
100,add_5_12,22,Spectral,4.79,0.21656285807293957,0.011649694806115576
100,add_5_12,22,Spectral,4.81,0.22957763823799382,0.00608474511774679
100,add_5_12,22,Spectral,4.82,0.23566984706427377,0.006167646478500902
100,add_5_12,22,Spectral,4.83,0.23007827792311636,0.0076766829011914225
100,add_5_12,22,Spectral,4.84,0.21618275471098286,0.01402958412304206
100,add_5_12,22,Spectral,4.85,0.23552951941372727,0.008346666974538855
100,add_5_12,22,Spectral,4.86,0.23490848866137248,0.005584433433167182
100,add_5_12,22,Spectral,4.87,0.22865565706083213,0.008220346799483497
100,add_5_12,22,Spectral,4.88,0.22713510403894027,0.006939613073452683
100,add_5_12,22,Spectral,4.9,0.2167794348230754,0.007822970116687322
100,add_5_12,22,Spectral,4.93,0.2339842241045636,0.006862788503400115
250,add_5_12,22,Birch,4.67,0.10181642449403219,0.017994970065303
250,add_5_12,22,Birch,4.7,0.12104894589414607,0.021449217011942637
250,add_5_12,22,Birch,4.72,0.16035118970667667,0.023877629525205286
250,add_5_12,22,Birch,4.73,0.157564414679532,0.02698253689918353
250,add_5_12,22,Birch,4.74,0.16037401138295349,0.020230758022089023
250,add_5_12,22,Birch,4.75,0.20083960878530754,0.01652389230203196
250,add_5_12,22,Birch,4.76,0.18144078520941365,0.01684567451505192
250,add_5_12,22,Birch,4.77,0.2245069296528298,0.011228911374500807
250,add_5_12,22,Birch,4.78,0.23570785399076363,0.009228118957367394
250,add_5_12,22,Birch,4.79,0.24979873989235082,0.003027273477263164
250,add_5_12,22,Birch,4.81,0.2486628175465515,0.0030889779670077765
250,add_5_12,22,Birch,4.82,0.24638058013883532,0.005016370368113879
250,add_5_12,22,Birch,4.83,0.24995771371236067,0.0032321512194943224
250,add_5_12,22,Birch,4.84,0.24592788227681764,0.004403543625768509
250,add_5_12,22,Birch,4.85,0.25007091695624445,0.002332255071616148
250,add_5_12,22,Birch,4.86,0.24630087700501477,0.0037889922113174186
250,add_5_12,22,Birch,4.87,0.24886909096843665,0.0032329569116880193
250,add_5_12,22,Birch,4.88,0.24864053963811378,0.004707802397840688
250,add_5_12,22,Birch,4.9,0.2294781092524366,0.009223753762774243
250,add_5_12,22,Birch,4.93,0.24161104819350274,0.006229896644178074
100,add_5_12,22,Birch,4.67,0.2503033115067456,0.00021671104714078235
100,add_5_12,22,Birch,4.7,0.24484474832320774,0.004064749881899117
100,add_5_12,22,Birch,4.72,0.2500337941017239,0.0012054735648402216
100,add_5_12,22,Birch,4.73,0.2488438526505717,0.002176638573518158
100,add_5_12,22,Birch,4.74,0.24392886649018458,0.003329965767279698
100,add_5_12,22,Birch,4.75,0.24357921705825938,0.003640067822777661
100,add_5_12,22,Birch,4.76,0.24895813250809792,0.0030868169031454972
100,add_5_12,22,Birch,4.77,0.25014140551841874,0.0008451118780129142
100,add_5_12,22,Birch,4.78,0.24927442472571262,0.0015604618769616148
100,add_5_12,22,Birch,4.79,0.24873410657611592,0.004220912690880099
100,add_5_12,22,Birch,4.81,0.2400178597245316,0.004958505766843351
100,add_5_12,22,Birch,4.82,0.23985652314350922,0.004563994280678056
100,add_5_12,22,Birch,4.83,0.22985217021168666,0.006137179273964266
100,add_5_12,22,Birch,4.84,0.21016037309137364,0.010186846085591164
100,add_5_12,22,Birch,4.85,0.22440678317048252,0.00950683995320831
100,add_5_12,22,Birch,4.86,0.22447102355843324,0.00684239733629298
100,add_5_12,22,Birch,4.87,0.21869414616981264,0.013927319682715364
100,add_5_12,22,Birch,4.88,0.20532846287529427,0.007113783900444902
100,add_5_12,22,Birch,4.9,0.19251465258380646,0.010049903431743825
100,add_5_12,22,Birch,4.93,0.20839679716004889,0.010216893307951197
250,add_5_24,22,KMeans,4.67,0.2188878901657375,0.01864546592331326
250,add_5_24,22,KMeans,4.7,0.23219602322337746,0.012912144365909081
250,add_5_24,22,KMeans,4.72,0.2433389015931802,0.006779943755516104
250,add_5_24,22,KMeans,4.73,0.23057560799253676,0.012004408053297184
250,add_5_24,22,KMeans,4.74,0.2140754876729481,0.013716031181763287
250,add_5_24,22,KMeans,4.75,0.23617881532249158,0.009217621308577196
250,add_5_24,22,KMeans,4.76,0.2409474337400659,0.011635513249257745
250,add_5_24,22,KMeans,4.77,0.22735037347052758,0.010547916177367188
250,add_5_24,22,KMeans,4.78,0.2419001797610187,0.007058888368679702
250,add_5_24,22,KMeans,4.79,0.24212088360584866,0.006495011423088311
250,add_5_24,22,KMeans,4.81,0.24335865315528205,0.00478837186070521
250,add_5_24,22,KMeans,4.82,0.24708612698433907,0.01500326157860403
250,add_5_24,22,KMeans,4.83,0.24261511329122604,0.0067002141601647585
250,add_5_24,22,KMeans,4.84,0.22934639220263933,0.010808531833615333
250,add_5_24,22,KMeans,4.85,0.24044446358312152,0.006435733359921552
250,add_5_24,22,KMeans,4.86,0.2493553172481035,0.002618314236863474
250,add_5_24,22,KMeans,4.87,0.24746951607334353,0.007133830663242469
250,add_5_24,22,KMeans,4.88,0.24397475393318968,0.005091157640591573
250,add_5_24,22,KMeans,4.9,0.2491892420828633,0.002790326474721296
250,add_5_24,22,KMeans,4.93,0.24910879889545923,0.0053146971789073795
100,add_5_24,22,KMeans,4.67,0.1434475942960302,0.010819408168670646
100,add_5_24,22,KMeans,4.7,0.1480640247647593,0.01166498059452408
100,add_5_24,22,KMeans,4.72,0.18136307903944496,0.014107778342653782
100,add_5_24,22,KMeans,4.73,0.17643217957672092,0.013904757248204351
100,add_5_24,22,KMeans,4.74,0.1913493685849747,0.01586601101164209
100,add_5_24,22,KMeans,4.75,0.21054532598281955,0.009419485434892582
100,add_5_24,22,KMeans,4.76,0.21364854567510352,0.007847795683748595
100,add_5_24,22,KMeans,4.77,0.21456724841752361,0.009156930254790882
100,add_5_24,22,KMeans,4.78,0.2210673845022694,0.007369539646184009
100,add_5_24,22,KMeans,4.79,0.21795991799790698,0.010558995161560027
100,add_5_24,22,KMeans,4.81,0.22387366568419073,0.007696091519643981
100,add_5_24,22,KMeans,4.82,0.22964916034371835,0.00876252587066896
100,add_5_24,22,KMeans,4.83,0.2404632206796818,0.004440966636526305
100,add_5_24,22,KMeans,4.84,0.23938157383544786,0.006792196079404189
100,add_5_24,22,KMeans,4.85,0.2346476894129279,0.0058016510080370785
100,add_5_24,22,KMeans,4.86,0.2433381048932674,0.006537180910099902
100,add_5_24,22,KMeans,4.87,0.24468779280459352,0.005899356782835087
100,add_5_24,22,KMeans,4.88,0.24490211383885832,0.004680711081581463
100,add_5_24,22,KMeans,4.9,0.24830102433859202,0.0025869094048709775
100,add_5_24,22,KMeans,4.93,0.2485073311967546,0.0033637985508968493
250,add_5_24,22,Agglomerative,4.67,0.16755933553305255,0.02325349869154625
250,add_5_24,22,Agglomerative,4.7,0.13940625948534618,0.02733235381328418
250,add_5_24,22,Agglomerative,4.72,0.1592088303339784,0.017235363508009516
250,add_5_24,22,Agglomerative,4.73,0.17197427539890273,0.022276590774396178
250,add_5_24,22,Agglomerative,4.74,0.18410283633138724,0.0181981518692898
250,add_5_24,22,Agglomerative,4.75,0.15581310852471805,0.01719608513611403
250,add_5_24,22,Agglomerative,4.76,0.18464468044019114,0.022830404582767045
250,add_5_24,22,Agglomerative,4.77,0.1929229031576598,0.014383784021665968
250,add_5_24,22,Agglomerative,4.78,0.1598924677061111,0.017693079114380332
250,add_5_24,22,Agglomerative,4.79,0.20316398203807395,0.01643224857510571
250,add_5_24,22,Agglomerative,4.81,0.18576281622166002,0.015697984210576475
250,add_5_24,22,Agglomerative,4.82,0.18591548227465798,0.015863579777194797
250,add_5_24,22,Agglomerative,4.83,0.18201545989645807,0.016104141309278706
250,add_5_24,22,Agglomerative,4.84,0.1968340880968123,0.019044520219455487
250,add_5_24,22,Agglomerative,4.85,0.16680766335603409,0.019481310536220073
250,add_5_24,22,Agglomerative,4.86,0.1838943381686867,0.026883378325782428
250,add_5_24,22,Agglomerative,4.87,0.17117657372795578,0.02426269640570303
250,add_5_24,22,Agglomerative,4.88,0.18407304300043764,0.014359190277034337
250,add_5_24,22,Agglomerative,4.9,0.19523066747886203,0.01518351133527639
250,add_5_24,22,Agglomerative,4.93,0.18453595825272398,0.018559764901108722
100,add_5_24,22,Agglomerative,4.67,0.06361359895966175,0.014708406739847312
100,add_5_24,22,Agglomerative,4.7,0.09266003682542898,0.016246585822888612
100,add_5_24,22,Agglomerative,4.72,0.12707400269378638,0.012618459038445393
100,add_5_24,22,Agglomerative,4.73,0.17238039613524592,0.01253676679424415
100,add_5_24,22,Agglomerative,4.74,0.1742878252807286,0.01617072248140211
100,add_5_24,22,Agglomerative,4.75,0.18383070135260468,0.011385826475828845
100,add_5_24,22,Agglomerative,4.76,0.19859026341934966,0.010977966018699315
100,add_5_24,22,Agglomerative,4.77,0.198073978086787,0.010383897314681501
100,add_5_24,22,Agglomerative,4.78,0.19441725956180367,0.00998339808736631
100,add_5_24,22,Agglomerative,4.79,0.197811039701156,0.011828467447744732
100,add_5_24,22,Agglomerative,4.81,0.20875352874471992,0.008573557998139735
100,add_5_24,22,Agglomerative,4.82,0.21683150543765728,0.012656154613540582
100,add_5_24,22,Agglomerative,4.83,0.20332613662133103,0.00936416977535455
100,add_5_24,22,Agglomerative,4.84,0.1882807611881874,0.01306685848975684
100,add_5_24,22,Agglomerative,4.85,0.20815676325165278,0.012078254583402353
100,add_5_24,22,Agglomerative,4.86,0.20761821901015026,0.009533354403901032
100,add_5_24,22,Agglomerative,4.87,0.20713153308123436,0.00838762563028919
100,add_5_24,22,Agglomerative,4.88,0.19592291516108973,0.010293918343761449
100,add_5_24,22,Agglomerative,4.9,0.18216523705095655,0.008175742056743344
100,add_5_24,22,Agglomerative,4.93,0.2043516267122639,0.010886345347687051
250,add_5_24,22,Spectral,4.67,0.24279913235831035,0.008751526512726971
250,add_5_24,22,Spectral,4.7,0.22718728269955613,0.012127987231691645
250,add_5_24,22,Spectral,4.72,0.2472989422041496,0.004396943659556325
250,add_5_24,22,Spectral,4.73,0.24827081429632758,0.006494117766186623
250,add_5_24,22,Spectral,4.74,0.24580978683277155,0.0046932307212894184
250,add_5_24,22,Spectral,4.75,0.24741294235099726,0.004041985607353616
250,add_5_24,22,Spectral,4.76,0.24529840664598826,0.005420397345417667
250,add_5_24,22,Spectral,4.77,0.2499428031968672,0.002747671944082133
250,add_5_24,22,Spectral,4.78,0.24567186902212737,0.0057563270581654094
250,add_5_24,22,Spectral,4.79,0.24928912590676724,0.002781480014462152
250,add_5_24,22,Spectral,4.81,0.2500474859577215,0.002026568546755305
250,add_5_24,22,Spectral,4.82,0.24428409825468095,0.005381025862794505
250,add_5_24,22,Spectral,4.83,0.24873501879299945,0.0035540534509183107
250,add_5_24,22,Spectral,4.84,0.24844192247982722,0.003728912849028303
250,add_5_24,22,Spectral,4.85,0.2501643384188331,0.00172697959925278
250,add_5_24,22,Spectral,4.86,0.25136277776504096,0.0007120325861968257
250,add_5_24,22,Spectral,4.87,0.24902803200848725,0.0031031579217457306
250,add_5_24,22,Spectral,4.88,0.2506034810280549,0.0011411020197284565
250,add_5_24,22,Spectral,4.9,0.250216190384708,0.0047261038819144206
250,add_5_24,22,Spectral,4.93,0.25083461453986655,0.001305713989674971
100,add_5_24,22,Spectral,4.67,0.0,0.0
100,add_5_24,22,Spectral,4.7,0.0,0.0
100,add_5_24,22,Spectral,4.72,0.027933934617602706,0.008583887255666152
100,add_5_24,22,Spectral,4.73,0.03698205906794847,0.007839396170947694
100,add_5_24,22,Spectral,4.74,0.04323862928792703,0.010280586878249958
100,add_5_24,22,Spectral,4.75,0.08841641468015476,0.010218106136068817
100,add_5_24,22,Spectral,4.76,0.12288499449506561,0.012142022185306507
100,add_5_24,22,Spectral,4.77,0.15327899126294417,0.01110767657851274
100,add_5_24,22,Spectral,4.78,0.16511012245084342,0.01392484998537718
100,add_5_24,22,Spectral,4.79,0.20581602591340115,0.009852247585036918
100,add_5_24,22,Spectral,4.81,0.2471011656868182,0.0026205057069762926
100,add_5_24,22,Spectral,4.82,0.25015570093638323,0.0006789571768466395
100,add_5_24,22,Spectral,4.83,0.2431077381661677,0.0035645330115045837
100,add_5_24,22,Spectral,4.84,0.22812133630406198,0.00756298264297525
100,add_5_24,22,Spectral,4.85,0.20966427390205128,0.011560964507102603
100,add_5_24,22,Spectral,4.86,0.18015951872806077,0.008665925502504475
100,add_5_24,22,Spectral,4.87,0.1682105395420299,0.01206685830252155
100,add_5_24,22,Spectral,4.88,0.14491704807790157,0.0218720038350911
100,add_5_24,22,Spectral,4.9,0.07587572835914734,0.01329278173306919
100,add_5_24,22,Spectral,4.93,0.04296939149783111,0.006907703843935494
250,add_5_24,22,Birch,4.67,0.16755933553305255,0.02325349869154625
250,add_5_24,22,Birch,4.7,0.13940625948534618,0.02733235381328418
250,add_5_24,22,Birch,4.72,0.1592088303339784,0.017235363508009516
250,add_5_24,22,Birch,4.73,0.17197427539890273,0.022276590774396178
250,add_5_24,22,Birch,4.74,0.18410283633138724,0.0181981518692898
250,add_5_24,22,Birch,4.75,0.15581310852471805,0.01719608513611403
250,add_5_24,22,Birch,4.76,0.18464468044019114,0.022830404582767045
250,add_5_24,22,Birch,4.77,0.1929229031576598,0.014383784021665968
250,add_5_24,22,Birch,4.78,0.1598924677061111,0.017693079114380332
250,add_5_24,22,Birch,4.79,0.20316398203807395,0.01643224857510571
250,add_5_24,22,Birch,4.81,0.18576281622166002,0.015697984210576475
250,add_5_24,22,Birch,4.82,0.18591548227465798,0.015863579777194797
250,add_5_24,22,Birch,4.83,0.18201545989645807,0.016104141309278706
250,add_5_24,22,Birch,4.84,0.1968340880968123,0.019044520219455487
250,add_5_24,22,Birch,4.85,0.16680766335603409,0.019481310536220073
250,add_5_24,22,Birch,4.86,0.1838943381686867,0.026883378325782428
250,add_5_24,22,Birch,4.87,0.17117657372795578,0.02426269640570303
250,add_5_24,22,Birch,4.88,0.18407304300043764,0.014359190277034337
250,add_5_24,22,Birch,4.9,0.19523066747886203,0.01518351133527639
250,add_5_24,22,Birch,4.93,0.18453595825272398,0.018559764901108722
100,add_5_24,22,Birch,4.67,0.06361359895966175,0.014708406739847312
100,add_5_24,22,Birch,4.7,0.09266003682542898,0.016246585822888612
100,add_5_24,22,Birch,4.72,0.12707400269378638,0.012618459038445393
100,add_5_24,22,Birch,4.73,0.17238039613524592,0.01253676679424415
100,add_5_24,22,Birch,4.74,0.1742878252807286,0.01617072248140211
100,add_5_24,22,Birch,4.75,0.18383070135260468,0.011385826475828845
100,add_5_24,22,Birch,4.76,0.19859026341934966,0.010977966018699315
100,add_5_24,22,Birch,4.77,0.198073978086787,0.010383897314681501
100,add_5_24,22,Birch,4.78,0.19441725956180367,0.00998339808736631
100,add_5_24,22,Birch,4.79,0.197811039701156,0.011828467447744732
100,add_5_24,22,Birch,4.81,0.20875352874471992,0.008573557998139735
100,add_5_24,22,Birch,4.82,0.21683150543765728,0.012656154613540582
100,add_5_24,22,Birch,4.83,0.20332613662133103,0.00936416977535455
100,add_5_24,22,Birch,4.84,0.1882807611881874,0.01306685848975684
100,add_5_24,22,Birch,4.85,0.20815676325165278,0.012078254583402353
100,add_5_24,22,Birch,4.86,0.20761821901015026,0.009533354403901032
100,add_5_24,22,Birch,4.87,0.20713153308123436,0.00838762563028919
100,add_5_24,22,Birch,4.88,0.19592291516108973,0.010293918343761449
100,add_5_24,22,Birch,4.9,0.18216523705095655,0.008175742056743344
100,add_5_24,22,Birch,4.93,0.2043516267122639,0.010886345347687051
250,add_12_24,22,KMeans,4.67,0.2465931646819033,0.003982439668018707
250,add_12_24,22,KMeans,4.7,0.24385309679426626,0.007245711417914861
250,add_12_24,22,KMeans,4.72,0.2342104093515255,0.010408665000783744
250,add_12_24,22,KMeans,4.73,0.25022603753713435,0.001866878415747324
250,add_12_24,22,KMeans,4.74,0.24985384930687615,0.003455186842316468
250,add_12_24,22,KMeans,4.75,0.2506826099237437,0.0016507944084290212
250,add_12_24,22,KMeans,4.76,0.25195535019227755,0.003491398463784693
250,add_12_24,22,KMeans,4.77,0.25076698800521263,0.001464410512847207
250,add_12_24,22,KMeans,4.78,0.2488475632264629,0.005362924439410104
250,add_12_24,22,KMeans,4.79,0.2437209937209937,0.007596886295422077
250,add_12_24,22,KMeans,4.81,0.24846213391229474,0.004722531896444922
250,add_12_24,22,KMeans,4.82,0.24644688644688625,0.004806560473158763
250,add_12_24,22,KMeans,4.83,0.24966863373775458,0.004935782598410105
250,add_12_24,22,KMeans,4.84,0.24484069432704358,0.005384987257408819
250,add_12_24,22,KMeans,4.85,0.2504595555792913,0.0014745347657306015
250,add_12_24,22,KMeans,4.86,0.24921608026676217,0.0024224789036732444
250,add_12_24,22,KMeans,4.87,0.25162476237666775,0.0018786212652117263
250,add_12_24,22,KMeans,4.88,0.24645577181285178,0.004041845313001632
250,add_12_24,22,KMeans,4.9,0.24454256831215113,0.005269258616048158
250,add_12_24,22,KMeans,4.93,0.24913573897965557,0.003606250082271281
100,add_12_24,22,KMeans,4.67,0.23605967514536216,0.006437186610651874
100,add_12_24,22,KMeans,4.7,0.24747326624620036,0.002567111799850681
100,add_12_24,22,KMeans,4.72,0.2405251715697601,0.005795627859684835
100,add_12_24,22,KMeans,4.73,0.24350451686583854,0.003900662889355438
100,add_12_24,22,KMeans,4.74,0.24792020329856085,0.00339385533560288
100,add_12_24,22,KMeans,4.75,0.2475824598058518,0.0022883092215802963
100,add_12_24,22,KMeans,4.76,0.24942776310632606,0.004099295202677595
100,add_12_24,22,KMeans,4.77,0.24919653185307747,0.0019504645271483532
100,add_12_24,22,KMeans,4.78,0.2463490491191316,0.0030193583690210153
100,add_12_24,22,KMeans,4.79,0.24679811779955188,0.004661723258525372
100,add_12_24,22,KMeans,4.81,0.24678441250282546,0.0024473342865675702
100,add_12_24,22,KMeans,4.82,0.2499079388490014,0.001155921774268207
100,add_12_24,22,KMeans,4.83,0.2471631445259069,0.002626489771651085
100,add_12_24,22,KMeans,4.84,0.2410424608593625,0.006090847064752307
100,add_12_24,22,KMeans,4.85,0.2495561435626576,0.002315579139991163
100,add_12_24,22,KMeans,4.86,0.24733943557607563,0.002296747297632735
100,add_12_24,22,KMeans,4.87,0.2471573819425553,0.002626686440829681
100,add_12_24,22,KMeans,4.88,0.24665667531494942,0.002449931409809569
100,add_12_24,22,KMeans,4.9,0.23903497777510951,0.005317163809203927
100,add_12_24,22,KMeans,4.93,0.24285560854526914,0.005048782798143442
250,add_12_24,22,Agglomerative,4.67,0.15637707119284394,0.015634475953017264
250,add_12_24,22,Agglomerative,4.7,0.17745958032335832,0.021241457481058167
250,add_12_24,22,Agglomerative,4.72,0.13376531781715564,0.025302092294569038
250,add_12_24,22,Agglomerative,4.73,0.1869731821468873,0.017166753696504056
250,add_12_24,22,Agglomerative,4.74,0.20139080022252814,0.01662735590432052
250,add_12_24,22,Agglomerative,4.75,0.17649648992697864,0.021407954895294803
250,add_12_24,22,Agglomerative,4.76,0.2054998129973304,0.016233766233766267
250,add_12_24,22,Agglomerative,4.77,0.18970115314128955,0.015151380134860844
250,add_12_24,22,Agglomerative,4.78,0.19480251619888247,0.015345749331154018
250,add_12_24,22,Agglomerative,4.79,0.18716015219647186,0.015492095565648546
250,add_12_24,22,Agglomerative,4.81,0.1979477943896658,0.02086395557733138
250,add_12_24,22,Agglomerative,4.82,0.2261156554818851,0.013139502376292966
250,add_12_24,22,Agglomerative,4.83,0.21219749413581895,0.012544047085242984
250,add_12_24,22,Agglomerative,4.84,0.19484143835304135,0.019515843873249034
250,add_12_24,22,Agglomerative,4.85,0.21883255541140148,0.011384277380963936
250,add_12_24,22,Agglomerative,4.86,0.21164270356169748,0.010649347970711922
250,add_12_24,22,Agglomerative,4.87,0.22186983896095797,0.015691508549166705
250,add_12_24,22,Agglomerative,4.88,0.2092382960706194,0.01110329272368625
250,add_12_24,22,Agglomerative,4.9,0.20556598934298587,0.01657458563535913
250,add_12_24,22,Agglomerative,4.93,0.22064675794571356,0.012587040920594463
100,add_12_24,22,Agglomerative,4.67,0.24674966267531226,0.003334283435941673
100,add_12_24,22,Agglomerative,4.7,0.25092832750130717,0.0015877796126254875
100,add_12_24,22,Agglomerative,4.72,0.24836904692396086,0.002127537827929997
100,add_12_24,22,Agglomerative,4.73,0.24991970777361436,0.0011777558356151937
100,add_12_24,22,Agglomerative,4.74,0.2524764682637886,0.001513050056739379
100,add_12_24,22,Agglomerative,4.75,0.25023867520189635,0.0013418575324453208
100,add_12_24,22,Agglomerative,4.76,0.25046095557687864,0.0004608723900669742
100,add_12_24,22,Agglomerative,4.77,0.2509648974107994,0.0005246068765797319
100,add_12_24,22,Agglomerative,4.78,0.25023341553030415,0.0007078296352445847
100,add_12_24,22,Agglomerative,4.79,0.2491983022312878,0.0016085338682758042
100,add_12_24,22,Agglomerative,4.81,0.2503236244559159,0.0005389852044815741
100,add_12_24,22,Agglomerative,4.82,0.250359086280517,0.000553143064780827
100,add_12_24,22,Agglomerative,4.83,0.2502448430197634,0.0006071887081963706
100,add_12_24,22,Agglomerative,4.84,0.24911164446003387,0.002124064115668444
100,add_12_24,22,Agglomerative,4.85,0.24946526400713692,0.0011665065344458503
100,add_12_24,22,Agglomerative,4.86,0.2502387054143334,0.00034261816775890805
100,add_12_24,22,Agglomerative,4.87,0.25005847619008753,0.0006829680150782799
100,add_12_24,22,Agglomerative,4.88,0.2500345799176913,0.0007720761852770078
100,add_12_24,22,Agglomerative,4.9,0.25026218416958046,0.0005739116978574618
100,add_12_24,22,Agglomerative,4.93,0.24938645540498824,0.001687989331412646
250,add_12_24,22,Spectral,4.67,0.21550324611086905,0.0103003850780723
250,add_12_24,22,Spectral,4.7,0.23215536619792504,0.010012496438586461
250,add_12_24,22,Spectral,4.72,0.20392058165548088,0.02044052380291998
250,add_12_24,22,Spectral,4.73,0.23448594825474897,0.008978341552970786
250,add_12_24,22,Spectral,4.74,0.239367970267799,0.0072897661549153865
250,add_12_24,22,Spectral,4.75,0.24122029446674736,0.00832718567740179
250,add_12_24,22,Spectral,4.76,0.2368986533099818,0.009074397752668434
250,add_12_24,22,Spectral,4.77,0.24593359373088555,0.0074549056407048064
250,add_12_24,22,Spectral,4.78,0.23444548580609528,0.010655495932964977
250,add_12_24,22,Spectral,4.79,0.2362414329419405,0.011891676100515888
250,add_12_24,22,Spectral,4.81,0.24138504417261672,0.009554583791285485
250,add_12_24,22,Spectral,4.82,0.2509827681764202,0.0017107252337810774
250,add_12_24,22,Spectral,4.83,0.24058522140201719,0.009919003225941941
250,add_12_24,22,Spectral,4.84,0.2348225614275081,0.008555307938985825
250,add_12_24,22,Spectral,4.85,0.24486969001906378,0.004869904854163063
250,add_12_24,22,Spectral,4.86,0.24139389743201858,0.007321141825784522
250,add_12_24,22,Spectral,4.87,0.24366692240033122,0.005771829688350477
250,add_12_24,22,Spectral,4.88,0.23685680537568965,0.0071875776706808265
250,add_12_24,22,Spectral,4.9,0.22315168952956566,0.010236225692885709
250,add_12_24,22,Spectral,4.93,0.2405535145690989,0.00711555545054642
100,add_12_24,22,Spectral,4.67,0.1696561798023582,0.013922392374757217
100,add_12_24,22,Spectral,4.7,0.20115435249617028,0.010932181168707939
100,add_12_24,22,Spectral,4.72,0.1915579580350147,0.009616062413642563
100,add_12_24,22,Spectral,4.73,0.2172024586511078,0.011666862229121723
100,add_12_24,22,Spectral,4.74,0.213106422742189,0.012333751198507834
100,add_12_24,22,Spectral,4.75,0.21562487544760142,0.0081929166926765
100,add_12_24,22,Spectral,4.76,0.22702624176748532,0.01235410514567677
100,add_12_24,22,Spectral,4.77,0.22374581683879505,0.007161595634965869
100,add_12_24,22,Spectral,4.78,0.2190496059341678,0.009299537298427953
100,add_12_24,22,Spectral,4.79,0.21847133894963466,0.010887608565244938
100,add_12_24,22,Spectral,4.81,0.22832955876265634,0.006076121532239084
100,add_12_24,22,Spectral,4.82,0.23506748994009605,0.0056683476213176065
100,add_12_24,22,Spectral,4.83,0.2307223488946828,0.006778865531544019
100,add_12_24,22,Spectral,4.84,0.21577284465193364,0.009253048374179893
100,add_12_24,22,Spectral,4.85,0.23420312818609998,0.010143855451875312
100,add_12_24,22,Spectral,4.86,0.23004761152034872,0.007786086005601973
100,add_12_24,22,Spectral,4.87,0.22335144627856685,0.011217948717948747
100,add_12_24,22,Spectral,4.88,0.22009404759356596,0.007027737659632663
100,add_12_24,22,Spectral,4.9,0.21395376056748047,0.008655360721828632
100,add_12_24,22,Spectral,4.93,0.228819666048547,0.007191825414071756
250,add_12_24,22,Birch,4.67,0.15637707119284394,0.015634475953017264
250,add_12_24,22,Birch,4.7,0.17745958032335832,0.021241457481058167
250,add_12_24,22,Birch,4.72,0.13376531781715564,0.025302092294569038
250,add_12_24,22,Birch,4.73,0.1869731821468873,0.017166753696504056
250,add_12_24,22,Birch,4.74,0.20139080022252814,0.01662735590432052
250,add_12_24,22,Birch,4.75,0.17649648992697864,0.021407954895294803
250,add_12_24,22,Birch,4.76,0.2054998129973304,0.016233766233766267
250,add_12_24,22,Birch,4.77,0.18970115314128955,0.015151380134860844
250,add_12_24,22,Birch,4.78,0.19480251619888247,0.015345749331154018
250,add_12_24,22,Birch,4.79,0.18716015219647186,0.015492095565648546
250,add_12_24,22,Birch,4.81,0.1979477943896658,0.02086395557733138
250,add_12_24,22,Birch,4.82,0.2261156554818851,0.013139502376292966
250,add_12_24,22,Birch,4.83,0.21219749413581895,0.012544047085242984
250,add_12_24,22,Birch,4.84,0.19484143835304135,0.019515843873249034
250,add_12_24,22,Birch,4.85,0.21883255541140148,0.011384277380963936
250,add_12_24,22,Birch,4.86,0.21164270356169748,0.010649347970711922
250,add_12_24,22,Birch,4.87,0.22186983896095797,0.015691508549166705
250,add_12_24,22,Birch,4.88,0.2092382960706194,0.01110329272368625
250,add_12_24,22,Birch,4.9,0.20556598934298587,0.01657458563535913
250,add_12_24,22,Birch,4.93,0.22064675794571356,0.012587040920594463
100,add_12_24,22,Birch,4.67,0.24674966267531226,0.003334283435941673
100,add_12_24,22,Birch,4.7,0.25092832750130717,0.0015877796126254875
100,add_12_24,22,Birch,4.72,0.24836904692396086,0.002127537827929997
100,add_12_24,22,Birch,4.73,0.24991970777361436,0.0011777558356151937
100,add_12_24,22,Birch,4.74,0.2524764682637886,0.001513050056739379
100,add_12_24,22,Birch,4.75,0.25023867520189635,0.0013418575324453208
100,add_12_24,22,Birch,4.76,0.25046095557687864,0.0004608723900669742
100,add_12_24,22,Birch,4.77,0.2509648974107994,0.0005246068765797319
100,add_12_24,22,Birch,4.78,0.25023341553030415,0.0007078296352445847
100,add_12_24,22,Birch,4.79,0.2491983022312878,0.0016085338682758042
100,add_12_24,22,Birch,4.81,0.2503236244559159,0.0005389852044815741
100,add_12_24,22,Birch,4.82,0.250359086280517,0.000553143064780827
100,add_12_24,22,Birch,4.83,0.2502448430197634,0.0006071887081963706
100,add_12_24,22,Birch,4.84,0.24911164446003387,0.002124064115668444
100,add_12_24,22,Birch,4.85,0.24946526400713692,0.0011665065344458503
100,add_12_24,22,Birch,4.86,0.2502387054143334,0.00034261816775890805
100,add_12_24,22,Birch,4.87,0.25005847619008753,0.0006829680150782799
100,add_12_24,22,Birch,4.88,0.2500345799176913,0.0007720761852770078
100,add_12_24,22,Birch,4.9,0.25026218416958046,0.0005739116978574618
100,add_12_24,22,Birch,4.93,0.24938645540498824,0.001687989331412646
250,add_2_5_12,23,KMeans,4.67,0.0,0.0
250,add_2_5_12,23,KMeans,4.7,0.0,0.0
250,add_2_5_12,23,KMeans,4.72,0.0,0.0
250,add_2_5_12,23,KMeans,4.73,0.0,0.0
250,add_2_5_12,23,KMeans,4.74,0.0,0.0
250,add_2_5_12,23,KMeans,4.75,0.01155950515709508,0.008076933321883362
250,add_2_5_12,23,KMeans,4.76,0.05166021508763554,0.014691882168096594
250,add_2_5_12,23,KMeans,4.77,0.14567702871833285,0.020317639207148058
250,add_2_5_12,23,KMeans,4.78,0.2529768872389547,0.0018404113017767983
250,add_2_5_12,23,KMeans,4.79,0.20474721322348488,0.01353792172219736
250,add_2_5_12,23,KMeans,4.81,0.04828886333159216,0.013438285330636044
250,add_2_5_12,23,KMeans,4.82,0.003460207612456747,0.003460207612456747
250,add_2_5_12,23,KMeans,4.83,0.0,0.0
250,add_2_5_12,23,KMeans,4.84,0.0,0.0
250,add_2_5_12,23,KMeans,4.85,0.0,0.0
250,add_2_5_12,23,KMeans,4.86,0.0,0.0
250,add_2_5_12,23,KMeans,4.87,0.0,0.0
250,add_2_5_12,23,KMeans,4.88,0.0,0.0
250,add_2_5_12,23,KMeans,4.9,0.0,0.0
250,add_2_5_12,23,KMeans,4.93,0.0,0.0
100,add_2_5_12,23,KMeans,4.67,0.0,0.0
100,add_2_5_12,23,KMeans,4.7,0.0,0.0
100,add_2_5_12,23,KMeans,4.72,0.0,0.0
100,add_2_5_12,23,KMeans,4.73,0.0,0.0
100,add_2_5_12,23,KMeans,4.74,0.0,0.0
100,add_2_5_12,23,KMeans,4.75,0.01238937773007798,0.006613891311437384
100,add_2_5_12,23,KMeans,4.76,0.05128967401994576,0.009727396875758208
100,add_2_5_12,23,KMeans,4.77,0.15717360384354503,0.010876954604868764
100,add_2_5_12,23,KMeans,4.78,0.24509874874540616,0.003565566702984996
100,add_2_5_12,23,KMeans,4.79,0.21663833901505192,0.01199895661246847
100,add_2_5_12,23,KMeans,4.81,0.03330248178427301,0.010690917588409406
100,add_2_5_12,23,KMeans,4.82,0.008279602841152367,0.003909199951466045
100,add_2_5_12,23,KMeans,4.83,0.001488095238095238,0.0014880952380952384
100,add_2_5_12,23,KMeans,4.84,0.001302083333333292,0.0013020833333333333
100,add_2_5_12,23,KMeans,4.85,0.0,0.0
100,add_2_5_12,23,KMeans,4.86,0.0,0.0
100,add_2_5_12,23,KMeans,4.87,0.0,0.0
100,add_2_5_12,23,KMeans,4.88,0.0,0.0
100,add_2_5_12,23,KMeans,4.9,0.0,0.0
100,add_2_5_12,23,KMeans,4.93,0.0,0.0
250,add_2_5_12,23,Agglomerative,4.67,0.0,0.0
250,add_2_5_12,23,Agglomerative,4.7,0.0,0.0
250,add_2_5_12,23,Agglomerative,4.72,0.006578947368421118,0.006578947368421052
250,add_2_5_12,23,Agglomerative,4.73,0.0047619047619047875,0.004761904761904763
250,add_2_5_12,23,Agglomerative,4.74,0.020933414925905884,0.010125890564001793
250,add_2_5_12,23,Agglomerative,4.75,0.06321083341783812,0.027845457709711093
250,add_2_5_12,23,Agglomerative,4.76,0.11629713448886644,0.020340000194623637
250,add_2_5_12,23,Agglomerative,4.77,0.188515281694264,0.01610499908322234
250,add_2_5_12,23,Agglomerative,4.78,0.2506880822429602,0.004734848484848508
250,add_2_5_12,23,Agglomerative,4.79,0.24081891429730903,0.008218939638813422
250,add_2_5_12,23,Agglomerative,4.81,0.1526597879286413,0.02078920784108412
250,add_2_5_12,23,Agglomerative,4.82,0.12208851498191603,0.018797609074822856
250,add_2_5_12,23,Agglomerative,4.83,0.09927043375492721,0.017626309483642754
250,add_2_5_12,23,Agglomerative,4.84,0.06121129118161735,0.016640250466925254
250,add_2_5_12,23,Agglomerative,4.85,0.03712948741871918,0.011291990846389497
250,add_2_5_12,23,Agglomerative,4.86,0.023114604798823754,0.011277410372432996
250,add_2_5_12,23,Agglomerative,4.87,0.009036364735816857,0.008963272444617176
250,add_2_5_12,23,Agglomerative,4.88,0.014981103735855891,0.007510022305777718
250,add_2_5_12,23,Agglomerative,4.9,0.006269149114726695,0.004375920108763371
250,add_2_5_12,23,Agglomerative,4.93,0.0,0.0
100,add_2_5_12,23,Agglomerative,4.67,0.0,0.0
100,add_2_5_12,23,Agglomerative,4.7,0.0,0.0
100,add_2_5_12,23,Agglomerative,4.72,0.008846184866699832,0.005261820030503304
100,add_2_5_12,23,Agglomerative,4.73,0.02975885069811811,0.008623741664332257
100,add_2_5_12,23,Agglomerative,4.74,0.05515182970405819,0.00993630358874052
100,add_2_5_12,23,Agglomerative,4.75,0.14869964217630285,0.013128560813258597
100,add_2_5_12,23,Agglomerative,4.76,0.20452426479838054,0.009059849430946692
100,add_2_5_12,23,Agglomerative,4.77,0.23757415090226477,0.005263946960736926
100,add_2_5_12,23,Agglomerative,4.78,0.2490788250192887,0.0013135442587849783
100,add_2_5_12,23,Agglomerative,4.79,0.22399342858081958,0.006383950048280708
100,add_2_5_12,23,Agglomerative,4.81,0.10095645369020889,0.018211626343582064
100,add_2_5_12,23,Agglomerative,4.82,0.06532790906413476,0.008600894191760671
100,add_2_5_12,23,Agglomerative,4.83,0.0282226637120807,0.0100785667038041
100,add_2_5_12,23,Agglomerative,4.84,0.008950144144323716,0.0032495597337915717
100,add_2_5_12,23,Agglomerative,4.85,0.0039576293087291705,0.002251165233096335
100,add_2_5_12,23,Agglomerative,4.86,0.0013157894736842513,0.00131578947368421
100,add_2_5_12,23,Agglomerative,4.87,0.0,0.0
100,add_2_5_12,23,Agglomerative,4.88,0.0,0.0
100,add_2_5_12,23,Agglomerative,4.9,0.0,0.0
100,add_2_5_12,23,Agglomerative,4.93,0.0,0.0
250,add_2_5_12,23,Spectral,4.67,0.0,0.0
250,add_2_5_12,23,Spectral,4.7,0.0,0.0
250,add_2_5_12,23,Spectral,4.72,0.0891938983937671,0.020370145455216437
250,add_2_5_12,23,Spectral,4.73,0.20119030994744636,0.015376254582527704
250,add_2_5_12,23,Spectral,4.74,0.24742951198136007,0.007600802225390591
250,add_2_5_12,23,Spectral,4.75,0.14099662748957847,0.023529773622047237
250,add_2_5_12,23,Spectral,4.76,0.06065907261042026,0.01537450212597215
250,add_2_5_12,23,Spectral,4.77,0.018064637542042256,0.008939341992169185
250,add_2_5_12,23,Spectral,4.78,0.0034843205574912896,0.0034843205574912896
250,add_2_5_12,23,Spectral,4.79,0.0,0.0
250,add_2_5_12,23,Spectral,4.81,0.0,0.0
250,add_2_5_12,23,Spectral,4.82,0.0,0.0
250,add_2_5_12,23,Spectral,4.83,0.0,0.0
250,add_2_5_12,23,Spectral,4.84,0.0,0.0
250,add_2_5_12,23,Spectral,4.85,0.0,0.0
250,add_2_5_12,23,Spectral,4.86,0.0,0.0
250,add_2_5_12,23,Spectral,4.87,0.0,0.0
250,add_2_5_12,23,Spectral,4.88,0.0,0.0
250,add_2_5_12,23,Spectral,4.9,0.0,0.0
250,add_2_5_12,23,Spectral,4.93,0.0,0.0
100,add_2_5_12,23,Spectral,4.67,0.0,0.0
100,add_2_5_12,23,Spectral,4.7,0.0,0.0
100,add_2_5_12,23,Spectral,4.72,0.06505238280193372,0.013993444525020677
100,add_2_5_12,23,Spectral,4.73,0.17661531235957856,0.011524595294340417
100,add_2_5_12,23,Spectral,4.74,0.25039284047071475,0.00044645486049856324
100,add_2_5_12,23,Spectral,4.75,0.17214039235941095,0.009713401830583541
100,add_2_5_12,23,Spectral,4.76,0.07224820081354469,0.009905425676580164
100,add_2_5_12,23,Spectral,4.77,0.01844670890349422,0.006073775973065642
100,add_2_5_12,23,Spectral,4.78,0.0027777885393112374,0.002770040235221294
100,add_2_5_12,23,Spectral,4.79,0.0,0.0
100,add_2_5_12,23,Spectral,4.81,0.0,0.0
100,add_2_5_12,23,Spectral,4.82,0.0,0.0
100,add_2_5_12,23,Spectral,4.83,0.0,0.0
100,add_2_5_12,23,Spectral,4.84,0.0,0.0
100,add_2_5_12,23,Spectral,4.85,0.0,0.0
100,add_2_5_12,23,Spectral,4.86,0.0,0.0
100,add_2_5_12,23,Spectral,4.87,0.0,0.0
100,add_2_5_12,23,Spectral,4.88,0.0,0.0
100,add_2_5_12,23,Spectral,4.9,0.0,0.0
100,add_2_5_12,23,Spectral,4.93,0.0,0.0
250,add_2_5_12,23,Birch,4.67,0.0,0.0
250,add_2_5_12,23,Birch,4.7,0.0,0.0
250,add_2_5_12,23,Birch,4.72,0.006578947368421118,0.006578947368421052
250,add_2_5_12,23,Birch,4.73,0.0047619047619047875,0.004761904761904763
250,add_2_5_12,23,Birch,4.74,0.020933414925905884,0.010125890564001793
250,add_2_5_12,23,Birch,4.75,0.06321083341783812,0.027845457709711093
250,add_2_5_12,23,Birch,4.76,0.11629713448886644,0.020340000194623637
250,add_2_5_12,23,Birch,4.77,0.188515281694264,0.01610499908322234
250,add_2_5_12,23,Birch,4.78,0.2506880822429602,0.004734848484848508
250,add_2_5_12,23,Birch,4.79,0.24081891429730903,0.008218939638813422
250,add_2_5_12,23,Birch,4.81,0.1526597879286413,0.02078920784108412
250,add_2_5_12,23,Birch,4.82,0.12208851498191603,0.018797609074822856
250,add_2_5_12,23,Birch,4.83,0.09927043375492721,0.017626309483642754
250,add_2_5_12,23,Birch,4.84,0.06121129118161735,0.016640250466925254
250,add_2_5_12,23,Birch,4.85,0.03712948741871918,0.011291990846389497
250,add_2_5_12,23,Birch,4.86,0.023114604798823754,0.011277410372432996
250,add_2_5_12,23,Birch,4.87,0.009036364735816857,0.008963272444617176
250,add_2_5_12,23,Birch,4.88,0.014981103735855891,0.007510022305777718
250,add_2_5_12,23,Birch,4.9,0.006269149114726695,0.004375920108763371
250,add_2_5_12,23,Birch,4.93,0.0,0.0
100,add_2_5_12,23,Birch,4.67,0.0,0.0
100,add_2_5_12,23,Birch,4.7,0.0,0.0
100,add_2_5_12,23,Birch,4.72,0.008846184866699832,0.005261820030503304
100,add_2_5_12,23,Birch,4.73,0.02975885069811811,0.008623741664332257
100,add_2_5_12,23,Birch,4.74,0.05515182970405819,0.00993630358874052
100,add_2_5_12,23,Birch,4.75,0.14869964217630285,0.013128560813258597
100,add_2_5_12,23,Birch,4.76,0.20452426479838054,0.009059849430946692
100,add_2_5_12,23,Birch,4.77,0.23757415090226477,0.005263946960736926
100,add_2_5_12,23,Birch,4.78,0.2490788250192887,0.0013135442587849783
100,add_2_5_12,23,Birch,4.79,0.22399342858081958,0.006383950048280708
100,add_2_5_12,23,Birch,4.81,0.10095645369020889,0.018211626343582064
100,add_2_5_12,23,Birch,4.82,0.06532790906413476,0.008600894191760671
100,add_2_5_12,23,Birch,4.83,0.0282226637120807,0.0100785667038041
100,add_2_5_12,23,Birch,4.84,0.008950144144323716,0.0032495597337915717
100,add_2_5_12,23,Birch,4.85,0.0039576293087291705,0.002251165233096335
100,add_2_5_12,23,Birch,4.86,0.0013157894736842513,0.00131578947368421
100,add_2_5_12,23,Birch,4.87,0.0,0.0
100,add_2_5_12,23,Birch,4.88,0.0,0.0
100,add_2_5_12,23,Birch,4.9,0.0,0.0
100,add_2_5_12,23,Birch,4.93,0.0,0.0
250,add_2_5_24,23,KMeans,4.67,0.0,0.0
250,add_2_5_24,23,KMeans,4.7,0.0,0.0
250,add_2_5_24,23,KMeans,4.72,0.0,0.0
250,add_2_5_24,23,KMeans,4.73,0.0,0.0
250,add_2_5_24,23,KMeans,4.74,0.0,0.0
250,add_2_5_24,23,KMeans,4.75,0.01155950515709508,0.008076933321883362
250,add_2_5_24,23,KMeans,4.76,0.05274647813233245,0.014962402831179148
250,add_2_5_24,23,KMeans,4.77,0.16175683690188206,0.02131456656444308
250,add_2_5_24,23,KMeans,4.78,0.2530861523087929,0.002322456174069909
250,add_2_5_24,23,KMeans,4.79,0.20474721322348488,0.01353792172219736
250,add_2_5_24,23,KMeans,4.81,0.04060740218272531,0.012858505162465568
250,add_2_5_24,23,KMeans,4.82,0.003460207612456747,0.003460207612456747
250,add_2_5_24,23,KMeans,4.83,0.0,0.0
250,add_2_5_24,23,KMeans,4.84,0.0,0.0
250,add_2_5_24,23,KMeans,4.85,0.0,0.0
250,add_2_5_24,23,KMeans,4.86,0.0,0.0
250,add_2_5_24,23,KMeans,4.87,0.0,0.0
250,add_2_5_24,23,KMeans,4.88,0.0,0.0
250,add_2_5_24,23,KMeans,4.9,0.0,0.0
250,add_2_5_24,23,KMeans,4.93,0.0,0.0
100,add_2_5_24,23,KMeans,4.67,0.0,0.0
100,add_2_5_24,23,KMeans,4.7,0.0,0.0
100,add_2_5_24,23,KMeans,4.72,0.0,0.0
100,add_2_5_24,23,KMeans,4.73,0.0,0.0
100,add_2_5_24,23,KMeans,4.74,0.0,0.0
100,add_2_5_24,23,KMeans,4.75,0.01084533451431514,0.007642133956386295
100,add_2_5_24,23,KMeans,4.76,0.05128967401994576,0.009727396875758208
100,add_2_5_24,23,KMeans,4.77,0.15893582443881935,0.01094521459123277
100,add_2_5_24,23,KMeans,4.78,0.24502379171050273,0.0041038752059740285
100,add_2_5_24,23,KMeans,4.79,0.21622668210449572,0.012589484972321235
100,add_2_5_24,23,KMeans,4.81,0.03330248178427301,0.010690917588409406
100,add_2_5_24,23,KMeans,4.82,0.008279602841152367,0.003909199951466045
100,add_2_5_24,23,KMeans,4.83,0.001488095238095238,0.0014880952380952384
100,add_2_5_24,23,KMeans,4.84,0.001302083333333292,0.0013020833333333333
100,add_2_5_24,23,KMeans,4.85,0.0,0.0
100,add_2_5_24,23,KMeans,4.86,0.0,0.0
100,add_2_5_24,23,KMeans,4.87,0.0,0.0
100,add_2_5_24,23,KMeans,4.88,0.0,0.0
100,add_2_5_24,23,KMeans,4.9,0.0,0.0
100,add_2_5_24,23,KMeans,4.93,0.0,0.0
250,add_2_5_24,23,Agglomerative,4.67,0.0,0.0
250,add_2_5_24,23,Agglomerative,4.7,0.0,0.0
250,add_2_5_24,23,Agglomerative,4.72,0.0,0.0
250,add_2_5_24,23,Agglomerative,4.73,0.0063291139240503605,0.006329113924050635
250,add_2_5_24,23,Agglomerative,4.74,0.009388603561046996,0.006542535212565282
250,add_2_5_24,23,Agglomerative,4.75,0.045186052026180056,0.018102052485548987
250,add_2_5_24,23,Agglomerative,4.76,0.08646550623697524,0.02234965414979869
250,add_2_5_24,23,Agglomerative,4.77,0.1490048075413924,0.019594174033220238
250,add_2_5_24,23,Agglomerative,4.78,0.22750519608493125,0.010142301939228642
250,add_2_5_24,23,Agglomerative,4.79,0.24328367726960157,0.006770544506454807
250,add_2_5_24,23,Agglomerative,4.81,0.1588211107858653,0.02939735423811854
250,add_2_5_24,23,Agglomerative,4.82,0.07867483906339721,0.017032893536381613
250,add_2_5_24,23,Agglomerative,4.83,0.041474652663456325,0.012975547212295243
250,add_2_5_24,23,Agglomerative,4.84,0.017972819204941447,0.008019418490694973
250,add_2_5_24,23,Agglomerative,4.85,0.004273504273504075,0.0042735042735042765
250,add_2_5_24,23,Agglomerative,4.86,0.0038759689922479865,0.003875968992248063
250,add_2_5_24,23,Agglomerative,4.87,0.0,0.0
250,add_2_5_24,23,Agglomerative,4.88,0.0,0.0
250,add_2_5_24,23,Agglomerative,4.9,0.0,0.0
250,add_2_5_24,23,Agglomerative,4.93,0.0,0.0
100,add_2_5_24,23,Agglomerative,4.67,0.0,0.0
100,add_2_5_24,23,Agglomerative,4.7,0.0,0.0
100,add_2_5_24,23,Agglomerative,4.72,0.0,0.0
100,add_2_5_24,23,Agglomerative,4.73,0.003752237582786883,0.0026304364245485503
100,add_2_5_24,23,Agglomerative,4.74,0.019786353727897565,0.00651569516882123
100,add_2_5_24,23,Agglomerative,4.75,0.046617052410539324,0.008899211705477543
100,add_2_5_24,23,Agglomerative,4.76,0.05257068082830325,0.008988770983675542
100,add_2_5_24,23,Agglomerative,4.77,0.10712636899657485,0.0167737614410594
100,add_2_5_24,23,Agglomerative,4.78,0.16414161614147924,0.011376381366954609
100,add_2_5_24,23,Agglomerative,4.79,0.22251060622380922,0.005678330577829975
100,add_2_5_24,23,Agglomerative,4.81,0.2312128971267073,0.006266428714317451
100,add_2_5_24,23,Agglomerative,4.82,0.1726520121255397,0.009924701571083522
100,add_2_5_24,23,Agglomerative,4.83,0.10625620811827342,0.011252340138004115
100,add_2_5_24,23,Agglomerative,4.84,0.06634716334385907,0.015031697274687908
100,add_2_5_24,23,Agglomerative,4.85,0.03619930933037908,0.010784431859260151
100,add_2_5_24,23,Agglomerative,4.86,0.015562011901751568,0.004538698092346592
100,add_2_5_24,23,Agglomerative,4.87,0.003605783160375911,0.0035941937276206927
100,add_2_5_24,23,Agglomerative,4.88,0.0012500000000001078,0.00125
100,add_2_5_24,23,Agglomerative,4.9,0.0012077294685989741,0.0012077294685990342
100,add_2_5_24,23,Agglomerative,4.93,0.0,0.0
250,add_2_5_24,23,Spectral,4.67,0.0,0.0
250,add_2_5_24,23,Spectral,4.7,0.0,0.0
250,add_2_5_24,23,Spectral,4.72,0.0673563609575187,0.018178463984066428
250,add_2_5_24,23,Spectral,4.73,0.18085543992928227,0.0215617777073264
250,add_2_5_24,23,Spectral,4.74,0.24857583567260708,0.004160700022085824
250,add_2_5_24,23,Spectral,4.75,0.16339812992125985,0.023375984251968504
250,add_2_5_24,23,Spectral,4.76,0.07600712815379819,0.016496191868303055
250,add_2_5_24,23,Spectral,4.77,0.02099091923872935,0.012540072087511171
250,add_2_5_24,23,Spectral,4.78,0.0,0.0
250,add_2_5_24,23,Spectral,4.79,0.0,0.0
250,add_2_5_24,23,Spectral,4.81,0.0,0.0
250,add_2_5_24,23,Spectral,4.82,0.0,0.0
250,add_2_5_24,23,Spectral,4.83,0.0,0.0
250,add_2_5_24,23,Spectral,4.84,0.0,0.0
250,add_2_5_24,23,Spectral,4.85,0.0,0.0
250,add_2_5_24,23,Spectral,4.86,0.0,0.0
250,add_2_5_24,23,Spectral,4.87,0.0,0.0
250,add_2_5_24,23,Spectral,4.88,0.0,0.0
250,add_2_5_24,23,Spectral,4.9,0.0,0.0
250,add_2_5_24,23,Spectral,4.93,0.0,0.0
100,add_2_5_24,23,Spectral,4.67,0.0,0.0
100,add_2_5_24,23,Spectral,4.7,0.0,0.0
100,add_2_5_24,23,Spectral,4.72,0.04598216453158916,0.00871026515454336
100,add_2_5_24,23,Spectral,4.73,0.14230117221352245,0.013016876811075252
100,add_2_5_24,23,Spectral,4.74,0.2462824760734266,0.0028866553299211413
100,add_2_5_24,23,Spectral,4.75,0.19968715512357207,0.010017870900205525
100,add_2_5_24,23,Spectral,4.76,0.08592131938132307,0.013524075717649376
100,add_2_5_24,23,Spectral,4.77,0.026771751441953776,0.007848876438333808
100,add_2_5_24,23,Spectral,4.78,0.004192530991457417,0.002900450256025699
100,add_2_5_24,23,Spectral,4.79,0.0,0.0
100,add_2_5_24,23,Spectral,4.81,0.0,0.0
100,add_2_5_24,23,Spectral,4.82,0.0,0.0
100,add_2_5_24,23,Spectral,4.83,0.0,0.0
100,add_2_5_24,23,Spectral,4.84,0.0,0.0
100,add_2_5_24,23,Spectral,4.85,0.0,0.0
100,add_2_5_24,23,Spectral,4.86,0.0,0.0
100,add_2_5_24,23,Spectral,4.87,0.0,0.0
100,add_2_5_24,23,Spectral,4.88,0.0,0.0
100,add_2_5_24,23,Spectral,4.9,0.0,0.0
100,add_2_5_24,23,Spectral,4.93,0.0,0.0
250,add_2_5_24,23,Birch,4.67,0.0,0.0
250,add_2_5_24,23,Birch,4.7,0.0,0.0
250,add_2_5_24,23,Birch,4.72,0.0,0.0
250,add_2_5_24,23,Birch,4.73,0.0063291139240503605,0.006329113924050635
250,add_2_5_24,23,Birch,4.74,0.009388603561046996,0.006542535212565282
250,add_2_5_24,23,Birch,4.75,0.045186052026180056,0.018102052485548987
250,add_2_5_24,23,Birch,4.76,0.08646550623697524,0.02234965414979869
250,add_2_5_24,23,Birch,4.77,0.1490048075413924,0.019594174033220238
250,add_2_5_24,23,Birch,4.78,0.22750519608493125,0.010142301939228642
250,add_2_5_24,23,Birch,4.79,0.24328367726960157,0.006770544506454807
250,add_2_5_24,23,Birch,4.81,0.1588211107858653,0.02939735423811854
250,add_2_5_24,23,Birch,4.82,0.07867483906339721,0.017032893536381613
250,add_2_5_24,23,Birch,4.83,0.041474652663456325,0.012975547212295243
250,add_2_5_24,23,Birch,4.84,0.017972819204941447,0.008019418490694973
250,add_2_5_24,23,Birch,4.85,0.004273504273504075,0.0042735042735042765
250,add_2_5_24,23,Birch,4.86,0.0038759689922479865,0.003875968992248063
250,add_2_5_24,23,Birch,4.87,0.0,0.0
250,add_2_5_24,23,Birch,4.88,0.0,0.0
250,add_2_5_24,23,Birch,4.9,0.0,0.0
250,add_2_5_24,23,Birch,4.93,0.0,0.0
100,add_2_5_24,23,Birch,4.67,0.0,0.0
100,add_2_5_24,23,Birch,4.7,0.0,0.0
100,add_2_5_24,23,Birch,4.72,0.0,0.0
100,add_2_5_24,23,Birch,4.73,0.003752237582786883,0.0026304364245485503
100,add_2_5_24,23,Birch,4.74,0.019786353727897565,0.00651569516882123
100,add_2_5_24,23,Birch,4.75,0.046617052410539324,0.008899211705477543
100,add_2_5_24,23,Birch,4.76,0.05257068082830325,0.008988770983675542
100,add_2_5_24,23,Birch,4.77,0.10712636899657485,0.0167737614410594
100,add_2_5_24,23,Birch,4.78,0.16414161614147924,0.011376381366954609
100,add_2_5_24,23,Birch,4.79,0.22251060622380922,0.005678330577829975
100,add_2_5_24,23,Birch,4.81,0.2312128971267073,0.006266428714317451
100,add_2_5_24,23,Birch,4.82,0.1726520121255397,0.009924701571083522
100,add_2_5_24,23,Birch,4.83,0.10625620811827342,0.011252340138004115
100,add_2_5_24,23,Birch,4.84,0.06634716334385907,0.015031697274687908
100,add_2_5_24,23,Birch,4.85,0.03619930933037908,0.010784431859260151
100,add_2_5_24,23,Birch,4.86,0.015562011901751568,0.004538698092346592
100,add_2_5_24,23,Birch,4.87,0.003605783160375911,0.0035941937276206927
100,add_2_5_24,23,Birch,4.88,0.0012500000000001078,0.00125
100,add_2_5_24,23,Birch,4.9,0.0012077294685989741,0.0012077294685990342
100,add_2_5_24,23,Birch,4.93,0.0,0.0
250,add_2_12_24,23,KMeans,4.67,0.0,0.0
250,add_2_12_24,23,KMeans,4.7,0.0,0.0
250,add_2_12_24,23,KMeans,4.72,0.0,0.0
250,add_2_12_24,23,KMeans,4.73,0.0,0.0
250,add_2_12_24,23,KMeans,4.74,0.0047169811320753804,0.004716981132075472
250,add_2_12_24,23,KMeans,4.75,0.020504376852544887,0.00992544903151956
250,add_2_12_24,23,KMeans,4.76,0.07065200983422489,0.01612226009927804
250,add_2_12_24,23,KMeans,4.77,0.1944649899292622,0.024450005213220716
250,add_2_12_24,23,KMeans,4.78,0.2463479102198614,0.008377039627039631
250,add_2_12_24,23,KMeans,4.79,0.17242404917991666,0.016232421896713613
250,add_2_12_24,23,KMeans,4.81,0.028230390054100406,0.01399858509744416
250,add_2_12_24,23,KMeans,4.82,0.0,0.0
250,add_2_12_24,23,KMeans,4.83,0.0,0.0
250,add_2_12_24,23,KMeans,4.84,0.0,0.0
250,add_2_12_24,23,KMeans,4.85,0.0,0.0
250,add_2_12_24,23,KMeans,4.86,0.0,0.0
250,add_2_12_24,23,KMeans,4.87,0.0,0.0
250,add_2_12_24,23,KMeans,4.88,0.0,0.0
250,add_2_12_24,23,KMeans,4.9,0.0,0.0
250,add_2_12_24,23,KMeans,4.93,0.0,0.0
100,add_2_12_24,23,KMeans,4.67,0.0,0.0
100,add_2_12_24,23,KMeans,4.7,0.0,0.0
100,add_2_12_24,23,KMeans,4.72,0.0,0.0
100,add_2_12_24,23,KMeans,4.73,0.0,0.0
100,add_2_12_24,23,KMeans,4.74,0.0037382248198238183,0.002623256267960331
100,add_2_12_24,23,KMeans,4.75,0.0184766654905074,0.008562084300731927
100,add_2_12_24,23,KMeans,4.76,0.07524457302859734,0.010065814220706255
100,add_2_12_24,23,KMeans,4.77,0.196254814342672,0.008539213330500178
100,add_2_12_24,23,KMeans,4.78,0.2498547321604916,0.001132223538907419
100,add_2_12_24,23,KMeans,4.79,0.1707934948914463,0.012172854534388306
100,add_2_12_24,23,KMeans,4.81,0.018807296264371148,0.006151603090534616
100,add_2_12_24,23,KMeans,4.82,0.004643758865726824,0.0026430722183293878
100,add_2_12_24,23,KMeans,4.83,0.0,0.0
100,add_2_12_24,23,KMeans,4.84,0.0,0.0
100,add_2_12_24,23,KMeans,4.85,0.0,0.0
100,add_2_12_24,23,KMeans,4.86,0.0,0.0
100,add_2_12_24,23,KMeans,4.87,0.0,0.0
100,add_2_12_24,23,KMeans,4.88,0.0,0.0
100,add_2_12_24,23,KMeans,4.9,0.0,0.0
100,add_2_12_24,23,KMeans,4.93,0.0,0.0
250,add_2_12_24,23,Agglomerative,4.67,0.0,0.0
250,add_2_12_24,23,Agglomerative,4.7,0.0,0.0
250,add_2_12_24,23,Agglomerative,4.72,0.0,0.0
250,add_2_12_24,23,Agglomerative,4.73,0.0,0.0
250,add_2_12_24,23,Agglomerative,4.74,0.0,0.0
250,add_2_12_24,23,Agglomerative,4.75,0.01155950515709508,0.008076933321883362
250,add_2_12_24,23,Agglomerative,4.76,0.02689581350940534,0.01345573099152515
250,add_2_12_24,23,Agglomerative,4.77,0.10566709087603557,0.02486706287144197
250,add_2_12_24,23,Agglomerative,4.78,0.17949707812512697,0.016826923076923073
250,add_2_12_24,23,Agglomerative,4.79,0.23630053273176066,0.008534496523414333
250,add_2_12_24,23,Agglomerative,4.81,0.20153323847286125,0.015719418585660602
250,add_2_12_24,23,Agglomerative,4.82,0.10378267585699397,0.018325286245816252
250,add_2_12_24,23,Agglomerative,4.83,0.08661839341785972,0.017371235889655307
250,add_2_12_24,23,Agglomerative,4.84,0.031369278674873914,0.014605979752984328
250,add_2_12_24,23,Agglomerative,4.85,0.016171834813815848,0.00971121864043973
250,add_2_12_24,23,Agglomerative,4.86,0.011695639164313213,0.008187929708291054
250,add_2_12_24,23,Agglomerative,4.87,0.00790463338657681,0.005533064887730133
250,add_2_12_24,23,Agglomerative,4.88,0.005649771952442262,0.005630500787885774
250,add_2_12_24,23,Agglomerative,4.9,0.0036231884057971405,0.0036231884057971015
250,add_2_12_24,23,Agglomerative,4.93,0.0,0.0
100,add_2_12_24,23,Agglomerative,4.67,0.0,0.0
100,add_2_12_24,23,Agglomerative,4.7,0.0,0.0
100,add_2_12_24,23,Agglomerative,4.72,0.0,0.0
100,add_2_12_24,23,Agglomerative,4.73,0.0060358684833985415,0.0034348746005187754
100,add_2_12_24,23,Agglomerative,4.74,0.014416617774550776,0.00788046904551759
100,add_2_12_24,23,Agglomerative,4.75,0.044843950620914064,0.01171227221199041
100,add_2_12_24,23,Agglomerative,4.76,0.09641885782846751,0.011291981633064116
100,add_2_12_24,23,Agglomerative,4.77,0.18018289971185256,0.013492579387901677
100,add_2_12_24,23,Agglomerative,4.78,0.23742264581290037,0.005710350713325672
100,add_2_12_24,23,Agglomerative,4.79,0.2453789975528043,0.0029211781380293154
100,add_2_12_24,23,Agglomerative,4.81,0.11912383021968752,0.013449427391363197
100,add_2_12_24,23,Agglomerative,4.82,0.055433744635822575,0.010508572675778885
100,add_2_12_24,23,Agglomerative,4.83,0.028176414521441536,0.007757499507175452
100,add_2_12_24,23,Agglomerative,4.84,0.011545003485283091,0.0049749550835837715
100,add_2_12_24,23,Agglomerative,4.85,0.0025839879882520013,0.0025772850812012162
100,add_2_12_24,23,Agglomerative,4.86,0.0,0.0
100,add_2_12_24,23,Agglomerative,4.87,0.0,0.0
100,add_2_12_24,23,Agglomerative,4.88,0.0,0.0
100,add_2_12_24,23,Agglomerative,4.9,0.0,0.0
100,add_2_12_24,23,Agglomerative,4.93,0.0,0.0
250,add_2_12_24,23,Spectral,4.67,0.0,0.0
250,add_2_12_24,23,Spectral,4.7,0.0,0.0
250,add_2_12_24,23,Spectral,4.72,0.055416514751714656,0.016889837818571046
250,add_2_12_24,23,Spectral,4.73,0.1644568332767968,0.022582131237921726
250,add_2_12_24,23,Spectral,4.74,0.24165538036640813,0.007550119285497778
250,add_2_12_24,23,Spectral,4.75,0.18677158117183879,0.0179933562992126
250,add_2_12_24,23,Spectral,4.76,0.07980308223858654,0.016815601907873415
250,add_2_12_24,23,Spectral,4.77,0.036090414000302724,0.014599729755462839
250,add_2_12_24,23,Spectral,4.78,0.005154639175257314,0.005154639175257735
250,add_2_12_24,23,Spectral,4.79,0.0,0.0
250,add_2_12_24,23,Spectral,4.81,0.0,0.0
250,add_2_12_24,23,Spectral,4.82,0.0,0.0
250,add_2_12_24,23,Spectral,4.83,0.0,0.0
250,add_2_12_24,23,Spectral,4.84,0.0,0.0
250,add_2_12_24,23,Spectral,4.85,0.0,0.0
250,add_2_12_24,23,Spectral,4.86,0.0,0.0
250,add_2_12_24,23,Spectral,4.87,0.0,0.0
250,add_2_12_24,23,Spectral,4.88,0.0,0.0
250,add_2_12_24,23,Spectral,4.9,0.0,0.0
250,add_2_12_24,23,Spectral,4.93,0.0,0.0
100,add_2_12_24,23,Spectral,4.67,0.0,0.0
100,add_2_12_24,23,Spectral,4.7,0.0,0.0
100,add_2_12_24,23,Spectral,4.72,0.04758403188314511,0.008275146541680104
100,add_2_12_24,23,Spectral,4.73,0.15201287554401272,0.012526973257564598
100,add_2_12_24,23,Spectral,4.74,0.24497824873546906,0.0033296994568978145
100,add_2_12_24,23,Spectral,4.75,0.20541530208262235,0.00910599036868984
100,add_2_12_24,23,Spectral,4.76,0.08718652242862861,0.011717213182809943
100,add_2_12_24,23,Spectral,4.77,0.029966431724799958,0.00696934818280208
100,add_2_12_24,23,Spectral,4.78,0.004192530991457417,0.002900450256025699
100,add_2_12_24,23,Spectral,4.79,0.0,0.0
100,add_2_12_24,23,Spectral,4.81,0.0,0.0
100,add_2_12_24,23,Spectral,4.82,0.0,0.0
100,add_2_12_24,23,Spectral,4.83,0.0,0.0
100,add_2_12_24,23,Spectral,4.84,0.0,0.0
100,add_2_12_24,23,Spectral,4.85,0.0,0.0
100,add_2_12_24,23,Spectral,4.86,0.0,0.0
100,add_2_12_24,23,Spectral,4.87,0.0,0.0
100,add_2_12_24,23,Spectral,4.88,0.0,0.0
100,add_2_12_24,23,Spectral,4.9,0.0,0.0
100,add_2_12_24,23,Spectral,4.93,0.0,0.0
250,add_2_12_24,23,Birch,4.67,0.0,0.0
250,add_2_12_24,23,Birch,4.7,0.0,0.0
250,add_2_12_24,23,Birch,4.72,0.0,0.0
250,add_2_12_24,23,Birch,4.73,0.0,0.0
250,add_2_12_24,23,Birch,4.74,0.0,0.0
250,add_2_12_24,23,Birch,4.75,0.01155950515709508,0.008076933321883362
250,add_2_12_24,23,Birch,4.76,0.02689581350940534,0.01345573099152515
250,add_2_12_24,23,Birch,4.77,0.10566709087603557,0.02486706287144197
250,add_2_12_24,23,Birch,4.78,0.17949707812512697,0.016826923076923073
250,add_2_12_24,23,Birch,4.79,0.23630053273176066,0.008534496523414333
250,add_2_12_24,23,Birch,4.81,0.20153323847286125,0.015719418585660602
250,add_2_12_24,23,Birch,4.82,0.10378267585699397,0.018325286245816252
250,add_2_12_24,23,Birch,4.83,0.08661839341785972,0.017371235889655307
250,add_2_12_24,23,Birch,4.84,0.031369278674873914,0.014605979752984328
250,add_2_12_24,23,Birch,4.85,0.016171834813815848,0.00971121864043973
250,add_2_12_24,23,Birch,4.86,0.011695639164313213,0.008187929708291054
250,add_2_12_24,23,Birch,4.87,0.00790463338657681,0.005533064887730133
250,add_2_12_24,23,Birch,4.88,0.005649771952442262,0.005630500787885774
250,add_2_12_24,23,Birch,4.9,0.0036231884057971405,0.0036231884057971015
250,add_2_12_24,23,Birch,4.93,0.0,0.0
100,add_2_12_24,23,Birch,4.67,0.0,0.0
100,add_2_12_24,23,Birch,4.7,0.0,0.0
100,add_2_12_24,23,Birch,4.72,0.0,0.0
100,add_2_12_24,23,Birch,4.73,0.0060358684833985415,0.0034348746005187754
100,add_2_12_24,23,Birch,4.74,0.014416617774550776,0.00788046904551759
100,add_2_12_24,23,Birch,4.75,0.044843950620914064,0.01171227221199041
100,add_2_12_24,23,Birch,4.76,0.09641885782846751,0.011291981633064116
100,add_2_12_24,23,Birch,4.77,0.18018289971185256,0.013492579387901677
100,add_2_12_24,23,Birch,4.78,0.23742264581290037,0.005710350713325672
100,add_2_12_24,23,Birch,4.79,0.2453789975528043,0.0029211781380293154
100,add_2_12_24,23,Birch,4.81,0.11912383021968752,0.013449427391363197
100,add_2_12_24,23,Birch,4.82,0.055433744635822575,0.010508572675778885
100,add_2_12_24,23,Birch,4.83,0.028176414521441536,0.007757499507175452
100,add_2_12_24,23,Birch,4.84,0.011545003485283091,0.0049749550835837715
100,add_2_12_24,23,Birch,4.85,0.0025839879882520013,0.0025772850812012162
100,add_2_12_24,23,Birch,4.86,0.0,0.0
100,add_2_12_24,23,Birch,4.87,0.0,0.0
100,add_2_12_24,23,Birch,4.88,0.0,0.0
100,add_2_12_24,23,Birch,4.9,0.0,0.0
100,add_2_12_24,23,Birch,4.93,0.0,0.0
250,add_5_12_24,23,KMeans,4.67,0.24402761433477776,0.0047994963607906746
250,add_5_12_24,23,KMeans,4.7,0.24714441332088088,0.005236896010379321
250,add_5_12_24,23,KMeans,4.72,0.2285964171507091,0.01184937313373929
250,add_5_12_24,23,KMeans,4.73,0.24963659039060718,0.0025044481794829015
250,add_5_12_24,23,KMeans,4.74,0.251029102466755,0.0019654872354823885
250,add_5_12_24,23,KMeans,4.75,0.24989997825614793,0.0028165362483974984
250,add_5_12_24,23,KMeans,4.76,0.2512806169553256,0.004055493145280293
250,add_5_12_24,23,KMeans,4.77,0.25076698800521263,0.001464410512847207
250,add_5_12_24,23,KMeans,4.78,0.24624210504446095,0.006126381617219343
250,add_5_12_24,23,KMeans,4.79,0.24286954236192834,0.007194256183850967
250,add_5_12_24,23,KMeans,4.81,0.24758115211557646,0.005517946807924023
250,add_5_12_24,23,KMeans,4.82,0.24708773252890753,0.004592715909270411
250,add_5_12_24,23,KMeans,4.83,0.24915866878286586,0.005732244025498859
250,add_5_12_24,23,KMeans,4.84,0.24306202325515366,0.006007965933494003
250,add_5_12_24,23,KMeans,4.85,0.2504595555792913,0.0014745347657306015
250,add_5_12_24,23,KMeans,4.86,0.24948667637972086,0.0038983640793595342
250,add_5_12_24,23,KMeans,4.87,0.25087706011591154,0.0010793652355668096
250,add_5_12_24,23,KMeans,4.88,0.24645577181285178,0.004041845313001632
250,add_5_12_24,23,KMeans,4.9,0.24217064189075976,0.0063561256719744256
250,add_5_12_24,23,KMeans,4.93,0.24884023866194238,0.003839099188754469
100,add_5_12_24,23,KMeans,4.67,0.23404948039493412,0.007440032524732326
100,add_5_12_24,23,KMeans,4.7,0.24571417597524933,0.0032143652295201735
100,add_5_12_24,23,KMeans,4.72,0.2393153702762245,0.0057193695983731585
100,add_5_12_24,23,KMeans,4.73,0.24481756075513655,0.004278971684298036
100,add_5_12_24,23,KMeans,4.74,0.2478419861309195,0.0036775522212415396
100,add_5_12_24,23,KMeans,4.75,0.24741233353742864,0.002476649385513002
100,add_5_12_24,23,KMeans,4.76,0.24942776310632606,0.004099295202677595
100,add_5_12_24,23,KMeans,4.77,0.24837859816987565,0.002434187239775618
100,add_5_12_24,23,KMeans,4.78,0.24532804089590923,0.0031868612802010373
100,add_5_12_24,23,KMeans,4.79,0.24550231288113833,0.005469117140864413
100,add_5_12_24,23,KMeans,4.81,0.2461888126155669,0.0028243097851103883
100,add_5_12_24,23,KMeans,4.82,0.24956449055436522,0.0013855667094361233
100,add_5_12_24,23,KMeans,4.83,0.2467088724352672,0.002878987943463811
100,add_5_12_24,23,KMeans,4.84,0.240047213377835,0.006196496123925367
100,add_5_12_24,23,KMeans,4.85,0.24925552582416674,0.0024666207846007464
100,add_5_12_24,23,KMeans,4.86,0.2465824292352513,0.002589815985060345
100,add_5_12_24,23,KMeans,4.87,0.24655988140416255,0.0028649882217476387
100,add_5_12_24,23,KMeans,4.88,0.24607386125579442,0.0025847187913818244
100,add_5_12_24,23,KMeans,4.9,0.23877330666176372,0.005257183601581185
100,add_5_12_24,23,KMeans,4.93,0.24232644580438684,0.005434782608695607
250,add_5_12_24,23,Agglomerative,4.67,0.041118584442495575,0.012520175043787262
250,add_5_12_24,23,Agglomerative,4.7,0.09862863898330135,0.03128712871287128
250,add_5_12_24,23,Agglomerative,4.72,0.10706276812475003,0.02280993307335111
250,add_5_12_24,23,Agglomerative,4.73,0.15871472302486603,0.019535133250703076
250,add_5_12_24,23,Agglomerative,4.74,0.16001942784625225,0.020641546118761744
250,add_5_12_24,23,Agglomerative,4.75,0.16995903376696014,0.02239644936356512
250,add_5_12_24,23,Agglomerative,4.76,0.16091622561455068,0.01833617724417737
250,add_5_12_24,23,Agglomerative,4.77,0.17343222089257143,0.016982721450081582
250,add_5_12_24,23,Agglomerative,4.78,0.17692048126925655,0.01615386619834209
250,add_5_12_24,23,Agglomerative,4.79,0.18718553385623599,0.01896028681742966
250,add_5_12_24,23,Agglomerative,4.81,0.19591505135144868,0.03258206761391472
250,add_5_12_24,23,Agglomerative,4.82,0.22359639926680389,0.01822860512829065
250,add_5_12_24,23,Agglomerative,4.83,0.20357706881253446,0.013601945922383781
250,add_5_12_24,23,Agglomerative,4.84,0.2034844912452885,0.01139330144862442
250,add_5_12_24,23,Agglomerative,4.85,0.21876011920053814,0.010933517296692872
250,add_5_12_24,23,Agglomerative,4.86,0.20412964396406327,0.012595476433777895
250,add_5_12_24,23,Agglomerative,4.87,0.2251881778611452,0.01587187071639856
250,add_5_12_24,23,Agglomerative,4.88,0.2161010534400189,0.01261691042621306
250,add_5_12_24,23,Agglomerative,4.9,0.20425244496488026,0.015306642809869318
250,add_5_12_24,23,Agglomerative,4.93,0.22777928695790514,0.010740148069438415
100,add_5_12_24,23,Agglomerative,4.67,0.23655526135270516,0.006068346912607856
100,add_5_12_24,23,Agglomerative,4.7,0.24210686084674005,0.005097022212232061
100,add_5_12_24,23,Agglomerative,4.72,0.22032861527889644,0.008288651801154866
100,add_5_12_24,23,Agglomerative,4.73,0.21485302960600267,0.008375705230897826
100,add_5_12_24,23,Agglomerative,4.74,0.22494043925846477,0.009236898329297989
100,add_5_12_24,23,Agglomerative,4.75,0.22697068749621394,0.007818700352952405
100,add_5_12_24,23,Agglomerative,4.76,0.23384969869803396,0.01028276527062628
100,add_5_12_24,23,Agglomerative,4.77,0.22677216658241162,0.006782024155390435
100,add_5_12_24,23,Agglomerative,4.78,0.23055483489099962,0.006696043124071004
100,add_5_12_24,23,Agglomerative,4.79,0.22178179865194156,0.01326250295578889
100,add_5_12_24,23,Agglomerative,4.81,0.22322979417857483,0.008016565404787873
100,add_5_12_24,23,Agglomerative,4.82,0.23398490104597341,0.005333588364486258
100,add_5_12_24,23,Agglomerative,4.83,0.22706596254054043,0.008598505611455828
100,add_5_12_24,23,Agglomerative,4.84,0.2084715104051963,0.010420875087233699
100,add_5_12_24,23,Agglomerative,4.85,0.22691071070936567,0.00982204539209421
100,add_5_12_24,23,Agglomerative,4.86,0.2296888032647242,0.005912716287757487
100,add_5_12_24,23,Agglomerative,4.87,0.23078561114539886,0.0060701438848920625
100,add_5_12_24,23,Agglomerative,4.88,0.2274853123894737,0.006946846743093377
100,add_5_12_24,23,Agglomerative,4.9,0.22067378740583402,0.006922935698729416
100,add_5_12_24,23,Agglomerative,4.93,0.23084498169206588,0.007047042171967393
250,add_5_12_24,23,Spectral,4.67,0.21679720578575312,0.010032222888496329
250,add_5_12_24,23,Spectral,4.7,0.23597990512289757,0.009670941668794905
250,add_5_12_24,23,Spectral,4.72,0.20819005006924474,0.021203606221374013
250,add_5_12_24,23,Spectral,4.73,0.23993152106952395,0.00817662804300556
250,add_5_12_24,23,Spectral,4.74,0.2442222417422256,0.006592277278124896
250,add_5_12_24,23,Spectral,4.75,0.2400133848523875,0.008255192343930398
250,add_5_12_24,23,Spectral,4.76,0.23799051724489864,0.00871527241177899
250,add_5_12_24,23,Spectral,4.77,0.2423788863034039,0.006472486304524922
250,add_5_12_24,23,Spectral,4.78,0.2360401889302589,0.009175159151953941
250,add_5_12_24,23,Spectral,4.79,0.2362800040465015,0.014385030153882502
250,add_5_12_24,23,Spectral,4.81,0.240540420779568,0.009293462437618902
250,add_5_12_24,23,Spectral,4.82,0.2501536252805351,0.002005787669810646
250,add_5_12_24,23,Spectral,4.83,0.23768201009164855,0.009379848391794102
250,add_5_12_24,23,Spectral,4.84,0.2356815634290195,0.008287177919102093
250,add_5_12_24,23,Spectral,4.85,0.2449059081244987,0.004971045978127524
250,add_5_12_24,23,Spectral,4.86,0.24003780493189059,0.007518273581622034
250,add_5_12_24,23,Spectral,4.87,0.24666691895996334,0.004603021674614815
250,add_5_12_24,23,Spectral,4.88,0.2384933833965355,0.006488552774713907
250,add_5_12_24,23,Spectral,4.9,0.22403367776502084,0.011525307770989849
250,add_5_12_24,23,Spectral,4.93,0.24214799930625666,0.006392330140489255
100,add_5_12_24,23,Spectral,4.67,0.17031530271131373,0.01418444183187715
100,add_5_12_24,23,Spectral,4.7,0.21061886608250555,0.011507580921145816
100,add_5_12_24,23,Spectral,4.72,0.1897793752872217,0.010367072665430105
100,add_5_12_24,23,Spectral,4.73,0.21898010017077915,0.010837845652811425
100,add_5_12_24,23,Spectral,4.74,0.21495110811651746,0.011864549765433163
100,add_5_12_24,23,Spectral,4.75,0.2184834927374257,0.008023842539974319
100,add_5_12_24,23,Spectral,4.76,0.2293983102470426,0.01012538936374007
100,add_5_12_24,23,Spectral,4.77,0.22376629814960056,0.00731299460768981
100,add_5_12_24,23,Spectral,4.78,0.21953184105675513,0.009171528119657183
100,add_5_12_24,23,Spectral,4.79,0.22200695354410835,0.011581977807116315
100,add_5_12_24,23,Spectral,4.81,0.22955021306952803,0.005893327074159658
100,add_5_12_24,23,Spectral,4.82,0.236138952373129,0.005595124029536755
100,add_5_12_24,23,Spectral,4.83,0.230826398144661,0.0074192749729512465
100,add_5_12_24,23,Spectral,4.84,0.21619346512518178,0.009073505078281934
100,add_5_12_24,23,Spectral,4.85,0.23544485586767194,0.009474204885622397
100,add_5_12_24,23,Spectral,4.86,0.23131287695483496,0.0071253563277846954
100,add_5_12_24,23,Spectral,4.87,0.2269929762164966,0.012837806677734723
100,add_5_12_24,23,Spectral,4.88,0.22278746366319813,0.006965850956503047
100,add_5_12_24,23,Spectral,4.9,0.2151389252535122,0.007963908665764196
100,add_5_12_24,23,Spectral,4.93,0.22856723583061922,0.007383952438046194
250,add_5_12_24,23,Birch,4.67,0.041118584442495575,0.012520175043787262
250,add_5_12_24,23,Birch,4.7,0.09862863898330135,0.03128712871287128
250,add_5_12_24,23,Birch,4.72,0.10706276812475003,0.02280993307335111
250,add_5_12_24,23,Birch,4.73,0.15871472302486603,0.019535133250703076
250,add_5_12_24,23,Birch,4.74,0.16001942784625225,0.020641546118761744
250,add_5_12_24,23,Birch,4.75,0.16995903376696014,0.02239644936356512
250,add_5_12_24,23,Birch,4.76,0.16091622561455068,0.01833617724417737
250,add_5_12_24,23,Birch,4.77,0.17343222089257143,0.016982721450081582
250,add_5_12_24,23,Birch,4.78,0.17692048126925655,0.01615386619834209
250,add_5_12_24,23,Birch,4.79,0.18718553385623599,0.01896028681742966
250,add_5_12_24,23,Birch,4.81,0.19591505135144868,0.03258206761391472
250,add_5_12_24,23,Birch,4.82,0.22359639926680389,0.01822860512829065
250,add_5_12_24,23,Birch,4.83,0.20357706881253446,0.013601945922383781
250,add_5_12_24,23,Birch,4.84,0.2034844912452885,0.01139330144862442
250,add_5_12_24,23,Birch,4.85,0.21876011920053814,0.010933517296692872
250,add_5_12_24,23,Birch,4.86,0.20412964396406327,0.012595476433777895
250,add_5_12_24,23,Birch,4.87,0.2251881778611452,0.01587187071639856
250,add_5_12_24,23,Birch,4.88,0.2161010534400189,0.01261691042621306
250,add_5_12_24,23,Birch,4.9,0.20425244496488026,0.015306642809869318
250,add_5_12_24,23,Birch,4.93,0.22777928695790514,0.010740148069438415
100,add_5_12_24,23,Birch,4.67,0.23655526135270516,0.006068346912607856
100,add_5_12_24,23,Birch,4.7,0.24210686084674005,0.005097022212232061
100,add_5_12_24,23,Birch,4.72,0.22032861527889644,0.008288651801154866
100,add_5_12_24,23,Birch,4.73,0.21485302960600267,0.008375705230897826
100,add_5_12_24,23,Birch,4.74,0.22494043925846477,0.009236898329297989
100,add_5_12_24,23,Birch,4.75,0.22697068749621394,0.007818700352952405
100,add_5_12_24,23,Birch,4.76,0.23384969869803396,0.01028276527062628
100,add_5_12_24,23,Birch,4.77,0.22677216658241162,0.006782024155390435
100,add_5_12_24,23,Birch,4.78,0.23055483489099962,0.006696043124071004
100,add_5_12_24,23,Birch,4.79,0.22178179865194156,0.01326250295578889
100,add_5_12_24,23,Birch,4.81,0.22322979417857483,0.008016565404787873
100,add_5_12_24,23,Birch,4.82,0.23398490104597341,0.005333588364486258
100,add_5_12_24,23,Birch,4.83,0.22706596254054043,0.008598505611455828
100,add_5_12_24,23,Birch,4.84,0.2084715104051963,0.010420875087233699
100,add_5_12_24,23,Birch,4.85,0.22691071070936567,0.00982204539209421
100,add_5_12_24,23,Birch,4.86,0.2296888032647242,0.005912716287757487
100,add_5_12_24,23,Birch,4.87,0.23078561114539886,0.0060701438848920625
100,add_5_12_24,23,Birch,4.88,0.2274853123894737,0.006946846743093377
100,add_5_12_24,23,Birch,4.9,0.22067378740583402,0.006922935698729416
100,add_5_12_24,23,Birch,4.93,0.23084498169206588,0.007047042171967393
250,add_2_5_12_24,24,KMeans,4.67,0.0,0.0
250,add_2_5_12_24,24,KMeans,4.7,0.0,0.0
250,add_2_5_12_24,24,KMeans,4.72,0.0,0.0
250,add_2_5_12_24,24,KMeans,4.73,0.0,0.0
250,add_2_5_12_24,24,KMeans,4.74,0.0,0.0
250,add_2_5_12_24,24,KMeans,4.75,0.01155950515709508,0.008076933321883362
250,add_2_5_12_24,24,KMeans,4.76,0.05649775080759559,0.015126819823205169
250,add_2_5_12_24,24,KMeans,4.77,0.14567702871833285,0.020317639207148058
250,add_2_5_12_24,24,KMeans,4.78,0.25286774885325525,0.0014361547411285585
250,add_2_5_12_24,24,KMeans,4.79,0.20474721322348488,0.01353792172219736
250,add_2_5_12_24,24,KMeans,4.81,0.04060740218272531,0.012858505162465568
250,add_2_5_12_24,24,KMeans,4.82,0.003460207612456747,0.003460207612456747
250,add_2_5_12_24,24,KMeans,4.83,0.0,0.0
250,add_2_5_12_24,24,KMeans,4.84,0.0,0.0
250,add_2_5_12_24,24,KMeans,4.85,0.0,0.0
250,add_2_5_12_24,24,KMeans,4.86,0.0,0.0
250,add_2_5_12_24,24,KMeans,4.87,0.0,0.0
250,add_2_5_12_24,24,KMeans,4.88,0.0,0.0
250,add_2_5_12_24,24,KMeans,4.9,0.0,0.0
250,add_2_5_12_24,24,KMeans,4.93,0.0,0.0
100,add_2_5_12_24,24,KMeans,4.67,0.0,0.0
100,add_2_5_12_24,24,KMeans,4.7,0.0,0.0
100,add_2_5_12_24,24,KMeans,4.72,0.0,0.0
100,add_2_5_12_24,24,KMeans,4.73,0.0,0.0
100,add_2_5_12_24,24,KMeans,4.74,0.0,0.0
100,add_2_5_12_24,24,KMeans,4.75,0.01238937773007798,0.006613891311437384
100,add_2_5_12_24,24,KMeans,4.76,0.052770580378587124,0.010554434258016084
100,add_2_5_12_24,24,KMeans,4.77,0.15625965778588025,0.010394444968187509
100,add_2_5_12_24,24,KMeans,4.78,0.24464148945883166,0.0035533516179425094
100,add_2_5_12_24,24,KMeans,4.79,0.21622668210449572,0.012589484972321235
100,add_2_5_12_24,24,KMeans,4.81,0.03330248178427301,0.010690917588409406
100,add_2_5_12_24,24,KMeans,4.82,0.008279602841152367,0.003909199951466045
100,add_2_5_12_24,24,KMeans,4.83,0.001488095238095238,0.0014880952380952384
100,add_2_5_12_24,24,KMeans,4.84,0.001302083333333292,0.0013020833333333333
100,add_2_5_12_24,24,KMeans,4.85,0.0,0.0
100,add_2_5_12_24,24,KMeans,4.86,0.0,0.0
100,add_2_5_12_24,24,KMeans,4.87,0.0,0.0
100,add_2_5_12_24,24,KMeans,4.88,0.0,0.0
100,add_2_5_12_24,24,KMeans,4.9,0.0,0.0
100,add_2_5_12_24,24,KMeans,4.93,0.0,0.0
250,add_2_5_12_24,24,Agglomerative,4.67,0.0,0.0
250,add_2_5_12_24,24,Agglomerative,4.7,0.0,0.0
250,add_2_5_12_24,24,Agglomerative,4.72,0.0,0.0
250,add_2_5_12_24,24,Agglomerative,4.73,0.0,0.0
250,add_2_5_12_24,24,Agglomerative,4.74,0.006024096385542241,0.006024096385542168
250,add_2_5_12_24,24,Agglomerative,4.75,0.02284540303559255,0.01101539086038551
250,add_2_5_12_24,24,Agglomerative,4.76,0.05274647813233245,0.014962402831179156
250,add_2_5_12_24,24,Agglomerative,4.77,0.11018669827188858,0.021635180967416696
250,add_2_5_12_24,24,Agglomerative,4.78,0.18443898290437696,0.015304301467426553
250,add_2_5_12_24,24,Agglomerative,4.79,0.2376905182595255,0.014455782312925214
250,add_2_5_12_24,24,Agglomerative,4.81,0.2091447738819587,0.018577494692144342
250,add_2_5_12_24,24,Agglomerative,4.82,0.12569598102593443,0.018680685881297135
250,add_2_5_12_24,24,Agglomerative,4.83,0.10881911557766422,0.030307771846102814
250,add_2_5_12_24,24,Agglomerative,4.84,0.06831065109906576,0.02032643023472036
250,add_2_5_12_24,24,Agglomerative,4.85,0.022332130756809745,0.015500628403854211
250,add_2_5_12_24,24,Agglomerative,4.86,0.01176532193230227,0.011555864949530108
250,add_2_5_12_24,24,Agglomerative,4.87,0.003968253968253896,0.003968253968253968
250,add_2_5_12_24,24,Agglomerative,4.88,0.02748007857910323,0.012776130727390794
250,add_2_5_12_24,24,Agglomerative,4.9,0.007219832597070656,0.005058262162459789
250,add_2_5_12_24,24,Agglomerative,4.93,0.0,0.0
100,add_2_5_12_24,24,Agglomerative,4.67,0.0,0.0
100,add_2_5_12_24,24,Agglomerative,4.7,0.0,0.0
100,add_2_5_12_24,24,Agglomerative,4.72,0.004246167756750886,0.002979844313502294
100,add_2_5_12_24,24,Agglomerative,4.73,0.021776962558364116,0.006687936942846232
100,add_2_5_12_24,24,Agglomerative,4.74,0.0722125884360804,0.013558605823939687
100,add_2_5_12_24,24,Agglomerative,4.75,0.12416933359577373,0.01220794392523366
100,add_2_5_12_24,24,Agglomerative,4.76,0.1807201060424679,0.010032464527466983
100,add_2_5_12_24,24,Agglomerative,4.77,0.2351960204238162,0.004902473642889868
100,add_2_5_12_24,24,Agglomerative,4.78,0.250421029032385,0.0003916213571808791
100,add_2_5_12_24,24,Agglomerative,4.79,0.22354985804863373,0.006407044594379897
100,add_2_5_12_24,24,Agglomerative,4.81,0.1204918556795452,0.012007571566493921
100,add_2_5_12_24,24,Agglomerative,4.82,0.050799689070034265,0.008879426957970914
100,add_2_5_12_24,24,Agglomerative,4.83,0.034685790078090646,0.007834138944984944
100,add_2_5_12_24,24,Agglomerative,4.84,0.01946308848874924,0.006224189329892757
100,add_2_5_12_24,24,Agglomerative,4.85,0.007006041243516348,0.0036185061557906855
100,add_2_5_12_24,24,Agglomerative,4.86,0.005242160996350121,0.0025685587784201203
100,add_2_5_12_24,24,Agglomerative,4.87,0.0013440860215054168,0.0013440860215053762
100,add_2_5_12_24,24,Agglomerative,4.88,0.0,0.0
100,add_2_5_12_24,24,Agglomerative,4.9,0.0,0.0
100,add_2_5_12_24,24,Agglomerative,4.93,0.0,0.0
250,add_2_5_12_24,24,Spectral,4.67,0.0,0.0
250,add_2_5_12_24,24,Spectral,4.7,0.0,0.0
250,add_2_5_12_24,24,Spectral,4.72,0.055416514751714656,0.016889837818571046
250,add_2_5_12_24,24,Spectral,4.73,0.17944936253860647,0.024007263829175216
250,add_2_5_12_24,24,Spectral,4.74,0.2435460248334509,0.007045856825402385
250,add_2_5_12_24,24,Spectral,4.75,0.17452383931321225,0.02021750257805999
250,add_2_5_12_24,24,Spectral,4.76,0.08510352883635837,0.016869879544421054
250,add_2_5_12_24,24,Spectral,4.77,0.03111444588290522,0.014001841499194832
250,add_2_5_12_24,24,Spectral,4.78,0.005154639175257314,0.005154639175257735
250,add_2_5_12_24,24,Spectral,4.79,0.0,0.0
250,add_2_5_12_24,24,Spectral,4.81,0.0,0.0
250,add_2_5_12_24,24,Spectral,4.82,0.0,0.0
250,add_2_5_12_24,24,Spectral,4.83,0.0,0.0
250,add_2_5_12_24,24,Spectral,4.84,0.0,0.0
250,add_2_5_12_24,24,Spectral,4.85,0.0,0.0
250,add_2_5_12_24,24,Spectral,4.86,0.0,0.0
250,add_2_5_12_24,24,Spectral,4.87,0.0,0.0
250,add_2_5_12_24,24,Spectral,4.88,0.0,0.0
250,add_2_5_12_24,24,Spectral,4.9,0.0,0.0
250,add_2_5_12_24,24,Spectral,4.93,0.0,0.0
100,add_2_5_12_24,24,Spectral,4.67,0.0,0.0
100,add_2_5_12_24,24,Spectral,4.7,0.0,0.0
100,add_2_5_12_24,24,Spectral,4.72,0.03940583350778035,0.011476868327402141
100,add_2_5_12_24,24,Spectral,4.73,0.12849932330884226,0.013774918497250573
100,add_2_5_12_24,24,Spectral,4.74,0.23457414644319394,0.0058576109988219514
100,add_2_5_12_24,24,Spectral,4.75,0.2190856200224256,0.007978626609176354
100,add_2_5_12_24,24,Spectral,4.76,0.10707962400342874,0.012775242044399181
100,add_2_5_12_24,24,Spectral,4.77,0.04140460889924528,0.00720311093544704
100,add_2_5_12_24,24,Spectral,4.78,0.006249532331663274,0.003057499087764131
100,add_2_5_12_24,24,Spectral,4.79,0.0,0.0
100,add_2_5_12_24,24,Spectral,4.81,0.0,0.0
100,add_2_5_12_24,24,Spectral,4.82,0.0,0.0
100,add_2_5_12_24,24,Spectral,4.83,0.0,0.0
100,add_2_5_12_24,24,Spectral,4.84,0.0,0.0
100,add_2_5_12_24,24,Spectral,4.85,0.0,0.0
100,add_2_5_12_24,24,Spectral,4.86,0.0,0.0
100,add_2_5_12_24,24,Spectral,4.87,0.0,0.0
100,add_2_5_12_24,24,Spectral,4.88,0.0,0.0
100,add_2_5_12_24,24,Spectral,4.9,0.0,0.0
100,add_2_5_12_24,24,Spectral,4.93,0.0,0.0
250,add_2_5_12_24,24,Birch,4.67,0.0,0.0
250,add_2_5_12_24,24,Birch,4.7,0.0,0.0
250,add_2_5_12_24,24,Birch,4.72,0.0,0.0
250,add_2_5_12_24,24,Birch,4.73,0.0,0.0
250,add_2_5_12_24,24,Birch,4.74,0.006024096385542241,0.006024096385542168
250,add_2_5_12_24,24,Birch,4.75,0.02284540303559255,0.01101539086038551
250,add_2_5_12_24,24,Birch,4.76,0.05274647813233245,0.014962402831179156
250,add_2_5_12_24,24,Birch,4.77,0.11018669827188858,0.021635180967416696
250,add_2_5_12_24,24,Birch,4.78,0.18443898290437696,0.015304301467426553
250,add_2_5_12_24,24,Birch,4.79,0.2376905182595255,0.014455782312925214
250,add_2_5_12_24,24,Birch,4.81,0.2091447738819587,0.018577494692144342
250,add_2_5_12_24,24,Birch,4.82,0.12569598102593443,0.018680685881297135
250,add_2_5_12_24,24,Birch,4.83,0.10881911557766422,0.030307771846102814
250,add_2_5_12_24,24,Birch,4.84,0.06831065109906576,0.02032643023472036
250,add_2_5_12_24,24,Birch,4.85,0.022332130756809745,0.015500628403854211
250,add_2_5_12_24,24,Birch,4.86,0.01176532193230227,0.011555864949530108
250,add_2_5_12_24,24,Birch,4.87,0.003968253968253896,0.003968253968253968
250,add_2_5_12_24,24,Birch,4.88,0.02748007857910323,0.012776130727390794
250,add_2_5_12_24,24,Birch,4.9,0.007219832597070656,0.005058262162459789
250,add_2_5_12_24,24,Birch,4.93,0.0,0.0
100,add_2_5_12_24,24,Birch,4.67,0.0,0.0
100,add_2_5_12_24,24,Birch,4.7,0.0,0.0
100,add_2_5_12_24,24,Birch,4.72,0.004246167756750886,0.002979844313502294
100,add_2_5_12_24,24,Birch,4.73,0.021776962558364116,0.006687936942846232
100,add_2_5_12_24,24,Birch,4.74,0.0722125884360804,0.013558605823939687
100,add_2_5_12_24,24,Birch,4.75,0.12416933359577373,0.01220794392523366
100,add_2_5_12_24,24,Birch,4.76,0.1807201060424679,0.010032464527466983
100,add_2_5_12_24,24,Birch,4.77,0.2351960204238162,0.004902473642889868
100,add_2_5_12_24,24,Birch,4.78,0.250421029032385,0.0003916213571808791
100,add_2_5_12_24,24,Birch,4.79,0.22354985804863373,0.006407044594379897
100,add_2_5_12_24,24,Birch,4.81,0.1204918556795452,0.012007571566493921
100,add_2_5_12_24,24,Birch,4.82,0.050799689070034265,0.008879426957970914
100,add_2_5_12_24,24,Birch,4.83,0.034685790078090646,0.007834138944984944
100,add_2_5_12_24,24,Birch,4.84,0.01946308848874924,0.006224189329892757
100,add_2_5_12_24,24,Birch,4.85,0.007006041243516348,0.0036185061557906855
100,add_2_5_12_24,24,Birch,4.86,0.005242160996350121,0.0025685587784201203
100,add_2_5_12_24,24,Birch,4.87,0.0013440860215054168,0.0013440860215053762
100,add_2_5_12_24,24,Birch,4.88,0.0,0.0
100,add_2_5_12_24,24,Birch,4.9,0.0,0.0
100,add_2_5_12_24,24,Birch,4.93,0.0,0.0
