stride,feature_set,n_features,model,K0,mean,mean_err
5000,30,30,KMeans,4.67,0,0
5000,30,30,KMeans,4.7,0,0
5000,30,30,KMeans,4.72,0,0
5000,30,30,KMeans,4.73,0,0
5000,30,30,KMeans,4.74,0,0
5000,30,30,KMeans,4.75,0,0
5000,30,30,KMeans,4.76,0,0
5000,30,30,KMeans,4.77,0.125,0.125
5000,30,30,KMeans,4.78,0.428571428571429,0.285714285714286
5000,30,30,KMeans,4.79,0.777777777777778,0.146986183948033
5000,30,30,KMeans,4.81,1,0
5000,30,30,KMeans,4.82,1,0
5000,30,30,KMeans,4.83,1,0
5000,30,30,KMeans,4.84,1,0
5000,30,30,KMeans,4.85,1,0
5000,30,30,KMeans,4.86,1,0
5000,30,30,KMeans,4.87,1,0
5000,30,30,KMeans,4.88,1,0
5000,30,30,KMeans,4.9,1,0
5000,30,30,KMeans,4.93,1,0
1000,30,30,KMeans,4.67,0,0
1000,30,30,KMeans,4.7,0,0
1000,30,30,KMeans,4.72,0,0
1000,30,30,KMeans,4.73,0,0
1000,30,30,KMeans,4.74,0,0
1000,30,30,KMeans,4.75,0.0303030303030303,0.0303030303030303
1000,30,30,KMeans,4.76,0.0588235294117648,0.0427343033680458
1000,30,30,KMeans,4.77,0.250000000000004,0.07319250547114
1000,30,30,KMeans,4.78,0.513513513513513,0.0833028919320132
1000,30,30,KMeans,4.79,0.789473684210535,0.0670225831544226
1000,30,30,KMeans,4.81,0.975,0.025
1000,30,30,KMeans,4.82,1,0
1000,30,30,KMeans,4.83,1,0
1000,30,30,KMeans,4.84,1,0
1000,30,30,KMeans,4.85,1,0
1000,30,30,KMeans,4.86,1,0
1000,30,30,KMeans,4.87,1,0
1000,30,30,KMeans,4.88,1,0
1000,30,30,KMeans,4.9,1,0
1000,30,30,KMeans,4.93,1,0
500,30,30,KMeans,4.67,0,0
500,30,30,KMeans,4.7,0,0
500,30,30,KMeans,4.72,0,0
500,30,30,KMeans,4.73,0,0
500,30,30,KMeans,4.74,0,0
500,30,30,KMeans,4.75,0.0153846153846154,0.0153846153846154
500,30,30,KMeans,4.76,0.0601503759398496,0.0291201755353941
500,30,30,KMeans,4.77,0.223076923076923,0.0492548018264066
500,30,30,KMeans,4.78,0.493150684931507,0.0589200360756345
500,30,30,KMeans,4.79,0.733333333333333,0.0514066400637372
500,30,30,KMeans,4.81,0.958333333333333,0.0205017471798601
500,30,30,KMeans,4.82,1,0
500,30,30,KMeans,4.83,1,0
500,30,30,KMeans,4.84,1,0
500,30,30,KMeans,4.85,1,0
500,30,30,KMeans,4.86,1,0
500,30,30,KMeans,4.87,1,0
500,30,30,KMeans,4.88,1,0
500,30,30,KMeans,4.9,1,0
500,30,30,KMeans,4.93,1,0
250,30,30,KMeans,4.67,0,0
250,30,30,KMeans,4.7,0,0
250,30,30,KMeans,4.72,0,0
250,30,30,KMeans,4.73,0,0
250,30,30,KMeans,4.74,0,0
250,30,30,KMeans,4.75,0.0208333333333327,0.01025087358993
250,30,30,KMeans,4.76,0.070652173913046,0.0182577267333926
250,30,30,KMeans,4.77,0.229090909090909,0.0374033188963601
250,30,30,KMeans,4.78,0.545138888888889,0.0486111111111111
250,30,30,KMeans,4.79,0.744444444444448,0.0311320856135172
250,30,30,KMeans,4.81,0.962025316455653,0.0119915308029283
250,30,30,KMeans,4.82,1,0
250,30,30,KMeans,4.83,1,0
250,30,30,KMeans,4.84,1,0
250,30,30,KMeans,4.85,1,0
250,30,30,KMeans,4.86,1,0
250,30,30,KMeans,4.87,1,0
250,30,30,KMeans,4.88,1,0
250,30,30,KMeans,4.9,1,0
250,30,30,KMeans,4.93,1,0
100,30,30,KMeans,4.67,0,0
100,30,30,KMeans,4.7,0,0
100,30,30,KMeans,4.72,0,0
100,30,30,KMeans,4.73,0,0
100,30,30,KMeans,4.74,0.00187265917603,0.00187265917602996
100,30,30,KMeans,4.75,0.0124610591900312,0.00678956221735307
100,30,30,KMeans,4.76,0.06969696969697,0.0129581208199963
100,30,30,KMeans,4.77,0.228985507246377,0.019468604482629
100,30,30,KMeans,4.78,0.47667638483965,0.0228538546800874
100,30,30,KMeans,4.79,0.748655913978495,0.0282258064516129
100,30,30,KMeans,4.81,0.975826972010178,0.00890585241730279
100,30,30,KMeans,4.82,0.993788819875817,0.00305397001176674
100,30,30,KMeans,4.83,1,0
100,30,30,KMeans,4.84,1,0
100,30,30,KMeans,4.85,1,0
100,30,30,KMeans,4.86,1,0
100,30,30,KMeans,4.87,1,0
100,30,30,KMeans,4.88,1,0
100,30,30,KMeans,4.9,1,0
100,30,30,KMeans,4.93,1,0
50,30,30,KMeans,4.67,0,0
50,30,30,KMeans,4.7,0,0
50,30,30,KMeans,4.72,0,0
50,30,30,KMeans,4.73,0,0
50,30,30,KMeans,4.74,0.000868055555555566,0.000868055555555556
50,30,30,KMeans,4.75,0.015625,0.00419262745781211
50,30,30,KMeans,4.76,0.0651685393258427,0.0090819143468031
50,30,30,KMeans,4.77,0.213541666666667,0.0128759526259043
50,30,30,KMeans,4.78,0.481944444444444,0.0237384231043572
50,30,30,KMeans,4.79,0.746238030095764,0.015782772765382
50,30,30,KMeans,4.81,0.975796178343949,0.00509554140127388
50,30,30,KMeans,4.82,0.993869209809264,0.00340599455040869
50,30,30,KMeans,4.83,0.999305555555556,0.000694444444444405
50,30,30,KMeans,4.84,0.999387254901961,0.000612745098039179
50,30,30,KMeans,4.85,1,0
50,30,30,KMeans,4.86,1,0
50,30,30,KMeans,4.87,1,0
50,30,30,KMeans,4.88,1,0
50,30,30,KMeans,4.9,1,0
50,30,30,KMeans,4.93,1,0
10,30,30,KMeans,4.67,0,0
10,30,30,KMeans,4.7,0,0
10,30,30,KMeans,4.72,0,0
10,30,30,KMeans,4.73,0.000345901072293335,0.000243324959568543
10,30,30,KMeans,4.74,0.00210560414642047,0.000769994449239048
10,30,30,KMeans,4.75,0.0174346201743462,0.00251279966052758
10,30,30,KMeans,4.76,0.0752543387193297,0.00639138520744878
10,30,30,KMeans,4.77,0.244425262552151,0.0170944322211447
10,30,30,KMeans,4.78,0.502361111111111,0.0194042242759943
10,30,30,KMeans,4.79,0.766810112963959,0.0110274341043572
10,30,30,KMeans,4.81,0.976317799847211,0.00280112044817932
10,30,30,KMeans,4.82,0.996050660492986,0.00100690330985603
10,30,30,KMeans,4.83,0.999475341028332,0.000280442016697137
10,30,30,KMeans,4.84,0.999882352941187,0.000117647058823569
10,30,30,KMeans,4.85,1,0
10,30,30,KMeans,4.86,1,0
10,30,30,KMeans,4.87,1,0
10,30,30,KMeans,4.88,1,0
10,30,30,KMeans,4.9,1,0
10,30,30,KMeans,4.93,1,0
1,30,30,KMeans,4.67,0,0
1,30,30,KMeans,4.7,0,0
1,30,30,KMeans,4.72,0,0
1,30,30,KMeans,4.73,0.000255601942574764,0.000183428901266175
1,30,30,KMeans,4.74,0.00239625665851724,0.000579641086694968
1,30,30,KMeans,4.75,0.0158796814731865,0.00250906211971222
1,30,30,KMeans,4.76,0.0758908536038058,0.00762053961758778
1,30,30,KMeans,4.77,0.237982221455079,0.0165078274327221
1,30,30,KMeans,4.78,0.494798249878464,0.0158264899790985
1,30,30,KMeans,4.79,0.756307154384082,0.00986398119064405
1,30,30,KMeans,4.81,0.974271164863144,0.00352641629535327
1,30,30,KMeans,4.82,0.996025264074921,0.00124898057347262
1,30,30,KMeans,4.83,0.99969848719226,0.00014420177761465
1,30,30,KMeans,4.84,0.999860341697314,0.000139658302686085
1,30,30,KMeans,4.85,1,0
1,30,30,KMeans,4.86,1,0
1,30,30,KMeans,4.87,1,0
1,30,30,KMeans,4.88,1,0
1,30,30,KMeans,4.9,1,0
1,30,30,KMeans,4.93,1,0
5000,30,30,Agglomerative,4.67,0,0
5000,30,30,Agglomerative,4.7,0,0
5000,30,30,Agglomerative,4.72,0,0
5000,30,30,Agglomerative,4.73,0,0
5000,30,30,Agglomerative,4.74,0,0
5000,30,30,Agglomerative,4.75,0.125,0.125
5000,30,30,Agglomerative,4.76,0,0
5000,30,30,Agglomerative,4.77,0.125,0.125
5000,30,30,Agglomerative,4.78,0.0769230769230769,0.0769230769230769
5000,30,30,Agglomerative,4.79,0.5,0.188982236504614
5000,30,30,Agglomerative,4.81,0.625,0.25
5000,30,30,Agglomerative,4.82,1,0
5000,30,30,Agglomerative,4.83,1,0
5000,30,30,Agglomerative,4.84,0.888888888888889,0.111111111111111
5000,30,30,Agglomerative,4.85,1,0
5000,30,30,Agglomerative,4.86,0.875,0.125
5000,30,30,Agglomerative,4.87,0.888888888888889,0.111111111111111
5000,30,30,Agglomerative,4.88,1,0
5000,30,30,Agglomerative,4.9,1,0
5000,30,30,Agglomerative,4.93,1,0
1000,30,30,Agglomerative,4.67,0,0
1000,30,30,Agglomerative,4.7,0,0
1000,30,30,Agglomerative,4.72,0,0
1000,30,30,Agglomerative,4.73,0,0
1000,30,30,Agglomerative,4.74,0.0625,0.0434755214775158
1000,30,30,Agglomerative,4.75,0.181818181818182,0.0681818181818182
1000,30,30,Agglomerative,4.76,0.15625,0.09375
1000,30,30,Agglomerative,4.77,0.202898550724638,0.0766884437989736
1000,30,30,Agglomerative,4.78,0.416666666666667,0.0867360833110889
1000,30,30,Agglomerative,4.79,0.578947368421053,0.0811683790480065
1000,30,30,Agglomerative,4.81,0.805555555555556,0.0655663160391202
1000,30,30,Agglomerative,4.82,0.945945945945954,0.037687388582616
1000,30,30,Agglomerative,4.83,0.934210526315789,0.0657894736842105
1000,30,30,Agglomerative,4.84,0.909090909090909,0.0438402565609466
1000,30,30,Agglomerative,4.85,0.983606557377049,0.0163934426229509
1000,30,30,Agglomerative,4.86,0.953488372093037,0.0324947967909662
1000,30,30,Agglomerative,4.87,0.957446808510628,0.0297607917523504
1000,30,30,Agglomerative,4.88,0.966666666666667,0.0333333333333333
1000,30,30,Agglomerative,4.9,0.978260869565247,0.0217391304347826
1000,30,30,Agglomerative,4.93,1,0
500,30,30,Agglomerative,4.67,0,0
500,30,30,Agglomerative,4.7,0,0
500,30,30,Agglomerative,4.72,0.0350877192982456,0.0245882416921661
500,30,30,Agglomerative,4.73,0.0446428571428571,0.0262850025783567
500,30,30,Agglomerative,4.74,0.0476190476190476,0.0270458016308126
500,30,30,Agglomerative,4.75,0.181818181818182,0.047839528325838
500,30,30,Agglomerative,4.76,0.185714285714286,0.0468151607110839
500,30,30,Agglomerative,4.77,0.41304347826087,0.0652173913043478
500,30,30,Agglomerative,4.78,0.479452054794521,0.0588757851973864
500,30,30,Agglomerative,4.79,0.639999999999992,0.0557988665970336
500,30,30,Agglomerative,4.81,0.782051282051282,0.0500657030506836
500,30,30,Agglomerative,4.82,0.930555555555556,0.0272772362794991
500,30,30,Agglomerative,4.83,0.974025974025974,0.0182451781476952
500,30,30,Agglomerative,4.84,0.965116279069768,0.0232558139534884
500,30,30,Agglomerative,4.85,0.976470588235266,0.0165384755396365
500,30,30,Agglomerative,4.86,1,0
500,30,30,Agglomerative,4.87,0.987878787878788,0.0121212121212121
500,30,30,Agglomerative,4.88,1,0
500,30,30,Agglomerative,4.9,1,0
500,30,30,Agglomerative,4.93,1,0
250,30,30,Agglomerative,4.67,0,0
250,30,30,Agglomerative,4.7,0,0
250,30,30,Agglomerative,4.72,0.0131578947368421,0.00924180153759012
250,30,30,Agglomerative,4.73,0.0446428571428571,0.0190211297034701
250,30,30,Agglomerative,4.74,0.069264069264069,0.0197432974043141
250,30,30,Agglomerative,4.75,0.192156862745098,0.0612568602031895
250,30,30,Agglomerative,4.76,0.288888888888889,0.0361866587056026
250,30,30,Agglomerative,4.77,0.404255319148941,0.0372626291543725
250,30,30,Agglomerative,4.78,0.675324675324701,0.0320047522803782
250,30,30,Agglomerative,4.79,0.694999999999967,0.0340046045604581
250,30,30,Agglomerative,4.81,0.870967741935484,0.0222323366969197
250,30,30,Agglomerative,4.82,0.942176870748299,0.0238095238095238
250,30,30,Agglomerative,4.83,0.966996699669967,0.0183754599433334
250,30,30,Agglomerative,4.84,0.98546511627907,0.00872093023255816
250,30,30,Agglomerative,4.85,0.993311036789296,0.00668896321070237
250,30,30,Agglomerative,4.86,0.996124031007733,0.00387596899224805
250,30,30,Agglomerative,4.87,0.996031746031755,0.00396825396825402
250,30,30,Agglomerative,4.88,1,0
250,30,30,Agglomerative,4.9,1,0
250,30,30,Agglomerative,4.93,1,0
100,30,30,Agglomerative,4.67,0,0
100,30,30,Agglomerative,4.7,0,0
100,30,30,Agglomerative,4.72,0.00711743772241993,0.00711743772241993
100,30,30,Agglomerative,4.73,0.0104166666666667,0.00505282552159027
100,30,30,Agglomerative,4.74,0.0457875457875458,0.00883796219469101
100,30,30,Agglomerative,4.75,0.110591900311526,0.0224644939281245
100,30,30,Agglomerative,4.76,0.197309417040359,0.0269058295964126
100,30,30,Agglomerative,4.77,0.336690647482014,0.0212686985598482
100,30,30,Agglomerative,4.78,0.420833333333333,0.0252940525549032
100,30,30,Agglomerative,4.79,0.567204301075269,0.0245885712079073
100,30,30,Agglomerative,4.81,0.824427480916031,0.0203880159023004
100,30,30,Agglomerative,4.82,0.902777777777776,0.0132830843262439
100,30,30,Agglomerative,4.83,0.954941860465116,0.00899174807366678
100,30,30,Agglomerative,4.84,0.980769230769227,0.00622669351733383
100,30,30,Agglomerative,4.85,0.984354628422426,0.00558245657482182
100,30,30,Agglomerative,4.86,0.990543735224586,0.00450104793490768
100,30,30,Agglomerative,4.87,0.99480519480518,0.00314250090923257
100,30,30,Agglomerative,4.88,1,0
100,30,30,Agglomerative,4.9,1,0
100,30,30,Agglomerative,4.93,1,0
50,30,30,Agglomerative,4.67,0,0
50,30,30,Agglomerative,4.7,0,0
50,30,30,Agglomerative,4.72,0.00711743772241993,0.00533807829181495
50,30,30,Agglomerative,4.73,0.0180878552971575,0.0054579726566273
50,30,30,Agglomerative,4.74,0.0587262200165426,0.00891357955434693
50,30,30,Agglomerative,4.75,0.113707165109034,0.0180980530196608
50,30,30,Agglomerative,4.76,0.192452830188679,0.0148166276596098
50,30,30,Agglomerative,4.77,0.324904214559382,0.0130707730075061
50,30,30,Agglomerative,4.78,0.470138888888889,0.03125
50,30,30,Agglomerative,4.79,0.644366197183091,0.0153938663924859
50,30,30,Agglomerative,4.81,0.88343949044586,0.0146496815286624
50,30,30,Agglomerative,4.82,0.947331947331952,0.00680300892281646
50,30,30,Agglomerative,4.83,0.970764119601325,0.00542203420249676
50,30,30,Agglomerative,4.84,0.986013986013986,0.00354473340926468
50,30,30,Agglomerative,4.85,0.994174757281552,0.00228182388890487
50,30,30,Agglomerative,4.86,0.997638724911451,0.00131999290289249
50,30,30,Agglomerative,4.87,0.998800959232614,0.00119904076738608
50,30,30,Agglomerative,4.88,1,0
50,30,30,Agglomerative,4.9,1,0
50,30,30,Agglomerative,4.93,1,0
5000,30,30,Spectral,4.67,0,0
5000,30,30,Spectral,4.7,0,0
5000,30,30,Spectral,4.72,0.714285714285714,0.184427778390829
5000,30,30,Spectral,4.73,1,0
5000,30,30,Spectral,4.74,0.9,0.1
5000,30,30,Spectral,4.75,1,0
5000,30,30,Spectral,4.76,1,0
5000,30,30,Spectral,4.77,1,0
5000,30,30,Spectral,4.78,1,0
5000,30,30,Spectral,4.79,1,0
5000,30,30,Spectral,4.81,1,0
5000,30,30,Spectral,4.82,1,0
5000,30,30,Spectral,4.83,1,0
5000,30,30,Spectral,4.84,1,0
5000,30,30,Spectral,4.85,1,0
5000,30,30,Spectral,4.86,1,0
5000,30,30,Spectral,4.87,1,0
5000,30,30,Spectral,4.88,1,0
5000,30,30,Spectral,4.9,1,0
5000,30,30,Spectral,4.93,1,0
1000,30,30,Spectral,4.67,0,0
1000,30,30,Spectral,4.7,0,0
1000,30,30,Spectral,4.72,0,0
1000,30,30,Spectral,4.73,0.0666666666666671,0.0463205555853101
1000,30,30,Spectral,4.74,0.0483870967741936,0.0483870967741936
1000,30,30,Spectral,4.75,0.265625,0.140625
1000,30,30,Spectral,4.76,0.515151515151515,0.118337116301616
1000,30,30,Spectral,4.77,0.825396825396824,0.0664015894074663
1000,30,30,Spectral,4.78,0.875,0.0529574091085203
1000,30,30,Spectral,4.79,0.947368421052636,0.036709780655943
1000,30,30,Spectral,4.81,0.975,0.025
1000,30,30,Spectral,4.82,1,0
1000,30,30,Spectral,4.83,1,0
1000,30,30,Spectral,4.84,1,0
1000,30,30,Spectral,4.85,1,0
1000,30,30,Spectral,4.86,1,0
1000,30,30,Spectral,4.87,1,0
1000,30,30,Spectral,4.88,1,0
1000,30,30,Spectral,4.9,1,0
1000,30,30,Spectral,4.93,1,0
500,30,30,Spectral,4.67,0,0
500,30,30,Spectral,4.7,0,0
500,30,30,Spectral,4.72,0.0175438596491228,0.0175438596491228
500,30,30,Spectral,4.73,0.0847457627118644,0.0365692348590547
500,30,30,Spectral,4.74,0.174603174603169,0.0482127185103261
500,30,30,Spectral,4.75,0.476923076923077,0.0624333964644151
500,30,30,Spectral,4.76,0.75,0.0602265069787145
500,30,30,Spectral,4.77,0.9,0.0361157559257306
500,30,30,Spectral,4.78,0.958904109589049,0.0233948647624647
500,30,30,Spectral,4.79,1,0
500,30,30,Spectral,4.81,1,0
500,30,30,Spectral,4.82,1,0
500,30,30,Spectral,4.83,1,0
500,30,30,Spectral,4.84,1,0
500,30,30,Spectral,4.85,1,0
500,30,30,Spectral,4.86,1,0
500,30,30,Spectral,4.87,1,0
500,30,30,Spectral,4.88,1,0
500,30,30,Spectral,4.9,1,0
500,30,30,Spectral,4.93,1,0
250,30,30,Spectral,4.67,0,0
250,30,30,Spectral,4.7,0,0
250,30,30,Spectral,4.72,0.0324675324675325,0.0141326542229223
250,30,30,Spectral,4.73,0.11063829787234,0.0370970122854525
250,30,30,Spectral,4.74,0.265060240963855,0.0335671280603113
250,30,30,Spectral,4.75,0.6015625,0.0504294706537424
250,30,30,Spectral,4.76,0.825870646766155,0.0268617627299635
250,30,30,Spectral,4.77,0.919047619047604,0.0229378033882819
250,30,30,Spectral,4.78,0.984536082474227,0.00883460644381584
250,30,30,Spectral,4.79,0.996515679442504,0.00348432055749128
250,30,30,Spectral,4.81,1,0
250,30,30,Spectral,4.82,1,0
250,30,30,Spectral,4.83,1,0
250,30,30,Spectral,4.84,1,0
250,30,30,Spectral,4.85,1,0
250,30,30,Spectral,4.86,1,0
250,30,30,Spectral,4.87,1,0
250,30,30,Spectral,4.88,1,0
250,30,30,Spectral,4.9,1,0
250,30,30,Spectral,4.93,1,0
100,30,30,Spectral,4.67,0,0
100,30,30,Spectral,4.7,0,0
100,30,30,Spectral,4.72,0.0535714285714286,0.0118450885369836
100,30,30,Spectral,4.73,0.149659863945578,0.0199301540036813
100,30,30,Spectral,4.74,0.393772893772894,0.0229030474529997
100,30,30,Spectral,4.75,0.679012345679012,0.0210774980344168
100,30,30,Spectral,4.76,0.881458966565348,0.0194075342244069
100,30,30,Spectral,4.77,0.957767722473592,0.00862988211921038
100,30,30,Spectral,4.78,0.992150706436411,0.00343141733349135
100,30,30,Spectral,4.79,1,0
100,30,30,Spectral,4.81,1,0
100,30,30,Spectral,4.82,1,0
100,30,30,Spectral,4.83,1,0
100,30,30,Spectral,4.84,1,0
100,30,30,Spectral,4.85,1,0
100,30,30,Spectral,4.86,1,0
100,30,30,Spectral,4.87,1,0
100,30,30,Spectral,4.88,1,0
100,30,30,Spectral,4.9,1,0
100,30,30,Spectral,4.93,1,0
50,30,30,Spectral,4.67,0,0
50,30,30,Spectral,4.7,0.00107526881720432,0.0010752688172043
50,30,30,Spectral,4.72,0.0985663082437284,0.0110691194026396
50,30,30,Spectral,4.73,0.258723404255319,0.019425893124278
50,30,30,Spectral,4.74,0.534789644012945,0.019128787083393
50,30,30,Spectral,4.75,0.802180685358255,0.0124610591900312
50,30,30,Spectral,4.76,0.934586466165414,0.00765918673031992
50,30,30,Spectral,4.77,0.981281497480201,0.00472097805925268
50,30,30,Spectral,4.78,0.998611111111111,0.00138888888888893
50,30,30,Spectral,4.79,1,0
50,30,30,Spectral,4.81,1,0
50,30,30,Spectral,4.82,1,0
50,30,30,Spectral,4.83,1,0
50,30,30,Spectral,4.84,1,0
50,30,30,Spectral,4.85,1,0
50,30,30,Spectral,4.86,1,0
50,30,30,Spectral,4.87,1,0
50,30,30,Spectral,4.88,1,0
50,30,30,Spectral,4.9,1,0
50,30,30,Spectral,4.93,1,0
5000,30,30,GaussianMixture,4.67,6.58878945435125E-19,5.76916203580019E-19
5000,30,30,GaussianMixture,4.7,1.41706367193066E-11,1.41706225662379E-11
5000,30,30,GaussianMixture,4.72,6.52592954053752E-08,5.89599552621054E-08
5000,30,30,GaussianMixture,4.73,0.000562441293374037,0.000562436908251751
5000,30,30,GaussianMixture,4.74,3.10886115595075E-05,3.08479689016444E-05
5000,30,30,GaussianMixture,4.75,0.128061909822357,0.124586197045025
5000,30,30,GaussianMixture,4.76,0.00132314962960331,0.00129960304882976
5000,30,30,GaussianMixture,4.77,0.118021775058261,0.11789921223819
5000,30,30,GaussianMixture,4.78,0.253852705127983,0.156992313544561
5000,30,30,GaussianMixture,4.79,0.489101719538121,0.18487528626209
5000,30,30,GaussianMixture,4.81,0.699014069780811,0.167502898453692
5000,30,30,GaussianMixture,4.82,0.865472623356752,0.120650834210078
5000,30,30,GaussianMixture,4.83,0.942639698491943,0.0544192314674353
5000,30,30,GaussianMixture,4.84,0.894664264955839,0.103876876820872
5000,30,30,GaussianMixture,4.85,0.971079407455324,0.0281289463074761
5000,30,30,GaussianMixture,4.86,0.836626133943419,0.112544880491378
5000,30,30,GaussianMixture,4.87,0.899885326504089,0.0998827294622394
5000,30,30,GaussianMixture,4.88,0.94001938263172,0.0586368570993357
5000,30,30,GaussianMixture,4.9,0.999930103341293,6.63756476484894E-05
5000,30,30,GaussianMixture,4.93,0.999192586925339,0.00080658944633593
1000,30,30,GaussianMixture,4.67,1.10551577555568E-18,5.99904654608476E-19
1000,30,30,GaussianMixture,4.7,2.43707150780438E-10,2.40934031268524E-10
1000,30,30,GaussianMixture,4.72,3.37785603165571E-06,3.36519967547998E-06
1000,30,30,GaussianMixture,4.73,0.000160507382491423,0.000152340719118512
1000,30,30,GaussianMixture,4.74,9.08798812108309E-05,9.05747632044261E-05
1000,30,30,GaussianMixture,4.75,0.0290827698765666,0.028300292802006
1000,30,30,GaussianMixture,4.76,0.0455133881990879,0.0419469121639922
1000,30,30,GaussianMixture,4.77,0.0718473653189899,0.0397681846494273
1000,30,30,GaussianMixture,4.78,0.132637213816542,0.0475185958941445
1000,30,30,GaussianMixture,4.79,0.242557983613352,0.0639953124767731
1000,30,30,GaussianMixture,4.81,0.444615166771563,0.0748471981240794
1000,30,30,GaussianMixture,4.82,0.616779247606092,0.0645898310699805
1000,30,30,GaussianMixture,4.83,0.651866230537283,0.063890459296717
1000,30,30,GaussianMixture,4.84,0.738847520950234,0.0559642443603966
1000,30,30,GaussianMixture,4.85,0.782429060093925,0.0573345048706067
1000,30,30,GaussianMixture,4.86,0.799028885205007,0.0508408141244179
1000,30,30,GaussianMixture,4.87,0.87697723208343,0.0429841667779619
1000,30,30,GaussianMixture,4.88,0.884655072121421,0.0355984974289932
1000,30,30,GaussianMixture,4.9,0.949818842899194,0.0275462827164874
1000,30,30,GaussianMixture,4.93,0.95305379590832,0.0250097520658614
500,30,30,GaussianMixture,4.67,4.56556150716285E-15,4.35480546989238E-15
500,30,30,GaussianMixture,4.7,1.03872883409867E-09,8.38824117291849E-10
500,30,30,GaussianMixture,4.72,0.000125183781571216,0.000119084330015129
500,30,30,GaussianMixture,4.73,0.00205799757952394,0.00188113735027481
500,30,30,GaussianMixture,4.74,0.00351811481302546,0.00317403681015056
500,30,30,GaussianMixture,4.75,0.0332503911615008,0.0212044046264584
500,30,30,GaussianMixture,4.76,0.0807883627983787,0.0399507492495004
500,30,30,GaussianMixture,4.77,0.104702353032397,0.0326068464112033
500,30,30,GaussianMixture,4.78,0.15868077517864,0.0373345431848063
500,30,30,GaussianMixture,4.79,0.270482295551993,0.0472846131059483
500,30,30,GaussianMixture,4.81,0.486190742114345,0.0472146098250149
500,30,30,GaussianMixture,4.82,0.630779282021269,0.0459871070297283
500,30,30,GaussianMixture,4.83,0.743387952156118,0.0408369922681256
500,30,30,GaussianMixture,4.84,0.750999003641285,0.0372755844082673
500,30,30,GaussianMixture,4.85,0.812922005928202,0.0363861006678119
500,30,30,GaussianMixture,4.86,0.849544965532586,0.0316897226214847
500,30,30,GaussianMixture,4.87,0.868621649054028,0.0295395973622645
500,30,30,GaussianMixture,4.88,0.886939099107151,0.0327843240433465
500,30,30,GaussianMixture,4.9,0.93614375111462,0.0221310102649048
500,30,30,GaussianMixture,4.93,0.97332104633414,0.0132442194916261
5000,30,30,MeanShift,4.67,0,0
5000,30,30,MeanShift,4.7,0,0
5000,30,30,MeanShift,4.72,0,0
5000,30,30,MeanShift,4.73,0,0
5000,30,30,MeanShift,4.74,0,0
5000,30,30,MeanShift,4.75,0,0
5000,30,30,MeanShift,4.76,0,0
5000,30,30,MeanShift,4.77,0,0
5000,30,30,MeanShift,4.78,0,0
5000,30,30,MeanShift,4.79,0,0
5000,30,30,MeanShift,4.81,0,0
5000,30,30,MeanShift,4.82,0,0
5000,30,30,MeanShift,4.83,0,0
5000,30,30,MeanShift,4.84,0,0
5000,30,30,MeanShift,4.85,0,0
5000,30,30,MeanShift,4.86,0.0588235294117647,0.0588235294117647
5000,30,30,MeanShift,4.87,0,0
5000,30,30,MeanShift,4.88,0.1,0.1
5000,30,30,MeanShift,4.9,0.0769230769230769,0.0769230769230769
5000,30,30,MeanShift,4.93,0.166666666666667,0.166666666666667
1000,30,30,MeanShift,4.67,0,0
1000,30,30,MeanShift,4.7,0,0
1000,30,30,MeanShift,4.72,0,0
1000,30,30,MeanShift,4.73,0,0
1000,30,30,MeanShift,4.74,0,0
1000,30,30,MeanShift,4.75,0,0
1000,30,30,MeanShift,4.76,0,0
1000,30,30,MeanShift,4.77,0,0
1000,30,30,MeanShift,4.78,0,0
1000,30,30,MeanShift,4.79,0,0
1000,30,30,MeanShift,4.81,0,0
1000,30,30,MeanShift,4.82,0,0
1000,30,30,MeanShift,4.83,0,0
1000,30,30,MeanShift,4.84,0.0151515151515152,0.0151515151515152
1000,30,30,MeanShift,4.85,0,0
1000,30,30,MeanShift,4.86,0,0
1000,30,30,MeanShift,4.87,0,0
1000,30,30,MeanShift,4.88,0.0425531914893617,0.0297607917523504
1000,30,30,MeanShift,4.9,0.0217391304347823,0.0217391304347826
1000,30,30,MeanShift,4.93,0.0555555555555555,0.0351364184463153
500,30,30,MeanShift,4.67,0,0
500,30,30,MeanShift,4.7,0,0
500,30,30,MeanShift,4.72,0,0
500,30,30,MeanShift,4.73,0,0
500,30,30,MeanShift,4.74,0,0
500,30,30,MeanShift,4.75,0,0
500,30,30,MeanShift,4.76,0,0
500,30,30,MeanShift,4.77,0,0
500,30,30,MeanShift,4.78,0,0
500,30,30,MeanShift,4.79,0,0
500,30,30,MeanShift,4.81,0,0
500,30,30,MeanShift,4.82,0,0
500,30,30,MeanShift,4.83,0,0
500,30,30,MeanShift,4.84,0.0114942528735632,0.0114942528735632
500,30,30,MeanShift,4.85,0.0128205128205126,0.0128205128205128
500,30,30,MeanShift,4.86,0,0
500,30,30,MeanShift,4.87,0,0
500,30,30,MeanShift,4.88,0.0322580645161297,0.0184206529264568
500,30,30,MeanShift,4.9,0.0166666666666667,0.0117851130197758
500,30,30,MeanShift,4.93,0.0489130434782609,0.0380434782608696
5000,30,30,Birch,4.67,0,0
5000,30,30,Birch,4.7,0,0
5000,30,30,Birch,4.72,0,0
5000,30,30,Birch,4.73,0,0
5000,30,30,Birch,4.74,0,0
5000,30,30,Birch,4.75,0.125,0.125
5000,30,30,Birch,4.76,0,0
5000,30,30,Birch,4.77,0.125,0.125
5000,30,30,Birch,4.78,0.0769230769230769,0.0769230769230769
5000,30,30,Birch,4.79,0.5,0.188982236504614
5000,30,30,Birch,4.81,0.625,0.25
5000,30,30,Birch,4.82,1,0
5000,30,30,Birch,4.83,1,0
5000,30,30,Birch,4.84,0.888888888888889,0.111111111111111
5000,30,30,Birch,4.85,1,0
5000,30,30,Birch,4.86,0.875,0.125
5000,30,30,Birch,4.87,0.888888888888889,0.111111111111111
5000,30,30,Birch,4.88,1,0
5000,30,30,Birch,4.9,1,0
5000,30,30,Birch,4.93,1,0
1000,30,30,Birch,4.67,0,0
1000,30,30,Birch,4.7,0,0
1000,30,30,Birch,4.72,0,0
1000,30,30,Birch,4.73,0,0
1000,30,30,Birch,4.74,0.0625,0.0434755214775158
1000,30,30,Birch,4.75,0.181818181818182,0.0681818181818182
1000,30,30,Birch,4.76,0.15625,0.09375
1000,30,30,Birch,4.77,0.202898550724638,0.0766884437989736
1000,30,30,Birch,4.78,0.416666666666667,0.0867360833110889
1000,30,30,Birch,4.79,0.578947368421053,0.0811683790480065
1000,30,30,Birch,4.81,0.805555555555556,0.0655663160391202
1000,30,30,Birch,4.82,0.945945945945954,0.037687388582616
1000,30,30,Birch,4.83,0.934210526315789,0.0657894736842105
1000,30,30,Birch,4.84,0.909090909090909,0.0438402565609466
1000,30,30,Birch,4.85,0.983606557377049,0.0163934426229509
1000,30,30,Birch,4.86,0.953488372093037,0.0324947967909662
1000,30,30,Birch,4.87,0.957446808510628,0.0297607917523504
1000,30,30,Birch,4.88,0.966666666666667,0.0333333333333333
1000,30,30,Birch,4.9,0.978260869565247,0.0217391304347826
1000,30,30,Birch,4.93,1,0
500,30,30,Birch,4.67,0,0
500,30,30,Birch,4.7,0,0
500,30,30,Birch,4.72,0.0350877192982456,0.0245882416921661
500,30,30,Birch,4.73,0.0446428571428571,0.0262850025783567
500,30,30,Birch,4.74,0.0476190476190476,0.0270458016308126
500,30,30,Birch,4.75,0.181818181818182,0.047839528325838
500,30,30,Birch,4.76,0.185714285714286,0.0468151607110839
500,30,30,Birch,4.77,0.41304347826087,0.0652173913043478
500,30,30,Birch,4.78,0.479452054794521,0.0588757851973864
500,30,30,Birch,4.79,0.639999999999992,0.0557988665970336
500,30,30,Birch,4.81,0.782051282051282,0.0500657030506836
500,30,30,Birch,4.82,0.930555555555556,0.0272772362794991
500,30,30,Birch,4.83,0.974025974025974,0.0182451781476952
500,30,30,Birch,4.84,0.965116279069768,0.0232558139534884
500,30,30,Birch,4.85,0.976470588235266,0.0165384755396365
500,30,30,Birch,4.86,1,0
500,30,30,Birch,4.87,0.987878787878788,0.0121212121212121
500,30,30,Birch,4.88,1,0
500,30,30,Birch,4.9,1,0
500,30,30,Birch,4.93,1,0
250,30,30,Birch,4.67,0,0
250,30,30,Birch,4.7,0,0
250,30,30,Birch,4.72,0.0131578947368421,0.00924180153759012
250,30,30,Birch,4.73,0.0446428571428571,0.0190211297034701
250,30,30,Birch,4.74,0.069264069264069,0.0197432974043141
250,30,30,Birch,4.75,0.192156862745098,0.0612568602031895
250,30,30,Birch,4.76,0.288888888888889,0.0361866587056026
250,30,30,Birch,4.77,0.404255319148941,0.0372626291543725
250,30,30,Birch,4.78,0.675324675324701,0.0320047522803782
250,30,30,Birch,4.79,0.694999999999967,0.0340046045604581
250,30,30,Birch,4.81,0.870967741935484,0.0222323366969197
250,30,30,Birch,4.82,0.942176870748299,0.0238095238095238
250,30,30,Birch,4.83,0.966996699669967,0.0183754599433334
250,30,30,Birch,4.84,0.98546511627907,0.00872093023255816
250,30,30,Birch,4.85,0.993311036789296,0.00668896321070237
250,30,30,Birch,4.86,0.996124031007733,0.00387596899224805
250,30,30,Birch,4.87,0.996031746031755,0.00396825396825402
250,30,30,Birch,4.88,1,0
250,30,30,Birch,4.9,1,0
250,30,30,Birch,4.93,1,0
100,30,30,Birch,4.67,0,0
100,30,30,Birch,4.7,0,0
100,30,30,Birch,4.72,0.00711743772241993,0.00711743772241993
100,30,30,Birch,4.73,0.0104166666666667,0.00505282552159027
100,30,30,Birch,4.74,0.0457875457875458,0.00883796219469101
100,30,30,Birch,4.75,0.110591900311526,0.0224644939281245
100,30,30,Birch,4.76,0.197309417040359,0.0269058295964126
100,30,30,Birch,4.77,0.336690647482014,0.0212686985598482
100,30,30,Birch,4.78,0.420833333333333,0.0252940525549032
100,30,30,Birch,4.79,0.567204301075269,0.0245885712079073
100,30,30,Birch,4.81,0.824427480916031,0.0203880159023004
100,30,30,Birch,4.82,0.902777777777776,0.0132830843262439
100,30,30,Birch,4.83,0.954941860465116,0.00899174807366678
100,30,30,Birch,4.84,0.980769230769227,0.00622669351733383
100,30,30,Birch,4.85,0.984354628422426,0.00558245657482182
100,30,30,Birch,4.86,0.990543735224586,0.00450104793490768
100,30,30,Birch,4.87,0.99480519480518,0.00314250090923257
100,30,30,Birch,4.88,1,0
100,30,30,Birch,4.9,1,0
100,30,30,Birch,4.93,1,0
50,30,30,Birch,4.67,0,0
50,30,30,Birch,4.7,0,0
50,30,30,Birch,4.72,0.00711743772241993,0.00533807829181495
50,30,30,Birch,4.73,0.0180878552971575,0.0054579726566273
50,30,30,Birch,4.74,0.0587262200165426,0.00891357955434693
50,30,30,Birch,4.75,0.113707165109034,0.0180980530196608
50,30,30,Birch,4.76,0.192452830188679,0.0148166276596098
50,30,30,Birch,4.77,0.324904214559382,0.0130707730075061
50,30,30,Birch,4.78,0.470138888888889,0.03125
50,30,30,Birch,4.79,0.644366197183091,0.0153938663924859
50,30,30,Birch,4.81,0.88343949044586,0.0146496815286624
50,30,30,Birch,4.82,0.947331947331952,0.00680300892281646
50,30,30,Birch,4.83,0.970764119601325,0.00542203420249676
50,30,30,Birch,4.84,0.986013986013986,0.00354473340926468
50,30,30,Birch,4.85,0.994174757281552,0.00228182388890487
50,30,30,Birch,4.86,0.997638724911451,0.00131999290289249
50,30,30,Birch,4.87,0.998800959232614,0.00119904076738608
50,30,30,Birch,4.88,1,0
50,30,30,Birch,4.9,1,0
50,30,30,Birch,4.93,1,0
5000,30,30,BayesianGMM,4.67,8.58972260777777E-17,8.41940321174275E-17
5000,30,30,BayesianGMM,4.7,1.0254593360103E-10,1.0254591005919E-10
5000,30,30,BayesianGMM,4.72,7.46781705210875E-07,7.06828458966153E-07
5000,30,30,BayesianGMM,4.73,0.000795677835295799,0.000552091286230958
5000,30,30,BayesianGMM,4.74,0.000367612153423174,0.00036719723313166
5000,30,30,BayesianGMM,4.75,0.167539294369618,0.166364802961798
5000,30,30,BayesianGMM,4.76,0.140975699149541,0.140919777078438
5000,30,30,BayesianGMM,4.77,0.125148901064936,0.124978760080623
5000,30,30,BayesianGMM,4.78,0.262223021969018,0.153268535564473
5000,30,30,BayesianGMM,4.79,0.510785960468075,0.203222810144625
5000,30,30,BayesianGMM,4.81,0.776993256196673,0.144961889142951
5000,30,30,BayesianGMM,4.82,0.998707567243519,0.000811835472249445
5000,30,30,BayesianGMM,4.83,0.932372541289365,0.0669502923417339
5000,30,30,BayesianGMM,4.84,0.905711470891847,0.0940515505189672
5000,30,30,BayesianGMM,4.85,0.998382050659119,0.00153172049530181
5000,30,30,BayesianGMM,4.86,0.873065544650145,0.109142408459413
5000,30,30,BayesianGMM,4.87,0.914424248588082,0.0855671924312443
5000,30,30,BayesianGMM,4.88,0.941114653156476,0.058694481195461
5000,30,30,BayesianGMM,4.9,0.999999911630292,6.33753944869889E-08
5000,30,30,BayesianGMM,4.93,0.99995867330927,4.13246052935003E-05
1000,30,30,BayesianGMM,4.67,2.86811897451948E-19,1.58084804985445E-19
1000,30,30,BayesianGMM,4.7,1.56130411138255E-10,1.5499987374999E-10
1000,30,30,BayesianGMM,4.72,3.57704947675634E-06,3.5706513714199E-06
1000,30,30,BayesianGMM,4.73,0.000101679487036212,9.83010976181925E-05
1000,30,30,BayesianGMM,4.74,5.85681583397179E-05,5.83478003272441E-05
1000,30,30,BayesianGMM,4.75,0.0280740204804903,0.0273109348673321
1000,30,30,BayesianGMM,4.76,0.0448759043917241,0.0411989397869933
1000,30,30,BayesianGMM,4.77,0.0679074486244225,0.0391982015599661
1000,30,30,BayesianGMM,4.78,0.127105449805119,0.0458619320945809
1000,30,30,BayesianGMM,4.79,0.231654282159,0.0628439636701372
1000,30,30,BayesianGMM,4.81,0.441191545654342,0.0773930250403106
1000,30,30,BayesianGMM,4.82,0.606514129855233,0.065203355432204
1000,30,30,BayesianGMM,4.83,0.643224771868397,0.0649837309655415
1000,30,30,BayesianGMM,4.84,0.732736921815772,0.0567863488445721
1000,30,30,BayesianGMM,4.85,0.776836979244364,0.058281484452641
1000,30,30,BayesianGMM,4.86,0.79685076691737,0.0508727606634555
1000,30,30,BayesianGMM,4.87,0.879645775820377,0.0431690515998783
1000,30,30,BayesianGMM,4.88,0.884304274549283,0.036164105936507
1000,30,30,BayesianGMM,4.9,0.952610473344193,0.0261180376580294
1000,30,30,BayesianGMM,4.93,0.951891982619023,0.0251662623994641
5000,20,20,KMeans,4.67,0.333333333333333,0.192450089729875
5000,20,20,KMeans,4.7,0.2,0.2
5000,20,20,KMeans,4.72,0.285714285714286,0.184427778390829
5000,20,20,KMeans,4.73,0.333333333333333,0.210818510677892
5000,20,20,KMeans,4.74,0.416666666666667,0.209717623201965
5000,20,20,KMeans,4.75,0.416666666666667,0.25
5000,20,20,KMeans,4.76,0.166666666666667,0.166666666666667
5000,20,20,KMeans,4.77,0.375,0.18298126367785
5000,20,20,KMeans,4.78,0.5,0.188982236504614
5000,20,20,KMeans,4.79,0.375,0.18298126367785
5000,20,20,KMeans,4.81,0.333333333333333,0.166666666666667
5000,20,20,KMeans,4.82,0.5,0.188982236504614
5000,20,20,KMeans,4.83,0.666666666666666,0.192450089729875
5000,20,20,KMeans,4.84,0.555555555555556,0.175682092231577
5000,20,20,KMeans,4.85,0.5625,0.1875
5000,20,20,KMeans,4.86,0.5,0.182574185835055
5000,20,20,KMeans,4.87,0.3125,0.1875
5000,20,20,KMeans,4.88,0.428571428571429,0.170034010203401
5000,20,20,KMeans,4.9,0.4,0.163299316185545
5000,20,20,KMeans,4.93,0.5,0.166666666666667
1000,20,20,KMeans,4.67,0.520833333333339,0.0728691587888902
1000,20,20,KMeans,4.7,0.384615384615383,0.0973008510821041
1000,20,20,KMeans,4.72,0.375,0.0892857142857143
1000,20,20,KMeans,4.73,0.456140350877193,0.12280701754386
1000,20,20,KMeans,4.74,0.625,0.0869510429550315
1000,20,20,KMeans,4.75,0.523809523809524,0.093007385350513
1000,20,20,KMeans,4.76,0.382352941176471,0.0845951444896062
1000,20,20,KMeans,4.77,0.420289855072464,0.101449275362319
1000,20,20,KMeans,4.78,0.513513513513513,0.0833028919320132
1000,20,20,KMeans,4.79,0.447368421052632,0.0817428262655419
1000,20,20,KMeans,4.81,0.416666666666668,0.078119738880091
1000,20,20,KMeans,4.82,0.542857142857142,0.0920292766194651
1000,20,20,KMeans,4.83,0.605263157894737,0.0789473684210527
1000,20,20,KMeans,4.84,0.477272727272727,0.07617047451458
1000,20,20,KMeans,4.85,0.592105263157895,0.0869483666736798
1000,20,20,KMeans,4.86,0.395348837209305,0.0754428408870481
1000,20,20,KMeans,4.87,0.5,0.0780868809443031
1000,20,20,KMeans,4.88,0.522727272727273,0.0871800102733607
1000,20,20,KMeans,4.9,0.455555555555556,0.0753592220347252
1000,20,20,KMeans,4.93,0.553191489361702,0.0733026284390658
500,20,20,KMeans,4.67,0.375661375661376,0.0559947367421077
500,20,20,KMeans,4.7,0.470588235294115,0.0705882352941175
500,20,20,KMeans,4.72,0.285714285714286,0.0892857142857143
500,20,20,KMeans,4.73,0.440677966101698,0.0651894978179886
500,20,20,KMeans,4.74,0.445378151260504,0.0724510765063169
500,20,20,KMeans,4.75,0.432,0.0649923072370877
500,20,20,KMeans,4.76,0.409090909090909,0.0694329650750885
500,20,20,KMeans,4.77,0.471428571428579,0.060094572022046
500,20,20,KMeans,4.78,0.410958904109589,0.0579836762520562
500,20,20,KMeans,4.79,0.35374149659864,0.080202898792868
500,20,20,KMeans,4.81,0.403846153846154,0.0867163414004403
500,20,20,KMeans,4.82,0.567567567567568,0.0579837747514308
500,20,20,KMeans,4.83,0.441176470588235,0.0578387232446775
500,20,20,KMeans,4.84,0.333333333333319,0.0508328567775347
500,20,20,KMeans,4.85,0.487179487179479,0.0569615539573317
500,20,20,KMeans,4.86,0.476744186046512,0.0541739211317815
500,20,20,KMeans,4.87,0.535714285714286,0.0547419455258104
500,20,20,KMeans,4.88,0.48,0.0635031736311225
500,20,20,KMeans,4.9,0.445652173913028,0.0521036913964712
500,20,20,KMeans,4.93,0.483870967741936,0.0521014743927257
250,20,20,KMeans,4.67,0.44836956521739,0.0360980317385883
250,20,20,KMeans,4.7,0.382352941176467,0.0420575495426445
250,20,20,KMeans,4.72,0.473684210526316,0.0387728202022252
250,20,20,KMeans,4.73,0.435897435897436,0.0598290598290598
250,20,20,KMeans,4.74,0.465020576131687,0.0405302790197371
250,20,20,KMeans,4.75,0.425641025641022,0.0376298977472799
250,20,20,KMeans,4.76,0.415730337078652,0.0514896145500656
250,20,20,KMeans,4.77,0.430851063829792,0.0343260969648564
250,20,20,KMeans,4.78,0.438144329896907,0.0368265210469978
250,20,20,KMeans,4.79,0.488,0.0357588293649417
250,20,20,KMeans,4.81,0.435714285714284,0.035048743810587
250,20,20,KMeans,4.82,0.414383561643836,0.0392966083973938
250,20,20,KMeans,4.83,0.439344262295082,0.0353125561123574
250,20,20,KMeans,4.84,0.507331378299121,0.0381907814571254
250,20,20,KMeans,4.85,0.427350427350436,0.0309549040769183
250,20,20,KMeans,4.86,0.405882352941176,0.056114070671585
250,20,20,KMeans,4.87,0.400000000000001,0.0373608529524332
250,20,20,KMeans,4.88,0.448179271708684,0.0364145658263305
250,20,20,KMeans,4.9,0.472527472527472,0.0364464262676417
250,20,20,KMeans,4.93,0.421383647798742,0.0358068059190299
100,20,20,KMeans,4.67,0.411324786324786,0.0218168566844681
100,20,20,KMeans,4.7,0.428,0.0261958436058513
100,20,20,KMeans,4.72,0.396797153024911,0.0480427046263345
100,20,20,KMeans,4.73,0.44253859348199,0.026727342958192
100,20,20,KMeans,4.74,0.450819672131148,0.0235987135319008
100,20,20,KMeans,4.75,0.454237288135593,0.0224613485663111
100,20,20,KMeans,4.76,0.48729446935725,0.0337896997173612
100,20,20,KMeans,4.77,0.452978056426329,0.0210339758182495
100,20,20,KMeans,4.78,0.458333333333333,0.021381672664362
100,20,20,KMeans,4.79,0.446236559139785,0.0348686069114862
100,20,20,KMeans,4.81,0.458333333333333,0.0220035208450253
100,20,20,KMeans,4.82,0.498633879781421,0.0389044559177545
100,20,20,KMeans,4.83,0.473684210526316,0.0250518852166576
100,20,20,KMeans,4.84,0.412865497076023,0.0273419174913707
100,20,20,KMeans,4.85,0.470284237726098,0.038522096940247
100,20,20,KMeans,4.86,0.478823529411765,0.0247058823529412
100,20,20,KMeans,4.87,0.5,0.0218575039231491
100,20,20,KMeans,4.88,0.463169642857143,0.0228532001442487
100,20,20,KMeans,4.9,0.415178571428572,0.0263102644799858
100,20,20,KMeans,4.93,0.451505016722406,0.0277389364114698
50,20,20,KMeans,4.67,0.530037214247741,0.021044843607538
50,20,20,KMeans,4.7,0.526679841897233,0.0221470296100319
50,20,20,KMeans,4.72,0.50311111111111,0.0239794150403844
50,20,20,KMeans,4.73,0.523850085178876,0.0298126064735945
50,20,20,KMeans,4.74,0.542880258899676,0.0176454560981182
50,20,20,KMeans,4.75,0.54453125,0.0188774500242921
50,20,20,KMeans,4.76,0.569184741959611,0.0219382493139815
50,20,20,KMeans,4.77,0.546176046176046,0.0192758461869579
50,20,20,KMeans,4.78,0.545138888888888,0.0194072064062252
50,20,20,KMeans,4.79,0.527100271002712,0.0202666673965438
50,20,20,KMeans,4.81,0.536989795918367,0.0178245746322289
50,20,20,KMeans,4.82,0.556539509536785,0.023841961852861
50,20,20,KMeans,4.83,0.556430446194226,0.020694446496089
50,20,20,KMeans,4.84,0.505827505827506,0.0289844463515852
50,20,20,KMeans,4.85,0.550096961861669,0.0212678524581282
50,20,20,KMeans,4.86,0.54673721340388,0.0219102235785823
50,20,20,KMeans,4.87,0.54921968787515,0.0175221451692702
50,20,20,KMeans,4.88,0.558035714285714,0.0334821428571428
50,20,20,KMeans,4.9,0.5534140969163,0.0238388610267852
50,20,20,KMeans,4.93,0.560457516339871,0.0311488989022068
10,20,20,KMeans,4.67,0.414574468085112,0.0117105763799107
10,20,20,KMeans,4.7,0.432330827067668,0.016329952322464
10,20,20,KMeans,4.72,0.426031294452347,0.0195590327169275
10,20,20,KMeans,4.73,0.442913050876297,0.0137615193095768
10,20,20,KMeans,4.74,0.454972465176546,0.0109341443150324
10,20,20,KMeans,4.75,0.457062850031114,0.0124455507156192
10,20,20,KMeans,4.76,0.466786355475763,0.0145922515323239
10,20,20,KMeans,4.77,0.469002306805076,0.013840830449827
10,20,20,KMeans,4.78,0.459583333333332,0.0127591598520717
10,20,20,KMeans,4.79,0.445938676707907,0.0156784202708872
10,20,20,KMeans,4.81,0.449707155589509,0.0203061075239753
10,20,20,KMeans,4.82,0.483866575901974,0.017580109945219
10,20,20,KMeans,4.83,0.48255966430632,0.0229455620644014
10,20,20,KMeans,4.84,0.428421787709497,0.0243526802529968
10,20,20,KMeans,4.85,0.455813953488372,0.0245780447480429
10,20,20,KMeans,4.86,0.469447708578143,0.0243243243243243
10,20,20,KMeans,4.87,0.47639072449838,0.0162896692840135
10,20,20,KMeans,4.88,0.467745535714286,0.0184364248185541
10,20,20,KMeans,4.9,0.435824175824176,0.0215760865955868
10,20,20,KMeans,4.93,0.458786428882127,0.026182850222085
1,20,20,KMeans,4.67,0.389117250315988,0.0148735368633287
1,20,20,KMeans,4.7,0.396525515743757,0.0169364367900539
1,20,20,KMeans,4.72,0.425475893969045,0.0125617079057519
1,20,20,KMeans,4.73,0.418390609050698,0.0154644436883294
1,20,20,KMeans,4.74,0.420592520641088,0.0158653067832281
1,20,20,KMeans,4.75,0.424947112991538,0.0132268867093066
1,20,20,KMeans,4.76,0.440513603304301,0.010789050720232
1,20,20,KMeans,4.77,0.440795246932229,0.0132285062125319
1,20,20,KMeans,4.78,0.432323569037599,0.0144601832522021
1,20,20,KMeans,4.79,0.417194326813202,0.0173907434484249
1,20,20,KMeans,4.81,0.445339851557626,0.0215320398019626
1,20,20,KMeans,4.82,0.458560827830347,0.0146662900651538
1,20,20,KMeans,4.83,0.444992134242265,0.015110244242441
1,20,20,KMeans,4.84,0.437356703094631,0.0389665190795141
1,20,20,KMeans,4.85,0.457121079014004,0.0182807090072865
1,20,20,KMeans,4.86,0.45838033464937,0.0272137619853356
1,20,20,KMeans,4.87,0.448583005658387,0.0341301428982449
1,20,20,KMeans,4.88,0.466477703878945,0.0204660090166495
1,20,20,KMeans,4.9,0.474545374681543,0.0227562613245922
1,20,20,KMeans,4.93,0.461842935125378,0.0348622257019203
5000,20,20,Agglomerative,4.67,0.428571428571428,0.170034010203401
5000,20,20,Agglomerative,4.7,0.833333333333333,0.166666666666667
5000,20,20,Agglomerative,4.72,0.5,0.215165741455968
5000,20,20,Agglomerative,4.73,0.666666666666667,0.210818510677892
5000,20,20,Agglomerative,4.74,0.428571428571429,0.202030508910442
5000,20,20,Agglomerative,4.75,0.416666666666667,0.209717623201965
5000,20,20,Agglomerative,4.76,0.583333333333333,0.25
5000,20,20,Agglomerative,4.77,0.375,0.18298126367785
5000,20,20,Agglomerative,4.78,0.5,0.223606797749979
5000,20,20,Agglomerative,4.79,0.333333333333333,0.235702260395516
5000,20,20,Agglomerative,4.81,0.416666666666667,0.200693242979872
5000,20,20,Agglomerative,4.82,0.375,0.18298126367785
5000,20,20,Agglomerative,4.83,0.25,0.163663417676994
5000,20,20,Agglomerative,4.84,0.333333333333333,0.166666666666667
5000,20,20,Agglomerative,4.85,0.2,0.115470053837925
5000,20,20,Agglomerative,4.86,0.7,0.152752523165195
5000,20,20,Agglomerative,4.87,0.333333333333333,0.210818510677892
5000,20,20,Agglomerative,4.88,0.5,0.176776695296637
5000,20,20,Agglomerative,4.9,0.599999999999999,0.163299316185545
5000,20,20,Agglomerative,4.93,0.5,0.166666666666667
1000,20,20,Agglomerative,4.67,0.0212765957446808,0.0212765957446808
1000,20,20,Agglomerative,4.7,0.153846153846154,0.072160242458822
1000,20,20,Agglomerative,4.72,0.2,0.0742781352708207
1000,20,20,Agglomerative,4.73,0.233333333333334,0.0785403232453173
1000,20,20,Agglomerative,4.74,0.166666666666667,0.0881917103688197
1000,20,20,Agglomerative,4.75,0.2,0.0730296743340221
1000,20,20,Agglomerative,4.76,0.352941176470588,0.0831890330807704
1000,20,20,Agglomerative,4.77,0.333333333333329,0.0796819072889596
1000,20,20,Agglomerative,4.78,0.26984126984127,0.0713403335055372
1000,20,20,Agglomerative,4.79,0.394736842105261,0.0803572542664568
1000,20,20,Agglomerative,4.81,0.525000000000004,0.0799639341780454
1000,20,20,Agglomerative,4.82,0.357142857142857,0.0903507902905251
1000,20,20,Agglomerative,4.83,0.428571428571429,0.0865042958313569
1000,20,20,Agglomerative,4.84,0.431818181818182,0.0755370292175288
1000,20,20,Agglomerative,4.85,0.45,0.0796627506815692
1000,20,20,Agglomerative,4.86,0.5625,0.0751156515721665
1000,20,20,Agglomerative,4.87,0.452380952380952,0.0777319387388095
1000,20,20,Agglomerative,4.88,0.444444444444444,0.0912870929175277
1000,20,20,Agglomerative,4.9,0.478260869565227,0.0744651163980586
1000,20,20,Agglomerative,4.93,0.48936170212766,0.073704289683782
500,20,20,Agglomerative,4.67,0.0222222222222222,0.0149822191658498
500,20,20,Agglomerative,4.7,0.0980392156862752,0.0420541384108377
500,20,20,Agglomerative,4.72,0.263157894736842,0.0588438941447313
500,20,20,Agglomerative,4.73,0.23728813559322,0.055860428949412
500,20,20,Agglomerative,4.74,0.222222222222219,0.052798995923499
500,20,20,Agglomerative,4.75,0.353846153846154,0.059770270261231
500,20,20,Agglomerative,4.76,0.318181818181818,0.0730579603105527
500,20,20,Agglomerative,4.77,0.428571428571425,0.05957554687345
500,20,20,Agglomerative,4.78,0.452054794520548,0.0586540300395668
500,20,20,Agglomerative,4.79,0.56,0.0577038103571135
500,20,20,Agglomerative,4.81,0.519230769230769,0.0838249796834745
500,20,20,Agglomerative,4.82,0.465753424657534,0.0684931506849315
500,20,20,Agglomerative,4.83,0.473333333333333,0.0578887822562464
500,20,20,Agglomerative,4.84,0.609195402298851,0.0526149200827251
500,20,20,Agglomerative,4.85,0.461538461538479,0.0568114573750767
500,20,20,Agglomerative,4.86,0.5,0.0542326144546638
500,20,20,Agglomerative,4.87,0.428571428571433,0.0543192214735266
500,20,20,Agglomerative,4.88,0.511111111111111,0.0529868059907346
500,20,20,Agglomerative,4.9,0.516483516483517,0.065934065934066
500,20,20,Agglomerative,4.93,0.505376344086011,0.0521255898646919
250,20,20,Agglomerative,4.67,0.0293333333333333,0.0133333333333333
250,20,20,Agglomerative,4.7,0.0696517412935323,0.032624072260209
250,20,20,Agglomerative,4.72,0.0584795321637427,0.0188849700174725
250,20,20,Agglomerative,4.73,0.107758620689655,0.0294602800835115
250,20,20,Agglomerative,4.74,0.150602409638556,0.0280826983888272
250,20,20,Agglomerative,4.75,0.0890688259109312,0.0222160291945402
250,20,20,Agglomerative,4.76,0.133333333333336,0.024733283866815
250,20,20,Agglomerative,4.77,0.144927536231884,0.0283752176919583
250,20,20,Agglomerative,4.78,0.163265306122449,0.0248871957502711
250,20,20,Agglomerative,4.79,0.166101694915254,0.0300339748248633
250,20,20,Agglomerative,4.81,0.224025974025974,0.0323374015532175
250,20,20,Agglomerative,4.82,0.306122448979592,0.0612244897959184
250,20,20,Agglomerative,4.83,0.256666666666667,0.0436399409308084
250,20,20,Agglomerative,4.84,0.296296296296296,0.034262146640472
250,20,20,Agglomerative,4.85,0.306666666666666,0.0352766841475279
250,20,20,Agglomerative,4.86,0.314705882352941,0.0441176470588235
250,20,20,Agglomerative,4.87,0.354354354354354,0.0572936457307475
250,20,20,Agglomerative,4.88,0.31830985915493,0.0360739393658189
250,20,20,Agglomerative,4.9,0.3344262295082,0.0287142741584411
250,20,20,Agglomerative,4.93,0.383152173913043,0.0407608695652174
100,20,20,Agglomerative,4.67,0.0849256900212314,0.0153101964987855
100,20,20,Agglomerative,4.7,0.11336032388664,0.0153632922761217
100,20,20,Agglomerative,4.72,0.224199288256228,0.0320284697508897
100,20,20,Agglomerative,4.73,0.237024221453287,0.0224830301355831
100,20,20,Agglomerative,4.74,0.284779050736498,0.0273131248253333
100,20,20,Agglomerative,4.75,0.320574162679426,0.0238435668065806
100,20,20,Agglomerative,4.76,0.325859491778774,0.0344770182202415
100,20,20,Agglomerative,4.77,0.337662337662338,0.0198379900214539
100,20,20,Agglomerative,4.78,0.330995792426367,0.0187215655672346
100,20,20,Agglomerative,4.79,0.342741935483871,0.0295480648385846
100,20,20,Agglomerative,4.81,0.390524967989757,0.0232668452107552
100,20,20,Agglomerative,4.82,0.400568181818187,0.0224739783219272
100,20,20,Agglomerative,4.83,0.387700534759358,0.0240641711229946
100,20,20,Agglomerative,4.84,0.383177570093458,0.0271327121934601
100,20,20,Agglomerative,4.85,0.388888888888889,0.0291199681384616
100,20,20,Agglomerative,4.86,0.420238095238095,0.0199487321855064
100,20,20,Agglomerative,4.87,0.416156670746634,0.0219181983167088
100,20,20,Agglomerative,4.88,0.417410714285714,0.0210579935983406
100,20,20,Agglomerative,4.9,0.421111111111112,0.0281767642065633
100,20,20,Agglomerative,4.93,0.468409586056645,0.0281279985483123
50,20,20,Agglomerative,4.67,0.0744284954811271,0.00807233171995774
50,20,20,Agglomerative,4.7,0.148258706467662,0.0149585038590776
50,20,20,Agglomerative,4.72,0.173007246376811,0.0148321456932678
50,20,20,Agglomerative,4.73,0.226027397260274,0.0154172995581134
50,20,20,Agglomerative,4.74,0.285714285714286,0.0160569373646729
50,20,20,Agglomerative,4.75,0.310747663551402,0.0195946193542198
50,20,20,Agglomerative,4.76,0.344360902255639,0.0191134596139726
50,20,20,Agglomerative,4.77,0.364357864357865,0.0162473888649846
50,20,20,Agglomerative,4.78,0.383275261324042,0.0161185135975197
50,20,20,Agglomerative,4.79,0.377688172043011,0.0254667947869575
50,20,20,Agglomerative,4.81,0.412666666666671,0.0187946065996934
50,20,20,Agglomerative,4.82,0.467983651226158,0.034741144414169
50,20,20,Agglomerative,4.83,0.457704918032787,0.0217631826560998
50,20,20,Agglomerative,4.84,0.404428904428904,0.0239914181970874
50,20,20,Agglomerative,4.85,0.450258397932816,0.0266976464079739
50,20,20,Agglomerative,4.86,0.460047003525264,0.0346650998824912
50,20,20,Agglomerative,4.87,0.464004839685422,0.0196934380364314
50,20,20,Agglomerative,4.88,0.455357142857143,0.0180191682117743
50,20,20,Agglomerative,4.9,0.407142857142857,0.0346153846153846
50,20,20,Agglomerative,4.93,0.433406113537118,0.0323509555453447
5000,20,20,Spectral,4.67,0.3,0.152752523165195
5000,20,20,Spectral,4.7,0.166666666666667,0.166666666666667
5000,20,20,Spectral,4.72,0.333333333333333,0.192450089729875
5000,20,20,Spectral,4.73,0.333333333333333,0.210818510677892
5000,20,20,Spectral,4.74,0.428571428571429,0.202030508910442
5000,20,20,Spectral,4.75,0.428571428571429,0.202030508910442
5000,20,20,Spectral,4.76,0.142857142857143,0.142857142857143
5000,20,20,Spectral,4.77,0.5,0.214285714285714
5000,20,20,Spectral,4.78,0.5,0.188982236504614
5000,20,20,Spectral,4.79,0.466666666666667,0.266666666666667
5000,20,20,Spectral,4.81,0.333333333333333,0.166666666666667
5000,20,20,Spectral,4.82,0.666666666666666,0.192450089729875
5000,20,20,Spectral,4.83,0.666666666666666,0.192450089729875
5000,20,20,Spectral,4.84,0.4375,0.1875
5000,20,20,Spectral,4.85,0.625,0.161374306091976
5000,20,20,Spectral,4.86,0.416666666666667,0.200693242979872
5000,20,20,Spectral,4.87,0.416666666666667,0.200693242979872
5000,20,20,Spectral,4.88,0.5,0.166666666666667
5000,20,20,Spectral,4.9,0.4,0.163299316185545
5000,20,20,Spectral,4.93,0.733333333333334,0.19436506316151
1000,20,20,Spectral,4.67,0.395833333333333,0.0713322023838231
1000,20,20,Spectral,4.7,0.62,0.101980390271856
1000,20,20,Spectral,4.72,0.482758620689657,0.0944349237077872
1000,20,20,Spectral,4.73,0.56666666666667,0.0920186554465536
1000,20,20,Spectral,4.74,0.4375,0.0890983056209046
1000,20,20,Spectral,4.75,0.433333333333333,0.128235893744476
1000,20,20,Spectral,4.76,0.470588235294118,0.0868881112795291
1000,20,20,Spectral,4.77,0.560606060606061,0.0849025801583145
1000,20,20,Spectral,4.78,0.541666666666667,0.0833333333333334
1000,20,20,Spectral,4.79,0.447368421052632,0.0817428262655419
1000,20,20,Spectral,4.81,0.4,0.0784464540552735
1000,20,20,Spectral,4.82,0.513513513513513,0.0833028919320132
1000,20,20,Spectral,4.83,0.410256410256412,0.0797934979708203
1000,20,20,Spectral,4.84,0.340909090909088,0.0722865876852504
1000,20,20,Spectral,4.85,0.444444444444442,0.0815332650783715
1000,20,20,Spectral,4.86,0.534883720930228,0.0769636782010812
1000,20,20,Spectral,4.87,0.619047619047619,0.0758412437505901
1000,20,20,Spectral,4.88,0.5,0.0745355992499929
1000,20,20,Spectral,4.9,0.54838709677419,0.0746131193949702
1000,20,20,Spectral,4.93,0.51063829787234,0.073704289683782
500,20,20,Spectral,4.67,0.25531914893617,0.0638297872340426
500,20,20,Spectral,4.7,0.383838383838384,0.069064617834229
500,20,20,Spectral,4.72,0.280701754385965,0.0600458573970473
500,20,20,Spectral,4.73,0.350877192982456,0.0788498422955938
500,20,20,Spectral,4.74,0.460317460317453,0.0632997599807333
500,20,20,Spectral,4.75,0.358333333333333,0.0679330478478553
500,20,20,Spectral,4.76,0.352941176470592,0.0583828975190388
500,20,20,Spectral,4.77,0.414285714285714,0.0593018636489526
500,20,20,Spectral,4.78,0.383561643835616,0.0573054812694573
500,20,20,Spectral,4.79,0.328947368421053,0.0542513898107586
500,20,20,Spectral,4.81,0.365384615384615,0.0800640769025436
500,20,20,Spectral,4.82,0.527027027027027,0.0584350171581655
500,20,20,Spectral,4.83,0.46,0.060882400303098
500,20,20,Spectral,4.84,0.333333333333319,0.0508328567775348
500,20,20,Spectral,4.85,0.435897435897436,0.0565100682071118
500,20,20,Spectral,4.86,0.4186046511628,0.0535091852684213
500,20,20,Spectral,4.87,0.488095238095252,0.0548665716302533
500,20,20,Spectral,4.88,0.451428571428571,0.0602037357305871
500,20,20,Spectral,4.9,0.333333333333338,0.049147318718299
500,20,20,Spectral,4.93,0.430107526881736,0.0516167989802918
250,20,20,Spectral,4.67,0.24468085106383,0.0425531914893617
250,20,20,Spectral,4.7,0.191176470588235,0.0347911928976017
250,20,20,Spectral,4.72,0.3125,0.0441941738241592
250,20,20,Spectral,4.73,0.297777777777778,0.0372985476640623
250,20,20,Spectral,4.74,0.337349397590361,0.0354522787848092
250,20,20,Spectral,4.75,0.297619047619048,0.0411245917715289
250,20,20,Spectral,4.76,0.284644194756554,0.0503881050452199
250,20,20,Spectral,4.77,0.338095238095238,0.0328766907574731
250,20,20,Spectral,4.78,0.335051546391753,0.0341515106706203
250,20,20,Spectral,4.79,0.415,0.0355725180498096
250,20,20,Spectral,4.81,0.333333333333331,0.03222048062169
250,20,20,Spectral,4.82,0.324324324324324,0.032110617631595
250,20,20,Spectral,4.83,0.341991341991346,0.0342957585900264
250,20,20,Spectral,4.84,0.391812865497076,0.0337209432592713
250,20,20,Spectral,4.85,0.309677419354839,0.0332117101322161
250,20,20,Spectral,4.86,0.326470588235294,0.0469053871133556
250,20,20,Spectral,4.87,0.320359281437126,0.0389221556886228
250,20,20,Spectral,4.88,0.349431818181818,0.0346111548427867
250,20,20,Spectral,4.9,0.390581717451523,0.034696757577204
250,20,20,Spectral,4.93,0.332307692307692,0.0328975458159124
100,20,20,Spectral,4.67,0.23804347826087,0.0182207115372176
100,20,20,Spectral,4.7,0.277227722772277,0.0280042289578831
100,20,20,Spectral,4.72,0.338709677419355,0.0233525679272572
100,20,20,Spectral,4.73,0.318027210884354,0.0296523737655828
100,20,20,Spectral,4.74,0.349514563106796,0.029126213592233
100,20,20,Spectral,4.75,0.400000000000002,0.0295468420142639
100,20,20,Spectral,4.76,0.414156626506024,0.0225329160598659
100,20,20,Spectral,4.77,0.412698412698412,0.0299748601411847
100,20,20,Spectral,4.78,0.421568627450979,0.0233229105476761
100,20,20,Spectral,4.79,0.412634408602151,0.0396676197940153
100,20,20,Spectral,4.81,0.425831202046034,0.020090087178631
100,20,20,Spectral,4.82,0.443989071038252,0.0235115600198534
100,20,20,Spectral,4.83,0.469444444444447,0.0200431305362117
100,20,20,Spectral,4.84,0.453271028037383,0.0380106988844624
100,20,20,Spectral,4.85,0.45899470899471,0.0241658098231706
100,20,20,Spectral,4.86,0.475294117647059,0.0201121423497397
100,20,20,Spectral,4.87,0.517199017199017,0.0215817649601391
100,20,20,Spectral,4.88,0.484375,0.0401785714285714
100,20,20,Spectral,4.9,0.504424778761062,0.0267585467617152
100,20,20,Spectral,4.93,0.530501089324617,0.0324634271681604
50,20,20,Spectral,4.67,0.638490164805954,0.0146271307732032
50,20,20,Spectral,4.7,0.636363636363636,0.0275264590458185
50,20,20,Spectral,4.72,0.588967971530249,0.0266903914590748
50,20,20,Spectral,4.73,0.626064735945486,0.0195911413969335
50,20,20,Spectral,4.74,0.629449838187702,0.0191230829571045
50,20,20,Spectral,4.75,0.640502354788069,0.0173366949681926
50,20,20,Spectral,4.76,0.656928838951311,0.0272868997754112
50,20,20,Spectral,4.77,0.637085137085135,0.0179115369614389
50,20,20,Spectral,4.78,0.630555555555555,0.0182468498887945
50,20,20,Spectral,4.79,0.610215053763441,0.0198633905396895
50,20,20,Spectral,4.81,0.627564102564103,0.0167785025446971
50,20,20,Spectral,4.82,0.656441717791411,0.0170279427359193
50,20,20,Spectral,4.83,0.639763779527559,0.0171902652870766
50,20,20,Spectral,4.84,0.599185573007563,0.0340997112036134
50,20,20,Spectral,4.85,0.62919896640827,0.0189580498589524
50,20,20,Spectral,4.86,0.623750734861846,0.0224324327199752
50,20,20,Spectral,4.87,0.64225690276111,0.0162129653715561
50,20,20,Spectral,4.88,0.645647321428571,0.02734375
50,20,20,Spectral,4.9,0.618942731277533,0.0235325243527857
50,20,20,Spectral,4.93,0.642116748499727,0.029468319636828
5000,20,20,GaussianMixture,4.67,4.72320404440978E-21,4.62958213267144E-21
5000,20,20,GaussianMixture,4.7,1.86741884626812E-13,1.86725112053672E-13
5000,20,20,GaussianMixture,4.72,1.86262371494302E-09,9.81465019245301E-10
5000,20,20,GaussianMixture,4.73,0.000245896531383692,0.000245896344556574
5000,20,20,GaussianMixture,4.74,1.38833727689922E-05,1.34294728906871E-05
5000,20,20,GaussianMixture,4.75,0.12433665996031,0.124122141301916
5000,20,20,GaussianMixture,4.76,0.000162651822613519,0.000136266336673926
5000,20,20,GaussianMixture,4.77,0.000319874398665972,0.000301835844718608
5000,20,20,GaussianMixture,4.78,0.196140578707441,0.191081901324885
5000,20,20,GaussianMixture,4.79,0.22425669923574,0.214459593039723
5000,20,20,GaussianMixture,4.81,0.654928374954417,0.158919477418125
5000,20,20,GaussianMixture,4.82,0.626555983627052,0.155792544144946
5000,20,20,GaussianMixture,4.83,0.967928836079891,0.0268995617079603
5000,20,20,GaussianMixture,4.84,0.798660977632342,0.134610043732462
5000,20,20,GaussianMixture,4.85,0.896078233180713,0.103349448695448
5000,20,20,GaussianMixture,4.86,0.765831311780249,0.126739657639424
5000,20,20,GaussianMixture,4.87,0.865159778202898,0.0923316108508276
5000,20,20,GaussianMixture,4.88,0.939643036269932,0.0585038217726364
5000,20,20,GaussianMixture,4.9,0.992011933330057,0.00767914595121027
5000,20,20,GaussianMixture,4.93,0.97275547010185,0.0272360686523813
1000,20,20,GaussianMixture,4.67,6.86362360331986E-20,4.47544609174993E-20
1000,20,20,GaussianMixture,4.7,1.59503599281907E-10,1.59358876879589E-10
1000,20,20,GaussianMixture,4.72,2.07907502715571E-08,1.50836964542147E-08
1000,20,20,GaussianMixture,4.73,1.37262807050563E-06,1.17833065373875E-06
1000,20,20,GaussianMixture,4.74,3.57309762545969E-06,3.00232813401173E-06
1000,20,20,GaussianMixture,4.75,0.0144086639937766,0.0132252289176031
1000,20,20,GaussianMixture,4.76,0.0433244965069795,0.0300036832240599
1000,20,20,GaussianMixture,4.77,0.0485181332898798,0.027344907883516
1000,20,20,GaussianMixture,4.78,0.142252924467917,0.0493813877893828
1000,20,20,GaussianMixture,4.79,0.217856308047758,0.0629384818078073
1000,20,20,GaussianMixture,4.81,0.461229773715549,0.0702940670365666
1000,20,20,GaussianMixture,4.82,0.656402718480806,0.0589994342451192
1000,20,20,GaussianMixture,4.83,0.732333616419781,0.0580435209359997
1000,20,20,GaussianMixture,4.84,0.779706524393736,0.0514503967050663
1000,20,20,GaussianMixture,4.85,0.782276898928437,0.0584207823862161
1000,20,20,GaussianMixture,4.86,0.84030191242515,0.0450460866185316
1000,20,20,GaussianMixture,4.87,0.900975627181556,0.0363934092461702
1000,20,20,GaussianMixture,4.88,0.918078412313654,0.0295433975125144
1000,20,20,GaussianMixture,4.9,0.959431961646944,0.0239686849928829
1000,20,20,GaussianMixture,4.93,0.970737851186857,0.022295542363656
500,20,20,GaussianMixture,4.67,2.74336193626578E-16,2.70066282650235E-16
500,20,20,GaussianMixture,4.7,1.37098362662251E-10,1.27589889849034E-10
500,20,20,GaussianMixture,4.72,1.55771815696661E-06,1.50351351247168E-06
500,20,20,GaussianMixture,4.73,2.97930897088197E-06,1.69485665131717E-06
500,20,20,GaussianMixture,4.74,0.000165586779098786,0.000157053733798703
500,20,20,GaussianMixture,4.75,0.01115340882762,0.0100599554432304
500,20,20,GaussianMixture,4.76,0.0355791763388026,0.0187821484960563
500,20,20,GaussianMixture,4.77,0.0681573850506083,0.027427871762259
500,20,20,GaussianMixture,4.78,0.122842450426923,0.0333329985757019
500,20,20,GaussianMixture,4.79,0.245030180767491,0.0453787207939107
500,20,20,GaussianMixture,4.81,0.510343194606771,0.0457861375829818
500,20,20,GaussianMixture,4.82,0.631613214825841,0.041826560264659
500,20,20,GaussianMixture,4.83,0.714073006943598,0.0505624221321774
500,20,20,GaussianMixture,4.84,0.795352276419533,0.0398919764089323
500,20,20,GaussianMixture,4.85,0.829432273520748,0.0330432810977876
500,20,20,GaussianMixture,4.86,0.889588406559294,0.0249681167253073
500,20,20,GaussianMixture,4.87,0.907703077307623,0.0236305857652803
500,20,20,GaussianMixture,4.88,0.915090897892629,0.0265015938791195
500,20,20,GaussianMixture,4.9,0.952087176847694,0.0187184181883469
500,20,20,GaussianMixture,4.93,0.979648909152823,0.011173241987774
5000,20,20,MeanShift,4.67,0,0
5000,20,20,MeanShift,4.7,0,0
5000,20,20,MeanShift,4.72,0,0
5000,20,20,MeanShift,4.73,0,0
5000,20,20,MeanShift,4.74,0,0
5000,20,20,MeanShift,4.75,0,0
5000,20,20,MeanShift,4.76,0,0
5000,20,20,MeanShift,4.77,0,0
5000,20,20,MeanShift,4.78,0,0
5000,20,20,MeanShift,4.79,0,0
5000,20,20,MeanShift,4.81,0,0
5000,20,20,MeanShift,4.82,0,0
5000,20,20,MeanShift,4.83,0,0
5000,20,20,MeanShift,4.84,0,0
5000,20,20,MeanShift,4.85,0,0
5000,20,20,MeanShift,4.86,0,0
5000,20,20,MeanShift,4.87,0,0
5000,20,20,MeanShift,4.88,0,0
5000,20,20,MeanShift,4.9,0,0
5000,20,20,MeanShift,4.93,0.0666666666666667,0.0666666666666667
1000,20,20,MeanShift,4.67,0,0
1000,20,20,MeanShift,4.7,0,0
1000,20,20,MeanShift,4.72,0,0
1000,20,20,MeanShift,4.73,0,0
1000,20,20,MeanShift,4.74,0,0
1000,20,20,MeanShift,4.75,0,0
1000,20,20,MeanShift,4.76,0,0
1000,20,20,MeanShift,4.77,0,0
1000,20,20,MeanShift,4.78,0,0
1000,20,20,MeanShift,4.79,0,0
1000,20,20,MeanShift,4.81,0,0
1000,20,20,MeanShift,4.82,0,0
1000,20,20,MeanShift,4.83,0,0
1000,20,20,MeanShift,4.84,0,0
1000,20,20,MeanShift,4.85,0,0
1000,20,20,MeanShift,4.86,0,0
1000,20,20,MeanShift,4.87,0,0
1000,20,20,MeanShift,4.88,0,0
1000,20,20,MeanShift,4.9,0,0
1000,20,20,MeanShift,4.93,0.0188679245283017,0.0188679245283019
500,20,20,MeanShift,4.67,0,0
500,20,20,MeanShift,4.7,0,0
500,20,20,MeanShift,4.72,0,0
500,20,20,MeanShift,4.73,0,0
500,20,20,MeanShift,4.74,0,0
500,20,20,MeanShift,4.75,0,0
500,20,20,MeanShift,4.76,0,0
500,20,20,MeanShift,4.77,0,0
500,20,20,MeanShift,4.78,0,0
500,20,20,MeanShift,4.79,0,0
500,20,20,MeanShift,4.81,0,0
500,20,20,MeanShift,4.82,0,0
500,20,20,MeanShift,4.83,0,0
500,20,20,MeanShift,4.84,0,0
500,20,20,MeanShift,4.85,0,0
500,20,20,MeanShift,4.86,0,0
500,20,20,MeanShift,4.87,0,0
500,20,20,MeanShift,4.88,0.021505376344086,0.0151237270870704
500,20,20,MeanShift,4.9,0,0
500,20,20,MeanShift,4.93,0.00806451612903215,0.00806451612903226
5000,20,20,Birch,4.67,0.428571428571428,0.170034010203401
5000,20,20,Birch,4.7,0.833333333333333,0.166666666666667
5000,20,20,Birch,4.72,0.5,0.215165741455968
5000,20,20,Birch,4.73,0.666666666666667,0.210818510677892
5000,20,20,Birch,4.74,0.428571428571429,0.202030508910442
5000,20,20,Birch,4.75,0.416666666666667,0.209717623201965
5000,20,20,Birch,4.76,0.583333333333333,0.25
5000,20,20,Birch,4.77,0.375,0.18298126367785
5000,20,20,Birch,4.78,0.5,0.223606797749979
5000,20,20,Birch,4.79,0.333333333333333,0.235702260395516
5000,20,20,Birch,4.81,0.416666666666667,0.200693242979872
5000,20,20,Birch,4.82,0.375,0.18298126367785
5000,20,20,Birch,4.83,0.25,0.163663417676994
5000,20,20,Birch,4.84,0.333333333333333,0.166666666666667
5000,20,20,Birch,4.85,0.2,0.115470053837925
5000,20,20,Birch,4.86,0.7,0.152752523165195
5000,20,20,Birch,4.87,0.333333333333333,0.210818510677892
5000,20,20,Birch,4.88,0.5,0.176776695296637
5000,20,20,Birch,4.9,0.599999999999999,0.163299316185545
5000,20,20,Birch,4.93,0.5,0.166666666666667
1000,20,20,Birch,4.67,0.0212765957446808,0.0212765957446808
1000,20,20,Birch,4.7,0.153846153846154,0.072160242458822
1000,20,20,Birch,4.72,0.2,0.0742781352708207
1000,20,20,Birch,4.73,0.233333333333334,0.0785403232453173
1000,20,20,Birch,4.74,0.166666666666667,0.0881917103688197
1000,20,20,Birch,4.75,0.2,0.0730296743340221
1000,20,20,Birch,4.76,0.352941176470588,0.0831890330807704
1000,20,20,Birch,4.77,0.333333333333329,0.0796819072889596
1000,20,20,Birch,4.78,0.26984126984127,0.0713403335055372
1000,20,20,Birch,4.79,0.394736842105261,0.0803572542664568
1000,20,20,Birch,4.81,0.525000000000004,0.0799639341780454
1000,20,20,Birch,4.82,0.357142857142857,0.0903507902905251
1000,20,20,Birch,4.83,0.428571428571429,0.0865042958313569
1000,20,20,Birch,4.84,0.431818181818182,0.0755370292175288
1000,20,20,Birch,4.85,0.45,0.0796627506815692
1000,20,20,Birch,4.86,0.5625,0.0751156515721665
1000,20,20,Birch,4.87,0.452380952380952,0.0777319387388095
1000,20,20,Birch,4.88,0.444444444444444,0.0912870929175277
1000,20,20,Birch,4.9,0.478260869565227,0.0744651163980586
1000,20,20,Birch,4.93,0.48936170212766,0.073704289683782
500,20,20,Birch,4.67,0.0222222222222222,0.0149822191658498
500,20,20,Birch,4.7,0.0980392156862752,0.0420541384108377
500,20,20,Birch,4.72,0.263157894736842,0.0588438941447313
500,20,20,Birch,4.73,0.23728813559322,0.055860428949412
500,20,20,Birch,4.74,0.222222222222219,0.052798995923499
500,20,20,Birch,4.75,0.353846153846154,0.059770270261231
500,20,20,Birch,4.76,0.318181818181818,0.0730579603105527
500,20,20,Birch,4.77,0.428571428571425,0.05957554687345
500,20,20,Birch,4.78,0.452054794520548,0.0586540300395668
500,20,20,Birch,4.79,0.56,0.0577038103571135
500,20,20,Birch,4.81,0.519230769230769,0.0838249796834745
500,20,20,Birch,4.82,0.465753424657534,0.0684931506849315
500,20,20,Birch,4.83,0.473333333333333,0.0578887822562464
500,20,20,Birch,4.84,0.609195402298851,0.0526149200827251
500,20,20,Birch,4.85,0.461538461538479,0.0568114573750767
500,20,20,Birch,4.86,0.5,0.0542326144546638
500,20,20,Birch,4.87,0.428571428571433,0.0543192214735266
500,20,20,Birch,4.88,0.511111111111111,0.0529868059907346
500,20,20,Birch,4.9,0.516483516483517,0.065934065934066
500,20,20,Birch,4.93,0.505376344086011,0.0521255898646919
250,20,20,Birch,4.67,0.0293333333333333,0.0133333333333333
250,20,20,Birch,4.7,0.0696517412935323,0.032624072260209
250,20,20,Birch,4.72,0.0584795321637427,0.0188849700174725
250,20,20,Birch,4.73,0.107758620689655,0.0294602800835115
250,20,20,Birch,4.74,0.150602409638556,0.0280826983888272
250,20,20,Birch,4.75,0.0890688259109312,0.0222160291945402
250,20,20,Birch,4.76,0.133333333333336,0.024733283866815
250,20,20,Birch,4.77,0.144927536231884,0.0283752176919583
250,20,20,Birch,4.78,0.163265306122449,0.0248871957502711
250,20,20,Birch,4.79,0.166101694915254,0.0300339748248633
250,20,20,Birch,4.81,0.224025974025974,0.0323374015532175
250,20,20,Birch,4.82,0.306122448979592,0.0612244897959184
250,20,20,Birch,4.83,0.256666666666667,0.0436399409308084
250,20,20,Birch,4.84,0.296296296296296,0.034262146640472
250,20,20,Birch,4.85,0.306666666666666,0.0352766841475279
250,20,20,Birch,4.86,0.314705882352941,0.0441176470588235
250,20,20,Birch,4.87,0.354354354354354,0.0572936457307475
250,20,20,Birch,4.88,0.31830985915493,0.0360739393658189
250,20,20,Birch,4.9,0.3344262295082,0.0287142741584411
250,20,20,Birch,4.93,0.383152173913043,0.0407608695652174
100,20,20,Birch,4.67,0.0849256900212314,0.0153101964987855
100,20,20,Birch,4.7,0.11336032388664,0.0153632922761217
100,20,20,Birch,4.72,0.224199288256228,0.0320284697508897
100,20,20,Birch,4.73,0.237024221453287,0.0224830301355831
100,20,20,Birch,4.74,0.284779050736498,0.0273131248253333
100,20,20,Birch,4.75,0.320574162679426,0.0238435668065806
100,20,20,Birch,4.76,0.325859491778774,0.0344770182202415
100,20,20,Birch,4.77,0.337662337662338,0.0198379900214539
100,20,20,Birch,4.78,0.330995792426367,0.0187215655672346
100,20,20,Birch,4.79,0.342741935483871,0.0295480648385846
100,20,20,Birch,4.81,0.390524967989757,0.0232668452107552
100,20,20,Birch,4.82,0.400568181818187,0.0224739783219272
100,20,20,Birch,4.83,0.387700534759358,0.0240641711229946
100,20,20,Birch,4.84,0.383177570093458,0.0271327121934601
100,20,20,Birch,4.85,0.388888888888889,0.0291199681384616
100,20,20,Birch,4.86,0.420238095238095,0.0199487321855064
100,20,20,Birch,4.87,0.416156670746634,0.0219181983167088
100,20,20,Birch,4.88,0.417410714285714,0.0210579935983406
100,20,20,Birch,4.9,0.421111111111112,0.0281767642065633
100,20,20,Birch,4.93,0.468409586056645,0.0281279985483123
50,20,20,Birch,4.67,0.0744284954811271,0.00807233171995774
50,20,20,Birch,4.7,0.148258706467662,0.0149585038590776
50,20,20,Birch,4.72,0.173007246376811,0.0148321456932678
50,20,20,Birch,4.73,0.226027397260274,0.0154172995581134
50,20,20,Birch,4.74,0.285714285714286,0.0160569373646729
50,20,20,Birch,4.75,0.310747663551402,0.0195946193542198
50,20,20,Birch,4.76,0.344360902255639,0.0191134596139726
50,20,20,Birch,4.77,0.364357864357865,0.0162473888649846
50,20,20,Birch,4.78,0.383275261324042,0.0161185135975197
50,20,20,Birch,4.79,0.377688172043011,0.0254667947869575
50,20,20,Birch,4.81,0.412666666666671,0.0187946065996934
50,20,20,Birch,4.82,0.467983651226158,0.034741144414169
50,20,20,Birch,4.83,0.457704918032787,0.0217631826560998
50,20,20,Birch,4.84,0.404428904428904,0.0239914181970874
50,20,20,Birch,4.85,0.450258397932816,0.0266976464079739
50,20,20,Birch,4.86,0.460047003525264,0.0346650998824912
50,20,20,Birch,4.87,0.464004839685422,0.0196934380364314
50,20,20,Birch,4.88,0.455357142857143,0.0180191682117743
50,20,20,Birch,4.9,0.407142857142857,0.0346153846153846
50,20,20,Birch,4.93,0.433406113537118,0.0323509555453447
5000,20,20,BayesianGMM,4.67,1.10460822937562E-36,1.10451637047738E-36
5000,20,20,BayesianGMM,4.7,1.08805377564304E-26,1.08805377563637E-26
5000,20,20,BayesianGMM,4.72,1.52583976669426E-16,1.49405617280044E-16
5000,20,20,BayesianGMM,4.73,1.70348898582428E-06,1.70348898582427E-06
5000,20,20,BayesianGMM,4.74,4.51645008334393E-13,4.45859192964573E-13
5000,20,20,BayesianGMM,4.75,1.55627794900095E-05,1.55627794503337E-05
5000,20,20,BayesianGMM,4.76,1.23475521575938E-07,1.19306335593674E-07
5000,20,20,BayesianGMM,4.77,1.41931877344021E-08,1.41931827703731E-08
5000,20,20,BayesianGMM,4.78,0.000342236507160739,0.000342208325232957
5000,20,20,BayesianGMM,4.79,1.55627853747998E-05,1.55627786096498E-05
5000,20,20,BayesianGMM,4.81,0.21436251224054,0.140857003889947
5000,20,20,BayesianGMM,4.82,0.125154369001833,0.122451227283534
5000,20,20,BayesianGMM,4.83,0.489702915929875,0.185138304769321
5000,20,20,BayesianGMM,4.84,0.138917529332763,0.108286828460164
5000,20,20,BayesianGMM,4.85,0.540876141277064,0.171118271877914
5000,20,20,BayesianGMM,4.86,0.246249283464458,0.167294962692986
5000,20,20,BayesianGMM,4.87,0.272485939054718,0.146040081469992
5000,20,20,BayesianGMM,4.88,0.298951017890593,0.152192170456312
5000,20,20,BayesianGMM,4.9,0.200153537998104,0.133307824928103
5000,20,20,BayesianGMM,4.93,0.446196461430994,0.224009878480892
1000,20,20,BayesianGMM,4.67,4.51323260732031E-19,3.18711325211348E-19
1000,20,20,BayesianGMM,4.7,4.24563076506495E-10,4.23791302959007E-10
1000,20,20,BayesianGMM,4.72,3.56218092481569E-08,2.43719026354141E-08
1000,20,20,BayesianGMM,4.73,2.58215017351777E-06,1.83818722006333E-06
1000,20,20,BayesianGMM,4.74,5.80846852570893E-06,4.84150504716983E-06
1000,20,20,BayesianGMM,4.75,0.0252488137262048,0.0233926405444334
1000,20,20,BayesianGMM,4.76,0.0513718897809658,0.0364197278423287
1000,20,20,BayesianGMM,4.77,0.0660471806517816,0.0331688259918867
1000,20,20,BayesianGMM,4.78,0.150681332500535,0.0513722320468545
1000,20,20,BayesianGMM,4.79,0.229333381595729,0.0642074630783566
1000,20,20,BayesianGMM,4.81,0.529921525089301,0.0698553384838056
1000,20,20,BayesianGMM,4.82,0.699835900475479,0.0573392658895544
1000,20,20,BayesianGMM,4.83,0.76415613892196,0.0551157613095762
1000,20,20,BayesianGMM,4.84,0.790549799672611,0.0506011176339622
1000,20,20,BayesianGMM,4.85,0.792021864790459,0.0568382231523709
1000,20,20,BayesianGMM,4.86,0.842715480305449,0.044719670026738
1000,20,20,BayesianGMM,4.87,0.910472265286101,0.0356463897403836
1000,20,20,BayesianGMM,4.88,0.924778153727389,0.0318924434054109
1000,20,20,BayesianGMM,4.9,0.96378918305401,0.0228253458553319
1000,20,20,BayesianGMM,4.93,0.970354722471774,0.020387853123007
500,20,20,BayesianGMM,4.67,4.49866620994346E-16,4.42900005048075E-16
500,20,20,BayesianGMM,4.7,2.89467547214329E-10,2.79434525016885E-10
500,20,20,BayesianGMM,4.72,1.57068076362679E-06,1.49536171989718E-06
500,20,20,BayesianGMM,4.73,4.84311977430999E-06,2.58438028716886E-06
500,20,20,BayesianGMM,4.74,0.00016904488460356,0.000156307255312529
500,20,20,BayesianGMM,4.75,0.0166286427300273,0.0108715852805273
500,20,20,BayesianGMM,4.76,0.0388623189964757,0.0201403943367526
500,20,20,BayesianGMM,4.77,0.071012294272322,0.0279702918418293
500,20,20,BayesianGMM,4.78,0.125600976684482,0.0338633513043739
500,20,20,BayesianGMM,4.79,0.249348132656733,0.0454809207199009
500,20,20,BayesianGMM,4.81,0.523480967250486,0.0453852618092715
500,20,20,BayesianGMM,4.82,0.633624036576019,0.0415272742441807
500,20,20,BayesianGMM,4.83,0.724318847462237,0.0500153326924266
500,20,20,BayesianGMM,4.84,0.800132047303723,0.0346457495695653
500,20,20,BayesianGMM,4.85,0.830743790624658,0.0329704343136065
500,20,20,BayesianGMM,4.86,0.891066111230506,0.0248098592675764
500,20,20,BayesianGMM,4.87,0.903530567889657,0.0242030018426156
500,20,20,BayesianGMM,4.88,0.917776100519538,0.0254858398014275
500,20,20,BayesianGMM,4.9,0.952341530617862,0.0187488971486518
500,20,20,BayesianGMM,4.93,0.981754238831494,0.0108042189683524
5000,12,12,KMeans,4.67,0,0
5000,12,12,KMeans,4.7,0,0
5000,12,12,KMeans,4.72,0,0
5000,12,12,KMeans,4.73,0,0
5000,12,12,KMeans,4.74,0,0
5000,12,12,KMeans,4.75,0,0
5000,12,12,KMeans,4.76,0,0
5000,12,12,KMeans,4.77,0.125,0.125
5000,12,12,KMeans,4.78,0.428571428571429,0.285714285714286
5000,12,12,KMeans,4.79,0.777777777777778,0.146986183948033
5000,12,12,KMeans,4.81,1,0
5000,12,12,KMeans,4.82,1,0
5000,12,12,KMeans,4.83,1,0
5000,12,12,KMeans,4.84,1,0
5000,12,12,KMeans,4.85,1,0
5000,12,12,KMeans,4.86,1,0
5000,12,12,KMeans,4.87,1,0
5000,12,12,KMeans,4.88,1,0
5000,12,12,KMeans,4.9,1,0
5000,12,12,KMeans,4.93,1,0
1000,12,12,KMeans,4.67,0,0
1000,12,12,KMeans,4.7,0,0
1000,12,12,KMeans,4.72,0,0
1000,12,12,KMeans,4.73,0,0
1000,12,12,KMeans,4.74,0,0
1000,12,12,KMeans,4.75,0.0303030303030303,0.0303030303030303
1000,12,12,KMeans,4.76,0.0294117647058823,0.0294117647058824
1000,12,12,KMeans,4.77,0.142857142857143,0.0677630927178939
1000,12,12,KMeans,4.78,0.378378378378378,0.0808304434456143
1000,12,12,KMeans,4.79,0.596491228070173,0.0829090460746072
1000,12,12,KMeans,4.81,0.95,0.0348991220226057
1000,12,12,KMeans,4.82,1,0
1000,12,12,KMeans,4.83,1,0
1000,12,12,KMeans,4.84,1,0
1000,12,12,KMeans,4.85,1,0
1000,12,12,KMeans,4.86,1,0
1000,12,12,KMeans,4.87,1,0
1000,12,12,KMeans,4.88,1,0
1000,12,12,KMeans,4.9,1,0
1000,12,12,KMeans,4.93,1,0
500,12,12,KMeans,4.67,0,0
500,12,12,KMeans,4.7,0,0
500,12,12,KMeans,4.72,0,0
500,12,12,KMeans,4.73,0,0
500,12,12,KMeans,4.74,0,0
500,12,12,KMeans,4.75,0.0153846153846154,0.0153846153846154
500,12,12,KMeans,4.76,0.0300751879699248,0.0225563909774436
500,12,12,KMeans,4.77,0.15189873417722,0.0406399936800569
500,12,12,KMeans,4.78,0.452054794520548,0.0586540300395668
500,12,12,KMeans,4.79,0.642857142857143,0.0602338601936834
500,12,12,KMeans,4.81,0.952380952380934,0.0233752711273246
500,12,12,KMeans,4.82,1,0
500,12,12,KMeans,4.83,1,0
500,12,12,KMeans,4.84,1,0
500,12,12,KMeans,4.85,1,0
500,12,12,KMeans,4.86,1,0
500,12,12,KMeans,4.87,1,0
500,12,12,KMeans,4.88,1,0
500,12,12,KMeans,4.9,1,0
500,12,12,KMeans,4.93,1,0
250,12,12,KMeans,4.67,0,0
250,12,12,KMeans,4.7,0,0
250,12,12,KMeans,4.72,0,0
250,12,12,KMeans,4.73,0,0
250,12,12,KMeans,4.74,0,0
250,12,12,KMeans,4.75,0.0116279069767443,0.0081736630622652
250,12,12,KMeans,4.76,0.0444444444444444,0.0150828847046581
250,12,12,KMeans,4.77,0.183453237410072,0.0323741007194245
250,12,12,KMeans,4.78,0.486111111111111,0.0467139723856726
250,12,12,KMeans,4.79,0.689189189189188,0.0364757598990177
250,12,12,KMeans,4.81,0.94551282051282,0.016025641025641
250,12,12,KMeans,4.82,0.996539792387541,0.00346020761245673
250,12,12,KMeans,4.83,1,0
250,12,12,KMeans,4.84,1,0
250,12,12,KMeans,4.85,1,0
250,12,12,KMeans,4.86,1,0
250,12,12,KMeans,4.87,1,0
250,12,12,KMeans,4.88,1,0
250,12,12,KMeans,4.9,1,0
250,12,12,KMeans,4.93,1,0
100,12,12,KMeans,4.67,0,0
100,12,12,KMeans,4.7,0,0
100,12,12,KMeans,4.72,0,0
100,12,12,KMeans,4.73,0,0
100,12,12,KMeans,4.74,0,0
100,12,12,KMeans,4.75,0.0109034267912773,0.00778816199376947
100,12,12,KMeans,4.76,0.0480769230769234,0.00988439832826484
100,12,12,KMeans,4.77,0.177489177489178,0.0174954627027159
100,12,12,KMeans,4.78,0.397959183673472,0.0229118938525638
100,12,12,KMeans,4.79,0.663978494623656,0.0430107526881721
100,12,12,KMeans,4.81,0.961734693877551,0.00886762483614547
100,12,12,KMeans,4.82,0.988888888888887,0.00492447366904397
100,12,12,KMeans,4.83,0.998511904761905,0.00148809523809523
100,12,12,KMeans,4.84,0.998697916666688,0.00130208333333328
100,12,12,KMeans,4.85,1,0
100,12,12,KMeans,4.86,1,0
100,12,12,KMeans,4.87,1,0
100,12,12,KMeans,4.88,1,0
100,12,12,KMeans,4.9,1,0
100,12,12,KMeans,4.93,1,0
50,12,12,KMeans,4.67,0,0
50,12,12,KMeans,4.7,0,0
50,12,12,KMeans,4.72,0,0
50,12,12,KMeans,4.73,0,0
50,12,12,KMeans,4.74,0,0
50,12,12,KMeans,4.75,0.0140625,0.00440096461964117
50,12,12,KMeans,4.76,0.0490566037735851,0.00697518019271033
50,12,12,KMeans,4.77,0.171942446043165,0.0136690647482014
50,12,12,KMeans,4.78,0.415972222222223,0.0262009020554354
50,12,12,KMeans,4.79,0.676075268817199,0.0159263846199407
50,12,12,KMeans,4.81,0.961146496815287,0.00573248407643312
50,12,12,KMeans,4.82,0.98841961852861,0.00436180125165724
50,12,12,KMeans,4.83,0.998653198653213,0.00134680134680131
50,12,12,KMeans,4.84,0.9988358556461,0.00116414435389989
50,12,12,KMeans,4.85,1,0
50,12,12,KMeans,4.86,1,0
50,12,12,KMeans,4.87,1,0
50,12,12,KMeans,4.88,1,0
50,12,12,KMeans,4.9,1,0
50,12,12,KMeans,4.93,1,0
10,12,12,KMeans,4.67,0,0
10,12,12,KMeans,4.7,0,0
10,12,12,KMeans,4.72,0,0
10,12,12,KMeans,4.73,0.000345901072293335,0.000243324959568543
10,12,12,KMeans,4.74,0.00113341968911917,0.000485751295336788
10,12,12,KMeans,4.75,0.0126050420168067,0.00207328238320483
10,12,12,KMeans,4.76,0.0584269662921348,0.00530109207130141
10,12,12,KMeans,4.77,0.198388721047331,0.0149618759890663
10,12,12,KMeans,4.78,0.432638888888889,0.0192888116837933
10,12,12,KMeans,4.79,0.701723673579307,0.0116019311754107
10,12,12,KMeans,4.81,0.961802902979374,0.00483829895594601
10,12,12,KMeans,4.82,0.992783224400871,0.00190631808278866
10,12,12,KMeans,4.83,0.998820136339801,0.000917671735710557
10,12,12,KMeans,4.84,0.999650837988827,0.000349162011173187
10,12,12,KMeans,4.85,1,0
10,12,12,KMeans,4.86,1,0
10,12,12,KMeans,4.87,1,0
10,12,12,KMeans,4.88,1,0
10,12,12,KMeans,4.9,1,0
10,12,12,KMeans,4.93,1,0
1,12,12,KMeans,4.67,0,0
1,12,12,KMeans,4.7,0,0
1,12,12,KMeans,4.72,0,0
1,12,12,KMeans,4.73,0.000238561813069771,0.000177989162412568
1,12,12,KMeans,4.74,0.00181338341725629,0.000473982195434304
1,12,12,KMeans,4.75,0.0122247107129526,0.00214632325494588
1,12,12,KMeans,4.76,0.0601232684079825,0.00606376044122414
1,12,12,KMeans,4.77,0.197218146773683,0.0156404189822473
1,12,12,KMeans,4.78,0.429877074796861,0.0150784483676496
1,12,12,KMeans,4.79,0.692388380849919,0.0109029426016185
1,12,12,KMeans,4.81,0.959096117122852,0.0039592616168046
1,12,12,KMeans,4.82,0.99181912229119,0.00231249667038495
1,12,12,KMeans,4.83,0.99905613381925,0.000524370100416838
1,12,12,KMeans,4.84,0.99977887435408,0.000197849262138672
1,12,12,KMeans,4.85,1,0
1,12,12,KMeans,4.86,1,0
1,12,12,KMeans,4.87,1,0
1,12,12,KMeans,4.88,1,0
1,12,12,KMeans,4.9,1,0
1,12,12,KMeans,4.93,1,0
5000,12,12,Agglomerative,4.67,0,0
5000,12,12,Agglomerative,4.7,0,0
5000,12,12,Agglomerative,4.72,0,0
5000,12,12,Agglomerative,4.73,0.142857142857143,0.142857142857143
5000,12,12,Agglomerative,4.74,0.111111111111111,0.111111111111111
5000,12,12,Agglomerative,4.75,0.25,0.163663417676994
5000,12,12,Agglomerative,4.76,0.142857142857143,0.142857142857143
5000,12,12,Agglomerative,4.77,0.214285714285714,0.214285714285714
5000,12,12,Agglomerative,4.78,0.375,0.18298126367785
5000,12,12,Agglomerative,4.79,0.6,0.2
5000,12,12,Agglomerative,4.81,0.5625,0.3125
5000,12,12,Agglomerative,4.82,0.75,0.163663417676994
5000,12,12,Agglomerative,4.83,0.923076923076926,0.076923076923077
5000,12,12,Agglomerative,4.84,0.888888888888889,0.111111111111111
5000,12,12,Agglomerative,4.85,1,0
5000,12,12,Agglomerative,4.86,0.888888888888889,0.111111111111111
5000,12,12,Agglomerative,4.87,1,0
5000,12,12,Agglomerative,4.88,1,0
5000,12,12,Agglomerative,4.9,0.909090909090909,0.0909090909090909
5000,12,12,Agglomerative,4.93,1,0
1000,12,12,Agglomerative,4.67,0,0
1000,12,12,Agglomerative,4.7,0,0
1000,12,12,Agglomerative,4.72,0.0344827586206897,0.0344827586206896
1000,12,12,Agglomerative,4.73,0.0526315789473684,0.0367097806559429
1000,12,12,Agglomerative,4.74,0.032258064516129,0.032258064516129
1000,12,12,Agglomerative,4.75,0.0909090909090909,0.0508197267613589
1000,12,12,Agglomerative,4.76,0.15625,0.0598391942347711
1000,12,12,Agglomerative,4.77,0.2,0.0857142857142857
1000,12,12,Agglomerative,4.78,0.405405405405407,0.0818283879485809
1000,12,12,Agglomerative,4.79,0.473684210526312,0.0820855649857952
1000,12,12,Agglomerative,4.81,0.624999999999996,0.0775217091182553
1000,12,12,Agglomerative,4.82,0.833333333333333,0.0636468846521644
1000,12,12,Agglomerative,4.83,0.868421052631579,0.105263157894737
1000,12,12,Agglomerative,4.84,0.886363636363641,0.0483983327830924
1000,12,12,Agglomerative,4.85,0.928571428571424,0.0402208933122479
1000,12,12,Agglomerative,4.86,0.896551724137931,0.0519289868037143
1000,12,12,Agglomerative,4.87,0.936170212765973,0.0360421086748902
1000,12,12,Agglomerative,4.88,0.977777777777778,0.0222222222222222
1000,12,12,Agglomerative,4.9,0.956521739130435,0.0304002564686999
1000,12,12,Agglomerative,4.93,1,0
500,12,12,Agglomerative,4.67,0,0
500,12,12,Agglomerative,4.7,0,0
500,12,12,Agglomerative,4.72,0,0
500,12,12,Agglomerative,4.73,0,0
500,12,12,Agglomerative,4.74,0.0317460317460317,0.0222660674912021
500,12,12,Agglomerative,4.75,0.0813953488372093,0.0329864252682314
500,12,12,Agglomerative,4.76,0.114285714285717,0.0383017178628478
500,12,12,Agglomerative,4.77,0.328767123287671,0.0553623545798272
500,12,12,Agglomerative,4.78,0.36986301369863,0.0568946839925896
500,12,12,Agglomerative,4.79,0.493333333333342,0.0581186525805422
500,12,12,Agglomerative,4.81,0.79746835443038,0.0455046599631859
500,12,12,Agglomerative,4.82,0.929411764705873,0.027946704450951
500,12,12,Agglomerative,4.83,0.939759036144569,0.0262752758982037
500,12,12,Agglomerative,4.84,0.977011494252845,0.0161605442397133
500,12,12,Agglomerative,4.85,0.993103448275859,0.00689655172413791
500,12,12,Agglomerative,4.86,1,0
500,12,12,Agglomerative,4.87,1,0
500,12,12,Agglomerative,4.88,1,0
500,12,12,Agglomerative,4.9,1,0
500,12,12,Agglomerative,4.93,1,0
250,12,12,Agglomerative,4.67,0,0
250,12,12,Agglomerative,4.7,0,0
250,12,12,Agglomerative,4.72,0,0
250,12,12,Agglomerative,4.73,0.00854700854700855,0.00854700854700855
250,12,12,Agglomerative,4.74,0.025,0.0163663417676994
250,12,12,Agglomerative,4.75,0.0390625,0.0149597985586928
250,12,12,Agglomerative,4.76,0.131687242798354,0.0284653968298403
250,12,12,Agglomerative,4.77,0.223021582733813,0.0359712230215827
250,12,12,Agglomerative,4.78,0.385416666666667,0.0451388888888889
250,12,12,Agglomerative,4.79,0.554054054054054,0.064573293634376
250,12,12,Agglomerative,4.81,0.810897435897433,0.0283286920435697
250,12,12,Agglomerative,4.82,0.904761904761905,0.024527559697034
250,12,12,Agglomerative,4.83,0.927392739273928,0.0281980321627641
250,12,12,Agglomerative,4.84,0.954545454545474,0.0122640486878846
250,12,12,Agglomerative,4.85,0.993548387096774,0.00645161290322582
250,12,12,Agglomerative,4.86,0.991150442477876,0.00884955752212391
250,12,12,Agglomerative,4.87,0.99607843137253,0.00392156862745097
250,12,12,Agglomerative,4.88,1,0
250,12,12,Agglomerative,4.9,1,0
250,12,12,Agglomerative,4.93,1,0
100,12,12,Agglomerative,4.67,0,0
100,12,12,Agglomerative,4.7,0,0
100,12,12,Agglomerative,4.72,0.00212765957446813,0.00212765957446809
100,12,12,Agglomerative,4.73,0.0181818181818182,0.00647906040999817
100,12,12,Agglomerative,4.74,0.0698051948051948,0.011668754682277
100,12,12,Agglomerative,4.75,0.1546875,0.0182885936104994
100,12,12,Agglomerative,4.76,0.324829931972794,0.022089921479712
100,12,12,Agglomerative,4.77,0.502906976744186,0.0211631101432573
100,12,12,Agglomerative,4.78,0.6625,0.0363241578628389
100,12,12,Agglomerative,4.79,0.831989247311828,0.0176104336980587
100,12,12,Agglomerative,4.81,0.953846153846155,0.00900483226739552
100,12,12,Agglomerative,4.82,0.98224043715847,0.00929898809501918
100,12,12,Agglomerative,4.83,0.988980716253451,0.00417090051252325
100,12,12,Agglomerative,4.84,0.997610513739549,0.00238948626045402
100,12,12,Agglomerative,4.85,1,0
100,12,12,Agglomerative,4.86,1,0
100,12,12,Agglomerative,4.87,1,0
100,12,12,Agglomerative,4.88,1,0
100,12,12,Agglomerative,4.9,1,0
100,12,12,Agglomerative,4.93,1,0
50,12,12,Agglomerative,4.67,0,0
50,12,12,Agglomerative,4.7,0,0
50,12,12,Agglomerative,4.72,0,0
50,12,12,Agglomerative,4.73,0,0
50,12,12,Agglomerative,4.74,0.00242718446601942,0.00154923480219472
50,12,12,Agglomerative,4.75,0.00856697819314642,0.00510703934914486
50,12,12,Agglomerative,4.76,0.0187265917602996,0.00863862366642007
50,12,12,Agglomerative,4.77,0.0555555555555556,0.00762962807061525
50,12,12,Agglomerative,4.78,0.138194444444444,0.0201388888888889
50,12,12,Agglomerative,4.79,0.256064690026954,0.0149771635922459
50,12,12,Agglomerative,4.81,0.535372848948375,0.0172437849056325
50,12,12,Agglomerative,4.82,0.676430517711172,0.0151046034237626
50,12,12,Agglomerative,4.83,0.788815789473684,0.0166862353791327
50,12,12,Agglomerative,4.84,0.850494473531123,0.014682291406776
50,12,12,Agglomerative,4.85,0.90064935064935,0.0119311003406294
50,12,12,Agglomerative,4.86,0.934782608695652,0.00881316098707402
50,12,12,Agglomerative,4.87,0.953836930455636,0.00832880335098911
50,12,12,Agglomerative,4.88,0.959126539753619,0.0049173088494314
50,12,12,Agglomerative,4.9,0.982417582417582,0.00403762045513718
50,12,12,Agglomerative,4.93,0.99021207177814,0.00489396411092979
5000,12,12,Spectral,4.67,0,0
5000,12,12,Spectral,4.7,0,0
5000,12,12,Spectral,4.72,0.166666666666667,0.166666666666667
5000,12,12,Spectral,4.73,0.5,0.223606797749979
5000,12,12,Spectral,4.74,0.416666666666667,0.25
5000,12,12,Spectral,4.75,0.909090909090909,0.0909090909090909
5000,12,12,Spectral,4.76,0.857142857142857,0.142857142857143
5000,12,12,Spectral,4.77,1,0
5000,12,12,Spectral,4.78,1,0
5000,12,12,Spectral,4.79,1,0
5000,12,12,Spectral,4.81,1,0
5000,12,12,Spectral,4.82,1,0
5000,12,12,Spectral,4.83,1,0
5000,12,12,Spectral,4.84,1,0
5000,12,12,Spectral,4.85,1,0
5000,12,12,Spectral,4.86,1,0
5000,12,12,Spectral,4.87,1,0
5000,12,12,Spectral,4.88,1,0
5000,12,12,Spectral,4.9,1,0
5000,12,12,Spectral,4.93,1,0
1000,12,12,Spectral,4.67,0,0
1000,12,12,Spectral,4.7,0,0
1000,12,12,Spectral,4.72,0.0232558139534884,0.0232558139534884
1000,12,12,Spectral,4.73,0.1,0.0557086014531156
1000,12,12,Spectral,4.74,0.112903225806452,0.0806451612903226
1000,12,12,Spectral,4.75,0.46031746031746,0.0965517861952099
1000,12,12,Spectral,4.76,0.772727272727273,0.106060606060606
1000,12,12,Spectral,4.77,0.885714285714286,0.0571428571428571
1000,12,12,Spectral,4.78,0.986111111111111,0.0138888888888889
1000,12,12,Spectral,4.79,0.973684210526304,0.0263157894736842
1000,12,12,Spectral,4.81,1,0
1000,12,12,Spectral,4.82,1,0
1000,12,12,Spectral,4.83,1,0
1000,12,12,Spectral,4.84,1,0
1000,12,12,Spectral,4.85,1,0
1000,12,12,Spectral,4.86,1,0
1000,12,12,Spectral,4.87,1,0
1000,12,12,Spectral,4.88,1,0
1000,12,12,Spectral,4.9,1,0
1000,12,12,Spectral,4.93,1,0
500,12,12,Spectral,4.67,0,0
500,12,12,Spectral,4.7,0,0
500,12,12,Spectral,4.72,0.0465116279069768,0.0279115906115804
500,12,12,Spectral,4.73,0.271186440677966,0.0583751770388487
500,12,12,Spectral,4.74,0.349206349206342,0.0605434094972657
500,12,12,Spectral,4.75,0.738461538461539,0.054934064834945
500,12,12,Spectral,4.76,0.8671875,0.0464076403711871
500,12,12,Spectral,4.77,0.95714285714285,0.0243823433868204
500,12,12,Spectral,4.78,0.993055555555556,0.00694444444444448
500,12,12,Spectral,4.79,1,0
500,12,12,Spectral,4.81,1,0
500,12,12,Spectral,4.82,1,0
500,12,12,Spectral,4.83,1,0
500,12,12,Spectral,4.84,1,0
500,12,12,Spectral,4.85,1,0
500,12,12,Spectral,4.86,1,0
500,12,12,Spectral,4.87,1,0
500,12,12,Spectral,4.88,1,0
500,12,12,Spectral,4.9,1,0
500,12,12,Spectral,4.93,1,0
250,12,12,Spectral,4.67,0,0
250,12,12,Spectral,4.7,0,0
250,12,12,Spectral,4.72,0.0769230769230769,0.0220106214274223
250,12,12,Spectral,4.73,0.264957264957265,0.0360598685636393
250,12,12,Spectral,4.74,0.508196721311475,0.0438862797929208
250,12,12,Spectral,4.75,0.8203125,0.0390625
250,12,12,Spectral,4.76,0.919354838709677,0.0191728234424858
250,12,12,Spectral,4.77,0.981684981684981,0.00921835706382273
250,12,12,Spectral,4.78,1,0
250,12,12,Spectral,4.79,1,0
250,12,12,Spectral,4.81,1,0
250,12,12,Spectral,4.82,1,0
250,12,12,Spectral,4.83,1,0
250,12,12,Spectral,4.84,1,0
250,12,12,Spectral,4.85,1,0
250,12,12,Spectral,4.86,1,0
250,12,12,Spectral,4.87,1,0
250,12,12,Spectral,4.88,1,0
250,12,12,Spectral,4.9,1,0
250,12,12,Spectral,4.93,1,0
100,12,12,Spectral,4.67,0,0
100,12,12,Spectral,4.7,0,0
100,12,12,Spectral,4.72,0.0462633451957295,0.0106761565836299
100,12,12,Spectral,4.73,0.157894736842105,0.0183536313759944
100,12,12,Spectral,4.74,0.436988543371522,0.0235569320320612
100,12,12,Spectral,4.75,0.70793650793651,0.0229395089406629
100,12,12,Spectral,4.76,0.903759398496241,0.0154821505879503
100,12,12,Spectral,4.77,0.971098265895954,0.00850844014097095
100,12,12,Spectral,4.78,0.993720565149117,0.00308694530690792
100,12,12,Spectral,4.79,1,0
100,12,12,Spectral,4.81,1,0
100,12,12,Spectral,4.82,1,0
100,12,12,Spectral,4.83,1,0
100,12,12,Spectral,4.84,1,0
100,12,12,Spectral,4.85,1,0
100,12,12,Spectral,4.86,1,0
100,12,12,Spectral,4.87,1,0
100,12,12,Spectral,4.88,1,0
100,12,12,Spectral,4.9,1,0
100,12,12,Spectral,4.93,1,0
50,12,12,Spectral,4.67,0,0
50,12,12,Spectral,4.7,0.0029585798816568,0.0029585798816568
50,12,12,Spectral,4.72,0.106630824372759,0.011383808217317
50,12,12,Spectral,4.73,0.283854166666667,0.0172769320916066
50,12,12,Spectral,4.74,0.58252427184466,0.0242718446601942
50,12,12,Spectral,4.75,0.849688473520249,0.0163551401869159
50,12,12,Spectral,4.76,0.950487621905476,0.00679875787665568
50,12,12,Spectral,4.77,0.989208633093525,0.00377269369845384
50,12,12,Spectral,4.78,0.998611111111111,0.00138888888888893
50,12,12,Spectral,4.79,1,0
50,12,12,Spectral,4.81,1,0
50,12,12,Spectral,4.82,1,0
50,12,12,Spectral,4.83,1,0
50,12,12,Spectral,4.84,1,0
50,12,12,Spectral,4.85,1,0
50,12,12,Spectral,4.86,1,0
50,12,12,Spectral,4.87,1,0
50,12,12,Spectral,4.88,1,0
50,12,12,Spectral,4.9,1,0
50,12,12,Spectral,4.93,1,0
5000,12,12,GaussianMixture,4.67,2.19668862112455E-18,2.08147536424771E-18
5000,12,12,GaussianMixture,4.7,1.4256186363818E-13,8.25113802643935E-14
5000,12,12,GaussianMixture,4.72,2.92962482955487E-08,2.51449134551974E-08
5000,12,12,GaussianMixture,4.73,0.000250367774530759,0.000246422103074552
5000,12,12,GaussianMixture,4.74,2.89140353349339E-05,2.82804380452973E-05
5000,12,12,GaussianMixture,4.75,0.00159286655355003,0.000776291143724554
5000,12,12,GaussianMixture,4.76,0.0411595893527194,0.0410945154928007
5000,12,12,GaussianMixture,4.77,0.125189664600376,0.124972957791231
5000,12,12,GaussianMixture,4.78,0.117908245405353,0.110151261682569
5000,12,12,GaussianMixture,4.79,0.418343284025715,0.26202838574901
5000,12,12,GaussianMixture,4.81,0.328844398104819,0.132515348120574
5000,12,12,GaussianMixture,4.82,0.588940607614925,0.155983684451167
5000,12,12,GaussianMixture,4.83,0.739450303692773,0.148532797635064
5000,12,12,GaussianMixture,4.84,0.585957501628101,0.160401799334374
5000,12,12,GaussianMixture,4.85,0.732354157910998,0.116140787230485
5000,12,12,GaussianMixture,4.86,0.620636890676258,0.15013617331818
5000,12,12,GaussianMixture,4.87,0.829700948700578,0.112222861258131
5000,12,12,GaussianMixture,4.88,0.780216191861798,0.136329677018398
5000,12,12,GaussianMixture,4.9,0.997582076435787,0.00166604787091091
5000,12,12,GaussianMixture,4.93,0.904179470687108,0.0947101066739584
1000,12,12,GaussianMixture,4.67,1.60984077204474E-15,1.41836717731735E-15
1000,12,12,GaussianMixture,4.7,1.83307802075023E-09,1.14425262641531E-09
1000,12,12,GaussianMixture,4.72,9.92234935559089E-07,7.02643653673189E-07
1000,12,12,GaussianMixture,4.73,0.0212181321157908,0.0141556531263502
1000,12,12,GaussianMixture,4.74,0.00604389449769688,0.00603708066899696
1000,12,12,GaussianMixture,4.75,0.0313614163119161,0.0300819375595758
1000,12,12,GaussianMixture,4.76,0.0684838396305073,0.0459212674340425
1000,12,12,GaussianMixture,4.77,0.065626445585205,0.0386142797720678
1000,12,12,GaussianMixture,4.78,0.111269290734523,0.0416914741740426
1000,12,12,GaussianMixture,4.79,0.232834881094383,0.064091685632306
1000,12,12,GaussianMixture,4.81,0.362631538487326,0.0745811365201261
1000,12,12,GaussianMixture,4.82,0.531082815462448,0.0750000506723607
1000,12,12,GaussianMixture,4.83,0.56359155169038,0.0843793104585089
1000,12,12,GaussianMixture,4.84,0.633164479953667,0.0617608495214736
1000,12,12,GaussianMixture,4.85,0.752093781389584,0.0574176134948836
1000,12,12,GaussianMixture,4.86,0.737157746755267,0.0581113862805227
1000,12,12,GaussianMixture,4.87,0.775272780813081,0.0532494595294653
1000,12,12,GaussianMixture,4.88,0.778432198714963,0.052248854757388
1000,12,12,GaussianMixture,4.9,0.86828628107456,0.0410555070044698
1000,12,12,GaussianMixture,4.93,0.882888327211891,0.0404850731286602
500,12,12,GaussianMixture,4.67,6.18946554941152E-13,5.82910142715278E-13
500,12,12,GaussianMixture,4.7,2.21289938131663E-07,1.69318507047352E-07
500,12,12,GaussianMixture,4.72,2.4261503788499E-05,2.12496838218061E-05
500,12,12,GaussianMixture,4.73,0.0320995875992829,0.0224119665872503
500,12,12,GaussianMixture,4.74,0.017762979878312,0.0120472935317932
500,12,12,GaussianMixture,4.75,0.0645912536429784,0.0294674978064917
500,12,12,GaussianMixture,4.76,0.092380230047994,0.047566572746959
500,12,12,GaussianMixture,4.77,0.106797823903767,0.0306324378468261
500,12,12,GaussianMixture,4.78,0.166020920400326,0.038246939989041
500,12,12,GaussianMixture,4.79,0.265692543324445,0.045937437263223
500,12,12,GaussianMixture,4.81,0.387186534518921,0.0461132127455352
500,12,12,GaussianMixture,4.82,0.544371537644333,0.0494959960078738
500,12,12,GaussianMixture,4.83,0.650820815883783,0.0447928163595356
500,12,12,GaussianMixture,4.84,0.641298484189411,0.0457315609395731
500,12,12,GaussianMixture,4.85,0.757453226871514,0.0405626325386106
500,12,12,GaussianMixture,4.86,0.735988637947107,0.0423146439987499
500,12,12,GaussianMixture,4.87,0.749767601159063,0.0406724046611287
500,12,12,GaussianMixture,4.88,0.802670866263724,0.0365215749019054
500,12,12,GaussianMixture,4.9,0.894364763811408,0.0281952957995016
500,12,12,GaussianMixture,4.93,0.926021682626195,0.0232821107794069
5000,12,12,MeanShift,4.67,0,0
5000,12,12,MeanShift,4.7,0,0
5000,12,12,MeanShift,4.72,0,0
5000,12,12,MeanShift,4.73,0,0
5000,12,12,MeanShift,4.74,0,0
5000,12,12,MeanShift,4.75,0,0
5000,12,12,MeanShift,4.76,0,0
5000,12,12,MeanShift,4.77,0,0
5000,12,12,MeanShift,4.78,0,0
5000,12,12,MeanShift,4.79,0,0
5000,12,12,MeanShift,4.81,0,0
5000,12,12,MeanShift,4.82,0,0
5000,12,12,MeanShift,4.83,0,0
5000,12,12,MeanShift,4.84,0,0
5000,12,12,MeanShift,4.85,0,0
5000,12,12,MeanShift,4.86,0,0
5000,12,12,MeanShift,4.87,0,0
5000,12,12,MeanShift,4.88,0,0
5000,12,12,MeanShift,4.9,0.1,0.1
5000,12,12,MeanShift,4.93,0.1,0.1
1000,12,12,MeanShift,4.67,0,0
1000,12,12,MeanShift,4.7,0,0
1000,12,12,MeanShift,4.72,0,0
1000,12,12,MeanShift,4.73,0,0
1000,12,12,MeanShift,4.74,0,0
1000,12,12,MeanShift,4.75,0,0
1000,12,12,MeanShift,4.76,0,0
1000,12,12,MeanShift,4.77,0,0
1000,12,12,MeanShift,4.78,0,0
1000,12,12,MeanShift,4.79,0,0
1000,12,12,MeanShift,4.81,0,0
1000,12,12,MeanShift,4.82,0,0
1000,12,12,MeanShift,4.83,0,0
1000,12,12,MeanShift,4.84,0,0
1000,12,12,MeanShift,4.85,0,0
1000,12,12,MeanShift,4.86,0,0
1000,12,12,MeanShift,4.87,0,0
1000,12,12,MeanShift,4.88,0.021276595744681,0.0212765957446808
1000,12,12,MeanShift,4.9,0.0217391304347823,0.0217391304347826
1000,12,12,MeanShift,4.93,0.0444444444444445,0.0272165526975909
500,12,12,MeanShift,4.67,0,0
500,12,12,MeanShift,4.7,0,0
500,12,12,MeanShift,4.72,0,0
500,12,12,MeanShift,4.73,0,0
500,12,12,MeanShift,4.74,0,0
500,12,12,MeanShift,4.75,0,0
500,12,12,MeanShift,4.76,0,0
500,12,12,MeanShift,4.77,0,0
500,12,12,MeanShift,4.78,0,0
500,12,12,MeanShift,4.79,0,0
500,12,12,MeanShift,4.81,0,0
500,12,12,MeanShift,4.82,0,0
500,12,12,MeanShift,4.83,0,0
500,12,12,MeanShift,4.84,0.0114942528735632,0.0114942528735632
500,12,12,MeanShift,4.85,0.00704225352112688,0.00704225352112676
500,12,12,MeanShift,4.86,0,0
500,12,12,MeanShift,4.87,0,0
500,12,12,MeanShift,4.88,0.010752688172043,0.010752688172043
500,12,12,MeanShift,4.9,0.0108695652173913,0.0108695652173913
500,12,12,MeanShift,4.93,0.0489130434782609,0.0380434782608696
250,12,12,MeanShift,4.67,0,0
250,12,12,MeanShift,4.7,0,0
250,12,12,MeanShift,4.72,0,0
250,12,12,MeanShift,4.73,0,0
250,12,12,MeanShift,4.74,0,0
250,12,12,MeanShift,4.75,0,0
250,12,12,MeanShift,4.76,0,0
250,12,12,MeanShift,4.77,0,0
250,12,12,MeanShift,4.78,0,0
250,12,12,MeanShift,4.79,0,0
250,12,12,MeanShift,4.81,0,0
250,12,12,MeanShift,4.82,0,0
250,12,12,MeanShift,4.83,0,0
250,12,12,MeanShift,4.84,0.00383141762452104,0.00383141762452107
250,12,12,MeanShift,4.85,0.00352112676056344,0.00352112676056338
250,12,12,MeanShift,4.86,0,0
250,12,12,MeanShift,4.87,0.0039682539682539,0.00396825396825397
250,12,12,MeanShift,4.88,0.00558659217877095,0.00558659217877095
250,12,12,MeanShift,4.9,0.021978021978022,0.0100315486722558
250,12,12,MeanShift,4.93,0.0383561643835617,0.0164383561643836
5000,12,12,Birch,4.67,0,0
5000,12,12,Birch,4.7,0,0
5000,12,12,Birch,4.72,0,0
5000,12,12,Birch,4.73,0.142857142857143,0.142857142857143
5000,12,12,Birch,4.74,0.111111111111111,0.111111111111111
5000,12,12,Birch,4.75,0.25,0.163663417676994
5000,12,12,Birch,4.76,0.142857142857143,0.142857142857143
5000,12,12,Birch,4.77,0.214285714285714,0.214285714285714
5000,12,12,Birch,4.78,0.375,0.18298126367785
5000,12,12,Birch,4.79,0.6,0.2
5000,12,12,Birch,4.81,0.5625,0.3125
5000,12,12,Birch,4.82,0.75,0.163663417676994
5000,12,12,Birch,4.83,0.923076923076926,0.076923076923077
5000,12,12,Birch,4.84,0.888888888888889,0.111111111111111
5000,12,12,Birch,4.85,1,0
5000,12,12,Birch,4.86,0.888888888888889,0.111111111111111
5000,12,12,Birch,4.87,1,0
5000,12,12,Birch,4.88,1,0
5000,12,12,Birch,4.9,0.909090909090909,0.0909090909090909
5000,12,12,Birch,4.93,1,0
1000,12,12,Birch,4.67,0,0
1000,12,12,Birch,4.7,0,0
1000,12,12,Birch,4.72,0.0344827586206897,0.0344827586206896
1000,12,12,Birch,4.73,0.0526315789473684,0.0367097806559429
1000,12,12,Birch,4.74,0.032258064516129,0.032258064516129
1000,12,12,Birch,4.75,0.0909090909090909,0.0508197267613589
1000,12,12,Birch,4.76,0.15625,0.0598391942347711
1000,12,12,Birch,4.77,0.2,0.0857142857142857
1000,12,12,Birch,4.78,0.405405405405407,0.0818283879485809
1000,12,12,Birch,4.79,0.473684210526312,0.0820855649857952
1000,12,12,Birch,4.81,0.624999999999996,0.0775217091182553
1000,12,12,Birch,4.82,0.833333333333333,0.0636468846521644
1000,12,12,Birch,4.83,0.868421052631579,0.105263157894737
1000,12,12,Birch,4.84,0.886363636363641,0.0483983327830924
1000,12,12,Birch,4.85,0.928571428571424,0.0402208933122479
1000,12,12,Birch,4.86,0.896551724137931,0.0519289868037143
1000,12,12,Birch,4.87,0.936170212765973,0.0360421086748902
1000,12,12,Birch,4.88,0.977777777777778,0.0222222222222222
1000,12,12,Birch,4.9,0.956521739130435,0.0304002564686999
1000,12,12,Birch,4.93,1,0
500,12,12,Birch,4.67,0,0
500,12,12,Birch,4.7,0,0
500,12,12,Birch,4.72,0,0
500,12,12,Birch,4.73,0,0
500,12,12,Birch,4.74,0.0317460317460317,0.0222660674912021
500,12,12,Birch,4.75,0.0813953488372093,0.0329864252682314
500,12,12,Birch,4.76,0.114285714285717,0.0383017178628478
500,12,12,Birch,4.77,0.328767123287671,0.0553623545798272
500,12,12,Birch,4.78,0.36986301369863,0.0568946839925896
500,12,12,Birch,4.79,0.493333333333342,0.0581186525805422
500,12,12,Birch,4.81,0.79746835443038,0.0455046599631859
500,12,12,Birch,4.82,0.929411764705873,0.027946704450951
500,12,12,Birch,4.83,0.939759036144569,0.0262752758982037
500,12,12,Birch,4.84,0.977011494252845,0.0161605442397133
500,12,12,Birch,4.85,0.993103448275859,0.00689655172413791
500,12,12,Birch,4.86,1,0
500,12,12,Birch,4.87,1,0
500,12,12,Birch,4.88,1,0
500,12,12,Birch,4.9,1,0
500,12,12,Birch,4.93,1,0
250,12,12,Birch,4.67,0,0
250,12,12,Birch,4.7,0,0
250,12,12,Birch,4.72,0,0
250,12,12,Birch,4.73,0.00854700854700855,0.00854700854700855
250,12,12,Birch,4.74,0.025,0.0163663417676994
250,12,12,Birch,4.75,0.0390625,0.0149597985586928
250,12,12,Birch,4.76,0.131687242798354,0.0284653968298403
250,12,12,Birch,4.77,0.223021582733813,0.0359712230215827
250,12,12,Birch,4.78,0.385416666666667,0.0451388888888889
250,12,12,Birch,4.79,0.554054054054054,0.064573293634376
250,12,12,Birch,4.81,0.810897435897433,0.0283286920435697
250,12,12,Birch,4.82,0.904761904761905,0.024527559697034
250,12,12,Birch,4.83,0.927392739273928,0.0281980321627641
250,12,12,Birch,4.84,0.954545454545474,0.0122640486878846
250,12,12,Birch,4.85,0.993548387096774,0.00645161290322582
250,12,12,Birch,4.86,0.991150442477876,0.00884955752212391
250,12,12,Birch,4.87,0.99607843137253,0.00392156862745097
250,12,12,Birch,4.88,1,0
250,12,12,Birch,4.9,1,0
250,12,12,Birch,4.93,1,0
100,12,12,Birch,4.67,0,0
100,12,12,Birch,4.7,0,0
100,12,12,Birch,4.72,0.00212765957446813,0.00212765957446809
100,12,12,Birch,4.73,0.0181818181818182,0.00647906040999817
100,12,12,Birch,4.74,0.0698051948051948,0.011668754682277
100,12,12,Birch,4.75,0.1546875,0.0182885936104994
100,12,12,Birch,4.76,0.324829931972794,0.022089921479712
100,12,12,Birch,4.77,0.502906976744186,0.0211631101432573
100,12,12,Birch,4.78,0.6625,0.0363241578628389
100,12,12,Birch,4.79,0.831989247311828,0.0176104336980587
100,12,12,Birch,4.81,0.953846153846155,0.00900483226739552
100,12,12,Birch,4.82,0.98224043715847,0.00929898809501918
100,12,12,Birch,4.83,0.988980716253451,0.00417090051252325
100,12,12,Birch,4.84,0.997610513739549,0.00238948626045402
100,12,12,Birch,4.85,1,0
100,12,12,Birch,4.86,1,0
100,12,12,Birch,4.87,1,0
100,12,12,Birch,4.88,1,0
100,12,12,Birch,4.9,1,0
100,12,12,Birch,4.93,1,0
50,12,12,Birch,4.67,0,0
50,12,12,Birch,4.7,0,0
50,12,12,Birch,4.72,0,0
50,12,12,Birch,4.73,0,0
50,12,12,Birch,4.74,0.00242718446601942,0.00154923480219472
50,12,12,Birch,4.75,0.00856697819314642,0.00510703934914486
50,12,12,Birch,4.76,0.0187265917602996,0.00863862366642007
50,12,12,Birch,4.77,0.0555555555555556,0.00762962807061525
50,12,12,Birch,4.78,0.138194444444444,0.0201388888888889
50,12,12,Birch,4.79,0.256064690026954,0.0149771635922459
50,12,12,Birch,4.81,0.535372848948375,0.0172437849056325
50,12,12,Birch,4.82,0.676430517711172,0.0151046034237626
50,12,12,Birch,4.83,0.788815789473684,0.0166862353791327
50,12,12,Birch,4.84,0.850494473531123,0.014682291406776
50,12,12,Birch,4.85,0.90064935064935,0.0119311003406294
50,12,12,Birch,4.86,0.934782608695652,0.00881316098707402
50,12,12,Birch,4.87,0.953836930455636,0.00832880335098911
50,12,12,Birch,4.88,0.959126539753619,0.0049173088494314
50,12,12,Birch,4.9,0.982417582417582,0.00403762045513718
50,12,12,Birch,4.93,0.99021207177814,0.00489396411092979
5000,12,12,BayesianGMM,4.67,2.91361288220485E-17,2.67450792467509E-17
5000,12,12,BayesianGMM,4.7,1.06875581414803E-12,6.52552860173455E-13
5000,12,12,BayesianGMM,4.72,8.46969989826789E-08,7.21097022928621E-08
5000,12,12,BayesianGMM,4.73,0.00116653276963228,0.00115547051547828
5000,12,12,BayesianGMM,4.74,8.23197694679886E-05,8.11897465765944E-05
5000,12,12,BayesianGMM,4.75,0.00310981927747772,0.00133301112416497
5000,12,12,BayesianGMM,4.76,0.076876573068734,0.0766885558506431
5000,12,12,BayesianGMM,4.77,0.125400403037113,0.124942993977522
5000,12,12,BayesianGMM,4.78,0.123030202685169,0.109698781173356
5000,12,12,BayesianGMM,4.79,0.421097770330475,0.266083733249133
5000,12,12,BayesianGMM,4.81,0.38543025132189,0.132438696630003
5000,12,12,BayesianGMM,4.82,0.632458124046274,0.158121048675553
5000,12,12,BayesianGMM,4.83,0.772602133115345,0.146969913974468
5000,12,12,BayesianGMM,4.84,0.5774138705425,0.162921553503923
5000,12,12,BayesianGMM,4.85,0.747924657376181,0.109750349679028
5000,12,12,BayesianGMM,4.86,0.657974080651403,0.145490950528844
5000,12,12,BayesianGMM,4.87,0.835154275889455,0.113621604729665
5000,12,12,BayesianGMM,4.88,0.784359639306585,0.135688218437142
5000,12,12,BayesianGMM,4.9,0.998322672913701,0.00103776775314939
5000,12,12,BayesianGMM,4.93,0.904880326525545,0.0944780588141468
1000,12,12,BayesianGMM,4.67,2.86570035743412E-17,2.47845256070844E-17
1000,12,12,BayesianGMM,4.7,1.63027919035917E-10,1.43796633837239E-10
1000,12,12,BayesianGMM,4.72,1.52988002389746E-07,1.03561882500773E-07
1000,12,12,BayesianGMM,4.73,0.0042032676937538,0.00393256823915763
1000,12,12,BayesianGMM,4.74,0.00105452567355121,0.00105257218659094
1000,12,12,BayesianGMM,4.75,0.0300192982106599,0.0295163867104572
1000,12,12,BayesianGMM,4.76,0.0503211252399902,0.0328160560030722
1000,12,12,BayesianGMM,4.77,0.0590505590316403,0.0386075250576374
1000,12,12,BayesianGMM,4.78,0.0912814124917102,0.0385495280996893
1000,12,12,BayesianGMM,4.79,0.227815688340413,0.0642826197880294
1000,12,12,BayesianGMM,4.81,0.346187067938068,0.0728967820129818
1000,12,12,BayesianGMM,4.82,0.507710108800458,0.0762088879535041
1000,12,12,BayesianGMM,4.83,0.534384404900477,0.0857543526270856
1000,12,12,BayesianGMM,4.84,0.612688806516302,0.0620497064779769
1000,12,12,BayesianGMM,4.85,0.736618200225849,0.0579851828735946
1000,12,12,BayesianGMM,4.86,0.71592718021966,0.0600351311938512
1000,12,12,BayesianGMM,4.87,0.77093358433475,0.0545360803713109
1000,12,12,BayesianGMM,4.88,0.766176414979666,0.0531351905732931
1000,12,12,BayesianGMM,4.9,0.854488154893375,0.0431829435799104
1000,12,12,BayesianGMM,4.93,0.871359439731342,0.043781839857489
500,12,12,BayesianGMM,4.67,2.40146127268698E-13,2.25535012497551E-13
500,12,12,BayesianGMM,4.7,1.35352919121024E-07,1.03582933716794E-07
500,12,12,BayesianGMM,4.72,2.32669550588546E-05,2.14013927475589E-05
500,12,12,BayesianGMM,4.73,0.0271733927285519,0.0191517446095311
500,12,12,BayesianGMM,4.74,0.0159411737693802,0.0112342460572014
500,12,12,BayesianGMM,4.75,0.061945973351027,0.0287920003022956
500,12,12,BayesianGMM,4.76,0.0894703369877761,0.0483697144804634
500,12,12,BayesianGMM,4.77,0.089815744649352,0.030206952068799
500,12,12,BayesianGMM,4.78,0.158108034200287,0.037542069829637
500,12,12,BayesianGMM,4.79,0.259038153592226,0.0457073340574398
500,12,12,BayesianGMM,4.81,0.376318122506775,0.0460456568152595
500,12,12,BayesianGMM,4.82,0.532435278294079,0.0497124588054359
500,12,12,BayesianGMM,4.83,0.632893064776944,0.0451502355814113
500,12,12,BayesianGMM,4.84,0.630247717358354,0.0442227097295514
500,12,12,BayesianGMM,4.85,0.749868689664806,0.0408786290069945
500,12,12,BayesianGMM,4.86,0.728842788409034,0.0406508858722452
500,12,12,BayesianGMM,4.87,0.742019892294111,0.041189662991166
500,12,12,BayesianGMM,4.88,0.794794895906631,0.0372072553627037
500,12,12,BayesianGMM,4.9,0.891131679753612,0.0283173632047549
500,12,12,BayesianGMM,4.93,0.917751756918712,0.0244649769876351
