243248.000000000000 10609.000000000000 14638.000000000000 3468.000000000000
239716.000000000000 10811.000000000000 10649.000000000000 3532.000000000000
246656.000000000000 10738.000000000000 10495.000000000000 3504.000000000000
241278.000000000000 7080.000000000000 9755.000000000000 2311.000000000000
240722.000000000000 11575.000000000000 14688.000000000000 3777.000000000000
251332.000000000000 14868.000000000000 13688.000000000000 4856.000000000000
249226.000000000000 10977.000000000000 14427.000000000000 3582.000000000000
253058.000000000000 13291.000000000000 13032.000000000000 4343.000000000000
242558.000000000000 11334.000000000000 12133.000000000000 3702.000000000000
242716.000000000000 11258.000000000000 11231.000000000000 3688.000000000000
251536.000000000000 11120.000000000000 16040.000000000000 3628.000000000000
242284.000000000000 10079.000000000000 16976.000000000000 3287.000000000000
247590.000000000000 13127.000000000000 10949.000000000000 4301.000000000000
241036.000000000000 10206.000000000000 10546.000000000000 3335.000000000000
245044.000000000000 15921.000000000000 10542.000000000000 5206.000000000000
242000.000000000000 12980.000000000000 12867.000000000000 4248.000000000000
245684.000000000000 15148.000000000000 10840.000000000000 4959.000000000000
244502.000000000000 8938.000000000000 14585.000000000000 2914.000000000000
257102.000000000000 13607.000000000000 12494.000000000000 4446.000000000000
242068.000000000000 11656.000000000000 12128.000000000000 3804.000000000000
240214.000000000000 11935.000000000000 12524.000000000000 3901.000000000000
248114.000000000000 11712.000000000000 12588.000000000000 3826.000000000000
254324.000000000000 11471.000000000000 13768.000000000000 3743.000000000000
245414.000000000000 11397.000000000000 11126.000000000000 3725.000000000000
241098.000000000000 11153.000000000000 13154.000000000000 3651.000000000000
244518.000000000000 10008.000000000000 17926.000000000000 3264.000000000000
247290.000000000000 14816.000000000000 15023.000000000000 4841.000000000000
239868.000000000000 15063.000000000000 10015.000000000000 4925.000000000000
244052.000000000000 11817.000000000000 15359.000000000000 3863.000000000000
250752.000000000000 10796.000000000000 12082.000000000000 3527.000000000000
257396.000000000000 12084.000000000000 12499.000000000000 3953.000000000000
239094.000000000000 7363.000000000000 8777.000000000000 2404.000000000000
248380.000000000000 13156.000000000000 11304.000000000000 4303.000000000000
247572.000000000000 13728.000000000000 15456.000000000000 4489.000000000000
243012.000000000000 11964.000000000000 10388.000000000000 3907.000000000000
240792.000000000000 13105.000000000000 14389.000000000000 4283.000000000000
252332.000000000000 13349.000000000000 8207.000000000000 4366.000000000000
246568.000000000000 9766.000000000000 11865.000000000000 3183.000000000000
249424.000000000000 13765.000000000000 14286.000000000000 4500.000000000000
244182.000000000000 12911.000000000000 18688.000000000000 4212.000000000000
241972.000000000000 12229.000000000000 13658.000000000000 4003.000000000000
239846.000000000000 14719.000000000000 9532.000000000000 4823.000000000000
256572.000000000000 11171.000000000000 13441.000000000000 3654.000000000000
258706.000000000000 12585.000000000000 12498.000000000000 4119.000000000000
245096.000000000000 13677.000000000000 14827.000000000000 4476.000000000000
253370.000000000000 12154.000000000000 10926.000000000000 3975.000000000000
249704.000000000000 14326.000000000000 13168.000000000000 4686.000000000000
239156.000000000000 16652.000000000000 7615.000000000000 5445.000000000000
252170.000000000000 15808.000000000000 11639.000000000000 5173.000000000000
250182.000000000000 14215.000000000000 12632.000000000000 4653.000000000000
239996.000000000000 4703.000000000000 21786.000000000000 1534.000000000000
244808.000000000000 11664.000000000000 9325.000000000000 3808.000000000000
241008.000000000000 11462.000000000000 8048.000000000000 3748.000000000000
244540.000000000000 11304.000000000000 12986.000000000000 3699.000000000000
239968.000000000000 19493.000000000000 8921.000000000000 6385.000000000000
244414.000000000000 16677.000000000000 6756.000000000000 5471.000000000000
244442.000000000000 9459.000000000000 9467.000000000000 3085.000000000000
240372.000000000000 9739.000000000000 14619.000000000000 3181.000000000000
245058.000000000000 10614.000000000000 15322.000000000000 3479.000000000000
240860.000000000000 12299.000000000000 14165.000000000000 4021.000000000000
249992.000000000000 10297.000000000000 17875.000000000000 3369.000000000000
250754.000000000000 12514.000000000000 13265.000000000000 4088.000000000000
254240.000000000000 14050.000000000000 12786.000000000000 4580.000000000000
241954.000000000000 10596.000000000000 16780.000000000000 3456.000000000000
246918.000000000000 12142.000000000000 14092.000000000000 3958.000000000000
242368.000000000000 15833.000000000000 14851.000000000000 5178.000000000000
251562.000000000000 15986.000000000000 13845.000000000000 5227.000000000000
246312.000000000000 10462.000000000000 12479.000000000000 3416.000000000000
242312.000000000000 15380.000000000000 9395.000000000000 5032.000000000000
256626.000000000000 12457.000000000000 11024.000000000000 4074.000000000000
247090.000000000000 9816.000000000000 12304.000000000000 3198.000000000000
251004.000000000000 13407.000000000000 12499.000000000000 4383.000000000000
243806.000000000000 13132.000000000000 10105.000000000000 4296.000000000000
256732.000000000000 13635.000000000000 11786.000000000000 4450.000000000000
245674.000000000000 12762.000000000000 10463.000000000000 4166.000000000000
243708.000000000000 7427.000000000000 14956.000000000000 2432.000000000000
251408.000000000000 16528.000000000000 8933.000000000000 5406.000000000000
249980.000000000000 10434.000000000000 13338.000000000000 3411.000000000000
257646.000000000000 13899.000000000000 11020.000000000000 4541.000000000000
243570.000000000000 12371.000000000000 14695.000000000000 4045.000000000000
242030.000000000000 11842.000000000000 15998.000000000000 3870.000000000000
245840.000000000000 14399.000000000000 11238.000000000000 4710.000000000000
248974.000000000000 14324.000000000000 13486.000000000000 4683.000000000000
238564.000000000000 10865.000000000000 9628.000000000000 3552.000000000000
243518.000000000000 12282.000000000000 8694.000000000000 4019.000000000000
240360.000000000000 7784.000000000000 13048.000000000000 2539.000000000000
241632.000000000000 14049.000000000000 18154.000000000000 4599.000000000000
240624.000000000000 11079.000000000000 16972.000000000000 3622.000000000000
248622.000000000000 12661.000000000000 13062.000000000000 4138.000000000000
239606.000000000000 7033.000000000000 7417.000000000000 2290.000000000000
251084.000000000000 15296.000000000000 14086.000000000000 5003.000000000000
240716.000000000000 11636.000000000000 11216.000000000000 3805.000000000000
247348.000000000000 13301.000000000000 13336.000000000000 4348.000000000000
241524.000000000000 9389.000000000000 9768.000000000000 3062.000000000000
250456.000000000000 10367.000000000000 11314.000000000000 3382.000000000000
245056.000000000000 10448.000000000000 10551.000000000000 3418.000000000000
249832.000000000000 14396.000000000000 10269.000000000000 4699.000000000000
240836.000000000000 9930.000000000000 18955.000000000000 3246.000000000000
246412.000000000000 15026.000000000000 13792.000000000000 4916.000000000000
248876.000000000000 15434.000000000000 8893.000000000000 5053.000000000000
243562.000000000000 13452.000000000000 12187.000000000000 4402.000000000000
246052.000000000000 11604.000000000000 11051.000000000000 3791.000000000000
245260.000000000000 13235.000000000000 16053.000000000000 4317.000000000000
246960.000000000000 11430.000000000000 11990.000000000000 3735.000000000000
239742.000000000000 8032.000000000000 17415.000000000000 2622.000000000000
246476.000000000000 18141.000000000000 11109.000000000000 5938.000000000000
242956.000000000000 13435.000000000000 11617.000000000000 4391.000000000000
251122.000000000000 12049.000000000000 13829.000000000000 3941.000000000000
242246.000000000000 9076.000000000000 14014.000000000000 2965.000000000000
241394.000000000000 8452.000000000000 18451.000000000000 2757.000000000000
242738.000000000000 10932.000000000000 14257.000000000000 3570.000000000000
241932.000000000000 11733.000000000000 10930.000000000000 3829.000000000000
248638.000000000000 10955.000000000000 12434.000000000000 3578.000000000000
243482.000000000000 11714.000000000000 14936.000000000000 3827.000000000000
240600.000000000000 10988.000000000000 15761.000000000000 3598.000000000000
241384.000000000000 10982.000000000000 20472.000000000000 3592.000000000000
240360.000000000000 13107.000000000000 14876.000000000000 4295.000000000000
239198.000000000000 7718.000000000000 10221.000000000000 2515.000000000000
255984.000000000000 14254.000000000000 12688.000000000000 4661.000000000000
247166.000000000000 10725.000000000000 12727.000000000000 3501.000000000000
245844.000000000000 15488.000000000000 11220.000000000000 5068.000000000000
241672.000000000000 9526.000000000000 10379.000000000000 3119.000000000000
250998.000000000000 13889.000000000000 10235.000000000000 4543.000000000000
249746.000000000000 11422.000000000000 11576.000000000000 3733.000000000000
238766.000000000000 17583.000000000000 10564.000000000000 5757.000000000000
257866.000000000000 10757.000000000000 13505.000000000000 3514.000000000000
248168.000000000000 12587.000000000000 10538.000000000000 4122.000000000000
241344.000000000000 13744.000000000000 11571.000000000000 4497.000000000000
241536.000000000000 13532.000000000000 12003.000000000000 4421.000000000000
249858.000000000000 8644.000000000000 13810.000000000000 2821.000000000000
242290.000000000000 10529.000000000000 12166.000000000000 3448.000000000000
244818.000000000000 13091.000000000000 12083.000000000000 4280.000000000000
245024.000000000000 11774.000000000000 14848.000000000000 3853.000000000000
257784.000000000000 14371.000000000000 12181.000000000000 4703.000000000000
238834.000000000000 11654.000000000000 15185.000000000000 3810.000000000000
239774.000000000000 11132.000000000000 10147.000000000000 3640.000000000000
256318.000000000000 11488.000000000000 12175.000000000000 3755.000000000000
243616.000000000000 13071.000000000000 14595.000000000000 4278.000000000000
245022.000000000000 13406.000000000000 9133.000000000000 4381.000000000000
247782.000000000000 12954.000000000000 10471.000000000000 4225.000000000000
242308.000000000000 9221.000000000000 9330.000000000000 3007.000000000000
240766.000000000000 13752.000000000000 5829.000000000000 4495.000000000000
252410.000000000000 13499.000000000000 12060.000000000000 4411.000000000000
248960.000000000000 12710.000000000000 10680.000000000000 4154.000000000000
247052.000000000000 10482.000000000000 13728.000000000000 3426.000000000000
247764.000000000000 13025.000000000000 12519.000000000000 4254.000000000000
243378.000000000000 7841.000000000000 14511.000000000000 2563.000000000000
240960.000000000000 13978.000000000000 6363.000000000000 4571.000000000000
248610.000000000000 12739.000000000000 12401.000000000000 4157.000000000000
245594.000000000000 11107.000000000000 9882.000000000000 3619.000000000000
242510.000000000000 11095.000000000000 16001.000000000000 3628.000000000000
240316.000000000000 13696.000000000000 13659.000000000000 4471.000000000000
240506.000000000000 12851.000000000000 15498.000000000000 4191.000000000000
242050.000000000000 17299.000000000000 12051.000000000000 5662.000000000000
246938.000000000000 10773.000000000000 14877.000000000000 3519.000000000000
241638.000000000000 8077.000000000000 22882.000000000000 2640.000000000000
242498.000000000000 13020.000000000000 12308.000000000000 4263.000000000000
244012.000000000000 10370.000000000000 10909.000000000000 3384.000000000000
248412.000000000000 10784.000000000000 17663.000000000000 3522.000000000000
240812.000000000000 8323.000000000000 13966.000000000000 2724.000000000000
246796.000000000000 10657.000000000000 13649.000000000000 3479.000000000000
244872.000000000000 9513.000000000000 10624.000000000000 3113.000000000000
256888.000000000000 10787.000000000000 11971.000000000000 3523.000000000000
242076.000000000000 11869.000000000000 11468.000000000000 3883.000000000000
241532.000000000000 11552.000000000000 12484.000000000000 3777.000000000000
254104.000000000000 13199.000000000000 11838.000000000000 4319.000000000000
251312.000000000000 13367.000000000000 12024.000000000000 4372.000000000000
242058.000000000000 8561.000000000000 12202.000000000000 2797.000000000000
238518.000000000000 12868.000000000000 7584.000000000000 4203.000000000000
243808.000000000000 11760.000000000000 11949.000000000000 3842.000000000000
247902.000000000000 14142.000000000000 12919.000000000000 4617.000000000000
250334.000000000000 11757.000000000000 13791.000000000000 3838.000000000000
242110.000000000000 8493.000000000000 9470.000000000000 2765.000000000000
246166.000000000000 12212.000000000000 9393.000000000000 3990.000000000000
241956.000000000000 14278.000000000000 8669.000000000000 4664.000000000000
253132.000000000000 12673.000000000000 15429.000000000000 4140.000000000000
251666.000000000000 13031.000000000000 10042.000000000000 4254.000000000000
256450.000000000000 11664.000000000000 12819.000000000000 3806.000000000000
245280.000000000000 14229.000000000000 13045.000000000000 4652.000000000000
243620.000000000000 6123.000000000000 10924.000000000000 2001.000000000000
245646.000000000000 16925.000000000000 7548.000000000000 5536.000000000000
244130.000000000000 10797.000000000000 11462.000000000000 3527.000000000000
251852.000000000000 16012.000000000000 13045.000000000000 5237.000000000000
251836.000000000000 15568.000000000000 12597.000000000000 5092.000000000000
248676.000000000000 12367.000000000000 14721.000000000000 4045.000000000000
240952.000000000000 14002.000000000000 14866.000000000000 4576.000000000000
241156.000000000000 11015.000000000000 8808.000000000000 3598.000000000000
239292.000000000000 12913.000000000000 12127.000000000000 4227.000000000000
240994.000000000000 8228.000000000000 8036.000000000000 2686.000000000000
257326.000000000000 11785.000000000000 14765.000000000000 3851.000000000000
241408.000000000000 10809.000000000000 10917.000000000000 3534.000000000000
242046.000000000000 13936.000000000000 13012.000000000000 4569.000000000000
256868.000000000000 12752.000000000000 14685.000000000000 4164.000000000000
250882.000000000000 15176.000000000000 10260.000000000000 4963.000000000000
253708.000000000000 12233.000000000000 13709.000000000000 3999.000000000000
249260.000000000000 12450.000000000000 13927.000000000000 4077.000000000000
240440.000000000000 8575.000000000000 12969.000000000000 2807.000000000000
248864.000000000000 16801.000000000000 11309.000000000000 5478.000000000000
249302.000000000000 10483.000000000000 12806.000000000000 3420.000000000000
251992.000000000000 11297.000000000000 13833.000000000000 3686.000000000000
243150.000000000000 12685.000000000000 13843.000000000000 4153.000000000000
241296.000000000000 10256.000000000000 13529.000000000000 3351.000000000000
249720.000000000000 10948.000000000000 13322.000000000000 3578.000000000000
247152.000000000000 9554.000000000000 14120.000000000000 3122.000000000000
248910.000000000000 14831.000000000000 10760.000000000000 4851.000000000000
242128.000000000000 12133.000000000000 10874.000000000000 3964.000000000000
245592.000000000000 11284.000000000000 19412.000000000000 3688.000000000000
238176.000000000000 12210.000000000000 15160.000000000000 3992.000000000000
241626.000000000000 15513.000000000000 10996.000000000000 5080.000000000000
245636.000000000000 12347.000000000000 10685.000000000000 4025.000000000000
240234.000000000000 10835.000000000000 9057.000000000000 3545.000000000000
256132.000000000000 13078.000000000000 12932.000000000000 4282.000000000000
243848.000000000000 12347.000000000000 10148.000000000000 4029.000000000000
251708.000000000000 9706.000000000000 14450.000000000000 3164.000000000000
249052.000000000000 10365.000000000000 13108.000000000000 3382.000000000000
242168.000000000000 18542.000000000000 10949.000000000000 6054.000000000000
241130.000000000000 15213.000000000000 11358.000000000000 4974.000000000000
254948.000000000000 12096.000000000000 11477.000000000000 3953.000000000000
242046.000000000000 14733.000000000000 14936.000000000000 4808.000000000000
239790.000000000000 9146.000000000000 6326.000000000000 2982.000000000000
251136.000000000000 11368.000000000000 10573.000000000000 3709.000000000000
239172.000000000000 8932.000000000000 18722.000000000000 2915.000000000000
242104.000000000000 14626.000000000000 7582.000000000000 4774.000000000000
247904.000000000000 13550.000000000000 11519.000000000000 4434.000000000000
245954.000000000000 10982.000000000000 11580.000000000000 3587.000000000000
250960.000000000000 12980.000000000000 12424.000000000000 4238.000000000000
240384.000000000000 10122.000000000000 16303.000000000000 3309.000000000000
250554.000000000000 12835.000000000000 13168.000000000000 4197.000000000000
240012.000000000000 9628.000000000000 9018.000000000000 3137.000000000000
250676.000000000000 13051.000000000000 12651.000000000000 4274.000000000000
242728.000000000000 8570.000000000000 9647.000000000000 2799.000000000000
249080.000000000000 13458.000000000000 14005.000000000000 4395.000000000000
241874.000000000000 10978.000000000000 13815.000000000000 3585.000000000000
241758.000000000000 18811.000000000000 11607.000000000000 6161.000000000000
247494.000000000000 13104.000000000000 7679.000000000000 4283.000000000000
240630.000000000000 8967.000000000000 15300.000000000000 2932.000000000000
250976.000000000000 11584.000000000000 15745.000000000000 3784.000000000000
243280.000000000000 15965.000000000000 10705.000000000000 5217.000000000000
242064.000000000000 14152.000000000000 11502.000000000000 4634.000000000000
243466.000000000000 12455.000000000000 15456.000000000000 4073.000000000000
251188.000000000000 13236.000000000000 12577.000000000000 4327.000000000000
254062.000000000000 10811.000000000000 12745.000000000000 3532.000000000000
242810.000000000000 14523.000000000000 11348.000000000000 4740.000000000000
255630.000000000000 13047.000000000000 11057.000000000000 4264.000000000000
240020.000000000000 11942.000000000000 18053.000000000000 3903.000000000000
255978.000000000000 12056.000000000000 13184.000000000000 3933.000000000000
246804.000000000000 15259.000000000000 10295.000000000000 4988.000000000000
238954.000000000000 12055.000000000000 10236.000000000000 3938.000000000000
243140.000000000000 11425.000000000000 12475.000000000000 3734.000000000000
245068.000000000000 15564.000000000000 11570.000000000000 5095.000000000000
252706.000000000000 14317.000000000000 12630.000000000000 4682.000000000000
240440.000000000000 12490.000000000000 16805.000000000000 4080.000000000000
247520.000000000000 12539.000000000000 14188.000000000000 4095.000000000000
250872.000000000000 13807.000000000000 12670.000000000000 4514.000000000000
255012.000000000000 11044.000000000000 12350.000000000000 3604.000000000000
241814.000000000000 9780.000000000000 13435.000000000000 3195.000000000000
243234.000000000000 13652.000000000000 17803.000000000000 4470.000000000000
239182.000000000000 14827.000000000000 9112.000000000000 4861.000000000000
242408.000000000000 13190.000000000000 13335.000000000000 4319.000000000000
243990.000000000000 15448.000000000000 12902.000000000000 5056.000000000000
240948.000000000000 10783.000000000000 13842.000000000000 3517.000000000000
250734.000000000000 14367.000000000000 12329.000000000000 4692.000000000000
241558.000000000000 9336.000000000000 14471.000000000000 3053.000000000000
240794.000000000000 11619.000000000000 9088.000000000000 3800.000000000000
241024.000000000000 12272.000000000000 11117.000000000000 4011.000000000000
247098.000000000000 12027.000000000000 13216.000000000000 3928.000000000000
242976.000000000000 13313.000000000000 15710.000000000000 4354.000000000000
248814.000000000000 13502.000000000000 11609.000000000000 4416.000000000000
256358.000000000000 10631.000000000000 13241.000000000000 3478.000000000000
244398.000000000000 11156.000000000000 13774.000000000000 3642.000000000000
241262.000000000000 6098.000000000000 14981.000000000000 1989.000000000000
239236.000000000000 10410.000000000000 6250.000000000000 3398.000000000000
245630.000000000000 9404.000000000000 12781.000000000000 3072.000000000000
243812.000000000000 11668.000000000000 7906.000000000000 3816.000000000000
245098.000000000000 15447.000000000000 10640.000000000000 5050.000000000000
240012.000000000000 9686.000000000000 14047.000000000000 3164.000000000000
245564.000000000000 7976.000000000000 9611.000000000000 2602.000000000000
257136.000000000000 10455.000000000000 13419.000000000000 3420.000000000000
241244.000000000000 11554.000000000000 14153.000000000000 3773.000000000000
253770.000000000000 14005.000000000000 10344.000000000000 4585.000000000000
248746.000000000000 8850.000000000000 11160.000000000000 2887.000000000000
248140.000000000000 12237.000000000000 12523.000000000000 4006.000000000000
239468.000000000000 15391.000000000000 11414.000000000000 5032.000000000000
238856.000000000000 11546.000000000000 11797.000000000000 3775.000000000000
243238.000000000000 16894.000000000000 9573.000000000000 5521.000000000000
243698.000000000000 10799.000000000000 11905.000000000000 3531.000000000000
240414.000000000000 10157.000000000000 6957.000000000000 3317.000000000000
245988.000000000000 11658.000000000000 10166.000000000000 3810.000000000000
243806.000000000000 8275.000000000000 15920.000000000000 2702.000000000000
248354.000000000000 13736.000000000000 9932.000000000000 4492.000000000000
248550.000000000000 11123.000000000000 11263.000000000000 3633.000000000000
248296.000000000000 16228.000000000000 12594.000000000000 5298.000000000000
242136.000000000000 8260.000000000000 9644.000000000000 2701.000000000000
256194.000000000000 11719.000000000000 14362.000000000000 3828.000000000000
241752.000000000000 18092.000000000000 13274.000000000000 5932.000000000000
251408.000000000000 11439.000000000000 13015.000000000000 3734.000000000000
253052.000000000000 13481.000000000000 10993.000000000000 4413.000000000000
249396.000000000000 12860.000000000000 10242.000000000000 4207.000000000000
243408.000000000000 11556.000000000000 9654.000000000000 3770.000000000000
241678.000000000000 12229.000000000000 6563.000000000000 3997.000000000000
239320.000000000000 11117.000000000000 12053.000000000000 3633.000000000000
241918.000000000000 9922.000000000000 15298.000000000000 3238.000000000000
240982.000000000000 11119.000000000000 10045.000000000000 3630.000000000000
243646.000000000000 17553.000000000000 11285.000000000000 5741.000000000000
251804.000000000000 12846.000000000000 11236.000000000000 4200.000000000000
241636.000000000000 9450.000000000000 14473.000000000000 3085.000000000000
246018.000000000000 12056.000000000000 14669.000000000000 3941.000000000000
254866.000000000000 12089.000000000000 10873.000000000000 3955.000000000000
243908.000000000000 18221.000000000000 12346.000000000000 5951.000000000000
253680.000000000000 16348.000000000000 13194.000000000000 5346.000000000000
243092.000000000000 14570.000000000000 12745.000000000000 4765.000000000000
252528.000000000000 13857.000000000000 11745.000000000000 4526.000000000000
248570.000000000000 13808.000000000000 12415.000000000000 4513.000000000000
240766.000000000000 8379.000000000000 16381.000000000000 2725.000000000000
251068.000000000000 12816.000000000000 14422.000000000000 4186.000000000000
241840.000000000000 9324.000000000000 7678.000000000000 3047.000000000000
242432.000000000000 19489.000000000000 9948.000000000000 6378.000000000000
240376.000000000000 6426.000000000000 17882.000000000000 2092.000000000000
241376.000000000000 8951.000000000000 15876.000000000000 2920.000000000000
243868.000000000000 16397.000000000000 8959.000000000000 5356.000000000000
247422.000000000000 12226.000000000000 12391.000000000000 3999.000000000000
249736.000000000000 13412.000000000000 9112.000000000000 4391.000000000000
255934.000000000000 12407.000000000000 14020.000000000000 4053.000000000000
240770.000000000000 11619.000000000000 7242.000000000000 3801.000000000000
242358.000000000000 12255.000000000000 19530.000000000000 4005.000000000000
239960.000000000000 13305.000000000000 14073.000000000000 4356.000000000000
254242.000000000000 13269.000000000000 10779.000000000000 4339.000000000000
241218.000000000000 16174.000000000000 9381.000000000000 5293.000000000000
245722.000000000000 14536.000000000000 9765.000000000000 4753.000000000000
241730.000000000000 13106.000000000000 9962.000000000000 4280.000000000000
242214.000000000000 13864.000000000000 13536.000000000000 4535.000000000000
249174.000000000000 9082.000000000000 17456.000000000000 2965.000000000000
250310.000000000000 12292.000000000000 9605.000000000000 4020.000000000000
241306.000000000000 11122.000000000000 12698.000000000000 3637.000000000000
247832.000000000000 13288.000000000000 12491.000000000000 4345.000000000000
241430.000000000000 11209.000000000000 11944.000000000000 3665.000000000000
242114.000000000000 14885.000000000000 16700.000000000000 4872.000000000000
247036.000000000000 8863.000000000000 11016.000000000000 2899.000000000000
242924.000000000000 18043.000000000000 9334.000000000000 5904.000000000000
256186.000000000000 10023.000000000000 12793.000000000000 3277.000000000000
239018.000000000000 19082.000000000000 13925.000000000000 6248.000000000000
239872.000000000000 9039.000000000000 17629.000000000000 2952.000000000000
241168.000000000000 8913.000000000000 14380.000000000000 2909.000000000000
241644.000000000000 15967.000000000000 12911.000000000000 5218.000000000000
245038.000000000000 13582.000000000000 13987.000000000000 4450.000000000000
242122.000000000000 6864.000000000000 13817.000000000000 2232.000000000000
240584.000000000000 12369.000000000000 11922.000000000000 4043.000000000000
256318.000000000000 13287.000000000000 13050.000000000000 4341.000000000000
242214.000000000000 11078.000000000000 11154.000000000000 3623.000000000000
247314.000000000000 6281.000000000000 14467.000000000000 2044.000000000000
241676.000000000000 13237.000000000000 5557.000000000000 4327.000000000000
241740.000000000000 14343.000000000000 10126.000000000000 4678.000000000000
240412.000000000000 9109.000000000000 18817.000000000000 2973.000000000000
245738.000000000000 14269.000000000000 11924.000000000000 4667.000000000000
246536.000000000000 15094.000000000000 14358.000000000000 4929.000000000000
242310.000000000000 13052.000000000000 17118.000000000000 4270.000000000000
254242.000000000000 12079.000000000000 11830.000000000000 3949.000000000000
245122.000000000000 14939.000000000000 13494.000000000000 4879.000000000000
243528.000000000000 13490.000000000000 11687.000000000000 4408.000000000000
240348.000000000000 17160.000000000000 6418.000000000000 5618.000000000000
241876.000000000000 11214.000000000000 11975.000000000000 3664.000000000000
243924.000000000000 12240.000000000000 13024.000000000000 4000.000000000000
246838.000000000000 10592.000000000000 14242.000000000000 3462.000000000000
247080.000000000000 16375.000000000000 10445.000000000000 5354.000000000000
250908.000000000000 11086.000000000000 12937.000000000000 3627.000000000000
256788.000000000000 13868.000000000000 12599.000000000000 4535.000000000000
241164.000000000000 17554.000000000000 8892.000000000000 5740.000000000000
245656.000000000000 15126.000000000000 8768.000000000000 4955.000000000000
250400.000000000000 13320.000000000000 8700.000000000000 4357.000000000000
242548.000000000000 14269.000000000000 14371.000000000000 4665.000000000000
247058.000000000000 10856.000000000000 10886.000000000000 3550.000000000000
238900.000000000000 14608.000000000000 13307.000000000000 4771.000000000000
243158.000000000000 16446.000000000000 8468.000000000000 5384.000000000000
238568.000000000000 10422.000000000000 10358.000000000000 3403.000000000000
244386.000000000000 10392.000000000000 7097.000000000000 3393.000000000000
243672.000000000000 10799.000000000000 14409.000000000000 3526.000000000000
251284.000000000000 10929.000000000000 12590.000000000000 3576.000000000000
243622.000000000000 9101.000000000000 15566.000000000000 2979.000000000000
250060.000000000000 13068.000000000000 11040.000000000000 4279.000000000000
239964.000000000000 8769.000000000000 14040.000000000000 2861.000000000000
243428.000000000000 10070.000000000000 12516.000000000000 3293.000000000000
241582.000000000000 14286.000000000000 8631.000000000000 4675.000000000000
257288.000000000000 14092.000000000000 12009.000000000000 4604.000000000000
246894.000000000000 10926.000000000000 14009.000000000000 3561.000000000000
247896.000000000000 9090.000000000000 10969.000000000000 2966.000000000000
255016.000000000000 12542.000000000000 13422.000000000000 4093.000000000000
240594.000000000000 16630.000000000000 13303.000000000000 5444.000000000000
245710.000000000000 16350.000000000000 14781.000000000000 5340.000000000000
239944.000000000000 7856.000000000000 11892.000000000000 2560.000000000000
240006.000000000000 10441.000000000000 17878.000000000000 3410.000000000000
240606.000000000000 10546.000000000000 6798.000000000000 3454.000000000000
244806.000000000000 17056.000000000000 11814.000000000000 5575.000000000000
252670.000000000000 16607.000000000000 11242.000000000000 5425.000000000000
241862.000000000000 13589.000000000000 12416.000000000000 4444.000000000000
240088.000000000000 8129.000000000000 14428.000000000000 2652.000000000000
247250.000000000000 13619.000000000000 12930.000000000000 4459.000000000000
248578.000000000000 12123.000000000000 14445.000000000000 3960.000000000000
241932.000000000000 8893.000000000000 17117.000000000000 2903.000000000000
246110.000000000000 13859.000000000000 13383.000000000000 4521.000000000000
247646.000000000000 10532.000000000000 9937.000000000000 3437.000000000000
250194.000000000000 13715.000000000000 12681.000000000000 4482.000000000000
243984.000000000000 12700.000000000000 9799.000000000000 4142.000000000000
250064.000000000000 14798.000000000000 11533.000000000000 4844.000000000000
247542.000000000000 12763.000000000000 10569.000000000000 4173.000000000000
242204.000000000000 15608.000000000000 11945.000000000000 5107.000000000000
242598.000000000000 12642.000000000000 12865.000000000000 4124.000000000000
247174.000000000000 16617.000000000000 12451.000000000000 5431.000000000000
242286.000000000000 10952.000000000000 17566.000000000000 3576.000000000000
240694.000000000000 6911.000000000000 18972.000000000000 2253.000000000000
239800.000000000000 10799.000000000000 14481.000000000000 3527.000000000000
242362.000000000000 10002.000000000000 13314.000000000000 3266.000000000000
241986.000000000000 16156.000000000000 9508.000000000000 5280.000000000000
240136.000000000000 7764.000000000000 13318.000000000000 2537.000000000000
245184.000000000000 11822.000000000000 12202.000000000000 3865.000000000000
243284.000000000000 15513.000000000000 10184.000000000000 5070.000000000000
246780.000000000000 11561.000000000000 9343.000000000000 3784.000000000000
239160.000000000000 12259.000000000000 15939.000000000000 4005.000000000000
251672.000000000000 12995.000000000000 14359.000000000000 4249.000000000000
242248.000000000000 10809.000000000000 18821.000000000000 3525.000000000000
244844.000000000000 10688.000000000000 15505.000000000000 3490.000000000000
240952.000000000000 10323.000000000000 16521.000000000000 3369.000000000000
255228.000000000000 13628.000000000000 12317.000000000000 4456.000000000000
247992.000000000000 9925.000000000000 15623.000000000000 3243.000000000000
240044.000000000000 10762.000000000000 7318.000000000000 3515.000000000000
244394.000000000000 11053.000000000000 15188.000000000000 3613.000000000000
246378.000000000000 9887.000000000000 14495.000000000000 3235.000000000000
239388.000000000000 8903.000000000000 11302.000000000000 2901.000000000000
256932.000000000000 11775.000000000000 11123.000000000000 3852.000000000000
250994.000000000000 13829.000000000000 14447.000000000000 4527.000000000000
244736.000000000000 11887.000000000000 13750.000000000000 3881.000000000000
244412.000000000000 13313.000000000000 15242.000000000000 4351.000000000000
241224.000000000000 11080.000000000000 10887.000000000000 3621.000000000000
240628.000000000000 11493.000000000000 6921.000000000000 3760.000000000000
243160.000000000000 14384.000000000000 13242.000000000000 4706.000000000000
241842.000000000000 18594.000000000000 7838.000000000000 6090.000000000000
256020.000000000000 13296.000000000000 14627.000000000000 4345.000000000000
241206.000000000000 14556.000000000000 14010.000000000000 4766.000000000000
238448.000000000000 13455.000000000000 9865.000000000000 4399.000000000000
241374.000000000000 10229.000000000000 15863.000000000000 3339.000000000000
241946.000000000000 13422.000000000000 15622.000000000000 4386.000000000000
252436.000000000000 14529.000000000000 11378.000000000000 4746.000000000000
241452.000000000000 9654.000000000000 12543.000000000000 3157.000000000000
247348.000000000000 13110.000000000000 11663.000000000000 4290.000000000000
254350.000000000000 12308.000000000000 9955.000000000000 4013.000000000000
242856.000000000000 17541.000000000000 11624.000000000000 5740.000000000000
240198.000000000000 14103.000000000000 9622.000000000000 4611.000000000000
240464.000000000000 15463.000000000000 11081.000000000000 5053.000000000000
254712.000000000000 12275.000000000000 13372.000000000000 4013.000000000000
241068.000000000000 12543.000000000000 15432.000000000000 4096.000000000000
242460.000000000000 13197.000000000000 12179.000000000000 4317.000000000000
239378.000000000000 8674.000000000000 8975.000000000000 2832.000000000000
246516.000000000000 13135.000000000000 11966.000000000000 4292.000000000000
240580.000000000000 8616.000000000000 14628.000000000000 2813.000000000000
243670.000000000000 13633.000000000000 13028.000000000000 4451.000000000000
243522.000000000000 11325.000000000000 12871.000000000000 3702.000000000000
244286.000000000000 11287.000000000000 11414.000000000000 3692.000000000000
244598.000000000000 13021.000000000000 13582.000000000000 4263.000000000000
250088.000000000000 9943.000000000000 11853.000000000000 3248.000000000000
241252.000000000000 12114.000000000000 10052.000000000000 3961.000000000000
242012.000000000000 11442.000000000000 12777.000000000000 3744.000000000000
254452.000000000000 12703.000000000000 11774.000000000000 4150.000000000000
240702.000000000000 16783.000000000000 7444.000000000000 5501.000000000000
250156.000000000000 12534.000000000000 11318.000000000000 4101.000000000000
254942.000000000000 12445.000000000000 13718.000000000000 4066.000000000000
246640.000000000000 15711.000000000000 10831.000000000000 5127.000000000000
258400.000000000000 12817.000000000000 12307.000000000000 4190.000000000000
243812.000000000000 14123.000000000000 14182.000000000000 4615.000000000000
242642.000000000000 9359.000000000000 11731.000000000000 3058.000000000000
240046.000000000000 5628.000000000000 13037.000000000000 1830.000000000000
244030.000000000000 10896.000000000000 15919.000000000000 3555.000000000000
247000.000000000000 10084.000000000000 14799.000000000000 3302.000000000000
243824.000000000000 16534.000000000000 12477.000000000000 5417.000000000000
255290.000000000000 8677.000000000000 12230.000000000000 2832.000000000000
243066.000000000000 12970.000000000000 12085.000000000000 4232.000000000000
244700.000000000000 14102.000000000000 12051.000000000000 4606.000000000000
240148.000000000000 7807.000000000000 16346.000000000000 2552.000000000000
241476.000000000000 13435.000000000000 9829.000000000000 4397.000000000000
241882.000000000000 12103.000000000000 13856.000000000000 3953.000000000000
242682.000000000000 13999.000000000000 11066.000000000000 4565.000000000000
241170.000000000000 6086.000000000000 22276.000000000000 1988.000000000000
242664.000000000000 10672.000000000000 13196.000000000000 3483.000000000000
243356.000000000000 9303.000000000000 12186.000000000000 3030.000000000000
257024.000000000000 12236.000000000000 12920.000000000000 4004.000000000000
245840.000000000000 13278.000000000000 11463.000000000000 4340.000000000000
240128.000000000000 10425.000000000000 17723.000000000000 3410.000000000000
248112.000000000000 13304.000000000000 10755.000000000000 4346.000000000000
252002.000000000000 15369.000000000000 12148.000000000000 5029.000000000000
247120.000000000000 10711.000000000000 15240.000000000000 3503.000000000000
252752.000000000000 12106.000000000000 14319.000000000000 3953.000000000000
255158.000000000000 12408.000000000000 10549.000000000000 4055.000000000000
246406.000000000000 11555.000000000000 13951.000000000000 3777.000000000000
241826.000000000000 13284.000000000000 14798.000000000000 4344.000000000000
241422.000000000000 13584.000000000000 8871.000000000000 4448.000000000000
242070.000000000000 8483.000000000000 14951.000000000000 2770.000000000000
242704.000000000000 15661.000000000000 9879.000000000000 5129.000000000000
240378.000000000000 16643.000000000000 8003.000000000000 5440.000000000000
247732.000000000000 11171.000000000000 13701.000000000000 3650.000000000000
254072.000000000000 14315.000000000000 13443.000000000000 4678.000000000000
243268.000000000000 14711.000000000000 10599.000000000000 4818.000000000000
257602.000000000000 15853.000000000000 10270.000000000000 5194.000000000000
240940.000000000000 19057.000000000000 11301.000000000000 6237.000000000000
246372.000000000000 17158.000000000000 12077.000000000000 5610.000000000000
244658.000000000000 11087.000000000000 12685.000000000000 3620.000000000000
244582.000000000000 12631.000000000000 13344.000000000000 4137.000000000000
249854.000000000000 10639.000000000000 11774.000000000000 3471.000000000000
251628.000000000000 12425.000000000000 11330.000000000000 4064.000000000000
241728.000000000000 16858.000000000000 9320.000000000000 5521.000000000000
249190.000000000000 15617.000000000000 11983.000000000000 5104.000000000000
246692.000000000000 13611.000000000000 12084.000000000000 4451.000000000000
240070.000000000000 9621.000000000000 5858.000000000000 3145.000000000000
257814.000000000000 13283.000000000000 11775.000000000000 4338.000000000000
249880.000000000000 14771.000000000000 14450.000000000000 4822.000000000000
253004.000000000000 11784.000000000000 12472.000000000000 3846.000000000000
243450.000000000000 10284.000000000000 9535.000000000000 3357.000000000000
243938.000000000000 13669.000000000000 11380.000000000000 4471.000000000000
246878.000000000000 10360.000000000000 12612.000000000000 3384.000000000000
257994.000000000000 13394.000000000000 11131.000000000000 4382.000000000000
250192.000000000000 17205.000000000000 8675.000000000000 5622.000000000000
244514.000000000000 17566.000000000000 13515.000000000000 5744.000000000000
239860.000000000000 10370.000000000000 13931.000000000000 3392.000000000000
251216.000000000000 12048.000000000000 15647.000000000000 3947.000000000000
242984.000000000000 8734.000000000000 19620.000000000000 2849.000000000000
241274.000000000000 18789.000000000000 9054.000000000000 6152.000000000000
246848.000000000000 11745.000000000000 14413.000000000000 3842.000000000000
246274.000000000000 13021.000000000000 12920.000000000000 4261.000000000000
247854.000000000000 9577.000000000000 15465.000000000000 3121.000000000000
242968.000000000000 9846.000000000000 12581.000000000000 3220.000000000000
239110.000000000000 21493.000000000000 9923.000000000000 7044.000000000000
241570.000000000000 12249.000000000000 11028.000000000000 4007.000000000000
243960.000000000000 11950.000000000000 10027.000000000000 3900.000000000000
239680.000000000000 12632.000000000000 7587.000000000000 4121.000000000000
252490.000000000000 12879.000000000000 13953.000000000000 4208.000000000000
245040.000000000000 13794.000000000000 10680.000000000000 4508.000000000000
239976.000000000000 11877.000000000000 11959.000000000000 3879.000000000000
256116.000000000000 15416.000000000000 12033.000000000000 5045.000000000000
242914.000000000000 12701.000000000000 12320.000000000000 4154.000000000000
258214.000000000000 10692.000000000000 12259.000000000000 3496.000000000000
246562.000000000000 11411.000000000000 14127.000000000000 3726.000000000000
255246.000000000000 11721.000000000000 12780.000000000000 3837.000000000000
254088.000000000000 11608.000000000000 13891.000000000000 3795.000000000000
243440.000000000000 14059.000000000000 10916.000000000000 4590.000000000000
247320.000000000000 16564.000000000000 10965.000000000000 5419.000000000000
242150.000000000000 10778.000000000000 15567.000000000000 3517.000000000000
239230.000000000000 8211.000000000000 15670.000000000000 2688.000000000000
255024.000000000000 11577.000000000000 11377.000000000000 3792.000000000000
244032.000000000000 13524.000000000000 10213.000000000000 4423.000000000000
250790.000000000000 12111.000000000000 11634.000000000000 3960.000000000000
242684.000000000000 15167.000000000000 16755.000000000000 4964.000000000000
239382.000000000000 22902.000000000000 7333.000000000000 7503.000000000000
241084.000000000000 12944.000000000000 12446.000000000000 4232.000000000000
246930.000000000000 12531.000000000000 13138.000000000000 4099.000000000000
248890.000000000000 15185.000000000000 14156.000000000000 4977.000000000000
249152.000000000000 12340.000000000000 14953.000000000000 4038.000000000000
242286.000000000000 15303.000000000000 11368.000000000000 5004.000000000000
240844.000000000000 6269.000000000000 20922.000000000000 2044.000000000000
247120.000000000000 12398.000000000000 16488.000000000000 4051.000000000000
243232.000000000000 12181.000000000000 11105.000000000000 3989.000000000000
252206.000000000000 13183.000000000000 12339.000000000000 4306.000000000000
241628.000000000000 7583.000000000000 15757.000000000000 2472.000000000000
240242.000000000000 12702.000000000000 14658.000000000000 4149.000000000000
240970.000000000000 12393.000000000000 14146.000000000000 4060.000000000000
252608.000000000000 12918.000000000000 16021.000000000000 4224.000000000000
251138.000000000000 12250.000000000000 11549.000000000000 3999.000000000000
252154.000000000000 11179.000000000000 11711.000000000000 3654.000000000000
251418.000000000000 16311.000000000000 13510.000000000000 5328.000000000000
250026.000000000000 10778.000000000000 13155.000000000000 3518.000000000000
244696.000000000000 9973.000000000000 16542.000000000000 3257.000000000000
242570.000000000000 7755.000000000000 11078.000000000000 2536.000000000000
241936.000000000000 16097.000000000000 10862.000000000000 5252.000000000000
242266.000000000000 13973.000000000000 8266.000000000000 4568.000000000000
246076.000000000000 11551.000000000000 12787.000000000000 3775.000000000000
241044.000000000000 8378.000000000000 14464.000000000000 2734.000000000000
241656.000000000000 12627.000000000000 14669.000000000000 4125.000000000000
252752.000000000000 14728.000000000000 11836.000000000000 4821.000000000000
240788.000000000000 14813.000000000000 16202.000000000000 4849.000000000000
242618.000000000000 11686.000000000000 9492.000000000000 3822.000000000000
246098.000000000000 10967.000000000000 15218.000000000000 3576.000000000000
248108.000000000000 14170.000000000000 13384.000000000000 4634.000000000000
240270.000000000000 16925.000000000000 14351.000000000000 5540.000000000000
242778.000000000000 13963.000000000000 11101.000000000000 4563.000000000000
240474.000000000000 16151.000000000000 10170.000000000000 5286.000000000000
241274.000000000000 14120.000000000000 9001.000000000000 4623.000000000000
249436.000000000000 11813.000000000000 18097.000000000000 3857.000000000000
239506.000000000000 10409.000000000000 6346.000000000000 3400.000000000000
241840.000000000000 12998.000000000000 12563.000000000000 4247.000000000000
247296.000000000000 13534.000000000000 15143.000000000000 4428.000000000000
244128.000000000000 12681.000000000000 7886.000000000000 4143.000000000000
249972.000000000000 10301.000000000000 13246.000000000000 3357.000000000000
242056.000000000000 18568.000000000000 11788.000000000000 6082.000000000000
251344.000000000000 13969.000000000000 13673.000000000000 4570.000000000000
244606.000000000000 13114.000000000000 7117.000000000000 4288.000000000000
245656.000000000000 15754.000000000000 10494.000000000000 5148.000000000000
250710.000000000000 13297.000000000000 10379.000000000000 4341.000000000000
244308.000000000000 13251.000000000000 13939.000000000000 4340.000000000000
241702.000000000000 12205.000000000000 10395.000000000000 3975.000000000000
238842.000000000000 12575.000000000000 11890.000000000000 4117.000000000000
247266.000000000000 9637.000000000000 16253.000000000000 3145.000000000000
249146.000000000000 13394.000000000000 11358.000000000000 4372.000000000000
247200.000000000000 12879.000000000000 8940.000000000000 4213.000000000000
248238.000000000000 11210.000000000000 12707.000000000000 3669.000000000000
238224.000000000000 18130.000000000000 11935.000000000000 5941.000000000000
239218.000000000000 9826.000000000000 9136.000000000000 3209.000000000000
247638.000000000000 10277.000000000000 17843.000000000000 3356.000000000000
241346.000000000000 6179.000000000000 13066.000000000000 2015.000000000000
243702.000000000000 14017.000000000000 10913.000000000000 4579.000000000000
249528.000000000000 14122.000000000000 13354.000000000000 4610.000000000000
242824.000000000000 10656.000000000000 14111.000000000000 3485.000000000000
245114.000000000000 8614.000000000000 11027.000000000000 2807.000000000000
243060.000000000000 11440.000000000000 14401.000000000000 3742.000000000000
243398.000000000000 9742.000000000000 12666.000000000000 3174.000000000000
243338.000000000000 10089.000000000000 11947.000000000000 3300.000000000000
255820.000000000000 11881.000000000000 12337.000000000000 3885.000000000000
247690.000000000000 14977.000000000000 10787.000000000000 4896.000000000000
246194.000000000000 12947.000000000000 11695.000000000000 4235.000000000000
248894.000000000000 9331.000000000000 13643.000000000000 3045.000000000000
241120.000000000000 17238.000000000000 10962.000000000000 5636.000000000000
240926.000000000000 10762.000000000000 14534.000000000000 3517.000000000000
245972.000000000000 12047.000000000000 16306.000000000000 3931.000000000000
255510.000000000000 13615.000000000000 13264.000000000000 4448.000000000000
242442.000000000000 12139.000000000000 11918.000000000000 3968.000000000000
239110.000000000000 20131.000000000000 4328.000000000000 6593.000000000000
241780.000000000000 9829.000000000000 10298.000000000000 3211.000000000000
242454.000000000000 16569.000000000000 11551.000000000000 5417.000000000000
242160.000000000000 11242.000000000000 9190.000000000000 3676.000000000000
242964.000000000000 14136.000000000000 9065.000000000000 4613.000000000000
250316.000000000000 11267.000000000000 13635.000000000000 3686.000000000000
246150.000000000000 12208.000000000000 13553.000000000000 3995.000000000000
242258.000000000000 9953.000000000000 10004.000000000000 3250.000000000000
247892.000000000000 9183.000000000000 14951.000000000000 3006.000000000000
244848.000000000000 15715.000000000000 11566.000000000000 5135.000000000000
257224.000000000000 9749.000000000000 11187.000000000000 3181.000000000000
241208.000000000000 14575.000000000000 12710.000000000000 4774.000000000000
247156.000000000000 10887.000000000000 13573.000000000000 3555.000000000000
242382.000000000000 12086.000000000000 12467.000000000000 3955.000000000000
243548.000000000000 12799.000000000000 11652.000000000000 4182.000000000000
253682.000000000000 10756.000000000000 13764.000000000000 3515.000000000000
242566.000000000000 10622.000000000000 15784.000000000000 3467.000000000000
247734.000000000000 10609.000000000000 17138.000000000000 3473.000000000000
241380.000000000000 15873.000000000000 11353.000000000000 5194.000000000000
244204.000000000000 9905.000000000000 14772.000000000000 3235.000000000000
242990.000000000000 19353.000000000000 12536.000000000000 6336.000000000000
239344.000000000000 12971.000000000000 8122.000000000000 4240.000000000000
239642.000000000000 14186.000000000000 17180.000000000000 4650.000000000000
240954.000000000000 16086.000000000000 9803.000000000000 5260.000000000000
249926.000000000000 13748.000000000000 11606.000000000000 4503.000000000000
242506.000000000000 21042.000000000000 12401.000000000000 6879.000000000000
241938.000000000000 12910.000000000000 15295.000000000000 4218.000000000000
242756.000000000000 14826.000000000000 12887.000000000000 4851.000000000000
246226.000000000000 12324.000000000000 10638.000000000000 4026.000000000000
243356.000000000000 16727.000000000000 9871.000000000000 5477.000000000000
242800.000000000000 15683.000000000000 9460.000000000000 5132.000000000000
242522.000000000000 9259.000000000000 7045.000000000000 3027.000000000000
242760.000000000000 9551.000000000000 13637.000000000000 3113.000000000000
240466.000000000000 11819.000000000000 11647.000000000000 3855.000000000000
239376.000000000000 11597.000000000000 13410.000000000000 3788.000000000000
257010.000000000000 11444.000000000000 10258.000000000000 3734.000000000000
249846.000000000000 13101.000000000000 14755.000000000000 4284.000000000000
241466.000000000000 11704.000000000000 13102.000000000000 3826.000000000000
253378.000000000000 13503.000000000000 11734.000000000000 4409.000000000000
241442.000000000000 10419.000000000000 11121.000000000000 3411.000000000000
248974.000000000000 12722.000000000000 12560.000000000000 4164.000000000000
243536.000000000000 10401.000000000000 18166.000000000000 3387.000000000000
256012.000000000000 12920.000000000000 10924.000000000000 4222.000000000000
241440.000000000000 8928.000000000000 9796.000000000000 2909.000000000000
242984.000000000000 19591.000000000000 13682.000000000000 6410.000000000000
239740.000000000000 15225.000000000000 7221.000000000000 4985.000000000000
241984.000000000000 9902.000000000000 13413.000000000000 3224.000000000000
245062.000000000000 13861.000000000000 17125.000000000000 4535.000000000000
244290.000000000000 9800.000000000000 13728.000000000000 3203.000000000000
240398.000000000000 13825.000000000000 9519.000000000000 4517.000000000000
241644.000000000000 14155.000000000000 11528.000000000000 4634.000000000000
248776.000000000000 11643.000000000000 15522.000000000000 3812.000000000000
254792.000000000000 14843.000000000000 11843.000000000000 4854.000000000000
245226.000000000000 14276.000000000000 12941.000000000000 4662.000000000000
249026.000000000000 16058.000000000000 9986.000000000000 5260.000000000000
249648.000000000000 11578.000000000000 12736.000000000000 3778.000000000000
242520.000000000000 9286.000000000000 17304.000000000000 3028.000000000000
242064.000000000000 13995.000000000000 12102.000000000000 4569.000000000000
241682.000000000000 11868.000000000000 16243.000000000000 3876.000000000000
249188.000000000000 13165.000000000000 12840.000000000000 4303.000000000000
247148.000000000000 10058.000000000000 18106.000000000000 3268.000000000000
242010.000000000000 12007.000000000000 12892.000000000000 3926.000000000000
238966.000000000000 13652.000000000000 17040.000000000000 4471.000000000000
255410.000000000000 11790.000000000000 12634.000000000000 3846.000000000000
240496.000000000000 11902.000000000000 13639.000000000000 3891.000000000000
247980.000000000000 15545.000000000000 11434.000000000000 5089.000000000000
256780.000000000000 11250.000000000000 13441.000000000000 3676.000000000000
242524.000000000000 16639.000000000000 11392.000000000000 5453.000000000000
246964.000000000000 13022.000000000000 13676.000000000000 4245.000000000000
243546.000000000000 14533.000000000000 13284.000000000000 4755.000000000000
242412.000000000000 8459.000000000000 9879.000000000000 2761.000000000000
239418.000000000000 6335.000000000000 18848.000000000000 2065.000000000000
253738.000000000000 13626.000000000000 13707.000000000000 4459.000000000000
242322.000000000000 9939.000000000000 14188.000000000000 3248.000000000000
243852.000000000000 13776.000000000000 17530.000000000000 4497.000000000000
242176.000000000000 14509.000000000000 10492.000000000000 4746.000000000000
246088.000000000000 8898.000000000000 13491.000000000000 2911.000000000000
245562.000000000000 9530.000000000000 11436.000000000000 3113.000000000000
245556.000000000000 11224.000000000000 15881.000000000000 3673.000000000000
240622.000000000000 14077.000000000000 14186.000000000000 4610.000000000000
248584.000000000000 13384.000000000000 11744.000000000000 4371.000000000000
239098.000000000000 9316.000000000000 23708.000000000000 3038.000000000000
241678.000000000000 14166.000000000000 13776.000000000000 4636.000000000000
239894.000000000000 8525.000000000000 5616.000000000000 2778.000000000000
239224.000000000000 6698.000000000000 16251.000000000000 2182.000000000000
241292.000000000000 11561.000000000000 15843.000000000000 3785.000000000000
246948.000000000000 10664.000000000000 14903.000000000000 3492.000000000000
246704.000000000000 11373.000000000000 13599.000000000000 3719.000000000000
255654.000000000000 15777.000000000000 10674.000000000000 5161.000000000000
242306.000000000000 11182.000000000000 18083.000000000000 3653.000000000000
243022.000000000000 12282.000000000000 14343.000000000000 4020.000000000000
241928.000000000000 13142.000000000000 18958.000000000000 4291.000000000000
257752.000000000000 10208.000000000000 12791.000000000000 3341.000000000000
240976.000000000000 11044.000000000000 8743.000000000000 3603.000000000000
247426.000000000000 12088.000000000000 12909.000000000000 3958.000000000000
254182.000000000000 11187.000000000000 12660.000000000000 3647.000000000000
243534.000000000000 17064.000000000000 11331.000000000000 5575.000000000000
248190.000000000000 12661.000000000000 12867.000000000000 4142.000000000000
242512.000000000000 7727.000000000000 7210.000000000000 2521.000000000000
250516.000000000000 13991.000000000000 13730.000000000000 4573.000000000000
247552.000000000000 17019.000000000000 11569.000000000000 5568.000000000000
248226.000000000000 11288.000000000000 15780.000000000000 3699.000000000000
242770.000000000000 14317.000000000000 8324.000000000000 4683.000000000000
248482.000000000000 11992.000000000000 16522.000000000000 3925.000000000000
259446.000000000000 14285.000000000000 12303.000000000000 4668.000000000000
246546.000000000000 12957.000000000000 12248.000000000000 4231.000000000000
243766.000000000000 6992.000000000000 15055.000000000000 2285.000000000000
240910.000000000000 16141.000000000000 12266.000000000000 5281.000000000000
239030.000000000000 11229.000000000000 8769.000000000000 3675.000000000000
242036.000000000000 16003.000000000000 15205.000000000000 5235.000000000000
241768.000000000000 15540.000000000000 14623.000000000000 5088.000000000000
240930.000000000000 9840.000000000000 11619.000000000000 3217.000000000000
243400.000000000000 15266.000000000000 10502.000000000000 4999.000000000000
243132.000000000000 10867.000000000000 12771.000000000000 3548.000000000000
247816.000000000000 14248.000000000000 10590.000000000000 4659.000000000000
240120.000000000000 11546.000000000000 19238.000000000000 3777.000000000000
244558.000000000000 9988.000000000000 17365.000000000000 3267.000000000000
240854.000000000000 12032.000000000000 11754.000000000000 3930.000000000000
241598.000000000000 12959.000000000000 16556.000000000000 4239.000000000000
241922.000000000000 13214.000000000000 13090.000000000000 4329.000000000000
242266.000000000000 12677.000000000000 16652.000000000000 4147.000000000000
243238.000000000000 10609.000000000000 19363.000000000000 3466.000000000000
242446.000000000000 11037.000000000000 18259.000000000000 3610.000000000000
255900.000000000000 11144.000000000000 11437.000000000000 3651.000000000000
247080.000000000000 11996.000000000000 14516.000000000000 3926.000000000000
246712.000000000000 12451.000000000000 13205.000000000000 4072.000000000000
242600.000000000000 11369.000000000000 16951.000000000000 3711.000000000000
242010.000000000000 10790.000000000000 11054.000000000000 3528.000000000000
248994.000000000000 11438.000000000000 10166.000000000000 3733.000000000000
240238.000000000000 9354.000000000000 18285.000000000000 3051.000000000000
254136.000000000000 10457.000000000000 10908.000000000000 3417.000000000000
239686.000000000000 13589.000000000000 14292.000000000000 4443.000000000000
240846.000000000000 8855.000000000000 13348.000000000000 2885.000000000000
248030.000000000000 11347.000000000000 11020.000000000000 3705.000000000000
256500.000000000000 13339.000000000000 13558.000000000000 4360.000000000000
242232.000000000000 14204.000000000000 13966.000000000000 4645.000000000000
240704.000000000000 14456.000000000000 10449.000000000000 4727.000000000000
241674.000000000000 11688.000000000000 10204.000000000000 3813.000000000000
244316.000000000000 11979.000000000000 9671.000000000000 3915.000000000000
243298.000000000000 13871.000000000000 11093.000000000000 4535.000000000000
243216.000000000000 12871.000000000000 14198.000000000000 4200.000000000000
245134.000000000000 11228.000000000000 11396.000000000000 3664.000000000000
242062.000000000000 12116.000000000000 10166.000000000000 3964.000000000000
243400.000000000000 12066.000000000000 11748.000000000000 3945.000000000000
240084.000000000000 12830.000000000000 13930.000000000000 4197.000000000000
239818.000000000000 14463.000000000000 13987.000000000000 4730.000000000000
243908.000000000000 7746.000000000000 12918.000000000000 2529.000000000000
240906.000000000000 20800.000000000000 13296.000000000000 6803.000000000000
249616.000000000000 12282.000000000000 11518.000000000000 4013.000000000000
243768.000000000000 13424.000000000000 11636.000000000000 4383.000000000000
250432.000000000000 12794.000000000000 12114.000000000000 4177.000000000000
244370.000000000000 15201.000000000000 10634.000000000000 4966.000000000000
248064.000000000000 9796.000000000000 13993.000000000000 3196.000000000000
240478.000000000000 8674.000000000000 18969.000000000000 2832.000000000000
244324.000000000000 10218.000000000000 11193.000000000000 3334.000000000000
246702.000000000000 13907.000000000000 12142.000000000000 4547.000000000000
247254.000000000000 15303.000000000000 15628.000000000000 5014.000000000000
242856.000000000000 10767.000000000000 14941.000000000000 3517.000000000000
240900.000000000000 14329.000000000000 13354.000000000000 4688.000000000000
243864.000000000000 14077.000000000000 8753.000000000000 4599.000000000000
246870.000000000000 11461.000000000000 12323.000000000000 3742.000000000000
251368.000000000000 12876.000000000000 13956.000000000000 4206.000000000000
258012.000000000000 12718.000000000000 13830.000000000000 4151.000000000000
240694.000000000000 12023.000000000000 13476.000000000000 3926.000000000000
242494.000000000000 7952.000000000000 5625.000000000000 2597.000000000000
241870.000000000000 15622.000000000000 14089.000000000000 5100.000000000000
240364.000000000000 7643.000000000000 15395.000000000000 2494.000000000000
249858.000000000000 13592.000000000000 11609.000000000000 4444.000000000000
241318.000000000000 14971.000000000000 15939.000000000000 4893.000000000000
242130.000000000000 17622.000000000000 9297.000000000000 5761.000000000000
247402.000000000000 12914.000000000000 14273.000000000000 4234.000000000000
248890.000000000000 13491.000000000000 13300.000000000000 4410.000000000000
240674.000000000000 11929.000000000000 13666.000000000000 3904.000000000000
240366.000000000000 10026.000000000000 17749.000000000000 3277.000000000000
238982.000000000000 14602.000000000000 13913.000000000000 4773.000000000000
243856.000000000000 13137.000000000000 13713.000000000000 4295.000000000000
250780.000000000000 13184.000000000000 12659.000000000000 4317.000000000000
242080.000000000000 11158.000000000000 11829.000000000000 3642.000000000000
244458.000000000000 12226.000000000000 9374.000000000000 3997.000000000000
243180.000000000000 8654.000000000000 16511.000000000000 2822.000000000000
239204.000000000000 21410.000000000000 6369.000000000000 7021.000000000000
242960.000000000000 14691.000000000000 12915.000000000000 4804.000000000000
241454.000000000000 14283.000000000000 14037.000000000000 4673.000000000000
250388.000000000000 12223.000000000000 11372.000000000000 3995.000000000000
241498.000000000000 10717.000000000000 9268.000000000000 3504.000000000000
246714.000000000000 9170.000000000000 17475.000000000000 2993.000000000000
248230.000000000000 13559.000000000000 12969.000000000000 4439.000000000000
255716.000000000000 16382.000000000000 12172.000000000000 5341.000000000000
250884.000000000000 11711.000000000000 12524.000000000000 3827.000000000000
252972.000000000000 13950.000000000000 11614.000000000000 4561.000000000000
246068.000000000000 12175.000000000000 9053.000000000000 3980.000000000000
240934.000000000000 10836.000000000000 9418.000000000000 3545.000000000000
247974.000000000000 10902.000000000000 12843.000000000000 3568.000000000000
240158.000000000000 11123.000000000000 9037.000000000000 3633.000000000000
248518.000000000000 12481.000000000000 12789.000000000000 4081.000000000000
250142.000000000000 8263.000000000000 12724.000000000000 2689.000000000000
242072.000000000000 11841.000000000000 11291.000000000000 3874.000000000000
243934.000000000000 11189.000000000000 13898.000000000000 3657.000000000000
245666.000000000000 12327.000000000000 11917.000000000000 4026.000000000000
242130.000000000000 13968.000000000000 13321.000000000000 4567.000000000000
243264.000000000000 13780.000000000000 13722.000000000000 4506.000000000000
254724.000000000000 12114.000000000000 13707.000000000000 3965.000000000000
245748.000000000000 12794.000000000000 15130.000000000000 4174.000000000000
244318.000000000000 12836.000000000000 12787.000000000000 4197.000000000000
248708.000000000000 14353.000000000000 11268.000000000000 4684.000000000000
249234.000000000000 14680.000000000000 13768.000000000000 4798.000000000000
241478.000000000000 11287.000000000000 9648.000000000000 3696.000000000000
247336.000000000000 11955.000000000000 12410.000000000000 3910.000000000000
241602.000000000000 15686.000000000000 15668.000000000000 5130.000000000000
241634.000000000000 11530.000000000000 6519.000000000000 3772.000000000000
248420.000000000000 11249.000000000000 12419.000000000000 3674.000000000000
242148.000000000000 9076.000000000000 13101.000000000000 2962.000000000000
257404.000000000000 13445.000000000000 13600.000000000000 4387.000000000000
240138.000000000000 12207.000000000000 11277.000000000000 3990.000000000000
241930.000000000000 20009.000000000000 6283.000000000000 6538.000000000000
243130.000000000000 13341.000000000000 9263.000000000000 4371.000000000000
240468.000000000000 5434.000000000000 15086.000000000000 1770.000000000000
240342.000000000000 6910.000000000000 14676.000000000000 2255.000000000000
241084.000000000000 13248.000000000000 11039.000000000000 4335.000000000000
241138.000000000000 14433.000000000000 8210.000000000000 4714.000000000000
241508.000000000000 13036.000000000000 10723.000000000000 4264.000000000000
251180.000000000000 13014.000000000000 15304.000000000000 4255.000000000000
242126.000000000000 16808.000000000000 12445.000000000000 5494.000000000000
243276.000000000000 14994.000000000000 11345.000000000000 4899.000000000000
241802.000000000000 15276.000000000000 10316.000000000000 4996.000000000000
241406.000000000000 7020.000000000000 9693.000000000000 2291.000000000000
247164.000000000000 8225.000000000000 12902.000000000000 2686.000000000000
239614.000000000000 3725.000000000000 16502.000000000000 1208.000000000000
250502.000000000000 12403.000000000000 13651.000000000000 4053.000000000000
254290.000000000000 11492.000000000000 14058.000000000000 3756.000000000000
239074.000000000000 7150.000000000000 9642.000000000000 2334.000000000000
246868.000000000000 12365.000000000000 13276.000000000000 4042.000000000000
244706.000000000000 11275.000000000000 9694.000000000000 3682.000000000000
243648.000000000000 11102.000000000000 15269.000000000000 3631.000000000000
252958.000000000000 9557.000000000000 12247.000000000000 3120.000000000000
256622.000000000000 11443.000000000000 13095.000000000000 3747.000000000000
247094.000000000000 14576.000000000000 11506.000000000000 4761.000000000000
241758.000000000000 13788.000000000000 13792.000000000000 4501.000000000000
239786.000000000000 17037.000000000000 11603.000000000000 5564.000000000000
241008.000000000000 10388.000000000000 9361.000000000000 3392.000000000000
246210.000000000000 10357.000000000000 10255.000000000000 3379.000000000000
246512.000000000000 8932.000000000000 14221.000000000000 2914.000000000000
251766.000000000000 9210.000000000000 13977.000000000000 3005.000000000000
249508.000000000000 12730.000000000000 13820.000000000000 4157.000000000000
240358.000000000000 15077.000000000000 14406.000000000000 4937.000000000000
244742.000000000000 9563.000000000000 12071.000000000000 3123.000000000000
241096.000000000000 10203.000000000000 21945.000000000000 3334.000000000000
246956.000000000000 10573.000000000000 17295.000000000000 3462.000000000000
243096.000000000000 12244.000000000000 6334.000000000000 4001.000000000000
243766.000000000000 11975.000000000000 9285.000000000000 3919.000000000000
242464.000000000000 12925.000000000000 15135.000000000000 4225.000000000000
242510.000000000000 10349.000000000000 16660.000000000000 3380.000000000000
244022.000000000000 11716.000000000000 11050.000000000000 3818.000000000000
252468.000000000000 12365.000000000000 12365.000000000000 4041.000000000000
246362.000000000000 12170.000000000000 13594.000000000000 3969.000000000000
252364.000000000000 9783.000000000000 15460.000000000000 3195.000000000000
242000.000000000000 11888.000000000000 11193.000000000000 3884.000000000000
239206.000000000000 12514.000000000000 16213.000000000000 4085.000000000000
250402.000000000000 12224.000000000000 15638.000000000000 3991.000000000000
247392.000000000000 13339.000000000000 14736.000000000000 4360.000000000000
248220.000000000000 11332.000000000000 11351.000000000000 3698.000000000000
240834.000000000000 7983.000000000000 14159.000000000000 2612.000000000000
240386.000000000000 5724.000000000000 20256.000000000000 1866.000000000000
249540.000000000000 12982.000000000000 13025.000000000000 4239.000000000000
243550.000000000000 9717.000000000000 12013.000000000000 3168.000000000000
239852.000000000000 4184.000000000000 19321.000000000000 1360.000000000000
248542.000000000000 11404.000000000000 12606.000000000000 3725.000000000000
242604.000000000000 9895.000000000000 15051.000000000000 3230.000000000000
242782.000000000000 10124.000000000000 17167.000000000000 3312.000000000000
240320.000000000000 19919.000000000000 11339.000000000000 6523.000000000000
246086.000000000000 13379.000000000000 14025.000000000000 4372.000000000000
245880.000000000000 12054.000000000000 10248.000000000000 3942.000000000000
242556.000000000000 10491.000000000000 10838.000000000000 3419.000000000000
240078.000000000000 9189.000000000000 7751.000000000000 3000.000000000000
249394.000000000000 11545.000000000000 13954.000000000000 3769.000000000000
245758.000000000000 12265.000000000000 10410.000000000000 4018.000000000000
241496.000000000000 12718.000000000000 4732.000000000000 4161.000000000000
239496.000000000000 14364.000000000000 7049.000000000000 4698.000000000000
240958.000000000000 8917.000000000000 12811.000000000000 2909.000000000000
242908.000000000000 13028.000000000000 15352.000000000000 4257.000000000000
255274.000000000000 13399.000000000000 13465.000000000000 4376.000000000000
241556.000000000000 12522.000000000000 16514.000000000000 4092.000000000000
247140.000000000000 16366.000000000000 10186.000000000000 5354.000000000000
242638.000000000000 9270.000000000000 15164.000000000000 3024.000000000000
245814.000000000000 12802.000000000000 16235.000000000000 4183.000000000000
251568.000000000000 12786.000000000000 13943.000000000000 4184.000000000000
241610.000000000000 13585.000000000000 9416.000000000000 4449.000000000000
248268.000000000000 11516.000000000000 12616.000000000000 3767.000000000000
253526.000000000000 14180.000000000000 11012.000000000000 4640.000000000000
243512.000000000000 12576.000000000000 10471.000000000000 4112.000000000000
238718.000000000000 15929.000000000000 9634.000000000000 5212.000000000000
253592.000000000000 14170.000000000000 13028.000000000000 4638.000000000000
239592.000000000000 11623.000000000000 15303.000000000000 3801.000000000000
241690.000000000000 9177.000000000000 11857.000000000000 2993.000000000000
241598.000000000000 13782.000000000000 17299.000000000000 4509.000000000000
246026.000000000000 15789.000000000000 11390.000000000000 5167.000000000000
242654.000000000000 14960.000000000000 10321.000000000000 4902.000000000000
252956.000000000000 12643.000000000000 11059.000000000000 4132.000000000000
244498.000000000000 14185.000000000000 8185.000000000000 4636.000000000000
245206.000000000000 9922.000000000000 16477.000000000000 3240.000000000000
256150.000000000000 15904.000000000000 11013.000000000000 5196.000000000000
242954.000000000000 11510.000000000000 11615.000000000000 3761.000000000000
251600.000000000000 10534.000000000000 13411.000000000000 3443.000000000000
246394.000000000000 9122.000000000000 12554.000000000000 2978.000000000000
243230.000000000000 11705.000000000000 14959.000000000000 3820.000000000000
245408.000000000000 17531.000000000000 11827.000000000000 5736.000000000000
240998.000000000000 10515.000000000000 14391.000000000000 3436.000000000000
255752.000000000000 10681.000000000000 12178.000000000000 3483.000000000000
243808.000000000000 16123.000000000000 13182.000000000000 5276.000000000000
239654.000000000000 7606.000000000000 10112.000000000000 2486.000000000000
246826.000000000000 11298.000000000000 14093.000000000000 3692.000000000000
245972.000000000000 14527.000000000000 14330.000000000000 4749.000000000000
243240.000000000000 21379.000000000000 7956.000000000000 7000.000000000000
241748.000000000000 9328.000000000000 11267.000000000000 3048.000000000000
257408.000000000000 10529.000000000000 12048.000000000000 3442.000000000000
244912.000000000000 10586.000000000000 10563.000000000000 3456.000000000000
246524.000000000000 10544.000000000000 16783.000000000000 3440.000000000000
244286.000000000000 9859.000000000000 10129.000000000000 3210.000000000000
241522.000000000000 12268.000000000000 14553.000000000000 4024.000000000000
243370.000000000000 12327.000000000000 14812.000000000000 4019.000000000000
257988.000000000000 13043.000000000000 11375.000000000000 4253.000000000000
241794.000000000000 18029.000000000000 11636.000000000000 5902.000000000000
249084.000000000000 12558.000000000000 11530.000000000000 4105.000000000000
252606.000000000000 12008.000000000000 13811.000000000000 3924.000000000000
248184.000000000000 12586.000000000000 11077.000000000000 4105.000000000000
253230.000000000000 14260.000000000000 10972.000000000000 4656.000000000000
245216.000000000000 9026.000000000000 14899.000000000000 2949.000000000000
252930.000000000000 12665.000000000000 12478.000000000000 4140.000000000000
255782.000000000000 13043.000000000000 10464.000000000000 4271.000000000000
241960.000000000000 16264.000000000000 12920.000000000000 5327.000000000000
248692.000000000000 11373.000000000000 11242.000000000000 3713.000000000000
244040.000000000000 20069.000000000000 8963.000000000000 6568.000000000000
241210.000000000000 9829.000000000000 12561.000000000000 3216.000000000000
248618.000000000000 13853.000000000000 13785.000000000000 4536.000000000000
255740.000000000000 12112.000000000000 14077.000000000000 3958.000000000000
256544.000000000000 12296.000000000000 13990.000000000000 4022.000000000000
242350.000000000000 17369.000000000000 10475.000000000000 5681.000000000000
247874.000000000000 10496.000000000000 15512.000000000000 3424.000000000000
248666.000000000000 13275.000000000000 15619.000000000000 4339.000000000000
242198.000000000000 6419.000000000000 12213.000000000000 2092.000000000000
249208.000000000000 13300.000000000000 13575.000000000000 4333.000000000000
254598.000000000000 13988.000000000000 15503.000000000000 4562.000000000000
246436.000000000000 12301.000000000000 8894.000000000000 4017.000000000000
243816.000000000000 12673.000000000000 14783.000000000000 4148.000000000000
250618.000000000000 13206.000000000000 12264.000000000000 4305.000000000000
245570.000000000000 16863.000000000000 10824.000000000000 5511.000000000000
243938.000000000000 6331.000000000000 11517.000000000000 2068.000000000000
243428.000000000000 11769.000000000000 13223.000000000000 3846.000000000000
243784.000000000000 20783.000000000000 9173.000000000000 6795.000000000000
242546.000000000000 11131.000000000000 9554.000000000000 3641.000000000000
252588.000000000000 14847.000000000000 12013.000000000000 4857.000000000000
242688.000000000000 18953.000000000000 10755.000000000000 6189.000000000000
240678.000000000000 14870.000000000000 8676.000000000000 4864.000000000000
249230.000000000000 9684.000000000000 12669.000000000000 3162.000000000000
242064.000000000000 9427.000000000000 15030.000000000000 3073.000000000000
248094.000000000000 13559.000000000000 12821.000000000000 4428.000000000000
243644.000000000000 8711.000000000000 16578.000000000000 2846.000000000000
249438.000000000000 15861.000000000000 10697.000000000000 5195.000000000000
244392.000000000000 13847.000000000000 10677.000000000000 4526.000000000000
246360.000000000000 15934.000000000000 11069.000000000000 5208.000000000000
257540.000000000000 13005.000000000000 11457.000000000000 4246.000000000000
241310.000000000000 15137.000000000000 9297.000000000000 4947.000000000000
240820.000000000000 12389.000000000000 13071.000000000000 4041.000000000000
239118.000000000000 15344.000000000000 8574.000000000000 5012.000000000000
244802.000000000000 14994.000000000000 15130.000000000000 4900.000000000000
240552.000000000000 14686.000000000000 11427.000000000000 4808.000000000000
248118.000000000000 12636.000000000000 10226.000000000000 4129.000000000000
240842.000000000000 12479.000000000000 11769.000000000000 4083.000000000000
256306.000000000000 12460.000000000000 10526.000000000000 4071.000000000000
249394.000000000000 13772.000000000000 13589.000000000000 4505.000000000000
256384.000000000000 14702.000000000000 10520.000000000000 4816.000000000000
240686.000000000000 9222.000000000000 8664.000000000000 3013.000000000000
252260.000000000000 12002.000000000000 11542.000000000000 3916.000000000000
241362.000000000000 14307.000000000000 12025.000000000000 4678.000000000000
239538.000000000000 10300.000000000000 13647.000000000000 3364.000000000000
247446.000000000000 11882.000000000000 11895.000000000000 3883.000000000000
241958.000000000000 12128.000000000000 8703.000000000000 3964.000000000000
247206.000000000000 9580.000000000000 11741.000000000000 3129.000000000000
245890.000000000000 10277.000000000000 15147.000000000000 3356.000000000000
250678.000000000000 9828.000000000000 11673.000000000000 3205.000000000000
251556.000000000000 8588.000000000000 13620.000000000000 2809.000000000000
245246.000000000000 12652.000000000000 9460.000000000000 4131.000000000000
250410.000000000000 15732.000000000000 13791.000000000000 5153.000000000000
251110.000000000000 10801.000000000000 15998.000000000000 3541.000000000000
241946.000000000000 14028.000000000000 14280.000000000000 4595.000000000000
247428.000000000000 15104.000000000000 10610.000000000000 4936.000000000000
242668.000000000000 11296.000000000000 17218.000000000000 3695.000000000000
249434.000000000000 13404.000000000000 13337.000000000000 4384.000000000000
249480.000000000000 11111.000000000000 11492.000000000000 3630.000000000000
245642.000000000000 12924.000000000000 11348.000000000000 4214.000000000000
241372.000000000000 7837.000000000000 12752.000000000000 2552.000000000000
240100.000000000000 13416.000000000000 5348.000000000000 4386.000000000000
256672.000000000000 13086.000000000000 13706.000000000000 4281.000000000000
254682.000000000000 12577.000000000000 12524.000000000000 4109.000000000000
242858.000000000000 12878.000000000000 16758.000000000000 4207.000000000000
240942.000000000000 8618.000000000000 13153.000000000000 2812.000000000000
241712.000000000000 9816.000000000000 12569.000000000000 3208.000000000000
249878.000000000000 12948.000000000000 12514.000000000000 4240.000000000000
240432.000000000000 9920.000000000000 12709.000000000000 3243.000000000000
244784.000000000000 10115.000000000000 13498.000000000000 3303.000000000000
240922.000000000000 14149.000000000000 8939.000000000000 4632.000000000000
240650.000000000000 10606.000000000000 4711.000000000000 3465.000000000000
240600.000000000000 15384.000000000000 6350.000000000000 5033.000000000000
254784.000000000000 14602.000000000000 12090.000000000000 4783.000000000000
248806.000000000000 10854.000000000000 12830.000000000000 3542.000000000000
239704.000000000000 17951.000000000000 10935.000000000000 5877.000000000000
244926.000000000000 9309.000000000000 14993.000000000000 3043.000000000000
250516.000000000000 13071.000000000000 13923.000000000000 4273.000000000000
241172.000000000000 12778.000000000000 13538.000000000000 4180.000000000000
246314.000000000000 12516.000000000000 11285.000000000000 4086.000000000000
242948.000000000000 10113.000000000000 12033.000000000000 3300.000000000000
242510.000000000000 8956.000000000000 19204.000000000000 2923.000000000000
243450.000000000000 10089.000000000000 9437.000000000000 3297.000000000000
246486.000000000000 11695.000000000000 15475.000000000000 3828.000000000000
256618.000000000000 10914.000000000000 12851.000000000000 3561.000000000000
257800.000000000000 10622.000000000000 15882.000000000000 3477.000000000000
245394.000000000000 10193.000000000000 15303.000000000000 3330.000000000000
244172.000000000000 10469.000000000000 15996.000000000000 3423.000000000000
245366.000000000000 17573.000000000000 11610.000000000000 5750.000000000000
242568.000000000000 10208.000000000000 11073.000000000000 3341.000000000000
240834.000000000000 7879.000000000000 19207.000000000000 2576.000000000000
246698.000000000000 10592.000000000000 12255.000000000000 3463.000000000000
239880.000000000000 12422.000000000000 13608.000000000000 4061.000000000000
244876.000000000000 18227.000000000000 9931.000000000000 5957.000000000000
242938.000000000000 20083.000000000000 9024.000000000000 6569.000000000000
252014.000000000000 13622.000000000000 11747.000000000000 4463.000000000000
242806.000000000000 12681.000000000000 13168.000000000000 4142.000000000000
249596.000000000000 10630.000000000000 11999.000000000000 3476.000000000000
239348.000000000000 11317.000000000000 12924.000000000000 3698.000000000000
241784.000000000000 16533.000000000000 9841.000000000000 5410.000000000000
247638.000000000000 12555.000000000000 11885.000000000000 4102.000000000000
243654.000000000000 11915.000000000000 11884.000000000000 3891.000000000000
246012.000000000000 12637.000000000000 10424.000000000000 4122.000000000000
239204.000000000000 21345.000000000000 10179.000000000000 6980.000000000000
243270.000000000000 12747.000000000000 11331.000000000000 4171.000000000000
245644.000000000000 9008.000000000000 12360.000000000000 2936.000000000000
245748.000000000000 12338.000000000000 9689.000000000000 4031.000000000000
250452.000000000000 12362.000000000000 11339.000000000000 4045.000000000000
242602.000000000000 15700.000000000000 13237.000000000000 5143.000000000000
241584.000000000000 13684.000000000000 16219.000000000000 4475.000000000000
258012.000000000000 16194.000000000000 12105.000000000000 5289.000000000000
238762.000000000000 13738.000000000000 11323.000000000000 4482.000000000000
244654.000000000000 15709.000000000000 11414.000000000000 5139.000000000000
240310.000000000000 8620.000000000000 21498.000000000000 2811.000000000000
242228.000000000000 15083.000000000000 14390.000000000000 4931.000000000000
248484.000000000000 10319.000000000000 11893.000000000000 3378.000000000000
239370.000000000000 12110.000000000000 14808.000000000000 3955.000000000000
239714.000000000000 13950.000000000000 12577.000000000000 4573.000000000000
241994.000000000000 7113.000000000000 11572.000000000000 2318.000000000000
241734.000000000000 9868.000000000000 13385.000000000000 3229.000000000000
243660.000000000000 12622.000000000000 13160.000000000000 4129.000000000000
248126.000000000000 7988.000000000000 12340.000000000000 2607.000000000000
246784.000000000000 15307.000000000000 12355.000000000000 4999.000000000000
248322.000000000000 10790.000000000000 14765.000000000000 3523.000000000000
247096.000000000000 10383.000000000000 8705.000000000000 3390.000000000000
245936.000000000000 12188.000000000000 15733.000000000000 3981.000000000000
242574.000000000000 11859.000000000000 15703.000000000000 3880.000000000000
255296.000000000000 10647.000000000000 13267.000000000000 3483.000000000000
241414.000000000000 10860.000000000000 10109.000000000000 3548.000000000000
249462.000000000000 14425.000000000000 11374.000000000000 4713.000000000000
240496.000000000000 10709.000000000000 11210.000000000000 3503.000000000000
251436.000000000000 14131.000000000000 12869.000000000000 4610.000000000000
238582.000000000000 7368.000000000000 10344.000000000000 2402.000000000000
250788.000000000000 14219.000000000000 12386.000000000000 4647.000000000000
243206.000000000000 6898.000000000000 9228.000000000000 2254.000000000000
240578.000000000000 9515.000000000000 22383.000000000000 3103.000000000000
248118.000000000000 13422.000000000000 9381.000000000000 4392.000000000000
241728.000000000000 18780.000000000000 10615.000000000000 6146.000000000000
243076.000000000000 11483.000000000000 17672.000000000000 3752.000000000000
241024.000000000000 8315.000000000000 9366.000000000000 2715.000000000000
240000.000000000000 12896.000000000000 9268.000000000000 4211.000000000000
247366.000000000000 14517.000000000000 12070.000000000000 4742.000000000000
241880.000000000000 13271.000000000000 16753.000000000000 4339.000000000000
240198.000000000000 13120.000000000000 8023.000000000000 4295.000000000000
242882.000000000000 12517.000000000000 12069.000000000000 4090.000000000000
242586.000000000000 9729.000000000000 10993.000000000000 3178.000000000000
239518.000000000000 6208.000000000000 21373.000000000000 2029.000000000000
255500.000000000000 13340.000000000000 13018.000000000000 4361.000000000000
246772.000000000000 11357.000000000000 13436.000000000000 3708.000000000000
246108.000000000000 13584.000000000000 10014.000000000000 4445.000000000000
241112.000000000000 16605.000000000000 10804.000000000000 5436.000000000000
239318.000000000000 12790.000000000000 8861.000000000000 4188.000000000000
243388.000000000000 14784.000000000000 12912.000000000000 4843.000000000000
240728.000000000000 17621.000000000000 10007.000000000000 5768.000000000000
251040.000000000000 11657.000000000000 13396.000000000000 3805.000000000000
240506.000000000000 11027.000000000000 18128.000000000000 3600.000000000000
240338.000000000000 13755.000000000000 10311.000000000000 4494.000000000000
242082.000000000000 11227.000000000000 10701.000000000000 3671.000000000000
255852.000000000000 14409.000000000000 13151.000000000000 4710.000000000000
239252.000000000000 17537.000000000000 9959.000000000000 5738.000000000000
241180.000000000000 10019.000000000000 11441.000000000000 3274.000000000000
239622.000000000000 18310.000000000000 10424.000000000000 5991.000000000000
242572.000000000000 9516.000000000000 13620.000000000000 3109.000000000000
245786.000000000000 8350.000000000000 13853.000000000000 2728.000000000000
243682.000000000000 11050.000000000000 13967.000000000000 3607.000000000000
239288.000000000000 12712.000000000000 14831.000000000000 4158.000000000000
238910.000000000000 13262.000000000000 14043.000000000000 4338.000000000000
239888.000000000000 8868.000000000000 16091.000000000000 2891.000000000000
238608.000000000000 11115.000000000000 5805.000000000000 3629.000000000000
242078.000000000000 15772.000000000000 14316.000000000000 5158.000000000000
241146.000000000000 15384.000000000000 9985.000000000000 5035.000000000000
241426.000000000000 13220.000000000000 9573.000000000000 4320.000000000000
241056.000000000000 24890.000000000000 7722.000000000000 8154.000000000000
246390.000000000000 10302.000000000000 11989.000000000000 3368.000000000000
239868.000000000000 7685.000000000000 14986.000000000000 2506.000000000000
245394.000000000000 11807.000000000000 11427.000000000000 3852.000000000000
254874.000000000000 11568.000000000000 13183.000000000000 3779.000000000000
246708.000000000000 14155.000000000000 12126.000000000000 4620.000000000000
245902.000000000000 12089.000000000000 10449.000000000000 3957.000000000000
250064.000000000000 13651.000000000000 12392.000000000000 4458.000000000000
242994.000000000000 11969.000000000000 10460.000000000000 3912.000000000000
249224.000000000000 12173.000000000000 10821.000000000000 3981.000000000000
239478.000000000000 15746.000000000000 9086.000000000000 5141.000000000000
239270.000000000000 12189.000000000000 9859.000000000000 3987.000000000000
258362.000000000000 11880.000000000000 13454.000000000000 3896.000000000000
245866.000000000000 12134.000000000000 9179.000000000000 3968.000000000000
242048.000000000000 14410.000000000000 13324.000000000000 4718.000000000000
246596.000000000000 10508.000000000000 11969.000000000000 3429.000000000000
249194.000000000000 14486.000000000000 11503.000000000000 4732.000000000000
241386.000000000000 14406.000000000000 12166.000000000000 4715.000000000000
243680.000000000000 18052.000000000000 11349.000000000000 5913.000000000000
241384.000000000000 9640.000000000000 13071.000000000000 3150.000000000000
240748.000000000000 6163.000000000000 16557.000000000000 2010.000000000000
239862.000000000000 11311.000000000000 12335.000000000000 3695.000000000000
246310.000000000000 15221.000000000000 11540.000000000000 4970.000000000000
241182.000000000000 23973.000000000000 10376.000000000000 7840.000000000000
245598.000000000000 13671.000000000000 11028.000000000000 4469.000000000000
244686.000000000000 15755.000000000000 9076.000000000000 5145.000000000000
242734.000000000000 10565.000000000000 16331.000000000000 3451.000000000000
244276.000000000000 9107.000000000000 16171.000000000000 2981.000000000000
243204.000000000000 16442.000000000000 10089.000000000000 5374.000000000000
247200.000000000000 12372.000000000000 9637.000000000000 4049.000000000000
239372.000000000000 10873.000000000000 13158.000000000000 3554.000000000000
246328.000000000000 11207.000000000000 10040.000000000000 3661.000000000000
247584.000000000000 12020.000000000000 8753.000000000000 3929.000000000000
241170.000000000000 10208.000000000000 9273.000000000000 3344.000000000000
242802.000000000000 16584.000000000000 11007.000000000000 5419.000000000000
250540.000000000000 11596.000000000000 13366.000000000000 3789.000000000000
245020.000000000000 10533.000000000000 13002.000000000000 3437.000000000000
242638.000000000000 12735.000000000000 7066.000000000000 4159.000000000000
256384.000000000000 12948.000000000000 14643.000000000000 4225.000000000000
250824.000000000000 13519.000000000000 13239.000000000000 4422.000000000000
244784.000000000000 10192.000000000000 12119.000000000000 3334.000000000000
240414.000000000000 15926.000000000000 7691.000000000000 5215.000000000000
249010.000000000000 13699.000000000000 10029.000000000000 4483.000000000000
246718.000000000000 11187.000000000000 15044.000000000000 3658.000000000000
250842.000000000000 12006.000000000000 13311.000000000000 3919.000000000000
240416.000000000000 15091.000000000000 7059.000000000000 4934.000000000000
252022.000000000000 12209.000000000000 9937.000000000000 3994.000000000000
241550.000000000000 12623.000000000000 11736.000000000000 4128.000000000000
245274.000000000000 12625.000000000000 10957.000000000000 4125.000000000000
243126.000000000000 17268.000000000000 9976.000000000000 5651.000000000000
244038.000000000000 12403.000000000000 10785.000000000000 4057.000000000000
247300.000000000000 8456.000000000000 19318.000000000000 2760.000000000000
240856.000000000000 18030.000000000000 11332.000000000000 5892.000000000000
241656.000000000000 11809.000000000000 14220.000000000000 3857.000000000000
243020.000000000000 8745.000000000000 13339.000000000000 2853.000000000000
246338.000000000000 11185.000000000000 15746.000000000000 3653.000000000000
239710.000000000000 13485.000000000000 15022.000000000000 4398.000000000000
248334.000000000000 15760.000000000000 8773.000000000000 5145.000000000000
255918.000000000000 11612.000000000000 10444.000000000000 3793.000000000000
240636.000000000000 15972.000000000000 13149.000000000000 5213.000000000000
242266.000000000000 12345.000000000000 10096.000000000000 4029.000000000000
251124.000000000000 14817.000000000000 10198.000000000000 4848.000000000000
241268.000000000000 11435.000000000000 12071.000000000000 3738.000000000000
240478.000000000000 7753.000000000000 17163.000000000000 2527.000000000000
244048.000000000000 10165.000000000000 13483.000000000000 3325.000000000000
250166.000000000000 12297.000000000000 13408.000000000000 4015.000000000000
256142.000000000000 10868.000000000000 12231.000000000000 3552.000000000000
248886.000000000000 12443.000000000000 14337.000000000000 4072.000000000000
246724.000000000000 14899.000000000000 10280.000000000000 4864.000000000000
250540.000000000000 16299.000000000000 10428.000000000000 5325.000000000000
256238.000000000000 11400.000000000000 12376.000000000000 3721.000000000000
240020.000000000000 14143.000000000000 6500.000000000000 4631.000000000000
242612.000000000000 11703.000000000000 6585.000000000000 3822.000000000000
250332.000000000000 14878.000000000000 13741.000000000000 4867.000000000000
239478.000000000000 14783.000000000000 7297.000000000000 4845.000000000000
255492.000000000000 11936.000000000000 13098.000000000000 3901.000000000000
243990.000000000000 11830.000000000000 12074.000000000000 3863.000000000000
247432.000000000000 12828.000000000000 10021.000000000000 4184.000000000000
239200.000000000000 10900.000000000000 12503.000000000000 3553.000000000000
241828.000000000000 10344.000000000000 7878.000000000000 3385.000000000000
240854.000000000000 10629.000000000000 13818.000000000000 3477.000000000000
245742.000000000000 14837.000000000000 10693.000000000000 4851.000000000000
257682.000000000000 14143.000000000000 12593.000000000000 4620.000000000000
237644.000000000000 10059.000000000000 8982.000000000000 3283.000000000000
242910.000000000000 11999.000000000000 11868.000000000000 3919.000000000000
238876.000000000000 17137.000000000000 9136.000000000000 5621.000000000000
241314.000000000000 6267.000000000000 15328.000000000000 2043.000000000000
243648.000000000000 10238.000000000000 9747.000000000000 3340.000000000000
245128.000000000000 12759.000000000000 17589.000000000000 4174.000000000000
239544.000000000000 18406.000000000000 7389.000000000000 6023.000000000000
240654.000000000000 10279.000000000000 13873.000000000000 3358.000000000000
246882.000000000000 11121.000000000000 11887.000000000000 3633.000000000000
253980.000000000000 12860.000000000000 10911.000000000000 4203.000000000000
243462.000000000000 15523.000000000000 14492.000000000000 5081.000000000000
245516.000000000000 13061.000000000000 13804.000000000000 4267.000000000000
241996.000000000000 7707.000000000000 10177.000000000000 2507.000000000000
249078.000000000000 12819.000000000000 10069.000000000000 4189.000000000000
241128.000000000000 9117.000000000000 19179.000000000000 2971.000000000000
245524.000000000000 9416.000000000000 12871.000000000000 3077.000000000000
248934.000000000000 13953.000000000000 9889.000000000000 4552.000000000000
239698.000000000000 15577.000000000000 14337.000000000000 5099.000000000000
244042.000000000000 10990.000000000000 12025.000000000000 3596.000000000000
243400.000000000000 10695.000000000000 13294.000000000000 3502.000000000000
241038.000000000000 11690.000000000000 11648.000000000000 3821.000000000000
246462.000000000000 13556.000000000000 12642.000000000000 4437.000000000000
240836.000000000000 12593.000000000000 14707.000000000000 4121.000000000000
241748.000000000000 8001.000000000000 9360.000000000000 2611.000000000000
257362.000000000000 12188.000000000000 13435.000000000000 3980.000000000000
249016.000000000000 10396.000000000000 9830.000000000000 3403.000000000000
249978.000000000000 10692.000000000000 15131.000000000000 3500.000000000000
241048.000000000000 9989.000000000000 16267.000000000000 3261.000000000000
242578.000000000000 14075.000000000000 10800.000000000000 4598.000000000000
249928.000000000000 14645.000000000000 13712.000000000000 4788.000000000000
247068.000000000000 10568.000000000000 8400.000000000000 3447.000000000000
241536.000000000000 18742.000000000000 5781.000000000000 6136.000000000000
243024.000000000000 10759.000000000000 12296.000000000000 3512.000000000000
246514.000000000000 8513.000000000000 11808.000000000000 2771.000000000000
238872.000000000000 17555.000000000000 9709.000000000000 5741.000000000000
243956.000000000000 9497.000000000000 15004.000000000000 3100.000000000000
255582.000000000000 9958.000000000000 12949.000000000000 3254.000000000000
248060.000000000000 9788.000000000000 11986.000000000000 3192.000000000000
247864.000000000000 9699.000000000000 10880.000000000000 3165.000000000000
247358.000000000000 14245.000000000000 11560.000000000000 4652.000000000000
258420.000000000000 13763.000000000000 12607.000000000000 4494.000000000000
248308.000000000000 16612.000000000000 10209.000000000000 5439.000000000000
247022.000000000000 11910.000000000000 11501.000000000000 3899.000000000000
241152.000000000000 14820.000000000000 12670.000000000000 4851.000000000000
247950.000000000000 13407.000000000000 10101.000000000000 4382.000000000000
245308.000000000000 11347.000000000000 12869.000000000000 3710.000000000000
249016.000000000000 12357.000000000000 9583.000000000000 4034.000000000000
241216.000000000000 8836.000000000000 11620.000000000000 2886.000000000000
242702.000000000000 8888.000000000000 15998.000000000000 2901.000000000000
241112.000000000000 14161.000000000000 17006.000000000000 4641.000000000000
250642.000000000000 13148.000000000000 9574.000000000000 4302.000000000000
250030.000000000000 11749.000000000000 14339.000000000000 3840.000000000000
243722.000000000000 14647.000000000000 15454.000000000000 4776.000000000000
249310.000000000000 10968.000000000000 13869.000000000000 3580.000000000000
242596.000000000000 12870.000000000000 18278.000000000000 4214.000000000000
256534.000000000000 12396.000000000000 13381.000000000000 4048.000000000000
252796.000000000000 12620.000000000000 12369.000000000000 4126.000000000000
239164.000000000000 17883.000000000000 15612.000000000000 5857.000000000000
258224.000000000000 11610.000000000000 11766.000000000000 3801.000000000000
249136.000000000000 14301.000000000000 13369.000000000000 4671.000000000000
243084.000000000000 16266.000000000000 12629.000000000000 5320.000000000000
248698.000000000000 13859.000000000000 14502.000000000000 4541.000000000000
242988.000000000000 12043.000000000000 13129.000000000000 3939.000000000000
247270.000000000000 10719.000000000000 16827.000000000000 3500.000000000000
247458.000000000000 14212.000000000000 10550.000000000000 4649.000000000000
255838.000000000000 13155.000000000000 12003.000000000000 4300.000000000000
239362.000000000000 8747.000000000000 14869.000000000000 2851.000000000000
250184.000000000000 14878.000000000000 9392.000000000000 4869.000000000000
243008.000000000000 14021.000000000000 13038.000000000000 4589.000000000000
242830.000000000000 13469.000000000000 10461.000000000000 4404.000000000000
249140.000000000000 11924.000000000000 15082.000000000000 3902.000000000000
244804.000000000000 10585.000000000000 11544.000000000000 3448.000000000000
239244.000000000000 11169.000000000000 16082.000000000000 3649.000000000000
242724.000000000000 14152.000000000000 13732.000000000000 4627.000000000000
240652.000000000000 14520.000000000000 8833.000000000000 4749.000000000000
241710.000000000000 13502.000000000000 10576.000000000000 4415.000000000000
241078.000000000000 15542.000000000000 18067.000000000000 5080.000000000000
240786.000000000000 12230.000000000000 8827.000000000000 3995.000000000000
256446.000000000000 12738.000000000000 12403.000000000000 4164.000000000000
245266.000000000000 13234.000000000000 11055.000000000000 4336.000000000000
249262.000000000000 9852.000000000000 13179.000000000000 3208.000000000000
243424.000000000000 13471.000000000000 10351.000000000000 4402.000000000000
256752.000000000000 10823.000000000000 13722.000000000000 3535.000000000000
243062.000000000000 10964.000000000000 10868.000000000000 3578.000000000000
244308.000000000000 8020.000000000000 15616.000000000000 2619.000000000000
248804.000000000000 16914.000000000000 12442.000000000000 5533.000000000000
241154.000000000000 15932.000000000000 11926.000000000000 5199.000000000000
251198.000000000000 11687.000000000000 13546.000000000000 3814.000000000000
250660.000000000000 14212.000000000000 15531.000000000000 4642.000000000000
246086.000000000000 14728.000000000000 12498.000000000000 4821.000000000000
243900.000000000000 12668.000000000000 16417.000000000000 4136.000000000000
239164.000000000000 19955.000000000000 12957.000000000000 6526.000000000000
248258.000000000000 12055.000000000000 13170.000000000000 3945.000000000000
242672.000000000000 14301.000000000000 12255.000000000000 4673.000000000000
252186.000000000000 13347.000000000000 10230.000000000000 4366.000000000000
248956.000000000000 10199.000000000000 11393.000000000000 3326.000000000000
251852.000000000000 13246.000000000000 13371.000000000000 4330.000000000000
240230.000000000000 14586.000000000000 11167.000000000000 4762.000000000000
244686.000000000000 13158.000000000000 10449.000000000000 4297.000000000000
250684.000000000000 14825.000000000000 10502.000000000000 4840.000000000000
247904.000000000000 10411.000000000000 11166.000000000000 3402.000000000000
243428.000000000000 13491.000000000000 11964.000000000000 4400.000000000000
241392.000000000000 12940.000000000000 11965.000000000000 4231.000000000000
247982.000000000000 16360.000000000000 12359.000000000000 5361.000000000000
246946.000000000000 11553.000000000000 12826.000000000000 3776.000000000000
239402.000000000000 16305.000000000000 7599.000000000000 5334.000000000000
251200.000000000000 12972.000000000000 13561.000000000000 4241.000000000000
246690.000000000000 10941.000000000000 14747.000000000000 3577.000000000000
247366.000000000000 11887.000000000000 9667.000000000000 3887.000000000000
247632.000000000000 13453.000000000000 14988.000000000000 4406.000000000000
241450.000000000000 12655.000000000000 7113.000000000000 4144.000000000000
241808.000000000000 7204.000000000000 17442.000000000000 2347.000000000000
251314.000000000000 12087.000000000000 11059.000000000000 3949.000000000000
248452.000000000000 15042.000000000000 12280.000000000000 4920.000000000000
241014.000000000000 12866.000000000000 16398.000000000000 4209.000000000000
247314.000000000000 9767.000000000000 13646.000000000000 3185.000000000000
248262.000000000000 10679.000000000000 10267.000000000000 3492.000000000000
242512.000000000000 17297.000000000000 10763.000000000000 5656.000000000000
247564.000000000000 11525.000000000000 9509.000000000000 3772.000000000000
240300.000000000000 15128.000000000000 8303.000000000000 4953.000000000000
240938.000000000000 10355.000000000000 18099.000000000000 3389.000000000000
239660.000000000000 6977.000000000000 16678.000000000000 2279.000000000000
247014.000000000000 10032.000000000000 11569.000000000000 3279.000000000000
240208.000000000000 16503.000000000000 11367.000000000000 5404.000000000000
241288.000000000000 16258.000000000000 12336.000000000000 5327.000000000000
241078.000000000000 20945.000000000000 15730.000000000000 6857.000000000000
245528.000000000000 15878.000000000000 10086.000000000000 5198.000000000000
245332.000000000000 13893.000000000000 12104.000000000000 4531.000000000000
241792.000000000000 12217.000000000000 10619.000000000000 4006.000000000000
242606.000000000000 11882.000000000000 15847.000000000000 3890.000000000000
242522.000000000000 16104.000000000000 11898.000000000000 5275.000000000000
239952.000000000000 13464.000000000000 15176.000000000000 4401.000000000000
239428.000000000000 3794.000000000000 12776.000000000000 1233.000000000000
241418.000000000000 8529.000000000000 11886.000000000000 2776.000000000000
240638.000000000000 12787.000000000000 9669.000000000000 4176.000000000000
241786.000000000000 11620.000000000000 14386.000000000000 3801.000000000000
244178.000000000000 12798.000000000000 11710.000000000000 4177.000000000000
242908.000000000000 10075.000000000000 17206.000000000000 3294.000000000000
239992.000000000000 10888.000000000000 19440.000000000000 3560.000000000000
244588.000000000000 8508.000000000000 18387.000000000000 2784.000000000000
240432.000000000000 15738.000000000000 14160.000000000000 5149.000000000000
243698.000000000000 13173.000000000000 12877.000000000000 4303.000000000000
255676.000000000000 11191.000000000000 12350.000000000000 3653.000000000000
248402.000000000000 13164.000000000000 14626.000000000000 4307.000000000000
240702.000000000000 10891.000000000000 6633.000000000000 3548.000000000000
239776.000000000000 16361.000000000000 3965.000000000000 5356.000000000000
241228.000000000000 10473.000000000000 13571.000000000000 3421.000000000000
256046.000000000000 12544.000000000000 14964.000000000000 4101.000000000000
241234.000000000000 12033.000000000000 11136.000000000000 3929.000000000000
254264.000000000000 11171.000000000000 14301.000000000000 3652.000000000000
240560.000000000000 8645.000000000000 20520.000000000000 2828.000000000000
245340.000000000000 14336.000000000000 11121.000000000000 4682.000000000000
243492.000000000000 18603.000000000000 8749.000000000000 6092.000000000000
239206.000000000000 11700.000000000000 14819.000000000000 3827.000000000000
242754.000000000000 11979.000000000000 18617.000000000000 3920.000000000000
250056.000000000000 13118.000000000000 13847.000000000000 4292.000000000000
243080.000000000000 10812.000000000000 8895.000000000000 3528.000000000000
243014.000000000000 11540.000000000000 14808.000000000000 3770.000000000000
245362.000000000000 11006.000000000000 11615.000000000000 3601.000000000000
240074.000000000000 18480.000000000000 13998.000000000000 6041.000000000000
241608.000000000000 9873.000000000000 18001.000000000000 3223.000000000000
252222.000000000000 13497.000000000000 13285.000000000000 4408.000000000000
242942.000000000000 13063.000000000000 15099.000000000000 4274.000000000000
239230.000000000000 7972.000000000000 25542.000000000000 2600.000000000000
241274.000000000000 13991.000000000000 10592.000000000000 4578.000000000000
250388.000000000000 9129.000000000000 13202.000000000000 2978.000000000000
243294.000000000000 16408.000000000000 12913.000000000000 5374.000000000000
248810.000000000000 11080.000000000000 11873.000000000000 3622.000000000000
242180.000000000000 17106.000000000000 14002.000000000000 5595.000000000000
243988.000000000000 9607.000000000000 14991.000000000000 3139.000000000000
243064.000000000000 11260.000000000000 6436.000000000000 3677.000000000000
243296.000000000000 14925.000000000000 6755.000000000000 4885.000000000000
245946.000000000000 16664.000000000000 13192.000000000000 5458.000000000000
239520.000000000000 7278.000000000000 12160.000000000000 2378.000000000000
239954.000000000000 15596.000000000000 8939.000000000000 5101.000000000000
239474.000000000000 12471.000000000000 15351.000000000000 4087.000000000000
245586.000000000000 15689.000000000000 8391.000000000000 5124.000000000000
238652.000000000000 12885.000000000000 7124.000000000000 4211.000000000000
256358.000000000000 15502.000000000000 10999.000000000000 5063.000000000000
247932.000000000000 15289.000000000000 10751.000000000000 4999.000000000000
243734.000000000000 10628.000000000000 9717.000000000000 3470.000000000000
243746.000000000000 11732.000000000000 13315.000000000000 3837.000000000000
244046.000000000000 9980.000000000000 9866.000000000000 3256.000000000000
239242.000000000000 11529.000000000000 13354.000000000000 3771.000000000000
248792.000000000000 13626.000000000000 10733.000000000000 4456.000000000000
246128.000000000000 12841.000000000000 14729.000000000000 4198.000000000000
247516.000000000000 12166.000000000000 13312.000000000000 3980.000000000000
241624.000000000000 12482.000000000000 12407.000000000000 4080.000000000000
240670.000000000000 12717.000000000000 13804.000000000000 4161.000000000000
239812.000000000000 15880.000000000000 10386.000000000000 5190.000000000000
242828.000000000000 11070.000000000000 10685.000000000000 3623.000000000000
240350.000000000000 20547.000000000000 7197.000000000000 6728.000000000000
242458.000000000000 10522.000000000000 11595.000000000000 3444.000000000000
250712.000000000000 10360.000000000000 13390.000000000000 3393.000000000000
242846.000000000000 17355.000000000000 8700.000000000000 5678.000000000000
242512.000000000000 6630.000000000000 13055.000000000000 2159.000000000000
256682.000000000000 8602.000000000000 13162.000000000000 2801.000000000000
242664.000000000000 14718.000000000000 10597.000000000000 4818.000000000000
242092.000000000000 15462.000000000000 14880.000000000000 5066.000000000000
251988.000000000000 12787.000000000000 14002.000000000000 4177.000000000000
254492.000000000000 11440.000000000000 14812.000000000000 3744.000000000000
248572.000000000000 14065.000000000000 11792.000000000000 4601.000000000000
244800.000000000000 10621.000000000000 16609.000000000000 3468.000000000000
240284.000000000000 14715.000000000000 12248.000000000000 4801.000000000000
254500.000000000000 12975.000000000000 11679.000000000000 4245.000000000000
238828.000000000000 15754.000000000000 8347.000000000000 5144.000000000000
253846.000000000000 13144.000000000000 11649.000000000000 4306.000000000000
251848.000000000000 13365.000000000000 11255.000000000000 4368.000000000000
243374.000000000000 10537.000000000000 18157.000000000000 3447.000000000000
239546.000000000000 11461.000000000000 12576.000000000000 3745.000000000000
243554.000000000000 15203.000000000000 8820.000000000000 4977.000000000000
242794.000000000000 8547.000000000000 16762.000000000000 2795.000000000000
258532.000000000000 12582.000000000000 12223.000000000000 4097.000000000000
244844.000000000000 11223.000000000000 11009.000000000000 3673.000000000000
240262.000000000000 15591.000000000000 13760.000000000000 5098.000000000000
244034.000000000000 12734.000000000000 11319.000000000000 4158.000000000000
244798.000000000000 10860.000000000000 16249.000000000000 3547.000000000000
239968.000000000000 8699.000000000000 17634.000000000000 2845.000000000000
246052.000000000000 15395.000000000000 14191.000000000000 5038.000000000000
254606.000000000000 13117.000000000000 13012.000000000000 4297.000000000000
250608.000000000000 11351.000000000000 13562.000000000000 3705.000000000000
239264.000000000000 13302.000000000000 11068.000000000000 4353.000000000000
246550.000000000000 14501.000000000000 16795.000000000000 4740.000000000000
239908.000000000000 14780.000000000000 16143.000000000000 4847.000000000000
250792.000000000000 12707.000000000000 9558.000000000000 4148.000000000000
250944.000000000000 11485.000000000000 13414.000000000000 3762.000000000000
244024.000000000000 14585.000000000000 15565.000000000000 4763.000000000000
238974.000000000000 24696.000000000000 10111.000000000000 8094.000000000000
238714.000000000000 15145.000000000000 14390.000000000000 4955.000000000000
242354.000000000000 16862.000000000000 12019.000000000000 5522.000000000000
241484.000000000000 11796.000000000000 11203.000000000000 3858.000000000000
251086.000000000000 11241.000000000000 10862.000000000000 3679.000000000000
251294.000000000000 14009.000000000000 12561.000000000000 4586.000000000000
253214.000000000000 11100.000000000000 10144.000000000000 3630.000000000000
247298.000000000000 14928.000000000000 9627.000000000000 4886.000000000000
239152.000000000000 11916.000000000000 12911.000000000000 3898.000000000000
250908.000000000000 13545.000000000000 11922.000000000000 4428.000000000000
243736.000000000000 11449.000000000000 13347.000000000000 3738.000000000000
242702.000000000000 10049.000000000000 10535.000000000000 3283.000000000000
244540.000000000000 15033.000000000000 12865.000000000000 4910.000000000000
239554.000000000000 7693.000000000000 11500.000000000000 2511.000000000000
242200.000000000000 10287.000000000000 16436.000000000000 3363.000000000000
243738.000000000000 13437.000000000000 8394.000000000000 4389.000000000000
248646.000000000000 10737.000000000000 15709.000000000000 3510.000000000000
247280.000000000000 11010.000000000000 12452.000000000000 3599.000000000000
242060.000000000000 14293.000000000000 10244.000000000000 4670.000000000000
248798.000000000000 11681.000000000000 15378.000000000000 3816.000000000000
244930.000000000000 11996.000000000000 12674.000000000000 3923.000000000000
245522.000000000000 10026.000000000000 15789.000000000000 3279.000000000000
241642.000000000000 10483.000000000000 13524.000000000000 3425.000000000000
242752.000000000000 12890.000000000000 13632.000000000000 4211.000000000000
243402.000000000000 9473.000000000000 9316.000000000000 3099.000000000000
242120.000000000000 10064.000000000000 17550.000000000000 3286.000000000000
242798.000000000000 15202.000000000000 15045.000000000000 4975.000000000000
241550.000000000000 11921.000000000000 11102.000000000000 3902.000000000000
249096.000000000000 13263.000000000000 12233.000000000000 4328.000000000000
239996.000000000000 11126.000000000000 11908.000000000000 3637.000000000000
242320.000000000000 12603.000000000000 12163.000000000000 4126.000000000000
240406.000000000000 7508.000000000000 16847.000000000000 2452.000000000000
242370.000000000000 16443.000000000000 8477.000000000000 5375.000000000000
245860.000000000000 15339.000000000000 12163.000000000000 5026.000000000000
239292.000000000000 8074.000000000000 12105.000000000000 2639.000000000000
245658.000000000000 13051.000000000000 13229.000000000000 4261.000000000000
249964.000000000000 12988.000000000000 14246.000000000000 4246.000000000000
251120.000000000000 12032.000000000000 10832.000000000000 3933.000000000000
244732.000000000000 10442.000000000000 12066.000000000000 3406.000000000000
255348.000000000000 15821.000000000000 11730.000000000000 5165.000000000000
242304.000000000000 8019.000000000000 7296.000000000000 2619.000000000000
242052.000000000000 15710.000000000000 10401.000000000000 5143.000000000000
240174.000000000000 17298.000000000000 16117.000000000000 5668.000000000000
242094.000000000000 15608.000000000000 10577.000000000000 5104.000000000000
250722.000000000000 13239.000000000000 12346.000000000000 4332.000000000000
246834.000000000000 18240.000000000000 11028.000000000000 5967.000000000000
243074.000000000000 10051.000000000000 13305.000000000000 3282.000000000000
241686.000000000000 9940.000000000000 16023.000000000000 3250.000000000000
246196.000000000000 14867.000000000000 13587.000000000000 4867.000000000000
240040.000000000000 8848.000000000000 11695.000000000000 2886.000000000000
240202.000000000000 12078.000000000000 15063.000000000000 3951.000000000000
241012.000000000000 11047.000000000000 15565.000000000000 3614.000000000000
247922.000000000000 13144.000000000000 11987.000000000000 4299.000000000000
248156.000000000000 10903.000000000000 14651.000000000000 3558.000000000000
246684.000000000000 11545.000000000000 13912.000000000000 3774.000000000000
243778.000000000000 9875.000000000000 12324.000000000000 3221.000000000000
240288.000000000000 6554.000000000000 19214.000000000000 2137.000000000000
240310.000000000000 19683.000000000000 12364.000000000000 6441.000000000000
250402.000000000000 13797.000000000000 12866.000000000000 4510.000000000000
246106.000000000000 8998.000000000000 19665.000000000000 2943.000000000000
248030.000000000000 12916.000000000000 12281.000000000000 4221.000000000000
242888.000000000000 15244.000000000000 11168.000000000000 4986.000000000000
240272.000000000000 11872.000000000000 13426.000000000000 3882.000000000000
250992.000000000000 11754.000000000000 15266.000000000000 3841.000000000000
243850.000000000000 12327.000000000000 8594.000000000000 4031.000000000000
248616.000000000000 11914.000000000000 9966.000000000000 3886.000000000000
249374.000000000000 13449.000000000000 11050.000000000000 4403.000000000000
241442.000000000000 10757.000000000000 15364.000000000000 3522.000000000000
243810.000000000000 16105.000000000000 10977.000000000000 5261.000000000000
253854.000000000000 12560.000000000000 11727.000000000000 4101.000000000000
241122.000000000000 13395.000000000000 11708.000000000000 4377.000000000000
258886.000000000000 11126.000000000000 9569.000000000000 3639.000000000000
250030.000000000000 11307.000000000000 13193.000000000000 3695.000000000000
241224.000000000000 13706.000000000000 13692.000000000000 4478.000000000000
244204.000000000000 21565.000000000000 9664.000000000000 7056.000000000000
247242.000000000000 12977.000000000000 13171.000000000000 4245.000000000000
255622.000000000000 10133.000000000000 14197.000000000000 3317.000000000000
240588.000000000000 13012.000000000000 7588.000000000000 4261.000000000000
245118.000000000000 10035.000000000000 15695.000000000000 3284.000000000000
238742.000000000000 18623.000000000000 13328.000000000000 6093.000000000000
239656.000000000000 12317.000000000000 14345.000000000000 4027.000000000000
255714.000000000000 11656.000000000000 13462.000000000000 3813.000000000000
249656.000000000000 12082.000000000000 11140.000000000000 3950.000000000000
242256.000000000000 11996.000000000000 12895.000000000000 3920.000000000000
243242.000000000000 9650.000000000000 10839.000000000000 3155.000000000000
240000.000000000000 8138.000000000000 10900.000000000000 2652.000000000000
249396.000000000000 12136.000000000000 12345.000000000000 3974.000000000000
243576.000000000000 9979.000000000000 15542.000000000000 3266.000000000000
239920.000000000000 13665.000000000000 17067.000000000000 4473.000000000000
239068.000000000000 13535.000000000000 7643.000000000000 4430.000000000000
243596.000000000000 12937.000000000000 10827.000000000000 4232.000000000000
239910.000000000000 13599.000000000000 14069.000000000000 4447.000000000000
244776.000000000000 7434.000000000000 13401.000000000000 2424.000000000000
248194.000000000000 14833.000000000000 12401.000000000000 4860.000000000000
250616.000000000000 11815.000000000000 12718.000000000000 3864.000000000000
250502.000000000000 14032.000000000000 13686.000000000000 4587.000000000000
246140.000000000000 12128.000000000000 14434.000000000000 3958.000000000000
240282.000000000000 11610.000000000000 14718.000000000000 3788.000000000000
242730.000000000000 9714.000000000000 11172.000000000000 3169.000000000000
239678.000000000000 10629.000000000000 10643.000000000000 3469.000000000000
247194.000000000000 11930.000000000000 10673.000000000000 3901.000000000000
241330.000000000000 13966.000000000000 9927.000000000000 4568.000000000000
245262.000000000000 10795.000000000000 11993.000000000000 3529.000000000000
255310.000000000000 11173.000000000000 15670.000000000000 3651.000000000000
248188.000000000000 13589.000000000000 11679.000000000000 4438.000000000000
242218.000000000000 14030.000000000000 8297.000000000000 4589.000000000000
241696.000000000000 14388.000000000000 11438.000000000000 4708.000000000000
243520.000000000000 12023.000000000000 12113.000000000000 3928.000000000000
245688.000000000000 11733.000000000000 13228.000000000000 3836.000000000000
248418.000000000000 12195.000000000000 12918.000000000000 3985.000000000000
253780.000000000000 12870.000000000000 14184.000000000000 4210.000000000000
240416.000000000000 8938.000000000000 15397.000000000000 2914.000000000000
239850.000000000000 6333.000000000000 11226.000000000000 2066.000000000000
240530.000000000000 5023.000000000000 16899.000000000000 1627.000000000000
241804.000000000000 11599.000000000000 14663.000000000000 3792.000000000000
246540.000000000000 14125.000000000000 10550.000000000000 4616.000000000000
245264.000000000000 9523.000000000000 14565.000000000000 3106.000000000000
239810.000000000000 26112.000000000000 8896.000000000000 8548.000000000000
248546.000000000000 12201.000000000000 12453.000000000000 3988.000000000000
240232.000000000000 12345.000000000000 5334.000000000000 4040.000000000000
245142.000000000000 9974.000000000000 12934.000000000000 3259.000000000000
240196.000000000000 9793.000000000000 11560.000000000000 3197.000000000000
238606.000000000000 12184.000000000000 12236.000000000000 3979.000000000000
247490.000000000000 13142.000000000000 12346.000000000000 4302.000000000000
246540.000000000000 10423.000000000000 12405.000000000000 3401.000000000000
255280.000000000000 12513.000000000000 12456.000000000000 4093.000000000000
249368.000000000000 12788.000000000000 11990.000000000000 4181.000000000000
240266.000000000000 9360.000000000000 7773.000000000000 3057.000000000000
242060.000000000000 11062.000000000000 18845.000000000000 3610.000000000000
242872.000000000000 17075.000000000000 11456.000000000000 5581.000000000000
240240.000000000000 11334.000000000000 13927.000000000000 3707.000000000000
256768.000000000000 15342.000000000000 12662.000000000000 5016.000000000000
239960.000000000000 15102.000000000000 13050.000000000000 4935.000000000000
243652.000000000000 14843.000000000000 11402.000000000000 4848.000000000000
253746.000000000000 10712.000000000000 13255.000000000000 3504.000000000000
246928.000000000000 11949.000000000000 14080.000000000000 3907.000000000000
248324.000000000000 10902.000000000000 12173.000000000000 3562.000000000000
256858.000000000000 12295.000000000000 15181.000000000000 4013.000000000000
248084.000000000000 13843.000000000000 11705.000000000000 4523.000000000000
239732.000000000000 15138.000000000000 10703.000000000000 4958.000000000000
243810.000000000000 8886.000000000000 9309.000000000000 2901.000000000000
248272.000000000000 14771.000000000000 12100.000000000000 4829.000000000000
252620.000000000000 12888.000000000000 12112.000000000000 4219.000000000000
247396.000000000000 14166.000000000000 12037.000000000000 4628.000000000000
247118.000000000000 8038.000000000000 9508.000000000000 2626.000000000000
255816.000000000000 11665.000000000000 13733.000000000000 3815.000000000000
244888.000000000000 15191.000000000000 13087.000000000000 4967.000000000000
244338.000000000000 16429.000000000000 11214.000000000000 5371.000000000000
245792.000000000000 10460.000000000000 10535.000000000000 3411.000000000000
245134.000000000000 11043.000000000000 10045.000000000000 3602.000000000000
245678.000000000000 9418.000000000000 12326.000000000000 3081.000000000000
238956.000000000000 10950.000000000000 13732.000000000000 3579.000000000000
248158.000000000000 13869.000000000000 11895.000000000000 4531.000000000000
241506.000000000000 12803.000000000000 12263.000000000000 4184.000000000000
238578.000000000000 5875.000000000000 15423.000000000000 1910.000000000000
240142.000000000000 14463.000000000000 6761.000000000000 4727.000000000000
242400.000000000000 14329.000000000000 12127.000000000000 4689.000000000000
241440.000000000000 13809.000000000000 13555.000000000000 4501.000000000000
258108.000000000000 15346.000000000000 9449.000000000000 5019.000000000000
246260.000000000000 11582.000000000000 11468.000000000000 3780.000000000000
242870.000000000000 7297.000000000000 10927.000000000000 2377.000000000000
242974.000000000000 11775.000000000000 16913.000000000000 3840.000000000000
247990.000000000000 12520.000000000000 11041.000000000000 4091.000000000000
243126.000000000000 14009.000000000000 17010.000000000000 4573.000000000000
241398.000000000000 12031.000000000000 8362.000000000000 3932.000000000000
244148.000000000000 9429.000000000000 15233.000000000000 3076.000000000000
246584.000000000000 10269.000000000000 10689.000000000000 3346.000000000000
242202.000000000000 9262.000000000000 17907.000000000000 3022.000000000000
244472.000000000000 14187.000000000000 12295.000000000000 4642.000000000000
247604.000000000000 12288.000000000000 14282.000000000000 4017.000000000000
244730.000000000000 15732.000000000000 7518.000000000000 5144.000000000000
239858.000000000000 13919.000000000000 13395.000000000000 4559.000000000000
242196.000000000000 11010.000000000000 6522.000000000000 3601.000000000000
240338.000000000000 9865.000000000000 11339.000000000000 3219.000000000000
239720.000000000000 11953.000000000000 13712.000000000000 3899.000000000000
240416.000000000000 15668.000000000000 3358.000000000000 5124.000000000000
257622.000000000000 11151.000000000000 10630.000000000000 3647.000000000000
245064.000000000000 14676.000000000000 7467.000000000000 4800.000000000000
244676.000000000000 10325.000000000000 16764.000000000000 3372.000000000000
252760.000000000000 11266.000000000000 11884.000000000000 3671.000000000000
248466.000000000000 14596.000000000000 10994.000000000000 4773.000000000000
241772.000000000000 12654.000000000000 13755.000000000000 4138.000000000000
246556.000000000000 15959.000000000000 13360.000000000000 5224.000000000000
241350.000000000000 7080.000000000000 8975.000000000000 2309.000000000000
250596.000000000000 10995.000000000000 14308.000000000000 3587.000000000000
243950.000000000000 9771.000000000000 12349.000000000000 3187.000000000000
242210.000000000000 7642.000000000000 13185.000000000000 2495.000000000000
255338.000000000000 13290.000000000000 12668.000000000000 4346.000000000000
256526.000000000000 12769.000000000000 11298.000000000000 4175.000000000000
246672.000000000000 15250.000000000000 12581.000000000000 4980.000000000000
243082.000000000000 16563.000000000000 9973.000000000000 5423.000000000000
243312.000000000000 14627.000000000000 11525.000000000000 4788.000000000000
240978.000000000000 14975.000000000000 13796.000000000000 4898.000000000000
243232.000000000000 9786.000000000000 18992.000000000000 3188.000000000000
241650.000000000000 6934.000000000000 10210.000000000000 2265.000000000000
244948.000000000000 16170.000000000000 8937.000000000000 5302.000000000000
246860.000000000000 9502.000000000000 11973.000000000000 3099.000000000000
256460.000000000000 10238.000000000000 11975.000000000000 3352.000000000000
246638.000000000000 12625.000000000000 11774.000000000000 4133.000000000000
241448.000000000000 7533.000000000000 18314.000000000000 2466.000000000000
244290.000000000000 15798.000000000000 13424.000000000000 5164.000000000000
239884.000000000000 9710.000000000000 20226.000000000000 3171.000000000000
252164.000000000000 12572.000000000000 11014.000000000000 4109.000000000000
240980.000000000000 20755.000000000000 13503.000000000000 6791.000000000000
257374.000000000000 13568.000000000000 14035.000000000000 4430.000000000000
241490.000000000000 12545.000000000000 16272.000000000000 4102.000000000000
250820.000000000000 13568.000000000000 11350.000000000000 4430.000000000000
244722.000000000000 13809.000000000000 14158.000000000000 4522.000000000000
248986.000000000000 9337.000000000000 14159.000000000000 3057.000000000000
245406.000000000000 18559.000000000000 11433.000000000000 6068.000000000000
240902.000000000000 7770.000000000000 18179.000000000000 2536.000000000000
240382.000000000000 12642.000000000000 12872.000000000000 4129.000000000000
254948.000000000000 12198.000000000000 13366.000000000000 3988.000000000000
240558.000000000000 23967.000000000000 6442.000000000000 7836.000000000000
241472.000000000000 15588.000000000000 14884.000000000000 5105.000000000000
241570.000000000000 13978.000000000000 12668.000000000000 4569.000000000000
248394.000000000000 16395.000000000000 10777.000000000000 5351.000000000000
253054.000000000000 11137.000000000000 14845.000000000000 3638.000000000000
243970.000000000000 13437.000000000000 12379.000000000000 4383.000000000000
247852.000000000000 10595.000000000000 13003.000000000000 3456.000000000000
253666.000000000000 13573.000000000000 11347.000000000000 4444.000000000000
242164.000000000000 16045.000000000000 13290.000000000000 5240.000000000000
245652.000000000000 15676.000000000000 14952.000000000000 5129.000000000000
256166.000000000000 13086.000000000000 11010.000000000000 4284.000000000000
241674.000000000000 17801.000000000000 12524.000000000000 5824.000000000000
246422.000000000000 11824.000000000000 13785.000000000000 3860.000000000000
241024.000000000000 6159.000000000000 9054.000000000000 2004.000000000000
256538.000000000000 12881.000000000000 13322.000000000000 4207.000000000000
240286.000000000000 9764.000000000000 14566.000000000000 3193.000000000000
240512.000000000000 16541.000000000000 9887.000000000000 5414.000000000000
240964.000000000000 8027.000000000000 18567.000000000000 2622.000000000000
251458.000000000000 14698.000000000000 12431.000000000000 4805.000000000000
256964.000000000000 13074.000000000000 15025.000000000000 4273.000000000000
240872.000000000000 10987.000000000000 12679.000000000000 3583.000000000000
247906.000000000000 11569.000000000000 16381.000000000000 3777.000000000000
251886.000000000000 10880.000000000000 13324.000000000000 3560.000000000000
250560.000000000000 14093.000000000000 12472.000000000000 4608.000000000000
244984.000000000000 11246.000000000000 12132.000000000000 3675.000000000000
246336.000000000000 14373.000000000000 12203.000000000000 4691.000000000000
247074.000000000000 13391.000000000000 13187.000000000000 4373.000000000000
244922.000000000000 8646.000000000000 14721.000000000000 2823.000000000000
244794.000000000000 8701.000000000000 12312.000000000000 2830.000000000000
243738.000000000000 11107.000000000000 13634.000000000000 3624.000000000000
242472.000000000000 11251.000000000000 13864.000000000000 3679.000000000000
245038.000000000000 11842.000000000000 14202.000000000000 3869.000000000000
240732.000000000000 11891.000000000000 13142.000000000000 3896.000000000000
244266.000000000000 12572.000000000000 11604.000000000000 4106.000000000000
248160.000000000000 11937.000000000000 13573.000000000000 3899.000000000000
239050.000000000000 21230.000000000000 7353.000000000000 6956.000000000000
240852.000000000000 16253.000000000000 9444.000000000000 5303.000000000000
251350.000000000000 15037.000000000000 13151.000000000000 4910.000000000000
241266.000000000000 15229.000000000000 14144.000000000000 4981.000000000000
241862.000000000000 11977.000000000000 7081.000000000000 3918.000000000000
240842.000000000000 14707.000000000000 8879.000000000000 4810.000000000000
248476.000000000000 12194.000000000000 11032.000000000000 3983.000000000000
249836.000000000000 10994.000000000000 14191.000000000000 3584.000000000000
240304.000000000000 9274.000000000000 19193.000000000000 3030.000000000000
240904.000000000000 18070.000000000000 6476.000000000000 5916.000000000000
254288.000000000000 14154.000000000000 12208.000000000000 4630.000000000000
239660.000000000000 4796.000000000000 11514.000000000000 1559.000000000000
249104.000000000000 15432.000000000000 12691.000000000000 5053.000000000000
244882.000000000000 9317.000000000000 12421.000000000000 3046.000000000000
241474.000000000000 14815.000000000000 14806.000000000000 4848.000000000000
252104.000000000000 9494.000000000000 11701.000000000000 3099.000000000000
255788.000000000000 12029.000000000000 10988.000000000000 3939.000000000000
241494.000000000000 9702.000000000000 11043.000000000000 3169.000000000000
242148.000000000000 11112.000000000000 13460.000000000000 3630.000000000000
243478.000000000000 16121.000000000000 11071.000000000000 5269.000000000000
243046.000000000000 13401.000000000000 13493.000000000000 4384.000000000000
247674.000000000000 12446.000000000000 13077.000000000000 4067.000000000000
256356.000000000000 12675.000000000000 12066.000000000000 4149.000000000000
241088.000000000000 8374.000000000000 12065.000000000000 2732.000000000000
241796.000000000000 14919.000000000000 10860.000000000000 4889.000000000000
241536.000000000000 12887.000000000000 15817.000000000000 4221.000000000000
244762.000000000000 10042.000000000000 15660.000000000000 3284.000000000000
242042.000000000000 12238.000000000000 12907.000000000000 3999.000000000000
241368.000000000000 13517.000000000000 8981.000000000000 4418.000000000000
246744.000000000000 14911.000000000000 13945.000000000000 4884.000000000000
243524.000000000000 7904.000000000000 8674.000000000000 2583.000000000000
246352.000000000000 10026.000000000000 13070.000000000000 3277.000000000000
238320.000000000000 11705.000000000000 13496.000000000000 3832.000000000000
245050.000000000000 10115.000000000000 11544.000000000000 3303.000000000000
238990.000000000000 12055.000000000000 9547.000000000000 3937.000000000000
240708.000000000000 13521.000000000000 13100.000000000000 4423.000000000000
248358.000000000000 11713.000000000000 11969.000000000000 3828.000000000000
243814.000000000000 13369.000000000000 11891.000000000000 4374.000000000000
245116.000000000000 6314.000000000000 14042.000000000000 2062.000000000000
246320.000000000000 10908.000000000000 13541.000000000000 3565.000000000000
241324.000000000000 17698.000000000000 13422.000000000000 5791.000000000000
239350.000000000000 12308.000000000000 12886.000000000000 4027.000000000000
244816.000000000000 14621.000000000000 14037.000000000000 4784.000000000000
248842.000000000000 10803.000000000000 11560.000000000000 3524.000000000000
248072.000000000000 12995.000000000000 15270.000000000000 4246.000000000000
247276.000000000000 10545.000000000000 13440.000000000000 3441.000000000000
248514.000000000000 14368.000000000000 7972.000000000000 4697.000000000000
240436.000000000000 10674.000000000000 13534.000000000000 3491.000000000000
255130.000000000000 13061.000000000000 15154.000000000000 4257.000000000000
240248.000000000000 16442.000000000000 17920.000000000000 5380.000000000000
240808.000000000000 14509.000000000000 10839.000000000000 4752.000000000000
247752.000000000000 9854.000000000000 13506.000000000000 3213.000000000000
240292.000000000000 16456.000000000000 9014.000000000000 5373.000000000000
241316.000000000000 9371.000000000000 13130.000000000000 3063.000000000000
240824.000000000000 10355.000000000000 10513.000000000000 3387.000000000000
257788.000000000000 11744.000000000000 15644.000000000000 3841.000000000000
242750.000000000000 13685.000000000000 13881.000000000000 4473.000000000000
248344.000000000000 10741.000000000000 9890.000000000000 3514.000000000000
247036.000000000000 13535.000000000000 10644.000000000000 4422.000000000000
241226.000000000000 10467.000000000000 12969.000000000000 3419.000000000000
240846.000000000000 20694.000000000000 10780.000000000000 6770.000000000000
244532.000000000000 10653.000000000000 12114.000000000000 3482.000000000000
241710.000000000000 8797.000000000000 17818.000000000000 2867.000000000000
243150.000000000000 12688.000000000000 12312.000000000000 4148.000000000000
241880.000000000000 9872.000000000000 11414.000000000000 3222.000000000000
244688.000000000000 9543.000000000000 13783.000000000000 3117.000000000000
244264.000000000000 11890.000000000000 13857.000000000000 3884.000000000000
241864.000000000000 12704.000000000000 13408.000000000000 4147.000000000000
249530.000000000000 13027.000000000000 12659.000000000000 4262.000000000000
244764.000000000000 13998.000000000000 15871.000000000000 4584.000000000000
242066.000000000000 5584.000000000000 9602.000000000000 1817.000000000000
241906.000000000000 9241.000000000000 12569.000000000000 3021.000000000000
246924.000000000000 11615.000000000000 17752.000000000000 3798.000000000000
244186.000000000000 13895.000000000000 11633.000000000000 4547.000000000000
243414.000000000000 12212.000000000000 15436.000000000000 3994.000000000000
241128.000000000000 11020.000000000000 10260.000000000000 3594.000000000000
251440.000000000000 14422.000000000000 13574.000000000000 4714.000000000000
241680.000000000000 12180.000000000000 8312.000000000000 3981.000000000000
256324.000000000000 13701.000000000000 10687.000000000000 4474.000000000000
255518.000000000000 12342.000000000000 13070.000000000000 4038.000000000000
243488.000000000000 15077.000000000000 11051.000000000000 4934.000000000000
240884.000000000000 10502.000000000000 9783.000000000000 3428.000000000000
240018.000000000000 8470.000000000000 20718.000000000000 2764.000000000000
241370.000000000000 16945.000000000000 13613.000000000000 5541.000000000000
249430.000000000000 17157.000000000000 11255.000000000000 5603.000000000000
252864.000000000000 12308.000000000000 12063.000000000000 4024.000000000000
241798.000000000000 19413.000000000000 9597.000000000000 6363.000000000000
243476.000000000000 12095.000000000000 13041.000000000000 3959.000000000000
239030.000000000000 12957.000000000000 9180.000000000000 4236.000000000000
246552.000000000000 9678.000000000000 11423.000000000000 3159.000000000000
244632.000000000000 8865.000000000000 8125.000000000000 2891.000000000000
246102.000000000000 15087.000000000000 11738.000000000000 4937.000000000000
241024.000000000000 10671.000000000000 15842.000000000000 3489.000000000000
250046.000000000000 13436.000000000000 10538.000000000000 4398.000000000000
241306.000000000000 7934.000000000000 11977.000000000000 2584.000000000000
247946.000000000000 12862.000000000000 11827.000000000000 4214.000000000000
239750.000000000000 18870.000000000000 6155.000000000000 6172.000000000000
244610.000000000000 9360.000000000000 11955.000000000000 3060.000000000000
245582.000000000000 9595.000000000000 10647.000000000000 3130.000000000000
244730.000000000000 10793.000000000000 16144.000000000000 3532.000000000000
241880.000000000000 13107.000000000000 13097.000000000000 4291.000000000000
249908.000000000000 11794.000000000000 12319.000000000000 3852.000000000000
242628.000000000000 13434.000000000000 17733.000000000000 4387.000000000000
241580.000000000000 16677.000000000000 10620.000000000000 5446.000000000000
239474.000000000000 14882.000000000000 9260.000000000000 4869.000000000000
240040.000000000000 13126.000000000000 8941.000000000000 4301.000000000000
254914.000000000000 13424.000000000000 12352.000000000000 4379.000000000000
243030.000000000000 10435.000000000000 13066.000000000000 3406.000000000000
240318.000000000000 15312.000000000000 16356.000000000000 5008.000000000000
249834.000000000000 14496.000000000000 14874.000000000000 4733.000000000000
245102.000000000000 12854.000000000000 14555.000000000000 4199.000000000000
246252.000000000000 9949.000000000000 12485.000000000000 3247.000000000000
242550.000000000000 14390.000000000000 9038.000000000000 4705.000000000000
247130.000000000000 11722.000000000000 9634.000000000000 3825.000000000000
248224.000000000000 10923.000000000000 11576.000000000000 3565.000000000000
256322.000000000000 11463.000000000000 9208.000000000000 3752.000000000000
240614.000000000000 13821.000000000000 11249.000000000000 4514.000000000000
249220.000000000000 13620.000000000000 14419.000000000000 4456.000000000000
243616.000000000000 15418.000000000000 9238.000000000000 5035.000000000000
246624.000000000000 13477.000000000000 13470.000000000000 4405.000000000000
238590.000000000000 16008.000000000000 8178.000000000000 5236.000000000000
246312.000000000000 11654.000000000000 14907.000000000000 3802.000000000000
242226.000000000000 8468.000000000000 10277.000000000000 2758.000000000000
256564.000000000000 13766.000000000000 12247.000000000000 4508.000000000000
244932.000000000000 14820.000000000000 11227.000000000000 4846.000000000000
249898.000000000000 9009.000000000000 10032.000000000000 2940.000000000000
242652.000000000000 10850.000000000000 11560.000000000000 3536.000000000000
241456.000000000000 9788.000000000000 5119.000000000000 3201.000000000000
242308.000000000000 23193.000000000000 7295.000000000000 7590.000000000000
244354.000000000000 11123.000000000000 12014.000000000000 3633.000000000000
247222.000000000000 12690.000000000000 9686.000000000000 4142.000000000000
249276.000000000000 13050.000000000000 13725.000000000000 4268.000000000000
249936.000000000000 14650.000000000000 12642.000000000000 4792.000000000000
239818.000000000000 11564.000000000000 10043.000000000000 3785.000000000000
245872.000000000000 13613.000000000000 12795.000000000000 4444.000000000000
240826.000000000000 11864.000000000000 9811.000000000000 3874.000000000000
249642.000000000000 13723.000000000000 10711.000000000000 4481.000000000000
247232.000000000000 10017.000000000000 11589.000000000000 3272.000000000000
243650.000000000000 15630.000000000000 11368.000000000000 5118.000000000000
243062.000000000000 13789.000000000000 12460.000000000000 4503.000000000000
239848.000000000000 11400.000000000000 12344.000000000000 3723.000000000000
239404.000000000000 12680.000000000000 10529.000000000000 4152.000000000000
247946.000000000000 12738.000000000000 11782.000000000000 4164.000000000000
240284.000000000000 25572.000000000000 7259.000000000000 8362.000000000000
246090.000000000000 14806.000000000000 11009.000000000000 4835.000000000000
240906.000000000000 21177.000000000000 9949.000000000000 6934.000000000000
249902.000000000000 9953.000000000000 15655.000000000000 3252.000000000000
249214.000000000000 12154.000000000000 11274.000000000000 3968.000000000000
241194.000000000000 11276.000000000000 18455.000000000000 3685.000000000000
242070.000000000000 10353.000000000000 13549.000000000000 3385.000000000000
251972.000000000000 10809.000000000000 16761.000000000000 3537.000000000000
238956.000000000000 12165.000000000000 11215.000000000000 3981.000000000000
242270.000000000000 14829.000000000000 12242.000000000000 4857.000000000000
250886.000000000000 12851.000000000000 12266.000000000000 4205.000000000000
240512.000000000000 16545.000000000000 11914.000000000000 5417.000000000000
241392.000000000000 9271.000000000000 8298.000000000000 3027.000000000000
240084.000000000000 16194.000000000000 11322.000000000000 5303.000000000000
252010.000000000000 15044.000000000000 11302.000000000000 4924.000000000000
247970.000000000000 11241.000000000000 13191.000000000000 3670.000000000000
241142.000000000000 8491.000000000000 11769.000000000000 2770.000000000000
243224.000000000000 14017.000000000000 10907.000000000000 4573.000000000000
246294.000000000000 12493.000000000000 13661.000000000000 4086.000000000000
248224.000000000000 11392.000000000000 12482.000000000000 3718.000000000000
242338.000000000000 14568.000000000000 13404.000000000000 4770.000000000000
240896.000000000000 8372.000000000000 8607.000000000000 2734.000000000000
245778.000000000000 12909.000000000000 15427.000000000000 4224.000000000000
243726.000000000000 9546.000000000000 10270.000000000000 3122.000000000000
245506.000000000000 8946.000000000000 14682.000000000000 2914.000000000000
240848.000000000000 13411.000000000000 11964.000000000000 4390.000000000000
240484.000000000000 17074.000000000000 8577.000000000000 5577.000000000000
240686.000000000000 12025.000000000000 12255.000000000000 3934.000000000000
256670.000000000000 13202.000000000000 13123.000000000000 4324.000000000000
244564.000000000000 9095.000000000000 19250.000000000000 2975.000000000000
255274.000000000000 11429.000000000000 16490.000000000000 3735.000000000000
242674.000000000000 10943.000000000000 14334.000000000000 3572.000000000000
240936.000000000000 15827.000000000000 11339.000000000000 5178.000000000000
244592.000000000000 12814.000000000000 16661.000000000000 4189.000000000000
258248.000000000000 11499.000000000000 12567.000000000000 3752.000000000000
243432.000000000000 10606.000000000000 13650.000000000000 3458.000000000000
246656.000000000000 10374.000000000000 15606.000000000000 3394.000000000000
241526.000000000000 13815.000000000000 10757.000000000000 4508.000000000000
251672.000000000000 11369.000000000000 12076.000000000000 3711.000000000000
251128.000000000000 15057.000000000000 11862.000000000000 4925.000000000000
243182.000000000000 13198.000000000000 16131.000000000000 4316.000000000000
244082.000000000000 13679.000000000000 11927.000000000000 4474.000000000000
242062.000000000000 10104.000000000000 10912.000000000000 3297.000000000000
249052.000000000000 14168.000000000000 13361.000000000000 4638.000000000000
243200.000000000000 9365.000000000000 12564.000000000000 3053.000000000000
240874.000000000000 13814.000000000000 11689.000000000000 4521.000000000000
249112.000000000000 9291.000000000000 14021.000000000000 3037.000000000000
240686.000000000000 13286.000000000000 11614.000000000000 4343.000000000000
243516.000000000000 7533.000000000000 17690.000000000000 2461.000000000000
249460.000000000000 11591.000000000000 12299.000000000000 3797.000000000000
256304.000000000000 9994.000000000000 11166.000000000000 3257.000000000000
256466.000000000000 11855.000000000000 11977.000000000000 3868.000000000000
247158.000000000000 10142.000000000000 9703.000000000000 3312.000000000000
239562.000000000000 14338.000000000000 10175.000000000000 4683.000000000000
241330.000000000000 16436.000000000000 16019.000000000000 5373.000000000000
257660.000000000000 14514.000000000000 13008.000000000000 4739.000000000000
242140.000000000000 16743.000000000000 14966.000000000000 5478.000000000000
239598.000000000000 10439.000000000000 14569.000000000000 3413.000000000000
248182.000000000000 12275.000000000000 12581.000000000000 4008.000000000000
256860.000000000000 14049.000000000000 14628.000000000000 4595.000000000000
243100.000000000000 6046.000000000000 11967.000000000000 1967.000000000000
239644.000000000000 16350.000000000000 13836.000000000000 5348.000000000000
246502.000000000000 16476.000000000000 13698.000000000000 5383.000000000000
246414.000000000000 10112.000000000000 11947.000000000000 3299.000000000000
240528.000000000000 13697.000000000000 13401.000000000000 4475.000000000000
247628.000000000000 9295.000000000000 12345.000000000000 3040.000000000000
241044.000000000000 12810.000000000000 15985.000000000000 4195.000000000000
250022.000000000000 11230.000000000000 15134.000000000000 3664.000000000000
246802.000000000000 12241.000000000000 12834.000000000000 3999.000000000000
240198.000000000000 8796.000000000000 8350.000000000000 2873.000000000000
247162.000000000000 11607.000000000000 11554.000000000000 3795.000000000000
246880.000000000000 15505.000000000000 12356.000000000000 5075.000000000000
257760.000000000000 12078.000000000000 12578.000000000000 3950.000000000000
246626.000000000000 14674.000000000000 13465.000000000000 4790.000000000000
257844.000000000000 11978.000000000000 14577.000000000000 3928.000000000000
243150.000000000000 9525.000000000000 9791.000000000000 3115.000000000000
248688.000000000000 10827.000000000000 14913.000000000000 3535.000000000000
241600.000000000000 15032.000000000000 9068.000000000000 4913.000000000000
252640.000000000000 14254.000000000000 13847.000000000000 4667.000000000000
248566.000000000000 14414.000000000000 14666.000000000000 4715.000000000000
241118.000000000000 15438.000000000000 6422.000000000000 5054.000000000000
242096.000000000000 17345.000000000000 10192.000000000000 5688.000000000000
240088.000000000000 8478.000000000000 16427.000000000000 2765.000000000000
246224.000000000000 11449.000000000000 13058.000000000000 3730.000000000000
239970.000000000000 8789.000000000000 6572.000000000000 2858.000000000000
248344.000000000000 13540.000000000000 10098.000000000000 4421.000000000000
249042.000000000000 8655.000000000000 11699.000000000000 2815.000000000000
252192.000000000000 15067.000000000000 11483.000000000000 4934.000000000000
249862.000000000000 12603.000000000000 11655.000000000000 4120.000000000000
247302.000000000000 10630.000000000000 15582.000000000000 3463.000000000000
244660.000000000000 14459.000000000000 10451.000000000000 4721.000000000000
246890.000000000000 12160.000000000000 14316.000000000000 3978.000000000000
242358.000000000000 9665.000000000000 12618.000000000000 3152.000000000000
244170.000000000000 8150.000000000000 17639.000000000000 2651.000000000000
242858.000000000000 13457.000000000000 11738.000000000000 4400.000000000000
240372.000000000000 11107.000000000000 7936.000000000000 3630.000000000000
240136.000000000000 11819.000000000000 11080.000000000000 3863.000000000000
245072.000000000000 11501.000000000000 11413.000000000000 3765.000000000000
244708.000000000000 12088.000000000000 14310.000000000000 3951.000000000000
241206.000000000000 8585.000000000000 19299.000000000000 2807.000000000000
241116.000000000000 18528.000000000000 11433.000000000000 6070.000000000000
240946.000000000000 11070.000000000000 13963.000000000000 3613.000000000000
245614.000000000000 15821.000000000000 10102.000000000000 5173.000000000000
241930.000000000000 7835.000000000000 12770.000000000000 2555.000000000000
243532.000000000000 14575.000000000000 10674.000000000000 4760.000000000000
252298.000000000000 12944.000000000000 11695.000000000000 4223.000000000000
246628.000000000000 10344.000000000000 12680.000000000000 3372.000000000000
243218.000000000000 10278.000000000000 22287.000000000000 3356.000000000000
240698.000000000000 19474.000000000000 7607.000000000000 6379.000000000000
244630.000000000000 20172.000000000000 9275.000000000000 6604.000000000000
241578.000000000000 12129.000000000000 9401.000000000000 3967.000000000000
246436.000000000000 12658.000000000000 14467.000000000000 4136.000000000000
243878.000000000000 15721.000000000000 13951.000000000000 5147.000000000000
244706.000000000000 11723.000000000000 11194.000000000000 3836.000000000000
257074.000000000000 14565.000000000000 11719.000000000000 4760.000000000000
242160.000000000000 13830.000000000000 8696.000000000000 4526.000000000000
240176.000000000000 11918.000000000000 7147.000000000000 3896.000000000000
255620.000000000000 10929.000000000000 14929.000000000000 3567.000000000000
248860.000000000000 15268.000000000000 14082.000000000000 4992.000000000000
251944.000000000000 12309.000000000000 13556.000000000000 4022.000000000000
242888.000000000000 9145.000000000000 7662.000000000000 2988.000000000000
249458.000000000000 11557.000000000000 15417.000000000000 3776.000000000000
243540.000000000000 12893.000000000000 12409.000000000000 4208.000000000000
240584.000000000000 12431.000000000000 17314.000000000000 4062.000000000000
248374.000000000000 15875.000000000000 9641.000000000000 5200.000000000000
239908.000000000000 12112.000000000000 16975.000000000000 3948.000000000000
242576.000000000000 14899.000000000000 9402.000000000000 4873.000000000000
242524.000000000000 12285.000000000000 12079.000000000000 4014.000000000000
242616.000000000000 13821.000000000000 9582.000000000000 4517.000000000000
241620.000000000000 14141.000000000000 12556.000000000000 4618.000000000000
250364.000000000000 12419.000000000000 12590.000000000000 4060.000000000000
257720.000000000000 13450.000000000000 12967.000000000000 4396.000000000000
252290.000000000000 13598.000000000000 11474.000000000000 4443.000000000000
248266.000000000000 13080.000000000000 12916.000000000000 4269.000000000000
243406.000000000000 7261.000000000000 16057.000000000000 2365.000000000000
240754.000000000000 12417.000000000000 11073.000000000000 4055.000000000000
253626.000000000000 11056.000000000000 14467.000000000000 3610.000000000000
242624.000000000000 14309.000000000000 14960.000000000000 4680.000000000000
253752.000000000000 12377.000000000000 14066.000000000000 4042.000000000000
239008.000000000000 13402.000000000000 19493.000000000000 4388.000000000000
241358.000000000000 10878.000000000000 13266.000000000000 3562.000000000000
256014.000000000000 12603.000000000000 12476.000000000000 4121.000000000000
244406.000000000000 9001.000000000000 10683.000000000000 2942.000000000000
240494.000000000000 12411.000000000000 12932.000000000000 4060.000000000000
241616.000000000000 10554.000000000000 17266.000000000000 3451.000000000000
242498.000000000000 12694.000000000000 11363.000000000000 4152.000000000000
239696.000000000000 13860.000000000000 7751.000000000000 4529.000000000000
246224.000000000000 12952.000000000000 9186.000000000000 4235.000000000000
252466.000000000000 12108.000000000000 10472.000000000000 3954.000000000000
245224.000000000000 16385.000000000000 10532.000000000000 5363.000000000000
240858.000000000000 10226.000000000000 11208.000000000000 3348.000000000000
252112.000000000000 9653.000000000000 14234.000000000000 3154.000000000000
241284.000000000000 15416.000000000000 11336.000000000000 5040.000000000000
241094.000000000000 12895.000000000000 15159.000000000000 4218.000000000000
255192.000000000000 12932.000000000000 11337.000000000000 4222.000000000000
244116.000000000000 13955.000000000000 16431.000000000000 4567.000000000000
243614.000000000000 14500.000000000000 7869.000000000000 4739.000000000000
241484.000000000000 8783.000000000000 13222.000000000000 2870.000000000000
240744.000000000000 16506.000000000000 18520.000000000000 5401.000000000000
254164.000000000000 13301.000000000000 11034.000000000000 4348.000000000000
247336.000000000000 10853.000000000000 11289.000000000000 3555.000000000000
252592.000000000000 10400.000000000000 13922.000000000000 3404.000000000000
238472.000000000000 9891.000000000000 16268.000000000000 3230.000000000000
240626.000000000000 13689.000000000000 14926.000000000000 4481.000000000000
243780.000000000000 14545.000000000000 15124.000000000000 4764.000000000000
242608.000000000000 10714.000000000000 12129.000000000000 3499.000000000000
243784.000000000000 14555.000000000000 12890.000000000000 4758.000000000000
243446.000000000000 15020.000000000000 10635.000000000000 4917.000000000000
239116.000000000000 13579.000000000000 15694.000000000000 4441.000000000000
251012.000000000000 12372.000000000000 10261.000000000000 4051.000000000000
241354.000000000000 12524.000000000000 21578.000000000000 4091.000000000000
248022.000000000000 13114.000000000000 12201.000000000000 4278.000000000000
258330.000000000000 15297.000000000000 12831.000000000000 4996.000000000000
240124.000000000000 16316.000000000000 15983.000000000000 5335.000000000000
241858.000000000000 15497.000000000000 8116.000000000000 5074.000000000000
249572.000000000000 10242.000000000000 15746.000000000000 3343.000000000000
241176.000000000000 12197.000000000000 11543.000000000000 3984.000000000000
241744.000000000000 14630.000000000000 10356.000000000000 4785.000000000000
241192.000000000000 13992.000000000000 4192.000000000000 4584.000000000000
250280.000000000000 11666.000000000000 13771.000000000000 3812.000000000000
244162.000000000000 12309.000000000000 14117.000000000000 4023.000000000000
245484.000000000000 14094.000000000000 10884.000000000000 4602.000000000000
240794.000000000000 17788.000000000000 7797.000000000000 5814.000000000000
241954.000000000000 12607.000000000000 12312.000000000000 4127.000000000000
240274.000000000000 8714.000000000000 12080.000000000000 2838.000000000000
247094.000000000000 17235.000000000000 10678.000000000000 5645.000000000000
239260.000000000000 19075.000000000000 7905.000000000000 6243.000000000000
245524.000000000000 12237.000000000000 11721.000000000000 3998.000000000000
243996.000000000000 13013.000000000000 10787.000000000000 4238.000000000000
240670.000000000000 15360.000000000000 7563.000000000000 5022.000000000000
244854.000000000000 8787.000000000000 13437.000000000000 2871.000000000000
239394.000000000000 12804.000000000000 12398.000000000000 4188.000000000000
253548.000000000000 14180.000000000000 12469.000000000000 4646.000000000000
244188.000000000000 10184.000000000000 10328.000000000000 3325.000000000000
256152.000000000000 12444.000000000000 12482.000000000000 4064.000000000000
246904.000000000000 10704.000000000000 12358.000000000000 3501.000000000000
241380.000000000000 10852.000000000000 10988.000000000000 3543.000000000000
241820.000000000000 8216.000000000000 14498.000000000000 2685.000000000000
252274.000000000000 12410.000000000000 14317.000000000000 4056.000000000000
254648.000000000000 13078.000000000000 13659.000000000000 4270.000000000000
249808.000000000000 10802.000000000000 8429.000000000000 3529.000000000000
247654.000000000000 11682.000000000000 13859.000000000000 3810.000000000000
249618.000000000000 10647.000000000000 12380.000000000000 3473.000000000000
240576.000000000000 9627.000000000000 10927.000000000000 3146.000000000000
238954.000000000000 6548.000000000000 17016.000000000000 2132.000000000000
254694.000000000000 11797.000000000000 9668.000000000000 3854.000000000000
240110.000000000000 15535.000000000000 11247.000000000000 5082.000000000000
240472.000000000000 12774.000000000000 14778.000000000000 4173.000000000000
248352.000000000000 9970.000000000000 12976.000000000000 3257.000000000000
239134.000000000000 12656.000000000000 6019.000000000000 4146.000000000000
245860.000000000000 12300.000000000000 9983.000000000000 4022.000000000000
239698.000000000000 9361.000000000000 9868.000000000000 3049.000000000000
239954.000000000000 8534.000000000000 7514.000000000000 2784.000000000000
242706.000000000000 14260.000000000000 10866.000000000000 4668.000000000000
244808.000000000000 16718.000000000000 11423.000000000000 5462.000000000000
242114.000000000000 11145.000000000000 12358.000000000000 3640.000000000000
251570.000000000000 9526.000000000000 12673.000000000000 3110.000000000000
243396.000000000000 9264.000000000000 13424.000000000000 3022.000000000000
242064.000000000000 8253.000000000000 16610.000000000000 2698.000000000000
243274.000000000000 7563.000000000000 12079.000000000000 2474.000000000000
243266.000000000000 9432.000000000000 17194.000000000000 3087.000000000000
241760.000000000000 11267.000000000000 11437.000000000000 3683.000000000000
241452.000000000000 13902.000000000000 9349.000000000000 4534.000000000000
245722.000000000000 8343.000000000000 12547.000000000000 2715.000000000000
248890.000000000000 12515.000000000000 13578.000000000000 4102.000000000000
247666.000000000000 11885.000000000000 13761.000000000000 3886.000000000000
240728.000000000000 7346.000000000000 18813.000000000000 2397.000000000000
240816.000000000000 10742.000000000000 12844.000000000000 3506.000000000000
240942.000000000000 12912.000000000000 10053.000000000000 4222.000000000000
247136.000000000000 13538.000000000000 15659.000000000000 4429.000000000000
243154.000000000000 12787.000000000000 11907.000000000000 4178.000000000000
252190.000000000000 13418.000000000000 10860.000000000000 4389.000000000000
244924.000000000000 13813.000000000000 10364.000000000000 4521.000000000000
251662.000000000000 14468.000000000000 13230.000000000000 4734.000000000000
245906.000000000000 11208.000000000000 12761.000000000000 3667.000000000000
249412.000000000000 14527.000000000000 8958.000000000000 4741.000000000000
245638.000000000000 10269.000000000000 15383.000000000000 3356.000000000000
245412.000000000000 15090.000000000000 12208.000000000000 4936.000000000000
251832.000000000000 11969.000000000000 12301.000000000000 3913.000000000000
243816.000000000000 16139.000000000000 9061.000000000000 5280.000000000000
242930.000000000000 14978.000000000000 11588.000000000000 4898.000000000000
240846.000000000000 16316.000000000000 13866.000000000000 5335.000000000000
242662.000000000000 11512.000000000000 8853.000000000000 3762.000000000000
253446.000000000000 14293.000000000000 16049.000000000000 4672.000000000000
247202.000000000000 10214.000000000000 13683.000000000000 3338.000000000000
247756.000000000000 11344.000000000000 15545.000000000000 3697.000000000000
244170.000000000000 12705.000000000000 14839.000000000000 4158.000000000000
251480.000000000000 15036.000000000000 11284.000000000000 4917.000000000000
255854.000000000000 13934.000000000000 13534.000000000000 4567.000000000000
240146.000000000000 7604.000000000000 14152.000000000000 2483.000000000000
245860.000000000000 10248.000000000000 12345.000000000000 3348.000000000000
239914.000000000000 16938.000000000000 6216.000000000000 5535.000000000000
239530.000000000000 14064.000000000000 5683.000000000000 4597.000000000000
251568.000000000000 9547.000000000000 12537.000000000000 3121.000000000000
239942.000000000000 5870.000000000000 11302.000000000000 1904.000000000000
251372.000000000000 13071.000000000000 10744.000000000000 4281.000000000000
248914.000000000000 10530.000000000000 10706.000000000000 3441.000000000000
243268.000000000000 13088.000000000000 10810.000000000000 4280.000000000000
247446.000000000000 13588.000000000000 10486.000000000000 4445.000000000000
243522.000000000000 13148.000000000000 12946.000000000000 4297.000000000000
242036.000000000000 10219.000000000000 8758.000000000000 3332.000000000000
256838.000000000000 12609.000000000000 12668.000000000000 4117.000000000000
246832.000000000000 11012.000000000000 10225.000000000000 3596.000000000000
244716.000000000000 11928.000000000000 10251.000000000000 3896.000000000000
243006.000000000000 11793.000000000000 13825.000000000000 3852.000000000000
248812.000000000000 11491.000000000000 12727.000000000000 3757.000000000000
241552.000000000000 14874.000000000000 11251.000000000000 4860.000000000000
241516.000000000000 10559.000000000000 11447.000000000000 3451.000000000000
241468.000000000000 15439.000000000000 6844.000000000000 5050.000000000000
257598.000000000000 12480.000000000000 11988.000000000000 4079.000000000000
257002.000000000000 9354.000000000000 14608.000000000000 3053.000000000000
246426.000000000000 10654.000000000000 14901.000000000000 3480.000000000000
240850.000000000000 7461.000000000000 17725.000000000000 2432.000000000000
245326.000000000000 14072.000000000000 15052.000000000000 4602.000000000000
250518.000000000000 14230.000000000000 13434.000000000000 4650.000000000000
239430.000000000000 13378.000000000000 10960.000000000000 4374.000000000000
242606.000000000000 15867.000000000000 10653.000000000000 5180.000000000000
239900.000000000000 8116.000000000000 7688.000000000000 2650.000000000000
251184.000000000000 10287.000000000000 11295.000000000000 3360.000000000000
240512.000000000000 12048.000000000000 11437.000000000000 3939.000000000000
240476.000000000000 15810.000000000000 6743.000000000000 5176.000000000000
253856.000000000000 13037.000000000000 10985.000000000000 4258.000000000000
255986.000000000000 13723.000000000000 10049.000000000000 4479.000000000000
248650.000000000000 13104.000000000000 13379.000000000000 4277.000000000000
240518.000000000000 13763.000000000000 11629.000000000000 4495.000000000000
241416.000000000000 12850.000000000000 10753.000000000000 4202.000000000000
249782.000000000000 10351.000000000000 11480.000000000000 3379.000000000000
241504.000000000000 15313.000000000000 12450.000000000000 5016.000000000000
241372.000000000000 10894.000000000000 15804.000000000000 3558.000000000000
239794.000000000000 5257.000000000000 6176.000000000000 1711.000000000000
241356.000000000000 13458.000000000000 9651.000000000000 4398.000000000000
243182.000000000000 17373.000000000000 10253.000000000000 5680.000000000000
242412.000000000000 8187.000000000000 11278.000000000000 2667.000000000000
251242.000000000000 14799.000000000000 12997.000000000000 4834.000000000000
251184.000000000000 16550.000000000000 12995.000000000000 5421.000000000000
250972.000000000000 13643.000000000000 11744.000000000000 4463.000000000000
244764.000000000000 14321.000000000000 11811.000000000000 4686.000000000000
246386.000000000000 9208.000000000000 13230.000000000000 3001.000000000000
249256.000000000000 10290.000000000000 12066.000000000000 3361.000000000000
242766.000000000000 15049.000000000000 10420.000000000000 4921.000000000000
249334.000000000000 12033.000000000000 11696.000000000000 3939.000000000000
240700.000000000000 7144.000000000000 18216.000000000000 2324.000000000000
240484.000000000000 9973.000000000000 9460.000000000000 3261.000000000000
240406.000000000000 17566.000000000000 6933.000000000000 5746.000000000000
250690.000000000000 13860.000000000000 11405.000000000000 4530.000000000000
248640.000000000000 13785.000000000000 12756.000000000000 4510.000000000000
242298.000000000000 11516.000000000000 14723.000000000000 3756.000000000000
248488.000000000000 12516.000000000000 10256.000000000000 4090.000000000000
243978.000000000000 11174.000000000000 10735.000000000000 3649.000000000000
241010.000000000000 11599.000000000000 14008.000000000000 3795.000000000000
250654.000000000000 10765.000000000000 15918.000000000000 3523.000000000000
240386.000000000000 7641.000000000000 17360.000000000000 2492.000000000000
245254.000000000000 14432.000000000000 10614.000000000000 4726.000000000000
241718.000000000000 15079.000000000000 12222.000000000000 4930.000000000000
240416.000000000000 10921.000000000000 9002.000000000000 3567.000000000000
248734.000000000000 11663.000000000000 8981.000000000000 3811.000000000000
254568.000000000000 14308.000000000000 11272.000000000000 4675.000000000000
241664.000000000000 9498.000000000000 17760.000000000000 3107.000000000000
240108.000000000000 8038.000000000000 16160.000000000000 2625.000000000000
246710.000000000000 11401.000000000000 11368.000000000000 3720.000000000000
252820.000000000000 13630.000000000000 11675.000000000000 4451.000000000000
238002.000000000000 4822.000000000000 23524.000000000000 1572.000000000000
240768.000000000000 11723.000000000000 12737.000000000000 3828.000000000000
255316.000000000000 11976.000000000000 11792.000000000000 3918.000000000000
255974.000000000000 11022.000000000000 13024.000000000000 3597.000000000000
245994.000000000000 9472.000000000000 11991.000000000000 3088.000000000000
247924.000000000000 9337.000000000000 16383.000000000000 3049.000000000000
246098.000000000000 10907.000000000000 15615.000000000000 3556.000000000000
240984.000000000000 12342.000000000000 8234.000000000000 4033.000000000000
241724.000000000000 14582.000000000000 9729.000000000000 4775.000000000000
245686.000000000000 11008.000000000000 11199.000000000000 3597.000000000000
239324.000000000000 7764.000000000000 23030.000000000000 2535.000000000000
243726.000000000000 12211.000000000000 13220.000000000000 3990.000000000000
242870.000000000000 17863.000000000000 11924.000000000000 5842.000000000000
242140.000000000000 11143.000000000000 12472.000000000000 3646.000000000000
242722.000000000000 12249.000000000000 15692.000000000000 4004.000000000000
245394.000000000000 9626.000000000000 15107.000000000000 3151.000000000000
257136.000000000000 14565.000000000000 11675.000000000000 4765.000000000000
245156.000000000000 10637.000000000000 8807.000000000000 3474.000000000000
242038.000000000000 15260.000000000000 10681.000000000000 5000.000000000000
254918.000000000000 14241.000000000000 10939.000000000000 4656.000000000000
242170.000000000000 11104.000000000000 10775.000000000000 3636.000000000000
249342.000000000000 12376.000000000000 12617.000000000000 4049.000000000000
240598.000000000000 19394.000000000000 14865.000000000000 6350.000000000000
243136.000000000000 12068.000000000000 14305.000000000000 3944.000000000000
240092.000000000000 11671.000000000000 9631.000000000000 3812.000000000000
247726.000000000000 13155.000000000000 13795.000000000000 4296.000000000000
245534.000000000000 10514.000000000000 16437.000000000000 3435.000000000000
256374.000000000000 11121.000000000000 12463.000000000000 3633.000000000000
248198.000000000000 10839.000000000000 14159.000000000000 3547.000000000000
240620.000000000000 11239.000000000000 10790.000000000000 3682.000000000000
247650.000000000000 9094.000000000000 17009.000000000000 2976.000000000000
252716.000000000000 11739.000000000000 13864.000000000000 3837.000000000000
239862.000000000000 9458.000000000000 13146.000000000000 3088.000000000000
240516.000000000000 9572.000000000000 8997.000000000000 3125.000000000000
241890.000000000000 11337.000000000000 14089.000000000000 3705.000000000000
251008.000000000000 16492.000000000000 10471.000000000000 5395.000000000000
240376.000000000000 15693.000000000000 10080.000000000000 5137.000000000000
240836.000000000000 12229.000000000000 12364.000000000000 3994.000000000000
249838.000000000000 10644.000000000000 13396.000000000000 3482.000000000000
254804.000000000000 9608.000000000000 14505.000000000000 3138.000000000000
242316.000000000000 10750.000000000000 17853.000000000000 3514.000000000000
244354.000000000000 11937.000000000000 13852.000000000000 3902.000000000000
249780.000000000000 10173.000000000000 14728.000000000000 3323.000000000000
240344.000000000000 13193.000000000000 12680.000000000000 4317.000000000000
242048.000000000000 16363.000000000000 7673.000000000000 5366.000000000000
239354.000000000000 12107.000000000000 15685.000000000000 3958.000000000000
240832.000000000000 9981.000000000000 14172.000000000000 3261.000000000000
240598.000000000000 14361.000000000000 13683.000000000000 4690.000000000000
242690.000000000000 11328.000000000000 7600.000000000000 3703.000000000000
239762.000000000000 12014.000000000000 12771.000000000000 3930.000000000000
240450.000000000000 12338.000000000000 14232.000000000000 4036.000000000000
248224.000000000000 11508.000000000000 14304.000000000000 3761.000000000000
241772.000000000000 13009.000000000000 13922.000000000000 4243.000000000000
242280.000000000000 9528.000000000000 11978.000000000000 3117.000000000000
245332.000000000000 15632.000000000000 7875.000000000000 5113.000000000000
243314.000000000000 15962.000000000000 13133.000000000000 5232.000000000000
251236.000000000000 13556.000000000000 11423.000000000000 4428.000000000000
242668.000000000000 20502.000000000000 8924.000000000000 6711.000000000000
240332.000000000000 13123.000000000000 16134.000000000000 4297.000000000000
249922.000000000000 11376.000000000000 14068.000000000000 3713.000000000000
241990.000000000000 11054.000000000000 8759.000000000000 3619.000000000000
239708.000000000000 16162.000000000000 13308.000000000000 5293.000000000000
240380.000000000000 9217.000000000000 18144.000000000000 3014.000000000000
242700.000000000000 11743.000000000000 12398.000000000000 3839.000000000000
252584.000000000000 11511.000000000000 12779.000000000000 3768.000000000000
247236.000000000000 14732.000000000000 8652.000000000000 4814.000000000000
240952.000000000000 18271.000000000000 9923.000000000000 5989.000000000000
247632.000000000000 11737.000000000000 14443.000000000000 3839.000000000000
242630.000000000000 11658.000000000000 11293.000000000000 3813.000000000000
241646.000000000000 11973.000000000000 9259.000000000000 3919.000000000000
254176.000000000000 12341.000000000000 10949.000000000000 4033.000000000000
240570.000000000000 12799.000000000000 12750.000000000000 4173.000000000000
249946.000000000000 13930.000000000000 12656.000000000000 4556.000000000000
244762.000000000000 11462.000000000000 15911.000000000000 3745.000000000000
241274.000000000000 11795.000000000000 15939.000000000000 3847.000000000000
239382.000000000000 12375.000000000000 12925.000000000000 4041.000000000000
244098.000000000000 10352.000000000000 10956.000000000000 3380.000000000000
249048.000000000000 12302.000000000000 14891.000000000000 4020.000000000000
242154.000000000000 9670.000000000000 16708.000000000000 3160.000000000000
246386.000000000000 10589.000000000000 10465.000000000000 3458.000000000000
242102.000000000000 10821.000000000000 16530.000000000000 3531.000000000000
250654.000000000000 13146.000000000000 13603.000000000000 4302.000000000000
243854.000000000000 12024.000000000000 9961.000000000000 3941.000000000000
239222.000000000000 15492.000000000000 15493.000000000000 5069.000000000000
241934.000000000000 13967.000000000000 8353.000000000000 4570.000000000000
240706.000000000000 8915.000000000000 17050.000000000000 2915.000000000000
245998.000000000000 12462.000000000000 10829.000000000000 4074.000000000000
244860.000000000000 10782.000000000000 9915.000000000000 3518.000000000000
244020.000000000000 14100.000000000000 9916.000000000000 4607.000000000000
248390.000000000000 13829.000000000000 10993.000000000000 4515.000000000000
238458.000000000000 16361.000000000000 12238.000000000000 5345.000000000000
255402.000000000000 11415.000000000000 12578.000000000000 3735.000000000000
241976.000000000000 17166.000000000000 9845.000000000000 5612.000000000000
248092.000000000000 11721.000000000000 13893.000000000000 3827.000000000000
246432.000000000000 10016.000000000000 12463.000000000000 3279.000000000000
240216.000000000000 8628.000000000000 22914.000000000000 2810.000000000000
244716.000000000000 14955.000000000000 11883.000000000000 4890.000000000000
243402.000000000000 10806.000000000000 10250.000000000000 3532.000000000000
238796.000000000000 12095.000000000000 16714.000000000000 3963.000000000000
247522.000000000000 9417.000000000000 9895.000000000000 3083.000000000000
252198.000000000000 10770.000000000000 10651.000000000000 3529.000000000000
239762.000000000000 8191.000000000000 13551.000000000000 2670.000000000000
242528.000000000000 14406.000000000000 11059.000000000000 4705.000000000000
240968.000000000000 13830.000000000000 11180.000000000000 4527.000000000000
243612.000000000000 12870.000000000000 13437.000000000000 4217.000000000000
242746.000000000000 13938.000000000000 14684.000000000000 4560.000000000000
240394.000000000000 22527.000000000000 10046.000000000000 7373.000000000000
249968.000000000000 14186.000000000000 9854.000000000000 4640.000000000000
242668.000000000000 10872.000000000000 10177.000000000000 3553.000000000000
243608.000000000000 15867.000000000000 13352.000000000000 5189.000000000000
240614.000000000000 9921.000000000000 10112.000000000000 3246.000000000000
255858.000000000000 12606.000000000000 12485.000000000000 4120.000000000000
248838.000000000000 11777.000000000000 9778.000000000000 3852.000000000000
244770.000000000000 15206.000000000000 9376.000000000000 4966.000000000000
246674.000000000000 12184.000000000000 12786.000000000000 3984.000000000000
245130.000000000000 9727.000000000000 15057.000000000000 3179.000000000000
243992.000000000000 10752.000000000000 15260.000000000000 3508.000000000000
241578.000000000000 15449.000000000000 14043.000000000000 5056.000000000000
240180.000000000000 8630.000000000000 12282.000000000000 2821.000000000000
245022.000000000000 17905.000000000000 10372.000000000000 5848.000000000000
240682.000000000000 17088.000000000000 13480.000000000000 5599.000000000000
255714.000000000000 13301.000000000000 12226.000000000000 4347.000000000000
250678.000000000000 10911.000000000000 13112.000000000000 3566.000000000000
242586.000000000000 17171.000000000000 11960.000000000000 5619.000000000000
241660.000000000000 18099.000000000000 8612.000000000000 5920.000000000000
247854.000000000000 12287.000000000000 11387.000000000000 4012.000000000000
241622.000000000000 14661.000000000000 14134.000000000000 4796.000000000000
239698.000000000000 14458.000000000000 14104.000000000000 4733.000000000000
240518.000000000000 9948.000000000000 18955.000000000000 3260.000000000000
241600.000000000000 6910.000000000000 10246.000000000000 2253.000000000000
248030.000000000000 10088.000000000000 11417.000000000000 3298.000000000000
240622.000000000000 12382.000000000000 14749.000000000000 4050.000000000000
239850.000000000000 12293.000000000000 17628.000000000000 4018.000000000000
239694.000000000000 9960.000000000000 8768.000000000000 3251.000000000000
241620.000000000000 11238.000000000000 11357.000000000000 3677.000000000000
254970.000000000000 12191.000000000000 13902.000000000000 3982.000000000000
241496.000000000000 12702.000000000000 9439.000000000000 4153.000000000000
257988.000000000000 12403.000000000000 13596.000000000000 4049.000000000000
246878.000000000000 12093.000000000000 12874.000000000000 3946.000000000000
248738.000000000000 9353.000000000000 13991.000000000000 3054.000000000000
252694.000000000000 11839.000000000000 9044.000000000000 3870.000000000000
239914.000000000000 8866.000000000000 14249.000000000000 2890.000000000000
241042.000000000000 17923.000000000000 8652.000000000000 5866.000000000000
238544.000000000000 13756.000000000000 13557.000000000000 4498.000000000000
239710.000000000000 13104.000000000000 6763.000000000000 4283.000000000000
240288.000000000000 14748.000000000000 7533.000000000000 4827.000000000000
246730.000000000000 9723.000000000000 13544.000000000000 3180.000000000000
242254.000000000000 8232.000000000000 9091.000000000000 2680.000000000000
244078.000000000000 13743.000000000000 13156.000000000000 4493.000000000000
251774.000000000000 12886.000000000000 12881.000000000000 4214.000000000000
240476.000000000000 14925.000000000000 4559.000000000000 4894.000000000000
239078.000000000000 13704.000000000000 21267.000000000000 4477.000000000000
245910.000000000000 12451.000000000000 12902.000000000000 4070.000000000000
239852.000000000000 9790.000000000000 14152.000000000000 3204.000000000000
246608.000000000000 13835.000000000000 15461.000000000000 4521.000000000000
245012.000000000000 15043.000000000000 14722.000000000000 4921.000000000000
241378.000000000000 13145.000000000000 10765.000000000000 4298.000000000000
250966.000000000000 12847.000000000000 13900.000000000000 4202.000000000000
240330.000000000000 5838.000000000000 17700.000000000000 1898.000000000000
241602.000000000000 15892.000000000000 12891.000000000000 5198.000000000000
247646.000000000000 13361.000000000000 12340.000000000000 4366.000000000000
240902.000000000000 13805.000000000000 11964.000000000000 4517.000000000000
242466.000000000000 12320.000000000000 13740.000000000000 4030.000000000000
245714.000000000000 10545.000000000000 12098.000000000000 3442.000000000000
243088.000000000000 11084.000000000000 14036.000000000000 3618.000000000000
242190.000000000000 14426.000000000000 10994.000000000000 4724.000000000000
239480.000000000000 13534.000000000000 17144.000000000000 4424.000000000000
253262.000000000000 12114.000000000000 12616.000000000000 3960.000000000000
241970.000000000000 18452.000000000000 7330.000000000000 6039.000000000000
239926.000000000000 19407.000000000000 13168.000000000000 6355.000000000000
243738.000000000000 11754.000000000000 9959.000000000000 3839.000000000000
241188.000000000000 10619.000000000000 11990.000000000000 3475.000000000000
242886.000000000000 7880.000000000000 15933.000000000000 2577.000000000000
241802.000000000000 13347.000000000000 13429.000000000000 4369.000000000000
242008.000000000000 15785.000000000000 12996.000000000000 5161.000000000000
247816.000000000000 15080.000000000000 9449.000000000000 4936.000000000000
248920.000000000000 13892.000000000000 13365.000000000000 4533.000000000000
244834.000000000000 9118.000000000000 12016.000000000000 2982.000000000000
245234.000000000000 10406.000000000000 12738.000000000000 3397.000000000000
240528.000000000000 15083.000000000000 14926.000000000000 4935.000000000000
241984.000000000000 8711.000000000000 11512.000000000000 2847.000000000000
240584.000000000000 10886.000000000000 13416.000000000000 3560.000000000000
242726.000000000000 12570.000000000000 12177.000000000000 4104.000000000000
243576.000000000000 13637.000000000000 16565.000000000000 4455.000000000000
240392.000000000000 13043.000000000000 10866.000000000000 4257.000000000000
240796.000000000000 9998.000000000000 14335.000000000000 3271.000000000000
239856.000000000000 16088.000000000000 10535.000000000000 5263.000000000000
249834.000000000000 12559.000000000000 11458.000000000000 4098.000000000000
243444.000000000000 10247.000000000000 14548.000000000000 3344.000000000000
240278.000000000000 10201.000000000000 14724.000000000000 3332.000000000000
247062.000000000000 13022.000000000000 16434.000000000000 4254.000000000000
247574.000000000000 12459.000000000000 14472.000000000000 4062.000000000000
255592.000000000000 8785.000000000000 15916.000000000000 2872.000000000000
248910.000000000000 12928.000000000000 8366.000000000000 4224.000000000000
240516.000000000000 10530.000000000000 8640.000000000000 3437.000000000000
239556.000000000000 19605.000000000000 11990.000000000000 6421.000000000000
247012.000000000000 12179.000000000000 12179.000000000000 3980.000000000000
241976.000000000000 12409.000000000000 14033.000000000000 4046.000000000000
241346.000000000000 16150.000000000000 10380.000000000000 5290.000000000000
246130.000000000000 12720.000000000000 11248.000000000000 4158.000000000000
242440.000000000000 13325.000000000000 12590.000000000000 4361.000000000000
240128.000000000000 17191.000000000000 13072.000000000000 5616.000000000000
251610.000000000000 10154.000000000000 13934.000000000000 3311.000000000000
250672.000000000000 11995.000000000000 13735.000000000000 3924.000000000000
243434.000000000000 9520.000000000000 13846.000000000000 3105.000000000000
241858.000000000000 8347.000000000000 12982.000000000000 2725.000000000000
247518.000000000000 15034.000000000000 11416.000000000000 4919.000000000000
243252.000000000000 10659.000000000000 8030.000000000000 3481.000000000000
239292.000000000000 17866.000000000000 9218.000000000000 5851.000000000000
254560.000000000000 11329.000000000000 11052.000000000000 3705.000000000000
246502.000000000000 15430.000000000000 9982.000000000000 5038.000000000000
249916.000000000000 10976.000000000000 11382.000000000000 3583.000000000000
253378.000000000000 13341.000000000000 10893.000000000000 4367.000000000000
239206.000000000000 9581.000000000000 8589.000000000000 3125.000000000000
244702.000000000000 12900.000000000000 10574.000000000000 4216.000000000000
244610.000000000000 9100.000000000000 9319.000000000000 2972.000000000000
239018.000000000000 9755.000000000000 9392.000000000000 3185.000000000000
251830.000000000000 13500.000000000000 13431.000000000000 4419.000000000000
248158.000000000000 11435.000000000000 12936.000000000000 3733.000000000000
241110.000000000000 11274.000000000000 15311.000000000000 3690.000000000000
239782.000000000000 6620.000000000000 12601.000000000000 2157.000000000000
256904.000000000000 11718.000000000000 14307.000000000000 3841.000000000000
239648.000000000000 12790.000000000000 6981.000000000000 4185.000000000000
244524.000000000000 16748.000000000000 10071.000000000000 5485.000000000000
239146.000000000000 21749.000000000000 12772.000000000000 7113.000000000000
247442.000000000000 12955.000000000000 13533.000000000000 4231.000000000000
244996.000000000000 11176.000000000000 16997.000000000000 3644.000000000000
241764.000000000000 15081.000000000000 7334.000000000000 4935.000000000000
243146.000000000000 14694.000000000000 11724.000000000000 4805.000000000000
240516.000000000000 17836.000000000000 13749.000000000000 5845.000000000000
252776.000000000000 15425.000000000000 11119.000000000000 5046.000000000000
243002.000000000000 11089.000000000000 15020.000000000000 3622.000000000000
239544.000000000000 12925.000000000000 12115.000000000000 4224.000000000000
241936.000000000000 15987.000000000000 7028.000000000000 5231.000000000000
244044.000000000000 15055.000000000000 9397.000000000000 4915.000000000000
242384.000000000000 12740.000000000000 9879.000000000000 4171.000000000000
239304.000000000000 11808.000000000000 21586.000000000000 3862.000000000000
241852.000000000000 15292.000000000000 11556.000000000000 5001.000000000000
241612.000000000000 15592.000000000000 10943.000000000000 5103.000000000000
246776.000000000000 15220.000000000000 11893.000000000000 4985.000000000000
242868.000000000000 10444.000000000000 16576.000000000000 3418.000000000000
248462.000000000000 8734.000000000000 18540.000000000000 2849.000000000000
241784.000000000000 9559.000000000000 15145.000000000000 3117.000000000000
238802.000000000000 8951.000000000000 7916.000000000000 2931.000000000000
252820.000000000000 15267.000000000000 9683.000000000000 4992.000000000000
247600.000000000000 11944.000000000000 11981.000000000000 3903.000000000000
243048.000000000000 14322.000000000000 18661.000000000000 4686.000000000000
240448.000000000000 12804.000000000000 9085.000000000000 4175.000000000000
244166.000000000000 8830.000000000000 11118.000000000000 2882.000000000000
245726.000000000000 16507.000000000000 9217.000000000000 5406.000000000000
239926.000000000000 10315.000000000000 11525.000000000000 3375.000000000000
255284.000000000000 13337.000000000000 13928.000000000000 4350.000000000000
246532.000000000000 14665.000000000000 11659.000000000000 4799.000000000000
255904.000000000000 15132.000000000000 10019.000000000000 4947.000000000000
250204.000000000000 10952.000000000000 13223.000000000000 3580.000000000000
244812.000000000000 15616.000000000000 13288.000000000000 5117.000000000000
248532.000000000000 15542.000000000000 11313.000000000000 5078.000000000000
243752.000000000000 12805.000000000000 12564.000000000000 4178.000000000000
252142.000000000000 12022.000000000000 11822.000000000000 3932.000000000000
245744.000000000000 11956.000000000000 15793.000000000000 3902.000000000000
248198.000000000000 13566.000000000000 11562.000000000000 4445.000000000000
239394.000000000000 20199.000000000000 8933.000000000000 6614.000000000000
244644.000000000000 13282.000000000000 13525.000000000000 4343.000000000000
246094.000000000000 16963.000000000000 11662.000000000000 5547.000000000000
249378.000000000000 10760.000000000000 11746.000000000000 3513.000000000000
250254.000000000000 12894.000000000000 11338.000000000000 4217.000000000000
249996.000000000000 13843.000000000000 12528.000000000000 4529.000000000000
259288.000000000000 13859.000000000000 10793.000000000000 4534.000000000000
246346.000000000000 10597.000000000000 9047.000000000000 3468.000000000000
241474.000000000000 11839.000000000000 11350.000000000000 3862.000000000000
243256.000000000000 12475.000000000000 15105.000000000000 4078.000000000000
251848.000000000000 9512.000000000000 14526.000000000000 3107.000000000000
244206.000000000000 12743.000000000000 14845.000000000000 4167.000000000000
258762.000000000000 12638.000000000000 12732.000000000000 4128.000000000000
250112.000000000000 10524.000000000000 12028.000000000000 3442.000000000000
245334.000000000000 15686.000000000000 9201.000000000000 5133.000000000000
245000.000000000000 17075.000000000000 17112.000000000000 5579.000000000000
250726.000000000000 12008.000000000000 14423.000000000000 3923.000000000000
250642.000000000000 15316.000000000000 11157.000000000000 5012.000000000000
244026.000000000000 11419.000000000000 12304.000000000000 3724.000000000000
243588.000000000000 20599.000000000000 11347.000000000000 6742.000000000000
240254.000000000000 8325.000000000000 8478.000000000000 2715.000000000000
240102.000000000000 14480.000000000000 6144.000000000000 4740.000000000000
249184.000000000000 10419.000000000000 12263.000000000000 3406.000000000000
243420.000000000000 16697.000000000000 10283.000000000000 5453.000000000000
241424.000000000000 15817.000000000000 13169.000000000000 5165.000000000000
240968.000000000000 16625.000000000000 11182.000000000000 5445.000000000000
239956.000000000000 23746.000000000000 11765.000000000000 7771.000000000000
247440.000000000000 11377.000000000000 15880.000000000000 3718.000000000000
243186.000000000000 12735.000000000000 13983.000000000000 4159.000000000000
243708.000000000000 11014.000000000000 10211.000000000000 3602.000000000000
248276.000000000000 15259.000000000000 10038.000000000000 4988.000000000000
251016.000000000000 11410.000000000000 14641.000000000000 3729.000000000000
242312.000000000000 15427.000000000000 14163.000000000000 5050.000000000000
255788.000000000000 12761.000000000000 12706.000000000000 4177.000000000000
242862.000000000000 10087.000000000000 12525.000000000000 3299.000000000000
243230.000000000000 8034.000000000000 10984.000000000000 2619.000000000000
244850.000000000000 11578.000000000000 12853.000000000000 3779.000000000000
257400.000000000000 11782.000000000000 15867.000000000000 3842.000000000000
251162.000000000000 14519.000000000000 15218.000000000000 4754.000000000000
246734.000000000000 12664.000000000000 14596.000000000000 4143.000000000000
250370.000000000000 12249.000000000000 12861.000000000000 4001.000000000000
245170.000000000000 14054.000000000000 9222.000000000000 4593.000000000000
254258.000000000000 13119.000000000000 11233.000000000000 4288.000000000000
247894.000000000000 13880.000000000000 11895.000000000000 4542.000000000000
246630.000000000000 13694.000000000000 11643.000000000000 4475.000000000000
247650.000000000000 11906.000000000000 15890.000000000000 3896.000000000000
239166.000000000000 16784.000000000000 12354.000000000000 5493.000000000000
250392.000000000000 11083.000000000000 9680.000000000000 3626.000000000000
247878.000000000000 9463.000000000000 12245.000000000000 3094.000000000000
246840.000000000000 13944.000000000000 12415.000000000000 4562.000000000000
241946.000000000000 14095.000000000000 10845.000000000000 4595.000000000000
244578.000000000000 10279.000000000000 9336.000000000000 3351.000000000000
240384.000000000000 15194.000000000000 9851.000000000000 4970.000000000000
247034.000000000000 10903.000000000000 15497.000000000000 3563.000000000000
241614.000000000000 15338.000000000000 9147.000000000000 5015.000000000000
241442.000000000000 7552.000000000000 14398.000000000000 2462.000000000000
248420.000000000000 8086.000000000000 15785.000000000000 2637.000000000000
249078.000000000000 9634.000000000000 18171.000000000000 3141.000000000000
241356.000000000000 10403.000000000000 10658.000000000000 3394.000000000000
258130.000000000000 11390.000000000000 12447.000000000000 3718.000000000000
256346.000000000000 12764.000000000000 14201.000000000000 4166.000000000000
247762.000000000000 10496.000000000000 13743.000000000000 3430.000000000000
242214.000000000000 10652.000000000000 17147.000000000000 3473.000000000000
241946.000000000000 16319.000000000000 14878.000000000000 5337.000000000000
242118.000000000000 9754.000000000000 14020.000000000000 3182.000000000000
244006.000000000000 9536.000000000000 11829.000000000000 3120.000000000000
248328.000000000000 13973.000000000000 6993.000000000000 4567.000000000000
247446.000000000000 10897.000000000000 16553.000000000000 3557.000000000000
246096.000000000000 9123.000000000000 12126.000000000000 2971.000000000000
256246.000000000000 12962.000000000000 13201.000000000000 4231.000000000000
239516.000000000000 12199.000000000000 4949.000000000000 3987.000000000000
251764.000000000000 12363.000000000000 11962.000000000000 4034.000000000000
255908.000000000000 11878.000000000000 12154.000000000000 3880.000000000000
252300.000000000000 14367.000000000000 11898.000000000000 4700.000000000000
239210.000000000000 16318.000000000000 8463.000000000000 5344.000000000000
246268.000000000000 14265.000000000000 10754.000000000000 4663.000000000000
242428.000000000000 13472.000000000000 14965.000000000000 4403.000000000000
256834.000000000000 12476.000000000000 11330.000000000000 4077.000000000000
241714.000000000000 9777.000000000000 9909.000000000000 3192.000000000000
241978.000000000000 16405.000000000000 11535.000000000000 5373.000000000000
240124.000000000000 12541.000000000000 14936.000000000000 4094.000000000000
242938.000000000000 12241.000000000000 11209.000000000000 3998.000000000000
240684.000000000000 10293.000000000000 15193.000000000000 3361.000000000000
250420.000000000000 11423.000000000000 13104.000000000000 3736.000000000000
243026.000000000000 13024.000000000000 10999.000000000000 4255.000000000000
249532.000000000000 14135.000000000000 12035.000000000000 4625.000000000000
243490.000000000000 14429.000000000000 11647.000000000000 4715.000000000000
245812.000000000000 11676.000000000000 11253.000000000000 3810.000000000000
239644.000000000000 12927.000000000000 6925.000000000000 4223.000000000000
243582.000000000000 12601.000000000000 11014.000000000000 4129.000000000000
240742.000000000000 18076.000000000000 7603.000000000000 5918.000000000000
240522.000000000000 8649.000000000000 19633.000000000000 2821.000000000000
243180.000000000000 6828.000000000000 12697.000000000000 2226.000000000000
240904.000000000000 16146.000000000000 12743.000000000000 5277.000000000000
239354.000000000000 9075.000000000000 14100.000000000000 2964.000000000000
