transition,folder,tag,model,calibration,param,k4,chi,chi_err,chi_B,variance,variance_err,variance_B,ess_frac
AB,a_b,LR,Logistic Regression,uncalibrated,-0.128,1.224394,0.039674180354690614,0.0197925302285065,50.0,2.8447366980541466e-06,6.4123957922367955e-06,3.0,0.00042325654810152413
AB,a_b,LR,Logistic Regression,uncalibrated,-0.1279,1.22435395,0.03990412536527968,0.019901682051301963,50.0,2.982940487733168e-06,6.482486778386664e-06,3.0,0.0004380997120922392
AB,a_b,LR,Logistic Regression,uncalibrated,-0.1278,1.2243139,0.04013437898915782,0.020010986529725,50.0,3.123197448164239e-06,6.5529034564501025e-06,3.0,0.0004536840556492265
AB,a_b,LR,Logistic Regression,uncalibrated,-0.1277,1.2242738499999999,0.04036491787750647,0.020120433142276378,50.0,3.2654404283987516e-06,6.623625579822958e-06,3.0,0.0004700533785119335
AB,a_b,LR,Logistic Regression,uncalibrated,-0.1276,1.2242338,0.0405957183180633,0.020230011221931844,50.0,3.409597517261805e-06,6.694631390758144e-06,3.0,0.00048725438428788337
AB,a_b,LR,Logistic Regression,uncalibrated,-0.1275,1.22419375,0.04082675623453869,0.0203397099556817,50.0,3.555592016364929e-06,6.765897562076948e-06,3.0,0.0005053368891415737
AB,a_b,LR,Logistic Regression,uncalibrated,-0.1274,1.2241537,0.04105800718598929,0.020449518383970414,50.0,3.7033424245889644e-06,6.8373991409590385e-06,3.0,0.0005243540463091216
AB,a_b,LR,Logistic Regression,uncalibrated,-0.1273,1.22411365,0.04128944636615622,0.020559425400032662,50.0,3.8527624346002004e-06,6.909109495253477e-06,3.0,0.0005443625876730673
AB,a_b,LR,Logistic Regression,uncalibrated,-0.1272,1.2240735999999999,0.04152104860276268,0.02066941974912597,50.0,4.003760941948058e-06,6.9810002627690755e-06,3.0,0.0005654230837284958
AB,a_b,LR,Logistic Regression,uncalibrated,-0.1271,1.22403355,0.04175278835678719,0.020779490027658987,50.0,4.156242067266442e-06,7.053041304010309e-06,3.0,0.0005876002233751874
AB,a_b,LR,Logistic Regression,uncalibrated,-0.127,1.2239935,0.041984639721708614,0.020889624682215127,50.0,4.310105192062388e-06,7.125200658824122e-06,3.0,0.0006109631150809289
AB,a_b,LR,Logistic Regression,uncalibrated,-0.1269,1.22395345,0.04221657642273679,0.020999812008474877,50.0,4.465245008554907e-06,7.197444507433742e-06,3.0,0.0006355856110814512
AB,a_b,LR,Logistic Regression,uncalibrated,-0.1268,1.2239134,0.04244857181604604,0.021110040150037646,50.0,4.621551583973894e-06,7.269737136323298e-06,3.0,0.0006615466564092537
AB,a_b,LR,Logistic Regression,uncalibrated,-0.1267,1.2238733499999999,0.04268059888800031,0.021220297097147088,50.0,4.7789104396941684e-06,7.342040909436807e-06,3.0,0.0006889306646812441
AB,a_b,LR,Logistic Regression,uncalibrated,-0.1266,1.2238333,0.04291263025441737,0.021330570685328114,50.0,4.937202645532619e-06,7.414316245144742e-06,3.0,0.0007178279227219329
AB,a_b,LR,Logistic Regression,uncalibrated,-0.1265,1.22379325,0.04314463815984836,0.021440848593933953,50.0,5.09630492947553e-06,7.486521599411551e-06,3.0,0.0007483350262550877
AB,a_b,LR,Logistic Regression,uncalibrated,-0.1264,1.2237532,0.04337659447692928,0.021551118344620503,50.0,5.256089803063622e-06,7.558613455589794e-06,3.0,0.0007805553490658598
AB,a_b,LR,Logistic Regression,uncalibrated,-0.1263,1.22371315,0.043608470705787064,0.02166136729974898,50.0,5.41642570258646e-06,7.630546321234437e-06,3.0,0.0008145995482131494
AB,a_b,LR,Logistic Regression,uncalibrated,-0.1262,1.2236730999999998,0.043840237973545707,0.021771582660730548,50.0,5.577177146184411e-06,7.702272732310706e-06,3.0,0.0008505861080638258
AB,a_b,LR,Logistic Regression,uncalibrated,-0.1261,1.2236330499999999,0.044071867033948664,0.021881751466325507,50.0,5.738204906889066e-06,7.773743265140205e-06,3.0,0.0008886419261238517
AB,a_b,LR,Logistic Regression,uncalibrated,-0.126,1.223593,0.04430332826711457,0.02199186059090508,50.0,5.899366201553222e-06,7.84490655638954e-06,3.0,0.0009289029438568947
AB,a_b,LR,Logistic Regression,uncalibrated,-0.1259,1.2235603499999999,0.04454458316337916,0.02210619814222386,50.0,6.07391694581898e-06,7.925204901469565e-06,3.0,0.0009724064627298828
AB,a_b,LR,Logistic Regression,uncalibrated,-0.1258,1.2235277,0.044785473014973154,0.02222038085847652,50.0,6.2487508900202955e-06,8.005418607461563e-06,3.0,0.0010184403533636968
AB,a_b,LR,Logistic Regression,uncalibrated,-0.1257,1.22349505,0.045025963300792116,0.022334393380684235,50.0,6.423718418204175e-06,8.085492421320712e-06,3.0,0.0010671679020833097
AB,a_b,LR,Logistic Regression,uncalibrated,-0.1256,1.2234623999999998,0.04526601913934469,0.022448220186205445,50.0,6.598666899716181e-06,8.165368882717045e-06,3.0,0.001118763546561006
AB,a_b,LR,Logistic Regression,uncalibrated,-0.1255,1.22342975,0.045505605290954376,0.02256184558772874,50.0,6.7734409237779605e-06,8.244988375063589e-06,3.0,0.0011734136514048943
AB,a_b,LR,Logistic Regression,uncalibrated,-0.1254,1.2233971,0.045744686160232716,0.02267525373232861,50.0,7.006894648997312e-06,8.329111267048685e-06,5.0,0.001231317336399284
AB,a_b,LR,Logistic Regression,uncalibrated,-0.1253,1.2233644499999998,0.04598322579886493,0.02278842860060373,50.0,7.1758675409518556e-06,8.418523437846627e-06,5.0,0.0012926873606642802
AB,a_b,LR,Logistic Regression,uncalibrated,-0.1252,1.2233318,0.04622118790871928,0.022901354005914174,50.0,7.34419605809021e-06,8.507545304318798e-06,5.0,0.0013577510661599197
AB,a_b,LR,Logistic Regression,uncalibrated,-0.1251,1.22329915,0.0464585358453278,0.023014013593743537,50.0,7.5117223761734066e-06,8.59609521266758e-06,5.0,0.001426751384121211
AB,a_b,LR,Logistic Regression,uncalibrated,-0.125,1.2232664999999998,0.04669523262176544,0.023126390841203073,50.0,7.678287327836569e-06,8.684089467296786e-06,5.0,0.0014999479081707393
AB,a_b,LR,Logistic Regression,uncalibrated,-0.1249,1.22323385,0.046931240912958166,0.023238469056705357,50.0,7.843730683955565e-06,8.771442480540943e-06,5.0,0.0015776180380167929
AB,a_b,LR,Logistic Regression,uncalibrated,-0.1248,1.2232011999999999,0.0471665230604605,0.023350231379827304,50.0,8.007891442771962e-06,8.858066932099605e-06,5.0,0.0016600581978041685
AB,a_b,LR,Logistic Regression,uncalibrated,-0.1247,1.22316855,0.04740104107773714,0.023461660781386687,50.0,8.170608126030459e-06,8.943873937649608e-06,5.0,0.0017475851333428377
AB,a_b,LR,Logistic Regression,uncalibrated,-0.1246,1.2231359,0.047634756655983435,0.02357274006376285,50.0,8.331719081323381e-06,9.028773226047959e-06,5.0,0.0018405372925909488
AB,a_b,LR,Logistic Regression,uncalibrated,-0.1245,1.2231032499999999,0.047867631170524616,0.023683451861480326,50.0,8.491062789820051e-06,9.112673324516285e-06,5.0,0.001939276293916947
AB,a_b,LR,Logistic Regression,uncalibrated,-0.1244,1.2230706,0.04809962568783724,0.023793778642084203,50.0,8.648478178498131e-06,9.19548175113975e-06,5.0,0.0020441884868033686
AB,a_b,LR,Logistic Regression,uncalibrated,-0.1243,1.22303795,0.04833070097321695,0.023903702707335897,50.0,8.803804935973353e-06,9.277105213990523e-06,5.0,0.002155686609784154
AB,a_b,LR,Logistic Regression,uncalibrated,-0.1242,1.2230052999999999,0.04856081749915809,0.02401320619475361,50.0,8.95688383099367e-06,9.357449816156725e-06,5.0,0.002274211550523196
AB,a_b,LR,Logistic Regression,uncalibrated,-0.1241,1.22297265,0.04878993545446162,0.02412227107952713,50.0,9.107557032623025e-06,9.436421265919798e-06,5.0,0.0024002342130419446
AB,a_b,LR,Logistic Regression,uncalibrated,-0.124,1.22294,0.04901801475412392,0.02423087917683094,50.0,9.255668431128077e-06,9.513925091311936e-06,5.0,0.0025342574971858067
AB,a_b,LR,Logistic Regression,uncalibrated,-0.1239,1.22289565,0.049231192257170917,0.02433318016124711,50.0,9.373980375478109e-06,9.567268849993697e-06,5.0,0.002676310991558983
AB,a_b,LR,Logistic Regression,uncalibrated,-0.1238,1.2228512999999999,0.04944356625609142,0.024435142049338835,50.0,9.488761269751957e-06,9.618456531761608e-06,5.0,0.002827832395705157
AB,a_b,LR,Logistic Regression,uncalibrated,-0.1237,1.2228069499999998,0.04965510229942999,0.024536749081716856,50.0,9.599872855926989e-06,9.667405531802865e-06,5.0,0.002989509529036303
AB,a_b,LR,Logistic Regression,uncalibrated,-0.1236,1.2227626,0.04986576570021854,0.0246379853416833,50.0,9.707181331652082e-06,9.714034969555169e-06,5.0,0.0031620821869292456
AB,a_b,LR,Logistic Regression,uncalibrated,-0.1235,1.22271825,0.05007552155255873,0.0247388347607933,50.0,9.810557707104603e-06,9.758265923478381e-06,5.0,0.0033463460459590404
AB,a_b,LR,Logistic Regression,uncalibrated,-0.1234,1.2226739,0.0502843347496542,0.024839281125196656,50.0,9.909878152005671e-06,9.800021663650809e-06,5.0,0.003543156842537096
AB,a_b,LR,Logistic Regression,uncalibrated,-0.1233,1.22262955,0.05049217000334208,0.024939308082802904,50.0,1.0005024331203664e-05,9.839227881164187e-06,5.0,0.0037534348402690904
AB,a_b,LR,Logistic Regression,uncalibrated,-0.1232,1.2225852,0.05069899186518902,0.025038899151307477,50.0,1.0095883727283584e-05,9.875812913309827e-06,5.0,0.003978169601575956
AB,a_b,LR,Logistic Regression,uncalibrated,-0.1231,1.22254085,0.05090476474920447,0.025138037727113326,50.0,1.0182349948687512e-05,9.909707963548823e-06,5.0,0.0042184250792330295
AB,a_b,LR,Logistic Regression,uncalibrated,-0.123,1.2224965,0.051109452956226355,0.025236707095191133,50.0,1.0264323021887286e-05,9.940847315278894e-06,5.0,0.004475345043457935
AB,a_b,LR,Logistic Regression,uncalibrated,-0.1229,1.22245215,0.05131302070003292,0.02533489043990704,50.0,1.0341709666205519e-05,9.969168538427733e-06,5.0,0.004750158859986438
AB,a_b,LR,Logistic Regression,uncalibrated,-0.1228,1.2224078,0.051515432135232984,0.025432570856857486,50.0,1.0414423549964555e-05,9.994612687940641e-06,5.0,0.005044187634189588
AB,a_b,LR,Logistic Regression,uncalibrated,-0.1227,1.22236345,0.0517166513869801,0.025529731365739633,50.0,1.0482385526704413e-05,1.0017124493247373e-05,5.0,0.0053588507356728335
AB,a_b,LR,Logistic Regression,uncalibrated,-0.1226,1.2223191,0.05191664258255645,0.025626354924290544,50.0,1.0545523850320408e-05,1.0036652537848165e-05,5.0,0.005695672716915759
AB,a_b,LR,Logistic Regression,uncalibrated,-0.1225,1.22227475,0.05211536988487822,0.025722424443321925,50.0,1.060377436805938e-05,1.0053149428194128e-05,5.0,0.0060562906383283465
AB,a_b,LR,Logistic Regression,uncalibrated,-0.1224,1.2222304,0.052312797527951246,0.02581792280288273,50.0,1.065708069042422e-05,1.006657195108951e-05,5.0,0.006442461810560492
AB,a_b,LR,Logistic Regression,uncalibrated,-0.1223,1.2221860500000001,0.05250888985432793,0.025912832869567817,50.0,1.0322680526036663e-05,1.0086850129514045e-05,33.0,0.006856071962968
AB,a_b,LR,Logistic Regression,uncalibrated,-0.1222,1.2221417,0.05270361135459138,0.026007137515001444,50.0,1.0350474562674826e-05,1.0104593440671222e-05,33.0,0.007299143844751436
AB,a_b,LR,Logistic Regression,uncalibrated,-0.1221,1.22209735,0.05289692670890757,0.026100819635514326,50.0,1.0373960557240167e-05,1.011867314317295e-05,33.0,0.007773846262387132
AB,a_b,LR,Logistic Regression,uncalibrated,-0.122,1.222053,0.053088800830668456,0.02619386217303287,50.0,1.0393121193183553e-05,1.0129066952935784e-05,33.0,0.008282503553515208
AB,a_b,LR,Logistic Regression,uncalibrated,-0.1219,1.2220048000000001,0.05327621338244098,0.026285091650835427,50.0,1.0398517552681678e-05,1.0126936079050381e-05,33.0,0.008831535913337026
AB,a_b,LR,Logistic Regression,uncalibrated,-0.1218,1.2219566000000002,0.053462305194977695,0.026375739664401824,50.0,1.039952498025961e-05,1.0121045570816238e-05,33.0,0.009420708468809755
AB,a_b,LR,Logistic Regression,uncalibrated,-0.1217,1.2219084,0.05364704607922298,0.02646579122674847,50.0,1.0396157122330144e-05,1.0111399523201098e-05,33.0,0.01005303280657879
AB,a_b,LR,Logistic Regression,uncalibrated,-0.1216,1.2218602,0.053830406327561205,0.026555231516030092,50.0,1.0388434571281109e-05,1.0098007867130078e-05,33.0,0.010731737604966344
AB,a_b,LR,Logistic Regression,uncalibrated,-0.1215,1.2218120000000001,0.05401235677052429,0.0266440459040169,50.0,1.0376384787513906e-05,1.0080886354883375e-05,33.0,0.011460282018283365
AB,a_b,LR,Logistic Regression,uncalibrated,-0.1214,1.2217638,0.05419286883570361,0.026732219985867205,50.0,1.0360042000247195e-05,1.0060056526647045e-05,33.0,0.012242369507007734
AB,a_b,LR,Logistic Regression,uncalibrated,-0.1213,1.2217156,0.05437191460885231,0.02681973961118452,50.0,1.033944708762869e-05,1.003554565836205e-05,33.0,0.013081962065649448
AB,a_b,LR,Logistic Regression,uncalibrated,-0.1212,1.2216674,0.05454946689717072,0.026906590916350972,50.0,1.0314647436802554e-05,1.0007386691118588e-05,33.0,0.013983294787409681
AB,a_b,LR,Logistic Regression,uncalibrated,-0.1211,1.2216192000000001,0.05472549929475523,0.026992760358126908,50.0,1.0285696784694478e-05,9.975618142457578e-06,33.0,0.014950890690483533
AB,a_b,LR,Logistic Regression,uncalibrated,-0.121,1.221571,0.05489998625019542,0.02707823474849618,50.0,1.0252655040342929e-05,9.940284000020928e-06,33.0,0.015989575715046226
AB,a_b,LR,Logistic Regression,uncalibrated,-0.1209,1.2215228,0.055072903136282395,0.027163001290743016,50.0,1.0307656102045167e-05,9.90188415223657e-06,57.0,0.017104493782496077
AB,a_b,LR,Logistic Regression,uncalibrated,-0.1208,1.2214746,0.05524422632181774,0.027247047616736193,50.0,1.026488294702411e-05,9.860187817937603e-06,57.0,0.0183011217894604
AB,a_b,LR,Logistic Regression,uncalibrated,-0.1207,1.2214264000000001,0.05541393324546716,0.027330361825397113,50.0,1.0218209107307029e-05,9.815083755671932e-06,57.0,0.019585284388356432
AB,a_b,LR,Logistic Regression,uncalibrated,-0.1206,1.2213782000000002,0.055582002491645605,0.027412932522325874,50.0,1.0167719711506266e-05,9.766635924173696e-06,57.0,0.020963168384081115
AB,a_b,LR,Logistic Regression,uncalibrated,-0.1205,1.22133,0.05574841386837566,0.027494748860553482,50.0,1.011350494900277e-05,9.714912975900574e-06,57.0,0.022441336552737823
AB,a_b,LR,Logistic Regression,uncalibrated,-0.1204,1.2212818,0.05591314848707393,0.027575800582386456,50.0,1.005565979433787e-05,9.659988060911448e-06,57.0,0.024026740663393654
AB,a_b,LR,Logistic Regression,uncalibrated,-0.1203,1.2212336000000001,0.056076188844223454,0.027656078062312704,50.0,9.994283720992168e-06,9.601938618657756e-06,57.0,0.02572673345797788
AB,a_b,LR,Logistic Regression,uncalibrated,-0.1202,1.2211854000000002,0.05623751890487377,0.027735572350925615,50.0,9.929480405918823e-06,9.54084615871433e-06,57.0,0.02754907931781769
AB,a_b,LR,Logistic Regression,uncalibrated,-0.1201,1.2211372,0.05639712418789745,0.02781427521982682,50.0,9.861357426205569e-06,9.47679603149866e-06,57.0,0.0295019633184954
AB,a_b,LR,Logistic Regression,uncalibrated,-0.12,1.221089,0.056554991852955,0.02789217920746282,50.0,9.790025949262551e-06,9.409877190075349e-06,57.0,0.03159399834808847
AB,a_b,LR,Logistic Regression,uncalibrated,-0.1199,1.22101725,0.056707359315481105,0.027969213882338424,50.0,9.791656369518458e-06,9.288466942215906e-06,43.0,0.03402964016581249
AB,a_b,LR,Logistic Regression,uncalibrated,-0.1198,1.2209455,0.056860196477155074,0.028046517475939985,50.0,9.655950304233183e-06,9.165388208505452e-06,43.0,0.03665988102278
AB,a_b,LR,Logistic Regression,uncalibrated,-0.1197,1.22087375,0.05701354976830107,0.02812411081329725,50.0,9.518595209237503e-06,9.040791026238982e-06,43.0,0.03949915543426734
AB,a_b,LR,Logistic Regression,uncalibrated,-0.1196,1.2208020000000002,0.057167467709452705,0.028202015743692757,50.0,9.379778448743665e-06,8.914829746018667e-06,43.0,0.042562690256445414
AB,a_b,LR,Logistic Regression,uncalibrated,-0.1195,1.2207302500000001,0.05732200090548635,0.028280255143202496,50.0,9.239685581975794e-06,8.787658121873002e-06,43.0,0.045866498965058795
AB,a_b,LR,Logistic Regression,uncalibrated,-0.1194,1.2206585,0.05747720203209906,0.02835885291332562,50.0,9.09849985691403e-06,8.659428882453562e-06,43.0,0.04942736636405981
AB,a_b,LR,Logistic Regression,uncalibrated,-0.1193,1.22058675,0.057633125814253186,0.02843783397549462,50.0,8.956401728424422e-06,8.530293315923722e-06,43.0,0.05326282237680567
AB,a_b,LR,Logistic Regression,uncalibrated,-0.1192,1.220515,0.05778982899626621,0.02851722426128662,50.0,8.81356840265645e-06,8.400400870457933e-06,43.0,0.0573911035580854
AB,a_b,LR,Logistic Regression,uncalibrated,-0.1191,1.22044325,0.057947370303246856,0.028597050698159706,50.0,8.67017340932842e-06,8.26989877209792e-06,43.0,0.061831100986030715
AB,a_b,LR,Logistic Regression,uncalibrated,-0.119,1.2203715000000002,0.058105810393605364,0.028677341190566592,50.0,8.526386203262239e-06,8.138931661543205e-06,43.0,0.06660229325548506
AB,a_b,LR,Logistic Regression,uncalibrated,-0.1189,1.2202997500000001,0.05826521180239481,0.028758124596309664,50.0,8.382371796271368e-06,8.007641251269943e-06,43.0,0.07172466340538937
AB,a_b,LR,Logistic Regression,uncalibrated,-0.1188,1.220228,0.05842563887529017,0.028839430698022382,50.0,8.238290420248846e-06,7.876166004195247e-06,43.0,0.077218598777889
AB,a_b,LR,Logistic Regression,uncalibrated,-0.1187,1.22015625,0.05858715769304432,0.02892129016969028,50.0,8.094297222043107e-06,7.744640834900432e-06,43.0,0.08310477303116935
AB,a_b,LR,Logistic Regression,uncalibrated,-0.1186,1.2200845,0.05874983598631153,0.02900373453815067,50.0,7.950541990471848e-06,7.613196834251337e-06,43.0,0.08940400981395949
AB,a_b,LR,Logistic Regression,uncalibrated,-0.1185,1.22001275,0.05891374304075808,0.029086796139520733,50.0,7.80716891558445e-06,7.481961018055862e-06,43.0,0.09613712795817406
AB,a_b,LR,Logistic Regression,uncalibrated,-0.1184,1.219941,0.059078949592460815,0.029170508070553033,50.0,7.664316380058978e-06,7.3510561002152025e-06,43.0,0.10332476845467184
AB,a_b,LR,Logistic Regression,uncalibrated,-0.1183,1.2198692500000001,0.059245527713622056,0.029254904134931925,50.0,7.522116782408066e-06,7.220600290643443e-06,43.0,0.11098720393988275
AB,a_b,LR,Logistic Regression,uncalibrated,-0.1182,1.2197975,0.05941355068868552,0.02934001878455548,50.0,7.380696391470795e-06,7.090707118051794e-06,43.0,0.11914413192848143
AB,a_b,LR,Logistic Regression,uncalibrated,-0.1181,1.21972575,0.059583092881021996,0.029425887055885006,50.0,7.240175231491196e-06,6.961485277533414e-06,43.0,0.12781445356555976
AB,a_b,LR,Logistic Regression,uncalibrated,-0.118,1.219654,0.05975422959037743,0.029512544501470506,50.0,7.100666996907798e-06,6.833038502712481e-06,43.0,0.13701604022375152
AB,a_b,LR,Logistic Regression,uncalibrated,-0.1179,1.21972185,0.05976590491993317,0.029511211843795092,50.0,7.1979448597934136e-06,6.923414642460916e-06,43.0,0.1411947229411354
AB,a_b,LR,Logistic Regression,uncalibrated,-0.1178,1.2197897,0.059782759223270684,0.029512670846620716,50.0,7.2965025609110275e-06,7.015002290571881e-06,43.0,0.1452199000168324
AB,a_b,LR,Logistic Regression,uncalibrated,-0.1177,1.21985755,0.059804852069938956,0.029516946419630645,50.0,7.396349124806472e-06,7.1078091152126934e-06,43.0,0.14907953545530128
AB,a_b,LR,Logistic Regression,uncalibrated,-0.1176,1.2199254,0.05983222547431865,0.029524054818610118,50.0,7.497487879268723e-06,7.201837546160705e-06,43.0,0.1527625984893754
AB,a_b,LR,Logistic Regression,uncalibrated,-0.1175,1.2199932500000001,0.059864904083630564,0.029534003751952864,50.0,7.599916198516273e-06,7.297084542412168e-06,43.0,0.1562589740730463
AB,a_b,LR,Logistic Regression,uncalibrated,-0.1174,1.2200611000000001,0.05990289544571105,0.02954679252601125,50.0,7.703625262265934e-06,7.393541375180583e-06,43.0,0.1595593674405793
AB,a_b,LR,Logistic Regression,uncalibrated,-0.1173,1.22012895,0.05994619035238864,0.02956241222716269,50.0,7.808599831853569e-06,7.491193427342596e-06,43.0,0.1626552088930752
AB,a_b,LR,Logistic Regression,uncalibrated,-0.1172,1.2201968,0.05999476325376828,0.02958084593820081,50.0,7.914818044544573e-06,7.590020010351242e-06,43.0,0.1655385640878061
AB,a_b,LR,Logistic Regression,uncalibrated,-0.1171,1.22026465,0.060048572738210085,0.029602068986419268,50.0,8.022251227176251e-06,7.68999419962068e-06,43.0,0.16820205415231596
AB,a_b,LR,Logistic Regression,uncalibrated,-0.117,1.2203325,0.06010756207241924,0.0296260492205824,50.0,8.130863730239739e-06,7.791082689345624e-06,43.0,0.1706387889922977
AB,a_b,LR,Logistic Regression,uncalibrated,-0.1169,1.22040035,0.06017165979570241,0.029652747313795372,50.0,8.240612783485777e-06,7.89324566768362e-06,43.0,0.17284231625566115
AB,a_b,LR,Logistic Regression,uncalibrated,-0.1168,1.2204682,0.060240780362216306,0.029682117089190562,50.0,8.351448374111507e-06,7.996436713185755e-06,43.0,0.174806587583651
AB,a_b,LR,Logistic Regression,uncalibrated,-0.1167,1.22053605,0.06031482482489102,0.029714105865274475,50.0,8.46331314853743e-06,8.100602713313664e-06,43.0,0.1765259430361192
AB,a_b,LR,Logistic Regression,uncalibrated,-0.1166,1.2206039,0.060393681554595124,0.029748654817745284,50.0,8.57614233874867e-06,8.20568380582835e-06,43.0,0.177995113922687
AB,a_b,LR,Logistic Regression,uncalibrated,-0.1165,1.22067175,0.06047722698812388,0.02978569935458029,50.0,8.68986371411549e-06,8.311613343778278e-06,43.0,0.1792092436969649
AB,a_b,LR,Logistic Regression,uncalibrated,-0.1164,1.2207396000000001,0.06056532639866155,0.029825169501255976,50.0,8.804397559555537e-06,8.418317884750862e-06,43.0,0.18016392606458137
AB,a_b,LR,Logistic Regression,uncalibrated,-0.1163,1.2208074500000001,0.06065783468248884,0.029866990293017415,50.0,8.919656680827878e-06,8.525717204979573e-06,43.0,0.18085525900325924
AB,a_b,LR,Logistic Regression,uncalibrated,-0.1162,1.2208753,0.060754597155902076,0.029911082171220675,50.0,9.035546437686297e-06,8.633724338833759e-06,43.0,0.18127991298041213
AB,a_b,LR,Logistic Regression,uncalibrated,-0.1161,1.22094315,0.06085545035657555,0.02995736138090461,50.0,9.151964805523999e-06,8.742245644121401e-06,43.0,0.18143521127106516
AB,a_b,LR,Logistic Regression,uncalibrated,-0.116,1.221011,0.06096022284387018,0.030005740366892693,50.0,9.268802466067962e-06,8.85118089356605e-06,43.0,0.18131921991773045
AB,a_b,LR,Logistic Regression,uncalibrated,-0.1159,1.2207344,0.06084709683295286,0.0299637729739833,50.0,8.534576279836816e-06,8.17473224090729e-06,43.0,0.21046164473431644
AB,a_b,LR,Logistic Regression,uncalibrated,-0.1158,1.2204578000000001,0.060810258975505876,0.029959104742859437,50.0,7.866310411385681e-06,7.556798926975657e-06,43.0,0.24271672367338593
AB,a_b,LR,Logistic Regression,uncalibrated,-0.1157,1.2201812,0.06085547221800135,0.029994619632167773,50.0,7.259176628822384e-06,6.993419298644929e-06,43.0,0.2779890204601163
AB,a_b,LR,Logistic Regression,uncalibrated,-0.1156,1.2199046,0.06098765827660217,0.03007278661982541,50.0,6.708318869502801e-06,6.480535809290588e-06,43.0,0.31607598346742805
AB,a_b,LR,Logistic Regression,uncalibrated,-0.1155,1.2196280000000002,0.0612107227185892,0.03019557169616316,50.0,6.208934670460359e-06,6.014072736740882e-06,43.0,0.3566641468994175
AB,a_b,LR,Logistic Regression,uncalibrated,-0.1154,1.2193514,0.06152739996795975,0.030364359793477867,50.0,5.756343558938667e-06,5.590003769375643e-06,43.0,0.3993315095691237
AB,a_b,LR,Logistic Regression,uncalibrated,-0.1153,1.2190748,0.06193912662658327,0.030579890869534415,50.0,5.346042862500404e-06,5.204409265002999e-06,43.0,0.4435558099778961
AB,a_b,LR,Logistic Regression,uncalibrated,-0.1152,1.2187982,0.06244595041412168,0.030842213824092267,50.0,4.97375167742957e-06,4.853523337204663e-06,43.0,0.48872774986112516
AB,a_b,LR,Logistic Regression,uncalibrated,-0.1151,1.2185216,0.06304648027773724,0.031150661054600005,50.0,4.6354439326563525e-06,4.533771202084229e-06,43.0,0.5341678001230642
AB,a_b,LR,Logistic Regression,uncalibrated,-0.115,1.218245,0.06373788092527605,0.031503845308032234,50.0,4.32737161310926e-06,4.24179742694309e-06,43.0,0.5791451210461454
AB,a_b,LR,Logistic Regression,uncalibrated,-0.1149,1.2179684,0.06451591238584929,0.03189967915639552,50.0,4.046079271733479e-06,3.974485866885217e-06,43.0,0.6228973159002527
AB,a_b,LR,Logistic Regression,uncalibrated,-0.1148,1.2176918,0.06537501244319455,0.03233541603576524,50.0,3.7884109743927215e-06,3.72897216334839e-06,43.0,0.6646501122242701
AB,a_b,LR,Logistic Regression,uncalibrated,-0.1147,1.2174152,0.06630841718214461,0.03280771047509158,50.0,3.551510797338089e-06,3.5026497189344326e-06,43.0,0.7036364947388867
AB,a_b,LR,Logistic Regression,uncalibrated,-0.1146,1.2171386,0.06730831268185572,0.03331269402547704,50.0,3.3328179429596474e-06,3.293170064814419e-06,43.0,0.7391151767717404
AB,a_b,LR,Logistic Regression,uncalibrated,-0.1145,1.2168619999999999,0.06836600927490802,0.03384606258188101,50.0,3.1300574651555314e-06,3.0984385093104347e-06,43.0,0.7703885135421094
AB,a_b,LR,Logistic Regression,uncalibrated,-0.1144,1.2165854,0.0694721288874029,0.03440317032813893,50.0,2.941227508604515e-06,2.9166059071764036e-06,43.0,0.7968200021069045
AB,a_b,LR,Logistic Regression,uncalibrated,-0.1143,1.2163088,0.07061679581362743,0.03497912544988486,50.0,2.764583872870497e-06,2.7460573257472736e-06,43.0,0.8178513952174317
AB,a_b,LR,Logistic Regression,uncalibrated,-0.1142,1.2160322,0.07178982180814365,0.03556888302310363,50.0,2.5751070425134532e-06,2.5877026024478434e-06,3.0,0.8330192258603563
AB,a_b,LR,Logistic Regression,uncalibrated,-0.1141,1.2157556,0.07298087747885877,0.036167331038664347,50.0,2.4103518150518952e-06,2.4420872197897733e-06,3.0,0.8419702570037717
AB,a_b,LR,Logistic Regression,uncalibrated,-0.114,1.215479,0.07417964347312364,0.03676936628261252,50.0,2.266860108145719e-06,2.3075319890146247e-06,2.0,0.8444751015136407
AB,a_b,LR,Logistic Regression,uncalibrated,-0.1139,1.2155092,0.07403136416941743,0.03669219171677608,50.0,2.261524949760834e-06,2.2999094414683487e-06,2.0,0.8586535740213107
AB,a_b,LR,Logistic Regression,uncalibrated,-0.1138,1.2155394,0.0738862657852877,0.036616752083501805,50.0,2.256178199621366e-06,2.29226653181349e-06,2.0,0.8722963147488424
AB,a_b,LR,Logistic Regression,uncalibrated,-0.1137,1.2155696,0.07374462775677572,0.036543183308773854,50.0,2.250833067047031e-06,2.2846163192881578e-06,2.0,0.8853751504618009
AB,a_b,LR,Logistic Regression,uncalibrated,-0.1136,1.2155998,0.0736067235819922,0.03647161840649475,50.0,2.2455024305655208e-06,2.276971501074575e-06,2.0,0.897862837087599
AB,a_b,LR,Logistic Regression,uncalibrated,-0.1135,1.21563,0.07347282021151921,0.03640218717741207,50.0,2.2401988185392846e-06,2.2693443919816805e-06,2.0,0.9097331524028984
AB,a_b,LR,Logistic Regression,uncalibrated,-0.1134,1.2156602,0.0733431774396389,0.03633501590828516,50.0,2.2349343902678716e-06,2.2617469048141102e-06,2.0,0.920960987896569
AB,a_b,LR,Logistic Regression,uncalibrated,-0.1133,1.2156904,0.07321804729787249,0.03627022707200812,50.0,2.2297209175984656e-06,2.2541905314651786e-06,2.0,0.931522439225279
AB,a_b,LR,Logistic Regression,uncalibrated,-0.1132,1.2157206,0.07309767345237199,0.03620793902947713,50.0,2.224569767073864e-06,2.246686324767823e-06,2.0,0.9413948946753055
AB,a_b,LR,Logistic Regression,uncalibrated,-0.1131,1.2157508,0.07298229060676387,0.03614826573397403,50.0,2.2194918826472806e-06,2.239244881136888e-06,2.0,0.9505571210458535
AB,a_b,LR,Logistic Regression,uncalibrated,-0.113,1.215781,0.07287212391201583,0.03609131643885927,50.0,2.2144977689970616e-06,2.231876324038093e-06,2.0,0.9589893463752973
AB,a_b,LR,Logistic Regression,uncalibrated,-0.1129,1.2158112,0.0727673883850018,0.036037195409407176,50.0,2.2095974754687186e-06,2.2245902883138005e-06,2.0,0.9666733389408197
AB,a_b,LR,Logistic Regression,uncalibrated,-0.1128,1.2158414,0.07266828833740813,0.03598600163959768,50.0,2.20480058067716e-06,2.217395905399106e-06,2.0,0.9735924819752526
AB,a_b,LR,Logistic Regression,uncalibrated,-0.1127,1.2158716,0.07257501681665883,0.03593782857470446,50.0,2.200116177798184e-06,2.2103017894579846e-06,2.0,0.9797318435604804
AB,a_b,LR,Logistic Regression,uncalibrated,-0.1126,1.2159018,0.07248775506058802,0.03589276384054896,50.0,2.195552860577938e-06,2.2033160244680656e-06,2.0,0.9850782411756823
AB,a_b,LR,Logistic Regression,uncalibrated,-0.1125,1.215932,0.07240667196752633,0.035850888980246375,50.0,2.1911187100922355e-06,2.1964461522842346e-06,2.0,0.9896203004005345
AB,a_b,LR,Logistic Regression,uncalibrated,-0.1124,1.2159622,0.07233192358357965,0.03581227919934356,50.0,2.1941810615525305e-06,2.1902925417476327e-06,37.0,0.9933485072978572
AB,a_b,LR,Logistic Regression,uncalibrated,-0.1123,1.2159924,0.0722636526087698,0.03577700312018558,50.0,2.188751910457156e-06,2.184912594656815e-06,37.0,0.9962552540281762
AB,a_b,LR,Logistic Regression,uncalibrated,-0.1122,1.2160226,0.07220198792377948,0.0357451225463876,50.0,2.1834650002146856e-06,2.1796758450254703e-06,37.0,0.998334877279482
AB,a_b,LR,Logistic Regression,uncalibrated,-0.1121,1.2160528,0.07214704413902862,0.03571669223828405,50.0,2.1783260002707717e-06,2.1745878799963476e-06,37.0,0.9995836891299908
AB,a_b,LR,Logistic Regression,uncalibrated,-0.112,1.216083,0.07209892116773728,0.03569175970019609,50.0,2.173340001590153e-06,2.1696537104843357e-06,37.0,1.0
AB,a_b,LR,Logistic Regression,uncalibrated,-0.1119,1.21607565,0.0722023816650169,0.035742867548327145,50.0,2.152825798669048e-06,2.14962476056164e-06,37.0,0.9996298895422207
AB,a_b,LR,Logistic Regression,uncalibrated,-0.1118,1.2160683,0.07231132113498534,0.03579675843515993,50.0,2.1331360332233187e-06,2.1299548312439985e-06,44.0,0.9985215383513977
AB,a_b,LR,Logistic Regression,uncalibrated,-0.1117,1.21606095,0.07242584932091489,0.035853486058234366,50.0,2.1134009259479042e-06,2.1106423693621638e-06,44.0,0.9966791561430067
AB,a_b,LR,Logistic Regression,uncalibrated,-0.1116,1.2160536,0.07254606457043292,0.03591309845878687,50.0,2.094030561858771e-06,2.091684688207319e-06,44.0,0.9941085953167502
AB,a_b,LR,Logistic Regression,uncalibrated,-0.1115,1.21604625,0.07267205325517107,0.03597563773222739,50.0,2.0750249022766917e-06,2.0730819716464386e-06,44.0,0.9908173322857684
AB,a_b,LR,Logistic Regression,uncalibrated,-0.1114,1.2160389,0.07280388920322231,0.036041139744952495,50.0,2.0563834021503094e-06,2.054833897771101e-06,44.0,0.9868144412646856
AB,a_b,LR,Logistic Regression,uncalibrated,-0.1113,1.21603155,0.07294163314713015,0.03610963385887009,50.0,2.038105017887345e-06,2.036939646176753e-06,44.0,0.9821105605754955
AB,a_b,LR,Logistic Regression,uncalibrated,-0.1112,1.2160241999999999,0.07308533219013363,0.03618114266497962,50.0,2.020188215775059e-06,2.0193979058568577e-06,44.0,0.9767178515904109
AB,a_b,LR,Logistic Regression,uncalibrated,-0.1111,1.21601685,0.07323501929353608,0.03625568172746694,50.0,2.002630980985758e-06,2.0022068837080913e-06,44.0,0.9706499504922501
AB,a_b,LR,Logistic Regression,uncalibrated,-0.111,1.2160095,0.07339071278800881,0.036333259339703904,50.0,1.985430827160406e-06,1.9853643136394545e-06,44.0,0.963921913094941
AB,a_b,LR,Logistic Regression,uncalibrated,-0.1109,1.21600215,0.0735524159117659,0.03641387629363711,50.0,1.9642808657512326e-06,1.9690715896866016e-06,2.0,0.9565501530286655
AB,a_b,LR,Logistic Regression,uncalibrated,-0.1108,1.2159948,0.07372011637846075,0.03649752566398252,50.0,1.9477301634147563e-06,1.9532869546280244e-06,2.0,0.9485523736549935
AB,a_b,LR,Logistic Regression,uncalibrated,-0.1107,1.2159874499999999,0.07389378597771214,0.036584192608693146,50.0,1.931542100518564e-06,1.937817440337082e-06,2.0,0.93994749413641
AB,a_b,LR,Logistic Regression,uncalibrated,-0.1106,1.2159801,0.07407338021109919,0.03667385418711105,50.0,1.915712114781987e-06,1.922659493155337e-06,2.0,0.930755570140848
AB,a_b,LR,Logistic Regression,uncalibrated,-0.1105,1.21597275,0.07425883796642938,0.03676647919721427,50.0,1.900235232918409e-06,1.9078091341304986e-06,2.0,0.92099770971439
AB,a_b,LR,Logistic Regression,uncalibrated,-0.1104,1.2159654,0.07445008123299719,0.036862028033314606,50.0,1.8851060836445805e-06,1.893261971105158e-06,2.0,0.9106959849032665
AB,a_b,LR,Logistic Regression,uncalibrated,-0.1103,1.21595805,0.07464701486047506,0.03696045256553664,50.0,1.8703189111269088e-06,1.8790132113933402e-06,2.0,0.8998733397488355
AB,a_b,LR,Logistic Regression,uncalibrated,-0.1102,1.2159506999999998,0.07484952636391308,0.03706169604229689,50.0,1.8558675888480359e-06,1.8650576750237597e-06,2.0,0.8885534953156216
AB,a_b,LR,Logistic Regression,uncalibrated,-0.1101,1.2159433499999999,0.07505748577725722,0.037165693017010615,50.0,1.8417456338758428e-06,1.8513898085266631e-06,2.0,0.8767608524419732
AB,a_b,LR,Logistic Regression,uncalibrated,-0.11,1.215936,0.07527074555755509,0.03727236930009167,50.0,1.827946221514174e-06,1.838003699237914e-06,2.0,0.8645203929249923
AB,a_b,LR,Logistic Regression,uncalibrated,-0.1099,1.21592865,0.07548914054187533,0.0373816419372666,50.0,1.8144622003165289e-06,1.824893090094552e-06,2.0,0.8518575798655513
AB,a_b,LR,Logistic Regression,uncalibrated,-0.1098,1.2159213,0.07571248795874899,0.03749341921509688,50.0,1.8012861074399086e-06,1.8120513948919349e-06,2.0,0.8387982579051547
AB,a_b,LR,Logistic Regression,uncalibrated,-0.1097,1.21591395,0.07594058749569409,0.037607600694489485,50.0,1.7884101843168687e-06,1.7994717139724373e-06,2.0,0.8253685540839877
AB,a_b,LR,Logistic Regression,uncalibrated,-0.1096,1.2159065999999998,0.07617322142417526,0.03772407727287135,50.0,1.7758263926221987e-06,1.787146850313562e-06,2.0,0.8115947800385768
AB,a_b,LR,Logistic Regression,uncalibrated,-0.1095,1.2158992499999999,0.07641015478299673,0.0378427312755079,50.0,1.7635264305104785e-06,1.7750693259825376e-06,2.0,0.7975033362383822
AB,a_b,LR,Logistic Regression,uncalibrated,-0.1094,1.2158919,0.07665113562098555,0.0379634365764061,50.0,1.7515017490982041e-06,1.7632313989217405e-06,2.0,0.7831206189332705
AB,a_b,LR,Logistic Regression,uncalibrated,-0.1093,1.21588455,0.07689589529932761,0.038086058748958665,50.0,1.7397435691663495e-06,1.7516250800305163e-06,2.0,0.7684729304490109
AB,a_b,LR,Logistic Regression,uncalibrated,-0.1092,1.2158772,0.07714414885379337,0.03821045524645503,50.0,1.7282428980556825e-06,1.7402421505056428e-06,2.0,0.7535863934257464
AB,a_b,LR,Logistic Regression,uncalibrated,-0.1091,1.21586985,0.07739559541662903,0.038336475612323395,50.0,1.7169905467282722e-06,1.7290741794032103e-06,2.0,0.7384868695457293
AB,a_b,LR,Logistic Regression,uncalibrated,-0.109,1.2158625,0.07764991869761781,0.038463961719868385,50.0,1.7059771469675447e-06,1.7181125413835477e-06,2.0,0.7231998832420922
AB,a_b,LR,Logistic Regression,uncalibrated,-0.1089,1.2158551499999999,0.07790678752348386,0.03859274804106089,50.0,1.6951931686887844e-06,1.7073484346002396e-06,2.0,0.7077505508206732
AB,a_b,LR,Logistic Regression,uncalibrated,-0.1088,1.2158478,0.07816585643440799,0.03872266194376829,50.0,1.6846289373321743e-06,1.6967728986943766e-06,2.0,0.6921635153630156
AB,a_b,LR,Logistic Regression,uncalibrated,-0.1087,1.21584045,0.07842676633616659,0.03885352401667311,50.0,1.6742746513084912e-06,1.686376832853581e-06,2.0,0.6764628877111177
AB,a_b,LR,Logistic Regression,uncalibrated,-0.1086,1.2158331,0.07868914520600792,0.03898514842092375,50.0,1.664120399470151e-06,1.6761510138975265e-06,2.0,0.6606721937644884
AB,a_b,LR,Logistic Regression,uncalibrated,-0.1085,1.21582575,0.07895260885005145,0.03911734326740779,50.0,1.6541561785773642e-06,1.6660861143495085e-06,2.0,0.6448143282481613
AB,a_b,LR,Logistic Regression,uncalibrated,-0.1084,1.2158184,0.07921676170972221,0.039249911018393153,50.0,1.6443719107307733e-06,1.656172720455271e-06,2.0,0.6289115150374468
AB,a_b,LR,Logistic Regression,uncalibrated,-0.1083,1.21581105,0.07948119771436539,0.03938264891211353,50.0,1.6347574607413296e-06,1.6464013501101042e-06,2.0,0.6129852740522115
AB,a_b,LR,Logistic Regression,uncalibrated,-0.1082,1.2158037,0.07974550117692798,0.03951534940872629,50.0,1.625302653408881e-06,1.6367624706564145e-06,2.0,0.5970563946610052
AB,a_b,LR,Logistic Regression,uncalibrated,-0.1081,1.21579635,0.08000924772931353,0.03964780065595274,50.0,1.6159972906794832e-06,1.6272465165133098e-06,2.0,0.5811449154640982
AB,a_b,LR,Logistic Regression,uncalibrated,-0.108,1.215789,0.08027200529375568,0.03977978697257252,50.0,1.5920741144631683e-06,1.61799464778636e-06,5.0,0.5652701102553473
AB,a_b,DT,Decision Tree,uncalibrated,-0.128,1.224394,0.0,0.0,2.0,0.0,0.0,2.0,1.0
AB,a_b,DT,Decision Tree,uncalibrated,-0.1279,1.22435395,0.0,0.0,2.0,0.0,0.0,2.0,0.9965198768351109
AB,a_b,DT,Decision Tree,uncalibrated,-0.1278,1.2243139,0.0,0.0,2.0,0.0,0.0,2.0,0.9861522103969512
AB,a_b,DT,Decision Tree,uncalibrated,-0.1277,1.2242738499999999,0.0,0.0,2.0,0.0,0.0,2.0,0.9691202271792234
AB,a_b,DT,Decision Tree,uncalibrated,-0.1276,1.2242338,0.0,0.0,2.0,0.0,0.0,2.0,0.9457923848092307
AB,a_b,DT,Decision Tree,uncalibrated,-0.1275,1.22419375,0.0,0.0,2.0,0.0,0.0,2.0,0.9166691693091688
AB,a_b,DT,Decision Tree,uncalibrated,-0.1274,1.2241537,0.0,0.0,2.0,0.0,0.0,2.0,0.8823650922307854
AB,a_b,DT,Decision Tree,uncalibrated,-0.1273,1.22411365,0.0,0.0,2.0,0.0,0.0,2.0,0.8435867267245822
AB,a_b,DT,Decision Tree,uncalibrated,-0.1272,1.2240735999999999,0.0,0.0,2.0,0.0,0.0,2.0,0.8011078208569667
AB,a_b,DT,Decision Tree,uncalibrated,-0.1271,1.22403355,0.0,0.0,2.0,0.0,0.0,2.0,0.755742679688333
AB,a_b,DT,Decision Tree,uncalibrated,-0.127,1.2239935,0.0,0.0,2.0,0.0,0.0,2.0,0.708319101308405
AB,a_b,DT,Decision Tree,uncalibrated,-0.1269,1.22395345,0.0,0.0,2.0,0.0,0.0,2.0,0.659652172316303
AB,a_b,DT,Decision Tree,uncalibrated,-0.1268,1.2239134,0.0,0.0,2.0,0.0,0.0,2.0,0.6105201640862996
AB,a_b,DT,Decision Tree,uncalibrated,-0.1267,1.2238733499999999,0.0,0.0,2.0,0.0,0.0,2.0,0.5616436184105992
AB,a_b,DT,Decision Tree,uncalibrated,-0.1266,1.2238333,0.0,0.0,2.0,0.0,0.0,2.0,0.5136684759939565
AB,a_b,DT,Decision Tree,uncalibrated,-0.1265,1.22379325,0.0,0.0,2.0,0.0,0.0,2.0,0.4671538019702879
AB,a_b,DT,Decision Tree,uncalibrated,-0.1264,1.2237532,0.0,0.0,2.0,0.0,0.0,2.0,0.42256432789914083
AB,a_b,DT,Decision Tree,uncalibrated,-0.1263,1.22371315,0.0,0.0,2.0,0.0,0.0,2.0,0.3802676947538697
AB,a_b,DT,Decision Tree,uncalibrated,-0.1262,1.2236730999999998,0.0,0.0,2.0,0.0,0.0,2.0,0.34053598170492577
AB,a_b,DT,Decision Tree,uncalibrated,-0.1261,1.2236330499999999,0.0,0.0,2.0,0.0,0.0,2.0,0.30355087049320967
AB,a_b,DT,Decision Tree,uncalibrated,-0.126,1.223593,0.0,0.0,2.0,0.0,0.0,2.0,0.26941164347809
AB,a_b,DT,Decision Tree,uncalibrated,-0.1259,1.2235603499999999,0.0,0.0,2.0,0.0,0.0,2.0,0.23820821733262745
AB,a_b,DT,Decision Tree,uncalibrated,-0.1258,1.2235277,0.0,0.0,2.0,0.0,0.0,2.0,0.20983329033999878
AB,a_b,DT,Decision Tree,uncalibrated,-0.1257,1.22349505,0.0,0.0,2.0,0.0,0.0,2.0,0.18420255065153363
AB,a_b,DT,Decision Tree,uncalibrated,-0.1256,1.2234623999999998,0.0,0.0,2.0,0.0,0.0,2.0,0.16119326987326976
AB,a_b,DT,Decision Tree,uncalibrated,-0.1255,1.22342975,0.0,0.0,2.0,0.0,0.0,2.0,0.1406546729368511
AB,a_b,DT,Decision Tree,uncalibrated,-0.1254,1.2233971,0.0,0.0,2.0,0.0,0.0,2.0,0.1224172233326786
AB,a_b,DT,Decision Tree,uncalibrated,-0.1253,1.2233644499999998,0.0,0.0,2.0,0.0,0.0,2.0,0.10630063832714096
AB,a_b,DT,Decision Tree,uncalibrated,-0.1252,1.2233318,0.0,0.0,2.0,0.0,0.0,2.0,0.0921205662784826
AB,a_b,DT,Decision Tree,uncalibrated,-0.1251,1.22329915,0.0,0.0,2.0,0.0,0.0,2.0,0.07969394920398565
AB,a_b,DT,Decision Tree,uncalibrated,-0.125,1.2232664999999998,0.0,0.0,2.0,0.0,0.0,2.0,0.06884315825399696
AB,a_b,DT,Decision Tree,uncalibrated,-0.1249,1.22323385,0.0,0.0,2.0,0.0,0.0,2.0,0.059399030381848204
AB,a_b,DT,Decision Tree,uncalibrated,-0.1248,1.2232011999999999,0.0,0.0,2.0,0.0,0.0,2.0,0.05120295541558441
AB,a_b,DT,Decision Tree,uncalibrated,-0.1247,1.22316855,0.0,0.0,2.0,0.0,0.0,2.0,0.04410816856221475
AB,a_b,DT,Decision Tree,uncalibrated,-0.1246,1.2231359,0.0,0.0,2.0,0.0,0.0,2.0,0.03798039851257508
AB,a_b,DT,Decision Tree,uncalibrated,-0.1245,1.2231032499999999,0.0,0.0,2.0,0.0,0.0,2.0,0.03269800955147483
AB,a_b,DT,Decision Tree,uncalibrated,-0.1244,1.2230706,0.0,0.0,2.0,0.0,0.0,2.0,0.028151760425428517
AB,a_b,DT,Decision Tree,uncalibrated,-0.1243,1.22303795,0.0,0.0,2.0,0.0,0.0,2.0,0.024244285418457974
AB,a_b,DT,Decision Tree,uncalibrated,-0.1242,1.2230052999999999,0.0,0.0,2.0,0.0,0.0,2.0,0.020889385695286186
AB,a_b,DT,Decision Tree,uncalibrated,-0.1241,1.22297265,0.0,0.0,2.0,0.0,0.0,2.0,0.018011202502675117
AB,a_b,DT,Decision Tree,uncalibrated,-0.124,1.22294,0.0,0.0,2.0,0.0,0.0,2.0,0.015543328870122152
AB,a_b,DT,Decision Tree,uncalibrated,-0.1239,1.22289565,0.0,0.0,2.0,0.0,0.0,2.0,0.013419843951792482
AB,a_b,DT,Decision Tree,uncalibrated,-0.1238,1.2228512999999999,0.0,0.0,2.0,0.0,0.0,2.0,0.01160077629939105
AB,a_b,DT,Decision Tree,uncalibrated,-0.1237,1.2228069499999998,0.0,0.0,2.0,0.0,0.0,2.0,0.010042283027691916
AB,a_b,DT,Decision Tree,uncalibrated,-0.1236,1.2227626,0.0,0.0,2.0,0.0,0.0,2.0,0.008706588336391752
AB,a_b,DT,Decision Tree,uncalibrated,-0.1235,1.22271825,0.0,0.0,2.0,0.0,0.0,2.0,0.007561234701913614
AB,a_b,DT,Decision Tree,uncalibrated,-0.1234,1.2226739,0.0,0.0,2.0,0.0,0.0,2.0,0.006578400606801844
AB,a_b,DT,Decision Tree,uncalibrated,-0.1233,1.22262955,0.0,0.0,2.0,0.0,0.0,2.0,0.005734286216120153
AB,a_b,DT,Decision Tree,uncalibrated,-0.1232,1.2225852,0.0,0.0,2.0,0.0,0.0,2.0,0.005008565755839669
AB,a_b,DT,Decision Tree,uncalibrated,-0.1231,1.22254085,0.0,0.0,2.0,0.0,0.0,2.0,0.004383903514839181
AB,a_b,DT,Decision Tree,uncalibrated,-0.123,1.2224965,0.0,0.0,2.0,0.0,0.0,2.0,0.003845529212338575
AB,a_b,DT,Decision Tree,uncalibrated,-0.1229,1.22245215,0.0,0.0,2.0,0.0,0.0,2.0,0.0033808677991571516
AB,a_b,DT,Decision Tree,uncalibrated,-0.1228,1.2224078,0.0,0.0,2.0,0.0,0.0,2.0,0.0029792184684498705
AB,a_b,DT,Decision Tree,uncalibrated,-0.1227,1.22236345,0.0,0.0,2.0,0.0,0.0,2.0,0.0026314776351360446
AB,a_b,DT,Decision Tree,uncalibrated,-0.1226,1.2223191,0.0,0.0,2.0,0.0,0.0,2.0,0.002329900818620851
AB,a_b,DT,Decision Tree,uncalibrated,-0.1225,1.22227475,0.0,0.0,2.0,0.0,0.0,2.0,0.0020678986640312955
AB,a_b,DT,Decision Tree,uncalibrated,-0.1224,1.2222304,0.0,0.0,2.0,0.0,0.0,2.0,0.0018398627119969935
AB,a_b,DT,Decision Tree,uncalibrated,-0.1223,1.2221860500000001,0.0,0.0,2.0,0.0,0.0,2.0,0.001641016937985516
AB,a_b,DT,Decision Tree,uncalibrated,-0.1222,1.2221417,0.0,0.0,2.0,0.0,0.0,2.0,0.0014672915020175553
AB,a_b,DT,Decision Tree,uncalibrated,-0.1221,1.22209735,0.0,0.0,2.0,0.0,0.0,2.0,0.0013152155593868556
AB,a_b,DT,Decision Tree,uncalibrated,-0.122,1.222053,0.0,0.0,2.0,0.0,0.0,2.0,0.001181826370519135
AB,a_b,DT,Decision Tree,uncalibrated,-0.1219,1.2220048000000001,0.0,0.0,2.0,0.0,0.0,2.0,0.0010644343625279573
AB,a_b,DT,Decision Tree,uncalibrated,-0.1218,1.2219566000000002,0.0,0.0,2.0,0.0,0.0,2.0,0.0009610711944694162
AB,a_b,DT,Decision Tree,uncalibrated,-0.1217,1.2219084,0.0,0.0,2.0,0.0,0.0,2.0,0.0008698742642443199
AB,a_b,DT,Decision Tree,uncalibrated,-0.1216,1.2218602,0.0,0.0,2.0,0.0,0.0,2.0,0.0007892464900899277
AB,a_b,DT,Decision Tree,uncalibrated,-0.1215,1.2218120000000001,0.0,0.0,2.0,0.0,0.0,2.0,0.0007178165931749389
AB,a_b,DT,Decision Tree,uncalibrated,-0.1214,1.2217638,0.0,0.0,2.0,0.0,0.0,2.0,0.0006544054962362382
AB,a_b,DT,Decision Tree,uncalibrated,-0.1213,1.2217156,0.0,0.0,2.0,0.0,0.0,2.0,0.0005979978873720581
AB,a_b,DT,Decision Tree,uncalibrated,-0.1212,1.2216674,0.0,0.0,2.0,0.0,0.0,2.0,0.0005477181437559427
AB,a_b,DT,Decision Tree,uncalibrated,-0.1211,1.2216192000000001,0.0,0.0,2.0,0.0,0.0,2.0,0.0005028099345575142
AB,a_b,DT,Decision Tree,uncalibrated,-0.121,1.221571,0.0,0.0,2.0,0.0,0.0,2.0,0.00046261892840907036
AB,a_b,DT,Decision Tree,uncalibrated,-0.1209,1.2215228,0.0,0.0,2.0,0.0,0.0,2.0,0.00042657812079719207
AB,a_b,DT,Decision Tree,uncalibrated,-0.1208,1.2214746,0.0,0.0,2.0,0.0,0.0,2.0,0.0003941953730033151
AB,a_b,DT,Decision Tree,uncalibrated,-0.1207,1.2214264000000001,0.0,0.0,2.0,0.0,0.0,2.0,0.0003650428186443454
AB,a_b,DT,Decision Tree,uncalibrated,-0.1206,1.2213782000000002,0.0,0.0,2.0,0.0,0.0,2.0,0.000338747848211842
AB,a_b,DT,Decision Tree,uncalibrated,-0.1205,1.22133,0.0,0.0,2.0,0.0,0.0,2.0,0.00031498542779141725
AB,a_b,DT,Decision Tree,uncalibrated,-0.1204,1.2212818,0.0,0.0,2.0,0.0,0.0,2.0,0.0002934715466729363
AB,a_b,DT,Decision Tree,uncalibrated,-0.1203,1.2212336000000001,0.0,0.0,2.0,0.0,0.0,2.0,0.0002739576209612422
AB,a_b,DT,Decision Tree,uncalibrated,-0.1202,1.2211854000000002,0.0,0.0,2.0,0.0,0.0,2.0,0.0002562257075284176
AB,a_b,DT,Decision Tree,uncalibrated,-0.1201,1.2211372,0.0,0.0,2.0,0.0,0.0,2.0,0.00024008440552923067
AB,a_b,DT,Decision Tree,uncalibrated,-0.12,1.221089,0.0,0.0,2.0,0.0,0.0,2.0,0.00022536534192472952
AB,a_b,DT,Decision Tree,uncalibrated,-0.1199,1.22101725,0.0,0.0,2.0,0.0,0.0,2.0,0.00021185416033027375
AB,a_b,DT,Decision Tree,uncalibrated,-0.1198,1.2209455,0.0,0.0,2.0,0.0,0.0,2.0,0.00019950605158871107
AB,a_b,DT,Decision Tree,uncalibrated,-0.1197,1.22087375,0.0,0.0,2.0,0.0,0.0,2.0,0.00018820193348103147
AB,a_b,DT,Decision Tree,uncalibrated,-0.1196,1.2208020000000002,0.0,0.0,2.0,0.0,0.0,2.0,0.0001778364841106843
AB,a_b,DT,Decision Tree,uncalibrated,-0.1195,1.2207302500000001,0.0,0.0,2.0,0.0,0.0,2.0,0.00016831640039996796
AB,a_b,DT,Decision Tree,uncalibrated,-0.1194,1.2206585,0.0,0.0,2.0,0.0,0.0,2.0,0.00015955889321181914
AB,a_b,DT,Decision Tree,uncalibrated,-0.1193,1.22058675,0.0,0.0,2.0,0.0,0.0,2.0,0.00015149038508699742
AB,a_b,DT,Decision Tree,uncalibrated,-0.1192,1.220515,0.0,0.0,2.0,0.0,0.0,2.0,0.00014404538169582366
AB,a_b,DT,Decision Tree,uncalibrated,-0.1191,1.22044325,0.0,0.0,2.0,0.0,0.0,2.0,0.0001371654924190055
AB,a_b,DT,Decision Tree,uncalibrated,-0.119,1.2203715000000002,0.0,0.0,2.0,0.0,0.0,2.0,0.00013079857912004606
AB,a_b,DT,Decision Tree,uncalibrated,-0.1189,1.2202997500000001,0.0,0.0,2.0,0.0,0.0,2.0,0.00012489801525795505
AB,a_b,DT,Decision Tree,uncalibrated,-0.1188,1.220228,0.0,0.0,2.0,0.0,0.0,2.0,0.00011942204010249397
AB,a_b,DT,Decision Tree,uncalibrated,-0.1187,1.22015625,0.0,0.0,2.0,0.0,0.0,2.0,0.0001143331950294504
AB,a_b,DT,Decision Tree,uncalibrated,-0.1186,1.2200845,0.0,0.0,2.0,0.0,0.0,2.0,0.00010959783075301721
AB,a_b,DT,Decision Tree,uncalibrated,-0.1185,1.22001275,0.0,0.0,2.0,0.0,0.0,2.0,0.00010518567594887115
AB,a_b,DT,Decision Tree,uncalibrated,-0.1184,1.219941,0.0,0.0,2.0,0.0,0.0,2.0,0.0001010694590789741
AB,a_b,DT,Decision Tree,uncalibrated,-0.1183,1.2198692500000001,0.0,0.0,2.0,0.0,0.0,2.0,9.722457638465064e-05
AB,a_b,DT,Decision Tree,uncalibrated,-0.1182,1.2197975,0.0,0.0,2.0,0.0,0.0,2.0,9.362879999922307e-05
AB,a_b,DT,Decision Tree,uncalibrated,-0.1181,1.21972575,0.0,0.0,2.0,0.0,0.0,2.0,9.026202097162136e-05
AB,a_b,DT,Decision Tree,uncalibrated,-0.118,1.219654,0.0,0.0,2.0,0.0,0.0,2.0,8.71060227100547e-05
AB,a_b,DT,Decision Tree,uncalibrated,-0.1179,1.21972185,0.0,0.0,2.0,0.0,0.0,2.0,8.40168670051037e-05
AB,a_b,DT,Decision Tree,uncalibrated,-0.1178,1.2197897,0.0,0.0,2.0,0.0,0.0,2.0,8.110872070316452e-05
AB,a_b,DT,Decision Tree,uncalibrated,-0.1177,1.21985755,0.0,0.0,2.0,0.0,0.0,2.0,7.836829191720683e-05
AB,a_b,DT,Decision Tree,uncalibrated,-0.1176,1.2199254,0.0,0.0,2.0,0.0,0.0,2.0,7.578341515040472e-05
AB,a_b,DT,Decision Tree,uncalibrated,-0.1175,1.2199932500000001,0.0,0.0,2.0,0.0,0.0,2.0,7.334294632457743e-05
AB,a_b,DT,Decision Tree,uncalibrated,-0.1174,1.2200611000000001,0.0,0.0,2.0,0.0,0.0,2.0,7.103666825309391e-05
AB,a_b,DT,Decision Tree,uncalibrated,-0.1173,1.22012895,0.0,0.0,2.0,0.0,0.0,2.0,6.885520547307112e-05
AB,a_b,DT,Decision Tree,uncalibrated,-0.1172,1.2201968,0.0,0.0,2.0,0.0,0.0,2.0,6.678994746680243e-05
AB,a_b,DT,Decision Tree,uncalibrated,-0.1171,1.22026465,0.0,0.0,2.0,0.0,0.0,2.0,6.483297940533876e-05
AB,a_b,DT,Decision Tree,uncalibrated,-0.117,1.2203325,0.0,0.0,2.0,0.0,0.0,2.0,6.297701963928617e-05
AB,a_b,DT,Decision Tree,uncalibrated,-0.1169,1.22040035,0.0,0.0,2.0,0.0,0.0,2.0,6.121536324419036e-05
AB,a_b,DT,Decision Tree,uncalibrated,-0.1168,1.2204682,0.0,0.0,2.0,0.0,0.0,2.0,5.954183100140229e-05
AB,a_b,DT,Decision Tree,uncalibrated,-0.1167,1.22053605,0.0,0.0,2.0,0.0,0.0,2.0,5.795072326094329e-05
AB,a_b,DT,Decision Tree,uncalibrated,-0.1166,1.2206039,0.0,0.0,2.0,0.0,0.0,2.0,5.6436778191464555e-05
AB,a_b,DT,Decision Tree,uncalibrated,-0.1165,1.22067175,0.0,0.0,2.0,0.0,0.0,2.0,5.499513397464244e-05
AB,a_b,DT,Decision Tree,uncalibrated,-0.1164,1.2207396000000001,0.0,0.0,2.0,0.0,0.0,2.0,5.362129454796913e-05
AB,a_b,DT,Decision Tree,uncalibrated,-0.1163,1.2208074500000001,0.0,0.0,2.0,0.0,0.0,2.0,5.2311098541478404e-05
AB,a_b,DT,Decision Tree,uncalibrated,-0.1162,1.2208753,0.0,0.0,2.0,0.0,0.0,2.0,5.106069109103374e-05
AB,a_b,DT,Decision Tree,uncalibrated,-0.1161,1.22094315,0.0,0.0,2.0,0.0,0.0,2.0,4.986649824390158e-05
AB,a_b,DT,Decision Tree,uncalibrated,-0.116,1.221011,0.0,0.0,2.0,0.0,0.0,2.0,4.8725203701852104e-05
AB,a_b,DT,Decision Tree,uncalibrated,-0.1159,1.2207344,0.0,0.0,2.0,0.0,0.0,2.0,4.768648874415953e-05
AB,a_b,DT,Decision Tree,uncalibrated,-0.1158,1.2204578000000001,0.0,0.0,2.0,0.0,0.0,2.0,4.673859827304802e-05
AB,a_b,DT,Decision Tree,uncalibrated,-0.1157,1.2201812,0.0,0.0,2.0,0.0,0.0,2.0,4.587295076619707e-05
AB,a_b,DT,Decision Tree,uncalibrated,-0.1156,1.2199046,0.0,0.0,2.0,0.0,0.0,2.0,4.508177648740681e-05
AB,a_b,DT,Decision Tree,uncalibrated,-0.1155,1.2196280000000002,0.0,0.0,2.0,0.0,0.0,2.0,4.4358028278727665e-05
AB,a_b,DT,Decision Tree,uncalibrated,-0.1154,1.2193514,0.0,0.0,2.0,0.0,0.0,2.0,4.369530239606881e-05
AB,a_b,DT,Decision Tree,uncalibrated,-0.1153,1.2190748,0.0,0.0,2.0,0.0,0.0,2.0,4.308776847739733e-05
AB,a_b,DT,Decision Tree,uncalibrated,-0.1152,1.2187982,0.0,0.0,2.0,0.0,0.0,2.0,4.253010776578037e-05
AB,a_b,DT,Decision Tree,uncalibrated,-0.1151,1.2185216,0.0,0.0,2.0,0.0,0.0,2.0,4.201745875928503e-05
AB,a_b,DT,Decision Tree,uncalibrated,-0.115,1.218245,0.0,0.0,2.0,0.0,0.0,2.0,4.154536951804568e-05
AB,a_b,DT,Decision Tree,uncalibrated,-0.1149,1.2179684,0.0,0.0,2.0,0.0,0.0,2.0,4.110975592011714e-05
AB,a_b,DT,Decision Tree,uncalibrated,-0.1148,1.2176918,0.0,0.0,2.0,0.0,0.0,2.0,4.070686521847415e-05
AB,a_b,DT,Decision Tree,uncalibrated,-0.1147,1.2174152,0.0,0.0,2.0,0.0,0.0,2.0,4.0333244309385156e-05
AB,a_b,DT,Decision Tree,uncalibrated,-0.1146,1.2171386,0.0,0.0,2.0,0.0,0.0,2.0,3.998571217615303e-05
AB,a_b,DT,Decision Tree,uncalibrated,-0.1145,1.2168619999999999,0.0,0.0,2.0,0.0,0.0,2.0,3.9661336021254473e-05
AB,a_b,DT,Decision Tree,uncalibrated,-0.1144,1.2165854,0.0,0.0,2.0,0.0,0.0,2.0,3.935741064409835e-05
AB,a_b,DT,Decision Tree,uncalibrated,-0.1143,1.2163088,0.0,0.0,2.0,0.0,0.0,2.0,3.9071440661193596e-05
AB,a_b,DT,Decision Tree,uncalibrated,-0.1142,1.2160322,0.0,0.0,2.0,0.0,0.0,2.0,3.880112520083995e-05
AB,a_b,DT,Decision Tree,uncalibrated,-0.1141,1.2157556,0.0,0.0,2.0,0.0,0.0,2.0,3.8544344736091896e-05
AB,a_b,DT,Decision Tree,uncalibrated,-0.114,1.215479,0.0,0.0,2.0,0.0,0.0,2.0,3.829914974827703e-05
AB,a_b,DT,Decision Tree,uncalibrated,-0.1139,1.2155092,0.0,0.0,2.0,0.0,0.0,2.0,3.7711144289415247e-05
AB,a_b,DT,Decision Tree,uncalibrated,-0.1138,1.2155394,0.0,0.0,2.0,0.0,0.0,2.0,3.7141260892470546e-05
AB,a_b,DT,Decision Tree,uncalibrated,-0.1137,1.2155696,0.0,0.0,2.0,0.0,0.0,2.0,3.6588659235025004e-05
AB,a_b,DT,Decision Tree,uncalibrated,-0.1136,1.2155998,0.0,0.0,2.0,0.0,0.0,2.0,3.6052547752276614e-05
AB,a_b,DT,Decision Tree,uncalibrated,-0.1135,1.21563,0.0,0.0,2.0,0.0,0.0,2.0,3.55321805479163e-05
AB,a_b,DT,Decision Tree,uncalibrated,-0.1134,1.2156602,0.0,0.0,2.0,0.0,0.0,2.0,3.5026854513736754e-05
AB,a_b,DT,Decision Tree,uncalibrated,-0.1133,1.2156904,0.0,0.0,2.0,0.0,0.0,2.0,3.453590664253494e-05
AB,a_b,DT,Decision Tree,uncalibrated,-0.1132,1.2157206,0.0,0.0,2.0,0.0,0.0,2.0,3.40587115201444e-05
AB,a_b,DT,Decision Tree,uncalibrated,-0.1131,1.2157508,0.0,0.0,2.0,0.0,0.0,2.0,3.359467898357141e-05
AB,a_b,DT,Decision Tree,uncalibrated,-0.113,1.215781,0.0,0.0,2.0,0.0,0.0,2.0,3.314325193325478e-05
AB,a_b,DT,Decision Tree,uncalibrated,-0.1129,1.2158112,0.0,0.0,2.0,0.0,0.0,2.0,3.2703904288436695e-05
AB,a_b,DT,Decision Tree,uncalibrated,-0.1128,1.2158414,0.0,0.0,2.0,0.0,0.0,2.0,3.227613907549874e-05
AB,a_b,DT,Decision Tree,uncalibrated,-0.1127,1.2158716,0.0,0.0,2.0,0.0,0.0,2.0,3.1859486639920155e-05
AB,a_b,DT,Decision Tree,uncalibrated,-0.1126,1.2159018,0.0,0.0,2.0,0.0,0.0,2.0,3.145350297325721e-05
AB,a_b,DT,Decision Tree,uncalibrated,-0.1125,1.215932,0.0,0.0,2.0,0.0,0.0,2.0,3.1057768147192085e-05
AB,a_b,DT,Decision Tree,uncalibrated,-0.1124,1.2159622,0.0,0.0,2.0,0.0,0.0,2.0,3.0671884847336175e-05
AB,a_b,DT,Decision Tree,uncalibrated,-0.1123,1.2159924,0.0,0.0,2.0,0.0,0.0,2.0,3.0295477000011864e-05
AB,a_b,DT,Decision Tree,uncalibrated,-0.1122,1.2160226,0.0,0.0,2.0,0.0,0.0,2.0,2.9928188485761743e-05
AB,a_b,DT,Decision Tree,uncalibrated,-0.1121,1.2160528,0.0,0.0,2.0,0.0,0.0,2.0,2.9569681933802888e-05
AB,a_b,DT,Decision Tree,uncalibrated,-0.112,1.216083,0.0,0.0,2.0,0.0,0.0,2.0,2.921963759206327e-05
AB,a_b,DT,Decision Tree,uncalibrated,-0.1119,1.21607565,0.0,0.0,2.0,0.0,0.0,2.0,2.8915074548349925e-05
AB,a_b,DT,Decision Tree,uncalibrated,-0.1118,1.2160683,0.0,0.0,2.0,0.0,0.0,2.0,2.8617881040401446e-05
AB,a_b,DT,Decision Tree,uncalibrated,-0.1117,1.21606095,0.0,0.0,2.0,0.0,0.0,2.0,2.8327788686354772e-05
AB,a_b,DT,Decision Tree,uncalibrated,-0.1116,1.2160536,0.0,0.0,2.0,0.0,0.0,2.0,2.8044541631291936e-05
AB,a_b,DT,Decision Tree,uncalibrated,-0.1115,1.21604625,0.0,0.0,2.0,0.0,0.0,2.0,2.7767895868576402e-05
AB,a_b,DT,Decision Tree,uncalibrated,-0.1114,1.2160389,0.0,0.0,2.0,0.0,0.0,2.0,2.7497618602637974e-05
AB,a_b,DT,Decision Tree,uncalibrated,-0.1113,1.21603155,0.0,0.0,2.0,0.0,0.0,2.0,2.723348765038278e-05
AB,a_b,DT,Decision Tree,uncalibrated,-0.1112,1.2160241999999999,0.0,0.0,2.0,0.0,0.0,2.0,2.6975290878612404e-05
AB,a_b,DT,Decision Tree,uncalibrated,-0.1111,1.21601685,0.0,0.0,2.0,0.0,0.0,2.0,2.672282567503451e-05
AB,a_b,DT,Decision Tree,uncalibrated,-0.111,1.2160095,0.0,0.0,2.0,0.0,0.0,2.0,2.647589845062516e-05
AB,a_b,DT,Decision Tree,uncalibrated,-0.1109,1.21600215,0.0,0.0,2.0,0.0,0.0,2.0,2.6234324171267212e-05
AB,a_b,DT,Decision Tree,uncalibrated,-0.1108,1.2159948,0.0,0.0,2.0,0.0,0.0,2.0,2.599792591674188e-05
AB,a_b,DT,Decision Tree,uncalibrated,-0.1107,1.2159874499999999,0.0,0.0,2.0,0.0,0.0,2.0,2.5766534465292224e-05
AB,a_b,DT,Decision Tree,uncalibrated,-0.1106,1.2159801,0.0,0.0,2.0,0.0,0.0,2.0,2.5539987902099397e-05
AB,a_b,DT,Decision Tree,uncalibrated,-0.1105,1.21597275,0.0,0.0,2.0,0.0,0.0,2.0,2.531813125014165e-05
AB,a_b,DT,Decision Tree,uncalibrated,-0.1104,1.2159654,0.0,0.0,2.0,0.0,0.0,2.0,2.5100816122002786e-05
AB,a_b,DT,Decision Tree,uncalibrated,-0.1103,1.21595805,0.0,0.0,2.0,0.0,0.0,2.0,2.4887900391307696e-05
AB,a_b,DT,Decision Tree,uncalibrated,-0.1102,1.2159506999999998,0.0,0.0,2.0,0.0,0.0,2.0,2.467924788255007e-05
AB,a_b,DT,Decision Tree,uncalibrated,-0.1101,1.2159433499999999,0.0,0.0,2.0,0.0,0.0,2.0,2.447472807816547e-05
AB,a_b,DT,Decision Tree,uncalibrated,-0.11,1.215936,0.0,0.0,2.0,0.0,0.0,2.0,2.427421584178286e-05
AB,a_b,DT,Decision Tree,uncalibrated,-0.1099,1.21592865,0.0,0.0,2.0,0.0,0.0,2.0,2.4077591156655786e-05
AB,a_b,DT,Decision Tree,uncalibrated,-0.1098,1.2159213,0.0,0.0,2.0,0.0,0.0,2.0,2.388473887835172e-05
AB,a_b,DT,Decision Tree,uncalibrated,-0.1097,1.21591395,0.0,0.0,2.0,0.0,0.0,2.0,2.369554850083106e-05
AB,a_b,DT,Decision Tree,uncalibrated,-0.1096,1.2159065999999998,0.0,0.0,2.0,0.0,0.0,2.0,2.3509913935112216e-05
AB,a_b,DT,Decision Tree,uncalibrated,-0.1095,1.2158992499999999,0.0,0.0,2.0,0.0,0.0,2.0,2.3327733299768596e-05
AB,a_b,DT,Decision Tree,uncalibrated,-0.1094,1.2158919,0.0,0.0,2.0,0.0,0.0,2.0,2.3148908722558206e-05
AB,a_b,DT,Decision Tree,uncalibrated,-0.1093,1.21588455,0.0,0.0,2.0,0.0,0.0,2.0,2.2973346152525038e-05
AB,a_b,DT,Decision Tree,uncalibrated,-0.1092,1.2158772,0.0,0.0,2.0,0.0,0.0,2.0,2.2800955181963644e-05
AB,a_b,DT,Decision Tree,uncalibrated,-0.1091,1.21586985,0.0,0.0,2.0,0.0,0.0,2.0,2.2631648877670173e-05
AB,a_b,DT,Decision Tree,uncalibrated,-0.109,1.2158625,0.0,0.0,2.0,0.0,0.0,2.0,2.24653436209454e-05
AB,a_b,DT,Decision Tree,uncalibrated,-0.1089,1.2158551499999999,0.0,0.0,2.0,0.0,0.0,2.0,2.2301958955846316e-05
AB,a_b,DT,Decision Tree,uncalibrated,-0.1088,1.2158478,0.0,0.0,2.0,0.0,0.0,2.0,2.2141417445216175e-05
AB,a_b,DT,Decision Tree,uncalibrated,-0.1087,1.21584045,0.0,0.0,2.0,0.0,0.0,2.0,2.198364453405389e-05
AB,a_b,DT,Decision Tree,uncalibrated,-0.1086,1.2158331,0.0,0.0,2.0,0.0,0.0,2.0,2.182856841980815e-05
AB,a_b,DT,Decision Tree,uncalibrated,-0.1085,1.21582575,0.0,0.0,2.0,0.0,0.0,2.0,2.167611992920915e-05
AB,a_b,DT,Decision Tree,uncalibrated,-0.1084,1.2158184,0.0,0.0,2.0,0.0,0.0,2.0,2.1526232401276494e-05
AB,a_b,DT,Decision Tree,uncalibrated,-0.1083,1.21581105,0.0,0.0,2.0,0.0,0.0,2.0,2.137884157615964e-05
AB,a_b,DT,Decision Tree,uncalibrated,-0.1082,1.2158037,0.0,0.0,2.0,0.0,0.0,2.0,2.1233885489493173e-05
AB,a_b,DT,Decision Tree,uncalibrated,-0.1081,1.21579635,0.0,0.0,2.0,0.0,0.0,2.0,2.1091304371964815e-05
AB,a_b,DT,Decision Tree,uncalibrated,-0.108,1.215789,0.0,0.0,2.0,0.0,0.0,2.0,2.0951040553813572e-05
AB,a_b,RF,Random Forest,uncalibrated,-0.128,1.224394,-1.917981449750125e-08,2.211512071183107e-08,4.0,-1.9179668298008323e-08,2.2114973057020125e-08,4.0,3.228037888409486e-05
AB,a_b,RF,Random Forest,uncalibrated,-0.1279,1.22435395,-1.9944632045937825e-08,2.312350222529393e-08,4.0,-1.9944471685295895e-08,2.312334015995764e-08,4.0,3.260815461531802e-05
AB,a_b,RF,Random Forest,uncalibrated,-0.1278,1.2243139,-2.0727936777230896e-08,2.4170160822887594e-08,4.0,-2.0727760979832865e-08,2.4169983029202376e-08,4.0,3.294755065199383e-05
AB,a_b,RF,Random Forest,uncalibrated,-0.1277,1.2242738499999999,-2.152902213637352e-08,2.5255949318591152e-08,4.0,-2.152882952466406e-08,2.5255754369746378e-08,4.0,3.329915497525433e-05
AB,a_b,RF,Random Forest,uncalibrated,-0.1276,1.2242338,-2.2346934216301176e-08,2.6381590592761084e-08,4.0,-2.2346723305144423e-08,2.638137694617578e-08,4.0,3.366359612193135e-05
AB,a_b,RF,Random Forest,uncalibrated,-0.1275,1.22419375,-2.3180584057860305e-08,2.7547793346091683e-08,4.0,-2.3180353247997942e-08,2.7547559335541304e-08,4.0,3.404154666924088e-05
AB,a_b,RF,Random Forest,uncalibrated,-0.1274,1.2241537,-2.4028681730128673e-08,2.8755203787823392e-08,4.0,-2.4028429301825582e-08,2.8754947615536187e-08,4.0,3.443372707061179e-05
AB,a_b,RF,Random Forest,uncalibrated,-0.1273,1.22411365,-2.4889717400984655e-08,3.000438944798579e-08,4.0,-2.48894415078027e-08,3.0004109176628856e-08,4.0,3.484090988295757e-05
AB,a_b,RF,Random Forest,uncalibrated,-0.1272,1.2240735999999999,-2.5761966388759253e-08,3.1295854953524025e-08,4.0,-2.5761665051193816e-08,3.129554849776891e-08,4.0,3.526392443087206e-05
AB,a_b,RF,Random Forest,uncalibrated,-0.1271,1.22403355,-2.6643452052738198e-08,3.26300163820539e-08,4.0,-2.6643123152148007e-08,3.262968150011186e-08,4.0,3.570366195916368e-05
AB,a_b,RF,Random Forest,uncalibrated,-0.127,1.2239935,-2.7531904520050857e-08,3.400716574366988e-08,4.0,-2.7531545793157974e-08,3.400680002903078e-08,4.0,3.6161081331929664e-05
AB,a_b,RF,Random Forest,uncalibrated,-0.1269,1.22395345,-2.8424797406625147e-08,3.542752969938275e-08,4.0,-2.8424406439686578e-08,3.5427130571786195e-08,4.0,3.663721534415331e-05
AB,a_b,RF,Random Forest,uncalibrated,-0.1268,1.2239134,-2.9319262550715934e-08,3.6891181218022877e-08,4.0,-2.9318836775038548e-08,3.6890745915301325e-08,4.0,3.7133177720748754e-05
AB,a_b,RF,Random Forest,uncalibrated,-0.1267,1.2238733499999999,-3.0212116880325124e-08,3.839809274915111e-08,4.0,-3.021165356775768e-08,3.839761831847049e-08,4.0,3.765017088826028e-05
AB,a_b,RF,Random Forest,uncalibrated,-0.1266,1.2238333,-3.1099814200593655e-08,3.994809477119712e-08,4.0,-3.109931046019199e-08,3.994757806083776e-08,4.0,3.818949461627263e-05
AB,a_b,RF,Random Forest,uncalibrated,-0.1265,1.22379325,-3.1978396592404676e-08,4.1540837297089195e-08,4.0,-3.1977849368480804e-08,4.154027494887891e-08,4.0,3.8752555639270594e-05
AB,a_b,RF,Random Forest,uncalibrated,-0.1264,1.2237532,-3.284351986370221e-08,4.317583736433758e-08,4.0,-3.284292593441762e-08,4.317522580578059e-08,4.0,3.934087838549902e-05
AB,a_b,RF,Random Forest,uncalibrated,-0.1263,1.22371315,-3.369038671199005e-08,4.485242318238335e-08,4.0,-3.3689742690024005e-08,4.485175861991191e-08,4.0,3.995611695770522e-05
AB,a_b,RF,Random Forest,uncalibrated,-0.1262,1.2236730999999998,-3.451374430810929e-08,4.656974506412928e-08,4.0,-3.4513046642814516e-08,4.656902347675726e-08,4.0,4.0600068531906445e-05
AB,a_b,RF,Random Forest,uncalibrated,-0.1261,1.2236330499999999,-3.5307832279935284e-08,4.832674450142796e-08,4.0,-3.530707726184801e-08,4.832596163551191e-08,4.0,4.127468836506103e-05
AB,a_b,RF,Random Forest,uncalibrated,-0.126,1.223593,-3.606636439130942e-08,5.012214686392975e-08,4.0,-3.606554815904772e-08,5.0121298228919096e-08,4.0,4.198210663132038e-05
AB,a_b,RF,Random Forest,uncalibrated,-0.1259,1.2235603499999999,-3.6615035074965786e-08,5.175816349752434e-08,4.0,-3.6614159981684935e-08,5.1757250855722736e-08,4.0,4.271226362604218e-05
AB,a_b,RF,Random Forest,uncalibrated,-0.1258,1.2235277,-3.710577192885685e-08,5.341673677405976e-08,4.0,-3.710483476027093e-08,5.341575611561249e-08,4.0,4.34795126241886e-05
AB,a_b,RF,Random Forest,uncalibrated,-0.1257,1.22349505,-3.7530807453807015e-08,5.509565521398645e-08,4.0,-3.7529804958191804e-08,5.509460237292541e-08,4.0,4.428660727950966e-05
AB,a_b,RF,Random Forest,uncalibrated,-0.1256,1.2234623999999998,-3.788184635677273e-08,5.679252000780872e-08,4.0,-3.7880775266563305e-08,5.6791390666801145e-08,4.0,4.513656628703767e-05
AB,a_b,RF,Random Forest,uncalibrated,-0.1255,1.22342975,-3.8150002069182675e-08,5.8504693840990537e-08,4.0,-3.814885912722943e-08,5.85034835385241e-08,4.0,4.603270402083836e-05
AB,a_b,RF,Random Forest,uncalibrated,-0.1254,1.2233971,-3.832579216328819e-08,6.022932034375989e-08,4.0,-3.832457415309243e-08,6.02280244828004e-08,4.0,4.697866527538475e-05
AB,a_b,RF,Random Forest,uncalibrated,-0.1253,1.2233644499999998,-3.839912782817358e-08,6.196332678778775e-08,4.0,-3.8397831608749655e-08,6.196194064628155e-08,4.0,4.797846473468739e-05
AB,a_b,RF,Random Forest,uncalibrated,-0.1252,1.2233318,-3.835928569240265e-08,6.370341080600933e-08,4.0,-3.8357908238584315e-08,6.370192954974265e-08,4.0,4.903653189949136e-05
AB,a_b,RF,Random Forest,uncalibrated,-0.1251,1.22329915,-3.819490207329322e-08,6.544605930558053e-08,4.0,-3.819344052136131e-08,6.544447800288121e-08,4.0,5.0157762328915564e-05
AB,a_b,RF,Random Forest,uncalibrated,-0.125,1.2232664999999998,-3.789396025875355e-08,6.718755060629712e-08,4.0,-3.789241195817361e-08,6.718586424501729e-08,4.0,5.1347576202971345e-05
AB,a_b,RF,Random Forest,uncalibrated,-0.1249,1.22323385,-3.744377878781393e-08,6.892396051910355e-08,4.0,-3.744214135958934e-08,6.892216402597518e-08,4.0,5.261198539148627e-05
AB,a_b,RF,Random Forest,uncalibrated,-0.1248,1.2232011999999999,-3.6831002228823464e-08,7.065117407155042e-08,4.0,-3.6829273630800685e-08,7.064926233376929e-08,4.0,5.3957670429071524e-05
AB,a_b,RF,Random Forest,uncalibrated,-0.1247,1.22316855,-3.6041606445744504e-08,7.236491299077638e-08,4.0,-3.603978504518324e-08,7.236288087964566e-08,4.0,5.5392069052490384e-05
AB,a_b,RF,Random Forest,uncalibrated,-0.1246,1.2231359,-3.506088107603688e-08,7.40607301821287e-08,4.0,-3.50589657305278e-08,7.405857257933829e-08,4.0,5.692347826526865e-05
AB,a_b,RF,Random Forest,uncalibrated,-0.1245,1.2231032499999999,-3.387345189392974e-08,7.573406338085907e-08,4.0,-3.387144204003434e-08,7.573177520611468e-08,4.0,5.8561172265958324e-05
AB,a_b,RF,Random Forest,uncalibrated,-0.1244,1.2230706,-3.2463271780693725e-08,7.73802402592698e-08,4.0,-3.246116753174988e-08,7.737781650016179e-08,4.0,6.0315539025237024e-05
AB,a_b,RF,Random Forest,uncalibrated,-0.1243,1.22303795,-3.081364050555455e-08,7.899452234549894e-08,4.0,-3.081144275829395e-08,7.89919580885164e-08,4.0,6.219823884026701e-05
AB,a_b,RF,Random Forest,uncalibrated,-0.1242,1.2230052999999999,-2.890719894255751e-08,8.057211999353977e-08,4.0,-2.8904909493698838e-08,8.056941045667211e-08,4.0,6.422238885412622e-05
AB,a_b,RF,Random Forest,uncalibrated,-0.1241,1.22297265,-2.6725967225339646e-08,8.2108250887321e-08,4.0,-2.6723588897326067e-08,8.210539145260468e-08,4.0,6.640277833050361e-05
AB,a_b,RF,Random Forest,uncalibrated,-0.124,1.22294,-2.4251347262659634e-08,8.359817343238435e-08,4.0,-2.4248884039623775e-08,8.359515967849894e-08,4.0,6.875612045276399e-05
AB,a_b,RF,Random Forest,uncalibrated,-0.1239,1.22289565,-2.1769950949811356e-08,8.553422090649308e-08,4.0,-2.1767378927117775e-08,8.55310158113872e-08,4.0,7.133177617147566e-05
AB,a_b,RF,Random Forest,uncalibrated,-0.1238,1.2228512999999999,-1.8946021340845383e-08,8.743210889047823e-08,4.0,-1.894334497598571e-08,8.742870516208158e-08,4.0,7.412229832124841e-05
AB,a_b,RF,Random Forest,uncalibrated,-0.1237,1.2228069499999998,-1.575550093009718e-08,8.9286367265102e-08,4.0,-1.5752726428841513e-08,8.928275779624731e-08,4.0,7.715218939879798e-05
AB,a_b,RF,Random Forest,uncalibrated,-0.1236,1.2227626,-1.2173481023815189e-08,9.109159083293929e-08,4.0,-1.2170616570106318e-08,9.108776874072786e-08,4.0,8.044939762653581e-05
AB,a_b,RF,Random Forest,uncalibrated,-0.1235,1.22271825,-8.174222290197712e-09,9.284247846285234e-08,4.0,-8.171278292889994e-09,9.283843712425696e-08,4.0,8.404588533601155e-05
AB,a_b,RF,Random Forest,uncalibrated,-0.1234,1.2226739,-3.7311684809738644e-09,9.453386011636322e-08,4.0,-3.728157838001067e-09,9.452959319891598e-08,4.0,8.797830417089746e-05
AB,a_b,RF,Random Forest,uncalibrated,-0.1233,1.22262955,1.18303032655167e-09,9.616072420048559e-08,4.0,1.1860919468809072e-09,9.615622568589803e-08,4.0,9.228879949676012e-05
AB,a_b,RF,Random Forest,uncalibrated,-0.1232,1.2225852,6.59651302857239e-09,9.7718230215283e-08,4.0,6.599606888757492e-09,9.771349441454922e-08,4.0,9.70259715477612e-05
AB,a_b,RF,Random Forest,uncalibrated,-0.1231,1.22254085,1.2538186029402819e-08,9.9201702236775e-08,4.0,1.2541290006495842e-08,9.919672379529572e-08,4.0,0.00010224602725986907
AB,a_b,RF,Random Forest,uncalibrated,-0.123,1.2224965,1.9037717874031216e-08,1.0060661879514162e-07,4.0,1.9040806126247034e-08,1.0060139268586043e-07,4.0,0.00010801416477419053
AB,a_b,RF,Random Forest,uncalibrated,-0.1229,1.22245215,2.6125520946596917e-08,1.0192856967740415e-07,4.0,2.612856356276616e-08,1.0192309118145193e-07,4.0,0.00011440624267507223
AB,a_b,RF,Random Forest,uncalibrated,-0.1228,1.2224078,3.383275345813605e-08,1.0316319259756886e-07,4.0,3.38357160900582e-08,1.0315745727175558e-07,4.0,0.00012151079870991683
AB,a_b,RF,Random Forest,uncalibrated,-0.1227,1.22236345,4.219129859068942e-08,1.0430609485461897e-07,4.0,4.219414206918515e-08,1.0430009848582742e-07,4.0,0.00012943149873298956
AB,a_b,RF,Random Forest,uncalibrated,-0.1226,1.2223191,5.123376315405185e-08,1.0535272814187386e-07,4.0,5.123644308824282e-08,1.0534646669072317e-07,4.0,0.00013829011683911052
AB,a_b,RF,Random Forest,uncalibrated,-0.1225,1.22227475,6.099344884656491e-08,1.0629825295892911e-07,4.0,6.099591520758452e-08,1.0629172249504937e-07,4.0,0.0001482301732844858
AB,a_b,RF,Random Forest,uncalibrated,-0.1224,1.2222304,7.150433864296978e-08,1.0713736471124073e-07,4.0,7.150653533183338e-08,1.0713056134568144e-07,4.0,0.00015942138935187098
AB,a_b,RF,Random Forest,uncalibrated,-0.1223,1.2221860500000001,8.28010436012665e-08,1.0786410936460025e-07,4.0,8.280290800244394e-08,1.0785702918582058e-07,4.0,0.0001720651597699711
AB,a_b,RF,Random Forest,uncalibrated,-0.1222,1.2221417,1.506405103558369e-07,1.1294683343537367e-07,3.0,1.506394291898398e-07,1.1293923410557677e-07,3.0,0.00018640129618044824
AB,a_b,RF,Random Forest,uncalibrated,-0.1221,1.22209735,1.6000139343219104e-07,1.1845289946924703e-07,3.0,1.6000016848464565e-07,1.1844435138230001e-07,3.0,0.00020271636274110617
AB,a_b,RF,Random Forest,uncalibrated,-0.122,1.222053,1.7005640032828627e-07,1.2389159352324488e-07,3.0,1.7005499223602766e-07,1.2388201869621914e-07,3.0,0.00022135401150270558
AB,a_b,RF,Random Forest,uncalibrated,-0.1219,1.2220048000000001,1.8101744409832476e-07,1.2930961651585174e-07,3.0,1.8101580027500103e-07,1.292989208814245e-07,3.0,0.00024274006985177266
AB,a_b,RF,Random Forest,uncalibrated,-0.1218,1.2219566000000002,1.9283127936399364e-07,1.3454780569178277e-07,3.0,1.928293354251191e-07,1.3453591405727514e-07,3.0,0.00026735972876895854
AB,a_b,RF,Random Forest,uncalibrated,-0.1217,1.2219084,2.055755284536835e-07,1.395392210229247e-07,3.0,2.0557320457026407e-07,1.3952606457239297e-07,3.0,0.0002958172639958714
AB,a_b,RF,Random Forest,uncalibrated,-0.1216,1.2218602,2.1933025942889527e-07,1.4421366618969727e-07,3.0,2.193274582322028e-07,1.4419918498965806e-07,3.0,0.0003288476252573685
AB,a_b,RF,Random Forest,uncalibrated,-0.1215,1.2218120000000001,2.34176614136763e-07,1.48499079335326e-07,3.0,2.3417321874201014e-07,1.4848322494155037e-07,3.0,0.0003673478941163347
AB,a_b,RF,Random Forest,uncalibrated,-0.1214,1.2217638,2.5019523576468295e-07,1.5232320827732615e-07,3.0,2.5019110801623634e-07,1.5230594635881952e-07,3.0,0.00041241693149870925
AB,a_b,RF,Random Forest,uncalibrated,-0.1213,1.2217156,2.6746450555485774e-07,1.5561553213640677e-07,3.0,2.674594845967585e-07,1.5559684502688502e-07,3.0,0.00046540546176609005
AB,a_b,RF,Random Forest,uncalibrated,-0.1212,1.2216674,2.860586909032431e-07,1.583094073209422e-07,3.0,2.860525921688506e-07,1.5828929640911986e-07,3.0,0.0005279794719219683
AB,a_b,RF,Random Forest,uncalibrated,-0.1211,1.2216192000000001,3.0604605478340976e-07,1.6034437841120304e-07,3.0,3.0603866948049807e-07,1.6032286629017707e-07,3.0,0.0006022006113570661
AB,a_b,RF,Random Forest,uncalibrated,-0.121,1.221571,3.274870363236336e-07,1.6166861520181205e-07,3.0,3.2747813146401705e-07,1.6164574751307327e-07,3.0,0.0006906283039826239
AB,a_b,RF,Random Forest,uncalibrated,-0.1209,1.2215228,3.504325748824095e-07,1.6224142191493997e-07,3.0,3.5042189387250267e-07,1.6221726884323329e-07,3.0,0.0007964495834986943
AB,a_b,RF,Random Forest,uncalibrated,-0.1208,1.2214746,3.749226717691549e-07,1.620357866829853e-07,3.0,3.7490993554101237e-07,1.6201044408094125e-07,3.0,0.0009236442945336522
AB,a_b,RF,Random Forest,uncalibrated,-0.1207,1.2214264000000001,4.009852718036388e-07,1.6104095060042677e-07,3.0,4.00970180428987e-07,1.6101454074209074e-07,3.0,0.001077195333600775
AB,a_b,RF,Random Forest,uncalibrated,-0.1206,1.2213782000000002,4.2863549139094605e-07,1.5926499445301982e-07,3.0,4.286177260892643e-07,1.592376664298185e-07,3.0,0.0012633561004568188
AB,a_b,RF,Random Forest,uncalibrated,-0.1205,1.22133,4.578752663036138e-07,1.567374650691685e-07,3.0,4.5785449172737925e-07,1.567093948404038e-07,3.0,0.0014899903483071657
AB,a_b,RF,Random Forest,uncalibrated,-0.1204,1.2212818,4.886934067149972e-07,1.535120811144435e-07,3.0,4.886692733796494e-07,1.5348347119815149e-07,3.0,0.0017670031873011664
AB,a_b,RF,Random Forest,uncalibrated,-0.1203,1.2212336000000001,5.210660456865817e-07,1.4966953914969683e-07,3.0,5.210381924062684e-07,1.496406178698275e-07,3.0,0.0021068860776184053
AB,a_b,RF,Random Forest,uncalibrated,-0.1202,1.2211854000000002,5.5495747662901e-07,1.453204127654422e-07,3.0,5.549255328215115e-07,1.4529143282742856e-07,3.0,0.002525403107395227
AB,a_b,RF,Random Forest,uncalibrated,-0.1201,1.2211372,6.147475854334269e-07,1.461597919956687e-07,81.0,6.147049087674515e-07,1.4614124220531784e-07,81.0,0.00304245037144843
AB,a_b,RF,Random Forest,uncalibrated,-0.12,1.221089,6.500628458556083e-07,1.5261340446622888e-07,81.0,6.500158753982357e-07,1.5259352862429762e-07,81.0,0.003683124258899638
AB,a_b,RF,Random Forest,uncalibrated,-0.1199,1.22101725,6.897939911502927e-07,1.603525275218792e-07,81.0,6.897419366426617e-07,1.6033101204639782e-07,81.0,0.004473659116933939
AB,a_b,RF,Random Forest,uncalibrated,-0.1198,1.2209455,7.310116443521376e-07,1.6831590867782265e-07,81.0,7.30954073687219e-07,1.6829262988823587e-07,81.0,0.0054558231400424154
AB,a_b,RF,Random Forest,uncalibrated,-0.1197,1.22087375,7.736748350316819e-07,1.7645940827117247e-07,81.0,7.736112921045912e-07,1.7643423637080425e-07,81.0,0.006677845119886853
AB,a_b,RF,Random Forest,uncalibrated,-0.1196,1.2208020000000002,8.177365671785117e-07,1.8473279856764633e-07,81.0,8.176665714112427e-07,1.847055990699139e-07,81.0,0.008199632145145406
AB,a_b,RF,Random Forest,uncalibrated,-0.1195,1.2207302500000001,8.631448842555637e-07,1.93080909843242e-07,81.0,8.63067930135924e-07,1.930515452657947e-07,81.0,0.010095143016831412
AB,a_b,RF,Random Forest,uncalibrated,-0.1194,1.2206585,9.098442505866067e-07,2.0144491175665483e-07,81.0,9.097598072002476e-07,2.0141324351584313e-07,81.0,0.012454985392432939
AB,a_b,RF,Random Forest,uncalibrated,-0.1193,1.22058675,9.577769370239251e-07,2.0976367973697377e-07,81.0,9.576844475771312e-07,2.09729570165469e-07,81.0,0.015389118701902753
AB,a_b,RF,Random Forest,uncalibrated,-0.1192,1.220515,1.0068845978228527e-06,2.179751931075708e-07,81.0,1.0067834791268111e-06,2.1793850751381716e-07,81.0,0.019029463716623687
AB,a_b,RF,Random Forest,uncalibrated,-0.1191,1.22044325,1.0571099955730372e-06,2.260179189888093e-07,81.0,1.0569996374502917e-06,2.2597852767636684e-07,81.0,0.023532119655578505
AB,a_b,RF,Random Forest,uncalibrated,-0.119,1.2203715000000002,1.1035477941369979e-06,2.3471691854483374e-07,17.0,1.1034283812935213e-06,2.3467464814519275e-07,17.0,0.02907877886328199
AB,a_b,RF,Random Forest,uncalibrated,-0.1189,1.2202997500000001,1.155367017398615e-06,2.44033653526426e-07,17.0,1.1552372531005698e-06,2.4398805588134275e-07,17.0,0.03587682405053703
AB,a_b,RF,Random Forest,uncalibrated,-0.1188,1.220228,1.2171496440048283e-06,2.532524492133163e-07,7.0,1.2170064781332912e-06,2.5320720126257226e-07,7.0,0.04415752054921112
AB,a_b,RF,Random Forest,uncalibrated,-0.1187,1.22015625,1.271749396502933e-06,2.631801101870375e-07,7.0,1.27159421689108e-06,2.631311822143687e-07,7.0,0.05417171124393599
AB,a_b,RF,Random Forest,uncalibrated,-0.1186,1.2200845,1.3271728095526313e-06,2.7272297836430154e-07,7.0,1.3270048830100422e-06,2.726702245555759e-07,7.0,0.06618252247731815
AB,a_b,RF,Random Forest,uncalibrated,-0.1185,1.22001275,1.383413752305997e-06,2.8178833137100966e-07,7.0,1.383232307504224e-06,2.817316302154563e-07,7.0,0.08045482377608501
AB,a_b,RF,Random Forest,uncalibrated,-0.1184,1.219941,1.4404796176785093e-06,2.902923670969077e-07,7.0,1.4402838416836616e-06,2.9023162221732036e-07,7.0,0.09724155655018592
AB,a_b,RF,Random Forest,uncalibrated,-0.1183,1.2198692500000001,1.488506580007153e-06,3.001828171735766e-07,6.0,1.488297268796105e-06,3.001190913688852e-07,6.0,0.1167675218257246
AB,a_b,RF,Random Forest,uncalibrated,-0.1182,1.2197975,1.5470445117018182e-06,3.1104190617168907e-07,6.0,1.5468194518586387e-06,3.1097289448422206e-07,6.0,0.13921171516144662
AB,a_b,RF,Random Forest,uncalibrated,-0.1181,1.21972575,1.6066001708302202e-06,3.211534859745285e-07,6.0,1.6063583959854044e-06,3.210790743864337e-07,6.0,0.16468970569223887
AB,a_b,RF,Random Forest,uncalibrated,-0.118,1.219654,1.6672403187949117e-06,3.304489509777851e-07,6.0,1.6669807969919381e-06,3.303690582678447e-07,6.0,0.193237759850102
AB,a_b,RF,Random Forest,uncalibrated,-0.1179,1.21972185,1.6941421713238226e-06,3.2435851876393393e-07,6.0,1.6938745460159943e-06,3.2427829104495223e-07,6.0,0.22827470556407534
AB,a_b,RF,Random Forest,uncalibrated,-0.1178,1.2197897,1.722016300914933e-06,3.178913294369749e-07,6.0,1.7217400936260974e-06,3.1781087113808066e-07,6.0,0.2671508691968381
AB,a_b,RF,Random Forest,uncalibrated,-0.1177,1.21985755,1.7509691342947403e-06,3.11097516836021e-07,6.0,1.7506838292935534e-06,3.1101692537802525e-07,6.0,0.3096760420349651
AB,a_b,RF,Random Forest,uncalibrated,-0.1176,1.2199254,1.781107354234286e-06,3.0402978567515976e-07,6.0,1.7808123965642097e-06,3.03949149682501e-07,6.0,0.35554320807182266
AB,a_b,RF,Random Forest,uncalibrated,-0.1175,1.2199932500000001,1.8125382443375617e-06,2.9674548069719004e-07,6.0,1.8122330374866402e-06,2.966648778329006e-07,6.0,0.40433646569806164
AB,a_b,RF,Random Forest,uncalibrated,-0.1174,1.2200611000000001,1.8453699252731522e-06,2.893094332477184e-07,6.0,1.8450538285345408e-06,2.892289274289029e-07,6.0,0.4555414641306537
AB,a_b,RF,Random Forest,uncalibrated,-0.1173,1.22012895,1.879711457498172e-06,2.8179770956615e-07,6.0,1.8793837830803162e-06,2.8171734726573877e-07,6.0,0.5085563543724149
AB,a_b,RF,Random Forest,uncalibrated,-0.1172,1.2201968,1.9156727607057246e-06,2.743023643008454e-07,6.0,1.9153327706633583e-06,2.7422216959016026e-07,6.0,0.5627020876125584
AB,a_b,RF,Random Forest,uncalibrated,-0.1171,1.22026465,1.9533643813055477e-06,2.6693727243197403e-07,6.0,1.9530112843613168e-06,2.668572403691438e-07,6.0,0.6172318866339577
AB,a_b,RF,Random Forest,uncalibrated,-0.117,1.2203325,1.992897052596843e-06,2.598450061567379e-07,6.0,1.992530000938242e-06,2.597650940924936e-07,6.0,0.6713405558636453
AB,a_b,RF,Random Forest,uncalibrated,-0.1169,1.22040035,2.0354784882382332e-06,2.545224663533546e-07,19.0,2.035096597224017e-06,2.5444084129590373e-07,19.0,0.7241747974251227
AB,a_b,RF,Random Forest,uncalibrated,-0.1168,1.2204682,2.0789281017299733e-06,2.5304857669669273e-07,19.0,2.0785305201150655e-06,2.5296547631713816e-07,19.0,0.7748458164588995
AB,a_b,RF,Random Forest,uncalibrated,-0.1167,1.22053605,2.124569419488436e-06,2.526091078136139e-07,19.0,2.1241551127861962e-06,2.5252416461004007e-07,19.0,0.822445280627311
AB,a_b,RF,Random Forest,uncalibrated,-0.1166,1.2206039,2.1724992100740754e-06,2.5335365255480265e-07,19.0,2.172067074050105e-06,2.532664415617151e-07,19.0,0.8660652446586896
AB,a_b,RF,Random Forest,uncalibrated,-0.1165,1.22067175,2.222809061558239e-06,2.5543720267692637e-07,19.0,2.222357919912099e-06,2.553472369850206e-07,19.0,0.9048220671047084
AB,a_b,RF,Random Forest,uncalibrated,-0.1164,1.2207396000000001,2.2755838899630356e-06,2.590156904360542e-07,19.0,2.275112492534708e-06,2.589224171234235e-07,19.0,0.9378837270104192
AB,a_b,RF,Random Forest,uncalibrated,-0.1163,1.2208074500000001,2.330900343678767e-06,2.642411456694382e-07,19.0,2.33040736532052e-06,2.6414394218244003e-07,19.0,0.9644993696630613
AB,a_b,RF,Random Forest,uncalibrated,-0.1162,1.2208753,2.388825064668563e-06,2.7125712789992456e-07,19.0,2.3883091049515293e-06,2.711552988612469e-07,19.0,0.984029434640988
AB,a_b,RF,Random Forest,uncalibrated,-0.1161,1.22094315,2.450017665070518e-06,2.8266682799925293e-07,28.0,2.449477100969447e-06,2.825588257496246e-07,28.0,0.9959743950237199
AB,a_b,RF,Random Forest,uncalibrated,-0.116,1.221011,2.513165740856957e-06,2.981275689120334e-07,28.0,2.5125993742309553e-06,2.98011780341968e-07,28.0,1.0
AB,a_b,RF,Random Forest,uncalibrated,-0.1159,1.2207344,2.667636106766547e-06,3.2676431916570367e-07,28.0,2.6669996743872985e-06,3.266308220987035e-07,28.0,0.9938733063947026
AB,a_b,RF,Random Forest,uncalibrated,-0.1158,1.2204578000000001,2.8293654297024358e-06,3.592967157273619e-07,13.0,2.828651190996014e-06,3.5914360186328556e-07,13.0,0.9756365693659534
AB,a_b,RF,Random Forest,uncalibrated,-0.1157,1.2201812,3.00545865735764e-06,3.966656094036866e-07,2.0,3.0046580423159774e-06,3.964656352661855e-07,2.0,0.9458556654177659
AB,a_b,RF,Random Forest,uncalibrated,-0.1156,1.2199046,3.1890790107532355e-06,4.473036515931064e-07,2.0,3.1881812495582196e-06,4.470668321099325e-07,2.0,0.9055374806701556
AB,a_b,RF,Random Forest,uncalibrated,-0.1155,1.2196280000000002,3.3828370696572956e-06,5.027773606530833e-07,2.0,3.381831193915996e-06,5.024977396961283e-07,2.0,0.8560710078683318
AB,a_b,RF,Random Forest,uncalibrated,-0.1154,1.2193514,3.58696828585759e-06,5.632265499592136e-07,2.0,3.5858423330648037e-06,5.628974595328629e-07,2.0,0.7991423251414596
AB,a_b,RF,Random Forest,uncalibrated,-0.1153,1.2190748,3.8016369215968945e-06,6.287436456082273e-07,2.0,3.8003779118112035e-06,6.283576844401395e-07,2.0,0.736631155841255
AB,a_b,RF,Random Forest,uncalibrated,-0.1152,1.2187982,4.0269215546909286e-06,6.993644217683561e-07,2.0,4.0255154846180474e-06,6.989134518908813e-07,2.0,0.6704988740472771
AB,a_b,RF,Random Forest,uncalibrated,-0.1151,1.2185216,4.262799633871806e-06,7.750581100683074e-07,2.0,4.261231492941331e-06,7.745332770148217e-07,2.0,0.6026786527141877
AB,a_b,RF,Random Forest,uncalibrated,-0.115,1.218245,4.509131294721622e-06,8.557170208265566e-07,2.0,4.507385108154516e-06,8.551088036545806e-07,2.0,0.534977704928212
AB,a_b,RF,Random Forest,uncalibrated,-0.1149,1.2179684,4.765642694284474e-06,9.411458774124975e-07,2.0,4.763701598464731e-06,9.40444175145938e-07,2.0,0.46899931974445
AB,a_b,RF,Random Forest,uncalibrated,-0.1148,1.2176918,5.031909199580784e-06,1.0310511588966155e-06,2.0,5.0297555552192286e-06,1.0302454200306066e-06,2.0,0.4060890752764654
AB,a_b,RF,Random Forest,uncalibrated,-0.1147,1.2174152,5.30733881776943e-06,1.12503081647813e-06,2.0,5.304954366347481e-06,1.1241102177983464e-06,2.0,0.3473059373746859
AB,a_b,RF,Random Forest,uncalibrated,-0.1146,1.2171386,5.512500390657484e-06,1.2316158984479905e-06,3.0,5.5099147886483735e-06,1.2306880449535596e-06,3.0,0.29341573632155826
AB,a_b,RF,Random Forest,uncalibrated,-0.1145,1.2168619999999999,5.790488387296798e-06,1.3648257030189327e-06,3.0,5.787652375688346e-06,1.3637479532702323e-06,3.0,0.24490242916449584
AB,a_b,RF,Random Forest,uncalibrated,-0.1144,1.2165854,6.07333589196791e-06,1.504692359825625e-06,3.0,6.0702349326720774e-06,1.5034488408802532e-06,3.0,0.20199191365725497
AB,a_b,RF,Random Forest,uncalibrated,-0.1143,1.2163088,6.359639105602525e-06,1.6505905721741259e-06,3.0,6.356259747763993e-06,1.649165345017931e-06,3.0,0.16468380023780413
AB,a_b,RF,Random Forest,uncalibrated,-0.1142,1.2160322,6.647803316332321e-06,1.8017348721526192e-06,3.0,6.644133605182567e-06,1.8001123182587683e-06,3.0,0.1327878933046976
AB,a_b,RF,Random Forest,uncalibrated,-0.1141,1.2157556,6.936047894570733e-06,1.957171119888098e-06,3.0,6.932077802261164e-06,1.955336397303026e-06,3.0,0.10596342409364591
AB,a_b,RF,Random Forest,uncalibrated,-0.114,1.215479,7.222416068275672e-06,2.1157713766900473e-06,3.0,7.2181379346207084e-06,2.113710939879351e-06,3.0,0.08375971980212747
AB,a_b,RF,Random Forest,uncalibrated,-0.1139,1.2155092,7.323991602142238e-06,2.221724697511716e-06,3.0,7.3196278408405036e-06,2.219536738989179e-06,3.0,0.07356109954359688
AB,a_b,RF,Random Forest,uncalibrated,-0.1138,1.2155394,7.418270784404413e-06,2.3257243645182566e-06,3.0,7.4138299640906045e-06,2.323410340057814e-06,3.0,0.06437625379903343
AB,a_b,RF,Random Forest,uncalibrated,-0.1137,1.2155696,7.504510761403303e-06,2.4274167085573247e-06,3.0,7.500002473737055e-06,2.4249788994631545e-06,3.0,0.05617131716053902
AB,a_b,RF,Random Forest,uncalibrated,-0.1136,1.2155998,7.582006903992636e-06,2.5264621284504755e-06,3.0,7.57744171138904e-06,2.5239036511583845e-06,3.0,0.04889510064965506
AB,a_b,RF,Random Forest,uncalibrated,-0.1135,1.21563,7.650100780387456e-06,2.622537368897971e-06,3.0,7.645490145239778e-06,2.61986217350353e-06,3.0,0.04248417417741635
AB,a_b,RF,Random Forest,uncalibrated,-0.1134,1.2156602,7.708187841262582e-06,2.7153374884096574e-06,3.0,7.703544036896659e-06,2.712550345625749e-06,3.0,0.036867506640696386
AB,a_b,RF,Random Forest,uncalibrated,-0.1133,1.2156904,7.755724675482633e-06,2.804577508708813e-06,3.0,7.751060679591268e-06,2.80168398499963e-06,3.0,0.031970477247358194
AB,a_b,RF,Random Forest,uncalibrated,-0.1132,1.2157206,7.792235689944486e-06,2.889993736100535e-06,3.0,7.78756506177499e-06,2.8870001570237225e-06,3.0,0.027718152789170832
AB,a_b,RF,Random Forest,uncalibrated,-0.1131,1.2157508,7.817319095159667e-06,2.9713447608428274e-06,3.0,7.812655838231505e-06,2.9682581629288365e-06,3.0,0.024037804740474247
AB,a_b,RF,Random Forest,uncalibrated,-0.113,1.215781,7.830652057486844e-06,3.048412147116397e-06,3.0,7.826010470113332e-06,3.0452402189251443e-06,3.0,0.02086070535809052
AB,a_b,RF,Random Forest,uncalibrated,-0.1129,1.2158112,7.831994910772865e-06,3.121000839292276e-06,3.0,7.827389427098966e-06,3.1177518525859667e-06,3.0,0.018123287214178743
AB,a_b,RF,Random Forest,uncalibrated,-0.1128,1.2158414,7.821194345991303e-06,3.188939311755136e-06,3.0,7.816639370624342e-06,3.1856220440104346e-06,3.0,0.01576777507207012
AB,a_b,RF,Random Forest,uncalibrated,-0.1127,1.2158716,7.798185468616524e-06,3.2520795009766327e-06,3.0,7.793695208239507e-06,3.248703150705493e-06,3.0,0.013742405768198924
AB,a_b,RF,Random Forest,uncalibrated,-0.1126,1.2159018,7.762992698917124e-06,3.3102965550738547e-06,3.0,7.758580994443598e-06,3.306870651616923e-06,3.0,0.01200134565919653
AB,a_b,RF,Random Forest,uncalibrated,-0.1125,1.215932,7.715729451082128e-06,3.3634884463255625e-06,3.0,7.711409614012213e-06,3.360022755923328e-06,3.0,0.010504401304834309
AB,a_b,RF,Random Forest,uncalibrated,-0.1124,1.2159622,7.656596605780096e-06,3.4115754836026506e-06,3.0,7.652381262361155e-06,3.408079913619705e-06,3.0,0.00921660167704008
AB,a_b,RF,Random Forest,uncalibrated,-0.1123,1.2159924,7.585879764527783e-06,3.45449975791174e-06,3.0,7.581780711178135e-06,3.4509842610977087e-06,3.0,0.008107712422333232
AB,a_b,RF,Random Forest,uncalibrated,-0.1122,1.2160226,7.503945357518556e-06,3.49222455755372e-06,3.0,7.499973430672805e-06,3.4886990381604296e-06,3.0,0.0071517264887694595
AB,a_b,RF,Random Forest,uncalibrated,-0.1121,1.2160528,7.411235646404511e-06,3.5247337670765545e-06,3.0,7.407400609560355e-06,3.521207990533212e-06,3.0,0.00632636172342011
AB,a_b,RF,Random Forest,uncalibrated,-0.112,1.216083,7.308262731927071e-06,3.552031270059181e-06,3.0,7.304573182172666e-06,3.548514777735295e-06,3.0,0.00561258513425808
AB,a_b,RF,Random Forest,uncalibrated,-0.1119,1.21607565,7.207567991630299e-06,3.5769419989139978e-06,3.0,7.204017377711777e-06,3.573435131741237e-06,3.0,0.0049413366970419105
AB,a_b,RF,Random Forest,uncalibrated,-0.1118,1.2160683,7.096405475226909e-06,3.5960419813565425e-06,3.0,7.093001756941497e-06,3.592554776110656e-06,3.0,0.004364957538152917
AB,a_b,RF,Random Forest,uncalibrated,-0.1117,1.21606095,6.975453641001118e-06,3.6094199858205514e-06,3.0,6.972203425381629e-06,3.6059620138823826e-06,3.0,0.003868833998427576
AB,a_b,RF,Random Forest,uncalibrated,-0.1116,1.2160536,6.845442357958967e-06,3.617192090086773e-06,3.0,6.84235087215305e-06,3.613772382175713e-06,3.0,0.0034407046404903345
AB,a_b,RF,Random Forest,uncalibrated,-0.1115,1.21604625,6.707143238426606e-06,3.61949942158145e-06,3.0,6.704214327024616e-06,3.616126405415639e-06,3.0,0.0030702793016574425
AB,a_b,RF,Random Forest,uncalibrated,-0.1114,1.2160389,6.561359724623875e-06,3.6165058036388174e-06,3.0,6.558595870287398e-06,3.613187254707651e-06,3.0,0.0027489171121179855
AB,a_b,RF,Random Forest,uncalibrated,-0.1113,1.21603155,6.408917152381109e-06,3.6083953574247235e-06,3.0,6.406319518018991e-06,3.605138362678329e-06,3.0,0.0024693556657989515
AB,a_b,RF,Random Forest,uncalibrated,-0.1112,1.2160241999999999,6.250652981679197e-06,3.5953700840198293e-06,3.0,6.248221471919871e-06,3.5921810179733808e-06,3.0,0.002225484061576587
AB,a_b,RF,Random Forest,uncalibrated,-0.1111,1.21601685,6.087407359780754e-06,3.5776474502318933e-06,3.0,6.085140699108038e-06,3.5745319627288493e-06,3.0,0.0020121532360102036
AB,a_b,RF,Random Forest,uncalibrated,-0.111,1.2160095,5.920014197714432e-06,3.555458010247538e-06,3.0,5.917910022357198e-06,3.5524210249275694e-06,3.0,0.0018250177764992362
AB,a_b,RF,Random Forest,uncalibrated,-0.1109,1.21600215,5.749292896928926e-06,3.5290430735998966e-06,3.0,5.7473478574469415e-06,3.5260887959889433e-06,3.0,0.0016604041669019756
AB,a_b,RF,Random Forest,uncalibrated,-0.1108,1.2159948,5.576040822431135e-06,3.498652432965441e-06,3.0,5.574250693918259e-06,3.495784367022393e-06,3.0,0.0015152011357362695
AB,a_b,RF,Random Forest,uncalibrated,-0.1107,1.2159874499999999,5.40102663484473e-06,3.4645421771365574e-06,3.0,5.3993864317369855e-06,3.4617631490526546e-06,3.0,0.0013867684289608077
AB,a_b,RF,Random Forest,uncalibrated,-0.1106,1.2159801,5.224984523808028e-06,3.4269725882915285e-06,3.0,5.223488616460751e-06,3.424284776347121e-06,3.0,0.0012728609064470502
AB,a_b,RF,Random Forest,uncalibrated,-0.1105,1.21597275,5.048609377620325e-06,3.3862061455667595e-06,3.0,5.04725160806648e-06,3.383611114878728e-06,3.0,0.0011715653629353344
AB,a_b,RF,Random Forest,uncalibrated,-0.1104,1.2159654,4.872552903974198e-06,3.3425056379799153e-06,3.0,4.871326698574485e-06,3.3400043790375673e-06,3.0,0.0010812479044739135
AB,a_b,RF,Random Forest,uncalibrated,-0.1103,1.21595805,4.697420675075212e-06,3.2961324028366476e-06,3.0,4.696319152119877e-06,3.293725372792104e-06,3.0,0.0010005100764364655
AB,a_b,RF,Random Forest,uncalibrated,-0.1102,1.2159506999999998,4.523770062891546e-06,3.247344691023156e-06,3.0,4.522786133572451e-06,3.2450318567977524e-06,3.0,0.00092815224660372
AB,a_b,RF,Random Forest,uncalibrated,-0.1101,1.2159433499999999,4.352109014503998e-06,3.1963961750596745e-06,3.0,4.351235476041104e-06,3.1941770574144455e-06,3.0,0.0008631430040131734
AB,a_b,RF,Random Forest,uncalibrated,-0.11,1.215936,4.182895601295606e-06,3.143534596511044e-06,3.0,4.182125221352528e-06,3.14140831433559e-06,3.0,0.0008045935485060472
AB,a_b,RF,Random Forest,uncalibrated,-0.1099,1.21592865,4.016538257194118e-06,3.0890005654811844e-06,3.0,4.015863849053206e-06,3.0869658796462974e-06,3.0,0.0007517362236833549
AB,a_b,RF,Random Forest,uncalibrated,-0.1098,1.2159213,3.853396625921467e-06,3.0330265100688424e-06,3.0,3.8528111141837105e-06,3.0310818662897265e-06,3.0,0.0007039064931250028
AB,a_b,RF,Random Forest,uncalibrated,-0.1097,1.21591395,3.6937829462746884e-06,2.9758357754581858e-06,3.0,3.693279423104082e-06,2.9739793457072418e-06,3.0,0.0006605277812765291
AB,a_b,RF,Random Forest,uncalibrated,-0.1096,1.2159065999999998,2.965665012848649e-06,2.923152906946024e-06,26.0,2.965621712813782e-06,2.9209845006103594e-06,26.0,0.0006210987006825037
AB,a_b,RF,Random Forest,uncalibrated,-0.1095,1.2158992499999999,2.812807585050328e-06,2.8803539912634138e-06,26.0,2.812830462636168e-06,2.878264015680508e-06,26.0,0.0005851822699014558
AB,a_b,RF,Random Forest,uncalibrated,-0.1094,1.2158919,2.6652056631822796e-06,2.8360388449594223e-06,26.0,2.66528721379547e-06,2.8340273916612827e-06,26.0,0.0005523967945404162
AB,a_b,RF,Random Forest,uncalibrated,-0.1093,1.21588455,2.522958214944863e-06,2.790382316928008e-06,26.0,2.523091373346923e-06,2.7884491303603502e-06,26.0,0.00052240813996012
AB,a_b,RF,Random Forest,uncalibrated,-0.1092,1.2158772,2.38612382623072e-06,2.7435560359918414e-06,26.0,2.386301983096167e-06,2.7417005414408376e-06,26.0,0.0004949231704425074
AB,a_b,RF,Random Forest,uncalibrated,-0.1091,1.21586985,2.2547245902997677e-06,2.6957272598877856e-06,26.0,2.2549416002813356e-06,2.693948592637794e-06,26.0,0.00046968416773994763
AB,a_b,RF,Random Forest,uncalibrated,-0.109,1.2158625,2.1287499003380456e-06,2.647057871106502e-06,26.0,2.129000082797308e-06,2.645354906196223e-06,26.0,0.00044646407338337304
AB,a_b,RF,Random Forest,uncalibrated,-0.1089,1.2158551499999999,2.0081601887896326e-06,2.5977035094311894e-06,26.0,2.0084383222907784e-06,2.596074891455722e-06,26.0,0.00042506242510494574
AB,a_b,RF,Random Forest,uncalibrated,-0.1088,1.2158478,1.8928905290307202e-06,2.547812861386594e-06,26.0,1.8931918406636842e-06,2.5462570338556015e-06,26.0,0.0004053018792066237
AB,a_b,RF,Random Forest,uncalibrated,-0.1087,1.21584045,1.7828540791299915e-06,2.497527086415163e-06,26.0,1.7831742296508611e-06,2.496042320263654e-06,26.0,0.00038702522847904985
AB,a_b,RF,Random Forest,uncalibrated,-0.1086,1.2158331,1.677945307650821e-06,2.4469793920373497e-06,26.0,1.6782803733576914e-06,2.44556381295262e-06,26.0,0.0003700928400042965
AB,a_b,RF,Random Forest,uncalibrated,-0.1085,1.21582575,1.5780429758488965e-06,2.396294733668037e-06,26.0,1.5783894280175511e-06,2.3949463479735486e-06,26.0,0.0003543804493968493
AB,a_b,RF,Random Forest,uncalibrated,-0.1084,1.2158184,1.4830129626687018e-06,2.3455896346544337e-06,26.0,1.483367645254826e-06,2.3443063535587205e-06,26.0,0.00033977725819345813
AB,a_b,RF,Random Forest,uncalibrated,-0.1083,1.21581105,1.3927107992184834e-06,2.294972120376606e-06,26.0,1.3930709054729058e-06,2.2937517824505616e-06,26.0,0.00032618428955431773
AB,a_b,RF,Random Forest,uncalibrated,-0.1082,1.2158037,1.3069839585636653e-06,2.2445417466832412e-06,26.0,1.3073470070999466e-06,2.243382138488269e-06,26.0,0.00031351296448301185
AB,a_b,RF,Random Forest,uncalibrated,-0.1081,1.21579635,1.2256739575942383e-06,2.1943897146764556e-06,26.0,1.226037768352015e-06,2.1932885895071676e-06,26.0,0.00030168386665364595
AB,a_b,RF,Random Forest,uncalibrated,-0.108,1.215789,1.1486181844358825e-06,2.144599051653033e-06,26.0,1.1489808549207482e-06,2.1435541464064687e-06,26.0,0.0002906256688520631
AB,a_b,GBT,Gradient Boosted Trees,uncalibrated,-0.128,1.224394,7.979557947373258e-19,8.17270307164864e-20,86.0,2.5765233324144448e-23,2.638888055187266e-24,86.0,0.0010640341247622734
AB,a_b,GBT,Gradient Boosted Trees,uncalibrated,-0.1279,1.22435395,3.6770173433323854e-19,7.326540411789361e-20,92.0,1.1872739118220359e-23,2.365670183906193e-24,92.0,0.0011159727266032112
AB,a_b,GBT,Gradient Boosted Trees,uncalibrated,-0.1278,1.2243139,3.992784138163855e-19,5.988499622273461e-20,99.0,1.289232005221537e-23,1.9336295449827297e-24,99.0,0.0011707190815859153
AB,a_b,GBT,Gradient Boosted Trees,uncalibrated,-0.1277,1.2242738499999999,-7.289786663382223e-19,6.434120699072194e-20,96.0,-2.3538027482726393e-23,2.0775163504122876e-24,96.0,0.0012284272276427784
AB,a_b,GBT,Gradient Boosted Trees,uncalibrated,-0.1276,1.2242338,3.8051776248671115e-19,5.97821775189163e-20,99.0,1.2286556472315426e-23,1.9303096268726815e-24,99.0,0.0012892594351356648
AB,a_b,GBT,Gradient Boosted Trees,uncalibrated,-0.1275,1.22419375,-4.185339581897567e-19,6.137050051190546e-20,100.0,-1.351406325758509e-23,1.981595064961318e-24,100.0,0.0013533866367564102
AB,a_b,GBT,Gradient Boosted Trees,uncalibrated,-0.1274,1.2241537,5.568826939750692e-19,5.896780027941775e-20,83.0,1.7981212291551808e-23,1.9040141607228815e-24,83.0,0.0014209888821838372
AB,a_b,GBT,Gradient Boosted Trees,uncalibrated,-0.1273,1.22411365,5.956183337666012e-19,5.975210744097507e-20,92.0,1.9231949241857893e-23,1.9293386926688817e-24,92.0,0.001492255819411082
AB,a_b,GBT,Gradient Boosted Trees,uncalibrated,-0.1272,1.2240735999999999,-3.3561042932170737e-19,6.268741777510784e-20,87.0,-1.0836541415601302e-23,2.0241170702889104e-24,87.0,0.0015673872048311
AB,a_b,GBT,Gradient Boosted Trees,uncalibrated,-0.1271,1.22403355,7.604674492165639e-19,6.258229860023026e-20,96.0,2.4554770318989482e-23,2.020722872157353e-24,96.0,0.001646593444350286
AB,a_b,GBT,Gradient Boosted Trees,uncalibrated,-0.127,1.2239935,4.3112729294034087e-19,6.718903067922097e-20,98.0,1.3920690053602866e-23,2.169469867491961e-24,98.0,0.0017300961679895684
AB,a_b,GBT,Gradient Boosted Trees,uncalibrated,-0.1269,1.22395345,-4.1049371651481967e-19,7.747411986847929e-20,74.0,-1.325445150452368e-23,2.501565610725592e-24,74.0,0.0018181288406377756
AB,a_b,GBT,Gradient Boosted Trees,uncalibrated,-0.1268,1.2239134,-8.850471466058337e-20,7.372153107586732e-20,94.0,-2.8577330204957013e-24,2.3803980893555077e-24,94.0,0.001910937411827744
AB,a_b,GBT,Gradient Boosted Trees,uncalibrated,-0.1267,1.2238733499999999,-2.535113875798706e-19,6.722393040907888e-20,96.0,-8.185641478389337e-24,2.170596746560537e-24,96.0,0.0020087810076258083
AB,a_b,GBT,Gradient Boosted Trees,uncalibrated,-0.1266,1.2238333,1.2521153808794125e-20,6.36268925116956e-20,89.0,4.0429614209052676e-25,2.0544518155842817e-24,89.0,0.0021119326679502476
AB,a_b,GBT,Gradient Boosted Trees,uncalibrated,-0.1265,1.22379325,1.5845482048212044e-19,6.248009716405765e-20,85.0,5.1163553770559324e-24,2.0174228850322288e-24,85.0,0.0022206801328619376
AB,a_b,GBT,Gradient Boosted Trees,uncalibrated,-0.1264,1.2237532,5.514471038264771e-19,5.803539903697264e-20,97.0,1.7805702257842494e-23,1.873907811822654e-24,97.0,0.0023353266816105666
AB,a_b,GBT,Gradient Boosted Trees,uncalibrated,-0.1263,1.22371315,3.3620381020799705e-19,6.202465699142447e-20,99.0,1.0855701119793146e-23,2.002717155228054e-24,99.0,0.0024561920284538134
AB,a_b,GBT,Gradient Boosted Trees,uncalibrated,-0.1262,1.2236730999999998,-7.60748746442609e-19,6.059653706429203e-20,97.0,-2.456385313875254e-23,1.9566045216960942e-24,97.0,0.002583613279510678
AB,a_b,GBT,Gradient Boosted Trees,uncalibrated,-0.1261,1.2236330499999999,-5.4488047570500145e-19,6.18974290585075e-20,90.0,-1.7593672084218145e-23,1.998609086336805e-24,90.0,0.0027179459551519916
AB,a_b,GBT,Gradient Boosted Trees,uncalibrated,-0.126,1.223593,3.105858173578202e-19,6.33203852456773e-20,99.0,1.0028520507240114e-23,2.0445549876188847e-24,99.0,0.0028595650826691724
AB,a_b,GBT,Gradient Boosted Trees,uncalibrated,-0.1259,1.2235603499999999,6.9050236706766165e-19,6.170909091731925e-20,92.0,2.2295664391069242e-23,1.992527826969363e-24,92.0,0.0030109764194370227
AB,a_b,GBT,Gradient Boosted Trees,uncalibrated,-0.1258,1.2235277,-6.403177697448726e-19,6.30603684721537e-20,97.0,-2.067525149623521e-23,2.0361592934185156e-24,97.0,0.0031701133412563517
AB,a_b,GBT,Gradient Boosted Trees,uncalibrated,-0.1257,1.22349505,-6.338451824727236e-19,6.399857856818339e-20,96.0,-2.0466257812151864e-23,2.0664532046736247e-24,96.0,0.003337334722203181
AB,a_b,GBT,Gradient Boosted Trees,uncalibrated,-0.1256,1.2234623999999998,-4.565954382235982e-19,5.645850161773987e-20,99.0,-1.4743032230806234e-23,1.8229912946387066e-24,99.0,0.003513015914507924
AB,a_b,GBT,Gradient Boosted Trees,uncalibrated,-0.1255,1.22342975,2.535227430731552e-19,6.583960443926112e-20,94.0,8.186008136462276e-24,2.125898178238506e-24,94.0,0.0036975498068329304
AB,a_b,GBT,Gradient Boosted Trees,uncalibrated,-0.1254,1.2233971,-3.2336311475135157e-19,7.293261360110971e-20,100.0,-1.0441087281950592e-23,2.3549246947831754e-24,100.0,0.003891347971734663
AB,a_b,GBT,Gradient Boosted Trees,uncalibrated,-0.1253,1.2233644499999998,3.108102982547652e-19,6.40132399707297e-20,100.0,1.0035768781799607e-23,2.0669266074109143e-24,100.0,0.004094841906582788
AB,a_b,GBT,Gradient Boosted Trees,uncalibrated,-0.1252,1.2233318,-7.530806518888062e-19,8.616342813949747e-20,87.0,-2.4316257662119174e-23,2.7821351065607577e-24,87.0,0.0043084843719844905
AB,a_b,GBT,Gradient Boosted Trees,uncalibrated,-0.1251,1.22329915,-3.6777345796275947e-19,6.117911414551815e-20,99.0,-1.18750550059696e-23,1.975415381302711e-24,99.0,0.004532750831523804
AB,a_b,GBT,Gradient Boosted Trees,uncalibrated,-0.125,1.2232664999999998,-4.649191295032013e-19,6.053899693052107e-20,54.0,-1.501179630188828e-23,1.9547466055284438e-24,54.0,0.004768140996373633
AB,a_b,GBT,Gradient Boosted Trees,uncalibrated,-0.1249,1.22323385,-6.720841609103093e-19,5.96516860803155e-20,99.0,-2.170095803993284e-23,1.9260961824882598e-24,99.0,0.005015180478089156
AB,a_b,GBT,Gradient Boosted Trees,uncalibrated,-0.1248,1.2232011999999999,8.258823857803984e-20,6.305030191963966e-20,86.0,2.6666956375619444e-24,2.035834254016576e-24,86.0,0.0052744225526376864
AB,a_b,GBT,Gradient Boosted Trees,uncalibrated,-0.1247,1.22316855,-7.163235194662842e-19,5.933045915709798e-20,98.0,-2.312940483212688e-23,1.9157240707982625e-24,98.0,0.005546450038477242
AB,a_b,GBT,Gradient Boosted Trees,uncalibrated,-0.1246,1.2231359,5.387194233309461e-19,6.167625650474575e-20,95.0,1.7394737565555904e-23,1.9914676350306644e-24,95.0,0.005831877291260704
AB,a_b,GBT,Gradient Boosted Trees,uncalibrated,-0.1245,1.2231032499999999,6.527818869615426e-19,5.85512710702296e-20,94.0,2.107770598103872e-23,1.890564828902957e-24,94.0,0.006131352317513265
AB,a_b,GBT,Gradient Boosted Trees,uncalibrated,-0.1244,1.2230706,-5.577250526757151e-19,6.220620168599541e-20,96.0,-1.800841125245654e-23,2.0085790606684693e-24,96.0,0.0064455590094185024
AB,a_b,GBT,Gradient Boosted Trees,uncalibrated,-0.1243,1.22303795,-3.9930085794535163e-19,6.118331603653829e-20,98.0,-1.2893044751783162e-23,1.9755510563654775e-24,98.0,0.00677521950263488
AB,a_b,GBT,Gradient Boosted Trees,uncalibrated,-0.1242,1.2230052999999999,5.262798378124249e-19,5.700873104657424e-20,98.0,1.699307518594268e-23,1.8407576793297216e-24,98.0,0.00712109665885482
AB,a_b,GBT,Gradient Boosted Trees,uncalibrated,-0.1241,1.22297265,3.9910136229748453e-19,6.450671242863833e-20,95.0,1.2886603227141904e-23,2.082860363517343e-24,95.0,0.007483996674608923
AB,a_b,GBT,Gradient Boosted Trees,uncalibrated,-0.124,1.22294,1.2678292379934228e-19,6.680255489498592e-20,98.0,4.093699970287943e-24,2.156990932166696e-24,98.0,0.007864771817585384
AB,a_b,GBT,Gradient Boosted Trees,uncalibrated,-0.1239,1.22289565,-3.1682660545320214e-19,6.874635184757253e-20,98.0,-1.0230029616472141e-23,2.2197542861625653e-24,98.0,0.0082805972095251
AB,a_b,GBT,Gradient Boosted Trees,uncalibrated,-0.1238,1.2228512999999999,3.297663059234442e-19,6.387323612802501e-20,98.0,1.0647840231996369e-23,2.062406016549423e-24,98.0,0.008720043437019008
AB,a_b,GBT,Gradient Boosted Trees,uncalibrated,-0.1237,1.2228069499999998,-5.22237981365249e-19,6.557547587287242e-20,59.0,-1.6862567487256845e-23,2.117369718159062e-24,59.0,0.009184537525524967
AB,a_b,GBT,Gradient Boosted Trees,uncalibrated,-0.1236,1.2227626,5.13055998113587e-19,6.13974358956648e-20,92.0,1.656608998509732e-23,1.9824647828727765e-24,92.0,0.009675596072474885
AB,a_b,GBT,Gradient Boosted Trees,uncalibrated,-0.1235,1.22271825,3.169256236692273e-19,6.331390778821617e-20,99.0,1.0233226820447683e-23,2.044345836681033e-24,99.0,0.010194830675743621
AB,a_b,GBT,Gradient Boosted Trees,uncalibrated,-0.1234,1.2226739,3.043107029475497e-19,5.865326099003164e-20,99.0,9.825903033963238e-24,1.8938579863657403e-24,99.0,0.0107439536263028
AB,a_b,GBT,Gradient Boosted Trees,uncalibrated,-0.1233,1.22262955,4.751843214019782e-19,8.146481515575841e-20,87.0,1.534324958054538e-23,2.630421364240306e-24,87.0,0.011324783867323648
AB,a_b,GBT,Gradient Boosted Trees,uncalibrated,-0.1232,1.2225852,3.361080661943142e-19,6.274787308822131e-20,100.0,1.0852609636695724e-23,2.026069114823614e-24,100.0,0.011939253220105646
AB,a_b,GBT,Gradient Boosted Trees,uncalibrated,-0.1231,1.22254085,2.7246370587195563e-19,6.284714352018385e-20,94.0,8.797593802126483e-24,2.0292744626117647e-24,94.0,0.012589412874988057
AB,a_b,GBT,Gradient Boosted Trees,uncalibrated,-0.123,1.2224965,-2.0809978250034577e-19,6.139471712153596e-20,69.0,-6.719343961390899e-24,1.98237699624318e-24,69.0,0.013277440142782367
AB,a_b,GBT,Gradient Boosted Trees,uncalibrated,-0.1229,1.22245215,4.9413166978321e-19,5.90127819605946e-20,91.0,1.5955041430590128e-23,1.9054665764061523e-24,91.0,0.014005645459213071
AB,a_b,GBT,Gradient Boosted Trees,uncalibrated,-0.1228,1.2224078,3.3597997623006316e-19,6.006299455973144e-20,100.0,1.0848473733632958e-23,1.9393769419115812e-24,100.0,0.014776479631304913
AB,a_b,GBT,Gradient Boosted Trees,uncalibrated,-0.1227,1.22236345,7.925566538023316e-19,6.267988527913504e-20,100.0,2.5590900200859294e-23,2.0238738531614296e-24,100.0,0.015592541310615417
AB,a_b,GBT,Gradient Boosted Trees,uncalibrated,-0.1226,1.2223191,3.7403590076352907e-19,6.285429914732448e-20,97.0,1.2077263325033251e-23,2.0295055110032606e-24,97.0,0.016456584673542572
AB,a_b,GBT,Gradient Boosted Trees,uncalibrated,-0.1225,1.22227475,5.960064851734218e-19,6.099784229775377e-20,99.0,1.924448228144203e-23,1.969562285826055e-24,99.0,0.017371527283685042
AB,a_b,GBT,Gradient Boosted Trees,uncalibrated,-0.1224,1.2222304,-2.154364185964302e-19,5.897371113948243e-20,94.0,-6.956236959820941e-24,1.9042050167699415e-24,94.0,0.018340458105279296
AB,a_b,GBT,Gradient Boosted Trees,uncalibrated,-0.1223,1.2221860500000001,-2.0283111864881928e-19,5.889438109128576e-20,97.0,-6.549223818976549e-24,1.901643524999491e-24,97.0,0.019366645630069537
AB,a_b,GBT,Gradient Boosted Trees,uncalibrated,-0.1222,1.2221417,4.058530517289195e-19,6.286102269752582e-20,100.0,1.310460885437134e-23,2.029722608041526e-24,100.0,0.020453546072540775
AB,a_b,GBT,Gradient Boosted Trees,uncalibrated,-0.1221,1.22209735,-2.7215519370608753e-19,6.312356417728239e-20,89.0,-8.787632237852673e-24,2.0381998226037942e-24,89.0,0.0216048115801749
AB,a_b,GBT,Gradient Boosted Trees,uncalibrated,-0.122,1.222053,-3.043787294827657e-19,6.503372616126641e-20,97.0,-9.828099546055305e-24,2.0998771354685516e-24,97.0,0.02282429839636039
AB,a_b,GBT,Gradient Boosted Trees,uncalibrated,-0.1219,1.2220048000000001,5.317222934600562e-19,6.615515423326588e-20,86.0,1.716880690008319e-23,2.1360869808282475e-24,86.0,0.02414677238061756
AB,a_b,GBT,Gradient Boosted Trees,uncalibrated,-0.1218,1.2219566000000002,-2.9773469597385215e-19,6.842494796788467e-20,86.0,-9.613570026125014e-24,2.2093764607165233e-24,86.0,0.025550491098475688
AB,a_b,GBT,Gradient Boosted Trees,uncalibrated,-0.1217,1.2219084,3.924807878969333e-19,7.523653570571174e-20,78.0,1.267283117949831e-23,2.429316147263653e-24,78.0,0.02704041881076766
AB,a_b,GBT,Gradient Boosted Trees,uncalibrated,-0.1216,1.2218602,-4.593092634762875e-19,7.020070505766572e-20,60.0,-1.4830659065898656e-23,2.2667139674392753e-24,60.0,0.02862178706043267
AB,a_b,GBT,Gradient Boosted Trees,uncalibrated,-0.1215,1.2218120000000001,1.1797085707506231e-18,8.966754950050373e-20,100.0,3.809166720806692e-23,2.8952798509913262e-24,100.0,0.030300102753898137
AB,a_b,GBT,Gradient Boosted Trees,uncalibrated,-0.1214,1.2217638,1.2722449151945667e-20,5.864157369932322e-20,74.0,4.107957771800505e-25,1.8934806148697043e-24,74.0,0.032081155518534306
AB,a_b,GBT,Gradient Boosted Trees,uncalibrated,-0.1213,1.2217156,8.750226547764796e-19,5.740938785098735e-20,99.0,2.8253648902505686e-23,1.8536945063027096e-24,99.0,0.033971024161684106
AB,a_b,GBT,Gradient Boosted Trees,uncalibrated,-0.1212,1.2216674,-5.831327968471972e-19,8.178806482704999e-20,99.0,-1.8828803135234824e-23,2.6408587885408855e-24,99.0,0.03597608203865535
AB,a_b,GBT,Gradient Boosted Trees,uncalibrated,-0.1211,1.2216192000000001,-4.055968718004185e-19,7.156117599892985e-20,100.0,-1.309633704824581e-23,2.3106422795883556e-24,100.0,0.03810300111852866
AB,a_b,GBT,Gradient Boosted Trees,uncalibrated,-0.121,1.221571,3.168225209517906e-19,5.905051310545378e-20,96.0,1.0229897731808147e-23,1.9066848791709124e-24,96.0,0.04035875451823412
AB,a_b,GBT,Gradient Boosted Trees,uncalibrated,-0.1209,1.2215228,5.959385586772282e-19,6.003256322661929e-20,100.0,1.9242288999514806e-23,1.9383943431220617e-24,100.0,0.04275061725709754
AB,a_b,GBT,Gradient Boosted Trees,uncalibrated,-0.1208,1.2214746,-3.4070126406731136e-19,6.270846519186686e-20,71.0,-1.100091962539713e-23,2.024796671348569e-24,71.0,0.045286164966720374
AB,a_b,GBT,Gradient Boosted Trees,uncalibrated,-0.1207,1.2214264000000001,-4.878319915086785e-19,6.152462850201534e-20,94.0,-1.5751630813509782e-23,1.986571711102811e-24,94.0,0.04797327027476429
AB,a_b,GBT,Gradient Boosted Trees,uncalibrated,-0.1206,1.2213782000000002,-6.070314780171605e-19,5.594464348701003e-20,78.0,-1.9600468809629916e-23,1.806399304554692e-24,78.0,0.0508200965669597
AB,a_b,GBT,Gradient Boosted Trees,uncalibrated,-0.1205,1.22133,4.2467765467096516e-19,6.0686253528413e-20,97.0,1.3712437370982148e-23,1.9595013809536363e-24,97.0,0.05383508881971163
AB,a_b,GBT,Gradient Boosted Trees,uncalibrated,-0.1204,1.2212818,6.78428495654796e-19,6.260209451347539e-20,100.0,2.1905810571935557e-23,2.0213620633594085e-24,100.0,0.05702696118694995
AB,a_b,GBT,Gradient Boosted Trees,uncalibrated,-0.1203,1.2212336000000001,-5.5790295540384145e-19,6.104489038982197e-20,99.0,-1.8014155562265934e-23,1.9710814239507324e-24,99.0,0.06040468102022302
AB,a_b,GBT,Gradient Boosted Trees,uncalibrated,-0.1202,1.2211854000000002,-5.954760115841e-19,6.23869737482282e-20,90.0,-1.9227353794010376e-23,2.0144160185458774e-24,90.0,0.06397744900092865
AB,a_b,GBT,Gradient Boosted Trees,uncalibrated,-0.1201,1.2211372,-4.1803906514606005e-19,6.601092138500854e-20,88.0,-1.3498083632115317e-23,2.131429839401535e-24,88.0,0.0677546750694498
AB,a_b,GBT,Gradient Boosted Trees,uncalibrated,-0.12,1.221089,6.014471467465569e-19,6.472043774919871e-20,89.0,1.9420156066624176e-23,2.08976135074976e-24,89.0,0.07174594984810582
AB,a_b,GBT,Gradient Boosted Trees,uncalibrated,-0.1199,1.22101725,4.502296217663731e-19,6.507875669073627e-20,97.0,1.453748607473994e-23,2.1013311284167208e-24,97.0,0.07667906373002589
AB,a_b,GBT,Gradient Boosted Trees,uncalibrated,-0.1198,1.2209455,-2.976907844146937e-35,5.975563753328551e-20,93.0,0.0,1.9294526759905583e-24,93.0,0.08193788146717217
AB,a_b,GBT,Gradient Boosted Trees,uncalibrated,-0.1197,1.22087375,-6.271371002508067e-19,5.852343702833873e-20,89.0,-2.0249660220223698e-23,1.889666094175542e-24,89.0,0.08753937115221115
AB,a_b,GBT,Gradient Boosted Trees,uncalibrated,-0.1196,1.2208020000000002,-6.341734130061162e-19,6.242345837675601e-20,100.0,-2.04768560637502e-23,2.0155940724844085e-24,100.0,0.0935006978833552
AB,a_b,GBT,Gradient Boosted Trees,uncalibrated,-0.1195,1.2207302500000001,-3.612537273013155e-19,6.015714149494081e-20,96.0,-1.1664539106704804e-23,1.94241685686479e-24,96.0,0.09983912610790678
AB,a_b,GBT,Gradient Boosted Trees,uncalibrated,-0.1194,1.2206585,1.2050912963195216e-19,6.134560628458526e-20,98.0,3.8911251263974055e-24,1.9807912540490348e-24,98.0,0.106571909505758
AB,a_b,GBT,Gradient Boosted Trees,uncalibrated,-0.1193,1.22058675,4.563700169598431e-19,6.063105910723609e-20,97.0,1.4735753592697236e-23,1.9577192056136067e-24,97.0,0.11371616838096286
AB,a_b,GBT,Gradient Boosted Trees,uncalibrated,-0.1192,1.220515,3.359693020663758e-19,5.833371859372559e-20,96.0,1.0848129075044396e-23,1.8835402664468163e-24,96.0,0.12128875475162909
AB,a_b,GBT,Gradient Boosted Trees,uncalibrated,-0.1191,1.22044325,6.5299740958919e-19,6.106131528496256e-20,98.0,2.108466500160677e-23,1.971611768185856e-24,98.0,0.12930610557605265
AB,a_b,GBT,Gradient Boosted Trees,uncalibrated,-0.119,1.2203715000000002,3.867281849958445e-19,6.092383617495626e-20,99.0,1.2487085105661614e-23,1.967172698540809e-24,99.0,0.1377840848214544
AB,a_b,GBT,Gradient Boosted Trees,uncalibrated,-0.1189,1.2202997500000001,1.6477027219545246e-19,6.610891933778813e-20,99.0,5.320275303466064e-24,2.134594100047685e-24,99.0,0.14673781536582065
AB,a_b,GBT,Gradient Boosted Trees,uncalibrated,-0.1188,1.220228,5.067381307947391e-19,6.421321528483739e-20,90.0,1.636209206108364e-23,2.073383620018674e-24,90.0,0.15618150201581865
AB,a_b,GBT,Gradient Boosted Trees,uncalibrated,-0.1187,1.22015625,4.5022962176637335e-19,6.692393432523638e-20,97.0,1.453748607473994e-23,2.1609101584719368e-24,97.0,0.16612824721735522
AB,a_b,GBT,Gradient Boosted Trees,uncalibrated,-0.1186,1.2200845,-2.5319601456182863e-19,6.364747848941591e-20,88.0,-8.175458383727223e-24,2.055116517216461e-24,88.0,0.17658986131948387
AB,a_b,GBT,Gradient Boosted Trees,uncalibrated,-0.1185,1.22001275,-3.803181810895867e-19,5.776067850282077e-20,94.0,-1.2280112178912233e-23,1.8650373471828345e-24,94.0,0.18757666951840962
AB,a_b,GBT,Gradient Boosted Trees,uncalibrated,-0.1184,1.219941,-5.641186588844966e-19,5.955000229523404e-20,98.0,-1.8214854713157486e-23,1.9228129098243042e-24,98.0,0.1990973178451069
AB,a_b,GBT,Gradient Boosted Trees,uncalibrated,-0.1183,1.2198692500000001,1.9649000516085267e-19,5.901264659061689e-20,100.0,6.344475298281724e-24,1.9054622054383827e-24,100.0,0.211158580757665
AB,a_b,GBT,Gradient Boosted Trees,uncalibrated,-0.1182,1.2197975,-5.506379044598962e-19,5.903058667818296e-20,86.0,-1.777957398028223e-23,1.906041473795156e-24,86.0,0.22376517304836369
AB,a_b,GBT,Gradient Boosted Trees,uncalibrated,-0.1181,1.21972575,5.00792549007402e-19,6.021758917602895e-20,98.0,1.6170114882637375e-23,1.94436865496866e-24,98.0,0.2369195688667381
AB,a_b,GBT,Gradient Boosted Trees,uncalibrated,-0.118,1.219654,-8.431717952882035e-19,6.051611405519626e-20,98.0,-2.722521495703868e-23,1.9540077392582088e-24,98.0,0.2506218306881042
AB,a_b,GBT,Gradient Boosted Trees,uncalibrated,-0.1179,1.21972185,6.338451824727236e-19,5.939321029152022e-20,96.0,2.0466257812151864e-23,1.9177502452184583e-24,96.0,0.25223901205676114
AB,a_b,GBT,Gradient Boosted Trees,uncalibrated,-0.1178,1.2197897,3.549045871185341e-19,5.935679164174944e-20,94.0,1.1459531411672131e-23,1.9165743216712102e-24,94.0,0.25355090323455476
AB,a_b,GBT,Gradient Boosted Trees,uncalibrated,-0.1177,1.21985755,8.048094701194884e-19,5.9497387263427e-20,95.0,2.5986531980679064e-23,1.9211140205126335e-24,95.0,0.2545626979869263
AB,a_b,GBT,Gradient Boosted Trees,uncalibrated,-0.1176,1.2199254,-6.594711809456657e-19,6.208099840744034e-20,100.0,-2.1293696918646315e-23,2.0045363659400216e-24,100.0,0.2552799906802969
AB,a_b,GBT,Gradient Boosted Trees,uncalibrated,-0.1175,1.2199932500000001,-7.089630579467418e-19,6.045093220128289e-20,86.0,-2.2891742533444257e-23,1.9519030792185743e-24,86.0,0.25570873703699054
AB,a_b,GBT,Gradient Boosted Trees,uncalibrated,-0.1174,1.2200611000000001,5.64067753098489e-19,6.126621205400939e-20,95.0,1.821321101376627e-23,1.9782276898906334e-24,95.0,0.2558552175635061
AB,a_b,GBT,Gradient Boosted Trees,uncalibrated,-0.1173,1.22012895,6.213023523715462e-19,5.804260974695103e-20,97.0,2.0061261763206162e-23,1.874140638786567e-24,97.0,0.25572600358526465
AB,a_b,GBT,Gradient Boosted Trees,uncalibrated,-0.1172,1.2201968,7.481734811894011e-19,6.137380880551243e-20,100.0,2.4157809789611172e-23,1.9817018866139092e-24,100.0,0.25532792590988
AB,a_b,GBT,Gradient Boosted Trees,uncalibrated,-0.1171,1.22026465,-8.236184701331722e-19,8.891636689534164e-20,95.0,-2.6593856693579844e-23,2.8710248794519417e-24,95.0,0.25466804617421474
AB,a_b,GBT,Gradient Boosted Trees,uncalibrated,-0.117,1.2203325,-3.739586506304498e-19,5.902296739634903e-20,100.0,-1.2074768991742819e-23,1.9057954544347992e-24,100.0,0.2537536309230909
AB,a_b,GBT,Gradient Boosted Trees,uncalibrated,-0.1169,1.22040035,-9.508719284950679e-20,5.933045915709797e-20,98.0,-3.0702749777159575e-24,1.9157240707982625e-24,98.0,0.25259212842953993
AB,a_b,GBT,Gradient Boosted Trees,uncalibrated,-0.1168,1.2204682,6.13751551597298e-19,5.890981408825505e-20,83.0,1.9817453591104767e-23,1.902141841786496e-24,83.0,0.2511911482090208
AB,a_b,GBT,Gradient Boosted Trees,uncalibrated,-0.1167,1.22053605,-5.064890669753619e-19,5.708967170325672e-20,84.0,-1.635405002735048e-23,1.8433711761156188e-24,84.0,0.24955844311205921
AB,a_b,GBT,Gradient Boosted Trees,uncalibrated,-0.1166,1.2206039,-7.925404808270479e-19,6.200481650779327e-20,99.0,-2.5590377990876623e-23,2.002076524890644e-24,99.0,0.247701893808656
AB,a_b,GBT,Gradient Boosted Trees,uncalibrated,-0.1165,1.22067175,6.212363266167771e-19,5.839794720010977e-20,98.0,2.005912985441092e-23,1.885614147030788e-24,98.0,0.24562949540976975
AB,a_b,GBT,Gradient Boosted Trees,uncalibrated,-0.1164,1.2207396000000001,-3.8000022727761647e-19,6.018405944124942e-20,87.0,-1.2269845752869912e-23,1.943286011737557e-24,87.0,0.2433493459108283
AB,a_b,GBT,Gradient Boosted Trees,uncalibrated,-0.1163,1.2208074500000001,-6.336365252836218e-21,5.803284586640787e-20,94.0,-2.0459520470061587e-25,1.873825372374563e-24,94.0,0.24086963609330747
AB,a_b,GBT,Gradient Boosted Trees,uncalibrated,-0.1162,1.2208753,4.307200995688996e-19,5.947179808254222e-20,91.0,1.3907542167100356e-23,1.9202877702110282e-24,91.0,0.23819864048463296
AB,a_b,GBT,Gradient Boosted Trees,uncalibrated,-0.1161,1.22094315,-4.74603105913297e-19,7.20524810717765e-20,86.0,-1.532448268546641e-23,2.3265060528934876e-24,86.0,0.23534470895747805
AB,a_b,GBT,Gradient Boosted Trees,uncalibrated,-0.116,1.221011,-2.1561810648898454e-19,6.111874993333963e-20,99.0,-6.962103488987984e-24,1.9734662783305097e-24,99.0,0.2323162585449194
AB,a_b,GBT,Gradient Boosted Trees,uncalibrated,-0.1159,1.2207344,3.361721111764401e-19,5.805178636703489e-20,100.0,1.0854677588227106e-23,1.874436943117141e-24,100.0,0.2663095974536981
AB,a_b,GBT,Gradient Boosted Trees,uncalibrated,-0.1158,1.2204578000000001,-5.129487763793938e-19,6.149397733781426e-20,87.0,-1.656262789732614e-23,1.9855820141766093e-24,87.0,0.30353969765708605
AB,a_b,GBT,Gradient Boosted Trees,uncalibrated,-0.1157,1.2201812,5.133137184394388e-19,6.493839565909462e-20,94.0,1.6574411529187527e-23,2.0967990042643376e-24,94.0,0.34391190176169706
AB,a_b,GBT,Gradient Boosted Trees,uncalibrated,-0.1156,1.2199046,-1.9012949744108186e-19,6.220293656695445e-20,99.0,-6.1391005562963345e-24,2.0084736330815318e-24,99.0,0.387238981069493
AB,a_b,GBT,Gradient Boosted Trees,uncalibrated,-0.1155,1.2196280000000002,-6.782096752992008e-19,6.076206737199605e-20,96.0,-2.189874507087e-23,1.9619493378229266e-24,96.0,0.4332342033035159
AB,a_b,GBT,Gradient Boosted Trees,uncalibrated,-0.1154,1.2193514,-5.13117378297485e-19,7.310189963633813e-20,93.0,-1.6568071892829596e-23,2.3603907797780394e-24,93.0,0.4815073899779254
AB,a_b,GBT,Gradient Boosted Trees,uncalibrated,-0.1153,1.2190748,1.0783387688097497e-19,6.966752583809574e-20,86.0,3.4818532760953e-24,2.2494981177814278e-24,86.0,0.5315644225188064
AB,a_b,GBT,Gradient Boosted Trees,uncalibrated,-0.1152,1.2187982,-4.308092464304662e-19,5.89244774346672e-20,90.0,-1.3910420634433415e-23,1.902615307289364e-24,90.0,0.5828105686101804
AB,a_b,GBT,Gradient Boosted Trees,uncalibrated,-0.1151,1.2185216,9.381599495055574e-19,6.566771671973353e-20,97.0,3.029229207156178e-23,2.120348087333231e-24,97.0,0.6345578997034476
AB,a_b,GBT,Gradient Boosted Trees,uncalibrated,-0.115,1.218245,4.944806328268425e-19,5.902544693945747e-20,96.0,1.5966309115216255e-23,1.9058755165223837e-24,96.0,0.6860369462895862
AB,a_b,GBT,Gradient Boosted Trees,uncalibrated,-0.1149,1.2179684,-4.7461906396532155e-19,5.695428767583859e-20,84.0,-1.532499795578154e-23,1.838999754693785e-24,84.0,0.7364125779344722
AB,a_b,GBT,Gradient Boosted Trees,uncalibrated,-0.1148,1.2176918,3.168138191879151e-19,6.39826395866646e-20,92.0,1.0229616760132686e-23,2.065938550126983e-24,92.0,0.7848038937254955
AB,a_b,GBT,Gradient Boosted Trees,uncalibrated,-0.1147,1.2174152,-6.772572822460433e-19,8.264054552629165e-20,87.0,-2.1867993205424867e-23,2.668384579148774e-24,87.0,0.8303076685715348
AB,a_b,GBT,Gradient Boosted Trees,uncalibrated,-0.1146,1.2171386,6.277689147935724e-19,6.176951766812431e-20,100.0,2.0270060910611942e-23,1.994478949254306e-24,100.0,0.8720246361160152
AB,a_b,GBT,Gradient Boosted Trees,uncalibrated,-0.1145,1.2168619999999999,-3.9276281429536734e-19,6.050022973467837e-20,92.0,-1.2681937543543974e-23,1.9534948496632737e-24,92.0,0.9090876248427363
AB,a_b,GBT,Gradient Boosted Trees,uncalibrated,-0.1144,1.2165854,-3.9326206701066216e-19,6.106504276133866e-20,99.0,-1.2698057938661252e-23,1.971732124851193e-24,99.0,0.9406903322896994
AB,a_b,GBT,Gradient Boosted Trees,uncalibrated,-0.1143,1.2163088,-3.3607442640572307e-19,5.794271250031106e-20,99.0,-1.0851523439931766e-23,1.8709150517489227e-24,99.0,0.9661153567838984
AB,a_b,GBT,Gradient Boosted Trees,uncalibrated,-0.1142,1.2160322,-7.416673033145139e-19,6.219163481157874e-20,97.0,-2.3947731496928245e-23,2.008108710154538e-24,97.0,0.9847600359757318
AB,a_b,GBT,Gradient Boosted Trees,uncalibrated,-0.1141,1.2157556,-6.960840768115699e-19,6.167123868274509e-20,83.0,-2.2475892487472475e-23,1.9913056143329282e-24,83.0,0.9961586860065668
AB,a_b,GBT,Gradient Boosted Trees,uncalibrated,-0.114,1.215479,6.404498212543991e-20,1.1670364747751193e-34,95.0,0.0,0.0,2.0,1.0
AB,a_b,GBT,Gradient Boosted Trees,uncalibrated,-0.1139,1.2155092,-1.1967808600157005e-19,6.110795465475333e-20,67.0,-3.8642915183447386e-24,1.9731177090571103e-24,67.0,0.9995822621014041
AB,a_b,GBT,Gradient Boosted Trees,uncalibrated,-0.1138,1.2155394,-1.7021532573339066e-19,5.942533310473843e-20,71.0,-5.496090901012545e-24,1.9187874602910883e-24,71.0,0.9983321985910516
AB,a_b,GBT,Gradient Boosted Trees,uncalibrated,-0.1137,1.2155696,-6.270899002518994e-19,8.529862237938105e-20,93.0,-2.0248136177171692e-23,2.7542113514650285e-24,93.0,0.9962560268571969
AB,a_b,GBT,Gradient Boosted Trees,uncalibrated,-0.1136,1.2155998,-6.103812449006013e-19,7.254248966114283e-20,59.0,-1.9708629594854554e-23,2.342327963980698e-24,59.0,0.993361927247861
AB,a_b,GBT,Gradient Boosted Trees,uncalibrated,-0.1135,1.21563,3.0424667797322875e-19,7.044573651014458e-20,97.0,9.823835728464824e-24,2.2746257998822645e-24,97.0,0.9896600035738805
AB,a_b,GBT,Gradient Boosted Trees,uncalibrated,-0.1134,1.2156602,-5.32608422059349e-19,6.479932987727816e-20,99.0,-1.7197419149366354e-23,2.092308702496324e-24,99.0,0.985162236264087
AB,a_b,GBT,Gradient Boosted Trees,uncalibrated,-0.1133,1.2156904,5.578448647171061e-19,6.144007762951849e-20,98.0,1.801227986926695e-23,1.9838416438835396e-24,98.0,0.9798824285041662
AB,a_b,GBT,Gradient Boosted Trees,uncalibrated,-0.1132,1.2157206,-2.408875552187505e-19,6.08710503189634e-20,98.0,-7.778029943547091e-24,1.965468293478723e-24,98.0,0.9738361457118467
AB,a_b,GBT,Gradient Boosted Trees,uncalibrated,-0.1131,1.2157508,3.677734579627595e-19,5.846415809806954e-20,99.0,1.18750550059696e-23,1.887752033923502e-24,99.0,0.967040648721063
AB,a_b,GBT,Gradient Boosted Trees,uncalibrated,-0.113,1.215781,3.101814929757149e-19,5.609301954514867e-20,88.0,1.0015465257673306e-23,1.811190226286037e-24,88.0,0.9595148210664779
AB,a_b,GBT,Gradient Boosted Trees,uncalibrated,-0.1129,1.2158112,-3.233941468560925e-19,6.567408944202712e-20,97.0,-1.0442089279084354e-23,2.1205538564721824e-24,97.0,0.9512790907777917
AB,a_b,GBT,Gradient Boosted Trees,uncalibrated,-0.1128,1.2158414,2.536049240657926e-19,6.220509183538907e-20,97.0,8.188661682515927e-24,2.0085432246484594e-24,97.0,0.9423553471094295
AB,a_b,GBT,Gradient Boosted Trees,uncalibrated,-0.1127,1.2158716,5.826568492888333e-19,8.250449196576118e-20,84.0,1.8813435241459038e-23,2.663991539139832e-24,84.0,0.9327668526465245
AB,a_b,GBT,Gradient Boosted Trees,uncalibrated,-0.1126,1.2159018,8.433236232194428e-19,6.911759736962263e-20,99.0,2.723011733646785e-23,2.2317414508141033e-24,99.0,0.922538151241723
AB,a_b,GBT,Gradient Boosted Trees,uncalibrated,-0.1125,1.215932,5.8906991424591e-19,5.765265574712951e-20,89.0,1.9020507006626642e-23,1.8615493951896807e-24,89.0,0.9116949722490575
AB,a_b,GBT,Gradient Boosted Trees,uncalibrated,-0.1124,1.2159622,5.263333076490788e-19,5.653835296176454e-20,99.0,1.6994801676089476e-23,1.8255696185554076e-24,99.0,0.9002641315317564
AB,a_b,GBT,Gradient Boosted Trees,uncalibrated,-0.1123,1.2159924,8.046695091173613e-19,6.014566532526359e-20,92.0,2.5982012773099042e-23,1.9420463022659628e-24,92.0,0.8882734297287802
AB,a_b,GBT,Gradient Boosted Trees,uncalibrated,-0.1122,1.2160226,5.386043768527576e-19,5.772118147425234e-20,92.0,1.739102282424667e-23,1.8637620257134144e-24,92.0,0.8757515482715066
AB,a_b,GBT,Gradient Boosted Trees,uncalibrated,-0.1121,1.2160528,-8.939773818095645e-19,6.178615069770022e-20,99.0,-2.88656790021977e-23,1.995016013952297e-24,99.0,0.8627279436463183
AB,a_b,GBT,Gradient Boosted Trees,uncalibrated,-0.112,1.216083,3.187000301004051e-20,6.552995537794909e-20,84.0,1.0290520715689437e-24,2.115899904692621e-24,84.0,0.8492327404006252
AB,a_b,GBT,Gradient Boosted Trees,uncalibrated,-0.1119,1.21607565,-3.5178162000174085e-19,6.336771138628904e-20,55.0,-1.1358693775103162e-23,2.0460831036664555e-24,55.0,0.8370973893421968
AB,a_b,GBT,Gradient Boosted Trees,uncalibrated,-0.1118,1.2160683,-6.088801734996464e-19,6.698408248962892e-20,99.0,-1.9660161427649237e-23,2.1628522854667093e-24,99.0,0.8245641522230398
AB,a_b,GBT,Gradient Boosted Trees,uncalibrated,-0.1117,1.21606095,-6.083599144210312e-19,6.711631890064784e-20,95.0,-1.964336275704874e-23,2.167122073350096e-24,95.0,0.8116584914073259
AB,a_b,GBT,Gradient Boosted Trees,uncalibrated,-0.1116,1.2160536,6.277702086315953e-19,6.176623360137947e-20,99.0,2.027010268741056e-23,1.9943729098640404e-24,99.0,0.7984061200621777
AB,a_b,GBT,Gradient Boosted Trees,uncalibrated,-0.1115,1.21604625,-4.565954382235982e-19,6.062014304826193e-20,99.0,-1.4743032230806234e-23,1.9573667364564134e-24,99.0,0.7848329218502831
AB,a_b,GBT,Gradient Boosted Trees,uncalibrated,-0.1114,1.2160389,-7.538512080830437e-19,6.210799950286625e-20,92.0,-2.4341138188415046e-23,2.0054082056186654e-24,92.0,0.7709648716687119
AB,a_b,GBT,Gradient Boosted Trees,uncalibrated,-0.1113,1.21603155,-3.106848768314359e-19,6.043762858053308e-20,96.0,-1.0031719043383982e-23,1.951473517963509e-24,96.0,0.7568279577578775
AB,a_b,GBT,Gradient Boosted Trees,uncalibrated,-0.1112,1.2160241999999999,3.1681381918791506e-19,6.00576150177254e-20,92.0,1.0229616760132686e-23,1.9392032416190625e-24,92.0,0.74244810549949
AB,a_b,GBT,Gradient Boosted Trees,uncalibrated,-0.1111,1.21601685,-5.006969286796317e-19,6.175240433346048e-20,95.0,-1.616702739324036e-23,1.993926375962056e-24,95.0,0.7278511032157505
AB,a_b,GBT,Gradient Boosted Trees,uncalibrated,-0.111,1.2160095,-2.345647470344275e-19,6.060878591211926e-20,96.0,-7.57387248368866e-24,1.957000025337151e-24,96.0,0.7130625302737645
AB,a_b,GBT,Gradient Boosted Trees,uncalibrated,-0.1109,1.21600215,-7.909932027680943e-19,7.566673516161791e-20,85.0,-2.5540417854652012e-23,2.443206878342298e-24,85.0,0.6981076877884993
AB,a_b,GBT,Gradient Boosted Trees,uncalibrated,-0.1108,1.2159948,-4.0819613135799933e-19,6.72267896229252e-20,53.0,-1.3180264666057204e-23,2.170689067854973e-24,53.0,0.6830115322052884
AB,a_b,GBT,Gradient Boosted Trees,uncalibrated,-0.1107,1.2159874499999999,6.34045323041859e-21,6.951170455482688e-20,100.0,2.0472720160687435e-25,2.244466796815071e-24,100.0,0.6677986120279996
AB,a_b,GBT,Gradient Boosted Trees,uncalibrated,-0.1106,1.2159801,6.082910642722732e-19,6.240250133259449e-20,94.0,1.9641139651259122e-23,2.0149173894699258e-24,94.0,0.6524930079418402
AB,a_b,GBT,Gradient Boosted Trees,uncalibrated,-0.1105,1.21597275,-5.197547415375993e-19,6.199617971864672e-20,97.0,-1.6782386036127406e-23,2.001797651187364e-24,97.0,0.6371182765605626
AB,a_b,GBT,Gradient Boosted Trees,uncalibrated,-0.1104,1.2159654,-3.3604010009083416e-19,6.058453252142855e-20,98.0,-1.0850415075886907e-23,1.9562169064298504e-24,98.0,0.6216973980057413
AB,a_b,GBT,Gradient Boosted Trees,uncalibrated,-0.1103,1.21595805,5.958797418569088e-19,6.172262409534288e-20,98.0,1.924038986035333e-23,1.9929648004103673e-24,98.0,0.6062527275021826
AB,a_b,GBT,Gradient Boosted Trees,uncalibrated,-0.1102,1.2159506999999998,4.499328533738873e-19,6.174548568413804e-20,95.0,1.4527903705733966e-23,1.993702979358816e-24,95.0,0.5908059511472286
AB,a_b,GBT,Gradient Boosted Trees,uncalibrated,-0.1101,1.2159433499999999,-4.247463214559246e-19,6.104209191954896e-20,100.0,-1.3714654556129197e-23,1.9709910640084774e-24,100.0,0.5753780459837077
AB,a_b,GBT,Gradient Boosted Trees,uncalibrated,-0.11,1.215936,7.619710693898637e-20,6.208044913742352e-20,78.0,2.4603320783628527e-24,2.0045186305338298e-24,78.0,0.5599892444767008
AB,a_b,GBT,Gradient Boosted Trees,uncalibrated,-0.1099,1.21592865,-4.996271046047796e-19,6.885814944824866e-20,84.0,-1.613248379184521e-23,2.2233641243083577e-24,84.0,0.5446590034627948
AB,a_b,GBT,Gradient Boosted Trees,uncalibrated,-0.1098,1.2159213,-5.4492167423151595e-19,8.289903258921308e-20,95.0,-1.7595002345437164e-23,2.6767308804493834e-24,95.0,0.5294059776084284
AB,a_b,GBT,Gradient Boosted Trees,uncalibrated,-0.1097,1.21591395,-6.3209965269881525e-19,8.265855537973797e-20,79.0,-2.0409896316696062e-23,2.668966100179436e-24,79.0,0.5142479973805956
AB,a_b,GBT,Gradient Boosted Trees,uncalibrated,-0.1096,1.2159065999999998,-8.930794300948726e-19,8.657222152223019e-20,92.0,-2.8836684995768454e-23,2.7953346559053957e-24,92.0,0.49920205149961333
AB,a_b,GBT,Gradient Boosted Trees,uncalibrated,-0.1095,1.2158992499999999,-8.235431230953745e-20,6.502340225422624e-20,85.0,-2.659142380942528e-24,2.099543786333848e-24,85.0,0.4842842738099934
AB,a_b,GBT,Gradient Boosted Trees,uncalibrated,-0.1094,1.2158919,4.754359642475334e-19,6.098324258151836e-20,98.0,1.5351374888579784e-23,1.9690908748810476e-24,98.0,0.46950993447217193
AB,a_b,GBT,Gradient Boosted Trees,uncalibrated,-0.1093,1.21588455,6.277702086315953e-19,6.043719467797164e-20,99.0,2.027010268741056e-23,1.9514595076626752e-24,99.0,0.45489343534522636
AB,a_b,GBT,Gradient Boosted Trees,uncalibrated,-0.1092,1.2158772,-8.096886865208871e-19,5.886588367216498e-20,80.0,-2.614407723550413e-23,1.9007233704525545e-24,80.0,0.4404483093994555
AB,a_b,GBT,Gradient Boosted Trees,uncalibrated,-0.1091,1.21586985,-5.327261613194178e-19,6.396564529763678e-20,100.0,-1.7201220838040212e-23,2.0653898207050434e-24,100.0,0.4261872239678292
AB,a_b,GBT,Gradient Boosted Trees,uncalibrated,-0.109,1.2158625,6.081518679029777e-19,5.762200984012816e-20,93.0,1.9636645132945664e-23,1.8605598680134555e-24,93.0,0.41212198761759655
AB,a_b,GBT,Gradient Boosted Trees,uncalibrated,-0.1089,1.2158551499999999,-3.868050066284443e-19,6.273412799753585e-20,96.0,-1.2489565603079306e-23,2.025625298924403e-24,96.0,0.3982635603978285
AB,a_b,GBT,Gradient Boosted Trees,uncalibrated,-0.1088,1.2158478,-1.0120596594008634e-19,7.415466750609574e-20,86.0,-3.2678443385452442e-24,2.3943836525403655e-24,86.0,0.3846220671960104
AB,a_b,GBT,Gradient Boosted Trees,uncalibrated,-0.1087,1.21584045,-4.549688989950158e-19,7.27927885636929e-20,77.0,-1.4690512826834617e-23,2.3504098773742878e-24,77.0,0.3712068139171338
AB,a_b,GBT,Gradient Boosted Trees,uncalibrated,-0.1086,1.2158331,1.14224555749498e-19,6.902341371980562e-20,97.0,3.68820221576479e-24,2.228700350381147e-24,97.0,0.3580263061823006
AB,a_b,GBT,Gradient Boosted Trees,uncalibrated,-0.1085,1.21582575,-1.0768002489222499e-19,6.036459453697966e-20,91.0,-3.476885541775089e-24,1.9491153181920797e-24,91.0,0.3450882702312416
AB,a_b,GBT,Gradient Boosted Trees,uncalibrated,-0.1084,1.2158184,-5.199406916224576e-19,6.265524409172901e-20,98.0,-1.6788390187428286e-23,2.0230782126671973e-24,98.0,0.33239967570410334
AB,a_b,GBT,Gradient Boosted Trees,uncalibrated,-0.1083,1.21581105,4.939561265077115e-19,5.75233613811862e-20,87.0,1.5949373305260966e-23,1.857374603142305e-24,87.0,0.3199667599730212
AB,a_b,GBT,Gradient Boosted Trees,uncalibrated,-0.1082,1.2158037,7.724122727965975e-19,6.1256567036878e-20,86.0,2.494045730639536e-23,1.9779162614650922e-24,86.0,0.30779505369316745
AB,a_b,GBT,Gradient Boosted Trees,uncalibrated,-0.1081,1.21579635,-1.9644817986640368e-19,6.162858587146951e-20,98.0,-6.3431247993224505e-24,1.9899283956427525e-24,98.0,0.2958894072464537
AB,a_b,GBT,Gradient Boosted Trees,uncalibrated,-0.108,1.215789,3.4843195594628224e-19,5.929493699792696e-20,94.0,1.1250536310096232e-23,1.9145770940794338e-24,94.0,0.2842540177587808
AB,a_b,KNN,kNN,uncalibrated,-0.128,1.224394,0.0,0.0,2.0,0.0,0.0,2.0,1.0
AB,a_b,KNN,kNN,uncalibrated,-0.1279,1.22435395,0.0,0.0,2.0,0.0,0.0,2.0,0.9965198768351109
AB,a_b,KNN,kNN,uncalibrated,-0.1278,1.2243139,0.0,0.0,2.0,0.0,0.0,2.0,0.9861522103969512
AB,a_b,KNN,kNN,uncalibrated,-0.1277,1.2242738499999999,0.0,0.0,2.0,0.0,0.0,2.0,0.9691202271792234
AB,a_b,KNN,kNN,uncalibrated,-0.1276,1.2242338,0.0,0.0,2.0,0.0,0.0,2.0,0.9457923848092307
AB,a_b,KNN,kNN,uncalibrated,-0.1275,1.22419375,0.0,0.0,2.0,0.0,0.0,2.0,0.9166691693091688
AB,a_b,KNN,kNN,uncalibrated,-0.1274,1.2241537,0.0,0.0,2.0,0.0,0.0,2.0,0.8823650922307854
AB,a_b,KNN,kNN,uncalibrated,-0.1273,1.22411365,0.0,0.0,2.0,0.0,0.0,2.0,0.8435867267245822
AB,a_b,KNN,kNN,uncalibrated,-0.1272,1.2240735999999999,0.0,0.0,2.0,0.0,0.0,2.0,0.8011078208569667
AB,a_b,KNN,kNN,uncalibrated,-0.1271,1.22403355,0.0,0.0,2.0,0.0,0.0,2.0,0.755742679688333
AB,a_b,KNN,kNN,uncalibrated,-0.127,1.2239935,0.0,0.0,2.0,0.0,0.0,2.0,0.708319101308405
AB,a_b,KNN,kNN,uncalibrated,-0.1269,1.22395345,0.0,0.0,2.0,0.0,0.0,2.0,0.659652172316303
AB,a_b,KNN,kNN,uncalibrated,-0.1268,1.2239134,0.0,0.0,2.0,0.0,0.0,2.0,0.6105201640862996
AB,a_b,KNN,kNN,uncalibrated,-0.1267,1.2238733499999999,0.0,0.0,2.0,0.0,0.0,2.0,0.5616436184105992
AB,a_b,KNN,kNN,uncalibrated,-0.1266,1.2238333,0.0,0.0,2.0,0.0,0.0,2.0,0.5136684759939565
AB,a_b,KNN,kNN,uncalibrated,-0.1265,1.22379325,0.0,0.0,2.0,0.0,0.0,2.0,0.4671538019702879
AB,a_b,KNN,kNN,uncalibrated,-0.1264,1.2237532,0.0,0.0,2.0,0.0,0.0,2.0,0.42256432789914083
AB,a_b,KNN,kNN,uncalibrated,-0.1263,1.22371315,0.0,0.0,2.0,0.0,0.0,2.0,0.3802676947538697
AB,a_b,KNN,kNN,uncalibrated,-0.1262,1.2236730999999998,0.0,0.0,2.0,0.0,0.0,2.0,0.34053598170492577
AB,a_b,KNN,kNN,uncalibrated,-0.1261,1.2236330499999999,0.0,0.0,2.0,0.0,0.0,2.0,0.30355087049320967
AB,a_b,KNN,kNN,uncalibrated,-0.126,1.223593,0.0,0.0,2.0,0.0,0.0,2.0,0.26941164347809
AB,a_b,KNN,kNN,uncalibrated,-0.1259,1.2235603499999999,0.0,0.0,2.0,0.0,0.0,2.0,0.23820821733262745
AB,a_b,KNN,kNN,uncalibrated,-0.1258,1.2235277,0.0,0.0,2.0,0.0,0.0,2.0,0.20983329033999878
AB,a_b,KNN,kNN,uncalibrated,-0.1257,1.22349505,0.0,0.0,2.0,0.0,0.0,2.0,0.18420255065153363
AB,a_b,KNN,kNN,uncalibrated,-0.1256,1.2234623999999998,0.0,0.0,2.0,0.0,0.0,2.0,0.16119326987326976
AB,a_b,KNN,kNN,uncalibrated,-0.1255,1.22342975,0.0,0.0,2.0,0.0,0.0,2.0,0.1406546729368511
AB,a_b,KNN,kNN,uncalibrated,-0.1254,1.2233971,0.0,0.0,2.0,0.0,0.0,2.0,0.1224172233326786
AB,a_b,KNN,kNN,uncalibrated,-0.1253,1.2233644499999998,0.0,0.0,2.0,0.0,0.0,2.0,0.10630063832714096
AB,a_b,KNN,kNN,uncalibrated,-0.1252,1.2233318,0.0,0.0,2.0,0.0,0.0,2.0,0.0921205662784826
AB,a_b,KNN,kNN,uncalibrated,-0.1251,1.22329915,0.0,0.0,2.0,0.0,0.0,2.0,0.07969394920398565
AB,a_b,KNN,kNN,uncalibrated,-0.125,1.2232664999999998,0.0,0.0,2.0,0.0,0.0,2.0,0.06884315825399696
AB,a_b,KNN,kNN,uncalibrated,-0.1249,1.22323385,0.0,0.0,2.0,0.0,0.0,2.0,0.059399030381848204
AB,a_b,KNN,kNN,uncalibrated,-0.1248,1.2232011999999999,0.0,0.0,2.0,0.0,0.0,2.0,0.05120295541558441
AB,a_b,KNN,kNN,uncalibrated,-0.1247,1.22316855,0.0,0.0,2.0,0.0,0.0,2.0,0.04410816856221475
AB,a_b,KNN,kNN,uncalibrated,-0.1246,1.2231359,0.0,0.0,2.0,0.0,0.0,2.0,0.03798039851257508
AB,a_b,KNN,kNN,uncalibrated,-0.1245,1.2231032499999999,0.0,0.0,2.0,0.0,0.0,2.0,0.03269800955147483
AB,a_b,KNN,kNN,uncalibrated,-0.1244,1.2230706,0.0,0.0,2.0,0.0,0.0,2.0,0.028151760425428517
AB,a_b,KNN,kNN,uncalibrated,-0.1243,1.22303795,0.0,0.0,2.0,0.0,0.0,2.0,0.024244285418457974
AB,a_b,KNN,kNN,uncalibrated,-0.1242,1.2230052999999999,0.0,0.0,2.0,0.0,0.0,2.0,0.020889385695286186
AB,a_b,KNN,kNN,uncalibrated,-0.1241,1.22297265,0.0,0.0,2.0,0.0,0.0,2.0,0.018011202502675117
AB,a_b,KNN,kNN,uncalibrated,-0.124,1.22294,0.0,0.0,2.0,0.0,0.0,2.0,0.015543328870122152
AB,a_b,KNN,kNN,uncalibrated,-0.1239,1.22289565,0.0,0.0,2.0,0.0,0.0,2.0,0.013419843951792482
AB,a_b,KNN,kNN,uncalibrated,-0.1238,1.2228512999999999,0.0,0.0,2.0,0.0,0.0,2.0,0.01160077629939105
AB,a_b,KNN,kNN,uncalibrated,-0.1237,1.2228069499999998,0.0,0.0,2.0,0.0,0.0,2.0,0.010042283027691916
AB,a_b,KNN,kNN,uncalibrated,-0.1236,1.2227626,0.0,0.0,2.0,0.0,0.0,2.0,0.008706588336391752
AB,a_b,KNN,kNN,uncalibrated,-0.1235,1.22271825,0.0,0.0,2.0,0.0,0.0,2.0,0.007561234701913614
AB,a_b,KNN,kNN,uncalibrated,-0.1234,1.2226739,0.0,0.0,2.0,0.0,0.0,2.0,0.006578400606801844
AB,a_b,KNN,kNN,uncalibrated,-0.1233,1.22262955,0.0,0.0,2.0,0.0,0.0,2.0,0.005734286216120153
AB,a_b,KNN,kNN,uncalibrated,-0.1232,1.2225852,0.0,0.0,2.0,0.0,0.0,2.0,0.005008565755839669
AB,a_b,KNN,kNN,uncalibrated,-0.1231,1.22254085,0.0,0.0,2.0,0.0,0.0,2.0,0.004383903514839181
AB,a_b,KNN,kNN,uncalibrated,-0.123,1.2224965,0.0,0.0,2.0,0.0,0.0,2.0,0.003845529212338575
AB,a_b,KNN,kNN,uncalibrated,-0.1229,1.22245215,0.0,0.0,2.0,0.0,0.0,2.0,0.0033808677991571516
AB,a_b,KNN,kNN,uncalibrated,-0.1228,1.2224078,0.0,0.0,2.0,0.0,0.0,2.0,0.0029792184684498705
AB,a_b,KNN,kNN,uncalibrated,-0.1227,1.22236345,0.0,0.0,2.0,0.0,0.0,2.0,0.0026314776351360446
AB,a_b,KNN,kNN,uncalibrated,-0.1226,1.2223191,0.0,0.0,2.0,0.0,0.0,2.0,0.002329900818620851
AB,a_b,KNN,kNN,uncalibrated,-0.1225,1.22227475,0.0,0.0,2.0,0.0,0.0,2.0,0.0020678986640312955
AB,a_b,KNN,kNN,uncalibrated,-0.1224,1.2222304,0.0,0.0,2.0,0.0,0.0,2.0,0.0018398627119969935
AB,a_b,KNN,kNN,uncalibrated,-0.1223,1.2221860500000001,0.0,0.0,2.0,0.0,0.0,2.0,0.001641016937985516
AB,a_b,KNN,kNN,uncalibrated,-0.1222,1.2221417,0.0,0.0,2.0,0.0,0.0,2.0,0.0014672915020175553
AB,a_b,KNN,kNN,uncalibrated,-0.1221,1.22209735,0.0,0.0,2.0,0.0,0.0,2.0,0.0013152155593868556
AB,a_b,KNN,kNN,uncalibrated,-0.122,1.222053,0.0,0.0,2.0,0.0,0.0,2.0,0.001181826370519135
AB,a_b,KNN,kNN,uncalibrated,-0.1219,1.2220048000000001,0.0,0.0,2.0,0.0,0.0,2.0,0.0010644343625279573
AB,a_b,KNN,kNN,uncalibrated,-0.1218,1.2219566000000002,0.0,0.0,2.0,0.0,0.0,2.0,0.0009610711944694162
AB,a_b,KNN,kNN,uncalibrated,-0.1217,1.2219084,0.0,0.0,2.0,0.0,0.0,2.0,0.0008698742642443199
AB,a_b,KNN,kNN,uncalibrated,-0.1216,1.2218602,0.0,0.0,2.0,0.0,0.0,2.0,0.0007892464900899277
AB,a_b,KNN,kNN,uncalibrated,-0.1215,1.2218120000000001,0.0,0.0,2.0,0.0,0.0,2.0,0.0007178165931749389
AB,a_b,KNN,kNN,uncalibrated,-0.1214,1.2217638,0.0,0.0,2.0,0.0,0.0,2.0,0.0006544054962362382
AB,a_b,KNN,kNN,uncalibrated,-0.1213,1.2217156,0.0,0.0,2.0,0.0,0.0,2.0,0.0005979978873720581
AB,a_b,KNN,kNN,uncalibrated,-0.1212,1.2216674,0.0,0.0,2.0,0.0,0.0,2.0,0.0005477181437559427
AB,a_b,KNN,kNN,uncalibrated,-0.1211,1.2216192000000001,0.0,0.0,2.0,0.0,0.0,2.0,0.0005028099345575142
AB,a_b,KNN,kNN,uncalibrated,-0.121,1.221571,0.0,0.0,2.0,0.0,0.0,2.0,0.00046261892840907036
AB,a_b,KNN,kNN,uncalibrated,-0.1209,1.2215228,0.0,0.0,2.0,0.0,0.0,2.0,0.00042657812079719207
AB,a_b,KNN,kNN,uncalibrated,-0.1208,1.2214746,0.0,0.0,2.0,0.0,0.0,2.0,0.0003941953730033151
AB,a_b,KNN,kNN,uncalibrated,-0.1207,1.2214264000000001,0.0,0.0,2.0,0.0,0.0,2.0,0.0003650428186443454
AB,a_b,KNN,kNN,uncalibrated,-0.1206,1.2213782000000002,0.0,0.0,2.0,0.0,0.0,2.0,0.000338747848211842
AB,a_b,KNN,kNN,uncalibrated,-0.1205,1.22133,0.0,0.0,2.0,0.0,0.0,2.0,0.00031498542779141725
AB,a_b,KNN,kNN,uncalibrated,-0.1204,1.2212818,0.0,0.0,2.0,0.0,0.0,2.0,0.0002934715466729363
AB,a_b,KNN,kNN,uncalibrated,-0.1203,1.2212336000000001,0.0,0.0,2.0,0.0,0.0,2.0,0.0002739576209612422
AB,a_b,KNN,kNN,uncalibrated,-0.1202,1.2211854000000002,0.0,0.0,2.0,0.0,0.0,2.0,0.0002562257075284176
AB,a_b,KNN,kNN,uncalibrated,-0.1201,1.2211372,0.0,0.0,2.0,0.0,0.0,2.0,0.00024008440552923067
AB,a_b,KNN,kNN,uncalibrated,-0.12,1.221089,0.0,0.0,2.0,0.0,0.0,2.0,0.00022536534192472952
AB,a_b,KNN,kNN,uncalibrated,-0.1199,1.22101725,0.0,0.0,2.0,0.0,0.0,2.0,0.00021185416033027375
AB,a_b,KNN,kNN,uncalibrated,-0.1198,1.2209455,0.0,0.0,2.0,0.0,0.0,2.0,0.00019950605158871107
AB,a_b,KNN,kNN,uncalibrated,-0.1197,1.22087375,0.0,0.0,2.0,0.0,0.0,2.0,0.00018820193348103147
AB,a_b,KNN,kNN,uncalibrated,-0.1196,1.2208020000000002,0.0,0.0,2.0,0.0,0.0,2.0,0.0001778364841106843
AB,a_b,KNN,kNN,uncalibrated,-0.1195,1.2207302500000001,0.0,0.0,2.0,0.0,0.0,2.0,0.00016831640039996796
AB,a_b,KNN,kNN,uncalibrated,-0.1194,1.2206585,0.0,0.0,2.0,0.0,0.0,2.0,0.00015955889321181914
AB,a_b,KNN,kNN,uncalibrated,-0.1193,1.22058675,0.0,0.0,2.0,0.0,0.0,2.0,0.00015149038508699742
AB,a_b,KNN,kNN,uncalibrated,-0.1192,1.220515,0.0,0.0,2.0,0.0,0.0,2.0,0.00014404538169582366
AB,a_b,KNN,kNN,uncalibrated,-0.1191,1.22044325,0.0,0.0,2.0,0.0,0.0,2.0,0.0001371654924190055
AB,a_b,KNN,kNN,uncalibrated,-0.119,1.2203715000000002,0.0,0.0,2.0,0.0,0.0,2.0,0.00013079857912004606
AB,a_b,KNN,kNN,uncalibrated,-0.1189,1.2202997500000001,0.0,0.0,2.0,0.0,0.0,2.0,0.00012489801525795505
AB,a_b,KNN,kNN,uncalibrated,-0.1188,1.220228,0.0,0.0,2.0,0.0,0.0,2.0,0.00011942204010249397
AB,a_b,KNN,kNN,uncalibrated,-0.1187,1.22015625,0.0,0.0,2.0,0.0,0.0,2.0,0.0001143331950294504
AB,a_b,KNN,kNN,uncalibrated,-0.1186,1.2200845,0.0,0.0,2.0,0.0,0.0,2.0,0.00010959783075301721
AB,a_b,KNN,kNN,uncalibrated,-0.1185,1.22001275,0.0,0.0,2.0,0.0,0.0,2.0,0.00010518567594887115
AB,a_b,KNN,kNN,uncalibrated,-0.1184,1.219941,0.0,0.0,2.0,0.0,0.0,2.0,0.0001010694590789741
AB,a_b,KNN,kNN,uncalibrated,-0.1183,1.2198692500000001,0.0,0.0,2.0,0.0,0.0,2.0,9.722457638465064e-05
AB,a_b,KNN,kNN,uncalibrated,-0.1182,1.2197975,0.0,0.0,2.0,0.0,0.0,2.0,9.362879999922307e-05
AB,a_b,KNN,kNN,uncalibrated,-0.1181,1.21972575,0.0,0.0,2.0,0.0,0.0,2.0,9.026202097162136e-05
AB,a_b,KNN,kNN,uncalibrated,-0.118,1.219654,0.0,0.0,2.0,0.0,0.0,2.0,8.71060227100547e-05
AB,a_b,KNN,kNN,uncalibrated,-0.1179,1.21972185,0.0,0.0,2.0,0.0,0.0,2.0,8.40168670051037e-05
AB,a_b,KNN,kNN,uncalibrated,-0.1178,1.2197897,0.0,0.0,2.0,0.0,0.0,2.0,8.110872070316452e-05
AB,a_b,KNN,kNN,uncalibrated,-0.1177,1.21985755,0.0,0.0,2.0,0.0,0.0,2.0,7.836829191720683e-05
AB,a_b,KNN,kNN,uncalibrated,-0.1176,1.2199254,0.0,0.0,2.0,0.0,0.0,2.0,7.578341515040472e-05
AB,a_b,KNN,kNN,uncalibrated,-0.1175,1.2199932500000001,0.0,0.0,2.0,0.0,0.0,2.0,7.334294632457743e-05
AB,a_b,KNN,kNN,uncalibrated,-0.1174,1.2200611000000001,0.0,0.0,2.0,0.0,0.0,2.0,7.103666825309391e-05
AB,a_b,KNN,kNN,uncalibrated,-0.1173,1.22012895,0.0,0.0,2.0,0.0,0.0,2.0,6.885520547307112e-05
AB,a_b,KNN,kNN,uncalibrated,-0.1172,1.2201968,0.0,0.0,2.0,0.0,0.0,2.0,6.678994746680243e-05
AB,a_b,KNN,kNN,uncalibrated,-0.1171,1.22026465,0.0,0.0,2.0,0.0,0.0,2.0,6.483297940533876e-05
AB,a_b,KNN,kNN,uncalibrated,-0.117,1.2203325,0.0,0.0,2.0,0.0,0.0,2.0,6.297701963928617e-05
AB,a_b,KNN,kNN,uncalibrated,-0.1169,1.22040035,0.0,0.0,2.0,0.0,0.0,2.0,6.121536324419036e-05
AB,a_b,KNN,kNN,uncalibrated,-0.1168,1.2204682,0.0,0.0,2.0,0.0,0.0,2.0,5.954183100140229e-05
AB,a_b,KNN,kNN,uncalibrated,-0.1167,1.22053605,0.0,0.0,2.0,0.0,0.0,2.0,5.795072326094329e-05
AB,a_b,KNN,kNN,uncalibrated,-0.1166,1.2206039,0.0,0.0,2.0,0.0,0.0,2.0,5.6436778191464555e-05
AB,a_b,KNN,kNN,uncalibrated,-0.1165,1.22067175,0.0,0.0,2.0,0.0,0.0,2.0,5.499513397464244e-05
AB,a_b,KNN,kNN,uncalibrated,-0.1164,1.2207396000000001,0.0,0.0,2.0,0.0,0.0,2.0,5.362129454796913e-05
AB,a_b,KNN,kNN,uncalibrated,-0.1163,1.2208074500000001,0.0,0.0,2.0,0.0,0.0,2.0,5.2311098541478404e-05
AB,a_b,KNN,kNN,uncalibrated,-0.1162,1.2208753,0.0,0.0,2.0,0.0,0.0,2.0,5.106069109103374e-05
AB,a_b,KNN,kNN,uncalibrated,-0.1161,1.22094315,0.0,0.0,2.0,0.0,0.0,2.0,4.986649824390158e-05
AB,a_b,KNN,kNN,uncalibrated,-0.116,1.221011,0.0,0.0,2.0,0.0,0.0,2.0,4.8725203701852104e-05
AB,a_b,KNN,kNN,uncalibrated,-0.1159,1.2207344,0.0,0.0,2.0,0.0,0.0,2.0,4.768648874415953e-05
AB,a_b,KNN,kNN,uncalibrated,-0.1158,1.2204578000000001,0.0,0.0,2.0,0.0,0.0,2.0,4.673859827304802e-05
AB,a_b,KNN,kNN,uncalibrated,-0.1157,1.2201812,0.0,0.0,2.0,0.0,0.0,2.0,4.587295076619707e-05
AB,a_b,KNN,kNN,uncalibrated,-0.1156,1.2199046,0.0,0.0,2.0,0.0,0.0,2.0,4.508177648740681e-05
AB,a_b,KNN,kNN,uncalibrated,-0.1155,1.2196280000000002,0.0,0.0,2.0,0.0,0.0,2.0,4.4358028278727665e-05
AB,a_b,KNN,kNN,uncalibrated,-0.1154,1.2193514,0.0,0.0,2.0,0.0,0.0,2.0,4.369530239606881e-05
AB,a_b,KNN,kNN,uncalibrated,-0.1153,1.2190748,0.0,0.0,2.0,0.0,0.0,2.0,4.308776847739733e-05
AB,a_b,KNN,kNN,uncalibrated,-0.1152,1.2187982,0.0,0.0,2.0,0.0,0.0,2.0,4.253010776578037e-05
AB,a_b,KNN,kNN,uncalibrated,-0.1151,1.2185216,0.0,0.0,2.0,0.0,0.0,2.0,4.201745875928503e-05
AB,a_b,KNN,kNN,uncalibrated,-0.115,1.218245,0.0,0.0,2.0,0.0,0.0,2.0,4.154536951804568e-05
AB,a_b,KNN,kNN,uncalibrated,-0.1149,1.2179684,0.0,0.0,2.0,0.0,0.0,2.0,4.110975592011714e-05
AB,a_b,KNN,kNN,uncalibrated,-0.1148,1.2176918,0.0,0.0,2.0,0.0,0.0,2.0,4.070686521847415e-05
AB,a_b,KNN,kNN,uncalibrated,-0.1147,1.2174152,0.0,0.0,2.0,0.0,0.0,2.0,4.0333244309385156e-05
AB,a_b,KNN,kNN,uncalibrated,-0.1146,1.2171386,0.0,0.0,2.0,0.0,0.0,2.0,3.998571217615303e-05
AB,a_b,KNN,kNN,uncalibrated,-0.1145,1.2168619999999999,0.0,0.0,2.0,0.0,0.0,2.0,3.9661336021254473e-05
AB,a_b,KNN,kNN,uncalibrated,-0.1144,1.2165854,0.0,0.0,2.0,0.0,0.0,2.0,3.935741064409835e-05
AB,a_b,KNN,kNN,uncalibrated,-0.1143,1.2163088,0.0,0.0,2.0,0.0,0.0,2.0,3.9071440661193596e-05
AB,a_b,KNN,kNN,uncalibrated,-0.1142,1.2160322,0.0,0.0,2.0,0.0,0.0,2.0,3.880112520083995e-05
AB,a_b,KNN,kNN,uncalibrated,-0.1141,1.2157556,0.0,0.0,2.0,0.0,0.0,2.0,3.8544344736091896e-05
AB,a_b,KNN,kNN,uncalibrated,-0.114,1.215479,0.0,0.0,2.0,0.0,0.0,2.0,3.829914974827703e-05
AB,a_b,KNN,kNN,uncalibrated,-0.1139,1.2155092,0.0,0.0,2.0,0.0,0.0,2.0,3.7711144289415247e-05
AB,a_b,KNN,kNN,uncalibrated,-0.1138,1.2155394,0.0,0.0,2.0,0.0,0.0,2.0,3.7141260892470546e-05
AB,a_b,KNN,kNN,uncalibrated,-0.1137,1.2155696,0.0,0.0,2.0,0.0,0.0,2.0,3.6588659235025004e-05
AB,a_b,KNN,kNN,uncalibrated,-0.1136,1.2155998,0.0,0.0,2.0,0.0,0.0,2.0,3.6052547752276614e-05
AB,a_b,KNN,kNN,uncalibrated,-0.1135,1.21563,0.0,0.0,2.0,0.0,0.0,2.0,3.55321805479163e-05
AB,a_b,KNN,kNN,uncalibrated,-0.1134,1.2156602,0.0,0.0,2.0,0.0,0.0,2.0,3.5026854513736754e-05
AB,a_b,KNN,kNN,uncalibrated,-0.1133,1.2156904,0.0,0.0,2.0,0.0,0.0,2.0,3.453590664253494e-05
AB,a_b,KNN,kNN,uncalibrated,-0.1132,1.2157206,0.0,0.0,2.0,0.0,0.0,2.0,3.40587115201444e-05
AB,a_b,KNN,kNN,uncalibrated,-0.1131,1.2157508,0.0,0.0,2.0,0.0,0.0,2.0,3.359467898357141e-05
AB,a_b,KNN,kNN,uncalibrated,-0.113,1.215781,0.0,0.0,2.0,0.0,0.0,2.0,3.314325193325478e-05
AB,a_b,KNN,kNN,uncalibrated,-0.1129,1.2158112,0.0,0.0,2.0,0.0,0.0,2.0,3.2703904288436695e-05
AB,a_b,KNN,kNN,uncalibrated,-0.1128,1.2158414,0.0,0.0,2.0,0.0,0.0,2.0,3.227613907549874e-05
AB,a_b,KNN,kNN,uncalibrated,-0.1127,1.2158716,0.0,0.0,2.0,0.0,0.0,2.0,3.1859486639920155e-05
AB,a_b,KNN,kNN,uncalibrated,-0.1126,1.2159018,0.0,0.0,2.0,0.0,0.0,2.0,3.145350297325721e-05
AB,a_b,KNN,kNN,uncalibrated,-0.1125,1.215932,0.0,0.0,2.0,0.0,0.0,2.0,3.1057768147192085e-05
AB,a_b,KNN,kNN,uncalibrated,-0.1124,1.2159622,0.0,0.0,2.0,0.0,0.0,2.0,3.0671884847336175e-05
AB,a_b,KNN,kNN,uncalibrated,-0.1123,1.2159924,0.0,0.0,2.0,0.0,0.0,2.0,3.0295477000011864e-05
AB,a_b,KNN,kNN,uncalibrated,-0.1122,1.2160226,0.0,0.0,2.0,0.0,0.0,2.0,2.9928188485761743e-05
AB,a_b,KNN,kNN,uncalibrated,-0.1121,1.2160528,0.0,0.0,2.0,0.0,0.0,2.0,2.9569681933802888e-05
AB,a_b,KNN,kNN,uncalibrated,-0.112,1.216083,0.0,0.0,2.0,0.0,0.0,2.0,2.921963759206327e-05
AB,a_b,KNN,kNN,uncalibrated,-0.1119,1.21607565,0.0,0.0,2.0,0.0,0.0,2.0,2.8915074548349925e-05
AB,a_b,KNN,kNN,uncalibrated,-0.1118,1.2160683,0.0,0.0,2.0,0.0,0.0,2.0,2.8617881040401446e-05
AB,a_b,KNN,kNN,uncalibrated,-0.1117,1.21606095,0.0,0.0,2.0,0.0,0.0,2.0,2.8327788686354772e-05
AB,a_b,KNN,kNN,uncalibrated,-0.1116,1.2160536,0.0,0.0,2.0,0.0,0.0,2.0,2.8044541631291936e-05
AB,a_b,KNN,kNN,uncalibrated,-0.1115,1.21604625,0.0,0.0,2.0,0.0,0.0,2.0,2.7767895868576402e-05
AB,a_b,KNN,kNN,uncalibrated,-0.1114,1.2160389,0.0,0.0,2.0,0.0,0.0,2.0,2.7497618602637974e-05
AB,a_b,KNN,kNN,uncalibrated,-0.1113,1.21603155,0.0,0.0,2.0,0.0,0.0,2.0,2.723348765038278e-05
AB,a_b,KNN,kNN,uncalibrated,-0.1112,1.2160241999999999,0.0,0.0,2.0,0.0,0.0,2.0,2.6975290878612404e-05
AB,a_b,KNN,kNN,uncalibrated,-0.1111,1.21601685,0.0,0.0,2.0,0.0,0.0,2.0,2.672282567503451e-05
AB,a_b,KNN,kNN,uncalibrated,-0.111,1.2160095,0.0,0.0,2.0,0.0,0.0,2.0,2.647589845062516e-05
AB,a_b,KNN,kNN,uncalibrated,-0.1109,1.21600215,0.0,0.0,2.0,0.0,0.0,2.0,2.6234324171267212e-05
AB,a_b,KNN,kNN,uncalibrated,-0.1108,1.2159948,0.0,0.0,2.0,0.0,0.0,2.0,2.599792591674188e-05
AB,a_b,KNN,kNN,uncalibrated,-0.1107,1.2159874499999999,0.0,0.0,2.0,0.0,0.0,2.0,2.5766534465292224e-05
AB,a_b,KNN,kNN,uncalibrated,-0.1106,1.2159801,0.0,0.0,2.0,0.0,0.0,2.0,2.5539987902099397e-05
AB,a_b,KNN,kNN,uncalibrated,-0.1105,1.21597275,0.0,0.0,2.0,0.0,0.0,2.0,2.531813125014165e-05
AB,a_b,KNN,kNN,uncalibrated,-0.1104,1.2159654,0.0,0.0,2.0,0.0,0.0,2.0,2.5100816122002786e-05
AB,a_b,KNN,kNN,uncalibrated,-0.1103,1.21595805,0.0,0.0,2.0,0.0,0.0,2.0,2.4887900391307696e-05
AB,a_b,KNN,kNN,uncalibrated,-0.1102,1.2159506999999998,0.0,0.0,2.0,0.0,0.0,2.0,2.467924788255007e-05
AB,a_b,KNN,kNN,uncalibrated,-0.1101,1.2159433499999999,0.0,0.0,2.0,0.0,0.0,2.0,2.447472807816547e-05
AB,a_b,KNN,kNN,uncalibrated,-0.11,1.215936,0.0,0.0,2.0,0.0,0.0,2.0,2.427421584178286e-05
AB,a_b,KNN,kNN,uncalibrated,-0.1099,1.21592865,0.0,0.0,2.0,0.0,0.0,2.0,2.4077591156655786e-05
AB,a_b,KNN,kNN,uncalibrated,-0.1098,1.2159213,0.0,0.0,2.0,0.0,0.0,2.0,2.388473887835172e-05
AB,a_b,KNN,kNN,uncalibrated,-0.1097,1.21591395,0.0,0.0,2.0,0.0,0.0,2.0,2.369554850083106e-05
AB,a_b,KNN,kNN,uncalibrated,-0.1096,1.2159065999999998,0.0,0.0,2.0,0.0,0.0,2.0,2.3509913935112216e-05
AB,a_b,KNN,kNN,uncalibrated,-0.1095,1.2158992499999999,0.0,0.0,2.0,0.0,0.0,2.0,2.3327733299768596e-05
AB,a_b,KNN,kNN,uncalibrated,-0.1094,1.2158919,0.0,0.0,2.0,0.0,0.0,2.0,2.3148908722558206e-05
AB,a_b,KNN,kNN,uncalibrated,-0.1093,1.21588455,0.0,0.0,2.0,0.0,0.0,2.0,2.2973346152525038e-05
AB,a_b,KNN,kNN,uncalibrated,-0.1092,1.2158772,0.0,0.0,2.0,0.0,0.0,2.0,2.2800955181963644e-05
AB,a_b,KNN,kNN,uncalibrated,-0.1091,1.21586985,0.0,0.0,2.0,0.0,0.0,2.0,2.2631648877670173e-05
AB,a_b,KNN,kNN,uncalibrated,-0.109,1.2158625,0.0,0.0,2.0,0.0,0.0,2.0,2.24653436209454e-05
AB,a_b,KNN,kNN,uncalibrated,-0.1089,1.2158551499999999,0.0,0.0,2.0,0.0,0.0,2.0,2.2301958955846316e-05
AB,a_b,KNN,kNN,uncalibrated,-0.1088,1.2158478,0.0,0.0,2.0,0.0,0.0,2.0,2.2141417445216175e-05
AB,a_b,KNN,kNN,uncalibrated,-0.1087,1.21584045,0.0,0.0,2.0,0.0,0.0,2.0,2.198364453405389e-05
AB,a_b,KNN,kNN,uncalibrated,-0.1086,1.2158331,0.0,0.0,2.0,0.0,0.0,2.0,2.182856841980815e-05
AB,a_b,KNN,kNN,uncalibrated,-0.1085,1.21582575,0.0,0.0,2.0,0.0,0.0,2.0,2.167611992920915e-05
AB,a_b,KNN,kNN,uncalibrated,-0.1084,1.2158184,0.0,0.0,2.0,0.0,0.0,2.0,2.1526232401276494e-05
AB,a_b,KNN,kNN,uncalibrated,-0.1083,1.21581105,0.0,0.0,2.0,0.0,0.0,2.0,2.137884157615964e-05
AB,a_b,KNN,kNN,uncalibrated,-0.1082,1.2158037,0.0,0.0,2.0,0.0,0.0,2.0,2.1233885489493173e-05
AB,a_b,KNN,kNN,uncalibrated,-0.1081,1.21579635,0.0,0.0,2.0,0.0,0.0,2.0,2.1091304371964815e-05
AB,a_b,KNN,kNN,uncalibrated,-0.108,1.215789,0.0,0.0,2.0,0.0,0.0,2.0,2.0951040553813572e-05
AB,a_b,SVM,SVM (RBF),uncalibrated,-0.128,1.224394,-1.699893948103614e-10,6.863512115737166e-10,76.0,-1.6995469359334348e-10,6.861709902587319e-10,76.0,3.228037888409486e-05
AB,a_b,SVM,SVM (RBF),uncalibrated,-0.1279,1.22435395,-1.6832202894869164e-10,7.010697033975251e-10,76.0,-1.6828794352204935e-10,7.008855086804273e-10,76.0,3.260815461531802e-05
AB,a_b,SVM,SVM (RBF),uncalibrated,-0.1278,1.2243139,-1.6641158501368826e-10,7.162088956315364e-10,76.0,-1.6637818023886206e-10,7.160206062394745e-10,76.0,3.294755065199383e-05
AB,a_b,SVM,SVM (RBF),uncalibrated,-0.1277,1.2242738499999999,-1.642411586362268e-10,7.317767360386291e-10,76.0,-1.642085035198696e-10,7.315842277396138e-10,76.0,3.329915497525433e-05
AB,a_b,SVM,SVM (RBF),uncalibrated,-0.1276,1.2242338,-1.617295924288827e-10,7.477651871738855e-10,76.0,-1.6169777797427553e-10,7.475683370179417e-10,76.0,3.366359612193135e-05
AB,a_b,SVM,SVM (RBF),uncalibrated,-0.1275,1.22419375,-1.588869373904831e-10,7.641862491559566e-10,76.0,-1.5885605112044498e-10,7.639849300167974e-10,76.0,3.404154666924088e-05
AB,a_b,SVM,SVM (RBF),uncalibrated,-0.1274,1.2241537,-1.5567335557515656e-10,7.810238614757742e-10,76.0,-1.5564349516819234e-10,7.808179495064239e-10,76.0,3.443372707061179e-05
AB,a_b,SVM,SVM (RBF),uncalibrated,-0.1273,1.22411365,-1.5203372122574686e-10,7.982911169570024e-10,76.0,-1.5200499923090053e-10,7.98080483766706e-10,76.0,3.484090988295757e-05
AB,a_b,SVM,SVM (RBF),uncalibrated,-0.1272,1.2240735999999999,-1.479440653708327e-10,8.159764787304088e-10,76.0,-1.4791660002108048e-10,8.157609978503255e-10,76.0,3.526392443087206e-05
AB,a_b,SVM,SVM (RBF),uncalibrated,-0.1271,1.22403355,-1.433470765851256e-10,8.340748263036907e-10,76.0,-1.4332100126573625e-10,8.338543714238486e-10,76.0,3.570366195916368e-05
AB,a_b,SVM,SVM (RBF),uncalibrated,-0.127,1.2239935,-1.3821467096004733e-10,8.525845093708136e-10,76.0,-1.38190126008908e-10,8.523589533518136e-10,76.0,3.6161081331929664e-05
AB,a_b,SVM,SVM (RBF),uncalibrated,-0.1269,1.22395345,-1.3246289171383094e-10,8.714892141004133e-10,76.0,-1.3244003992911143e-10,8.712584328011292e-10,76.0,3.663721534415331e-05
AB,a_b,SVM,SVM (RBF),uncalibrated,-0.1268,1.2239134,-1.2605079909872281e-10,8.907837367817527e-10,76.0,-1.2602981377805368e-10,8.905476060300938e-10,76.0,3.7133177720748754e-05
AB,a_b,SVM,SVM (RBF),uncalibrated,-0.1267,1.2238733499999999,-1.1895150329114295e-10,9.104507414952425e-10,76.0,-1.189325640895228e-10,9.102091402589253e-10,76.0,3.765017088826028e-05
AB,a_b,SVM,SVM (RBF),uncalibrated,-0.1266,1.2238333,-1.1108446670483246e-10,9.304793947232421e-10,76.0,-1.110677748602917e-10,9.302322033050783e-10,76.0,3.818949461627263e-05
AB,a_b,SVM,SVM (RBF),uncalibrated,-0.1265,1.22379325,-1.0237248648221789e-10,9.508442172255446e-10,76.0,-1.0235826367785692e-10,9.505913210563047e-10,76.0,3.8752555639270594e-05
AB,a_b,SVM,SVM (RBF),uncalibrated,-0.1264,1.2237532,-9.275141418983719e-11,9.715318050432664e-10,76.0,-9.27398990935302e-11,9.7127309147041e-10,76.0,3.934087838549902e-05
AB,a_b,SVM,SVM (RBF),uncalibrated,-0.1263,1.22371315,-8.21679979897857e-11,9.925121423561662e-10,76.0,-8.215944299163893e-11,9.92247504962715e-10,76.0,3.995611695770522e-05
AB,a_b,SVM,SVM (RBF),uncalibrated,-0.1262,1.2236730999999998,-7.054877123429888e-11,1.013759867169879e-09,76.0,-7.05434482758206e-11,1.0134892044994584e-09,76.0,4.0600068531906445e-05
AB,a_b,SVM,SVM (RBF),uncalibrated,-0.1261,1.2236330499999999,-5.7792305128530834e-11,1.0352446175170937e-09,76.0,-5.779051360261865e-11,1.0349678343474413e-09,76.0,4.127468836506103e-05
AB,a_b,SVM,SVM (RBF),uncalibrated,-0.126,1.223593,-4.384409393078662e-11,1.0569301046568685e-09,76.0,-4.384614747300482e-11,1.0566471135241422e-09,76.0,4.198210663132038e-05
AB,a_b,SVM,SVM (RBF),uncalibrated,-0.1259,1.2235603499999999,-2.8827909463997084e-11,1.0782953385040916e-09,76.0,-2.883409300797955e-11,1.0780062094116963e-09,76.0,4.271226362604218e-05
AB,a_b,SVM,SVM (RBF),uncalibrated,-0.1258,1.2235277,-1.2455471486506592e-11,1.0997552757338873e-09,76.0,-1.2466143614460429e-11,1.099459947538262e-09,76.0,4.34795126241886e-05
AB,a_b,SVM,SVM (RBF),uncalibrated,-0.1257,1.22349505,5.360390395229327e-12,1.1212581468537763e-09,76.0,5.344847371709807e-12,1.1209565703696832e-09,76.0,4.428660727950966e-05
AB,a_b,SVM,SVM (RBF),uncalibrated,-0.1256,1.2234623999999998,2.470571728384324e-11,1.1427540518304716e-09,76.0,2.46848974010019e-11,1.1424461893692284e-09,76.0,4.513656628703767e-05
AB,a_b,SVM,SVM (RBF),uncalibrated,-0.1255,1.22342975,4.5661363060870895e-11,1.164186225973389e-09,76.0,4.563483801371883e-11,1.163872053168708e-09,76.0,4.603270402083836e-05
AB,a_b,SVM,SVM (RBF),uncalibrated,-0.1254,1.2233971,6.835051520351072e-11,1.1854922441612601e-09,76.0,6.83178221596706e-11,1.1851717515536004e-09,76.0,4.697866527538475e-05
AB,a_b,SVM,SVM (RBF),uncalibrated,-0.1253,1.2233644499999998,9.285190934161477e-11,1.206606798592545e-09,76.0,9.281256319049191e-11,1.206279992490768e-09,76.0,4.797846473468739e-05
AB,a_b,SVM,SVM (RBF),uncalibrated,-0.1252,1.2233318,1.1931268897503085e-10,1.2274552007562016e-09,76.0,1.1926616273530772e-10,1.2271221057789011e-09,76.0,4.903653189949136e-05
AB,a_b,SVM,SVM (RBF),uncalibrated,-0.1251,1.22329915,1.477727026852842e-10,1.2479664760911237e-09,76.0,1.477184573492212e-10,1.2476271343279355e-09,76.0,5.0157762328915564e-05
AB,a_b,SVM,SVM (RBF),uncalibrated,-0.125,1.2232664999999998,1.7835853083437125e-10,1.268052312040489e-09,76.0,1.782959905447398e-10,1.2677067878854953e-09,76.0,5.1347576202971345e-05
AB,a_b,SVM,SVM (RBF),uncalibrated,-0.1249,1.22323385,2.1118813748712638e-10,1.2876287863923111e-09,76.0,2.1111669138020527e-10,1.287277165504537e-09,76.0,5.261198539148627e-05
AB,a_b,SVM,SVM (RBF),uncalibrated,-0.1248,1.2232011999999999,2.463782568708957e-10,1.3066021608899983e-09,76.0,2.462972589036952e-10,1.3062445530808532e-09,76.0,5.3957670429071524e-05
AB,a_b,SVM,SVM (RBF),uncalibrated,-0.1247,1.22316855,2.8399036437609793e-10,1.3248748090784932e-09,76.0,2.8389914834208723e-10,1.3245113496060708e-09,76.0,5.5392069052490384e-05
AB,a_b,SVM,SVM (RBF),uncalibrated,-0.1246,1.2231359,3.241482314083953e-10,1.3423443052370226e-09,76.0,3.240460925906491e-10,1.3419751564316447e-09,76.0,5.692347826526865e-05
AB,a_b,SVM,SVM (RBF),uncalibrated,-0.1245,1.2231032499999999,3.6693004401304365e-10,1.3589033271822079e-09,76.0,3.6681625135031447e-10,1.3585286800765121e-09,76.0,5.8561172265958324e-05
AB,a_b,SVM,SVM (RBF),uncalibrated,-0.1244,1.2230706,4.124369523792071e-10,1.3744396374464828e-09,76.0,4.1231074110470445e-10,1.3740597135556785e-09,76.0,6.0315539025237024e-05
AB,a_b,SVM,SVM (RBF),uncalibrated,-0.1243,1.22303795,4.6073012238610074e-10,1.3888390564133261e-09,76.0,4.6059070446524686e-10,1.388454108660819e-09,76.0,6.219823884026701e-05
AB,a_b,SVM,SVM (RBF),uncalibrated,-0.1242,1.2230052999999999,5.119146952871943e-10,1.4019788446301407e-09,76.0,5.117612459535223e-10,1.401589160246147e-09,76.0,6.422238885412622e-05
AB,a_b,SVM,SVM (RBF),uncalibrated,-0.1241,1.22297265,5.660008111943882e-10,1.4137406059925905e-09,76.0,5.658324948938115e-10,1.4133465058252497e-09,76.0,6.640277833050361e-05
AB,a_b,SVM,SVM (RBF),uncalibrated,-0.124,1.22294,6.231058017288648e-10,1.4240006365455366e-09,76.0,6.229217405053902e-10,1.4236024771544683e-09,76.0,6.875612045276399e-05
AB,a_b,SVM,SVM (RBF),uncalibrated,-0.1239,1.22289565,6.843865744388058e-10,1.4337824894889828e-09,76.0,6.841855605457998e-10,1.433380283632138e-09,76.0,7.133177617147566e-05
AB,a_b,SVM,SVM (RBF),uncalibrated,-0.1238,1.2228512999999999,7.452495725406934e-10,1.4423744682668963e-09,69.0,7.450310690443424e-10,1.4419692184455638e-09,69.0,7.412229832124841e-05
AB,a_b,SVM,SVM (RBF),uncalibrated,-0.1237,1.2228069499999998,8.121009494203429e-10,1.4493941951442757e-09,69.0,8.118637935840882e-10,1.448985568756572e-09,69.0,7.715218939879798e-05
AB,a_b,SVM,SVM (RBF),uncalibrated,-0.1236,1.2227626,8.820593164390683e-10,1.454485118567542e-09,69.0,8.81802555290418e-10,1.4540735962881368e-09,69.0,8.044939762653581e-05
AB,a_b,SVM,SVM (RBF),uncalibrated,-0.1235,1.22271825,9.551462627843502e-10,1.457524642521768e-09,69.0,9.548689214523689e-10,1.4571107441217239e-09,69.0,8.404588533601155e-05
AB,a_b,SVM,SVM (RBF),uncalibrated,-0.1234,1.2226739,1.031267890685502e-09,1.4583951096585107e-09,69.0,1.0309690042094869e-09,1.4579793936263606e-09,69.0,8.797830417089746e-05
AB,a_b,SVM,SVM (RBF),uncalibrated,-0.1233,1.22262955,1.1103528427729152e-09,1.4569876396513e-09,69.0,1.1100314484016676e-09,1.4565707017674392e-09,69.0,9.228879949676012e-05
AB,a_b,SVM,SVM (RBF),uncalibrated,-0.1232,1.2225852,1.1923198194860333e-09,1.4532020192617556e-09,69.0,1.1919749583501942e-09,1.4527844912476983e-09,69.0,9.70259715477612e-05
AB,a_b,SVM,SVM (RBF),uncalibrated,-0.1231,1.22254085,1.2770329190315624e-09,1.446945890643769e-09,69.0,1.2766636508019226e-09,1.4465284390736291e-09,69.0,0.00010224602725986907
AB,a_b,SVM,SVM (RBF),uncalibrated,-0.123,1.2224965,1.3643424263121783e-09,1.4381437333719803e-09,69.0,1.3639478322947348e-09,1.4377270560162577e-09,69.0,0.00010801416477419053
AB,a_b,SVM,SVM (RBF),uncalibrated,-0.1229,1.22245215,1.4540574322152767e-09,1.4267330723813156e-09,69.0,1.4536366265283524e-09,1.4263178956256601e-09,69.0,0.00011440624267507223
AB,a_b,SVM,SVM (RBF),uncalibrated,-0.1228,1.2224078,1.546003816711818e-09,1.412669859081067e-09,69.0,1.5455559408784272e-09,1.4122569337694184e-09,69.0,0.00012151079870991683
AB,a_b,SVM,SVM (RBF),uncalibrated,-0.1227,1.22236345,1.639924816129886e-09,1.3959301912275364e-09,69.0,1.6394490628192786e-09,1.3955202879323003e-09,69.0,0.00012943149873298956
AB,a_b,SVM,SVM (RBF),uncalibrated,-0.1226,1.2223191,1.7355851212837657e-09,1.3765119249089024e-09,69.0,1.7350807280469181e-09,1.3761058286622665e-09,69.0,0.00013829011683911052
AB,a_b,SVM,SVM (RBF),uncalibrated,-0.1225,1.22227475,1.921957719936277e-09,1.3552211058806455e-09,11.0,1.9213951339060825e-09,1.354821310783114e-09,11.0,0.0001482301732844858
AB,a_b,SVM,SVM (RBF),uncalibrated,-0.1224,1.2222304,2.0157545123584886e-09,1.3320512427717254e-09,11.0,2.015163096997178e-09,1.3316564211780387e-09,11.0,0.00015942138935187098
AB,a_b,SVM,SVM (RBF),uncalibrated,-0.1223,1.2221860500000001,2.1101049859466674e-09,1.305916905311629e-09,11.0,2.1094842741285108e-09,1.3055279537446095e-09,11.0,0.0001720651597699711
AB,a_b,SVM,SVM (RBF),uncalibrated,-0.1222,1.2221417,2.204749169464631e-09,1.2768862931123226e-09,11.0,2.204098751997078e-09,1.2765041057914175e-09,11.0,0.00018640129618044824
AB,a_b,SVM,SVM (RBF),uncalibrated,-0.1221,1.22209735,2.334685160328977e-09,1.2455981235026845e-09,7.0,2.333988478677082e-09,1.2452405782608381e-09,7.0,0.00020271636274110617
AB,a_b,SVM,SVM (RBF),uncalibrated,-0.122,1.222053,2.4279376283724227e-09,1.231904164116288e-09,7.0,2.4272114318435456e-09,1.2315491473901423e-09,7.0,0.00022135401150270558
AB,a_b,SVM,SVM (RBF),uncalibrated,-0.1219,1.2220048000000001,2.522234498124322e-09,1.2167464055275394e-09,7.0,2.521478105675459e-09,1.2163943235675913e-09,7.0,0.00024274006985177266
AB,a_b,SVM,SVM (RBF),uncalibrated,-0.1218,1.2219566000000002,2.616796133844694e-09,1.1997121990497168e-09,7.0,2.6160090918888767e-09,1.1993636104026674e-09,7.0,0.00026735972876895854
AB,a_b,SVM,SVM (RBF),uncalibrated,-0.1217,1.2219084,2.7113974497541073e-09,1.1808892420907213e-09,7.0,2.7105793482767067e-09,1.1805446899176928e-09,7.0,0.0002958172639958714
AB,a_b,SVM,SVM (RBF),uncalibrated,-0.1216,1.2218602,2.805828081540783e-09,1.1603808557982281e-09,7.0,2.8049785510171037e-09,1.1600408629293544e-09,7.0,0.0003288476252573685
AB,a_b,SVM,SVM (RBF),uncalibrated,-0.1215,1.2218120000000001,2.8998983989592924e-09,1.1382961496170368e-09,7.0,2.8990171057381135e-09,1.1379612164297463e-09,7.0,0.0003673478941163347
AB,a_b,SVM,SVM (RBF),uncalibrated,-0.1214,1.2217638,2.9934399816801063e-09,1.1147555016641e-09,7.0,2.99252662332756e-09,1.1144261020872239e-09,7.0,0.00041241693149870925
AB,a_b,SVM,SVM (RBF),uncalibrated,-0.1213,1.2217156,3.086315328612389e-09,1.0898825590800933e-09,7.0,3.0853696264543373e-09,1.0895591388915375e-09,7.0,0.00046540546176609005
AB,a_b,SVM,SVM (RBF),uncalibrated,-0.1212,1.2216674,3.17842214153193e-09,1.0638026149106361e-09,7.0,3.177443831857221e-09,1.0634855904748232e-09,7.0,0.0005279794719219683
AB,a_b,SVM,SVM (RBF),uncalibrated,-0.1211,1.2216192000000001,3.2696997822781884e-09,1.0366416287386119e-09,7.0,3.2686886054987346e-09,1.0363313859648966e-09,7.0,0.0006022006113570661
AB,a_b,SVM,SVM (RBF),uncalibrated,-0.121,1.221571,3.360135571511177e-09,1.0085238971570813e-09,7.0,3.3590912591157403e-09,1.0082207911700774e-09,7.0,0.0006906283039826239
AB,a_b,SVM,SVM (RBF),uncalibrated,-0.1209,1.2215228,3.4497523188721773e-09,9.795691638407577e-10,7.0,3.4486745840009047e-09,9.792735195996258e-10,7.0,0.0007964495834986943
AB,a_b,SVM,SVM (RBF),uncalibrated,-0.1208,1.2214746,3.5386337395681314e-09,9.498928988362599e-10,7.0,3.5375222592496204e-09,9.496050117277569e-10,7.0,0.0009236442945336522
AB,a_b,SVM,SVM (RBF),uncalibrated,-0.1207,1.2214264000000001,3.6818623913072175e-09,9.296691338835026e-10,5.0,3.680694815599849e-09,9.294036206765742e-10,5.0,0.001077195333600775
AB,a_b,SVM,SVM (RBF),uncalibrated,-0.1206,1.2213782000000002,3.7651846057537495e-09,9.103606460881196e-10,5.0,3.763984079974136e-09,9.10099923564717e-10,5.0,0.0012633561004568188
AB,a_b,SVM,SVM (RBF),uncalibrated,-0.1205,1.22133,3.848365435439678e-09,8.905955715484297e-10,5.0,3.847131457845875e-09,8.903397413633003e-10,5.0,0.0014899903483071657
AB,a_b,SVM,SVM (RBF),uncalibrated,-0.1204,1.2212818,3.931693909034722e-09,8.703875537874632e-10,5.0,3.930425873654997e-09,8.701367126539074e-10,5.0,0.0017670031873011664
AB,a_b,SVM,SVM (RBF),uncalibrated,-0.1203,1.2212336000000001,4.015485222290874e-09,8.497488909848539e-10,5.0,4.014182408695889e-09,8.495031322939641e-10,5.0,0.0021068860776184053
AB,a_b,SVM,SVM (RBF),uncalibrated,-0.1202,1.2211854000000002,4.100077095846791e-09,8.28691777823381e-10,5.0,4.098738659585878e-09,8.284511929611403e-10,5.0,0.002525403107395227
AB,a_b,SVM,SVM (RBF),uncalibrated,-0.1201,1.2211372,4.185825755416273e-09,8.072321722991016e-10,5.0,4.184450719257882e-09,8.069968507469619e-10,5.0,0.00304245037144843
AB,a_b,SVM,SVM (RBF),uncalibrated,-0.12,1.221089,4.273090383959169e-09,7.853887701687114e-10,5.0,4.271677633838066e-09,7.851587999163197e-10,5.0,0.003683124258899638
AB,a_b,SVM,SVM (RBF),uncalibrated,-0.1199,1.22101725,4.3664878799153856e-09,7.648572266143114e-10,5.0,4.365034356190732e-09,7.646320543408782e-10,5.0,0.004473659116933939
AB,a_b,SVM,SVM (RBF),uncalibrated,-0.1198,1.2209455,4.462252861657373e-09,7.438262697547534e-10,5.0,4.46075707483118e-09,7.436060310617383e-10,5.0,0.0054558231400424154
AB,a_b,SVM,SVM (RBF),uncalibrated,-0.1197,1.22087375,4.5607317325621864e-09,7.22331030796617e-10,5.0,4.559192046116321e-09,7.221158586557702e-10,5.0,0.006677845119886853
AB,a_b,SVM,SVM (RBF),uncalibrated,-0.1196,1.2208020000000002,4.6622485327604315e-09,7.004157225299967e-10,5.0,4.660663166511371e-09,7.002057448928096e-10,5.0,0.008199632145145406
AB,a_b,SVM,SVM (RBF),uncalibrated,-0.1195,1.2207302500000001,4.7670944771019144e-09,6.781270005543588e-10,5.0,4.765461514288916e-09,6.779223399783894e-10,5.0,0.010095143016831412
AB,a_b,SVM,SVM (RBF),uncalibrated,-0.1194,1.2206585,4.875530220587331e-09,6.555185154508681e-10,5.0,4.873847614383919e-09,6.553192869472062e-10,5.0,0.012454985392432939
AB,a_b,SVM,SVM (RBF),uncalibrated,-0.1193,1.22058675,4.98778303712977e-09,6.326484421482368e-10,5.0,4.98604861842722e-09,6.324547515242083e-10,5.0,0.015389118701902753
AB,a_b,SVM,SVM (RBF),uncalibrated,-0.1192,1.220515,5.1040491959538805e-09,6.095787130407334e-10,5.0,5.102260680622805e-09,6.093906552826289e-10,5.0,0.019029463716623687
AB,a_b,SVM,SVM (RBF),uncalibrated,-0.1191,1.22044325,5.2244851874128416e-09,5.863751493644149e-10,5.0,5.222640186985929e-09,5.861928066450357e-10,5.0,0.023532119655578505
AB,a_b,SVM,SVM (RBF),uncalibrated,-0.119,1.2203715000000002,5.349223759883858e-09,5.631093097911837e-10,5.0,5.347319786963568e-09,5.629327484526675e-10,5.0,0.02907877886328199
AB,a_b,SVM,SVM (RBF),uncalibrated,-0.1189,1.2202997500000001,5.478369943481255e-09,5.398562600267242e-10,5.0,5.476404418836013e-09,5.396855281081404e-10,5.0,0.03587682405053703
AB,a_b,SVM,SVM (RBF),uncalibrated,-0.1188,1.220228,5.612006203061382e-09,5.166974768102875e-10,5.0,5.60997646115169e-09,5.165326001286748e-10,5.0,0.04415752054921112
AB,a_b,SVM,SVM (RBF),uncalibrated,-0.1187,1.22015625,5.7501977023254615e-09,4.937190735506717e-10,5.0,5.748100995184302e-09,4.935600520037686e-10,5.0,0.05417171124393599
AB,a_b,SVM,SVM (RBF),uncalibrated,-0.1186,1.2200845,5.892999211810964e-09,4.710140307345e-10,5.0,5.890832710520044e-09,4.708608335599963e-10,5.0,0.06618252247731815
AB,a_b,SVM,SVM (RBF),uncalibrated,-0.1185,1.22001275,6.0404569302457556e-09,4.4868240450144036e-10,5.0,6.038217725823357e-09,4.485349650167123e-10,5.0,0.08045482377608501
AB,a_b,SVM,SVM (RBF),uncalibrated,-0.1184,1.219941,6.192615614811204e-09,4.268309739694397e-10,5.0,6.190300716468755e-09,4.266891840794177e-10,5.0,0.09724155655018592
AB,a_b,SVM,SVM (RBF),uncalibrated,-0.1183,1.2198692500000001,6.349526688923185e-09,4.0557439349045666e-10,5.0,6.347133019168895e-09,4.0543809759884224e-10,5.0,0.1167675218257246
AB,a_b,SVM,SVM (RBF),uncalibrated,-0.1182,1.2197975,6.4872079419285814e-09,3.935269307940407e-10,10.0,6.484742376411387e-09,3.9336981946303346e-10,10.0,0.13921171516144662
AB,a_b,SVM,SVM (RBF),uncalibrated,-0.1181,1.21972575,6.65681831451579e-09,3.882109954858037e-10,10.0,6.654266559991132e-09,3.880526980628596e-10,10.0,0.16468970569223887
AB,a_b,SVM,SVM (RBF),uncalibrated,-0.118,1.219654,6.831253808114343e-09,3.8357711851053353e-10,10.0,6.828612519882425e-09,3.8341732390302883e-10,10.0,0.193237759850102
AB,a_b,SVM,SVM (RBF),uncalibrated,-0.1179,1.21972185,6.971979428189645e-09,3.764071402418768e-10,10.0,6.969265198275568e-09,3.762473585053691e-10,10.0,0.22827470556407534
AB,a_b,SVM,SVM (RBF),uncalibrated,-0.1178,1.2197897,7.1128521661041855e-09,3.7224903615319676e-10,17.0,7.110063799158479e-09,3.720863190655507e-10,17.0,0.2671508691968381
AB,a_b,SVM,SVM (RBF),uncalibrated,-0.1177,1.21985755,7.2615543136664756e-09,3.7149132450197325e-10,17.0,7.258687872990777e-09,3.7132608094275063e-10,17.0,0.3096760420349651
AB,a_b,SVM,SVM (RBF),uncalibrated,-0.1176,1.2199254,7.414265666840756e-09,3.718609447293898e-10,17.0,7.411318467428556e-09,3.716926789972094e-10,17.0,0.35554320807182266
AB,a_b,SVM,SVM (RBF),uncalibrated,-0.1175,1.2199932500000001,7.571065270171935e-09,3.732919059213739e-10,17.0,7.56803453892103e-09,3.731201487320098e-10,17.0,0.40433646569806164
AB,a_b,SVM,SVM (RBF),uncalibrated,-0.1174,1.2200611000000001,7.732037064088024e-09,3.757246709903797e-10,17.0,7.728919935429438e-09,3.7554897700540214e-10,17.0,0.4555414641306537
AB,a_b,SVM,SVM (RBF),uncalibrated,-0.1173,1.22012895,7.897272171640488e-09,3.791066401988867e-10,17.0,7.894065682180406e-09,3.789265851271512e-10,17.0,0.5085563543724149
AB,a_b,SVM,SVM (RBF),uncalibrated,-0.1172,1.2201968,8.066849788400144e-09,3.8339631702996436e-10,17.0,8.06355087929902e-09,3.8321149305673737e-10,17.0,0.5627020876125584
AB,a_b,SVM,SVM (RBF),uncalibrated,-0.1171,1.22026465,8.23922306108295e-09,3.919106087585902e-10,16.0,8.235829247749127e-09,3.917207715297928e-10,16.0,0.6172318866339577
AB,a_b,SVM,SVM (RBF),uncalibrated,-0.117,1.2203325,8.417478361710482e-09,4.0166851349071594e-10,16.0,8.413985848332306e-09,4.014713179023206e-10,16.0,0.6713405558636453
AB,a_b,SVM,SVM (RBF),uncalibrated,-0.1169,1.22040035,8.60033796976669e-09,4.120332166535066e-10,16.0,8.596743393540773e-09,4.1182828995900927e-10,16.0,0.7241747974251227
AB,a_b,SVM,SVM (RBF),uncalibrated,-0.1168,1.2204682,8.78783275055375e-09,4.2300837804744936e-10,16.0,8.784132664307887e-09,4.2279533916764243e-10,16.0,0.7748458164588995
AB,a_b,SVM,SVM (RBF),uncalibrated,-0.1167,1.22053605,8.979987989710331e-09,4.3461710357228525e-10,16.0,8.976178862696305e-09,4.3439555625851877e-10,16.0,0.822445280627311
AB,a_b,SVM,SVM (RBF),uncalibrated,-0.1166,1.2206039,9.176788058886783e-09,4.4690401976474414e-10,16.0,9.172866292928017e-09,4.4667354451838127e-10,16.0,0.8660652446586896
AB,a_b,SVM,SVM (RBF),uncalibrated,-0.1165,1.22067175,9.378603899833696e-09,4.6160885406102886e-10,23.0,9.374564911785638e-09,4.6137203663106565e-10,23.0,0.9048220671047084
AB,a_b,SVM,SVM (RBF),uncalibrated,-0.1164,1.2207396000000001,9.583747207805583e-09,4.775189422841436e-10,23.0,9.579588552362538e-09,4.772718491946086e-10,23.0,0.9378837270104192
AB,a_b,SVM,SVM (RBF),uncalibrated,-0.1163,1.2208074500000001,9.793282436136414e-09,4.945735164258995e-10,23.0,9.789000412196043e-09,4.943155049615758e-10,23.0,0.9644993696630613
AB,a_b,SVM,SVM (RBF),uncalibrated,-0.1162,1.2208753,1.0000211349196907e-08,5.173090170263315e-10,19.0,9.99580509592216e-09,5.170436738178304e-10,19.0,0.984029434640988
AB,a_b,SVM,SVM (RBF),uncalibrated,-0.1161,1.22094315,1.0217958199124577e-08,5.418666865425427e-10,19.0,1.0213421354268869e-08,5.415861381154946e-10,19.0,0.9959743950237199
AB,a_b,SVM,SVM (RBF),uncalibrated,-0.116,1.221011,1.0439555691773638e-08,5.675873775116268e-10,19.0,1.0434884587985423e-08,5.672908119861625e-10,19.0,1.0
AB,a_b,SVM,SVM (RBF),uncalibrated,-0.1159,1.2207344,1.0795615300193343e-08,6.017190916187114e-10,19.0,1.0790724004397655e-08,6.0140011774035e-10,19.0,0.9938733063947026
AB,a_b,SVM,SVM (RBF),uncalibrated,-0.1158,1.2204578000000001,1.1160856692755955e-08,6.373618726639182e-10,19.0,1.1155735814648508e-08,6.370191217024818e-10,19.0,0.9756365693659534
AB,a_b,SVM,SVM (RBF),uncalibrated,-0.1157,1.2201812,1.1534679693059509e-08,6.743247632431013e-10,19.0,1.1529319855543983e-08,6.739569116944098e-10,19.0,0.9458556654177659
AB,a_b,SVM,SVM (RBF),uncalibrated,-0.1156,1.2199046,1.1916312184084273e-08,7.123443243975278e-10,19.0,1.191070411889572e-08,7.119501337568197e-10,19.0,0.9055374806701556
AB,a_b,SVM,SVM (RBF),uncalibrated,-0.1155,1.2196280000000002,1.2304801366880039e-08,7.510801082229728e-10,19.0,1.2298936021662003e-08,7.50658470677427e-10,19.0,0.8560710078683318
AB,a_b,SVM,SVM (RBF),uncalibrated,-0.1154,1.2193514,1.2693156146663611e-08,7.915808941785989e-10,38.0,1.268702706049958e-08,7.911342734018693e-10,38.0,0.7991423251414596
AB,a_b,SVM,SVM (RBF),uncalibrated,-0.1153,1.2190748,1.309065707754898e-08,8.343007365113001e-10,38.0,1.3084254367102878e-08,8.338235173135486e-10,38.0,0.736631155841255
AB,a_b,SVM,SVM (RBF),uncalibrated,-0.1152,1.2187982,1.3498981133462602e-08,8.769143233671195e-10,27.0,1.3492293138706453e-08,8.764020333987406e-10,27.0,0.6704988740472771
AB,a_b,SVM,SVM (RBF),uncalibrated,-0.1151,1.2185216,1.3900553197859678e-08,9.19847651110661e-10,27.0,1.3893576935021763e-08,9.193030404818828e-10,27.0,0.6026786527141877
AB,a_b,SVM,SVM (RBF),uncalibrated,-0.115,1.218245,1.4301085039566701e-08,9.614053181016235e-10,27.0,1.4293814687427187e-08,9.60828212396065e-10,27.0,0.534977704928212
AB,a_b,SVM,SVM (RBF),uncalibrated,-0.1149,1.2179684,1.4698372963869633e-08,1.0007458961591368e-09,27.0,1.4690803832688e-08,1.000136614464092e-09,27.0,0.46899931974445
AB,a_b,SVM,SVM (RBF),uncalibrated,-0.1148,1.2176918,1.505488050873638e-08,1.0417720298292314e-09,13.0,1.504703014324569e-08,1.0411474373905903e-09,13.0,0.4060890752764654
AB,a_b,SVM,SVM (RBF),uncalibrated,-0.1147,1.2174152,1.5437498578769868e-08,1.085249735462071e-09,13.0,1.542934536546116e-08,1.084588588555675e-09,13.0,0.3473059373746859
AB,a_b,SVM,SVM (RBF),uncalibrated,-0.1146,1.2171386,1.5809533193949985e-08,1.124503431770973e-09,13.0,1.5801076771801633e-08,1.1238071232601387e-09,13.0,0.29341573632155826
AB,a_b,SVM,SVM (RBF),uncalibrated,-0.1145,1.2168619999999999,1.6168133054573237e-08,1.1584818999457412e-09,13.0,1.6159374880932476e-08,1.157752556482306e-09,13.0,0.24490242916449584
AB,a_b,SVM,SVM (RBF),uncalibrated,-0.1144,1.2165854,1.6510303214179372e-08,1.1861322238554937e-09,13.0,1.650124674508372e-08,1.185372757393233e-09,13.0,0.20199191365725497
AB,a_b,SVM,SVM (RBF),uncalibrated,-0.1143,1.2163088,1.6832940936830914e-08,1.2064319853868933e-09,13.0,1.6823591793173435e-08,1.20564612836373e-09,13.0,0.16468380023780413
AB,a_b,SVM,SVM (RBF),uncalibrated,-0.1142,1.2160322,1.7132868121333482e-08,1.2184251615630277e-09,13.0,1.7123234240779864e-08,1.217617482232162e-09,13.0,0.1327878933046976
AB,a_b,SVM,SVM (RBF),uncalibrated,-0.1141,1.2157556,1.7406840382340247e-08,1.2212628964754395e-09,13.0,1.7396932168349636e-08,1.2204387904020494e-09,13.0,0.10596342409364591
AB,a_b,SVM,SVM (RBF),uncalibrated,-0.114,1.215479,1.762589550264427e-08,1.2219437445982647e-09,57.0,1.761574102377455e-08,1.2211201419237597e-09,57.0,0.08375971980212747
AB,a_b,SVM,SVM (RBF),uncalibrated,-0.1139,1.2155092,1.7726656754249203e-08,1.236632606806783e-09,57.0,1.7716367077073334e-08,1.2357933909013284e-09,57.0,0.07356109954359688
AB,a_b,SVM,SVM (RBF),uncalibrated,-0.1138,1.2155394,1.7807205099370965e-08,1.2499372441975957e-09,57.0,1.7796792040059017e-08,1.2490838073400576e-09,57.0,0.06437625379903343
AB,a_b,SVM,SVM (RBF),uncalibrated,-0.1137,1.2155696,1.7867033600895858e-08,1.2622969649219579e-09,57.0,1.785650967245749e-08,1.2614305162577126e-09,57.0,0.05617131716053902
AB,a_b,SVM,SVM (RBF),uncalibrated,-0.1136,1.2155998,1.7905851471190635e-08,1.274217221270685e-09,57.0,1.7895229758074873e-08,1.273338721613533e-09,57.0,0.04889510064965506
AB,a_b,SVM,SVM (RBF),uncalibrated,-0.1135,1.21563,1.7923510511107626e-08,1.2862527213671886e-09,57.0,1.7912804580763654e-08,1.2853628215038883e-09,57.0,0.04248417417741635
AB,a_b,SVM,SVM (RBF),uncalibrated,-0.1134,1.2156602,1.791999256618845e-08,1.2989812402684742e-09,57.0,1.7909216382798853e-08,1.2980802293402746e-09,57.0,0.036867506640696386
AB,a_b,SVM,SVM (RBF),uncalibrated,-0.1133,1.2156904,1.7895491178455883e-08,1.312976885623314e-09,57.0,1.7884658962374173e-08,1.3120646517817253e-09,57.0,0.031970477247358194
AB,a_b,SVM,SVM (RBF),uncalibrated,-0.1132,1.2157206,1.785033007221922e-08,1.3287772309070977e-09,57.0,1.7839456202710037e-08,1.3278532408555526e-09,57.0,0.027718152789170832
AB,a_b,SVM,SVM (RBF),uncalibrated,-0.1131,1.2157508,1.7784993186012056e-08,1.3468529517229813e-09,57.0,1.7774092081187394e-08,1.3459162515630416e-09,57.0,0.024037804740474247
AB,a_b,SVM,SVM (RBF),uncalibrated,-0.113,1.215781,1.7700116220700986e-08,1.3675776583129789e-09,57.0,1.7689202218017346e-08,1.3666268994561539e-09,57.0,0.02086070535809052
AB,a_b,SVM,SVM (RBF),uncalibrated,-0.1129,1.2158112,1.7596447648598503e-08,1.3912056565839104e-09,57.0,1.758553490546611e-08,1.3902391456532561e-09,57.0,0.018123287214178743
AB,a_b,SVM,SVM (RBF),uncalibrated,-0.1128,1.2158414,1.7474912878624544e-08,1.4178556630154935e-09,57.0,1.7464015230052195e-08,1.416871435400051e-09,57.0,0.01576777507207012
AB,a_b,SVM,SVM (RBF),uncalibrated,-0.1127,1.2158716,1.733654105613706e-08,1.447507024608248e-09,57.0,1.7325671914691375e-08,1.4465029343315056e-09,57.0,0.013742405768198924
AB,a_b,SVM,SVM (RBF),uncalibrated,-0.1126,1.2159018,1.718240606115061e-08,1.480003009254512e-09,57.0,1.717157835222001e-08,1.478976830576342e-09,57.0,0.01200134565919653
AB,a_b,SVM,SVM (RBF),uncalibrated,-0.1125,1.215932,1.701375393191065e-08,1.5150682043151199e-09,57.0,1.7002979947976524e-08,1.5140177336544357e-09,57.0,0.010504401304834309
AB,a_b,SVM,SVM (RBF),uncalibrated,-0.1124,1.2159622,1.683183278748913e-08,1.552326187153989e-09,57.0,1.6821124148551198e-08,1.5512493417896368e-09,57.0,0.00921660167704008
AB,a_b,SVM,SVM (RBF),uncalibrated,-0.1123,1.2159924,1.6637937967476734e-08,1.59132674430013e-09,57.0,1.6627305553849276e-08,1.5902216476500961e-09,57.0,0.008107712422333232
AB,a_b,SVM,SVM (RBF),uncalibrated,-0.1122,1.2160226,1.6433467739697457e-08,1.6315714114899837e-09,57.0,1.642292158990521e-08,1.6304364628548987e-09,57.0,0.0071517264887694595
AB,a_b,SVM,SVM (RBF),uncalibrated,-0.1121,1.2160528,1.6219741417660004e-08,1.672540721080733e-09,57.0,1.6209290743948405e-08,1.6713746454592466e-09,57.0,0.00632636172342011
AB,a_b,SVM,SVM (RBF),uncalibrated,-0.112,1.216083,1.599813948403388e-08,1.7137157839108193e-09,57.0,1.5987792600534935e-08,1.7125176637003175e-09,57.0,0.00561258513425808
AB,a_b,SVM,SVM (RBF),uncalibrated,-0.1119,1.21607565,1.5765646603426662e-08,1.7546259962226884e-09,57.0,1.5755409166401845e-08,1.7533950805592297e-09,57.0,0.0049413366970419105
AB,a_b,SVM,SVM (RBF),uncalibrated,-0.1118,1.2160683,1.552592681579373e-08,1.794878157261353e-09,57.0,1.5515806849856878e-08,1.79361419964813e-09,57.0,0.004364957538152917
AB,a_b,SVM,SVM (RBF),uncalibrated,-0.1117,1.21606095,1.528030494299076e-08,1.8340300992328216e-09,57.0,1.5270309545110687e-08,1.83273322293313e-09,57.0,0.003868833998427576
AB,a_b,SVM,SVM (RBF),uncalibrated,-0.1116,1.2160536,1.503000069332098e-08,1.8716975726690713e-09,57.0,1.5020136076425005e-08,1.8703682451161626e-09,57.0,0.0034407046404903345
AB,a_b,SVM,SVM (RBF),uncalibrated,-0.1115,1.21604625,1.4776232675841807e-08,1.9075571820441732e-09,57.0,1.4766504148099889e-08,1.906196182113026e-09,57.0,0.0030702793016574425
AB,a_b,SVM,SVM (RBF),uncalibrated,-0.1114,1.2160389,1.4520109777065389e-08,1.941349802791476e-09,57.0,1.4510521795825583e-08,1.9399581816903714e-09,57.0,0.0027489171121179855
AB,a_b,SVM,SVM (RBF),uncalibrated,-0.1113,1.21603155,1.426266864892266e-08,1.9728830839738038e-09,57.0,1.425322485378873e-08,1.9714621208769836e-09,57.0,0.0024693556657989515
AB,a_b,SVM,SVM (RBF),uncalibrated,-0.1112,1.2160241999999999,1.4004892897758341e-08,2.0020282828476203e-09,57.0,1.3995596134261424e-08,2.000579439773669e-09,57.0,0.002225484061576587
AB,a_b,SVM,SVM (RBF),uncalibrated,-0.1111,1.21601685,1.3747632250005666e-08,2.028716422014406e-09,57.0,1.3738484650111415e-08,2.027241299056363e-09,57.0,0.0020121532360102036
AB,a_b,SVM,SVM (RBF),uncalibrated,-0.111,1.2160095,1.3491666585174178e-08,2.0529340003814625e-09,57.0,1.3482669608447013e-08,2.0514342920637533e-09,57.0,0.0018250177764992362
AB,a_b,SVM,SVM (RBF),uncalibrated,-0.1109,1.21600215,1.323770732294723e-08,2.0747193085077303e-09,57.0,1.3228861799369309e-08,2.0731967614806027e-09,57.0,0.0016604041669019756
AB,a_b,SVM,SVM (RBF),uncalibrated,-0.1108,1.2159948,1.2986330710167887e-08,2.094153365664569e-09,57.0,1.2977636930001719e-08,2.0926097417067064e-09,57.0,0.0015152011357362695
AB,a_b,SVM,SVM (RBF),uncalibrated,-0.1107,1.2159874499999999,1.2738072447676604e-08,2.111354020823554e-09,57.0,1.2729530190170303e-08,2.1097910633445127e-09,57.0,0.0013867684289608077
AB,a_b,SVM,SVM (RBF),uncalibrated,-0.1106,1.2159801,1.2493360892088763e-08,2.126473520184381e-09,57.0,1.2484969500731827e-08,2.1248929222461575e-09,57.0,0.0012728609064470502
AB,a_b,SVM,SVM (RBF),uncalibrated,-0.1105,1.21597275,1.2252534139760533e-08,2.1396852620918666e-09,57.0,1.2244292587634865e-08,2.1380886434675723e-09,57.0,0.0011715653629353344
AB,a_b,SVM,SVM (RBF),uncalibrated,-0.1104,1.2159654,1.20158847295111e-08,2.1511830043176852e-09,57.0,1.2007791655736175e-08,2.1495718892916476e-09,57.0,0.0010812479044739135
AB,a_b,SVM,SVM (RBF),uncalibrated,-0.1103,1.21595805,1.1783621625079949e-08,2.161171634192778e-09,57.0,1.1775675397747863e-08,2.159547436168067e-09,57.0,0.0010005100764364655
AB,a_b,SVM,SVM (RBF),uncalibrated,-0.1102,1.2159506999999998,1.15558900072247e-08,2.169865112643753e-09,57.0,1.1548088773737473e-08,2.168229120508862e-09,57.0,0.00092815224660372
AB,a_b,SVM,SVM (RBF),uncalibrated,-0.1101,1.2159433499999999,1.1332791493096668e-08,2.1774779198913933e-09,57.0,1.132513321718647e-08,2.1758312908422304e-09,57.0,0.0008631430040131734
AB,a_b,SVM,SVM (RBF),uncalibrated,-0.11,1.215936,1.1114368806461218e-08,2.1842238648839543e-09,57.0,1.110685131586041e-08,2.1825676188085555e-09,57.0,0.0008045935485060472
AB,a_b,SVM,SVM (RBF),uncalibrated,-0.1099,1.21592865,1.0900621914043485e-08,2.1903104463632572e-09,57.0,1.0893242937311686e-08,2.188645464582801e-09,57.0,0.0007517362236833549
AB,a_b,SVM,SVM (RBF),uncalibrated,-0.1098,1.2159213,1.0691524021755081e-08,2.1959376752099755e-09,57.0,1.0684281214143196e-08,2.1942647007474694e-09,57.0,0.0007039064931250028
AB,a_b,SVM,SVM (RBF),uncalibrated,-0.1097,1.21591395,1.0487008077456474e-08,2.2012934999609383e-09,57.0,1.0479899055772212e-08,2.199613141614766e-09,57.0,0.0006605277812765291
AB,a_b,SVM,SVM (RBF),uncalibrated,-0.1096,1.2159065999999998,1.0286995570954084e-08,2.206553957821244e-09,57.0,1.0280017928528004e-08,2.2048666947895586e-09,57.0,0.0006210987006825037
AB,a_b,SVM,SVM (RBF),uncalibrated,-0.1095,1.2158992499999999,1.00913652085395e-08,2.2118795496693783e-09,57.0,1.0084516551257782e-08,2.2101857392578306e-09,57.0,0.0005851822699014558
AB,a_b,SVM,SVM (RBF),uncalibrated,-0.1094,1.2158919,9.899989833029356e-09,2.2174164099293107e-09,57.0,9.89326778979096e-09,2.2157162950238133e-09,57.0,0.0005523967945404162
AB,a_b,SVM,SVM (RBF),uncalibrated,-0.1093,1.21588455,9.712740431549468e-09,2.2232958477538013e-09,57.0,9.706142661532805e-09,2.2215895651556957e-09,57.0,0.00052240813996012
AB,a_b,SVM,SVM (RBF),uncalibrated,-0.1092,1.2158772,9.529469835697565e-09,2.2296314752225194e-09,57.0,9.522994046350665e-09,2.2279190664473925e-09,57.0,0.0004949231704425074
AB,a_b,SVM,SVM (RBF),uncalibrated,-0.1091,1.21586985,9.350047704344875e-09,2.236522145917273e-09,57.0,9.343691644964342e-09,2.2348035664183644e-09,57.0,0.00046968416773994763
AB,a_b,SVM,SVM (RBF),uncalibrated,-0.109,1.2158625,9.174296449353176e-09,2.2440533091731283e-09,57.0,9.168057948294268e-09,2.2423284369620747e-09,57.0,0.00044646407338337304
AB,a_b,SVM,SVM (RBF),uncalibrated,-0.1089,1.2158551499999999,9.002102116437986e-09,2.2522922689490797e-09,57.0,8.995979041614795e-09,2.2505609169085015e-09,57.0,0.00042506242510494574
AB,a_b,SVM,SVM (RBF),uncalibrated,-0.1088,1.2158478,8.83328715210887e-09,2.2612953487192856e-09,57.0,8.82727745869705e-09,2.2595572722116374e-09,57.0,0.0004053018792066237
AB,a_b,SVM,SVM (RBF),uncalibrated,-0.1087,1.21584045,8.66772714935589e-09,2.271105471713779e-09,57.0,8.661828846771426e-09,2.269360378063742e-09,57.0,0.00038702522847904985
AB,a_b,SVM,SVM (RBF),uncalibrated,-0.1086,1.2158331,8.505282726942253e-09,2.2817526254765664e-09,57.0,8.499493892325735e-09,2.280000183388233e-09,57.0,0.0003700928400042965
AB,a_b,SVM,SVM (RBF),uncalibrated,-0.1085,1.21582575,8.345813374145265e-09,2.2932559688152388e-09,57.0,8.34013215604288e-09,2.2914958165031545e-09,57.0,0.0003543804493968493
AB,a_b,SVM,SVM (RBF),uncalibrated,-0.1084,1.2158184,8.189219148257371e-09,2.305625355985224e-09,57.0,8.183643741223846e-09,2.30385710831241e-09,57.0,0.00033977725819345813
AB,a_b,SVM,SVM (RBF),uncalibrated,-0.1083,1.21581105,8.035349682808132e-09,2.3188614909330992e-09,57.0,8.029878364574079e-09,2.3170847464943352e-09,57.0,0.00032618428955431773
AB,a_b,SVM,SVM (RBF),uncalibrated,-0.1082,1.2158037,7.884130238460489e-09,2.332956530263264e-09,57.0,7.878761319770575e-09,2.331170878201163e-09,57.0,0.00031351296448301185
AB,a_b,SVM,SVM (RBF),uncalibrated,-0.1081,1.21579635,7.73542983255077e-09,2.347894770252089e-09,57.0,7.730161697884281e-09,2.346099796611333e-09,57.0,0.00030168386665364595
AB,a_b,SVM,SVM (RBF),uncalibrated,-0.108,1.215789,7.589189810115987e-09,2.3636563335279473e-09,57.0,7.58402086940084e-09,2.361851624989124e-09,57.0,0.0002906256688520631
AB,a_b,NN,Neural Network,uncalibrated,-0.128,1.224394,0.0,0.0,2.0,0.0,0.0,2.0,1.0
AB,a_b,NN,Neural Network,uncalibrated,-0.1279,1.22435395,0.0,0.0,2.0,0.0,0.0,2.0,0.9965198768351109
AB,a_b,NN,Neural Network,uncalibrated,-0.1278,1.2243139,0.0,0.0,2.0,0.0,0.0,2.0,0.9861522103969512
AB,a_b,NN,Neural Network,uncalibrated,-0.1277,1.2242738499999999,0.0,0.0,2.0,0.0,0.0,2.0,0.9691202271792234
AB,a_b,NN,Neural Network,uncalibrated,-0.1276,1.2242338,0.0,0.0,2.0,0.0,0.0,2.0,0.9457923848092307
AB,a_b,NN,Neural Network,uncalibrated,-0.1275,1.22419375,0.0,0.0,2.0,0.0,0.0,2.0,0.9166691693091688
AB,a_b,NN,Neural Network,uncalibrated,-0.1274,1.2241537,0.0,0.0,2.0,0.0,0.0,2.0,0.8823650922307854
AB,a_b,NN,Neural Network,uncalibrated,-0.1273,1.22411365,0.0,0.0,2.0,0.0,0.0,2.0,0.8435867267245822
AB,a_b,NN,Neural Network,uncalibrated,-0.1272,1.2240735999999999,0.0,0.0,2.0,0.0,0.0,2.0,0.8011078208569667
AB,a_b,NN,Neural Network,uncalibrated,-0.1271,1.22403355,0.0,0.0,2.0,0.0,0.0,2.0,0.755742679688333
AB,a_b,NN,Neural Network,uncalibrated,-0.127,1.2239935,0.0,0.0,2.0,0.0,0.0,2.0,0.708319101308405
AB,a_b,NN,Neural Network,uncalibrated,-0.1269,1.22395345,0.0,0.0,2.0,0.0,0.0,2.0,0.659652172316303
AB,a_b,NN,Neural Network,uncalibrated,-0.1268,1.2239134,0.0,0.0,2.0,0.0,0.0,2.0,0.6105201640862996
AB,a_b,NN,Neural Network,uncalibrated,-0.1267,1.2238733499999999,0.0,0.0,2.0,0.0,0.0,2.0,0.5616436184105992
AB,a_b,NN,Neural Network,uncalibrated,-0.1266,1.2238333,0.0,0.0,2.0,0.0,0.0,2.0,0.5136684759939565
AB,a_b,NN,Neural Network,uncalibrated,-0.1265,1.22379325,0.0,0.0,2.0,0.0,0.0,2.0,0.4671538019702879
AB,a_b,NN,Neural Network,uncalibrated,-0.1264,1.2237532,0.0,0.0,2.0,0.0,0.0,2.0,0.42256432789914083
AB,a_b,NN,Neural Network,uncalibrated,-0.1263,1.22371315,0.0,0.0,2.0,0.0,0.0,2.0,0.3802676947538697
AB,a_b,NN,Neural Network,uncalibrated,-0.1262,1.2236730999999998,0.0,0.0,2.0,0.0,0.0,2.0,0.34053598170492577
AB,a_b,NN,Neural Network,uncalibrated,-0.1261,1.2236330499999999,0.0,0.0,2.0,0.0,0.0,2.0,0.30355087049320967
AB,a_b,NN,Neural Network,uncalibrated,-0.126,1.223593,0.0,0.0,2.0,0.0,0.0,2.0,0.26941164347809
AB,a_b,NN,Neural Network,uncalibrated,-0.1259,1.2235603499999999,0.0,0.0,2.0,0.0,0.0,2.0,0.23820821733262745
AB,a_b,NN,Neural Network,uncalibrated,-0.1258,1.2235277,0.0,0.0,2.0,0.0,0.0,2.0,0.20983329033999878
AB,a_b,NN,Neural Network,uncalibrated,-0.1257,1.22349505,0.0,0.0,2.0,0.0,0.0,2.0,0.18420255065153363
AB,a_b,NN,Neural Network,uncalibrated,-0.1256,1.2234623999999998,0.0,0.0,2.0,0.0,0.0,2.0,0.16119326987326976
AB,a_b,NN,Neural Network,uncalibrated,-0.1255,1.22342975,0.0,0.0,2.0,0.0,0.0,2.0,0.1406546729368511
AB,a_b,NN,Neural Network,uncalibrated,-0.1254,1.2233971,0.0,0.0,2.0,0.0,0.0,2.0,0.1224172233326786
AB,a_b,NN,Neural Network,uncalibrated,-0.1253,1.2233644499999998,0.0,0.0,2.0,0.0,0.0,2.0,0.10630063832714096
AB,a_b,NN,Neural Network,uncalibrated,-0.1252,1.2233318,0.0,0.0,2.0,0.0,0.0,2.0,0.0921205662784826
AB,a_b,NN,Neural Network,uncalibrated,-0.1251,1.22329915,0.0,0.0,2.0,0.0,0.0,2.0,0.07969394920398565
AB,a_b,NN,Neural Network,uncalibrated,-0.125,1.2232664999999998,0.0,0.0,2.0,0.0,0.0,2.0,0.06884315825399696
AB,a_b,NN,Neural Network,uncalibrated,-0.1249,1.22323385,0.0,0.0,2.0,0.0,0.0,2.0,0.059399030381848204
AB,a_b,NN,Neural Network,uncalibrated,-0.1248,1.2232011999999999,0.0,0.0,2.0,0.0,0.0,2.0,0.05120295541558441
AB,a_b,NN,Neural Network,uncalibrated,-0.1247,1.22316855,0.0,0.0,2.0,0.0,0.0,2.0,0.04410816856221475
AB,a_b,NN,Neural Network,uncalibrated,-0.1246,1.2231359,0.0,0.0,2.0,0.0,0.0,2.0,0.03798039851257508
AB,a_b,NN,Neural Network,uncalibrated,-0.1245,1.2231032499999999,0.0,0.0,2.0,0.0,0.0,2.0,0.03269800955147483
AB,a_b,NN,Neural Network,uncalibrated,-0.1244,1.2230706,0.0,0.0,2.0,0.0,0.0,2.0,0.028151760425428517
AB,a_b,NN,Neural Network,uncalibrated,-0.1243,1.22303795,0.0,0.0,2.0,0.0,0.0,2.0,0.024244285418457974
AB,a_b,NN,Neural Network,uncalibrated,-0.1242,1.2230052999999999,0.0,0.0,2.0,0.0,0.0,2.0,0.020889385695286186
AB,a_b,NN,Neural Network,uncalibrated,-0.1241,1.22297265,0.0,0.0,2.0,0.0,0.0,2.0,0.018011202502675117
AB,a_b,NN,Neural Network,uncalibrated,-0.124,1.22294,0.0,0.0,2.0,0.0,0.0,2.0,0.015543328870122152
AB,a_b,NN,Neural Network,uncalibrated,-0.1239,1.22289565,0.0,0.0,2.0,0.0,0.0,2.0,0.013419843951792482
AB,a_b,NN,Neural Network,uncalibrated,-0.1238,1.2228512999999999,0.0,0.0,2.0,0.0,0.0,2.0,0.01160077629939105
AB,a_b,NN,Neural Network,uncalibrated,-0.1237,1.2228069499999998,0.0,0.0,2.0,0.0,0.0,2.0,0.010042283027691916
AB,a_b,NN,Neural Network,uncalibrated,-0.1236,1.2227626,0.0,0.0,2.0,0.0,0.0,2.0,0.008706588336391752
AB,a_b,NN,Neural Network,uncalibrated,-0.1235,1.22271825,0.0,0.0,2.0,0.0,0.0,2.0,0.007561234701913614
AB,a_b,NN,Neural Network,uncalibrated,-0.1234,1.2226739,0.0,0.0,2.0,0.0,0.0,2.0,0.006578400606801844
AB,a_b,NN,Neural Network,uncalibrated,-0.1233,1.22262955,0.0,0.0,2.0,0.0,0.0,2.0,0.005734286216120153
AB,a_b,NN,Neural Network,uncalibrated,-0.1232,1.2225852,0.0,0.0,2.0,0.0,0.0,2.0,0.005008565755839669
AB,a_b,NN,Neural Network,uncalibrated,-0.1231,1.22254085,0.0,0.0,2.0,0.0,0.0,2.0,0.004383903514839181
AB,a_b,NN,Neural Network,uncalibrated,-0.123,1.2224965,0.0,0.0,2.0,0.0,0.0,2.0,0.003845529212338575
AB,a_b,NN,Neural Network,uncalibrated,-0.1229,1.22245215,0.0,0.0,2.0,0.0,0.0,2.0,0.0033808677991571516
AB,a_b,NN,Neural Network,uncalibrated,-0.1228,1.2224078,0.0,0.0,2.0,0.0,0.0,2.0,0.0029792184684498705
AB,a_b,NN,Neural Network,uncalibrated,-0.1227,1.22236345,0.0,0.0,2.0,0.0,0.0,2.0,0.0026314776351360446
AB,a_b,NN,Neural Network,uncalibrated,-0.1226,1.2223191,0.0,0.0,2.0,0.0,0.0,2.0,0.002329900818620851
AB,a_b,NN,Neural Network,uncalibrated,-0.1225,1.22227475,0.0,0.0,2.0,0.0,0.0,2.0,0.0020678986640312955
AB,a_b,NN,Neural Network,uncalibrated,-0.1224,1.2222304,0.0,0.0,2.0,0.0,0.0,2.0,0.0018398627119969935
AB,a_b,NN,Neural Network,uncalibrated,-0.1223,1.2221860500000001,0.0,0.0,2.0,0.0,0.0,2.0,0.001641016937985516
AB,a_b,NN,Neural Network,uncalibrated,-0.1222,1.2221417,0.0,0.0,2.0,0.0,0.0,2.0,0.0014672915020175553
AB,a_b,NN,Neural Network,uncalibrated,-0.1221,1.22209735,0.0,0.0,2.0,0.0,0.0,2.0,0.0013152155593868556
AB,a_b,NN,Neural Network,uncalibrated,-0.122,1.222053,0.0,0.0,2.0,0.0,0.0,2.0,0.001181826370519135
AB,a_b,NN,Neural Network,uncalibrated,-0.1219,1.2220048000000001,0.0,0.0,2.0,0.0,0.0,2.0,0.0010644343625279573
AB,a_b,NN,Neural Network,uncalibrated,-0.1218,1.2219566000000002,0.0,0.0,2.0,0.0,0.0,2.0,0.0009610711944694162
AB,a_b,NN,Neural Network,uncalibrated,-0.1217,1.2219084,0.0,0.0,2.0,0.0,0.0,2.0,0.0008698742642443199
AB,a_b,NN,Neural Network,uncalibrated,-0.1216,1.2218602,0.0,0.0,2.0,0.0,0.0,2.0,0.0007892464900899277
AB,a_b,NN,Neural Network,uncalibrated,-0.1215,1.2218120000000001,0.0,0.0,2.0,0.0,0.0,2.0,0.0007178165931749389
AB,a_b,NN,Neural Network,uncalibrated,-0.1214,1.2217638,0.0,0.0,2.0,0.0,0.0,2.0,0.0006544054962362382
AB,a_b,NN,Neural Network,uncalibrated,-0.1213,1.2217156,0.0,0.0,2.0,0.0,0.0,2.0,0.0005979978873720581
AB,a_b,NN,Neural Network,uncalibrated,-0.1212,1.2216674,0.0,0.0,2.0,0.0,0.0,2.0,0.0005477181437559427
AB,a_b,NN,Neural Network,uncalibrated,-0.1211,1.2216192000000001,0.0,0.0,2.0,0.0,0.0,2.0,0.0005028099345575142
AB,a_b,NN,Neural Network,uncalibrated,-0.121,1.221571,0.0,0.0,2.0,0.0,0.0,2.0,0.00046261892840907036
AB,a_b,NN,Neural Network,uncalibrated,-0.1209,1.2215228,0.0,0.0,2.0,0.0,0.0,2.0,0.00042657812079719207
AB,a_b,NN,Neural Network,uncalibrated,-0.1208,1.2214746,0.0,0.0,2.0,0.0,0.0,2.0,0.0003941953730033151
AB,a_b,NN,Neural Network,uncalibrated,-0.1207,1.2214264000000001,0.0,0.0,2.0,0.0,0.0,2.0,0.0003650428186443454
AB,a_b,NN,Neural Network,uncalibrated,-0.1206,1.2213782000000002,0.0,0.0,2.0,0.0,0.0,2.0,0.000338747848211842
AB,a_b,NN,Neural Network,uncalibrated,-0.1205,1.22133,0.0,0.0,2.0,0.0,0.0,2.0,0.00031498542779141725
AB,a_b,NN,Neural Network,uncalibrated,-0.1204,1.2212818,0.0,0.0,2.0,0.0,0.0,2.0,0.0002934715466729363
AB,a_b,NN,Neural Network,uncalibrated,-0.1203,1.2212336000000001,0.0,0.0,2.0,0.0,0.0,2.0,0.0002739576209612422
AB,a_b,NN,Neural Network,uncalibrated,-0.1202,1.2211854000000002,0.0,0.0,2.0,0.0,0.0,2.0,0.0002562257075284176
AB,a_b,NN,Neural Network,uncalibrated,-0.1201,1.2211372,0.0,0.0,2.0,0.0,0.0,2.0,0.00024008440552923067
AB,a_b,NN,Neural Network,uncalibrated,-0.12,1.221089,0.0,0.0,2.0,0.0,0.0,2.0,0.00022536534192472952
AB,a_b,NN,Neural Network,uncalibrated,-0.1199,1.22101725,0.0,0.0,2.0,0.0,0.0,2.0,0.00021185416033027375
AB,a_b,NN,Neural Network,uncalibrated,-0.1198,1.2209455,0.0,0.0,2.0,0.0,0.0,2.0,0.00019950605158871107
AB,a_b,NN,Neural Network,uncalibrated,-0.1197,1.22087375,0.0,0.0,2.0,0.0,0.0,2.0,0.00018820193348103147
AB,a_b,NN,Neural Network,uncalibrated,-0.1196,1.2208020000000002,0.0,0.0,2.0,0.0,0.0,2.0,0.0001778364841106843
AB,a_b,NN,Neural Network,uncalibrated,-0.1195,1.2207302500000001,0.0,0.0,2.0,0.0,0.0,2.0,0.00016831640039996796
AB,a_b,NN,Neural Network,uncalibrated,-0.1194,1.2206585,0.0,0.0,2.0,0.0,0.0,2.0,0.00015955889321181914
AB,a_b,NN,Neural Network,uncalibrated,-0.1193,1.22058675,0.0,0.0,2.0,0.0,0.0,2.0,0.00015149038508699742
AB,a_b,NN,Neural Network,uncalibrated,-0.1192,1.220515,0.0,0.0,2.0,0.0,0.0,2.0,0.00014404538169582366
AB,a_b,NN,Neural Network,uncalibrated,-0.1191,1.22044325,0.0,0.0,2.0,0.0,0.0,2.0,0.0001371654924190055
AB,a_b,NN,Neural Network,uncalibrated,-0.119,1.2203715000000002,0.0,0.0,2.0,0.0,0.0,2.0,0.00013079857912004606
AB,a_b,NN,Neural Network,uncalibrated,-0.1189,1.2202997500000001,0.0,0.0,2.0,0.0,0.0,2.0,0.00012489801525795505
AB,a_b,NN,Neural Network,uncalibrated,-0.1188,1.220228,0.0,0.0,2.0,0.0,0.0,2.0,0.00011942204010249397
AB,a_b,NN,Neural Network,uncalibrated,-0.1187,1.22015625,0.0,0.0,2.0,0.0,0.0,2.0,0.0001143331950294504
AB,a_b,NN,Neural Network,uncalibrated,-0.1186,1.2200845,0.0,0.0,2.0,0.0,0.0,2.0,0.00010959783075301721
AB,a_b,NN,Neural Network,uncalibrated,-0.1185,1.22001275,0.0,0.0,2.0,0.0,0.0,2.0,0.00010518567594887115
AB,a_b,NN,Neural Network,uncalibrated,-0.1184,1.219941,0.0,0.0,2.0,0.0,0.0,2.0,0.0001010694590789741
AB,a_b,NN,Neural Network,uncalibrated,-0.1183,1.2198692500000001,0.0,0.0,2.0,0.0,0.0,2.0,9.722457638465064e-05
AB,a_b,NN,Neural Network,uncalibrated,-0.1182,1.2197975,0.0,0.0,2.0,0.0,0.0,2.0,9.362879999922307e-05
AB,a_b,NN,Neural Network,uncalibrated,-0.1181,1.21972575,0.0,0.0,2.0,0.0,0.0,2.0,9.026202097162136e-05
AB,a_b,NN,Neural Network,uncalibrated,-0.118,1.219654,0.0,0.0,2.0,0.0,0.0,2.0,8.71060227100547e-05
AB,a_b,NN,Neural Network,uncalibrated,-0.1179,1.21972185,0.0,0.0,2.0,0.0,0.0,2.0,8.40168670051037e-05
AB,a_b,NN,Neural Network,uncalibrated,-0.1178,1.2197897,0.0,0.0,2.0,0.0,0.0,2.0,8.110872070316452e-05
AB,a_b,NN,Neural Network,uncalibrated,-0.1177,1.21985755,0.0,0.0,2.0,0.0,0.0,2.0,7.836829191720683e-05
AB,a_b,NN,Neural Network,uncalibrated,-0.1176,1.2199254,0.0,0.0,2.0,0.0,0.0,2.0,7.578341515040472e-05
AB,a_b,NN,Neural Network,uncalibrated,-0.1175,1.2199932500000001,0.0,0.0,2.0,0.0,0.0,2.0,7.334294632457743e-05
AB,a_b,NN,Neural Network,uncalibrated,-0.1174,1.2200611000000001,0.0,0.0,2.0,0.0,0.0,2.0,7.103666825309391e-05
AB,a_b,NN,Neural Network,uncalibrated,-0.1173,1.22012895,0.0,0.0,2.0,0.0,0.0,2.0,6.885520547307112e-05
AB,a_b,NN,Neural Network,uncalibrated,-0.1172,1.2201968,0.0,0.0,2.0,0.0,0.0,2.0,6.678994746680243e-05
AB,a_b,NN,Neural Network,uncalibrated,-0.1171,1.22026465,0.0,0.0,2.0,0.0,0.0,2.0,6.483297940533876e-05
AB,a_b,NN,Neural Network,uncalibrated,-0.117,1.2203325,0.0,0.0,2.0,0.0,0.0,2.0,6.297701963928617e-05
AB,a_b,NN,Neural Network,uncalibrated,-0.1169,1.22040035,0.0,0.0,2.0,0.0,0.0,2.0,6.121536324419036e-05
AB,a_b,NN,Neural Network,uncalibrated,-0.1168,1.2204682,0.0,0.0,2.0,0.0,0.0,2.0,5.954183100140229e-05
AB,a_b,NN,Neural Network,uncalibrated,-0.1167,1.22053605,0.0,0.0,2.0,0.0,0.0,2.0,5.795072326094329e-05
AB,a_b,NN,Neural Network,uncalibrated,-0.1166,1.2206039,0.0,0.0,2.0,0.0,0.0,2.0,5.6436778191464555e-05
AB,a_b,NN,Neural Network,uncalibrated,-0.1165,1.22067175,0.0,0.0,2.0,0.0,0.0,2.0,5.499513397464244e-05
AB,a_b,NN,Neural Network,uncalibrated,-0.1164,1.2207396000000001,0.0,0.0,2.0,0.0,0.0,2.0,5.362129454796913e-05
AB,a_b,NN,Neural Network,uncalibrated,-0.1163,1.2208074500000001,0.0,0.0,2.0,0.0,0.0,2.0,5.2311098541478404e-05
AB,a_b,NN,Neural Network,uncalibrated,-0.1162,1.2208753,0.0,0.0,2.0,0.0,0.0,2.0,5.106069109103374e-05
AB,a_b,NN,Neural Network,uncalibrated,-0.1161,1.22094315,0.0,0.0,2.0,0.0,0.0,2.0,4.986649824390158e-05
AB,a_b,NN,Neural Network,uncalibrated,-0.116,1.221011,0.0,0.0,2.0,0.0,0.0,2.0,4.8725203701852104e-05
AB,a_b,NN,Neural Network,uncalibrated,-0.1159,1.2207344,0.0,0.0,2.0,0.0,0.0,2.0,4.768648874415953e-05
AB,a_b,NN,Neural Network,uncalibrated,-0.1158,1.2204578000000001,0.0,0.0,2.0,0.0,0.0,2.0,4.673859827304802e-05
AB,a_b,NN,Neural Network,uncalibrated,-0.1157,1.2201812,0.0,0.0,2.0,0.0,0.0,2.0,4.587295076619707e-05
AB,a_b,NN,Neural Network,uncalibrated,-0.1156,1.2199046,0.0,0.0,2.0,0.0,0.0,2.0,4.508177648740681e-05
AB,a_b,NN,Neural Network,uncalibrated,-0.1155,1.2196280000000002,0.0,0.0,2.0,0.0,0.0,2.0,4.4358028278727665e-05
AB,a_b,NN,Neural Network,uncalibrated,-0.1154,1.2193514,0.0,0.0,2.0,0.0,0.0,2.0,4.369530239606881e-05
AB,a_b,NN,Neural Network,uncalibrated,-0.1153,1.2190748,0.0,0.0,2.0,0.0,0.0,2.0,4.308776847739733e-05
AB,a_b,NN,Neural Network,uncalibrated,-0.1152,1.2187982,0.0,0.0,2.0,0.0,0.0,2.0,4.253010776578037e-05
AB,a_b,NN,Neural Network,uncalibrated,-0.1151,1.2185216,0.0,0.0,2.0,0.0,0.0,2.0,4.201745875928503e-05
AB,a_b,NN,Neural Network,uncalibrated,-0.115,1.218245,0.0,0.0,2.0,0.0,0.0,2.0,4.154536951804568e-05
AB,a_b,NN,Neural Network,uncalibrated,-0.1149,1.2179684,0.0,0.0,2.0,0.0,0.0,2.0,4.110975592011714e-05
AB,a_b,NN,Neural Network,uncalibrated,-0.1148,1.2176918,0.0,0.0,2.0,0.0,0.0,2.0,4.070686521847415e-05
AB,a_b,NN,Neural Network,uncalibrated,-0.1147,1.2174152,0.0,0.0,2.0,0.0,0.0,2.0,4.0333244309385156e-05
AB,a_b,NN,Neural Network,uncalibrated,-0.1146,1.2171386,0.0,0.0,2.0,0.0,0.0,2.0,3.998571217615303e-05
AB,a_b,NN,Neural Network,uncalibrated,-0.1145,1.2168619999999999,0.0,0.0,2.0,0.0,0.0,2.0,3.9661336021254473e-05
AB,a_b,NN,Neural Network,uncalibrated,-0.1144,1.2165854,0.0,0.0,2.0,0.0,0.0,2.0,3.935741064409835e-05
AB,a_b,NN,Neural Network,uncalibrated,-0.1143,1.2163088,0.0,0.0,2.0,0.0,0.0,2.0,3.9071440661193596e-05
AB,a_b,NN,Neural Network,uncalibrated,-0.1142,1.2160322,0.0,0.0,2.0,0.0,0.0,2.0,3.880112520083995e-05
AB,a_b,NN,Neural Network,uncalibrated,-0.1141,1.2157556,0.0,0.0,2.0,0.0,0.0,2.0,3.8544344736091896e-05
AB,a_b,NN,Neural Network,uncalibrated,-0.114,1.215479,0.0,0.0,2.0,0.0,0.0,2.0,3.829914974827703e-05
AB,a_b,NN,Neural Network,uncalibrated,-0.1139,1.2155092,0.0,0.0,2.0,0.0,0.0,2.0,3.7711144289415247e-05
AB,a_b,NN,Neural Network,uncalibrated,-0.1138,1.2155394,0.0,0.0,2.0,0.0,0.0,2.0,3.7141260892470546e-05
AB,a_b,NN,Neural Network,uncalibrated,-0.1137,1.2155696,0.0,0.0,2.0,0.0,0.0,2.0,3.6588659235025004e-05
AB,a_b,NN,Neural Network,uncalibrated,-0.1136,1.2155998,0.0,0.0,2.0,0.0,0.0,2.0,3.6052547752276614e-05
AB,a_b,NN,Neural Network,uncalibrated,-0.1135,1.21563,0.0,0.0,2.0,0.0,0.0,2.0,3.55321805479163e-05
AB,a_b,NN,Neural Network,uncalibrated,-0.1134,1.2156602,0.0,0.0,2.0,0.0,0.0,2.0,3.5026854513736754e-05
AB,a_b,NN,Neural Network,uncalibrated,-0.1133,1.2156904,0.0,0.0,2.0,0.0,0.0,2.0,3.453590664253494e-05
AB,a_b,NN,Neural Network,uncalibrated,-0.1132,1.2157206,0.0,0.0,2.0,0.0,0.0,2.0,3.40587115201444e-05
AB,a_b,NN,Neural Network,uncalibrated,-0.1131,1.2157508,0.0,0.0,2.0,0.0,0.0,2.0,3.359467898357141e-05
AB,a_b,NN,Neural Network,uncalibrated,-0.113,1.215781,0.0,0.0,2.0,0.0,0.0,2.0,3.314325193325478e-05
AB,a_b,NN,Neural Network,uncalibrated,-0.1129,1.2158112,0.0,0.0,2.0,0.0,0.0,2.0,3.2703904288436695e-05
AB,a_b,NN,Neural Network,uncalibrated,-0.1128,1.2158414,0.0,0.0,2.0,0.0,0.0,2.0,3.227613907549874e-05
AB,a_b,NN,Neural Network,uncalibrated,-0.1127,1.2158716,0.0,0.0,2.0,0.0,0.0,2.0,3.1859486639920155e-05
AB,a_b,NN,Neural Network,uncalibrated,-0.1126,1.2159018,0.0,0.0,2.0,0.0,0.0,2.0,3.145350297325721e-05
AB,a_b,NN,Neural Network,uncalibrated,-0.1125,1.215932,0.0,0.0,2.0,0.0,0.0,2.0,3.1057768147192085e-05
AB,a_b,NN,Neural Network,uncalibrated,-0.1124,1.2159622,0.0,0.0,2.0,0.0,0.0,2.0,3.0671884847336175e-05
AB,a_b,NN,Neural Network,uncalibrated,-0.1123,1.2159924,0.0,0.0,2.0,0.0,0.0,2.0,3.0295477000011864e-05
AB,a_b,NN,Neural Network,uncalibrated,-0.1122,1.2160226,0.0,0.0,2.0,0.0,0.0,2.0,2.9928188485761743e-05
AB,a_b,NN,Neural Network,uncalibrated,-0.1121,1.2160528,0.0,0.0,2.0,0.0,0.0,2.0,2.9569681933802888e-05
AB,a_b,NN,Neural Network,uncalibrated,-0.112,1.216083,0.0,0.0,2.0,0.0,0.0,2.0,2.921963759206327e-05
AB,a_b,NN,Neural Network,uncalibrated,-0.1119,1.21607565,0.0,0.0,2.0,0.0,0.0,2.0,2.8915074548349925e-05
AB,a_b,NN,Neural Network,uncalibrated,-0.1118,1.2160683,0.0,0.0,2.0,0.0,0.0,2.0,2.8617881040401446e-05
AB,a_b,NN,Neural Network,uncalibrated,-0.1117,1.21606095,0.0,0.0,2.0,0.0,0.0,2.0,2.8327788686354772e-05
AB,a_b,NN,Neural Network,uncalibrated,-0.1116,1.2160536,0.0,0.0,2.0,0.0,0.0,2.0,2.8044541631291936e-05
AB,a_b,NN,Neural Network,uncalibrated,-0.1115,1.21604625,0.0,0.0,2.0,0.0,0.0,2.0,2.7767895868576402e-05
AB,a_b,NN,Neural Network,uncalibrated,-0.1114,1.2160389,0.0,0.0,2.0,0.0,0.0,2.0,2.7497618602637974e-05
AB,a_b,NN,Neural Network,uncalibrated,-0.1113,1.21603155,0.0,0.0,2.0,0.0,0.0,2.0,2.723348765038278e-05
AB,a_b,NN,Neural Network,uncalibrated,-0.1112,1.2160241999999999,0.0,0.0,2.0,0.0,0.0,2.0,2.6975290878612404e-05
AB,a_b,NN,Neural Network,uncalibrated,-0.1111,1.21601685,0.0,0.0,2.0,0.0,0.0,2.0,2.672282567503451e-05
AB,a_b,NN,Neural Network,uncalibrated,-0.111,1.2160095,0.0,0.0,2.0,0.0,0.0,2.0,2.647589845062516e-05
AB,a_b,NN,Neural Network,uncalibrated,-0.1109,1.21600215,0.0,0.0,2.0,0.0,0.0,2.0,2.6234324171267212e-05
AB,a_b,NN,Neural Network,uncalibrated,-0.1108,1.2159948,0.0,0.0,2.0,0.0,0.0,2.0,2.599792591674188e-05
AB,a_b,NN,Neural Network,uncalibrated,-0.1107,1.2159874499999999,0.0,0.0,2.0,0.0,0.0,2.0,2.5766534465292224e-05
AB,a_b,NN,Neural Network,uncalibrated,-0.1106,1.2159801,0.0,0.0,2.0,0.0,0.0,2.0,2.5539987902099397e-05
AB,a_b,NN,Neural Network,uncalibrated,-0.1105,1.21597275,0.0,0.0,2.0,0.0,0.0,2.0,2.531813125014165e-05
AB,a_b,NN,Neural Network,uncalibrated,-0.1104,1.2159654,0.0,0.0,2.0,0.0,0.0,2.0,2.5100816122002786e-05
AB,a_b,NN,Neural Network,uncalibrated,-0.1103,1.21595805,0.0,0.0,2.0,0.0,0.0,2.0,2.4887900391307696e-05
AB,a_b,NN,Neural Network,uncalibrated,-0.1102,1.2159506999999998,0.0,0.0,2.0,0.0,0.0,2.0,2.467924788255007e-05
AB,a_b,NN,Neural Network,uncalibrated,-0.1101,1.2159433499999999,0.0,0.0,2.0,0.0,0.0,2.0,2.447472807816547e-05
AB,a_b,NN,Neural Network,uncalibrated,-0.11,1.215936,0.0,0.0,2.0,0.0,0.0,2.0,2.427421584178286e-05
AB,a_b,NN,Neural Network,uncalibrated,-0.1099,1.21592865,0.0,0.0,2.0,0.0,0.0,2.0,2.4077591156655786e-05
AB,a_b,NN,Neural Network,uncalibrated,-0.1098,1.2159213,0.0,0.0,2.0,0.0,0.0,2.0,2.388473887835172e-05
AB,a_b,NN,Neural Network,uncalibrated,-0.1097,1.21591395,0.0,0.0,2.0,0.0,0.0,2.0,2.369554850083106e-05
AB,a_b,NN,Neural Network,uncalibrated,-0.1096,1.2159065999999998,0.0,0.0,2.0,0.0,0.0,2.0,2.3509913935112216e-05
AB,a_b,NN,Neural Network,uncalibrated,-0.1095,1.2158992499999999,0.0,0.0,2.0,0.0,0.0,2.0,2.3327733299768596e-05
AB,a_b,NN,Neural Network,uncalibrated,-0.1094,1.2158919,0.0,0.0,2.0,0.0,0.0,2.0,2.3148908722558206e-05
AB,a_b,NN,Neural Network,uncalibrated,-0.1093,1.21588455,0.0,0.0,2.0,0.0,0.0,2.0,2.2973346152525038e-05
AB,a_b,NN,Neural Network,uncalibrated,-0.1092,1.2158772,0.0,0.0,2.0,0.0,0.0,2.0,2.2800955181963644e-05
AB,a_b,NN,Neural Network,uncalibrated,-0.1091,1.21586985,0.0,0.0,2.0,0.0,0.0,2.0,2.2631648877670173e-05
AB,a_b,NN,Neural Network,uncalibrated,-0.109,1.2158625,0.0,0.0,2.0,0.0,0.0,2.0,2.24653436209454e-05
AB,a_b,NN,Neural Network,uncalibrated,-0.1089,1.2158551499999999,0.0,0.0,2.0,0.0,0.0,2.0,2.2301958955846316e-05
AB,a_b,NN,Neural Network,uncalibrated,-0.1088,1.2158478,0.0,0.0,2.0,0.0,0.0,2.0,2.2141417445216175e-05
AB,a_b,NN,Neural Network,uncalibrated,-0.1087,1.21584045,0.0,0.0,2.0,0.0,0.0,2.0,2.198364453405389e-05
AB,a_b,NN,Neural Network,uncalibrated,-0.1086,1.2158331,0.0,0.0,2.0,0.0,0.0,2.0,2.182856841980815e-05
AB,a_b,NN,Neural Network,uncalibrated,-0.1085,1.21582575,0.0,0.0,2.0,0.0,0.0,2.0,2.167611992920915e-05
AB,a_b,NN,Neural Network,uncalibrated,-0.1084,1.2158184,0.0,0.0,2.0,0.0,0.0,2.0,2.1526232401276494e-05
AB,a_b,NN,Neural Network,uncalibrated,-0.1083,1.21581105,0.0,0.0,2.0,0.0,0.0,2.0,2.137884157615964e-05
AB,a_b,NN,Neural Network,uncalibrated,-0.1082,1.2158037,0.0,0.0,2.0,0.0,0.0,2.0,2.1233885489493173e-05
AB,a_b,NN,Neural Network,uncalibrated,-0.1081,1.21579635,0.0,0.0,2.0,0.0,0.0,2.0,2.1091304371964815e-05
AB,a_b,NN,Neural Network,uncalibrated,-0.108,1.215789,0.0,0.0,2.0,0.0,0.0,2.0,2.0951040553813572e-05
