transition,folder,tag,model,calibration,param,k4,mean,mean_err,mean_B,ess_frac
AB,a_b,LR,Logistic Regression,uncalibrated,-0.128,1.224394,0.0001395052452466226,0.0002990194366436957,3.0,0.00042325654810152413
AB,a_b,LR,Logistic Regression,uncalibrated,-0.1279,1.22435395,0.00014529725478884683,0.0003007300843835546,3.0,0.0004380997120922392
AB,a_b,LR,Logistic Regression,uncalibrated,-0.1278,1.2243139,0.00015112351993497864,0.00030243682505960766,3.0,0.0004536840556492265
AB,a_b,LR,Logistic Regression,uncalibrated,-0.1277,1.2242738499999999,0.00015698031429901095,0.0003041389780816582,3.0,0.0004700533785119335
AB,a_b,LR,Logistic Regression,uncalibrated,-0.1276,1.2242338,0.0001628637802298487,0.00030583581455425474,3.0,0.00048725438428788337
AB,a_b,LR,Logistic Regression,uncalibrated,-0.1275,1.22419375,0.00016876993163289695,0.00030752655570489293,3.0,0.0005053368891415737
AB,a_b,LR,Logistic Regression,uncalibrated,-0.1274,1.2241537,0.00017469465720661078,0.00030921037143621287,3.0,0.0005243540463091216
AB,a_b,LR,Logistic Regression,uncalibrated,-0.1273,1.22411365,0.00018063372410083228,0.0003108863790176185,3.0,0.0005443625876730673
AB,a_b,LR,Logistic Regression,uncalibrated,-0.1272,1.2240735999999999,0.00018658278200268545,0.00031255364193182755,3.0,0.0005654230837284958
AB,a_b,LR,Logistic Regression,uncalibrated,-0.1271,1.22403355,0.00019253736765434995,0.0003142111688916209,3.0,0.0005876002233751874
AB,a_b,LR,Logistic Regression,uncalibrated,-0.127,1.2239935,0.00019849290980514163,0.00031585791304150114,3.0,0.0006109631150809289
AB,a_b,LR,Logistic Regression,uncalibrated,-0.1269,1.22395345,0.00020444473459925357,0.00031749277135880984,3.0,0.0006355856110814512
AB,a_b,LR,Logistic Regression,uncalibrated,-0.1268,1.2239134,0.00021038807139818705,0.000319114584267848,3.0,0.0006615466564092537
AB,a_b,LR,Logistic Regression,uncalibrated,-0.1267,1.2238733499999999,0.00021631805903541958,0.00032072213547999095,3.0,0.0006889306646812441
AB,a_b,LR,Logistic Regression,uncalibrated,-0.1266,1.2238333,0.0002222297524989656,0.0003223141520718469,3.0,0.0007178279227219329
AB,a_b,LR,Logistic Regression,uncalibrated,-0.1265,1.22379325,0.0002281181300351397,0.00032388930481226755,3.0,0.0007483350262550877
AB,a_b,LR,Logistic Regression,uncalibrated,-0.1264,1.2237532,0.0002339781006654332,0.00032544620874821214,3.0,0.0007805553490658598
AB,a_b,LR,Logistic Regression,uncalibrated,-0.1263,1.22371315,0.00023980451210568504,0.000326983424057805,3.0,0.0008145995482131494
AB,a_b,LR,Logistic Regression,uncalibrated,-0.1262,1.2236730999999998,0.00024559215907498456,0.0003284994571777368,3.0,0.0008505861080638258
AB,a_b,LR,Logistic Regression,uncalibrated,-0.1261,1.2236330499999999,0.0002513357919795728,0.0003299927622106873,3.0,0.0008886419261238517
AB,a_b,LR,Logistic Regression,uncalibrated,-0.126,1.223593,0.0002570301259544437,0.0003314617426166014,3.0,0.0009289029438568947
AB,a_b,LR,Logistic Regression,uncalibrated,-0.1259,1.2235603499999999,0.0002631892894541827,0.00033326506356578243,3.0,0.0009724064627298828
AB,a_b,LR,Logistic Regression,uncalibrated,-0.1258,1.2235277,0.000269301152752958,0.00033505202531819916,3.0,0.0010184403533636968
AB,a_b,LR,Logistic Regression,uncalibrated,-0.1257,1.22349505,0.00027536042696946634,0.0003368208515722307,3.0,0.0010671679020833097
AB,a_b,LR,Logistic Regression,uncalibrated,-0.1256,1.2234623999999998,0.00028136181692684626,0.00033856970929084664,3.0,0.001118763546561006
AB,a_b,LR,Logistic Regression,uncalibrated,-0.1255,1.22342975,0.00028730003047334584,0.0003402967117220381,3.0,0.0011734136514048943
AB,a_b,LR,Logistic Regression,uncalibrated,-0.1254,1.2233971,0.0002962042934298444,0.00034211230000013605,5.0,0.001231317336399284
AB,a_b,LR,Logistic Regression,uncalibrated,-0.1253,1.2233644499999998,0.0003017678005667776,0.00034424938054666555,5.0,0.0012926873606642802
AB,a_b,LR,Logistic Regression,uncalibrated,-0.1252,1.2233318,0.000307254800660059,0.00034635646624414743,5.0,0.0013577510661599197
AB,a_b,LR,Logistic Regression,uncalibrated,-0.1251,1.22329915,0.00031266033167289003,0.0003484309114170381,5.0,0.001426751384121211
AB,a_b,LR,Logistic Regression,uncalibrated,-0.125,1.2232664999999998,0.00031797948269059905,0.00035047003711094466,5.0,0.0014999479081707393
AB,a_b,LR,Logistic Regression,uncalibrated,-0.1249,1.22323385,0.00032320740307327885,0.00035247113749127534,5.0,0.0015776180380167929
AB,a_b,LR,Logistic Regression,uncalibrated,-0.1248,1.2232011999999999,0.0003283393115905139,0.00035443148642681066,5.0,0.0016600581978041685
AB,a_b,LR,Logistic Regression,uncalibrated,-0.1247,1.22316855,0.0003333705055115685,0.00035634834423096647,5.0,0.0017475851333428377
AB,a_b,LR,Logistic Regression,uncalibrated,-0.1246,1.2231359,0.0003382963696234235,0.000358218964532386,5.0,0.0018405372925909488
AB,a_b,LR,Logistic Regression,uncalibrated,-0.1245,1.2231032499999999,0.0003431123851497588,0.00036004060124681856,5.0,0.001939276293916947
AB,a_b,LR,Logistic Regression,uncalibrated,-0.1244,1.2230706,0.0003478141385430088,0.00036181051562122856,5.0,0.0020441884868033686
AB,a_b,LR,Logistic Regression,uncalibrated,-0.1243,1.22303795,0.00035239733012215255,0.00036352598332143124,5.0,0.002155686609784154
AB,a_b,LR,Logistic Regression,uncalibrated,-0.1242,1.2230052999999999,0.00035685778252904387,0.00036518430153464367,5.0,0.002274211550523196
AB,a_b,LR,Logistic Regression,uncalibrated,-0.1241,1.22297265,0.00036119144897588855,0.0003667827960581355,5.0,0.0024002342130419446
AB,a_b,LR,Logistic Regression,uncalibrated,-0.124,1.22294,0.0003653944212572377,0.0003683188283459343,5.0,0.0025342574971858067
AB,a_b,LR,Logistic Regression,uncalibrated,-0.1239,1.22289565,0.00036849889410153953,0.0003689673573895488,5.0,0.002676310991558983
AB,a_b,LR,Logistic Regression,uncalibrated,-0.1238,1.2228512999999999,0.00037144667388399407,0.0003695338103526578,5.0,0.002827832395705157
AB,a_b,LR,Logistic Regression,uncalibrated,-0.1237,1.2228069499999998,0.00037423469514826825,0.00037001617474666064,5.0,0.002989509529036303
AB,a_b,LR,Logistic Regression,uncalibrated,-0.1236,1.2227626,0.00037686010708335674,0.00037041252921646213,5.0,0.0031620821869292456
AB,a_b,LR,Logistic Regression,uncalibrated,-0.1235,1.22271825,0.00037932028134618766,0.0003707210500196532,5.0,0.0033463460459590404
AB,a_b,LR,Logistic Regression,uncalibrated,-0.1234,1.2226739,0.00038161281931599285,0.00037094001726217595,5.0,0.003543156842537096
AB,a_b,LR,Logistic Regression,uncalibrated,-0.1233,1.22262955,0.00038373555874335466,0.0003710678208610569,5.0,0.0037534348402690904
AB,a_b,LR,Logistic Regression,uncalibrated,-0.1232,1.2225852,0.0003856865797598939,0.00037110296620654934,5.0,0.003978169601575956
AB,a_b,LR,Logistic Regression,uncalibrated,-0.1231,1.22254085,0.0003874642102168749,0.0003710440794970673,5.0,0.0042184250792330295
AB,a_b,LR,Logistic Regression,uncalibrated,-0.123,1.2224965,0.00038906703032412694,0.00037088991272197667,5.0,0.004475345043457935
AB,a_b,LR,Logistic Regression,uncalibrated,-0.1229,1.22245215,0.00039049387656367793,0.0003706393482688605,5.0,0.004750158859986438
AB,a_b,LR,Logistic Regression,uncalibrated,-0.1228,1.2224078,0.00039174384485634196,0.00037029140313407167,5.0,0.005044187634189588
AB,a_b,LR,Logistic Regression,uncalibrated,-0.1227,1.22236345,0.00039281629296241733,0.00036984523271677683,5.0,0.0053588507356728335
AB,a_b,LR,Logistic Regression,uncalibrated,-0.1226,1.2223191,0.0003937108421020926,0.0003693001341793644,5.0,0.005695672716915759
AB,a_b,LR,Logistic Regression,uncalibrated,-0.1225,1.22227475,0.0003914048558363975,0.00036889532240589576,43.0,0.0060562906383283465
AB,a_b,LR,Logistic Regression,uncalibrated,-0.1224,1.2222304,0.00039131226172799377,0.00036858014509800774,43.0,0.006442461810560492
AB,a_b,LR,Logistic Regression,uncalibrated,-0.1223,1.2221860500000001,0.00039106696796314846,0.00036814379499906775,43.0,0.006856071962968
AB,a_b,LR,Logistic Regression,uncalibrated,-0.1222,1.2221417,0.0003906697364735059,0.00036758647207246623,43.0,0.007299143844751436
AB,a_b,LR,Logistic Regression,uncalibrated,-0.1221,1.22209735,0.0003901215504213611,0.00036690854808126304,43.0,0.007773846262387132
AB,a_b,LR,Logistic Regression,uncalibrated,-0.122,1.222053,0.00038942361105803345,0.0003661105660884946,43.0,0.008282503553515208
AB,a_b,LR,Logistic Regression,uncalibrated,-0.1219,1.2220048000000001,0.00038824185122388966,0.0003648848098506758,43.0,0.008831535913337026
AB,a_b,LR,Logistic Regression,uncalibrated,-0.1218,1.2219566000000002,0.0003869123808243522,0.0003635397256746674,43.0,0.009420708468809755
AB,a_b,LR,Logistic Regression,uncalibrated,-0.1217,1.2219084,0.0003854373947059708,0.0003620766761439464,43.0,0.01005303280657879
AB,a_b,LR,Logistic Regression,uncalibrated,-0.1216,1.2218602,0.0003838192949889056,0.0003604971939584417,43.0,0.010731737604966344
AB,a_b,LR,Logistic Regression,uncalibrated,-0.1215,1.2218120000000001,0.0003820606838835317,0.00035880297819166604,43.0,0.011460282018283365
AB,a_b,LR,Logistic Regression,uncalibrated,-0.1214,1.2217638,0.00038016435593888714,0.00035699589003085054,43.0,0.012242369507007734
AB,a_b,LR,Logistic Regression,uncalibrated,-0.1213,1.2217156,0.00037813328976096393,0.000355077948020076,43.0,0.013081962065649448
AB,a_b,LR,Logistic Regression,uncalibrated,-0.1212,1.2216674,0.0003759706392412179,0.00035305132282897216,43.0,0.013983294787409681
AB,a_b,LR,Logistic Regression,uncalibrated,-0.1211,1.2216192000000001,0.0003736797243384644,0.0003509183315724569,43.0,0.014950890690483533
AB,a_b,LR,Logistic Regression,uncalibrated,-0.121,1.221571,0.00037126402145828014,0.0003486814317085889,43.0,0.015989575715046226
AB,a_b,LR,Logistic Regression,uncalibrated,-0.1209,1.2215228,0.00036872715347614765,0.0003463432145440989,43.0,0.017104493782496077
AB,a_b,LR,Logistic Regression,uncalibrated,-0.1208,1.2214746,0.00036607287945121276,0.00034390639837845425,43.0,0.0183011217894604
AB,a_b,LR,Logistic Regression,uncalibrated,-0.1207,1.2214264000000001,0.00036330508407890727,0.0003413738213194959,43.0,0.019585284388356432
AB,a_b,LR,Logistic Regression,uncalibrated,-0.1206,1.2213782000000002,0.0003604277669305501,0.00033874843380436416,43.0,0.020963168384081115
AB,a_b,LR,Logistic Regression,uncalibrated,-0.1205,1.22133,0.0003574450315286236,0.0003360332908608466,43.0,0.022441336552737823
AB,a_b,LR,Logistic Regression,uncalibrated,-0.1204,1.2212818,0.0003543610743060976,0.00033323154414506995,43.0,0.024026740663393654
AB,a_b,LR,Logistic Regression,uncalibrated,-0.1203,1.2212336000000001,0.0003511801734974135,0.00033034643379166424,43.0,0.02572673345797788
AB,a_b,LR,Logistic Regression,uncalibrated,-0.1202,1.2211854000000002,0.0003479066780085524,0.00032738128011342927,43.0,0.02754907931781769
AB,a_b,LR,Logistic Regression,uncalibrated,-0.1201,1.2211372,0.00034454499631179984,0.0003243394751869483,43.0,0.0295019633184954
AB,a_b,LR,Logistic Regression,uncalibrated,-0.12,1.221089,0.0003410995854101032,0.00032122447436089166,43.0,0.03159399834808847
AB,a_b,LR,Logistic Regression,uncalibrated,-0.1199,1.22101725,0.00033563420721102283,0.00031624893445083554,43.0,0.03402964016581249
AB,a_b,LR,Logistic Regression,uncalibrated,-0.1198,1.2209455,0.00033013173276605747,0.0003112400004206832,43.0,0.03665988102278
AB,a_b,LR,Logistic Regression,uncalibrated,-0.1197,1.22087375,0.0003245987172815108,0.0003062030708774214,43.0,0.03949915543426734
AB,a_b,LR,Logistic Regression,uncalibrated,-0.1196,1.2208020000000002,0.0003190416137973489,0.00030114348817450714,43.0,0.042562690256445414
AB,a_b,LR,Logistic Regression,uncalibrated,-0.1195,1.2207302500000001,0.00031346675737781523,0.00029606652484094424,43.0,0.045866498965058795
AB,a_b,LR,Logistic Regression,uncalibrated,-0.1194,1.2206585,0.00030788035024410966,0.0002909773705964634,43.0,0.04942736636405981
AB,a_b,LR,Logistic Regression,uncalibrated,-0.1193,1.22058675,0.0003022884478986104,0.0002858811200067082,43.0,0.05326282237680567
AB,a_b,LR,Logistic Regression,uncalibrated,-0.1192,1.220515,0.0002966969462820766,0.00028078276082684714,43.0,0.0573911035580854
AB,a_b,LR,Logistic Regression,uncalibrated,-0.1191,1.22044325,0.00029111156999588755,0.0002756871630754426,43.0,0.061831100986030715
AB,a_b,LR,Logistic Regression,uncalibrated,-0.119,1.2203715000000002,0.0002855378616129682,0.00027059906887413524,43.0,0.06660229325548506
AB,a_b,LR,Logistic Regression,uncalibrated,-0.1189,1.2202997500000001,0.00027998117209224204,0.00026552308308212634,43.0,0.07172466340538937
AB,a_b,LR,Logistic Regression,uncalibrated,-0.1188,1.220228,0.00027444665230369014,0.00026046366474831147,43.0,0.077218598777889
AB,a_b,LR,Logistic Regression,uncalibrated,-0.1187,1.22015625,0.0002689392456625996,0.0002554251193970224,43.0,0.08310477303116935
AB,a_b,LR,Logistic Regression,uncalibrated,-0.1186,1.2200845,0.00026346368186458814,0.0002504115921576245,43.0,0.08940400981395949
AB,a_b,LR,Logistic Regression,uncalibrated,-0.1185,1.22001275,0.000258024471705838,0.0002454270617418786,43.0,0.09613712795817406
AB,a_b,LR,Logistic Regression,uncalibrated,-0.1184,1.219941,0.00025262590296634447,0.00024047533526729063,43.0,0.10332476845467184
AB,a_b,LR,Logistic Regression,uncalibrated,-0.1183,1.2198692500000001,0.00024727203732830374,0.00023556004391918825,43.0,0.11098720393988275
AB,a_b,LR,Logistic Regression,uncalibrated,-0.1182,1.2197975,0.00024196670829609718,0.00023068463943902193,43.0,0.11914413192848143
AB,a_b,LR,Logistic Regression,uncalibrated,-0.1181,1.21972575,0.00023671352007996634,0.00022585239142187993,43.0,0.12781445356555976
AB,a_b,LR,Logistic Regression,uncalibrated,-0.118,1.219654,0.00023151584740074564,0.00022106638540135733,43.0,0.13701604022375152
AB,a_b,LR,Logistic Regression,uncalibrated,-0.1179,1.21972185,0.00023468751599319733,0.00022412016568663058,43.0,0.1411947229411354
AB,a_b,LR,Logistic Regression,uncalibrated,-0.1178,1.2197897,0.00023787942794422748,0.00022719262136454204,43.0,0.1452199000168324
AB,a_b,LR,Logistic Regression,uncalibrated,-0.1177,1.21985755,0.00024109078147644726,0.00023028293824697908,43.0,0.14907953545530128
AB,a_b,LR,Logistic Regression,uncalibrated,-0.1176,1.2199254,0.0002443206398389206,0.00023339018023647707,43.0,0.1527625984893754
AB,a_b,LR,Logistic Regression,uncalibrated,-0.1175,1.2199932500000001,0.0002475679276589377,0.00023651328599026586,43.0,0.1562589740730463
AB,a_b,LR,Logistic Regression,uncalibrated,-0.1174,1.2200611000000001,0.0002508314277002576,0.0002396510659686423,43.0,0.1595593674405793
AB,a_b,LR,Logistic Regression,uncalibrated,-0.1173,1.22012895,0.00025410977804848656,0.0002428021998867425,43.0,0.1626552088930752
AB,a_b,LR,Logistic Regression,uncalibrated,-0.1172,1.2201968,0.0002574014697433709,0.0002459652345875927,43.0,0.1655385640878061
AB,a_b,LR,Logistic Regression,uncalibrated,-0.1171,1.22026465,0.0002607048448775274,0.00024913858235397774,43.0,0.16820205415231596
AB,a_b,LR,Logistic Regression,uncalibrated,-0.117,1.2203325,0.0002640180951802147,0.0002523205196754962,43.0,0.1706387889922977
AB,a_b,LR,Logistic Regression,uncalibrated,-0.1169,1.22040035,0.00026733926110417616,0.0002555091864862809,43.0,0.17284231625566115
AB,a_b,LR,Logistic Regression,uncalibrated,-0.1168,1.2204682,0.00027066623143236787,0.0002587025858877727,43.0,0.174806587583651
AB,a_b,LR,Logistic Regression,uncalibrated,-0.1167,1.22053605,0.00027399674342068513,0.0002618985843697482,43.0,0.1765259430361192
AB,a_b,LR,Logistic Regression,uncalibrated,-0.1166,1.2206039,0.00027732838349134564,0.0002650949125415208,43.0,0.177995113922687
AB,a_b,LR,Logistic Regression,uncalibrated,-0.1165,1.22067175,0.0002806585884904377,0.0002682891663838353,43.0,0.1792092436969649
AB,a_b,LR,Logistic Regression,uncalibrated,-0.1164,1.2207396000000001,0.0002839846475216869,0.000271478809030482,43.0,0.18016392606458137
AB,a_b,LR,Logistic Regression,uncalibrated,-0.1163,1.2208074500000001,0.00028730370436676444,0.0002746611730869352,43.0,0.18085525900325924
AB,a_b,LR,Logistic Regression,uncalibrated,-0.1162,1.2208753,0.0002906127605010884,0.00027783346349190963,43.0,0.18127991298041213
AB,a_b,LR,Logistic Regression,uncalibrated,-0.1161,1.22094315,0.0002939086787116131,0.00028099276092534594,43.0,0.18143521127106516
AB,a_b,LR,Logistic Regression,uncalibrated,-0.116,1.221011,0.00029718818732170544,0.00028413602576492973,43.0,0.18131921991773045
AB,a_b,LR,Logistic Regression,uncalibrated,-0.1159,1.2207344,0.000274168684390407,0.00026267905484859424,43.0,0.21046164473431644
AB,a_b,LR,Logistic Regression,uncalibrated,-0.1158,1.2204578000000001,0.00025286525563703396,0.00024276386193547734,43.0,0.24271672367338593
AB,a_b,LR,Logistic Regression,uncalibrated,-0.1157,1.2201812,0.0002331848821589042,0.00022431419569868472,43.0,0.2779890204601163
AB,a_b,LR,Logistic Regression,uncalibrated,-0.1156,1.2199046,0.0002150311118672763,0.00020724951642255127,43.0,0.31607598346742805
AB,a_b,LR,Logistic Regression,uncalibrated,-0.1155,1.2196280000000002,0.00019830597140485558,0.00019148674604525356,43.0,0.3566641468994175
AB,a_b,LR,Logistic Regression,uncalibrated,-0.1154,1.2193514,0.00018291161225676383,0.00017694181698618239,43.0,0.3993315095691237
AB,a_b,LR,Logistic Regression,uncalibrated,-0.1153,1.2190748,0.00016875169667863256,0.00016353101320850326,43.0,0.4435558099778961
AB,a_b,LR,Logistic Regression,uncalibrated,-0.1152,1.2187982,0.0001557325353964086,0.00015117210433707184,43.0,0.48872774986112516
AB,a_b,LR,Logistic Regression,uncalibrated,-0.1151,1.2185216,0.00014376399370900035,0.00013978527958333025,43.0,0.5341678001230642
AB,a_b,LR,Logistic Regression,uncalibrated,-0.115,1.218245,0.00013276018580593335,0.00012929389275982242,43.0,0.5791451210461454
AB,a_b,LR,Logistic Regression,uncalibrated,-0.1149,1.2179684,0.0001226399789961409,0.00011962503290241765,43.0,0.6228973159002527
AB,a_b,LR,Logistic Regression,uncalibrated,-0.1148,1.2176918,0.00011332733034165185,0.00011070993710332327,43.0,0.6646501122242701
AB,a_b,LR,Logistic Regression,uncalibrated,-0.1147,1.2174152,0.00010475147811589903,0.00010248426326335604,43.0,0.7036364947388867
AB,a_b,LR,Logistic Regression,uncalibrated,-0.1146,1.2171386,9.684700976199457e-05,9.488824077451486e-05,43.0,0.7391151767717404
AB,a_b,LR,Logistic Regression,uncalibrated,-0.1145,1.2168619999999999,8.984963521336135e-05,8.7872400881483e-05,22.0,0.7703885135421094
AB,a_b,LR,Logistic Regression,uncalibrated,-0.1144,1.2165854,8.299253399760185e-05,8.138209790366387e-05,22.0,0.7968200021069045
AB,a_b,LR,Logistic Regression,uncalibrated,-0.1143,1.2163088,7.666073503157398e-05,7.536843176478786e-05,22.0,0.8178513952174317
AB,a_b,LR,Logistic Regression,uncalibrated,-0.1142,1.2160322,7.080674368005971e-05,6.978974500693805e-05,22.0,0.8330192258603563
AB,a_b,LR,Logistic Regression,uncalibrated,-0.1141,1.2157556,6.462732249917042e-05,6.461524274026658e-05,3.0,0.8419702570037717
AB,a_b,LR,Logistic Regression,uncalibrated,-0.114,1.215479,5.949251923346932e-05,5.994586335145961e-05,3.0,0.8444751015136407
AB,a_b,LR,Logistic Regression,uncalibrated,-0.1139,1.2155092,5.949885319221047e-05,5.9899933788694254e-05,3.0,0.8586535740213107
AB,a_b,LR,Logistic Regression,uncalibrated,-0.1138,1.2155394,5.950153622697182e-05,5.985036754055431e-05,3.0,0.8722963147488424
AB,a_b,LR,Logistic Regression,uncalibrated,-0.1137,1.2155696,5.950068580546354e-05,5.979727746230097e-05,3.0,0.8853751504618009
AB,a_b,LR,Logistic Regression,uncalibrated,-0.1136,1.2155998,5.949641745434795e-05,5.9740774817262996e-05,3.0,0.897862837087599
AB,a_b,LR,Logistic Regression,uncalibrated,-0.1135,1.21563,5.948884474810888e-05,5.968096923461744e-05,3.0,0.9097331524028984
AB,a_b,LR,Logistic Regression,uncalibrated,-0.1134,1.2156602,5.94780792994497e-05,5.961796866966047e-05,3.0,0.920960987896569
AB,a_b,LR,Logistic Regression,uncalibrated,-0.1133,1.2156904,5.9464230750994604e-05,5.955187936642986e-05,3.0,0.931522439225279
AB,a_b,LR,Logistic Regression,uncalibrated,-0.1132,1.2157206,5.94474067679637e-05,5.948280582243577e-05,3.0,0.9413948946753055
AB,a_b,LR,Logistic Regression,uncalibrated,-0.1131,1.2157508,5.991001032771024e-05,5.9418836494686804e-05,22.0,0.9505571210458535
AB,a_b,LR,Logistic Regression,uncalibrated,-0.113,1.215781,5.984522340869365e-05,5.9362139884202656e-05,22.0,0.9589893463752973
AB,a_b,LR,Logistic Regression,uncalibrated,-0.1129,1.2158112,5.977798105026128e-05,5.930275064103324e-05,22.0,0.9666733389408197
AB,a_b,LR,Logistic Regression,uncalibrated,-0.1128,1.2158414,5.970837907252611e-05,5.924076751376662e-05,22.0,0.9735924819752526
AB,a_b,LR,Logistic Regression,uncalibrated,-0.1127,1.2158716,5.963651134936228e-05,5.91762872980711e-05,22.0,0.9797318435604804
AB,a_b,LR,Logistic Regression,uncalibrated,-0.1126,1.2159018,5.956246979682465e-05,5.910940481623096e-05,22.0,0.9850782411756823
AB,a_b,LR,Logistic Regression,uncalibrated,-0.1125,1.215932,5.948634436126448e-05,5.904021289715779e-05,22.0,0.9896203004005345
AB,a_b,LR,Logistic Regression,uncalibrated,-0.1124,1.2159622,5.9408223006919617e-05,5.896880235663049e-05,22.0,0.9933485072978572
AB,a_b,LR,Logistic Regression,uncalibrated,-0.1123,1.2159924,5.932819170294655e-05,5.8895261977706785e-05,22.0,0.9962552540281762
AB,a_b,LR,Logistic Regression,uncalibrated,-0.1122,1.2160226,5.924633440975941e-05,5.8819678491150776e-05,22.0,0.998334877279482
AB,a_b,LR,Logistic Regression,uncalibrated,-0.1121,1.2160528,5.916273306456156e-05,5.8742136555734935e-05,22.0,0.9995836891299908
AB,a_b,LR,Logistic Regression,uncalibrated,-0.112,1.216083,5.907746756607602e-05,5.8662718738399365e-05,22.0,1.0
AB,a_b,LR,Logistic Regression,uncalibrated,-0.1119,1.21607565,5.843860008210125e-05,5.804999119291166e-05,22.0,0.9996298895422207
AB,a_b,LR,Logistic Regression,uncalibrated,-0.1118,1.2160683,5.780693804892299e-05,5.7443783667620324e-05,22.0,0.9985215383513977
AB,a_b,LR,Logistic Regression,uncalibrated,-0.1117,1.21606095,5.718253537135447e-05,5.684416507976009e-05,22.0,0.9966791561430067
AB,a_b,LR,Logistic Regression,uncalibrated,-0.1116,1.2160536,5.656544068106543e-05,5.6251198937278035e-05,22.0,0.9941085953167502
AB,a_b,LR,Logistic Regression,uncalibrated,-0.1115,1.21604625,5.5955697384026404e-05,5.56649433789744e-05,22.0,0.9908173322857684
AB,a_b,LR,Logistic Regression,uncalibrated,-0.1114,1.2160389,5.5353343707320475e-05,5.5085451214792735e-05,22.0,0.9868144412646856
AB,a_b,LR,Logistic Regression,uncalibrated,-0.1113,1.21603155,5.4758412745591435e-05,5.4512769966461475e-05,22.0,0.9821105605754955
AB,a_b,LR,Logistic Regression,uncalibrated,-0.1112,1.2160241999999999,5.417093250744285e-05,5.394694190874464e-05,22.0,0.9767178515904109
AB,a_b,LR,Logistic Regression,uncalibrated,-0.1111,1.21601685,5.359092596208182e-05,5.3388004111548956e-05,22.0,0.9706499504922501
AB,a_b,LR,Logistic Regression,uncalibrated,-0.111,1.2160095,5.301841108644196e-05,5.283598848306765e-05,22.0,0.963921913094941
AB,a_b,LR,Logistic Regression,uncalibrated,-0.1109,1.21600215,5.2453400913101925e-05,5.229092181423345e-05,22.0,0.9565501530286655
AB,a_b,LR,Logistic Regression,uncalibrated,-0.1108,1.2159948,5.189590357920241e-05,5.175282582463807e-05,22.0,0.9485523736549935
AB,a_b,LR,Logistic Regression,uncalibrated,-0.1107,1.2159874499999999,5.134592237659987e-05,5.122171721012513e-05,22.0,0.93994749413641
AB,a_b,LR,Logistic Regression,uncalibrated,-0.1106,1.2159801,5.080345580349242e-05,5.069760769224707e-05,22.0,0.930755570140848
AB,a_b,LR,Logistic Regression,uncalibrated,-0.1105,1.21597275,5.02684976176723e-05,5.018050406971147e-05,22.0,0.92099770971439
AB,a_b,LR,Logistic Regression,uncalibrated,-0.1104,1.2159654,4.974103689163938e-05,4.9670408272021344e-05,22.0,0.9106959849032665
AB,a_b,LR,Logistic Regression,uncalibrated,-0.1103,1.21595805,4.9221058069702227e-05,4.916731741540705e-05,22.0,0.8998733397488355
AB,a_b,LR,Logistic Regression,uncalibrated,-0.1102,1.2159506999999998,4.870854102722839e-05,4.8671223861186e-05,22.0,0.8885534953156216
AB,a_b,LR,Logistic Regression,uncalibrated,-0.1101,1.2159433499999999,4.808305686297743e-05,4.818386936926302e-05,5.0,0.8767608524419732
AB,a_b,LR,Logistic Regression,uncalibrated,-0.11,1.215936,4.7580403341874143e-05,4.7706453498457984e-05,5.0,0.8645203929249923
AB,a_b,LR,Logistic Regression,uncalibrated,-0.1099,1.21592865,4.70851215841758e-05,4.7235901933526845e-05,5.0,0.8518575798655513
AB,a_b,LR,Logistic Regression,uncalibrated,-0.1098,1.2159213,4.659717359361679e-05,4.677219123810597e-05,5.0,0.8387982579051547
AB,a_b,LR,Logistic Regression,uncalibrated,-0.1097,1.21591395,4.6116516940031244e-05,4.631529358536882e-05,5.0,0.8253685540839877
AB,a_b,LR,Logistic Regression,uncalibrated,-0.1096,1.2159065999999998,4.56431048375883e-05,4.5865176831121566e-05,5.0,0.8115947800385768
AB,a_b,LR,Logistic Regression,uncalibrated,-0.1095,1.2158992499999999,4.517688622567755e-05,4.5421804589873504e-05,5.0,0.7975033362383822
AB,a_b,LR,Logistic Regression,uncalibrated,-0.1094,1.2158919,4.471780585242194e-05,4.4985136313845984e-05,5.0,0.7831206189332705
AB,a_b,LR,Logistic Regression,uncalibrated,-0.1093,1.21588455,4.4265804360866e-05,4.45551273749541e-05,5.0,0.7684729304490109
AB,a_b,LR,Logistic Regression,uncalibrated,-0.1092,1.2158772,4.38208183777848e-05,4.413172914969799e-05,5.0,0.7535863934257464
AB,a_b,LR,Logistic Regression,uncalibrated,-0.1091,1.21586985,4.338278060509412e-05,4.371488910693586e-05,5.0,0.7384868695457293
AB,a_b,LR,Logistic Regression,uncalibrated,-0.109,1.2158625,4.2951619913813976e-05,4.330455089848354e-05,5.0,0.7231998832420922
AB,a_b,LR,Logistic Regression,uncalibrated,-0.1089,1.2158551499999999,4.252726144052164e-05,4.2900654452470026e-05,5.0,0.7077505508206732
AB,a_b,LR,Logistic Regression,uncalibrated,-0.1088,1.2158478,4.210962668623412e-05,4.250313606938421e-05,5.0,0.6921635153630156
AB,a_b,LR,Logistic Regression,uncalibrated,-0.1087,1.21584045,4.169863361760058e-05,4.211192852068949e-05,5.0,0.6764628877111177
AB,a_b,LR,Logistic Regression,uncalibrated,-0.1086,1.2158331,4.129419677035493e-05,4.172696114994895e-05,5.0,0.6606721937644884
AB,a_b,LR,Logistic Regression,uncalibrated,-0.1085,1.21582575,4.0896227354886676e-05,4.134815997631771e-05,5.0,0.6448143282481613
AB,a_b,LR,Logistic Regression,uncalibrated,-0.1084,1.2158184,4.050463336382904e-05,4.0975447800294675e-05,5.0,0.6289115150374468
AB,a_b,LR,Logistic Regression,uncalibrated,-0.1083,1.21581105,4.01193196815362e-05,4.060874431160168e-05,5.0,0.6129852740522115
AB,a_b,LR,Logistic Regression,uncalibrated,-0.1082,1.2158037,3.974018819533169e-05,4.024796619906541e-05,5.0,0.5970563946610052
AB,a_b,LR,Logistic Regression,uncalibrated,-0.1081,1.21579635,3.936713790835903e-05,3.989302726232867e-05,5.0,0.5811449154640982
AB,a_b,LR,Logistic Regression,uncalibrated,-0.108,1.215789,3.900006505393661e-05,3.95438385252837e-05,5.0,0.5652701102553473
AB,a_b,DT,Decision Tree,uncalibrated,-0.128,1.224394,1.0,0.0,2.0,1.0
AB,a_b,DT,Decision Tree,uncalibrated,-0.1279,1.22435395,1.0,0.0,2.0,0.9965198768351109
AB,a_b,DT,Decision Tree,uncalibrated,-0.1278,1.2243139,1.0,0.0,2.0,0.9861522103969512
AB,a_b,DT,Decision Tree,uncalibrated,-0.1277,1.2242738499999999,1.0,0.0,2.0,0.9691202271792234
AB,a_b,DT,Decision Tree,uncalibrated,-0.1276,1.2242338,1.0,0.0,2.0,0.9457923848092307
AB,a_b,DT,Decision Tree,uncalibrated,-0.1275,1.22419375,1.0,0.0,2.0,0.9166691693091688
AB,a_b,DT,Decision Tree,uncalibrated,-0.1274,1.2241537,1.0,0.0,2.0,0.8823650922307854
AB,a_b,DT,Decision Tree,uncalibrated,-0.1273,1.22411365,1.0,0.0,2.0,0.8435867267245822
AB,a_b,DT,Decision Tree,uncalibrated,-0.1272,1.2240735999999999,1.0,0.0,2.0,0.8011078208569667
AB,a_b,DT,Decision Tree,uncalibrated,-0.1271,1.22403355,1.0,0.0,2.0,0.755742679688333
AB,a_b,DT,Decision Tree,uncalibrated,-0.127,1.2239935,1.0,0.0,2.0,0.708319101308405
AB,a_b,DT,Decision Tree,uncalibrated,-0.1269,1.22395345,1.0,0.0,2.0,0.659652172316303
AB,a_b,DT,Decision Tree,uncalibrated,-0.1268,1.2239134,1.0,0.0,2.0,0.6105201640862996
AB,a_b,DT,Decision Tree,uncalibrated,-0.1267,1.2238733499999999,1.0,0.0,2.0,0.5616436184105992
AB,a_b,DT,Decision Tree,uncalibrated,-0.1266,1.2238333,1.0,0.0,2.0,0.5136684759939565
AB,a_b,DT,Decision Tree,uncalibrated,-0.1265,1.22379325,1.0,0.0,2.0,0.4671538019702879
AB,a_b,DT,Decision Tree,uncalibrated,-0.1264,1.2237532,1.0,0.0,2.0,0.42256432789914083
AB,a_b,DT,Decision Tree,uncalibrated,-0.1263,1.22371315,1.0,0.0,2.0,0.3802676947538697
AB,a_b,DT,Decision Tree,uncalibrated,-0.1262,1.2236730999999998,1.0,0.0,2.0,0.34053598170492577
AB,a_b,DT,Decision Tree,uncalibrated,-0.1261,1.2236330499999999,1.0,0.0,2.0,0.30355087049320967
AB,a_b,DT,Decision Tree,uncalibrated,-0.126,1.223593,1.0,0.0,2.0,0.26941164347809
AB,a_b,DT,Decision Tree,uncalibrated,-0.1259,1.2235603499999999,1.0,0.0,2.0,0.23820821733262745
AB,a_b,DT,Decision Tree,uncalibrated,-0.1258,1.2235277,1.0,0.0,2.0,0.20983329033999878
AB,a_b,DT,Decision Tree,uncalibrated,-0.1257,1.22349505,1.0,0.0,2.0,0.18420255065153363
AB,a_b,DT,Decision Tree,uncalibrated,-0.1256,1.2234623999999998,1.0,0.0,2.0,0.16119326987326976
AB,a_b,DT,Decision Tree,uncalibrated,-0.1255,1.22342975,1.0,0.0,2.0,0.1406546729368511
AB,a_b,DT,Decision Tree,uncalibrated,-0.1254,1.2233971,1.0,0.0,2.0,0.1224172233326786
AB,a_b,DT,Decision Tree,uncalibrated,-0.1253,1.2233644499999998,1.0,0.0,2.0,0.10630063832714096
AB,a_b,DT,Decision Tree,uncalibrated,-0.1252,1.2233318,1.0,0.0,2.0,0.0921205662784826
AB,a_b,DT,Decision Tree,uncalibrated,-0.1251,1.22329915,1.0,0.0,2.0,0.07969394920398565
AB,a_b,DT,Decision Tree,uncalibrated,-0.125,1.2232664999999998,1.0,0.0,2.0,0.06884315825399696
AB,a_b,DT,Decision Tree,uncalibrated,-0.1249,1.22323385,1.0,0.0,2.0,0.059399030381848204
AB,a_b,DT,Decision Tree,uncalibrated,-0.1248,1.2232011999999999,1.0,0.0,2.0,0.05120295541558441
AB,a_b,DT,Decision Tree,uncalibrated,-0.1247,1.22316855,1.0,0.0,2.0,0.04410816856221475
AB,a_b,DT,Decision Tree,uncalibrated,-0.1246,1.2231359,1.0,0.0,2.0,0.03798039851257508
AB,a_b,DT,Decision Tree,uncalibrated,-0.1245,1.2231032499999999,1.0,0.0,2.0,0.03269800955147483
AB,a_b,DT,Decision Tree,uncalibrated,-0.1244,1.2230706,1.0,0.0,2.0,0.028151760425428517
AB,a_b,DT,Decision Tree,uncalibrated,-0.1243,1.22303795,1.0,0.0,2.0,0.024244285418457974
AB,a_b,DT,Decision Tree,uncalibrated,-0.1242,1.2230052999999999,1.0,0.0,2.0,0.020889385695286186
AB,a_b,DT,Decision Tree,uncalibrated,-0.1241,1.22297265,1.0,0.0,2.0,0.018011202502675117
AB,a_b,DT,Decision Tree,uncalibrated,-0.124,1.22294,1.0,0.0,2.0,0.015543328870122152
AB,a_b,DT,Decision Tree,uncalibrated,-0.1239,1.22289565,1.0,0.0,2.0,0.013419843951792482
AB,a_b,DT,Decision Tree,uncalibrated,-0.1238,1.2228512999999999,1.0,0.0,2.0,0.01160077629939105
AB,a_b,DT,Decision Tree,uncalibrated,-0.1237,1.2228069499999998,1.0,0.0,2.0,0.010042283027691916
AB,a_b,DT,Decision Tree,uncalibrated,-0.1236,1.2227626,1.0,0.0,2.0,0.008706588336391752
AB,a_b,DT,Decision Tree,uncalibrated,-0.1235,1.22271825,1.0,0.0,2.0,0.007561234701913614
AB,a_b,DT,Decision Tree,uncalibrated,-0.1234,1.2226739,1.0,0.0,2.0,0.006578400606801844
AB,a_b,DT,Decision Tree,uncalibrated,-0.1233,1.22262955,1.0,0.0,2.0,0.005734286216120153
AB,a_b,DT,Decision Tree,uncalibrated,-0.1232,1.2225852,1.0,0.0,2.0,0.005008565755839669
AB,a_b,DT,Decision Tree,uncalibrated,-0.1231,1.22254085,1.0,0.0,2.0,0.004383903514839181
AB,a_b,DT,Decision Tree,uncalibrated,-0.123,1.2224965,1.0,0.0,2.0,0.003845529212338575
AB,a_b,DT,Decision Tree,uncalibrated,-0.1229,1.22245215,1.0,0.0,2.0,0.0033808677991571516
AB,a_b,DT,Decision Tree,uncalibrated,-0.1228,1.2224078,1.0,0.0,2.0,0.0029792184684498705
AB,a_b,DT,Decision Tree,uncalibrated,-0.1227,1.22236345,1.0,0.0,2.0,0.0026314776351360446
AB,a_b,DT,Decision Tree,uncalibrated,-0.1226,1.2223191,1.0,0.0,2.0,0.002329900818620851
AB,a_b,DT,Decision Tree,uncalibrated,-0.1225,1.22227475,1.0,0.0,2.0,0.0020678986640312955
AB,a_b,DT,Decision Tree,uncalibrated,-0.1224,1.2222304,1.0,0.0,2.0,0.0018398627119969935
AB,a_b,DT,Decision Tree,uncalibrated,-0.1223,1.2221860500000001,1.0,0.0,2.0,0.001641016937985516
AB,a_b,DT,Decision Tree,uncalibrated,-0.1222,1.2221417,1.0,0.0,2.0,0.0014672915020175553
AB,a_b,DT,Decision Tree,uncalibrated,-0.1221,1.22209735,1.0,0.0,2.0,0.0013152155593868556
AB,a_b,DT,Decision Tree,uncalibrated,-0.122,1.222053,1.0,0.0,2.0,0.001181826370519135
AB,a_b,DT,Decision Tree,uncalibrated,-0.1219,1.2220048000000001,1.0,0.0,2.0,0.0010644343625279573
AB,a_b,DT,Decision Tree,uncalibrated,-0.1218,1.2219566000000002,1.0,0.0,2.0,0.0009610711944694162
AB,a_b,DT,Decision Tree,uncalibrated,-0.1217,1.2219084,1.0,0.0,2.0,0.0008698742642443199
AB,a_b,DT,Decision Tree,uncalibrated,-0.1216,1.2218602,1.0,0.0,2.0,0.0007892464900899277
AB,a_b,DT,Decision Tree,uncalibrated,-0.1215,1.2218120000000001,1.0,0.0,2.0,0.0007178165931749389
AB,a_b,DT,Decision Tree,uncalibrated,-0.1214,1.2217638,1.0,0.0,2.0,0.0006544054962362382
AB,a_b,DT,Decision Tree,uncalibrated,-0.1213,1.2217156,1.0,0.0,2.0,0.0005979978873720581
AB,a_b,DT,Decision Tree,uncalibrated,-0.1212,1.2216674,1.0,0.0,2.0,0.0005477181437559427
AB,a_b,DT,Decision Tree,uncalibrated,-0.1211,1.2216192000000001,1.0,0.0,2.0,0.0005028099345575142
AB,a_b,DT,Decision Tree,uncalibrated,-0.121,1.221571,1.0,0.0,2.0,0.00046261892840907036
AB,a_b,DT,Decision Tree,uncalibrated,-0.1209,1.2215228,1.0,0.0,2.0,0.00042657812079719207
AB,a_b,DT,Decision Tree,uncalibrated,-0.1208,1.2214746,1.0,0.0,2.0,0.0003941953730033151
AB,a_b,DT,Decision Tree,uncalibrated,-0.1207,1.2214264000000001,1.0,0.0,2.0,0.0003650428186443454
AB,a_b,DT,Decision Tree,uncalibrated,-0.1206,1.2213782000000002,1.0,0.0,2.0,0.000338747848211842
AB,a_b,DT,Decision Tree,uncalibrated,-0.1205,1.22133,1.0,0.0,2.0,0.00031498542779141725
AB,a_b,DT,Decision Tree,uncalibrated,-0.1204,1.2212818,1.0,0.0,2.0,0.0002934715466729363
AB,a_b,DT,Decision Tree,uncalibrated,-0.1203,1.2212336000000001,1.0,0.0,2.0,0.0002739576209612422
AB,a_b,DT,Decision Tree,uncalibrated,-0.1202,1.2211854000000002,1.0,0.0,2.0,0.0002562257075284176
AB,a_b,DT,Decision Tree,uncalibrated,-0.1201,1.2211372,1.0,0.0,2.0,0.00024008440552923067
AB,a_b,DT,Decision Tree,uncalibrated,-0.12,1.221089,1.0,0.0,2.0,0.00022536534192472952
AB,a_b,DT,Decision Tree,uncalibrated,-0.1199,1.22101725,1.0,0.0,2.0,0.00021185416033027375
AB,a_b,DT,Decision Tree,uncalibrated,-0.1198,1.2209455,1.0,0.0,2.0,0.00019950605158871107
AB,a_b,DT,Decision Tree,uncalibrated,-0.1197,1.22087375,1.0,0.0,2.0,0.00018820193348103147
AB,a_b,DT,Decision Tree,uncalibrated,-0.1196,1.2208020000000002,1.0,0.0,2.0,0.0001778364841106843
AB,a_b,DT,Decision Tree,uncalibrated,-0.1195,1.2207302500000001,1.0,0.0,2.0,0.00016831640039996796
AB,a_b,DT,Decision Tree,uncalibrated,-0.1194,1.2206585,1.0,0.0,2.0,0.00015955889321181914
AB,a_b,DT,Decision Tree,uncalibrated,-0.1193,1.22058675,1.0,0.0,2.0,0.00015149038508699742
AB,a_b,DT,Decision Tree,uncalibrated,-0.1192,1.220515,1.0,0.0,2.0,0.00014404538169582366
AB,a_b,DT,Decision Tree,uncalibrated,-0.1191,1.22044325,1.0,0.0,2.0,0.0001371654924190055
AB,a_b,DT,Decision Tree,uncalibrated,-0.119,1.2203715000000002,1.0,0.0,2.0,0.00013079857912004606
AB,a_b,DT,Decision Tree,uncalibrated,-0.1189,1.2202997500000001,1.0,0.0,2.0,0.00012489801525795505
AB,a_b,DT,Decision Tree,uncalibrated,-0.1188,1.220228,1.0,0.0,2.0,0.00011942204010249397
AB,a_b,DT,Decision Tree,uncalibrated,-0.1187,1.22015625,1.0,0.0,2.0,0.0001143331950294504
AB,a_b,DT,Decision Tree,uncalibrated,-0.1186,1.2200845,1.0,0.0,2.0,0.00010959783075301721
AB,a_b,DT,Decision Tree,uncalibrated,-0.1185,1.22001275,1.0,0.0,2.0,0.00010518567594887115
AB,a_b,DT,Decision Tree,uncalibrated,-0.1184,1.219941,1.0,0.0,2.0,0.0001010694590789741
AB,a_b,DT,Decision Tree,uncalibrated,-0.1183,1.2198692500000001,1.0,0.0,2.0,9.722457638465064e-05
AB,a_b,DT,Decision Tree,uncalibrated,-0.1182,1.2197975,1.0,0.0,2.0,9.362879999922307e-05
AB,a_b,DT,Decision Tree,uncalibrated,-0.1181,1.21972575,1.0,0.0,2.0,9.026202097162136e-05
AB,a_b,DT,Decision Tree,uncalibrated,-0.118,1.219654,1.0,0.0,2.0,8.71060227100547e-05
AB,a_b,DT,Decision Tree,uncalibrated,-0.1179,1.21972185,1.0,0.0,2.0,8.40168670051037e-05
AB,a_b,DT,Decision Tree,uncalibrated,-0.1178,1.2197897,1.0,0.0,2.0,8.110872070316452e-05
AB,a_b,DT,Decision Tree,uncalibrated,-0.1177,1.21985755,1.0,0.0,2.0,7.836829191720683e-05
AB,a_b,DT,Decision Tree,uncalibrated,-0.1176,1.2199254,1.0,0.0,2.0,7.578341515040472e-05
AB,a_b,DT,Decision Tree,uncalibrated,-0.1175,1.2199932500000001,1.0,0.0,2.0,7.334294632457743e-05
AB,a_b,DT,Decision Tree,uncalibrated,-0.1174,1.2200611000000001,1.0,0.0,2.0,7.103666825309391e-05
AB,a_b,DT,Decision Tree,uncalibrated,-0.1173,1.22012895,1.0,0.0,2.0,6.885520547307112e-05
AB,a_b,DT,Decision Tree,uncalibrated,-0.1172,1.2201968,1.0,0.0,2.0,6.678994746680243e-05
AB,a_b,DT,Decision Tree,uncalibrated,-0.1171,1.22026465,1.0,0.0,2.0,6.483297940533876e-05
AB,a_b,DT,Decision Tree,uncalibrated,-0.117,1.2203325,1.0,0.0,2.0,6.297701963928617e-05
AB,a_b,DT,Decision Tree,uncalibrated,-0.1169,1.22040035,1.0,0.0,2.0,6.121536324419036e-05
AB,a_b,DT,Decision Tree,uncalibrated,-0.1168,1.2204682,1.0,0.0,2.0,5.954183100140229e-05
AB,a_b,DT,Decision Tree,uncalibrated,-0.1167,1.22053605,1.0,0.0,2.0,5.795072326094329e-05
AB,a_b,DT,Decision Tree,uncalibrated,-0.1166,1.2206039,1.0,0.0,2.0,5.6436778191464555e-05
AB,a_b,DT,Decision Tree,uncalibrated,-0.1165,1.22067175,1.0,0.0,2.0,5.499513397464244e-05
AB,a_b,DT,Decision Tree,uncalibrated,-0.1164,1.2207396000000001,1.0,0.0,2.0,5.362129454796913e-05
AB,a_b,DT,Decision Tree,uncalibrated,-0.1163,1.2208074500000001,1.0,0.0,2.0,5.2311098541478404e-05
AB,a_b,DT,Decision Tree,uncalibrated,-0.1162,1.2208753,1.0,0.0,2.0,5.106069109103374e-05
AB,a_b,DT,Decision Tree,uncalibrated,-0.1161,1.22094315,1.0,0.0,2.0,4.986649824390158e-05
AB,a_b,DT,Decision Tree,uncalibrated,-0.116,1.221011,1.0,0.0,2.0,4.8725203701852104e-05
AB,a_b,DT,Decision Tree,uncalibrated,-0.1159,1.2207344,1.0,0.0,2.0,4.768648874415953e-05
AB,a_b,DT,Decision Tree,uncalibrated,-0.1158,1.2204578000000001,1.0,0.0,2.0,4.673859827304802e-05
AB,a_b,DT,Decision Tree,uncalibrated,-0.1157,1.2201812,1.0,0.0,2.0,4.587295076619707e-05
AB,a_b,DT,Decision Tree,uncalibrated,-0.1156,1.2199046,1.0,0.0,2.0,4.508177648740681e-05
AB,a_b,DT,Decision Tree,uncalibrated,-0.1155,1.2196280000000002,1.0,0.0,2.0,4.4358028278727665e-05
AB,a_b,DT,Decision Tree,uncalibrated,-0.1154,1.2193514,1.0,0.0,2.0,4.369530239606881e-05
AB,a_b,DT,Decision Tree,uncalibrated,-0.1153,1.2190748,1.0,0.0,2.0,4.308776847739733e-05
AB,a_b,DT,Decision Tree,uncalibrated,-0.1152,1.2187982,1.0,0.0,2.0,4.253010776578037e-05
AB,a_b,DT,Decision Tree,uncalibrated,-0.1151,1.2185216,1.0,0.0,2.0,4.201745875928503e-05
AB,a_b,DT,Decision Tree,uncalibrated,-0.115,1.218245,1.0,0.0,2.0,4.154536951804568e-05
AB,a_b,DT,Decision Tree,uncalibrated,-0.1149,1.2179684,1.0,0.0,2.0,4.110975592011714e-05
AB,a_b,DT,Decision Tree,uncalibrated,-0.1148,1.2176918,1.0,0.0,2.0,4.070686521847415e-05
AB,a_b,DT,Decision Tree,uncalibrated,-0.1147,1.2174152,1.0,0.0,2.0,4.0333244309385156e-05
AB,a_b,DT,Decision Tree,uncalibrated,-0.1146,1.2171386,1.0,0.0,2.0,3.998571217615303e-05
AB,a_b,DT,Decision Tree,uncalibrated,-0.1145,1.2168619999999999,1.0,0.0,2.0,3.9661336021254473e-05
AB,a_b,DT,Decision Tree,uncalibrated,-0.1144,1.2165854,1.0,0.0,2.0,3.935741064409835e-05
AB,a_b,DT,Decision Tree,uncalibrated,-0.1143,1.2163088,1.0,0.0,2.0,3.9071440661193596e-05
AB,a_b,DT,Decision Tree,uncalibrated,-0.1142,1.2160322,1.0,0.0,2.0,3.880112520083995e-05
AB,a_b,DT,Decision Tree,uncalibrated,-0.1141,1.2157556,1.0,0.0,2.0,3.8544344736091896e-05
AB,a_b,DT,Decision Tree,uncalibrated,-0.114,1.215479,1.0,0.0,2.0,3.829914974827703e-05
AB,a_b,DT,Decision Tree,uncalibrated,-0.1139,1.2155092,1.0,0.0,2.0,3.7711144289415247e-05
AB,a_b,DT,Decision Tree,uncalibrated,-0.1138,1.2155394,1.0,0.0,2.0,3.7141260892470546e-05
AB,a_b,DT,Decision Tree,uncalibrated,-0.1137,1.2155696,1.0,0.0,2.0,3.6588659235025004e-05
AB,a_b,DT,Decision Tree,uncalibrated,-0.1136,1.2155998,1.0,0.0,2.0,3.6052547752276614e-05
AB,a_b,DT,Decision Tree,uncalibrated,-0.1135,1.21563,1.0,0.0,2.0,3.55321805479163e-05
AB,a_b,DT,Decision Tree,uncalibrated,-0.1134,1.2156602,1.0,0.0,2.0,3.5026854513736754e-05
AB,a_b,DT,Decision Tree,uncalibrated,-0.1133,1.2156904,1.0,0.0,2.0,3.453590664253494e-05
AB,a_b,DT,Decision Tree,uncalibrated,-0.1132,1.2157206,1.0,0.0,2.0,3.40587115201444e-05
AB,a_b,DT,Decision Tree,uncalibrated,-0.1131,1.2157508,1.0,0.0,2.0,3.359467898357141e-05
AB,a_b,DT,Decision Tree,uncalibrated,-0.113,1.215781,1.0,0.0,2.0,3.314325193325478e-05
AB,a_b,DT,Decision Tree,uncalibrated,-0.1129,1.2158112,1.0,0.0,2.0,3.2703904288436695e-05
AB,a_b,DT,Decision Tree,uncalibrated,-0.1128,1.2158414,1.0,0.0,2.0,3.227613907549874e-05
AB,a_b,DT,Decision Tree,uncalibrated,-0.1127,1.2158716,1.0,0.0,2.0,3.1859486639920155e-05
AB,a_b,DT,Decision Tree,uncalibrated,-0.1126,1.2159018,1.0,0.0,2.0,3.145350297325721e-05
AB,a_b,DT,Decision Tree,uncalibrated,-0.1125,1.215932,1.0,0.0,2.0,3.1057768147192085e-05
AB,a_b,DT,Decision Tree,uncalibrated,-0.1124,1.2159622,1.0,0.0,2.0,3.0671884847336175e-05
AB,a_b,DT,Decision Tree,uncalibrated,-0.1123,1.2159924,1.0,0.0,2.0,3.0295477000011864e-05
AB,a_b,DT,Decision Tree,uncalibrated,-0.1122,1.2160226,1.0,0.0,2.0,2.9928188485761743e-05
AB,a_b,DT,Decision Tree,uncalibrated,-0.1121,1.2160528,1.0,0.0,2.0,2.9569681933802888e-05
AB,a_b,DT,Decision Tree,uncalibrated,-0.112,1.216083,1.0,0.0,2.0,2.921963759206327e-05
AB,a_b,DT,Decision Tree,uncalibrated,-0.1119,1.21607565,1.0,0.0,2.0,2.8915074548349925e-05
AB,a_b,DT,Decision Tree,uncalibrated,-0.1118,1.2160683,1.0,0.0,2.0,2.8617881040401446e-05
AB,a_b,DT,Decision Tree,uncalibrated,-0.1117,1.21606095,1.0,0.0,2.0,2.8327788686354772e-05
AB,a_b,DT,Decision Tree,uncalibrated,-0.1116,1.2160536,1.0,0.0,2.0,2.8044541631291936e-05
AB,a_b,DT,Decision Tree,uncalibrated,-0.1115,1.21604625,1.0,0.0,2.0,2.7767895868576402e-05
AB,a_b,DT,Decision Tree,uncalibrated,-0.1114,1.2160389,1.0,0.0,2.0,2.7497618602637974e-05
AB,a_b,DT,Decision Tree,uncalibrated,-0.1113,1.21603155,1.0,0.0,2.0,2.723348765038278e-05
AB,a_b,DT,Decision Tree,uncalibrated,-0.1112,1.2160241999999999,1.0,0.0,2.0,2.6975290878612404e-05
AB,a_b,DT,Decision Tree,uncalibrated,-0.1111,1.21601685,1.0,0.0,2.0,2.672282567503451e-05
AB,a_b,DT,Decision Tree,uncalibrated,-0.111,1.2160095,1.0,0.0,2.0,2.647589845062516e-05
AB,a_b,DT,Decision Tree,uncalibrated,-0.1109,1.21600215,1.0,0.0,2.0,2.6234324171267212e-05
AB,a_b,DT,Decision Tree,uncalibrated,-0.1108,1.2159948,1.0,0.0,2.0,2.599792591674188e-05
AB,a_b,DT,Decision Tree,uncalibrated,-0.1107,1.2159874499999999,1.0,0.0,2.0,2.5766534465292224e-05
AB,a_b,DT,Decision Tree,uncalibrated,-0.1106,1.2159801,1.0,0.0,2.0,2.5539987902099397e-05
AB,a_b,DT,Decision Tree,uncalibrated,-0.1105,1.21597275,1.0,0.0,2.0,2.531813125014165e-05
AB,a_b,DT,Decision Tree,uncalibrated,-0.1104,1.2159654,1.0,0.0,2.0,2.5100816122002786e-05
AB,a_b,DT,Decision Tree,uncalibrated,-0.1103,1.21595805,1.0,0.0,2.0,2.4887900391307696e-05
AB,a_b,DT,Decision Tree,uncalibrated,-0.1102,1.2159506999999998,1.0,0.0,2.0,2.467924788255007e-05
AB,a_b,DT,Decision Tree,uncalibrated,-0.1101,1.2159433499999999,1.0,0.0,2.0,2.447472807816547e-05
AB,a_b,DT,Decision Tree,uncalibrated,-0.11,1.215936,1.0,0.0,2.0,2.427421584178286e-05
AB,a_b,DT,Decision Tree,uncalibrated,-0.1099,1.21592865,1.0,0.0,2.0,2.4077591156655786e-05
AB,a_b,DT,Decision Tree,uncalibrated,-0.1098,1.2159213,1.0,0.0,2.0,2.388473887835172e-05
AB,a_b,DT,Decision Tree,uncalibrated,-0.1097,1.21591395,1.0,0.0,2.0,2.369554850083106e-05
AB,a_b,DT,Decision Tree,uncalibrated,-0.1096,1.2159065999999998,1.0,0.0,2.0,2.3509913935112216e-05
AB,a_b,DT,Decision Tree,uncalibrated,-0.1095,1.2158992499999999,1.0,0.0,2.0,2.3327733299768596e-05
AB,a_b,DT,Decision Tree,uncalibrated,-0.1094,1.2158919,1.0,0.0,2.0,2.3148908722558206e-05
AB,a_b,DT,Decision Tree,uncalibrated,-0.1093,1.21588455,1.0,0.0,2.0,2.2973346152525038e-05
AB,a_b,DT,Decision Tree,uncalibrated,-0.1092,1.2158772,1.0,0.0,2.0,2.2800955181963644e-05
AB,a_b,DT,Decision Tree,uncalibrated,-0.1091,1.21586985,1.0,0.0,2.0,2.2631648877670173e-05
AB,a_b,DT,Decision Tree,uncalibrated,-0.109,1.2158625,1.0,0.0,2.0,2.24653436209454e-05
AB,a_b,DT,Decision Tree,uncalibrated,-0.1089,1.2158551499999999,1.0,0.0,2.0,2.2301958955846316e-05
AB,a_b,DT,Decision Tree,uncalibrated,-0.1088,1.2158478,1.0,0.0,2.0,2.2141417445216175e-05
AB,a_b,DT,Decision Tree,uncalibrated,-0.1087,1.21584045,1.0,0.0,2.0,2.198364453405389e-05
AB,a_b,DT,Decision Tree,uncalibrated,-0.1086,1.2158331,1.0,0.0,2.0,2.182856841980815e-05
AB,a_b,DT,Decision Tree,uncalibrated,-0.1085,1.21582575,1.0,0.0,2.0,2.167611992920915e-05
AB,a_b,DT,Decision Tree,uncalibrated,-0.1084,1.2158184,1.0,0.0,2.0,2.1526232401276494e-05
AB,a_b,DT,Decision Tree,uncalibrated,-0.1083,1.21581105,1.0,0.0,2.0,2.137884157615964e-05
AB,a_b,DT,Decision Tree,uncalibrated,-0.1082,1.2158037,1.0,0.0,2.0,2.1233885489493173e-05
AB,a_b,DT,Decision Tree,uncalibrated,-0.1081,1.21579635,1.0,0.0,2.0,2.1091304371964815e-05
AB,a_b,DT,Decision Tree,uncalibrated,-0.108,1.215789,1.0,0.0,2.0,2.0951040553813572e-05
AB,a_b,RF,Random Forest,uncalibrated,-0.128,1.224394,1.0000038343783262,4.420225100091311e-06,4.0,3.228037888409486e-05
AB,a_b,RF,Random Forest,uncalibrated,-0.1279,1.22435395,1.0000039869520507,4.621304979795212e-06,4.0,3.260815461531802e-05
AB,a_b,RF,Random Forest,uncalibrated,-0.1278,1.2243139,1.0000041431621385,4.829944283383823e-06,4.0,3.294755065199383e-05
AB,a_b,RF,Random Forest,uncalibrated,-0.1277,1.2242738499999999,1.0000043028472505,5.0462874981949485e-06,4.0,3.329915497525433e-05
AB,a_b,RF,Random Forest,uncalibrated,-0.1276,1.2242338,1.00000446581242,5.270467876232573e-06,4.0,3.366359612193135e-05
AB,a_b,RF,Random Forest,uncalibrated,-0.1275,1.22419375,1.0000046318259284,5.502605768553598e-06,4.0,3.404154666924088e-05
AB,a_b,RF,Random Forest,uncalibrated,-0.1274,1.2241537,1.000004800615876,5.742806717689341e-06,4.0,3.443372707061179e-05
AB,a_b,RF,Random Forest,uncalibrated,-0.1273,1.22411365,1.000004971866601,5.991159462622351e-06,4.0,3.484090988295757e-05
AB,a_b,RF,Random Forest,uncalibrated,-0.1272,1.2240735999999999,1.0000051452148646,6.247733781322274e-06,4.0,3.526392443087206e-05
AB,a_b,RF,Random Forest,uncalibrated,-0.1271,1.22403355,1.0000053202458696,6.512578230844322e-06,4.0,3.570366195916368e-05
AB,a_b,RF,Random Forest,uncalibrated,-0.127,1.2239935,1.0000054964890108,6.785717676126379e-06,4.0,3.6161081331929664e-05
AB,a_b,RF,Random Forest,uncalibrated,-0.1269,1.22395345,1.0000056734135272,7.067150786890207e-06,4.0,3.663721534415331e-05
AB,a_b,RF,Random Forest,uncalibrated,-0.1268,1.2239134,1.0000058504238702,7.356847286717651e-06,4.0,3.7133177720748754e-05
AB,a_b,RF,Random Forest,uncalibrated,-0.1267,1.2238733499999999,1.000006026854955,7.654745146815463e-06,4.0,3.765017088826028e-05
AB,a_b,RF,Random Forest,uncalibrated,-0.1266,1.2238333,1.0000062019672455,7.960747632949105e-06,4.0,3.818949461627263e-05
AB,a_b,RF,Random Forest,uncalibrated,-0.1265,1.22379325,1.000006374941668,8.274720209901045e-06,4.0,3.8752555639270594e-05
AB,a_b,RF,Random Forest,uncalibrated,-0.1264,1.2237532,1.0000065448744597,8.596487394463266e-06,4.0,3.934087838549902e-05
AB,a_b,RF,Random Forest,uncalibrated,-0.1263,1.22371315,1.0000067107719044,8.925829484740365e-06,4.0,3.995611695770522e-05
AB,a_b,RF,Random Forest,uncalibrated,-0.1262,1.2236730999999998,1.0000068715450516,9.262479250411444e-06,4.0,4.0600068531906445e-05
AB,a_b,RF,Random Forest,uncalibrated,-0.1261,1.2236330499999999,1.000007026004421,9.606118563903027e-06,4.0,4.127468836506103e-05
AB,a_b,RF,Random Forest,uncalibrated,-0.126,1.223593,1.0000071728547817,9.956375030490518e-06,4.0,4.198210663132038e-05
AB,a_b,RF,Random Forest,uncalibrated,-0.1259,1.2235603499999999,1.0000072773311068,1.0273769548499753e-05,4.0,4.271226362604218e-05
AB,a_b,RF,Random Forest,uncalibrated,-0.1258,1.2235277,1.0000073696901848,1.0594403820443766e-05,4.0,4.34795126241886e-05
AB,a_b,RF,Random Forest,uncalibrated,-0.1257,1.22349505,1.000007448353465,1.0917691581583473e-05,4.0,4.428660727950966e-05
AB,a_b,RF,Random Forest,uncalibrated,-0.1256,1.2234623999999998,1.0000075116354463,1.1242989101186838e-05,4.0,4.513656628703767e-05
AB,a_b,RF,Random Forest,uncalibrated,-0.1255,1.22342975,1.0000075577414644,1.1569593501559771e-05,4.0,4.603270402083836e-05
AB,a_b,RF,Random Forest,uncalibrated,-0.1254,1.2233971,1.0000075847661507,1.1896741465198773e-05,4.0,4.697866527538475e-05
AB,a_b,RF,Random Forest,uncalibrated,-0.1253,1.2233644499999998,1.0000075906926644,1.222360836897421e-05,4.0,4.797846473468739e-05
AB,a_b,RF,Random Forest,uncalibrated,-0.1252,1.2233318,1.0000075733928178,1.2549307932096718e-05,4.0,4.903653189949136e-05
AB,a_b,RF,Random Forest,uncalibrated,-0.1251,1.22329915,1.000007530628248,1.2872892484291602e-05,4.0,5.0157762328915564e-05
AB,a_b,RF,Random Forest,uncalibrated,-0.125,1.2232664999999998,1.0000074600528026,1.3193353961426478e-05,4.0,5.1347576202971345e-05
AB,a_b,RF,Random Forest,uncalibrated,-0.1249,1.22323385,1.0000073592162764,1.3509625731515031e-05,4.0,5.261198539148627e-05
AB,a_b,RF,Random Forest,uncalibrated,-0.1248,1.2232011999999999,1.0000072255697086,1.3820585409435915e-05,4.0,5.3957670429071524e-05
AB,a_b,RF,Random Forest,uncalibrated,-0.1247,1.22316855,1.0000070564723822,1.4125058760907394e-05,4.0,5.5392069052490384e-05
AB,a_b,RF,Random Forest,uncalibrated,-0.1246,1.2231359,1.0000068492007295,1.4421824864459953e-05,4.0,5.692347826526865e-05
AB,a_b,RF,Random Forest,uncalibrated,-0.1245,1.2231032499999999,1.000006600959325,1.4709622698264838e-05,4.0,5.8561172265958324e-05
AB,a_b,RF,Random Forest,uncalibrated,-0.1244,1.2230706,1.0000063088941122,1.498715927092928e-05,4.0,6.0315539025237024e-05
AB,a_b,RF,Random Forest,uncalibrated,-0.1243,1.22303795,1.0000059701080624,1.5253119505456186e-05,4.0,6.219823884026701e-05
AB,a_b,RF,Random Forest,uncalibrated,-0.1242,1.2230052999999999,1.0000055816793592,1.5506177991908817e-05,4.0,6.422238885412622e-05
AB,a_b,RF,Random Forest,uncalibrated,-0.1241,1.22297265,1.0000051406822756,1.574501281567924e-05,4.0,6.640277833050361e-05
AB,a_b,RF,Random Forest,uncalibrated,-0.124,1.22294,1.000004644210756,1.5968321548267454e-05,4.0,6.875612045276399e-05
AB,a_b,RF,Random Forest,uncalibrated,-0.1239,1.22289565,1.0000041483926765,1.626983766367274e-05,4.0,7.133177617147566e-05
AB,a_b,RF,Random Forest,uncalibrated,-0.1238,1.2228512999999999,1.0000035891142778,1.6555819681704605e-05,4.0,7.412229832124841e-05
AB,a_b,RF,Random Forest,uncalibrated,-0.1237,1.2228069499999998,1.0000029629669653,1.682479105439902e-05,4.0,7.715218939879798e-05
AB,a_b,RF,Random Forest,uncalibrated,-0.1236,1.2227626,1.0000022666365607,1.707534377141148e-05,4.0,8.044939762653581e-05
AB,a_b,RF,Random Forest,uncalibrated,-0.1235,1.22271825,1.0000014969426463,1.7306165720414954e-05,4.0,8.404588533601155e-05
AB,a_b,RF,Random Forest,uncalibrated,-0.1234,1.2226739,1.0000006508804975,1.7516070231751367e-05,4.0,8.797830417089746e-05
AB,a_b,RF,Random Forest,uncalibrated,-0.1233,1.22262955,0.9999997256650586,1.7704027330533153e-05,4.0,9.228879949676012e-05
AB,a_b,RF,Random Forest,uncalibrated,-0.1232,1.2225852,0.9999987187762678,1.78691960709956e-05,4.0,9.70259715477612e-05
AB,a_b,RF,Random Forest,uncalibrated,-0.1231,1.22254085,0.9999976280048624,1.801095700220224e-05,4.0,0.00010224602725986907
AB,a_b,RF,Random Forest,uncalibrated,-0.123,1.2224965,0.9999964514975861,1.8128943593112263e-05,4.0,0.00010801416477419053
AB,a_b,RF,Random Forest,uncalibrated,-0.1229,1.22245215,0.9999951878005676,1.8223071023374273e-05,4.0,0.00011440624267507223
AB,a_b,RF,Random Forest,uncalibrated,-0.1228,1.2224078,0.999993835899435,1.829356043474658e-05,4.0,0.00012151079870991683
AB,a_b,RF,Random Forest,uncalibrated,-0.1227,1.22236345,0.9999923952546008,1.834095632724323e-05,4.0,0.00012943149873298956
AB,a_b,RF,Random Forest,uncalibrated,-0.1226,1.2223191,0.9999789449625583,1.9330800901706604e-05,3.0,0.00013829011683911052
AB,a_b,RF,Random Forest,uncalibrated,-0.1225,1.22227475,0.9999779334700287,2.0468659974230642e-05,3.0,0.0001482301732844858
AB,a_b,RF,Random Forest,uncalibrated,-0.1224,1.2222304,0.9999768846813235,2.162637891995013e-05,3.0,0.00015942138935187098
AB,a_b,RF,Random Forest,uncalibrated,-0.1223,1.2221860500000001,0.9999757955802157,2.2796177700276782e-05,3.0,0.0001720651597699711
AB,a_b,RF,Random Forest,uncalibrated,-0.1222,1.2221417,0.9999746625926769,2.3969045537234157e-05,3.0,0.00018640129618044824
AB,a_b,RF,Random Forest,uncalibrated,-0.1221,1.22209735,0.9999734815836404,2.5134759230826693e-05,3.0,0.00020271636274110617
AB,a_b,RF,Random Forest,uncalibrated,-0.122,1.222053,0.9999722478815695,2.6281946415512496e-05,3.0,0.00022135401150270558
AB,a_b,RF,Random Forest,uncalibrated,-0.1219,1.2220048000000001,0.9999709338998176,2.7422085489446434e-05,3.0,0.00024274006985177266
AB,a_b,RF,Random Forest,uncalibrated,-0.1218,1.2219566000000002,0.9999695545293593,2.8519616940673033e-05,3.0,0.00026735972876895854
AB,a_b,RF,Random Forest,uncalibrated,-0.1217,1.2219084,0.999968103828132,2.9560426525951716e-05,3.0,0.0002958172639958714
AB,a_b,RF,Random Forest,uncalibrated,-0.1216,1.2218602,0.9999665757359874,3.052998142820022e-05,3.0,0.0003288476252573685
AB,a_b,RF,Random Forest,uncalibrated,-0.1215,1.2218120000000001,0.9999649642592431,3.1413651173291394e-05,3.0,0.0003673478941163347
AB,a_b,RF,Random Forest,uncalibrated,-0.1214,1.2217638,0.9999632636728047,3.2197064815125276e-05,3.0,0.00041241693149870925
AB,a_b,RF,Random Forest,uncalibrated,-0.1213,1.2217156,0.9999614687279874,3.286649002943997e-05,3.0,0.00046540546176609005
AB,a_b,RF,Random Forest,uncalibrated,-0.1212,1.2216674,0.999959574852147,3.340921689789909e-05,3.0,0.0005279794719219683
AB,a_b,RF,Random Forest,uncalibrated,-0.1211,1.2216192000000001,0.9999575783255257,3.381392755416039e-05,3.0,0.0006022006113570661
AB,a_b,RF,Random Forest,uncalibrated,-0.121,1.221571,0.9999554764214118,3.4071032868158004e-05,3.0,0.0006906283039826239
AB,a_b,RF,Random Forest,uncalibrated,-0.1209,1.2215228,0.9999532674980025,3.4172959042902436e-05,3.0,0.0007964495834986943
AB,a_b,RF,Random Forest,uncalibrated,-0.1208,1.2214746,0.9999509510339697,3.411437029560853e-05,3.0,0.0009236442945336522
AB,a_b,RF,Random Forest,uncalibrated,-0.1207,1.2214264000000001,0.9999485276043548,3.389231835163017e-05,3.0,0.001077195333600775
AB,a_b,RF,Random Forest,uncalibrated,-0.1206,1.2213782000000002,0.9999459987984965,3.350631478379197e-05,3.0,0.0012633561004568188
AB,a_b,RF,Random Forest,uncalibrated,-0.1205,1.22133,0.9999433670865493,3.295832766703113e-05,3.0,0.0014899903483071657
AB,a_b,RF,Random Forest,uncalibrated,-0.1204,1.2212818,0.9999406356452879,3.2252709022274034e-05,3.0,0.0017670031873011664
AB,a_b,RF,Random Forest,uncalibrated,-0.1203,1.2212336000000001,0.9999378081567531,3.139606358746466e-05,3.0,0.0021068860776184053
AB,a_b,RF,Random Forest,uncalibrated,-0.1202,1.2211854000000002,0.9999348885946471,3.039707232528174e-05,3.0,0.002525403107395227
AB,a_b,RF,Random Forest,uncalibrated,-0.1201,1.2211372,0.9999318810131886,2.926628565643672e-05,3.0,0.00304245037144843
AB,a_b,RF,Random Forest,uncalibrated,-0.12,1.221089,0.9999287893515255,2.801590190516392e-05,3.0,0.003683124258899638
AB,a_b,RF,Random Forest,uncalibrated,-0.1199,1.22101725,0.9999252995057539,2.6773933946590677e-05,3.0,0.004473659116933939
AB,a_b,RF,Random Forest,uncalibrated,-0.1198,1.2209455,0.9999217094077687,2.542417958326896e-05,3.0,0.0054558231400424154
AB,a_b,RF,Random Forest,uncalibrated,-0.1197,1.22087375,0.9999180217997257,2.3982112417106387e-05,3.0,0.006677845119886853
AB,a_b,RF,Random Forest,uncalibrated,-0.1196,1.2208020000000002,0.999914238950524,2.246473100161571e-05,3.0,0.008199632145145406
AB,a_b,RF,Random Forest,uncalibrated,-0.1195,1.2207302500000001,0.9999103626071499,2.0890569303252084e-05,3.0,0.010095143016831412
AB,a_b,RF,Random Forest,uncalibrated,-0.1194,1.2206585,0.9999063939746065,1.9279813728499994e-05,3.0,0.012454985392432939
AB,a_b,RF,Random Forest,uncalibrated,-0.1193,1.22058675,0.9999023337189532,1.765457246505779e-05,3.0,0.015389118701902753
AB,a_b,RF,Random Forest,uncalibrated,-0.1192,1.220515,0.9998965153856552,1.7111822489828062e-05,14.0,0.019029463716623687
AB,a_b,RF,Random Forest,uncalibrated,-0.1191,1.22044325,0.9998925089830338,1.728966118128106e-05,14.0,0.023532119655578505
AB,a_b,RF,Random Forest,uncalibrated,-0.119,1.2203715000000002,0.9998883961012093,1.7493617140509482e-05,14.0,0.02907877886328199
AB,a_b,RF,Random Forest,uncalibrated,-0.1189,1.2202997500000001,0.9998841744199939,1.7718774699574434e-05,14.0,0.03587682405053703
AB,a_b,RF,Random Forest,uncalibrated,-0.1188,1.220228,0.9998798416134491,1.795934702773749e-05,14.0,0.04415752054921112
AB,a_b,RF,Random Forest,uncalibrated,-0.1187,1.22015625,0.999875395300978,1.8209038232348404e-05,14.0,0.05417171124393599
AB,a_b,RF,Random Forest,uncalibrated,-0.1186,1.2200845,0.9998711204006122,1.846295838360183e-05,17.0,0.06618252247731815
AB,a_b,RF,Random Forest,uncalibrated,-0.1185,1.22001275,0.9998664668409576,1.8799749645839173e-05,17.0,0.08045482377608501
AB,a_b,RF,Random Forest,uncalibrated,-0.1184,1.219941,0.9998616894356108,1.9139156184178008e-05,17.0,0.09724155655018592
AB,a_b,RF,Random Forest,uncalibrated,-0.1183,1.2198692500000001,0.9998567846677199,1.9475743121829045e-05,17.0,0.1167675218257246
AB,a_b,RF,Random Forest,uncalibrated,-0.1182,1.2197975,0.9998517486256464,1.9805051264827887e-05,17.0,0.13921171516144662
AB,a_b,RF,Random Forest,uncalibrated,-0.1181,1.21972575,0.9998465769118021,2.01237159700293e-05,17.0,0.16468970569223887
AB,a_b,RF,Random Forest,uncalibrated,-0.118,1.219654,0.9998412645547247,2.0429527696222213e-05,17.0,0.193237759850102
AB,a_b,RF,Random Forest,uncalibrated,-0.1179,1.21972185,0.9998390573207989,2.0025856385064766e-05,17.0,0.22827470556407534
AB,a_b,RF,Random Forest,uncalibrated,-0.1178,1.2197897,0.9998367441182671,1.9645886980536967e-05,17.0,0.2671508691968381
AB,a_b,RF,Random Forest,uncalibrated,-0.1177,1.21985755,0.9998343209466246,1.9291309816619105e-05,17.0,0.3096760420349651
AB,a_b,RF,Random Forest,uncalibrated,-0.1176,1.2199254,0.9998317838633717,1.8963842909240708e-05,17.0,0.35554320807182266
AB,a_b,RF,Random Forest,uncalibrated,-0.1175,1.2199932500000001,0.9998291289213994,1.8665232666129508e-05,17.0,0.40433646569806164
AB,a_b,RF,Random Forest,uncalibrated,-0.1174,1.2200611000000001,0.9998263521241099,1.8397282571149646e-05,17.0,0.4555414641306537
AB,a_b,RF,Random Forest,uncalibrated,-0.1173,1.22012895,0.9998234493982099,1.816190763800836e-05,17.0,0.5085563543724149
AB,a_b,RF,Random Forest,uncalibrated,-0.1172,1.2201968,0.9998204165840532,1.7961210360636333e-05,17.0,0.5627020876125584
AB,a_b,RF,Random Forest,uncalibrated,-0.1171,1.22026465,0.9998172494426136,1.779757198338192e-05,17.0,0.6172318866339577
AB,a_b,RF,Random Forest,uncalibrated,-0.117,1.2203325,0.9998139436781144,1.7673751295361513e-05,17.0,0.6713405558636453
AB,a_b,RF,Random Forest,uncalibrated,-0.1169,1.22040035,0.9998104949752457,1.7592981925425363e-05,17.0,0.7241747974251227
AB,a_b,RF,Random Forest,uncalibrated,-0.1168,1.2204682,0.99980689904956,1.7559058405258276e-05,17.0,0.7748458164588995
AB,a_b,RF,Random Forest,uncalibrated,-0.1167,1.22053605,0.9998031517099407,1.7576401242946213e-05,17.0,0.822445280627311
AB,a_b,RF,Random Forest,uncalibrated,-0.1166,1.2206039,0.9997992489318425,1.7650092075278705e-05,17.0,0.8660652446586896
AB,a_b,RF,Random Forest,uncalibrated,-0.1165,1.22067175,0.9997950561759772,1.783608060443508e-05,19.0,0.9048220671047084
AB,a_b,RF,Random Forest,uncalibrated,-0.1164,1.2207396000000001,0.9997908520312342,1.8111571143703597e-05,19.0,0.9378837270104192
AB,a_b,RF,Random Forest,uncalibrated,-0.1163,1.2208074500000001,0.9997864816166169,1.845790816482188e-05,19.0,0.9644993696630613
AB,a_b,RF,Random Forest,uncalibrated,-0.1162,1.2208753,0.9997818954338018,1.889377853694138e-05,28.0,0.984029434640988
AB,a_b,RF,Random Forest,uncalibrated,-0.1161,1.22094315,0.9997772873191677,2.045590133409325e-05,2.0,0.9959743950237199
AB,a_b,RF,Random Forest,uncalibrated,-0.116,1.221011,0.9997723999999999,2.2599999999928236e-05,2.0,1.0
AB,a_b,RF,Random Forest,uncalibrated,-0.1159,1.2207344,0.9997588578194231,2.5168216881921168e-05,2.0,0.9938733063947026
AB,a_b,RF,Random Forest,uncalibrated,-0.1158,1.2204578000000001,0.9997445675308662,2.8005571478417757e-05,2.0,0.9756365693659534
AB,a_b,RF,Random Forest,uncalibrated,-0.1157,1.2201812,0.9997295018082794,3.113006896648951e-05,2.0,0.9458556654177659
AB,a_b,RF,Random Forest,uncalibrated,-0.1156,1.2199046,0.9997136360556833,3.455888375630822e-05,2.0,0.9055374806701556
AB,a_b,RF,Random Forest,uncalibrated,-0.1155,1.2196280000000002,0.999696949239815,3.830779965674491e-05,2.0,0.8560710078683318
AB,a_b,RF,Random Forest,uncalibrated,-0.1154,1.2193514,0.9996794248197363,4.239053893501099e-05,2.0,0.7991423251414596
AB,a_b,RF,Random Forest,uncalibrated,-0.1153,1.2190748,0.9996610517716014,4.6817973160917514e-05,2.0,0.736631155841255
AB,a_b,RF,Random Forest,uncalibrated,-0.1152,1.2187982,0.9996418257038219,5.159721251268845e-05,2.0,0.6704988740472771
AB,a_b,RF,Random Forest,uncalibrated,-0.1151,1.2185216,0.9996217500546181,5.673057543847948e-05,2.0,0.6026786527141877
AB,a_b,RF,Random Forest,uncalibrated,-0.115,1.218245,0.9996008373604393,6.22144472859909e-05,2.0,0.534977704928212
AB,a_b,RF,Random Forest,uncalibrated,-0.1149,1.2179684,0.9995791105800876,6.803804474075914e-05,2.0,0.46899931974445
AB,a_b,RF,Random Forest,uncalibrated,-0.1148,1.2176918,0.9995566044556468,7.418211256965401e-05,2.0,0.4060890752764654
AB,a_b,RF,Random Forest,uncalibrated,-0.1147,1.2174152,0.9995333668875673,8.061758999700075e-05,2.0,0.3473059373746859
AB,a_b,RF,Random Forest,uncalibrated,-0.1146,1.2171386,0.9995094602974908,8.730429568126752e-05,2.0,0.29341573632155826
AB,a_b,RF,Random Forest,uncalibrated,-0.1145,1.2168619999999999,0.9994849629485356,9.418969214036732e-05,2.0,0.24490242916449584
AB,a_b,RF,Random Forest,uncalibrated,-0.1144,1.2165854,0.999459970188736,0.00010120780185718381,2.0,0.20199191365725497
AB,a_b,RF,Random Forest,uncalibrated,-0.1143,1.2163088,0.9994345955788625,0.00010827835721971546,2.0,0.16468380023780413
AB,a_b,RF,Random Forest,uncalibrated,-0.1142,1.2160322,0.9994089718607561,0.00011530627375855307,2.0,0.1327878933046976
AB,a_b,RF,Random Forest,uncalibrated,-0.1141,1.2157556,0.9993832517163306,0.00012218153954363098,2.0,0.10596342409364591
AB,a_b,RF,Random Forest,uncalibrated,-0.114,1.215479,0.9993576082603468,0.00012877961161744667,2.0,0.08375971980212747
AB,a_b,RF,Random Forest,uncalibrated,-0.1139,1.2155092,0.999349424458739,0.00013405622458140254,2.0,0.07356109954359688
AB,a_b,RF,Random Forest,uncalibrated,-0.1138,1.2155394,0.9993417048335913,0.00013924389060532283,2.0,0.06437625379903343
AB,a_b,RF,Random Forest,uncalibrated,-0.1137,1.2155696,0.9993518033798615,0.00014609329826530105,3.0,0.05617131716053902
AB,a_b,RF,Random Forest,uncalibrated,-0.1136,1.2155998,0.999346580661946,0.00015335629725039902,3.0,0.04889510064965506
AB,a_b,RF,Random Forest,uncalibrated,-0.1135,1.21563,0.9993420478956132,0.00016057404075378088,3.0,0.04248417417741635
AB,a_b,RF,Random Forest,uncalibrated,-0.1134,1.2156602,0.999338249119146,0.0001677232341755967,3.0,0.036867506640696386
AB,a_b,RF,Random Forest,uncalibrated,-0.1133,1.2156904,0.9993352245436451,0.00017478005760871923,3.0,0.031970477247358194
AB,a_b,RF,Random Forest,uncalibrated,-0.1132,1.2157206,0.9993330100692137,0.00018172035001949745,3.0,0.027718152789170832
AB,a_b,RF,Random Forest,uncalibrated,-0.1131,1.2157508,0.9993316368340744,0.00018851981444678134,3.0,0.024037804740474247
AB,a_b,RF,Random Forest,uncalibrated,-0.113,1.215781,0.9993311308051109,0.00019515423822972206,3.0,0.02086070535809052
AB,a_b,RF,Random Forest,uncalibrated,-0.1129,1.2158112,0.9993315124182444,0.00020159972203468996,3.0,0.018123287214178743
AB,a_b,RF,Random Forest,uncalibrated,-0.1128,1.2158414,0.9993327962767308,0.00020783291150495729,3.0,0.01576777507207012
AB,a_b,RF,Random Forest,uncalibrated,-0.1127,1.2158716,0.9993349909149875,0.0002138312256710013,3.0,0.013742405768198924
AB,a_b,RF,Random Forest,uncalibrated,-0.1126,1.2159018,0.9993380986347481,0.00021957307680335866,3.0,0.01200134565919653
AB,a_b,RF,Random Forest,uncalibrated,-0.1125,1.215932,0.999342115419345,0.0002250380770919144,3.0,0.010504401304834309
AB,a_b,RF,Random Forest,uncalibrated,-0.1124,1.2159622,0.9993470309305484,0.00023020722833228744,3.0,0.00921660167704008
AB,a_b,RF,Random Forest,uncalibrated,-0.1123,1.2159924,0.9993528285908332,0.0002350630916198561,3.0,0.008107712422333232
AB,a_b,RF,Random Forest,uncalibrated,-0.1122,1.2160226,0.9993594857520509,0.000239589934860681,3.0,0.0071517264887694595
AB,a_b,RF,Random Forest,uncalibrated,-0.1121,1.2160528,0.9993669739494717,0.0002437738566275691,3.0,0.00632636172342011
AB,a_b,RF,Random Forest,uncalibrated,-0.112,1.216083,0.9993752592379643,0.00024760288552796474,3.0,0.00561258513425808
AB,a_b,RF,Random Forest,uncalibrated,-0.1119,1.21607565,0.9993831932576929,0.00025125646203219847,3.0,0.0049413366970419105
AB,a_b,RF,Random Forest,uncalibrated,-0.1118,1.2160683,0.999391960562378,0.0002545004555248563,3.0,0.004364957538152917
AB,a_b,RF,Random Forest,uncalibrated,-0.1117,1.21606095,0.9994015129597287,0.00025733090403679476,3.0,0.003868833998427576
AB,a_b,RF,Random Forest,uncalibrated,-0.1116,1.2160536,0.9994117979041719,0.0002597465603857331,3.0,0.0034407046404903345
AB,a_b,RF,Random Forest,uncalibrated,-0.1115,1.21604625,0.9994227591894395,0.00026174876155349953,3.0,0.0030702793016574425
AB,a_b,RF,Random Forest,uncalibrated,-0.1114,1.2160389,0.9994343376724907,0.0002633412736194654,3.0,0.0027489171121179855
AB,a_b,RF,Random Forest,uncalibrated,-0.1113,1.21603155,0.9994464720130816,0.00026453011789979997,3.0,0.0024693556657989515
AB,a_b,RF,Random Forest,uncalibrated,-0.1112,1.2160241999999999,0.9994590994134551,0.0002653233834915966,3.0,0.002225484061576587
AB,a_b,RF,Random Forest,uncalibrated,-0.1111,1.21601685,0.9994721563433026,0.0002657310308625404,3.0,0.0020121532360102036
AB,a_b,RF,Random Forest,uncalibrated,-0.111,1.2160095,0.9994855792362797,0.0002657646905473002,3.0,0.0018250177764992362
AB,a_b,RF,Random Forest,uncalibrated,-0.1109,1.21600215,0.999499305145915,0.0002654374604027147,3.0,0.0016604041669019756
AB,a_b,RF,Random Forest,uncalibrated,-0.1108,1.2159948,0.999513272350626,0.0002647637043284257,3.0,0.0015152011357362695
AB,a_b,RF,Random Forest,uncalibrated,-0.1107,1.2159874499999999,0.9995274208996008,0.000263758854867219,3.0,0.0013867684289608077
AB,a_b,RF,Random Forest,uncalibrated,-0.1106,1.2159801,0.9995416930935175,0.0002624392216596606,3.0,0.0012728609064470502
AB,a_b,RF,Random Forest,uncalibrated,-0.1105,1.21597275,0.9995560338962218,0.00026082180737970167,3.0,0.0011715653629353344
AB,a_b,RF,Random Forest,uncalibrated,-0.1104,1.2159654,0.9995703912756084,0.00025892413246305745,3.0,0.0010812479044739135
AB,a_b,RF,Random Forest,uncalibrated,-0.1103,1.21595805,0.9995847164738619,0.00025676406969363594,3.0,0.0010005100764364655
AB,a_b,RF,Random Forest,uncalibrated,-0.1102,1.2159506999999998,0.9995989642089602,0.0002543596894931627,3.0,0.00092815224660372
AB,a_b,RF,Random Forest,uncalibrated,-0.1101,1.2159433499999999,0.9996130928107594,0.0002517291165674926,3.0,0.0008631430040131734
AB,a_b,RF,Random Forest,uncalibrated,-0.11,1.215936,0.9996270642961871,0.0002488903983898557,3.0,0.0008045935485060472
AB,a_b,RF,Random Forest,uncalibrated,-0.1099,1.21592865,0.9996408443889399,0.0002458613858419351,3.0,0.0007517362236833549
AB,a_b,RF,Random Forest,uncalibrated,-0.1098,1.2159213,0.9996544024896917,0.0002426596261697476,3.0,0.0007039064931250028
AB,a_b,RF,Random Forest,uncalibrated,-0.1097,1.21591395,0.9996677116031514,0.00023930226827105142,3.0,0.0006605277812765291
AB,a_b,RF,Random Forest,uncalibrated,-0.1096,1.2159065999999998,0.9996807482284575,0.00023580598018325366,3.0,0.0006210987006825037
AB,a_b,RF,Random Forest,uncalibrated,-0.1095,1.2158992499999999,0.9996934922192809,0.000232186878507706,3.0,0.0005851822699014558
AB,a_b,RF,Random Forest,uncalibrated,-0.1094,1.2158919,0.9997583327487669,0.00023009846263737376,26.0,0.0005523967945404162
AB,a_b,RF,Random Forest,uncalibrated,-0.1093,1.21588455,0.9997704875309961,0.00022800304962625805,26.0,0.00052240813996012
AB,a_b,RF,Random Forest,uncalibrated,-0.1092,1.2158772,0.9997880299114179,0.00022573085323720604,66.0,0.0004949231704425074
AB,a_b,RF,Random Forest,uncalibrated,-0.1091,1.21586985,0.9997990703686896,0.00022343961072506907,66.0,0.00046968416773994763
AB,a_b,RF,Random Forest,uncalibrated,-0.109,1.2158625,0.9998096772361927,0.0002209665108923225,66.0,0.00044646407338337304
AB,a_b,RF,Random Forest,uncalibrated,-0.1089,1.2158551499999999,0.9998198533775772,0.00021832851872509,66.0,0.00042506242510494574
AB,a_b,RF,Random Forest,uncalibrated,-0.1088,1.2158478,0.999829603627671,0.000215542141635987,66.0,0.0004053018792066237
AB,a_b,RF,Random Forest,uncalibrated,-0.1087,1.21584045,0.9998389345228883,0.00021262333587952013,66.0,0.00038702522847904985
AB,a_b,RF,Random Forest,uncalibrated,-0.1086,1.2158331,0.999847854049004,0.0002095874315357836,66.0,0.0003700928400042965
AB,a_b,RF,Random Forest,uncalibrated,-0.1085,1.21582575,0.9998563714069746,0.00020644907451908406,66.0,0.0003543804493968493
AB,a_b,RF,Random Forest,uncalibrated,-0.1084,1.2158184,0.9998644967980607,0.00020322218400122853,66.0,0.00033977725819345813
AB,a_b,RF,Random Forest,uncalibrated,-0.1083,1.21581105,0.9998722412277224,0.00019991992359095456,66.0,0.00032618428955431773
AB,a_b,RF,Random Forest,uncalibrated,-0.1082,1.2158037,0.9998796163287954,0.00019655468461950466,66.0,0.00031351296448301185
AB,a_b,RF,Random Forest,uncalibrated,-0.1081,1.21579635,0.9998866342028335,0.0001931380799543025,66.0,0.00030168386665364595
AB,a_b,RF,Random Forest,uncalibrated,-0.108,1.215789,0.9998933072792502,0.00018968094682179944,66.0,0.0002906256688520631
AB,a_b,GBT,Gradient Boosted Trees,uncalibrated,-0.128,1.224394,3.2289048458664424e-05,1.5328293767353795e-19,71.0,0.0010640341247622734
AB,a_b,GBT,Gradient Boosted Trees,uncalibrated,-0.1279,1.22435395,3.22890484586649e-05,1.7653462356872278e-19,94.0,0.0011159727266032112
AB,a_b,GBT,Gradient Boosted Trees,uncalibrated,-0.1278,1.2243139,3.228904845866475e-05,1.6543924744850664e-19,87.0,0.0011707190815859153
AB,a_b,GBT,Gradient Boosted Trees,uncalibrated,-0.1277,1.2242738499999999,3.228904845866475e-05,1.854874337155022e-19,87.0,0.0012284272276427784
AB,a_b,GBT,Gradient Boosted Trees,uncalibrated,-0.1276,1.2242338,3.228904845866427e-05,1.5735866621350776e-19,95.0,0.0012892594351356648
AB,a_b,GBT,Gradient Boosted Trees,uncalibrated,-0.1275,1.22419375,3.2289048458664424e-05,1.6672254139421855e-19,71.0,0.0013533866367564102
AB,a_b,GBT,Gradient Boosted Trees,uncalibrated,-0.1274,1.2241537,3.228904845866417e-05,1.5259439173154763e-19,87.0,0.0014209888821838372
AB,a_b,GBT,Gradient Boosted Trees,uncalibrated,-0.1273,1.22411365,3.228904845866492e-05,1.7250951916446627e-19,95.0,0.001492255819411082
AB,a_b,GBT,Gradient Boosted Trees,uncalibrated,-0.1272,1.2240735999999999,3.228904845866459e-05,1.6913703997212354e-19,79.0,0.0015673872048311
AB,a_b,GBT,Gradient Boosted Trees,uncalibrated,-0.1271,1.22403355,3.228904845866426e-05,1.324224108652286e-19,94.0,0.001646593444350286
AB,a_b,GBT,Gradient Boosted Trees,uncalibrated,-0.127,1.2239935,3.228904845866415e-05,1.5567581794951741e-19,86.0,0.0017300961679895684
AB,a_b,GBT,Gradient Boosted Trees,uncalibrated,-0.1269,1.22395345,3.2289048458664424e-05,1.6049675991580127e-19,71.0,0.0018181288406377756
AB,a_b,GBT,Gradient Boosted Trees,uncalibrated,-0.1268,1.2239134,3.2289048458664736e-05,1.7175413678930256e-19,86.0,0.001910937411827744
AB,a_b,GBT,Gradient Boosted Trees,uncalibrated,-0.1267,1.2238733499999999,3.228904845866442e-05,1.6780516667495498e-19,71.0,0.0020087810076258083
AB,a_b,GBT,Gradient Boosted Trees,uncalibrated,-0.1266,1.2238333,3.228904845866491e-05,1.7447363770149054e-19,95.0,0.0021119326679502476
AB,a_b,GBT,Gradient Boosted Trees,uncalibrated,-0.1265,1.22379325,3.2289048458661964e-05,1.6233323099328736e-19,39.0,0.0022206801328619376
AB,a_b,GBT,Gradient Boosted Trees,uncalibrated,-0.1264,1.2237532,3.228904845866394e-05,1.3473558814343685e-19,71.0,0.0023353266816105666
AB,a_b,GBT,Gradient Boosted Trees,uncalibrated,-0.1263,1.22371315,3.22890484586649e-05,1.693099640945533e-19,94.0,0.0024561920284538134
AB,a_b,GBT,Gradient Boosted Trees,uncalibrated,-0.1262,1.2236730999999998,3.22890484586649e-05,1.871522389321632e-19,94.0,0.002583613279510678
AB,a_b,GBT,Gradient Boosted Trees,uncalibrated,-0.1261,1.2236330499999999,3.22890484586649e-05,1.7263138612845443e-19,94.0,0.0027179459551519916
AB,a_b,GBT,Gradient Boosted Trees,uncalibrated,-0.126,1.223593,3.2289048458664756e-05,1.767152823481304e-19,87.0,0.0028595650826691724
AB,a_b,GBT,Gradient Boosted Trees,uncalibrated,-0.1259,1.2235603499999999,3.228904845866417e-05,1.4882976665016053e-19,87.0,0.0030109764194370227
AB,a_b,GBT,Gradient Boosted Trees,uncalibrated,-0.1258,1.2235277,3.2289048458664594e-05,1.7311104416927856e-19,79.0,0.0031701133412563517
AB,a_b,GBT,Gradient Boosted Trees,uncalibrated,-0.1257,1.22349505,3.2289048458664736e-05,1.7811033300246865e-19,86.0,0.003337334722203181
AB,a_b,GBT,Gradient Boosted Trees,uncalibrated,-0.1256,1.2234623999999998,3.228904845866491e-05,1.9242930842347092e-19,95.0,0.003513015914507924
AB,a_b,GBT,Gradient Boosted Trees,uncalibrated,-0.1255,1.22342975,3.228904845866491e-05,1.8336155128095204e-19,95.0,0.0036975498068329304
AB,a_b,GBT,Gradient Boosted Trees,uncalibrated,-0.1254,1.2233971,3.228904845866475e-05,1.6475191897811768e-19,87.0,0.003891347971734663
AB,a_b,GBT,Gradient Boosted Trees,uncalibrated,-0.1253,1.2233644499999998,3.228904845866417e-05,1.5259439173154763e-19,87.0,0.004094841906582788
AB,a_b,GBT,Gradient Boosted Trees,uncalibrated,-0.1252,1.2233318,3.2289048458664045e-05,1.4471359735176792e-19,78.0,0.0043084843719844905
AB,a_b,GBT,Gradient Boosted Trees,uncalibrated,-0.1251,1.22329915,3.228904845866457e-05,1.6885490253962599e-19,78.0,0.004532750831523804
AB,a_b,GBT,Gradient Boosted Trees,uncalibrated,-0.125,1.2232664999999998,3.228904845866427e-05,1.5444436462767642e-19,95.0,0.004768140996373633
AB,a_b,GBT,Gradient Boosted Trees,uncalibrated,-0.1249,1.22323385,3.228904845866459e-05,1.5515697604161318e-19,79.0,0.005015180478089156
AB,a_b,GBT,Gradient Boosted Trees,uncalibrated,-0.1248,1.2232011999999999,3.228904845866475e-05,1.7477826423017133e-19,87.0,0.0052744225526376864
AB,a_b,GBT,Gradient Boosted Trees,uncalibrated,-0.1247,1.22316855,3.228904845866475e-05,1.5985789402303711e-19,87.0,0.005546450038477242
AB,a_b,GBT,Gradient Boosted Trees,uncalibrated,-0.1246,1.2231359,3.2289048458664594e-05,1.657526033626417e-19,79.0,0.005831877291260704
AB,a_b,GBT,Gradient Boosted Trees,uncalibrated,-0.1245,1.2231032499999999,3.2289048458664594e-05,1.737645423185801e-19,79.0,0.006131352317513265
AB,a_b,GBT,Gradient Boosted Trees,uncalibrated,-0.1244,1.2230706,3.22890484586649e-05,1.871522389321632e-19,94.0,0.0064455590094185024
AB,a_b,GBT,Gradient Boosted Trees,uncalibrated,-0.1243,1.22303795,3.228904845866475e-05,1.8425983959520564e-19,87.0,0.00677521950263488
AB,a_b,GBT,Gradient Boosted Trees,uncalibrated,-0.1242,1.2230052999999999,3.228904845866491e-05,1.9005354685742597e-19,95.0,0.00712109665885482
AB,a_b,GBT,Gradient Boosted Trees,uncalibrated,-0.1241,1.22297265,3.22890484586649e-05,1.745939128308633e-19,94.0,0.007483996674608923
AB,a_b,GBT,Gradient Boosted Trees,uncalibrated,-0.124,1.22294,3.228904845866475e-05,1.8670695660599992e-19,87.0,0.007864771817585384
AB,a_b,GBT,Gradient Boosted Trees,uncalibrated,-0.1239,1.22289565,3.228904845866459e-05,1.6980583277478843e-19,79.0,0.0082805972095251
AB,a_b,GBT,Gradient Boosted Trees,uncalibrated,-0.1238,1.2228512999999999,3.228904845866491e-05,1.9112629411818033e-19,95.0,0.008720043437019008
AB,a_b,GBT,Gradient Boosted Trees,uncalibrated,-0.1237,1.2228069499999998,3.2289048458664756e-05,1.7043935296040723e-19,87.0,0.009184537525524967
AB,a_b,GBT,Gradient Boosted Trees,uncalibrated,-0.1236,1.2227626,3.228904845866406e-05,1.484370042479584e-19,79.0,0.009675596072474885
AB,a_b,GBT,Gradient Boosted Trees,uncalibrated,-0.1235,1.22271825,3.228904845866492e-05,1.7118758765965368e-19,95.0,0.010194830675743621
AB,a_b,GBT,Gradient Boosted Trees,uncalibrated,-0.1234,1.2226739,3.228904845866492e-05,1.7316670066490046e-19,95.0,0.0107439536263028
AB,a_b,GBT,Gradient Boosted Trees,uncalibrated,-0.1233,1.22262955,3.2289048458664275e-05,1.644185816768071e-19,95.0,0.011324783867323648
AB,a_b,GBT,Gradient Boosted Trees,uncalibrated,-0.1232,1.2225852,3.228904845866475e-05,1.6816047024717797e-19,87.0,0.011939253220105646
AB,a_b,GBT,Gradient Boosted Trees,uncalibrated,-0.1231,1.22254085,3.228904845866475e-05,1.8115446320991138e-19,87.0,0.012589412874988057
AB,a_b,GBT,Gradient Boosted Trees,uncalibrated,-0.123,1.2224965,3.228904845866415e-05,1.451140683736373e-19,86.0,0.013277440142782367
AB,a_b,GBT,Gradient Boosted Trees,uncalibrated,-0.1229,1.22245215,3.228904845866492e-05,1.7833699098521939e-19,95.0,0.014005645459213071
AB,a_b,GBT,Gradient Boosted Trees,uncalibrated,-0.1228,1.2224078,3.228904845866441e-05,1.570594480948731e-19,70.0,0.014776479631304913
AB,a_b,GBT,Gradient Boosted Trees,uncalibrated,-0.1227,1.22236345,3.2289048458664756e-05,1.7542631341012538e-19,87.0,0.015592541310615417
AB,a_b,GBT,Gradient Boosted Trees,uncalibrated,-0.1226,1.2223191,3.228904845866459e-05,1.664349965461018e-19,79.0,0.016456584673542572
AB,a_b,GBT,Gradient Boosted Trees,uncalibrated,-0.1225,1.22227475,3.228904845866475e-05,1.8240295808890558e-19,87.0,0.017371527283685042
AB,a_b,GBT,Gradient Boosted Trees,uncalibrated,-0.1224,1.2222304,3.2289048458664424e-05,1.6329308107855213e-19,71.0,0.018340458105279296
AB,a_b,GBT,Gradient Boosted Trees,uncalibrated,-0.1223,1.2221860500000001,3.228904845866492e-05,1.8397997310840404e-19,95.0,0.019366645630069537
AB,a_b,GBT,Gradient Boosted Trees,uncalibrated,-0.1222,1.2221417,3.2289048458664424e-05,1.7008286595000458e-19,71.0,0.020453546072540775
AB,a_b,GBT,Gradient Boosted Trees,uncalibrated,-0.1221,1.22209735,3.2289048458664756e-05,1.7542631341012538e-19,87.0,0.0216048115801749
AB,a_b,GBT,Gradient Boosted Trees,uncalibrated,-0.122,1.222053,3.228904845866426e-05,1.5310616865759835e-19,94.0,0.02282429839636039
AB,a_b,GBT,Gradient Boosted Trees,uncalibrated,-0.1219,1.2220048000000001,3.228904845866459e-05,1.7047200180131375e-19,79.0,0.02414677238061756
AB,a_b,GBT,Gradient Boosted Trees,uncalibrated,-0.1218,1.2219566000000002,3.2289048458664736e-05,1.6349639273365519e-19,86.0,0.025550491098475688
AB,a_b,GBT,Gradient Boosted Trees,uncalibrated,-0.1217,1.2219084,3.228904845866492e-05,1.698553682846317e-19,95.0,0.02704041881076766
AB,a_b,GBT,Gradient Boosted Trees,uncalibrated,-0.1216,1.2218602,3.2289048458664756e-05,1.6816047024717797e-19,87.0,0.02862178706043267
AB,a_b,GBT,Gradient Boosted Trees,uncalibrated,-0.1215,1.2218120000000001,3.228904845866492e-05,1.7769893172681243e-19,95.0,0.030300102753898137
AB,a_b,GBT,Gradient Boosted Trees,uncalibrated,-0.1214,1.2217638,3.228904845866475e-05,1.6748430960658996e-19,87.0,0.032081155518534306
AB,a_b,GBT,Gradient Boosted Trees,uncalibrated,-0.1213,1.2217156,3.228904845866191e-05,1.438507625591053e-19,55.0,0.033971024161684106
AB,a_b,GBT,Gradient Boosted Trees,uncalibrated,-0.1212,1.2216674,3.2289048458664567e-05,1.5973714629523806e-19,77.0,0.03597608203865535
AB,a_b,GBT,Gradient Boosted Trees,uncalibrated,-0.1211,1.2216192000000001,3.22890484586649e-05,1.771768032941592e-19,94.0,0.03810300111852866
AB,a_b,GBT,Gradient Boosted Trees,uncalibrated,-0.121,1.221571,3.228904845866491e-05,1.854557719385341e-19,95.0,0.04035875451823412
AB,a_b,GBT,Gradient Boosted Trees,uncalibrated,-0.1209,1.2215228,3.228904845866492e-05,1.7897277550084005e-19,95.0,0.04275061725709754
AB,a_b,GBT,Gradient Boosted Trees,uncalibrated,-0.1208,1.2214746,3.22890484586649e-05,1.719722337170888e-19,94.0,0.045286164966720374
AB,a_b,GBT,Gradient Boosted Trees,uncalibrated,-0.1207,1.2214264000000001,3.2289048458664756e-05,1.7799491732656682e-19,87.0,0.04797327027476429
AB,a_b,GBT,Gradient Boosted Trees,uncalibrated,-0.1206,1.2213782000000002,3.228904845866459e-05,1.664349965461018e-19,79.0,0.0508200965669597
AB,a_b,GBT,Gradient Boosted Trees,uncalibrated,-0.1205,1.22133,3.228904845866427e-05,1.7316670066490046e-19,95.0,0.05383508881971163
AB,a_b,GBT,Gradient Boosted Trees,uncalibrated,-0.1204,1.2212818,3.228904845866491e-05,1.7250951916446627e-19,95.0,0.05702696118694995
AB,a_b,GBT,Gradient Boosted Trees,uncalibrated,-0.1203,1.2212336000000001,3.228904845866426e-05,1.545826364601859e-19,94.0,0.06040468102022302
AB,a_b,GBT,Gradient Boosted Trees,uncalibrated,-0.1202,1.2211854000000002,3.228904845866491e-05,2.0187783388983056e-19,95.0,0.06397744900092865
AB,a_b,GBT,Gradient Boosted Trees,uncalibrated,-0.1201,1.2211372,3.228904845866475e-05,1.6612373215673962e-19,87.0,0.0677546750694498
AB,a_b,GBT,Gradient Boosted Trees,uncalibrated,-0.12,1.221089,3.228904845866417e-05,1.3422882271693117e-19,86.0,0.07174594984810582
AB,a_b,GBT,Gradient Boosted Trees,uncalibrated,-0.1199,1.22101725,3.2289048458664255e-05,1.3911457635794883e-19,94.0,0.07667906373002589
AB,a_b,GBT,Gradient Boosted Trees,uncalibrated,-0.1198,1.2209455,3.2289048458664275e-05,1.609273435950321e-19,95.0,0.08193788146717217
AB,a_b,GBT,Gradient Boosted Trees,uncalibrated,-0.1197,1.22087375,3.2289048458664736e-05,1.722818005110855e-19,86.0,0.08753937115221115
AB,a_b,GBT,Gradient Boosted Trees,uncalibrated,-0.1196,1.2208020000000002,3.228904845866491e-05,1.8360916996403516e-19,95.0,0.0935006978833552
AB,a_b,GBT,Gradient Boosted Trees,uncalibrated,-0.1195,1.2207302500000001,3.2289048458664594e-05,1.6018884196794613e-19,79.0,0.09983912610790678
AB,a_b,GBT,Gradient Boosted Trees,uncalibrated,-0.1194,1.2206585,3.2289048458664756e-05,1.6612373215673962e-19,87.0,0.106571909505758
AB,a_b,GBT,Gradient Boosted Trees,uncalibrated,-0.1193,1.22058675,3.2289048458664424e-05,1.5765084699681793e-19,71.0,0.11371616838096286
AB,a_b,GBT,Gradient Boosted Trees,uncalibrated,-0.1192,1.220515,3.2289048458664594e-05,1.6437931869270482e-19,79.0,0.12128875475162909
AB,a_b,GBT,Gradient Boosted Trees,uncalibrated,-0.1191,1.22044325,3.228904845866492e-05,1.8764770876789386e-19,95.0,0.12930610557605265
AB,a_b,GBT,Gradient Boosted Trees,uncalibrated,-0.119,1.2203715000000002,3.2289048458664424e-05,1.597900336294673e-19,71.0,0.1377840848214544
AB,a_b,GBT,Gradient Boosted Trees,uncalibrated,-0.1189,1.2202997500000001,3.228904845866443e-05,1.5179904080560455e-19,71.0,0.14673781536582065
AB,a_b,GBT,Gradient Boosted Trees,uncalibrated,-0.1188,1.220228,3.2289048458664275e-05,1.6007811685667493e-19,95.0,0.15618150201581865
AB,a_b,GBT,Gradient Boosted Trees,uncalibrated,-0.1187,1.22015625,3.228904845866415e-05,1.5302957727278657e-19,86.0,0.16612824721735522
AB,a_b,GBT,Gradient Boosted Trees,uncalibrated,-0.1186,1.2200845,3.2289048458664756e-05,1.721616754387798e-19,87.0,0.17658986131948387
AB,a_b,GBT,Gradient Boosted Trees,uncalibrated,-0.1185,1.22001275,3.228904845866491e-05,1.973253244810585e-19,95.0,0.18757666951840962
AB,a_b,GBT,Gradient Boosted Trees,uncalibrated,-0.1184,1.219941,3.228904845866491e-05,1.76415890166466e-19,95.0,0.1990973178451069
AB,a_b,GBT,Gradient Boosted Trees,uncalibrated,-0.1183,1.2198692500000001,3.2289048458661964e-05,1.4821444474899822e-19,39.0,0.211158580757665
AB,a_b,GBT,Gradient Boosted Trees,uncalibrated,-0.1182,1.2197975,3.2289048458664756e-05,1.721616754387798e-19,87.0,0.22376517304836369
AB,a_b,GBT,Gradient Boosted Trees,uncalibrated,-0.1181,1.21972575,3.2289048458664275e-05,1.6021996723174566e-19,95.0,0.2369195688667381
AB,a_b,GBT,Gradient Boosted Trees,uncalibrated,-0.118,1.219654,3.228904845866491e-05,1.7705857313340824e-19,95.0,0.2506218306881042
AB,a_b,GBT,Gradient Boosted Trees,uncalibrated,-0.1179,1.21972185,3.228904845866475e-05,1.6475191897811768e-19,87.0,0.25223901205676114
AB,a_b,GBT,Gradient Boosted Trees,uncalibrated,-0.1178,1.2197897,3.228904845866475e-05,1.8634193776888003e-19,87.0,0.25355090323455476
AB,a_b,GBT,Gradient Boosted Trees,uncalibrated,-0.1177,1.21985755,3.2289048458664736e-05,1.787462162568177e-19,86.0,0.2545626979869263
AB,a_b,GBT,Gradient Boosted Trees,uncalibrated,-0.1176,1.2199254,3.228904845866491e-05,1.8764770876789386e-19,95.0,0.2552799906802969
AB,a_b,GBT,Gradient Boosted Trees,uncalibrated,-0.1175,1.2199932500000001,3.228904845866491e-05,1.8521062209979434e-19,95.0,0.25570873703699054
AB,a_b,GBT,Gradient Boosted Trees,uncalibrated,-0.1174,1.2200611000000001,3.2289048458664736e-05,1.6349639273365519e-19,86.0,0.2558552175635061
AB,a_b,GBT,Gradient Boosted Trees,uncalibrated,-0.1173,1.22012895,3.2289048458664756e-05,1.7799491732656682e-19,87.0,0.25572600358526465
AB,a_b,GBT,Gradient Boosted Trees,uncalibrated,-0.1172,1.2201968,3.228904845866491e-05,1.7897277550084005e-19,95.0,0.25532792590988
AB,a_b,GBT,Gradient Boosted Trees,uncalibrated,-0.1171,1.22026465,3.228904845866416e-05,1.6127134234014572e-19,87.0,0.25466804617421474
AB,a_b,GBT,Gradient Boosted Trees,uncalibrated,-0.117,1.2203325,3.228904845866491e-05,1.8086672004796713e-19,95.0,0.2537536309230909
AB,a_b,GBT,Gradient Boosted Trees,uncalibrated,-0.1169,1.22040035,3.228904845866491e-05,1.8582289028912636e-19,95.0,0.25259212842953993
AB,a_b,GBT,Gradient Boosted Trees,uncalibrated,-0.1168,1.2204682,3.2289048458664336e-05,1.449201836059112e-19,100.0,0.2511911482090208
AB,a_b,GBT,Gradient Boosted Trees,uncalibrated,-0.1167,1.22053605,3.228904845866443e-05,1.5030049433442816e-19,71.0,0.24955844311205921
AB,a_b,GBT,Gradient Boosted Trees,uncalibrated,-0.1166,1.2206039,3.228904845866491e-05,1.932539250930545e-19,95.0,0.247701893808656
AB,a_b,GBT,Gradient Boosted Trees,uncalibrated,-0.1165,1.22067175,3.228904845866491e-05,1.9160114278573256e-19,95.0,0.24562949540976975
AB,a_b,GBT,Gradient Boosted Trees,uncalibrated,-0.1164,1.2207396000000001,3.2289048458664756e-05,1.61973441185734e-19,87.0,0.2433493459108283
AB,a_b,GBT,Gradient Boosted Trees,uncalibrated,-0.1163,1.2208074500000001,3.228904845866457e-05,1.6312007121633465e-19,78.0,0.24086963609330747
AB,a_b,GBT,Gradient Boosted Trees,uncalibrated,-0.1162,1.2208753,3.2289048458664594e-05,1.6299446403563042e-19,79.0,0.23819864048463296
AB,a_b,GBT,Gradient Boosted Trees,uncalibrated,-0.1161,1.22094315,3.228904845866491e-05,1.8323761645686955e-19,95.0,0.23534470895747805
AB,a_b,GBT,Gradient Boosted Trees,uncalibrated,-0.116,1.221011,3.228904845866492e-05,1.8764770876789386e-19,95.0,0.2323162585449194
AB,a_b,GBT,Gradient Boosted Trees,uncalibrated,-0.1159,1.2207344,3.228904845866491e-05,1.8397997310840404e-19,95.0,0.2663095974536981
AB,a_b,GBT,Gradient Boosted Trees,uncalibrated,-0.1158,1.2204578000000001,3.228904845866459e-05,1.6711460327903309e-19,79.0,0.30353969765708605
AB,a_b,GBT,Gradient Boosted Trees,uncalibrated,-0.1157,1.2201812,3.228904845866475e-05,1.6910255308199922e-19,87.0,0.34391190176169706
AB,a_b,GBT,Gradient Boosted Trees,uncalibrated,-0.1156,1.2199046,3.228904845866491e-05,1.9207481753277334e-19,95.0,0.387238981069493
AB,a_b,GBT,Gradient Boosted Trees,uncalibrated,-0.1155,1.2196280000000002,3.228904845866475e-05,1.5985789402303711e-19,87.0,0.4332342033035159
AB,a_b,GBT,Gradient Boosted Trees,uncalibrated,-0.1154,1.2193514,3.228904845866492e-05,1.8643314772919692e-19,95.0,0.4815073899779254
AB,a_b,GBT,Gradient Boosted Trees,uncalibrated,-0.1153,1.2190748,3.2289048458664275e-05,1.561994705675892e-19,95.0,0.5315644225188064
AB,a_b,GBT,Gradient Boosted Trees,uncalibrated,-0.1152,1.2187982,3.2289048458664424e-05,1.6672254139421855e-19,71.0,0.5828105686101804
AB,a_b,GBT,Gradient Boosted Trees,uncalibrated,-0.1151,1.2185216,3.228904845866491e-05,1.9593894671863106e-19,95.0,0.6345578997034476
AB,a_b,GBT,Gradient Boosted Trees,uncalibrated,-0.115,1.218245,3.228904845866492e-05,1.796063094306154e-19,95.0,0.6860369462895862
AB,a_b,GBT,Gradient Boosted Trees,uncalibrated,-0.1149,1.2179684,3.2289048458664736e-05,1.6624905068129758e-19,86.0,0.7364125779344722
AB,a_b,GBT,Gradient Boosted Trees,uncalibrated,-0.1148,1.2176918,3.2289048458664275e-05,1.6647818491036147e-19,95.0,0.7848038937254955
AB,a_b,GBT,Gradient Boosted Trees,uncalibrated,-0.1147,1.2174152,3.228904845866427e-05,1.303551566203965e-19,95.0,0.8303076685715348
AB,a_b,GBT,Gradient Boosted Trees,uncalibrated,-0.1146,1.2171386,3.228904845866492e-05,1.8521062209979434e-19,95.0,0.8720246361160152
AB,a_b,GBT,Gradient Boosted Trees,uncalibrated,-0.1145,1.2168619999999999,3.228904845866405e-05,1.461283564838985e-19,79.0,0.9090876248427363
AB,a_b,GBT,Gradient Boosted Trees,uncalibrated,-0.1144,1.2165854,3.228904845866475e-05,1.6475191897811768e-19,87.0,0.9406903322896994
AB,a_b,GBT,Gradient Boosted Trees,uncalibrated,-0.1143,1.2163088,3.228904845866427e-05,1.4996676186533943e-19,95.0,0.9661153567838984
AB,a_b,GBT,Gradient Boosted Trees,uncalibrated,-0.1142,1.2160322,3.228904845866416e-05,1.418018030101791e-19,87.0,0.9847600359757318
AB,a_b,GBT,Gradient Boosted Trees,uncalibrated,-0.1141,1.2157556,3.228904845866475e-05,1.7926541822895812e-19,87.0,0.9961586860065668
AB,a_b,GBT,Gradient Boosted Trees,uncalibrated,-0.114,1.215479,3.228904845866433e-05,1.3416317395979523e-19,99.0,1.0
AB,a_b,GBT,Gradient Boosted Trees,uncalibrated,-0.1139,1.2155092,3.228904845866492e-05,1.7316670066490046e-19,95.0,0.9995822621014041
AB,a_b,GBT,Gradient Boosted Trees,uncalibrated,-0.1138,1.2155394,3.228904845866475e-05,1.7542631341012538e-19,87.0,0.9983321985910516
AB,a_b,GBT,Gradient Boosted Trees,uncalibrated,-0.1137,1.2155696,3.228904845866206e-05,1.4189244896256635e-19,47.0,0.9962560268571969
AB,a_b,GBT,Gradient Boosted Trees,uncalibrated,-0.1136,1.2155998,3.228904845866457e-05,1.693909511977273e-19,78.0,0.993361927247861
AB,a_b,GBT,Gradient Boosted Trees,uncalibrated,-0.1135,1.21563,3.228904845866459e-05,1.6089483411483204e-19,79.0,0.9896600035738805
AB,a_b,GBT,Gradient Boosted Trees,uncalibrated,-0.1134,1.2156602,3.228904845866492e-05,1.8397997310840404e-19,95.0,0.985162236264087
AB,a_b,GBT,Gradient Boosted Trees,uncalibrated,-0.1133,1.2156904,3.2289048458664756e-05,1.6950470003060074e-19,87.0,0.9798824285041662
AB,a_b,GBT,Gradient Boosted Trees,uncalibrated,-0.1132,1.2157206,3.228904845866417e-05,1.4418252565760353e-19,87.0,0.9738361457118467
AB,a_b,GBT,Gradient Boosted Trees,uncalibrated,-0.1131,1.2157508,3.228904845866443e-05,1.5836711986702974e-19,71.0,0.967040648721063
AB,a_b,GBT,Gradient Boosted Trees,uncalibrated,-0.113,1.215781,3.228904845866416e-05,1.4959027117595982e-19,87.0,0.9595148210664779
AB,a_b,GBT,Gradient Boosted Trees,uncalibrated,-0.1129,1.2158112,3.228904845866492e-05,1.7447363770149054e-19,95.0,0.9512790907777917
AB,a_b,GBT,Gradient Boosted Trees,uncalibrated,-0.1128,1.2158414,3.2289048458664756e-05,1.6127134234014572e-19,87.0,0.9423553471094295
AB,a_b,GBT,Gradient Boosted Trees,uncalibrated,-0.1127,1.2158716,3.228904845866491e-05,1.9254732702298849e-19,95.0,0.9327668526465245
AB,a_b,GBT,Gradient Boosted Trees,uncalibrated,-0.1126,1.2159018,3.228904845866426e-05,1.4627775674425097e-19,94.0,0.922538151241723
AB,a_b,GBT,Gradient Boosted Trees,uncalibrated,-0.1125,1.215932,3.228904845866475e-05,1.8670695660599992e-19,87.0,0.9116949722490575
AB,a_b,GBT,Gradient Boosted Trees,uncalibrated,-0.1124,1.2159622,3.2289048458661964e-05,1.632950105611983e-19,39.0,0.9002641315317564
AB,a_b,GBT,Gradient Boosted Trees,uncalibrated,-0.1123,1.2159924,3.228904845866491e-05,1.8023761650692632e-19,95.0,0.8882734297287802
AB,a_b,GBT,Gradient Boosted Trees,uncalibrated,-0.1122,1.2160226,3.2289048458664594e-05,1.664349965461018e-19,79.0,0.8757515482715066
AB,a_b,GBT,Gradient Boosted Trees,uncalibrated,-0.1121,1.2160528,3.228904845866442e-05,1.7571236472365334e-19,71.0,0.8627279436463183
AB,a_b,GBT,Gradient Boosted Trees,uncalibrated,-0.112,1.216083,3.228904845866416e-05,1.498933926036754e-19,87.0,0.8492327404006252
AB,a_b,GBT,Gradient Boosted Trees,uncalibrated,-0.1119,1.21607565,3.228904845866441e-05,1.5370962653696203e-19,70.0,0.8370973893421968
AB,a_b,GBT,Gradient Boosted Trees,uncalibrated,-0.1118,1.2160683,3.228904845866491e-05,1.7250951916446627e-19,95.0,0.8245641522230398
AB,a_b,GBT,Gradient Boosted Trees,uncalibrated,-0.1117,1.21606095,3.228904845866459e-05,1.6159774193548319e-19,79.0,0.8116584914073259
AB,a_b,GBT,Gradient Boosted Trees,uncalibrated,-0.1116,1.2160536,3.2289048458664736e-05,1.722818005110855e-19,86.0,0.7984061200621777
AB,a_b,GBT,Gradient Boosted Trees,uncalibrated,-0.1115,1.21604625,3.228904845866459e-05,1.7699584440382807e-19,79.0,0.7848329218502831
AB,a_b,GBT,Gradient Boosted Trees,uncalibrated,-0.1114,1.2160389,3.228904845866459e-05,1.7179659049516238e-19,79.0,0.7709648716687119
AB,a_b,GBT,Gradient Boosted Trees,uncalibrated,-0.1113,1.21603155,3.2289048458664736e-05,1.787462162568177e-19,86.0,0.7568279577578775
AB,a_b,GBT,Gradient Boosted Trees,uncalibrated,-0.1112,1.2160241999999999,3.228904845866492e-05,1.796063094306154e-19,95.0,0.74244810549949
AB,a_b,GBT,Gradient Boosted Trees,uncalibrated,-0.1111,1.21601685,3.228904845866491e-05,1.678372130508376e-19,95.0,0.7278511032157505
AB,a_b,GBT,Gradient Boosted Trees,uncalibrated,-0.111,1.2160095,3.228904845866491e-05,1.7769893172681243e-19,95.0,0.7130625302737645
AB,a_b,GBT,Gradient Boosted Trees,uncalibrated,-0.1109,1.21600215,3.228904845866442e-05,1.6245923861919863e-19,71.0,0.6981076877884993
AB,a_b,GBT,Gradient Boosted Trees,uncalibrated,-0.1108,1.2159948,3.228904845866459e-05,1.6697890321339124e-19,79.0,0.6830115322052884
AB,a_b,GBT,Gradient Boosted Trees,uncalibrated,-0.1107,1.2159874499999999,3.228904845866475e-05,1.8102914014876152e-19,87.0,0.6677986120279996
AB,a_b,GBT,Gradient Boosted Trees,uncalibrated,-0.1106,1.2159801,3.228904845866459e-05,1.7953901846522085e-19,79.0,0.6524930079418402
AB,a_b,GBT,Gradient Boosted Trees,uncalibrated,-0.1105,1.21597275,3.228904845866491e-05,1.8704141410133863e-19,95.0,0.6371182765605626
AB,a_b,GBT,Gradient Boosted Trees,uncalibrated,-0.1104,1.2159654,3.228904845866417e-05,1.5771397183957006e-19,87.0,0.6216973980057413
AB,a_b,GBT,Gradient Boosted Trees,uncalibrated,-0.1103,1.21595805,3.228904845866459e-05,1.7635432056634284e-19,79.0,0.6062527275021826
AB,a_b,GBT,Gradient Boosted Trees,uncalibrated,-0.1102,1.2159506999999998,3.228904845866475e-05,1.728195367406235e-19,87.0,0.5908059511472286
AB,a_b,GBT,Gradient Boosted Trees,uncalibrated,-0.1101,1.2159433499999999,3.228904845866475e-05,1.8227849341519107e-19,87.0,0.5753780459837077
AB,a_b,GBT,Gradient Boosted Trees,uncalibrated,-0.11,1.215936,3.228904845866415e-05,1.5856429834539146e-19,86.0,0.5599892444767008
AB,a_b,GBT,Gradient Boosted Trees,uncalibrated,-0.1099,1.21592865,3.228904845866491e-05,1.8422676057428202e-19,95.0,0.5446590034627948
AB,a_b,GBT,Gradient Boosted Trees,uncalibrated,-0.1098,1.2159213,3.2289048458664424e-05,1.5908016768642854e-19,71.0,0.5294059776084284
AB,a_b,GBT,Gradient Boosted Trees,uncalibrated,-0.1097,1.21591395,3.2289048458661964e-05,1.6164274198090173e-19,39.0,0.5142479973805956
AB,a_b,GBT,Gradient Boosted Trees,uncalibrated,-0.1096,1.2159065999999998,3.228904845866426e-05,1.6035261753670925e-19,94.0,0.49920205149961333
AB,a_b,GBT,Gradient Boosted Trees,uncalibrated,-0.1095,1.2158992499999999,3.228904845866492e-05,1.7447363770149054e-19,95.0,0.4842842738099934
AB,a_b,GBT,Gradient Boosted Trees,uncalibrated,-0.1094,1.2158919,3.228904845866475e-05,1.8791856540476953e-19,87.0,0.46950993447217193
AB,a_b,GBT,Gradient Boosted Trees,uncalibrated,-0.1093,1.21588455,3.2289048458664424e-05,1.669938557175459e-19,71.0,0.45489343534522636
AB,a_b,GBT,Gradient Boosted Trees,uncalibrated,-0.1092,1.2158772,3.228904845866441e-05,1.541506880648939e-19,70.0,0.4404483093994555
AB,a_b,GBT,Gradient Boosted Trees,uncalibrated,-0.1091,1.21586985,3.228904845866491e-05,1.7184982451414808e-19,95.0,0.4261872239678292
AB,a_b,GBT,Gradient Boosted Trees,uncalibrated,-0.109,1.2158625,3.228904845866491e-05,1.9767039963444744e-19,95.0,0.41212198761759655
AB,a_b,GBT,Gradient Boosted Trees,uncalibrated,-0.1089,1.2158551499999999,3.228904845866426e-05,1.4766870173027864e-19,94.0,0.3982635603978285
AB,a_b,GBT,Gradient Boosted Trees,uncalibrated,-0.1088,1.2158478,3.2289048458661964e-05,1.619192909290015e-19,39.0,0.3846220671960104
AB,a_b,GBT,Gradient Boosted Trees,uncalibrated,-0.1087,1.21584045,3.228904845866395e-05,1.338929558124466e-19,71.0,0.3712068139171338
AB,a_b,GBT,Gradient Boosted Trees,uncalibrated,-0.1086,1.2158331,3.2289048458664424e-05,1.4954559004199826e-19,71.0,0.3580263061823006
AB,a_b,GBT,Gradient Boosted Trees,uncalibrated,-0.1085,1.21582575,3.228904845866492e-05,1.814936429677954e-19,95.0,0.3450882702312416
AB,a_b,GBT,Gradient Boosted Trees,uncalibrated,-0.1084,1.2158184,3.228904845866459e-05,1.804206604765255e-19,79.0,0.33239967570410334
AB,a_b,GBT,Gradient Boosted Trees,uncalibrated,-0.1083,1.21581105,3.228904845866443e-05,1.597900336294673e-19,71.0,0.3199667599730212
AB,a_b,GBT,Gradient Boosted Trees,uncalibrated,-0.1082,1.2158037,3.228904845866491e-05,1.9419205645641356e-19,95.0,0.30779505369316745
AB,a_b,GBT,Gradient Boosted Trees,uncalibrated,-0.1081,1.21579635,3.228904845866491e-05,1.8582289028912636e-19,95.0,0.2958894072464537
AB,a_b,GBT,Gradient Boosted Trees,uncalibrated,-0.108,1.215789,3.228904845866426e-05,1.6176295795035152e-19,94.0,0.2842540177587808
AB,a_b,KNN,kNN,uncalibrated,-0.128,1.224394,1.0,0.0,2.0,1.0
AB,a_b,KNN,kNN,uncalibrated,-0.1279,1.22435395,1.0,0.0,2.0,0.9965198768351109
AB,a_b,KNN,kNN,uncalibrated,-0.1278,1.2243139,1.0,0.0,2.0,0.9861522103969512
AB,a_b,KNN,kNN,uncalibrated,-0.1277,1.2242738499999999,1.0,0.0,2.0,0.9691202271792234
AB,a_b,KNN,kNN,uncalibrated,-0.1276,1.2242338,1.0,0.0,2.0,0.9457923848092307
AB,a_b,KNN,kNN,uncalibrated,-0.1275,1.22419375,1.0,0.0,2.0,0.9166691693091688
AB,a_b,KNN,kNN,uncalibrated,-0.1274,1.2241537,1.0,0.0,2.0,0.8823650922307854
AB,a_b,KNN,kNN,uncalibrated,-0.1273,1.22411365,1.0,0.0,2.0,0.8435867267245822
AB,a_b,KNN,kNN,uncalibrated,-0.1272,1.2240735999999999,1.0,0.0,2.0,0.8011078208569667
AB,a_b,KNN,kNN,uncalibrated,-0.1271,1.22403355,1.0,0.0,2.0,0.755742679688333
AB,a_b,KNN,kNN,uncalibrated,-0.127,1.2239935,1.0,0.0,2.0,0.708319101308405
AB,a_b,KNN,kNN,uncalibrated,-0.1269,1.22395345,1.0,0.0,2.0,0.659652172316303
AB,a_b,KNN,kNN,uncalibrated,-0.1268,1.2239134,1.0,0.0,2.0,0.6105201640862996
AB,a_b,KNN,kNN,uncalibrated,-0.1267,1.2238733499999999,1.0,0.0,2.0,0.5616436184105992
AB,a_b,KNN,kNN,uncalibrated,-0.1266,1.2238333,1.0,0.0,2.0,0.5136684759939565
AB,a_b,KNN,kNN,uncalibrated,-0.1265,1.22379325,1.0,0.0,2.0,0.4671538019702879
AB,a_b,KNN,kNN,uncalibrated,-0.1264,1.2237532,1.0,0.0,2.0,0.42256432789914083
AB,a_b,KNN,kNN,uncalibrated,-0.1263,1.22371315,1.0,0.0,2.0,0.3802676947538697
AB,a_b,KNN,kNN,uncalibrated,-0.1262,1.2236730999999998,1.0,0.0,2.0,0.34053598170492577
AB,a_b,KNN,kNN,uncalibrated,-0.1261,1.2236330499999999,1.0,0.0,2.0,0.30355087049320967
AB,a_b,KNN,kNN,uncalibrated,-0.126,1.223593,1.0,0.0,2.0,0.26941164347809
AB,a_b,KNN,kNN,uncalibrated,-0.1259,1.2235603499999999,1.0,0.0,2.0,0.23820821733262745
AB,a_b,KNN,kNN,uncalibrated,-0.1258,1.2235277,1.0,0.0,2.0,0.20983329033999878
AB,a_b,KNN,kNN,uncalibrated,-0.1257,1.22349505,1.0,0.0,2.0,0.18420255065153363
AB,a_b,KNN,kNN,uncalibrated,-0.1256,1.2234623999999998,1.0,0.0,2.0,0.16119326987326976
AB,a_b,KNN,kNN,uncalibrated,-0.1255,1.22342975,1.0,0.0,2.0,0.1406546729368511
AB,a_b,KNN,kNN,uncalibrated,-0.1254,1.2233971,1.0,0.0,2.0,0.1224172233326786
AB,a_b,KNN,kNN,uncalibrated,-0.1253,1.2233644499999998,1.0,0.0,2.0,0.10630063832714096
AB,a_b,KNN,kNN,uncalibrated,-0.1252,1.2233318,1.0,0.0,2.0,0.0921205662784826
AB,a_b,KNN,kNN,uncalibrated,-0.1251,1.22329915,1.0,0.0,2.0,0.07969394920398565
AB,a_b,KNN,kNN,uncalibrated,-0.125,1.2232664999999998,1.0,0.0,2.0,0.06884315825399696
AB,a_b,KNN,kNN,uncalibrated,-0.1249,1.22323385,1.0,0.0,2.0,0.059399030381848204
AB,a_b,KNN,kNN,uncalibrated,-0.1248,1.2232011999999999,1.0,0.0,2.0,0.05120295541558441
AB,a_b,KNN,kNN,uncalibrated,-0.1247,1.22316855,1.0,0.0,2.0,0.04410816856221475
AB,a_b,KNN,kNN,uncalibrated,-0.1246,1.2231359,1.0,0.0,2.0,0.03798039851257508
AB,a_b,KNN,kNN,uncalibrated,-0.1245,1.2231032499999999,1.0,0.0,2.0,0.03269800955147483
AB,a_b,KNN,kNN,uncalibrated,-0.1244,1.2230706,1.0,0.0,2.0,0.028151760425428517
AB,a_b,KNN,kNN,uncalibrated,-0.1243,1.22303795,1.0,0.0,2.0,0.024244285418457974
AB,a_b,KNN,kNN,uncalibrated,-0.1242,1.2230052999999999,1.0,0.0,2.0,0.020889385695286186
AB,a_b,KNN,kNN,uncalibrated,-0.1241,1.22297265,1.0,0.0,2.0,0.018011202502675117
AB,a_b,KNN,kNN,uncalibrated,-0.124,1.22294,1.0,0.0,2.0,0.015543328870122152
AB,a_b,KNN,kNN,uncalibrated,-0.1239,1.22289565,1.0,0.0,2.0,0.013419843951792482
AB,a_b,KNN,kNN,uncalibrated,-0.1238,1.2228512999999999,1.0,0.0,2.0,0.01160077629939105
AB,a_b,KNN,kNN,uncalibrated,-0.1237,1.2228069499999998,1.0,0.0,2.0,0.010042283027691916
AB,a_b,KNN,kNN,uncalibrated,-0.1236,1.2227626,1.0,0.0,2.0,0.008706588336391752
AB,a_b,KNN,kNN,uncalibrated,-0.1235,1.22271825,1.0,0.0,2.0,0.007561234701913614
AB,a_b,KNN,kNN,uncalibrated,-0.1234,1.2226739,1.0,0.0,2.0,0.006578400606801844
AB,a_b,KNN,kNN,uncalibrated,-0.1233,1.22262955,1.0,0.0,2.0,0.005734286216120153
AB,a_b,KNN,kNN,uncalibrated,-0.1232,1.2225852,1.0,0.0,2.0,0.005008565755839669
AB,a_b,KNN,kNN,uncalibrated,-0.1231,1.22254085,1.0,0.0,2.0,0.004383903514839181
AB,a_b,KNN,kNN,uncalibrated,-0.123,1.2224965,1.0,0.0,2.0,0.003845529212338575
AB,a_b,KNN,kNN,uncalibrated,-0.1229,1.22245215,1.0,0.0,2.0,0.0033808677991571516
AB,a_b,KNN,kNN,uncalibrated,-0.1228,1.2224078,1.0,0.0,2.0,0.0029792184684498705
AB,a_b,KNN,kNN,uncalibrated,-0.1227,1.22236345,1.0,0.0,2.0,0.0026314776351360446
AB,a_b,KNN,kNN,uncalibrated,-0.1226,1.2223191,1.0,0.0,2.0,0.002329900818620851
AB,a_b,KNN,kNN,uncalibrated,-0.1225,1.22227475,1.0,0.0,2.0,0.0020678986640312955
AB,a_b,KNN,kNN,uncalibrated,-0.1224,1.2222304,1.0,0.0,2.0,0.0018398627119969935
AB,a_b,KNN,kNN,uncalibrated,-0.1223,1.2221860500000001,1.0,0.0,2.0,0.001641016937985516
AB,a_b,KNN,kNN,uncalibrated,-0.1222,1.2221417,1.0,0.0,2.0,0.0014672915020175553
AB,a_b,KNN,kNN,uncalibrated,-0.1221,1.22209735,1.0,0.0,2.0,0.0013152155593868556
AB,a_b,KNN,kNN,uncalibrated,-0.122,1.222053,1.0,0.0,2.0,0.001181826370519135
AB,a_b,KNN,kNN,uncalibrated,-0.1219,1.2220048000000001,1.0,0.0,2.0,0.0010644343625279573
AB,a_b,KNN,kNN,uncalibrated,-0.1218,1.2219566000000002,1.0,0.0,2.0,0.0009610711944694162
AB,a_b,KNN,kNN,uncalibrated,-0.1217,1.2219084,1.0,0.0,2.0,0.0008698742642443199
AB,a_b,KNN,kNN,uncalibrated,-0.1216,1.2218602,1.0,0.0,2.0,0.0007892464900899277
AB,a_b,KNN,kNN,uncalibrated,-0.1215,1.2218120000000001,1.0,0.0,2.0,0.0007178165931749389
AB,a_b,KNN,kNN,uncalibrated,-0.1214,1.2217638,1.0,0.0,2.0,0.0006544054962362382
AB,a_b,KNN,kNN,uncalibrated,-0.1213,1.2217156,1.0,0.0,2.0,0.0005979978873720581
AB,a_b,KNN,kNN,uncalibrated,-0.1212,1.2216674,1.0,0.0,2.0,0.0005477181437559427
AB,a_b,KNN,kNN,uncalibrated,-0.1211,1.2216192000000001,1.0,0.0,2.0,0.0005028099345575142
AB,a_b,KNN,kNN,uncalibrated,-0.121,1.221571,1.0,0.0,2.0,0.00046261892840907036
AB,a_b,KNN,kNN,uncalibrated,-0.1209,1.2215228,1.0,0.0,2.0,0.00042657812079719207
AB,a_b,KNN,kNN,uncalibrated,-0.1208,1.2214746,1.0,0.0,2.0,0.0003941953730033151
AB,a_b,KNN,kNN,uncalibrated,-0.1207,1.2214264000000001,1.0,0.0,2.0,0.0003650428186443454
AB,a_b,KNN,kNN,uncalibrated,-0.1206,1.2213782000000002,1.0,0.0,2.0,0.000338747848211842
AB,a_b,KNN,kNN,uncalibrated,-0.1205,1.22133,1.0,0.0,2.0,0.00031498542779141725
AB,a_b,KNN,kNN,uncalibrated,-0.1204,1.2212818,1.0,0.0,2.0,0.0002934715466729363
AB,a_b,KNN,kNN,uncalibrated,-0.1203,1.2212336000000001,1.0,0.0,2.0,0.0002739576209612422
AB,a_b,KNN,kNN,uncalibrated,-0.1202,1.2211854000000002,1.0,0.0,2.0,0.0002562257075284176
AB,a_b,KNN,kNN,uncalibrated,-0.1201,1.2211372,1.0,0.0,2.0,0.00024008440552923067
AB,a_b,KNN,kNN,uncalibrated,-0.12,1.221089,1.0,0.0,2.0,0.00022536534192472952
AB,a_b,KNN,kNN,uncalibrated,-0.1199,1.22101725,1.0,0.0,2.0,0.00021185416033027375
AB,a_b,KNN,kNN,uncalibrated,-0.1198,1.2209455,1.0,0.0,2.0,0.00019950605158871107
AB,a_b,KNN,kNN,uncalibrated,-0.1197,1.22087375,1.0,0.0,2.0,0.00018820193348103147
AB,a_b,KNN,kNN,uncalibrated,-0.1196,1.2208020000000002,1.0,0.0,2.0,0.0001778364841106843
AB,a_b,KNN,kNN,uncalibrated,-0.1195,1.2207302500000001,1.0,0.0,2.0,0.00016831640039996796
AB,a_b,KNN,kNN,uncalibrated,-0.1194,1.2206585,1.0,0.0,2.0,0.00015955889321181914
AB,a_b,KNN,kNN,uncalibrated,-0.1193,1.22058675,1.0,0.0,2.0,0.00015149038508699742
AB,a_b,KNN,kNN,uncalibrated,-0.1192,1.220515,1.0,0.0,2.0,0.00014404538169582366
AB,a_b,KNN,kNN,uncalibrated,-0.1191,1.22044325,1.0,0.0,2.0,0.0001371654924190055
AB,a_b,KNN,kNN,uncalibrated,-0.119,1.2203715000000002,1.0,0.0,2.0,0.00013079857912004606
AB,a_b,KNN,kNN,uncalibrated,-0.1189,1.2202997500000001,1.0,0.0,2.0,0.00012489801525795505
AB,a_b,KNN,kNN,uncalibrated,-0.1188,1.220228,1.0,0.0,2.0,0.00011942204010249397
AB,a_b,KNN,kNN,uncalibrated,-0.1187,1.22015625,1.0,0.0,2.0,0.0001143331950294504
AB,a_b,KNN,kNN,uncalibrated,-0.1186,1.2200845,1.0,0.0,2.0,0.00010959783075301721
AB,a_b,KNN,kNN,uncalibrated,-0.1185,1.22001275,1.0,0.0,2.0,0.00010518567594887115
AB,a_b,KNN,kNN,uncalibrated,-0.1184,1.219941,1.0,0.0,2.0,0.0001010694590789741
AB,a_b,KNN,kNN,uncalibrated,-0.1183,1.2198692500000001,1.0,0.0,2.0,9.722457638465064e-05
AB,a_b,KNN,kNN,uncalibrated,-0.1182,1.2197975,1.0,0.0,2.0,9.362879999922307e-05
AB,a_b,KNN,kNN,uncalibrated,-0.1181,1.21972575,1.0,0.0,2.0,9.026202097162136e-05
AB,a_b,KNN,kNN,uncalibrated,-0.118,1.219654,1.0,0.0,2.0,8.71060227100547e-05
AB,a_b,KNN,kNN,uncalibrated,-0.1179,1.21972185,1.0,0.0,2.0,8.40168670051037e-05
AB,a_b,KNN,kNN,uncalibrated,-0.1178,1.2197897,1.0,0.0,2.0,8.110872070316452e-05
AB,a_b,KNN,kNN,uncalibrated,-0.1177,1.21985755,1.0,0.0,2.0,7.836829191720683e-05
AB,a_b,KNN,kNN,uncalibrated,-0.1176,1.2199254,1.0,0.0,2.0,7.578341515040472e-05
AB,a_b,KNN,kNN,uncalibrated,-0.1175,1.2199932500000001,1.0,0.0,2.0,7.334294632457743e-05
AB,a_b,KNN,kNN,uncalibrated,-0.1174,1.2200611000000001,1.0,0.0,2.0,7.103666825309391e-05
AB,a_b,KNN,kNN,uncalibrated,-0.1173,1.22012895,1.0,0.0,2.0,6.885520547307112e-05
AB,a_b,KNN,kNN,uncalibrated,-0.1172,1.2201968,1.0,0.0,2.0,6.678994746680243e-05
AB,a_b,KNN,kNN,uncalibrated,-0.1171,1.22026465,1.0,0.0,2.0,6.483297940533876e-05
AB,a_b,KNN,kNN,uncalibrated,-0.117,1.2203325,1.0,0.0,2.0,6.297701963928617e-05
AB,a_b,KNN,kNN,uncalibrated,-0.1169,1.22040035,1.0,0.0,2.0,6.121536324419036e-05
AB,a_b,KNN,kNN,uncalibrated,-0.1168,1.2204682,1.0,0.0,2.0,5.954183100140229e-05
AB,a_b,KNN,kNN,uncalibrated,-0.1167,1.22053605,1.0,0.0,2.0,5.795072326094329e-05
AB,a_b,KNN,kNN,uncalibrated,-0.1166,1.2206039,1.0,0.0,2.0,5.6436778191464555e-05
AB,a_b,KNN,kNN,uncalibrated,-0.1165,1.22067175,1.0,0.0,2.0,5.499513397464244e-05
AB,a_b,KNN,kNN,uncalibrated,-0.1164,1.2207396000000001,1.0,0.0,2.0,5.362129454796913e-05
AB,a_b,KNN,kNN,uncalibrated,-0.1163,1.2208074500000001,1.0,0.0,2.0,5.2311098541478404e-05
AB,a_b,KNN,kNN,uncalibrated,-0.1162,1.2208753,1.0,0.0,2.0,5.106069109103374e-05
AB,a_b,KNN,kNN,uncalibrated,-0.1161,1.22094315,1.0,0.0,2.0,4.986649824390158e-05
AB,a_b,KNN,kNN,uncalibrated,-0.116,1.221011,1.0,0.0,2.0,4.8725203701852104e-05
AB,a_b,KNN,kNN,uncalibrated,-0.1159,1.2207344,1.0,0.0,2.0,4.768648874415953e-05
AB,a_b,KNN,kNN,uncalibrated,-0.1158,1.2204578000000001,1.0,0.0,2.0,4.673859827304802e-05
AB,a_b,KNN,kNN,uncalibrated,-0.1157,1.2201812,1.0,0.0,2.0,4.587295076619707e-05
AB,a_b,KNN,kNN,uncalibrated,-0.1156,1.2199046,1.0,0.0,2.0,4.508177648740681e-05
AB,a_b,KNN,kNN,uncalibrated,-0.1155,1.2196280000000002,1.0,0.0,2.0,4.4358028278727665e-05
AB,a_b,KNN,kNN,uncalibrated,-0.1154,1.2193514,1.0,0.0,2.0,4.369530239606881e-05
AB,a_b,KNN,kNN,uncalibrated,-0.1153,1.2190748,1.0,0.0,2.0,4.308776847739733e-05
AB,a_b,KNN,kNN,uncalibrated,-0.1152,1.2187982,1.0,0.0,2.0,4.253010776578037e-05
AB,a_b,KNN,kNN,uncalibrated,-0.1151,1.2185216,1.0,0.0,2.0,4.201745875928503e-05
AB,a_b,KNN,kNN,uncalibrated,-0.115,1.218245,1.0,0.0,2.0,4.154536951804568e-05
AB,a_b,KNN,kNN,uncalibrated,-0.1149,1.2179684,1.0,0.0,2.0,4.110975592011714e-05
AB,a_b,KNN,kNN,uncalibrated,-0.1148,1.2176918,1.0,0.0,2.0,4.070686521847415e-05
AB,a_b,KNN,kNN,uncalibrated,-0.1147,1.2174152,1.0,0.0,2.0,4.0333244309385156e-05
AB,a_b,KNN,kNN,uncalibrated,-0.1146,1.2171386,1.0,0.0,2.0,3.998571217615303e-05
AB,a_b,KNN,kNN,uncalibrated,-0.1145,1.2168619999999999,1.0,0.0,2.0,3.9661336021254473e-05
AB,a_b,KNN,kNN,uncalibrated,-0.1144,1.2165854,1.0,0.0,2.0,3.935741064409835e-05
AB,a_b,KNN,kNN,uncalibrated,-0.1143,1.2163088,1.0,0.0,2.0,3.9071440661193596e-05
AB,a_b,KNN,kNN,uncalibrated,-0.1142,1.2160322,1.0,0.0,2.0,3.880112520083995e-05
AB,a_b,KNN,kNN,uncalibrated,-0.1141,1.2157556,1.0,0.0,2.0,3.8544344736091896e-05
AB,a_b,KNN,kNN,uncalibrated,-0.114,1.215479,1.0,0.0,2.0,3.829914974827703e-05
AB,a_b,KNN,kNN,uncalibrated,-0.1139,1.2155092,1.0,0.0,2.0,3.7711144289415247e-05
AB,a_b,KNN,kNN,uncalibrated,-0.1138,1.2155394,1.0,0.0,2.0,3.7141260892470546e-05
AB,a_b,KNN,kNN,uncalibrated,-0.1137,1.2155696,1.0,0.0,2.0,3.6588659235025004e-05
AB,a_b,KNN,kNN,uncalibrated,-0.1136,1.2155998,1.0,0.0,2.0,3.6052547752276614e-05
AB,a_b,KNN,kNN,uncalibrated,-0.1135,1.21563,1.0,0.0,2.0,3.55321805479163e-05
AB,a_b,KNN,kNN,uncalibrated,-0.1134,1.2156602,1.0,0.0,2.0,3.5026854513736754e-05
AB,a_b,KNN,kNN,uncalibrated,-0.1133,1.2156904,1.0,0.0,2.0,3.453590664253494e-05
AB,a_b,KNN,kNN,uncalibrated,-0.1132,1.2157206,1.0,0.0,2.0,3.40587115201444e-05
AB,a_b,KNN,kNN,uncalibrated,-0.1131,1.2157508,1.0,0.0,2.0,3.359467898357141e-05
AB,a_b,KNN,kNN,uncalibrated,-0.113,1.215781,1.0,0.0,2.0,3.314325193325478e-05
AB,a_b,KNN,kNN,uncalibrated,-0.1129,1.2158112,1.0,0.0,2.0,3.2703904288436695e-05
AB,a_b,KNN,kNN,uncalibrated,-0.1128,1.2158414,1.0,0.0,2.0,3.227613907549874e-05
AB,a_b,KNN,kNN,uncalibrated,-0.1127,1.2158716,1.0,0.0,2.0,3.1859486639920155e-05
AB,a_b,KNN,kNN,uncalibrated,-0.1126,1.2159018,1.0,0.0,2.0,3.145350297325721e-05
AB,a_b,KNN,kNN,uncalibrated,-0.1125,1.215932,1.0,0.0,2.0,3.1057768147192085e-05
AB,a_b,KNN,kNN,uncalibrated,-0.1124,1.2159622,1.0,0.0,2.0,3.0671884847336175e-05
AB,a_b,KNN,kNN,uncalibrated,-0.1123,1.2159924,1.0,0.0,2.0,3.0295477000011864e-05
AB,a_b,KNN,kNN,uncalibrated,-0.1122,1.2160226,1.0,0.0,2.0,2.9928188485761743e-05
AB,a_b,KNN,kNN,uncalibrated,-0.1121,1.2160528,1.0,0.0,2.0,2.9569681933802888e-05
AB,a_b,KNN,kNN,uncalibrated,-0.112,1.216083,1.0,0.0,2.0,2.921963759206327e-05
AB,a_b,KNN,kNN,uncalibrated,-0.1119,1.21607565,1.0,0.0,2.0,2.8915074548349925e-05
AB,a_b,KNN,kNN,uncalibrated,-0.1118,1.2160683,1.0,0.0,2.0,2.8617881040401446e-05
AB,a_b,KNN,kNN,uncalibrated,-0.1117,1.21606095,1.0,0.0,2.0,2.8327788686354772e-05
AB,a_b,KNN,kNN,uncalibrated,-0.1116,1.2160536,1.0,0.0,2.0,2.8044541631291936e-05
AB,a_b,KNN,kNN,uncalibrated,-0.1115,1.21604625,1.0,0.0,2.0,2.7767895868576402e-05
AB,a_b,KNN,kNN,uncalibrated,-0.1114,1.2160389,1.0,0.0,2.0,2.7497618602637974e-05
AB,a_b,KNN,kNN,uncalibrated,-0.1113,1.21603155,1.0,0.0,2.0,2.723348765038278e-05
AB,a_b,KNN,kNN,uncalibrated,-0.1112,1.2160241999999999,1.0,0.0,2.0,2.6975290878612404e-05
AB,a_b,KNN,kNN,uncalibrated,-0.1111,1.21601685,1.0,0.0,2.0,2.672282567503451e-05
AB,a_b,KNN,kNN,uncalibrated,-0.111,1.2160095,1.0,0.0,2.0,2.647589845062516e-05
AB,a_b,KNN,kNN,uncalibrated,-0.1109,1.21600215,1.0,0.0,2.0,2.6234324171267212e-05
AB,a_b,KNN,kNN,uncalibrated,-0.1108,1.2159948,1.0,0.0,2.0,2.599792591674188e-05
AB,a_b,KNN,kNN,uncalibrated,-0.1107,1.2159874499999999,1.0,0.0,2.0,2.5766534465292224e-05
AB,a_b,KNN,kNN,uncalibrated,-0.1106,1.2159801,1.0,0.0,2.0,2.5539987902099397e-05
AB,a_b,KNN,kNN,uncalibrated,-0.1105,1.21597275,1.0,0.0,2.0,2.531813125014165e-05
AB,a_b,KNN,kNN,uncalibrated,-0.1104,1.2159654,1.0,0.0,2.0,2.5100816122002786e-05
AB,a_b,KNN,kNN,uncalibrated,-0.1103,1.21595805,1.0,0.0,2.0,2.4887900391307696e-05
AB,a_b,KNN,kNN,uncalibrated,-0.1102,1.2159506999999998,1.0,0.0,2.0,2.467924788255007e-05
AB,a_b,KNN,kNN,uncalibrated,-0.1101,1.2159433499999999,1.0,0.0,2.0,2.447472807816547e-05
AB,a_b,KNN,kNN,uncalibrated,-0.11,1.215936,1.0,0.0,2.0,2.427421584178286e-05
AB,a_b,KNN,kNN,uncalibrated,-0.1099,1.21592865,1.0,0.0,2.0,2.4077591156655786e-05
AB,a_b,KNN,kNN,uncalibrated,-0.1098,1.2159213,1.0,0.0,2.0,2.388473887835172e-05
AB,a_b,KNN,kNN,uncalibrated,-0.1097,1.21591395,1.0,0.0,2.0,2.369554850083106e-05
AB,a_b,KNN,kNN,uncalibrated,-0.1096,1.2159065999999998,1.0,0.0,2.0,2.3509913935112216e-05
AB,a_b,KNN,kNN,uncalibrated,-0.1095,1.2158992499999999,1.0,0.0,2.0,2.3327733299768596e-05
AB,a_b,KNN,kNN,uncalibrated,-0.1094,1.2158919,1.0,0.0,2.0,2.3148908722558206e-05
AB,a_b,KNN,kNN,uncalibrated,-0.1093,1.21588455,1.0,0.0,2.0,2.2973346152525038e-05
AB,a_b,KNN,kNN,uncalibrated,-0.1092,1.2158772,1.0,0.0,2.0,2.2800955181963644e-05
AB,a_b,KNN,kNN,uncalibrated,-0.1091,1.21586985,1.0,0.0,2.0,2.2631648877670173e-05
AB,a_b,KNN,kNN,uncalibrated,-0.109,1.2158625,1.0,0.0,2.0,2.24653436209454e-05
AB,a_b,KNN,kNN,uncalibrated,-0.1089,1.2158551499999999,1.0,0.0,2.0,2.2301958955846316e-05
AB,a_b,KNN,kNN,uncalibrated,-0.1088,1.2158478,1.0,0.0,2.0,2.2141417445216175e-05
AB,a_b,KNN,kNN,uncalibrated,-0.1087,1.21584045,1.0,0.0,2.0,2.198364453405389e-05
AB,a_b,KNN,kNN,uncalibrated,-0.1086,1.2158331,1.0,0.0,2.0,2.182856841980815e-05
AB,a_b,KNN,kNN,uncalibrated,-0.1085,1.21582575,1.0,0.0,2.0,2.167611992920915e-05
AB,a_b,KNN,kNN,uncalibrated,-0.1084,1.2158184,1.0,0.0,2.0,2.1526232401276494e-05
AB,a_b,KNN,kNN,uncalibrated,-0.1083,1.21581105,1.0,0.0,2.0,2.137884157615964e-05
AB,a_b,KNN,kNN,uncalibrated,-0.1082,1.2158037,1.0,0.0,2.0,2.1233885489493173e-05
AB,a_b,KNN,kNN,uncalibrated,-0.1081,1.21579635,1.0,0.0,2.0,2.1091304371964815e-05
AB,a_b,KNN,kNN,uncalibrated,-0.108,1.215789,1.0,0.0,2.0,2.0951040553813572e-05
AB,a_b,SVM,SVM (RBF),uncalibrated,-0.128,1.224394,0.9996963750689032,2.2391252379617076e-05,4.0,3.228037888409486e-05
AB,a_b,SVM,SVM (RBF),uncalibrated,-0.1279,1.22435395,0.9996966679997847,2.2143298612861236e-05,4.0,3.260815461531802e-05
AB,a_b,SVM,SVM (RBF),uncalibrated,-0.1278,1.2243139,0.9996969651567247,2.1889647115635027e-05,4.0,3.294755065199383e-05
AB,a_b,SVM,SVM (RBF),uncalibrated,-0.1277,1.2242738499999999,0.9996972664686564,2.1630200377879804e-05,4.0,3.329915497525433e-05
AB,a_b,SVM,SVM (RBF),uncalibrated,-0.1276,1.2242338,0.999697571850203,2.1364863746745112e-05,4.0,3.366359612193135e-05
AB,a_b,SVM,SVM (RBF),uncalibrated,-0.1275,1.22419375,0.9996978812005353,2.1093545884829245e-05,4.0,3.404154666924088e-05
AB,a_b,SVM,SVM (RBF),uncalibrated,-0.1274,1.2241537,0.9996981944020488,2.081615938730073e-05,4.0,3.443372707061179e-05
AB,a_b,SVM,SVM (RBF),uncalibrated,-0.1273,1.22411365,0.9996985113190309,2.0532621371635107e-05,4.0,3.484090988295757e-05
AB,a_b,SVM,SVM (RBF),uncalibrated,-0.1272,1.2240735999999999,0.9996988317961923,2.0242854167999857e-05,4.0,3.526392443087206e-05
AB,a_b,SVM,SVM (RBF),uncalibrated,-0.1271,1.22403355,0.9996991556571663,1.9946786011062086e-05,4.0,3.570366195916368e-05
AB,a_b,SVM,SVM (RBF),uncalibrated,-0.127,1.2239935,0.999699482702848,1.9644351853149427e-05,4.0,3.6161081331929664e-05
AB,a_b,SVM,SVM (RBF),uncalibrated,-0.1269,1.22395345,0.9996998127097134,1.933549416967042e-05,4.0,3.663721534415331e-05
AB,a_b,SVM,SVM (RBF),uncalibrated,-0.1268,1.2239134,0.9997001454279947,1.9020163871014652e-05,4.0,3.7133177720748754e-05
AB,a_b,SVM,SVM (RBF),uncalibrated,-0.1267,1.2238733499999999,0.9997004805797501,1.8698321296270964e-05,4.0,3.765017088826028e-05
AB,a_b,SVM,SVM (RBF),uncalibrated,-0.1266,1.2238333,0.9997008178568983,1.836993720876253e-05,4.0,3.818949461627263e-05
AB,a_b,SVM,SVM (RBF),uncalibrated,-0.1265,1.22379325,0.9997011569190719,1.8034993953316853e-05,4.0,3.8752555639270594e-05
AB,a_b,SVM,SVM (RBF),uncalibrated,-0.1264,1.2237532,0.9997014973914284,1.7693486638504865e-05,4.0,3.934087838549902e-05
AB,a_b,SVM,SVM (RBF),uncalibrated,-0.1263,1.22371315,0.999701838862333,1.7345424426829098e-05,4.0,3.995611695770522e-05
AB,a_b,SVM,SVM (RBF),uncalibrated,-0.1262,1.2236730999999998,0.9997021808809645,1.6990831904643214e-05,4.0,4.0600068531906445e-05
AB,a_b,SVM,SVM (RBF),uncalibrated,-0.1261,1.2236330499999999,0.9997025229548138,1.6629750560475702e-05,4.0,4.127468836506103e-05
AB,a_b,SVM,SVM (RBF),uncalibrated,-0.126,1.223593,0.9997028645471002,1.6262240368495955e-05,4.0,4.198210663132038e-05
AB,a_b,SVM,SVM (RBF),uncalibrated,-0.1259,1.2235603499999999,0.9997031963021699,1.590432965208772e-05,4.0,4.271226362604218e-05
AB,a_b,SVM,SVM (RBF),uncalibrated,-0.1258,1.2235277,0.9997035265765214,1.5540594276382102e-05,4.0,4.34795126241886e-05
AB,a_b,SVM,SVM (RBF),uncalibrated,-0.1257,1.22349505,0.9997038547326706,1.517114574088792e-05,4.0,4.428660727950966e-05
AB,a_b,SVM,SVM (RBF),uncalibrated,-0.1256,1.2234623999999998,0.9997041800813411,1.4796118930506497e-05,4.0,4.513656628703767e-05
AB,a_b,SVM,SVM (RBF),uncalibrated,-0.1255,1.22342975,0.9997045018786384,1.441567426292045e-05,4.0,4.603270402083836e-05
AB,a_b,SVM,SVM (RBF),uncalibrated,-0.1254,1.2233971,0.9997048193231999,1.4029999992051742e-05,4.0,4.697866527538475e-05
AB,a_b,SVM,SVM (RBF),uncalibrated,-0.1253,1.2233644499999998,0.9997051315533185,1.363931475783989e-05,4.0,4.797846473468739e-05
AB,a_b,SVM,SVM (RBF),uncalibrated,-0.1252,1.2233318,0.9997054376440866,1.3243870379137185e-05,4.0,4.903653189949136e-05
AB,a_b,SVM,SVM (RBF),uncalibrated,-0.1251,1.22329915,0.9997057366045463,1.2843954966410706e-05,4.0,5.0157762328915564e-05
AB,a_b,SVM,SVM (RBF),uncalibrated,-0.125,1.2232664999999998,0.9997060273749274,1.2439896376731534e-05,4.0,5.1347576202971345e-05
AB,a_b,SVM,SVM (RBF),uncalibrated,-0.1249,1.22323385,0.9997124412601508,1.2336977253943868e-05,5.0,5.261198539148627e-05
AB,a_b,SVM,SVM (RBF),uncalibrated,-0.1248,1.2232011999999999,0.9997124964880626,1.224333147980153e-05,5.0,5.3957670429071524e-05
AB,a_b,SVM,SVM (RBF),uncalibrated,-0.1247,1.22316855,0.9997125395054206,1.2150467386011174e-05,5.0,5.5392069052490384e-05
AB,a_b,SVM,SVM (RBF),uncalibrated,-0.1246,1.2231359,0.9997125693475208,1.2058758295900727e-05,5.0,5.692347826526865e-05
AB,a_b,SVM,SVM (RBF),uncalibrated,-0.1245,1.2231032499999999,0.9997125849983527,1.1968611875285817e-05,5.0,5.8561172265958324e-05
AB,a_b,SVM,SVM (RBF),uncalibrated,-0.1244,1.2230706,0.9997125853888315,1.1880470571517743e-05,5.0,6.0315539025237024e-05
AB,a_b,SVM,SVM (RBF),uncalibrated,-0.1243,1.22303795,0.9997125693950183,1.1794811423209463e-05,5.0,6.219823884026701e-05
AB,a_b,SVM,SVM (RBF),uncalibrated,-0.1242,1.2230052999999999,0.9997125358363331,1.1712145076707648e-05,5.0,6.422238885412622e-05
AB,a_b,SVM,SVM (RBF),uncalibrated,-0.1241,1.22297265,0.9997124834737657,1.1633013809511137e-05,5.0,6.640277833050361e-05
AB,a_b,SVM,SVM (RBF),uncalibrated,-0.124,1.22294,0.9997124110080842,1.155798835272669e-05,5.0,6.875612045276399e-05
AB,a_b,SVM,SVM (RBF),uncalibrated,-0.1239,1.22289565,0.9997123047527027,1.1476487184648328e-05,5.0,7.133177617147566e-05
AB,a_b,SVM,SVM (RBF),uncalibrated,-0.1238,1.2228512999999999,0.9997121736722476,1.1400366719142906e-05,5.0,7.412229832124841e-05
AB,a_b,SVM,SVM (RBF),uncalibrated,-0.1237,1.2228069499999998,0.9997120162279357,1.133025825082573e-05,5.0,7.715218939879798e-05
AB,a_b,SVM,SVM (RBF),uncalibrated,-0.1236,1.2227626,0.9997118308202836,1.1266792403852326e-05,5.0,8.044939762653581e-05
AB,a_b,SVM,SVM (RBF),uncalibrated,-0.1235,1.22271825,0.9997116157883904,1.1210586563796989e-05,5.0,8.404588533601155e-05
AB,a_b,SVM,SVM (RBF),uncalibrated,-0.1234,1.2226739,0.9997113694093726,1.1162229933387447e-05,5.0,8.797830417089746e-05
AB,a_b,SVM,SVM (RBF),uncalibrated,-0.1233,1.22262955,0.9997110898980269,1.1122266200280189e-05,5.0,9.228879949676012e-05
AB,a_b,SVM,SVM (RBF),uncalibrated,-0.1232,1.2225852,0.9997107754068246,1.1091173921844258e-05,5.0,9.70259715477612e-05
AB,a_b,SVM,SVM (RBF),uncalibrated,-0.1231,1.22254085,0.9997104240263623,1.1069344893302037e-05,5.0,0.00010224602725986907
AB,a_b,SVM,SVM (RBF),uncalibrated,-0.123,1.2224965,0.9997100337864636,1.1057060912719195e-05,5.0,0.00010801416477419053
AB,a_b,SVM,SVM (RBF),uncalibrated,-0.1229,1.22245215,0.9997096026581468,1.1054469574769494e-05,5.0,0.00011440624267507223
AB,a_b,SVM,SVM (RBF),uncalibrated,-0.1228,1.2224078,0.9997091285567519,1.1061559879498069e-05,5.0,0.00012151079870991683
AB,a_b,SVM,SVM (RBF),uncalibrated,-0.1227,1.22236345,0.999708609346559,1.1078138648221637e-05,5.0,0.00012943149873298956
AB,a_b,SVM,SVM (RBF),uncalibrated,-0.1226,1.2223191,0.9997080428472784,1.1103808868020114e-05,5.0,0.00013829011683911052
AB,a_b,SVM,SVM (RBF),uncalibrated,-0.1225,1.22227475,0.9997074268428293,1.113795120819091e-05,5.0,0.0001482301732844858
AB,a_b,SVM,SVM (RBF),uncalibrated,-0.1224,1.2222304,0.9997067590928399,1.1179709993148726e-05,5.0,0.00015942138935187098
AB,a_b,SVM,SVM (RBF),uncalibrated,-0.1223,1.2221860500000001,0.9997060373472761,1.1227984885532488e-05,5.0,0.0001720651597699711
AB,a_b,SVM,SVM (RBF),uncalibrated,-0.1222,1.2221417,0.9997052593645417,1.1281429461022672e-05,5.0,0.00018640129618044824
AB,a_b,SVM,SVM (RBF),uncalibrated,-0.1221,1.22209735,0.9997044229332954,1.1338457644039112e-05,5.0,0.00020271636274110617
AB,a_b,SVM,SVM (RBF),uncalibrated,-0.122,1.222053,0.9997035258980365,1.1397258746591311e-05,5.0,0.00022135401150270558
AB,a_b,SVM,SVM (RBF),uncalibrated,-0.1219,1.2220048000000001,0.9997025556052017,1.1452671578359397e-05,5.0,0.00024274006985177266
AB,a_b,SVM,SVM (RBF),uncalibrated,-0.1218,1.2219566000000002,0.9997015201388688,1.1505770116858695e-05,5.0,0.00026735972876895854
AB,a_b,SVM,SVM (RBF),uncalibrated,-0.1217,1.2219084,0.9997004177307726,1.1554262359029338e-05,5.0,0.0002958172639958714
AB,a_b,SVM,SVM (RBF),uncalibrated,-0.1216,1.2218602,0.9996992468017832,1.159578087257686e-05,5.0,0.0003288476252573685
AB,a_b,SVM,SVM (RBF),uncalibrated,-0.1215,1.2218120000000001,0.9996980059968206,1.162793810928039e-05,5.0,0.0003673478941163347
AB,a_b,SVM,SVM (RBF),uncalibrated,-0.1214,1.2217638,0.9996966942178193,1.164838604101448e-05,5.0,0.00041241693149870925
AB,a_b,SVM,SVM (RBF),uncalibrated,-0.1213,1.2217156,0.9996953106529372,1.1654877916961226e-05,5.0,0.00046540546176609005
AB,a_b,SVM,SVM (RBF),uncalibrated,-0.1212,1.2216674,0.9996938548001073,1.1645329639978367e-05,5.0,0.0005279794719219683
AB,a_b,SVM,SVM (RBF),uncalibrated,-0.1211,1.2216192000000001,0.9996923264832116,1.1617878144229781e-05,5.0,0.0006022006113570661
AB,a_b,SVM,SVM (RBF),uncalibrated,-0.121,1.221571,0.9996907258593772,1.1570934151105302e-05,5.0,0.0006906283039826239
AB,a_b,SVM,SVM (RBF),uncalibrated,-0.1209,1.2215228,0.9996890534163909,1.15032268967571e-05,5.0,0.0007964495834986943
AB,a_b,SVM,SVM (RBF),uncalibrated,-0.1208,1.2214746,0.9996873099597348,1.1413838769581186e-05,5.0,0.0009236442945336522
AB,a_b,SVM,SVM (RBF),uncalibrated,-0.1207,1.2214264000000001,0.9996854965894328,1.1302228313217493e-05,5.0,0.001077195333600775
AB,a_b,SVM,SVM (RBF),uncalibrated,-0.1206,1.2213782000000002,0.9996836146675259,1.1168240678217735e-05,5.0,0.0012633561004568188
AB,a_b,SVM,SVM (RBF),uncalibrated,-0.1205,1.22133,0.9996816657776199,1.1012105279367466e-05,5.0,0.0014899903483071657
AB,a_b,SVM,SVM (RBF),uncalibrated,-0.1204,1.2212818,0.9996796516784198,1.0834421115236085e-05,5.0,0.0017670031873011664
AB,a_b,SVM,SVM (RBF),uncalibrated,-0.1203,1.2212336000000001,0.9996775742535602,1.0636130838115595e-05,5.0,0.0021068860776184053
AB,a_b,SVM,SVM (RBF),uncalibrated,-0.1202,1.2211854000000002,0.9996754354601204,1.041848521203126e-05,5.0,0.002525403107395227
AB,a_b,SVM,SVM (RBF),uncalibrated,-0.1201,1.2211372,0.9996732372782345,1.0182999993470435e-05,5.0,0.00304245037144843
AB,a_b,SVM,SVM (RBF),uncalibrated,-0.12,1.221089,0.9996709816639451,9.931407533549442e-06,5.0,0.003683124258899638
AB,a_b,SVM,SVM (RBF),uncalibrated,-0.1199,1.22101725,0.9996685812958922,9.657259252306523e-06,5.0,0.004473659116933939
AB,a_b,SVM,SVM (RBF),uncalibrated,-0.1198,1.2209455,0.9996661247651291,9.372137647714857e-06,5.0,0.0054558231400424154
AB,a_b,SVM,SVM (RBF),uncalibrated,-0.1197,1.22087375,0.9996636135972025,9.078048160675013e-06,5.0,0.006677845119886853
AB,a_b,SVM,SVM (RBF),uncalibrated,-0.1196,1.2208020000000002,0.9996610491570749,8.777001499588982e-06,5.0,0.008199632145145406
AB,a_b,SVM,SVM (RBF),uncalibrated,-0.1195,1.2207302500000001,0.9996584326407687,8.47097418801357e-06,5.0,0.010095143016831412
AB,a_b,SVM,SVM (RBF),uncalibrated,-0.1194,1.2206585,0.999655765073301,8.161875077856457e-06,5.0,0.012454985392432939
AB,a_b,SVM,SVM (RBF),uncalibrated,-0.1193,1.22058675,0.9996530473118503,7.851518409222147e-06,5.0,0.015389118701902753
AB,a_b,SVM,SVM (RBF),uncalibrated,-0.1192,1.220515,0.9996502800529564,7.541603623806642e-06,5.0,0.019029463716623687
AB,a_b,SVM,SVM (RBF),uncalibrated,-0.1191,1.22044325,0.9996474638425189,7.233701850253653e-06,5.0,0.023532119655578505
AB,a_b,SVM,SVM (RBF),uncalibrated,-0.119,1.2203715000000002,0.9996445990874122,6.929248717771785e-06,5.0,0.02907877886328199
AB,a_b,SVM,SVM (RBF),uncalibrated,-0.1189,1.2202997500000001,0.9996416860676853,6.629542960286918e-06,5.0,0.03587682405053703
AB,a_b,SVM,SVM (RBF),uncalibrated,-0.1188,1.220228,0.9996387249484656,6.3357501308412195e-06,5.0,0.04415752054921112
AB,a_b,SVM,SVM (RBF),uncalibrated,-0.1187,1.22015625,0.9996357157908803,6.048910652558873e-06,5.0,0.05417171124393599
AB,a_b,SVM,SVM (RBF),uncalibrated,-0.1186,1.2200845,0.999632658561563,5.769951372428331e-06,5.0,0.06618252247731815
AB,a_b,SVM,SVM (RBF),uncalibrated,-0.1185,1.22001275,0.999629553140446,5.499699767351915e-06,5.0,0.08045482377608501
AB,a_b,SVM,SVM (RBF),uncalibrated,-0.1184,1.219941,0.9996263993267811,5.238899931009315e-06,5.0,0.09724155655018592
AB,a_b,SVM,SVM (RBF),uncalibrated,-0.1183,1.2198692500000001,0.9996231968434482,4.988229463040941e-06,5.0,0.1167675218257246
AB,a_b,SVM,SVM (RBF),uncalibrated,-0.1182,1.2197975,0.9996199453397634,4.7483163698212996e-06,5.0,0.13921171516144662
AB,a_b,SVM,SVM (RBF),uncalibrated,-0.1181,1.21972575,0.9996166443930765,4.519755029707185e-06,5.0,0.16468970569223887
AB,a_b,SVM,SVM (RBF),uncalibrated,-0.118,1.219654,0.9996131689951687,4.363197384519317e-06,30.0,0.193237759850102
AB,a_b,SVM,SVM (RBF),uncalibrated,-0.1179,1.21972185,0.9996104980554636,4.266472266560508e-06,30.0,0.22827470556407534
AB,a_b,SVM,SVM (RBF),uncalibrated,-0.1178,1.2197897,0.9996078464765368,4.244709110747881e-06,23.0,0.2671508691968381
AB,a_b,SVM,SVM (RBF),uncalibrated,-0.1177,1.21985755,0.9996051071755084,4.245618682097091e-06,23.0,0.3096760420349651
AB,a_b,SVM,SVM (RBF),uncalibrated,-0.1176,1.2199254,0.9996023309938532,4.258807101993375e-06,23.0,0.35554320807182266
AB,a_b,SVM,SVM (RBF),uncalibrated,-0.1175,1.2199932500000001,0.9995995171654339,4.2838207888606736e-06,23.0,0.40433646569806164
AB,a_b,SVM,SVM (RBF),uncalibrated,-0.1174,1.2200611000000001,0.9995966649061678,4.320096379237454e-06,23.0,0.4555414641306537
AB,a_b,SVM,SVM (RBF),uncalibrated,-0.1173,1.22012895,0.9995937734243752,4.366989364734117e-06,23.0,0.5085563543724149
AB,a_b,SVM,SVM (RBF),uncalibrated,-0.1172,1.2201968,0.9995908419310923,4.423803384830774e-06,23.0,0.5627020876125584
AB,a_b,SVM,SVM (RBF),uncalibrated,-0.1171,1.22026465,0.9995878696503164,4.489818541032028e-06,23.0,0.6172318866339577
AB,a_b,SVM,SVM (RBF),uncalibrated,-0.117,1.2203325,0.9995848558295787,4.564317412816729e-06,23.0,0.6713405558636453
AB,a_b,SVM,SVM (RBF),uncalibrated,-0.1169,1.22040035,0.9995818530254711,4.655007269858998e-06,17.0,0.7241747974251227
AB,a_b,SVM,SVM (RBF),uncalibrated,-0.1168,1.2204682,0.9995787546758312,4.775987133283508e-06,17.0,0.7748458164588995
AB,a_b,SVM,SVM (RBF),uncalibrated,-0.1167,1.22053605,0.9995756121385121,4.899902094782716e-06,17.0,0.822445280627311
AB,a_b,SVM,SVM (RBF),uncalibrated,-0.1166,1.2206039,0.9995724249149628,5.025978799694263e-06,17.0,0.8660652446586896
AB,a_b,SVM,SVM (RBF),uncalibrated,-0.1165,1.22067175,0.9995691925946126,5.15356329766383e-06,17.0,0.9048220671047084
AB,a_b,SVM,SVM (RBF),uncalibrated,-0.1164,1.2207396000000001,0.9995659148690956,5.282114519330215e-06,17.0,0.9378837270104192
AB,a_b,SVM,SVM (RBF),uncalibrated,-0.1163,1.2208074500000001,0.9995625915474824,5.4111965291694315e-06,17.0,0.9644993696630613
AB,a_b,SVM,SVM (RBF),uncalibrated,-0.1162,1.2208753,0.9995592225724623,5.5404702109288376e-06,17.0,0.984029434640988
AB,a_b,SVM,SVM (RBF),uncalibrated,-0.1161,1.22094315,0.9995558080374413,5.6696848260051406e-06,17.0,0.9959743950237199
AB,a_b,SVM,SVM (RBF),uncalibrated,-0.116,1.221011,0.9995523559498923,5.832102819407876e-06,16.0,1.0
AB,a_b,SVM,SVM (RBF),uncalibrated,-0.1159,1.2207344,0.99954668851156,6.050040816502239e-06,16.0,0.9938733063947026
AB,a_b,SVM,SVM (RBF),uncalibrated,-0.1158,1.2204578000000001,0.9995409156698799,6.2720429066161155e-06,16.0,0.9756365693659534
AB,a_b,SVM,SVM (RBF),uncalibrated,-0.1157,1.2201812,0.9995350381889163,6.497634243817117e-06,16.0,0.9458556654177659
AB,a_b,SVM,SVM (RBF),uncalibrated,-0.1156,1.2199046,0.999529057325264,6.726380213309683e-06,16.0,0.9055374806701556
AB,a_b,SVM,SVM (RBF),uncalibrated,-0.1155,1.2196280000000002,0.99952297487983,6.957880830836389e-06,16.0,0.8560710078683318
AB,a_b,SVM,SVM (RBF),uncalibrated,-0.1154,1.2193514,0.9995167932464379,7.1917604968131645e-06,16.0,0.7991423251414596
AB,a_b,SVM,SVM (RBF),uncalibrated,-0.1153,1.2190748,0.9995105154557545,7.427653035444372e-06,16.0,0.736631155841255
AB,a_b,SVM,SVM (RBF),uncalibrated,-0.1152,1.2187982,0.9995041452130112,7.665182598280111e-06,16.0,0.6704988740472771
AB,a_b,SVM,SVM (RBF),uncalibrated,-0.1151,1.2185216,0.9994976869280907,7.903941788399442e-06,16.0,0.6026786527141877
AB,a_b,SVM,SVM (RBF),uncalibrated,-0.115,1.218245,0.9994911457366986,8.143469219879168e-06,16.0,0.534977704928212
AB,a_b,SVM,SVM (RBF),uncalibrated,-0.1149,1.2179684,0.9994845275115216,8.383229587160482e-06,16.0,0.46899931974445
AB,a_b,SVM,SVM (RBF),uncalibrated,-0.1148,1.2176918,0.9994778388625529,8.62260009606694e-06,16.0,0.4060890752764654
AB,a_b,SVM,SVM (RBF),uncalibrated,-0.1147,1.2174152,0.9994710871261754,8.860867684711793e-06,16.0,0.3473059373746859
AB,a_b,SVM,SVM (RBF),uncalibrated,-0.1146,1.2171386,0.9994642803428145,9.097241719829407e-06,16.0,0.29341573632155826
AB,a_b,SVM,SVM (RBF),uncalibrated,-0.1145,1.2168619999999999,0.9994574272234802,9.330886736341713e-06,16.0,0.24490242916449584
AB,a_b,SVM,SVM (RBF),uncalibrated,-0.1144,1.2165854,0.9994505371058335,9.56097917014407e-06,16.0,0.20199191365725497
AB,a_b,SVM,SVM (RBF),uncalibrated,-0.1143,1.2163088,0.9994437122656098,9.802423835655764e-06,27.0,0.16468380023780413
AB,a_b,SVM,SVM (RBF),uncalibrated,-0.1142,1.2160322,0.9994367816535439,1.0062643727044781e-05,27.0,0.1327878933046976
AB,a_b,SVM,SVM (RBF),uncalibrated,-0.1141,1.2157556,0.9994298448960569,1.0303703327622972e-05,27.0,0.10596342409364591
AB,a_b,SVM,SVM (RBF),uncalibrated,-0.114,1.215479,0.9994228703182526,1.0525164597124125e-05,19.0,0.08375971980212747
AB,a_b,SVM,SVM (RBF),uncalibrated,-0.1139,1.2155092,0.9994184648984191,1.0736927660699681e-05,19.0,0.07356109954359688
AB,a_b,SVM,SVM (RBF),uncalibrated,-0.1138,1.2155394,0.9994141088985327,1.0931401603056783e-05,19.0,0.06437625379903343
AB,a_b,SVM,SVM (RBF),uncalibrated,-0.1137,1.2155696,0.9994098095098068,1.1106009882247727e-05,19.0,0.05617131716053902
AB,a_b,SVM,SVM (RBF),uncalibrated,-0.1136,1.2155998,0.99940557384941,1.1258200673446936e-05,19.0,0.04889510064965506
AB,a_b,SVM,SVM (RBF),uncalibrated,-0.1135,1.21563,0.9994014089144576,1.1385494132866576e-05,19.0,0.04248417417741635
AB,a_b,SVM,SVM (RBF),uncalibrated,-0.1134,1.2156602,0.9993974636206917,1.149552995193528e-05,36.0,0.036867506640696386
AB,a_b,SVM,SVM (RBF),uncalibrated,-0.1133,1.2156904,0.999393461788308,1.1581632858747195e-05,36.0,0.031970477247358194
AB,a_b,SVM,SVM (RBF),uncalibrated,-0.1132,1.2157206,0.9993896214357191,1.1641108237144818e-05,55.0,0.027718152789170832
AB,a_b,SVM,SVM (RBF),uncalibrated,-0.1131,1.2157508,0.9993858037643614,1.1677873457459315e-05,55.0,0.024037804740474247
AB,a_b,SVM,SVM (RBF),uncalibrated,-0.113,1.215781,0.9993820872545165,1.1679862219445595e-05,55.0,0.02086070535809052
AB,a_b,SVM,SVM (RBF),uncalibrated,-0.1129,1.2158112,0.9993784772055693,1.1646339799241216e-05,55.0,0.018123287214178743
AB,a_b,SVM,SVM (RBF),uncalibrated,-0.1128,1.2158414,0.999374978468977,1.157704739038221e-05,55.0,0.01576777507207012
AB,a_b,SVM,SVM (RBF),uncalibrated,-0.1127,1.2158716,0.9993715954028156,1.147223906327899e-05,55.0,0.013742405768198924
AB,a_b,SVM,SVM (RBF),uncalibrated,-0.1126,1.2159018,0.9993683716745446,1.1393785649361517e-05,28.0,0.01200134565919653
AB,a_b,SVM,SVM (RBF),uncalibrated,-0.1125,1.215932,0.9993652204364423,1.1285869727716178e-05,28.0,0.010504401304834309
AB,a_b,SVM,SVM (RBF),uncalibrated,-0.1124,1.2159622,0.9993621926644158,1.1145416080609993e-05,28.0,0.00921660167704008
AB,a_b,SVM,SVM (RBF),uncalibrated,-0.1123,1.2159924,0.9993592905957597,1.0974054408605288e-05,28.0,0.008107712422333232
AB,a_b,SVM,SVM (RBF),uncalibrated,-0.1122,1.2160226,0.9993565158611056,1.077408074042049e-05,28.0,0.0071517264887694595
AB,a_b,SVM,SVM (RBF),uncalibrated,-0.1121,1.2160528,0.999353869468077,1.0548464127616876e-05,28.0,0.00632636172342011
AB,a_b,SVM,SVM (RBF),uncalibrated,-0.112,1.216083,0.9993526441393598,1.0566103957641723e-05,57.0,0.00561258513425808
AB,a_b,SVM,SVM (RBF),uncalibrated,-0.1119,1.21607565,0.9993500121243395,1.0606242790541767e-05,57.0,0.0049413366970419105
AB,a_b,SVM,SVM (RBF),uncalibrated,-0.1118,1.2160683,0.9993475084848445,1.0663779050774637e-05,57.0,0.004364957538152917
AB,a_b,SVM,SVM (RBF),uncalibrated,-0.1117,1.21606095,0.999345131829344,1.0741827895388491e-05,57.0,0.003868833998427576
AB,a_b,SVM,SVM (RBF),uncalibrated,-0.1116,1.2160536,0.9993428802696516,1.0842997523844727e-05,57.0,0.0034407046404903345
AB,a_b,SVM,SVM (RBF),uncalibrated,-0.1115,1.21604625,0.9993407514541025,1.0969278310907382e-05,57.0,0.0030702793016574425
AB,a_b,SVM,SVM (RBF),uncalibrated,-0.1114,1.2160389,0.9993387426044551,1.1121963157273429e-05,57.0,0.0027489171121179855
AB,a_b,SVM,SVM (RBF),uncalibrated,-0.1113,1.21603155,0.9993368505558209,1.1301606306915336e-05,57.0,0.0024693556657989515
AB,a_b,SVM,SVM (RBF),uncalibrated,-0.1112,1.2160241999999999,0.9993350717991271,1.1508023499551503e-05,57.0,0.002225484061576587
AB,a_b,SVM,SVM (RBF),uncalibrated,-0.1111,1.21601685,0.9993334025252548,1.1740331494434592e-05,57.0,0.0020121532360102036
AB,a_b,SVM,SVM (RBF),uncalibrated,-0.111,1.2160095,0.9993318386701763,1.199702071173628e-05,57.0,0.0018250177764992362
AB,a_b,SVM,SVM (RBF),uncalibrated,-0.1109,1.21600215,0.9993303759603233,1.227605183166039e-05,57.0,0.0016604041669019756
AB,a_b,SVM,SVM (RBF),uncalibrated,-0.1108,1.2159948,0.9993290099576998,1.2574966035195702e-05,57.0,0.0015152011357362695
AB,a_b,SVM,SVM (RBF),uncalibrated,-0.1107,1.2159874499999999,0.9993277361036279,1.2890999070466639e-05,57.0,0.0013867684289608077
AB,a_b,SVM,SVM (RBF),uncalibrated,-0.1106,1.2159801,0.9993265497610662,1.3221191012212101e-05,57.0,0.0012728609064470502
AB,a_b,SVM,SVM (RBF),uncalibrated,-0.1105,1.21597275,0.9993254462545541,1.3562485860897608e-05,57.0,0.0011715653629353344
AB,a_b,SVM,SVM (RBF),uncalibrated,-0.1104,1.2159654,0.9993244209075497,1.3911817484675113e-05,57.0,0.0010812479044739135
AB,a_b,SVM,SVM (RBF),uncalibrated,-0.1103,1.21595805,0.9993234690767023,1.4266180422270538e-05,57.0,0.0010005100764364655
AB,a_b,SVM,SVM (RBF),uncalibrated,-0.1102,1.2159506999999998,0.9993225861828667,1.4622685624264262e-05,57.0,0.00092815224660372
AB,a_b,SVM,SVM (RBF),uncalibrated,-0.1101,1.2159433499999999,0.9993217677386204,1.4978602218017774e-05,57.0,0.0008631430040131734
AB,a_b,SVM,SVM (RBF),uncalibrated,-0.11,1.215936,0.9993210093722555,1.5331386958841058e-05,57.0,0.0008045935485060472
AB,a_b,SVM,SVM (RBF),uncalibrated,-0.1099,1.21592865,0.9993203068481419,1.567870325922658e-05,57.0,0.0007517362236833549
AB,a_b,SVM,SVM (RBF),uncalibrated,-0.1098,1.2159213,0.9993196560836973,1.6018431676336398e-05,57.0,0.0007039064931250028
AB,a_b,SVM,SVM (RBF),uncalibrated,-0.1097,1.21591395,0.9993190531629127,1.6348673594962347e-05,57.0,0.0006605277812765291
AB,a_b,SVM,SVM (RBF),uncalibrated,-0.1096,1.2159065999999998,0.9993184943466884,1.6667749640785694e-05,57.0,0.0006210987006825037
AB,a_b,SVM,SVM (RBF),uncalibrated,-0.1095,1.2158992499999999,0.9993179760803301,1.6974194113417343e-05,57.0,0.0005851822699014558
AB,a_b,SVM,SVM (RBF),uncalibrated,-0.1094,1.2158919,0.9993174949980526,1.726674651248108e-05,57.0,0.0005523967945404162
AB,a_b,SVM,SVM (RBF),uncalibrated,-0.1093,1.21588455,0.9993170479253835,1.7544341026183848e-05,57.0,0.00052240813996012
AB,a_b,SVM,SVM (RBF),uncalibrated,-0.1092,1.2158772,0.9993166318791441,1.7806094667465726e-05,57.0,0.0004949231704425074
AB,a_b,SVM,SVM (RBF),uncalibrated,-0.1091,1.21586985,0.9993162440656176,1.8051294610058158e-05,57.0,0.00046968416773994763
AB,a_b,SVM,SVM (RBF),uncalibrated,-0.109,1.2158625,0.9993158818771142,1.827938514382034e-05,57.0,0.00044646407338337304
AB,a_b,SVM,SVM (RBF),uncalibrated,-0.1089,1.2158551499999999,0.9993155428871638,1.848995457289971e-05,57.0,0.00042506242510494574
AB,a_b,SVM,SVM (RBF),uncalibrated,-0.1088,1.2158478,0.9993152248446444,1.868272231058188e-05,57.0,0.0004053018792066237
AB,a_b,SVM,SVM (RBF),uncalibrated,-0.1087,1.21584045,0.9993149256669562,1.885752634578525e-05,57.0,0.00038702522847904985
AB,a_b,SVM,SVM (RBF),uncalibrated,-0.1086,1.2158331,0.9993146434325967,1.9014311221852273e-05,57.0,0.0003700928400042965
AB,a_b,SVM,SVM (RBF),uncalibrated,-0.1085,1.21582575,0.9993143763732804,1.9153116616163518e-05,57.0,0.0003543804493968493
AB,a_b,SVM,SVM (RBF),uncalibrated,-0.1084,1.2158184,0.9993141228656197,1.9274066587747854e-05,57.0,0.00033977725819345813
AB,a_b,SVM,SVM (RBF),uncalibrated,-0.1083,1.21581105,0.9993138814228609,1.9377359525140844e-05,57.0,0.00032618428955431773
AB,a_b,SVM,SVM (RBF),uncalibrated,-0.1082,1.2158037,0.9993136506863223,1.946325881433644e-05,57.0,0.00031351296448301185
AB,a_b,SVM,SVM (RBF),uncalibrated,-0.1081,1.21579635,0.9993134294171307,1.953208423031597e-05,57.0,0.00030168386665364595
AB,a_b,SVM,SVM (RBF),uncalibrated,-0.108,1.215789,0.9993132164879539,1.958420403992583e-05,57.0,0.0002906256688520631
AB,a_b,NN,Neural Network,uncalibrated,-0.128,1.224394,1.0,0.0,2.0,1.0
AB,a_b,NN,Neural Network,uncalibrated,-0.1279,1.22435395,1.0,0.0,2.0,0.9965198768351109
AB,a_b,NN,Neural Network,uncalibrated,-0.1278,1.2243139,1.0,0.0,2.0,0.9861522103969512
AB,a_b,NN,Neural Network,uncalibrated,-0.1277,1.2242738499999999,1.0,0.0,2.0,0.9691202271792234
AB,a_b,NN,Neural Network,uncalibrated,-0.1276,1.2242338,1.0,0.0,2.0,0.9457923848092307
AB,a_b,NN,Neural Network,uncalibrated,-0.1275,1.22419375,1.0,0.0,2.0,0.9166691693091688
AB,a_b,NN,Neural Network,uncalibrated,-0.1274,1.2241537,1.0,0.0,2.0,0.8823650922307854
AB,a_b,NN,Neural Network,uncalibrated,-0.1273,1.22411365,1.0,0.0,2.0,0.8435867267245822
AB,a_b,NN,Neural Network,uncalibrated,-0.1272,1.2240735999999999,1.0,0.0,2.0,0.8011078208569667
AB,a_b,NN,Neural Network,uncalibrated,-0.1271,1.22403355,1.0,0.0,2.0,0.755742679688333
AB,a_b,NN,Neural Network,uncalibrated,-0.127,1.2239935,1.0,0.0,2.0,0.708319101308405
AB,a_b,NN,Neural Network,uncalibrated,-0.1269,1.22395345,1.0,0.0,2.0,0.659652172316303
AB,a_b,NN,Neural Network,uncalibrated,-0.1268,1.2239134,1.0,0.0,2.0,0.6105201640862996
AB,a_b,NN,Neural Network,uncalibrated,-0.1267,1.2238733499999999,1.0,0.0,2.0,0.5616436184105992
AB,a_b,NN,Neural Network,uncalibrated,-0.1266,1.2238333,1.0,0.0,2.0,0.5136684759939565
AB,a_b,NN,Neural Network,uncalibrated,-0.1265,1.22379325,1.0,0.0,2.0,0.4671538019702879
AB,a_b,NN,Neural Network,uncalibrated,-0.1264,1.2237532,1.0,0.0,2.0,0.42256432789914083
AB,a_b,NN,Neural Network,uncalibrated,-0.1263,1.22371315,1.0,0.0,2.0,0.3802676947538697
AB,a_b,NN,Neural Network,uncalibrated,-0.1262,1.2236730999999998,1.0,0.0,2.0,0.34053598170492577
AB,a_b,NN,Neural Network,uncalibrated,-0.1261,1.2236330499999999,1.0,0.0,2.0,0.30355087049320967
AB,a_b,NN,Neural Network,uncalibrated,-0.126,1.223593,1.0,0.0,2.0,0.26941164347809
AB,a_b,NN,Neural Network,uncalibrated,-0.1259,1.2235603499999999,1.0,0.0,2.0,0.23820821733262745
AB,a_b,NN,Neural Network,uncalibrated,-0.1258,1.2235277,1.0,0.0,2.0,0.20983329033999878
AB,a_b,NN,Neural Network,uncalibrated,-0.1257,1.22349505,1.0,0.0,2.0,0.18420255065153363
AB,a_b,NN,Neural Network,uncalibrated,-0.1256,1.2234623999999998,1.0,0.0,2.0,0.16119326987326976
AB,a_b,NN,Neural Network,uncalibrated,-0.1255,1.22342975,1.0,0.0,2.0,0.1406546729368511
AB,a_b,NN,Neural Network,uncalibrated,-0.1254,1.2233971,1.0,0.0,2.0,0.1224172233326786
AB,a_b,NN,Neural Network,uncalibrated,-0.1253,1.2233644499999998,1.0,0.0,2.0,0.10630063832714096
AB,a_b,NN,Neural Network,uncalibrated,-0.1252,1.2233318,1.0,0.0,2.0,0.0921205662784826
AB,a_b,NN,Neural Network,uncalibrated,-0.1251,1.22329915,1.0,0.0,2.0,0.07969394920398565
AB,a_b,NN,Neural Network,uncalibrated,-0.125,1.2232664999999998,1.0,0.0,2.0,0.06884315825399696
AB,a_b,NN,Neural Network,uncalibrated,-0.1249,1.22323385,1.0,0.0,2.0,0.059399030381848204
AB,a_b,NN,Neural Network,uncalibrated,-0.1248,1.2232011999999999,1.0,0.0,2.0,0.05120295541558441
AB,a_b,NN,Neural Network,uncalibrated,-0.1247,1.22316855,1.0,0.0,2.0,0.04410816856221475
AB,a_b,NN,Neural Network,uncalibrated,-0.1246,1.2231359,1.0,0.0,2.0,0.03798039851257508
AB,a_b,NN,Neural Network,uncalibrated,-0.1245,1.2231032499999999,1.0,0.0,2.0,0.03269800955147483
AB,a_b,NN,Neural Network,uncalibrated,-0.1244,1.2230706,1.0,0.0,2.0,0.028151760425428517
AB,a_b,NN,Neural Network,uncalibrated,-0.1243,1.22303795,1.0,0.0,2.0,0.024244285418457974
AB,a_b,NN,Neural Network,uncalibrated,-0.1242,1.2230052999999999,1.0,0.0,2.0,0.020889385695286186
AB,a_b,NN,Neural Network,uncalibrated,-0.1241,1.22297265,1.0,0.0,2.0,0.018011202502675117
AB,a_b,NN,Neural Network,uncalibrated,-0.124,1.22294,1.0,0.0,2.0,0.015543328870122152
AB,a_b,NN,Neural Network,uncalibrated,-0.1239,1.22289565,1.0,0.0,2.0,0.013419843951792482
AB,a_b,NN,Neural Network,uncalibrated,-0.1238,1.2228512999999999,1.0,0.0,2.0,0.01160077629939105
AB,a_b,NN,Neural Network,uncalibrated,-0.1237,1.2228069499999998,1.0,0.0,2.0,0.010042283027691916
AB,a_b,NN,Neural Network,uncalibrated,-0.1236,1.2227626,1.0,0.0,2.0,0.008706588336391752
AB,a_b,NN,Neural Network,uncalibrated,-0.1235,1.22271825,1.0,0.0,2.0,0.007561234701913614
AB,a_b,NN,Neural Network,uncalibrated,-0.1234,1.2226739,1.0,0.0,2.0,0.006578400606801844
AB,a_b,NN,Neural Network,uncalibrated,-0.1233,1.22262955,1.0,0.0,2.0,0.005734286216120153
AB,a_b,NN,Neural Network,uncalibrated,-0.1232,1.2225852,1.0,0.0,2.0,0.005008565755839669
AB,a_b,NN,Neural Network,uncalibrated,-0.1231,1.22254085,1.0,0.0,2.0,0.004383903514839181
AB,a_b,NN,Neural Network,uncalibrated,-0.123,1.2224965,1.0,0.0,2.0,0.003845529212338575
AB,a_b,NN,Neural Network,uncalibrated,-0.1229,1.22245215,1.0,0.0,2.0,0.0033808677991571516
AB,a_b,NN,Neural Network,uncalibrated,-0.1228,1.2224078,1.0,0.0,2.0,0.0029792184684498705
AB,a_b,NN,Neural Network,uncalibrated,-0.1227,1.22236345,1.0,0.0,2.0,0.0026314776351360446
AB,a_b,NN,Neural Network,uncalibrated,-0.1226,1.2223191,1.0,0.0,2.0,0.002329900818620851
AB,a_b,NN,Neural Network,uncalibrated,-0.1225,1.22227475,1.0,0.0,2.0,0.0020678986640312955
AB,a_b,NN,Neural Network,uncalibrated,-0.1224,1.2222304,1.0,0.0,2.0,0.0018398627119969935
AB,a_b,NN,Neural Network,uncalibrated,-0.1223,1.2221860500000001,1.0,0.0,2.0,0.001641016937985516
AB,a_b,NN,Neural Network,uncalibrated,-0.1222,1.2221417,1.0,0.0,2.0,0.0014672915020175553
AB,a_b,NN,Neural Network,uncalibrated,-0.1221,1.22209735,1.0,0.0,2.0,0.0013152155593868556
AB,a_b,NN,Neural Network,uncalibrated,-0.122,1.222053,1.0,0.0,2.0,0.001181826370519135
AB,a_b,NN,Neural Network,uncalibrated,-0.1219,1.2220048000000001,1.0,0.0,2.0,0.0010644343625279573
AB,a_b,NN,Neural Network,uncalibrated,-0.1218,1.2219566000000002,1.0,0.0,2.0,0.0009610711944694162
AB,a_b,NN,Neural Network,uncalibrated,-0.1217,1.2219084,1.0,0.0,2.0,0.0008698742642443199
AB,a_b,NN,Neural Network,uncalibrated,-0.1216,1.2218602,1.0,0.0,2.0,0.0007892464900899277
AB,a_b,NN,Neural Network,uncalibrated,-0.1215,1.2218120000000001,1.0,0.0,2.0,0.0007178165931749389
AB,a_b,NN,Neural Network,uncalibrated,-0.1214,1.2217638,1.0,0.0,2.0,0.0006544054962362382
AB,a_b,NN,Neural Network,uncalibrated,-0.1213,1.2217156,1.0,0.0,2.0,0.0005979978873720581
AB,a_b,NN,Neural Network,uncalibrated,-0.1212,1.2216674,1.0,0.0,2.0,0.0005477181437559427
AB,a_b,NN,Neural Network,uncalibrated,-0.1211,1.2216192000000001,1.0,0.0,2.0,0.0005028099345575142
AB,a_b,NN,Neural Network,uncalibrated,-0.121,1.221571,1.0,0.0,2.0,0.00046261892840907036
AB,a_b,NN,Neural Network,uncalibrated,-0.1209,1.2215228,1.0,0.0,2.0,0.00042657812079719207
AB,a_b,NN,Neural Network,uncalibrated,-0.1208,1.2214746,1.0,0.0,2.0,0.0003941953730033151
AB,a_b,NN,Neural Network,uncalibrated,-0.1207,1.2214264000000001,1.0,0.0,2.0,0.0003650428186443454
AB,a_b,NN,Neural Network,uncalibrated,-0.1206,1.2213782000000002,1.0,0.0,2.0,0.000338747848211842
AB,a_b,NN,Neural Network,uncalibrated,-0.1205,1.22133,1.0,0.0,2.0,0.00031498542779141725
AB,a_b,NN,Neural Network,uncalibrated,-0.1204,1.2212818,1.0,0.0,2.0,0.0002934715466729363
AB,a_b,NN,Neural Network,uncalibrated,-0.1203,1.2212336000000001,1.0,0.0,2.0,0.0002739576209612422
AB,a_b,NN,Neural Network,uncalibrated,-0.1202,1.2211854000000002,1.0,0.0,2.0,0.0002562257075284176
AB,a_b,NN,Neural Network,uncalibrated,-0.1201,1.2211372,1.0,0.0,2.0,0.00024008440552923067
AB,a_b,NN,Neural Network,uncalibrated,-0.12,1.221089,1.0,0.0,2.0,0.00022536534192472952
AB,a_b,NN,Neural Network,uncalibrated,-0.1199,1.22101725,1.0,0.0,2.0,0.00021185416033027375
AB,a_b,NN,Neural Network,uncalibrated,-0.1198,1.2209455,1.0,0.0,2.0,0.00019950605158871107
AB,a_b,NN,Neural Network,uncalibrated,-0.1197,1.22087375,1.0,0.0,2.0,0.00018820193348103147
AB,a_b,NN,Neural Network,uncalibrated,-0.1196,1.2208020000000002,1.0,0.0,2.0,0.0001778364841106843
AB,a_b,NN,Neural Network,uncalibrated,-0.1195,1.2207302500000001,1.0,0.0,2.0,0.00016831640039996796
AB,a_b,NN,Neural Network,uncalibrated,-0.1194,1.2206585,1.0,0.0,2.0,0.00015955889321181914
AB,a_b,NN,Neural Network,uncalibrated,-0.1193,1.22058675,1.0,0.0,2.0,0.00015149038508699742
AB,a_b,NN,Neural Network,uncalibrated,-0.1192,1.220515,1.0,0.0,2.0,0.00014404538169582366
AB,a_b,NN,Neural Network,uncalibrated,-0.1191,1.22044325,1.0,0.0,2.0,0.0001371654924190055
AB,a_b,NN,Neural Network,uncalibrated,-0.119,1.2203715000000002,1.0,0.0,2.0,0.00013079857912004606
AB,a_b,NN,Neural Network,uncalibrated,-0.1189,1.2202997500000001,1.0,0.0,2.0,0.00012489801525795505
AB,a_b,NN,Neural Network,uncalibrated,-0.1188,1.220228,1.0,0.0,2.0,0.00011942204010249397
AB,a_b,NN,Neural Network,uncalibrated,-0.1187,1.22015625,1.0,0.0,2.0,0.0001143331950294504
AB,a_b,NN,Neural Network,uncalibrated,-0.1186,1.2200845,1.0,0.0,2.0,0.00010959783075301721
AB,a_b,NN,Neural Network,uncalibrated,-0.1185,1.22001275,1.0,0.0,2.0,0.00010518567594887115
AB,a_b,NN,Neural Network,uncalibrated,-0.1184,1.219941,1.0,0.0,2.0,0.0001010694590789741
AB,a_b,NN,Neural Network,uncalibrated,-0.1183,1.2198692500000001,1.0,0.0,2.0,9.722457638465064e-05
AB,a_b,NN,Neural Network,uncalibrated,-0.1182,1.2197975,1.0,0.0,2.0,9.362879999922307e-05
AB,a_b,NN,Neural Network,uncalibrated,-0.1181,1.21972575,1.0,0.0,2.0,9.026202097162136e-05
AB,a_b,NN,Neural Network,uncalibrated,-0.118,1.219654,1.0,0.0,2.0,8.71060227100547e-05
AB,a_b,NN,Neural Network,uncalibrated,-0.1179,1.21972185,1.0,0.0,2.0,8.40168670051037e-05
AB,a_b,NN,Neural Network,uncalibrated,-0.1178,1.2197897,1.0,0.0,2.0,8.110872070316452e-05
AB,a_b,NN,Neural Network,uncalibrated,-0.1177,1.21985755,1.0,0.0,2.0,7.836829191720683e-05
AB,a_b,NN,Neural Network,uncalibrated,-0.1176,1.2199254,1.0,0.0,2.0,7.578341515040472e-05
AB,a_b,NN,Neural Network,uncalibrated,-0.1175,1.2199932500000001,1.0,0.0,2.0,7.334294632457743e-05
AB,a_b,NN,Neural Network,uncalibrated,-0.1174,1.2200611000000001,1.0,0.0,2.0,7.103666825309391e-05
AB,a_b,NN,Neural Network,uncalibrated,-0.1173,1.22012895,1.0,0.0,2.0,6.885520547307112e-05
AB,a_b,NN,Neural Network,uncalibrated,-0.1172,1.2201968,1.0,0.0,2.0,6.678994746680243e-05
AB,a_b,NN,Neural Network,uncalibrated,-0.1171,1.22026465,1.0,0.0,2.0,6.483297940533876e-05
AB,a_b,NN,Neural Network,uncalibrated,-0.117,1.2203325,1.0,0.0,2.0,6.297701963928617e-05
AB,a_b,NN,Neural Network,uncalibrated,-0.1169,1.22040035,1.0,0.0,2.0,6.121536324419036e-05
AB,a_b,NN,Neural Network,uncalibrated,-0.1168,1.2204682,1.0,0.0,2.0,5.954183100140229e-05
AB,a_b,NN,Neural Network,uncalibrated,-0.1167,1.22053605,1.0,0.0,2.0,5.795072326094329e-05
AB,a_b,NN,Neural Network,uncalibrated,-0.1166,1.2206039,1.0,0.0,2.0,5.6436778191464555e-05
AB,a_b,NN,Neural Network,uncalibrated,-0.1165,1.22067175,1.0,0.0,2.0,5.499513397464244e-05
AB,a_b,NN,Neural Network,uncalibrated,-0.1164,1.2207396000000001,1.0,0.0,2.0,5.362129454796913e-05
AB,a_b,NN,Neural Network,uncalibrated,-0.1163,1.2208074500000001,1.0,0.0,2.0,5.2311098541478404e-05
AB,a_b,NN,Neural Network,uncalibrated,-0.1162,1.2208753,1.0,0.0,2.0,5.106069109103374e-05
AB,a_b,NN,Neural Network,uncalibrated,-0.1161,1.22094315,1.0,0.0,2.0,4.986649824390158e-05
AB,a_b,NN,Neural Network,uncalibrated,-0.116,1.221011,1.0,0.0,2.0,4.8725203701852104e-05
AB,a_b,NN,Neural Network,uncalibrated,-0.1159,1.2207344,1.0,0.0,2.0,4.768648874415953e-05
AB,a_b,NN,Neural Network,uncalibrated,-0.1158,1.2204578000000001,1.0,0.0,2.0,4.673859827304802e-05
AB,a_b,NN,Neural Network,uncalibrated,-0.1157,1.2201812,1.0,0.0,2.0,4.587295076619707e-05
AB,a_b,NN,Neural Network,uncalibrated,-0.1156,1.2199046,1.0,0.0,2.0,4.508177648740681e-05
AB,a_b,NN,Neural Network,uncalibrated,-0.1155,1.2196280000000002,1.0,0.0,2.0,4.4358028278727665e-05
AB,a_b,NN,Neural Network,uncalibrated,-0.1154,1.2193514,1.0,0.0,2.0,4.369530239606881e-05
AB,a_b,NN,Neural Network,uncalibrated,-0.1153,1.2190748,1.0,0.0,2.0,4.308776847739733e-05
AB,a_b,NN,Neural Network,uncalibrated,-0.1152,1.2187982,1.0,0.0,2.0,4.253010776578037e-05
AB,a_b,NN,Neural Network,uncalibrated,-0.1151,1.2185216,1.0,0.0,2.0,4.201745875928503e-05
AB,a_b,NN,Neural Network,uncalibrated,-0.115,1.218245,1.0,0.0,2.0,4.154536951804568e-05
AB,a_b,NN,Neural Network,uncalibrated,-0.1149,1.2179684,1.0,0.0,2.0,4.110975592011714e-05
AB,a_b,NN,Neural Network,uncalibrated,-0.1148,1.2176918,1.0,0.0,2.0,4.070686521847415e-05
AB,a_b,NN,Neural Network,uncalibrated,-0.1147,1.2174152,1.0,0.0,2.0,4.0333244309385156e-05
AB,a_b,NN,Neural Network,uncalibrated,-0.1146,1.2171386,1.0,0.0,2.0,3.998571217615303e-05
AB,a_b,NN,Neural Network,uncalibrated,-0.1145,1.2168619999999999,1.0,0.0,2.0,3.9661336021254473e-05
AB,a_b,NN,Neural Network,uncalibrated,-0.1144,1.2165854,1.0,0.0,2.0,3.935741064409835e-05
AB,a_b,NN,Neural Network,uncalibrated,-0.1143,1.2163088,1.0,0.0,2.0,3.9071440661193596e-05
AB,a_b,NN,Neural Network,uncalibrated,-0.1142,1.2160322,1.0,0.0,2.0,3.880112520083995e-05
AB,a_b,NN,Neural Network,uncalibrated,-0.1141,1.2157556,1.0,0.0,2.0,3.8544344736091896e-05
AB,a_b,NN,Neural Network,uncalibrated,-0.114,1.215479,1.0,0.0,2.0,3.829914974827703e-05
AB,a_b,NN,Neural Network,uncalibrated,-0.1139,1.2155092,1.0,0.0,2.0,3.7711144289415247e-05
AB,a_b,NN,Neural Network,uncalibrated,-0.1138,1.2155394,1.0,0.0,2.0,3.7141260892470546e-05
AB,a_b,NN,Neural Network,uncalibrated,-0.1137,1.2155696,1.0,0.0,2.0,3.6588659235025004e-05
AB,a_b,NN,Neural Network,uncalibrated,-0.1136,1.2155998,1.0,0.0,2.0,3.6052547752276614e-05
AB,a_b,NN,Neural Network,uncalibrated,-0.1135,1.21563,1.0,0.0,2.0,3.55321805479163e-05
AB,a_b,NN,Neural Network,uncalibrated,-0.1134,1.2156602,1.0,0.0,2.0,3.5026854513736754e-05
AB,a_b,NN,Neural Network,uncalibrated,-0.1133,1.2156904,1.0,0.0,2.0,3.453590664253494e-05
AB,a_b,NN,Neural Network,uncalibrated,-0.1132,1.2157206,1.0,0.0,2.0,3.40587115201444e-05
AB,a_b,NN,Neural Network,uncalibrated,-0.1131,1.2157508,1.0,0.0,2.0,3.359467898357141e-05
AB,a_b,NN,Neural Network,uncalibrated,-0.113,1.215781,1.0,0.0,2.0,3.314325193325478e-05
AB,a_b,NN,Neural Network,uncalibrated,-0.1129,1.2158112,1.0,0.0,2.0,3.2703904288436695e-05
AB,a_b,NN,Neural Network,uncalibrated,-0.1128,1.2158414,1.0,0.0,2.0,3.227613907549874e-05
AB,a_b,NN,Neural Network,uncalibrated,-0.1127,1.2158716,1.0,0.0,2.0,3.1859486639920155e-05
AB,a_b,NN,Neural Network,uncalibrated,-0.1126,1.2159018,1.0,0.0,2.0,3.145350297325721e-05
AB,a_b,NN,Neural Network,uncalibrated,-0.1125,1.215932,1.0,0.0,2.0,3.1057768147192085e-05
AB,a_b,NN,Neural Network,uncalibrated,-0.1124,1.2159622,1.0,0.0,2.0,3.0671884847336175e-05
AB,a_b,NN,Neural Network,uncalibrated,-0.1123,1.2159924,1.0,0.0,2.0,3.0295477000011864e-05
AB,a_b,NN,Neural Network,uncalibrated,-0.1122,1.2160226,1.0,0.0,2.0,2.9928188485761743e-05
AB,a_b,NN,Neural Network,uncalibrated,-0.1121,1.2160528,1.0,0.0,2.0,2.9569681933802888e-05
AB,a_b,NN,Neural Network,uncalibrated,-0.112,1.216083,1.0,0.0,2.0,2.921963759206327e-05
AB,a_b,NN,Neural Network,uncalibrated,-0.1119,1.21607565,1.0,0.0,2.0,2.8915074548349925e-05
AB,a_b,NN,Neural Network,uncalibrated,-0.1118,1.2160683,1.0,0.0,2.0,2.8617881040401446e-05
AB,a_b,NN,Neural Network,uncalibrated,-0.1117,1.21606095,1.0,0.0,2.0,2.8327788686354772e-05
AB,a_b,NN,Neural Network,uncalibrated,-0.1116,1.2160536,1.0,0.0,2.0,2.8044541631291936e-05
AB,a_b,NN,Neural Network,uncalibrated,-0.1115,1.21604625,1.0,0.0,2.0,2.7767895868576402e-05
AB,a_b,NN,Neural Network,uncalibrated,-0.1114,1.2160389,1.0,0.0,2.0,2.7497618602637974e-05
AB,a_b,NN,Neural Network,uncalibrated,-0.1113,1.21603155,1.0,0.0,2.0,2.723348765038278e-05
AB,a_b,NN,Neural Network,uncalibrated,-0.1112,1.2160241999999999,1.0,0.0,2.0,2.6975290878612404e-05
AB,a_b,NN,Neural Network,uncalibrated,-0.1111,1.21601685,1.0,0.0,2.0,2.672282567503451e-05
AB,a_b,NN,Neural Network,uncalibrated,-0.111,1.2160095,1.0,0.0,2.0,2.647589845062516e-05
AB,a_b,NN,Neural Network,uncalibrated,-0.1109,1.21600215,1.0,0.0,2.0,2.6234324171267212e-05
AB,a_b,NN,Neural Network,uncalibrated,-0.1108,1.2159948,1.0,0.0,2.0,2.599792591674188e-05
AB,a_b,NN,Neural Network,uncalibrated,-0.1107,1.2159874499999999,1.0,0.0,2.0,2.5766534465292224e-05
AB,a_b,NN,Neural Network,uncalibrated,-0.1106,1.2159801,1.0,0.0,2.0,2.5539987902099397e-05
AB,a_b,NN,Neural Network,uncalibrated,-0.1105,1.21597275,1.0,0.0,2.0,2.531813125014165e-05
AB,a_b,NN,Neural Network,uncalibrated,-0.1104,1.2159654,1.0,0.0,2.0,2.5100816122002786e-05
AB,a_b,NN,Neural Network,uncalibrated,-0.1103,1.21595805,1.0,0.0,2.0,2.4887900391307696e-05
AB,a_b,NN,Neural Network,uncalibrated,-0.1102,1.2159506999999998,1.0,0.0,2.0,2.467924788255007e-05
AB,a_b,NN,Neural Network,uncalibrated,-0.1101,1.2159433499999999,1.0,0.0,2.0,2.447472807816547e-05
AB,a_b,NN,Neural Network,uncalibrated,-0.11,1.215936,1.0,0.0,2.0,2.427421584178286e-05
AB,a_b,NN,Neural Network,uncalibrated,-0.1099,1.21592865,1.0,0.0,2.0,2.4077591156655786e-05
AB,a_b,NN,Neural Network,uncalibrated,-0.1098,1.2159213,1.0,0.0,2.0,2.388473887835172e-05
AB,a_b,NN,Neural Network,uncalibrated,-0.1097,1.21591395,1.0,0.0,2.0,2.369554850083106e-05
AB,a_b,NN,Neural Network,uncalibrated,-0.1096,1.2159065999999998,1.0,0.0,2.0,2.3509913935112216e-05
AB,a_b,NN,Neural Network,uncalibrated,-0.1095,1.2158992499999999,1.0,0.0,2.0,2.3327733299768596e-05
AB,a_b,NN,Neural Network,uncalibrated,-0.1094,1.2158919,1.0,0.0,2.0,2.3148908722558206e-05
AB,a_b,NN,Neural Network,uncalibrated,-0.1093,1.21588455,1.0,0.0,2.0,2.2973346152525038e-05
AB,a_b,NN,Neural Network,uncalibrated,-0.1092,1.2158772,1.0,0.0,2.0,2.2800955181963644e-05
AB,a_b,NN,Neural Network,uncalibrated,-0.1091,1.21586985,1.0,0.0,2.0,2.2631648877670173e-05
AB,a_b,NN,Neural Network,uncalibrated,-0.109,1.2158625,1.0,0.0,2.0,2.24653436209454e-05
AB,a_b,NN,Neural Network,uncalibrated,-0.1089,1.2158551499999999,1.0,0.0,2.0,2.2301958955846316e-05
AB,a_b,NN,Neural Network,uncalibrated,-0.1088,1.2158478,1.0,0.0,2.0,2.2141417445216175e-05
AB,a_b,NN,Neural Network,uncalibrated,-0.1087,1.21584045,1.0,0.0,2.0,2.198364453405389e-05
AB,a_b,NN,Neural Network,uncalibrated,-0.1086,1.2158331,1.0,0.0,2.0,2.182856841980815e-05
AB,a_b,NN,Neural Network,uncalibrated,-0.1085,1.21582575,1.0,0.0,2.0,2.167611992920915e-05
AB,a_b,NN,Neural Network,uncalibrated,-0.1084,1.2158184,1.0,0.0,2.0,2.1526232401276494e-05
AB,a_b,NN,Neural Network,uncalibrated,-0.1083,1.21581105,1.0,0.0,2.0,2.137884157615964e-05
AB,a_b,NN,Neural Network,uncalibrated,-0.1082,1.2158037,1.0,0.0,2.0,2.1233885489493173e-05
AB,a_b,NN,Neural Network,uncalibrated,-0.1081,1.21579635,1.0,0.0,2.0,2.1091304371964815e-05
AB,a_b,NN,Neural Network,uncalibrated,-0.108,1.215789,1.0,0.0,2.0,2.0951040553813572e-05
