0.9795237590233232
0.5814345354924257
0.1899066103159905
0.15417933376887402
0.5165986173313943
0.8516343510838436
0.22556633292476308
0.4025773158911914
0.7897771875638262
0.9775342056102861
0.997054456622793
0.7669884264496516
0.6432014899745571
0.9819892371156445
0.8843984483173699
0.9785952574517974
0.26840949462532265
0.1712237974474705
0.20292486605610838
0.881980565427798
0.9383671425518761
0.529789964441032
0.16080714828945547
0.77176509529035
0.9964344346522533
0.9964561456382481
0.9595896369176555
0.9873136383534523
0.9872061698487948
0.9991203611218734
0.36347235631785707
0.04870663661032617
0.962930252116999
0.8972462250907984
0.009237519108294553
0.21063535467703254
0.307463837873801
0.037186411405349035
0.7548880212782695
0.4706370217118799
0.1862759170351023
0.5525252497354664
0.9000329342606322
0.2794336312860546
0.04156616521879224
0.058154705559112875
0.0024504842154191683
0.0038088674382349198
0.02445399415528117
0.09063393880237969
0.05369370572198602
0.07914190718562844
0.3592995335566541
0.16794842205516358
0.4303407713881225
0.3400680070942707
0.16154513102008458
0.2350472553414491
0.4899289697379804
0.8516589307891937
0.998680747529844
0.9832349268751548
0.9855184191539971
0.9707735904585094
0.7018847791872013
0.7302984810699619
0.14481097365956896
0.9683015357506995
0.4991154571549316
0.06369021879288529
0.03763880771549254
0.30855905474604295
0.2993572603551173
0.04575173619644263
0.004144361825718027
0.3634571038564736
0.05323225603512469
0.002360294244678854
0.010440256895869674
0.0019757006053302186
0.0005797239362795127
0.28386156966535214
0.8131477266703607
0.9744523789239311
0.6152509644359153
0.8930068913339666
0.9687534242257161
0.025715542563260113
0.07178106500672735
0.02002268731627726
0.03764350973726751
0.5763232227013881
0.9130245468765725
0.008387076259494506
0.6015197716675407
0.3845874854171692
0.305788736143776
0.012544193235569264
0.9586625247112313
0.9569821546912051
0.5859004618169368
0.31249506313281056
0.674888420460977
0.868956402395618
0.9611304538435469
0.3273836279499879
0.23936597322211312
0.5786281046745109
0.7564573824784161
0.17698896879770495
0.5347049142766488
0.963394338659126
0.7946867101710984
0.9732680045662871
0.9944298670698926
0.3544914288286396
0.6428072832491973
0.9298260302959671
0.9391703946013734
0.9971200540560924
0.9992922901031823
0.6061474471090308
0.9080093091955173
0.9566847624876762
0.029790365881978958
0.015438676282435573
0.8648818162530391
0.8736894835853563
0.9792816613445237
0.7202841782205206
0.05913543695143241
0.07479728797354362
0.2828683113242689
0.06849228223712227
0.21804229966931077
0.4390010843816276
0.31624027841898183
0.2850616859975699
0.021292287970080717
0.012072028156096967
0.3733122271257283
0.734248301062191
0.8884428673038408
0.0006689854774790232
0.000865425581030965
0.267590373495114
0.9593618252772717
0.023424458003978296
0.0035230877893290724
0.99465967221263
0.9765187241536571
0.9952375974740008
0.9812042492215425
0.5251319079391801
0.9856059838301489
0.9175443294090384
0.8043090340758962
0.992399007720918
0.11172355777989947
0.8334971896491306
0.7651697110276643
0.7506410997183159
0.9910415835129097
0.9115733388962985
0.9933022424963636
0.9633317437813892
0.9888548872423203
0.9635974704246495
0.834836689831337
0.9368079922290207
0.8112490248925961
0.025264248389923628
0.04629761427748543
0.948134459394838
0.350394691031241
0.39089737645742806
0.2235316645186605
0.5346657771817426
0.9884028862368542
0.6246900773933197
0.2987497592564959
0.7304792565418371
0.03742897814742745
0.06145726515485642
0.636007416794827
0.3091375844891171
0.5528253503868551
0.21166257919239162
0.8541002352505709
0.5307984152399543
0.30358300368157476
0.035778877905793316
0.10949722175870694
0.863702361378523
0.6558130656186615
0.6398240931564653
0.4180637180755718
0.06270424709855088
0.13181136490320128
0.022054078912966905
0.03582594595175599
0.014256225100652036
0.1696891205641124
0.3966725245376241
0.9992033431527848
0.9677773212310852
0.35184935629465525
0.868485273685646
0.40858832673740975
0.004387498495555385
0.6231856821563192
0.36063916682386726
0.8801946743410266
0.5648905414971653
0.27903315036100385
0.0765044288508476
0.4473661531136759
0.5135915272100402
0.8073344686708034
0.21665312192713548
0.7565067806331545
0.1520399508780694
0.40439593109015487
0.9536903649824611
0.9167714305499937
0.9885462175768205
0.8295383604228603
0.9313310023695018
0.9983337356614381
0.9677684871070956
0.7643965542313065
0.6498416702819809
0.19522056905781207
0.9961083840852751
0.9996322236365539
0.6561060770502598
0.6255536100488207
0.41938503648842634
0.0906371220178519
0.6176847132657212
0.8183283250402689
0.03668876342449549
0.02348448964326306
0.6986931162417247
0.7340706844991132
0.7391238918495531
0.04664488670883363
0.5012529982603375
0.5635410245755331
0.7978553576755806
0.9600680344929251
0.21201847781153388
0.7256084385405107
0.0806980855692468
0.14127524079783615
0.9600124925814206
0.003930272286969571
0.24028298270516485
0.22903343418415542
0.3461674849533407
0.02265062264249332
0.6743501640446825
0.6000578828144103
0.40444101763932006
0.5701029216369561
0.38740722086280466
0.016126162952434776
0.45938492225496297
0.9771510979168291
0.9984238736244408
0.637656879499443
0.12918997575723914
0.458060736151632
0.6031094044771312
0.11328840695682788
0.17482968762118262
0.887632990678742
0.3263196417659851
0.817746818756085
0.9887842390179467
0.9676368911268018
0.9054026165889436
0.11247813609989274
0.9948495108087629
0.9498388160422593
0.9231240653894499
0.7424932726572027
0.8837546816387697
0.3243595514371483
0.8551864906645827
0.9220298228105938
0.7954262709156718
0.49546904538552516
0.9944955442680123
0.47719381716658626
0.6372347619999685
0.9778442972896138
0.3226778664873952
0.7240977536177533
0.9972407084966375
0.975562374645404
0.5468730172418179
0.9849311437682559
0.9889570328297506
0.9967217749707572
0.9948048142200768
0.9893792581724717
0.864466975934038
0.04777498927149645
0.045344687627251724
0.352442480196912
0.6809652510585295
0.10104595941328894
0.07440199193420584
0.03431274103545134
0.03865268770456686
0.018984108131211565
0.061767088122603044
0.009507803596502133
0.0030995372344308886
0.9891406634224601
0.2769420142436944
0.10790466840611564
0.8486985327916368
0.903223666148871
0.6661579962802427
0.981974766567409
0.9793868927139602
0.6688918195047473
0.015254998769755236
0.9966618579700226
0.9887379005919542
0.0007751494187502433
0.05002720078499032
0.9649317389265492
0.9736319374064081
0.05294216330825818
0.09348703162642752
0.08150455697703982
0.00991010185021387
0.005851372177058542
0.0025612711150883594
0.007458427283002166
0.017450175516945634
0.27955821725921415
0.03920702904217844
0.013485679386455753
0.45881388071531526
0.4835380773724132
0.8863891738544174
0.3380021362960992
0.07740128072252939
0.827653154882065
0.47900621201524934
0.35018793942115517
0.024438239979732077
0.41185591351380135
0.1377438707092141
0.17514838018408216
0.7930537577232819
0.8087727235619829
0.9895295871579518
0.7095659943594116
0.05902968130282063
0.02998010763011054
0.20293536922841252
0.9998435512632866
0.9971156032805547
0.3915978811268214
0.14489634242606866
0.9019268641577617
0.03668873488508862
0.7945030293334886
0.10815401497188037
0.3873526063007888
0.4434816983983624
0.7435235235158312
0.2917129391864435
0.7300430111396009
0.09053564011417789
0.004666631598614981
0.8007350965505814
0.695003265471764
0.03807259127723702
0.5496659556075029
0.012791129961149375
0.23662358139705622
0.036132412973187776
0.0024809402903323697
0.01161676927911135
0.024838010421427182
0.34030160787777414
0.6150008348655392
0.715216952299591
0.04028553115314403
0.904033205844984
0.8075670594813359
0.6418047855023631
0.40269545002080537
0.10758167271013483
0.6560450768918488
0.98214951087882
0.7422297356869739
0.9184183982957501
0.9231670446644072
0.1444451924224427
0.07012657475326631
0.09153367668777258
0.19700658154587183
0.30392774029264275
0.3379515927890665
0.06557952169386347
0.06541830092376585
0.12844710526443595
0.6908430966735483
0.6429211018901265
0.22474453536914313
0.0734933071401323
0.565648986684707
0.9941678295169419
0.4732283036410382
0.5871187000731048
0.9593294222328734
0.7487401666069669
0.23702685054511483
0.050790965482634114
0.018862601371545544
0.11403302917035096
0.7298035542977407
0.255247903084264
0.43623409804133007
0.9784616970005524
0.9572457711574232
0.23365895057985225
0.05453608795158857
0.9322080325600847
0.2860843553048809
0.8395663775424227
0.8785399556656949
0.019302892015194
0.48579701156064153
0.29126563108319375
0.028225349367852377
0.018169191844345015
0.10537562872155569
0.05696360694566386
0.9821572509554526
0.6837822246681886
0.5817509566366947
0.5199811919224002
0.9807234252847096
0.994523737259168
0.9909864473596481
0.4537198394689794
0.8844065099047825
0.9842216236990062
0.980643872195575
0.9836454975823289
0.9708042518361554
0.6467827556659241
0.9589700788243533
0.7196123421571385
0.5114235861548456
0.992017660227692
0.6632672781081826
0.996435608403892
0.9408415606538593
0.9133224178351339
0.9434429034111312
0.9518455037216775
0.9090565725022355
0.9938734078657083
0.4460626656400935
0.142014971845375
0.8656481400253621
0.04886358176591757
0.009864412828342193
0.2110016945306328
0.87956106888385
0.9809639728496987
0.5244160770295994
0.9591395202177244
0.8338228082456558
0.9916505048315706
0.4762690146462025
0.8809672259408389
0.8665029790993546
0.935196217447282
0.8943938044355576
0.968635177915144
0.24184015819511492
0.8779836081360926
0.137338108599527
0.9943695778325583
0.9803833300037612
0.9819260928060015
0.5384308773296661
0.05402486667859316
0.323134432040761
0.14990378462377602
0.9116932489190487
0.5697175735953989
0.8149850186028682
0.01663530408418183
0.0073972783944295925
0.0018170844465049778
0.0024065757630744103
0.00046462085475934073
0.8010650786063409
0.9149332540712809
0.7464162656512642
0.7440963787307782
0.4547911228588782
0.6018885751729401
0.029299357474773118
0.04861182320803623
0.04660180372796012
0.30015551608827695
0.0009713310471495722
0.07768922373977848
0.9754302664096811
0.7443341971080408
0.9873342441811215
0.912227964287051
0.41031175871512243
0.9996464863543891
0.9980713181959732
0.6503058389435367
0.3230711417487477
0.5837906754492215
0.163375809515849
0.12742312342126225
0.24626849030698297
0.9842708146249537
0.8834397836891248
0.9829429150553133
0.9906484219751301
0.9424642738834565
0.9310037011862854
0.9631346063119577
0.3479947121000681
0.2932325325474498
0.8764850579676078
0.9801031402779693
0.6745363593001716
0.8038981353528399
0.9911574790357274
0.9337131768740609
0.06090368181549538
0.27322823671638763
0.001949671963260478
0.005902430990059741
0.4141225240814807
0.10861521673633719
0.9996028514762585
0.9985954964469991
0.9683148174958587
0.8295128646134534
0.9126422425888432
0.3573232627894933
0.3733062902130964
0.10341260851763606
0.002434336665129834
0.216037836636148
0.6530784188505071
0.5406643153330701
0.8438006872934026
0.8948538947879701
0.6871166226944102
0.8643533391536193
0.9755695887252007
0.03525420227217353
0.7321503825734396
0.208772939484445
0.7603337254723822
0.7708128333900474
0.42080299013784495
0.4667034696563133
0.7669393470799949
0.22894993694655214
0.7948054764295706
0.43170572607574886
0.9830089554533535
0.28665957165117995
0.038462122227758216
0.9443368832821216
0.9847054058463155
0.9963823343024313
0.8354126504670261
0.03326818286546897
0.9924260809550134
0.9971410498480389
0.011382118079215886
0.0001501415922265681
0.00704499724544427
0.049476165091898665
0.08971284688789147
0.0030026133476290127
0.013320818761589118
0.0024130335426523577
0.20186432617951391
0.08281654903325386
0.032760406735994785
0.0024152498193279275
0.09567884413491204
0.09205661668474141
0.00606352311959048
0.010699406958489201
0.0000731719204933135
0.0015691745724678685
0.28587266878157697
0.7279878998415767
0.14666614037254583
0.0018387340292813563
0.8223238069594927
0.6885178073194408
0.8762566113261392
0.23949164201607367
0.5343735331298004
0.6140114226953823
0.4579737029285204
0.41359627997284987
0.003229842205269512
0.007689597474237067
0.9261726541831417
0.9804753604136229
0.5451758139426016
0.005759043278757066
0.010948639653939841
0.7958798519731433
0.27942716176408117
0.0048045515867031355
0.32084210858485607
0.020206888015709416
0.08073578014855459
0.8507948185933589
0.5450840855308757
0.9991540817118468
0.9975140399626712
0.11671647947239978
0.015386969046525695
0.8759007345011545
0.9669763398049269
0.8231097632629094
0.969512626981907
0.9842332465113303
0.00032745828787931867
0.005616593221079245
0.897374464911461
0.930762991902259
0.041821035707412954
0.019095854713528596
0.7405416976919534
0.3459346708569685
0.40604764256542364
0.20742999613002672
0.08495836693113067
0.3222886638404774
0.5101249547846713
0.2644580753630225
0.574029564098349
0.977277882467245
0.19994256776550154
0.9340541716756798
0.8058467436183078
0.4633947796715331
0.6981109841433493
0.28495780193657816
0.5133962428547238
0.01257122917536392
0.1731204017508373
0.17177978880525174
0.7342579695850705
0.9411218418416558
0.49082513893349256
0.10851697024914472
0.9990357114011009
0.9990710958970548
0.9841956519384677
0.31433829267697894
0.995399270802793
0.9494577650099087
0.10181604633021982
0.3671856618127387
0.09174808483090782
0.06096708133234736
0.35375808999243313
0.9690501164459921
0.9724891640044057
0.8135857495596895
0.9401148269392857
0.0470801405648623
0.9953388450571768
0.9994288167489938
0.035155639206275915
0.10461732131589185
0.9065701011939353
0.9182274763276487
0.8456627996228689
0.2490417106172093
0.9994748290113146
0.9926014142638068
0.6539930905750809
0.5767278925268884
0.17982580146854885
0.04587984961125212
0.026956406583950206
0.004698605666637943
0.10380383722284021
0.014410434355050118
0.141223516712782
0.005208276058080194
0.09957617017199098
0.1469816839332293
0.0843401830468557
0.007669740758873524
0.13926258642764477
0.10190290977398893
0.7561854224258049
0.9869499463415159
0.3476401973326347
0.5376671534075639
0.8900046714034843
0.9504005375326577
0.9978509776613848
0.9801982054771418
0.2753651122542153
0.09733814398005583
0.2017676369449141
0.12928996666125794
0.7679506258422351
0.7806256769328748
0.973224990648158
0.9517862686620664
0.6490600767746586
0.2752143301386515
0.9574649311903907
0.981417940886722
0.11548455705416513
0.8171421584954486
0.9156285006973256
0.7813723175482653
0.971617301676348
0.2895407134154975
0.45509208424955605
0.8065785156713012
0.0036533437918669005
0.0009890864215972269
0.1863905433802961
0.013374012621559584
0.020899909092303055
0.40819300574413975
0.03288335964607872
0.22631895972206054
0.7264700706662406
0.5833595474861034
0.17343646242279864
0.00014210174050020716
0.09279452619195115
0.0035712930005772623
0.378436113236739
0.1515348615284067
0.7153427146922319
0.39432634611149947
0.9123422429937021
0.9806289072299126
0.27612668680972474
0.22003079567833947
0.2616405311062911
0.314977856062721
0.10469632013611153
0.2268037868232354
0.0006958402531999988
0.004065794704982141
0.17042006554486697
0.6051827338243388
0.7732849006275914
0.5226058934396516
0.7042316166749488
0.7386543392654501
0.22737088716719359
0.15893825580141596
0.01895703475056649
0.9982332509485423
0.6387194630306443
0.7133273041254837
0.9679158389254822
0.7453521131176822
0.379890266295487
0.6534189485840542
0.4312525660804828
0.9892956618653365
0.005404299269050687
0.22978342002968338
0.48289707315956804
0.8064889999441345
0.9973126539346002
0.9848443878748695
0.9364795464742262
0.7831155211461295
0.9157678213727161
0.9441377073670224
0.006881252372666811
0.5539872625996873
0.8331603262948304
0.6169033663220649
0.43497040002002346
0.32001635250462845
0.9982341122100192
0.04404907290567175
0.05177412711531148
0.9949069337377978
0.8700136059250008
0.058792413833934576
0.996503254739999
0.9978761698814691
0.9985897642182598
0.3376771182623525
0.9884520385824515
0.913347498830924
0.5695907570508426
0.9320961750344359
0.14301109451541805
0.7525757931378353
0.0941926780640464
0.9904254632854549
0.9835514380664719
0.25324898547190905
0.39581176106534793
0.7952055693095188
0.33171706444826216
0.964018042778301
0.9637465265968076
0.573855740695129
0.0006175370810225719
0.06037746884297008
0.14726494705492232
0.9698012074642142
0.97636184471703
0.8597075286822647
0.014063152078600255
0.7228827099879115
0.8724427862775584
0.008950250687499068
0.1316225665505973
0.019595461534291897
0.0002693757013902404
0.0005680808373687314
0.019179483136944113
0.17001800322092814
0.237177450224726
0.005549242357401959
0.07619455690776904
0.13868920961282744
0.012180664993452025
0.0009357562939014332
0.8928598021505412
0.0014058832559146423
0.04729121336767834
0.9079724312038499
0.9655950579120758
0.8321588199774889
0.9124076536736873
0.8149895145805489
0.133466772493771
0.8793415287447247
0.14061547898935264
0.24156212895493265
0.7014661391801605
0.711971471193257
0.3940247911844836
0.7998647592534388
0.2926859679838429
0.7706458975301734
0.731049114017104
0.9804661027765855
0.7587185502242042
0.8007530126874005
0.30959468687199654
0.9826431942389338
0.9416144880200625
0.9921943189946707
0.9713703186863338
0.9565933514639885
0.2622699149153857
0.43757084874984203
0.4229277292353465
0.449124249116052
0.5252605370181154
0.8163065359093397
0.9699707197383695
0.030487275844340203
0.6928927341133202
0.030402650362685156
0.6345489693702413
0.9722408766493708
0.9586163051715075
0.35246066182768104
0.004704555101426378
0.6059884151619436
0.8546894405211847
0.5543470035146464
0.077667205392865
0.7615281188900902
0.8280424301933211
0.9726005785974503
0.8776776482279864
0.7911560909404264
0.9403990442457505
0.958285028494375
0.9989978159674309
0.9741929956574427
0.9980663247444943
0.9835654472244243
0.6815594653357514
0.973928041856699
0.8231677173013806
0.16894291171251224
0.9977561614727377
0.1863785844365737
0.4582311932631942
0.657516732501797
0.25104138418984123
0.5977808972294021
0.24992591488711705
0.691338187546945
0.5723031759016489
0.7097522955083404
0.6923742990942187
0.8869309451532031
0.8058588022118539
0.9852869915819485
0.1490256437799051
0.6883600730954614
0.9102617436839703
0.6035928510549426
0.9895700832869695
0.9926860894455884
0.9948408714863376
0.9852648470972271
0.9654071670475914
0.8613998917337039
0.5764811051852524
0.14715647896839926
0.9175940090770481
0.003895984349353973
0.06824860959999363
0.07319802176792466
0.21038002662759903
0.3640213366446014
0.641930077740313
0.48067241148863027
0.2940824286823315
0.4254179663919714
0.8663556159860896
0.995786245157084
0.5628157986453531
0.1267492938212221
0.6544949046249667
0.6045466109118588
0.5994612759434716
0.7604868255344054
0.47645133661725203
0.9907627316468615
0.993470527359812
0.9981043381828736
0.9984037387878916
0.03645115143780737
0.017435171300211577
0.0015580917083766722
0.7148336345997203
0.7987174955901697
0.0037180830302156903
0.01548813032684818
0.9977559556694374
0.9991279845088348
0.9930578728130888
0.9692726609213298
0.9228529072359716
0.9936623626675797
0.9944361291069701
0.6893203806960723
0.937310973226415
0.3838620671896083
0.9731740645259923
0.04988852997664626
0.9364944630930789
0.6511740167567605
0.7669833384942225
0.6594258424447829
0.1956324793933573
0.13760453755577126
0.035162030414791615
0.10218560711903102
0.9622744408189744
0.8488003558613781
0.03896119152496729
0.6742943285932842
0.994738241708577
0.7934854790045828
0.9613468720967242
0.44468344004296806
0.3276361288010626
0.08760578978478938
0.9801342615973636
0.9671719344413751
0.9340257502072827
0.5276829527303496
0.33112191758440357
0.043950810850245624
0.8173642390051344
0.9734028659596581
0.9449307721720345
0.6395627431613137
0.4188018939886759
0.04383143761501715
0.1720117404146286
0.862891660374209
0.9962099979927816
0.9430967277795738
0.6827524182980582
0.9809527690574465
0.571584582341688
0.32357517920766055
0.6056326062689242
0.010363381725973633
0.005382266940934109
0.9553773425422462
0.9843321280693877
0.6359309072488909
0.9981167620220794
0.13611554742992885
0.07572867571277953
0.9532783342946632
0.9049172504284377
0.36430390884890285
0.32745511497133983
0.14547651921620264
0.00884577914783225
0.7542440291234694
0.8038368905324509
0.021335076047096575
0.15480035434737607
0.042965625427297024
0.5686787704066887
0.07754508363728936
0.10303521145910256
0.225683036644966
0.013532775030684617
0.002189506108762743
0.0005909061859730271
0.987995906062502
0.6951121089781199
0.0252311765253652
0.4774378679478495
0.44007940637547266
0.17913151464840896
0.5462690171953504
0.6874876747378023
0.36376013190069184
0.002186505452701627
0.0012322481395957883
0.551060153357662
0.02072116559582093
0.486098299887705
0.0701525261835833
0.29183674836429746
0.6856965513825489
0.6701833098324107
0.5727035272801452
0.2897456257014823
0.977762500700298
0.837380328266016
0.7262125155907797
0.9002912966385759
0.8880972568934564
0.9188080424572194
0.6841897034827523
0.16195585496017798
0.3266894643743666
0.9759992936111341
0.9227972256582029
0.04276978161399345
0.5855625502822582
0.007075358449398669
0.1387926062510556
0.49999399041504017
0.7540403055426411
0.3193792175395529
0.05526589784381206
0.601112310139682
0.954374444356745
0.9965895085648114
0.9692612367916003
0.9945019861598554
0.10571733840739359
0.9803459013144801
0.9958241144281547
0.9722539732657507
0.9924235048272229
0.9984173367829043
0.9369897787313357
0.9750137389790852
0.3055145096489809
0.1113481334847251
0.22991861473495953
0.9804396693157591
0.9530908856654573
0.8438281380796764
0.7302307437198333
0.9582520376621826
0.003707752181686532
0.0050782042332787655
0.597973658556943
0.8674999085947394
0.8049295317927272
0.9725799165893092
0.8985792231875891
0.8125007580332277
0.031377680750558204
0.10518713735881698
0.383732179531964
0.9564659848956341
0.9694423388318745
0.09004591764715861
0.05230532490656643
0.07918818614007546
0.2579910631779456
0.47258507859817456
0.8228985135992618
0.1580068092917892
0.10558173212904653
0.986839224224052
0.8787659733580537
0.0026269770004478357
0.1021937289689541
0.07309460108620339
0.12617889420485298
0.15040631964281803
0.16131207365331415
0.5315240160748825
0.05793389087551293
0.4251348287636617
0.05442781554516031
0.19503564535459117
0.9470447919057919
0.4182823987549935
0.9815990693630877
0.6883906975590595
0.6396408350142055
0.2415342400207475
0.2992816991248216
0.06031700705904338
0.9876740768349545
0.03881986658442147
0.8208546234805998
0.9871433403390955
0.9577518570823169
0.9165219141648688
0.9052584199719959
0.9870148087184551
0.8548637695965676
0.21430167644771192
0.43088456846047046
0.008030529455665297
0.013448119694801697
0.0996217592884228
0.0032664981312261095
0.10148789241926978
0.5177358057270754
0.612201449082058
0.2861978431420606
0.7155057517811214
0.02151066392608525
0.9292119689430957
0.983822730567939
0.9996660648898335
0.36257868508646834
0.23573632075248654
0.7480182205339827
0.5644494071362448
0.18408469994008714
0.16230457076151536
0.3067969654376844
0.9683321304937735
0.9804446324316811
0.8668757412677108
0.02703411998305544
0.8526393262584776
0.8074555919833712
0.70954146945787
0.8149495206471338
0.18359077524042425
0.004548814520695993
0.06597524256356635
0.09246842854316718
0.5072326257407795
0.7330016369822917
0.02899427469301561
0.10288039047366733
0.4142229284977824
0.14280073226585502
0.026245856096300136
0.32560984539221494
0.07734860716580273
0.0038098290865881575
0.9289964504311714
0.8460631247857472
0.5210320461909563
0.9972127833837625
0.9543377131836274
0.9444977840032271
0.5206084248086488
0.35234188800620714
0.3274061415085797
0.14387619951526534
0.1566291870583115
0.3857314963312473
0.2705744032185347
0.9243125108574123
0.924513332433284
0.9941076129042706
0.9798897363425967
0.8999467173336287
0.6875233105108862
0.8702840843471614
0.1948274686207277
0.9358939203411035
0.5296368072965272
0.3245830498786424
0.162043031502297
0.16747329635776564
0.9485995849362034
0.5719915807008413
0.07487248279167308
0.028693736695481066
0.05700097481449976
0.7494573218775371
0.9872018921549623
0.994407896449562
0.9801159501231387
0.9570663037167373
0.9935056229095491
0.9974404229503864
0.9395300342896419
0.6394475413667876
0.649165239819142
0.9042831448845985
0.855738371411723
0.5094555201558936
0.9879775256249433
0.7929497884074582
0.8773661949947579
0.9224385947970062
0.6222090102130138
0.042234087898843614
0.9892056951455058
0.9973573984368088
0.02844699538741237
0.014955591199757961
0.026825123303283918
0.052621420485846115
0.8809757584780467
0.09430085588125249
0.7461089067347283
0.30391324568345685
0.14123809712442323
0.4722430698207421
0.11656566348405321
0.24345022928870233
0.28083445213681363
0.4328276109660846
0.6335370435188641
0.23771299493759573
0.06045224863203885
0.22120314079749362
0.9334210309310382
0.4331513758873908
0.7328179122610669
0.6161594686600328
0.6682688305899132
0.23745601604524333
0.3405939245037073
0.9083728755090296
0.9151648592108407
0.21025167532122152
0.06813804222268585
0.06540786545582766
0.1301792594267564
0.9787391513456434
0.9996878313814546
0.6188015490877694
0.9320071038997324
0.9032200172671582
0.943031759949111
0.9814212869192832
0.9233550223023845
0.8062420215006629
0.8761747587900695
0.8944627471725493
0.29208725690148646
0.9810650908973763
0.9912517270747728
0.9904035097210877
0.9599246313151668
0.9816127605124566
0.5044562801347223
0.12244560227371251
0.00023526522534904077
0.40189711727181604
0.24960859538221813
0.22012916021593068
0.020251891346605454
0.1607406813379433
0.0328075604983094
0.15417079332459727
0.9326275186077365
0.2192825711649443
0.3706049169456663
0.05731611908041888
0.13526665810906566
0.1987332912160608
0.03189338714427229
0.1097452356188756
0.2173349392712444
0.5881571910473082
0.0993971158216952
0.010797548599386425
0.9660745226146612
0.9945375805894777
0.05434125267103753
0.06024327092338479
0.41183239717609216
0.9555430930580873
0.1874847012340649
0.9837312555900828
0.997349388800876
0.8749495207996095
0.3638254682748847
0.9719643956227385
0.996710094268789
0.6660492120141243
0.8765075432595986
0.005120407675629888
0.01459433970520075
0.8417672577553102
0.8018118539261424
0.1018848080272014
0.06593263777341163
0.020082025591258917
0.07613734769147848
0.23992471678995414
0.41810613769293414
0.4951041387038691
0.04097270162544739
0.002311848536996567
0.07510172607483181
0.0011672084655454313
0.28731109128993154
0.47634871406065593
0.002644590888781526
0.006352579618683374
0.13867660888128414
0.20717250280836175
0.6945124387966302
0.8502053243105008
0.2665570107264587
0.03306298788599529
0.02125031265899228
0.182683209509176
0.29078911474615393
0.9963210637394238
0.9051566295428869
0.9994901609132698
0.03564858990019515
0.04421828102307641
0.013316770934001217
0.07685166203131895
0.07756484805577882
0.60537532761405
0.9427230583656366
0.022229369485244937
0.39314311407697783
0.914693960173971
0.4772273700391706
0.6486971827907421
0.7562157755546116
0.0008501222893978819
0.00009078381604802722
0.4992764163589396
0.9433880210708322
0.9384978517051532
0.005180385853365556
0.001645842549461123
0.0070761194036681385
0.09653139577566527
0.10803485183301283
0.9945559092234159
0.076381076481793
0.07540169444921545
0.6482857486026148
0.0006143381250210076
0.3067446108250254
0.8931589939736243
0.7960873701969987
0.13944643500867676
0.000016759177392577885
0.00003865410125460335
0.3354894783777812
0.04667031945569171
0.12236259967178624
0.7484832143203948
0.30329127068173
0.11620233171818277
0.0043660795819715865
0.0033794825761946545
0.004106384237677209
0.0006047423787520329
0.0020007688885794405
0.019274685532737215
0.18984401351281924
0.16372970642137727
0.9310800208126984
0.9753112731350997
0.9708976006288932
0.23017561417146812
0.9501091751226528
0.13080981743803713
0.2035185695947797
0.9682110969718187
0.16014268815106644
0.03570014600793754
0.9971954488083052
0.06365501483550959
0.0025538038795413437
0.000554569808534373
0.002085234213093719
0.01774881468081258
0.07852228982302548
0.16590064183545625
0.6509811214334403
0.3516095173998575
0.032073462610754035
0.5782086193126229
0.06162224714631951
0.105294260532371
0.528551799604589
0.9692434777288859
0.9872829714261057
0.7829010250806231
0.994862589777712
0.9541322261165116
0.9956545400179002
0.9943977104006484
0.7688261555526379
0.9514593287138269
0.9604551498028081
0.2930622466533371
0.7323786632679263
0.555770820824634
0.9942491651289422
0.919990897374708
0.5118401116534009
0.0886951422683646
0.9463273233904272
0.9799939047401347
0.9940077691330916
0.9811350193731075
0.025253842959401352
0.9352820568053553
0.9921534791560795
0.20238037200652506
0.7277960921222116
0.6428455014408413
0.37673695151015246
0.2633458881980214
0.8090776842889422
0.21929589824429638
0.28185257360913857
0.15959992810352577
0.18298263830268283
0.2329584121941684
0.31960033310959435
0.245026311225148
0.015931733958897222
0.014619560756438438
0.010467497923698048
0.008823323852408147
0.026904416686192135
0.06673830597934058
0.09572957635872735
0.06077388234102131
0.533160143650512
0.025459579045278617
0.06664376375786464
0.008231683838714103
0.09390886325462286
0.736997432135437
0.1833492398388552
0.1544904309612344
0.858916444963057
0.8767060228404224
0.12765488653795293
0.003219362472344749
0.008626172929244552
0.0787919401723653
0.3153354229532442
0.7369874405200177
0.02465696308098583
0.017111835669193318
0.09302903812588226
0.8982289083117044
0.9084146294084928
0.9467419030532789
0.04770282519025442
0.09871545467198334
0.7713411340988133
0.07463709230537251
0.04933639788151173
0.042332204853320135
0.6548971002479624
0.7582943606259906
0.9787182380834287
0.7859314301689442
0.6155437552368999
0.3064237101236977
0.8900700940079395
0.7688823909117369
0.9695510435380316
0.008458022387709083
0.04034242619154516
0.0036403350988598038
0.11046400497578454
0.05334995004979444
0.041393728936411606
0.9316368747154803
0.670679640672167
0.013983672356704991
0.880781098651707
0.9949929668929578
0.1472810142136424
0.8280963009381058
0.7547956404499944
0.9855612767130224
0.39033352915970326
0.5516410239645091
0.5171871113787693
0.17339311015305947
0.9355182540971205
0.49679806822788697
0.8820703338769477
0.6097144747380617
0.8591776359834491
0.9467876539906795
0.9988794357670763
0.9621035663229065
0.2893018975700757
0.00718610164294903
0.7748445179771591
0.7496122818940794
0.7687384017904995
0.8285704212281318
0.9669706323573946
0.4965952864989738
0.9709824460625475
0.985629292148556
0.8906023181734215
0.887522742523335
0.7769448163933688
0.9745237027921881
0.9546595088187356
0.13481086340683546
0.0013906940941302382
0.0012784279211572437
0.04399346802672504
0.05948760276929822
0.3602969412066786
0.6629428641956424
0.21099440128465394
0.1761993441911567
0.062078002433825594
0.014640489393199915
0.06892455283345368
0.9953967143825483
0.24434722394076003
0.08878836898663388
0.9465529480462486
0.9275065971495176
0.9323334304851137
0.9206033105278302
0.8389798766865796
0.899396684237022
0.8388820681096895
0.21639335145359037
0.1140231555509004
0.9887099208509398
0.9873090259257798
0.8105994329774604
0.8668978372985799
0.9858089645864955
0.779722660100232
0.9891286853503699
0.9881525352027895
0.9991546261837385
0.9809447935439062
0.44253109752700104
0.45338352161954704
0.9657121002859415
0.9950527468126693
0.8337899752100643
0.18466730839150422
0.9856810445605507
0.9071700288716492
0.8741049259865673
0.6666999708239286
0.036985837121751984
0.7906016721638496
0.8768013959836181
0.8554279394188875
0.8887394930451767
0.3001749732777047
0.6070462642855802
0.5380128574694591
0.04587968674179868
0.6195352795950013
0.8602820765620466
0.4038773877294411
0.1429377484219205
0.004390308980032067
0.12434937773901523
0.0013454101815520516
0.02897354897581157
0.7034438027360242
0.7520994970392402
0.5084342589271774
0.0020658913357392648
0.009627265957442
0.3241203003382694
0.8631985165231464
0.04109351198391496
0.008978719863587817
0.8896314751527421
0.7084369583586247
0.13999323476594966
0.06400074883711429
0.2149736231405109
0.8294105029966474
0.9909588103106166
0.25083356161276277
0.9655592914717644
0.9968724935163533
0.9983602271201384
0.7349060385667001
0.009611940929776927
0.048471270867039215
0.6665745118612202
0.8978283790595313
0.9168651103440579
0.2738424590110339
0.16576377415205334
0.3261340280371171
0.36654688491130505
0.0489339560622228
0.4099017915385706
0.12529412915721932
0.03611601081017813
0.0009544785054157798
0.10888993645518391
0.034489453188503445
0.13071370728083637
0.026365521191059844
0.8873161064873939
0.030647096779838325
0.0019807236372258855
0.1531882179278905
0.4747045136306522
0.4753774020759049
0.6190421947815387
0.028807738048221412
0.2565045745670557
0.30463814630891467
0.08674440896491574
0.7463121788525184
0.9612453332181132
0.0963227759588586
0.94351893734552
0.011773602509760844
0.5652612692072112
0.8050035139785011
0.07699500188332649
0.298603451111783
0.030831577870581706
0.8889371599014548
0.06061739147446306
0.16005357660180064
0.8415181601544016
0.8290653791757491
0.09309389299789017
0.5889874444935694
0.8019311162637781
0.036583756257057516
0.04799194789683806
0.3155563235891011
0.9299671952032551
0.6875311490215887
0.4105268441472925
0.7999857936445549
0.6915321543414983
0.4518527493175826
0.23322391881158008
0.9928972116841739
0.9836074834875222
0.9841786333368828
0.8884597404991665
0.8306080019452464
0.9989844000423573
0.999579889370403
0.18607479657467765
0.754038519736061
0.9919130944918219
0.9995495069535876
0.020978052017244276
0.0003316064292009394
0.00044119676842396463
0.2251546716328575
0.22828895469484095
0.950794827111167
0.8734100595255208
0.457648394625655
0.031815060695520966
0.050654698395544547
0.9972891244374557
0.9509222915272822
0.9303332213528169
0.9899423149546105
0.9738997226072802
0.20826142115299126
0.02489465198887884
0.10963783987547387
0.903935593930009
0.9989082527534361
0.32296727224884847
0.24059493710120405
0.38686343629125675
0.8796972592280926
0.9538978745654845
0.9914287772765259
0.9922135546348942
0.875158901534147
0.9321133445775357
0.6353326017523815
0.0885655642178007
0.9339713877089638
0.505322936335577
0.005208165909129918
0.058542678797988995
0.019737898910779005
0.020398463116588068
0.508739269592058
0.10359626549786953
0.3478860473690477
0.990960676584709
0.9528986393057123
0.7589801247790042
0.5719660768643248
0.5892167901995059
0.7300442092985318
0.13141349154541176
0.930827897399389
0.25314744049632626
0.8676366152939009
0.0072150205294242405
0.24518555271309675
0.6453107450422395
0.8130409058079375
0.7691445277074076
0.7059508053910688
0.09723314840592615
0.5127257720112116
0.9982669431196584
0.8435997596506101
0.24300554628855958
0.29337298862509403
0.03530276048320418
0.4015290765762858
0.896485748479328
0.6440888637693621
0.9218767949023393
0.9741444251635638
0.9853028929099703
0.5562405361233357
0.4764038972710184
0.8313871828033834
0.9007417630039853
0.9951690134207921
0.9724119498490627
0.8742181304108959
0.5992465249141409
0.999892311608657
0.9982905443608192
0.12310062747257816
0.00025557118404703495
0.0018885085793133773
0.6295183431872965
0.5948810386530827
0.7453376250797152
0.06556180236854574
0.08463963077529335
0.620506936547636
0.6467987965617129
0.2656739068729271
0.26803731870247255
0.9945176556893878
0.9174691415354056
0.8190251888180269
0.10064009097219462
0.7366175931244576
0.045315582239231766
0.23647555798223582
0.0796804832324655
0.0048665859357193714
0.8363111628556315
0.5485268371589176
0.02592288068394474
0.019229913547466327
0.03530506740973572
0.05203324497441713
0.48563241677184776
0.010276211799642198
0.97817385378272
0.3504735628743661
0.2486525400893123
0.2593067695494499
0.11513285701760026
0.05381377269671534
0.01891639893396182
0.6991841297137007
0.6579056163630066
0.9485016255868267
0.4674188560358138
0.2150459621841713
0.8360358559850265
0.19637950672898202
0.018099617677510692
0.1475050785648501
0.6252312074662212
0.6038149433632483
0.8706413047977062
0.7731671113515974
0.7638224583915701
0.0819725368316454
0.14727850101618215
0.7952249509788496
0.11161740028065434
0.14582437457648692
0.27270342687894744
0.019629115597352254
0.6702905490287796
0.06217820774840441
0.03811075472262607
0.6892479837659615
0.07189271027031797
0.03443891291629644
0.01314987868624102
0.07217616286503988
0.36466772393646785
0.9684979607427309
0.15213878613384518
0.4733049081603814
0.15473604632637314
0.293279319531716
0.8671552790379642
0.9501182220549951
0.9666212196280602
0.9212575157439136
0.43916010834719515
0.05293478150350442
0.9856924191036955
0.07720301577295188
0.28888748051328095
0.4322422290498969
0.93973778640475
0.18509503884931333
0.6013189745109224
0.5182727943718984
0.22090113336965186
0.584207377495919
0.8181598159539054
0.6377961786035651
0.8223540114437708
0.9913691608339417
0.16786314112274836
0.2966633563930543
0.6699522573534743
0.9642712107837412
0.7066680836377047
0.24279451416418396
0.34635245040566554
0.113084417989922
0.4309399676006012
0.626273469936398
0.08914967615042925
0.30577555318758237
0.4203613059901277
0.001969211115134092
0.012525656718857804
0.028864514361326928
0.07852569153427592
0.0699856963139885
0.23760275649795826
0.8690081529953132
0.008299061647005751
0.1440091661787034
0.22506322121230946
0.00412010052925894
0.3971463105052771
0.3241439057537742
0.23647830479254142
0.1816536744966115
0.6350558162685017
0.1790934566344187
0.6501517602241025
0.47951828681707187
0.05479609245542609
0.17868051267115373
0.5432404849276287
0.7712707429650839
0.6115537677254504
0.9258113901423174
0.9877184395316394
0.8384893181097237
0.11599986978731032
0.045966980186784474
0.08881739206195288
0.2531528993829494
0.9953249736660879
0.9991634901333445
0.8791143658336316
0.9130847889109573
0.9965084538455575
0.917859121345235
0.9924525983939722
0.13269424605106295
0.06624033117666348
0.10916749612175372
0.28985644408774874
0.017916661871147214
0.24360268273833996
0.6601418938803333
0.1337454952477693
0.14144752760589857
0.36104853685286464
0.8735934787824774
0.9491755103315469
0.9910563326057101
0.9955557081409834
0.6744255922934389
0.9263815827975023
0.7756960503278103
0.20211830213735574
0.0002084781302892492
0.00006633306848465054
0.0009093868378755553
0.927016991053992
0.9639108912372872
0.08893154938237906
0.32005873325924533
0.20489336402981967
0.5278529408734417
0.0015770864311205398
0.4847243525191718
0.18039303841424084
0.03787697874701624
0.6064426041004146
0.44131192694448945
0.18433210048238685
0.20372819435343495
0.015855283640739695
0.08093362531873276
0.7362953739242798
0.9947641768654777
0.16140910813378953
0.9143790640438926
0.9664883354049967
0.9979455468302378
0.9912850282943934
0.7401797338446333
0.6735606808841059
0.9738214035695331
0.676064219972902
0.523217249841016
0.03934436906979187
0.008778913624077152
0.07851473304022935
0.2447086821284159
0.003308024675872578
0.0030519452742685514
0.227933846672853
0.9053384354979315
0.42639319348376015
0.6080655262500562
0.07352334115407058
0.963678982381288
0.015314103174830378
0.33312872170901353
0.480652213738584
0.013550520062072326
0.29404330965640413
0.5044244574342064
0.7964077373418594
0.9642550896818215
0.2591665221743309
0.7589050443477056
0.9429305455899485
0.4489680726624726
0.01760556411711382
0.9871043839684912
0.7517413250478443
0.40951702941196405
0.8149088084708533
0.6818898530226014
0.3461186018434509
0.7577296524056919
0.2535088895801784
0.5203665041543499
0.09590340756857756
0.13564758576045619
0.9141950131376966
0.9316370314069057
0.8051826191048738
0.5180085822706719
0.07349020695660147
0.7250971894014446
0.9985827791980942
0.9283877076864372
0.9310333146138655
0.9990186509751532
0.8848595352304801
0.22139024433225324
0.13966243930999286
0.9105100630524288
0.12827415237804915
0.9634509402391178
0.751776508986828
0.898561954207292
0.9967282185168415
0.3193276104537479
0.2787813951227801
0.9767045736954312
0.9880027645738302
0.9991175351690124
0.9970237354482098
0.9969171194407028
0.6249940292010859
0.6750089862922787
0.9217024734055022
0.3077275523411402
0.62282889068526
0.01349349996163064
0.08431093570447518
0.21260607265681386
0.997842932950095
0.7135420549999035
0.8892512277823378
0.8182929733612806
0.4512123369593062
0.15422931349495655
0.7776101554540322
0.6802202793591504
0.08381989334197917
0.00428138667264697
0.012823668238401484
0.12435138113520099
0.17446108898711965
0.7278143104260008
0.9820574020575232
0.18356810992475767
0.15865428874829046
0.2854692920710364
0.9976363566631304
0.9890224290904449
0.9785300115972324
0.9311749124229495
0.4434215796803037
0.6720071652630509
0.9499655726765381
0.9158570386951539
0.07627209546380216
0.1327258498102742
0.9947581348370322
0.30687133186949583
0.10102183178210389
0.26708625833318644
0.012416340192501816
0.4011291531067869
0.056378044325042405
0.04972729128164656
0.14154756240443403
0.020279324212675066
0.9170280360461468
0.9990442446289919
0.9972166534832362
0.469195454855766
0.0075897230025455
0.34834825647310014
0.00442743043820678
0.08952177816591203
0.00006650579930738608
0.000020140215329994975
0.19174050624935682
0.11897032222888189
0.32678982347949614
0.6515176023837639
0.09173207991036554
0.4392425854894234
0.1833461064347277
0.0009213349266212062
0.9529408515039297
0.7755778838331728
0.9843501726944731
0.7954983205061597
0.3839890866013529
0.3782035865864985
0.009563564653224508
0.0824230662894066
0.0515254281789125
0.3594375601142703
0.0148821821947752
0.8509490599731981
0.11017373600588588
0.15455782686996017
0.012294588274598556
0.6602472378159324
0.9075411118527488
0.8560118813933755
0.1202380453996169
0.8911478195091267
0.9102789500849167
0.023543044981867163
0.9124163757723254
0.3026598742385953
0.214256613165886
0.655781798743991
0.5387587632938152
0.000539847130414773
0.9634015141140188
0.9605326381326972
0.8828335772977881
0.07728570832354371
0.1700231908269147
0.7535705604306322
0.00854323545192516
0.00236419844503405
0.00039447055179203563
0.010000668204975895
0.02739331626627771
0.14821748831299308
0.012363967258805697
0.22620337804069893
0.6684115722390652
0.43553818168590136
0.3571581978367671
0.42311774394624607
0.12291344537771322
0.018773380978812565
0.1767201508123467
0.1889287226392768
0.7512090301635177
0.4822063643497454
0.9955496455274784
0.9626427000117701
0.5609974063658665
0.4708731968030201
0.010831671295890452
0.007812487501103889
0.9895080644208031
0.9511506821240182
0.00656681301040257
0.13516274025117003
0.11530329830236313
0.21229892833381955
0.27365726323459993
0.9973502336214511
0.9934943815672466
0.0684899535666217
0.020608677986478516
0.030233822061899833
0.0009572642064911248
0.0011906708878122911
0.08575899113422877
0.7892699593275515
0.1313423911942145
0.8978244998617633
0.9258302031884642
0.8036953337745212
0.24121092834822508
0.5196103330427287
0.038192031773194315
0.9854668689357209
0.0763822085135488
0.7476095535495146
0.9570455968532334
0.8662801523482557
0.015590685764923142
0.929030742342224
0.12628692242009515
0.9525922698753995
0.9227407902871348
0.31081921868284934
0.020941061899810303
0.5289955759047332
0.9065528249818127
0.095541995615127
0.0869930680878296
0.4338556069998605
0.08653290295247874
0.5158312832880104
0.9792928444382492
0.09594890550525184
0.033657863035104416
0.5057736055458103
0.03772729387789327
0.5511743666306061
0.22441065743959504
0.20899526715597938
0.04538063368331128
0.9988420275025117
0.9367865115493402
0.01719771973181648
0.8658638916493016
0.6579790532794547
0.5019473400063668
0.07841282944429055
0.9493985250594915
0.9513456170549902
0.9286462169732765
0.810492556638723
0.7184627382949028
0.8043617641034907
0.46262598398169763
0.02560182547507095
0.05411145516504049
0.9416263424068644
0.037923012595879456
0.17610325840698474
0.8194991324880379
0.9724769435889856
0.2392909625314899
0.521036984463533
0.9034409917347026
0.7531224378838401
0.8092655162298207
0.9250769186121068
0.4021036382698071
0.13190721597213628
0.008521818533475771
0.9508880637604512
0.03264106857890365
0.14661347864369262
0.5314376136234269
0.45964036444190065
0.28061945402164606
0.3815443911679083
0.03571406601444301
0.7545325626603177
0.818409993574625
0.5964090482683856
0.0076881763152493975
0.9113267032748656
0.3952688082282616
0.06367667170770794
0.0006295911760788032
0.7962629533774979
0.8114237293008838
0.9696249535831698
0.3034818715567494
0.08024248048166474
0.19363873094976328
0.4711535145402283
0.5137604709706722
0.019034967438957724
0.9839361219384518
0.9673649444161139
0.1857738708013271
0.0635300285426453
0.004440120254287325
0.2235464188901685
0.004515531605756714
0.6028656933091529
0.07184821885307177
0.506119849326825
0.13971321250778007
0.45836032841509555
0.591889915874372
0.02059963214320141
0.029992464627790025
0.04784822142137678
0.17595067531683217
0.04510428703583758
0.09404803259596012
0.3693213569664531
0.5370436262057466
0.4351845192816961
0.20550630410891263
0.10979623807868451
0.9854830814156866
0.764671101320552
0.7762854290256177
0.6433678767661887
0.3632316800894713
0.06701879512949611
0.23140530105034446
0.06329918249748794
0.8882766010602107
0.43006803872579685
0.673417680872155
0.4864221505579291
0.2185430128096325
0.06679333715847866
0.17825635501361037
0.4123644152974207
0.20553476356627723
0.992264179202017
0.9761492009130057
0.44937235415464677
0.2623156311661529
0.028700334144245887
0.4184124273023875
0.6078975495052935
0.0375400943832168
0.9905422748719133
0.5334213148222801
0.9376871258984995
0.5227423658085442
0.9089324335689226
0.99513003055686
0.5186889053451434
0.1948496123632991
0.9880243514844478
0.9902250366950328
0.002603624515661077
0.0005881690288431106
0.7486238492809874
0.9819622937128633
0.9918150307580113
0.35120629552326926
0.9708618070292857
0.483483527792333
0.002154462713282599
0.0005966579375733318
0.06537735535815549
0.6987033263612883
0.08443822965069638
0.16687349458524306
0.02617040814880583
0.0050760967277455535
0.06826412836536423
0.05412119506432286
0.00806774789213142
0.04162684617215541
0.021793270820251873
0.2539980537301264
0.780495402744211
0.02400470520098522
0.07693431554610516
0.5030018611432846
0.9095009007503094
0.9990811725556021
0.994670262142055
0.7428967605670962
0.38048525440112574
0.009228556315339193
0.2175245584458772
0.012684680990815456
0.1285869981241449
0.20870438216698511
0.19864976900036246
0.24463656490153285
0.02973303277579963
0.7109872493214173
0.6283965771876674
0.9590756221893281
0.4958917915727249
0.9388640812575197
0.991296486658959
0.9010528372168792
0.3312966641624043
0.9092709740292
0.6780082034960094
0.9659610475860532
0.7722109786297283
0.8765077721865928
0.8379457478172267
0.9313796188818393
0.8533323008113358
0.013364294123018755
0.1572762834829693
0.6694632190167746
0.013120028124005034
0.3201156840887347
0.23191724051878018
0.9695969212189908
0.8007368517175255
0.21019002798518682
0.18260541641836248
0.043023115168943825
0.5678494228787565
0.9819061578248905
0.7380276280047241
0.4677282271345204
0.1070337863084809
0.1236392709185749
0.04561160184170731
0.5647811117086177
0.7199980603967759
0.007818125052438583
0.02967040992951084
0.5085896501016861
0.17447019321801463
0.4825714683759422
0.8383320532130398
0.6912242052177092
0.663895798275245
0.6125408390186236
0.10332536606812866
0.18053455533508328
0.9963588955177409
0.9849707179413744
0.48783500783346595
0.669717471677302
0.03692234469410583
0.5195825180883035
0.9700613981084447
0.609737928720583
0.8192009403249959
0.988203754065697
0.7492125587395959
0.9733093756784303
0.999416787205637
0.30230147360976456
0.045617627538369974
0.9900757600951393
0.6384301568806272
0.00036944048111011454
0.052212758345177156
0.1345002821002543
0.006919913498611141
0.9930393984758707
0.4144815373511188
0.1137968563175435
0.9445914202952796
0.6222881933949853
0.058805807678865236
0.9986141685743725
0.9904564845214355
0.9964686345160919
0.9831341700299576
0.8236111838711254
0.8353458483289739
0.25225371013432274
0.9053367537862902
0.6717361086505554
0.18209904526302054
0.0656297324542406
0.6432881021697048
0.1799633397495782
0.27933006146687445
0.4550931228158042
0.8218244490373984
0.1516144019913722
0.5464952778178045
0.07287035097251575
0.0014549534655288656
0.0021222615914298242
0.04508376808704572
0.9786578783476868
0.12463413631204523
0.3571321258950688
0.6742148039690046
0.014477926809335977
0.6540724571381302
0.5901181818861146
0.11748247769856979
0.9034235963491651
0.864715394275492
0.9916428594588129
0.05106507761023446
0.003484391518504352
0.9952176513552011
0.147877169516156
0.04710290061650929
0.05885165077682359
0.957505836034936
0.16276782188206257
0.08266946464366769
0.07061964624644826
0.057661256560072295
0.4934308285128354
0.01424174709778878
0.008745170631427
0.20963045191681626
0.18476964928774162
0.9359977634688954
0.9785345135539164
0.9866402360864426
0.007263914700936978
0.27023674599618713
0.4756957003480572
0.22794406992126676
0.16540738139549957
0.5406310205610896
0.7045910852877608
0.004624360825857867
0.03630790359683344
0.10136776386837491
0.01050832957821488
0.02084822383385964
0.05140527439181553
0.05814521248456335
0.25139341657340225
0.07352157050510877
0.5598275401375735
0.06447463300884618
0.7873095267839403
0.006503774759027439
0.7787988180264279
0.9986274889518801
0.9832630835748863
0.9735801593197344
0.27856612367619155
0.9593856575610539
0.9222229019013226
0.169177217867493
0.9110143874974528
0.8453046894896348
0.1676160763056729
0.9193435704713367
0.09775311659053794
0.07007272668428698
0.8490015327396131
0.09898129888964755
0.07989931020849768
0.26654567451809874
0.563826482088423
0.25849079179987844
0.17920413078678896
0.44631060658837446
0.029191547253656847
0.13689461687469023
0.18548684889398612
0.5725008700869929
0.9833771713867501
0.14230172129441956
0.0973407839807865
0.9768450950971802
0.8203170055105712
0.3250501573459138
0.3298172214103382
0.1158119735574783
0.14820986014559168
0.17602742766850524
0.7401925028162801
0.705945495822342
0.00285064640415346
0.02324924577039637
0.5475440453327453
0.09848969913370555
0.2574409995785233
0.937155550923904
0.5805499891296109
0.4104367260179697
0.9234801118039897
0.44257293296299893
0.9458750892039001
0.8540625232677364
0.9986199425195603
0.9991936476425989
0.27245339084333514
0.4182259819032325
0.6013357133772417
0.057272673527556835
0.0007417508392137662
0.643079922581712
0.1704629161067566
0.09481554880494626
0.7555808905211459
0.37026584040208615
0.5011663213374529
0.8342141623530894
0.8617112922062902
0.7737684779227267
0.9747359896764828
0.9407072295104237
0.9513373118927781
0.5034554136982603
0.00314205257690716
0.19553872640406686
0.044913104111385
0.386577528370658
0.8184691819162917
0.6674993196500245
0.6724996135948159
0.6882838823849284
0.5944136142983968
0.2780697686302552
0.6245626677398298
0.6971179456429748
0.022380941403337982
0.8818988560436597
0.5371070818979798
0.07457837608517374
0.9874762024970796
0.0007110878383188579
0.02518971595381134
0.997917666039231
0.8842594733456746
0.049983371113484484
0.014784831257405382
0.08009596850786843
0.06607458323813743
0.003872195892923432
0.6625418740168066
0.8227658327884849
0.9672603133661731
0.9955102932352877
0.9950020269294326
0.9805779438716784
0.9986224035368569
0.2575469467016411
0.2803254593378687
0.570886593336754
0.3331689265104441
0.6827005898619871
0.9795142978711372
0.9999220858974828
0.993218097578361
0.9988898610908592
0.9914914385973728
0.8193965951046422
0.019406005527978682
0.3594641691656563
0.0296724410869777
0.05036341812833122
0.011440692272726235
0.10770345554169955
0.11335082293518067
0.38923064324598533
0.008867915270423417
0.00041922603310732117
0.0038269624803490467
0.015527313148779972
0.0011247491135232877
0.006373682930114771
0.062386280017805495
0.9415308287447747
0.12375657230425798
0.287919136474069
0.9292820862356234
0.8772318067491791
0.45793175239246725
0.671507938291671
0.22131347283015074
0.018039448317885853
0.4102471118961272
0.03904561587614203
0.98174260806021
0.8869424763840212
0.30726276845536515
0.05808976104114064
0.8098631550996402
0.9713647259662481
0.8562767011660928
0.18261863740836667
0.011261867272427976
0.0017821668284256499
0.004565206288527848
0.9499009549825896
0.0589288692691786
0.23986227905239035
0.39576530470860183
0.0017450454198984623
0.18431260426536805
0.7715408308010275
0.009677851385032648
0.004057088359469852
0.9279061768750292
0.9978778907850584
0.2926262563896186
0.630492495426952
0.971920000352313
0.9889047730064132
0.7345141255001115
0.6815103216453006
0.9600998819212954
0.045852777092032844
0.3235092196096148
0.6348136679819142
0.6623777813883185
0.05674147785175835
0.08529487865986814
0.3735638421155353
0.2645407184855123
0.946413234545314
0.002196153540886877
0.000874534500874864
0.049141502200643304
0.003931345440012286
0.005155075323758148
0.0184572773571798
0.10038084158031241
0.7405135190308887
0.9237306363095213
0.0036017492218040703
0.5511557228159181
0.4899426309039488
0.16836093660011828
0.24630334196007483
0.8528590589914639
0.9595677471660808
0.9176618994367913
0.9389092128324307
0.9571194561066614
0.4209483687854576
0.9524519017999833
0.9936075164635665
0.3168426130067908
0.9743439874987688
0.9163244796681632
0.8383731178410928
0.6064994565465364
0.22801142462723556
0.03233339179274698
0.038350487169296725
0.052017669407808796
0.3398984468156362
0.5356374671421437
0.2428152909310483
0.8244880283113464
0.1941894105820453
0.11764941485278078
0.93364759769576
0.8230637898631159
0.1783297341225057
0.08189822949775484
0.0033041865829337093
0.0028399363682928332
0.0001698798359704954
0.9871810877160588
0.46589021553202387
0.06915439901170348
0.9996541817767416
0.9854256038388052
0.9883997931246087
0.9941567397417439
0.9013061876418547
0.9463015986592317
0.1251458248754573
0.8927055832014034
0.8838353319907474
0.9903205307846069
0.9498342896503056
0.46611730388604655
0.9903878427592597
0.9621855115088497
0.9954462726120102
0.9252335101455376
0.7344997744031226
0.10479554889341698
0.9868198073163738
0.8902982666177798
0.20780065606470763
0.01130317365142159
0.0007031462089748223
2.5159594324615626e-6
0.17484815574505294
0.20406749712396915
0.5253037262246801
0.9077181211553107
0.8466512731521882
0.8680407248855393
0.006632038414435765
0.04702465174325978
0.05236138897319174
0.00005010669814970956
0.13413066045611877
0.04228493519266528
0.2235534507031633
0.15106311670743075
0.008087922189098073
0.8714296522852231
0.01797380909278323
0.03671026188304737
0.9941273555826737
0.7509232640154617
0.8062390036030757
0.022780708985694693
0.025007144373783298
0.5442055922864518
0.1325259675447325
0.06580281001817267
0.5636674377617442
0.29006798661323424
0.19032674520000123
0.07649309977512633
0.013223755242905607
0.06683733294642888
0.030946040460420748
0.005174948388130235
0.002781672488854787
0.002268366659695284
0.04130957397746375
0.032192910025134795
0.10258032160550398
0.9166388434155177
0.07626006443906724
0.030350624080354164
0.12102511311981239
0.09358523648091084
0.1666715003688164
0.9372221332116888
0.9988061386800355
0.5267433595839326
0.7306379379446295
0.9991759668930376
0.9764793402982728
0.7403913635960215
0.3143449695171093
0.2435473575604338
0.3613586070807621
0.5133793681833089
0.9189351267857998
0.9462497273188841
0.5996220733131867
0.576993677352899
0.06965333274624241
0.8564290761404904
0.8089667636900012
0.70442575908524
0.0032313361530425487
0.000359704378725516
0.2678746408665496
0.8204122844048216
0.19044186472058758
0.9377498936345828
0.9300775922114541
0.7477452862161892
0.9307222362485533
0.9611114391125771
0.32010051938731604
0.0813018136109077
0.7977280718390186
0.02596423635685699
0.04507690569165088
0.06548322958075672
0.17894228607768622
0.06357695955614896
0.10260440538877547
0.9573727881865581
0.845120971300134
0.9906159490196175
0.9967707864334818
0.6898276794535042
0.07750894594115998
0.7085471170478026
0.39951804387414647
0.027165496165266263
0.13460675075255166
0.09524680717352947
0.00040311141150942506
0.007271993604363907
0.3098662420360013
0.3412567827861279
0.19549742288885077
0.0021430029420117266
0.5341830061881037
0.3338981054271031
0.9092614097331999
0.5833475862315153
0.0026882479978565673
0.004162273678629038
0.044192532817919565
0.1690850745741205
0.3057031760185332
0.5236164888138005
0.8471295735573602
0.9273857737283371
0.3255000041614605
0.7636994776365627
0.9862578932645414
0.3276518491176551
0.001469098592988436
0.12126083718468458
0.40869485407449274
0.4711351889738308
0.10328118942181269
0.032164274161212716
0.01133386824032668
0.035153978453405704
0.011069338347085626
0.005874266485394326
0.15233629451975955
0.010126419174064854
0.017764958673483166
0.021955180860603555
0.14261696089919584
0.2077475420386339
0.9187065788335836
0.9895060511243453
0.9917772805803516
0.90996575089013
0.9526585678874958
0.2787994467649404
0.6952826070382723
0.5921804034927168
0.9549545546469292
0.8336595214012854
0.8690037673452514
0.9833298311916302
0.7125504617108752
0.4178545053847736
0.22192158188915115
0.008455667604676627
0.16054467022363128
0.987965888550673
0.7991816615026497
0.8265083090209723
0.6216216249279056
0.19057554326498968
0.3622551847687867
0.9286001362851539
0.8882649806127335
0.3085056502953139
0.9807137325483285
0.9849702246320967
0.41197459294182703
0.4568876833309745
0.9284081259622247
0.05401557635101032
0.12456658808863695
0.05646651729328443
0.018863644398929087
0.7011171031045496
0.2858897296571805
0.5768666669985407
0.02007778478318091
0.05210273764983448
0.10136412408762736
0.07714355023882542
0.8953083562554658
0.6370053822792877
0.7583878502242822
0.998822248442968
0.4965987541997094
0.697242375442733
0.8057413747217629
0.6215638856922979
0.23506208860259623
0.4691559311967105
0.11068304496076478
0.14343953558154907
0.0017837870682310454
0.0029523607458045815
0.5520236765575468
0.06896861325391347
0.0002505338822450841
0.00021622466203398625
0.15899077956224708
0.5324245815265085
0.4534880770040697
0.09945978845111624
0.6199579614099712
0.03774172792746109
0.08297630091373827
0.0654141337757697
0.3031117973263242
0.6823461517216612
0.6042688980257108
0.2500142171664323
0.00011648509153485772
0.0035687774210129996
0.0022191097450460166
0.0013235777223550254
0.9151745324365688
0.9881685564303958
0.9995354921589115
0.9079773644007141
0.6670476788002566
0.5676766181675736
0.18075450680458915
0.23655081175876294
0.0030482563358776404
0.008150206724623098
0.17639411408839656
0.20564611687312076
0.006967167232034475
0.9979273663372734
0.9866175941711056
0.015505695458544914
0.42459040727043085
0.920049363505353
0.5490058071300286
0.951493950263186
0.8039988943377963
0.6760864482878491
0.9702109810608197
0.9840603138013764
0.552863934447628
0.1469134968839032
0.614115626461262
0.18665790361740223
0.020483984026017032
0.013558127392904873
0.7809605485169712
0.49027664430965046
0.9707104994096768
0.4917054767570087
0.018845707888273316
0.09628738020683428
0.8955412891677422
0.24576780542113244
0.2681406875516217
0.16808230345816622
0.8624387758087695
0.6899891050725494
0.811852808931468
0.28740211831263274
0.2277838353259469
0.10333535717689087
0.9794067115353884
0.6700800525975309
0.044044034612577464
0.9208101537093708
0.7702662034232011
0.9891110509518
0.49565959731773057
0.005037265179169169
0.017452780169971427
0.004577638002170873
0.045539911354502464
0.12433884329985646
0.028922597915043587
0.8515720198832297
0.9914569799468059
0.7546894605647335
0.8086552490058092
0.8388185859343427
0.9033259903339106
0.8319511000035159
0.5242850167882307
0.8355829844095453
0.632358403972854
0.851017377200276
0.9094979183233417
0.07835908216371187
0.0829265086225101
0.12322638965337022
0.8517272380469105
0.9100822220719893
0.6702535148459003
0.17231014721840152
0.07963587249542957
0.042575482352730266
0.36608519520523725
0.2105740615385484
0.01672193155764182
0.4867522699119413
0.8710931234230678
0.946962388523577
0.44133198959528847
0.3171049597374474
0.04111092945582493
0.06665206109306702
0.0035330511950209106
0.013793174637427272
0.47885943673679665
0.15071951273985898
0.5633620140614904
0.28149515031488015
0.00322067464902272
0.0006826748493115152
0.8731262187030057
0.8914809258830446
0.8466210574954569
0.13800614123862637
0.28730560174166847
0.9883361944202975
0.8540980148280779
0.5390606993059409
0.550097681722041
0.07999264028817928
0.006012922351618975
0.013613776196450853
0.0035720747959739887
0.012195303028923946
0.10381330426610087
0.1979374543809307
0.7187337363578166
0.40147889738913145
0.7394070025531115
0.6576353551170117
0.17492980882435682
0.04475934168471498
0.9504977168378024
0.4449371503423516
0.03953146577874445
0.3154283364278182
0.9418355798829983
0.24016908909719537
0.6851137258231165
0.7235852083552651
0.025463822092457886
0.004829986886349683
0.09319112825786977
0.028665611440999276
0.11969750461923752
0.02041551146123883
0.0009219667097181762
0.02921766222484565
0.016306665872798658
0.000872153071229074
0.0404045830443652
0.012360216743753328
0.00715505434085424
0.7052123160425418
0.08920366269363592
0.020718650571192078
0.9511849526984584
0.840738985746454
0.5434834796255524
0.3672122530630056
0.008722876535256894
0.0011595898052318486
0.021151687598778914
0.04795541069148142
0.26535348125746916
0.0006556665111650036
0.003153011237876336
0.17446599199422164
0.02946814298477362
0.000017434598272609157
0.0002083039794021392
0.364862155751552
0.05729148711111145
0.12305655914306814
0.010519125408346703
0.03784631100199565
0.9975790923330603
0.9997969848395096
0.8777783206723389
0.9317161983587198
0.9996774180140798
0.9790729277637303
0.998163773628272
0.9732817997561346
0.6848964425236943
0.20661977698612527
0.9897118390484748
0.9859535622012379
0.9987246583859676
0.9932340363883212
0.0007399712601167122
0.6491906181576534
0.3355391348485098
0.004328307582598706
0.031187304919307567
0.0476052265834398
0.6026745912488399
0.14798436145585342
0.8535150907732766
0.8617018002637583
0.14915241279952313
0.4360720061233652
0.8389101169113028
0.015332190960881993
0.4027632731075034
0.9525648837527768
0.6662609163584817
0.9878157916476729
0.1665885590268111
0.3482353409938094
0.2506187763647925
0.8300406201183443
0.7560275477729127
0.4524541194713702
0.6181705093135602
0.26838957453589923
0.01697040112530667
0.9982498857000952
0.9838090260473243
0.9010455406634273
0.7961812731537775
0.9978481268027043
0.9995636455648719
0.9979776522214052
0.11002250570410191
0.020498677577223005
0.5486987702275828
0.025054405600621228
0.7606472508496082
0.6759146823406361
0.9474722228280372
0.033453596444296255
0.4307355582802064
0.09967818741820338
0.43625628694564694
0.23715967823207312
0.25491059735539257
0.9457553121608566
0.007148259683559564
0.9918924231107129
0.9514263693261793
0.9874865100115796
0.9899448653256266
0.11232237370457078
0.2906023211893082
0.9551681573043922
0.9323044886732692
0.6523146641675097
0.6046685150965319
0.09192857689992232
0.023335260762816987
0.751345278021861
0.7641183155982263
0.9722492192467989
0.12352128233122686
0.10856415099943685
0.9979580324997469
0.9401325528122139
0.8736856049399564
0.5348387768769001
0.9955097834637524
0.9630017844855476
0.8055890633828454
0.8581926842856308
0.1446337249962645
0.09584887073352281
0.02355687741414042
0.33880824623397937
0.08137962234736872
0.03465159072799511
0.053899672954144856
0.09667437730896741
0.1433814418772216
0.5973303768011651
0.9637845007871293
0.7926048856475232
0.061634971363713834
0.4682494911857652
0.9036761858041994
0.44404255964685097
0.03955964850759854
0.37832666961928996
0.09025503393656613
0.22681907536611007
0.5005614232032702
0.48252364998917124
0.24804020122547238
0.0017395145576867093
0.03428431667187524
0.11805681764458051
0.28588603777503285
0.7662305710627617
0.2497728186523717
0.6418067651967145
0.8222241917169405
0.9814892038551666
0.9592977686998052
0.8959848370094323
0.9810835814766284
0.2707557592396751
0.1364792606470148
0.11209374952144896
0.06610172102073361
0.8719425451657493
0.7759318835695559
0.049191321267732235
0.005732427610604928
0.002187678017241905
0.0031986799733972116
0.002455814149251145
0.11462131531655514
0.0025749744560161444
0.7524685828571523
0.6606450842279485
0.8409379555270007
0.9457757577674921
0.5514266841300545
0.6931099378901303
0.04144982223863715
0.21005341930832436
0.025210342936841157
0.25417032022470615
0.2698811934226227
0.789094864587308
0.9534726982797023
0.08505901611456278
0.015929041807288144
0.447593543519696
0.9598025834039732
0.16321138765485785
0.7541225624276675
0.001451716217384682
0.5165992351230764
0.002365719899895555
0.1379545983400725
0.10600495892545901
0.03603619013568263
0.9933037020891415
0.9871310077778401
0.19306178101264063
0.04194034643558572
0.2552277227964948
0.9154054552550498
0.9778791181572523
0.010708728352157224
0.6520312573864476
0.449448223250643
0.7616961741297652
0.02888483250406855
0.06817678668302986
0.9446147748902899
0.5860411526672681
0.7876108796010245
0.8303355355840267
0.9273401835479459
0.023294499221251236
0.0299606560259567
0.5473099708982976
0.03854031679664222
0.5027109414660029
0.9989719923804978
0.9190146857857969
0.6251530437489737
0.9907692991732379
0.6976359977683
0.7567008513105462
0.08257345792613703
0.37227405233172145
0.5742054764198996
0.4787685021917233
0.9238450227067184
0.9371650777538912
0.5107465680527584
0.30165587119233633
0.044461153953954224
0.08771092724877282
0.7235923568270164
0.9951989905857479
0.014598349491632872
0.08835770552748876
0.004848053347710078
0.09113629505851056
0.09388524551538086
0.6708234787284816
0.4989934457193797
0.9400571821465236
0.9630677582715511
0.9332918544639331
0.6339570600142541
0.05337683879247781
0.40092235808396265
0.665397007448342
0.8335610253767735
0.8533223162249156
0.04020680794554707
0.0005016354912654984
0.012653450081713062
0.009978425322093462
0.26280351860271284
0.3282965654158068
0.8195787420575137
0.009606155499052381
0.06605997684346536
0.6862692817807734
0.8079242733592618
0.3636616274969014
0.8100057774470876
0.4097146760904572
0.030048260870452558
0.011983735030092686
0.014939056688603822
0.4235009221430641
0.8336626949303826
0.38387057939019087
0.03426583864469912
0.5276240411380503
0.8281946495410627
0.20193867967218612
1.3913726741303278e-6
1.6819247238909514e-7
0.0016798569234311902
0.0018504034682520622
0.0001227414922446776
0.008849131925454529
4.765508033197167e-6
1.9902266337794456e-6
0.002705173770410604
0.08451338034090389
0.03488619215330604
0.9704636054020863
0.9949956331541018
0.8137440587085083
0.11360062943964215
0.1408369023843555
0.571855086682888
0.7876243503447697
0.6805714574572475
0.10713939284996084
0.4359204401015751
0.07250352634761005
0.017810469801756094
0.011088317791132068
0.020489649455379382
0.00041313518558393344
0.007082520579541344
0.06477286446202495
0.05449300913611416
0.0031400189353216847
0.7977893919516169
0.13387691737837548
0.15331600010046842
0.49082948636683477
0.03510774019649433
0.17497375616198543
0.5683456869738434
0.4021488222536191
0.7287971253613545
0.312720409610652
0.19948863813409923
0.8330583309398217
0.9507371890862822
0.5341259327039034
0.15375250518378294
0.9284841552934877
0.5043473553501806
0.9881975687999072
0.9246373468190611
0.9518445449812947
0.7933673729483808
0.7407336207987748
0.505285854228471
0.903487587727738
0.9390764627411055
0.9695631417450299
0.8965020019686982
0.5437180732787116
0.053619083943896535
0.07665726741501287
0.009581966647598692
0.2292436439357818
0.018739225025670284
0.04815585397866595
0.545535088526744
0.04079607134329422
0.02231506250158336
0.05499986182588204
0.009737721932607683
0.28344130454976835
0.9285678495020425
0.9973397395463715
0.20257756029047744
0.9509748768314412
0.761489981191863
0.549737640039353
0.11846042633775816
0.6138191403169135
0.2872882202723289
0.00853093136681881
0.004189506449922511
0.004389171339612313
0.01827209385959349
0.049747976945420644
0.03146753854126492
0.002287660656344045
0.017338544037787708
0.11014848156903773
0.1151954122183245
0.12379175038549746
0.9603324561927418
0.04507333104827118
0.02742643309397515
0.04019144145838212
0.6871459196536336
0.18859206430865988
0.6688696404685093
0.505881588373642
0.7433193985668513
0.45397190846790864
0.9957170382078173
0.8484070230305726
0.3897670047641983
0.006788862157551402
0.002305480802005259
0.9520404678170388
0.9999399126878755
0.9947076805382903
0.5351260413865299
0.00588155980999406
0.2783209188733495
0.018418776700327183
0.9981850061339601
0.0436719418832234
0.5762489292064137
0.8625577462083006
0.34510016189855014
0.4890636130631621
0.29502546015644504
0.9612299877969248
0.5013106878178227
0.23428939790324124
0.5421311732820493
0.3816428613277975
0.03925398211922445
0.96008822641654
0.1162147017346159
0.08981230610642427
0.11810297265514835
0.228875647639007
0.18583605018254373
0.05403741145756847
0.008866160066825099
0.04265084801747746
0.006181260364167025
0.08829764846260707
0.005604161816240116
0.0008029058987583784
0.03894041280060827
0.004241197477812733
0.004549431768663662
0.04994282780038611
0.24289113504466314
0.3303532000056502
0.16335563045089346
0.921960507759803
0.7025056017876943
0.9411574273247758
0.7747740444894565
0.41310413005188507
0.9999374762191473
0.9558768069996737
0.6829226362415406
0.9003210346946535
0.32048920759552785
0.5123384869993005
0.833003221736838
0.3129380430152695
0.8870141025578322
0.9163168942899527
0.04769874419127739
0.4630771469791232
0.010559342973388683
0.24944214526134878
0.016994220155167657
0.023725474771146653
0.2122335412402043
0.994144912440163
0.9997992105388627
0.5412247489999044
0.054254953965529366
0.010067701017429357
0.981820894507343
0.1080837303007793
0.056076395115560264
0.6623123854440758
0.15681907499939274
0.7782152326442957
0.10989142244700827
0.057947785989057546
0.06134809911623721
0.6543636300691388
0.353053113186371
0.03527944981129952
0.00923203920549247
0.5358019429863395
0.8218822525541812
0.3226755794142515
0.9110885466941385
0.9291715813045025
0.5088490552784752
0.2558234425875239
0.9464496630834608
0.10571687499372757
0.8345346380536242
0.0033688377221307527
0.06024122708883834
0.9827203366782421
0.047851457783773456
0.015545712293253614
0.006443779609284652
0.7527669324353624
0.6390189377909784
0.0861875750016767
0.5404253165462288
0.9716150544259425
0.009599724178132865
0.015961289494530743
0.33827214143499224
0.47322317585780593
0.010718297803010642
0.6634104829711325
0.5071787369639765
0.36353405164185554
0.025380172764008013
0.09808262519784318
0.02546294785474837
0.09208238938971297
0.9611873504862277
0.5936483795012759
0.04667179528427963
0.41308396662879854
0.2246119035856876
0.8170250745652979
0.08714281874340077
0.9986813379332424
0.8970574348996423
0.8503178168429942
0.9821393619361987
0.9867275459960894
0.9684097281866034
0.937961225693221
0.2784539200784767
0.2489909851157771
0.45175438631111475
0.11084300803848655
0.41459640419153654
0.1067353295086451
0.06362449621036968
0.34630174676856557
0.8178838202443186
0.8610655402979411
0.8351076622608238
0.47560774731090233
0.5880188915710601
0.9943420939705157
0.10463444999520116
0.6983437442021719
0.31269849297693014
0.45905501787989167
0.6746387760257225
0.9558372101816126
0.9583058540518905
0.9943867983517661
0.9995435027642222
0.9127057402266545
0.7402521876603353
0.8449483311813734
0.9102270928616871
0.5402181606685502
0.9403945871927172
0.025978762195717573
0.029969830572632198
0.3702334033685186
0.2054747498664555
0.149942271018517
0.4184851560631255
0.0021008005635769775
0.008547840545892376
0.6576764768210569
0.8564531008100834
0.12828761176335604
0.7835414799295681
0.11284957140868548
0.940069522426502
0.41170975315607233
0.6680096925651293
0.03639974064287885
0.21562572917800446
0.06159295857075413
0.01223802882503194
0.014398485955786982
0.9512409876499376
0.15653975303422216
0.37610728471437366
0.4580925318810641
0.05895369693480971
0.021731078547709844
0.8993073793819986
0.038521202029436485
0.4632386777509556
0.053700900163599366
0.3342349848613004
0.028389892557874483
0.004471325920912199
0.038958781082979316
0.12816572826308423
0.05027426411066968
0.04142967633683966
0.1291412265896679
0.0011851596636989286
0.09335321509721911
0.01648241317036536
0.0048237434288027495
0.1848173588314753
0.06449147865456309
0.08469058083601942
0.25634124495753524
0.06457676042307331
0.0035266172902286837
0.27945672958379447
0.2538082514510043
0.8113149612751219
0.9089407101423636
0.19616949058649094
0.9987075617550659
0.9990429020464572
0.9959034818534171
0.9862814910700602
0.998415953652515
0.96676509184567
0.9875437001306738
0.9850321460559116
0.8424295007775924
0.43310256069258046
0.009698344185513652
0.0005894343780626709
0.010742559531152098
0.00532497276923581
0.015817821398261423
0.04820770574441506
0.9352115518648555
0.979299131602178
0.9645411426358181
0.8989002279231304
0.9989162026446894
0.0753005290110677
0.5892741879703204
0.8848592547284252
0.9547833946759732
0.04987236486959905
0.011787779419002371
0.7234641761814614
0.9095306889638223
0.9909872550195048
0.04428452531063877
0.006946959694484246
0.7437102393019173
0.1234490079539231
0.3432114546456194
0.9016048498293181
0.12310784064334701
0.1754226115630927
0.05914701976685937
0.1061491081900209
0.19937672500362438
0.8961579047642372
0.9556147128967013
0.9846545251725449
0.6620368780642649
0.9040971790988207
0.07809588094425904
0.21787134739713912
0.22457712793641654
0.01743958397481243
0.7367946537813328
0.457537427891944
0.06064895339519749
0.1318790119834988
0.2089699422599062
0.9896018133027525
0.8563696741949235
0.9557845521638165
0.7879122582932565
0.9783635676047164
0.6990899275013724
0.9986991568580754
0.8632964063149552
0.6389481046810115
0.5798147297923628
0.4263625183895346
0.6370274341771656
0.954616903568153
0.6855231195669095
0.8959532114766717
0.3588366380137203
0.15677697525793044
0.09915673150454167
0.2760732619065204
0.9420133238393242
0.8711207702187357
0.9661117010873694
0.67459239487853
0.8875799029418437
0.9026468897809233
0.935958088983577
0.9449690383518866
0.6113493419973828
0.03665404225117812
0.9475218858677322
0.8471608413481012
0.2912297820094101
0.8472569712444471
0.9107720570876594
0.5248788640540397
0.9982723658113726
0.9211413241728288
0.028917460127280015
0.04143360641358756
0.23690346721843228
0.4593698005049464
0.7556131480815544
0.6362208525545774
0.17546239075985207
0.04930654577216447
0.2707622852132195
0.30340868467672205
0.021663758585230286
0.8751076766229132
0.4265784445526622
0.7861810639742735
0.10348178409325082
0.9996740299546523
0.9972570025734133
0.7710500191079284
0.4340362524964257
0.7432133868517082
0.8512060181188467
0.04798116180002593
0.012328714495611116
0.7232454323857674
0.6078781287759663
0.024193548574700074
0.890523802996543
0.9764609499972527
0.9951476968796217
0.04006309395241939
0.5448157958635488
0.8187560282725616
0.001632507668650445
0.06222932373122169
0.9661762414694214
0.39825018760312797
0.7789575600498179
0.9987027961780922
0.35633245491959165
0.11612080760101283
0.3495596221539476
0.6867314458947784
0.01038336318303237
0.005974128945677842
0.0009555346210438167
0.0003727955498895749
0.00007045138714347695
0.00011582420321914607
0.003981236028176653
0.010373081704168844
0.24440401085333321
0.5330030546405284
0.004266329717825181
0.010999412910591989
0.013320547168677619
0.16139502732593877
0.7577794293476535
0.7379535939990365
0.7347821019195045
0.8661057436662407
0.9843286954075412
0.7999349267386059
0.7162264528540457
0.032803140975144626
0.0044360936350901275
0.02027848164165845
0.04596389870146782
0.40494706657739643
0.8228456428598041
0.9417521724495261
0.5997929506623778
0.9517567130907201
0.9279281264451044
0.23497889398831384
0.10764417029754914
0.3513961510596504
0.6475669208974333
0.06186992684719862
0.22409295270979052
0.0049035916379112305
0.16717023076147672
0.3481091233751384
0.9159689584473772
0.5133854839702653
0.29856533502147364
0.008424837732505186
0.2566589120112621
0.043009535159303086
0.6916517198788842
0.8130371725053902
0.022397363698225876
0.009908438633977583
0.6971171548593641
0.444415047220306
0.20422599293471708
0.6621659730269351
0.9186723054068936
0.9902603948520791
0.9989492413145787
0.7966786787905513
0.15052907926326095
0.7997489313199364
0.6124358796397298
0.8066861844980434
0.0546279499712999
0.9974521603707102
0.38346448990915144
0.7569384821853111
0.2221032702910948
0.23707786449006987
0.32485917183958074
0.9027015538870786
0.036368559939256195
0.7229181980977251
0.4990094908577423
0.9554639098755686
0.3022837761943783
0.2692534029694114
0.308624905513515
0.38467342940077703
0.9948518542233191
0.7735479966276938
0.1752349111775626
0.04867384703881174
0.05895345188729282
0.16102530959237943
0.04796791096377558
0.7790420099557824
0.007594409393484626
0.03789259767790072
0.010925723349882347
0.009317996523418807
0.1729768126903482
0.054003956818167144
0.1981530072708204
0.07520597449968766
0.1678012162587977
0.17867162983186644
0.07081939612207733
0.024722131099223416
0.49515027714029264
0.010001180587218782
0.007287166014702627
0.00295020855688427
0.012286788155404788
0.00736441820494064
0.6307247930890884
0.7796771225298873
0.1480547982824615
0.9986837281416987
0.9994476623224888
0.9989279209070642
0.9644776568722807
0.7883959749456553
0.17266331823167755
0.022188892036907423
0.014486745524900686
0.07201654991559875
0.08527513995993784
0.040360938625253466
0.047469355802014654
0.028169995370727348
0.0060883346140272274
0.044731026715719976
0.002061333863025881
0.007283817496733245
0.15244974919869345
0.18847448833229397
0.08041441927460614
0.7006494949561073
0.9000220691482028
0.9555630031644831
0.9847937932829738
0.664693468157408
0.9912487572666536
0.25244675277214673
0.481076460263516
0.6005501683731661
0.9608827986227679
0.9244075960116719
0.48128121680094227
0.7124237935346046
0.0006171481988689249
0.0010875939558495466
0.6037431161754226
0.9660714013386651
0.9610088220690163
0.18376140526496057
0.007232814163201737
0.001184534408648245
0.15208635432590756
0.2682950617392864
0.13931404323391863
0.9960614375044647
0.9894827374930226
0.6200488251154137
0.947944426240031
0.7445096865745746
0.4894883442758914
0.5627490036033095
0.03003667312566368
0.023084714548094545
0.11777563434341078
0.7246106034743468
0.1485859198241128
0.17489317394900183
0.9511455408048938
0.9239707036151099
0.3060334589060577
0.4887935947800399
0.5037675732122359
0.992629686923902
0.9938868953695826
0.6718101653320001
0.9122182273390705
0.008045889229799338
0.05597044044616873
0.05617706601375701
0.907980990727922
0.6851231920292776
0.39945604808232277
0.3072296274550913
0.6084244089599903
0.09299913234964222
0.06771149925812359
0.03688194859653087
0.005167691897592092
0.0008480134129315969
0.8347469816091214
0.7358500103394643
0.8586081421449528
0.4277008844656397
0.03369387388505635
0.41095907324871084
0.09611523247509499
0.9207090568908363
0.8973578116029586
0.9776641444786861
0.9788571556022985
0.9326018053294081
0.019054117899451863
0.007671134193095644
0.004049549791704692
0.010992079129822288
0.31299905530325867
0.05078369147387669
0.08972006111074317
0.4351355270563076
0.11655804534437353
0.8462325646725252
0.817532706448064
0.09163229854747225
0.9338572372847457
0.4469427508659736
0.000516934808351822
0.8997291881374824
0.9782949415635415
0.02226609935816601
0.10894144202907109
0.3895855723722239
0.07204089667861933
0.05204764239848434
0.005733758331972406
0.010925012073250744
0.7749021569705437
0.8350810820014929
0.5177768643408841
0.9626916810432367
0.9604961710867849
0.9368248383615356
0.9446315451048809
0.9930013951343305
0.8591353326869409
0.0025004288349847552
0.00046289493006544793
0.1394790848679059
0.8440895958297554
0.46351458605959184
0.35436319033450203
0.15319933842264072
0.03136449858774741
0.5477589368489171
0.16807878621416159
0.01563746141597348
0.677638726430385
0.5351343705930767
0.9649639170059688
0.3421209087922865
0.42241278831416773
0.9768472858024332
0.9980122344968694
0.729696983641939
0.22762353843484812
0.6494104005952941
0.30706189262094746
0.2465726961248629
0.038227575984304686
0.0008772525744590823
0.0002068303423582023
0.0025198472654953804
0.9259631198844597
0.9437351770961074
0.008299483951501286
0.22593948016357723
0.0031464282941689836
0.981346262299855
0.006167944319238959
0.22874974926621672
0.14446541139943558
0.003527040475829371
0.8696019965138166
0.8014739478884982
0.9208766753967432
0.9680948315978047
0.8242874660892242
0.985809523189379
0.8838515856738544
0.5717156175520418
0.8130427034711332
0.8786742657852976
0.7868764196680909
0.5959691885925341
0.2007843446052977
0.46280079714318473
0.5682856055346837
0.8945729257661666
0.39524844657953007
0.03547201717446948
0.44458426589971667
0.9924314975301338
0.9997337948263645
0.7102570979937861
0.3555898643253678
0.11841824219347752
0.13835203281135214
0.8114274300312545
0.8020243480829912
0.7766309012146895
0.7601908198495015
0.20194197279302278
0.1678922375530307
0.28291388339701884
0.16556603609039874
0.5460008457035923
0.9052057733399987
0.8414802737583542
0.0861607657003761
0.03381190021015131
0.005439191389383549
0.2042371132248156
0.6377858171863583
0.03185472984116611
0.18744046201844286
0.04944652533347604
0.1306492585633827
0.7167459006319432
0.9807825208631122
0.7594224674438944
0.16247284786464655
0.0011671233464888903
0.011037380681502819
0.7676417349203933
0.0065730697082825446
0.03168644162455393
0.030072713246257647
0.012661373100843247
0.95600047602591
0.7482504015115303
0.9763702838672964
0.04627084006624366
0.7937786073690702
0.5800155630271091
0.24993613597536024
0.32782603487322104
0.06992182332929496
0.157711250517233
0.46518470871714324
0.06567053959712706
0.05627713410593398
0.031763983659361006
0.006928565550680775
0.0886635054775469
0.5584819439587938
0.13710193956291403
0.03706934606856541
0.541112155683361
0.643084054658968
0.9422299055792585
0.582272918522433
0.5024456704239609
0.16161729170133488
0.002933752708889094
0.07563141017099388
0.6994140349229457
0.4698485344091069
0.10655542754770457
0.23603074882404368
0.43827082729954897
0.5315532627252972
0.9751703235436464
0.42951886520204113
0.9661359393080787
0.9950103806639331
0.3233009962027659
0.6386714191937786
0.030671838634659117
0.006092603606096454
0.9603844438452237
0.9355324572352164
0.3585593912787834
0.05811748700569589
0.02953903105752812
0.21561755047907272
0.2548329483775676
0.023034581647800867
0.1746605051801462
0.9993371189707143
0.8988625606265572
0.883956691443697
0.01691053328396281
0.503769263798228
0.9285761857723841
0.004447318449600988
0.9199071424953327
0.5693200405711454
0.3900013053912988
0.3059746044724627
0.8855882082312051
0.8697976689332775
0.9817432857149575
0.9641439369429967
0.2895874900647562
0.05108921791921592
0.006364183923158303
0.699025749948931
0.9101323371296343
0.0011607204925630922
0.008862113850260589
0.0005229202331981587
0.9921212279979778
0.7854107926468802
0.12268869365904504
0.05742064851684597
0.04569309812716899
0.8563707910590042
0.3220213998718147
0.08786913653995897
0.29534731277691645
0.9502948016437952
0.8830366829013763
0.5693947315726459
0.17619843556852308
0.6878892215803738
0.8710056656161391
0.8687094566499745
0.6407615245298194
0.21837014088736378
0.35682076162132137
0.7681050168442245
0.9430331453414582
0.17998337457730684
0.9960886713299202
0.995575880691739
0.9596330338587191
0.09583244559691638
0.564678338874244
0.19469032424651608
0.9743217355574549
0.9519242454170384
0.9674805410889177
0.4062114895222546
0.5687187351880088
0.08426533649250961
0.9906407913257868
0.9936180148133441
0.9614797992143171
0.2882588469646986
0.6839098312725732
0.016654863868740506
0.3594751655581842
0.9727709332330018
0.0053422533513246325
0.8832002571823159
0.9923809681605551
0.873220841775364
0.9542757447984526
0.91000325664414
0.05044339675919559
0.6162882830126893
0.8553045563575173
0.007557064775643722
0.007499632844895586
0.0008009071456848711
0.59264470013144
0.6189357404048681
0.19599604618331443
0.0654356816999695
0.3409865850576808
0.27648641607842983
0.4348804093986424
0.028619614610984775
0.007434863223463282
0.28442924056211816
0.9348978522307766
0.17213123932514446
0.9899575607410784
0.7171937829436015
0.0002345555329165249
0.9477333703899256
0.29427191127785474
0.5347991003932602
0.053793434088542126
0.60257829677597
0.08538200505957881
0.3200135599562188
0.7798241342989647
0.7102087017382327
0.3378731648445347
0.11080431536946453
0.02438741069518075
0.356884294492617
0.012935582512511859
0.028402762547763784
0.35967668785000567
0.18727529117205358
0.025207328213098602
0.5942504811797789
0.03459516670916482
0.9458173126297489
0.2721806194376088
0.3612955925654507
0.15642651848352415
0.03169060270619502
0.008407464169669579
0.0034155707143434712
0.0031014842989527053
0.13508804704640778
0.3606210574523712
0.4268673930633032
0.34437061896398247
0.03485337594374781
0.0048509119934444615
0.8015082140048098
0.9727630066014483
0.45208809907602804
0.01841180546067679
0.0018843860530821952
0.45463380089930844
0.17260501235104728
0.0015839499536548993
0.13246372232337997
0.5202218486558681
0.04450584362208259
0.1636979959586082
0.8284159680878789
0.9470058404237636
0.7421023528899685
0.03742759514986998
0.3158577574995304
0.9913104548438187
0.7647696622490257
0.9915586817653231
0.2739436223642005
0.927519890206196
0.022904267033377224
0.6592824002876191
0.5165721345194041
0.20939569889141318
0.13997671416485916
0.06203883387629843
0.9800536699214234
0.018229517029786316
0.1844144737839001
0.977876451505212
0.008036020090094026
0.0007546971569531081
0.007913994255220554
0.1019224931528202
0.0035990699511021227
0.20295324475302093
0.17499951807434597
0.009934167461187283
0.05213640080795227
0.12767909879609748
0.0008362947461532417
0.09740043558275457
0.03886293719606852
0.3811115849120598
0.039691328278427904
0.0000901875182319987
0.011903967072696663
0.1956534492446243
0.5722889735493626
0.9964521288781211
0.9106363055744198
0.01871350350169982
0.006277624165747564
0.8492691386773615
0.5545456546530171
0.07703795359828132
0.3002543591709318
0.08562941040337532
0.4088008302791916
0.079617938676909
0.15928068406465481
0.9246457759948594
0.0011644327093095449
0.36239884880169876
0.41087674500040694
0.021489064335840826
0.07737606375129277
0.021346430342788734
0.2412275747160198
0.009038159553333765
0.014554746784786252
0.005011503311861691
0.930550581465435
0.019814521752095582
0.17052764414704316
0.09403974616371785
0.0038311664289529686
0.012781757027542619
0.024229527796119834
0.9374294299238785
0.25218814244895943
0.9853908366999121
0.9802185459589993
0.13073460209636603
0.772674096964562
0.6688089475123429
0.12562283754916725
0.027452484527058674
0.08703518371004229
0.0323835337136618
0.0038527376637679167
0.0673454642308827
0.8412205869340457
0.27962103710649483
0.009519318102690303
0.02449767809509275
0.3490352260731264
0.2735254852222656
0.839814351270475
0.931182712135849
0.06452918162892322
0.9829055664218668
0.9967705174923672
0.21609659925445987
0.9909974235366293
0.9999751563579039
0.9872712026775338
0.8591913000941731
0.34467176975634833
0.25880693086961437
0.003525185047944542
0.005507266600329352
0.9972732211378468
0.8835334548109989
0.870539084612497
0.47638134588216263
0.1392088430294452
0.8250232768990657
0.6040313074201484
0.44164714714485287
0.7644210012406206
0.9915653370232006
0.7989305017130093
0.05884851625580984
0.9518813535282397
0.9990729683701922
0.9980250925712483
0.996430722041097
0.7434112392518075
0.8829293931361673
0.9981865456380274
0.9936612583564167
0.11538181435040767
0.13108968468261026
0.3024028217363454
0.24123606394332053
0.9434228518866904
0.20973474295955133
0.18211465910287064
0.0043128905786493955
0.03084129469679975
0.053948163341698
0.35285541751863836
0.10007474473542628
0.04811470342490445
0.10488153780745749
0.4084877504338747
0.00916878151236321
0.005840366613646401
0.0001894914800271755
0.001889313387487239
0.00943962899535854
0.043979057363752884
0.042603719745032916
0.2387490162687361
0.5932600686356199
0.34149288063099664
0.06639116594434047
0.001954976246770242
0.7833373445166033
0.3162713421013407
0.574250857888215
0.02658073072919261
0.14886762690523656
0.6455053148078665
0.8546155743191522
0.0055220270997446775
0.02791532741178019
0.5986599562705203
0.6113926303537751
0.5600009615667062
0.9794329906047201
0.9967354874184311
0.998067516064461
0.9984019371490259
0.9987179565535057
0.49811151745998516
0.03473205710650243
0.04272758042708537
0.031135876106132238
0.25704219587049604
0.0015236214809162595
0.006699411006832672
0.9203949168578205
0.6350361957570001
0.4283065284230344
0.9506744255736965
0.9947235136424429
0.004924188651812442
0.0012220625788471895
0.0009526366286071504
0.002715370686013115
0.005174362565427063
0.07967640923651573
0.014705286654481129
0.009087769074434935
0.9849606606109801
0.15634538486796917
0.8716829961850899
0.8946933159468645
0.7219194258380432
0.8924978662217967
0.7971103078787452
0.94429211316442
0.9886595568961141
0.014122183690969488
0.013797390849514705
0.70630215256299
0.17969360314866883
0.09156687565655809
0.02215585167542489
0.3821710372685255
0.027872194934711856
0.00046934415534311555
0.15044201451232436
0.02244405016785025
0.03198999444377391
0.9083398117388913
0.6718395156923758
0.018292926949170212
0.20296185131617658
0.27866043999989143
0.9587520723704241
0.8893267348836696
0.7396197017878569
0.20598153965005853
0.027818962819977387
0.04711809780927617
0.3995274952502617
0.015394515735052775
0.36321342507354826
0.672583966099157
0.31961598289911897
0.5930651666000101
0.018338239942945256
0.9482357851043435
0.9855130975811229
0.005517497288781129
0.6143332509138741
0.6659042461072965
0.0624580490135742
0.6331458681940164
0.5727969157673422
0.38038322359549437
0.21242853089949226
0.5679651562043143
0.15796634146835795
0.15589015594891859
0.9306908213214936
0.021262373927584125
0.1144057358660311
0.3915658964353577
0.7994169123724038
0.7743505397474195
0.9948324188612999
0.9932794694444806
0.8446790122171364
0.9685851345759942
0.9967498302902922
0.9350163094334083
0.9871046133554728
0.990716196208311
0.9885665202442979
0.9947002655022948
0.9368519100355944
0.9914033567279184
0.606289588411394
0.31465235251017665
0.4093989067245365
0.762783424921908
0.7467376934119456
0.48573991633821306
0.8192613757904665
0.818543093602321
0.14585504809061606
0.7461074341324029
0.4045791059112256
0.9716857890624561
0.8664973798017015
0.3836138376877857
0.7039398439420029
0.8006912058198848
0.9080994408866375
0.3974946078899693
0.841861567545037
0.3487790615915425
0.3471965145559614
0.3150352247417875
0.7906227751647736
0.584644826554611
0.16870757242189785
0.3935448698487023
0.9885731753941229
0.9344518627161794
0.0203240150281683
0.000996964227723289
0.01117517259338399
0.8965422646984164
0.18665116000684437
0.07168536028978012
0.1285489476826885
0.7259858630641247
0.9619679446077832
0.00018800404480773573
0.010909482626609877
0.12094988737329766
0.25433012587360376
0.1270965525986814
0.013932054334267805
0.0018916235433530685
0.011786439885970754
0.5410656217797969
0.7921177231474261
0.0021565781182263095
0.07494767770356381
0.7517658883675394
0.9598139718817638
0.0209671223511481
0.4232583246229282
0.03153382767358319
0.005857290144530839
0.28591661747140074
0.21095065008744435
0.01294170547722896
0.1490533737076588
0.20688232724179137
0.7007831977353334
0.21501280382317162
0.04262374705193207
0.05690038266077894
0.18833417107854436
0.294517339767228
0.31273773145749606
0.056072114424555744
0.019850315054303173
0.024395881319246148
0.12376910113804822
0.27848893007174
0.006111274961611147
0.04066709192981154
0.02500398525536974
0.06264617401238735
0.0006915699062724315
0.09610167496450424
0.005398943176218153
0.8839069261477472
0.02346917944384302
0.015602217446005864
0.5828215868899912
0.9922884092283871
0.9507154253333947
0.9401282121231546
0.2950663068276731
0.040676126742224296
0.7899883789386469
0.7634786965880568
0.9115415593013327
0.04523996308678213
0.00005838595870115355
0.009368127245276461
0.6521011724308635
0.1156275999579693
0.5341289036420205
0.35700581880755544
0.0056508184209067515
0.06769709447003194
0.006704555435092852
0.003585972313660256
0.026287081179510206
0.061522490434785845
0.0023465611489582017
0.6039026269147082
0.2716301636927593
0.08595191525364518
0.9916130917119146
0.9738488831091731
0.48737535991217246
0.7408567416230348
0.05875573301257952
0.3902426768856823
0.7553715777570763
0.9147269417025016
0.6225632223149183
0.9280039573704854
0.8933011053913947
0.954553624341339
0.7679715505465623
0.9042230406455698
0.45056145254079044
0.7435016342569479
0.11844459389203452
0.05669225219041358
0.030184472244012918
0.009335393090462626
0.9460529368873358
0.9879586122027385
0.1931847533951865
0.026471363920792784
0.45530544274228235
0.7736085224504342
0.92908711864305
0.8994045212054116
0.5259487320884862
0.7231478373928377
0.14198020352937465
0.0009728625296942329
0.9653212551526472
0.9643698315185008
0.028364007461922074
0.0027168270881134313
0.23184080221715694
0.9900218787554576
0.31998024856298235
0.920178901348979
0.9865806023728144
0.9806641972772039
0.22917009089414875
0.02539337064252556
0.8867130458660445
0.004693785018595782
0.046513756079703344
0.6609147386821915
0.2946931636915832
0.3960659899454461
0.8508320882401359
0.8905125238580982
0.9798182717353864
0.26262985226414204
0.3557509063543924
0.9511030040797878
0.9973639600071345
0.8016960537101528
0.11395271707329462
0.08168567643054908
0.6354276149577371
0.04931266763113041
0.04690738849234957
0.9899575850262329
0.3454364673741883
0.059756434612490486
0.19441146312989968
0.4389728414371573
0.9977354675683385
0.967858730999224
0.9963812778482225
0.78851252588281
0.46112011575788914
0.059267652434299545
0.31500084431831943
0.6790054950528106
0.6519978874613346
0.7132203979756301
0.02513634472925794
0.002972637259006751
0.9676910245372365
0.8435305147521065
0.7121854485996273
0.9994380861196571
0.9990724895059192
0.552675101485582
0.07943067257022748
0.08405212472472472
0.024067584016572063
0.22333129278963557
0.09450082747381439
0.9974245866736966
0.9986807949456874
0.10537698401654423
0.2880165170238027
0.7144505460042649
0.5838147862876284
0.8072898357468676
0.6098076403926581
0.8950136787021642
0.4134706755348108
0.9998803578211113
0.9951321615923737
0.999785011275048
0.9827551385367679
0.9102379268305295
0.7560261304619498
0.4517299834420915
0.6734649642238348
0.20201241863478978
0.021017474470222147
0.9435171790433095
0.9425750353098187
0.8830187995008147
0.4108605617091666
0.3529437444547646
0.7724116952414458
0.6102762583883748
0.6358542347106932
0.6394389117097251
0.20916445003600742
0.3397721441447105
0.2840105409283252
0.07645008244088711
0.5873443883402447
0.6814746679545596
0.053123071538154154
0.099338263980291
0.028967353743515292
0.47432913554977885
0.4509036061703796
0.005880862892036132
0.0823969220510949
0.8686732600982017
0.026332036129867186
0.018125691890282836
0.2550613371652942
0.00004108497762900218
0.005763406330178993
0.5451746001934029
0.087001835098464
0.027763699231957466
0.011254694159969082
0.03163723146995392
0.22515551955705246
0.6786757234787576
0.538703576570383
0.5597240202217739
0.3031389943695907
0.223048241755589
0.15116160040384927
0.6121889372143546
0.45035246644610955
0.7941163078045612
0.5703746056676764
0.7701292698609131
0.09857275888651992
0.5109338984750467
0.1728597211511905
0.24410338668991316
0.03848478508772828
0.0019025506698520664
0.0151138404046939
0.05305124336394485
0.11902904466568465
0.05072903672580942
0.21110000376590646
0.4990645889288115
0.29455496210328347
0.5209169656280176
0.11787440461432028
0.8577293644679626
0.26001415329051536
0.37955666045695524
0.14271365553912213
0.07422413016032128
0.003773968484152118
0.12581113837515914
0.08523882230898965
0.9821062592513166
0.0355271686572195
0.66576780218021
0.8881706568475762
0.17962443015768487
0.11338087469264857
0.25023040847781236
0.02168999339586228
0.036086769015711284
0.010649909612700644
0.9012360072678306
0.9871791441213438
0.7169816669758393
0.5217501657012312
0.6927377831427444
0.9742848485262648
0.9758518507759123
0.9193064312531226
0.877632523420053
0.6454787290776393
0.06388491625662905
0.48534317502597507
0.9414192390583015
0.3965367494449054
0.7846146037649764
0.3922051372381133
0.9916426174859833
0.9855275799578329
0.7076278472274311
0.7653535979618463
0.8011985929108533
0.4067482661542312
0.045441461598588966
0.3502775842208907
0.6218812777178666
0.9995806910529272
0.9935781666956406
0.2183869899878439
0.8979557585370076
0.43941866742048735
0.13761670628065312
0.0870555670590495
0.32370317547778693
0.29724823193147215
0.8837752514062411
0.9383039666154637
0.24713638719115794
0.6445129367233943
0.47489228371315134
0.6995328598854892
0.9707183364540493
0.9641085272511434
0.9979591403180547
0.945755798616451
0.6747584282789977
0.7781923176644412
0.9736918465699758
0.9502075130017343
0.8560082904468694
0.6804359411127919
0.2004978433411459
0.033098451064460764
0.02330474760983335
0.34468890899589155
0.7595111901887254
0.023458512897714317
0.0077136969567944465
0.5485447842857022
0.8761944803941731
0.5549420936053119
0.18051330327726092
0.8109028210495662
0.9854819811911395
0.37385264432061754
0.41823106869847293
0.6151463884225984
0.6302033531992248
0.9973056532222698
0.9574032098061284
0.06456663259885588
0.08771097305281397
0.9456699777840458
0.9099255644551222
0.3891517876906357
0.946975166363213
0.938204908576307
0.15457357978141836
0.0001787387988792312
0.011859752929826294
0.9619756770178498
0.9898612274769971
0.7269626961849893
0.33618262397400295
0.04638203580904144
0.2313767263658631
0.948423268013253
0.9798554628942104
0.9186049185323085
0.05618948107047483
0.046285844685214295
0.04600483732654063
0.7948415926408892
0.15234115759358569
0.3992857308991432
0.02385464154960414
0.4564097717306147
0.6642214176306419
0.3585006144438485
0.23383385640821686
0.1008128731111271
0.9405150238933878
0.678293777634732
0.9502219853772205
0.5846595567664299
0.7696419637732999
0.7347656105528694
0.7123197367253449
0.4083984782480094
0.032674522989899646
0.020494124776548682
0.3299321850534546
0.5733166766120995
0.2812168557926961
0.1024523494445339
0.5714023625451212
0.6911018833675067
0.06422647350417521
0.42593320825947023
0.8416041967007021
0.9892446815387382
0.7322374781768484
0.721776189250353
0.9335623701507072
0.37647295841058337
0.13299763836982095
0.06553760673809521
0.1689953490470439
0.974029070848727
0.9769587935592914
0.9939380775918483
0.5969269946531726
0.6458773614025788
0.7330172516939145
0.6195325888178048
0.32668160073992136
0.8996592389947606
0.8226930772470298
0.09373543169089006
0.4448701949589605
0.99399241063926
0.35722256126638496
0.574469220136378
0.9712357207386618
0.9900221451521206
0.9731689847867234
0.360582126418601
0.23695228057026516
0.2514416827131636
0.11960069411229494
0.09015585823913734
0.1778834427710026
0.9547732622034695
0.03979088484331908
0.8398062969550086
0.8417683948161528
0.054494012006166874
0.07915137380057954
0.29168573677404597
0.1279441244551179
0.006055323655653723
0.005281682511874918
0.6223364481674277
0.16003662371237784
0.014455100514950914
0.05688775292327019
0.13479625085448896
0.9739798642455185
0.9341505280608231
0.3275022336427157
0.013143373557329977
0.00028290801270959163
0.08351259503216994
0.9629628219501304
0.9816051336849371
0.0014069183598028553
0.1761967625236363
0.9097869149261121
0.5278640587275155
0.2382750633707392
0.46369542155374965
0.03491217274301005
0.12844398456976155
0.09838853851343896
0.018003513397272953
0.007549465280138194
0.07648999678948015
0.9183543031150656
0.8880434832940185
0.9578060003332595
0.5112720024002033
0.6754507904149867
0.7768136118231607
0.2304879153066091
0.08314586303425349
0.7332547271304598
0.9489020022932901
0.6555631095799338
0.4954699830571294
0.08830149565539877
0.011404392993792216
0.009517818592050057
0.19221055191899222
0.6926469604730507
0.05359673403327855
0.7561249189592424
0.14181401397331703
0.011554359958402025
0.00231198927641195
0.0017237593246329278
0.002176607991257915
0.00026890111583485814
0.22595710935534857
0.0724519992565027
0.11317278418136541
0.000996497144460374
0.10612398466487527
0.2803811298796571
0.004636103887025569
0.048938499511212916
0.5952558478484963
0.37366417190678586
0.31562512826581196
0.35864282461760605
0.1457189327283448
0.13661207079946885
0.2321779846517556
0.08296043279762441
0.30410524072350575
0.2516022032793275
0.4065725606003811
0.7852074712330124
0.9703041032857581
0.9975392345068232
0.9998379766985069
0.9892485695948743
0.8171162492998999
0.09946276001930388
0.06462989117597573
0.9026254115852941
0.9017827242208422
0.0026424830815241582
0.4837290573340533
0.010280793592833988
0.7690764968046518
0.22384523765421757
0.09085284868334732
0.12890556503309325
0.10551813900274241
0.014934813861105473
0.0006524440335191987
0.030304112472900005
0.012769822695599063
0.1828533977476378
0.9989701172424468
0.9954765644054351
0.3011468779320976
0.701317804714409
0.9876834796920956
0.9952300652719644
0.4426875866543526
0.9013651818861155
0.9748059463634278
0.9670558891698713
0.2654203923851351
0.1597556990076395
0.3006524565615332
0.5688953602154776
0.8489274608200729
0.03562900802542337
0.014852607106364735
0.9947146602769484
0.971161723864551
0.9769189149677739
0.578525297505889
0.9669080484836653
0.8819636127505813
0.11484914831501225
0.910189582945511
0.18066227797935877
0.23414940641156673
0.005861297916414692
0.9162316745638948
0.21306548581185591
0.5099242949507798
0.10840612004069332
0.028709103324728893
0.003959488186886835
0.0004381869970204518
0.8905946067397484
0.9919400259774434
0.025237203239029685
0.32305907604286743
0.37781711107854854
0.4870584699662305
0.15700431566046502
0.21168805204046745
0.046669940554560155
0.6503900198079705
0.9990498357268643
0.9786529149497466
0.977977778565213
0.9673056749523353
0.9507118768990064
0.99515288896039
0.9981785791028799
0.9638859216402843
0.34131912789554864
0.04985144507129687
0.917335402674641
0.7880386281703492
0.8834528586484028
0.8767226283986089
0.2585233846644105
0.547343148431272
0.8900552674890614
0.903636711197646
0.8806620071887875
0.9958282781879162
0.8096034699091545
0.8754254837079097
0.9212070921612211
0.9919193992073301
0.10301108870249079
0.11732900890306942
0.0321320113220621
0.0014560657054092146
0.012482989971667921
0.33440169623271077
0.43677911713752177
0.10370020058807182
0.7673678197341093
0.13129615508253262
0.047959002251315296
0.08684010586491414
0.18346440736532682
0.04510094024381695
0.9848908933391753
0.9926543895645534
0.997614298637312
0.9977657543920178
0.8053710932851561
0.35508576967782807
0.39481726155102626
0.9981598311293971
0.998779159428455
0.6146550575048014
0.6619142475338756
0.7323197127600788
0.8644993274439153
0.9017791549255595
0.041443476402822435
0.0459607612358606
0.057256543680513895
0.28293383276020434
0.811284494924551
0.7868690577478215
0.8864375755005713
0.16482620844938942
0.0911196878340622
0.7716139232320972
0.8070854511283415
0.0969893300561115
0.3052785193368676
0.013652554235685047
0.003641835332081927
0.010682291160397804
0.014333842671756603
0.2377587043289096
0.1416313890034926
0.012441809072082637
0.08741661642087113
0.04407157942822591
0.01192428666964925
0.5238239944263668
0.7674286579208607
0.03772688785183073
0.018794501545560297
0.31836795389318395
0.4636637950655367
0.3798310118346581
0.8227845559761476
0.691786183246412
0.5938694501559943
0.9096752763782637
0.9928109672814733
0.8799988075997257
0.8381487250188039
0.949804984218707
0.8666954837813147
0.845332276891668
0.9963530960343704
0.7010246421208357
0.16341372808784055
0.030071339765091222
0.912301087091476
0.9498167905932565
0.9597070346110268
0.9977618052303426
0.9708888688438514
0.11496012456042946
0.6708689710919286
0.9966876507252497
0.911706856501182
0.9843316143505654
0.9178306738989601
0.9942300528394044
0.05416932527593225
0.009546498262943567
0.019781292823499903
0.00621838505232624
0.02484417068498915
0.00034579637985113616
0.0005148696651028653
0.00042875607007399703
0.0006122510568951234
0.007118923991321373
0.7019858789914105
0.05267619161426434
0.08248430051560504
0.0264168496222886
0.830711786452955
0.9963741758102641
0.005366158377631938
0.3787347539451165
0.4153201789038524
0.990042138360183
0.7882902333156381
0.9136080559628823
0.8544218207159441
0.8879923450841614
0.15332627304675064
0.047182899096622447
0.014320858813458274
0.9781635309299123
0.9355089298776326
0.5850494578416743
0.9608871087650573
0.4622079880705244
0.989658325957798
0.03977630854245179
0.5680965110754841
0.2949506773960011
0.26255537793220757
0.7348736196344446
0.9877504146246914
0.9266721445564011
0.9841589458873112
0.9421103733195446
0.896751398349197
0.9971572626525652
0.967831950811814
0.9863880255653894
0.9857531720339199
0.9926190930020632
0.002456992806181084
0.0021383097659029497
0.9528426311912755
0.9969979173475608
0.9990788592877329
0.9960364751838049
0.999211353420028
0.9978221259108647
0.9633029104668411
0.3572338126109406
0.5627558610499576
0.7061686717323533
0.10064697841280021
0.007523135607030932
0.004536773300487713
0.003300265062859105
0.058565176844056835
0.8539065452595076
0.36614011710993327
0.0795852680480118
0.40410852515714624
0.08662171454345055
0.002286426545072127
0.17654325795483797
0.029255331007534243
0.2625292556092007
0.2528395159738667
0.4847415194440454
0.025111962314327513
0.5564708200914574
0.7968992695948096
0.0012415894832424898
0.02088843246180691
0.03368299192621703
0.1762485367743183
0.8336649982419432
0.004280816953479556
0.188279927973286
0.4448356241427041
0.11928080791643181
0.1089739060731068
0.0628029117624774
0.11267003844688238
0.6313604067522174
0.19402576567667362
0.9966558157132135
0.9829853073166301
0.00013933670171107973
0.003406656639163018
0.4483349383523253
0.9997056646593055
0.9990445052022126
0.9092955754365216
0.35143425799752576
0.8198668001304383
0.879051737839942
0.7422034059998815
0.907369686293076
0.48068301663065
0.39281746151012864
0.013230462857488655
0.06395203812791726
0.04171580631813137
0.7908395962210777
0.32457465479321695
0.8593825021797984
0.9991545417609711
0.9492285780295406
0.6427366374521026
0.020406829149965527
0.02396477568127463
0.00043435302820084715
0.00040612160349422016
0.005464182986567764
0.9994277898409502
0.9749931139035802
0.005788731136829813
0.16442466475275935
0.44964877777251944
0.9667216310814741
0.762522296390157
0.08377212492947257
0.695466596239662
0.988166032492952
0.9567696319018216
0.7689089821586479
0.4101623290736263
0.1653665586565592
0.12449376520800166
0.07519743398916846
0.5440469895129723
0.06468853177878114
0.09583964242483785
0.004460584019268431
0.33360832993769535
0.06497649451505128
0.12713214438003187
0.04393022767761236
0.17348087175972843
0.8683458892271038
0.5537147543515131
0.584352412525514
0.9705983336794758
0.8268163294596904
0.9774418299156492
0.930824034876944
0.26101481697839046
0.6288922195408075
0.9228725452494353
0.9792336154088281
0.6158908275457152
0.9879225323616003
0.9763283066907078
0.6998554940285487
0.5207108836192501
0.49532825583087187
0.2927004732902461
0.09566107479799746
0.011646888217658176
0.897880869558702
0.5669683898825364
0.4553992183127871
0.1068766773154182
0.01835481629233734
0.14796532628522827
0.3145371192377589
0.37278556993618456
0.030737738346571016
0.9130851947761743
0.2955841254348037
0.00010535630778532316
0.020883482729853253
0.13204599201102993
0.01093498317689001
0.3540288048087929
0.9092555236470199
0.20688947239570304
0.1477739215277054
0.28913766458216533
0.5840177078351069
0.48884564003562214
0.3858811943409811
0.0006084591418421741
0.018867814882623846
0.07285857156372906
0.005954400902283777
0.4931207981057476
0.8512905804949128
0.9951546501231605
0.0070095053690205425
0.12661354226112453
0.4571229338518766
0.8374565250016536
0.7475065496218365
0.21429855448998902
0.12158588952202357
0.9949873386509589
0.9017781277573577
0.9386408513602081
0.9724709405453796
0.7312528126845017
0.30252005738057974
0.08717580169646441
0.06651006423637242
0.6782214135830378
0.1877077834221323
0.863086042386204
0.5742512104449289
0.39552054565827605
0.7704680668096743
0.002101636827505857
0.006022169255466967
0.0023980211850380684
0.037031002024162804
0.0999574042753756
0.7484317239571677
0.133324136667355
0.03817393578561352
0.0703707904125612
0.34614194082640337
0.6048123108768854
0.6277880549466682
0.04013207568962467
0.9440926029186106
0.8127394508669603
0.0063191834376450495
0.0007356872627793421
0.6455715873597122
0.9778096435543059
0.13702634699488955
0.1510924940548223
0.06543880736782634
0.7403892993081758
0.011839218622941789
0.0010350238643157261
0.7311890834222203
0.7510043692794334
0.06369529358902311
0.6237559298826163
0.5811331723434999
0.9938559519118968
0.9467594683836225
0.9481896589340295
0.8843266897588907
0.9821552356564857
0.9557134017102462
0.5235452103714819
0.9146733980407525
0.9868321202143994
0.5105552879173298
0.29847894426805804
0.07208634618488663
0.426466055482489
0.9751211318631949
0.1030466256988275
0.5690521243552217
0.42143702063216537
0.062052147944634026
0.036878609194443704
0.025190820948757714
0.02444327336108212
0.10712762642544835
0.03341543477801041
0.0005477425967141609
0.12975557299094698
0.35007595473255326
0.4275483770729268
0.48878121238158756
0.7508359169669876
0.7257539371194023
0.9886107116823838
0.9992607265679281
0.9986751222915328
0.9923720211285436
0.0059485124182159675
0.41000669159474773
0.20999184802225787
0.8798356695751117
0.05119744421868255
0.006163289940992052
0.17727956115465535
0.02220250542134429
0.5489348962397327
0.4325380590291064
0.0015537667358195156
0.2722962921419884
0.9757192543836977
0.999724098969276
0.9923099657259935
0.9831385928099398
0.9628625345962324
0.998255503356192
0.9953953971000906
0.9976474092194233
0.981920624844853
0.7512557270712076
0.17475741958847543
0.8936364780315041
0.796385893118008
0.9818654172685091
0.8404183000241322
0.2728061729129059
0.0859264980782617
0.004044666024907059
0.40657463400818894
0.10122816083057064
0.30130301662937803
0.03317822699811033
0.012799404858488217
0.2121194438408425
0.021722214594192563
0.9804671313837339
0.2934055515053163
0.9327719864052723
0.9835981999699466
0.07433565429110836
0.07326691381765983
0.6543997315146385
0.268877633315203
0.16264695315269828
0.5494544522190961
0.0018636410848594642
0.0003016474928357053
0.4161739920885324
0.9441357741159482
0.37099305686931827
0.8231906991862274
0.8610037329976803
0.05654870324910645
0.033499924082037086
0.16640268167054847
0.4484228688475909
0.19019751317526026
0.051038953815282145
0.6485626340553454
0.6117276511727269
0.034008049965536295
0.34572145822225975
0.5270726115935097
0.271718523655223
0.9918232723853609
0.24858908255807363
0.9660823342022196
0.9985194906535332
0.26619348096428475
0.000015255614852805956
0.00009796262287986387
0.375771156368729
0.053491462574012806
0.23918842377841323
0.19915226181153328
0.4205401853558695
0.7873852778087632
0.9409462441668405
0.9774841347614452
0.9369922628921754
0.5782034047470328
0.6661343991352521
0.9707294497140945
0.932388113189752
0.19442462342107747
0.9590988188448456
0.8793725422597506
0.3654407539121692
0.11118765393793414
0.01285661905290836
0.03469443880738006
0.04048855607009372
0.15142321007862897
0.8135666159224222
0.3460653791601512
0.6895450103636197
0.2168612897426039
0.9261946793683781
0.7475622351427954
0.9028703176327413
0.869671170148789
0.6381128648788462
0.911327672358077
0.028833307645402994
0.06849552110772006
0.5903261175876046
0.9938511460926809
0.9485707067314065
0.527842296944374
0.006346520877164776
0.0025312909693458703
0.058566738191196434
0.9646230746765733
0.004153365426790727
0.360527268308003
0.46838239739119725
0.0030521194600820496
0.544508389166998
0.005250090724309357
0.04343637588107323
0.011847929613194684
0.055478958327670545
0.0009312794551121225
0.00954338577208017
0.10261404402900072
0.14104038767043686
0.19288626608501636
0.4046841042342823
0.9931592166866314
0.978289079289316
0.5865354382928498
0.5220687492665715
0.9795944442139093
0.905251260557308
0.9936438116275554
0.6725984828728349
0.26550264704069493
0.9574147534012701
0.07080589906597838
0.984623702863923
0.6173770123208998
0.05777786155662663
0.015525889168933781
0.3470381113455983
0.5496319237858058
0.5367983473981747
0.9246603049762123
0.9991601359572109
0.9984455414074328
0.9172106144965233
0.9476504009809661
0.8051279482228026
0.728223629198524
0.912056715954261
0.709260366331635
0.7566660489611943
0.39874348946118393
0.5931496495663352
0.1972230618974679
0.025137773544377354
0.04763886940163786
0.7606574238453355
0.7385339243837015
0.07952884057468271
0.38573545544268795
0.9980206915135986
0.9957013146750918
0.7502088557943908
0.1246489353569792
0.004020175326699336
0.053899685897070684
0.9770609405897024
0.9291549241489413
0.13015685386245052
0.4383364497530377
0.9016952283272512
0.02686760490199955
0.1850267872624362
0.6884566923497327
0.6491751252301052
0.2409372369736452
0.9617698538050017
0.9989740072586796
0.8089479123940049
0.3028707811733983
0.5192681336261399
0.131047617145906
0.2854396617353442
0.9383813082149259
0.8843956504938151
0.05981028415899477
0.7098444600140827
0.9854301794657339
0.22203737912566548
0.33293332083971106
0.20792894632267925
0.9530482232408779
0.8293918476938386
0.9119037728385363
0.7035876132747295
0.9816175105334842
0.9903870307288476
0.8771298835229572
0.9850623230592377
0.7602111869658895
0.012313631154916292
0.7919261623744158
0.9350176487103302
0.9067174470384641
0.2580465140810422
0.4329264251443781
0.026316954603155796
0.47887599909085954
0.39885940730057384
0.004940963495066071
0.42936511532076005
0.8385183977320696
0.04912844156816482
0.05645256255814781
0.9999249621637225
0.9517714688284945
0.8785975743965398
0.8879114513241476
0.23948181450920683
0.9958247059545292
0.5444553721424666
0.6550163266199613
0.8647707517569335
0.03161164948718514
0.8555817325603801
0.9945879342671987
0.9839721362854962
0.9663085357718101
0.4007052788508378
0.74784306773678
0.9267387085012142
0.05863121753364444
0.5996269167791047
0.15735495406002348
0.1861239389136501
0.03290125615353205
0.007603407656692401
0.05527659042372987
0.9452428876072297
0.9747506409416588
0.9973111344855653
0.9992550204610163
0.9759851777513913
0.7585668279683577
0.7863847606096875
0.0006389022966359646
0.03175480958754341
0.1160314248884943
0.19402188287641278
0.04612309917772377
0.29535232433186603
0.6626716419850112
0.3160766500928227
0.9888675318902662
0.8748740620731533
0.0901464560733839
0.9964450953533015
0.992666674220729
0.3453105219854545
0.6471173623830806
0.9061900019840824
0.9790816167573886
0.9364575989870515
0.9933474926323643
0.6794371812406493
0.9219030928452906
0.859928462301637
0.8503475981099359
0.5074742932888195
0.004103530818153342
0.17957325174439448
0.9918651479232556
0.15527284254845108
0.5723373125332243
0.6631910383560946
0.20768214282118305
0.019916503793758925
0.30517123017165204
0.040447068554036326
0.13455502846729622
0.09455804747873715
0.06207409829569408
0.0998932503878851
0.018277916089507004
0.22603232422839256
0.6748447812805336
0.9994738580840486
0.782487261367453
0.8079606805757044
0.7925121463023668
0.0988607898642125
0.675743010041216
0.4207945275793692
0.31098110318004224
0.5863679158115007
0.9896074736000313
0.09605075393542911
0.047939099422538496
0.9240285491717114
0.483645322315481
0.11624965223475928
0.008297500935895494
0.749180482346395
0.9856102744185393
0.7688829942467456
0.40083341981157
0.4269387745660166
0.8784391450937612
0.07620482813060402
0.038401354740083535
0.21180717322568435
0.9120472607640983
0.7055235000823548
0.6210108185257781
0.7293745857529359
0.8521597461983814
0.6860793630685278
0.6093716254389214
0.4600119091795622
0.794908446600068
0.22415849925459713
0.011745311435239282
0.6321499461519878
0.010116158050604713
0.6131834999824405
0.8663153499278152
0.49576628021828567
0.470381959583185
0.4259586376981262
0.0867389019023713
0.7421532319746226
0.39017210511846495
0.9237750868577304
0.5266022628112029
0.7810866199571006
0.8133062941405336
0.516046305481486
0.9622316691098378
0.1996358257515279
0.679544111399565
0.9879660046295135
0.3727416147488656
0.5825081136233226
0.3256855694879361
0.6511676248973943
0.9300414191441666
0.0932096841608568
0.5208852668622268
0.5881311634580023
0.6351859577053727
0.6374489840594356
0.37193295767356604
0.9094349478425837
0.8848546988830833
0.3302640666047307
0.36554472199237636
0.26700711873927563
0.13276770948947034
0.3599465489983957
0.7999544311370328
0.4142448028966975
0.014891229512422225
0.2020609243691816
0.9760289932177053
0.9616553933636178
0.7069309986091743
0.9767611920263007
0.24456774812824486
0.014570867023701278
0.987256222334997
0.9663081215423597
0.925743481612434
0.9040145206132318
0.9124764789900295
0.9781072945760029
0.9631250036067951
0.5129517356915491
0.5418963278118715
0.9694081295845605
0.8359895626586635
0.8053228009506892
0.5696777454047375
0.45529817465324746
0.1766688917888021
0.9525956853881693
0.4913068554103604
0.14428461232969533
0.7405213236013936
0.9427830662500472
0.8466910553520949
0.03787613046149662
0.05619701880616871
0.23216968242609745
0.556958051355268
0.005071226056767993
0.007750312079205916
0.5216663416076432
0.8119473825297511
0.5257801212304879
0.6563967328611697
0.007363396911786347
0.1144210540740734
0.01311535028066896
0.020346596373566665
0.2247457954333513
0.005057442386146977
0.7464330449365444
0.9524787857716841
0.9977034444068512
0.9581776159375133
0.38921928458095534
0.44376763611497755
0.9072873799558961
0.9913165646866806
0.7731701186196198
0.36821767554815654
0.5682898248730054
0.8132788135353546
0.8627695944954804
0.7225074165541289
0.996258673234827
0.3435257029619435
0.8373130461186594
0.995086789545485
0.9889782048210979
0.46384132678068896
0.9198516182110286
0.8236864236349659
0.005629912305537267
0.04877518595237501
0.47738287113350414
0.008068196729354282
0.0013552774169267486
0.42845208726607686
0.33558455212869265
0.017663286386272826
0.7217498628772708
0.027853550006448537
0.20069416641938664
0.2616993862102007
0.06776811023049929
0.020845858890755506
0.30395264975053515
0.22227158490965082
0.20100557675011504
0.8322841556329209
0.14810560409508397
0.9785095446347375
0.11022566229112497
0.9548255975677616
0.8714792840162124
0.005860415783420013
0.045697221653316064
0.32834489971114417
0.717415089190677
0.29934846899459655
0.3175462519664524
0.38905309865290305
0.04120991283901521
0.024512401325081413
0.9159234117543483
0.3936933720643309
0.16072847317734743
0.01623509853289814
0.8312638793064352
0.4282883022879521
0.18838497593469916
0.9036308215704728
0.0024398079368796064
0.0013771699115910036
0.010117195302289246
0.028401561321470595
0.09114644248402028
0.023035118011522925
0.1189703780949947
0.7099951739496473
0.07097487099664605
0.0026661853241654603
0.3352986715451595
0.6170751086297798
0.473080210929741
0.008123166181734132
0.13365665356221323
0.7640515936510884
0.011870973871326703
0.00327914648388543
0.9917618282796152
0.9986015459778602
0.7980021453573909
0.0007821303709536878
0.002134417152396151
0.9797277784691016
0.8970966523956605
0.8340659982203662
0.5999196401841893
0.18204546542315544
0.30046926105430954
0.6921809678894746
0.4016174725808336
0.5272832976066318
0.9446700176917664
0.9937032044694941
0.5819481221163714
0.9677184202079896
0.7806183103246733
0.6053415376436514
0.20134902722948073
0.998892959032568
0.7378855095284216
0.5469850140208301
0.8182868826605922
0.8747829397178041
0.03568647081462483
0.35775478873145183
0.9739656556577376
0.5517381021883359
0.9949669457291584
0.22393867680011598
0.435674263360814
0.9990502247300148
0.47587218572354734
0.4451166106735575
0.060005738091942054
0.6358991517642126
0.9977359783628915
0.614732119021986
0.9315221864101897
0.8877512627488733
0.6965955088925558
0.9640837408576571
0.8177704020566451
0.8730865341010532
0.91379300827738
0.9353262127054165
0.950556685363399
0.7403283740600238
0.9502281269967123
0.05848521429085322
0.007147347305029988
0.24144574848229966
0.9987954670363175
0.005115815139361871
0.848715387136329
0.9387950888566206
0.6826903513612484
0.18469841429715605
0.9623498115900027
0.31415185307577437
0.4079432776749898
0.03664635770945555
0.7974983851534557
0.7286913156528432
0.4585739823714109
0.3759022667391174
0.37052025701592434
0.002639157579274701
0.6761401855969507
0.506737978796282
0.08150752742120335
0.9671160296557026
0.9997281877633379
0.02384253279669867
0.007424832872777271
0.17099838066180215
0.0038839973244491075
0.27424610116954196
0.8026213685760843
0.8216410357809641
0.12595228207320064
0.060959067400224595
0.6269624941896194
0.7486976126980694
0.9200293552447043
0.809715156211228
0.6926728586633244
0.5552648030979842
0.9051793108005189
0.8991211365185605
0.25278449635355776
0.9920331180472975
0.9998719371999744
0.15606548819423322
0.9609337953678911
0.9283603495822332
0.9985698464702186
0.9778480430687644
0.6414725449701061
0.9975988461485847
0.9499266627772078
0.8917829046890486
0.9954852783120228
0.8991342805163897
0.6826818494125673
0.9685806261176645
0.6157752562262123
0.8256830059577287
0.8055635007206747
0.02052873177491292
0.8880984023766321
0.9964359387465513
0.8927212857445294
0.13176859034268
0.02115323224041518
0.41222192404347735
0.3516482904355025
0.07233367115267117
0.32193819445574623
0.05818706706260869
0.010581207133355827
0.009449224207248978
0.03579112931971858
0.08283164931145112
0.23498961688123005
0.012151766750824237
0.035241779751683217
0.07386389267903776
0.45467593726661865
0.8382884415211173
0.8292079199713943
0.6325244787802553
0.31987598627545943
0.3284526010933775
0.8911376761781659
0.7424533326626366
0.28742474396286366
0.638060755406735
0.572470242863811
0.7251061682322973
0.12651954803982335
0.2630887194296474
0.985994237184746
0.9851007297464593
0.39408180964808875
0.850927976245747
0.3930254214249992
0.14962124741388677
0.01588958499399364
0.0027582252070353186
0.011469828695082491
0.0017785236255592194
0.5313941622271989
0.7105130526085827
0.02506963842683731
0.2840043658318699
0.3854459763789741
0.07284335688791195
0.8240059496071745
0.9748681761704818
0.9836297223255019
0.9670435370023659
0.9979706992821566
0.9554402138140541
0.9912881431305922
0.9778933242660615
0.18857958543008616
0.04101785736896834
0.28603333401044745
0.7052510745232182
0.04915401483218092
0.8603566394843102
0.2031643632253703
0.36609143060532945
0.846054379003991
0.2725661019259927
0.4154937021241052
0.13057401225029042
0.5094691702575186
0.7333247298934402
0.6457236848492669
0.45230448932993783
0.5665492666970184
0.09673102108634365
0.1751804344695055
0.15551525843516742
0.40956002157871196
0.6785092372589497
0.02636026985320014
0.00020785835147679355
0.0042678478538529414
0.108634639637398
0.21518763519618164
0.005929693653232358
0.054465842789665486
0.4398628878057957
0.032610901647553384
0.013037285585575743
0.32429744571383134
0.0008430477827484229
0.03886489743886354
0.05854560616347735
0.1517987111496664
0.0009448613562087446
0.005200044341472619
0.8071984538656296
0.9971915392487087
0.017675196982874085
0.20531397751160985
0.0816122317458277
0.006240804820057662
0.0011405343586124753
0.7339264273058292
0.002019863302408691
0.0032003748956134326
0.009216752085908336
0.010693780574113227
0.08584775563452549
0.9947642066132456
0.08152819137810398
0.2846221698026334
0.027923173524934168
0.8186749277222317
0.53604987496338
0.6081604897135376
0.27971813663764267
0.18502697003907717
0.030464725939267415
0.08973680463475248
0.8543406647331746
0.5360727314532314
0.5199482659133016
0.8099135153863843
0.91913768532628
0.9676597272327491
0.7885709539326886
0.9642354144554965
0.9539848817912153
0.938076083508008
0.9970734823794356
0.658720265829349
0.11071729730023498
0.30292850055692094
0.7539406651634691
0.6417490619739291
0.9680480831700286
0.6932345437417167
0.6158814181873087
0.10268025360111259
0.12123283658205065
0.07887030225311516
0.051242059999535
0.9893624369769414
0.011698120019638212
0.011123607022978682
0.7810459154620094
0.8976754407297026
0.8355205587887108
0.015678758081960092
0.6416118865624965
0.9555549042355637
0.9863646919745759
0.9909751048611075
0.9922048495489082
0.4470883444791214
0.5604612509332342
0.8413727804340778
0.9684938073460241
0.26416973310720365
0.3705244598578994
0.5877371555544486
0.04396391897268151
0.40802509491042277
0.7546021954325417
0.1431534468625923
0.426066489438172
0.8954956785555453
0.0406663959697945
0.040853424482894904
0.9829750003107388
0.007476619300162571
0.26488250684672926
0.007227976637477916
0.10889523143318172
0.013031774987566315
0.37712445291258706
0.20750518611056992
0.02769881390886965
0.998709714855934
0.8907158611328438
0.9916322593900424
0.9788187887116483
0.4221721280002098
0.8867593599961696
0.9081133386754595
0.9979229220288638
0.9515059264719327
0.9602782095249287
0.9315626892164992
0.9929421955654784
0.9844885126175383
0.9890215979277338
0.9075848960837332
0.8917932941353639
0.9466310453724237
0.9768023911843375
0.027385996221656647
0.6185208961807716
0.7490266685437491
0.02805386394498281
0.5245651916752382
0.9166131827532994
0.30801292498443883
0.552981171709299
0.8852250904336545
0.7275366166167324
0.027664690607963435
0.008445940597058593
0.08139220881353267
0.02706692741414853
0.09020846005157443
0.013730615718259388
0.0038398007624007788
0.003159562019752668
0.405653378959681
0.003516043338958679
0.003709558577394061
0.0010539484446139696
0.001783261376760017
0.02527831447482065
0.05088742181888373
0.26593295229394487
0.5003608821477579
0.17574798330791083
0.016318903457923008
0.011569536471826687
9.137016209060174e-6
0.0003461261517085954
0.21781142740367623
0.7564846900713476
0.08686958970769935
0.9665874684882724
0.4620433693303199
0.973842307344929
0.927045511124628
0.017380480523469886
0.04299517207845831
0.946694416383687
0.015244792245959574
0.09757077578377539
0.5246109907899118
0.7314479166680182
0.9914602042186336
0.7490624908000277
0.9283285390992154
0.6207294290728448
0.42603262557081645
0.7194371376195442
0.14502987331046382
0.09535162969538044
0.4984108985625227
0.25004797667946094
0.0053229584843367175
0.07754970548979909
0.7670270005052217
0.9975288419090805
0.16588109957309669
0.062069113321993
0.0030916021740768997
0.11586827147439158
0.10871302307846749
0.005344972025145523
0.0008258072506863696
0.08363650440763253
0.0025232224456809386
0.6590900824195273
0.8902457015129892
0.495823616607966
0.9953401363767148
0.9980665636384094
0.8460663187626778
0.19660563796030706
0.35021742024054486
0.013785178031321845
0.0405144267887263
0.02040599132311649
0.36839343320653223
0.9361680077887201
0.7083860667119355
0.982984184596216
0.7180402682646324
0.8035799209486113
0.39535973837792365
0.8609914142033934
0.6740947856595446
0.6769825745410396
0.9903870488776909
0.8979856064831783
0.21738670649401187
0.9867545133328095
0.982310027406649
0.6067331180510629
0.8988269751081438
0.07206618565584434
0.43582010728240483
0.947721306142571
0.0247182811107681
0.002614724072348331
0.10007913818429093
0.9904495461954678
0.9818163963444505
0.003994562470938647
0.938691148860053
0.8439064736820533
0.04990671821425539
0.04391778512820734
0.9854744146890352
0.6459847491529765
0.05341130435322972
0.055267031541007594
0.17830365546880506
0.617776673930371
0.23406498404864123
0.6928863464216909
0.9922685257646724
0.3387181870543387
0.9516025479451412
0.757125995000942
0.12011582734702407
0.42537474886531734
0.7087826911297238
0.9345510052841682
0.7248678347396706
0.00897954372718311
0.08100316196286433
0.6556810312789806
0.304230285458915
0.8645105530357875
0.46559090730395186
0.05005561264980127
0.5098984012693483
0.5374895604941395
0.432614212403197
0.417078797388775
0.2233304214268125
0.13398180762181977
0.8223351606829264
0.5242809382064186
0.33169356215103596
0.001485433865266867
0.04157130872865617
0.033019120623620835
0.09018519358188361
0.22394271663891413
0.3122484917113775
0.24938170626562334
0.3465135089014037
0.11075168659405095
0.06945703767026368
0.3122449692258337
0.015560376953429886
0.056486626149324363
0.6230096554463522
0.0022282796955521663
0.0004313394795608455
0.00684863501591158
0.780027044466232
0.001309215532658865
0.002854868855863784
0.18902317284656642
0.03275658394244087
0.08709606317941189
0.033087051469239556
0.022127576224030172
0.2666426341273905
0.4694917765011174
0.515747598443942
0.10308232466659499
0.4841597121478068
0.11258270325749331
0.2983003236059951
0.224173181766938
0.6807562097532635
0.33491863117874815
0.9716753593035429
0.8336975823987359
0.6566352222999431
0.012980647341140808
0.3061519096774771
0.19600996750728908
0.0069208323242455835
0.6228623276578363
0.023051147039525374
0.015012796869820306
0.01006871225257544
0.0012398141104203399
0.5971584151842162
0.26318269615690854
0.06226668759696033
0.9788638300763994
0.03762555068341983
0.7789387353588593
0.919600888580819
0.08314832862791335
0.35381783057767513
0.668837267894102
0.06209839636064668
0.000037634153978195766
0.2823100484104085
0.06034743230595272
0.0023835015732701806
0.015354026036879749
0.8702400583167843
0.9187721455217308
0.2263730261874035
0.22811126188617706
0.02635961915356278
0.923014775535392
0.5049392312459735
0.6000382056705305
0.0032235837371923093
0.5036878368984239
0.7279762181641133
0.5562391614619178
0.19289887931536817
0.741745429347174
0.6866985912422018
0.9750101587657065
0.3377539995864764
0.8350229748711644
0.8452946271158935
0.785414548399076
0.8349518569969527
0.1300224172156103
0.0033344268309337486
0.03409657012833178
0.2862869529889742
0.3306332323193694
0.4279516325824791
0.6019299473482199
0.236547354238013
0.004374148284885667
0.008435584472134078
0.014022221893574736
0.0066862644469050025
0.18159563211081056
0.03375638964576202
0.012780429988796844
0.020567818711196315
0.007216243482400721
0.00872300875828179
0.053598656588208664
0.02710438429224374
0.037275041230496374
0.9542653696254783
0.1377319830162336
0.2860529621287591
0.003055992009538118
0.003821191619764239
0.23575086500673126
0.18314314933400694
0.016648798677662658
0.35685920164207835
0.02694508382976753
0.3670998525930815
0.10347141656751065
0.007380166501241403
0.0009729564464547567
0.4878581404578235
0.23823645493610165
0.14439367856291452
0.12528006862116717
0.06921402219468484
0.0028803731556848416
0.0033210009031076375
0.0162805311261892
0.4393537587476277
0.1766804523765744
0.01050167113613835
0.009223745281985137
0.055613775823944216
0.02062192460086828
0.04010757980694152
0.011726297351171838
0.1884018163615469
0.31377241990939986
0.0009452347023716879
0.0020435710909732893
0.7895903959906988
0.11837357681935534
0.3506530311762047
0.1324763159532094
0.23544079961490086
0.42703804660817585
0.9418036190048059
0.8700696676790837
0.9420089022272861
0.9135095405376602
0.8995832552424011
0.7530707176506363
0.5724279700561526
0.5165721391986583
0.9824800953400354
0.9993614175603626
0.6172765437430394
0.2841602396087446
0.09079685920076355
0.9943212425882054
0.8188069678803839
0.9514691636401128
0.8077107371068019
0.24530123816152472
0.2654693738917115
0.9837875130231581
0.7603055425008116
0.08942251783124401
0.008594482115335254
0.14789907092097407
0.28000062800943554
0.2491896538944861
0.8839720745658415
0.9742646035034233
0.8467751146655998
0.9591102693171363
0.9696390063942326
0.7869182991191833
0.6666246806263572
0.008492681436511513
0.0018634411431236936
0.18264977124268797
0.7019827187739738
0.2904062498780507
0.5767391079034379
0.9928897233762889
0.9841138977288615
0.2737978899687875
0.1888231814493887
0.8029398374040583
0.966342775618311
0.9903264830019999
0.7608852359304529
0.7731801612901839
0.366068272441956
0.4980362920733193
0.6388770375901314
0.4484520974676353
0.06111308267600566
0.10103311995466686
0.011817016403368059
0.030115037999139324
0.05572932758672293
0.4729634055406118
0.007226251949028753
0.004508248660093382
0.32140865373671323
0.05340163282311268
0.007217413648910407
0.002435212658230489
0.000020682193204138648
0.00002130412002177765
0.4306948890989306
0.5577251597528631
0.0008504450377269439
0.009094421176288704
0.7097386934537541
0.9797129963347522
0.027295905369061704
0.7070231878805104
0.974868662940603
0.9811014383682248
0.9421775590646915
0.9776743236180266
0.8784419281465272
0.5578779820126404
0.4255234414382135
0.9697308018993132
0.99543892499044
0.40202514950349083
0.9850703565286407
0.9850973182991216
0.9877210134615466
0.9453199079010566
0.976685687127143
0.9868285623679738
0.998424094370466
0.9734350913316543
0.8159457512179819
0.9539411593270221
0.9448699789422408
0.9908465005116907
0.2704728189670273
0.9990737612999804
0.9095245840422607
0.9781128841365769
0.9628818840494285
0.6598476187107776
0.27558221714488096
0.15701774267514496
0.6314319254009804
0.21204219048845083
0.8592157756669966
0.994858454925725
0.2157611171536364
0.876049240628435
0.48897802707836935
0.04585341086980693
0.5956351080391145
0.7852220686634354
0.2523756383679401
0.032413879379907334
0.11438054125849591
0.06767721041568922
0.031846841156381575
0.9309089925127566
0.7757087496341167
0.7669853183312775
0.9734657739638547
0.8216910832015504
0.06867208987702422
0.31893189662059496
0.36861913531763957
0.12035624045663172
0.0648097964853941
0.5689788822763158
0.8891344426230883
0.8934677749382354
0.5264865162874037
0.8875418325956486
0.03807005064133266
0.03374941629380421
0.013919485821334808
0.0676661712534769
0.7743723784922821
0.017667875776894645
0.7436919491037848
0.9945431537974976
0.9344655767250017
0.07325574375941282
0.018492074182483137
0.8047513020649923
0.710763482908583
0.6334838903628586
0.019620632288480492
0.036234016449714156
0.16377173210737145
0.27037705593273187
0.004505355814415637
0.24086782958404435
0.8704749351405839
0.029462587693138538
0.6231462927334208
0.987691417154255
0.8821239965062376
0.794563688649908
0.959485958285899
0.12491449493010819
0.023590387904871647
0.01948127447782926
0.002437957061667542
0.6997680440598161
0.0022721506068674596
0.9839733478667236
0.9104076758716143
0.010338348119203925
0.9294437276380737
0.5035745217608052
0.12131901189950886
0.837090965110946
0.2547981008527473
0.9991723092071144
0.995076245408034
0.995965376896019
0.7961539841191294
0.8159268889048426
0.9107829039324913
0.11217972340104382
0.015601693940432149
0.2528548394803626
0.002228813186040876
0.039335356488041526
0.3729879469252215
0.15985977632020731
0.045943407777896274
0.03882504056514605
0.1303665073407543
0.8665221545144519
0.16463831881020793
0.16637529439471102
0.48181572629185115
0.013400483924001299
0.02998141689685845
0.03532763896643208
0.07827480560810234
0.006793174673786393
0.7447744970330902
0.9320519622106456
0.711349821884374
0.2724652083299721
0.8302798948870681
0.9873663955516596
0.960934091421714
0.9715267943855044
0.8988366575554085
0.46241301887786557
0.01675821284351371
0.001172109617046162
0.23215431205117434
0.9809219572763379
0.9815045150195182
0.9619204183050466
0.9833547106199688
0.0037410344510150793
0.02993660505630222
0.24913428437947338
0.14502346846169362
0.5368793238938332
0.14830934194610523
0.7563713897568451
0.9995957453123798
0.9971860918033377
0.8368396962419874
0.9619455247143911
0.1543144487093646
0.26744656522813465
0.9843048959714015
0.9840310862025863
0.010914118567433186
0.16383157079019264
0.20541293971461325
0.7757929053411229
0.6940904667413914
0.010350727429682164
0.005265768085028737
0.6920145422910848
0.7287840407712298
0.8633266084113808
0.774585017664193
0.7692575830280186
0.8984294618760853
0.8016472017664626
0.9568579755881286
0.3503404251340642
0.7241757734795824
0.9875920909159206
0.936110492470055
0.6164446456283209
0.37283847913448637
0.9828551891659368
0.992564139821384
0.08792326379623215
0.0231667336083606
0.1669879668879825
0.07349191658756174
0.9958024822974372
0.9783434725646792
0.9629178618839698
0.6699442932303523
0.4257144250143986
0.788578520082961
0.7935528183556985
0.952136663384994
0.6403100889485115
0.9051541678148887
0.5277539351282229
0.9992800091768969
0.2870356310744917
0.005067223790027258
0.08359259210643631