feature_set,n_features,model,algorithm,n_neighbors,calibration,K0,mean,mean_err
30,30,KNN,auto,1,uncalibrated,4.67,0.0,0.0
30,30,KNN,auto,1,uncalibrated,4.7,0.0,0.0
30,30,KNN,auto,1,uncalibrated,4.72,0.0,0.0
30,30,KNN,auto,1,uncalibrated,4.73,0.0,0.0
30,30,KNN,auto,1,uncalibrated,4.74,0.009708737864077669,0.009708737864077669
30,30,KNN,auto,1,uncalibrated,4.75,0.05813953488372152,0.01286200741290632
30,30,KNN,auto,1,uncalibrated,4.76,0.18876404494382035,0.027613945454931472
30,30,KNN,auto,1,uncalibrated,4.77,0.421978021978022,0.022896336852763252
30,30,KNN,auto,1,uncalibrated,4.78,0.6791666666666683,0.022507163762565074
30,30,KNN,auto,1,uncalibrated,4.79,0.8695652173913043,0.015809727702370414
30,30,KNN,auto,1,uncalibrated,4.81,0.9923371647509581,0.007662835249042136
30,30,KNN,auto,1,uncalibrated,4.82,1.0,0.0
30,30,KNN,auto,1,uncalibrated,4.83,0.9976470588235201,0.00235294117647058
30,30,KNN,auto,1,uncalibrated,4.84,1.0,0.0
30,30,KNN,auto,1,uncalibrated,4.85,1.0,0.0
30,30,KNN,auto,1,uncalibrated,4.86,1.0,0.0
30,30,KNN,auto,1,uncalibrated,4.87,1.0,0.0
30,30,KNN,auto,1,uncalibrated,4.88,1.0,0.0
30,30,KNN,auto,1,uncalibrated,4.9,1.0,0.0
30,30,KNN,auto,1,uncalibrated,4.93,1.0,0.0
30,30,KNN,auto,3,uncalibrated,4.67,0.0,0.0
30,30,KNN,auto,3,uncalibrated,4.7,0.0,0.0
30,30,KNN,auto,3,uncalibrated,4.72,0.0,0.0
30,30,KNN,auto,3,uncalibrated,4.73,0.0,0.0
30,30,KNN,auto,3,uncalibrated,4.74,0.010517799352750809,0.005663430420711974
30,30,KNN,auto,3,uncalibrated,4.75,0.06589147286821823,0.01186675202716096
30,30,KNN,auto,3,uncalibrated,4.76,0.20074906367041198,0.022428172167160837
30,30,KNN,auto,3,uncalibrated,4.77,0.461469534050169,0.020605507435953494
30,30,KNN,auto,3,uncalibrated,4.78,0.7006944444444444,0.02469919339413712
30,30,KNN,auto,3,uncalibrated,4.79,0.8902356902356905,0.013417413363751657
30,30,KNN,auto,3,uncalibrated,4.81,0.9930025445292618,0.006997455470737934
30,30,KNN,auto,3,uncalibrated,4.82,0.9974747474747366,0.0018745138610051454
30,30,KNN,auto,3,uncalibrated,4.83,0.9992156862745284,0.0007843137254903032
30,30,KNN,auto,3,uncalibrated,4.84,0.9993815708101477,0.0006184291898577788
30,30,KNN,auto,3,uncalibrated,4.85,1.0,0.0
30,30,KNN,auto,3,uncalibrated,4.86,1.0,0.0
30,30,KNN,auto,3,uncalibrated,4.87,1.0,0.0
30,30,KNN,auto,3,uncalibrated,4.88,1.0,0.0
30,30,KNN,auto,3,uncalibrated,4.9,1.0,0.0
30,30,KNN,auto,3,uncalibrated,4.93,1.0,0.0
30,30,KNN,auto,5,uncalibrated,4.67,0.0,0.0
30,30,KNN,auto,5,uncalibrated,4.7,0.0,0.0
30,30,KNN,auto,5,uncalibrated,4.72,0.0,0.0
30,30,KNN,auto,5,uncalibrated,4.73,0.0,0.0
30,30,KNN,auto,5,uncalibrated,4.74,0.012135922330097085,0.008252427184466019
30,30,KNN,auto,5,uncalibrated,4.75,0.06569767441860465,0.011848959038908452
30,30,KNN,auto,5,uncalibrated,4.76,0.20584269662921337,0.02355373509798452
30,30,KNN,auto,5,uncalibrated,4.77,0.4720430107526984,0.01986781889567799
30,30,KNN,auto,5,uncalibrated,4.78,0.7083333333333334,0.023833916076791764
30,30,KNN,auto,5,uncalibrated,4.79,0.9006085192697769,0.012120418047811162
30,30,KNN,auto,5,uncalibrated,4.81,0.9942748091603053,0.005725190839694638
30,30,KNN,auto,5,uncalibrated,4.82,0.9984848484848158,0.0011247083166033513
30,30,KNN,auto,5,uncalibrated,4.83,0.9995294117647152,0.00047058823529405017
30,30,KNN,auto,5,uncalibrated,4.84,0.9996289424860799,0.00037105751391475433
30,30,KNN,auto,5,uncalibrated,4.85,1.0,0.0
30,30,KNN,auto,5,uncalibrated,4.86,1.0,0.0
30,30,KNN,auto,5,uncalibrated,4.87,1.0,0.0
30,30,KNN,auto,5,uncalibrated,4.88,1.0,0.0
30,30,KNN,auto,5,uncalibrated,4.9,1.0,0.0
30,30,KNN,auto,5,uncalibrated,4.93,1.0,0.0
30,30,KNN,auto,7,uncalibrated,4.67,0.0,0.0
30,30,KNN,auto,7,uncalibrated,4.7,0.0,0.0
30,30,KNN,auto,7,uncalibrated,4.72,0.0,0.0
30,30,KNN,auto,7,uncalibrated,4.73,0.0,0.0
30,30,KNN,auto,7,uncalibrated,4.74,0.01352288488210818,0.009361997226074897
30,30,KNN,auto,7,uncalibrated,4.75,0.06602990033222828,0.011969171367050441
30,30,KNN,auto,7,uncalibrated,4.76,0.20738362760834658,0.023296054647225315
30,30,KNN,auto,7,uncalibrated,4.77,0.47580645161290325,0.019907211056589717
30,30,KNN,auto,7,uncalibrated,4.78,0.7125,0.023702637063822515
30,30,KNN,auto,7,uncalibrated,4.79,0.8985776128633198,0.012115531338277597
30,30,KNN,auto,7,uncalibrated,4.81,0.9940021810250819,0.005452562704471142
30,30,KNN,auto,7,uncalibrated,4.82,0.9982435597189695,0.001393721395109999
30,30,KNN,auto,7,uncalibrated,4.83,0.9996638655462092,0.0003361344537814801
30,30,KNN,auto,7,uncalibrated,4.84,0.9994699178372902,0.0005300821627351495
30,30,KNN,auto,7,uncalibrated,4.85,1.0,0.0
30,30,KNN,auto,7,uncalibrated,4.86,1.0,0.0
30,30,KNN,auto,7,uncalibrated,4.87,1.0,0.0
30,30,KNN,auto,7,uncalibrated,4.88,1.0,0.0
30,30,KNN,auto,7,uncalibrated,4.9,1.0,0.0
30,30,KNN,auto,7,uncalibrated,4.93,1.0,0.0
30,30,KNN,auto,9,uncalibrated,4.67,0.0,0.0
30,30,KNN,auto,9,uncalibrated,4.7,0.0,0.0
30,30,KNN,auto,9,uncalibrated,4.72,0.0,0.0
30,30,KNN,auto,9,uncalibrated,4.73,0.0,0.0
30,30,KNN,auto,9,uncalibrated,4.74,0.013484358144552318,0.009169363538295576
30,30,KNN,auto,9,uncalibrated,4.75,0.06912144702842732,0.012206115162593992
30,30,KNN,auto,9,uncalibrated,4.76,0.21023720349563044,0.023557493375711135
30,30,KNN,auto,9,uncalibrated,4.77,0.4784946236559242,0.02006488879961329
30,30,KNN,auto,9,uncalibrated,4.78,0.7125,0.02371979343972126
30,30,KNN,auto,9,uncalibrated,4.79,0.9044399368942979,0.011897872650776272
30,30,KNN,auto,9,uncalibrated,4.81,0.993638676844784,0.005513146734520691
30,30,KNN,auto,9,uncalibrated,4.82,0.9984061930783239,0.001307960529721799
30,30,KNN,auto,9,uncalibrated,4.83,0.9994771241830251,0.0003675216786586373
30,30,KNN,auto,9,uncalibrated,4.84,0.9995877138734114,0.00041228612657175865
30,30,KNN,auto,9,uncalibrated,4.85,1.0,0.0
30,30,KNN,auto,9,uncalibrated,4.86,1.0,0.0
30,30,KNN,auto,9,uncalibrated,4.87,1.0,0.0
30,30,KNN,auto,9,uncalibrated,4.88,1.0,0.0
30,30,KNN,auto,9,uncalibrated,4.9,1.0,0.0
30,30,KNN,auto,9,uncalibrated,4.93,1.0,0.0
30,30,KNN,auto,11,uncalibrated,4.67,0.0,0.0
30,30,KNN,auto,11,uncalibrated,4.7,0.0,0.0
30,30,KNN,auto,11,uncalibrated,4.72,0.0,0.0
30,30,KNN,auto,11,uncalibrated,4.73,0.0,0.0
30,30,KNN,auto,11,uncalibrated,4.74,0.012797881729920564,0.0088261253309797
30,30,KNN,auto,11,uncalibrated,4.75,0.0697674418604663,0.012295693858882914
30,30,KNN,auto,11,uncalibrated,4.76,0.21450459652706821,0.0232926542410447
30,30,KNN,auto,11,uncalibrated,4.77,0.48289345063537586,0.01984476704574248
30,30,KNN,auto,11,uncalibrated,4.78,0.7143939393939394,0.023413462701835388
30,30,KNN,auto,11,uncalibrated,4.79,0.9057717130739443,0.011974632561352871
30,30,KNN,auto,11,uncalibrated,4.81,0.99323386537127,0.006072172102706441
30,30,KNN,auto,11,uncalibrated,4.82,0.9986959761549926,0.0010701495243177722
30,30,KNN,auto,11,uncalibrated,4.83,0.9993582887700628,0.0004760202269637865
30,30,KNN,auto,11,uncalibrated,4.84,0.9994940124810255,0.0005059875189745307
30,30,KNN,auto,11,uncalibrated,4.85,1.0,0.0
30,30,KNN,auto,11,uncalibrated,4.86,1.0,0.0
30,30,KNN,auto,11,uncalibrated,4.87,1.0,0.0
30,30,KNN,auto,11,uncalibrated,4.88,1.0,0.0
30,30,KNN,auto,11,uncalibrated,4.9,1.0,0.0
30,30,KNN,auto,11,uncalibrated,4.93,1.0,0.0
30,30,KNN,auto,13,uncalibrated,4.67,0.0,0.0
30,30,KNN,auto,13,uncalibrated,4.7,0.0,0.0
30,30,KNN,auto,13,uncalibrated,4.72,0.0,0.0
30,30,KNN,auto,13,uncalibrated,4.73,0.0,0.0
30,30,KNN,auto,13,uncalibrated,4.74,0.013069454817027636,0.008588498879761016
30,30,KNN,auto,13,uncalibrated,4.75,0.0697674418604663,0.012328057639019839
30,30,KNN,auto,13,uncalibrated,4.76,0.21642178046672428,0.022933560040013366
30,30,KNN,auto,13,uncalibrated,4.77,0.4840777502067825,0.01997305096906816
30,30,KNN,auto,13,uncalibrated,4.78,0.716185897435897,0.024025459446631522
30,30,KNN,auto,13,uncalibrated,4.79,0.9045092838196268,0.012163882383908139
30,30,KNN,auto,13,uncalibrated,4.81,0.9933940105695832,0.006018790369935356
30,30,KNN,auto,13,uncalibrated,4.82,0.9987389659520807,0.0010613182995336877
30,30,KNN,auto,13,uncalibrated,4.83,0.9994570135747072,0.0004027863458927206
30,30,KNN,auto,13,uncalibrated,4.84,0.99957185671468,0.0004281432852862678
30,30,KNN,auto,13,uncalibrated,4.85,1.0,0.0
30,30,KNN,auto,13,uncalibrated,4.86,1.0,0.0
30,30,KNN,auto,13,uncalibrated,4.87,1.0,0.0
30,30,KNN,auto,13,uncalibrated,4.88,1.0,0.0
30,30,KNN,auto,13,uncalibrated,4.9,1.0,0.0
30,30,KNN,auto,13,uncalibrated,4.93,1.0,0.0
30,30,KNN,auto,15,uncalibrated,4.67,0.0,0.0
30,30,KNN,auto,15,uncalibrated,4.7,0.0,0.0
30,30,KNN,auto,15,uncalibrated,4.72,0.0,0.0
30,30,KNN,auto,15,uncalibrated,4.73,0.0,0.0
30,30,KNN,auto,15,uncalibrated,4.74,0.012944983818770222,0.007443365695792879
30,30,KNN,auto,15,uncalibrated,4.75,0.07131782945736434,0.012453443205238899
30,30,KNN,auto,15,uncalibrated,4.76,0.21857677902621725,0.02383553085134682
30,30,KNN,auto,15,uncalibrated,4.77,0.4862007168458884,0.01995336307062776
30,30,KNN,auto,15,uncalibrated,4.78,0.7176388888888889,0.024152693917176022
30,30,KNN,auto,15,uncalibrated,4.79,0.9042596348884363,0.012470292469631787
30,30,KNN,auto,15,uncalibrated,4.81,0.9932569974554709,0.005979643765903431
30,30,KNN,auto,15,uncalibrated,4.82,0.9987704918032783,0.0010552486544860955
30,30,KNN,auto,15,uncalibrated,4.83,0.9993725490196359,0.0003804027451431383
30,30,KNN,auto,15,uncalibrated,4.84,0.9995052566481138,0.0004947433518861579
30,30,KNN,auto,15,uncalibrated,4.85,1.0,0.0
30,30,KNN,auto,15,uncalibrated,4.86,1.0,0.0
30,30,KNN,auto,15,uncalibrated,4.87,1.0,0.0
30,30,KNN,auto,15,uncalibrated,4.88,1.0,0.0
30,30,KNN,auto,15,uncalibrated,4.9,1.0,0.0
30,30,KNN,auto,15,uncalibrated,4.93,1.0,0.0
30,30,KNN,auto,17,uncalibrated,4.67,0.0,0.0
30,30,KNN,auto,17,uncalibrated,4.7,0.0,0.0
30,30,KNN,auto,17,uncalibrated,4.72,0.0,0.0
30,30,KNN,auto,17,uncalibrated,4.73,0.0003961180431768614,0.00027866501999819206
30,30,KNN,auto,17,uncalibrated,4.74,0.012707024557395776,0.007852655625356942
30,30,KNN,auto,17,uncalibrated,4.75,0.07233242134063046,0.012429931126506482
30,30,KNN,auto,17,uncalibrated,4.76,0.2202247191011236,0.023922323011535757
30,30,KNN,auto,17,uncalibrated,4.77,0.4871916508539002,0.019943854847796864
30,30,KNN,auto,17,uncalibrated,4.78,0.7174019607843133,0.023828353555517195
30,30,KNN,auto,17,uncalibrated,4.79,0.9058584894404027,0.012106905529581593
30,30,KNN,auto,17,uncalibrated,4.81,0.9932644813650653,0.0058374494836102575
30,30,KNN,auto,17,uncalibrated,4.82,0.9987945998071359,0.0010508435254437743
30,30,KNN,auto,17,uncalibrated,4.83,0.9994463667820256,0.00033564948100869835
30,30,KNN,auto,17,uncalibrated,4.84,0.9994543271854366,0.0005456728145803526
30,30,KNN,auto,17,uncalibrated,4.85,1.0,0.0
30,30,KNN,auto,17,uncalibrated,4.86,1.0,0.0
30,30,KNN,auto,17,uncalibrated,4.87,1.0,0.0
30,30,KNN,auto,17,uncalibrated,4.88,1.0,0.0
30,30,KNN,auto,17,uncalibrated,4.9,1.0,0.0
30,30,KNN,auto,17,uncalibrated,4.93,1.0,0.0
30,30,KNN,auto,19,uncalibrated,4.67,0.0,0.0
30,30,KNN,auto,19,uncalibrated,4.7,0.0,0.0
30,30,KNN,auto,19,uncalibrated,4.72,0.0,0.0
30,30,KNN,auto,19,uncalibrated,4.73,0.0003544214070529807,0.00024933185999838245
30,30,KNN,auto,19,uncalibrated,4.74,0.013285641287685229,0.007920286152273888
30,30,KNN,auto,19,uncalibrated,4.75,0.07298041615667192,0.01243163999878293
30,30,KNN,auto,19,uncalibrated,4.76,0.2221170904790065,0.02377600445962543
30,30,KNN,auto,19,uncalibrated,4.77,0.490096208262592,0.019967359401953648
30,30,KNN,auto,19,uncalibrated,4.78,0.7180921052631579,0.023789816941709153
30,30,KNN,auto,19,uncalibrated,4.79,0.9060531653677788,0.01215322415931194
30,30,KNN,auto,19,uncalibrated,4.81,0.9931699477701889,0.006026516673362736
30,30,KNN,auto,19,uncalibrated,4.82,0.9986709197235623,0.0010769082488407767
30,30,KNN,auto,19,uncalibrated,4.83,0.9995046439628763,0.00030031795669205796
30,30,KNN,auto,19,uncalibrated,4.84,0.9994141197148717,0.0005858802851283133
30,30,KNN,auto,19,uncalibrated,4.85,1.0,0.0
30,30,KNN,auto,19,uncalibrated,4.86,1.0,0.0
30,30,KNN,auto,19,uncalibrated,4.87,1.0,0.0
30,30,KNN,auto,19,uncalibrated,4.88,1.0,0.0
30,30,KNN,auto,19,uncalibrated,4.9,1.0,0.0
30,30,KNN,auto,19,uncalibrated,4.93,1.0,0.0
30,30,KNN,auto,21,uncalibrated,4.67,0.0,0.0
30,30,KNN,auto,21,uncalibrated,4.7,0.0,0.0
30,30,KNN,auto,21,uncalibrated,4.72,0.0,0.0
30,30,KNN,auto,21,uncalibrated,4.73,0.0004884004884004884,0.0002775372750709372
30,30,KNN,auto,21,uncalibrated,4.74,0.013291724456773,0.0079750346740638
30,30,KNN,auto,21,uncalibrated,4.75,0.07378183831672558,0.01250648504802699
30,30,KNN,auto,21,uncalibrated,4.76,0.22308022308022304,0.024529344573171713
30,30,KNN,auto,21,uncalibrated,4.77,0.49180747567844346,0.01991430476118095
30,30,KNN,auto,21,uncalibrated,4.78,0.7188492063492063,0.023932936329189254
30,30,KNN,auto,21,uncalibrated,4.79,0.9076596155703661,0.01214386121966337
30,30,KNN,auto,21,uncalibrated,4.81,0.9933660487095601,0.005725190839694694
30,30,KNN,auto,21,uncalibrated,4.82,0.9986772486772487,0.001092968715769057
30,30,KNN,auto,21,uncalibrated,4.83,0.9995518207283193,0.0002717162465310031
30,30,KNN,auto,21,uncalibrated,4.84,0.9993815708101477,0.0006184291898577788
30,30,KNN,auto,21,uncalibrated,4.85,1.0,0.0
30,30,KNN,auto,21,uncalibrated,4.86,1.0,0.0
30,30,KNN,auto,21,uncalibrated,4.87,1.0,0.0
30,30,KNN,auto,21,uncalibrated,4.88,1.0,0.0
30,30,KNN,auto,21,uncalibrated,4.9,1.0,0.0
30,30,KNN,auto,21,uncalibrated,4.93,1.0,0.0
30,30,KNN,auto,23,uncalibrated,4.67,0.0,0.0
30,30,KNN,auto,23,uncalibrated,4.7,0.0,0.0
30,30,KNN,auto,23,uncalibrated,4.72,0.0,0.0
30,30,KNN,auto,23,uncalibrated,4.73,0.0004459308807134901,0.00025340359897781225
30,30,KNN,auto,23,uncalibrated,4.74,0.01350780920219502,0.008231321232587588
30,30,KNN,auto,23,uncalibrated,4.75,0.07457027300303336,0.012549585372946705
30,30,KNN,auto,23,uncalibrated,4.76,0.2233512457254519,0.02446718558201717
30,30,KNN,auto,23,uncalibrated,4.77,0.49345488546049554,0.020005897516818447
30,30,KNN,auto,23,uncalibrated,4.78,0.7201992753623189,0.024180258854269367
30,30,KNN,auto,23,uncalibrated,4.79,0.9082811535408785,0.012182162488751003
30,30,KNN,auto,23,uncalibrated,4.81,0.9933620975771654,0.00564221705940926
30,30,KNN,auto,23,uncalibrated,4.82,0.9986824769433574,0.0011065288929328096
30,30,KNN,auto,23,uncalibrated,4.83,0.9995907928388934,0.0002480887468325656
30,30,KNN,auto,23,uncalibrated,4.84,0.9994353472614341,0.0005646527385658785
30,30,KNN,auto,23,uncalibrated,4.85,1.0,0.0
30,30,KNN,auto,23,uncalibrated,4.86,1.0,0.0
30,30,KNN,auto,23,uncalibrated,4.87,1.0,0.0
30,30,KNN,auto,23,uncalibrated,4.88,1.0,0.0
30,30,KNN,auto,23,uncalibrated,4.9,1.0,0.0
30,30,KNN,auto,23,uncalibrated,4.93,1.0,0.0
30,30,KNN,auto,25,uncalibrated,4.67,0.0,0.0
30,30,KNN,auto,25,uncalibrated,4.7,0.0,0.0
30,30,KNN,auto,25,uncalibrated,4.72,0.0,0.0
30,30,KNN,auto,25,uncalibrated,4.73,0.00041025641025641094,0.0002331313110595873
30,30,KNN,auto,25,uncalibrated,4.74,0.013786407766990293,0.00854368932038835
30,30,KNN,auto,25,uncalibrated,4.75,0.0758139534883709,0.012560621936337675
30,30,KNN,auto,25,uncalibrated,4.76,0.22513513513513506,0.0244381720117996
30,30,KNN,auto,25,uncalibrated,4.77,0.494731182795699,0.020099443865651972
30,30,KNN,auto,25,uncalibrated,4.78,0.7203333333333333,0.024471071356467696
30,30,KNN,auto,25,uncalibrated,4.79,0.9091277890466568,0.012372526831622583
30,30,KNN,auto,25,uncalibrated,4.81,0.9935877862595419,0.005496183206106842
30,30,KNN,auto,25,uncalibrated,4.82,0.9985858585858587,0.0012183752627884514
30,30,KNN,auto,25,uncalibrated,4.83,0.9996235294117648,0.00022824164708568927
30,30,KNN,auto,25,uncalibrated,4.84,0.9994805194805142,0.0005194805194804821
30,30,KNN,auto,25,uncalibrated,4.85,1.0,0.0
30,30,KNN,auto,25,uncalibrated,4.86,1.0,0.0
30,30,KNN,auto,25,uncalibrated,4.87,1.0,0.0
30,30,KNN,auto,25,uncalibrated,4.88,1.0,0.0
30,30,KNN,auto,25,uncalibrated,4.9,1.0,0.0
30,30,KNN,auto,25,uncalibrated,4.93,1.0,0.0
30,30,KNN,auto,27,uncalibrated,4.67,0.0,0.0
30,30,KNN,auto,27,uncalibrated,4.7,0.0,0.0
30,30,KNN,auto,27,uncalibrated,4.72,0.0,0.0
30,30,KNN,auto,27,uncalibrated,4.73,0.0003798670465337119,0.0002158623250551734
30,30,KNN,auto,27,uncalibrated,4.74,0.013843941028407051,0.00845019777058612
30,30,KNN,auto,27,uncalibrated,4.75,0.07644272179155781,0.01259342897399439
30,30,KNN,auto,27,uncalibrated,4.76,0.22572572572572577,0.024327533769435812
30,30,KNN,auto,27,uncalibrated,4.77,0.49591796097170904,0.02010295712953557
30,30,KNN,auto,27,uncalibrated,4.78,0.7214506172839507,0.024671577725128117
30,30,KNN,auto,27,uncalibrated,4.79,0.910299752084742,0.012336001942920899
30,30,KNN,auto,27,uncalibrated,4.81,0.993709358213175,0.005301102629347021
30,30,KNN,auto,27,uncalibrated,4.82,0.998410026187804,0.0013230212169232935
30,30,KNN,auto,27,uncalibrated,4.83,0.9996514161220323,0.00021133485841300163
30,30,KNN,auto,27,uncalibrated,4.84,0.9994502851645709,0.000549714835429173
30,30,KNN,auto,27,uncalibrated,4.85,1.0,0.0
30,30,KNN,auto,27,uncalibrated,4.86,1.0,0.0
30,30,KNN,auto,27,uncalibrated,4.87,1.0,0.0
30,30,KNN,auto,27,uncalibrated,4.88,1.0,0.0
30,30,KNN,auto,27,uncalibrated,4.9,1.0,0.0
30,30,KNN,auto,27,uncalibrated,4.93,1.0,0.0
30,30,KNN,auto,29,uncalibrated,4.67,0.0,0.0
30,30,KNN,auto,29,uncalibrated,4.7,0.0,0.0
30,30,KNN,auto,29,uncalibrated,4.72,0.0,0.0
30,30,KNN,auto,29,uncalibrated,4.73,0.00035366931918656057,0.00020097526815481662
30,30,KNN,auto,29,uncalibrated,4.74,0.01414462671576833,0.008285905590893875
30,30,KNN,auto,29,uncalibrated,4.75,0.07668404170008138,0.012576535392768736
30,30,KNN,auto,29,uncalibrated,4.76,0.22693383038210624,0.02420236003511939
30,30,KNN,auto,29,uncalibrated,4.77,0.4986095661846547,0.02015633529434146
30,30,KNN,auto,29,uncalibrated,4.78,0.7214080459770118,0.02411183249726173
30,30,KNN,auto,29,uncalibrated,4.79,0.9106106176120846,0.012287576559313156
30,30,KNN,auto,29,uncalibrated,4.81,0.9936825480389574,0.00513292971834689
30,30,KNN,auto,29,uncalibrated,4.82,0.9984326018808342,0.0013178417363046003
30,30,KNN,auto,29,uncalibrated,4.83,0.9996579091406677,0.0002227534290654555
30,30,KNN,auto,29,uncalibrated,4.84,0.9993368700265253,0.0006631299734747298
30,30,KNN,auto,29,uncalibrated,4.85,1.0,0.0
30,30,KNN,auto,29,uncalibrated,4.86,1.0,0.0
30,30,KNN,auto,29,uncalibrated,4.87,1.0,0.0
30,30,KNN,auto,29,uncalibrated,4.88,1.0,0.0
30,30,KNN,auto,29,uncalibrated,4.9,1.0,0.0
30,30,KNN,auto,29,uncalibrated,4.93,1.0,0.0
30,30,KNN,auto,31,uncalibrated,4.67,0.0,0.0
30,30,KNN,auto,31,uncalibrated,4.7,0.0,0.0
30,30,KNN,auto,31,uncalibrated,4.72,0.0,0.0
30,30,KNN,auto,31,uncalibrated,4.73,0.00033085194375516956,0.0001880091218222478
30,30,KNN,auto,31,uncalibrated,4.74,0.014093329157532104,0.00845599749451926
30,30,KNN,auto,31,uncalibrated,4.75,0.07708177044260947,0.012581208532708587
30,30,KNN,auto,31,uncalibrated,4.76,0.2273321708805579,0.02494125409692304
30,30,KNN,auto,31,uncalibrated,4.77,0.49939299340964266,0.02014308568956164
30,30,KNN,auto,31,uncalibrated,4.78,0.7219086021505376,0.02402106476397887
30,30,KNN,auto,31,uncalibrated,4.79,0.9106196427403016,0.01250824723871654
30,30,KNN,auto,31,uncalibrated,4.81,0.9937207584338834,0.005048017729623322
30,30,KNN,auto,31,uncalibrated,4.82,0.998452264581275,0.0013134475931818152
30,30,KNN,auto,31,uncalibrated,4.83,0.9996799795186893,0.0002083822400933696
30,30,KNN,auto,31,uncalibrated,4.84,0.9993232573877735,0.0006767426122264442
30,30,KNN,auto,31,uncalibrated,4.85,1.0,0.0
30,30,KNN,auto,31,uncalibrated,4.86,1.0,0.0
30,30,KNN,auto,31,uncalibrated,4.87,1.0,0.0
30,30,KNN,auto,31,uncalibrated,4.88,1.0,0.0
30,30,KNN,auto,31,uncalibrated,4.9,1.0,0.0
30,30,KNN,auto,31,uncalibrated,4.93,1.0,0.0
30,30,KNN,auto,33,uncalibrated,4.67,0.0,0.0
30,30,KNN,auto,33,uncalibrated,4.7,0.0,0.0
30,30,KNN,auto,33,uncalibrated,4.72,0.0,0.0
30,30,KNN,auto,33,uncalibrated,4.73,0.00031080031080031145,0.0001766146295905964
30,30,KNN,auto,33,uncalibrated,4.74,0.014268902618417182,0.008384819064430716
30,30,KNN,auto,33,uncalibrated,4.75,0.07787174066243598,0.012593184466483538
30,30,KNN,auto,33,uncalibrated,4.76,0.22829647829647828,0.02526183874706776
30,30,KNN,auto,33,uncalibrated,4.77,0.49975562072336266,0.020062453847316895
30,30,KNN,auto,33,uncalibrated,4.78,0.7226010101010105,0.023348573702828196
30,30,KNN,auto,33,uncalibrated,4.79,0.9115495728071793,0.012520584291891831
30,30,KNN,auto,33,uncalibrated,4.81,0.9936965070552859,0.0049155678926671165
30,30,KNN,auto,33,uncalibrated,4.82,0.9984695439241111,0.0013096769273994791
30,30,KNN,auto,33,uncalibrated,4.83,0.9996993746993742,0.00019575301342106779
30,30,KNN,auto,33,uncalibrated,4.84,0.9993112947658402,0.0006887052341597588
30,30,KNN,auto,33,uncalibrated,4.85,1.0,0.0
30,30,KNN,auto,33,uncalibrated,4.86,1.0,0.0
30,30,KNN,auto,33,uncalibrated,4.87,1.0,0.0
30,30,KNN,auto,33,uncalibrated,4.88,1.0,0.0
30,30,KNN,auto,33,uncalibrated,4.9,1.0,0.0
30,30,KNN,auto,33,uncalibrated,4.93,1.0,0.0
30,30,KNN,auto,35,uncalibrated,4.67,0.0,0.0
30,30,KNN,auto,35,uncalibrated,4.7,0.0,0.0
30,30,KNN,auto,35,uncalibrated,4.72,0.0,0.0
30,30,KNN,auto,35,uncalibrated,4.73,0.00043731778425655943,0.00023429666571897367
30,30,KNN,auto,35,uncalibrated,4.74,0.014285714285714285,0.008321775312066572
30,30,KNN,auto,35,uncalibrated,4.75,0.07749169435215829,0.012532944632537043
30,30,KNN,auto,35,uncalibrated,4.76,0.2287644787644787,0.02493438366029638
30,30,KNN,auto,35,uncalibrated,4.77,0.5002304147465438,0.020085368111051452
30,30,KNN,auto,35,uncalibrated,4.78,0.7233333333333326,0.023653257035874453
30,30,KNN,auto,35,uncalibrated,4.79,0.9117936829904358,0.012378313761746387
30,30,KNN,auto,35,uncalibrated,4.81,0.9938386041439478,0.004634678298800432
30,30,KNN,auto,35,uncalibrated,4.82,0.9985569985569769,0.0012348382458337876
30,30,KNN,auto,35,uncalibrated,4.83,0.9997165532879814,0.0001845671269398949
30,30,KNN,auto,35,uncalibrated,4.84,0.999350649350649,0.0006493506493506218
30,30,KNN,auto,35,uncalibrated,4.85,1.0,0.0
30,30,KNN,auto,35,uncalibrated,4.86,1.0,0.0
30,30,KNN,auto,35,uncalibrated,4.87,1.0,0.0
30,30,KNN,auto,35,uncalibrated,4.88,1.0,0.0
30,30,KNN,auto,35,uncalibrated,4.9,1.0,0.0
30,30,KNN,auto,35,uncalibrated,4.93,1.0,0.0
30,30,KNN,auto,37,uncalibrated,4.67,0.0,0.0
30,30,KNN,auto,37,uncalibrated,4.7,0.0,0.0
30,30,KNN,auto,37,uncalibrated,4.72,0.0,0.0
30,30,KNN,auto,37,uncalibrated,4.73,0.0005460005460005142,0.0002839245696065098
30,30,KNN,auto,37,uncalibrated,4.74,0.014366308055628444,0.008462345840986617
30,30,KNN,auto,37,uncalibrated,4.75,0.07778126964173594,0.012576959385083174
30,30,KNN,auto,37,uncalibrated,4.76,0.22918188458728994,0.024679620251216783
30,30,KNN,auto,37,uncalibrated,4.77,0.5012351060738157,0.02004019783354119
30,30,KNN,auto,37,uncalibrated,4.78,0.7235923423423424,0.02384984749843636
30,30,KNN,auto,37,uncalibrated,4.79,0.9116824735485993,0.012327599304010195
30,30,KNN,auto,37,uncalibrated,4.81,0.9938621827934806,0.004693624922632644
30,30,KNN,auto,37,uncalibrated,4.82,0.9985667485667267,0.0012357921009874169
30,30,KNN,auto,37,uncalibrated,4.83,0.9997318747318746,0.0001745905254837515
30,30,KNN,auto,37,uncalibrated,4.84,0.9993857493857494,0.0006142506142506332
30,30,KNN,auto,37,uncalibrated,4.85,1.0,0.0
30,30,KNN,auto,37,uncalibrated,4.86,1.0,0.0
30,30,KNN,auto,37,uncalibrated,4.87,1.0,0.0
30,30,KNN,auto,37,uncalibrated,4.88,1.0,0.0
30,30,KNN,auto,37,uncalibrated,4.9,1.0,0.0
30,30,KNN,auto,37,uncalibrated,4.93,1.0,0.0
30,30,KNN,auto,39,uncalibrated,4.67,0.0,0.0
30,30,KNN,auto,39,uncalibrated,4.7,0.0,0.0
30,30,KNN,auto,39,uncalibrated,4.72,0.0,0.0
30,30,KNN,auto,39,uncalibrated,4.73,0.0005180005180005074,0.0002693643352677146
30,30,KNN,auto,39,uncalibrated,4.74,0.014500871296987804,0.008526263380632313
30,30,KNN,auto,39,uncalibrated,4.75,0.07744484197972806,0.012547612483845417
30,30,KNN,auto,39,uncalibrated,4.76,0.2296719796719798,0.024324294160457796
30,30,KNN,auto,39,uncalibrated,4.77,0.5021367521367623,0.02007826679583921
30,30,KNN,auto,39,uncalibrated,4.78,0.7241987179487184,0.02383099375524052
30,30,KNN,auto,39,uncalibrated,4.79,0.9117907109793502,0.012197041988760185
30,30,KNN,auto,39,uncalibrated,4.81,0.9939322763750245,0.004697592483852042
30,30,KNN,auto,39,uncalibrated,4.82,0.9985107485107485,0.001301032790851576
30,30,KNN,auto,39,uncalibrated,4.83,0.9997456247456248,0.00016563716520236546
30,30,KNN,auto,39,uncalibrated,4.84,0.9993724224493455,0.0006275775506544568
30,30,KNN,auto,39,uncalibrated,4.85,1.0,0.0
30,30,KNN,auto,39,uncalibrated,4.86,1.0,0.0
30,30,KNN,auto,39,uncalibrated,4.87,1.0,0.0
30,30,KNN,auto,39,uncalibrated,4.88,1.0,0.0
30,30,KNN,auto,39,uncalibrated,4.9,1.0,0.0
30,30,KNN,auto,39,uncalibrated,4.93,1.0,0.0
30,30,KNN,auto,41,uncalibrated,4.67,0.0,0.0
30,30,KNN,auto,41,uncalibrated,4.7,0.0,0.0
30,30,KNN,auto,41,uncalibrated,4.72,0.0,0.0
30,30,KNN,auto,41,uncalibrated,4.73,0.0005003126954346467,0.00026899078383497895
30,30,KNN,auto,41,uncalibrated,4.74,0.014563106796116505,0.008406346199384324
30,30,KNN,auto,41,uncalibrated,4.75,0.07770845150312086,0.01255037353124327
30,30,KNN,auto,41,uncalibrated,4.76,0.2302241265655899,0.024225444957152283
30,30,KNN,auto,41,uncalibrated,4.77,0.5029504327301543,0.020064032493402696
30,30,KNN,auto,41,uncalibrated,4.78,0.7239329268292684,0.02401320118180549
30,30,KNN,auto,41,uncalibrated,4.79,0.9114431306584889,0.012292985590898267
30,30,KNN,auto,41,uncalibrated,4.81,0.9939489852913794,0.004654626698938735
30,30,KNN,auto,41,uncalibrated,4.82,0.9985833949248801,0.0012375677766636197
30,30,KNN,auto,41,uncalibrated,4.83,0.9997580332946192,0.00015755730348531442
30,30,KNN,auto,41,uncalibrated,4.84,0.9993603957018591,0.0006396042981409167
30,30,KNN,auto,41,uncalibrated,4.85,1.0,0.0
30,30,KNN,auto,41,uncalibrated,4.86,1.0,0.0
30,30,KNN,auto,41,uncalibrated,4.87,1.0,0.0
30,30,KNN,auto,41,uncalibrated,4.88,1.0,0.0
30,30,KNN,auto,41,uncalibrated,4.9,1.0,0.0
30,30,KNN,auto,41,uncalibrated,4.93,1.0,0.0
30,30,KNN,auto,43,uncalibrated,4.67,0.0,0.0
30,30,KNN,auto,43,uncalibrated,4.7,0.0,0.0
30,30,KNN,auto,43,uncalibrated,4.72,0.0,0.0
30,30,KNN,auto,43,uncalibrated,4.73,0.00047704233750745314,0.0002564795845868403
30,30,KNN,auto,43,uncalibrated,4.74,0.014958229848724313,0.008410476405509144
30,30,KNN,auto,43,uncalibrated,4.75,0.078082747431045,0.012590049924056046
30,30,KNN,auto,43,uncalibrated,4.76,0.2309868007542426,0.02449827523176462
30,30,KNN,auto,43,uncalibrated,4.77,0.5030632658164541,0.02001489852559552
30,30,KNN,auto,43,uncalibrated,4.78,0.7236434108527131,0.024087465978524732
30,30,KNN,auto,43,uncalibrated,4.79,0.9115052596820605,0.012194393400000237
30,30,KNN,auto,43,uncalibrated,4.81,0.9939641398899346,0.004704420379904151
30,30,KNN,auto,43,uncalibrated,4.82,0.9985905567300808,0.0012383886640635262
30,30,KNN,auto,43,uncalibrated,4.83,0.9997692875599853,0.0001502290568115104
30,30,KNN,auto,43,uncalibrated,4.84,0.9993901447389824,0.000609855261018033
30,30,KNN,auto,43,uncalibrated,4.85,1.0,0.0
30,30,KNN,auto,43,uncalibrated,4.86,1.0,0.0
30,30,KNN,auto,43,uncalibrated,4.87,1.0,0.0
30,30,KNN,auto,43,uncalibrated,4.88,1.0,0.0
30,30,KNN,auto,43,uncalibrated,4.9,1.0,0.0
30,30,KNN,auto,43,uncalibrated,4.93,1.0,0.0
30,30,KNN,auto,45,uncalibrated,4.67,0.0,0.0
30,30,KNN,auto,45,uncalibrated,4.7,0.0,0.0
30,30,KNN,auto,45,uncalibrated,4.72,0.0,0.0
30,30,KNN,auto,45,uncalibrated,4.73,0.0005128205128205128,0.00029516182845052335
30,30,KNN,auto,45,uncalibrated,4.74,0.014994606256742173,0.008306364617044228
30,30,KNN,auto,45,uncalibrated,4.75,0.07829457364341084,0.012635453761330214
30,30,KNN,auto,45,uncalibrated,4.76,0.23128128128128123,0.023948255978460228
30,30,KNN,auto,45,uncalibrated,4.77,0.5033452807646254,0.01998200217720958
30,30,KNN,auto,45,uncalibrated,4.78,0.724212962962963,0.024111601211570872
30,30,KNN,auto,45,uncalibrated,4.79,0.9118773946360135,0.012131497818232573
30,30,KNN,auto,45,uncalibrated,4.81,0.994020356234097,0.004707379134860135
30,30,KNN,auto,45,uncalibrated,4.82,0.9985409652076646,0.0012950093703809635
30,30,KNN,auto,45,uncalibrated,4.83,0.9997795414462082,0.00014355220984204134
30,30,KNN,auto,45,uncalibrated,4.84,0.9994172494172493,0.0005827505827506463
30,30,KNN,auto,45,uncalibrated,4.85,1.0,0.0
30,30,KNN,auto,45,uncalibrated,4.86,1.0,0.0
30,30,KNN,auto,45,uncalibrated,4.87,1.0,0.0
30,30,KNN,auto,45,uncalibrated,4.88,1.0,0.0
30,30,KNN,auto,45,uncalibrated,4.9,1.0,0.0
30,30,KNN,auto,45,uncalibrated,4.93,1.0,0.0
30,30,KNN,auto,47,uncalibrated,4.67,0.0,0.0
30,30,KNN,auto,47,uncalibrated,4.7,0.0,0.0
30,30,KNN,auto,47,uncalibrated,4.72,0.0,0.0
30,30,KNN,auto,47,uncalibrated,4.73,0.0005731069560856688,0.00033272477985547177
30,30,KNN,auto,47,uncalibrated,4.74,0.01497624457756662,0.0083660400743648
30,30,KNN,auto,47,uncalibrated,4.75,0.07879762493814825,0.012647072715451183
30,30,KNN,auto,47,uncalibrated,4.76,0.23150277937511993,0.024301148047563257
30,30,KNN,auto,47,uncalibrated,4.77,0.5040036604896008,0.020022639573020872
30,30,KNN,auto,47,uncalibrated,4.78,0.7245124113475174,0.023878133717142095
30,30,KNN,auto,47,uncalibrated,4.79,0.9117431271848432,0.012125048817032023
30,30,KNN,auto,47,uncalibrated,4.81,0.9941529965892482,0.0046288777001786685
30,30,KNN,auto,47,uncalibrated,4.82,0.9986030517945412,0.0012399025886626952
30,30,KNN,auto,47,uncalibrated,4.83,0.9997318076166563,0.00016321668678264713
30,30,KNN,auto,47,uncalibrated,4.84,0.9994048504686801,0.0005951495313197275
30,30,KNN,auto,47,uncalibrated,4.85,1.0,0.0
30,30,KNN,auto,47,uncalibrated,4.86,1.0,0.0
30,30,KNN,auto,47,uncalibrated,4.87,1.0,0.0
30,30,KNN,auto,47,uncalibrated,4.88,1.0,0.0
30,30,KNN,auto,47,uncalibrated,4.9,1.0,0.0
30,30,KNN,auto,47,uncalibrated,4.93,1.0,0.0
30,30,KNN,auto,49,uncalibrated,4.67,0.0,0.0
30,30,KNN,auto,49,uncalibrated,4.7,0.0,0.0
30,30,KNN,auto,49,uncalibrated,4.72,0.0,0.0
30,30,KNN,auto,49,uncalibrated,4.73,0.0006360985952822688,0.00041940186471990426
30,30,KNN,auto,49,uncalibrated,4.74,0.015058450564691895,0.008321775312066574
30,30,KNN,auto,49,uncalibrated,4.75,0.07908163265306123,0.012654197599524018
30,30,KNN,auto,49,uncalibrated,4.76,0.23221180364037508,0.024368596360817257
30,30,KNN,auto,49,uncalibrated,4.77,0.5044985736229872,0.01993499838154293
30,30,KNN,auto,49,uncalibrated,4.78,0.7249574829931973,0.02422363942095709
30,30,KNN,auto,49,uncalibrated,4.79,0.9119509872914683,0.012165315457639714
30,30,KNN,auto,49,uncalibrated,4.81,0.9941969154073842,0.004634678298800432
30,30,KNN,auto,49,uncalibrated,4.82,0.9986085343228309,0.0011898183232754444
30,30,KNN,auto,49,uncalibrated,4.83,0.9997427542445587,0.00015655478119969873
30,30,KNN,auto,49,uncalibrated,4.84,0.9993577850720711,0.0006422149279291522
30,30,KNN,auto,49,uncalibrated,4.85,1.0,0.0
30,30,KNN,auto,49,uncalibrated,4.86,1.0,0.0
30,30,KNN,auto,49,uncalibrated,4.87,1.0,0.0
30,30,KNN,auto,49,uncalibrated,4.88,1.0,0.0
30,30,KNN,auto,49,uncalibrated,4.9,1.0,0.0
30,30,KNN,auto,49,uncalibrated,4.93,1.0,0.0
30,30,KNN,auto,51,uncalibrated,4.67,0.0,0.0
30,30,KNN,auto,51,uncalibrated,4.7,0.0,0.0
30,30,KNN,auto,51,uncalibrated,4.72,0.0,0.0
30,30,KNN,auto,51,uncalibrated,4.73,0.00065359477124183,0.0003985293095556934
30,30,KNN,auto,51,uncalibrated,4.74,0.015039025318865407,0.008376166000380734
30,30,KNN,auto,51,uncalibrated,4.75,0.07911536707706457,0.012692467979003573
30,30,KNN,auto,51,uncalibrated,4.76,0.23255608549726184,0.024375198315927195
30,30,KNN,auto,51,uncalibrated,4.77,0.5050073792958145,0.019898310891726407
30,30,KNN,auto,51,uncalibrated,4.78,0.7250408496732029,0.02443874730817895
30,30,KNN,auto,51,uncalibrated,4.79,0.9121823171459253,0.012185964360304393
30,30,KNN,auto,51,uncalibrated,4.81,0.9942748091603053,0.004602604400538779
30,30,KNN,auto,51,uncalibrated,4.82,0.9986135868488591,0.0011924102802414167
30,30,KNN,auto,51,uncalibrated,4.83,0.9997528423133922,0.00015041537801547617
30,30,KNN,auto,51,uncalibrated,4.84,0.999348690525161,0.0006513094748388792
30,30,KNN,auto,51,uncalibrated,4.85,1.0,0.0
30,30,KNN,auto,51,uncalibrated,4.86,1.0,0.0
30,30,KNN,auto,51,uncalibrated,4.87,1.0,0.0
30,30,KNN,auto,51,uncalibrated,4.88,1.0,0.0
30,30,KNN,auto,51,uncalibrated,4.9,1.0,0.0
30,30,KNN,auto,51,uncalibrated,4.93,1.0,0.0
30,30,KNN,auto,61,uncalibrated,4.67,0.0,0.0
30,30,KNN,auto,61,uncalibrated,4.7,0.0,0.0
30,30,KNN,auto,61,uncalibrated,4.72,0.0,0.0
30,30,KNN,auto,61,uncalibrated,4.73,0.0007945801271328204,0.0003525883759881159
30,30,KNN,auto,61,uncalibrated,4.74,0.01551806461881267,0.008355880948591438
30,30,KNN,auto,61,uncalibrated,4.75,0.08034693099504385,0.012735397010268523
30,30,KNN,auto,61,uncalibrated,4.76,0.23515728843597697,0.024778296162007832
30,30,KNN,auto,61,uncalibrated,4.77,0.5058610964216463,0.01989818749564012
30,30,KNN,auto,61,uncalibrated,4.78,0.7260587431693986,0.024149845911645262
30,30,KNN,auto,61,uncalibrated,4.79,0.9132776909520167,0.012036135578798051
30,30,KNN,auto,61,uncalibrated,4.81,0.9944938055312227,0.0045050682017270804
30,30,KNN,auto,61,uncalibrated,4.82,0.9987994701109455,0.0010381281753016397
30,30,KNN,auto,61,uncalibrated,4.83,0.9997933599669376,0.00012575711932426815
30,30,KNN,auto,61,uncalibrated,4.84,0.9994268027054912,0.000573197294508776
30,30,KNN,auto,61,uncalibrated,4.85,1.0,0.0
30,30,KNN,auto,61,uncalibrated,4.86,1.0,0.0
30,30,KNN,auto,61,uncalibrated,4.87,1.0,0.0
30,30,KNN,auto,61,uncalibrated,4.88,1.0,0.0
30,30,KNN,auto,61,uncalibrated,4.9,1.0,0.0
30,30,KNN,auto,61,uncalibrated,4.93,1.0,0.0
30,30,KNN,auto,81,uncalibrated,4.67,0.0,0.0
30,30,KNN,auto,81,uncalibrated,4.7,0.0,0.0
30,30,KNN,auto,81,uncalibrated,4.72,0.0,0.0
30,30,KNN,auto,81,uncalibrated,4.73,0.0008503401360544165,0.00040516126008656477
30,30,KNN,auto,81,uncalibrated,4.74,0.015492029246074557,0.008000719165767708
30,30,KNN,auto,81,uncalibrated,4.75,0.08125179443008781,0.012668101695344365
30,30,KNN,auto,81,uncalibrated,4.76,0.23921143365587816,0.025638692969699717
30,30,KNN,auto,81,uncalibrated,4.77,0.5085955130757998,0.01962341570539074
30,30,KNN,auto,81,uncalibrated,4.78,0.7276748971193415,0.023459046169755225
30,30,KNN,auto,81,uncalibrated,4.79,0.9131044499536723,0.011979175139593828
30,30,KNN,auto,81,uncalibrated,4.81,0.9942983696164358,0.004806333050607903
30,30,KNN,auto,81,uncalibrated,4.82,0.9989088415014342,0.0009372278304155323
30,30,KNN,auto,81,uncalibrated,4.83,0.9997925095964313,0.00012928793075453972
30,30,KNN,auto,81,uncalibrated,4.84,0.9993524993524996,0.0006475006475005762
30,30,KNN,auto,81,uncalibrated,4.85,1.0,0.0
30,30,KNN,auto,81,uncalibrated,4.86,1.0,0.0
30,30,KNN,auto,81,uncalibrated,4.87,1.0,0.0
30,30,KNN,auto,81,uncalibrated,4.88,1.0,0.0
30,30,KNN,auto,81,uncalibrated,4.9,1.0,0.0
30,30,KNN,auto,81,uncalibrated,4.93,1.0,0.0
30,30,KNN,auto,101,uncalibrated,4.67,0.0,0.0
30,30,KNN,auto,101,uncalibrated,4.7,0.0,0.0
30,30,KNN,auto,101,uncalibrated,4.72,2.912055911473523e-05,2.9120559114735005e-05
30,30,KNN,auto,101,uncalibrated,4.73,0.0009345322287330826,0.0004442579081465413
30,30,KNN,auto,101,uncalibrated,4.74,0.016245313851773528,0.008218783043352877
30,30,KNN,auto,101,uncalibrated,4.75,0.08300713792309346,0.012690785335251514
30,30,KNN,auto,101,uncalibrated,4.76,0.2411693872089911,0.025614732262702646
30,30,KNN,auto,101,uncalibrated,4.77,0.5105929947833493,0.019619508701413983
30,30,KNN,auto,101,uncalibrated,4.78,0.7278671617161716,0.02364883218841321
30,30,KNN,auto,101,uncalibrated,4.79,0.9131203181170044,0.011848633845136725
30,30,KNN,auto,101,uncalibrated,4.81,0.9943881792759433,0.004742649837502888
30,30,KNN,auto,101,uncalibrated,4.82,0.9988998899890207,0.000976006386941928
30,30,KNN,auto,101,uncalibrated,4.83,0.9998127964056945,0.00011682615095159913
30,30,KNN,auto,101,uncalibrated,4.84,0.9993941701862492,0.0006058298137506246
30,30,KNN,auto,101,uncalibrated,4.85,1.0,0.0
30,30,KNN,auto,101,uncalibrated,4.86,1.0,0.0
30,30,KNN,auto,101,uncalibrated,4.87,1.0,0.0
30,30,KNN,auto,101,uncalibrated,4.88,1.0,0.0
30,30,KNN,auto,101,uncalibrated,4.9,1.0,0.0
30,30,KNN,auto,101,uncalibrated,4.93,1.0,0.0
30,30,KNN,auto,151,uncalibrated,4.67,0.0,0.0
30,30,KNN,auto,151,uncalibrated,4.7,0.0,0.0
30,30,KNN,auto,151,uncalibrated,4.72,3.895597974289053e-05,2.7381582019265605e-05
30,30,KNN,auto,151,uncalibrated,4.73,0.0013346398161913876,0.0005540628322237061
30,30,KNN,auto,151,uncalibrated,4.74,0.01744036520285475,0.008245997556741467
30,30,KNN,auto,151,uncalibrated,4.75,0.0854574156784241,0.012712090544843915
30,30,KNN,auto,151,uncalibrated,4.76,0.24407851560169447,0.025483337837148005
30,30,KNN,auto,151,uncalibrated,4.77,0.5143131809442529,0.019500098447935453
30,30,KNN,auto,151,uncalibrated,4.78,0.7276903973509937,0.023560612213830975
30,30,KNN,auto,151,uncalibrated,4.79,0.9133027954273758,0.011876729059732333
30,30,KNN,auto,151,uncalibrated,4.81,0.9941737020373085,0.004941610636469251
30,30,KNN,auto,151,uncalibrated,4.82,0.9988795237139607,0.001003977423204136
30,30,KNN,auto,151,uncalibrated,4.83,0.9998469586510137,9.929856828687694e-05
30,30,KNN,auto,151,uncalibrated,4.84,0.999328486083453,0.0006483582642523023
30,30,KNN,auto,151,uncalibrated,4.85,1.0,0.0
30,30,KNN,auto,151,uncalibrated,4.86,1.0,0.0
30,30,KNN,auto,151,uncalibrated,4.87,1.0,0.0
30,30,KNN,auto,151,uncalibrated,4.88,1.0,0.0
30,30,KNN,auto,151,uncalibrated,4.9,1.0,0.0
30,30,KNN,auto,151,uncalibrated,4.93,1.0,0.0
30,30,KNN,auto,201,uncalibrated,4.67,0.0,0.0
30,30,KNN,auto,201,uncalibrated,4.7,0.0,0.0
30,30,KNN,auto,201,uncalibrated,4.72,2.92654375182909e-05,2.057024320850302e-05
30,30,KNN,auto,201,uncalibrated,4.73,0.00143415575185298,0.0005998732002282706
30,30,KNN,auto,201,uncalibrated,4.74,0.018040863642950298,0.008452881224943245
30,30,KNN,auto,201,uncalibrated,4.75,0.08676096262871806,0.012637090030478165
30,30,KNN,auto,201,uncalibrated,4.76,0.24578683160772727,0.02567651930638129
30,30,KNN,auto,201,uncalibrated,4.77,0.5155539506767239,0.01933802425350468
30,30,KNN,auto,201,uncalibrated,4.78,0.7272284411276948,0.023546302567805478
30,30,KNN,auto,201,uncalibrated,4.79,0.9120523144924464,0.011966298130937868
30,30,KNN,auto,201,uncalibrated,4.81,0.9940279518438342,0.0050225969389691705
30,30,KNN,auto,201,uncalibrated,4.82,0.9989069802503073,0.0009804367597721654
30,30,KNN,auto,201,uncalibrated,4.83,0.9998124457079681,0.00013713618405434983
30,30,KNN,auto,201,uncalibrated,4.84,0.9993302717183312,0.0006523327418849201
30,30,KNN,auto,201,uncalibrated,4.85,1.0,0.0
30,30,KNN,auto,201,uncalibrated,4.86,1.0,0.0
30,30,KNN,auto,201,uncalibrated,4.87,1.0,0.0
30,30,KNN,auto,201,uncalibrated,4.88,1.0,0.0
30,30,KNN,auto,201,uncalibrated,4.9,1.0,0.0
30,30,KNN,auto,201,uncalibrated,4.93,1.0,0.0
30,30,KNN,kd_tree,1,uncalibrated,4.67,0.0,0.0
30,30,KNN,kd_tree,1,uncalibrated,4.7,0.0,0.0
30,30,KNN,kd_tree,1,uncalibrated,4.72,0.0,0.0
30,30,KNN,kd_tree,1,uncalibrated,4.73,0.0,0.0
30,30,KNN,kd_tree,1,uncalibrated,4.74,0.009708737864077669,0.009708737864077669
30,30,KNN,kd_tree,1,uncalibrated,4.75,0.05813953488372152,0.01286200741290632
30,30,KNN,kd_tree,1,uncalibrated,4.76,0.18876404494382035,0.027613945454931472
30,30,KNN,kd_tree,1,uncalibrated,4.77,0.421978021978022,0.022896336852763252
30,30,KNN,kd_tree,1,uncalibrated,4.78,0.6791666666666683,0.022507163762565074
30,30,KNN,kd_tree,1,uncalibrated,4.79,0.8695652173913043,0.015809727702370414
30,30,KNN,kd_tree,1,uncalibrated,4.81,0.9923371647509581,0.007662835249042136
30,30,KNN,kd_tree,1,uncalibrated,4.82,1.0,0.0
30,30,KNN,kd_tree,1,uncalibrated,4.83,0.9976470588235201,0.00235294117647058
30,30,KNN,kd_tree,1,uncalibrated,4.84,1.0,0.0
30,30,KNN,kd_tree,1,uncalibrated,4.85,1.0,0.0
30,30,KNN,kd_tree,1,uncalibrated,4.86,1.0,0.0
30,30,KNN,kd_tree,1,uncalibrated,4.87,1.0,0.0
30,30,KNN,kd_tree,1,uncalibrated,4.88,1.0,0.0
30,30,KNN,kd_tree,1,uncalibrated,4.9,1.0,0.0
30,30,KNN,kd_tree,1,uncalibrated,4.93,1.0,0.0
30,30,KNN,kd_tree,3,uncalibrated,4.67,0.0,0.0
30,30,KNN,kd_tree,3,uncalibrated,4.7,0.0,0.0
30,30,KNN,kd_tree,3,uncalibrated,4.72,0.0,0.0
30,30,KNN,kd_tree,3,uncalibrated,4.73,0.0,0.0
30,30,KNN,kd_tree,3,uncalibrated,4.74,0.010517799352750809,0.005663430420711974
30,30,KNN,kd_tree,3,uncalibrated,4.75,0.06589147286821823,0.01186675202716096
30,30,KNN,kd_tree,3,uncalibrated,4.76,0.20074906367041198,0.022428172167160837
30,30,KNN,kd_tree,3,uncalibrated,4.77,0.461469534050169,0.020605507435953494
30,30,KNN,kd_tree,3,uncalibrated,4.78,0.7006944444444444,0.02469919339413712
30,30,KNN,kd_tree,3,uncalibrated,4.79,0.8902356902356905,0.013417413363751657
30,30,KNN,kd_tree,3,uncalibrated,4.81,0.9930025445292618,0.006997455470737934
30,30,KNN,kd_tree,3,uncalibrated,4.82,0.9974747474747366,0.0018745138610051454
30,30,KNN,kd_tree,3,uncalibrated,4.83,0.9992156862745284,0.0007843137254903032
30,30,KNN,kd_tree,3,uncalibrated,4.84,0.9993815708101477,0.0006184291898577788
30,30,KNN,kd_tree,3,uncalibrated,4.85,1.0,0.0
30,30,KNN,kd_tree,3,uncalibrated,4.86,1.0,0.0
30,30,KNN,kd_tree,3,uncalibrated,4.87,1.0,0.0
30,30,KNN,kd_tree,3,uncalibrated,4.88,1.0,0.0
30,30,KNN,kd_tree,3,uncalibrated,4.9,1.0,0.0
30,30,KNN,kd_tree,3,uncalibrated,4.93,1.0,0.0
30,30,KNN,kd_tree,5,uncalibrated,4.67,0.0,0.0
30,30,KNN,kd_tree,5,uncalibrated,4.7,0.0,0.0
30,30,KNN,kd_tree,5,uncalibrated,4.72,0.0,0.0
30,30,KNN,kd_tree,5,uncalibrated,4.73,0.0,0.0
30,30,KNN,kd_tree,5,uncalibrated,4.74,0.012135922330097085,0.008252427184466019
30,30,KNN,kd_tree,5,uncalibrated,4.75,0.06569767441860465,0.011848959038908452
30,30,KNN,kd_tree,5,uncalibrated,4.76,0.20584269662921337,0.02355373509798452
30,30,KNN,kd_tree,5,uncalibrated,4.77,0.4720430107526984,0.01986781889567799
30,30,KNN,kd_tree,5,uncalibrated,4.78,0.7083333333333334,0.023833916076791764
30,30,KNN,kd_tree,5,uncalibrated,4.79,0.9006085192697769,0.012120418047811162
30,30,KNN,kd_tree,5,uncalibrated,4.81,0.9942748091603053,0.005725190839694638
30,30,KNN,kd_tree,5,uncalibrated,4.82,0.9984848484848158,0.0011247083166033513
30,30,KNN,kd_tree,5,uncalibrated,4.83,0.9995294117647152,0.00047058823529405017
30,30,KNN,kd_tree,5,uncalibrated,4.84,0.9996289424860799,0.00037105751391475433
30,30,KNN,kd_tree,5,uncalibrated,4.85,1.0,0.0
30,30,KNN,kd_tree,5,uncalibrated,4.86,1.0,0.0
30,30,KNN,kd_tree,5,uncalibrated,4.87,1.0,0.0
30,30,KNN,kd_tree,5,uncalibrated,4.88,1.0,0.0
30,30,KNN,kd_tree,5,uncalibrated,4.9,1.0,0.0
30,30,KNN,kd_tree,5,uncalibrated,4.93,1.0,0.0
30,30,KNN,kd_tree,7,uncalibrated,4.67,0.0,0.0
30,30,KNN,kd_tree,7,uncalibrated,4.7,0.0,0.0
30,30,KNN,kd_tree,7,uncalibrated,4.72,0.0,0.0
30,30,KNN,kd_tree,7,uncalibrated,4.73,0.0,0.0
30,30,KNN,kd_tree,7,uncalibrated,4.74,0.01352288488210818,0.009361997226074897
30,30,KNN,kd_tree,7,uncalibrated,4.75,0.06602990033222828,0.011969171367050441
30,30,KNN,kd_tree,7,uncalibrated,4.76,0.20738362760834658,0.023296054647225315
30,30,KNN,kd_tree,7,uncalibrated,4.77,0.47580645161290325,0.019907211056589717
30,30,KNN,kd_tree,7,uncalibrated,4.78,0.7125,0.023702637063822515
30,30,KNN,kd_tree,7,uncalibrated,4.79,0.8985776128633198,0.012115531338277597
30,30,KNN,kd_tree,7,uncalibrated,4.81,0.9940021810250819,0.005452562704471142
30,30,KNN,kd_tree,7,uncalibrated,4.82,0.9982435597189695,0.001393721395109999
30,30,KNN,kd_tree,7,uncalibrated,4.83,0.9996638655462092,0.0003361344537814801
30,30,KNN,kd_tree,7,uncalibrated,4.84,0.9994699178372902,0.0005300821627351495
30,30,KNN,kd_tree,7,uncalibrated,4.85,1.0,0.0
30,30,KNN,kd_tree,7,uncalibrated,4.86,1.0,0.0
30,30,KNN,kd_tree,7,uncalibrated,4.87,1.0,0.0
30,30,KNN,kd_tree,7,uncalibrated,4.88,1.0,0.0
30,30,KNN,kd_tree,7,uncalibrated,4.9,1.0,0.0
30,30,KNN,kd_tree,7,uncalibrated,4.93,1.0,0.0
30,30,KNN,kd_tree,9,uncalibrated,4.67,0.0,0.0
30,30,KNN,kd_tree,9,uncalibrated,4.7,0.0,0.0
30,30,KNN,kd_tree,9,uncalibrated,4.72,0.0,0.0
30,30,KNN,kd_tree,9,uncalibrated,4.73,0.0,0.0
30,30,KNN,kd_tree,9,uncalibrated,4.74,0.013484358144552318,0.009169363538295576
30,30,KNN,kd_tree,9,uncalibrated,4.75,0.06912144702842732,0.012206115162593992
30,30,KNN,kd_tree,9,uncalibrated,4.76,0.21023720349563044,0.023557493375711135
30,30,KNN,kd_tree,9,uncalibrated,4.77,0.4784946236559242,0.02006488879961329
30,30,KNN,kd_tree,9,uncalibrated,4.78,0.7125,0.02371979343972126
30,30,KNN,kd_tree,9,uncalibrated,4.79,0.9044399368942979,0.011897872650776272
30,30,KNN,kd_tree,9,uncalibrated,4.81,0.993638676844784,0.005513146734520691
30,30,KNN,kd_tree,9,uncalibrated,4.82,0.9984061930783239,0.001307960529721799
30,30,KNN,kd_tree,9,uncalibrated,4.83,0.9994771241830251,0.0003675216786586373
30,30,KNN,kd_tree,9,uncalibrated,4.84,0.9995877138734114,0.00041228612657175865
30,30,KNN,kd_tree,9,uncalibrated,4.85,1.0,0.0
30,30,KNN,kd_tree,9,uncalibrated,4.86,1.0,0.0
30,30,KNN,kd_tree,9,uncalibrated,4.87,1.0,0.0
30,30,KNN,kd_tree,9,uncalibrated,4.88,1.0,0.0
30,30,KNN,kd_tree,9,uncalibrated,4.9,1.0,0.0
30,30,KNN,kd_tree,9,uncalibrated,4.93,1.0,0.0
30,30,KNN,kd_tree,11,uncalibrated,4.67,0.0,0.0
30,30,KNN,kd_tree,11,uncalibrated,4.7,0.0,0.0
30,30,KNN,kd_tree,11,uncalibrated,4.72,0.0,0.0
30,30,KNN,kd_tree,11,uncalibrated,4.73,0.0,0.0
30,30,KNN,kd_tree,11,uncalibrated,4.74,0.012797881729920564,0.0088261253309797
30,30,KNN,kd_tree,11,uncalibrated,4.75,0.0697674418604663,0.012295693858882914
30,30,KNN,kd_tree,11,uncalibrated,4.76,0.21450459652706821,0.0232926542410447
30,30,KNN,kd_tree,11,uncalibrated,4.77,0.48289345063537586,0.01984476704574248
30,30,KNN,kd_tree,11,uncalibrated,4.78,0.7143939393939394,0.023413462701835388
30,30,KNN,kd_tree,11,uncalibrated,4.79,0.9057717130739443,0.011974632561352871
30,30,KNN,kd_tree,11,uncalibrated,4.81,0.99323386537127,0.006072172102706441
30,30,KNN,kd_tree,11,uncalibrated,4.82,0.9986959761549926,0.0010701495243177722
30,30,KNN,kd_tree,11,uncalibrated,4.83,0.9993582887700628,0.0004760202269637865
30,30,KNN,kd_tree,11,uncalibrated,4.84,0.9994940124810255,0.0005059875189745307
30,30,KNN,kd_tree,11,uncalibrated,4.85,1.0,0.0
30,30,KNN,kd_tree,11,uncalibrated,4.86,1.0,0.0
30,30,KNN,kd_tree,11,uncalibrated,4.87,1.0,0.0
30,30,KNN,kd_tree,11,uncalibrated,4.88,1.0,0.0
30,30,KNN,kd_tree,11,uncalibrated,4.9,1.0,0.0
30,30,KNN,kd_tree,11,uncalibrated,4.93,1.0,0.0
30,30,KNN,kd_tree,13,uncalibrated,4.67,0.0,0.0
30,30,KNN,kd_tree,13,uncalibrated,4.7,0.0,0.0
30,30,KNN,kd_tree,13,uncalibrated,4.72,0.0,0.0
30,30,KNN,kd_tree,13,uncalibrated,4.73,0.0,0.0
30,30,KNN,kd_tree,13,uncalibrated,4.74,0.013069454817027636,0.008588498879761016
30,30,KNN,kd_tree,13,uncalibrated,4.75,0.0697674418604663,0.012328057639019839
30,30,KNN,kd_tree,13,uncalibrated,4.76,0.21642178046672428,0.022933560040013366
30,30,KNN,kd_tree,13,uncalibrated,4.77,0.4840777502067825,0.01997305096906816
30,30,KNN,kd_tree,13,uncalibrated,4.78,0.716185897435897,0.024025459446631522
30,30,KNN,kd_tree,13,uncalibrated,4.79,0.9045092838196268,0.012163882383908139
30,30,KNN,kd_tree,13,uncalibrated,4.81,0.9933940105695832,0.006018790369935356
30,30,KNN,kd_tree,13,uncalibrated,4.82,0.9987389659520807,0.0010613182995336877
30,30,KNN,kd_tree,13,uncalibrated,4.83,0.9994570135747072,0.0004027863458927206
30,30,KNN,kd_tree,13,uncalibrated,4.84,0.99957185671468,0.0004281432852862678
30,30,KNN,kd_tree,13,uncalibrated,4.85,1.0,0.0
30,30,KNN,kd_tree,13,uncalibrated,4.86,1.0,0.0
30,30,KNN,kd_tree,13,uncalibrated,4.87,1.0,0.0
30,30,KNN,kd_tree,13,uncalibrated,4.88,1.0,0.0
30,30,KNN,kd_tree,13,uncalibrated,4.9,1.0,0.0
30,30,KNN,kd_tree,13,uncalibrated,4.93,1.0,0.0
30,30,KNN,kd_tree,15,uncalibrated,4.67,0.0,0.0
30,30,KNN,kd_tree,15,uncalibrated,4.7,0.0,0.0
30,30,KNN,kd_tree,15,uncalibrated,4.72,0.0,0.0
30,30,KNN,kd_tree,15,uncalibrated,4.73,0.0,0.0
30,30,KNN,kd_tree,15,uncalibrated,4.74,0.012944983818770222,0.007443365695792879
30,30,KNN,kd_tree,15,uncalibrated,4.75,0.07131782945736434,0.012453443205238899
30,30,KNN,kd_tree,15,uncalibrated,4.76,0.21857677902621725,0.02383553085134682
30,30,KNN,kd_tree,15,uncalibrated,4.77,0.4862007168458884,0.01995336307062776
30,30,KNN,kd_tree,15,uncalibrated,4.78,0.7176388888888889,0.024152693917176022
30,30,KNN,kd_tree,15,uncalibrated,4.79,0.9042596348884363,0.012470292469631787
30,30,KNN,kd_tree,15,uncalibrated,4.81,0.9932569974554709,0.005979643765903431
30,30,KNN,kd_tree,15,uncalibrated,4.82,0.9987704918032783,0.0010552486544860955
30,30,KNN,kd_tree,15,uncalibrated,4.83,0.9993725490196359,0.0003804027451431383
30,30,KNN,kd_tree,15,uncalibrated,4.84,0.9995052566481138,0.0004947433518861579
30,30,KNN,kd_tree,15,uncalibrated,4.85,1.0,0.0
30,30,KNN,kd_tree,15,uncalibrated,4.86,1.0,0.0
30,30,KNN,kd_tree,15,uncalibrated,4.87,1.0,0.0
30,30,KNN,kd_tree,15,uncalibrated,4.88,1.0,0.0
30,30,KNN,kd_tree,15,uncalibrated,4.9,1.0,0.0
30,30,KNN,kd_tree,15,uncalibrated,4.93,1.0,0.0
30,30,KNN,kd_tree,17,uncalibrated,4.67,0.0,0.0
30,30,KNN,kd_tree,17,uncalibrated,4.7,0.0,0.0
30,30,KNN,kd_tree,17,uncalibrated,4.72,0.0,0.0
30,30,KNN,kd_tree,17,uncalibrated,4.73,0.0003961180431768614,0.00027866501999819206
30,30,KNN,kd_tree,17,uncalibrated,4.74,0.012707024557395776,0.007852655625356942
30,30,KNN,kd_tree,17,uncalibrated,4.75,0.07233242134063046,0.012429931126506482
30,30,KNN,kd_tree,17,uncalibrated,4.76,0.2202247191011236,0.023922323011535757
30,30,KNN,kd_tree,17,uncalibrated,4.77,0.4871916508539002,0.019943854847796864
30,30,KNN,kd_tree,17,uncalibrated,4.78,0.7174019607843133,0.023828353555517195
30,30,KNN,kd_tree,17,uncalibrated,4.79,0.9058584894404027,0.012106905529581593
30,30,KNN,kd_tree,17,uncalibrated,4.81,0.9932644813650653,0.0058374494836102575
30,30,KNN,kd_tree,17,uncalibrated,4.82,0.9987945998071359,0.0010508435254437743
30,30,KNN,kd_tree,17,uncalibrated,4.83,0.9994463667820256,0.00033564948100869835
30,30,KNN,kd_tree,17,uncalibrated,4.84,0.9994543271854366,0.0005456728145803526
30,30,KNN,kd_tree,17,uncalibrated,4.85,1.0,0.0
30,30,KNN,kd_tree,17,uncalibrated,4.86,1.0,0.0
30,30,KNN,kd_tree,17,uncalibrated,4.87,1.0,0.0
30,30,KNN,kd_tree,17,uncalibrated,4.88,1.0,0.0
30,30,KNN,kd_tree,17,uncalibrated,4.9,1.0,0.0
30,30,KNN,kd_tree,17,uncalibrated,4.93,1.0,0.0
30,30,KNN,kd_tree,19,uncalibrated,4.67,0.0,0.0
30,30,KNN,kd_tree,19,uncalibrated,4.7,0.0,0.0
30,30,KNN,kd_tree,19,uncalibrated,4.72,0.0,0.0
30,30,KNN,kd_tree,19,uncalibrated,4.73,0.0003544214070529807,0.00024933185999838245
30,30,KNN,kd_tree,19,uncalibrated,4.74,0.013285641287685229,0.007920286152273888
30,30,KNN,kd_tree,19,uncalibrated,4.75,0.07298041615667192,0.01243163999878293
30,30,KNN,kd_tree,19,uncalibrated,4.76,0.2221170904790065,0.02377600445962543
30,30,KNN,kd_tree,19,uncalibrated,4.77,0.490096208262592,0.019967359401953648
30,30,KNN,kd_tree,19,uncalibrated,4.78,0.7180921052631579,0.023789816941709153
30,30,KNN,kd_tree,19,uncalibrated,4.79,0.9060531653677788,0.01215322415931194
30,30,KNN,kd_tree,19,uncalibrated,4.81,0.9931699477701889,0.006026516673362736
30,30,KNN,kd_tree,19,uncalibrated,4.82,0.9986709197235623,0.0010769082488407767
30,30,KNN,kd_tree,19,uncalibrated,4.83,0.9995046439628763,0.00030031795669205796
30,30,KNN,kd_tree,19,uncalibrated,4.84,0.9994141197148717,0.0005858802851283133
30,30,KNN,kd_tree,19,uncalibrated,4.85,1.0,0.0
30,30,KNN,kd_tree,19,uncalibrated,4.86,1.0,0.0
30,30,KNN,kd_tree,19,uncalibrated,4.87,1.0,0.0
30,30,KNN,kd_tree,19,uncalibrated,4.88,1.0,0.0
30,30,KNN,kd_tree,19,uncalibrated,4.9,1.0,0.0
30,30,KNN,kd_tree,19,uncalibrated,4.93,1.0,0.0
30,30,KNN,kd_tree,21,uncalibrated,4.67,0.0,0.0
30,30,KNN,kd_tree,21,uncalibrated,4.7,0.0,0.0
30,30,KNN,kd_tree,21,uncalibrated,4.72,0.0,0.0
30,30,KNN,kd_tree,21,uncalibrated,4.73,0.0004884004884004884,0.0002775372750709372
30,30,KNN,kd_tree,21,uncalibrated,4.74,0.013291724456773,0.0079750346740638
30,30,KNN,kd_tree,21,uncalibrated,4.75,0.07378183831672558,0.01250648504802699
30,30,KNN,kd_tree,21,uncalibrated,4.76,0.22308022308022304,0.024529344573171713
30,30,KNN,kd_tree,21,uncalibrated,4.77,0.49180747567844346,0.01991430476118095
30,30,KNN,kd_tree,21,uncalibrated,4.78,0.7188492063492063,0.023932936329189254
30,30,KNN,kd_tree,21,uncalibrated,4.79,0.9076596155703661,0.01214386121966337
30,30,KNN,kd_tree,21,uncalibrated,4.81,0.9933660487095601,0.005725190839694694
30,30,KNN,kd_tree,21,uncalibrated,4.82,0.9986772486772487,0.001092968715769057
30,30,KNN,kd_tree,21,uncalibrated,4.83,0.9995518207283193,0.0002717162465310031
30,30,KNN,kd_tree,21,uncalibrated,4.84,0.9993815708101477,0.0006184291898577788
30,30,KNN,kd_tree,21,uncalibrated,4.85,1.0,0.0
30,30,KNN,kd_tree,21,uncalibrated,4.86,1.0,0.0
30,30,KNN,kd_tree,21,uncalibrated,4.87,1.0,0.0
30,30,KNN,kd_tree,21,uncalibrated,4.88,1.0,0.0
30,30,KNN,kd_tree,21,uncalibrated,4.9,1.0,0.0
30,30,KNN,kd_tree,21,uncalibrated,4.93,1.0,0.0
30,30,KNN,kd_tree,23,uncalibrated,4.67,0.0,0.0
30,30,KNN,kd_tree,23,uncalibrated,4.7,0.0,0.0
30,30,KNN,kd_tree,23,uncalibrated,4.72,0.0,0.0
30,30,KNN,kd_tree,23,uncalibrated,4.73,0.0004459308807134901,0.00025340359897781225
30,30,KNN,kd_tree,23,uncalibrated,4.74,0.01350780920219502,0.008231321232587588
30,30,KNN,kd_tree,23,uncalibrated,4.75,0.07457027300303336,0.012549585372946705
30,30,KNN,kd_tree,23,uncalibrated,4.76,0.2233512457254519,0.02446718558201717
30,30,KNN,kd_tree,23,uncalibrated,4.77,0.49345488546049554,0.020005897516818447
30,30,KNN,kd_tree,23,uncalibrated,4.78,0.7201992753623189,0.024180258854269367
30,30,KNN,kd_tree,23,uncalibrated,4.79,0.9082811535408785,0.012182162488751003
30,30,KNN,kd_tree,23,uncalibrated,4.81,0.9933620975771654,0.00564221705940926
30,30,KNN,kd_tree,23,uncalibrated,4.82,0.9986824769433574,0.0011065288929328096
30,30,KNN,kd_tree,23,uncalibrated,4.83,0.9995907928388934,0.0002480887468325656
30,30,KNN,kd_tree,23,uncalibrated,4.84,0.9994353472614341,0.0005646527385658785
30,30,KNN,kd_tree,23,uncalibrated,4.85,1.0,0.0
30,30,KNN,kd_tree,23,uncalibrated,4.86,1.0,0.0
30,30,KNN,kd_tree,23,uncalibrated,4.87,1.0,0.0
30,30,KNN,kd_tree,23,uncalibrated,4.88,1.0,0.0
30,30,KNN,kd_tree,23,uncalibrated,4.9,1.0,0.0
30,30,KNN,kd_tree,23,uncalibrated,4.93,1.0,0.0
30,30,KNN,kd_tree,25,uncalibrated,4.67,0.0,0.0
30,30,KNN,kd_tree,25,uncalibrated,4.7,0.0,0.0
30,30,KNN,kd_tree,25,uncalibrated,4.72,0.0,0.0
30,30,KNN,kd_tree,25,uncalibrated,4.73,0.00041025641025641094,0.0002331313110595873
30,30,KNN,kd_tree,25,uncalibrated,4.74,0.013786407766990293,0.00854368932038835
30,30,KNN,kd_tree,25,uncalibrated,4.75,0.0758139534883709,0.012560621936337675
30,30,KNN,kd_tree,25,uncalibrated,4.76,0.22513513513513506,0.0244381720117996
30,30,KNN,kd_tree,25,uncalibrated,4.77,0.494731182795699,0.020099443865651972
30,30,KNN,kd_tree,25,uncalibrated,4.78,0.7203333333333333,0.024471071356467696
30,30,KNN,kd_tree,25,uncalibrated,4.79,0.9091277890466568,0.012372526831622583
30,30,KNN,kd_tree,25,uncalibrated,4.81,0.9935877862595419,0.005496183206106842
30,30,KNN,kd_tree,25,uncalibrated,4.82,0.9985858585858587,0.0012183752627884514
30,30,KNN,kd_tree,25,uncalibrated,4.83,0.9996235294117648,0.00022824164708568927
30,30,KNN,kd_tree,25,uncalibrated,4.84,0.9994805194805142,0.0005194805194804821
30,30,KNN,kd_tree,25,uncalibrated,4.85,1.0,0.0
30,30,KNN,kd_tree,25,uncalibrated,4.86,1.0,0.0
30,30,KNN,kd_tree,25,uncalibrated,4.87,1.0,0.0
30,30,KNN,kd_tree,25,uncalibrated,4.88,1.0,0.0
30,30,KNN,kd_tree,25,uncalibrated,4.9,1.0,0.0
30,30,KNN,kd_tree,25,uncalibrated,4.93,1.0,0.0
30,30,KNN,kd_tree,27,uncalibrated,4.67,0.0,0.0
30,30,KNN,kd_tree,27,uncalibrated,4.7,0.0,0.0
30,30,KNN,kd_tree,27,uncalibrated,4.72,0.0,0.0
30,30,KNN,kd_tree,27,uncalibrated,4.73,0.0003798670465337119,0.0002158623250551734
30,30,KNN,kd_tree,27,uncalibrated,4.74,0.013843941028407051,0.00845019777058612
30,30,KNN,kd_tree,27,uncalibrated,4.75,0.07644272179155781,0.01259342897399439
30,30,KNN,kd_tree,27,uncalibrated,4.76,0.22572572572572577,0.024327533769435812
30,30,KNN,kd_tree,27,uncalibrated,4.77,0.49591796097170904,0.02010295712953557
30,30,KNN,kd_tree,27,uncalibrated,4.78,0.7214506172839507,0.024671577725128117
30,30,KNN,kd_tree,27,uncalibrated,4.79,0.910299752084742,0.012336001942920899
30,30,KNN,kd_tree,27,uncalibrated,4.81,0.993709358213175,0.005301102629347021
30,30,KNN,kd_tree,27,uncalibrated,4.82,0.998410026187804,0.0013230212169232935
30,30,KNN,kd_tree,27,uncalibrated,4.83,0.9996514161220323,0.00021133485841300163
30,30,KNN,kd_tree,27,uncalibrated,4.84,0.9994502851645709,0.000549714835429173
30,30,KNN,kd_tree,27,uncalibrated,4.85,1.0,0.0
30,30,KNN,kd_tree,27,uncalibrated,4.86,1.0,0.0
30,30,KNN,kd_tree,27,uncalibrated,4.87,1.0,0.0
30,30,KNN,kd_tree,27,uncalibrated,4.88,1.0,0.0
30,30,KNN,kd_tree,27,uncalibrated,4.9,1.0,0.0
30,30,KNN,kd_tree,27,uncalibrated,4.93,1.0,0.0
30,30,KNN,kd_tree,29,uncalibrated,4.67,0.0,0.0
30,30,KNN,kd_tree,29,uncalibrated,4.7,0.0,0.0
30,30,KNN,kd_tree,29,uncalibrated,4.72,0.0,0.0
30,30,KNN,kd_tree,29,uncalibrated,4.73,0.00035366931918656057,0.00020097526815481662
30,30,KNN,kd_tree,29,uncalibrated,4.74,0.01414462671576833,0.008285905590893875
30,30,KNN,kd_tree,29,uncalibrated,4.75,0.07668404170008138,0.012576535392768736
30,30,KNN,kd_tree,29,uncalibrated,4.76,0.22693383038210624,0.02420236003511939
30,30,KNN,kd_tree,29,uncalibrated,4.77,0.4986095661846547,0.02015633529434146
30,30,KNN,kd_tree,29,uncalibrated,4.78,0.7214080459770118,0.02411183249726173
30,30,KNN,kd_tree,29,uncalibrated,4.79,0.9106106176120846,0.012287576559313156
30,30,KNN,kd_tree,29,uncalibrated,4.81,0.9936825480389574,0.00513292971834689
30,30,KNN,kd_tree,29,uncalibrated,4.82,0.9984326018808342,0.0013178417363046003
30,30,KNN,kd_tree,29,uncalibrated,4.83,0.9996579091406677,0.0002227534290654555
30,30,KNN,kd_tree,29,uncalibrated,4.84,0.9993368700265253,0.0006631299734747298
30,30,KNN,kd_tree,29,uncalibrated,4.85,1.0,0.0
30,30,KNN,kd_tree,29,uncalibrated,4.86,1.0,0.0
30,30,KNN,kd_tree,29,uncalibrated,4.87,1.0,0.0
30,30,KNN,kd_tree,29,uncalibrated,4.88,1.0,0.0
30,30,KNN,kd_tree,29,uncalibrated,4.9,1.0,0.0
30,30,KNN,kd_tree,29,uncalibrated,4.93,1.0,0.0
30,30,KNN,kd_tree,31,uncalibrated,4.67,0.0,0.0
30,30,KNN,kd_tree,31,uncalibrated,4.7,0.0,0.0
30,30,KNN,kd_tree,31,uncalibrated,4.72,0.0,0.0
30,30,KNN,kd_tree,31,uncalibrated,4.73,0.00033085194375516956,0.0001880091218222478
30,30,KNN,kd_tree,31,uncalibrated,4.74,0.014093329157532104,0.00845599749451926
30,30,KNN,kd_tree,31,uncalibrated,4.75,0.07708177044260947,0.012581208532708587
30,30,KNN,kd_tree,31,uncalibrated,4.76,0.2273321708805579,0.02494125409692304
30,30,KNN,kd_tree,31,uncalibrated,4.77,0.49939299340964266,0.02014308568956164
30,30,KNN,kd_tree,31,uncalibrated,4.78,0.7219086021505376,0.02402106476397887
30,30,KNN,kd_tree,31,uncalibrated,4.79,0.9106196427403016,0.01250824723871654
30,30,KNN,kd_tree,31,uncalibrated,4.81,0.9937207584338834,0.005048017729623322
30,30,KNN,kd_tree,31,uncalibrated,4.82,0.998452264581275,0.0013134475931818152
30,30,KNN,kd_tree,31,uncalibrated,4.83,0.9996799795186893,0.0002083822400933696
30,30,KNN,kd_tree,31,uncalibrated,4.84,0.9993232573877735,0.0006767426122264442
30,30,KNN,kd_tree,31,uncalibrated,4.85,1.0,0.0
30,30,KNN,kd_tree,31,uncalibrated,4.86,1.0,0.0
30,30,KNN,kd_tree,31,uncalibrated,4.87,1.0,0.0
30,30,KNN,kd_tree,31,uncalibrated,4.88,1.0,0.0
30,30,KNN,kd_tree,31,uncalibrated,4.9,1.0,0.0
30,30,KNN,kd_tree,31,uncalibrated,4.93,1.0,0.0
30,30,KNN,kd_tree,33,uncalibrated,4.67,0.0,0.0
30,30,KNN,kd_tree,33,uncalibrated,4.7,0.0,0.0
30,30,KNN,kd_tree,33,uncalibrated,4.72,0.0,0.0
30,30,KNN,kd_tree,33,uncalibrated,4.73,0.00031080031080031145,0.0001766146295905964
30,30,KNN,kd_tree,33,uncalibrated,4.74,0.014268902618417182,0.008384819064430716
30,30,KNN,kd_tree,33,uncalibrated,4.75,0.07787174066243598,0.012593184466483538
30,30,KNN,kd_tree,33,uncalibrated,4.76,0.22829647829647828,0.02526183874706776
30,30,KNN,kd_tree,33,uncalibrated,4.77,0.49975562072336266,0.020062453847316895
30,30,KNN,kd_tree,33,uncalibrated,4.78,0.7226010101010105,0.023348573702828196
30,30,KNN,kd_tree,33,uncalibrated,4.79,0.9115495728071793,0.012520584291891831
30,30,KNN,kd_tree,33,uncalibrated,4.81,0.9936965070552859,0.0049155678926671165
30,30,KNN,kd_tree,33,uncalibrated,4.82,0.9984695439241111,0.0013096769273994791
30,30,KNN,kd_tree,33,uncalibrated,4.83,0.9996993746993742,0.00019575301342106779
30,30,KNN,kd_tree,33,uncalibrated,4.84,0.9993112947658402,0.0006887052341597588
30,30,KNN,kd_tree,33,uncalibrated,4.85,1.0,0.0
30,30,KNN,kd_tree,33,uncalibrated,4.86,1.0,0.0
30,30,KNN,kd_tree,33,uncalibrated,4.87,1.0,0.0
30,30,KNN,kd_tree,33,uncalibrated,4.88,1.0,0.0
30,30,KNN,kd_tree,33,uncalibrated,4.9,1.0,0.0
30,30,KNN,kd_tree,33,uncalibrated,4.93,1.0,0.0
30,30,KNN,kd_tree,35,uncalibrated,4.67,0.0,0.0
30,30,KNN,kd_tree,35,uncalibrated,4.7,0.0,0.0
30,30,KNN,kd_tree,35,uncalibrated,4.72,0.0,0.0
30,30,KNN,kd_tree,35,uncalibrated,4.73,0.00043731778425655943,0.00023429666571897367
30,30,KNN,kd_tree,35,uncalibrated,4.74,0.014285714285714285,0.008321775312066572
30,30,KNN,kd_tree,35,uncalibrated,4.75,0.07749169435215829,0.012532944632537043
30,30,KNN,kd_tree,35,uncalibrated,4.76,0.2287644787644787,0.02493438366029638
30,30,KNN,kd_tree,35,uncalibrated,4.77,0.5002304147465438,0.020085368111051452
30,30,KNN,kd_tree,35,uncalibrated,4.78,0.7233333333333326,0.023653257035874453
30,30,KNN,kd_tree,35,uncalibrated,4.79,0.9117936829904358,0.012378313761746387
30,30,KNN,kd_tree,35,uncalibrated,4.81,0.9938386041439478,0.004634678298800432
30,30,KNN,kd_tree,35,uncalibrated,4.82,0.9985569985569769,0.0012348382458337876
30,30,KNN,kd_tree,35,uncalibrated,4.83,0.9997165532879814,0.0001845671269398949
30,30,KNN,kd_tree,35,uncalibrated,4.84,0.999350649350649,0.0006493506493506218
30,30,KNN,kd_tree,35,uncalibrated,4.85,1.0,0.0
30,30,KNN,kd_tree,35,uncalibrated,4.86,1.0,0.0
30,30,KNN,kd_tree,35,uncalibrated,4.87,1.0,0.0
30,30,KNN,kd_tree,35,uncalibrated,4.88,1.0,0.0
30,30,KNN,kd_tree,35,uncalibrated,4.9,1.0,0.0
30,30,KNN,kd_tree,35,uncalibrated,4.93,1.0,0.0
30,30,KNN,kd_tree,37,uncalibrated,4.67,0.0,0.0
30,30,KNN,kd_tree,37,uncalibrated,4.7,0.0,0.0
30,30,KNN,kd_tree,37,uncalibrated,4.72,0.0,0.0
30,30,KNN,kd_tree,37,uncalibrated,4.73,0.0005460005460005142,0.0002839245696065098
30,30,KNN,kd_tree,37,uncalibrated,4.74,0.014366308055628444,0.008462345840986617
30,30,KNN,kd_tree,37,uncalibrated,4.75,0.07778126964173594,0.012576959385083174
30,30,KNN,kd_tree,37,uncalibrated,4.76,0.22918188458728994,0.024679620251216783
30,30,KNN,kd_tree,37,uncalibrated,4.77,0.5012351060738157,0.02004019783354119
30,30,KNN,kd_tree,37,uncalibrated,4.78,0.7235923423423424,0.02384984749843636
30,30,KNN,kd_tree,37,uncalibrated,4.79,0.9116824735485993,0.012327599304010195
30,30,KNN,kd_tree,37,uncalibrated,4.81,0.9938621827934806,0.004693624922632644
30,30,KNN,kd_tree,37,uncalibrated,4.82,0.9985667485667267,0.0012357921009874169
30,30,KNN,kd_tree,37,uncalibrated,4.83,0.9997318747318746,0.0001745905254837515
30,30,KNN,kd_tree,37,uncalibrated,4.84,0.9993857493857494,0.0006142506142506332
30,30,KNN,kd_tree,37,uncalibrated,4.85,1.0,0.0
30,30,KNN,kd_tree,37,uncalibrated,4.86,1.0,0.0
30,30,KNN,kd_tree,37,uncalibrated,4.87,1.0,0.0
30,30,KNN,kd_tree,37,uncalibrated,4.88,1.0,0.0
30,30,KNN,kd_tree,37,uncalibrated,4.9,1.0,0.0
30,30,KNN,kd_tree,37,uncalibrated,4.93,1.0,0.0
30,30,KNN,kd_tree,39,uncalibrated,4.67,0.0,0.0
30,30,KNN,kd_tree,39,uncalibrated,4.7,0.0,0.0
30,30,KNN,kd_tree,39,uncalibrated,4.72,0.0,0.0
30,30,KNN,kd_tree,39,uncalibrated,4.73,0.0005180005180005074,0.0002693643352677146
30,30,KNN,kd_tree,39,uncalibrated,4.74,0.014500871296987804,0.008526263380632313
30,30,KNN,kd_tree,39,uncalibrated,4.75,0.07744484197972806,0.012547612483845417
30,30,KNN,kd_tree,39,uncalibrated,4.76,0.2296719796719798,0.024324294160457796
30,30,KNN,kd_tree,39,uncalibrated,4.77,0.5021367521367623,0.02007826679583921
30,30,KNN,kd_tree,39,uncalibrated,4.78,0.7241987179487184,0.02383099375524052
30,30,KNN,kd_tree,39,uncalibrated,4.79,0.9117907109793502,0.012197041988760185
30,30,KNN,kd_tree,39,uncalibrated,4.81,0.9939322763750245,0.004697592483852042
30,30,KNN,kd_tree,39,uncalibrated,4.82,0.9985107485107485,0.001301032790851576
30,30,KNN,kd_tree,39,uncalibrated,4.83,0.9997456247456248,0.00016563716520236546
30,30,KNN,kd_tree,39,uncalibrated,4.84,0.9993724224493455,0.0006275775506544568
30,30,KNN,kd_tree,39,uncalibrated,4.85,1.0,0.0
30,30,KNN,kd_tree,39,uncalibrated,4.86,1.0,0.0
30,30,KNN,kd_tree,39,uncalibrated,4.87,1.0,0.0
30,30,KNN,kd_tree,39,uncalibrated,4.88,1.0,0.0
30,30,KNN,kd_tree,39,uncalibrated,4.9,1.0,0.0
30,30,KNN,kd_tree,39,uncalibrated,4.93,1.0,0.0
30,30,KNN,kd_tree,41,uncalibrated,4.67,0.0,0.0
30,30,KNN,kd_tree,41,uncalibrated,4.7,0.0,0.0
30,30,KNN,kd_tree,41,uncalibrated,4.72,0.0,0.0
30,30,KNN,kd_tree,41,uncalibrated,4.73,0.0005003126954346467,0.00026899078383497895
30,30,KNN,kd_tree,41,uncalibrated,4.74,0.014563106796116505,0.008406346199384324
30,30,KNN,kd_tree,41,uncalibrated,4.75,0.07770845150312086,0.01255037353124327
30,30,KNN,kd_tree,41,uncalibrated,4.76,0.2302241265655899,0.024225444957152283
30,30,KNN,kd_tree,41,uncalibrated,4.77,0.5029504327301543,0.020064032493402696
30,30,KNN,kd_tree,41,uncalibrated,4.78,0.7239329268292684,0.02401320118180549
30,30,KNN,kd_tree,41,uncalibrated,4.79,0.9114431306584889,0.012292985590898267
30,30,KNN,kd_tree,41,uncalibrated,4.81,0.9939489852913794,0.004654626698938735
30,30,KNN,kd_tree,41,uncalibrated,4.82,0.9985833949248801,0.0012375677766636197
30,30,KNN,kd_tree,41,uncalibrated,4.83,0.9997580332946192,0.00015755730348531442
30,30,KNN,kd_tree,41,uncalibrated,4.84,0.9993603957018591,0.0006396042981409167
30,30,KNN,kd_tree,41,uncalibrated,4.85,1.0,0.0
30,30,KNN,kd_tree,41,uncalibrated,4.86,1.0,0.0
30,30,KNN,kd_tree,41,uncalibrated,4.87,1.0,0.0
30,30,KNN,kd_tree,41,uncalibrated,4.88,1.0,0.0
30,30,KNN,kd_tree,41,uncalibrated,4.9,1.0,0.0
30,30,KNN,kd_tree,41,uncalibrated,4.93,1.0,0.0
30,30,KNN,kd_tree,43,uncalibrated,4.67,0.0,0.0
30,30,KNN,kd_tree,43,uncalibrated,4.7,0.0,0.0
30,30,KNN,kd_tree,43,uncalibrated,4.72,0.0,0.0
30,30,KNN,kd_tree,43,uncalibrated,4.73,0.00047704233750745314,0.0002564795845868403
30,30,KNN,kd_tree,43,uncalibrated,4.74,0.014958229848724313,0.008410476405509144
30,30,KNN,kd_tree,43,uncalibrated,4.75,0.078082747431045,0.012590049924056046
30,30,KNN,kd_tree,43,uncalibrated,4.76,0.2309868007542426,0.02449827523176462
30,30,KNN,kd_tree,43,uncalibrated,4.77,0.5030632658164541,0.02001489852559552
30,30,KNN,kd_tree,43,uncalibrated,4.78,0.7236434108527131,0.024087465978524732
30,30,KNN,kd_tree,43,uncalibrated,4.79,0.9115052596820605,0.012194393400000237
30,30,KNN,kd_tree,43,uncalibrated,4.81,0.9939641398899346,0.004704420379904151
30,30,KNN,kd_tree,43,uncalibrated,4.82,0.9985905567300808,0.0012383886640635262
30,30,KNN,kd_tree,43,uncalibrated,4.83,0.9997692875599853,0.0001502290568115104
30,30,KNN,kd_tree,43,uncalibrated,4.84,0.9993901447389824,0.000609855261018033
30,30,KNN,kd_tree,43,uncalibrated,4.85,1.0,0.0
30,30,KNN,kd_tree,43,uncalibrated,4.86,1.0,0.0
30,30,KNN,kd_tree,43,uncalibrated,4.87,1.0,0.0
30,30,KNN,kd_tree,43,uncalibrated,4.88,1.0,0.0
30,30,KNN,kd_tree,43,uncalibrated,4.9,1.0,0.0
30,30,KNN,kd_tree,43,uncalibrated,4.93,1.0,0.0
30,30,KNN,kd_tree,45,uncalibrated,4.67,0.0,0.0
30,30,KNN,kd_tree,45,uncalibrated,4.7,0.0,0.0
30,30,KNN,kd_tree,45,uncalibrated,4.72,0.0,0.0
30,30,KNN,kd_tree,45,uncalibrated,4.73,0.0005128205128205128,0.00029516182845052335
30,30,KNN,kd_tree,45,uncalibrated,4.74,0.014994606256742173,0.008306364617044228
30,30,KNN,kd_tree,45,uncalibrated,4.75,0.07829457364341084,0.012635453761330214
30,30,KNN,kd_tree,45,uncalibrated,4.76,0.23128128128128123,0.023948255978460228
30,30,KNN,kd_tree,45,uncalibrated,4.77,0.5033452807646254,0.01998200217720958
30,30,KNN,kd_tree,45,uncalibrated,4.78,0.724212962962963,0.024111601211570872
30,30,KNN,kd_tree,45,uncalibrated,4.79,0.9118773946360135,0.012131497818232573
30,30,KNN,kd_tree,45,uncalibrated,4.81,0.994020356234097,0.004707379134860135
30,30,KNN,kd_tree,45,uncalibrated,4.82,0.9985409652076646,0.0012950093703809635
30,30,KNN,kd_tree,45,uncalibrated,4.83,0.9997795414462082,0.00014355220984204134
30,30,KNN,kd_tree,45,uncalibrated,4.84,0.9994172494172493,0.0005827505827506463
30,30,KNN,kd_tree,45,uncalibrated,4.85,1.0,0.0
30,30,KNN,kd_tree,45,uncalibrated,4.86,1.0,0.0
30,30,KNN,kd_tree,45,uncalibrated,4.87,1.0,0.0
30,30,KNN,kd_tree,45,uncalibrated,4.88,1.0,0.0
30,30,KNN,kd_tree,45,uncalibrated,4.9,1.0,0.0
30,30,KNN,kd_tree,45,uncalibrated,4.93,1.0,0.0
30,30,KNN,kd_tree,47,uncalibrated,4.67,0.0,0.0
30,30,KNN,kd_tree,47,uncalibrated,4.7,0.0,0.0
30,30,KNN,kd_tree,47,uncalibrated,4.72,0.0,0.0
30,30,KNN,kd_tree,47,uncalibrated,4.73,0.0005731069560856688,0.00033272477985547177
30,30,KNN,kd_tree,47,uncalibrated,4.74,0.01497624457756662,0.0083660400743648
30,30,KNN,kd_tree,47,uncalibrated,4.75,0.07879762493814825,0.012647072715451183
30,30,KNN,kd_tree,47,uncalibrated,4.76,0.23150277937511993,0.024301148047563257
30,30,KNN,kd_tree,47,uncalibrated,4.77,0.5040036604896008,0.020022639573020872
30,30,KNN,kd_tree,47,uncalibrated,4.78,0.7245124113475174,0.023878133717142095
30,30,KNN,kd_tree,47,uncalibrated,4.79,0.9117431271848432,0.012125048817032023
30,30,KNN,kd_tree,47,uncalibrated,4.81,0.9941529965892482,0.0046288777001786685
30,30,KNN,kd_tree,47,uncalibrated,4.82,0.9986030517945412,0.0012399025886626952
30,30,KNN,kd_tree,47,uncalibrated,4.83,0.9997318076166563,0.00016321668678264713
30,30,KNN,kd_tree,47,uncalibrated,4.84,0.9994048504686801,0.0005951495313197275
30,30,KNN,kd_tree,47,uncalibrated,4.85,1.0,0.0
30,30,KNN,kd_tree,47,uncalibrated,4.86,1.0,0.0
30,30,KNN,kd_tree,47,uncalibrated,4.87,1.0,0.0
30,30,KNN,kd_tree,47,uncalibrated,4.88,1.0,0.0
30,30,KNN,kd_tree,47,uncalibrated,4.9,1.0,0.0
30,30,KNN,kd_tree,47,uncalibrated,4.93,1.0,0.0
30,30,KNN,kd_tree,49,uncalibrated,4.67,0.0,0.0
30,30,KNN,kd_tree,49,uncalibrated,4.7,0.0,0.0
30,30,KNN,kd_tree,49,uncalibrated,4.72,0.0,0.0
30,30,KNN,kd_tree,49,uncalibrated,4.73,0.0006360985952822688,0.00041940186471990426
30,30,KNN,kd_tree,49,uncalibrated,4.74,0.015058450564691895,0.008321775312066574
30,30,KNN,kd_tree,49,uncalibrated,4.75,0.07908163265306123,0.012654197599524018
30,30,KNN,kd_tree,49,uncalibrated,4.76,0.23221180364037508,0.024368596360817257
30,30,KNN,kd_tree,49,uncalibrated,4.77,0.5044985736229872,0.01993499838154293
30,30,KNN,kd_tree,49,uncalibrated,4.78,0.7249574829931973,0.02422363942095709
30,30,KNN,kd_tree,49,uncalibrated,4.79,0.9119509872914683,0.012165315457639714
30,30,KNN,kd_tree,49,uncalibrated,4.81,0.9941969154073842,0.004634678298800432
30,30,KNN,kd_tree,49,uncalibrated,4.82,0.9986085343228309,0.0011898183232754444
30,30,KNN,kd_tree,49,uncalibrated,4.83,0.9997427542445587,0.00015655478119969873
30,30,KNN,kd_tree,49,uncalibrated,4.84,0.9993577850720711,0.0006422149279291522
30,30,KNN,kd_tree,49,uncalibrated,4.85,1.0,0.0
30,30,KNN,kd_tree,49,uncalibrated,4.86,1.0,0.0
30,30,KNN,kd_tree,49,uncalibrated,4.87,1.0,0.0
30,30,KNN,kd_tree,49,uncalibrated,4.88,1.0,0.0
30,30,KNN,kd_tree,49,uncalibrated,4.9,1.0,0.0
30,30,KNN,kd_tree,49,uncalibrated,4.93,1.0,0.0
30,30,KNN,kd_tree,51,uncalibrated,4.67,0.0,0.0
30,30,KNN,kd_tree,51,uncalibrated,4.7,0.0,0.0
30,30,KNN,kd_tree,51,uncalibrated,4.72,0.0,0.0
30,30,KNN,kd_tree,51,uncalibrated,4.73,0.00065359477124183,0.0003985293095556934
30,30,KNN,kd_tree,51,uncalibrated,4.74,0.015039025318865407,0.008376166000380734
30,30,KNN,kd_tree,51,uncalibrated,4.75,0.07911536707706457,0.012692467979003573
30,30,KNN,kd_tree,51,uncalibrated,4.76,0.23255608549726184,0.024375198315927195
30,30,KNN,kd_tree,51,uncalibrated,4.77,0.5050073792958145,0.019898310891726407
30,30,KNN,kd_tree,51,uncalibrated,4.78,0.7250408496732029,0.02443874730817895
30,30,KNN,kd_tree,51,uncalibrated,4.79,0.9121823171459253,0.012185964360304393
30,30,KNN,kd_tree,51,uncalibrated,4.81,0.9942748091603053,0.004602604400538779
30,30,KNN,kd_tree,51,uncalibrated,4.82,0.9986135868488591,0.0011924102802414167
30,30,KNN,kd_tree,51,uncalibrated,4.83,0.9997528423133922,0.00015041537801547617
30,30,KNN,kd_tree,51,uncalibrated,4.84,0.999348690525161,0.0006513094748388792
30,30,KNN,kd_tree,51,uncalibrated,4.85,1.0,0.0
30,30,KNN,kd_tree,51,uncalibrated,4.86,1.0,0.0
30,30,KNN,kd_tree,51,uncalibrated,4.87,1.0,0.0
30,30,KNN,kd_tree,51,uncalibrated,4.88,1.0,0.0
30,30,KNN,kd_tree,51,uncalibrated,4.9,1.0,0.0
30,30,KNN,kd_tree,51,uncalibrated,4.93,1.0,0.0
30,30,KNN,kd_tree,61,uncalibrated,4.67,0.0,0.0
30,30,KNN,kd_tree,61,uncalibrated,4.7,0.0,0.0
30,30,KNN,kd_tree,61,uncalibrated,4.72,0.0,0.0
30,30,KNN,kd_tree,61,uncalibrated,4.73,0.0007945801271328204,0.0003525883759881159
30,30,KNN,kd_tree,61,uncalibrated,4.74,0.01551806461881267,0.008355880948591438
30,30,KNN,kd_tree,61,uncalibrated,4.75,0.08034693099504385,0.012735397010268523
30,30,KNN,kd_tree,61,uncalibrated,4.76,0.23515728843597697,0.024778296162007832
30,30,KNN,kd_tree,61,uncalibrated,4.77,0.5058610964216463,0.01989818749564012
30,30,KNN,kd_tree,61,uncalibrated,4.78,0.7260587431693986,0.024149845911645262
30,30,KNN,kd_tree,61,uncalibrated,4.79,0.9132776909520167,0.012036135578798051
30,30,KNN,kd_tree,61,uncalibrated,4.81,0.9944938055312227,0.0045050682017270804
30,30,KNN,kd_tree,61,uncalibrated,4.82,0.9987994701109455,0.0010381281753016397
30,30,KNN,kd_tree,61,uncalibrated,4.83,0.9997933599669376,0.00012575711932426815
30,30,KNN,kd_tree,61,uncalibrated,4.84,0.9994268027054912,0.000573197294508776
30,30,KNN,kd_tree,61,uncalibrated,4.85,1.0,0.0
30,30,KNN,kd_tree,61,uncalibrated,4.86,1.0,0.0
30,30,KNN,kd_tree,61,uncalibrated,4.87,1.0,0.0
30,30,KNN,kd_tree,61,uncalibrated,4.88,1.0,0.0
30,30,KNN,kd_tree,61,uncalibrated,4.9,1.0,0.0
30,30,KNN,kd_tree,61,uncalibrated,4.93,1.0,0.0
30,30,KNN,kd_tree,81,uncalibrated,4.67,0.0,0.0
30,30,KNN,kd_tree,81,uncalibrated,4.7,0.0,0.0
30,30,KNN,kd_tree,81,uncalibrated,4.72,0.0,0.0
30,30,KNN,kd_tree,81,uncalibrated,4.73,0.0008503401360544165,0.00040516126008656477
30,30,KNN,kd_tree,81,uncalibrated,4.74,0.015492029246074557,0.008000719165767708
30,30,KNN,kd_tree,81,uncalibrated,4.75,0.08125179443008781,0.012668101695344365
30,30,KNN,kd_tree,81,uncalibrated,4.76,0.23921143365587816,0.025638692969699717
30,30,KNN,kd_tree,81,uncalibrated,4.77,0.5085955130757998,0.01962341570539074
30,30,KNN,kd_tree,81,uncalibrated,4.78,0.7276748971193415,0.023459046169755225
30,30,KNN,kd_tree,81,uncalibrated,4.79,0.9131044499536723,0.011979175139593828
30,30,KNN,kd_tree,81,uncalibrated,4.81,0.9942983696164358,0.004806333050607903
30,30,KNN,kd_tree,81,uncalibrated,4.82,0.9989088415014342,0.0009372278304155323
30,30,KNN,kd_tree,81,uncalibrated,4.83,0.9997925095964313,0.00012928793075453972
30,30,KNN,kd_tree,81,uncalibrated,4.84,0.9993524993524996,0.0006475006475005762
30,30,KNN,kd_tree,81,uncalibrated,4.85,1.0,0.0
30,30,KNN,kd_tree,81,uncalibrated,4.86,1.0,0.0
30,30,KNN,kd_tree,81,uncalibrated,4.87,1.0,0.0
30,30,KNN,kd_tree,81,uncalibrated,4.88,1.0,0.0
30,30,KNN,kd_tree,81,uncalibrated,4.9,1.0,0.0
30,30,KNN,kd_tree,81,uncalibrated,4.93,1.0,0.0
30,30,KNN,kd_tree,101,uncalibrated,4.67,0.0,0.0
30,30,KNN,kd_tree,101,uncalibrated,4.7,0.0,0.0
30,30,KNN,kd_tree,101,uncalibrated,4.72,2.912055911473523e-05,2.9120559114735005e-05
30,30,KNN,kd_tree,101,uncalibrated,4.73,0.0009345322287330826,0.0004442579081465413
30,30,KNN,kd_tree,101,uncalibrated,4.74,0.016245313851773528,0.008218783043352877
30,30,KNN,kd_tree,101,uncalibrated,4.75,0.08300713792309346,0.012690785335251514
30,30,KNN,kd_tree,101,uncalibrated,4.76,0.2411693872089911,0.025614732262702646
30,30,KNN,kd_tree,101,uncalibrated,4.77,0.5105929947833493,0.019619508701413983
30,30,KNN,kd_tree,101,uncalibrated,4.78,0.7278671617161716,0.02364883218841321
30,30,KNN,kd_tree,101,uncalibrated,4.79,0.9131203181170044,0.011848633845136725
30,30,KNN,kd_tree,101,uncalibrated,4.81,0.9943881792759433,0.004742649837502888
30,30,KNN,kd_tree,101,uncalibrated,4.82,0.9988998899890207,0.000976006386941928
30,30,KNN,kd_tree,101,uncalibrated,4.83,0.9998127964056945,0.00011682615095159913
30,30,KNN,kd_tree,101,uncalibrated,4.84,0.9993941701862492,0.0006058298137506246
30,30,KNN,kd_tree,101,uncalibrated,4.85,1.0,0.0
30,30,KNN,kd_tree,101,uncalibrated,4.86,1.0,0.0
30,30,KNN,kd_tree,101,uncalibrated,4.87,1.0,0.0
30,30,KNN,kd_tree,101,uncalibrated,4.88,1.0,0.0
30,30,KNN,kd_tree,101,uncalibrated,4.9,1.0,0.0
30,30,KNN,kd_tree,101,uncalibrated,4.93,1.0,0.0
30,30,KNN,kd_tree,151,uncalibrated,4.67,0.0,0.0
30,30,KNN,kd_tree,151,uncalibrated,4.7,0.0,0.0
30,30,KNN,kd_tree,151,uncalibrated,4.72,3.895597974289053e-05,2.7381582019265605e-05
30,30,KNN,kd_tree,151,uncalibrated,4.73,0.0013346398161913876,0.0005540628322237061
30,30,KNN,kd_tree,151,uncalibrated,4.74,0.01744036520285475,0.008245997556741467
30,30,KNN,kd_tree,151,uncalibrated,4.75,0.0854574156784241,0.012712090544843915
30,30,KNN,kd_tree,151,uncalibrated,4.76,0.24407851560169447,0.025483337837148005
30,30,KNN,kd_tree,151,uncalibrated,4.77,0.5143131809442529,0.019500098447935453
30,30,KNN,kd_tree,151,uncalibrated,4.78,0.7276903973509937,0.023560612213830975
30,30,KNN,kd_tree,151,uncalibrated,4.79,0.9133027954273758,0.011876729059732333
30,30,KNN,kd_tree,151,uncalibrated,4.81,0.9941737020373085,0.004941610636469251
30,30,KNN,kd_tree,151,uncalibrated,4.82,0.9988795237139607,0.001003977423204136
30,30,KNN,kd_tree,151,uncalibrated,4.83,0.9998469586510137,9.929856828687694e-05
30,30,KNN,kd_tree,151,uncalibrated,4.84,0.999328486083453,0.0006483582642523023
30,30,KNN,kd_tree,151,uncalibrated,4.85,1.0,0.0
30,30,KNN,kd_tree,151,uncalibrated,4.86,1.0,0.0
30,30,KNN,kd_tree,151,uncalibrated,4.87,1.0,0.0
30,30,KNN,kd_tree,151,uncalibrated,4.88,1.0,0.0
30,30,KNN,kd_tree,151,uncalibrated,4.9,1.0,0.0
30,30,KNN,kd_tree,151,uncalibrated,4.93,1.0,0.0
30,30,KNN,kd_tree,201,uncalibrated,4.67,0.0,0.0
30,30,KNN,kd_tree,201,uncalibrated,4.7,0.0,0.0
30,30,KNN,kd_tree,201,uncalibrated,4.72,2.92654375182909e-05,2.057024320850302e-05
30,30,KNN,kd_tree,201,uncalibrated,4.73,0.00143415575185298,0.0005998732002282706
30,30,KNN,kd_tree,201,uncalibrated,4.74,0.018040863642950298,0.008452881224943245
30,30,KNN,kd_tree,201,uncalibrated,4.75,0.08676096262871806,0.012637090030478165
30,30,KNN,kd_tree,201,uncalibrated,4.76,0.24578683160772727,0.02567651930638129
30,30,KNN,kd_tree,201,uncalibrated,4.77,0.5155539506767239,0.01933802425350468
30,30,KNN,kd_tree,201,uncalibrated,4.78,0.7272284411276948,0.023546302567805478
30,30,KNN,kd_tree,201,uncalibrated,4.79,0.9120523144924464,0.011966298130937868
30,30,KNN,kd_tree,201,uncalibrated,4.81,0.9940279518438342,0.0050225969389691705
30,30,KNN,kd_tree,201,uncalibrated,4.82,0.9989069802503073,0.0009804367597721654
30,30,KNN,kd_tree,201,uncalibrated,4.83,0.9998124457079681,0.00013713618405434983
30,30,KNN,kd_tree,201,uncalibrated,4.84,0.9993302717183312,0.0006523327418849201
30,30,KNN,kd_tree,201,uncalibrated,4.85,1.0,0.0
30,30,KNN,kd_tree,201,uncalibrated,4.86,1.0,0.0
30,30,KNN,kd_tree,201,uncalibrated,4.87,1.0,0.0
30,30,KNN,kd_tree,201,uncalibrated,4.88,1.0,0.0
30,30,KNN,kd_tree,201,uncalibrated,4.9,1.0,0.0
30,30,KNN,kd_tree,201,uncalibrated,4.93,1.0,0.0
30,30,KNN,ball_tree,1,uncalibrated,4.67,0.0,0.0
30,30,KNN,ball_tree,1,uncalibrated,4.7,0.0,0.0
30,30,KNN,ball_tree,1,uncalibrated,4.72,0.0,0.0
30,30,KNN,ball_tree,1,uncalibrated,4.73,0.0,0.0
30,30,KNN,ball_tree,1,uncalibrated,4.74,0.009708737864077669,0.009708737864077669
30,30,KNN,ball_tree,1,uncalibrated,4.75,0.05813953488372152,0.01286200741290632
30,30,KNN,ball_tree,1,uncalibrated,4.76,0.18876404494382035,0.027613945454931472
30,30,KNN,ball_tree,1,uncalibrated,4.77,0.421978021978022,0.022896336852763252
30,30,KNN,ball_tree,1,uncalibrated,4.78,0.6791666666666683,0.022507163762565074
30,30,KNN,ball_tree,1,uncalibrated,4.79,0.8695652173913043,0.015809727702370414
30,30,KNN,ball_tree,1,uncalibrated,4.81,0.9923371647509581,0.007662835249042136
30,30,KNN,ball_tree,1,uncalibrated,4.82,1.0,0.0
30,30,KNN,ball_tree,1,uncalibrated,4.83,0.9976470588235201,0.00235294117647058
30,30,KNN,ball_tree,1,uncalibrated,4.84,1.0,0.0
30,30,KNN,ball_tree,1,uncalibrated,4.85,1.0,0.0
30,30,KNN,ball_tree,1,uncalibrated,4.86,1.0,0.0
30,30,KNN,ball_tree,1,uncalibrated,4.87,1.0,0.0
30,30,KNN,ball_tree,1,uncalibrated,4.88,1.0,0.0
30,30,KNN,ball_tree,1,uncalibrated,4.9,1.0,0.0
30,30,KNN,ball_tree,1,uncalibrated,4.93,1.0,0.0
30,30,KNN,ball_tree,3,uncalibrated,4.67,0.0,0.0
30,30,KNN,ball_tree,3,uncalibrated,4.7,0.0,0.0
30,30,KNN,ball_tree,3,uncalibrated,4.72,0.0,0.0
30,30,KNN,ball_tree,3,uncalibrated,4.73,0.0,0.0
30,30,KNN,ball_tree,3,uncalibrated,4.74,0.010517799352750809,0.005663430420711974
30,30,KNN,ball_tree,3,uncalibrated,4.75,0.06589147286821823,0.01186675202716096
30,30,KNN,ball_tree,3,uncalibrated,4.76,0.20074906367041198,0.022428172167160837
30,30,KNN,ball_tree,3,uncalibrated,4.77,0.461469534050169,0.020605507435953494
30,30,KNN,ball_tree,3,uncalibrated,4.78,0.7006944444444444,0.02469919339413712
30,30,KNN,ball_tree,3,uncalibrated,4.79,0.8902356902356905,0.013417413363751657
30,30,KNN,ball_tree,3,uncalibrated,4.81,0.9930025445292618,0.006997455470737934
30,30,KNN,ball_tree,3,uncalibrated,4.82,0.9974747474747366,0.0018745138610051454
30,30,KNN,ball_tree,3,uncalibrated,4.83,0.9992156862745284,0.0007843137254903032
30,30,KNN,ball_tree,3,uncalibrated,4.84,0.9993815708101477,0.0006184291898577788
30,30,KNN,ball_tree,3,uncalibrated,4.85,1.0,0.0
30,30,KNN,ball_tree,3,uncalibrated,4.86,1.0,0.0
30,30,KNN,ball_tree,3,uncalibrated,4.87,1.0,0.0
30,30,KNN,ball_tree,3,uncalibrated,4.88,1.0,0.0
30,30,KNN,ball_tree,3,uncalibrated,4.9,1.0,0.0
30,30,KNN,ball_tree,3,uncalibrated,4.93,1.0,0.0
30,30,KNN,ball_tree,5,uncalibrated,4.67,0.0,0.0
30,30,KNN,ball_tree,5,uncalibrated,4.7,0.0,0.0
30,30,KNN,ball_tree,5,uncalibrated,4.72,0.0,0.0
30,30,KNN,ball_tree,5,uncalibrated,4.73,0.0,0.0
30,30,KNN,ball_tree,5,uncalibrated,4.74,0.012135922330097085,0.008252427184466019
30,30,KNN,ball_tree,5,uncalibrated,4.75,0.06569767441860465,0.011848959038908452
30,30,KNN,ball_tree,5,uncalibrated,4.76,0.20584269662921337,0.02355373509798452
30,30,KNN,ball_tree,5,uncalibrated,4.77,0.4720430107526984,0.01986781889567799
30,30,KNN,ball_tree,5,uncalibrated,4.78,0.7083333333333334,0.023833916076791764
30,30,KNN,ball_tree,5,uncalibrated,4.79,0.9006085192697769,0.012120418047811162
30,30,KNN,ball_tree,5,uncalibrated,4.81,0.9942748091603053,0.005725190839694638
30,30,KNN,ball_tree,5,uncalibrated,4.82,0.9984848484848158,0.0011247083166033513
30,30,KNN,ball_tree,5,uncalibrated,4.83,0.9995294117647152,0.00047058823529405017
30,30,KNN,ball_tree,5,uncalibrated,4.84,0.9996289424860799,0.00037105751391475433
30,30,KNN,ball_tree,5,uncalibrated,4.85,1.0,0.0
30,30,KNN,ball_tree,5,uncalibrated,4.86,1.0,0.0
30,30,KNN,ball_tree,5,uncalibrated,4.87,1.0,0.0
30,30,KNN,ball_tree,5,uncalibrated,4.88,1.0,0.0
30,30,KNN,ball_tree,5,uncalibrated,4.9,1.0,0.0
30,30,KNN,ball_tree,5,uncalibrated,4.93,1.0,0.0
30,30,KNN,ball_tree,7,uncalibrated,4.67,0.0,0.0
30,30,KNN,ball_tree,7,uncalibrated,4.7,0.0,0.0
30,30,KNN,ball_tree,7,uncalibrated,4.72,0.0,0.0
30,30,KNN,ball_tree,7,uncalibrated,4.73,0.0,0.0
30,30,KNN,ball_tree,7,uncalibrated,4.74,0.01352288488210818,0.009361997226074897
30,30,KNN,ball_tree,7,uncalibrated,4.75,0.06602990033222828,0.011969171367050441
30,30,KNN,ball_tree,7,uncalibrated,4.76,0.20738362760834658,0.023296054647225315
30,30,KNN,ball_tree,7,uncalibrated,4.77,0.47580645161290325,0.019907211056589717
30,30,KNN,ball_tree,7,uncalibrated,4.78,0.7125,0.023702637063822515
30,30,KNN,ball_tree,7,uncalibrated,4.79,0.8985776128633198,0.012115531338277597
30,30,KNN,ball_tree,7,uncalibrated,4.81,0.9940021810250819,0.005452562704471142
30,30,KNN,ball_tree,7,uncalibrated,4.82,0.9982435597189695,0.001393721395109999
30,30,KNN,ball_tree,7,uncalibrated,4.83,0.9996638655462092,0.0003361344537814801
30,30,KNN,ball_tree,7,uncalibrated,4.84,0.9994699178372902,0.0005300821627351495
30,30,KNN,ball_tree,7,uncalibrated,4.85,1.0,0.0
30,30,KNN,ball_tree,7,uncalibrated,4.86,1.0,0.0
30,30,KNN,ball_tree,7,uncalibrated,4.87,1.0,0.0
30,30,KNN,ball_tree,7,uncalibrated,4.88,1.0,0.0
30,30,KNN,ball_tree,7,uncalibrated,4.9,1.0,0.0
30,30,KNN,ball_tree,7,uncalibrated,4.93,1.0,0.0
30,30,KNN,ball_tree,9,uncalibrated,4.67,0.0,0.0
30,30,KNN,ball_tree,9,uncalibrated,4.7,0.0,0.0
30,30,KNN,ball_tree,9,uncalibrated,4.72,0.0,0.0
30,30,KNN,ball_tree,9,uncalibrated,4.73,0.0,0.0
30,30,KNN,ball_tree,9,uncalibrated,4.74,0.013484358144552318,0.009169363538295576
30,30,KNN,ball_tree,9,uncalibrated,4.75,0.06912144702842732,0.012206115162593992
30,30,KNN,ball_tree,9,uncalibrated,4.76,0.21023720349563044,0.023557493375711135
30,30,KNN,ball_tree,9,uncalibrated,4.77,0.4784946236559242,0.02006488879961329
30,30,KNN,ball_tree,9,uncalibrated,4.78,0.7125,0.02371979343972126
30,30,KNN,ball_tree,9,uncalibrated,4.79,0.9044399368942979,0.011897872650776272
30,30,KNN,ball_tree,9,uncalibrated,4.81,0.993638676844784,0.005513146734520691
30,30,KNN,ball_tree,9,uncalibrated,4.82,0.9984061930783239,0.001307960529721799
30,30,KNN,ball_tree,9,uncalibrated,4.83,0.9994771241830251,0.0003675216786586373
30,30,KNN,ball_tree,9,uncalibrated,4.84,0.9995877138734114,0.00041228612657175865
30,30,KNN,ball_tree,9,uncalibrated,4.85,1.0,0.0
30,30,KNN,ball_tree,9,uncalibrated,4.86,1.0,0.0
30,30,KNN,ball_tree,9,uncalibrated,4.87,1.0,0.0
30,30,KNN,ball_tree,9,uncalibrated,4.88,1.0,0.0
30,30,KNN,ball_tree,9,uncalibrated,4.9,1.0,0.0
30,30,KNN,ball_tree,9,uncalibrated,4.93,1.0,0.0
30,30,KNN,ball_tree,11,uncalibrated,4.67,0.0,0.0
30,30,KNN,ball_tree,11,uncalibrated,4.7,0.0,0.0
30,30,KNN,ball_tree,11,uncalibrated,4.72,0.0,0.0
30,30,KNN,ball_tree,11,uncalibrated,4.73,0.0,0.0
30,30,KNN,ball_tree,11,uncalibrated,4.74,0.012797881729920564,0.0088261253309797
30,30,KNN,ball_tree,11,uncalibrated,4.75,0.0697674418604663,0.012295693858882914
30,30,KNN,ball_tree,11,uncalibrated,4.76,0.21450459652706821,0.0232926542410447
30,30,KNN,ball_tree,11,uncalibrated,4.77,0.48289345063537586,0.01984476704574248
30,30,KNN,ball_tree,11,uncalibrated,4.78,0.7143939393939394,0.023413462701835388
30,30,KNN,ball_tree,11,uncalibrated,4.79,0.9057717130739443,0.011974632561352871
30,30,KNN,ball_tree,11,uncalibrated,4.81,0.99323386537127,0.006072172102706441
30,30,KNN,ball_tree,11,uncalibrated,4.82,0.9986959761549926,0.0010701495243177722
30,30,KNN,ball_tree,11,uncalibrated,4.83,0.9993582887700628,0.0004760202269637865
30,30,KNN,ball_tree,11,uncalibrated,4.84,0.9994940124810255,0.0005059875189745307
30,30,KNN,ball_tree,11,uncalibrated,4.85,1.0,0.0
30,30,KNN,ball_tree,11,uncalibrated,4.86,1.0,0.0
30,30,KNN,ball_tree,11,uncalibrated,4.87,1.0,0.0
30,30,KNN,ball_tree,11,uncalibrated,4.88,1.0,0.0
30,30,KNN,ball_tree,11,uncalibrated,4.9,1.0,0.0
30,30,KNN,ball_tree,11,uncalibrated,4.93,1.0,0.0
30,30,KNN,ball_tree,13,uncalibrated,4.67,0.0,0.0
30,30,KNN,ball_tree,13,uncalibrated,4.7,0.0,0.0
30,30,KNN,ball_tree,13,uncalibrated,4.72,0.0,0.0
30,30,KNN,ball_tree,13,uncalibrated,4.73,0.0,0.0
30,30,KNN,ball_tree,13,uncalibrated,4.74,0.013069454817027636,0.008588498879761016
30,30,KNN,ball_tree,13,uncalibrated,4.75,0.0697674418604663,0.012328057639019839
30,30,KNN,ball_tree,13,uncalibrated,4.76,0.21642178046672428,0.022933560040013366
30,30,KNN,ball_tree,13,uncalibrated,4.77,0.4840777502067825,0.01997305096906816
30,30,KNN,ball_tree,13,uncalibrated,4.78,0.716185897435897,0.024025459446631522
30,30,KNN,ball_tree,13,uncalibrated,4.79,0.9045092838196268,0.012163882383908139
30,30,KNN,ball_tree,13,uncalibrated,4.81,0.9933940105695832,0.006018790369935356
30,30,KNN,ball_tree,13,uncalibrated,4.82,0.9987389659520807,0.0010613182995336877
30,30,KNN,ball_tree,13,uncalibrated,4.83,0.9994570135747072,0.0004027863458927206
30,30,KNN,ball_tree,13,uncalibrated,4.84,0.99957185671468,0.0004281432852862678
30,30,KNN,ball_tree,13,uncalibrated,4.85,1.0,0.0
30,30,KNN,ball_tree,13,uncalibrated,4.86,1.0,0.0
30,30,KNN,ball_tree,13,uncalibrated,4.87,1.0,0.0
30,30,KNN,ball_tree,13,uncalibrated,4.88,1.0,0.0
30,30,KNN,ball_tree,13,uncalibrated,4.9,1.0,0.0
30,30,KNN,ball_tree,13,uncalibrated,4.93,1.0,0.0
30,30,KNN,ball_tree,15,uncalibrated,4.67,0.0,0.0
30,30,KNN,ball_tree,15,uncalibrated,4.7,0.0,0.0
30,30,KNN,ball_tree,15,uncalibrated,4.72,0.0,0.0
30,30,KNN,ball_tree,15,uncalibrated,4.73,0.0,0.0
30,30,KNN,ball_tree,15,uncalibrated,4.74,0.012944983818770222,0.007443365695792879
30,30,KNN,ball_tree,15,uncalibrated,4.75,0.07131782945736434,0.012453443205238899
30,30,KNN,ball_tree,15,uncalibrated,4.76,0.21857677902621725,0.02383553085134682
30,30,KNN,ball_tree,15,uncalibrated,4.77,0.4862007168458884,0.01995336307062776
30,30,KNN,ball_tree,15,uncalibrated,4.78,0.7176388888888889,0.024152693917176022
30,30,KNN,ball_tree,15,uncalibrated,4.79,0.9042596348884363,0.012470292469631787
30,30,KNN,ball_tree,15,uncalibrated,4.81,0.9932569974554709,0.005979643765903431
30,30,KNN,ball_tree,15,uncalibrated,4.82,0.9987704918032783,0.0010552486544860955
30,30,KNN,ball_tree,15,uncalibrated,4.83,0.9993725490196359,0.0003804027451431383
30,30,KNN,ball_tree,15,uncalibrated,4.84,0.9995052566481138,0.0004947433518861579
30,30,KNN,ball_tree,15,uncalibrated,4.85,1.0,0.0
30,30,KNN,ball_tree,15,uncalibrated,4.86,1.0,0.0
30,30,KNN,ball_tree,15,uncalibrated,4.87,1.0,0.0
30,30,KNN,ball_tree,15,uncalibrated,4.88,1.0,0.0
30,30,KNN,ball_tree,15,uncalibrated,4.9,1.0,0.0
30,30,KNN,ball_tree,15,uncalibrated,4.93,1.0,0.0
30,30,KNN,ball_tree,17,uncalibrated,4.67,0.0,0.0
30,30,KNN,ball_tree,17,uncalibrated,4.7,0.0,0.0
30,30,KNN,ball_tree,17,uncalibrated,4.72,0.0,0.0
30,30,KNN,ball_tree,17,uncalibrated,4.73,0.0003961180431768614,0.00027866501999819206
30,30,KNN,ball_tree,17,uncalibrated,4.74,0.012707024557395776,0.007852655625356942
30,30,KNN,ball_tree,17,uncalibrated,4.75,0.07233242134063046,0.012429931126506482
30,30,KNN,ball_tree,17,uncalibrated,4.76,0.2202247191011236,0.023922323011535757
30,30,KNN,ball_tree,17,uncalibrated,4.77,0.4871916508539002,0.019943854847796864
30,30,KNN,ball_tree,17,uncalibrated,4.78,0.7174019607843133,0.023828353555517195
30,30,KNN,ball_tree,17,uncalibrated,4.79,0.9058584894404027,0.012106905529581593
30,30,KNN,ball_tree,17,uncalibrated,4.81,0.9932644813650653,0.0058374494836102575
30,30,KNN,ball_tree,17,uncalibrated,4.82,0.9987945998071359,0.0010508435254437743
30,30,KNN,ball_tree,17,uncalibrated,4.83,0.9994463667820256,0.00033564948100869835
30,30,KNN,ball_tree,17,uncalibrated,4.84,0.9994543271854366,0.0005456728145803526
30,30,KNN,ball_tree,17,uncalibrated,4.85,1.0,0.0
30,30,KNN,ball_tree,17,uncalibrated,4.86,1.0,0.0
30,30,KNN,ball_tree,17,uncalibrated,4.87,1.0,0.0
30,30,KNN,ball_tree,17,uncalibrated,4.88,1.0,0.0
30,30,KNN,ball_tree,17,uncalibrated,4.9,1.0,0.0
30,30,KNN,ball_tree,17,uncalibrated,4.93,1.0,0.0
30,30,KNN,ball_tree,19,uncalibrated,4.67,0.0,0.0
30,30,KNN,ball_tree,19,uncalibrated,4.7,0.0,0.0
30,30,KNN,ball_tree,19,uncalibrated,4.72,0.0,0.0
30,30,KNN,ball_tree,19,uncalibrated,4.73,0.0003544214070529807,0.00024933185999838245
30,30,KNN,ball_tree,19,uncalibrated,4.74,0.013285641287685229,0.007920286152273888
30,30,KNN,ball_tree,19,uncalibrated,4.75,0.07298041615667192,0.01243163999878293
30,30,KNN,ball_tree,19,uncalibrated,4.76,0.2221170904790065,0.02377600445962543
30,30,KNN,ball_tree,19,uncalibrated,4.77,0.490096208262592,0.019967359401953648
30,30,KNN,ball_tree,19,uncalibrated,4.78,0.7180921052631579,0.023789816941709153
30,30,KNN,ball_tree,19,uncalibrated,4.79,0.9060531653677788,0.01215322415931194
30,30,KNN,ball_tree,19,uncalibrated,4.81,0.9931699477701889,0.006026516673362736
30,30,KNN,ball_tree,19,uncalibrated,4.82,0.9986709197235623,0.0010769082488407767
30,30,KNN,ball_tree,19,uncalibrated,4.83,0.9995046439628763,0.00030031795669205796
30,30,KNN,ball_tree,19,uncalibrated,4.84,0.9994141197148717,0.0005858802851283133
30,30,KNN,ball_tree,19,uncalibrated,4.85,1.0,0.0
30,30,KNN,ball_tree,19,uncalibrated,4.86,1.0,0.0
30,30,KNN,ball_tree,19,uncalibrated,4.87,1.0,0.0
30,30,KNN,ball_tree,19,uncalibrated,4.88,1.0,0.0
30,30,KNN,ball_tree,19,uncalibrated,4.9,1.0,0.0
30,30,KNN,ball_tree,19,uncalibrated,4.93,1.0,0.0
30,30,KNN,ball_tree,21,uncalibrated,4.67,0.0,0.0
30,30,KNN,ball_tree,21,uncalibrated,4.7,0.0,0.0
30,30,KNN,ball_tree,21,uncalibrated,4.72,0.0,0.0
30,30,KNN,ball_tree,21,uncalibrated,4.73,0.0004884004884004884,0.0002775372750709372
30,30,KNN,ball_tree,21,uncalibrated,4.74,0.013291724456773,0.0079750346740638
30,30,KNN,ball_tree,21,uncalibrated,4.75,0.07378183831672558,0.01250648504802699
30,30,KNN,ball_tree,21,uncalibrated,4.76,0.22308022308022304,0.024529344573171713
30,30,KNN,ball_tree,21,uncalibrated,4.77,0.49180747567844346,0.01991430476118095
30,30,KNN,ball_tree,21,uncalibrated,4.78,0.7188492063492063,0.023932936329189254
30,30,KNN,ball_tree,21,uncalibrated,4.79,0.9076596155703661,0.01214386121966337
30,30,KNN,ball_tree,21,uncalibrated,4.81,0.9933660487095601,0.005725190839694694
30,30,KNN,ball_tree,21,uncalibrated,4.82,0.9986772486772487,0.001092968715769057
30,30,KNN,ball_tree,21,uncalibrated,4.83,0.9995518207283193,0.0002717162465310031
30,30,KNN,ball_tree,21,uncalibrated,4.84,0.9993815708101477,0.0006184291898577788
30,30,KNN,ball_tree,21,uncalibrated,4.85,1.0,0.0
30,30,KNN,ball_tree,21,uncalibrated,4.86,1.0,0.0
30,30,KNN,ball_tree,21,uncalibrated,4.87,1.0,0.0
30,30,KNN,ball_tree,21,uncalibrated,4.88,1.0,0.0
30,30,KNN,ball_tree,21,uncalibrated,4.9,1.0,0.0
30,30,KNN,ball_tree,21,uncalibrated,4.93,1.0,0.0
30,30,KNN,ball_tree,23,uncalibrated,4.67,0.0,0.0
30,30,KNN,ball_tree,23,uncalibrated,4.7,0.0,0.0
30,30,KNN,ball_tree,23,uncalibrated,4.72,0.0,0.0
30,30,KNN,ball_tree,23,uncalibrated,4.73,0.0004459308807134901,0.00025340359897781225
30,30,KNN,ball_tree,23,uncalibrated,4.74,0.01350780920219502,0.008231321232587588
30,30,KNN,ball_tree,23,uncalibrated,4.75,0.07457027300303336,0.012549585372946705
30,30,KNN,ball_tree,23,uncalibrated,4.76,0.2233512457254519,0.02446718558201717
30,30,KNN,ball_tree,23,uncalibrated,4.77,0.49345488546049554,0.020005897516818447
30,30,KNN,ball_tree,23,uncalibrated,4.78,0.7201992753623189,0.024180258854269367
30,30,KNN,ball_tree,23,uncalibrated,4.79,0.9082811535408785,0.012182162488751003
30,30,KNN,ball_tree,23,uncalibrated,4.81,0.9933620975771654,0.00564221705940926
30,30,KNN,ball_tree,23,uncalibrated,4.82,0.9986824769433574,0.0011065288929328096
30,30,KNN,ball_tree,23,uncalibrated,4.83,0.9995907928388934,0.0002480887468325656
30,30,KNN,ball_tree,23,uncalibrated,4.84,0.9994353472614341,0.0005646527385658785
30,30,KNN,ball_tree,23,uncalibrated,4.85,1.0,0.0
30,30,KNN,ball_tree,23,uncalibrated,4.86,1.0,0.0
30,30,KNN,ball_tree,23,uncalibrated,4.87,1.0,0.0
30,30,KNN,ball_tree,23,uncalibrated,4.88,1.0,0.0
30,30,KNN,ball_tree,23,uncalibrated,4.9,1.0,0.0
30,30,KNN,ball_tree,23,uncalibrated,4.93,1.0,0.0
30,30,KNN,ball_tree,25,uncalibrated,4.67,0.0,0.0
30,30,KNN,ball_tree,25,uncalibrated,4.7,0.0,0.0
30,30,KNN,ball_tree,25,uncalibrated,4.72,0.0,0.0
30,30,KNN,ball_tree,25,uncalibrated,4.73,0.00041025641025641094,0.0002331313110595873
30,30,KNN,ball_tree,25,uncalibrated,4.74,0.013786407766990293,0.00854368932038835
30,30,KNN,ball_tree,25,uncalibrated,4.75,0.0758139534883709,0.012560621936337675
30,30,KNN,ball_tree,25,uncalibrated,4.76,0.22513513513513506,0.0244381720117996
30,30,KNN,ball_tree,25,uncalibrated,4.77,0.494731182795699,0.020099443865651972
30,30,KNN,ball_tree,25,uncalibrated,4.78,0.7203333333333333,0.024471071356467696
30,30,KNN,ball_tree,25,uncalibrated,4.79,0.9091277890466568,0.012372526831622583
30,30,KNN,ball_tree,25,uncalibrated,4.81,0.9935877862595419,0.005496183206106842
30,30,KNN,ball_tree,25,uncalibrated,4.82,0.9985858585858587,0.0012183752627884514
30,30,KNN,ball_tree,25,uncalibrated,4.83,0.9996235294117648,0.00022824164708568927
30,30,KNN,ball_tree,25,uncalibrated,4.84,0.9994805194805142,0.0005194805194804821
30,30,KNN,ball_tree,25,uncalibrated,4.85,1.0,0.0
30,30,KNN,ball_tree,25,uncalibrated,4.86,1.0,0.0
30,30,KNN,ball_tree,25,uncalibrated,4.87,1.0,0.0
30,30,KNN,ball_tree,25,uncalibrated,4.88,1.0,0.0
30,30,KNN,ball_tree,25,uncalibrated,4.9,1.0,0.0
30,30,KNN,ball_tree,25,uncalibrated,4.93,1.0,0.0
30,30,KNN,ball_tree,27,uncalibrated,4.67,0.0,0.0
30,30,KNN,ball_tree,27,uncalibrated,4.7,0.0,0.0
30,30,KNN,ball_tree,27,uncalibrated,4.72,0.0,0.0
30,30,KNN,ball_tree,27,uncalibrated,4.73,0.0003798670465337119,0.0002158623250551734
30,30,KNN,ball_tree,27,uncalibrated,4.74,0.013843941028407051,0.00845019777058612
30,30,KNN,ball_tree,27,uncalibrated,4.75,0.07644272179155781,0.01259342897399439
30,30,KNN,ball_tree,27,uncalibrated,4.76,0.22572572572572577,0.024327533769435812
30,30,KNN,ball_tree,27,uncalibrated,4.77,0.49591796097170904,0.02010295712953557
30,30,KNN,ball_tree,27,uncalibrated,4.78,0.7214506172839507,0.024671577725128117
30,30,KNN,ball_tree,27,uncalibrated,4.79,0.910299752084742,0.012336001942920899
30,30,KNN,ball_tree,27,uncalibrated,4.81,0.993709358213175,0.005301102629347021
30,30,KNN,ball_tree,27,uncalibrated,4.82,0.998410026187804,0.0013230212169232935
30,30,KNN,ball_tree,27,uncalibrated,4.83,0.9996514161220323,0.00021133485841300163
30,30,KNN,ball_tree,27,uncalibrated,4.84,0.9994502851645709,0.000549714835429173
30,30,KNN,ball_tree,27,uncalibrated,4.85,1.0,0.0
30,30,KNN,ball_tree,27,uncalibrated,4.86,1.0,0.0
30,30,KNN,ball_tree,27,uncalibrated,4.87,1.0,0.0
30,30,KNN,ball_tree,27,uncalibrated,4.88,1.0,0.0
30,30,KNN,ball_tree,27,uncalibrated,4.9,1.0,0.0
30,30,KNN,ball_tree,27,uncalibrated,4.93,1.0,0.0
30,30,KNN,ball_tree,29,uncalibrated,4.67,0.0,0.0
30,30,KNN,ball_tree,29,uncalibrated,4.7,0.0,0.0
30,30,KNN,ball_tree,29,uncalibrated,4.72,0.0,0.0
30,30,KNN,ball_tree,29,uncalibrated,4.73,0.00035366931918656057,0.00020097526815481662
30,30,KNN,ball_tree,29,uncalibrated,4.74,0.01414462671576833,0.008285905590893875
30,30,KNN,ball_tree,29,uncalibrated,4.75,0.07668404170008138,0.012576535392768736
30,30,KNN,ball_tree,29,uncalibrated,4.76,0.22693383038210624,0.02420236003511939
30,30,KNN,ball_tree,29,uncalibrated,4.77,0.4986095661846547,0.02015633529434146
30,30,KNN,ball_tree,29,uncalibrated,4.78,0.7214080459770118,0.02411183249726173
30,30,KNN,ball_tree,29,uncalibrated,4.79,0.9106106176120846,0.012287576559313156
30,30,KNN,ball_tree,29,uncalibrated,4.81,0.9936825480389574,0.00513292971834689
30,30,KNN,ball_tree,29,uncalibrated,4.82,0.9984326018808342,0.0013178417363046003
30,30,KNN,ball_tree,29,uncalibrated,4.83,0.9996579091406677,0.0002227534290654555
30,30,KNN,ball_tree,29,uncalibrated,4.84,0.9993368700265253,0.0006631299734747298
30,30,KNN,ball_tree,29,uncalibrated,4.85,1.0,0.0
30,30,KNN,ball_tree,29,uncalibrated,4.86,1.0,0.0
30,30,KNN,ball_tree,29,uncalibrated,4.87,1.0,0.0
30,30,KNN,ball_tree,29,uncalibrated,4.88,1.0,0.0
30,30,KNN,ball_tree,29,uncalibrated,4.9,1.0,0.0
30,30,KNN,ball_tree,29,uncalibrated,4.93,1.0,0.0
30,30,KNN,ball_tree,31,uncalibrated,4.67,0.0,0.0
30,30,KNN,ball_tree,31,uncalibrated,4.7,0.0,0.0
30,30,KNN,ball_tree,31,uncalibrated,4.72,0.0,0.0
30,30,KNN,ball_tree,31,uncalibrated,4.73,0.00033085194375516956,0.0001880091218222478
30,30,KNN,ball_tree,31,uncalibrated,4.74,0.014093329157532104,0.00845599749451926
30,30,KNN,ball_tree,31,uncalibrated,4.75,0.07708177044260947,0.012581208532708587
30,30,KNN,ball_tree,31,uncalibrated,4.76,0.2273321708805579,0.02494125409692304
30,30,KNN,ball_tree,31,uncalibrated,4.77,0.49939299340964266,0.02014308568956164
30,30,KNN,ball_tree,31,uncalibrated,4.78,0.7219086021505376,0.02402106476397887
30,30,KNN,ball_tree,31,uncalibrated,4.79,0.9106196427403016,0.01250824723871654
30,30,KNN,ball_tree,31,uncalibrated,4.81,0.9937207584338834,0.005048017729623322
30,30,KNN,ball_tree,31,uncalibrated,4.82,0.998452264581275,0.0013134475931818152
30,30,KNN,ball_tree,31,uncalibrated,4.83,0.9996799795186893,0.0002083822400933696
30,30,KNN,ball_tree,31,uncalibrated,4.84,0.9993232573877735,0.0006767426122264442
30,30,KNN,ball_tree,31,uncalibrated,4.85,1.0,0.0
30,30,KNN,ball_tree,31,uncalibrated,4.86,1.0,0.0
30,30,KNN,ball_tree,31,uncalibrated,4.87,1.0,0.0
30,30,KNN,ball_tree,31,uncalibrated,4.88,1.0,0.0
30,30,KNN,ball_tree,31,uncalibrated,4.9,1.0,0.0
30,30,KNN,ball_tree,31,uncalibrated,4.93,1.0,0.0
30,30,KNN,ball_tree,33,uncalibrated,4.67,0.0,0.0
30,30,KNN,ball_tree,33,uncalibrated,4.7,0.0,0.0
30,30,KNN,ball_tree,33,uncalibrated,4.72,0.0,0.0
30,30,KNN,ball_tree,33,uncalibrated,4.73,0.00031080031080031145,0.0001766146295905964
30,30,KNN,ball_tree,33,uncalibrated,4.74,0.014268902618417182,0.008384819064430716
30,30,KNN,ball_tree,33,uncalibrated,4.75,0.07787174066243598,0.012593184466483538
30,30,KNN,ball_tree,33,uncalibrated,4.76,0.22829647829647828,0.02526183874706776
30,30,KNN,ball_tree,33,uncalibrated,4.77,0.49975562072336266,0.020062453847316895
30,30,KNN,ball_tree,33,uncalibrated,4.78,0.7226010101010105,0.023348573702828196
30,30,KNN,ball_tree,33,uncalibrated,4.79,0.9115495728071793,0.012520584291891831
30,30,KNN,ball_tree,33,uncalibrated,4.81,0.9936965070552859,0.0049155678926671165
30,30,KNN,ball_tree,33,uncalibrated,4.82,0.9984695439241111,0.0013096769273994791
30,30,KNN,ball_tree,33,uncalibrated,4.83,0.9996993746993742,0.00019575301342106779
30,30,KNN,ball_tree,33,uncalibrated,4.84,0.9993112947658402,0.0006887052341597588
30,30,KNN,ball_tree,33,uncalibrated,4.85,1.0,0.0
30,30,KNN,ball_tree,33,uncalibrated,4.86,1.0,0.0
30,30,KNN,ball_tree,33,uncalibrated,4.87,1.0,0.0
30,30,KNN,ball_tree,33,uncalibrated,4.88,1.0,0.0
30,30,KNN,ball_tree,33,uncalibrated,4.9,1.0,0.0
30,30,KNN,ball_tree,33,uncalibrated,4.93,1.0,0.0
30,30,KNN,ball_tree,35,uncalibrated,4.67,0.0,0.0
30,30,KNN,ball_tree,35,uncalibrated,4.7,0.0,0.0
30,30,KNN,ball_tree,35,uncalibrated,4.72,0.0,0.0
30,30,KNN,ball_tree,35,uncalibrated,4.73,0.00043731778425655943,0.00023429666571897367
30,30,KNN,ball_tree,35,uncalibrated,4.74,0.014285714285714285,0.008321775312066572
30,30,KNN,ball_tree,35,uncalibrated,4.75,0.07749169435215829,0.012532944632537043
30,30,KNN,ball_tree,35,uncalibrated,4.76,0.2287644787644787,0.02493438366029638
30,30,KNN,ball_tree,35,uncalibrated,4.77,0.5002304147465438,0.020085368111051452
30,30,KNN,ball_tree,35,uncalibrated,4.78,0.7233333333333326,0.023653257035874453
30,30,KNN,ball_tree,35,uncalibrated,4.79,0.9117936829904358,0.012378313761746387
30,30,KNN,ball_tree,35,uncalibrated,4.81,0.9938386041439478,0.004634678298800432
30,30,KNN,ball_tree,35,uncalibrated,4.82,0.9985569985569769,0.0012348382458337876
30,30,KNN,ball_tree,35,uncalibrated,4.83,0.9997165532879814,0.0001845671269398949
30,30,KNN,ball_tree,35,uncalibrated,4.84,0.999350649350649,0.0006493506493506218
30,30,KNN,ball_tree,35,uncalibrated,4.85,1.0,0.0
30,30,KNN,ball_tree,35,uncalibrated,4.86,1.0,0.0
30,30,KNN,ball_tree,35,uncalibrated,4.87,1.0,0.0
30,30,KNN,ball_tree,35,uncalibrated,4.88,1.0,0.0
30,30,KNN,ball_tree,35,uncalibrated,4.9,1.0,0.0
30,30,KNN,ball_tree,35,uncalibrated,4.93,1.0,0.0
30,30,KNN,ball_tree,37,uncalibrated,4.67,0.0,0.0
30,30,KNN,ball_tree,37,uncalibrated,4.7,0.0,0.0
30,30,KNN,ball_tree,37,uncalibrated,4.72,0.0,0.0
30,30,KNN,ball_tree,37,uncalibrated,4.73,0.0005460005460005142,0.0002839245696065098
30,30,KNN,ball_tree,37,uncalibrated,4.74,0.014366308055628444,0.008462345840986617
30,30,KNN,ball_tree,37,uncalibrated,4.75,0.07778126964173594,0.012576959385083174
30,30,KNN,ball_tree,37,uncalibrated,4.76,0.22918188458728994,0.024679620251216783
30,30,KNN,ball_tree,37,uncalibrated,4.77,0.5012351060738157,0.02004019783354119
30,30,KNN,ball_tree,37,uncalibrated,4.78,0.7235923423423424,0.02384984749843636
30,30,KNN,ball_tree,37,uncalibrated,4.79,0.9116824735485993,0.012327599304010195
30,30,KNN,ball_tree,37,uncalibrated,4.81,0.9938621827934806,0.004693624922632644
30,30,KNN,ball_tree,37,uncalibrated,4.82,0.9985667485667267,0.0012357921009874169
30,30,KNN,ball_tree,37,uncalibrated,4.83,0.9997318747318746,0.0001745905254837515
30,30,KNN,ball_tree,37,uncalibrated,4.84,0.9993857493857494,0.0006142506142506332
30,30,KNN,ball_tree,37,uncalibrated,4.85,1.0,0.0
30,30,KNN,ball_tree,37,uncalibrated,4.86,1.0,0.0
30,30,KNN,ball_tree,37,uncalibrated,4.87,1.0,0.0
30,30,KNN,ball_tree,37,uncalibrated,4.88,1.0,0.0
30,30,KNN,ball_tree,37,uncalibrated,4.9,1.0,0.0
30,30,KNN,ball_tree,37,uncalibrated,4.93,1.0,0.0
30,30,KNN,ball_tree,39,uncalibrated,4.67,0.0,0.0
30,30,KNN,ball_tree,39,uncalibrated,4.7,0.0,0.0
30,30,KNN,ball_tree,39,uncalibrated,4.72,0.0,0.0
30,30,KNN,ball_tree,39,uncalibrated,4.73,0.0005180005180005074,0.0002693643352677146
30,30,KNN,ball_tree,39,uncalibrated,4.74,0.014500871296987804,0.008526263380632313
30,30,KNN,ball_tree,39,uncalibrated,4.75,0.07744484197972806,0.012547612483845417
30,30,KNN,ball_tree,39,uncalibrated,4.76,0.2296719796719798,0.024324294160457796
30,30,KNN,ball_tree,39,uncalibrated,4.77,0.5021367521367623,0.02007826679583921
30,30,KNN,ball_tree,39,uncalibrated,4.78,0.7241987179487184,0.02383099375524052
30,30,KNN,ball_tree,39,uncalibrated,4.79,0.9117907109793502,0.012197041988760185
30,30,KNN,ball_tree,39,uncalibrated,4.81,0.9939322763750245,0.004697592483852042
30,30,KNN,ball_tree,39,uncalibrated,4.82,0.9985107485107485,0.001301032790851576
30,30,KNN,ball_tree,39,uncalibrated,4.83,0.9997456247456248,0.00016563716520236546
30,30,KNN,ball_tree,39,uncalibrated,4.84,0.9993724224493455,0.0006275775506544568
30,30,KNN,ball_tree,39,uncalibrated,4.85,1.0,0.0
30,30,KNN,ball_tree,39,uncalibrated,4.86,1.0,0.0
30,30,KNN,ball_tree,39,uncalibrated,4.87,1.0,0.0
30,30,KNN,ball_tree,39,uncalibrated,4.88,1.0,0.0
30,30,KNN,ball_tree,39,uncalibrated,4.9,1.0,0.0
30,30,KNN,ball_tree,39,uncalibrated,4.93,1.0,0.0
30,30,KNN,ball_tree,41,uncalibrated,4.67,0.0,0.0
30,30,KNN,ball_tree,41,uncalibrated,4.7,0.0,0.0
30,30,KNN,ball_tree,41,uncalibrated,4.72,0.0,0.0
30,30,KNN,ball_tree,41,uncalibrated,4.73,0.0005003126954346467,0.00026899078383497895
30,30,KNN,ball_tree,41,uncalibrated,4.74,0.014563106796116505,0.008406346199384324
30,30,KNN,ball_tree,41,uncalibrated,4.75,0.07770845150312086,0.01255037353124327
30,30,KNN,ball_tree,41,uncalibrated,4.76,0.2302241265655899,0.024225444957152283
30,30,KNN,ball_tree,41,uncalibrated,4.77,0.5029504327301543,0.020064032493402696
30,30,KNN,ball_tree,41,uncalibrated,4.78,0.7239329268292684,0.02401320118180549
30,30,KNN,ball_tree,41,uncalibrated,4.79,0.9114431306584889,0.012292985590898267
30,30,KNN,ball_tree,41,uncalibrated,4.81,0.9939489852913794,0.004654626698938735
30,30,KNN,ball_tree,41,uncalibrated,4.82,0.9985833949248801,0.0012375677766636197
30,30,KNN,ball_tree,41,uncalibrated,4.83,0.9997580332946192,0.00015755730348531442
30,30,KNN,ball_tree,41,uncalibrated,4.84,0.9993603957018591,0.0006396042981409167
30,30,KNN,ball_tree,41,uncalibrated,4.85,1.0,0.0
30,30,KNN,ball_tree,41,uncalibrated,4.86,1.0,0.0
30,30,KNN,ball_tree,41,uncalibrated,4.87,1.0,0.0
30,30,KNN,ball_tree,41,uncalibrated,4.88,1.0,0.0
30,30,KNN,ball_tree,41,uncalibrated,4.9,1.0,0.0
30,30,KNN,ball_tree,41,uncalibrated,4.93,1.0,0.0
30,30,KNN,ball_tree,43,uncalibrated,4.67,0.0,0.0
30,30,KNN,ball_tree,43,uncalibrated,4.7,0.0,0.0
30,30,KNN,ball_tree,43,uncalibrated,4.72,0.0,0.0
30,30,KNN,ball_tree,43,uncalibrated,4.73,0.00047704233750745314,0.0002564795845868403
30,30,KNN,ball_tree,43,uncalibrated,4.74,0.014958229848724313,0.008410476405509144
30,30,KNN,ball_tree,43,uncalibrated,4.75,0.078082747431045,0.012590049924056046
30,30,KNN,ball_tree,43,uncalibrated,4.76,0.2309868007542426,0.02449827523176462
30,30,KNN,ball_tree,43,uncalibrated,4.77,0.5030632658164541,0.02001489852559552
30,30,KNN,ball_tree,43,uncalibrated,4.78,0.7236434108527131,0.024087465978524732
30,30,KNN,ball_tree,43,uncalibrated,4.79,0.9115052596820605,0.012194393400000237
30,30,KNN,ball_tree,43,uncalibrated,4.81,0.9939641398899346,0.004704420379904151
30,30,KNN,ball_tree,43,uncalibrated,4.82,0.9985905567300808,0.0012383886640635262
30,30,KNN,ball_tree,43,uncalibrated,4.83,0.9997692875599853,0.0001502290568115104
30,30,KNN,ball_tree,43,uncalibrated,4.84,0.9993901447389824,0.000609855261018033
30,30,KNN,ball_tree,43,uncalibrated,4.85,1.0,0.0
30,30,KNN,ball_tree,43,uncalibrated,4.86,1.0,0.0
30,30,KNN,ball_tree,43,uncalibrated,4.87,1.0,0.0
30,30,KNN,ball_tree,43,uncalibrated,4.88,1.0,0.0
30,30,KNN,ball_tree,43,uncalibrated,4.9,1.0,0.0
30,30,KNN,ball_tree,43,uncalibrated,4.93,1.0,0.0
30,30,KNN,ball_tree,45,uncalibrated,4.67,0.0,0.0
30,30,KNN,ball_tree,45,uncalibrated,4.7,0.0,0.0
30,30,KNN,ball_tree,45,uncalibrated,4.72,0.0,0.0
30,30,KNN,ball_tree,45,uncalibrated,4.73,0.0005128205128205128,0.00029516182845052335
30,30,KNN,ball_tree,45,uncalibrated,4.74,0.014994606256742173,0.008306364617044228
30,30,KNN,ball_tree,45,uncalibrated,4.75,0.07829457364341084,0.012635453761330214
30,30,KNN,ball_tree,45,uncalibrated,4.76,0.23128128128128123,0.023948255978460228
30,30,KNN,ball_tree,45,uncalibrated,4.77,0.5033452807646254,0.01998200217720958
30,30,KNN,ball_tree,45,uncalibrated,4.78,0.724212962962963,0.024111601211570872
30,30,KNN,ball_tree,45,uncalibrated,4.79,0.9118773946360135,0.012131497818232573
30,30,KNN,ball_tree,45,uncalibrated,4.81,0.994020356234097,0.004707379134860135
30,30,KNN,ball_tree,45,uncalibrated,4.82,0.9985409652076646,0.0012950093703809635
30,30,KNN,ball_tree,45,uncalibrated,4.83,0.9997795414462082,0.00014355220984204134
30,30,KNN,ball_tree,45,uncalibrated,4.84,0.9994172494172493,0.0005827505827506463
30,30,KNN,ball_tree,45,uncalibrated,4.85,1.0,0.0
30,30,KNN,ball_tree,45,uncalibrated,4.86,1.0,0.0
30,30,KNN,ball_tree,45,uncalibrated,4.87,1.0,0.0
30,30,KNN,ball_tree,45,uncalibrated,4.88,1.0,0.0
30,30,KNN,ball_tree,45,uncalibrated,4.9,1.0,0.0
30,30,KNN,ball_tree,45,uncalibrated,4.93,1.0,0.0
30,30,KNN,ball_tree,47,uncalibrated,4.67,0.0,0.0
30,30,KNN,ball_tree,47,uncalibrated,4.7,0.0,0.0
30,30,KNN,ball_tree,47,uncalibrated,4.72,0.0,0.0
30,30,KNN,ball_tree,47,uncalibrated,4.73,0.0005731069560856688,0.00033272477985547177
30,30,KNN,ball_tree,47,uncalibrated,4.74,0.01497624457756662,0.0083660400743648
30,30,KNN,ball_tree,47,uncalibrated,4.75,0.07879762493814825,0.012647072715451183
30,30,KNN,ball_tree,47,uncalibrated,4.76,0.23150277937511993,0.024301148047563257
30,30,KNN,ball_tree,47,uncalibrated,4.77,0.5040036604896008,0.020022639573020872
30,30,KNN,ball_tree,47,uncalibrated,4.78,0.7245124113475174,0.023878133717142095
30,30,KNN,ball_tree,47,uncalibrated,4.79,0.9117431271848432,0.012125048817032023
30,30,KNN,ball_tree,47,uncalibrated,4.81,0.9941529965892482,0.0046288777001786685
30,30,KNN,ball_tree,47,uncalibrated,4.82,0.9986030517945412,0.0012399025886626952
30,30,KNN,ball_tree,47,uncalibrated,4.83,0.9997318076166563,0.00016321668678264713
30,30,KNN,ball_tree,47,uncalibrated,4.84,0.9994048504686801,0.0005951495313197275
30,30,KNN,ball_tree,47,uncalibrated,4.85,1.0,0.0
30,30,KNN,ball_tree,47,uncalibrated,4.86,1.0,0.0
30,30,KNN,ball_tree,47,uncalibrated,4.87,1.0,0.0
30,30,KNN,ball_tree,47,uncalibrated,4.88,1.0,0.0
30,30,KNN,ball_tree,47,uncalibrated,4.9,1.0,0.0
30,30,KNN,ball_tree,47,uncalibrated,4.93,1.0,0.0
30,30,KNN,ball_tree,49,uncalibrated,4.67,0.0,0.0
30,30,KNN,ball_tree,49,uncalibrated,4.7,0.0,0.0
30,30,KNN,ball_tree,49,uncalibrated,4.72,0.0,0.0
30,30,KNN,ball_tree,49,uncalibrated,4.73,0.0006360985952822688,0.00041940186471990426
30,30,KNN,ball_tree,49,uncalibrated,4.74,0.015058450564691895,0.008321775312066574
30,30,KNN,ball_tree,49,uncalibrated,4.75,0.07908163265306123,0.012654197599524018
30,30,KNN,ball_tree,49,uncalibrated,4.76,0.23221180364037508,0.024368596360817257
30,30,KNN,ball_tree,49,uncalibrated,4.77,0.5044985736229872,0.01993499838154293
30,30,KNN,ball_tree,49,uncalibrated,4.78,0.7249574829931973,0.02422363942095709
30,30,KNN,ball_tree,49,uncalibrated,4.79,0.9119509872914683,0.012165315457639714
30,30,KNN,ball_tree,49,uncalibrated,4.81,0.9941969154073842,0.004634678298800432
30,30,KNN,ball_tree,49,uncalibrated,4.82,0.9986085343228309,0.0011898183232754444
30,30,KNN,ball_tree,49,uncalibrated,4.83,0.9997427542445587,0.00015655478119969873
30,30,KNN,ball_tree,49,uncalibrated,4.84,0.9993577850720711,0.0006422149279291522
30,30,KNN,ball_tree,49,uncalibrated,4.85,1.0,0.0
30,30,KNN,ball_tree,49,uncalibrated,4.86,1.0,0.0
30,30,KNN,ball_tree,49,uncalibrated,4.87,1.0,0.0
30,30,KNN,ball_tree,49,uncalibrated,4.88,1.0,0.0
30,30,KNN,ball_tree,49,uncalibrated,4.9,1.0,0.0
30,30,KNN,ball_tree,49,uncalibrated,4.93,1.0,0.0
30,30,KNN,ball_tree,51,uncalibrated,4.67,0.0,0.0
30,30,KNN,ball_tree,51,uncalibrated,4.7,0.0,0.0
30,30,KNN,ball_tree,51,uncalibrated,4.72,0.0,0.0
30,30,KNN,ball_tree,51,uncalibrated,4.73,0.00065359477124183,0.0003985293095556934
30,30,KNN,ball_tree,51,uncalibrated,4.74,0.015039025318865407,0.008376166000380734
30,30,KNN,ball_tree,51,uncalibrated,4.75,0.07911536707706457,0.012692467979003573
30,30,KNN,ball_tree,51,uncalibrated,4.76,0.23255608549726184,0.024375198315927195
30,30,KNN,ball_tree,51,uncalibrated,4.77,0.5050073792958145,0.019898310891726407
30,30,KNN,ball_tree,51,uncalibrated,4.78,0.7250408496732029,0.02443874730817895
30,30,KNN,ball_tree,51,uncalibrated,4.79,0.9121823171459253,0.012185964360304393
30,30,KNN,ball_tree,51,uncalibrated,4.81,0.9942748091603053,0.004602604400538779
30,30,KNN,ball_tree,51,uncalibrated,4.82,0.9986135868488591,0.0011924102802414167
30,30,KNN,ball_tree,51,uncalibrated,4.83,0.9997528423133922,0.00015041537801547617
30,30,KNN,ball_tree,51,uncalibrated,4.84,0.999348690525161,0.0006513094748388792
30,30,KNN,ball_tree,51,uncalibrated,4.85,1.0,0.0
30,30,KNN,ball_tree,51,uncalibrated,4.86,1.0,0.0
30,30,KNN,ball_tree,51,uncalibrated,4.87,1.0,0.0
30,30,KNN,ball_tree,51,uncalibrated,4.88,1.0,0.0
30,30,KNN,ball_tree,51,uncalibrated,4.9,1.0,0.0
30,30,KNN,ball_tree,51,uncalibrated,4.93,1.0,0.0
30,30,KNN,ball_tree,61,uncalibrated,4.67,0.0,0.0
30,30,KNN,ball_tree,61,uncalibrated,4.7,0.0,0.0
30,30,KNN,ball_tree,61,uncalibrated,4.72,0.0,0.0
30,30,KNN,ball_tree,61,uncalibrated,4.73,0.0007945801271328204,0.0003525883759881159
30,30,KNN,ball_tree,61,uncalibrated,4.74,0.01551806461881267,0.008355880948591438
30,30,KNN,ball_tree,61,uncalibrated,4.75,0.08034693099504385,0.012735397010268523
30,30,KNN,ball_tree,61,uncalibrated,4.76,0.23515728843597697,0.024778296162007832
30,30,KNN,ball_tree,61,uncalibrated,4.77,0.5058610964216463,0.01989818749564012
30,30,KNN,ball_tree,61,uncalibrated,4.78,0.7260587431693986,0.024149845911645262
30,30,KNN,ball_tree,61,uncalibrated,4.79,0.9132776909520167,0.012036135578798051
30,30,KNN,ball_tree,61,uncalibrated,4.81,0.9944938055312227,0.0045050682017270804
30,30,KNN,ball_tree,61,uncalibrated,4.82,0.9987994701109455,0.0010381281753016397
30,30,KNN,ball_tree,61,uncalibrated,4.83,0.9997933599669376,0.00012575711932426815
30,30,KNN,ball_tree,61,uncalibrated,4.84,0.9994268027054912,0.000573197294508776
30,30,KNN,ball_tree,61,uncalibrated,4.85,1.0,0.0
30,30,KNN,ball_tree,61,uncalibrated,4.86,1.0,0.0
30,30,KNN,ball_tree,61,uncalibrated,4.87,1.0,0.0
30,30,KNN,ball_tree,61,uncalibrated,4.88,1.0,0.0
30,30,KNN,ball_tree,61,uncalibrated,4.9,1.0,0.0
30,30,KNN,ball_tree,61,uncalibrated,4.93,1.0,0.0
30,30,KNN,ball_tree,81,uncalibrated,4.67,0.0,0.0
30,30,KNN,ball_tree,81,uncalibrated,4.7,0.0,0.0
30,30,KNN,ball_tree,81,uncalibrated,4.72,0.0,0.0
30,30,KNN,ball_tree,81,uncalibrated,4.73,0.0008503401360544165,0.00040516126008656477
30,30,KNN,ball_tree,81,uncalibrated,4.74,0.015492029246074557,0.008000719165767708
30,30,KNN,ball_tree,81,uncalibrated,4.75,0.08125179443008781,0.012668101695344365
30,30,KNN,ball_tree,81,uncalibrated,4.76,0.23921143365587816,0.025638692969699717
30,30,KNN,ball_tree,81,uncalibrated,4.77,0.5085955130757998,0.01962341570539074
30,30,KNN,ball_tree,81,uncalibrated,4.78,0.7276748971193415,0.023459046169755225
30,30,KNN,ball_tree,81,uncalibrated,4.79,0.9131044499536723,0.011979175139593828
30,30,KNN,ball_tree,81,uncalibrated,4.81,0.9942983696164358,0.004806333050607903
30,30,KNN,ball_tree,81,uncalibrated,4.82,0.9989088415014342,0.0009372278304155323
30,30,KNN,ball_tree,81,uncalibrated,4.83,0.9997925095964313,0.00012928793075453972
30,30,KNN,ball_tree,81,uncalibrated,4.84,0.9993524993524996,0.0006475006475005762
30,30,KNN,ball_tree,81,uncalibrated,4.85,1.0,0.0
30,30,KNN,ball_tree,81,uncalibrated,4.86,1.0,0.0
30,30,KNN,ball_tree,81,uncalibrated,4.87,1.0,0.0
30,30,KNN,ball_tree,81,uncalibrated,4.88,1.0,0.0
30,30,KNN,ball_tree,81,uncalibrated,4.9,1.0,0.0
30,30,KNN,ball_tree,81,uncalibrated,4.93,1.0,0.0
30,30,KNN,ball_tree,101,uncalibrated,4.67,0.0,0.0
30,30,KNN,ball_tree,101,uncalibrated,4.7,0.0,0.0
30,30,KNN,ball_tree,101,uncalibrated,4.72,2.912055911473523e-05,2.9120559114735005e-05
30,30,KNN,ball_tree,101,uncalibrated,4.73,0.0009345322287330826,0.0004442579081465413
30,30,KNN,ball_tree,101,uncalibrated,4.74,0.016245313851773528,0.008218783043352877
30,30,KNN,ball_tree,101,uncalibrated,4.75,0.08300713792309346,0.012690785335251514
30,30,KNN,ball_tree,101,uncalibrated,4.76,0.2411693872089911,0.025614732262702646
30,30,KNN,ball_tree,101,uncalibrated,4.77,0.5105929947833493,0.019619508701413983
30,30,KNN,ball_tree,101,uncalibrated,4.78,0.7278671617161716,0.02364883218841321
30,30,KNN,ball_tree,101,uncalibrated,4.79,0.9131203181170044,0.011848633845136725
30,30,KNN,ball_tree,101,uncalibrated,4.81,0.9943881792759433,0.004742649837502888
30,30,KNN,ball_tree,101,uncalibrated,4.82,0.9988998899890207,0.000976006386941928
30,30,KNN,ball_tree,101,uncalibrated,4.83,0.9998127964056945,0.00011682615095159913
30,30,KNN,ball_tree,101,uncalibrated,4.84,0.9993941701862492,0.0006058298137506246
30,30,KNN,ball_tree,101,uncalibrated,4.85,1.0,0.0
30,30,KNN,ball_tree,101,uncalibrated,4.86,1.0,0.0
30,30,KNN,ball_tree,101,uncalibrated,4.87,1.0,0.0
30,30,KNN,ball_tree,101,uncalibrated,4.88,1.0,0.0
30,30,KNN,ball_tree,101,uncalibrated,4.9,1.0,0.0
30,30,KNN,ball_tree,101,uncalibrated,4.93,1.0,0.0
30,30,KNN,ball_tree,151,uncalibrated,4.67,0.0,0.0
30,30,KNN,ball_tree,151,uncalibrated,4.7,0.0,0.0
30,30,KNN,ball_tree,151,uncalibrated,4.72,3.895597974289053e-05,2.7381582019265605e-05
30,30,KNN,ball_tree,151,uncalibrated,4.73,0.0013346398161913876,0.0005540628322237061
30,30,KNN,ball_tree,151,uncalibrated,4.74,0.01744036520285475,0.008245997556741467
30,30,KNN,ball_tree,151,uncalibrated,4.75,0.0854574156784241,0.012712090544843915
30,30,KNN,ball_tree,151,uncalibrated,4.76,0.24407851560169447,0.025483337837148005
30,30,KNN,ball_tree,151,uncalibrated,4.77,0.5143131809442529,0.019500098447935453
30,30,KNN,ball_tree,151,uncalibrated,4.78,0.7276903973509937,0.023560612213830975
30,30,KNN,ball_tree,151,uncalibrated,4.79,0.9133027954273758,0.011876729059732333
30,30,KNN,ball_tree,151,uncalibrated,4.81,0.9941737020373085,0.004941610636469251
30,30,KNN,ball_tree,151,uncalibrated,4.82,0.9988795237139607,0.001003977423204136
30,30,KNN,ball_tree,151,uncalibrated,4.83,0.9998469586510137,9.929856828687694e-05
30,30,KNN,ball_tree,151,uncalibrated,4.84,0.999328486083453,0.0006483582642523023
30,30,KNN,ball_tree,151,uncalibrated,4.85,1.0,0.0
30,30,KNN,ball_tree,151,uncalibrated,4.86,1.0,0.0
30,30,KNN,ball_tree,151,uncalibrated,4.87,1.0,0.0
30,30,KNN,ball_tree,151,uncalibrated,4.88,1.0,0.0
30,30,KNN,ball_tree,151,uncalibrated,4.9,1.0,0.0
30,30,KNN,ball_tree,151,uncalibrated,4.93,1.0,0.0
30,30,KNN,ball_tree,201,uncalibrated,4.67,0.0,0.0
30,30,KNN,ball_tree,201,uncalibrated,4.7,0.0,0.0
30,30,KNN,ball_tree,201,uncalibrated,4.72,2.92654375182909e-05,2.057024320850302e-05
30,30,KNN,ball_tree,201,uncalibrated,4.73,0.00143415575185298,0.0005998732002282706
30,30,KNN,ball_tree,201,uncalibrated,4.74,0.018040863642950298,0.008452881224943245
30,30,KNN,ball_tree,201,uncalibrated,4.75,0.08676096262871806,0.012637090030478165
30,30,KNN,ball_tree,201,uncalibrated,4.76,0.24578683160772727,0.02567651930638129
30,30,KNN,ball_tree,201,uncalibrated,4.77,0.5155539506767239,0.01933802425350468
30,30,KNN,ball_tree,201,uncalibrated,4.78,0.7272284411276948,0.023546302567805478
30,30,KNN,ball_tree,201,uncalibrated,4.79,0.9120523144924464,0.011966298130937868
30,30,KNN,ball_tree,201,uncalibrated,4.81,0.9940279518438342,0.0050225969389691705
30,30,KNN,ball_tree,201,uncalibrated,4.82,0.9989069802503073,0.0009804367597721654
30,30,KNN,ball_tree,201,uncalibrated,4.83,0.9998124457079681,0.00013713618405434983
30,30,KNN,ball_tree,201,uncalibrated,4.84,0.9993302717183312,0.0006523327418849201
30,30,KNN,ball_tree,201,uncalibrated,4.85,1.0,0.0
30,30,KNN,ball_tree,201,uncalibrated,4.86,1.0,0.0
30,30,KNN,ball_tree,201,uncalibrated,4.87,1.0,0.0
30,30,KNN,ball_tree,201,uncalibrated,4.88,1.0,0.0
30,30,KNN,ball_tree,201,uncalibrated,4.9,1.0,0.0
30,30,KNN,ball_tree,201,uncalibrated,4.93,1.0,0.0
30,30,KNN,brute,1,uncalibrated,4.67,0.0,0.0
30,30,KNN,brute,1,uncalibrated,4.7,0.0,0.0
30,30,KNN,brute,1,uncalibrated,4.72,0.0,0.0
30,30,KNN,brute,1,uncalibrated,4.73,0.0,0.0
30,30,KNN,brute,1,uncalibrated,4.74,0.009708737864077669,0.009708737864077669
30,30,KNN,brute,1,uncalibrated,4.75,0.05813953488372152,0.01286200741290632
30,30,KNN,brute,1,uncalibrated,4.76,0.18876404494382035,0.027613945454931472
30,30,KNN,brute,1,uncalibrated,4.77,0.421978021978022,0.022896336852763252
30,30,KNN,brute,1,uncalibrated,4.78,0.6791666666666683,0.022507163762565074
30,30,KNN,brute,1,uncalibrated,4.79,0.8695652173913043,0.015809727702370414
30,30,KNN,brute,1,uncalibrated,4.81,0.9923371647509581,0.007662835249042136
30,30,KNN,brute,1,uncalibrated,4.82,1.0,0.0
30,30,KNN,brute,1,uncalibrated,4.83,0.9976470588235201,0.00235294117647058
30,30,KNN,brute,1,uncalibrated,4.84,1.0,0.0
30,30,KNN,brute,1,uncalibrated,4.85,1.0,0.0
30,30,KNN,brute,1,uncalibrated,4.86,1.0,0.0
30,30,KNN,brute,1,uncalibrated,4.87,1.0,0.0
30,30,KNN,brute,1,uncalibrated,4.88,1.0,0.0
30,30,KNN,brute,1,uncalibrated,4.9,1.0,0.0
30,30,KNN,brute,1,uncalibrated,4.93,1.0,0.0
30,30,KNN,brute,3,uncalibrated,4.67,0.0,0.0
30,30,KNN,brute,3,uncalibrated,4.7,0.0,0.0
30,30,KNN,brute,3,uncalibrated,4.72,0.0,0.0
30,30,KNN,brute,3,uncalibrated,4.73,0.0,0.0
30,30,KNN,brute,3,uncalibrated,4.74,0.010517799352750809,0.005663430420711974
30,30,KNN,brute,3,uncalibrated,4.75,0.06589147286821823,0.01186675202716096
30,30,KNN,brute,3,uncalibrated,4.76,0.20074906367041198,0.022428172167160837
30,30,KNN,brute,3,uncalibrated,4.77,0.461469534050169,0.020605507435953494
30,30,KNN,brute,3,uncalibrated,4.78,0.7006944444444444,0.02469919339413712
30,30,KNN,brute,3,uncalibrated,4.79,0.8902356902356905,0.013417413363751657
30,30,KNN,brute,3,uncalibrated,4.81,0.9930025445292618,0.006997455470737934
30,30,KNN,brute,3,uncalibrated,4.82,0.9974747474747366,0.0018745138610051454
30,30,KNN,brute,3,uncalibrated,4.83,0.9992156862745284,0.0007843137254903032
30,30,KNN,brute,3,uncalibrated,4.84,0.9993815708101477,0.0006184291898577788
30,30,KNN,brute,3,uncalibrated,4.85,1.0,0.0
30,30,KNN,brute,3,uncalibrated,4.86,1.0,0.0
30,30,KNN,brute,3,uncalibrated,4.87,1.0,0.0
30,30,KNN,brute,3,uncalibrated,4.88,1.0,0.0
30,30,KNN,brute,3,uncalibrated,4.9,1.0,0.0
30,30,KNN,brute,3,uncalibrated,4.93,1.0,0.0
30,30,KNN,brute,5,uncalibrated,4.67,0.0,0.0
30,30,KNN,brute,5,uncalibrated,4.7,0.0,0.0
30,30,KNN,brute,5,uncalibrated,4.72,0.0,0.0
30,30,KNN,brute,5,uncalibrated,4.73,0.0,0.0
30,30,KNN,brute,5,uncalibrated,4.74,0.012135922330097085,0.008252427184466019
30,30,KNN,brute,5,uncalibrated,4.75,0.06569767441860465,0.011848959038908452
30,30,KNN,brute,5,uncalibrated,4.76,0.20584269662921337,0.02355373509798452
30,30,KNN,brute,5,uncalibrated,4.77,0.4720430107526984,0.01986781889567799
30,30,KNN,brute,5,uncalibrated,4.78,0.7083333333333334,0.023833916076791764
30,30,KNN,brute,5,uncalibrated,4.79,0.9006085192697769,0.012120418047811162
30,30,KNN,brute,5,uncalibrated,4.81,0.9942748091603053,0.005725190839694638
30,30,KNN,brute,5,uncalibrated,4.82,0.9984848484848158,0.0011247083166033513
30,30,KNN,brute,5,uncalibrated,4.83,0.9995294117647152,0.00047058823529405017
30,30,KNN,brute,5,uncalibrated,4.84,0.9996289424860799,0.00037105751391475433
30,30,KNN,brute,5,uncalibrated,4.85,1.0,0.0
30,30,KNN,brute,5,uncalibrated,4.86,1.0,0.0
30,30,KNN,brute,5,uncalibrated,4.87,1.0,0.0
30,30,KNN,brute,5,uncalibrated,4.88,1.0,0.0
30,30,KNN,brute,5,uncalibrated,4.9,1.0,0.0
30,30,KNN,brute,5,uncalibrated,4.93,1.0,0.0
30,30,KNN,brute,7,uncalibrated,4.67,0.0,0.0
30,30,KNN,brute,7,uncalibrated,4.7,0.0,0.0
30,30,KNN,brute,7,uncalibrated,4.72,0.0,0.0
30,30,KNN,brute,7,uncalibrated,4.73,0.0,0.0
30,30,KNN,brute,7,uncalibrated,4.74,0.01352288488210818,0.009361997226074897
30,30,KNN,brute,7,uncalibrated,4.75,0.06602990033222828,0.011969171367050441
30,30,KNN,brute,7,uncalibrated,4.76,0.20738362760834658,0.023296054647225315
30,30,KNN,brute,7,uncalibrated,4.77,0.47580645161290325,0.019907211056589717
30,30,KNN,brute,7,uncalibrated,4.78,0.7125,0.023702637063822515
30,30,KNN,brute,7,uncalibrated,4.79,0.8985776128633198,0.012115531338277597
30,30,KNN,brute,7,uncalibrated,4.81,0.9940021810250819,0.005452562704471142
30,30,KNN,brute,7,uncalibrated,4.82,0.9982435597189695,0.001393721395109999
30,30,KNN,brute,7,uncalibrated,4.83,0.9996638655462092,0.0003361344537814801
30,30,KNN,brute,7,uncalibrated,4.84,0.9994699178372902,0.0005300821627351495
30,30,KNN,brute,7,uncalibrated,4.85,1.0,0.0
30,30,KNN,brute,7,uncalibrated,4.86,1.0,0.0
30,30,KNN,brute,7,uncalibrated,4.87,1.0,0.0
30,30,KNN,brute,7,uncalibrated,4.88,1.0,0.0
30,30,KNN,brute,7,uncalibrated,4.9,1.0,0.0
30,30,KNN,brute,7,uncalibrated,4.93,1.0,0.0
30,30,KNN,brute,9,uncalibrated,4.67,0.0,0.0
30,30,KNN,brute,9,uncalibrated,4.7,0.0,0.0
30,30,KNN,brute,9,uncalibrated,4.72,0.0,0.0
30,30,KNN,brute,9,uncalibrated,4.73,0.0,0.0
30,30,KNN,brute,9,uncalibrated,4.74,0.013484358144552318,0.009169363538295576
30,30,KNN,brute,9,uncalibrated,4.75,0.06912144702842732,0.012206115162593992
30,30,KNN,brute,9,uncalibrated,4.76,0.21023720349563044,0.023557493375711135
30,30,KNN,brute,9,uncalibrated,4.77,0.4784946236559242,0.02006488879961329
30,30,KNN,brute,9,uncalibrated,4.78,0.7125,0.02371979343972126
30,30,KNN,brute,9,uncalibrated,4.79,0.9044399368942979,0.011897872650776272
30,30,KNN,brute,9,uncalibrated,4.81,0.993638676844784,0.005513146734520691
30,30,KNN,brute,9,uncalibrated,4.82,0.9984061930783239,0.001307960529721799
30,30,KNN,brute,9,uncalibrated,4.83,0.9994771241830251,0.0003675216786586373
30,30,KNN,brute,9,uncalibrated,4.84,0.9995877138734114,0.00041228612657175865
30,30,KNN,brute,9,uncalibrated,4.85,1.0,0.0
30,30,KNN,brute,9,uncalibrated,4.86,1.0,0.0
30,30,KNN,brute,9,uncalibrated,4.87,1.0,0.0
30,30,KNN,brute,9,uncalibrated,4.88,1.0,0.0
30,30,KNN,brute,9,uncalibrated,4.9,1.0,0.0
30,30,KNN,brute,9,uncalibrated,4.93,1.0,0.0
30,30,KNN,brute,11,uncalibrated,4.67,0.0,0.0
30,30,KNN,brute,11,uncalibrated,4.7,0.0,0.0
30,30,KNN,brute,11,uncalibrated,4.72,0.0,0.0
30,30,KNN,brute,11,uncalibrated,4.73,0.0,0.0
30,30,KNN,brute,11,uncalibrated,4.74,0.012797881729920564,0.0088261253309797
30,30,KNN,brute,11,uncalibrated,4.75,0.0697674418604663,0.012295693858882914
30,30,KNN,brute,11,uncalibrated,4.76,0.21450459652706821,0.0232926542410447
30,30,KNN,brute,11,uncalibrated,4.77,0.48289345063537586,0.01984476704574248
30,30,KNN,brute,11,uncalibrated,4.78,0.7143939393939394,0.023413462701835388
30,30,KNN,brute,11,uncalibrated,4.79,0.9057717130739443,0.011974632561352871
30,30,KNN,brute,11,uncalibrated,4.81,0.99323386537127,0.006072172102706441
30,30,KNN,brute,11,uncalibrated,4.82,0.9986959761549926,0.0010701495243177722
30,30,KNN,brute,11,uncalibrated,4.83,0.9993582887700628,0.0004760202269637865
30,30,KNN,brute,11,uncalibrated,4.84,0.9994940124810255,0.0005059875189745307
30,30,KNN,brute,11,uncalibrated,4.85,1.0,0.0
30,30,KNN,brute,11,uncalibrated,4.86,1.0,0.0
30,30,KNN,brute,11,uncalibrated,4.87,1.0,0.0
30,30,KNN,brute,11,uncalibrated,4.88,1.0,0.0
30,30,KNN,brute,11,uncalibrated,4.9,1.0,0.0
30,30,KNN,brute,11,uncalibrated,4.93,1.0,0.0
30,30,KNN,brute,13,uncalibrated,4.67,0.0,0.0
30,30,KNN,brute,13,uncalibrated,4.7,0.0,0.0
30,30,KNN,brute,13,uncalibrated,4.72,0.0,0.0
30,30,KNN,brute,13,uncalibrated,4.73,0.0,0.0
30,30,KNN,brute,13,uncalibrated,4.74,0.013069454817027636,0.008588498879761016
30,30,KNN,brute,13,uncalibrated,4.75,0.0697674418604663,0.012328057639019839
30,30,KNN,brute,13,uncalibrated,4.76,0.21642178046672428,0.022933560040013366
30,30,KNN,brute,13,uncalibrated,4.77,0.4840777502067825,0.01997305096906816
30,30,KNN,brute,13,uncalibrated,4.78,0.716185897435897,0.024025459446631522
30,30,KNN,brute,13,uncalibrated,4.79,0.9045092838196268,0.012163882383908139
30,30,KNN,brute,13,uncalibrated,4.81,0.9933940105695832,0.006018790369935356
30,30,KNN,brute,13,uncalibrated,4.82,0.9987389659520807,0.0010613182995336877
30,30,KNN,brute,13,uncalibrated,4.83,0.9994570135747072,0.0004027863458927206
30,30,KNN,brute,13,uncalibrated,4.84,0.99957185671468,0.0004281432852862678
30,30,KNN,brute,13,uncalibrated,4.85,1.0,0.0
30,30,KNN,brute,13,uncalibrated,4.86,1.0,0.0
30,30,KNN,brute,13,uncalibrated,4.87,1.0,0.0
30,30,KNN,brute,13,uncalibrated,4.88,1.0,0.0
30,30,KNN,brute,13,uncalibrated,4.9,1.0,0.0
30,30,KNN,brute,13,uncalibrated,4.93,1.0,0.0
30,30,KNN,brute,15,uncalibrated,4.67,0.0,0.0
30,30,KNN,brute,15,uncalibrated,4.7,0.0,0.0
30,30,KNN,brute,15,uncalibrated,4.72,0.0,0.0
30,30,KNN,brute,15,uncalibrated,4.73,0.0,0.0
30,30,KNN,brute,15,uncalibrated,4.74,0.012944983818770222,0.007443365695792879
30,30,KNN,brute,15,uncalibrated,4.75,0.07131782945736434,0.012453443205238899
30,30,KNN,brute,15,uncalibrated,4.76,0.21857677902621725,0.02383553085134682
30,30,KNN,brute,15,uncalibrated,4.77,0.4862007168458884,0.01995336307062776
30,30,KNN,brute,15,uncalibrated,4.78,0.7176388888888889,0.024152693917176022
30,30,KNN,brute,15,uncalibrated,4.79,0.9042596348884363,0.012470292469631787
30,30,KNN,brute,15,uncalibrated,4.81,0.9932569974554709,0.005979643765903431
30,30,KNN,brute,15,uncalibrated,4.82,0.9987704918032783,0.0010552486544860955
30,30,KNN,brute,15,uncalibrated,4.83,0.9993725490196359,0.0003804027451431383
30,30,KNN,brute,15,uncalibrated,4.84,0.9995052566481138,0.0004947433518861579
30,30,KNN,brute,15,uncalibrated,4.85,1.0,0.0
30,30,KNN,brute,15,uncalibrated,4.86,1.0,0.0
30,30,KNN,brute,15,uncalibrated,4.87,1.0,0.0
30,30,KNN,brute,15,uncalibrated,4.88,1.0,0.0
30,30,KNN,brute,15,uncalibrated,4.9,1.0,0.0
30,30,KNN,brute,15,uncalibrated,4.93,1.0,0.0
30,30,KNN,brute,17,uncalibrated,4.67,0.0,0.0
30,30,KNN,brute,17,uncalibrated,4.7,0.0,0.0
30,30,KNN,brute,17,uncalibrated,4.72,0.0,0.0
30,30,KNN,brute,17,uncalibrated,4.73,0.0003961180431768614,0.00027866501999819206
30,30,KNN,brute,17,uncalibrated,4.74,0.012707024557395776,0.007852655625356942
30,30,KNN,brute,17,uncalibrated,4.75,0.07233242134063046,0.012429931126506482
30,30,KNN,brute,17,uncalibrated,4.76,0.2202247191011236,0.023922323011535757
30,30,KNN,brute,17,uncalibrated,4.77,0.4871916508539002,0.019943854847796864
30,30,KNN,brute,17,uncalibrated,4.78,0.7174019607843133,0.023828353555517195
30,30,KNN,brute,17,uncalibrated,4.79,0.9058584894404027,0.012106905529581593
30,30,KNN,brute,17,uncalibrated,4.81,0.9932644813650653,0.0058374494836102575
30,30,KNN,brute,17,uncalibrated,4.82,0.9987945998071359,0.0010508435254437743
30,30,KNN,brute,17,uncalibrated,4.83,0.9994463667820256,0.00033564948100869835
30,30,KNN,brute,17,uncalibrated,4.84,0.9994543271854366,0.0005456728145803526
30,30,KNN,brute,17,uncalibrated,4.85,1.0,0.0
30,30,KNN,brute,17,uncalibrated,4.86,1.0,0.0
30,30,KNN,brute,17,uncalibrated,4.87,1.0,0.0
30,30,KNN,brute,17,uncalibrated,4.88,1.0,0.0
30,30,KNN,brute,17,uncalibrated,4.9,1.0,0.0
30,30,KNN,brute,17,uncalibrated,4.93,1.0,0.0
30,30,KNN,brute,19,uncalibrated,4.67,0.0,0.0
30,30,KNN,brute,19,uncalibrated,4.7,0.0,0.0
30,30,KNN,brute,19,uncalibrated,4.72,0.0,0.0
30,30,KNN,brute,19,uncalibrated,4.73,0.0003544214070529807,0.00024933185999838245
30,30,KNN,brute,19,uncalibrated,4.74,0.013285641287685229,0.007920286152273888
30,30,KNN,brute,19,uncalibrated,4.75,0.07298041615667192,0.01243163999878293
30,30,KNN,brute,19,uncalibrated,4.76,0.2221170904790065,0.02377600445962543
30,30,KNN,brute,19,uncalibrated,4.77,0.490096208262592,0.019967359401953648
30,30,KNN,brute,19,uncalibrated,4.78,0.7180921052631579,0.023789816941709153
30,30,KNN,brute,19,uncalibrated,4.79,0.9060531653677788,0.01215322415931194
30,30,KNN,brute,19,uncalibrated,4.81,0.9931699477701889,0.006026516673362736
30,30,KNN,brute,19,uncalibrated,4.82,0.9986709197235623,0.0010769082488407767
30,30,KNN,brute,19,uncalibrated,4.83,0.9995046439628763,0.00030031795669205796
30,30,KNN,brute,19,uncalibrated,4.84,0.9994141197148717,0.0005858802851283133
30,30,KNN,brute,19,uncalibrated,4.85,1.0,0.0
30,30,KNN,brute,19,uncalibrated,4.86,1.0,0.0
30,30,KNN,brute,19,uncalibrated,4.87,1.0,0.0
30,30,KNN,brute,19,uncalibrated,4.88,1.0,0.0
30,30,KNN,brute,19,uncalibrated,4.9,1.0,0.0
30,30,KNN,brute,19,uncalibrated,4.93,1.0,0.0
30,30,KNN,brute,21,uncalibrated,4.67,0.0,0.0
30,30,KNN,brute,21,uncalibrated,4.7,0.0,0.0
30,30,KNN,brute,21,uncalibrated,4.72,0.0,0.0
30,30,KNN,brute,21,uncalibrated,4.73,0.0004884004884004884,0.0002775372750709372
30,30,KNN,brute,21,uncalibrated,4.74,0.013291724456773,0.0079750346740638
30,30,KNN,brute,21,uncalibrated,4.75,0.07378183831672558,0.01250648504802699
30,30,KNN,brute,21,uncalibrated,4.76,0.22308022308022304,0.024529344573171713
30,30,KNN,brute,21,uncalibrated,4.77,0.49180747567844346,0.01991430476118095
30,30,KNN,brute,21,uncalibrated,4.78,0.7188492063492063,0.023932936329189254
30,30,KNN,brute,21,uncalibrated,4.79,0.9076596155703661,0.01214386121966337
30,30,KNN,brute,21,uncalibrated,4.81,0.9933660487095601,0.005725190839694694
30,30,KNN,brute,21,uncalibrated,4.82,0.9986772486772487,0.001092968715769057
30,30,KNN,brute,21,uncalibrated,4.83,0.9995518207283193,0.0002717162465310031
30,30,KNN,brute,21,uncalibrated,4.84,0.9993815708101477,0.0006184291898577788
30,30,KNN,brute,21,uncalibrated,4.85,1.0,0.0
30,30,KNN,brute,21,uncalibrated,4.86,1.0,0.0
30,30,KNN,brute,21,uncalibrated,4.87,1.0,0.0
30,30,KNN,brute,21,uncalibrated,4.88,1.0,0.0
30,30,KNN,brute,21,uncalibrated,4.9,1.0,0.0
30,30,KNN,brute,21,uncalibrated,4.93,1.0,0.0
30,30,KNN,brute,23,uncalibrated,4.67,0.0,0.0
30,30,KNN,brute,23,uncalibrated,4.7,0.0,0.0
30,30,KNN,brute,23,uncalibrated,4.72,0.0,0.0
30,30,KNN,brute,23,uncalibrated,4.73,0.0004459308807134901,0.00025340359897781225
30,30,KNN,brute,23,uncalibrated,4.74,0.01350780920219502,0.008231321232587588
30,30,KNN,brute,23,uncalibrated,4.75,0.07457027300303336,0.012549585372946705
30,30,KNN,brute,23,uncalibrated,4.76,0.2233512457254519,0.02446718558201717
30,30,KNN,brute,23,uncalibrated,4.77,0.49345488546049554,0.020005897516818447
30,30,KNN,brute,23,uncalibrated,4.78,0.7201992753623189,0.024180258854269367
30,30,KNN,brute,23,uncalibrated,4.79,0.9082811535408785,0.012182162488751003
30,30,KNN,brute,23,uncalibrated,4.81,0.9933620975771654,0.00564221705940926
30,30,KNN,brute,23,uncalibrated,4.82,0.9986824769433574,0.0011065288929328096
30,30,KNN,brute,23,uncalibrated,4.83,0.9995907928388934,0.0002480887468325656
30,30,KNN,brute,23,uncalibrated,4.84,0.9994353472614341,0.0005646527385658785
30,30,KNN,brute,23,uncalibrated,4.85,1.0,0.0
30,30,KNN,brute,23,uncalibrated,4.86,1.0,0.0
30,30,KNN,brute,23,uncalibrated,4.87,1.0,0.0
30,30,KNN,brute,23,uncalibrated,4.88,1.0,0.0
30,30,KNN,brute,23,uncalibrated,4.9,1.0,0.0
30,30,KNN,brute,23,uncalibrated,4.93,1.0,0.0
30,30,KNN,brute,25,uncalibrated,4.67,0.0,0.0
30,30,KNN,brute,25,uncalibrated,4.7,0.0,0.0
30,30,KNN,brute,25,uncalibrated,4.72,0.0,0.0
30,30,KNN,brute,25,uncalibrated,4.73,0.00041025641025641094,0.0002331313110595873
30,30,KNN,brute,25,uncalibrated,4.74,0.013786407766990293,0.00854368932038835
30,30,KNN,brute,25,uncalibrated,4.75,0.0758139534883709,0.012560621936337675
30,30,KNN,brute,25,uncalibrated,4.76,0.22513513513513506,0.0244381720117996
30,30,KNN,brute,25,uncalibrated,4.77,0.494731182795699,0.020099443865651972
30,30,KNN,brute,25,uncalibrated,4.78,0.7203333333333333,0.024471071356467696
30,30,KNN,brute,25,uncalibrated,4.79,0.9091277890466568,0.012372526831622583
30,30,KNN,brute,25,uncalibrated,4.81,0.9935877862595419,0.005496183206106842
30,30,KNN,brute,25,uncalibrated,4.82,0.9985858585858587,0.0012183752627884514
30,30,KNN,brute,25,uncalibrated,4.83,0.9996235294117648,0.00022824164708568927
30,30,KNN,brute,25,uncalibrated,4.84,0.9994805194805142,0.0005194805194804821
30,30,KNN,brute,25,uncalibrated,4.85,1.0,0.0
30,30,KNN,brute,25,uncalibrated,4.86,1.0,0.0
30,30,KNN,brute,25,uncalibrated,4.87,1.0,0.0
30,30,KNN,brute,25,uncalibrated,4.88,1.0,0.0
30,30,KNN,brute,25,uncalibrated,4.9,1.0,0.0
30,30,KNN,brute,25,uncalibrated,4.93,1.0,0.0
30,30,KNN,brute,27,uncalibrated,4.67,0.0,0.0
30,30,KNN,brute,27,uncalibrated,4.7,0.0,0.0
30,30,KNN,brute,27,uncalibrated,4.72,0.0,0.0
30,30,KNN,brute,27,uncalibrated,4.73,0.0003798670465337119,0.0002158623250551734
30,30,KNN,brute,27,uncalibrated,4.74,0.013843941028407051,0.00845019777058612
30,30,KNN,brute,27,uncalibrated,4.75,0.07644272179155781,0.01259342897399439
30,30,KNN,brute,27,uncalibrated,4.76,0.22572572572572577,0.024327533769435812
30,30,KNN,brute,27,uncalibrated,4.77,0.49591796097170904,0.02010295712953557
30,30,KNN,brute,27,uncalibrated,4.78,0.7214506172839507,0.024671577725128117
30,30,KNN,brute,27,uncalibrated,4.79,0.910299752084742,0.012336001942920899
30,30,KNN,brute,27,uncalibrated,4.81,0.993709358213175,0.005301102629347021
30,30,KNN,brute,27,uncalibrated,4.82,0.998410026187804,0.0013230212169232935
30,30,KNN,brute,27,uncalibrated,4.83,0.9996514161220323,0.00021133485841300163
30,30,KNN,brute,27,uncalibrated,4.84,0.9994502851645709,0.000549714835429173
30,30,KNN,brute,27,uncalibrated,4.85,1.0,0.0
30,30,KNN,brute,27,uncalibrated,4.86,1.0,0.0
30,30,KNN,brute,27,uncalibrated,4.87,1.0,0.0
30,30,KNN,brute,27,uncalibrated,4.88,1.0,0.0
30,30,KNN,brute,27,uncalibrated,4.9,1.0,0.0
30,30,KNN,brute,27,uncalibrated,4.93,1.0,0.0
30,30,KNN,brute,29,uncalibrated,4.67,0.0,0.0
30,30,KNN,brute,29,uncalibrated,4.7,0.0,0.0
30,30,KNN,brute,29,uncalibrated,4.72,0.0,0.0
30,30,KNN,brute,29,uncalibrated,4.73,0.00035366931918656057,0.00020097526815481662
30,30,KNN,brute,29,uncalibrated,4.74,0.01414462671576833,0.008285905590893875
30,30,KNN,brute,29,uncalibrated,4.75,0.07668404170008138,0.012576535392768736
30,30,KNN,brute,29,uncalibrated,4.76,0.22693383038210624,0.02420236003511939
30,30,KNN,brute,29,uncalibrated,4.77,0.4986095661846547,0.02015633529434146
30,30,KNN,brute,29,uncalibrated,4.78,0.7214080459770118,0.02411183249726173
30,30,KNN,brute,29,uncalibrated,4.79,0.9106106176120846,0.012287576559313156
30,30,KNN,brute,29,uncalibrated,4.81,0.9936825480389574,0.00513292971834689
30,30,KNN,brute,29,uncalibrated,4.82,0.9984326018808342,0.0013178417363046003
30,30,KNN,brute,29,uncalibrated,4.83,0.9996579091406677,0.0002227534290654555
30,30,KNN,brute,29,uncalibrated,4.84,0.9993368700265253,0.0006631299734747298
30,30,KNN,brute,29,uncalibrated,4.85,1.0,0.0
30,30,KNN,brute,29,uncalibrated,4.86,1.0,0.0
30,30,KNN,brute,29,uncalibrated,4.87,1.0,0.0
30,30,KNN,brute,29,uncalibrated,4.88,1.0,0.0
30,30,KNN,brute,29,uncalibrated,4.9,1.0,0.0
30,30,KNN,brute,29,uncalibrated,4.93,1.0,0.0
30,30,KNN,brute,31,uncalibrated,4.67,0.0,0.0
30,30,KNN,brute,31,uncalibrated,4.7,0.0,0.0
30,30,KNN,brute,31,uncalibrated,4.72,0.0,0.0
30,30,KNN,brute,31,uncalibrated,4.73,0.00033085194375516956,0.0001880091218222478
30,30,KNN,brute,31,uncalibrated,4.74,0.014093329157532104,0.00845599749451926
30,30,KNN,brute,31,uncalibrated,4.75,0.07708177044260947,0.012581208532708587
30,30,KNN,brute,31,uncalibrated,4.76,0.2273321708805579,0.02494125409692304
30,30,KNN,brute,31,uncalibrated,4.77,0.49939299340964266,0.02014308568956164
30,30,KNN,brute,31,uncalibrated,4.78,0.7219086021505376,0.02402106476397887
30,30,KNN,brute,31,uncalibrated,4.79,0.9106196427403016,0.01250824723871654
30,30,KNN,brute,31,uncalibrated,4.81,0.9937207584338834,0.005048017729623322
30,30,KNN,brute,31,uncalibrated,4.82,0.998452264581275,0.0013134475931818152
30,30,KNN,brute,31,uncalibrated,4.83,0.9996799795186893,0.0002083822400933696
30,30,KNN,brute,31,uncalibrated,4.84,0.9993232573877735,0.0006767426122264442
30,30,KNN,brute,31,uncalibrated,4.85,1.0,0.0
30,30,KNN,brute,31,uncalibrated,4.86,1.0,0.0
30,30,KNN,brute,31,uncalibrated,4.87,1.0,0.0
30,30,KNN,brute,31,uncalibrated,4.88,1.0,0.0
30,30,KNN,brute,31,uncalibrated,4.9,1.0,0.0
30,30,KNN,brute,31,uncalibrated,4.93,1.0,0.0
30,30,KNN,brute,33,uncalibrated,4.67,0.0,0.0
30,30,KNN,brute,33,uncalibrated,4.7,0.0,0.0
30,30,KNN,brute,33,uncalibrated,4.72,0.0,0.0
30,30,KNN,brute,33,uncalibrated,4.73,0.00031080031080031145,0.0001766146295905964
30,30,KNN,brute,33,uncalibrated,4.74,0.014268902618417182,0.008384819064430716
30,30,KNN,brute,33,uncalibrated,4.75,0.07787174066243598,0.012593184466483538
30,30,KNN,brute,33,uncalibrated,4.76,0.22829647829647828,0.02526183874706776
30,30,KNN,brute,33,uncalibrated,4.77,0.49975562072336266,0.020062453847316895
30,30,KNN,brute,33,uncalibrated,4.78,0.7226010101010105,0.023348573702828196
30,30,KNN,brute,33,uncalibrated,4.79,0.9115495728071793,0.012520584291891831
30,30,KNN,brute,33,uncalibrated,4.81,0.9936965070552859,0.0049155678926671165
30,30,KNN,brute,33,uncalibrated,4.82,0.9984695439241111,0.0013096769273994791
30,30,KNN,brute,33,uncalibrated,4.83,0.9996993746993742,0.00019575301342106779
30,30,KNN,brute,33,uncalibrated,4.84,0.9993112947658402,0.0006887052341597588
30,30,KNN,brute,33,uncalibrated,4.85,1.0,0.0
30,30,KNN,brute,33,uncalibrated,4.86,1.0,0.0
30,30,KNN,brute,33,uncalibrated,4.87,1.0,0.0
30,30,KNN,brute,33,uncalibrated,4.88,1.0,0.0
30,30,KNN,brute,33,uncalibrated,4.9,1.0,0.0
30,30,KNN,brute,33,uncalibrated,4.93,1.0,0.0
30,30,KNN,brute,35,uncalibrated,4.67,0.0,0.0
30,30,KNN,brute,35,uncalibrated,4.7,0.0,0.0
30,30,KNN,brute,35,uncalibrated,4.72,0.0,0.0
30,30,KNN,brute,35,uncalibrated,4.73,0.00043731778425655943,0.00023429666571897367
30,30,KNN,brute,35,uncalibrated,4.74,0.014285714285714285,0.008321775312066572
30,30,KNN,brute,35,uncalibrated,4.75,0.07749169435215829,0.012532944632537043
30,30,KNN,brute,35,uncalibrated,4.76,0.2287644787644787,0.02493438366029638
30,30,KNN,brute,35,uncalibrated,4.77,0.5002304147465438,0.020085368111051452
30,30,KNN,brute,35,uncalibrated,4.78,0.7233333333333326,0.023653257035874453
30,30,KNN,brute,35,uncalibrated,4.79,0.9117936829904358,0.012378313761746387
30,30,KNN,brute,35,uncalibrated,4.81,0.9938386041439478,0.004634678298800432
30,30,KNN,brute,35,uncalibrated,4.82,0.9985569985569769,0.0012348382458337876
30,30,KNN,brute,35,uncalibrated,4.83,0.9997165532879814,0.0001845671269398949
30,30,KNN,brute,35,uncalibrated,4.84,0.999350649350649,0.0006493506493506218
30,30,KNN,brute,35,uncalibrated,4.85,1.0,0.0
30,30,KNN,brute,35,uncalibrated,4.86,1.0,0.0
30,30,KNN,brute,35,uncalibrated,4.87,1.0,0.0
30,30,KNN,brute,35,uncalibrated,4.88,1.0,0.0
30,30,KNN,brute,35,uncalibrated,4.9,1.0,0.0
30,30,KNN,brute,35,uncalibrated,4.93,1.0,0.0
30,30,KNN,brute,37,uncalibrated,4.67,0.0,0.0
30,30,KNN,brute,37,uncalibrated,4.7,0.0,0.0
30,30,KNN,brute,37,uncalibrated,4.72,0.0,0.0
30,30,KNN,brute,37,uncalibrated,4.73,0.0005460005460005142,0.0002839245696065098
30,30,KNN,brute,37,uncalibrated,4.74,0.014366308055628444,0.008462345840986617
30,30,KNN,brute,37,uncalibrated,4.75,0.07778126964173594,0.012576959385083174
30,30,KNN,brute,37,uncalibrated,4.76,0.22918188458728994,0.024679620251216783
30,30,KNN,brute,37,uncalibrated,4.77,0.5012351060738157,0.02004019783354119
30,30,KNN,brute,37,uncalibrated,4.78,0.7235923423423424,0.02384984749843636
30,30,KNN,brute,37,uncalibrated,4.79,0.9116824735485993,0.012327599304010195
30,30,KNN,brute,37,uncalibrated,4.81,0.9938621827934806,0.004693624922632644
30,30,KNN,brute,37,uncalibrated,4.82,0.9985667485667267,0.0012357921009874169
30,30,KNN,brute,37,uncalibrated,4.83,0.9997318747318746,0.0001745905254837515
30,30,KNN,brute,37,uncalibrated,4.84,0.9993857493857494,0.0006142506142506332
30,30,KNN,brute,37,uncalibrated,4.85,1.0,0.0
30,30,KNN,brute,37,uncalibrated,4.86,1.0,0.0
30,30,KNN,brute,37,uncalibrated,4.87,1.0,0.0
30,30,KNN,brute,37,uncalibrated,4.88,1.0,0.0
30,30,KNN,brute,37,uncalibrated,4.9,1.0,0.0
30,30,KNN,brute,37,uncalibrated,4.93,1.0,0.0
30,30,KNN,brute,39,uncalibrated,4.67,0.0,0.0
30,30,KNN,brute,39,uncalibrated,4.7,0.0,0.0
30,30,KNN,brute,39,uncalibrated,4.72,0.0,0.0
30,30,KNN,brute,39,uncalibrated,4.73,0.0005180005180005074,0.0002693643352677146
30,30,KNN,brute,39,uncalibrated,4.74,0.014500871296987804,0.008526263380632313
30,30,KNN,brute,39,uncalibrated,4.75,0.07744484197972806,0.012547612483845417
30,30,KNN,brute,39,uncalibrated,4.76,0.2296719796719798,0.024324294160457796
30,30,KNN,brute,39,uncalibrated,4.77,0.5021367521367623,0.02007826679583921
30,30,KNN,brute,39,uncalibrated,4.78,0.7241987179487184,0.02383099375524052
30,30,KNN,brute,39,uncalibrated,4.79,0.9117907109793502,0.012197041988760185
30,30,KNN,brute,39,uncalibrated,4.81,0.9939322763750245,0.004697592483852042
30,30,KNN,brute,39,uncalibrated,4.82,0.9985107485107485,0.001301032790851576
30,30,KNN,brute,39,uncalibrated,4.83,0.9997456247456248,0.00016563716520236546
30,30,KNN,brute,39,uncalibrated,4.84,0.9993724224493455,0.0006275775506544568
30,30,KNN,brute,39,uncalibrated,4.85,1.0,0.0
30,30,KNN,brute,39,uncalibrated,4.86,1.0,0.0
30,30,KNN,brute,39,uncalibrated,4.87,1.0,0.0
30,30,KNN,brute,39,uncalibrated,4.88,1.0,0.0
30,30,KNN,brute,39,uncalibrated,4.9,1.0,0.0
30,30,KNN,brute,39,uncalibrated,4.93,1.0,0.0
30,30,KNN,brute,41,uncalibrated,4.67,0.0,0.0
30,30,KNN,brute,41,uncalibrated,4.7,0.0,0.0
30,30,KNN,brute,41,uncalibrated,4.72,0.0,0.0
30,30,KNN,brute,41,uncalibrated,4.73,0.0005003126954346467,0.00026899078383497895
30,30,KNN,brute,41,uncalibrated,4.74,0.014563106796116505,0.008406346199384324
30,30,KNN,brute,41,uncalibrated,4.75,0.07770845150312086,0.01255037353124327
30,30,KNN,brute,41,uncalibrated,4.76,0.2302241265655899,0.024225444957152283
30,30,KNN,brute,41,uncalibrated,4.77,0.5029504327301543,0.020064032493402696
30,30,KNN,brute,41,uncalibrated,4.78,0.7239329268292684,0.02401320118180549
30,30,KNN,brute,41,uncalibrated,4.79,0.9114431306584889,0.012292985590898267
30,30,KNN,brute,41,uncalibrated,4.81,0.9939489852913794,0.004654626698938735
30,30,KNN,brute,41,uncalibrated,4.82,0.9985833949248801,0.0012375677766636197
30,30,KNN,brute,41,uncalibrated,4.83,0.9997580332946192,0.00015755730348531442
30,30,KNN,brute,41,uncalibrated,4.84,0.9993603957018591,0.0006396042981409167
30,30,KNN,brute,41,uncalibrated,4.85,1.0,0.0
30,30,KNN,brute,41,uncalibrated,4.86,1.0,0.0
30,30,KNN,brute,41,uncalibrated,4.87,1.0,0.0
30,30,KNN,brute,41,uncalibrated,4.88,1.0,0.0
30,30,KNN,brute,41,uncalibrated,4.9,1.0,0.0
30,30,KNN,brute,41,uncalibrated,4.93,1.0,0.0
30,30,KNN,brute,43,uncalibrated,4.67,0.0,0.0
30,30,KNN,brute,43,uncalibrated,4.7,0.0,0.0
30,30,KNN,brute,43,uncalibrated,4.72,0.0,0.0
30,30,KNN,brute,43,uncalibrated,4.73,0.00047704233750745314,0.0002564795845868403
30,30,KNN,brute,43,uncalibrated,4.74,0.014958229848724313,0.008410476405509144
30,30,KNN,brute,43,uncalibrated,4.75,0.078082747431045,0.012590049924056046
30,30,KNN,brute,43,uncalibrated,4.76,0.2309868007542426,0.02449827523176462
30,30,KNN,brute,43,uncalibrated,4.77,0.5030632658164541,0.02001489852559552
30,30,KNN,brute,43,uncalibrated,4.78,0.7236434108527131,0.024087465978524732
30,30,KNN,brute,43,uncalibrated,4.79,0.9115052596820605,0.012194393400000237
30,30,KNN,brute,43,uncalibrated,4.81,0.9939641398899346,0.004704420379904151
30,30,KNN,brute,43,uncalibrated,4.82,0.9985905567300808,0.0012383886640635262
30,30,KNN,brute,43,uncalibrated,4.83,0.9997692875599853,0.0001502290568115104
30,30,KNN,brute,43,uncalibrated,4.84,0.9993901447389824,0.000609855261018033
30,30,KNN,brute,43,uncalibrated,4.85,1.0,0.0
30,30,KNN,brute,43,uncalibrated,4.86,1.0,0.0
30,30,KNN,brute,43,uncalibrated,4.87,1.0,0.0
30,30,KNN,brute,43,uncalibrated,4.88,1.0,0.0
30,30,KNN,brute,43,uncalibrated,4.9,1.0,0.0
30,30,KNN,brute,43,uncalibrated,4.93,1.0,0.0
30,30,KNN,brute,45,uncalibrated,4.67,0.0,0.0
30,30,KNN,brute,45,uncalibrated,4.7,0.0,0.0
30,30,KNN,brute,45,uncalibrated,4.72,0.0,0.0
30,30,KNN,brute,45,uncalibrated,4.73,0.0005128205128205128,0.00029516182845052335
30,30,KNN,brute,45,uncalibrated,4.74,0.014994606256742173,0.008306364617044228
30,30,KNN,brute,45,uncalibrated,4.75,0.07829457364341084,0.012635453761330214
30,30,KNN,brute,45,uncalibrated,4.76,0.23128128128128123,0.023948255978460228
30,30,KNN,brute,45,uncalibrated,4.77,0.5033452807646254,0.01998200217720958
30,30,KNN,brute,45,uncalibrated,4.78,0.724212962962963,0.024111601211570872
30,30,KNN,brute,45,uncalibrated,4.79,0.9118773946360135,0.012131497818232573
30,30,KNN,brute,45,uncalibrated,4.81,0.994020356234097,0.004707379134860135
30,30,KNN,brute,45,uncalibrated,4.82,0.9985409652076646,0.0012950093703809635
30,30,KNN,brute,45,uncalibrated,4.83,0.9997795414462082,0.00014355220984204134
30,30,KNN,brute,45,uncalibrated,4.84,0.9994172494172493,0.0005827505827506463
30,30,KNN,brute,45,uncalibrated,4.85,1.0,0.0
30,30,KNN,brute,45,uncalibrated,4.86,1.0,0.0
30,30,KNN,brute,45,uncalibrated,4.87,1.0,0.0
30,30,KNN,brute,45,uncalibrated,4.88,1.0,0.0
30,30,KNN,brute,45,uncalibrated,4.9,1.0,0.0
30,30,KNN,brute,45,uncalibrated,4.93,1.0,0.0
30,30,KNN,brute,47,uncalibrated,4.67,0.0,0.0
30,30,KNN,brute,47,uncalibrated,4.7,0.0,0.0
30,30,KNN,brute,47,uncalibrated,4.72,0.0,0.0
30,30,KNN,brute,47,uncalibrated,4.73,0.0005731069560856688,0.00033272477985547177
30,30,KNN,brute,47,uncalibrated,4.74,0.01497624457756662,0.0083660400743648
30,30,KNN,brute,47,uncalibrated,4.75,0.07879762493814825,0.012647072715451183
30,30,KNN,brute,47,uncalibrated,4.76,0.23150277937511993,0.024301148047563257
30,30,KNN,brute,47,uncalibrated,4.77,0.5040036604896008,0.020022639573020872
30,30,KNN,brute,47,uncalibrated,4.78,0.7245124113475174,0.023878133717142095
30,30,KNN,brute,47,uncalibrated,4.79,0.9117431271848432,0.012125048817032023
30,30,KNN,brute,47,uncalibrated,4.81,0.9941529965892482,0.0046288777001786685
30,30,KNN,brute,47,uncalibrated,4.82,0.9986030517945412,0.0012399025886626952
30,30,KNN,brute,47,uncalibrated,4.83,0.9997318076166563,0.00016321668678264713
30,30,KNN,brute,47,uncalibrated,4.84,0.9994048504686801,0.0005951495313197275
30,30,KNN,brute,47,uncalibrated,4.85,1.0,0.0
30,30,KNN,brute,47,uncalibrated,4.86,1.0,0.0
30,30,KNN,brute,47,uncalibrated,4.87,1.0,0.0
30,30,KNN,brute,47,uncalibrated,4.88,1.0,0.0
30,30,KNN,brute,47,uncalibrated,4.9,1.0,0.0
30,30,KNN,brute,47,uncalibrated,4.93,1.0,0.0
30,30,KNN,brute,49,uncalibrated,4.67,0.0,0.0
30,30,KNN,brute,49,uncalibrated,4.7,0.0,0.0
30,30,KNN,brute,49,uncalibrated,4.72,0.0,0.0
30,30,KNN,brute,49,uncalibrated,4.73,0.0006360985952822688,0.00041940186471990426
30,30,KNN,brute,49,uncalibrated,4.74,0.015058450564691895,0.008321775312066574
30,30,KNN,brute,49,uncalibrated,4.75,0.07908163265306123,0.012654197599524018
30,30,KNN,brute,49,uncalibrated,4.76,0.23221180364037508,0.024368596360817257
30,30,KNN,brute,49,uncalibrated,4.77,0.5044985736229872,0.01993499838154293
30,30,KNN,brute,49,uncalibrated,4.78,0.7249574829931973,0.02422363942095709
30,30,KNN,brute,49,uncalibrated,4.79,0.9119509872914683,0.012165315457639714
30,30,KNN,brute,49,uncalibrated,4.81,0.9941969154073842,0.004634678298800432
30,30,KNN,brute,49,uncalibrated,4.82,0.9986085343228309,0.0011898183232754444
30,30,KNN,brute,49,uncalibrated,4.83,0.9997427542445587,0.00015655478119969873
30,30,KNN,brute,49,uncalibrated,4.84,0.9993577850720711,0.0006422149279291522
30,30,KNN,brute,49,uncalibrated,4.85,1.0,0.0
30,30,KNN,brute,49,uncalibrated,4.86,1.0,0.0
30,30,KNN,brute,49,uncalibrated,4.87,1.0,0.0
30,30,KNN,brute,49,uncalibrated,4.88,1.0,0.0
30,30,KNN,brute,49,uncalibrated,4.9,1.0,0.0
30,30,KNN,brute,49,uncalibrated,4.93,1.0,0.0
30,30,KNN,brute,51,uncalibrated,4.67,0.0,0.0
30,30,KNN,brute,51,uncalibrated,4.7,0.0,0.0
30,30,KNN,brute,51,uncalibrated,4.72,0.0,0.0
30,30,KNN,brute,51,uncalibrated,4.73,0.00065359477124183,0.0003985293095556934
30,30,KNN,brute,51,uncalibrated,4.74,0.015039025318865407,0.008376166000380734
30,30,KNN,brute,51,uncalibrated,4.75,0.07911536707706457,0.012692467979003573
30,30,KNN,brute,51,uncalibrated,4.76,0.23255608549726184,0.024375198315927195
30,30,KNN,brute,51,uncalibrated,4.77,0.5050073792958145,0.019898310891726407
30,30,KNN,brute,51,uncalibrated,4.78,0.7250408496732029,0.02443874730817895
30,30,KNN,brute,51,uncalibrated,4.79,0.9121823171459253,0.012185964360304393
30,30,KNN,brute,51,uncalibrated,4.81,0.9942748091603053,0.004602604400538779
30,30,KNN,brute,51,uncalibrated,4.82,0.9986135868488591,0.0011924102802414167
30,30,KNN,brute,51,uncalibrated,4.83,0.9997528423133922,0.00015041537801547617
30,30,KNN,brute,51,uncalibrated,4.84,0.999348690525161,0.0006513094748388792
30,30,KNN,brute,51,uncalibrated,4.85,1.0,0.0
30,30,KNN,brute,51,uncalibrated,4.86,1.0,0.0
30,30,KNN,brute,51,uncalibrated,4.87,1.0,0.0
30,30,KNN,brute,51,uncalibrated,4.88,1.0,0.0
30,30,KNN,brute,51,uncalibrated,4.9,1.0,0.0
30,30,KNN,brute,51,uncalibrated,4.93,1.0,0.0
30,30,KNN,brute,61,uncalibrated,4.67,0.0,0.0
30,30,KNN,brute,61,uncalibrated,4.7,0.0,0.0
30,30,KNN,brute,61,uncalibrated,4.72,0.0,0.0
30,30,KNN,brute,61,uncalibrated,4.73,0.0007945801271328204,0.0003525883759881159
30,30,KNN,brute,61,uncalibrated,4.74,0.01551806461881267,0.008355880948591438
30,30,KNN,brute,61,uncalibrated,4.75,0.08034693099504385,0.012735397010268523
30,30,KNN,brute,61,uncalibrated,4.76,0.23515728843597697,0.024778296162007832
30,30,KNN,brute,61,uncalibrated,4.77,0.5058610964216463,0.01989818749564012
30,30,KNN,brute,61,uncalibrated,4.78,0.7260587431693986,0.024149845911645262
30,30,KNN,brute,61,uncalibrated,4.79,0.9132776909520167,0.012036135578798051
30,30,KNN,brute,61,uncalibrated,4.81,0.9944938055312227,0.0045050682017270804
30,30,KNN,brute,61,uncalibrated,4.82,0.9987994701109455,0.0010381281753016397
30,30,KNN,brute,61,uncalibrated,4.83,0.9997933599669376,0.00012575711932426815
30,30,KNN,brute,61,uncalibrated,4.84,0.9994268027054912,0.000573197294508776
30,30,KNN,brute,61,uncalibrated,4.85,1.0,0.0
30,30,KNN,brute,61,uncalibrated,4.86,1.0,0.0
30,30,KNN,brute,61,uncalibrated,4.87,1.0,0.0
30,30,KNN,brute,61,uncalibrated,4.88,1.0,0.0
30,30,KNN,brute,61,uncalibrated,4.9,1.0,0.0
30,30,KNN,brute,61,uncalibrated,4.93,1.0,0.0
30,30,KNN,brute,81,uncalibrated,4.67,0.0,0.0
30,30,KNN,brute,81,uncalibrated,4.7,0.0,0.0
30,30,KNN,brute,81,uncalibrated,4.72,0.0,0.0
30,30,KNN,brute,81,uncalibrated,4.73,0.0008503401360544165,0.00040516126008656477
30,30,KNN,brute,81,uncalibrated,4.74,0.015492029246074557,0.008000719165767708
30,30,KNN,brute,81,uncalibrated,4.75,0.08125179443008781,0.012668101695344365
30,30,KNN,brute,81,uncalibrated,4.76,0.23921143365587816,0.025638692969699717
30,30,KNN,brute,81,uncalibrated,4.77,0.5085955130757998,0.01962341570539074
30,30,KNN,brute,81,uncalibrated,4.78,0.7276748971193415,0.023459046169755225
30,30,KNN,brute,81,uncalibrated,4.79,0.9131044499536723,0.011979175139593828
30,30,KNN,brute,81,uncalibrated,4.81,0.9942983696164358,0.004806333050607903
30,30,KNN,brute,81,uncalibrated,4.82,0.9989088415014342,0.0009372278304155323
30,30,KNN,brute,81,uncalibrated,4.83,0.9997925095964313,0.00012928793075453972
30,30,KNN,brute,81,uncalibrated,4.84,0.9993524993524996,0.0006475006475005762
30,30,KNN,brute,81,uncalibrated,4.85,1.0,0.0
30,30,KNN,brute,81,uncalibrated,4.86,1.0,0.0
30,30,KNN,brute,81,uncalibrated,4.87,1.0,0.0
30,30,KNN,brute,81,uncalibrated,4.88,1.0,0.0
30,30,KNN,brute,81,uncalibrated,4.9,1.0,0.0
30,30,KNN,brute,81,uncalibrated,4.93,1.0,0.0
30,30,KNN,brute,101,uncalibrated,4.67,0.0,0.0
30,30,KNN,brute,101,uncalibrated,4.7,0.0,0.0
30,30,KNN,brute,101,uncalibrated,4.72,2.912055911473523e-05,2.9120559114735005e-05
30,30,KNN,brute,101,uncalibrated,4.73,0.0009345322287330826,0.0004442579081465413
30,30,KNN,brute,101,uncalibrated,4.74,0.016245313851773528,0.008218783043352877
30,30,KNN,brute,101,uncalibrated,4.75,0.08300713792309346,0.012690785335251514
30,30,KNN,brute,101,uncalibrated,4.76,0.2411693872089911,0.025614732262702646
30,30,KNN,brute,101,uncalibrated,4.77,0.5105929947833493,0.019619508701413983
30,30,KNN,brute,101,uncalibrated,4.78,0.7278671617161716,0.02364883218841321
30,30,KNN,brute,101,uncalibrated,4.79,0.9131203181170044,0.011848633845136725
30,30,KNN,brute,101,uncalibrated,4.81,0.9943881792759433,0.004742649837502888
30,30,KNN,brute,101,uncalibrated,4.82,0.9988998899890207,0.000976006386941928
30,30,KNN,brute,101,uncalibrated,4.83,0.9998127964056945,0.00011682615095159913
30,30,KNN,brute,101,uncalibrated,4.84,0.9993941701862492,0.0006058298137506246
30,30,KNN,brute,101,uncalibrated,4.85,1.0,0.0
30,30,KNN,brute,101,uncalibrated,4.86,1.0,0.0
30,30,KNN,brute,101,uncalibrated,4.87,1.0,0.0
30,30,KNN,brute,101,uncalibrated,4.88,1.0,0.0
30,30,KNN,brute,101,uncalibrated,4.9,1.0,0.0
30,30,KNN,brute,101,uncalibrated,4.93,1.0,0.0
30,30,KNN,brute,151,uncalibrated,4.67,0.0,0.0
30,30,KNN,brute,151,uncalibrated,4.7,0.0,0.0
30,30,KNN,brute,151,uncalibrated,4.72,3.895597974289053e-05,2.7381582019265605e-05
30,30,KNN,brute,151,uncalibrated,4.73,0.0013346398161913876,0.0005540628322237061
30,30,KNN,brute,151,uncalibrated,4.74,0.01744036520285475,0.008245997556741467
30,30,KNN,brute,151,uncalibrated,4.75,0.0854574156784241,0.012712090544843915
30,30,KNN,brute,151,uncalibrated,4.76,0.24407851560169447,0.025483337837148005
30,30,KNN,brute,151,uncalibrated,4.77,0.5143131809442529,0.019500098447935453
30,30,KNN,brute,151,uncalibrated,4.78,0.7276903973509937,0.023560612213830975
30,30,KNN,brute,151,uncalibrated,4.79,0.9133027954273758,0.011876729059732333
30,30,KNN,brute,151,uncalibrated,4.81,0.9941737020373085,0.004941610636469251
30,30,KNN,brute,151,uncalibrated,4.82,0.9988795237139607,0.001003977423204136
30,30,KNN,brute,151,uncalibrated,4.83,0.9998469586510137,9.929856828687694e-05
30,30,KNN,brute,151,uncalibrated,4.84,0.999328486083453,0.0006483582642523023
30,30,KNN,brute,151,uncalibrated,4.85,1.0,0.0
30,30,KNN,brute,151,uncalibrated,4.86,1.0,0.0
30,30,KNN,brute,151,uncalibrated,4.87,1.0,0.0
30,30,KNN,brute,151,uncalibrated,4.88,1.0,0.0
30,30,KNN,brute,151,uncalibrated,4.9,1.0,0.0
30,30,KNN,brute,151,uncalibrated,4.93,1.0,0.0
30,30,KNN,brute,201,uncalibrated,4.67,0.0,0.0
30,30,KNN,brute,201,uncalibrated,4.7,0.0,0.0
30,30,KNN,brute,201,uncalibrated,4.72,2.92654375182909e-05,2.057024320850302e-05
30,30,KNN,brute,201,uncalibrated,4.73,0.00143415575185298,0.0005998732002282706
30,30,KNN,brute,201,uncalibrated,4.74,0.018040863642950298,0.008452881224943245
30,30,KNN,brute,201,uncalibrated,4.75,0.08676096262871806,0.012637090030478165
30,30,KNN,brute,201,uncalibrated,4.76,0.24578683160772727,0.02567651930638129
30,30,KNN,brute,201,uncalibrated,4.77,0.5155539506767239,0.01933802425350468
30,30,KNN,brute,201,uncalibrated,4.78,0.7272284411276948,0.023546302567805478
30,30,KNN,brute,201,uncalibrated,4.79,0.9120523144924464,0.011966298130937868
30,30,KNN,brute,201,uncalibrated,4.81,0.9940279518438342,0.0050225969389691705
30,30,KNN,brute,201,uncalibrated,4.82,0.9989069802503073,0.0009804367597721654
30,30,KNN,brute,201,uncalibrated,4.83,0.9998124457079681,0.00013713618405434983
30,30,KNN,brute,201,uncalibrated,4.84,0.9993302717183312,0.0006523327418849201
30,30,KNN,brute,201,uncalibrated,4.85,1.0,0.0
30,30,KNN,brute,201,uncalibrated,4.86,1.0,0.0
30,30,KNN,brute,201,uncalibrated,4.87,1.0,0.0
30,30,KNN,brute,201,uncalibrated,4.88,1.0,0.0
30,30,KNN,brute,201,uncalibrated,4.9,1.0,0.0
30,30,KNN,brute,201,uncalibrated,4.93,1.0,0.0
21,20,KNN,auto,1,uncalibrated,4.67,0.0,0.0
21,20,KNN,auto,1,uncalibrated,4.7,0.0,0.0
21,20,KNN,auto,1,uncalibrated,4.72,0.0,0.0
21,20,KNN,auto,1,uncalibrated,4.73,0.012345679012345678,0.006055992861218699
21,20,KNN,auto,1,uncalibrated,4.74,0.03170731707317073,0.01063146083790408
21,20,KNN,auto,1,uncalibrated,4.75,0.10465116279070122,0.01677948854888626
21,20,KNN,auto,1,uncalibrated,4.76,0.22696629213483158,0.03415434641251835
21,20,KNN,auto,1,uncalibrated,4.77,0.45747126436781765,0.027824640084851048
21,20,KNN,auto,1,uncalibrated,4.78,0.6505263157894737,0.024286684183399625
21,20,KNN,auto,1,uncalibrated,4.79,0.8568548387096766,0.021213882290691616
21,20,KNN,auto,1,uncalibrated,4.81,0.9866412213740456,0.013358778625954193
21,20,KNN,auto,1,uncalibrated,4.82,0.9959016393442623,0.0040983606557377095
21,20,KNN,auto,1,uncalibrated,4.83,0.9957446808510587,0.004255319148936143
21,20,KNN,auto,1,uncalibrated,4.84,1.0,0.0
21,20,KNN,auto,1,uncalibrated,4.85,1.0,0.0
21,20,KNN,auto,1,uncalibrated,4.86,1.0,0.0
21,20,KNN,auto,1,uncalibrated,4.87,1.0,0.0
21,20,KNN,auto,1,uncalibrated,4.88,1.0,0.0
21,20,KNN,auto,1,uncalibrated,4.9,1.0,0.0
21,20,KNN,auto,1,uncalibrated,4.93,1.0,0.0
21,20,KNN,auto,3,uncalibrated,4.67,0.0,0.0
21,20,KNN,auto,3,uncalibrated,4.7,0.0,0.0
21,20,KNN,auto,3,uncalibrated,4.72,0.000980392156862745,0.000980392156862745
21,20,KNN,auto,3,uncalibrated,4.73,0.011904761904761904,0.006523674238142638
21,20,KNN,auto,3,uncalibrated,4.74,0.03143093465674111,0.010292145825712754
21,20,KNN,auto,3,uncalibrated,4.75,0.08722741433021808,0.017133956386292844
21,20,KNN,auto,3,uncalibrated,4.76,0.21647940074906366,0.03508225925796702
21,20,KNN,auto,3,uncalibrated,4.77,0.44227994227994216,0.023809523809523808
21,20,KNN,auto,3,uncalibrated,4.78,0.636432350718065,0.021672503574170013
21,20,KNN,auto,3,uncalibrated,4.79,0.8444895199459111,0.016466638104066973
21,20,KNN,auto,3,uncalibrated,4.81,0.9834605597964374,0.012722646310432573
21,20,KNN,auto,3,uncalibrated,4.82,0.9959016393442623,0.0032520165885896748
21,20,KNN,auto,3,uncalibrated,4.83,0.9971631205673708,0.002836879432624061
21,20,KNN,auto,3,uncalibrated,4.84,0.9993055555555556,0.0006944444444444443
21,20,KNN,auto,3,uncalibrated,4.85,1.0,0.0
21,20,KNN,auto,3,uncalibrated,4.86,1.0,0.0
21,20,KNN,auto,3,uncalibrated,4.87,1.0,0.0
21,20,KNN,auto,3,uncalibrated,4.88,1.0,0.0
21,20,KNN,auto,3,uncalibrated,4.9,1.0,0.0
21,20,KNN,auto,3,uncalibrated,4.93,1.0,0.0
21,20,KNN,auto,5,uncalibrated,4.67,0.0,0.0
21,20,KNN,auto,5,uncalibrated,4.7,0.0,0.0
21,20,KNN,auto,5,uncalibrated,4.72,0.0011764705882353307,0.0011764705882352942
21,20,KNN,auto,5,uncalibrated,4.73,0.010714285714285714,0.005871306814328376
21,20,KNN,auto,5,uncalibrated,4.74,0.03112244897959167,0.008794548048948057
21,20,KNN,auto,5,uncalibrated,4.75,0.08878504672897196,0.017757009345794397
21,20,KNN,auto,5,uncalibrated,4.76,0.21752808988764044,0.03218586346274665
21,20,KNN,auto,5,uncalibrated,4.77,0.4445887445887444,0.027272727272727254
21,20,KNN,auto,5,uncalibrated,4.78,0.6344671201814005,0.020858185977412493
21,20,KNN,auto,5,uncalibrated,4.79,0.8292089249492901,0.015449813063785699
21,20,KNN,auto,5,uncalibrated,4.81,0.9801526717557252,0.01221374045801521
21,20,KNN,auto,5,uncalibrated,4.82,0.9950819672131144,0.0033462974628184713
21,20,KNN,auto,5,uncalibrated,4.83,0.9962184873949617,0.0030342859642221846
21,20,KNN,auto,5,uncalibrated,4.84,0.9991666666666879,0.0008333333333333052
21,20,KNN,auto,5,uncalibrated,4.85,1.0,0.0
21,20,KNN,auto,5,uncalibrated,4.86,1.0,0.0
21,20,KNN,auto,5,uncalibrated,4.87,1.0,0.0
21,20,KNN,auto,5,uncalibrated,4.88,1.0,0.0
21,20,KNN,auto,5,uncalibrated,4.9,1.0,0.0
21,20,KNN,auto,5,uncalibrated,4.93,1.0,0.0
21,20,KNN,auto,7,uncalibrated,4.67,0.0,0.0
21,20,KNN,auto,7,uncalibrated,4.7,0.0,0.0
21,20,KNN,auto,7,uncalibrated,4.72,0.0012605042016806721,0.0012605042016806721
21,20,KNN,auto,7,uncalibrated,4.73,0.009475218658892127,0.0055303089233192425
21,20,KNN,auto,7,uncalibrated,4.74,0.03174603174603223,0.008711099506336176
21,20,KNN,auto,7,uncalibrated,4.75,0.08878504672897196,0.01668891855807743
21,20,KNN,auto,7,uncalibrated,4.76,0.21155698234349907,0.03185862248084985
21,20,KNN,auto,7,uncalibrated,4.77,0.44310451453308597,0.02566481137909704
21,20,KNN,auto,7,uncalibrated,4.78,0.6306547619047619,0.022699184482938475
21,20,KNN,auto,7,uncalibrated,4.79,0.8200521587945542,0.016801725893160434
21,20,KNN,auto,7,uncalibrated,4.81,0.976826608505998,0.013358778625954193
21,20,KNN,auto,7,uncalibrated,4.82,0.9947414548641543,0.0031599923536057427
21,20,KNN,auto,7,uncalibrated,4.83,0.9957446808510638,0.003363229543139718
21,20,KNN,auto,7,uncalibrated,4.84,0.9988095238094922,0.0011904761904761815
21,20,KNN,auto,7,uncalibrated,4.85,1.0,0.0
21,20,KNN,auto,7,uncalibrated,4.86,1.0,0.0
21,20,KNN,auto,7,uncalibrated,4.87,1.0,0.0
21,20,KNN,auto,7,uncalibrated,4.88,1.0,0.0
21,20,KNN,auto,7,uncalibrated,4.9,1.0,0.0
21,20,KNN,auto,7,uncalibrated,4.93,1.0,0.0
21,20,KNN,auto,9,uncalibrated,4.67,0.0,0.0
21,20,KNN,auto,9,uncalibrated,4.7,0.0,0.0
21,20,KNN,auto,9,uncalibrated,4.72,0.00130718954248366,0.00130718954248366
21,20,KNN,auto,9,uncalibrated,4.73,0.01020408163265306,0.005668934240362811
21,20,KNN,auto,9,uncalibrated,4.74,0.030022446689113125,0.00807416547129436
21,20,KNN,auto,9,uncalibrated,4.75,0.08722741433021805,0.015576323987538936
21,20,KNN,auto,9,uncalibrated,4.76,0.21321321321321313,0.0311025927404627
21,20,KNN,auto,9,uncalibrated,4.77,0.43362193362193363,0.0286195286195286
21,20,KNN,auto,9,uncalibrated,4.78,0.6236111111111116,0.022444553945868265
21,20,KNN,auto,9,uncalibrated,4.79,0.8133874239350912,0.017181062657695746
21,20,KNN,auto,9,uncalibrated,4.81,0.9751908396946567,0.01420695504664965
21,20,KNN,auto,9,uncalibrated,4.82,0.9947632058287796,0.002864994852485961
21,20,KNN,auto,9,uncalibrated,4.83,0.9955908289241627,0.003673133262726329
21,20,KNN,auto,9,uncalibrated,4.84,0.9986402486402486,0.00135975135975136
21,20,KNN,auto,9,uncalibrated,4.85,1.0,0.0
21,20,KNN,auto,9,uncalibrated,4.86,1.0,0.0
21,20,KNN,auto,9,uncalibrated,4.87,1.0,0.0
21,20,KNN,auto,9,uncalibrated,4.88,1.0,0.0
21,20,KNN,auto,9,uncalibrated,4.9,1.0,0.0
21,20,KNN,auto,9,uncalibrated,4.93,1.0,0.0
21,20,KNN,auto,11,uncalibrated,4.67,0.0,0.0
21,20,KNN,auto,11,uncalibrated,4.7,0.0,0.0
21,20,KNN,auto,11,uncalibrated,4.72,0.001069518716577511,0.0010695187165775401
21,20,KNN,auto,11,uncalibrated,4.73,0.01020408163265306,0.005409046284643134
21,20,KNN,auto,11,uncalibrated,4.74,0.029843893480256893,0.007755304691209183
21,20,KNN,auto,11,uncalibrated,4.75,0.08411214953271029,0.01359388275276125
21,20,KNN,auto,11,uncalibrated,4.76,0.2108927108927109,0.03173231858163815
21,20,KNN,auto,11,uncalibrated,4.77,0.4291617473435656,0.030893349075167248
21,20,KNN,auto,11,uncalibrated,4.78,0.6195075757575761,0.022920840257734932
21,20,KNN,auto,11,uncalibrated,4.79,0.8043518347777964,0.016594443348852798
21,20,KNN,auto,11,uncalibrated,4.81,0.9736294240111032,0.013532269257460094
21,20,KNN,auto,11,uncalibrated,4.82,0.9944113263785391,0.0029415596826445067
21,20,KNN,auto,11,uncalibrated,4.83,0.9949709864603379,0.003506299281324462
21,20,KNN,auto,11,uncalibrated,4.84,0.9982517482517482,0.0017482517482517723
21,20,KNN,auto,11,uncalibrated,4.85,1.0,0.0
21,20,KNN,auto,11,uncalibrated,4.86,1.0,0.0
21,20,KNN,auto,11,uncalibrated,4.87,1.0,0.0
21,20,KNN,auto,11,uncalibrated,4.88,1.0,0.0
21,20,KNN,auto,11,uncalibrated,4.9,1.0,0.0
21,20,KNN,auto,11,uncalibrated,4.93,1.0,0.0
21,20,KNN,auto,13,uncalibrated,4.67,0.0,0.0
21,20,KNN,auto,13,uncalibrated,4.7,0.0,0.0
21,20,KNN,auto,13,uncalibrated,4.72,0.0014397367338543812,0.0014397367338543812
21,20,KNN,auto,13,uncalibrated,4.73,0.010007849293563582,0.005298273155416013
21,20,KNN,auto,13,uncalibrated,4.74,0.029914529914529916,0.007772248795224781
21,20,KNN,auto,13,uncalibrated,4.75,0.08303378864126526,0.014378145219266718
21,20,KNN,auto,13,uncalibrated,4.76,0.2084199584199585,0.031984722333192196
21,20,KNN,auto,13,uncalibrated,4.77,0.42474192474192474,0.027139527139527164
21,20,KNN,auto,13,uncalibrated,4.78,0.6157051282051282,0.024146480948311257
21,20,KNN,auto,13,uncalibrated,4.79,0.8007489467935716,0.016749594096340668
21,20,KNN,auto,13,uncalibrated,4.81,0.9715208455666471,0.01262477980035237
21,20,KNN,auto,13,uncalibrated,4.82,0.9941677175283732,0.0030059972131962496
21,20,KNN,auto,13,uncalibrated,4.83,0.99496336996337,0.003676334107705073
21,20,KNN,auto,13,uncalibrated,4.84,0.9982517482517482,0.0017482517482517723
21,20,KNN,auto,13,uncalibrated,4.85,1.0,0.0
21,20,KNN,auto,13,uncalibrated,4.86,1.0,0.0
21,20,KNN,auto,13,uncalibrated,4.87,1.0,0.0
21,20,KNN,auto,13,uncalibrated,4.88,1.0,0.0
21,20,KNN,auto,13,uncalibrated,4.9,1.0,0.0
21,20,KNN,auto,13,uncalibrated,4.93,1.0,0.0
21,20,KNN,auto,15,uncalibrated,4.67,0.0,0.0
21,20,KNN,auto,15,uncalibrated,4.7,0.0,0.0
21,20,KNN,auto,15,uncalibrated,4.72,0.0012477718360071302,0.0012477718360071302
21,20,KNN,auto,15,uncalibrated,4.73,0.010374149659863956,0.005102040816326529
21,20,KNN,auto,15,uncalibrated,4.74,0.02929292929292929,0.00767192693518825
21,20,KNN,auto,15,uncalibrated,4.75,0.08193146417445482,0.015264797507788155
21,20,KNN,auto,15,uncalibrated,4.76,0.20600600600600602,0.031225816693959865
21,20,KNN,auto,15,uncalibrated,4.77,0.4200577200577202,0.026406926406926434
21,20,KNN,auto,15,uncalibrated,4.78,0.6084722222222223,0.023497411423844098
21,20,KNN,auto,15,uncalibrated,4.79,0.7945909398242056,0.017499689050075203
21,20,KNN,auto,15,uncalibrated,4.81,0.9695928753180661,0.011068702290076393
21,20,KNN,auto,15,uncalibrated,4.82,0.9929107021131561,0.003205992097151967
21,20,KNN,auto,15,uncalibrated,4.83,0.9941798941798942,0.004034716787999323
21,20,KNN,auto,15,uncalibrated,4.84,0.9979020979020978,0.002097902097902171
21,20,KNN,auto,15,uncalibrated,4.85,1.0,0.0
21,20,KNN,auto,15,uncalibrated,4.86,1.0,0.0
21,20,KNN,auto,15,uncalibrated,4.87,1.0,0.0
21,20,KNN,auto,15,uncalibrated,4.88,1.0,0.0
21,20,KNN,auto,15,uncalibrated,4.9,1.0,0.0
21,20,KNN,auto,15,uncalibrated,4.93,1.0,0.0
21,20,KNN,auto,17,uncalibrated,4.67,0.0,0.0
21,20,KNN,auto,17,uncalibrated,4.7,0.0,0.0
21,20,KNN,auto,17,uncalibrated,4.72,0.0011009751494180562,0.0011009751494180562
21,20,KNN,auto,17,uncalibrated,4.73,0.010054021608643458,0.004951980792316927
21,20,KNN,auto,17,uncalibrated,4.74,0.02881758764111728,0.007581916410636536
21,20,KNN,auto,17,uncalibrated,4.75,0.08122594832325455,0.014980758658603627
21,20,KNN,auto,17,uncalibrated,4.76,0.20296767355590892,0.03159576051327986
21,20,KNN,auto,17,uncalibrated,4.77,0.4149477973007385,0.02661064425770307
21,20,KNN,auto,17,uncalibrated,4.78,0.6056372549019609,0.02409161209675433
21,20,KNN,auto,17,uncalibrated,4.79,0.7897625581672831,0.017527595116518403
21,20,KNN,auto,17,uncalibrated,4.81,0.9678940278401438,0.011225864391558205
21,20,KNN,auto,17,uncalibrated,4.82,0.9923012149645136,0.003374656595478292
21,20,KNN,auto,17,uncalibrated,4.83,0.9940476190476191,0.004134025810404817
21,20,KNN,auto,17,uncalibrated,4.84,0.9977375565610862,0.0020567667626491537
21,20,KNN,auto,17,uncalibrated,4.85,1.0,0.0
21,20,KNN,auto,17,uncalibrated,4.86,1.0,0.0
21,20,KNN,auto,17,uncalibrated,4.87,1.0,0.0
21,20,KNN,auto,17,uncalibrated,4.88,1.0,0.0
21,20,KNN,auto,17,uncalibrated,4.9,1.0,0.0
21,20,KNN,auto,17,uncalibrated,4.93,1.0,0.0
21,20,KNN,auto,19,uncalibrated,4.67,0.0,0.0
21,20,KNN,auto,19,uncalibrated,4.7,0.0,0.0
21,20,KNN,auto,19,uncalibrated,4.72,0.001125809175344779,0.001125809175344779
21,20,KNN,auto,19,uncalibrated,4.73,0.010875402792696024,0.0052363050483351225
21,20,KNN,auto,19,uncalibrated,4.74,0.02950558213716131,0.007424497298436591
21,20,KNN,auto,19,uncalibrated,4.75,0.08116084604033448,0.014756517461879004
21,20,KNN,auto,19,uncalibrated,4.76,0.20282124229492657,0.03203289853779902
21,20,KNN,auto,19,uncalibrated,4.77,0.41000227842333115,0.026771474139895196
21,20,KNN,auto,19,uncalibrated,4.78,0.6026315789473685,0.023932663694312878
21,20,KNN,auto,19,uncalibrated,4.79,0.7842425536457778,0.01754209109122988
21,20,KNN,auto,19,uncalibrated,4.81,0.9665528324628365,0.01134993973483317
21,20,KNN,auto,19,uncalibrated,4.82,0.9915875754961173,0.0037464525367020586
21,20,KNN,auto,19,uncalibrated,4.83,0.9935254803675857,0.004245472329915442
21,20,KNN,auto,19,uncalibrated,4.84,0.9978836952521158,0.0019322782480676315
21,20,KNN,auto,19,uncalibrated,4.85,1.0,0.0
21,20,KNN,auto,19,uncalibrated,4.86,1.0,0.0
21,20,KNN,auto,19,uncalibrated,4.87,1.0,0.0
21,20,KNN,auto,19,uncalibrated,4.88,1.0,0.0
21,20,KNN,auto,19,uncalibrated,4.9,1.0,0.0
21,20,KNN,auto,19,uncalibrated,4.93,1.0,0.0
21,20,KNN,auto,21,uncalibrated,4.67,0.0,0.0
21,20,KNN,auto,21,uncalibrated,4.7,0.0,0.0
21,20,KNN,auto,21,uncalibrated,4.72,0.0011459129106187928,0.0011459129106187928
21,20,KNN,auto,21,uncalibrated,4.73,0.011054421768707487,0.005466472303206996
21,20,KNN,auto,21,uncalibrated,4.74,0.02988338192419825,0.007418151225254061
21,20,KNN,auto,21,uncalibrated,4.75,0.0805518469069871,0.014686248331108147
21,20,KNN,auto,21,uncalibrated,4.76,0.20130845130845124,0.03241668866486609
21,20,KNN,auto,21,uncalibrated,4.77,0.4050711193568337,0.02638631210059783
21,20,KNN,auto,21,uncalibrated,4.78,0.5959325396825397,0.02540476841314391
21,20,KNN,auto,21,uncalibrated,4.79,0.7795807978363759,0.01784737257392153
21,20,KNN,auto,21,uncalibrated,4.81,0.9647400945110869,0.01217739003998547
21,20,KNN,auto,21,uncalibrated,4.82,0.9911202185792354,0.003631497670946193
21,20,KNN,auto,21,uncalibrated,4.83,0.9931027966742246,0.004288494527722256
21,20,KNN,auto,21,uncalibrated,4.84,0.997752247752248,0.0019147519147519887
21,20,KNN,auto,21,uncalibrated,4.85,0.999890530925071,0.00010946907498631343
21,20,KNN,auto,21,uncalibrated,4.86,1.0,0.0
21,20,KNN,auto,21,uncalibrated,4.87,1.0,0.0
21,20,KNN,auto,21,uncalibrated,4.88,1.0,0.0
21,20,KNN,auto,21,uncalibrated,4.9,1.0,0.0
21,20,KNN,auto,21,uncalibrated,4.93,1.0,0.0
21,20,KNN,auto,23,uncalibrated,4.67,0.0,0.0
21,20,KNN,auto,23,uncalibrated,4.7,0.0,0.0
21,20,KNN,auto,23,uncalibrated,4.72,0.0011625203441060219,0.0011625203441060219
21,20,KNN,auto,23,uncalibrated,4.73,0.011091393078970719,0.005545696539485359
21,20,KNN,auto,23,uncalibrated,4.74,0.029614019520851822,0.007455473494596683
21,20,KNN,auto,23,uncalibrated,4.75,0.07974400650142219,0.014729784640390077
21,20,KNN,auto,23,uncalibrated,4.76,0.20005875440658058,0.03266598821077434
21,20,KNN,auto,23,uncalibrated,4.77,0.403632599284773,0.026632787502352734
21,20,KNN,auto,23,uncalibrated,4.78,0.5904891304347822,0.02485094145682098
21,20,KNN,auto,23,uncalibrated,4.79,0.7756415909692214,0.017753312126460617
21,20,KNN,auto,23,uncalibrated,4.81,0.9635745104546963,0.012363093262529046
21,20,KNN,auto,23,uncalibrated,4.82,0.9903777619387024,0.003608064278566814
21,20,KNN,auto,23,uncalibrated,4.83,0.9927536231884058,0.004500427560928394
21,20,KNN,auto,23,uncalibrated,4.84,0.9976436606871388,0.0020522955305563584
21,20,KNN,auto,23,uncalibrated,4.85,0.9999000499749838,9.99500249875465e-05
21,20,KNN,auto,23,uncalibrated,4.86,1.0,0.0
21,20,KNN,auto,23,uncalibrated,4.87,1.0,0.0
21,20,KNN,auto,23,uncalibrated,4.88,1.0,0.0
21,20,KNN,auto,23,uncalibrated,4.9,1.0,0.0
21,20,KNN,auto,23,uncalibrated,4.93,1.0,0.0
21,20,KNN,auto,25,uncalibrated,4.67,0.0,0.0
21,20,KNN,auto,25,uncalibrated,4.7,0.0,0.0
21,20,KNN,auto,25,uncalibrated,4.72,0.0012941176470588236,0.0011809438765712527
21,20,KNN,auto,25,uncalibrated,4.73,0.01163265306122449,0.005306122448979592
21,20,KNN,auto,25,uncalibrated,4.74,0.030102040816326697,0.0075529449193044535
21,20,KNN,auto,25,uncalibrated,4.75,0.07990654205607478,0.014485981308411215
21,20,KNN,auto,25,uncalibrated,4.76,0.1999099099099099,0.032768652633366174
21,20,KNN,auto,25,uncalibrated,4.77,0.4002597402597403,0.02640692640692635
21,20,KNN,auto,25,uncalibrated,4.78,0.5854999999999996,0.02519351033426982
21,20,KNN,auto,25,uncalibrated,4.79,0.7713590263691684,0.01729667781582846
21,20,KNN,auto,25,uncalibrated,4.81,0.9620610687022901,0.012137404580152722
21,20,KNN,auto,25,uncalibrated,4.82,0.9906060606060825,0.003329676973684805
21,20,KNN,auto,25,uncalibrated,4.83,0.9923809523809518,0.004725255794985357
21,20,KNN,auto,25,uncalibrated,4.84,0.9976223776223776,0.001958041958041945
21,20,KNN,auto,25,uncalibrated,4.85,0.9999080459770306,9.195402298839356e-05
21,20,KNN,auto,25,uncalibrated,4.86,1.0,0.0
21,20,KNN,auto,25,uncalibrated,4.87,1.0,0.0
21,20,KNN,auto,25,uncalibrated,4.88,1.0,0.0
21,20,KNN,auto,25,uncalibrated,4.9,1.0,0.0
21,20,KNN,auto,25,uncalibrated,4.93,1.0,0.0
21,20,KNN,auto,27,uncalibrated,4.67,0.0,0.0
21,20,KNN,auto,27,uncalibrated,4.7,0.0,0.0
21,20,KNN,auto,27,uncalibrated,4.72,0.0011982570806100218,0.0010934665523807897
21,20,KNN,auto,27,uncalibrated,4.73,0.011810279667422525,0.005131988940984742
21,20,KNN,auto,27,uncalibrated,4.74,0.03004535147392324,0.007521630766626694
21,20,KNN,auto,27,uncalibrated,4.75,0.0798719280027691,0.014278296988577348
21,20,KNN,auto,27,uncalibrated,4.76,0.1987821154487821,0.03265816369404729
21,20,KNN,auto,27,uncalibrated,4.77,0.39682539682539675,0.02709636042969374
21,20,KNN,auto,27,uncalibrated,4.78,0.580787037037037,0.02524909404038657
21,20,KNN,auto,27,uncalibrated,4.79,0.7670347832619638,0.01738548434272578
21,20,KNN,auto,27,uncalibrated,4.81,0.9609838846480068,0.012581283573650015
21,20,KNN,auto,27,uncalibrated,4.82,0.990179573512885,0.003388882698067927
21,20,KNN,auto,27,uncalibrated,4.83,0.9917695473251035,0.004930479421002318
21,20,KNN,auto,27,uncalibrated,4.84,0.9974747474747474,0.0020072520072519917
21,20,KNN,auto,27,uncalibrated,4.85,0.9999148573861026,8.514261387832912e-05
21,20,KNN,auto,27,uncalibrated,4.86,1.0,0.0
21,20,KNN,auto,27,uncalibrated,4.87,1.0,0.0
21,20,KNN,auto,27,uncalibrated,4.88,1.0,0.0
21,20,KNN,auto,27,uncalibrated,4.9,1.0,0.0
21,20,KNN,auto,27,uncalibrated,4.93,1.0,0.0
21,20,KNN,auto,29,uncalibrated,4.67,0.0,0.0
21,20,KNN,auto,29,uncalibrated,4.7,0.0,0.0
21,20,KNN,auto,29,uncalibrated,4.72,0.0013184584178498621,0.0011222941574237134
21,20,KNN,auto,29,uncalibrated,4.73,0.011787473610133709,0.005217022370697682
21,20,KNN,auto,29,uncalibrated,4.74,0.02990851513019001,0.007421598727591309
21,20,KNN,auto,29,uncalibrated,4.75,0.07951981952948761,0.013615855623590079
21,20,KNN,auto,29,uncalibrated,4.76,0.19780987884436152,0.03343761112232758
21,20,KNN,auto,29,uncalibrated,4.77,0.3946111359904463,0.026347216002388398
21,20,KNN,auto,29,uncalibrated,4.78,0.5776580459770115,0.02535051081579163
21,20,KNN,auto,29,uncalibrated,4.79,0.764286213891026,0.016973548025986388
21,20,KNN,auto,29,uncalibrated,4.81,0.9591339826270071,0.01256909713082388
21,20,KNN,auto,29,uncalibrated,4.82,0.9893765238592717,0.0034873027919687214
21,20,KNN,auto,29,uncalibrated,4.83,0.9913793103448282,0.005054431517773803
21,20,KNN,auto,29,uncalibrated,4.84,0.997287195563058,0.0018688208343380919
21,20,KNN,auto,29,uncalibrated,4.85,0.999920729290508,7.927070947287034e-05
21,20,KNN,auto,29,uncalibrated,4.86,1.0,0.0
21,20,KNN,auto,29,uncalibrated,4.87,1.0,0.0
21,20,KNN,auto,29,uncalibrated,4.88,1.0,0.0
21,20,KNN,auto,29,uncalibrated,4.9,1.0,0.0
21,20,KNN,auto,29,uncalibrated,4.93,1.0,0.0
21,20,KNN,auto,31,uncalibrated,4.67,0.0,0.0
21,20,KNN,auto,31,uncalibrated,4.7,0.0,0.0
21,20,KNN,auto,31,uncalibrated,4.72,0.0012333965844402094,0.0010498880827512155
21,20,KNN,auto,31,uncalibrated,4.73,0.01193219223173139,0.005274545897254062
21,20,KNN,auto,31,uncalibrated,4.74,0.029377880184331795,0.007337407374917621
21,20,KNN,auto,31,uncalibrated,4.75,0.07891166716912873,0.014546276756104912
21,20,KNN,auto,31,uncalibrated,4.76,0.1965998256320836,0.03385355265460575
21,20,KNN,auto,31,uncalibrated,4.77,0.39303169948331235,0.02702136573104319
21,20,KNN,auto,31,uncalibrated,4.78,0.572244623655914,0.025446066500783196
21,20,KNN,auto,31,uncalibrated,4.79,0.7604527906824576,0.01705354227151036
21,20,KNN,auto,31,uncalibrated,4.81,0.9577074612164493,0.01286628909135673
21,20,KNN,auto,31,uncalibrated,4.82,0.9887585532746823,0.0034886878746975174
21,20,KNN,auto,31,uncalibrated,4.83,0.9910394265232981,0.005123207075708218
21,20,KNN,auto,31,uncalibrated,4.84,0.9972366343334088,0.0018610421836228186
21,20,KNN,auto,31,uncalibrated,4.85,0.9997775305895821,0.00022246941045614833
21,20,KNN,auto,31,uncalibrated,4.86,1.0,0.0
21,20,KNN,auto,31,uncalibrated,4.87,1.0,0.0
21,20,KNN,auto,31,uncalibrated,4.88,1.0,0.0
21,20,KNN,auto,31,uncalibrated,4.9,1.0,0.0
21,20,KNN,auto,31,uncalibrated,4.93,1.0,0.0
21,20,KNN,auto,33,uncalibrated,4.67,0.0,0.0
21,20,KNN,auto,33,uncalibrated,4.7,0.0,0.0
21,20,KNN,auto,33,uncalibrated,4.72,0.0013368983957219248,0.0011632881843270477
21,20,KNN,auto,33,uncalibrated,4.73,0.012059369202226333,0.005372093766455566
21,20,KNN,auto,33,uncalibrated,4.74,0.029143475572046666,0.007245834060300932
21,20,KNN,auto,33,uncalibrated,4.75,0.07851883319173038,0.014514301897479459
21,20,KNN,auto,33,uncalibrated,4.76,0.19587769587769588,0.034459391195806044
21,20,KNN,auto,33,uncalibrated,4.77,0.3903318903318903,0.026433162796799164
21,20,KNN,auto,33,uncalibrated,4.78,0.5697601010101006,0.0258270863012898
21,20,KNN,auto,33,uncalibrated,4.79,0.7565922920892495,0.017085722786527775
21,20,KNN,auto,33,uncalibrated,4.81,0.9562225306500115,0.013127457783946417
21,20,KNN,auto,33,uncalibrated,4.82,0.9884450566268529,0.0035318437374030013
21,20,KNN,auto,33,uncalibrated,4.83,0.9906204906204906,0.005229428734940635
21,20,KNN,auto,33,uncalibrated,4.84,0.9972981563890657,0.0018542063996609404
21,20,KNN,auto,33,uncalibrated,4.85,0.999791013584136,0.00020898641588299195
21,20,KNN,auto,33,uncalibrated,4.86,1.0,0.0
21,20,KNN,auto,33,uncalibrated,4.87,1.0,0.0
21,20,KNN,auto,33,uncalibrated,4.88,1.0,0.0
21,20,KNN,auto,33,uncalibrated,4.9,1.0,0.0
21,20,KNN,auto,33,uncalibrated,4.93,1.0,0.0
21,20,KNN,auto,35,uncalibrated,4.67,0.0,0.0
21,20,KNN,auto,35,uncalibrated,4.7,0.0,0.0
21,20,KNN,auto,35,uncalibrated,4.72,0.0012605042016806906,0.001096814573794074
21,20,KNN,auto,35,uncalibrated,4.73,0.012463556851311942,0.005493776964636922
21,20,KNN,auto,35,uncalibrated,4.74,0.029081632653061226,0.007221385627742228
21,20,KNN,auto,35,uncalibrated,4.75,0.07857142857142857,0.01421895861148198
21,20,KNN,auto,35,uncalibrated,4.76,0.19498069498069484,0.034329477733391234
21,20,KNN,auto,35,uncalibrated,4.77,0.387878787878788,0.026716141001855265
21,20,KNN,auto,35,uncalibrated,4.78,0.5665476190476186,0.025340742889445177
21,20,KNN,auto,35,uncalibrated,4.79,0.7522448979591837,0.01725361924487642
21,20,KNN,auto,35,uncalibrated,4.81,0.9544165757906216,0.013086150490730586
21,20,KNN,auto,35,uncalibrated,4.82,0.988023088023088,0.00353305396176804
21,20,KNN,auto,35,uncalibrated,4.83,0.9903628117913839,0.00524491315474856
21,20,KNN,auto,35,uncalibrated,4.84,0.996953046953047,0.001948051948052032
21,20,KNN,auto,35,uncalibrated,4.85,0.9997372742200806,0.0002627257799671523
21,20,KNN,auto,35,uncalibrated,4.86,1.0,0.0
21,20,KNN,auto,35,uncalibrated,4.87,1.0,0.0
21,20,KNN,auto,35,uncalibrated,4.88,1.0,0.0
21,20,KNN,auto,35,uncalibrated,4.9,1.0,0.0
21,20,KNN,auto,35,uncalibrated,4.93,1.0,0.0
21,20,KNN,auto,37,uncalibrated,4.67,0.0,0.0
21,20,KNN,auto,37,uncalibrated,4.7,0.0,0.0
21,20,KNN,auto,37,uncalibrated,4.72,0.001271860095389489,0.0011165890977008189
21,20,KNN,auto,37,uncalibrated,4.73,0.012479316050744623,0.0056248117288678545
21,20,KNN,auto,37,uncalibrated,4.74,0.02880152880152858,0.00721224465633925
21,20,KNN,auto,37,uncalibrated,4.75,0.077923718110634,0.01338721899469563
21,20,KNN,auto,37,uncalibrated,4.76,0.19411979547114688,0.03484854646581323
21,20,KNN,auto,37,uncalibrated,4.77,0.3858078858078857,0.027319527319527304
21,20,KNN,auto,37,uncalibrated,4.78,0.5633445945945946,0.02492351864090638
21,20,KNN,auto,37,uncalibrated,4.79,0.7487589630446763,0.017407560815960087
21,20,KNN,auto,37,uncalibrated,4.81,0.9527027027027025,0.013358778625954137
21,20,KNN,auto,37,uncalibrated,4.82,0.9874419874419876,0.003636322310476022
21,20,KNN,auto,37,uncalibrated,4.83,0.9899721149721138,0.0052603417018751856
21,20,KNN,auto,37,uncalibrated,4.84,0.9968342468342467,0.0020317520317519877
21,20,KNN,auto,37,uncalibrated,4.85,0.9996893445168831,0.00031065548306925003
21,20,KNN,auto,37,uncalibrated,4.86,1.0,0.0
21,20,KNN,auto,37,uncalibrated,4.87,1.0,0.0
21,20,KNN,auto,37,uncalibrated,4.88,1.0,0.0
21,20,KNN,auto,37,uncalibrated,4.9,1.0,0.0
21,20,KNN,auto,37,uncalibrated,4.93,1.0,0.0
21,20,KNN,auto,39,uncalibrated,4.67,0.0,0.0
21,20,KNN,auto,39,uncalibrated,4.7,0.0,0.0
21,20,KNN,auto,39,uncalibrated,4.72,0.0012066365007541479,0.0010593281183315462
21,20,KNN,auto,39,uncalibrated,4.73,0.012689691261119834,0.0056501183801658875
21,20,KNN,auto,39,uncalibrated,4.74,0.028490028490028487,0.007091358982923805
21,20,KNN,auto,39,uncalibrated,4.75,0.07764198418404021,0.01300856532448646
21,20,KNN,auto,39,uncalibrated,4.76,0.1924809424809424,0.03526013472557158
21,20,KNN,auto,39,uncalibrated,4.77,0.3828948828948829,0.027250527250527234
21,20,KNN,auto,39,uncalibrated,4.78,0.5600961538461534,0.02484326630046473
21,20,KNN,auto,39,uncalibrated,4.79,0.7467294610151753,0.017153007495266527
21,20,KNN,auto,39,uncalibrated,4.81,0.9517028772753966,0.01326091211587388
21,20,KNN,auto,39,uncalibrated,4.82,0.9863377363377474,0.0037392697601617148
21,20,KNN,auto,39,uncalibrated,4.83,0.9897741147741141,0.005337808786150202
21,20,KNN,auto,39,uncalibrated,4.84,0.9967724583109199,0.0021516944593867326
21,20,KNN,auto,39,uncalibrated,4.85,0.9997052755673255,0.00029472443265545075
21,20,KNN,auto,39,uncalibrated,4.86,1.0,0.0
21,20,KNN,auto,39,uncalibrated,4.87,1.0,0.0
21,20,KNN,auto,39,uncalibrated,4.88,1.0,0.0
21,20,KNN,auto,39,uncalibrated,4.9,1.0,0.0
21,20,KNN,auto,39,uncalibrated,4.93,1.0,0.0
21,20,KNN,auto,41,uncalibrated,4.67,0.0,0.0
21,20,KNN,auto,41,uncalibrated,4.7,0.0,0.0
21,20,KNN,auto,41,uncalibrated,4.72,0.0011477761836441531,0.0010076535759739097
21,20,KNN,auto,41,uncalibrated,4.73,0.012630662020905913,0.005575204540654003
21,20,KNN,auto,41,uncalibrated,4.74,0.02851687607785146,0.007122711794342495
21,20,KNN,auto,41,uncalibrated,4.75,0.07750170959653523,0.012891562044383614
21,20,KNN,auto,41,uncalibrated,4.76,0.19160624038672824,0.03544522713368939
21,20,KNN,auto,41,uncalibrated,4.77,0.3801604899165876,0.028138528138528157
21,20,KNN,auto,41,uncalibrated,4.78,0.5573678861788613,0.024970703387412
21,20,KNN,auto,41,uncalibrated,4.79,0.7436535589845694,0.017546935144156964
21,20,KNN,auto,41,uncalibrated,4.81,0.9506609569912493,0.013219139824986015
21,20,KNN,auto,41,uncalibrated,4.82,0.985710766198582,0.0038432583834009794
21,20,KNN,auto,41,uncalibrated,4.83,0.9894986449864505,0.00537671580314601
21,20,KNN,auto,41,uncalibrated,4.84,0.996332935357326,0.0021320143271362224
21,20,KNN,auto,41,uncalibrated,4.85,0.9996075133165315,0.00039248668348758364
21,20,KNN,auto,41,uncalibrated,4.86,0.999948652118121,5.134788189986233e-05
21,20,KNN,auto,41,uncalibrated,4.87,1.0,0.0
21,20,KNN,auto,41,uncalibrated,4.88,1.0,0.0
21,20,KNN,auto,41,uncalibrated,4.9,1.0,0.0
21,20,KNN,auto,41,uncalibrated,4.93,1.0,0.0
21,20,KNN,auto,43,uncalibrated,4.67,0.0,0.0
21,20,KNN,auto,43,uncalibrated,4.7,0.0,0.0
21,20,KNN,auto,43,uncalibrated,4.72,0.001162790697674455,0.0010288648891218653
21,20,KNN,auto,43,uncalibrated,4.73,0.012636449928808722,0.005575176437269758
21,20,KNN,auto,43,uncalibrated,4.74,0.028423772609819126,0.007036984434670048
21,20,KNN,auto,43,uncalibrated,4.75,0.0773744838078679,0.013338799747106365
21,20,KNN,auto,43,uncalibrated,4.76,0.1899748585795098,0.03529093038813879
21,20,KNN,auto,43,uncalibrated,4.77,0.3781838316722037,0.027635155542132306
21,20,KNN,auto,43,uncalibrated,4.78,0.5545542635658914,0.0248563038723979
21,20,KNN,auto,43,uncalibrated,4.79,0.7405790223065971,0.017377583791794014
21,20,KNN,auto,43,uncalibrated,4.81,0.9490502396591514,0.013136872004260558
21,20,KNN,auto,43,uncalibrated,4.82,0.9850833920601253,0.003925239487685838
21,20,KNN,auto,43,uncalibrated,4.83,0.9888335179032849,0.005633920313620289
21,20,KNN,auto,43,uncalibrated,4.84,0.9962595543990894,0.0021954789396649854
21,20,KNN,auto,43,uncalibrated,4.85,0.999625768511103,0.0003742314889066584
21,20,KNN,auto,43,uncalibrated,4.86,0.9999020807833224,6.887006297490373e-05
21,20,KNN,auto,43,uncalibrated,4.87,1.0,0.0
21,20,KNN,auto,43,uncalibrated,4.88,1.0,0.0
21,20,KNN,auto,43,uncalibrated,4.9,0.9999554486322348,4.455136772702759e-05
21,20,KNN,auto,43,uncalibrated,4.93,1.0,0.0
21,20,KNN,auto,45,uncalibrated,4.67,0.0,0.0
21,20,KNN,auto,45,uncalibrated,4.7,0.0,0.0
21,20,KNN,auto,45,uncalibrated,4.72,0.0011764705882353122,0.0010482288586351506
21,20,KNN,auto,45,uncalibrated,4.73,0.01292517006802722,0.00560049389352765
21,20,KNN,auto,45,uncalibrated,4.74,0.028395061728395066,0.006999168058784022
21,20,KNN,auto,45,uncalibrated,4.75,0.07715472481827622,0.013469493012536696
21,20,KNN,auto,45,uncalibrated,4.76,0.18958958958958957,0.03575973627865141
21,20,KNN,auto,45,uncalibrated,4.77,0.37662337662337664,0.027801827801827772
21,20,KNN,auto,45,uncalibrated,4.78,0.5518518518518523,0.024808364741231433
21,20,KNN,auto,45,uncalibrated,4.79,0.7378231292517006,0.017523185890823113
21,20,KNN,auto,45,uncalibrated,4.81,0.9481340118744701,0.013358778625954248
21,20,KNN,auto,45,uncalibrated,4.82,0.9846240179573514,0.003914846863094301
21,20,KNN,auto,45,uncalibrated,4.83,0.9883156966490301,0.005796576080393504
21,20,KNN,auto,45,uncalibrated,4.84,0.9962703962703963,0.002253302253302225
21,20,KNN,auto,45,uncalibrated,4.85,0.9996424010217686,0.0003575989782886971
21,20,KNN,auto,45,uncalibrated,4.86,0.9999064327485797,6.58091712871062e-05
21,20,KNN,auto,45,uncalibrated,4.87,1.0,0.0
21,20,KNN,auto,45,uncalibrated,4.88,1.0,0.0
21,20,KNN,auto,45,uncalibrated,4.9,0.9999574286930608,4.2571306939164565e-05
21,20,KNN,auto,45,uncalibrated,4.93,1.0,0.0
21,20,KNN,auto,47,uncalibrated,4.67,0.0,0.0
21,20,KNN,auto,47,uncalibrated,4.7,0.0,0.0
21,20,KNN,auto,47,uncalibrated,4.72,0.0011889862327909705,0.0010047375842086102
21,20,KNN,auto,47,uncalibrated,4.73,0.01318931828050368,0.005587459298583765
21,20,KNN,auto,47,uncalibrated,4.74,0.02858370943477372,0.006935006316111893
21,20,KNN,auto,47,uncalibrated,4.75,0.07740107377212169,0.013540173491309813
21,20,KNN,auto,47,uncalibrated,4.76,0.18832662449683732,0.03581644402825897
21,20,KNN,auto,47,uncalibrated,4.77,0.3744588744588744,0.027585889288016946
21,20,KNN,auto,47,uncalibrated,4.78,0.5495124113475177,0.024661794356016377
21,20,KNN,auto,47,uncalibrated,4.79,0.7350412505427693,0.017393936337722946
21,20,KNN,auto,47,uncalibrated,4.81,0.9470521357804126,0.013399382816306704
21,20,KNN,auto,47,uncalibrated,4.82,0.9838276380829464,0.004026638107612912
21,20,KNN,auto,47,uncalibrated,4.83,0.9878419452887538,0.005868162608915828
21,20,KNN,auto,47,uncalibrated,4.84,0.9960571343550066,0.0023805981252789654
21,20,KNN,auto,47,uncalibrated,4.85,0.9996087062851362,0.00034529456524855673
21,20,KNN,auto,47,uncalibrated,4.86,0.99986562150056,9.973269710792815e-05
21,20,KNN,auto,47,uncalibrated,4.87,0.9999084877602176,9.151223976203729e-05
21,20,KNN,auto,47,uncalibrated,4.88,1.0,0.0
21,20,KNN,auto,47,uncalibrated,4.9,0.999959240238018,4.07597619629972e-05
21,20,KNN,auto,47,uncalibrated,4.93,1.0,0.0
21,20,KNN,auto,49,uncalibrated,4.67,0.0,0.0
21,20,KNN,auto,49,uncalibrated,4.7,0.0,0.0
21,20,KNN,auto,49,uncalibrated,4.72,0.0012605042016806721,0.0010243517033223482
21,20,KNN,auto,49,uncalibrated,4.73,0.013483965014577272,0.005493592773499303
21,20,KNN,auto,49,uncalibrated,4.74,0.02855081426510021,0.006944698735364969
21,20,KNN,auto,49,uncalibrated,4.75,0.07729353423612434,0.013300261604073525
21,20,KNN,auto,49,uncalibrated,4.76,0.1879021879021879,0.03550910476648618
21,20,KNN,auto,49,uncalibrated,4.77,0.37357540418764906,0.02778514003003807
21,20,KNN,auto,49,uncalibrated,4.78,0.5468537414965983,0.024435654832890452
21,20,KNN,auto,49,uncalibrated,4.79,0.733402748854645,0.01728013764262705
21,20,KNN,auto,49,uncalibrated,4.81,0.9464090979903413,0.013241937996572695
21,20,KNN,auto,49,uncalibrated,4.82,0.9827355184497933,0.004182964549299882
21,20,KNN,auto,49,uncalibrated,4.83,0.9874473598963388,0.006048429656572197
21,20,KNN,auto,49,uncalibrated,4.84,0.9959683173968891,0.0023904666761809246
21,20,KNN,auto,49,uncalibrated,4.85,0.9994370161857846,0.0004281966112698943
21,20,KNN,auto,49,uncalibrated,4.86,0.9998711063372301,9.566197477697499e-05
21,20,KNN,auto,49,uncalibrated,4.87,0.9999122229536772,8.777704630233092e-05
21,20,KNN,auto,49,uncalibrated,4.88,1.0,0.0
21,20,KNN,auto,49,uncalibrated,4.9,0.9999609039017906,3.909609820938981e-05
21,20,KNN,auto,49,uncalibrated,4.93,1.0,0.0
21,20,KNN,auto,51,uncalibrated,4.67,0.0,0.0
21,20,KNN,auto,51,uncalibrated,4.7,0.0,0.0
21,20,KNN,auto,51,uncalibrated,4.72,0.0012110726643598797,0.0009841810482900993
21,20,KNN,auto,51,uncalibrated,4.73,0.013455382152861156,0.005611537499728471
21,20,KNN,auto,51,uncalibrated,4.74,0.028421469597940185,0.006941200921986411
21,20,KNN,auto,51,uncalibrated,4.75,0.07714861645592817,0.013256061110605299
21,20,KNN,auto,51,uncalibrated,4.76,0.1872460695990107,0.03595747660277812
21,20,KNN,auto,51,uncalibrated,4.77,0.37182751888634236,0.027204821322468403
21,20,KNN,auto,51,uncalibrated,4.78,0.5444035947712418,0.024429914736088652
21,20,KNN,auto,51,uncalibrated,4.79,0.7310124049619859,0.017392498885462345
21,20,KNN,auto,51,uncalibrated,4.81,0.9449184253854215,0.01406975003741956
21,20,KNN,auto,51,uncalibrated,4.82,0.9819271142800882,0.004298213942872695
21,20,KNN,auto,51,uncalibrated,4.83,0.9872393401805161,0.006065102791753836
21,20,KNN,auto,51,uncalibrated,4.84,0.9959207459207462,0.002502399561223112
21,20,KNN,auto,51,uncalibrated,4.85,0.9994140184809078,0.00041812602638866876
21,20,KNN,auto,51,uncalibrated,4.86,0.9998761609907644,9.191052478576362e-05
21,20,KNN,auto,51,uncalibrated,4.87,0.9999156651908075,8.433480919247004e-05
21,20,KNN,auto,51,uncalibrated,4.88,1.0,0.0
21,20,KNN,auto,51,uncalibrated,4.9,0.9999624370821221,3.756291788740779e-05
21,20,KNN,auto,51,uncalibrated,4.93,1.0,0.0
21,20,KNN,auto,61,uncalibrated,4.67,0.0,0.0
21,20,KNN,auto,61,uncalibrated,4.7,0.0,0.0
21,20,KNN,auto,61,uncalibrated,4.72,0.0013018322082931533,0.0010653082948452691
21,20,KNN,auto,61,uncalibrated,4.73,0.013842422214787544,0.0055129492481642015
21,20,KNN,auto,61,uncalibrated,4.74,0.027198211624441134,0.006660127501294717
21,20,KNN,auto,61,uncalibrated,4.75,0.07629845258158419,0.012882379659615691
21,20,KNN,auto,61,uncalibrated,4.76,0.1826539654408507,0.035665151672369895
21,20,KNN,auto,61,uncalibrated,4.77,0.3630331417216663,0.027570789865871803
21,20,KNN,auto,61,uncalibrated,4.78,0.5336065573770488,0.024620819284777537
21,20,KNN,auto,61,uncalibrated,4.79,0.7193375710940124,0.017215053691527996
21,20,KNN,auto,61,uncalibrated,4.81,0.9390251532974598,0.014923038418220458
21,20,KNN,auto,61,uncalibrated,4.82,0.9788872329855935,0.004653568385496566
21,20,KNN,auto,61,uncalibrated,4.83,0.985460577673693,0.006328072162961798
21,20,KNN,auto,61,uncalibrated,4.84,0.9948985440788716,0.002751347013642047
21,20,KNN,auto,61,uncalibrated,4.85,0.9991709063500654,0.0005778880786685663
21,20,KNN,auto,61,uncalibrated,4.86,0.9997667599626816,0.0001514295121671664
21,20,KNN,auto,61,uncalibrated,4.87,0.999929490569333,7.050943063637061e-05
21,20,KNN,auto,61,uncalibrated,4.88,1.0,0.0
21,20,KNN,auto,61,uncalibrated,4.9,0.9999685949374943,3.140506249614461e-05
21,20,KNN,auto,61,uncalibrated,4.93,1.0,0.0
21,20,KNN,auto,81,uncalibrated,4.67,0.0,0.0
21,20,KNN,auto,81,uncalibrated,4.7,0.0,0.0
21,20,KNN,auto,81,uncalibrated,4.72,0.0014161220043573167,0.00103512378374366
21,20,KNN,auto,81,uncalibrated,4.73,0.014077853363567662,0.0054566919341808295
21,20,KNN,auto,81,uncalibrated,4.74,0.026717795236313756,0.006466195981961002
21,20,KNN,auto,81,uncalibrated,4.75,0.07635283258336217,0.012956648977620154
21,20,KNN,auto,81,uncalibrated,4.76,0.17620398175953716,0.03529656785926934
21,20,KNN,auto,81,uncalibrated,4.77,0.3497675164341832,0.02771097215541657
21,20,KNN,auto,81,uncalibrated,4.78,0.5152777777777777,0.02503862097818035
21,20,KNN,auto,81,uncalibrated,4.79,0.6990677752582504,0.017456647057425105
21,20,KNN,auto,81,uncalibrated,4.81,0.9275044764866649,0.016657242484214463
21,20,KNN,auto,81,uncalibrated,4.82,0.972253398179335,0.005229501181809428
21,20,KNN,auto,81,uncalibrated,4.83,0.9823388203017839,0.006778110794217294
21,20,KNN,auto,81,uncalibrated,4.84,0.9933739100405768,0.002870586203919445
21,20,KNN,auto,81,uncalibrated,4.85,0.9988931460196019,0.0006654919209004591
21,20,KNN,auto,81,uncalibrated,4.86,0.9996236073471395,0.00024770137667651915
21,20,KNN,auto,81,uncalibrated,4.87,0.9997079516792983,0.0002665353557244056
21,20,KNN,auto,81,uncalibrated,4.88,0.9999506172839506,3.474204793502021e-05
21,20,KNN,auto,81,uncalibrated,4.9,0.9999763492739417,2.3650726077277077e-05
21,20,KNN,auto,81,uncalibrated,4.93,1.0,0.0
21,20,KNN,auto,101,uncalibrated,4.67,0.0,0.0
21,20,KNN,auto,101,uncalibrated,4.7,0.0,0.0
21,20,KNN,auto,101,uncalibrated,4.72,0.001339545719277792,0.0009729222359986068
21,20,KNN,auto,101,uncalibrated,4.73,0.014321074964639333,0.005573548329833247
21,20,KNN,auto,101,uncalibrated,4.74,0.026777677767776325,0.006409784837065752
21,20,KNN,auto,101,uncalibrated,4.75,0.07478948829462385,0.012534747636569022
21,20,KNN,auto,101,uncalibrated,4.76,0.1716171617161716,0.03450277374153828
21,20,KNN,auto,101,uncalibrated,4.77,0.33869101195833884,0.028074235995028035
21,20,KNN,auto,101,uncalibrated,4.78,0.5004537953795384,0.024727951272550057
21,20,KNN,auto,101,uncalibrated,4.79,0.6824004849464538,0.01767853172577991
21,20,KNN,auto,101,uncalibrated,4.81,0.9184868868566245,0.01749678784672365
21,20,KNN,auto,101,uncalibrated,4.82,0.9655965596559437,0.005836648744381821
21,20,KNN,auto,101,uncalibrated,4.83,0.9784103410341034,0.0069677997357894825
21,20,KNN,auto,101,uncalibrated,4.84,0.9913972166447416,0.003617669459253625
21,20,KNN,auto,101,uncalibrated,4.85,0.998429498122245,0.0007931225650888223
21,20,KNN,auto,101,uncalibrated,4.86,0.9992554133462036,0.0003969317955635662
21,20,KNN,auto,101,uncalibrated,4.87,0.9995315660598522,0.00038818280849199475
21,20,KNN,auto,101,uncalibrated,4.88,0.9999603960395819,2.7862434482596086e-05
21,20,KNN,auto,101,uncalibrated,4.9,0.9999810325859981,1.8967413982816746e-05
21,20,KNN,auto,101,uncalibrated,4.93,1.0,0.0
21,20,KNN,auto,151,uncalibrated,4.67,0.0,0.0
21,20,KNN,auto,151,uncalibrated,4.7,0.0,0.0
21,20,KNN,auto,151,uncalibrated,4.72,0.0014608492403584133,0.0010068937518713122
21,20,KNN,auto,151,uncalibrated,4.73,0.014849979726990124,0.005475667659065544
21,20,KNN,auto,151,uncalibrated,4.74,0.026389725065221983,0.00608542668911525
21,20,KNN,auto,151,uncalibrated,4.75,0.07287862845825344,0.011696201492611934
21,20,KNN,auto,151,uncalibrated,4.76,0.16305709683193118,0.03391244494188321
21,20,KNN,auto,151,uncalibrated,4.77,0.31699205871391306,0.027579484533126974
21,20,KNN,auto,151,uncalibrated,4.78,0.47150938189845476,0.023524712496693072
21,20,KNN,auto,151,uncalibrated,4.79,0.6489795918367347,0.01782847917327019
21,20,KNN,auto,151,uncalibrated,4.81,0.8944062484202014,0.019450482786512402
21,20,KNN,auto,151,uncalibrated,4.82,0.9514900662251643,0.007109426987183939
21,20,KNN,auto,151,uncalibrated,4.83,0.9697256385998102,0.007950053982726118
21,20,KNN,auto,151,uncalibrated,4.84,0.986905478627333,0.0047121752419765905
21,20,KNN,auto,151,uncalibrated,4.85,0.9971379434262536,0.001090515704851556
21,20,KNN,auto,151,uncalibrated,4.86,0.9985193560544877,0.0007076827471168042
21,20,KNN,auto,151,uncalibrated,4.87,0.999173965676819,0.0006205053933516201
21,20,KNN,auto,151,uncalibrated,4.88,0.9999556280297736,2.934929960034158e-05
21,20,KNN,auto,151,uncalibrated,4.9,0.9999873131866833,1.2686813326161149e-05
21,20,KNN,auto,151,uncalibrated,4.93,1.0,0.0
21,20,KNN,auto,201,uncalibrated,4.67,0.0,0.0
21,20,KNN,auto,201,uncalibrated,4.7,0.0,0.0
21,20,KNN,auto,201,uncalibrated,4.72,0.0015657009072286177,0.0010383610266723946
21,20,KNN,auto,201,uncalibrated,4.73,0.015306122448979591,0.005358188966202308
21,20,KNN,auto,201,uncalibrated,4.74,0.02598120508568292,0.005907663625300516
21,20,KNN,auto,201,uncalibrated,4.75,0.07132561491607388,0.011162757152042473
21,20,KNN,auto,201,uncalibrated,4.76,0.15602169333512617,0.03259714975411396
21,20,KNN,auto,201,uncalibrated,4.77,0.3008550321983158,0.027115504727445033
21,20,KNN,auto,201,uncalibrated,4.78,0.45051824212271996,0.02242045199288072
21,20,KNN,auto,201,uncalibrated,4.79,0.6223437468527786,0.017807702851904587
21,20,KNN,auto,201,uncalibrated,4.81,0.8743781094527363,0.01983403592723404
21,20,KNN,auto,201,uncalibrated,4.82,0.9385318306427047,0.007779968414847782
21,20,KNN,auto,201,uncalibrated,4.83,0.9608998657506115,0.008526966722480168
21,20,KNN,auto,201,uncalibrated,4.84,0.9813780746616567,0.005923181296315694
21,20,KNN,auto,201,uncalibrated,4.85,0.9951695013305561,0.0014807174047952935
21,20,KNN,auto,201,uncalibrated,4.86,0.9975124378109426,0.001081784875332676
21,20,KNN,auto,201,uncalibrated,4.87,0.9986946985502391,0.0007604922760613815
21,20,KNN,auto,201,uncalibrated,4.88,0.9999104477612051,4.493497458750385e-05
21,20,KNN,auto,201,uncalibrated,4.9,0.9999523455519148,4.765444806608979e-05
21,20,KNN,auto,201,uncalibrated,4.93,1.0,0.0
21,20,KNN,kd_tree,1,uncalibrated,4.67,0.0,0.0
21,20,KNN,kd_tree,1,uncalibrated,4.7,0.0,0.0
21,20,KNN,kd_tree,1,uncalibrated,4.72,0.0,0.0
21,20,KNN,kd_tree,1,uncalibrated,4.73,0.012345679012345678,0.006055992861218699
21,20,KNN,kd_tree,1,uncalibrated,4.74,0.03170731707317073,0.01063146083790408
21,20,KNN,kd_tree,1,uncalibrated,4.75,0.10465116279070122,0.01677948854888626
21,20,KNN,kd_tree,1,uncalibrated,4.76,0.22696629213483158,0.03415434641251835
21,20,KNN,kd_tree,1,uncalibrated,4.77,0.45747126436781765,0.027824640084851048
21,20,KNN,kd_tree,1,uncalibrated,4.78,0.6505263157894737,0.024286684183399625
21,20,KNN,kd_tree,1,uncalibrated,4.79,0.8568548387096766,0.021213882290691616
21,20,KNN,kd_tree,1,uncalibrated,4.81,0.9866412213740456,0.013358778625954193
21,20,KNN,kd_tree,1,uncalibrated,4.82,0.9959016393442623,0.0040983606557377095
21,20,KNN,kd_tree,1,uncalibrated,4.83,0.9957446808510587,0.004255319148936143
21,20,KNN,kd_tree,1,uncalibrated,4.84,1.0,0.0
21,20,KNN,kd_tree,1,uncalibrated,4.85,1.0,0.0
21,20,KNN,kd_tree,1,uncalibrated,4.86,1.0,0.0
21,20,KNN,kd_tree,1,uncalibrated,4.87,1.0,0.0
21,20,KNN,kd_tree,1,uncalibrated,4.88,1.0,0.0
21,20,KNN,kd_tree,1,uncalibrated,4.9,1.0,0.0
21,20,KNN,kd_tree,1,uncalibrated,4.93,1.0,0.0
21,20,KNN,kd_tree,3,uncalibrated,4.67,0.0,0.0
21,20,KNN,kd_tree,3,uncalibrated,4.7,0.0,0.0
21,20,KNN,kd_tree,3,uncalibrated,4.72,0.000980392156862745,0.000980392156862745
21,20,KNN,kd_tree,3,uncalibrated,4.73,0.011904761904761904,0.006523674238142638
21,20,KNN,kd_tree,3,uncalibrated,4.74,0.03143093465674111,0.010292145825712754
21,20,KNN,kd_tree,3,uncalibrated,4.75,0.08722741433021808,0.017133956386292844
21,20,KNN,kd_tree,3,uncalibrated,4.76,0.21647940074906366,0.03508225925796702
21,20,KNN,kd_tree,3,uncalibrated,4.77,0.44227994227994216,0.023809523809523808
21,20,KNN,kd_tree,3,uncalibrated,4.78,0.636432350718065,0.021672503574170013
21,20,KNN,kd_tree,3,uncalibrated,4.79,0.8444895199459111,0.016466638104066973
21,20,KNN,kd_tree,3,uncalibrated,4.81,0.9834605597964374,0.012722646310432573
21,20,KNN,kd_tree,3,uncalibrated,4.82,0.9959016393442623,0.0032520165885896748
21,20,KNN,kd_tree,3,uncalibrated,4.83,0.9971631205673708,0.002836879432624061
21,20,KNN,kd_tree,3,uncalibrated,4.84,0.9993055555555556,0.0006944444444444443
21,20,KNN,kd_tree,3,uncalibrated,4.85,1.0,0.0
21,20,KNN,kd_tree,3,uncalibrated,4.86,1.0,0.0
21,20,KNN,kd_tree,3,uncalibrated,4.87,1.0,0.0
21,20,KNN,kd_tree,3,uncalibrated,4.88,1.0,0.0
21,20,KNN,kd_tree,3,uncalibrated,4.9,1.0,0.0
21,20,KNN,kd_tree,3,uncalibrated,4.93,1.0,0.0
21,20,KNN,kd_tree,5,uncalibrated,4.67,0.0,0.0
21,20,KNN,kd_tree,5,uncalibrated,4.7,0.0,0.0
21,20,KNN,kd_tree,5,uncalibrated,4.72,0.0011764705882353307,0.0011764705882352942
21,20,KNN,kd_tree,5,uncalibrated,4.73,0.010714285714285714,0.005871306814328376
21,20,KNN,kd_tree,5,uncalibrated,4.74,0.03112244897959167,0.008794548048948057
21,20,KNN,kd_tree,5,uncalibrated,4.75,0.08878504672897196,0.017757009345794397
21,20,KNN,kd_tree,5,uncalibrated,4.76,0.21752808988764044,0.03218586346274665
21,20,KNN,kd_tree,5,uncalibrated,4.77,0.4445887445887444,0.027272727272727254
21,20,KNN,kd_tree,5,uncalibrated,4.78,0.6344671201814005,0.020858185977412493
21,20,KNN,kd_tree,5,uncalibrated,4.79,0.8292089249492901,0.015449813063785699
21,20,KNN,kd_tree,5,uncalibrated,4.81,0.9801526717557252,0.01221374045801521
21,20,KNN,kd_tree,5,uncalibrated,4.82,0.9950819672131144,0.0033462974628184713
21,20,KNN,kd_tree,5,uncalibrated,4.83,0.9962184873949617,0.0030342859642221846
21,20,KNN,kd_tree,5,uncalibrated,4.84,0.9991666666666879,0.0008333333333333052
21,20,KNN,kd_tree,5,uncalibrated,4.85,1.0,0.0
21,20,KNN,kd_tree,5,uncalibrated,4.86,1.0,0.0
21,20,KNN,kd_tree,5,uncalibrated,4.87,1.0,0.0
21,20,KNN,kd_tree,5,uncalibrated,4.88,1.0,0.0
21,20,KNN,kd_tree,5,uncalibrated,4.9,1.0,0.0
21,20,KNN,kd_tree,5,uncalibrated,4.93,1.0,0.0
21,20,KNN,kd_tree,7,uncalibrated,4.67,0.0,0.0
21,20,KNN,kd_tree,7,uncalibrated,4.7,0.0,0.0
21,20,KNN,kd_tree,7,uncalibrated,4.72,0.0012605042016806721,0.0012605042016806721
21,20,KNN,kd_tree,7,uncalibrated,4.73,0.009475218658892127,0.0055303089233192425
21,20,KNN,kd_tree,7,uncalibrated,4.74,0.03174603174603223,0.008711099506336176
21,20,KNN,kd_tree,7,uncalibrated,4.75,0.08878504672897196,0.01668891855807743
21,20,KNN,kd_tree,7,uncalibrated,4.76,0.21155698234349907,0.03185862248084985
21,20,KNN,kd_tree,7,uncalibrated,4.77,0.44310451453308597,0.02566481137909704
21,20,KNN,kd_tree,7,uncalibrated,4.78,0.6306547619047619,0.022699184482938475
21,20,KNN,kd_tree,7,uncalibrated,4.79,0.8200521587945542,0.016801725893160434
21,20,KNN,kd_tree,7,uncalibrated,4.81,0.976826608505998,0.013358778625954193
21,20,KNN,kd_tree,7,uncalibrated,4.82,0.9947414548641543,0.0031599923536057427
21,20,KNN,kd_tree,7,uncalibrated,4.83,0.9957446808510638,0.003363229543139718
21,20,KNN,kd_tree,7,uncalibrated,4.84,0.9988095238094922,0.0011904761904761815
21,20,KNN,kd_tree,7,uncalibrated,4.85,1.0,0.0
21,20,KNN,kd_tree,7,uncalibrated,4.86,1.0,0.0
21,20,KNN,kd_tree,7,uncalibrated,4.87,1.0,0.0
21,20,KNN,kd_tree,7,uncalibrated,4.88,1.0,0.0
21,20,KNN,kd_tree,7,uncalibrated,4.9,1.0,0.0
21,20,KNN,kd_tree,7,uncalibrated,4.93,1.0,0.0
21,20,KNN,kd_tree,9,uncalibrated,4.67,0.0,0.0
21,20,KNN,kd_tree,9,uncalibrated,4.7,0.0,0.0
21,20,KNN,kd_tree,9,uncalibrated,4.72,0.00130718954248366,0.00130718954248366
21,20,KNN,kd_tree,9,uncalibrated,4.73,0.01020408163265306,0.005668934240362811
21,20,KNN,kd_tree,9,uncalibrated,4.74,0.030022446689113125,0.00807416547129436
21,20,KNN,kd_tree,9,uncalibrated,4.75,0.08722741433021805,0.015576323987538936
21,20,KNN,kd_tree,9,uncalibrated,4.76,0.21321321321321313,0.0311025927404627
21,20,KNN,kd_tree,9,uncalibrated,4.77,0.43362193362193363,0.0286195286195286
21,20,KNN,kd_tree,9,uncalibrated,4.78,0.6236111111111116,0.022444553945868265
21,20,KNN,kd_tree,9,uncalibrated,4.79,0.8133874239350912,0.017181062657695746
21,20,KNN,kd_tree,9,uncalibrated,4.81,0.9751908396946567,0.01420695504664965
21,20,KNN,kd_tree,9,uncalibrated,4.82,0.9947632058287796,0.002864994852485961
21,20,KNN,kd_tree,9,uncalibrated,4.83,0.9955908289241627,0.003673133262726329
21,20,KNN,kd_tree,9,uncalibrated,4.84,0.9986402486402486,0.00135975135975136
21,20,KNN,kd_tree,9,uncalibrated,4.85,1.0,0.0
21,20,KNN,kd_tree,9,uncalibrated,4.86,1.0,0.0
21,20,KNN,kd_tree,9,uncalibrated,4.87,1.0,0.0
21,20,KNN,kd_tree,9,uncalibrated,4.88,1.0,0.0
21,20,KNN,kd_tree,9,uncalibrated,4.9,1.0,0.0
21,20,KNN,kd_tree,9,uncalibrated,4.93,1.0,0.0
21,20,KNN,kd_tree,11,uncalibrated,4.67,0.0,0.0
21,20,KNN,kd_tree,11,uncalibrated,4.7,0.0,0.0
21,20,KNN,kd_tree,11,uncalibrated,4.72,0.001069518716577511,0.0010695187165775401
21,20,KNN,kd_tree,11,uncalibrated,4.73,0.01020408163265306,0.005409046284643134
21,20,KNN,kd_tree,11,uncalibrated,4.74,0.029843893480256893,0.007755304691209183
21,20,KNN,kd_tree,11,uncalibrated,4.75,0.08411214953271029,0.01359388275276125
21,20,KNN,kd_tree,11,uncalibrated,4.76,0.2108927108927109,0.03173231858163815
21,20,KNN,kd_tree,11,uncalibrated,4.77,0.4291617473435656,0.030893349075167248
21,20,KNN,kd_tree,11,uncalibrated,4.78,0.6195075757575761,0.022920840257734932
21,20,KNN,kd_tree,11,uncalibrated,4.79,0.8043518347777964,0.016594443348852798
21,20,KNN,kd_tree,11,uncalibrated,4.81,0.9736294240111032,0.013532269257460094
21,20,KNN,kd_tree,11,uncalibrated,4.82,0.9944113263785391,0.0029415596826445067
21,20,KNN,kd_tree,11,uncalibrated,4.83,0.9949709864603379,0.003506299281324462
21,20,KNN,kd_tree,11,uncalibrated,4.84,0.9982517482517482,0.0017482517482517723
21,20,KNN,kd_tree,11,uncalibrated,4.85,1.0,0.0
21,20,KNN,kd_tree,11,uncalibrated,4.86,1.0,0.0
21,20,KNN,kd_tree,11,uncalibrated,4.87,1.0,0.0
21,20,KNN,kd_tree,11,uncalibrated,4.88,1.0,0.0
21,20,KNN,kd_tree,11,uncalibrated,4.9,1.0,0.0
21,20,KNN,kd_tree,11,uncalibrated,4.93,1.0,0.0
21,20,KNN,kd_tree,13,uncalibrated,4.67,0.0,0.0
21,20,KNN,kd_tree,13,uncalibrated,4.7,0.0,0.0
21,20,KNN,kd_tree,13,uncalibrated,4.72,0.0014397367338543812,0.0014397367338543812
21,20,KNN,kd_tree,13,uncalibrated,4.73,0.010007849293563582,0.005298273155416013
21,20,KNN,kd_tree,13,uncalibrated,4.74,0.029914529914529916,0.007772248795224781
21,20,KNN,kd_tree,13,uncalibrated,4.75,0.08303378864126526,0.014378145219266718
21,20,KNN,kd_tree,13,uncalibrated,4.76,0.2084199584199585,0.031984722333192196
21,20,KNN,kd_tree,13,uncalibrated,4.77,0.42474192474192474,0.027139527139527164
21,20,KNN,kd_tree,13,uncalibrated,4.78,0.6157051282051282,0.024146480948311257
21,20,KNN,kd_tree,13,uncalibrated,4.79,0.8007489467935716,0.016749594096340668
21,20,KNN,kd_tree,13,uncalibrated,4.81,0.9715208455666471,0.01262477980035237
21,20,KNN,kd_tree,13,uncalibrated,4.82,0.9941677175283732,0.0030059972131962496
21,20,KNN,kd_tree,13,uncalibrated,4.83,0.99496336996337,0.003676334107705073
21,20,KNN,kd_tree,13,uncalibrated,4.84,0.9982517482517482,0.0017482517482517723
21,20,KNN,kd_tree,13,uncalibrated,4.85,1.0,0.0
21,20,KNN,kd_tree,13,uncalibrated,4.86,1.0,0.0
21,20,KNN,kd_tree,13,uncalibrated,4.87,1.0,0.0
21,20,KNN,kd_tree,13,uncalibrated,4.88,1.0,0.0
21,20,KNN,kd_tree,13,uncalibrated,4.9,1.0,0.0
21,20,KNN,kd_tree,13,uncalibrated,4.93,1.0,0.0
21,20,KNN,kd_tree,15,uncalibrated,4.67,0.0,0.0
21,20,KNN,kd_tree,15,uncalibrated,4.7,0.0,0.0
21,20,KNN,kd_tree,15,uncalibrated,4.72,0.0012477718360071302,0.0012477718360071302
21,20,KNN,kd_tree,15,uncalibrated,4.73,0.010374149659863956,0.005102040816326529
21,20,KNN,kd_tree,15,uncalibrated,4.74,0.02929292929292929,0.00767192693518825
21,20,KNN,kd_tree,15,uncalibrated,4.75,0.08193146417445482,0.015264797507788155
21,20,KNN,kd_tree,15,uncalibrated,4.76,0.20600600600600602,0.031225816693959865
21,20,KNN,kd_tree,15,uncalibrated,4.77,0.4200577200577202,0.026406926406926434
21,20,KNN,kd_tree,15,uncalibrated,4.78,0.6084722222222223,0.023497411423844098
21,20,KNN,kd_tree,15,uncalibrated,4.79,0.7945909398242056,0.017499689050075203
21,20,KNN,kd_tree,15,uncalibrated,4.81,0.9695928753180661,0.011068702290076393
21,20,KNN,kd_tree,15,uncalibrated,4.82,0.9929107021131561,0.003205992097151967
21,20,KNN,kd_tree,15,uncalibrated,4.83,0.9941798941798942,0.004034716787999323
21,20,KNN,kd_tree,15,uncalibrated,4.84,0.9979020979020978,0.002097902097902171
21,20,KNN,kd_tree,15,uncalibrated,4.85,1.0,0.0
21,20,KNN,kd_tree,15,uncalibrated,4.86,1.0,0.0
21,20,KNN,kd_tree,15,uncalibrated,4.87,1.0,0.0
21,20,KNN,kd_tree,15,uncalibrated,4.88,1.0,0.0
21,20,KNN,kd_tree,15,uncalibrated,4.9,1.0,0.0
21,20,KNN,kd_tree,15,uncalibrated,4.93,1.0,0.0
21,20,KNN,kd_tree,17,uncalibrated,4.67,0.0,0.0
21,20,KNN,kd_tree,17,uncalibrated,4.7,0.0,0.0
21,20,KNN,kd_tree,17,uncalibrated,4.72,0.0011009751494180562,0.0011009751494180562
21,20,KNN,kd_tree,17,uncalibrated,4.73,0.010054021608643458,0.004951980792316927
21,20,KNN,kd_tree,17,uncalibrated,4.74,0.02881758764111728,0.007581916410636536
21,20,KNN,kd_tree,17,uncalibrated,4.75,0.08122594832325455,0.014980758658603627
21,20,KNN,kd_tree,17,uncalibrated,4.76,0.20296767355590892,0.03159576051327986
21,20,KNN,kd_tree,17,uncalibrated,4.77,0.4149477973007385,0.02661064425770307
21,20,KNN,kd_tree,17,uncalibrated,4.78,0.6056372549019609,0.02409161209675433
21,20,KNN,kd_tree,17,uncalibrated,4.79,0.7897625581672831,0.017527595116518403
21,20,KNN,kd_tree,17,uncalibrated,4.81,0.9678940278401438,0.011225864391558205
21,20,KNN,kd_tree,17,uncalibrated,4.82,0.9923012149645136,0.003374656595478292
21,20,KNN,kd_tree,17,uncalibrated,4.83,0.9940476190476191,0.004134025810404817
21,20,KNN,kd_tree,17,uncalibrated,4.84,0.9977375565610862,0.0020567667626491537
21,20,KNN,kd_tree,17,uncalibrated,4.85,1.0,0.0
21,20,KNN,kd_tree,17,uncalibrated,4.86,1.0,0.0
21,20,KNN,kd_tree,17,uncalibrated,4.87,1.0,0.0
21,20,KNN,kd_tree,17,uncalibrated,4.88,1.0,0.0
21,20,KNN,kd_tree,17,uncalibrated,4.9,1.0,0.0
21,20,KNN,kd_tree,17,uncalibrated,4.93,1.0,0.0
21,20,KNN,kd_tree,19,uncalibrated,4.67,0.0,0.0
21,20,KNN,kd_tree,19,uncalibrated,4.7,0.0,0.0
21,20,KNN,kd_tree,19,uncalibrated,4.72,0.001125809175344779,0.001125809175344779
21,20,KNN,kd_tree,19,uncalibrated,4.73,0.010875402792696024,0.0052363050483351225
21,20,KNN,kd_tree,19,uncalibrated,4.74,0.02950558213716131,0.007424497298436591
21,20,KNN,kd_tree,19,uncalibrated,4.75,0.08116084604033448,0.014756517461879004
21,20,KNN,kd_tree,19,uncalibrated,4.76,0.20282124229492657,0.03203289853779902
21,20,KNN,kd_tree,19,uncalibrated,4.77,0.41000227842333115,0.026771474139895196
21,20,KNN,kd_tree,19,uncalibrated,4.78,0.6026315789473685,0.023932663694312878
21,20,KNN,kd_tree,19,uncalibrated,4.79,0.7842425536457778,0.01754209109122988
21,20,KNN,kd_tree,19,uncalibrated,4.81,0.9665528324628365,0.01134993973483317
21,20,KNN,kd_tree,19,uncalibrated,4.82,0.9915875754961173,0.0037464525367020586
21,20,KNN,kd_tree,19,uncalibrated,4.83,0.9935254803675857,0.004245472329915442
21,20,KNN,kd_tree,19,uncalibrated,4.84,0.9978836952521158,0.0019322782480676315
21,20,KNN,kd_tree,19,uncalibrated,4.85,1.0,0.0
21,20,KNN,kd_tree,19,uncalibrated,4.86,1.0,0.0
21,20,KNN,kd_tree,19,uncalibrated,4.87,1.0,0.0
21,20,KNN,kd_tree,19,uncalibrated,4.88,1.0,0.0
21,20,KNN,kd_tree,19,uncalibrated,4.9,1.0,0.0
21,20,KNN,kd_tree,19,uncalibrated,4.93,1.0,0.0
21,20,KNN,kd_tree,21,uncalibrated,4.67,0.0,0.0
21,20,KNN,kd_tree,21,uncalibrated,4.7,0.0,0.0
21,20,KNN,kd_tree,21,uncalibrated,4.72,0.0011459129106187928,0.0011459129106187928
21,20,KNN,kd_tree,21,uncalibrated,4.73,0.011054421768707487,0.005466472303206996
21,20,KNN,kd_tree,21,uncalibrated,4.74,0.02988338192419825,0.007418151225254061
21,20,KNN,kd_tree,21,uncalibrated,4.75,0.0805518469069871,0.014686248331108147
21,20,KNN,kd_tree,21,uncalibrated,4.76,0.20130845130845124,0.03241668866486609
21,20,KNN,kd_tree,21,uncalibrated,4.77,0.4050711193568337,0.02638631210059783
21,20,KNN,kd_tree,21,uncalibrated,4.78,0.5959325396825397,0.02540476841314391
21,20,KNN,kd_tree,21,uncalibrated,4.79,0.7795807978363759,0.01784737257392153
21,20,KNN,kd_tree,21,uncalibrated,4.81,0.9647400945110869,0.01217739003998547
21,20,KNN,kd_tree,21,uncalibrated,4.82,0.9911202185792354,0.003631497670946193
21,20,KNN,kd_tree,21,uncalibrated,4.83,0.9931027966742246,0.004288494527722256
21,20,KNN,kd_tree,21,uncalibrated,4.84,0.997752247752248,0.0019147519147519887
21,20,KNN,kd_tree,21,uncalibrated,4.85,0.999890530925071,0.00010946907498631343
21,20,KNN,kd_tree,21,uncalibrated,4.86,1.0,0.0
21,20,KNN,kd_tree,21,uncalibrated,4.87,1.0,0.0
21,20,KNN,kd_tree,21,uncalibrated,4.88,1.0,0.0
21,20,KNN,kd_tree,21,uncalibrated,4.9,1.0,0.0
21,20,KNN,kd_tree,21,uncalibrated,4.93,1.0,0.0
21,20,KNN,kd_tree,23,uncalibrated,4.67,0.0,0.0
21,20,KNN,kd_tree,23,uncalibrated,4.7,0.0,0.0
21,20,KNN,kd_tree,23,uncalibrated,4.72,0.0011625203441060219,0.0011625203441060219
21,20,KNN,kd_tree,23,uncalibrated,4.73,0.011091393078970719,0.005545696539485359
21,20,KNN,kd_tree,23,uncalibrated,4.74,0.029614019520851822,0.007455473494596683
21,20,KNN,kd_tree,23,uncalibrated,4.75,0.07974400650142219,0.014729784640390077
21,20,KNN,kd_tree,23,uncalibrated,4.76,0.20005875440658058,0.03266598821077434
21,20,KNN,kd_tree,23,uncalibrated,4.77,0.403632599284773,0.026632787502352734
21,20,KNN,kd_tree,23,uncalibrated,4.78,0.5904891304347822,0.02485094145682098
21,20,KNN,kd_tree,23,uncalibrated,4.79,0.7756415909692214,0.017753312126460617
21,20,KNN,kd_tree,23,uncalibrated,4.81,0.9635745104546963,0.012363093262529046
21,20,KNN,kd_tree,23,uncalibrated,4.82,0.9903777619387024,0.003608064278566814
21,20,KNN,kd_tree,23,uncalibrated,4.83,0.9927536231884058,0.004500427560928394
21,20,KNN,kd_tree,23,uncalibrated,4.84,0.9976436606871388,0.0020522955305563584
21,20,KNN,kd_tree,23,uncalibrated,4.85,0.9999000499749838,9.99500249875465e-05
21,20,KNN,kd_tree,23,uncalibrated,4.86,1.0,0.0
21,20,KNN,kd_tree,23,uncalibrated,4.87,1.0,0.0
21,20,KNN,kd_tree,23,uncalibrated,4.88,1.0,0.0
21,20,KNN,kd_tree,23,uncalibrated,4.9,1.0,0.0
21,20,KNN,kd_tree,23,uncalibrated,4.93,1.0,0.0
21,20,KNN,kd_tree,25,uncalibrated,4.67,0.0,0.0
21,20,KNN,kd_tree,25,uncalibrated,4.7,0.0,0.0
21,20,KNN,kd_tree,25,uncalibrated,4.72,0.0012941176470588236,0.0011809438765712527
21,20,KNN,kd_tree,25,uncalibrated,4.73,0.01163265306122449,0.005306122448979592
21,20,KNN,kd_tree,25,uncalibrated,4.74,0.030102040816326697,0.0075529449193044535
21,20,KNN,kd_tree,25,uncalibrated,4.75,0.07990654205607478,0.014485981308411215
21,20,KNN,kd_tree,25,uncalibrated,4.76,0.1999099099099099,0.032768652633366174
21,20,KNN,kd_tree,25,uncalibrated,4.77,0.4002597402597403,0.02640692640692635
21,20,KNN,kd_tree,25,uncalibrated,4.78,0.5854999999999996,0.02519351033426982
21,20,KNN,kd_tree,25,uncalibrated,4.79,0.7713590263691684,0.01729667781582846
21,20,KNN,kd_tree,25,uncalibrated,4.81,0.9620610687022901,0.012137404580152722
21,20,KNN,kd_tree,25,uncalibrated,4.82,0.9906060606060825,0.003329676973684805
21,20,KNN,kd_tree,25,uncalibrated,4.83,0.9923809523809518,0.004725255794985357
21,20,KNN,kd_tree,25,uncalibrated,4.84,0.9976223776223776,0.001958041958041945
21,20,KNN,kd_tree,25,uncalibrated,4.85,0.9999080459770306,9.195402298839356e-05
21,20,KNN,kd_tree,25,uncalibrated,4.86,1.0,0.0
21,20,KNN,kd_tree,25,uncalibrated,4.87,1.0,0.0
21,20,KNN,kd_tree,25,uncalibrated,4.88,1.0,0.0
21,20,KNN,kd_tree,25,uncalibrated,4.9,1.0,0.0
21,20,KNN,kd_tree,25,uncalibrated,4.93,1.0,0.0
21,20,KNN,kd_tree,27,uncalibrated,4.67,0.0,0.0
21,20,KNN,kd_tree,27,uncalibrated,4.7,0.0,0.0
21,20,KNN,kd_tree,27,uncalibrated,4.72,0.0011982570806100218,0.0010934665523807897
21,20,KNN,kd_tree,27,uncalibrated,4.73,0.011810279667422525,0.005131988940984742
21,20,KNN,kd_tree,27,uncalibrated,4.74,0.03004535147392324,0.007521630766626694
21,20,KNN,kd_tree,27,uncalibrated,4.75,0.0798719280027691,0.014278296988577348
21,20,KNN,kd_tree,27,uncalibrated,4.76,0.1987821154487821,0.03265816369404729
21,20,KNN,kd_tree,27,uncalibrated,4.77,0.39682539682539675,0.02709636042969374
21,20,KNN,kd_tree,27,uncalibrated,4.78,0.580787037037037,0.02524909404038657
21,20,KNN,kd_tree,27,uncalibrated,4.79,0.7670347832619638,0.01738548434272578
21,20,KNN,kd_tree,27,uncalibrated,4.81,0.9609838846480068,0.012581283573650015
21,20,KNN,kd_tree,27,uncalibrated,4.82,0.990179573512885,0.003388882698067927
21,20,KNN,kd_tree,27,uncalibrated,4.83,0.9917695473251035,0.004930479421002318
21,20,KNN,kd_tree,27,uncalibrated,4.84,0.9974747474747474,0.0020072520072519917
21,20,KNN,kd_tree,27,uncalibrated,4.85,0.9999148573861026,8.514261387832912e-05
21,20,KNN,kd_tree,27,uncalibrated,4.86,1.0,0.0
21,20,KNN,kd_tree,27,uncalibrated,4.87,1.0,0.0
21,20,KNN,kd_tree,27,uncalibrated,4.88,1.0,0.0
21,20,KNN,kd_tree,27,uncalibrated,4.9,1.0,0.0
21,20,KNN,kd_tree,27,uncalibrated,4.93,1.0,0.0
21,20,KNN,kd_tree,29,uncalibrated,4.67,0.0,0.0
21,20,KNN,kd_tree,29,uncalibrated,4.7,0.0,0.0
21,20,KNN,kd_tree,29,uncalibrated,4.72,0.0013184584178498621,0.0011222941574237134
21,20,KNN,kd_tree,29,uncalibrated,4.73,0.011787473610133709,0.005217022370697682
21,20,KNN,kd_tree,29,uncalibrated,4.74,0.02990851513019001,0.007421598727591309
21,20,KNN,kd_tree,29,uncalibrated,4.75,0.07951981952948761,0.013615855623590079
21,20,KNN,kd_tree,29,uncalibrated,4.76,0.19780987884436152,0.03343761112232758
21,20,KNN,kd_tree,29,uncalibrated,4.77,0.3946111359904463,0.026347216002388398
21,20,KNN,kd_tree,29,uncalibrated,4.78,0.5776580459770115,0.02535051081579163
21,20,KNN,kd_tree,29,uncalibrated,4.79,0.764286213891026,0.016973548025986388
21,20,KNN,kd_tree,29,uncalibrated,4.81,0.9591339826270071,0.01256909713082388
21,20,KNN,kd_tree,29,uncalibrated,4.82,0.9893765238592717,0.0034873027919687214
21,20,KNN,kd_tree,29,uncalibrated,4.83,0.9913793103448282,0.005054431517773803
21,20,KNN,kd_tree,29,uncalibrated,4.84,0.997287195563058,0.0018688208343380919
21,20,KNN,kd_tree,29,uncalibrated,4.85,0.999920729290508,7.927070947287034e-05
21,20,KNN,kd_tree,29,uncalibrated,4.86,1.0,0.0
21,20,KNN,kd_tree,29,uncalibrated,4.87,1.0,0.0
21,20,KNN,kd_tree,29,uncalibrated,4.88,1.0,0.0
21,20,KNN,kd_tree,29,uncalibrated,4.9,1.0,0.0
21,20,KNN,kd_tree,29,uncalibrated,4.93,1.0,0.0
21,20,KNN,kd_tree,31,uncalibrated,4.67,0.0,0.0
21,20,KNN,kd_tree,31,uncalibrated,4.7,0.0,0.0
21,20,KNN,kd_tree,31,uncalibrated,4.72,0.0012333965844402094,0.0010498880827512155
21,20,KNN,kd_tree,31,uncalibrated,4.73,0.01193219223173139,0.005274545897254062
21,20,KNN,kd_tree,31,uncalibrated,4.74,0.029377880184331795,0.007337407374917621
21,20,KNN,kd_tree,31,uncalibrated,4.75,0.07891166716912873,0.014546276756104912
21,20,KNN,kd_tree,31,uncalibrated,4.76,0.1965998256320836,0.03385355265460575
21,20,KNN,kd_tree,31,uncalibrated,4.77,0.39303169948331235,0.02702136573104319
21,20,KNN,kd_tree,31,uncalibrated,4.78,0.572244623655914,0.025446066500783196
21,20,KNN,kd_tree,31,uncalibrated,4.79,0.7604527906824576,0.01705354227151036
21,20,KNN,kd_tree,31,uncalibrated,4.81,0.9577074612164493,0.01286628909135673
21,20,KNN,kd_tree,31,uncalibrated,4.82,0.9887585532746823,0.0034886878746975174
21,20,KNN,kd_tree,31,uncalibrated,4.83,0.9910394265232981,0.005123207075708218
21,20,KNN,kd_tree,31,uncalibrated,4.84,0.9972366343334088,0.0018610421836228186
21,20,KNN,kd_tree,31,uncalibrated,4.85,0.9997775305895821,0.00022246941045614833
21,20,KNN,kd_tree,31,uncalibrated,4.86,1.0,0.0
21,20,KNN,kd_tree,31,uncalibrated,4.87,1.0,0.0
21,20,KNN,kd_tree,31,uncalibrated,4.88,1.0,0.0
21,20,KNN,kd_tree,31,uncalibrated,4.9,1.0,0.0
21,20,KNN,kd_tree,31,uncalibrated,4.93,1.0,0.0
21,20,KNN,kd_tree,33,uncalibrated,4.67,0.0,0.0
21,20,KNN,kd_tree,33,uncalibrated,4.7,0.0,0.0
21,20,KNN,kd_tree,33,uncalibrated,4.72,0.0013368983957219248,0.0011632881843270477
21,20,KNN,kd_tree,33,uncalibrated,4.73,0.012059369202226333,0.005372093766455566
21,20,KNN,kd_tree,33,uncalibrated,4.74,0.029143475572046666,0.007245834060300932
21,20,KNN,kd_tree,33,uncalibrated,4.75,0.07851883319173038,0.014514301897479459
21,20,KNN,kd_tree,33,uncalibrated,4.76,0.19587769587769588,0.034459391195806044
21,20,KNN,kd_tree,33,uncalibrated,4.77,0.3903318903318903,0.026433162796799164
21,20,KNN,kd_tree,33,uncalibrated,4.78,0.5697601010101006,0.0258270863012898
21,20,KNN,kd_tree,33,uncalibrated,4.79,0.7565922920892495,0.017085722786527775
21,20,KNN,kd_tree,33,uncalibrated,4.81,0.9562225306500115,0.013127457783946417
21,20,KNN,kd_tree,33,uncalibrated,4.82,0.9884450566268529,0.0035318437374030013
21,20,KNN,kd_tree,33,uncalibrated,4.83,0.9906204906204906,0.005229428734940635
21,20,KNN,kd_tree,33,uncalibrated,4.84,0.9972981563890657,0.0018542063996609404
21,20,KNN,kd_tree,33,uncalibrated,4.85,0.999791013584136,0.00020898641588299195
21,20,KNN,kd_tree,33,uncalibrated,4.86,1.0,0.0
21,20,KNN,kd_tree,33,uncalibrated,4.87,1.0,0.0
21,20,KNN,kd_tree,33,uncalibrated,4.88,1.0,0.0
21,20,KNN,kd_tree,33,uncalibrated,4.9,1.0,0.0
21,20,KNN,kd_tree,33,uncalibrated,4.93,1.0,0.0
21,20,KNN,kd_tree,35,uncalibrated,4.67,0.0,0.0
21,20,KNN,kd_tree,35,uncalibrated,4.7,0.0,0.0
21,20,KNN,kd_tree,35,uncalibrated,4.72,0.0012605042016806906,0.001096814573794074
21,20,KNN,kd_tree,35,uncalibrated,4.73,0.012463556851311942,0.005493776964636922
21,20,KNN,kd_tree,35,uncalibrated,4.74,0.029081632653061226,0.007221385627742228
21,20,KNN,kd_tree,35,uncalibrated,4.75,0.07857142857142857,0.01421895861148198
21,20,KNN,kd_tree,35,uncalibrated,4.76,0.19498069498069484,0.034329477733391234
21,20,KNN,kd_tree,35,uncalibrated,4.77,0.387878787878788,0.026716141001855265
21,20,KNN,kd_tree,35,uncalibrated,4.78,0.5665476190476186,0.025340742889445177
21,20,KNN,kd_tree,35,uncalibrated,4.79,0.7522448979591837,0.01725361924487642
21,20,KNN,kd_tree,35,uncalibrated,4.81,0.9544165757906216,0.013086150490730586
21,20,KNN,kd_tree,35,uncalibrated,4.82,0.988023088023088,0.00353305396176804
21,20,KNN,kd_tree,35,uncalibrated,4.83,0.9903628117913839,0.00524491315474856
21,20,KNN,kd_tree,35,uncalibrated,4.84,0.996953046953047,0.001948051948052032
21,20,KNN,kd_tree,35,uncalibrated,4.85,0.9997372742200806,0.0002627257799671523
21,20,KNN,kd_tree,35,uncalibrated,4.86,1.0,0.0
21,20,KNN,kd_tree,35,uncalibrated,4.87,1.0,0.0
21,20,KNN,kd_tree,35,uncalibrated,4.88,1.0,0.0
21,20,KNN,kd_tree,35,uncalibrated,4.9,1.0,0.0
21,20,KNN,kd_tree,35,uncalibrated,4.93,1.0,0.0
21,20,KNN,kd_tree,37,uncalibrated,4.67,0.0,0.0
21,20,KNN,kd_tree,37,uncalibrated,4.7,0.0,0.0
21,20,KNN,kd_tree,37,uncalibrated,4.72,0.001271860095389489,0.0011165890977008189
21,20,KNN,kd_tree,37,uncalibrated,4.73,0.012479316050744623,0.0056248117288678545
21,20,KNN,kd_tree,37,uncalibrated,4.74,0.02880152880152858,0.00721224465633925
21,20,KNN,kd_tree,37,uncalibrated,4.75,0.077923718110634,0.01338721899469563
21,20,KNN,kd_tree,37,uncalibrated,4.76,0.19411979547114688,0.03484854646581323
21,20,KNN,kd_tree,37,uncalibrated,4.77,0.3858078858078857,0.027319527319527304
21,20,KNN,kd_tree,37,uncalibrated,4.78,0.5633445945945946,0.02492351864090638
21,20,KNN,kd_tree,37,uncalibrated,4.79,0.7487589630446763,0.017407560815960087
21,20,KNN,kd_tree,37,uncalibrated,4.81,0.9527027027027025,0.013358778625954137
21,20,KNN,kd_tree,37,uncalibrated,4.82,0.9874419874419876,0.003636322310476022
21,20,KNN,kd_tree,37,uncalibrated,4.83,0.9899721149721138,0.0052603417018751856
21,20,KNN,kd_tree,37,uncalibrated,4.84,0.9968342468342467,0.0020317520317519877
21,20,KNN,kd_tree,37,uncalibrated,4.85,0.9996893445168831,0.00031065548306925003
21,20,KNN,kd_tree,37,uncalibrated,4.86,1.0,0.0
21,20,KNN,kd_tree,37,uncalibrated,4.87,1.0,0.0
21,20,KNN,kd_tree,37,uncalibrated,4.88,1.0,0.0
21,20,KNN,kd_tree,37,uncalibrated,4.9,1.0,0.0
21,20,KNN,kd_tree,37,uncalibrated,4.93,1.0,0.0
21,20,KNN,kd_tree,39,uncalibrated,4.67,0.0,0.0
21,20,KNN,kd_tree,39,uncalibrated,4.7,0.0,0.0
21,20,KNN,kd_tree,39,uncalibrated,4.72,0.0012066365007541479,0.0010593281183315462
21,20,KNN,kd_tree,39,uncalibrated,4.73,0.012689691261119834,0.0056501183801658875
21,20,KNN,kd_tree,39,uncalibrated,4.74,0.028490028490028487,0.007091358982923805
21,20,KNN,kd_tree,39,uncalibrated,4.75,0.07764198418404021,0.01300856532448646
21,20,KNN,kd_tree,39,uncalibrated,4.76,0.1924809424809424,0.03526013472557158
21,20,KNN,kd_tree,39,uncalibrated,4.77,0.3828948828948829,0.027250527250527234
21,20,KNN,kd_tree,39,uncalibrated,4.78,0.5600961538461534,0.02484326630046473
21,20,KNN,kd_tree,39,uncalibrated,4.79,0.7467294610151753,0.017153007495266527
21,20,KNN,kd_tree,39,uncalibrated,4.81,0.9517028772753966,0.01326091211587388
21,20,KNN,kd_tree,39,uncalibrated,4.82,0.9863377363377474,0.0037392697601617148
21,20,KNN,kd_tree,39,uncalibrated,4.83,0.9897741147741141,0.005337808786150202
21,20,KNN,kd_tree,39,uncalibrated,4.84,0.9967724583109199,0.0021516944593867326
21,20,KNN,kd_tree,39,uncalibrated,4.85,0.9997052755673255,0.00029472443265545075
21,20,KNN,kd_tree,39,uncalibrated,4.86,1.0,0.0
21,20,KNN,kd_tree,39,uncalibrated,4.87,1.0,0.0
21,20,KNN,kd_tree,39,uncalibrated,4.88,1.0,0.0
21,20,KNN,kd_tree,39,uncalibrated,4.9,1.0,0.0
21,20,KNN,kd_tree,39,uncalibrated,4.93,1.0,0.0
21,20,KNN,kd_tree,41,uncalibrated,4.67,0.0,0.0
21,20,KNN,kd_tree,41,uncalibrated,4.7,0.0,0.0
21,20,KNN,kd_tree,41,uncalibrated,4.72,0.0011477761836441531,0.0010076535759739097
21,20,KNN,kd_tree,41,uncalibrated,4.73,0.012630662020905913,0.005575204540654003
21,20,KNN,kd_tree,41,uncalibrated,4.74,0.02851687607785146,0.007122711794342495
21,20,KNN,kd_tree,41,uncalibrated,4.75,0.07750170959653523,0.012891562044383614
21,20,KNN,kd_tree,41,uncalibrated,4.76,0.19160624038672824,0.03544522713368939
21,20,KNN,kd_tree,41,uncalibrated,4.77,0.3801604899165876,0.028138528138528157
21,20,KNN,kd_tree,41,uncalibrated,4.78,0.5573678861788613,0.024970703387412
21,20,KNN,kd_tree,41,uncalibrated,4.79,0.7436535589845694,0.017546935144156964
21,20,KNN,kd_tree,41,uncalibrated,4.81,0.9506609569912493,0.013219139824986015
21,20,KNN,kd_tree,41,uncalibrated,4.82,0.985710766198582,0.0038432583834009794
21,20,KNN,kd_tree,41,uncalibrated,4.83,0.9894986449864505,0.00537671580314601
21,20,KNN,kd_tree,41,uncalibrated,4.84,0.996332935357326,0.0021320143271362224
21,20,KNN,kd_tree,41,uncalibrated,4.85,0.9996075133165315,0.00039248668348758364
21,20,KNN,kd_tree,41,uncalibrated,4.86,0.999948652118121,5.134788189986233e-05
21,20,KNN,kd_tree,41,uncalibrated,4.87,1.0,0.0
21,20,KNN,kd_tree,41,uncalibrated,4.88,1.0,0.0
21,20,KNN,kd_tree,41,uncalibrated,4.9,1.0,0.0
21,20,KNN,kd_tree,41,uncalibrated,4.93,1.0,0.0
21,20,KNN,kd_tree,43,uncalibrated,4.67,0.0,0.0
21,20,KNN,kd_tree,43,uncalibrated,4.7,0.0,0.0
21,20,KNN,kd_tree,43,uncalibrated,4.72,0.001162790697674455,0.0010288648891218653
21,20,KNN,kd_tree,43,uncalibrated,4.73,0.012636449928808722,0.005575176437269758
21,20,KNN,kd_tree,43,uncalibrated,4.74,0.028423772609819126,0.007036984434670048
21,20,KNN,kd_tree,43,uncalibrated,4.75,0.0773744838078679,0.013338799747106365
21,20,KNN,kd_tree,43,uncalibrated,4.76,0.1899748585795098,0.03529093038813879
21,20,KNN,kd_tree,43,uncalibrated,4.77,0.3781838316722037,0.027635155542132306
21,20,KNN,kd_tree,43,uncalibrated,4.78,0.5545542635658914,0.0248563038723979
21,20,KNN,kd_tree,43,uncalibrated,4.79,0.7405790223065971,0.017377583791794014
21,20,KNN,kd_tree,43,uncalibrated,4.81,0.9490502396591514,0.013136872004260558
21,20,KNN,kd_tree,43,uncalibrated,4.82,0.9850833920601253,0.003925239487685838
21,20,KNN,kd_tree,43,uncalibrated,4.83,0.9888335179032849,0.005633920313620289
21,20,KNN,kd_tree,43,uncalibrated,4.84,0.9962595543990894,0.0021954789396649854
21,20,KNN,kd_tree,43,uncalibrated,4.85,0.999625768511103,0.0003742314889066584
21,20,KNN,kd_tree,43,uncalibrated,4.86,0.9999020807833224,6.887006297490373e-05
21,20,KNN,kd_tree,43,uncalibrated,4.87,1.0,0.0
21,20,KNN,kd_tree,43,uncalibrated,4.88,1.0,0.0
21,20,KNN,kd_tree,43,uncalibrated,4.9,0.9999554486322348,4.455136772702759e-05
21,20,KNN,kd_tree,43,uncalibrated,4.93,1.0,0.0
21,20,KNN,kd_tree,45,uncalibrated,4.67,0.0,0.0
21,20,KNN,kd_tree,45,uncalibrated,4.7,0.0,0.0
21,20,KNN,kd_tree,45,uncalibrated,4.72,0.0011764705882353122,0.0010482288586351506
21,20,KNN,kd_tree,45,uncalibrated,4.73,0.01292517006802722,0.00560049389352765
21,20,KNN,kd_tree,45,uncalibrated,4.74,0.028395061728395066,0.006999168058784022
21,20,KNN,kd_tree,45,uncalibrated,4.75,0.07715472481827622,0.013469493012536696
21,20,KNN,kd_tree,45,uncalibrated,4.76,0.18958958958958957,0.03575973627865141
21,20,KNN,kd_tree,45,uncalibrated,4.77,0.37662337662337664,0.027801827801827772
21,20,KNN,kd_tree,45,uncalibrated,4.78,0.5518518518518523,0.024808364741231433
21,20,KNN,kd_tree,45,uncalibrated,4.79,0.7378231292517006,0.017523185890823113
21,20,KNN,kd_tree,45,uncalibrated,4.81,0.9481340118744701,0.013358778625954248
21,20,KNN,kd_tree,45,uncalibrated,4.82,0.9846240179573514,0.003914846863094301
21,20,KNN,kd_tree,45,uncalibrated,4.83,0.9883156966490301,0.005796576080393504
21,20,KNN,kd_tree,45,uncalibrated,4.84,0.9962703962703963,0.002253302253302225
21,20,KNN,kd_tree,45,uncalibrated,4.85,0.9996424010217686,0.0003575989782886971
21,20,KNN,kd_tree,45,uncalibrated,4.86,0.9999064327485797,6.58091712871062e-05
21,20,KNN,kd_tree,45,uncalibrated,4.87,1.0,0.0
21,20,KNN,kd_tree,45,uncalibrated,4.88,1.0,0.0
21,20,KNN,kd_tree,45,uncalibrated,4.9,0.9999574286930608,4.2571306939164565e-05
21,20,KNN,kd_tree,45,uncalibrated,4.93,1.0,0.0
21,20,KNN,kd_tree,47,uncalibrated,4.67,0.0,0.0
21,20,KNN,kd_tree,47,uncalibrated,4.7,0.0,0.0
21,20,KNN,kd_tree,47,uncalibrated,4.72,0.0011889862327909705,0.0010047375842086102
21,20,KNN,kd_tree,47,uncalibrated,4.73,0.01318931828050368,0.005587459298583765
21,20,KNN,kd_tree,47,uncalibrated,4.74,0.02858370943477372,0.006935006316111893
21,20,KNN,kd_tree,47,uncalibrated,4.75,0.07740107377212169,0.013540173491309813
21,20,KNN,kd_tree,47,uncalibrated,4.76,0.18832662449683732,0.03581644402825897
21,20,KNN,kd_tree,47,uncalibrated,4.77,0.3744588744588744,0.027585889288016946
21,20,KNN,kd_tree,47,uncalibrated,4.78,0.5495124113475177,0.024661794356016377
21,20,KNN,kd_tree,47,uncalibrated,4.79,0.7350412505427693,0.017393936337722946
21,20,KNN,kd_tree,47,uncalibrated,4.81,0.9470521357804126,0.013399382816306704
21,20,KNN,kd_tree,47,uncalibrated,4.82,0.9838276380829464,0.004026638107612912
21,20,KNN,kd_tree,47,uncalibrated,4.83,0.9878419452887538,0.005868162608915828
21,20,KNN,kd_tree,47,uncalibrated,4.84,0.9960571343550066,0.0023805981252789654
21,20,KNN,kd_tree,47,uncalibrated,4.85,0.9996087062851362,0.00034529456524855673
21,20,KNN,kd_tree,47,uncalibrated,4.86,0.99986562150056,9.973269710792815e-05
21,20,KNN,kd_tree,47,uncalibrated,4.87,0.9999084877602176,9.151223976203729e-05
21,20,KNN,kd_tree,47,uncalibrated,4.88,1.0,0.0
21,20,KNN,kd_tree,47,uncalibrated,4.9,0.999959240238018,4.07597619629972e-05
21,20,KNN,kd_tree,47,uncalibrated,4.93,1.0,0.0
21,20,KNN,kd_tree,49,uncalibrated,4.67,0.0,0.0
21,20,KNN,kd_tree,49,uncalibrated,4.7,0.0,0.0
21,20,KNN,kd_tree,49,uncalibrated,4.72,0.0012605042016806721,0.0010243517033223482
21,20,KNN,kd_tree,49,uncalibrated,4.73,0.013483965014577272,0.005493592773499303
21,20,KNN,kd_tree,49,uncalibrated,4.74,0.02855081426510021,0.006944698735364969
21,20,KNN,kd_tree,49,uncalibrated,4.75,0.07729353423612434,0.013300261604073525
21,20,KNN,kd_tree,49,uncalibrated,4.76,0.1879021879021879,0.03550910476648618
21,20,KNN,kd_tree,49,uncalibrated,4.77,0.37357540418764906,0.02778514003003807
21,20,KNN,kd_tree,49,uncalibrated,4.78,0.5468537414965983,0.024435654832890452
21,20,KNN,kd_tree,49,uncalibrated,4.79,0.733402748854645,0.01728013764262705
21,20,KNN,kd_tree,49,uncalibrated,4.81,0.9464090979903413,0.013241937996572695
21,20,KNN,kd_tree,49,uncalibrated,4.82,0.9827355184497933,0.004182964549299882
21,20,KNN,kd_tree,49,uncalibrated,4.83,0.9874473598963388,0.006048429656572197
21,20,KNN,kd_tree,49,uncalibrated,4.84,0.9959683173968891,0.0023904666761809246
21,20,KNN,kd_tree,49,uncalibrated,4.85,0.9994370161857846,0.0004281966112698943
21,20,KNN,kd_tree,49,uncalibrated,4.86,0.9998711063372301,9.566197477697499e-05
21,20,KNN,kd_tree,49,uncalibrated,4.87,0.9999122229536772,8.777704630233092e-05
21,20,KNN,kd_tree,49,uncalibrated,4.88,1.0,0.0
21,20,KNN,kd_tree,49,uncalibrated,4.9,0.9999609039017906,3.909609820938981e-05
21,20,KNN,kd_tree,49,uncalibrated,4.93,1.0,0.0
21,20,KNN,kd_tree,51,uncalibrated,4.67,0.0,0.0
21,20,KNN,kd_tree,51,uncalibrated,4.7,0.0,0.0
21,20,KNN,kd_tree,51,uncalibrated,4.72,0.0012110726643598797,0.0009841810482900993
21,20,KNN,kd_tree,51,uncalibrated,4.73,0.013455382152861156,0.005611537499728471
21,20,KNN,kd_tree,51,uncalibrated,4.74,0.028421469597940185,0.006941200921986411
21,20,KNN,kd_tree,51,uncalibrated,4.75,0.07714861645592817,0.013256061110605299
21,20,KNN,kd_tree,51,uncalibrated,4.76,0.1872460695990107,0.03595747660277812
21,20,KNN,kd_tree,51,uncalibrated,4.77,0.37182751888634236,0.027204821322468403
21,20,KNN,kd_tree,51,uncalibrated,4.78,0.5444035947712418,0.024429914736088652
21,20,KNN,kd_tree,51,uncalibrated,4.79,0.7310124049619859,0.017392498885462345
21,20,KNN,kd_tree,51,uncalibrated,4.81,0.9449184253854215,0.01406975003741956
21,20,KNN,kd_tree,51,uncalibrated,4.82,0.9819271142800882,0.004298213942872695
21,20,KNN,kd_tree,51,uncalibrated,4.83,0.9872393401805161,0.006065102791753836
21,20,KNN,kd_tree,51,uncalibrated,4.84,0.9959207459207462,0.002502399561223112
21,20,KNN,kd_tree,51,uncalibrated,4.85,0.9994140184809078,0.00041812602638866876
21,20,KNN,kd_tree,51,uncalibrated,4.86,0.9998761609907644,9.191052478576362e-05
21,20,KNN,kd_tree,51,uncalibrated,4.87,0.9999156651908075,8.433480919247004e-05
21,20,KNN,kd_tree,51,uncalibrated,4.88,1.0,0.0
21,20,KNN,kd_tree,51,uncalibrated,4.9,0.9999624370821221,3.756291788740779e-05
21,20,KNN,kd_tree,51,uncalibrated,4.93,1.0,0.0
21,20,KNN,kd_tree,61,uncalibrated,4.67,0.0,0.0
21,20,KNN,kd_tree,61,uncalibrated,4.7,0.0,0.0
21,20,KNN,kd_tree,61,uncalibrated,4.72,0.0013018322082931533,0.0010653082948452691
21,20,KNN,kd_tree,61,uncalibrated,4.73,0.013842422214787544,0.0055129492481642015
21,20,KNN,kd_tree,61,uncalibrated,4.74,0.027198211624441134,0.006660127501294717
21,20,KNN,kd_tree,61,uncalibrated,4.75,0.07629845258158419,0.012882379659615691
21,20,KNN,kd_tree,61,uncalibrated,4.76,0.1826539654408507,0.035665151672369895
21,20,KNN,kd_tree,61,uncalibrated,4.77,0.3630331417216663,0.027570789865871803
21,20,KNN,kd_tree,61,uncalibrated,4.78,0.5336065573770488,0.024620819284777537
21,20,KNN,kd_tree,61,uncalibrated,4.79,0.7193375710940124,0.017215053691527996
21,20,KNN,kd_tree,61,uncalibrated,4.81,0.9390251532974598,0.014923038418220458
21,20,KNN,kd_tree,61,uncalibrated,4.82,0.9788872329855935,0.004653568385496566
21,20,KNN,kd_tree,61,uncalibrated,4.83,0.985460577673693,0.006328072162961798
21,20,KNN,kd_tree,61,uncalibrated,4.84,0.9948985440788716,0.002751347013642047
21,20,KNN,kd_tree,61,uncalibrated,4.85,0.9991709063500654,0.0005778880786685663
21,20,KNN,kd_tree,61,uncalibrated,4.86,0.9997667599626816,0.0001514295121671664
21,20,KNN,kd_tree,61,uncalibrated,4.87,0.999929490569333,7.050943063637061e-05
21,20,KNN,kd_tree,61,uncalibrated,4.88,1.0,0.0
21,20,KNN,kd_tree,61,uncalibrated,4.9,0.9999685949374943,3.140506249614461e-05
21,20,KNN,kd_tree,61,uncalibrated,4.93,1.0,0.0
21,20,KNN,kd_tree,81,uncalibrated,4.67,0.0,0.0
21,20,KNN,kd_tree,81,uncalibrated,4.7,0.0,0.0
21,20,KNN,kd_tree,81,uncalibrated,4.72,0.0014161220043573167,0.00103512378374366
21,20,KNN,kd_tree,81,uncalibrated,4.73,0.014077853363567662,0.0054566919341808295
21,20,KNN,kd_tree,81,uncalibrated,4.74,0.026717795236313756,0.006466195981961002
21,20,KNN,kd_tree,81,uncalibrated,4.75,0.07635283258336217,0.012956648977620154
21,20,KNN,kd_tree,81,uncalibrated,4.76,0.17620398175953716,0.03529656785926934
21,20,KNN,kd_tree,81,uncalibrated,4.77,0.3497675164341832,0.02771097215541657
21,20,KNN,kd_tree,81,uncalibrated,4.78,0.5152777777777777,0.02503862097818035
21,20,KNN,kd_tree,81,uncalibrated,4.79,0.6990677752582504,0.017456647057425105
21,20,KNN,kd_tree,81,uncalibrated,4.81,0.9275044764866649,0.016657242484214463
21,20,KNN,kd_tree,81,uncalibrated,4.82,0.972253398179335,0.005229501181809428
21,20,KNN,kd_tree,81,uncalibrated,4.83,0.9823388203017839,0.006778110794217294
21,20,KNN,kd_tree,81,uncalibrated,4.84,0.9933739100405768,0.002870586203919445
21,20,KNN,kd_tree,81,uncalibrated,4.85,0.9988931460196019,0.0006654919209004591
21,20,KNN,kd_tree,81,uncalibrated,4.86,0.9996236073471395,0.00024770137667651915
21,20,KNN,kd_tree,81,uncalibrated,4.87,0.9997079516792983,0.0002665353557244056
21,20,KNN,kd_tree,81,uncalibrated,4.88,0.9999506172839506,3.474204793502021e-05
21,20,KNN,kd_tree,81,uncalibrated,4.9,0.9999763492739417,2.3650726077277077e-05
21,20,KNN,kd_tree,81,uncalibrated,4.93,1.0,0.0
21,20,KNN,kd_tree,101,uncalibrated,4.67,0.0,0.0
21,20,KNN,kd_tree,101,uncalibrated,4.7,0.0,0.0
21,20,KNN,kd_tree,101,uncalibrated,4.72,0.001339545719277792,0.0009729222359986068
21,20,KNN,kd_tree,101,uncalibrated,4.73,0.014321074964639333,0.005573548329833247
21,20,KNN,kd_tree,101,uncalibrated,4.74,0.026777677767776325,0.006409784837065752
21,20,KNN,kd_tree,101,uncalibrated,4.75,0.07478948829462385,0.012534747636569022
21,20,KNN,kd_tree,101,uncalibrated,4.76,0.1716171617161716,0.03450277374153828
21,20,KNN,kd_tree,101,uncalibrated,4.77,0.33869101195833884,0.028074235995028035
21,20,KNN,kd_tree,101,uncalibrated,4.78,0.5004537953795384,0.024727951272550057
21,20,KNN,kd_tree,101,uncalibrated,4.79,0.6824004849464538,0.01767853172577991
21,20,KNN,kd_tree,101,uncalibrated,4.81,0.9184868868566245,0.01749678784672365
21,20,KNN,kd_tree,101,uncalibrated,4.82,0.9655965596559437,0.005836648744381821
21,20,KNN,kd_tree,101,uncalibrated,4.83,0.9784103410341034,0.0069677997357894825
21,20,KNN,kd_tree,101,uncalibrated,4.84,0.9913972166447416,0.003617669459253625
21,20,KNN,kd_tree,101,uncalibrated,4.85,0.998429498122245,0.0007931225650888223
21,20,KNN,kd_tree,101,uncalibrated,4.86,0.9992554133462036,0.0003969317955635662
21,20,KNN,kd_tree,101,uncalibrated,4.87,0.9995315660598522,0.00038818280849199475
21,20,KNN,kd_tree,101,uncalibrated,4.88,0.9999603960395819,2.7862434482596086e-05
21,20,KNN,kd_tree,101,uncalibrated,4.9,0.9999810325859981,1.8967413982816746e-05
21,20,KNN,kd_tree,101,uncalibrated,4.93,1.0,0.0
21,20,KNN,kd_tree,151,uncalibrated,4.67,0.0,0.0
21,20,KNN,kd_tree,151,uncalibrated,4.7,0.0,0.0
21,20,KNN,kd_tree,151,uncalibrated,4.72,0.0014608492403584133,0.0010068937518713122
21,20,KNN,kd_tree,151,uncalibrated,4.73,0.014849979726990124,0.005475667659065544
21,20,KNN,kd_tree,151,uncalibrated,4.74,0.026389725065221983,0.00608542668911525
21,20,KNN,kd_tree,151,uncalibrated,4.75,0.07287862845825344,0.011696201492611934
21,20,KNN,kd_tree,151,uncalibrated,4.76,0.16305709683193118,0.03391244494188321
21,20,KNN,kd_tree,151,uncalibrated,4.77,0.31699205871391306,0.027579484533126974
21,20,KNN,kd_tree,151,uncalibrated,4.78,0.47150938189845476,0.023524712496693072
21,20,KNN,kd_tree,151,uncalibrated,4.79,0.6489795918367347,0.01782847917327019
21,20,KNN,kd_tree,151,uncalibrated,4.81,0.8944062484202014,0.019450482786512402
21,20,KNN,kd_tree,151,uncalibrated,4.82,0.9514900662251643,0.007109426987183939
21,20,KNN,kd_tree,151,uncalibrated,4.83,0.9697256385998102,0.007950053982726118
21,20,KNN,kd_tree,151,uncalibrated,4.84,0.986905478627333,0.0047121752419765905
21,20,KNN,kd_tree,151,uncalibrated,4.85,0.9971379434262536,0.001090515704851556
21,20,KNN,kd_tree,151,uncalibrated,4.86,0.9985193560544877,0.0007076827471168042
21,20,KNN,kd_tree,151,uncalibrated,4.87,0.999173965676819,0.0006205053933516201
21,20,KNN,kd_tree,151,uncalibrated,4.88,0.9999556280297736,2.934929960034158e-05
21,20,KNN,kd_tree,151,uncalibrated,4.9,0.9999873131866833,1.2686813326161149e-05
21,20,KNN,kd_tree,151,uncalibrated,4.93,1.0,0.0
21,20,KNN,kd_tree,201,uncalibrated,4.67,0.0,0.0
21,20,KNN,kd_tree,201,uncalibrated,4.7,0.0,0.0
21,20,KNN,kd_tree,201,uncalibrated,4.72,0.0015657009072286177,0.0010383610266723946
21,20,KNN,kd_tree,201,uncalibrated,4.73,0.015306122448979591,0.005358188966202308
21,20,KNN,kd_tree,201,uncalibrated,4.74,0.02598120508568292,0.005907663625300516
21,20,KNN,kd_tree,201,uncalibrated,4.75,0.07132561491607388,0.011162757152042473
21,20,KNN,kd_tree,201,uncalibrated,4.76,0.15602169333512617,0.03259714975411396
21,20,KNN,kd_tree,201,uncalibrated,4.77,0.3008550321983158,0.027115504727445033
21,20,KNN,kd_tree,201,uncalibrated,4.78,0.45051824212271996,0.02242045199288072
21,20,KNN,kd_tree,201,uncalibrated,4.79,0.6223437468527786,0.017807702851904587
21,20,KNN,kd_tree,201,uncalibrated,4.81,0.8743781094527363,0.01983403592723404
21,20,KNN,kd_tree,201,uncalibrated,4.82,0.9385318306427047,0.007779968414847782
21,20,KNN,kd_tree,201,uncalibrated,4.83,0.9608998657506115,0.008526966722480168
21,20,KNN,kd_tree,201,uncalibrated,4.84,0.9813780746616567,0.005923181296315694
21,20,KNN,kd_tree,201,uncalibrated,4.85,0.9951695013305561,0.0014807174047952935
21,20,KNN,kd_tree,201,uncalibrated,4.86,0.9975124378109426,0.001081784875332676
21,20,KNN,kd_tree,201,uncalibrated,4.87,0.9986946985502391,0.0007604922760613815
21,20,KNN,kd_tree,201,uncalibrated,4.88,0.9999104477612051,4.493497458750385e-05
21,20,KNN,kd_tree,201,uncalibrated,4.9,0.9999523455519148,4.765444806608979e-05
21,20,KNN,kd_tree,201,uncalibrated,4.93,1.0,0.0
21,20,KNN,ball_tree,1,uncalibrated,4.67,0.0,0.0
21,20,KNN,ball_tree,1,uncalibrated,4.7,0.0,0.0
21,20,KNN,ball_tree,1,uncalibrated,4.72,0.0,0.0
21,20,KNN,ball_tree,1,uncalibrated,4.73,0.012345679012345678,0.006055992861218699
21,20,KNN,ball_tree,1,uncalibrated,4.74,0.03170731707317073,0.01063146083790408
21,20,KNN,ball_tree,1,uncalibrated,4.75,0.10465116279070122,0.01677948854888626
21,20,KNN,ball_tree,1,uncalibrated,4.76,0.22696629213483158,0.03415434641251835
21,20,KNN,ball_tree,1,uncalibrated,4.77,0.45747126436781765,0.027824640084851048
21,20,KNN,ball_tree,1,uncalibrated,4.78,0.6505263157894737,0.024286684183399625
21,20,KNN,ball_tree,1,uncalibrated,4.79,0.8568548387096766,0.021213882290691616
21,20,KNN,ball_tree,1,uncalibrated,4.81,0.9866412213740456,0.013358778625954193
21,20,KNN,ball_tree,1,uncalibrated,4.82,0.9959016393442623,0.0040983606557377095
21,20,KNN,ball_tree,1,uncalibrated,4.83,0.9957446808510587,0.004255319148936143
21,20,KNN,ball_tree,1,uncalibrated,4.84,1.0,0.0
21,20,KNN,ball_tree,1,uncalibrated,4.85,1.0,0.0
21,20,KNN,ball_tree,1,uncalibrated,4.86,1.0,0.0
21,20,KNN,ball_tree,1,uncalibrated,4.87,1.0,0.0
21,20,KNN,ball_tree,1,uncalibrated,4.88,1.0,0.0
21,20,KNN,ball_tree,1,uncalibrated,4.9,1.0,0.0
21,20,KNN,ball_tree,1,uncalibrated,4.93,1.0,0.0
21,20,KNN,ball_tree,3,uncalibrated,4.67,0.0,0.0
21,20,KNN,ball_tree,3,uncalibrated,4.7,0.0,0.0
21,20,KNN,ball_tree,3,uncalibrated,4.72,0.000980392156862745,0.000980392156862745
21,20,KNN,ball_tree,3,uncalibrated,4.73,0.011904761904761904,0.006523674238142638
21,20,KNN,ball_tree,3,uncalibrated,4.74,0.03143093465674111,0.010292145825712754
21,20,KNN,ball_tree,3,uncalibrated,4.75,0.08722741433021808,0.017133956386292844
21,20,KNN,ball_tree,3,uncalibrated,4.76,0.21647940074906366,0.03508225925796702
21,20,KNN,ball_tree,3,uncalibrated,4.77,0.44227994227994216,0.023809523809523808
21,20,KNN,ball_tree,3,uncalibrated,4.78,0.636432350718065,0.021672503574170013
21,20,KNN,ball_tree,3,uncalibrated,4.79,0.8444895199459111,0.016466638104066973
21,20,KNN,ball_tree,3,uncalibrated,4.81,0.9834605597964374,0.012722646310432573
21,20,KNN,ball_tree,3,uncalibrated,4.82,0.9959016393442623,0.0032520165885896748
21,20,KNN,ball_tree,3,uncalibrated,4.83,0.9971631205673708,0.002836879432624061
21,20,KNN,ball_tree,3,uncalibrated,4.84,0.9993055555555556,0.0006944444444444443
21,20,KNN,ball_tree,3,uncalibrated,4.85,1.0,0.0
21,20,KNN,ball_tree,3,uncalibrated,4.86,1.0,0.0
21,20,KNN,ball_tree,3,uncalibrated,4.87,1.0,0.0
21,20,KNN,ball_tree,3,uncalibrated,4.88,1.0,0.0
21,20,KNN,ball_tree,3,uncalibrated,4.9,1.0,0.0
21,20,KNN,ball_tree,3,uncalibrated,4.93,1.0,0.0
21,20,KNN,ball_tree,5,uncalibrated,4.67,0.0,0.0
21,20,KNN,ball_tree,5,uncalibrated,4.7,0.0,0.0
21,20,KNN,ball_tree,5,uncalibrated,4.72,0.0011764705882353307,0.0011764705882352942
21,20,KNN,ball_tree,5,uncalibrated,4.73,0.010714285714285714,0.005871306814328376
21,20,KNN,ball_tree,5,uncalibrated,4.74,0.03112244897959167,0.008794548048948057
21,20,KNN,ball_tree,5,uncalibrated,4.75,0.08878504672897196,0.017757009345794397
21,20,KNN,ball_tree,5,uncalibrated,4.76,0.21752808988764044,0.03218586346274665
21,20,KNN,ball_tree,5,uncalibrated,4.77,0.4445887445887444,0.027272727272727254
21,20,KNN,ball_tree,5,uncalibrated,4.78,0.6344671201814005,0.020858185977412493
21,20,KNN,ball_tree,5,uncalibrated,4.79,0.8292089249492901,0.015449813063785699
21,20,KNN,ball_tree,5,uncalibrated,4.81,0.9801526717557252,0.01221374045801521
21,20,KNN,ball_tree,5,uncalibrated,4.82,0.9950819672131144,0.0033462974628184713
21,20,KNN,ball_tree,5,uncalibrated,4.83,0.9962184873949617,0.0030342859642221846
21,20,KNN,ball_tree,5,uncalibrated,4.84,0.9991666666666879,0.0008333333333333052
21,20,KNN,ball_tree,5,uncalibrated,4.85,1.0,0.0
21,20,KNN,ball_tree,5,uncalibrated,4.86,1.0,0.0
21,20,KNN,ball_tree,5,uncalibrated,4.87,1.0,0.0
21,20,KNN,ball_tree,5,uncalibrated,4.88,1.0,0.0
21,20,KNN,ball_tree,5,uncalibrated,4.9,1.0,0.0
21,20,KNN,ball_tree,5,uncalibrated,4.93,1.0,0.0
21,20,KNN,ball_tree,7,uncalibrated,4.67,0.0,0.0
21,20,KNN,ball_tree,7,uncalibrated,4.7,0.0,0.0
21,20,KNN,ball_tree,7,uncalibrated,4.72,0.0012605042016806721,0.0012605042016806721
21,20,KNN,ball_tree,7,uncalibrated,4.73,0.009475218658892127,0.0055303089233192425
21,20,KNN,ball_tree,7,uncalibrated,4.74,0.03174603174603223,0.008711099506336176
21,20,KNN,ball_tree,7,uncalibrated,4.75,0.08878504672897196,0.01668891855807743
21,20,KNN,ball_tree,7,uncalibrated,4.76,0.21155698234349907,0.03185862248084985
21,20,KNN,ball_tree,7,uncalibrated,4.77,0.44310451453308597,0.02566481137909704
21,20,KNN,ball_tree,7,uncalibrated,4.78,0.6306547619047619,0.022699184482938475
21,20,KNN,ball_tree,7,uncalibrated,4.79,0.8200521587945542,0.016801725893160434
21,20,KNN,ball_tree,7,uncalibrated,4.81,0.976826608505998,0.013358778625954193
21,20,KNN,ball_tree,7,uncalibrated,4.82,0.9947414548641543,0.0031599923536057427
21,20,KNN,ball_tree,7,uncalibrated,4.83,0.9957446808510638,0.003363229543139718
21,20,KNN,ball_tree,7,uncalibrated,4.84,0.9988095238094922,0.0011904761904761815
21,20,KNN,ball_tree,7,uncalibrated,4.85,1.0,0.0
21,20,KNN,ball_tree,7,uncalibrated,4.86,1.0,0.0
21,20,KNN,ball_tree,7,uncalibrated,4.87,1.0,0.0
21,20,KNN,ball_tree,7,uncalibrated,4.88,1.0,0.0
21,20,KNN,ball_tree,7,uncalibrated,4.9,1.0,0.0
21,20,KNN,ball_tree,7,uncalibrated,4.93,1.0,0.0
21,20,KNN,ball_tree,9,uncalibrated,4.67,0.0,0.0
21,20,KNN,ball_tree,9,uncalibrated,4.7,0.0,0.0
21,20,KNN,ball_tree,9,uncalibrated,4.72,0.00130718954248366,0.00130718954248366
21,20,KNN,ball_tree,9,uncalibrated,4.73,0.01020408163265306,0.005668934240362811
21,20,KNN,ball_tree,9,uncalibrated,4.74,0.030022446689113125,0.00807416547129436
21,20,KNN,ball_tree,9,uncalibrated,4.75,0.08722741433021805,0.015576323987538936
21,20,KNN,ball_tree,9,uncalibrated,4.76,0.21321321321321313,0.0311025927404627
21,20,KNN,ball_tree,9,uncalibrated,4.77,0.43362193362193363,0.0286195286195286
21,20,KNN,ball_tree,9,uncalibrated,4.78,0.6236111111111116,0.022444553945868265
21,20,KNN,ball_tree,9,uncalibrated,4.79,0.8133874239350912,0.017181062657695746
21,20,KNN,ball_tree,9,uncalibrated,4.81,0.9751908396946567,0.01420695504664965
21,20,KNN,ball_tree,9,uncalibrated,4.82,0.9947632058287796,0.002864994852485961
21,20,KNN,ball_tree,9,uncalibrated,4.83,0.9955908289241627,0.003673133262726329
21,20,KNN,ball_tree,9,uncalibrated,4.84,0.9986402486402486,0.00135975135975136
21,20,KNN,ball_tree,9,uncalibrated,4.85,1.0,0.0
21,20,KNN,ball_tree,9,uncalibrated,4.86,1.0,0.0
21,20,KNN,ball_tree,9,uncalibrated,4.87,1.0,0.0
21,20,KNN,ball_tree,9,uncalibrated,4.88,1.0,0.0
21,20,KNN,ball_tree,9,uncalibrated,4.9,1.0,0.0
21,20,KNN,ball_tree,9,uncalibrated,4.93,1.0,0.0
21,20,KNN,ball_tree,11,uncalibrated,4.67,0.0,0.0
21,20,KNN,ball_tree,11,uncalibrated,4.7,0.0,0.0
21,20,KNN,ball_tree,11,uncalibrated,4.72,0.001069518716577511,0.0010695187165775401
21,20,KNN,ball_tree,11,uncalibrated,4.73,0.01020408163265306,0.005409046284643134
21,20,KNN,ball_tree,11,uncalibrated,4.74,0.029843893480256893,0.007755304691209183
21,20,KNN,ball_tree,11,uncalibrated,4.75,0.08411214953271029,0.01359388275276125
21,20,KNN,ball_tree,11,uncalibrated,4.76,0.2108927108927109,0.03173231858163815
21,20,KNN,ball_tree,11,uncalibrated,4.77,0.4291617473435656,0.030893349075167248
21,20,KNN,ball_tree,11,uncalibrated,4.78,0.6195075757575761,0.022920840257734932
21,20,KNN,ball_tree,11,uncalibrated,4.79,0.8043518347777964,0.016594443348852798
21,20,KNN,ball_tree,11,uncalibrated,4.81,0.9736294240111032,0.013532269257460094
21,20,KNN,ball_tree,11,uncalibrated,4.82,0.9944113263785391,0.0029415596826445067
21,20,KNN,ball_tree,11,uncalibrated,4.83,0.9949709864603379,0.003506299281324462
21,20,KNN,ball_tree,11,uncalibrated,4.84,0.9982517482517482,0.0017482517482517723
21,20,KNN,ball_tree,11,uncalibrated,4.85,1.0,0.0
21,20,KNN,ball_tree,11,uncalibrated,4.86,1.0,0.0
21,20,KNN,ball_tree,11,uncalibrated,4.87,1.0,0.0
21,20,KNN,ball_tree,11,uncalibrated,4.88,1.0,0.0
21,20,KNN,ball_tree,11,uncalibrated,4.9,1.0,0.0
21,20,KNN,ball_tree,11,uncalibrated,4.93,1.0,0.0
21,20,KNN,ball_tree,13,uncalibrated,4.67,0.0,0.0
21,20,KNN,ball_tree,13,uncalibrated,4.7,0.0,0.0
21,20,KNN,ball_tree,13,uncalibrated,4.72,0.0014397367338543812,0.0014397367338543812
21,20,KNN,ball_tree,13,uncalibrated,4.73,0.010007849293563582,0.005298273155416013
21,20,KNN,ball_tree,13,uncalibrated,4.74,0.029914529914529916,0.007772248795224781
21,20,KNN,ball_tree,13,uncalibrated,4.75,0.08303378864126526,0.014378145219266718
21,20,KNN,ball_tree,13,uncalibrated,4.76,0.2084199584199585,0.031984722333192196
21,20,KNN,ball_tree,13,uncalibrated,4.77,0.42474192474192474,0.027139527139527164
21,20,KNN,ball_tree,13,uncalibrated,4.78,0.6157051282051282,0.024146480948311257
21,20,KNN,ball_tree,13,uncalibrated,4.79,0.8007489467935716,0.016749594096340668
21,20,KNN,ball_tree,13,uncalibrated,4.81,0.9715208455666471,0.01262477980035237
21,20,KNN,ball_tree,13,uncalibrated,4.82,0.9941677175283732,0.0030059972131962496
21,20,KNN,ball_tree,13,uncalibrated,4.83,0.99496336996337,0.003676334107705073
21,20,KNN,ball_tree,13,uncalibrated,4.84,0.9982517482517482,0.0017482517482517723
21,20,KNN,ball_tree,13,uncalibrated,4.85,1.0,0.0
21,20,KNN,ball_tree,13,uncalibrated,4.86,1.0,0.0
21,20,KNN,ball_tree,13,uncalibrated,4.87,1.0,0.0
21,20,KNN,ball_tree,13,uncalibrated,4.88,1.0,0.0
21,20,KNN,ball_tree,13,uncalibrated,4.9,1.0,0.0
21,20,KNN,ball_tree,13,uncalibrated,4.93,1.0,0.0
21,20,KNN,ball_tree,15,uncalibrated,4.67,0.0,0.0
21,20,KNN,ball_tree,15,uncalibrated,4.7,0.0,0.0
21,20,KNN,ball_tree,15,uncalibrated,4.72,0.0012477718360071302,0.0012477718360071302
21,20,KNN,ball_tree,15,uncalibrated,4.73,0.010374149659863956,0.005102040816326529
21,20,KNN,ball_tree,15,uncalibrated,4.74,0.02929292929292929,0.00767192693518825
21,20,KNN,ball_tree,15,uncalibrated,4.75,0.08193146417445482,0.015264797507788155
21,20,KNN,ball_tree,15,uncalibrated,4.76,0.20600600600600602,0.031225816693959865
21,20,KNN,ball_tree,15,uncalibrated,4.77,0.4200577200577202,0.026406926406926434
21,20,KNN,ball_tree,15,uncalibrated,4.78,0.6084722222222223,0.023497411423844098
21,20,KNN,ball_tree,15,uncalibrated,4.79,0.7945909398242056,0.017499689050075203
21,20,KNN,ball_tree,15,uncalibrated,4.81,0.9695928753180661,0.011068702290076393
21,20,KNN,ball_tree,15,uncalibrated,4.82,0.9929107021131561,0.003205992097151967
21,20,KNN,ball_tree,15,uncalibrated,4.83,0.9941798941798942,0.004034716787999323
21,20,KNN,ball_tree,15,uncalibrated,4.84,0.9979020979020978,0.002097902097902171
21,20,KNN,ball_tree,15,uncalibrated,4.85,1.0,0.0
21,20,KNN,ball_tree,15,uncalibrated,4.86,1.0,0.0
21,20,KNN,ball_tree,15,uncalibrated,4.87,1.0,0.0
21,20,KNN,ball_tree,15,uncalibrated,4.88,1.0,0.0
21,20,KNN,ball_tree,15,uncalibrated,4.9,1.0,0.0
21,20,KNN,ball_tree,15,uncalibrated,4.93,1.0,0.0
21,20,KNN,ball_tree,17,uncalibrated,4.67,0.0,0.0
21,20,KNN,ball_tree,17,uncalibrated,4.7,0.0,0.0
21,20,KNN,ball_tree,17,uncalibrated,4.72,0.0011009751494180562,0.0011009751494180562
21,20,KNN,ball_tree,17,uncalibrated,4.73,0.010054021608643458,0.004951980792316927
21,20,KNN,ball_tree,17,uncalibrated,4.74,0.02881758764111728,0.007581916410636536
21,20,KNN,ball_tree,17,uncalibrated,4.75,0.08122594832325455,0.014980758658603627
21,20,KNN,ball_tree,17,uncalibrated,4.76,0.20296767355590892,0.03159576051327986
21,20,KNN,ball_tree,17,uncalibrated,4.77,0.4149477973007385,0.02661064425770307
21,20,KNN,ball_tree,17,uncalibrated,4.78,0.6056372549019609,0.02409161209675433
21,20,KNN,ball_tree,17,uncalibrated,4.79,0.7897625581672831,0.017527595116518403
21,20,KNN,ball_tree,17,uncalibrated,4.81,0.9678940278401438,0.011225864391558205
21,20,KNN,ball_tree,17,uncalibrated,4.82,0.9923012149645136,0.003374656595478292
21,20,KNN,ball_tree,17,uncalibrated,4.83,0.9940476190476191,0.004134025810404817
21,20,KNN,ball_tree,17,uncalibrated,4.84,0.9977375565610862,0.0020567667626491537
21,20,KNN,ball_tree,17,uncalibrated,4.85,1.0,0.0
21,20,KNN,ball_tree,17,uncalibrated,4.86,1.0,0.0
21,20,KNN,ball_tree,17,uncalibrated,4.87,1.0,0.0
21,20,KNN,ball_tree,17,uncalibrated,4.88,1.0,0.0
21,20,KNN,ball_tree,17,uncalibrated,4.9,1.0,0.0
21,20,KNN,ball_tree,17,uncalibrated,4.93,1.0,0.0
21,20,KNN,ball_tree,19,uncalibrated,4.67,0.0,0.0
21,20,KNN,ball_tree,19,uncalibrated,4.7,0.0,0.0
21,20,KNN,ball_tree,19,uncalibrated,4.72,0.001125809175344779,0.001125809175344779
21,20,KNN,ball_tree,19,uncalibrated,4.73,0.010875402792696024,0.0052363050483351225
21,20,KNN,ball_tree,19,uncalibrated,4.74,0.02950558213716131,0.007424497298436591
21,20,KNN,ball_tree,19,uncalibrated,4.75,0.08116084604033448,0.014756517461879004
21,20,KNN,ball_tree,19,uncalibrated,4.76,0.20282124229492657,0.03203289853779902
21,20,KNN,ball_tree,19,uncalibrated,4.77,0.41000227842333115,0.026771474139895196
21,20,KNN,ball_tree,19,uncalibrated,4.78,0.6026315789473685,0.023932663694312878
21,20,KNN,ball_tree,19,uncalibrated,4.79,0.7842425536457778,0.01754209109122988
21,20,KNN,ball_tree,19,uncalibrated,4.81,0.9665528324628365,0.01134993973483317
21,20,KNN,ball_tree,19,uncalibrated,4.82,0.9915875754961173,0.0037464525367020586
21,20,KNN,ball_tree,19,uncalibrated,4.83,0.9935254803675857,0.004245472329915442
21,20,KNN,ball_tree,19,uncalibrated,4.84,0.9978836952521158,0.0019322782480676315
21,20,KNN,ball_tree,19,uncalibrated,4.85,1.0,0.0
21,20,KNN,ball_tree,19,uncalibrated,4.86,1.0,0.0
21,20,KNN,ball_tree,19,uncalibrated,4.87,1.0,0.0
21,20,KNN,ball_tree,19,uncalibrated,4.88,1.0,0.0
21,20,KNN,ball_tree,19,uncalibrated,4.9,1.0,0.0
21,20,KNN,ball_tree,19,uncalibrated,4.93,1.0,0.0
21,20,KNN,ball_tree,21,uncalibrated,4.67,0.0,0.0
21,20,KNN,ball_tree,21,uncalibrated,4.7,0.0,0.0
21,20,KNN,ball_tree,21,uncalibrated,4.72,0.0011459129106187928,0.0011459129106187928
21,20,KNN,ball_tree,21,uncalibrated,4.73,0.011054421768707487,0.005466472303206996
21,20,KNN,ball_tree,21,uncalibrated,4.74,0.02988338192419825,0.007418151225254061
21,20,KNN,ball_tree,21,uncalibrated,4.75,0.0805518469069871,0.014686248331108147
21,20,KNN,ball_tree,21,uncalibrated,4.76,0.20130845130845124,0.03241668866486609
21,20,KNN,ball_tree,21,uncalibrated,4.77,0.4050711193568337,0.02638631210059783
21,20,KNN,ball_tree,21,uncalibrated,4.78,0.5959325396825397,0.02540476841314391
21,20,KNN,ball_tree,21,uncalibrated,4.79,0.7795807978363759,0.01784737257392153
21,20,KNN,ball_tree,21,uncalibrated,4.81,0.9647400945110869,0.01217739003998547
21,20,KNN,ball_tree,21,uncalibrated,4.82,0.9911202185792354,0.003631497670946193
21,20,KNN,ball_tree,21,uncalibrated,4.83,0.9931027966742246,0.004288494527722256
21,20,KNN,ball_tree,21,uncalibrated,4.84,0.997752247752248,0.0019147519147519887
21,20,KNN,ball_tree,21,uncalibrated,4.85,0.999890530925071,0.00010946907498631343
21,20,KNN,ball_tree,21,uncalibrated,4.86,1.0,0.0
21,20,KNN,ball_tree,21,uncalibrated,4.87,1.0,0.0
21,20,KNN,ball_tree,21,uncalibrated,4.88,1.0,0.0
21,20,KNN,ball_tree,21,uncalibrated,4.9,1.0,0.0
21,20,KNN,ball_tree,21,uncalibrated,4.93,1.0,0.0
21,20,KNN,ball_tree,23,uncalibrated,4.67,0.0,0.0
21,20,KNN,ball_tree,23,uncalibrated,4.7,0.0,0.0
21,20,KNN,ball_tree,23,uncalibrated,4.72,0.0011625203441060219,0.0011625203441060219
21,20,KNN,ball_tree,23,uncalibrated,4.73,0.011091393078970719,0.005545696539485359
21,20,KNN,ball_tree,23,uncalibrated,4.74,0.029614019520851822,0.007455473494596683
21,20,KNN,ball_tree,23,uncalibrated,4.75,0.07974400650142219,0.014729784640390077
21,20,KNN,ball_tree,23,uncalibrated,4.76,0.20005875440658058,0.03266598821077434
21,20,KNN,ball_tree,23,uncalibrated,4.77,0.403632599284773,0.026632787502352734
21,20,KNN,ball_tree,23,uncalibrated,4.78,0.5904891304347822,0.02485094145682098
21,20,KNN,ball_tree,23,uncalibrated,4.79,0.7756415909692214,0.017753312126460617
21,20,KNN,ball_tree,23,uncalibrated,4.81,0.9635745104546963,0.012363093262529046
21,20,KNN,ball_tree,23,uncalibrated,4.82,0.9903777619387024,0.003608064278566814
21,20,KNN,ball_tree,23,uncalibrated,4.83,0.9927536231884058,0.004500427560928394
21,20,KNN,ball_tree,23,uncalibrated,4.84,0.9976436606871388,0.0020522955305563584
21,20,KNN,ball_tree,23,uncalibrated,4.85,0.9999000499749838,9.99500249875465e-05
21,20,KNN,ball_tree,23,uncalibrated,4.86,1.0,0.0
21,20,KNN,ball_tree,23,uncalibrated,4.87,1.0,0.0
21,20,KNN,ball_tree,23,uncalibrated,4.88,1.0,0.0
21,20,KNN,ball_tree,23,uncalibrated,4.9,1.0,0.0
21,20,KNN,ball_tree,23,uncalibrated,4.93,1.0,0.0
21,20,KNN,ball_tree,25,uncalibrated,4.67,0.0,0.0
21,20,KNN,ball_tree,25,uncalibrated,4.7,0.0,0.0
21,20,KNN,ball_tree,25,uncalibrated,4.72,0.0012941176470588236,0.0011809438765712527
21,20,KNN,ball_tree,25,uncalibrated,4.73,0.01163265306122449,0.005306122448979592
21,20,KNN,ball_tree,25,uncalibrated,4.74,0.030102040816326697,0.0075529449193044535
21,20,KNN,ball_tree,25,uncalibrated,4.75,0.07990654205607478,0.014485981308411215
21,20,KNN,ball_tree,25,uncalibrated,4.76,0.1999099099099099,0.032768652633366174
21,20,KNN,ball_tree,25,uncalibrated,4.77,0.4002597402597403,0.02640692640692635
21,20,KNN,ball_tree,25,uncalibrated,4.78,0.5854999999999996,0.02519351033426982
21,20,KNN,ball_tree,25,uncalibrated,4.79,0.7713590263691684,0.01729667781582846
21,20,KNN,ball_tree,25,uncalibrated,4.81,0.9620610687022901,0.012137404580152722
21,20,KNN,ball_tree,25,uncalibrated,4.82,0.9906060606060825,0.003329676973684805
21,20,KNN,ball_tree,25,uncalibrated,4.83,0.9923809523809518,0.004725255794985357
21,20,KNN,ball_tree,25,uncalibrated,4.84,0.9976223776223776,0.001958041958041945
21,20,KNN,ball_tree,25,uncalibrated,4.85,0.9999080459770306,9.195402298839356e-05
21,20,KNN,ball_tree,25,uncalibrated,4.86,1.0,0.0
21,20,KNN,ball_tree,25,uncalibrated,4.87,1.0,0.0
21,20,KNN,ball_tree,25,uncalibrated,4.88,1.0,0.0
21,20,KNN,ball_tree,25,uncalibrated,4.9,1.0,0.0
21,20,KNN,ball_tree,25,uncalibrated,4.93,1.0,0.0
21,20,KNN,ball_tree,27,uncalibrated,4.67,0.0,0.0
21,20,KNN,ball_tree,27,uncalibrated,4.7,0.0,0.0
21,20,KNN,ball_tree,27,uncalibrated,4.72,0.0011982570806100218,0.0010934665523807897
21,20,KNN,ball_tree,27,uncalibrated,4.73,0.011810279667422525,0.005131988940984742
21,20,KNN,ball_tree,27,uncalibrated,4.74,0.03004535147392324,0.007521630766626694
21,20,KNN,ball_tree,27,uncalibrated,4.75,0.0798719280027691,0.014278296988577348
21,20,KNN,ball_tree,27,uncalibrated,4.76,0.1987821154487821,0.03265816369404729
21,20,KNN,ball_tree,27,uncalibrated,4.77,0.39682539682539675,0.02709636042969374
21,20,KNN,ball_tree,27,uncalibrated,4.78,0.580787037037037,0.02524909404038657
21,20,KNN,ball_tree,27,uncalibrated,4.79,0.7670347832619638,0.01738548434272578
21,20,KNN,ball_tree,27,uncalibrated,4.81,0.9609838846480068,0.012581283573650015
21,20,KNN,ball_tree,27,uncalibrated,4.82,0.990179573512885,0.003388882698067927
21,20,KNN,ball_tree,27,uncalibrated,4.83,0.9917695473251035,0.004930479421002318
21,20,KNN,ball_tree,27,uncalibrated,4.84,0.9974747474747474,0.0020072520072519917
21,20,KNN,ball_tree,27,uncalibrated,4.85,0.9999148573861026,8.514261387832912e-05
21,20,KNN,ball_tree,27,uncalibrated,4.86,1.0,0.0
21,20,KNN,ball_tree,27,uncalibrated,4.87,1.0,0.0
21,20,KNN,ball_tree,27,uncalibrated,4.88,1.0,0.0
21,20,KNN,ball_tree,27,uncalibrated,4.9,1.0,0.0
21,20,KNN,ball_tree,27,uncalibrated,4.93,1.0,0.0
21,20,KNN,ball_tree,29,uncalibrated,4.67,0.0,0.0
21,20,KNN,ball_tree,29,uncalibrated,4.7,0.0,0.0
21,20,KNN,ball_tree,29,uncalibrated,4.72,0.0013184584178498621,0.0011222941574237134
21,20,KNN,ball_tree,29,uncalibrated,4.73,0.011787473610133709,0.005217022370697682
21,20,KNN,ball_tree,29,uncalibrated,4.74,0.02990851513019001,0.007421598727591309
21,20,KNN,ball_tree,29,uncalibrated,4.75,0.07951981952948761,0.013615855623590079
21,20,KNN,ball_tree,29,uncalibrated,4.76,0.19780987884436152,0.03343761112232758
21,20,KNN,ball_tree,29,uncalibrated,4.77,0.3946111359904463,0.026347216002388398
21,20,KNN,ball_tree,29,uncalibrated,4.78,0.5776580459770115,0.02535051081579163
21,20,KNN,ball_tree,29,uncalibrated,4.79,0.764286213891026,0.016973548025986388
21,20,KNN,ball_tree,29,uncalibrated,4.81,0.9591339826270071,0.01256909713082388
21,20,KNN,ball_tree,29,uncalibrated,4.82,0.9893765238592717,0.0034873027919687214
21,20,KNN,ball_tree,29,uncalibrated,4.83,0.9913793103448282,0.005054431517773803
21,20,KNN,ball_tree,29,uncalibrated,4.84,0.997287195563058,0.0018688208343380919
21,20,KNN,ball_tree,29,uncalibrated,4.85,0.999920729290508,7.927070947287034e-05
21,20,KNN,ball_tree,29,uncalibrated,4.86,1.0,0.0
21,20,KNN,ball_tree,29,uncalibrated,4.87,1.0,0.0
21,20,KNN,ball_tree,29,uncalibrated,4.88,1.0,0.0
21,20,KNN,ball_tree,29,uncalibrated,4.9,1.0,0.0
21,20,KNN,ball_tree,29,uncalibrated,4.93,1.0,0.0
21,20,KNN,ball_tree,31,uncalibrated,4.67,0.0,0.0
21,20,KNN,ball_tree,31,uncalibrated,4.7,0.0,0.0
21,20,KNN,ball_tree,31,uncalibrated,4.72,0.0012333965844402094,0.0010498880827512155
21,20,KNN,ball_tree,31,uncalibrated,4.73,0.01193219223173139,0.005274545897254062
21,20,KNN,ball_tree,31,uncalibrated,4.74,0.029377880184331795,0.007337407374917621
21,20,KNN,ball_tree,31,uncalibrated,4.75,0.07891166716912873,0.014546276756104912
21,20,KNN,ball_tree,31,uncalibrated,4.76,0.1965998256320836,0.03385355265460575
21,20,KNN,ball_tree,31,uncalibrated,4.77,0.39303169948331235,0.02702136573104319
21,20,KNN,ball_tree,31,uncalibrated,4.78,0.572244623655914,0.025446066500783196
21,20,KNN,ball_tree,31,uncalibrated,4.79,0.7604527906824576,0.01705354227151036
21,20,KNN,ball_tree,31,uncalibrated,4.81,0.9577074612164493,0.01286628909135673
21,20,KNN,ball_tree,31,uncalibrated,4.82,0.9887585532746823,0.0034886878746975174
21,20,KNN,ball_tree,31,uncalibrated,4.83,0.9910394265232981,0.005123207075708218
21,20,KNN,ball_tree,31,uncalibrated,4.84,0.9972366343334088,0.0018610421836228186
21,20,KNN,ball_tree,31,uncalibrated,4.85,0.9997775305895821,0.00022246941045614833
21,20,KNN,ball_tree,31,uncalibrated,4.86,1.0,0.0
21,20,KNN,ball_tree,31,uncalibrated,4.87,1.0,0.0
21,20,KNN,ball_tree,31,uncalibrated,4.88,1.0,0.0
21,20,KNN,ball_tree,31,uncalibrated,4.9,1.0,0.0
21,20,KNN,ball_tree,31,uncalibrated,4.93,1.0,0.0
21,20,KNN,ball_tree,33,uncalibrated,4.67,0.0,0.0
21,20,KNN,ball_tree,33,uncalibrated,4.7,0.0,0.0
21,20,KNN,ball_tree,33,uncalibrated,4.72,0.0013368983957219248,0.0011632881843270477
21,20,KNN,ball_tree,33,uncalibrated,4.73,0.012059369202226333,0.005372093766455566
21,20,KNN,ball_tree,33,uncalibrated,4.74,0.029143475572046666,0.007245834060300932
21,20,KNN,ball_tree,33,uncalibrated,4.75,0.07851883319173038,0.014514301897479459
21,20,KNN,ball_tree,33,uncalibrated,4.76,0.19587769587769588,0.034459391195806044
21,20,KNN,ball_tree,33,uncalibrated,4.77,0.3903318903318903,0.026433162796799164
21,20,KNN,ball_tree,33,uncalibrated,4.78,0.5697601010101006,0.0258270863012898
21,20,KNN,ball_tree,33,uncalibrated,4.79,0.7565922920892495,0.017085722786527775
21,20,KNN,ball_tree,33,uncalibrated,4.81,0.9562225306500115,0.013127457783946417
21,20,KNN,ball_tree,33,uncalibrated,4.82,0.9884450566268529,0.0035318437374030013
21,20,KNN,ball_tree,33,uncalibrated,4.83,0.9906204906204906,0.005229428734940635
21,20,KNN,ball_tree,33,uncalibrated,4.84,0.9972981563890657,0.0018542063996609404
21,20,KNN,ball_tree,33,uncalibrated,4.85,0.999791013584136,0.00020898641588299195
21,20,KNN,ball_tree,33,uncalibrated,4.86,1.0,0.0
21,20,KNN,ball_tree,33,uncalibrated,4.87,1.0,0.0
21,20,KNN,ball_tree,33,uncalibrated,4.88,1.0,0.0
21,20,KNN,ball_tree,33,uncalibrated,4.9,1.0,0.0
21,20,KNN,ball_tree,33,uncalibrated,4.93,1.0,0.0
21,20,KNN,ball_tree,35,uncalibrated,4.67,0.0,0.0
21,20,KNN,ball_tree,35,uncalibrated,4.7,0.0,0.0
21,20,KNN,ball_tree,35,uncalibrated,4.72,0.0012605042016806906,0.001096814573794074
21,20,KNN,ball_tree,35,uncalibrated,4.73,0.012463556851311942,0.005493776964636922
21,20,KNN,ball_tree,35,uncalibrated,4.74,0.029081632653061226,0.007221385627742228
21,20,KNN,ball_tree,35,uncalibrated,4.75,0.07857142857142857,0.01421895861148198
21,20,KNN,ball_tree,35,uncalibrated,4.76,0.19498069498069484,0.034329477733391234
21,20,KNN,ball_tree,35,uncalibrated,4.77,0.387878787878788,0.026716141001855265
21,20,KNN,ball_tree,35,uncalibrated,4.78,0.5665476190476186,0.025340742889445177
21,20,KNN,ball_tree,35,uncalibrated,4.79,0.7522448979591837,0.01725361924487642
21,20,KNN,ball_tree,35,uncalibrated,4.81,0.9544165757906216,0.013086150490730586
21,20,KNN,ball_tree,35,uncalibrated,4.82,0.988023088023088,0.00353305396176804
21,20,KNN,ball_tree,35,uncalibrated,4.83,0.9903628117913839,0.00524491315474856
21,20,KNN,ball_tree,35,uncalibrated,4.84,0.996953046953047,0.001948051948052032
21,20,KNN,ball_tree,35,uncalibrated,4.85,0.9997372742200806,0.0002627257799671523
21,20,KNN,ball_tree,35,uncalibrated,4.86,1.0,0.0
21,20,KNN,ball_tree,35,uncalibrated,4.87,1.0,0.0
21,20,KNN,ball_tree,35,uncalibrated,4.88,1.0,0.0
21,20,KNN,ball_tree,35,uncalibrated,4.9,1.0,0.0
21,20,KNN,ball_tree,35,uncalibrated,4.93,1.0,0.0
21,20,KNN,ball_tree,37,uncalibrated,4.67,0.0,0.0
21,20,KNN,ball_tree,37,uncalibrated,4.7,0.0,0.0
21,20,KNN,ball_tree,37,uncalibrated,4.72,0.001271860095389489,0.0011165890977008189
21,20,KNN,ball_tree,37,uncalibrated,4.73,0.012479316050744623,0.0056248117288678545
21,20,KNN,ball_tree,37,uncalibrated,4.74,0.02880152880152858,0.00721224465633925
21,20,KNN,ball_tree,37,uncalibrated,4.75,0.077923718110634,0.01338721899469563
21,20,KNN,ball_tree,37,uncalibrated,4.76,0.19411979547114688,0.03484854646581323
21,20,KNN,ball_tree,37,uncalibrated,4.77,0.3858078858078857,0.027319527319527304
21,20,KNN,ball_tree,37,uncalibrated,4.78,0.5633445945945946,0.02492351864090638
21,20,KNN,ball_tree,37,uncalibrated,4.79,0.7487589630446763,0.017407560815960087
21,20,KNN,ball_tree,37,uncalibrated,4.81,0.9527027027027025,0.013358778625954137
21,20,KNN,ball_tree,37,uncalibrated,4.82,0.9874419874419876,0.003636322310476022
21,20,KNN,ball_tree,37,uncalibrated,4.83,0.9899721149721138,0.0052603417018751856
21,20,KNN,ball_tree,37,uncalibrated,4.84,0.9968342468342467,0.0020317520317519877
21,20,KNN,ball_tree,37,uncalibrated,4.85,0.9996893445168831,0.00031065548306925003
21,20,KNN,ball_tree,37,uncalibrated,4.86,1.0,0.0
21,20,KNN,ball_tree,37,uncalibrated,4.87,1.0,0.0
21,20,KNN,ball_tree,37,uncalibrated,4.88,1.0,0.0
21,20,KNN,ball_tree,37,uncalibrated,4.9,1.0,0.0
21,20,KNN,ball_tree,37,uncalibrated,4.93,1.0,0.0
21,20,KNN,ball_tree,39,uncalibrated,4.67,0.0,0.0
21,20,KNN,ball_tree,39,uncalibrated,4.7,0.0,0.0
21,20,KNN,ball_tree,39,uncalibrated,4.72,0.0012066365007541479,0.0010593281183315462
21,20,KNN,ball_tree,39,uncalibrated,4.73,0.012689691261119834,0.0056501183801658875
21,20,KNN,ball_tree,39,uncalibrated,4.74,0.028490028490028487,0.007091358982923805
21,20,KNN,ball_tree,39,uncalibrated,4.75,0.07764198418404021,0.01300856532448646
21,20,KNN,ball_tree,39,uncalibrated,4.76,0.1924809424809424,0.03526013472557158
21,20,KNN,ball_tree,39,uncalibrated,4.77,0.3828948828948829,0.027250527250527234
21,20,KNN,ball_tree,39,uncalibrated,4.78,0.5600961538461534,0.02484326630046473
21,20,KNN,ball_tree,39,uncalibrated,4.79,0.7467294610151753,0.017153007495266527
21,20,KNN,ball_tree,39,uncalibrated,4.81,0.9517028772753966,0.01326091211587388
21,20,KNN,ball_tree,39,uncalibrated,4.82,0.9863377363377474,0.0037392697601617148
21,20,KNN,ball_tree,39,uncalibrated,4.83,0.9897741147741141,0.005337808786150202
21,20,KNN,ball_tree,39,uncalibrated,4.84,0.9967724583109199,0.0021516944593867326
21,20,KNN,ball_tree,39,uncalibrated,4.85,0.9997052755673255,0.00029472443265545075
21,20,KNN,ball_tree,39,uncalibrated,4.86,1.0,0.0
21,20,KNN,ball_tree,39,uncalibrated,4.87,1.0,0.0
21,20,KNN,ball_tree,39,uncalibrated,4.88,1.0,0.0
21,20,KNN,ball_tree,39,uncalibrated,4.9,1.0,0.0
21,20,KNN,ball_tree,39,uncalibrated,4.93,1.0,0.0
21,20,KNN,ball_tree,41,uncalibrated,4.67,0.0,0.0
21,20,KNN,ball_tree,41,uncalibrated,4.7,0.0,0.0
21,20,KNN,ball_tree,41,uncalibrated,4.72,0.0011477761836441531,0.0010076535759739097
21,20,KNN,ball_tree,41,uncalibrated,4.73,0.012630662020905913,0.005575204540654003
21,20,KNN,ball_tree,41,uncalibrated,4.74,0.02851687607785146,0.007122711794342495
21,20,KNN,ball_tree,41,uncalibrated,4.75,0.07750170959653523,0.012891562044383614
21,20,KNN,ball_tree,41,uncalibrated,4.76,0.19160624038672824,0.03544522713368939
21,20,KNN,ball_tree,41,uncalibrated,4.77,0.3801604899165876,0.028138528138528157
21,20,KNN,ball_tree,41,uncalibrated,4.78,0.5573678861788613,0.024970703387412
21,20,KNN,ball_tree,41,uncalibrated,4.79,0.7436535589845694,0.017546935144156964
21,20,KNN,ball_tree,41,uncalibrated,4.81,0.9506609569912493,0.013219139824986015
21,20,KNN,ball_tree,41,uncalibrated,4.82,0.985710766198582,0.0038432583834009794
21,20,KNN,ball_tree,41,uncalibrated,4.83,0.9894986449864505,0.00537671580314601
21,20,KNN,ball_tree,41,uncalibrated,4.84,0.996332935357326,0.0021320143271362224
21,20,KNN,ball_tree,41,uncalibrated,4.85,0.9996075133165315,0.00039248668348758364
21,20,KNN,ball_tree,41,uncalibrated,4.86,0.999948652118121,5.134788189986233e-05
21,20,KNN,ball_tree,41,uncalibrated,4.87,1.0,0.0
21,20,KNN,ball_tree,41,uncalibrated,4.88,1.0,0.0
21,20,KNN,ball_tree,41,uncalibrated,4.9,1.0,0.0
21,20,KNN,ball_tree,41,uncalibrated,4.93,1.0,0.0
21,20,KNN,ball_tree,43,uncalibrated,4.67,0.0,0.0
21,20,KNN,ball_tree,43,uncalibrated,4.7,0.0,0.0
21,20,KNN,ball_tree,43,uncalibrated,4.72,0.001162790697674455,0.0010288648891218653
21,20,KNN,ball_tree,43,uncalibrated,4.73,0.012636449928808722,0.005575176437269758
21,20,KNN,ball_tree,43,uncalibrated,4.74,0.028423772609819126,0.007036984434670048
21,20,KNN,ball_tree,43,uncalibrated,4.75,0.0773744838078679,0.013338799747106365
21,20,KNN,ball_tree,43,uncalibrated,4.76,0.1899748585795098,0.03529093038813879
21,20,KNN,ball_tree,43,uncalibrated,4.77,0.3781838316722037,0.027635155542132306
21,20,KNN,ball_tree,43,uncalibrated,4.78,0.5545542635658914,0.0248563038723979
21,20,KNN,ball_tree,43,uncalibrated,4.79,0.7405790223065971,0.017377583791794014
21,20,KNN,ball_tree,43,uncalibrated,4.81,0.9490502396591514,0.013136872004260558
21,20,KNN,ball_tree,43,uncalibrated,4.82,0.9850833920601253,0.003925239487685838
21,20,KNN,ball_tree,43,uncalibrated,4.83,0.9888335179032849,0.005633920313620289
21,20,KNN,ball_tree,43,uncalibrated,4.84,0.9962595543990894,0.0021954789396649854
21,20,KNN,ball_tree,43,uncalibrated,4.85,0.999625768511103,0.0003742314889066584
21,20,KNN,ball_tree,43,uncalibrated,4.86,0.9999020807833224,6.887006297490373e-05
21,20,KNN,ball_tree,43,uncalibrated,4.87,1.0,0.0
21,20,KNN,ball_tree,43,uncalibrated,4.88,1.0,0.0
21,20,KNN,ball_tree,43,uncalibrated,4.9,0.9999554486322348,4.455136772702759e-05
21,20,KNN,ball_tree,43,uncalibrated,4.93,1.0,0.0
21,20,KNN,ball_tree,45,uncalibrated,4.67,0.0,0.0
21,20,KNN,ball_tree,45,uncalibrated,4.7,0.0,0.0
21,20,KNN,ball_tree,45,uncalibrated,4.72,0.0011764705882353122,0.0010482288586351506
21,20,KNN,ball_tree,45,uncalibrated,4.73,0.01292517006802722,0.00560049389352765
21,20,KNN,ball_tree,45,uncalibrated,4.74,0.028395061728395066,0.006999168058784022
21,20,KNN,ball_tree,45,uncalibrated,4.75,0.07715472481827622,0.013469493012536696
21,20,KNN,ball_tree,45,uncalibrated,4.76,0.18958958958958957,0.03575973627865141
21,20,KNN,ball_tree,45,uncalibrated,4.77,0.37662337662337664,0.027801827801827772
21,20,KNN,ball_tree,45,uncalibrated,4.78,0.5518518518518523,0.024808364741231433
21,20,KNN,ball_tree,45,uncalibrated,4.79,0.7378231292517006,0.017523185890823113
21,20,KNN,ball_tree,45,uncalibrated,4.81,0.9481340118744701,0.013358778625954248
21,20,KNN,ball_tree,45,uncalibrated,4.82,0.9846240179573514,0.003914846863094301
21,20,KNN,ball_tree,45,uncalibrated,4.83,0.9883156966490301,0.005796576080393504
21,20,KNN,ball_tree,45,uncalibrated,4.84,0.9962703962703963,0.002253302253302225
21,20,KNN,ball_tree,45,uncalibrated,4.85,0.9996424010217686,0.0003575989782886971
21,20,KNN,ball_tree,45,uncalibrated,4.86,0.9999064327485797,6.58091712871062e-05
21,20,KNN,ball_tree,45,uncalibrated,4.87,1.0,0.0
21,20,KNN,ball_tree,45,uncalibrated,4.88,1.0,0.0
21,20,KNN,ball_tree,45,uncalibrated,4.9,0.9999574286930608,4.2571306939164565e-05
21,20,KNN,ball_tree,45,uncalibrated,4.93,1.0,0.0
21,20,KNN,ball_tree,47,uncalibrated,4.67,0.0,0.0
21,20,KNN,ball_tree,47,uncalibrated,4.7,0.0,0.0
21,20,KNN,ball_tree,47,uncalibrated,4.72,0.0011889862327909705,0.0010047375842086102
21,20,KNN,ball_tree,47,uncalibrated,4.73,0.01318931828050368,0.005587459298583765
21,20,KNN,ball_tree,47,uncalibrated,4.74,0.02858370943477372,0.006935006316111893
21,20,KNN,ball_tree,47,uncalibrated,4.75,0.07740107377212169,0.013540173491309813
21,20,KNN,ball_tree,47,uncalibrated,4.76,0.18832662449683732,0.03581644402825897
21,20,KNN,ball_tree,47,uncalibrated,4.77,0.3744588744588744,0.027585889288016946
21,20,KNN,ball_tree,47,uncalibrated,4.78,0.5495124113475177,0.024661794356016377
21,20,KNN,ball_tree,47,uncalibrated,4.79,0.7350412505427693,0.017393936337722946
21,20,KNN,ball_tree,47,uncalibrated,4.81,0.9470521357804126,0.013399382816306704
21,20,KNN,ball_tree,47,uncalibrated,4.82,0.9838276380829464,0.004026638107612912
21,20,KNN,ball_tree,47,uncalibrated,4.83,0.9878419452887538,0.005868162608915828
21,20,KNN,ball_tree,47,uncalibrated,4.84,0.9960571343550066,0.0023805981252789654
21,20,KNN,ball_tree,47,uncalibrated,4.85,0.9996087062851362,0.00034529456524855673
21,20,KNN,ball_tree,47,uncalibrated,4.86,0.99986562150056,9.973269710792815e-05
21,20,KNN,ball_tree,47,uncalibrated,4.87,0.9999084877602176,9.151223976203729e-05
21,20,KNN,ball_tree,47,uncalibrated,4.88,1.0,0.0
21,20,KNN,ball_tree,47,uncalibrated,4.9,0.999959240238018,4.07597619629972e-05
21,20,KNN,ball_tree,47,uncalibrated,4.93,1.0,0.0
21,20,KNN,ball_tree,49,uncalibrated,4.67,0.0,0.0
21,20,KNN,ball_tree,49,uncalibrated,4.7,0.0,0.0
21,20,KNN,ball_tree,49,uncalibrated,4.72,0.0012605042016806721,0.0010243517033223482
21,20,KNN,ball_tree,49,uncalibrated,4.73,0.013483965014577272,0.005493592773499303
21,20,KNN,ball_tree,49,uncalibrated,4.74,0.02855081426510021,0.006944698735364969
21,20,KNN,ball_tree,49,uncalibrated,4.75,0.07729353423612434,0.013300261604073525
21,20,KNN,ball_tree,49,uncalibrated,4.76,0.1879021879021879,0.03550910476648618
21,20,KNN,ball_tree,49,uncalibrated,4.77,0.37357540418764906,0.02778514003003807
21,20,KNN,ball_tree,49,uncalibrated,4.78,0.5468537414965983,0.024435654832890452
21,20,KNN,ball_tree,49,uncalibrated,4.79,0.733402748854645,0.01728013764262705
21,20,KNN,ball_tree,49,uncalibrated,4.81,0.9464090979903413,0.013241937996572695
21,20,KNN,ball_tree,49,uncalibrated,4.82,0.9827355184497933,0.004182964549299882
21,20,KNN,ball_tree,49,uncalibrated,4.83,0.9874473598963388,0.006048429656572197
21,20,KNN,ball_tree,49,uncalibrated,4.84,0.9959683173968891,0.0023904666761809246
21,20,KNN,ball_tree,49,uncalibrated,4.85,0.9994370161857846,0.0004281966112698943
21,20,KNN,ball_tree,49,uncalibrated,4.86,0.9998711063372301,9.566197477697499e-05
21,20,KNN,ball_tree,49,uncalibrated,4.87,0.9999122229536772,8.777704630233092e-05
21,20,KNN,ball_tree,49,uncalibrated,4.88,1.0,0.0
21,20,KNN,ball_tree,49,uncalibrated,4.9,0.9999609039017906,3.909609820938981e-05
21,20,KNN,ball_tree,49,uncalibrated,4.93,1.0,0.0
21,20,KNN,ball_tree,51,uncalibrated,4.67,0.0,0.0
21,20,KNN,ball_tree,51,uncalibrated,4.7,0.0,0.0
21,20,KNN,ball_tree,51,uncalibrated,4.72,0.0012110726643598797,0.0009841810482900993
21,20,KNN,ball_tree,51,uncalibrated,4.73,0.013455382152861156,0.005611537499728471
21,20,KNN,ball_tree,51,uncalibrated,4.74,0.028421469597940185,0.006941200921986411
21,20,KNN,ball_tree,51,uncalibrated,4.75,0.07714861645592817,0.013256061110605299
21,20,KNN,ball_tree,51,uncalibrated,4.76,0.1872460695990107,0.03595747660277812
21,20,KNN,ball_tree,51,uncalibrated,4.77,0.37182751888634236,0.027204821322468403
21,20,KNN,ball_tree,51,uncalibrated,4.78,0.5444035947712418,0.024429914736088652
21,20,KNN,ball_tree,51,uncalibrated,4.79,0.7310124049619859,0.017392498885462345
21,20,KNN,ball_tree,51,uncalibrated,4.81,0.9449184253854215,0.01406975003741956
21,20,KNN,ball_tree,51,uncalibrated,4.82,0.9819271142800882,0.004298213942872695
21,20,KNN,ball_tree,51,uncalibrated,4.83,0.9872393401805161,0.006065102791753836
21,20,KNN,ball_tree,51,uncalibrated,4.84,0.9959207459207462,0.002502399561223112
21,20,KNN,ball_tree,51,uncalibrated,4.85,0.9994140184809078,0.00041812602638866876
21,20,KNN,ball_tree,51,uncalibrated,4.86,0.9998761609907644,9.191052478576362e-05
21,20,KNN,ball_tree,51,uncalibrated,4.87,0.9999156651908075,8.433480919247004e-05
21,20,KNN,ball_tree,51,uncalibrated,4.88,1.0,0.0
21,20,KNN,ball_tree,51,uncalibrated,4.9,0.9999624370821221,3.756291788740779e-05
21,20,KNN,ball_tree,51,uncalibrated,4.93,1.0,0.0
21,20,KNN,ball_tree,61,uncalibrated,4.67,0.0,0.0
21,20,KNN,ball_tree,61,uncalibrated,4.7,0.0,0.0
21,20,KNN,ball_tree,61,uncalibrated,4.72,0.0013018322082931533,0.0010653082948452691
21,20,KNN,ball_tree,61,uncalibrated,4.73,0.013842422214787544,0.0055129492481642015
21,20,KNN,ball_tree,61,uncalibrated,4.74,0.027198211624441134,0.006660127501294717
21,20,KNN,ball_tree,61,uncalibrated,4.75,0.07629845258158419,0.012882379659615691
21,20,KNN,ball_tree,61,uncalibrated,4.76,0.1826539654408507,0.035665151672369895
21,20,KNN,ball_tree,61,uncalibrated,4.77,0.3630331417216663,0.027570789865871803
21,20,KNN,ball_tree,61,uncalibrated,4.78,0.5336065573770488,0.024620819284777537
21,20,KNN,ball_tree,61,uncalibrated,4.79,0.7193375710940124,0.017215053691527996
21,20,KNN,ball_tree,61,uncalibrated,4.81,0.9390251532974598,0.014923038418220458
21,20,KNN,ball_tree,61,uncalibrated,4.82,0.9788872329855935,0.004653568385496566
21,20,KNN,ball_tree,61,uncalibrated,4.83,0.985460577673693,0.006328072162961798
21,20,KNN,ball_tree,61,uncalibrated,4.84,0.9948985440788716,0.002751347013642047
21,20,KNN,ball_tree,61,uncalibrated,4.85,0.9991709063500654,0.0005778880786685663
21,20,KNN,ball_tree,61,uncalibrated,4.86,0.9997667599626816,0.0001514295121671664
21,20,KNN,ball_tree,61,uncalibrated,4.87,0.999929490569333,7.050943063637061e-05
21,20,KNN,ball_tree,61,uncalibrated,4.88,1.0,0.0
21,20,KNN,ball_tree,61,uncalibrated,4.9,0.9999685949374943,3.140506249614461e-05
21,20,KNN,ball_tree,61,uncalibrated,4.93,1.0,0.0
21,20,KNN,ball_tree,81,uncalibrated,4.67,0.0,0.0
21,20,KNN,ball_tree,81,uncalibrated,4.7,0.0,0.0
21,20,KNN,ball_tree,81,uncalibrated,4.72,0.0014161220043573167,0.00103512378374366
21,20,KNN,ball_tree,81,uncalibrated,4.73,0.014077853363567662,0.0054566919341808295
21,20,KNN,ball_tree,81,uncalibrated,4.74,0.026717795236313756,0.006466195981961002
21,20,KNN,ball_tree,81,uncalibrated,4.75,0.07635283258336217,0.012956648977620154
21,20,KNN,ball_tree,81,uncalibrated,4.76,0.17620398175953716,0.03529656785926934
21,20,KNN,ball_tree,81,uncalibrated,4.77,0.3497675164341832,0.02771097215541657
21,20,KNN,ball_tree,81,uncalibrated,4.78,0.5152777777777777,0.02503862097818035
21,20,KNN,ball_tree,81,uncalibrated,4.79,0.6990677752582504,0.017456647057425105
21,20,KNN,ball_tree,81,uncalibrated,4.81,0.9275044764866649,0.016657242484214463
21,20,KNN,ball_tree,81,uncalibrated,4.82,0.972253398179335,0.005229501181809428
21,20,KNN,ball_tree,81,uncalibrated,4.83,0.9823388203017839,0.006778110794217294
21,20,KNN,ball_tree,81,uncalibrated,4.84,0.9933739100405768,0.002870586203919445
21,20,KNN,ball_tree,81,uncalibrated,4.85,0.9988931460196019,0.0006654919209004591
21,20,KNN,ball_tree,81,uncalibrated,4.86,0.9996236073471395,0.00024770137667651915
21,20,KNN,ball_tree,81,uncalibrated,4.87,0.9997079516792983,0.0002665353557244056
21,20,KNN,ball_tree,81,uncalibrated,4.88,0.9999506172839506,3.474204793502021e-05
21,20,KNN,ball_tree,81,uncalibrated,4.9,0.9999763492739417,2.3650726077277077e-05
21,20,KNN,ball_tree,81,uncalibrated,4.93,1.0,0.0
21,20,KNN,ball_tree,101,uncalibrated,4.67,0.0,0.0
21,20,KNN,ball_tree,101,uncalibrated,4.7,0.0,0.0
21,20,KNN,ball_tree,101,uncalibrated,4.72,0.001339545719277792,0.0009729222359986068
21,20,KNN,ball_tree,101,uncalibrated,4.73,0.014321074964639333,0.005573548329833247
21,20,KNN,ball_tree,101,uncalibrated,4.74,0.026777677767776325,0.006409784837065752
21,20,KNN,ball_tree,101,uncalibrated,4.75,0.07478948829462385,0.012534747636569022
21,20,KNN,ball_tree,101,uncalibrated,4.76,0.1716171617161716,0.03450277374153828
21,20,KNN,ball_tree,101,uncalibrated,4.77,0.33869101195833884,0.028074235995028035
21,20,KNN,ball_tree,101,uncalibrated,4.78,0.5004537953795384,0.024727951272550057
21,20,KNN,ball_tree,101,uncalibrated,4.79,0.6824004849464538,0.01767853172577991
21,20,KNN,ball_tree,101,uncalibrated,4.81,0.9184868868566245,0.01749678784672365
21,20,KNN,ball_tree,101,uncalibrated,4.82,0.9655965596559437,0.005836648744381821
21,20,KNN,ball_tree,101,uncalibrated,4.83,0.9784103410341034,0.0069677997357894825
21,20,KNN,ball_tree,101,uncalibrated,4.84,0.9913972166447416,0.003617669459253625
21,20,KNN,ball_tree,101,uncalibrated,4.85,0.998429498122245,0.0007931225650888223
21,20,KNN,ball_tree,101,uncalibrated,4.86,0.9992554133462036,0.0003969317955635662
21,20,KNN,ball_tree,101,uncalibrated,4.87,0.9995315660598522,0.00038818280849199475
21,20,KNN,ball_tree,101,uncalibrated,4.88,0.9999603960395819,2.7862434482596086e-05
21,20,KNN,ball_tree,101,uncalibrated,4.9,0.9999810325859981,1.8967413982816746e-05
21,20,KNN,ball_tree,101,uncalibrated,4.93,1.0,0.0
21,20,KNN,ball_tree,151,uncalibrated,4.67,0.0,0.0
21,20,KNN,ball_tree,151,uncalibrated,4.7,0.0,0.0
21,20,KNN,ball_tree,151,uncalibrated,4.72,0.0014608492403584133,0.0010068937518713122
21,20,KNN,ball_tree,151,uncalibrated,4.73,0.014849979726990124,0.005475667659065544
21,20,KNN,ball_tree,151,uncalibrated,4.74,0.026389725065221983,0.00608542668911525
21,20,KNN,ball_tree,151,uncalibrated,4.75,0.07287862845825344,0.011696201492611934
21,20,KNN,ball_tree,151,uncalibrated,4.76,0.16305709683193118,0.03391244494188321
21,20,KNN,ball_tree,151,uncalibrated,4.77,0.31699205871391306,0.027579484533126974
21,20,KNN,ball_tree,151,uncalibrated,4.78,0.47150938189845476,0.023524712496693072
21,20,KNN,ball_tree,151,uncalibrated,4.79,0.6489795918367347,0.01782847917327019
21,20,KNN,ball_tree,151,uncalibrated,4.81,0.8944062484202014,0.019450482786512402
21,20,KNN,ball_tree,151,uncalibrated,4.82,0.9514900662251643,0.007109426987183939
21,20,KNN,ball_tree,151,uncalibrated,4.83,0.9697256385998102,0.007950053982726118
21,20,KNN,ball_tree,151,uncalibrated,4.84,0.986905478627333,0.0047121752419765905
21,20,KNN,ball_tree,151,uncalibrated,4.85,0.9971379434262536,0.001090515704851556
21,20,KNN,ball_tree,151,uncalibrated,4.86,0.9985193560544877,0.0007076827471168042
21,20,KNN,ball_tree,151,uncalibrated,4.87,0.999173965676819,0.0006205053933516201
21,20,KNN,ball_tree,151,uncalibrated,4.88,0.9999556280297736,2.934929960034158e-05
21,20,KNN,ball_tree,151,uncalibrated,4.9,0.9999873131866833,1.2686813326161149e-05
21,20,KNN,ball_tree,151,uncalibrated,4.93,1.0,0.0
21,20,KNN,ball_tree,201,uncalibrated,4.67,0.0,0.0
21,20,KNN,ball_tree,201,uncalibrated,4.7,0.0,0.0
21,20,KNN,ball_tree,201,uncalibrated,4.72,0.0015657009072286177,0.0010383610266723946
21,20,KNN,ball_tree,201,uncalibrated,4.73,0.015306122448979591,0.005358188966202308
21,20,KNN,ball_tree,201,uncalibrated,4.74,0.02598120508568292,0.005907663625300516
21,20,KNN,ball_tree,201,uncalibrated,4.75,0.07132561491607388,0.011162757152042473
21,20,KNN,ball_tree,201,uncalibrated,4.76,0.15602169333512617,0.03259714975411396
21,20,KNN,ball_tree,201,uncalibrated,4.77,0.3008550321983158,0.027115504727445033
21,20,KNN,ball_tree,201,uncalibrated,4.78,0.45051824212271996,0.02242045199288072
21,20,KNN,ball_tree,201,uncalibrated,4.79,0.6223437468527786,0.017807702851904587
21,20,KNN,ball_tree,201,uncalibrated,4.81,0.8743781094527363,0.01983403592723404
21,20,KNN,ball_tree,201,uncalibrated,4.82,0.9385318306427047,0.007779968414847782
21,20,KNN,ball_tree,201,uncalibrated,4.83,0.9608998657506115,0.008526966722480168
21,20,KNN,ball_tree,201,uncalibrated,4.84,0.9813780746616567,0.005923181296315694
21,20,KNN,ball_tree,201,uncalibrated,4.85,0.9951695013305561,0.0014807174047952935
21,20,KNN,ball_tree,201,uncalibrated,4.86,0.9975124378109426,0.001081784875332676
21,20,KNN,ball_tree,201,uncalibrated,4.87,0.9986946985502391,0.0007604922760613815
21,20,KNN,ball_tree,201,uncalibrated,4.88,0.9999104477612051,4.493497458750385e-05
21,20,KNN,ball_tree,201,uncalibrated,4.9,0.9999523455519148,4.765444806608979e-05
21,20,KNN,ball_tree,201,uncalibrated,4.93,1.0,0.0
21,20,KNN,brute,1,uncalibrated,4.67,0.0,0.0
21,20,KNN,brute,1,uncalibrated,4.7,0.0,0.0
21,20,KNN,brute,1,uncalibrated,4.72,0.0,0.0
21,20,KNN,brute,1,uncalibrated,4.73,0.012345679012345678,0.006055992861218699
21,20,KNN,brute,1,uncalibrated,4.74,0.03170731707317073,0.01063146083790408
21,20,KNN,brute,1,uncalibrated,4.75,0.10465116279070122,0.01677948854888626
21,20,KNN,brute,1,uncalibrated,4.76,0.22696629213483158,0.03415434641251835
21,20,KNN,brute,1,uncalibrated,4.77,0.45747126436781765,0.027824640084851048
21,20,KNN,brute,1,uncalibrated,4.78,0.6505263157894737,0.024286684183399625
21,20,KNN,brute,1,uncalibrated,4.79,0.8568548387096766,0.021213882290691616
21,20,KNN,brute,1,uncalibrated,4.81,0.9866412213740456,0.013358778625954193
21,20,KNN,brute,1,uncalibrated,4.82,0.9959016393442623,0.0040983606557377095
21,20,KNN,brute,1,uncalibrated,4.83,0.9957446808510587,0.004255319148936143
21,20,KNN,brute,1,uncalibrated,4.84,1.0,0.0
21,20,KNN,brute,1,uncalibrated,4.85,1.0,0.0
21,20,KNN,brute,1,uncalibrated,4.86,1.0,0.0
21,20,KNN,brute,1,uncalibrated,4.87,1.0,0.0
21,20,KNN,brute,1,uncalibrated,4.88,1.0,0.0
21,20,KNN,brute,1,uncalibrated,4.9,1.0,0.0
21,20,KNN,brute,1,uncalibrated,4.93,1.0,0.0
21,20,KNN,brute,3,uncalibrated,4.67,0.0,0.0
21,20,KNN,brute,3,uncalibrated,4.7,0.0,0.0
21,20,KNN,brute,3,uncalibrated,4.72,0.000980392156862745,0.000980392156862745
21,20,KNN,brute,3,uncalibrated,4.73,0.011904761904761904,0.006523674238142638
21,20,KNN,brute,3,uncalibrated,4.74,0.03143093465674111,0.010292145825712754
21,20,KNN,brute,3,uncalibrated,4.75,0.08722741433021808,0.017133956386292844
21,20,KNN,brute,3,uncalibrated,4.76,0.21647940074906366,0.03508225925796702
21,20,KNN,brute,3,uncalibrated,4.77,0.44227994227994216,0.023809523809523808
21,20,KNN,brute,3,uncalibrated,4.78,0.636432350718065,0.021672503574170013
21,20,KNN,brute,3,uncalibrated,4.79,0.8444895199459111,0.016466638104066973
21,20,KNN,brute,3,uncalibrated,4.81,0.9834605597964374,0.012722646310432573
21,20,KNN,brute,3,uncalibrated,4.82,0.9959016393442623,0.0032520165885896748
21,20,KNN,brute,3,uncalibrated,4.83,0.9971631205673708,0.002836879432624061
21,20,KNN,brute,3,uncalibrated,4.84,0.9993055555555556,0.0006944444444444443
21,20,KNN,brute,3,uncalibrated,4.85,1.0,0.0
21,20,KNN,brute,3,uncalibrated,4.86,1.0,0.0
21,20,KNN,brute,3,uncalibrated,4.87,1.0,0.0
21,20,KNN,brute,3,uncalibrated,4.88,1.0,0.0
21,20,KNN,brute,3,uncalibrated,4.9,1.0,0.0
21,20,KNN,brute,3,uncalibrated,4.93,1.0,0.0
21,20,KNN,brute,5,uncalibrated,4.67,0.0,0.0
21,20,KNN,brute,5,uncalibrated,4.7,0.0,0.0
21,20,KNN,brute,5,uncalibrated,4.72,0.0011764705882353307,0.0011764705882352942
21,20,KNN,brute,5,uncalibrated,4.73,0.010714285714285714,0.005871306814328376
21,20,KNN,brute,5,uncalibrated,4.74,0.03112244897959167,0.008794548048948057
21,20,KNN,brute,5,uncalibrated,4.75,0.08878504672897196,0.017757009345794397
21,20,KNN,brute,5,uncalibrated,4.76,0.21752808988764044,0.03218586346274665
21,20,KNN,brute,5,uncalibrated,4.77,0.4445887445887444,0.027272727272727254
21,20,KNN,brute,5,uncalibrated,4.78,0.6344671201814005,0.020858185977412493
21,20,KNN,brute,5,uncalibrated,4.79,0.8292089249492901,0.015449813063785699
21,20,KNN,brute,5,uncalibrated,4.81,0.9801526717557252,0.01221374045801521
21,20,KNN,brute,5,uncalibrated,4.82,0.9950819672131144,0.0033462974628184713
21,20,KNN,brute,5,uncalibrated,4.83,0.9962184873949617,0.0030342859642221846
21,20,KNN,brute,5,uncalibrated,4.84,0.9991666666666879,0.0008333333333333052
21,20,KNN,brute,5,uncalibrated,4.85,1.0,0.0
21,20,KNN,brute,5,uncalibrated,4.86,1.0,0.0
21,20,KNN,brute,5,uncalibrated,4.87,1.0,0.0
21,20,KNN,brute,5,uncalibrated,4.88,1.0,0.0
21,20,KNN,brute,5,uncalibrated,4.9,1.0,0.0
21,20,KNN,brute,5,uncalibrated,4.93,1.0,0.0
21,20,KNN,brute,7,uncalibrated,4.67,0.0,0.0
21,20,KNN,brute,7,uncalibrated,4.7,0.0,0.0
21,20,KNN,brute,7,uncalibrated,4.72,0.0012605042016806721,0.0012605042016806721
21,20,KNN,brute,7,uncalibrated,4.73,0.009475218658892127,0.0055303089233192425
21,20,KNN,brute,7,uncalibrated,4.74,0.03174603174603223,0.008711099506336176
21,20,KNN,brute,7,uncalibrated,4.75,0.08878504672897196,0.01668891855807743
21,20,KNN,brute,7,uncalibrated,4.76,0.21155698234349907,0.03185862248084985
21,20,KNN,brute,7,uncalibrated,4.77,0.44310451453308597,0.02566481137909704
21,20,KNN,brute,7,uncalibrated,4.78,0.6306547619047619,0.022699184482938475
21,20,KNN,brute,7,uncalibrated,4.79,0.8200521587945542,0.016801725893160434
21,20,KNN,brute,7,uncalibrated,4.81,0.976826608505998,0.013358778625954193
21,20,KNN,brute,7,uncalibrated,4.82,0.9947414548641543,0.0031599923536057427
21,20,KNN,brute,7,uncalibrated,4.83,0.9957446808510638,0.003363229543139718
21,20,KNN,brute,7,uncalibrated,4.84,0.9988095238094922,0.0011904761904761815
21,20,KNN,brute,7,uncalibrated,4.85,1.0,0.0
21,20,KNN,brute,7,uncalibrated,4.86,1.0,0.0
21,20,KNN,brute,7,uncalibrated,4.87,1.0,0.0
21,20,KNN,brute,7,uncalibrated,4.88,1.0,0.0
21,20,KNN,brute,7,uncalibrated,4.9,1.0,0.0
21,20,KNN,brute,7,uncalibrated,4.93,1.0,0.0
21,20,KNN,brute,9,uncalibrated,4.67,0.0,0.0
21,20,KNN,brute,9,uncalibrated,4.7,0.0,0.0
21,20,KNN,brute,9,uncalibrated,4.72,0.00130718954248366,0.00130718954248366
21,20,KNN,brute,9,uncalibrated,4.73,0.01020408163265306,0.005668934240362811
21,20,KNN,brute,9,uncalibrated,4.74,0.030022446689113125,0.00807416547129436
21,20,KNN,brute,9,uncalibrated,4.75,0.08722741433021805,0.015576323987538936
21,20,KNN,brute,9,uncalibrated,4.76,0.21321321321321313,0.0311025927404627
21,20,KNN,brute,9,uncalibrated,4.77,0.43362193362193363,0.0286195286195286
21,20,KNN,brute,9,uncalibrated,4.78,0.6236111111111116,0.022444553945868265
21,20,KNN,brute,9,uncalibrated,4.79,0.8133874239350912,0.017181062657695746
21,20,KNN,brute,9,uncalibrated,4.81,0.9751908396946567,0.01420695504664965
21,20,KNN,brute,9,uncalibrated,4.82,0.9947632058287796,0.002864994852485961
21,20,KNN,brute,9,uncalibrated,4.83,0.9955908289241627,0.003673133262726329
21,20,KNN,brute,9,uncalibrated,4.84,0.9986402486402486,0.00135975135975136
21,20,KNN,brute,9,uncalibrated,4.85,1.0,0.0
21,20,KNN,brute,9,uncalibrated,4.86,1.0,0.0
21,20,KNN,brute,9,uncalibrated,4.87,1.0,0.0
21,20,KNN,brute,9,uncalibrated,4.88,1.0,0.0
21,20,KNN,brute,9,uncalibrated,4.9,1.0,0.0
21,20,KNN,brute,9,uncalibrated,4.93,1.0,0.0
21,20,KNN,brute,11,uncalibrated,4.67,0.0,0.0
21,20,KNN,brute,11,uncalibrated,4.7,0.0,0.0
21,20,KNN,brute,11,uncalibrated,4.72,0.001069518716577511,0.0010695187165775401
21,20,KNN,brute,11,uncalibrated,4.73,0.01020408163265306,0.005409046284643134
21,20,KNN,brute,11,uncalibrated,4.74,0.029843893480256893,0.007755304691209183
21,20,KNN,brute,11,uncalibrated,4.75,0.08411214953271029,0.01359388275276125
21,20,KNN,brute,11,uncalibrated,4.76,0.2108927108927109,0.03173231858163815
21,20,KNN,brute,11,uncalibrated,4.77,0.4291617473435656,0.030893349075167248
21,20,KNN,brute,11,uncalibrated,4.78,0.6195075757575761,0.022920840257734932
21,20,KNN,brute,11,uncalibrated,4.79,0.8043518347777964,0.016594443348852798
21,20,KNN,brute,11,uncalibrated,4.81,0.9736294240111032,0.013532269257460094
21,20,KNN,brute,11,uncalibrated,4.82,0.9944113263785391,0.0029415596826445067
21,20,KNN,brute,11,uncalibrated,4.83,0.9949709864603379,0.003506299281324462
21,20,KNN,brute,11,uncalibrated,4.84,0.9982517482517482,0.0017482517482517723
21,20,KNN,brute,11,uncalibrated,4.85,1.0,0.0
21,20,KNN,brute,11,uncalibrated,4.86,1.0,0.0
21,20,KNN,brute,11,uncalibrated,4.87,1.0,0.0
21,20,KNN,brute,11,uncalibrated,4.88,1.0,0.0
21,20,KNN,brute,11,uncalibrated,4.9,1.0,0.0
21,20,KNN,brute,11,uncalibrated,4.93,1.0,0.0
21,20,KNN,brute,13,uncalibrated,4.67,0.0,0.0
21,20,KNN,brute,13,uncalibrated,4.7,0.0,0.0
21,20,KNN,brute,13,uncalibrated,4.72,0.0014397367338543812,0.0014397367338543812
21,20,KNN,brute,13,uncalibrated,4.73,0.010007849293563582,0.005298273155416013
21,20,KNN,brute,13,uncalibrated,4.74,0.029914529914529916,0.007772248795224781
21,20,KNN,brute,13,uncalibrated,4.75,0.08303378864126526,0.014378145219266718
21,20,KNN,brute,13,uncalibrated,4.76,0.2084199584199585,0.031984722333192196
21,20,KNN,brute,13,uncalibrated,4.77,0.42474192474192474,0.027139527139527164
21,20,KNN,brute,13,uncalibrated,4.78,0.6157051282051282,0.024146480948311257
21,20,KNN,brute,13,uncalibrated,4.79,0.8007489467935716,0.016749594096340668
21,20,KNN,brute,13,uncalibrated,4.81,0.9715208455666471,0.01262477980035237
21,20,KNN,brute,13,uncalibrated,4.82,0.9941677175283732,0.0030059972131962496
21,20,KNN,brute,13,uncalibrated,4.83,0.99496336996337,0.003676334107705073
21,20,KNN,brute,13,uncalibrated,4.84,0.9982517482517482,0.0017482517482517723
21,20,KNN,brute,13,uncalibrated,4.85,1.0,0.0
21,20,KNN,brute,13,uncalibrated,4.86,1.0,0.0
21,20,KNN,brute,13,uncalibrated,4.87,1.0,0.0
21,20,KNN,brute,13,uncalibrated,4.88,1.0,0.0
21,20,KNN,brute,13,uncalibrated,4.9,1.0,0.0
21,20,KNN,brute,13,uncalibrated,4.93,1.0,0.0
21,20,KNN,brute,15,uncalibrated,4.67,0.0,0.0
21,20,KNN,brute,15,uncalibrated,4.7,0.0,0.0
21,20,KNN,brute,15,uncalibrated,4.72,0.0012477718360071302,0.0012477718360071302
21,20,KNN,brute,15,uncalibrated,4.73,0.010374149659863956,0.005102040816326529
21,20,KNN,brute,15,uncalibrated,4.74,0.02929292929292929,0.00767192693518825
21,20,KNN,brute,15,uncalibrated,4.75,0.08193146417445482,0.015264797507788155
21,20,KNN,brute,15,uncalibrated,4.76,0.20600600600600602,0.031225816693959865
21,20,KNN,brute,15,uncalibrated,4.77,0.4200577200577202,0.026406926406926434
21,20,KNN,brute,15,uncalibrated,4.78,0.6084722222222223,0.023497411423844098
21,20,KNN,brute,15,uncalibrated,4.79,0.7945909398242056,0.017499689050075203
21,20,KNN,brute,15,uncalibrated,4.81,0.9695928753180661,0.011068702290076393
21,20,KNN,brute,15,uncalibrated,4.82,0.9929107021131561,0.003205992097151967
21,20,KNN,brute,15,uncalibrated,4.83,0.9941798941798942,0.004034716787999323
21,20,KNN,brute,15,uncalibrated,4.84,0.9979020979020978,0.002097902097902171
21,20,KNN,brute,15,uncalibrated,4.85,1.0,0.0
21,20,KNN,brute,15,uncalibrated,4.86,1.0,0.0
21,20,KNN,brute,15,uncalibrated,4.87,1.0,0.0
21,20,KNN,brute,15,uncalibrated,4.88,1.0,0.0
21,20,KNN,brute,15,uncalibrated,4.9,1.0,0.0
21,20,KNN,brute,15,uncalibrated,4.93,1.0,0.0
21,20,KNN,brute,17,uncalibrated,4.67,0.0,0.0
21,20,KNN,brute,17,uncalibrated,4.7,0.0,0.0
21,20,KNN,brute,17,uncalibrated,4.72,0.0011009751494180562,0.0011009751494180562
21,20,KNN,brute,17,uncalibrated,4.73,0.010054021608643458,0.004951980792316927
21,20,KNN,brute,17,uncalibrated,4.74,0.02881758764111728,0.007581916410636536
21,20,KNN,brute,17,uncalibrated,4.75,0.08122594832325455,0.014980758658603627
21,20,KNN,brute,17,uncalibrated,4.76,0.20296767355590892,0.03159576051327986
21,20,KNN,brute,17,uncalibrated,4.77,0.4149477973007385,0.02661064425770307
21,20,KNN,brute,17,uncalibrated,4.78,0.6056372549019609,0.02409161209675433
21,20,KNN,brute,17,uncalibrated,4.79,0.7897625581672831,0.017527595116518403
21,20,KNN,brute,17,uncalibrated,4.81,0.9678940278401438,0.011225864391558205
21,20,KNN,brute,17,uncalibrated,4.82,0.9923012149645136,0.003374656595478292
21,20,KNN,brute,17,uncalibrated,4.83,0.9940476190476191,0.004134025810404817
21,20,KNN,brute,17,uncalibrated,4.84,0.9977375565610862,0.0020567667626491537
21,20,KNN,brute,17,uncalibrated,4.85,1.0,0.0
21,20,KNN,brute,17,uncalibrated,4.86,1.0,0.0
21,20,KNN,brute,17,uncalibrated,4.87,1.0,0.0
21,20,KNN,brute,17,uncalibrated,4.88,1.0,0.0
21,20,KNN,brute,17,uncalibrated,4.9,1.0,0.0
21,20,KNN,brute,17,uncalibrated,4.93,1.0,0.0
21,20,KNN,brute,19,uncalibrated,4.67,0.0,0.0
21,20,KNN,brute,19,uncalibrated,4.7,0.0,0.0
21,20,KNN,brute,19,uncalibrated,4.72,0.001125809175344779,0.001125809175344779
21,20,KNN,brute,19,uncalibrated,4.73,0.010875402792696024,0.0052363050483351225
21,20,KNN,brute,19,uncalibrated,4.74,0.02950558213716131,0.007424497298436591
21,20,KNN,brute,19,uncalibrated,4.75,0.08116084604033448,0.014756517461879004
21,20,KNN,brute,19,uncalibrated,4.76,0.20282124229492657,0.03203289853779902
21,20,KNN,brute,19,uncalibrated,4.77,0.41000227842333115,0.026771474139895196
21,20,KNN,brute,19,uncalibrated,4.78,0.6026315789473685,0.023932663694312878
21,20,KNN,brute,19,uncalibrated,4.79,0.7842425536457778,0.01754209109122988
21,20,KNN,brute,19,uncalibrated,4.81,0.9665528324628365,0.01134993973483317
21,20,KNN,brute,19,uncalibrated,4.82,0.9915875754961173,0.0037464525367020586
21,20,KNN,brute,19,uncalibrated,4.83,0.9935254803675857,0.004245472329915442
21,20,KNN,brute,19,uncalibrated,4.84,0.9978836952521158,0.0019322782480676315
21,20,KNN,brute,19,uncalibrated,4.85,1.0,0.0
21,20,KNN,brute,19,uncalibrated,4.86,1.0,0.0
21,20,KNN,brute,19,uncalibrated,4.87,1.0,0.0
21,20,KNN,brute,19,uncalibrated,4.88,1.0,0.0
21,20,KNN,brute,19,uncalibrated,4.9,1.0,0.0
21,20,KNN,brute,19,uncalibrated,4.93,1.0,0.0
21,20,KNN,brute,21,uncalibrated,4.67,0.0,0.0
21,20,KNN,brute,21,uncalibrated,4.7,0.0,0.0
21,20,KNN,brute,21,uncalibrated,4.72,0.0011459129106187928,0.0011459129106187928
21,20,KNN,brute,21,uncalibrated,4.73,0.011054421768707487,0.005466472303206996
21,20,KNN,brute,21,uncalibrated,4.74,0.02988338192419825,0.007418151225254061
21,20,KNN,brute,21,uncalibrated,4.75,0.0805518469069871,0.014686248331108147
21,20,KNN,brute,21,uncalibrated,4.76,0.20130845130845124,0.03241668866486609
21,20,KNN,brute,21,uncalibrated,4.77,0.4050711193568337,0.02638631210059783
21,20,KNN,brute,21,uncalibrated,4.78,0.5959325396825397,0.02540476841314391
21,20,KNN,brute,21,uncalibrated,4.79,0.7795807978363759,0.01784737257392153
21,20,KNN,brute,21,uncalibrated,4.81,0.9647400945110869,0.01217739003998547
21,20,KNN,brute,21,uncalibrated,4.82,0.9911202185792354,0.003631497670946193
21,20,KNN,brute,21,uncalibrated,4.83,0.9931027966742246,0.004288494527722256
21,20,KNN,brute,21,uncalibrated,4.84,0.997752247752248,0.0019147519147519887
21,20,KNN,brute,21,uncalibrated,4.85,0.999890530925071,0.00010946907498631343
21,20,KNN,brute,21,uncalibrated,4.86,1.0,0.0
21,20,KNN,brute,21,uncalibrated,4.87,1.0,0.0
21,20,KNN,brute,21,uncalibrated,4.88,1.0,0.0
21,20,KNN,brute,21,uncalibrated,4.9,1.0,0.0
21,20,KNN,brute,21,uncalibrated,4.93,1.0,0.0
21,20,KNN,brute,23,uncalibrated,4.67,0.0,0.0
21,20,KNN,brute,23,uncalibrated,4.7,0.0,0.0
21,20,KNN,brute,23,uncalibrated,4.72,0.0011625203441060219,0.0011625203441060219
21,20,KNN,brute,23,uncalibrated,4.73,0.011091393078970719,0.005545696539485359
21,20,KNN,brute,23,uncalibrated,4.74,0.029614019520851822,0.007455473494596683
21,20,KNN,brute,23,uncalibrated,4.75,0.07974400650142219,0.014729784640390077
21,20,KNN,brute,23,uncalibrated,4.76,0.20005875440658058,0.03266598821077434
21,20,KNN,brute,23,uncalibrated,4.77,0.403632599284773,0.026632787502352734
21,20,KNN,brute,23,uncalibrated,4.78,0.5904891304347822,0.02485094145682098
21,20,KNN,brute,23,uncalibrated,4.79,0.7756415909692214,0.017753312126460617
21,20,KNN,brute,23,uncalibrated,4.81,0.9635745104546963,0.012363093262529046
21,20,KNN,brute,23,uncalibrated,4.82,0.9903777619387024,0.003608064278566814
21,20,KNN,brute,23,uncalibrated,4.83,0.9927536231884058,0.004500427560928394
21,20,KNN,brute,23,uncalibrated,4.84,0.9976436606871388,0.0020522955305563584
21,20,KNN,brute,23,uncalibrated,4.85,0.9999000499749838,9.99500249875465e-05
21,20,KNN,brute,23,uncalibrated,4.86,1.0,0.0
21,20,KNN,brute,23,uncalibrated,4.87,1.0,0.0
21,20,KNN,brute,23,uncalibrated,4.88,1.0,0.0
21,20,KNN,brute,23,uncalibrated,4.9,1.0,0.0
21,20,KNN,brute,23,uncalibrated,4.93,1.0,0.0
21,20,KNN,brute,25,uncalibrated,4.67,0.0,0.0
21,20,KNN,brute,25,uncalibrated,4.7,0.0,0.0
21,20,KNN,brute,25,uncalibrated,4.72,0.0012941176470588236,0.0011809438765712527
21,20,KNN,brute,25,uncalibrated,4.73,0.01163265306122449,0.005306122448979592
21,20,KNN,brute,25,uncalibrated,4.74,0.030102040816326697,0.0075529449193044535
21,20,KNN,brute,25,uncalibrated,4.75,0.07990654205607478,0.014485981308411215
21,20,KNN,brute,25,uncalibrated,4.76,0.1999099099099099,0.032768652633366174
21,20,KNN,brute,25,uncalibrated,4.77,0.4002597402597403,0.02640692640692635
21,20,KNN,brute,25,uncalibrated,4.78,0.5854999999999996,0.02519351033426982
21,20,KNN,brute,25,uncalibrated,4.79,0.7713590263691684,0.01729667781582846
21,20,KNN,brute,25,uncalibrated,4.81,0.9620610687022901,0.012137404580152722
21,20,KNN,brute,25,uncalibrated,4.82,0.9906060606060825,0.003329676973684805
21,20,KNN,brute,25,uncalibrated,4.83,0.9923809523809518,0.004725255794985357
21,20,KNN,brute,25,uncalibrated,4.84,0.9976223776223776,0.001958041958041945
21,20,KNN,brute,25,uncalibrated,4.85,0.9999080459770306,9.195402298839356e-05
21,20,KNN,brute,25,uncalibrated,4.86,1.0,0.0
21,20,KNN,brute,25,uncalibrated,4.87,1.0,0.0
21,20,KNN,brute,25,uncalibrated,4.88,1.0,0.0
21,20,KNN,brute,25,uncalibrated,4.9,1.0,0.0
21,20,KNN,brute,25,uncalibrated,4.93,1.0,0.0
21,20,KNN,brute,27,uncalibrated,4.67,0.0,0.0
21,20,KNN,brute,27,uncalibrated,4.7,0.0,0.0
21,20,KNN,brute,27,uncalibrated,4.72,0.0011982570806100218,0.0010934665523807897
21,20,KNN,brute,27,uncalibrated,4.73,0.011810279667422525,0.005131988940984742
21,20,KNN,brute,27,uncalibrated,4.74,0.03004535147392324,0.007521630766626694
21,20,KNN,brute,27,uncalibrated,4.75,0.0798719280027691,0.014278296988577348
21,20,KNN,brute,27,uncalibrated,4.76,0.1987821154487821,0.03265816369404729
21,20,KNN,brute,27,uncalibrated,4.77,0.39682539682539675,0.02709636042969374
21,20,KNN,brute,27,uncalibrated,4.78,0.580787037037037,0.02524909404038657
21,20,KNN,brute,27,uncalibrated,4.79,0.7670347832619638,0.01738548434272578
21,20,KNN,brute,27,uncalibrated,4.81,0.9609838846480068,0.012581283573650015
21,20,KNN,brute,27,uncalibrated,4.82,0.990179573512885,0.003388882698067927
21,20,KNN,brute,27,uncalibrated,4.83,0.9917695473251035,0.004930479421002318
21,20,KNN,brute,27,uncalibrated,4.84,0.9974747474747474,0.0020072520072519917
21,20,KNN,brute,27,uncalibrated,4.85,0.9999148573861026,8.514261387832912e-05
21,20,KNN,brute,27,uncalibrated,4.86,1.0,0.0
21,20,KNN,brute,27,uncalibrated,4.87,1.0,0.0
21,20,KNN,brute,27,uncalibrated,4.88,1.0,0.0
21,20,KNN,brute,27,uncalibrated,4.9,1.0,0.0
21,20,KNN,brute,27,uncalibrated,4.93,1.0,0.0
21,20,KNN,brute,29,uncalibrated,4.67,0.0,0.0
21,20,KNN,brute,29,uncalibrated,4.7,0.0,0.0
21,20,KNN,brute,29,uncalibrated,4.72,0.0013184584178498621,0.0011222941574237134
21,20,KNN,brute,29,uncalibrated,4.73,0.011787473610133709,0.005217022370697682
21,20,KNN,brute,29,uncalibrated,4.74,0.02990851513019001,0.007421598727591309
21,20,KNN,brute,29,uncalibrated,4.75,0.07951981952948761,0.013615855623590079
21,20,KNN,brute,29,uncalibrated,4.76,0.19780987884436152,0.03343761112232758
21,20,KNN,brute,29,uncalibrated,4.77,0.3946111359904463,0.026347216002388398
21,20,KNN,brute,29,uncalibrated,4.78,0.5776580459770115,0.02535051081579163
21,20,KNN,brute,29,uncalibrated,4.79,0.764286213891026,0.016973548025986388
21,20,KNN,brute,29,uncalibrated,4.81,0.9591339826270071,0.01256909713082388
21,20,KNN,brute,29,uncalibrated,4.82,0.9893765238592717,0.0034873027919687214
21,20,KNN,brute,29,uncalibrated,4.83,0.9913793103448282,0.005054431517773803
21,20,KNN,brute,29,uncalibrated,4.84,0.997287195563058,0.0018688208343380919
21,20,KNN,brute,29,uncalibrated,4.85,0.999920729290508,7.927070947287034e-05
21,20,KNN,brute,29,uncalibrated,4.86,1.0,0.0
21,20,KNN,brute,29,uncalibrated,4.87,1.0,0.0
21,20,KNN,brute,29,uncalibrated,4.88,1.0,0.0
21,20,KNN,brute,29,uncalibrated,4.9,1.0,0.0
21,20,KNN,brute,29,uncalibrated,4.93,1.0,0.0
21,20,KNN,brute,31,uncalibrated,4.67,0.0,0.0
21,20,KNN,brute,31,uncalibrated,4.7,0.0,0.0
21,20,KNN,brute,31,uncalibrated,4.72,0.0012333965844402094,0.0010498880827512155
21,20,KNN,brute,31,uncalibrated,4.73,0.01193219223173139,0.005274545897254062
21,20,KNN,brute,31,uncalibrated,4.74,0.029377880184331795,0.007337407374917621
21,20,KNN,brute,31,uncalibrated,4.75,0.07891166716912873,0.014546276756104912
21,20,KNN,brute,31,uncalibrated,4.76,0.1965998256320836,0.03385355265460575
21,20,KNN,brute,31,uncalibrated,4.77,0.39303169948331235,0.02702136573104319
21,20,KNN,brute,31,uncalibrated,4.78,0.572244623655914,0.025446066500783196
21,20,KNN,brute,31,uncalibrated,4.79,0.7604527906824576,0.01705354227151036
21,20,KNN,brute,31,uncalibrated,4.81,0.9577074612164493,0.01286628909135673
21,20,KNN,brute,31,uncalibrated,4.82,0.9887585532746823,0.0034886878746975174
21,20,KNN,brute,31,uncalibrated,4.83,0.9910394265232981,0.005123207075708218
21,20,KNN,brute,31,uncalibrated,4.84,0.9972366343334088,0.0018610421836228186
21,20,KNN,brute,31,uncalibrated,4.85,0.9997775305895821,0.00022246941045614833
21,20,KNN,brute,31,uncalibrated,4.86,1.0,0.0
21,20,KNN,brute,31,uncalibrated,4.87,1.0,0.0
21,20,KNN,brute,31,uncalibrated,4.88,1.0,0.0
21,20,KNN,brute,31,uncalibrated,4.9,1.0,0.0
21,20,KNN,brute,31,uncalibrated,4.93,1.0,0.0
21,20,KNN,brute,33,uncalibrated,4.67,0.0,0.0
21,20,KNN,brute,33,uncalibrated,4.7,0.0,0.0
21,20,KNN,brute,33,uncalibrated,4.72,0.0013368983957219248,0.0011632881843270477
21,20,KNN,brute,33,uncalibrated,4.73,0.012059369202226333,0.005372093766455566
21,20,KNN,brute,33,uncalibrated,4.74,0.029143475572046666,0.007245834060300932
21,20,KNN,brute,33,uncalibrated,4.75,0.07851883319173038,0.014514301897479459
21,20,KNN,brute,33,uncalibrated,4.76,0.19587769587769588,0.034459391195806044
21,20,KNN,brute,33,uncalibrated,4.77,0.3903318903318903,0.026433162796799164
21,20,KNN,brute,33,uncalibrated,4.78,0.5697601010101006,0.0258270863012898
21,20,KNN,brute,33,uncalibrated,4.79,0.7565922920892495,0.017085722786527775
21,20,KNN,brute,33,uncalibrated,4.81,0.9562225306500115,0.013127457783946417
21,20,KNN,brute,33,uncalibrated,4.82,0.9884450566268529,0.0035318437374030013
21,20,KNN,brute,33,uncalibrated,4.83,0.9906204906204906,0.005229428734940635
21,20,KNN,brute,33,uncalibrated,4.84,0.9972981563890657,0.0018542063996609404
21,20,KNN,brute,33,uncalibrated,4.85,0.999791013584136,0.00020898641588299195
21,20,KNN,brute,33,uncalibrated,4.86,1.0,0.0
21,20,KNN,brute,33,uncalibrated,4.87,1.0,0.0
21,20,KNN,brute,33,uncalibrated,4.88,1.0,0.0
21,20,KNN,brute,33,uncalibrated,4.9,1.0,0.0
21,20,KNN,brute,33,uncalibrated,4.93,1.0,0.0
21,20,KNN,brute,35,uncalibrated,4.67,0.0,0.0
21,20,KNN,brute,35,uncalibrated,4.7,0.0,0.0
21,20,KNN,brute,35,uncalibrated,4.72,0.0012605042016806906,0.001096814573794074
21,20,KNN,brute,35,uncalibrated,4.73,0.012463556851311942,0.005493776964636922
21,20,KNN,brute,35,uncalibrated,4.74,0.029081632653061226,0.007221385627742228
21,20,KNN,brute,35,uncalibrated,4.75,0.07857142857142857,0.01421895861148198
21,20,KNN,brute,35,uncalibrated,4.76,0.19498069498069484,0.034329477733391234
21,20,KNN,brute,35,uncalibrated,4.77,0.387878787878788,0.026716141001855265
21,20,KNN,brute,35,uncalibrated,4.78,0.5665476190476186,0.025340742889445177
21,20,KNN,brute,35,uncalibrated,4.79,0.7522448979591837,0.01725361924487642
21,20,KNN,brute,35,uncalibrated,4.81,0.9544165757906216,0.013086150490730586
21,20,KNN,brute,35,uncalibrated,4.82,0.988023088023088,0.00353305396176804
21,20,KNN,brute,35,uncalibrated,4.83,0.9903628117913839,0.00524491315474856
21,20,KNN,brute,35,uncalibrated,4.84,0.996953046953047,0.001948051948052032
21,20,KNN,brute,35,uncalibrated,4.85,0.9997372742200806,0.0002627257799671523
21,20,KNN,brute,35,uncalibrated,4.86,1.0,0.0
21,20,KNN,brute,35,uncalibrated,4.87,1.0,0.0
21,20,KNN,brute,35,uncalibrated,4.88,1.0,0.0
21,20,KNN,brute,35,uncalibrated,4.9,1.0,0.0
21,20,KNN,brute,35,uncalibrated,4.93,1.0,0.0
21,20,KNN,brute,37,uncalibrated,4.67,0.0,0.0
21,20,KNN,brute,37,uncalibrated,4.7,0.0,0.0
21,20,KNN,brute,37,uncalibrated,4.72,0.001271860095389489,0.0011165890977008189
21,20,KNN,brute,37,uncalibrated,4.73,0.012479316050744623,0.0056248117288678545
21,20,KNN,brute,37,uncalibrated,4.74,0.02880152880152858,0.00721224465633925
21,20,KNN,brute,37,uncalibrated,4.75,0.077923718110634,0.01338721899469563
21,20,KNN,brute,37,uncalibrated,4.76,0.19411979547114688,0.03484854646581323
21,20,KNN,brute,37,uncalibrated,4.77,0.3858078858078857,0.027319527319527304
21,20,KNN,brute,37,uncalibrated,4.78,0.5633445945945946,0.02492351864090638
21,20,KNN,brute,37,uncalibrated,4.79,0.7487589630446763,0.017407560815960087
21,20,KNN,brute,37,uncalibrated,4.81,0.9527027027027025,0.013358778625954137
21,20,KNN,brute,37,uncalibrated,4.82,0.9874419874419876,0.003636322310476022
21,20,KNN,brute,37,uncalibrated,4.83,0.9899721149721138,0.0052603417018751856
21,20,KNN,brute,37,uncalibrated,4.84,0.9968342468342467,0.0020317520317519877
21,20,KNN,brute,37,uncalibrated,4.85,0.9996893445168831,0.00031065548306925003
21,20,KNN,brute,37,uncalibrated,4.86,1.0,0.0
21,20,KNN,brute,37,uncalibrated,4.87,1.0,0.0
21,20,KNN,brute,37,uncalibrated,4.88,1.0,0.0
21,20,KNN,brute,37,uncalibrated,4.9,1.0,0.0
21,20,KNN,brute,37,uncalibrated,4.93,1.0,0.0
21,20,KNN,brute,39,uncalibrated,4.67,0.0,0.0
21,20,KNN,brute,39,uncalibrated,4.7,0.0,0.0
21,20,KNN,brute,39,uncalibrated,4.72,0.0012066365007541479,0.0010593281183315462
21,20,KNN,brute,39,uncalibrated,4.73,0.012689691261119834,0.0056501183801658875
21,20,KNN,brute,39,uncalibrated,4.74,0.028490028490028487,0.007091358982923805
21,20,KNN,brute,39,uncalibrated,4.75,0.07764198418404021,0.01300856532448646
21,20,KNN,brute,39,uncalibrated,4.76,0.1924809424809424,0.03526013472557158
21,20,KNN,brute,39,uncalibrated,4.77,0.3828948828948829,0.027250527250527234
21,20,KNN,brute,39,uncalibrated,4.78,0.5600961538461534,0.02484326630046473
21,20,KNN,brute,39,uncalibrated,4.79,0.7467294610151753,0.017153007495266527
21,20,KNN,brute,39,uncalibrated,4.81,0.9517028772753966,0.01326091211587388
21,20,KNN,brute,39,uncalibrated,4.82,0.9863377363377474,0.0037392697601617148
21,20,KNN,brute,39,uncalibrated,4.83,0.9897741147741141,0.005337808786150202
21,20,KNN,brute,39,uncalibrated,4.84,0.9967724583109199,0.0021516944593867326
21,20,KNN,brute,39,uncalibrated,4.85,0.9997052755673255,0.00029472443265545075
21,20,KNN,brute,39,uncalibrated,4.86,1.0,0.0
21,20,KNN,brute,39,uncalibrated,4.87,1.0,0.0
21,20,KNN,brute,39,uncalibrated,4.88,1.0,0.0
21,20,KNN,brute,39,uncalibrated,4.9,1.0,0.0
21,20,KNN,brute,39,uncalibrated,4.93,1.0,0.0
21,20,KNN,brute,41,uncalibrated,4.67,0.0,0.0
21,20,KNN,brute,41,uncalibrated,4.7,0.0,0.0
21,20,KNN,brute,41,uncalibrated,4.72,0.0011477761836441531,0.0010076535759739097
21,20,KNN,brute,41,uncalibrated,4.73,0.012630662020905913,0.005575204540654003
21,20,KNN,brute,41,uncalibrated,4.74,0.02851687607785146,0.007122711794342495
21,20,KNN,brute,41,uncalibrated,4.75,0.07750170959653523,0.012891562044383614
21,20,KNN,brute,41,uncalibrated,4.76,0.19160624038672824,0.03544522713368939
21,20,KNN,brute,41,uncalibrated,4.77,0.3801604899165876,0.028138528138528157
21,20,KNN,brute,41,uncalibrated,4.78,0.5573678861788613,0.024970703387412
21,20,KNN,brute,41,uncalibrated,4.79,0.7436535589845694,0.017546935144156964
21,20,KNN,brute,41,uncalibrated,4.81,0.9506609569912493,0.013219139824986015
21,20,KNN,brute,41,uncalibrated,4.82,0.985710766198582,0.0038432583834009794
21,20,KNN,brute,41,uncalibrated,4.83,0.9894986449864505,0.00537671580314601
21,20,KNN,brute,41,uncalibrated,4.84,0.996332935357326,0.0021320143271362224
21,20,KNN,brute,41,uncalibrated,4.85,0.9996075133165315,0.00039248668348758364
21,20,KNN,brute,41,uncalibrated,4.86,0.999948652118121,5.134788189986233e-05
21,20,KNN,brute,41,uncalibrated,4.87,1.0,0.0
21,20,KNN,brute,41,uncalibrated,4.88,1.0,0.0
21,20,KNN,brute,41,uncalibrated,4.9,1.0,0.0
21,20,KNN,brute,41,uncalibrated,4.93,1.0,0.0
21,20,KNN,brute,43,uncalibrated,4.67,0.0,0.0
21,20,KNN,brute,43,uncalibrated,4.7,0.0,0.0
21,20,KNN,brute,43,uncalibrated,4.72,0.001162790697674455,0.0010288648891218653
21,20,KNN,brute,43,uncalibrated,4.73,0.012636449928808722,0.005575176437269758
21,20,KNN,brute,43,uncalibrated,4.74,0.028423772609819126,0.007036984434670048
21,20,KNN,brute,43,uncalibrated,4.75,0.0773744838078679,0.013338799747106365
21,20,KNN,brute,43,uncalibrated,4.76,0.1899748585795098,0.03529093038813879
21,20,KNN,brute,43,uncalibrated,4.77,0.3781838316722037,0.027635155542132306
21,20,KNN,brute,43,uncalibrated,4.78,0.5545542635658914,0.0248563038723979
21,20,KNN,brute,43,uncalibrated,4.79,0.7405790223065971,0.017377583791794014
21,20,KNN,brute,43,uncalibrated,4.81,0.9490502396591514,0.013136872004260558
21,20,KNN,brute,43,uncalibrated,4.82,0.9850833920601253,0.003925239487685838
21,20,KNN,brute,43,uncalibrated,4.83,0.9888335179032849,0.005633920313620289
21,20,KNN,brute,43,uncalibrated,4.84,0.9962595543990894,0.0021954789396649854
21,20,KNN,brute,43,uncalibrated,4.85,0.999625768511103,0.0003742314889066584
21,20,KNN,brute,43,uncalibrated,4.86,0.9999020807833224,6.887006297490373e-05
21,20,KNN,brute,43,uncalibrated,4.87,1.0,0.0
21,20,KNN,brute,43,uncalibrated,4.88,1.0,0.0
21,20,KNN,brute,43,uncalibrated,4.9,0.9999554486322348,4.455136772702759e-05
21,20,KNN,brute,43,uncalibrated,4.93,1.0,0.0
21,20,KNN,brute,45,uncalibrated,4.67,0.0,0.0
21,20,KNN,brute,45,uncalibrated,4.7,0.0,0.0
21,20,KNN,brute,45,uncalibrated,4.72,0.0011764705882353122,0.0010482288586351506
21,20,KNN,brute,45,uncalibrated,4.73,0.01292517006802722,0.00560049389352765
21,20,KNN,brute,45,uncalibrated,4.74,0.028395061728395066,0.006999168058784022
21,20,KNN,brute,45,uncalibrated,4.75,0.07715472481827622,0.013469493012536696
21,20,KNN,brute,45,uncalibrated,4.76,0.18958958958958957,0.03575973627865141
21,20,KNN,brute,45,uncalibrated,4.77,0.37662337662337664,0.027801827801827772
21,20,KNN,brute,45,uncalibrated,4.78,0.5518518518518523,0.024808364741231433
21,20,KNN,brute,45,uncalibrated,4.79,0.7378231292517006,0.017523185890823113
21,20,KNN,brute,45,uncalibrated,4.81,0.9481340118744701,0.013358778625954248
21,20,KNN,brute,45,uncalibrated,4.82,0.9846240179573514,0.003914846863094301
21,20,KNN,brute,45,uncalibrated,4.83,0.9883156966490301,0.005796576080393504
21,20,KNN,brute,45,uncalibrated,4.84,0.9962703962703963,0.002253302253302225
21,20,KNN,brute,45,uncalibrated,4.85,0.9996424010217686,0.0003575989782886971
21,20,KNN,brute,45,uncalibrated,4.86,0.9999064327485797,6.58091712871062e-05
21,20,KNN,brute,45,uncalibrated,4.87,1.0,0.0
21,20,KNN,brute,45,uncalibrated,4.88,1.0,0.0
21,20,KNN,brute,45,uncalibrated,4.9,0.9999574286930608,4.2571306939164565e-05
21,20,KNN,brute,45,uncalibrated,4.93,1.0,0.0
21,20,KNN,brute,47,uncalibrated,4.67,0.0,0.0
21,20,KNN,brute,47,uncalibrated,4.7,0.0,0.0
21,20,KNN,brute,47,uncalibrated,4.72,0.0011889862327909705,0.0010047375842086102
21,20,KNN,brute,47,uncalibrated,4.73,0.01318931828050368,0.005587459298583765
21,20,KNN,brute,47,uncalibrated,4.74,0.02858370943477372,0.006935006316111893
21,20,KNN,brute,47,uncalibrated,4.75,0.07740107377212169,0.013540173491309813
21,20,KNN,brute,47,uncalibrated,4.76,0.18832662449683732,0.03581644402825897
21,20,KNN,brute,47,uncalibrated,4.77,0.3744588744588744,0.027585889288016946
21,20,KNN,brute,47,uncalibrated,4.78,0.5495124113475177,0.024661794356016377
21,20,KNN,brute,47,uncalibrated,4.79,0.7350412505427693,0.017393936337722946
21,20,KNN,brute,47,uncalibrated,4.81,0.9470521357804126,0.013399382816306704
21,20,KNN,brute,47,uncalibrated,4.82,0.9838276380829464,0.004026638107612912
21,20,KNN,brute,47,uncalibrated,4.83,0.9878419452887538,0.005868162608915828
21,20,KNN,brute,47,uncalibrated,4.84,0.9960571343550066,0.0023805981252789654
21,20,KNN,brute,47,uncalibrated,4.85,0.9996087062851362,0.00034529456524855673
21,20,KNN,brute,47,uncalibrated,4.86,0.99986562150056,9.973269710792815e-05
21,20,KNN,brute,47,uncalibrated,4.87,0.9999084877602176,9.151223976203729e-05
21,20,KNN,brute,47,uncalibrated,4.88,1.0,0.0
21,20,KNN,brute,47,uncalibrated,4.9,0.999959240238018,4.07597619629972e-05
21,20,KNN,brute,47,uncalibrated,4.93,1.0,0.0
21,20,KNN,brute,49,uncalibrated,4.67,0.0,0.0
21,20,KNN,brute,49,uncalibrated,4.7,0.0,0.0
21,20,KNN,brute,49,uncalibrated,4.72,0.0012605042016806721,0.0010243517033223482
21,20,KNN,brute,49,uncalibrated,4.73,0.013483965014577272,0.005493592773499303
21,20,KNN,brute,49,uncalibrated,4.74,0.02855081426510021,0.006944698735364969
21,20,KNN,brute,49,uncalibrated,4.75,0.07729353423612434,0.013300261604073525
21,20,KNN,brute,49,uncalibrated,4.76,0.1879021879021879,0.03550910476648618
21,20,KNN,brute,49,uncalibrated,4.77,0.37357540418764906,0.02778514003003807
21,20,KNN,brute,49,uncalibrated,4.78,0.5468537414965983,0.024435654832890452
21,20,KNN,brute,49,uncalibrated,4.79,0.733402748854645,0.01728013764262705
21,20,KNN,brute,49,uncalibrated,4.81,0.9464090979903413,0.013241937996572695
21,20,KNN,brute,49,uncalibrated,4.82,0.9827355184497933,0.004182964549299882
21,20,KNN,brute,49,uncalibrated,4.83,0.9874473598963388,0.006048429656572197
21,20,KNN,brute,49,uncalibrated,4.84,0.9959683173968891,0.0023904666761809246
21,20,KNN,brute,49,uncalibrated,4.85,0.9994370161857846,0.0004281966112698943
21,20,KNN,brute,49,uncalibrated,4.86,0.9998711063372301,9.566197477697499e-05
21,20,KNN,brute,49,uncalibrated,4.87,0.9999122229536772,8.777704630233092e-05
21,20,KNN,brute,49,uncalibrated,4.88,1.0,0.0
21,20,KNN,brute,49,uncalibrated,4.9,0.9999609039017906,3.909609820938981e-05
21,20,KNN,brute,49,uncalibrated,4.93,1.0,0.0
21,20,KNN,brute,51,uncalibrated,4.67,0.0,0.0
21,20,KNN,brute,51,uncalibrated,4.7,0.0,0.0
21,20,KNN,brute,51,uncalibrated,4.72,0.0012110726643598797,0.0009841810482900993
21,20,KNN,brute,51,uncalibrated,4.73,0.013455382152861156,0.005611537499728471
21,20,KNN,brute,51,uncalibrated,4.74,0.028421469597940185,0.006941200921986411
21,20,KNN,brute,51,uncalibrated,4.75,0.07714861645592817,0.013256061110605299
21,20,KNN,brute,51,uncalibrated,4.76,0.1872460695990107,0.03595747660277812
21,20,KNN,brute,51,uncalibrated,4.77,0.37182751888634236,0.027204821322468403
21,20,KNN,brute,51,uncalibrated,4.78,0.5444035947712418,0.024429914736088652
21,20,KNN,brute,51,uncalibrated,4.79,0.7310124049619859,0.017392498885462345
21,20,KNN,brute,51,uncalibrated,4.81,0.9449184253854215,0.01406975003741956
21,20,KNN,brute,51,uncalibrated,4.82,0.9819271142800882,0.004298213942872695
21,20,KNN,brute,51,uncalibrated,4.83,0.9872393401805161,0.006065102791753836
21,20,KNN,brute,51,uncalibrated,4.84,0.9959207459207462,0.002502399561223112
21,20,KNN,brute,51,uncalibrated,4.85,0.9994140184809078,0.00041812602638866876
21,20,KNN,brute,51,uncalibrated,4.86,0.9998761609907644,9.191052478576362e-05
21,20,KNN,brute,51,uncalibrated,4.87,0.9999156651908075,8.433480919247004e-05
21,20,KNN,brute,51,uncalibrated,4.88,1.0,0.0
21,20,KNN,brute,51,uncalibrated,4.9,0.9999624370821221,3.756291788740779e-05
21,20,KNN,brute,51,uncalibrated,4.93,1.0,0.0
21,20,KNN,brute,61,uncalibrated,4.67,0.0,0.0
21,20,KNN,brute,61,uncalibrated,4.7,0.0,0.0
21,20,KNN,brute,61,uncalibrated,4.72,0.0013018322082931533,0.0010653082948452691
21,20,KNN,brute,61,uncalibrated,4.73,0.013842422214787544,0.0055129492481642015
21,20,KNN,brute,61,uncalibrated,4.74,0.027198211624441134,0.006660127501294717
21,20,KNN,brute,61,uncalibrated,4.75,0.07629845258158419,0.012882379659615691
21,20,KNN,brute,61,uncalibrated,4.76,0.1826539654408507,0.035665151672369895
21,20,KNN,brute,61,uncalibrated,4.77,0.3630331417216663,0.027570789865871803
21,20,KNN,brute,61,uncalibrated,4.78,0.5336065573770488,0.024620819284777537
21,20,KNN,brute,61,uncalibrated,4.79,0.7193375710940124,0.017215053691527996
21,20,KNN,brute,61,uncalibrated,4.81,0.9390251532974598,0.014923038418220458
21,20,KNN,brute,61,uncalibrated,4.82,0.9788872329855935,0.004653568385496566
21,20,KNN,brute,61,uncalibrated,4.83,0.985460577673693,0.006328072162961798
21,20,KNN,brute,61,uncalibrated,4.84,0.9948985440788716,0.002751347013642047
21,20,KNN,brute,61,uncalibrated,4.85,0.9991709063500654,0.0005778880786685663
21,20,KNN,brute,61,uncalibrated,4.86,0.9997667599626816,0.0001514295121671664
21,20,KNN,brute,61,uncalibrated,4.87,0.999929490569333,7.050943063637061e-05
21,20,KNN,brute,61,uncalibrated,4.88,1.0,0.0
21,20,KNN,brute,61,uncalibrated,4.9,0.9999685949374943,3.140506249614461e-05
21,20,KNN,brute,61,uncalibrated,4.93,1.0,0.0
21,20,KNN,brute,81,uncalibrated,4.67,0.0,0.0
21,20,KNN,brute,81,uncalibrated,4.7,0.0,0.0
21,20,KNN,brute,81,uncalibrated,4.72,0.0014161220043573167,0.00103512378374366
21,20,KNN,brute,81,uncalibrated,4.73,0.014077853363567662,0.0054566919341808295
21,20,KNN,brute,81,uncalibrated,4.74,0.026717795236313756,0.006466195981961002
21,20,KNN,brute,81,uncalibrated,4.75,0.07635283258336217,0.012956648977620154
21,20,KNN,brute,81,uncalibrated,4.76,0.17620398175953716,0.03529656785926934
21,20,KNN,brute,81,uncalibrated,4.77,0.3497675164341832,0.02771097215541657
21,20,KNN,brute,81,uncalibrated,4.78,0.5152777777777777,0.02503862097818035
21,20,KNN,brute,81,uncalibrated,4.79,0.6990677752582504,0.017456647057425105
21,20,KNN,brute,81,uncalibrated,4.81,0.9275044764866649,0.016657242484214463
21,20,KNN,brute,81,uncalibrated,4.82,0.972253398179335,0.005229501181809428
21,20,KNN,brute,81,uncalibrated,4.83,0.9823388203017839,0.006778110794217294
21,20,KNN,brute,81,uncalibrated,4.84,0.9933739100405768,0.002870586203919445
21,20,KNN,brute,81,uncalibrated,4.85,0.9988931460196019,0.0006654919209004591
21,20,KNN,brute,81,uncalibrated,4.86,0.9996236073471395,0.00024770137667651915
21,20,KNN,brute,81,uncalibrated,4.87,0.9997079516792983,0.0002665353557244056
21,20,KNN,brute,81,uncalibrated,4.88,0.9999506172839506,3.474204793502021e-05
21,20,KNN,brute,81,uncalibrated,4.9,0.9999763492739417,2.3650726077277077e-05
21,20,KNN,brute,81,uncalibrated,4.93,1.0,0.0
21,20,KNN,brute,101,uncalibrated,4.67,0.0,0.0
21,20,KNN,brute,101,uncalibrated,4.7,0.0,0.0
21,20,KNN,brute,101,uncalibrated,4.72,0.001339545719277792,0.0009729222359986068
21,20,KNN,brute,101,uncalibrated,4.73,0.014321074964639333,0.005573548329833247
21,20,KNN,brute,101,uncalibrated,4.74,0.026777677767776325,0.006409784837065752
21,20,KNN,brute,101,uncalibrated,4.75,0.07478948829462385,0.012534747636569022
21,20,KNN,brute,101,uncalibrated,4.76,0.1716171617161716,0.03450277374153828
21,20,KNN,brute,101,uncalibrated,4.77,0.33869101195833884,0.028074235995028035
21,20,KNN,brute,101,uncalibrated,4.78,0.5004537953795384,0.024727951272550057
21,20,KNN,brute,101,uncalibrated,4.79,0.6824004849464538,0.01767853172577991
21,20,KNN,brute,101,uncalibrated,4.81,0.9184868868566245,0.01749678784672365
21,20,KNN,brute,101,uncalibrated,4.82,0.9655965596559437,0.005836648744381821
21,20,KNN,brute,101,uncalibrated,4.83,0.9784103410341034,0.0069677997357894825
21,20,KNN,brute,101,uncalibrated,4.84,0.9913972166447416,0.003617669459253625
21,20,KNN,brute,101,uncalibrated,4.85,0.998429498122245,0.0007931225650888223
21,20,KNN,brute,101,uncalibrated,4.86,0.9992554133462036,0.0003969317955635662
21,20,KNN,brute,101,uncalibrated,4.87,0.9995315660598522,0.00038818280849199475
21,20,KNN,brute,101,uncalibrated,4.88,0.9999603960395819,2.7862434482596086e-05
21,20,KNN,brute,101,uncalibrated,4.9,0.9999810325859981,1.8967413982816746e-05
21,20,KNN,brute,101,uncalibrated,4.93,1.0,0.0
21,20,KNN,brute,151,uncalibrated,4.67,0.0,0.0
21,20,KNN,brute,151,uncalibrated,4.7,0.0,0.0
21,20,KNN,brute,151,uncalibrated,4.72,0.0014608492403584133,0.0010068937518713122
21,20,KNN,brute,151,uncalibrated,4.73,0.014849979726990124,0.005475667659065544
21,20,KNN,brute,151,uncalibrated,4.74,0.026389725065221983,0.00608542668911525
21,20,KNN,brute,151,uncalibrated,4.75,0.07287862845825344,0.011696201492611934
21,20,KNN,brute,151,uncalibrated,4.76,0.16305709683193118,0.03391244494188321
21,20,KNN,brute,151,uncalibrated,4.77,0.31699205871391306,0.027579484533126974
21,20,KNN,brute,151,uncalibrated,4.78,0.47150938189845476,0.023524712496693072
21,20,KNN,brute,151,uncalibrated,4.79,0.6489795918367347,0.01782847917327019
21,20,KNN,brute,151,uncalibrated,4.81,0.8944062484202014,0.019450482786512402
21,20,KNN,brute,151,uncalibrated,4.82,0.9514900662251643,0.007109426987183939
21,20,KNN,brute,151,uncalibrated,4.83,0.9697256385998102,0.007950053982726118
21,20,KNN,brute,151,uncalibrated,4.84,0.986905478627333,0.0047121752419765905
21,20,KNN,brute,151,uncalibrated,4.85,0.9971379434262536,0.001090515704851556
21,20,KNN,brute,151,uncalibrated,4.86,0.9985193560544877,0.0007076827471168042
21,20,KNN,brute,151,uncalibrated,4.87,0.999173965676819,0.0006205053933516201
21,20,KNN,brute,151,uncalibrated,4.88,0.9999556280297736,2.934929960034158e-05
21,20,KNN,brute,151,uncalibrated,4.9,0.9999873131866833,1.2686813326161149e-05
21,20,KNN,brute,151,uncalibrated,4.93,1.0,0.0
21,20,KNN,brute,201,uncalibrated,4.67,0.0,0.0
21,20,KNN,brute,201,uncalibrated,4.7,0.0,0.0
21,20,KNN,brute,201,uncalibrated,4.72,0.0015657009072286177,0.0010383610266723946
21,20,KNN,brute,201,uncalibrated,4.73,0.015306122448979591,0.005358188966202308
21,20,KNN,brute,201,uncalibrated,4.74,0.02598120508568292,0.005907663625300516
21,20,KNN,brute,201,uncalibrated,4.75,0.07132561491607388,0.011162757152042473
21,20,KNN,brute,201,uncalibrated,4.76,0.15602169333512617,0.03259714975411396
21,20,KNN,brute,201,uncalibrated,4.77,0.3008550321983158,0.027115504727445033
21,20,KNN,brute,201,uncalibrated,4.78,0.45051824212271996,0.02242045199288072
21,20,KNN,brute,201,uncalibrated,4.79,0.6223437468527786,0.017807702851904587
21,20,KNN,brute,201,uncalibrated,4.81,0.8743781094527363,0.01983403592723404
21,20,KNN,brute,201,uncalibrated,4.82,0.9385318306427047,0.007779968414847782
21,20,KNN,brute,201,uncalibrated,4.83,0.9608998657506115,0.008526966722480168
21,20,KNN,brute,201,uncalibrated,4.84,0.9813780746616567,0.005923181296315694
21,20,KNN,brute,201,uncalibrated,4.85,0.9951695013305561,0.0014807174047952935
21,20,KNN,brute,201,uncalibrated,4.86,0.9975124378109426,0.001081784875332676
21,20,KNN,brute,201,uncalibrated,4.87,0.9986946985502391,0.0007604922760613815
21,20,KNN,brute,201,uncalibrated,4.88,0.9999104477612051,4.493497458750385e-05
21,20,KNN,brute,201,uncalibrated,4.9,0.9999523455519148,4.765444806608979e-05
21,20,KNN,brute,201,uncalibrated,4.93,1.0,0.0
12,12,KNN,auto,1,uncalibrated,4.67,0.0,0.0
12,12,KNN,auto,1,uncalibrated,4.7,0.0,0.0
12,12,KNN,auto,1,uncalibrated,4.72,0.0,0.0
12,12,KNN,auto,1,uncalibrated,4.73,0.0,0.0
12,12,KNN,auto,1,uncalibrated,4.74,0.007281553398058253,0.007281553398058253
12,12,KNN,auto,1,uncalibrated,4.75,0.035046728971962614,0.011682242990654205
12,12,KNN,auto,1,uncalibrated,4.76,0.15280898876404495,0.02477012099443664
12,12,KNN,auto,1,uncalibrated,4.77,0.39247311827955966,0.023374532475382025
12,12,KNN,auto,1,uncalibrated,4.78,0.6373165618448637,0.02878308221749682
12,12,KNN,auto,1,uncalibrated,4.79,0.847870182555781,0.017755721501026004
12,12,KNN,auto,1,uncalibrated,4.81,0.9904214559386973,0.0069071863514635675
12,12,KNN,auto,1,uncalibrated,4.82,1.0,0.0
12,12,KNN,auto,1,uncalibrated,4.83,0.9976470588235201,0.00235294117647058
12,12,KNN,auto,1,uncalibrated,4.84,0.9981447124304267,0.0018552875695733364
12,12,KNN,auto,1,uncalibrated,4.85,1.0,0.0
12,12,KNN,auto,1,uncalibrated,4.86,1.0,0.0
12,12,KNN,auto,1,uncalibrated,4.87,1.0,0.0
12,12,KNN,auto,1,uncalibrated,4.88,1.0,0.0
12,12,KNN,auto,1,uncalibrated,4.9,1.0,0.0
12,12,KNN,auto,1,uncalibrated,4.93,1.0,0.0
12,12,KNN,auto,3,uncalibrated,4.67,0.0,0.0
12,12,KNN,auto,3,uncalibrated,4.7,0.0,0.0
12,12,KNN,auto,3,uncalibrated,4.72,0.0,0.0
12,12,KNN,auto,3,uncalibrated,4.73,0.0,0.0
12,12,KNN,auto,3,uncalibrated,4.74,0.008899676375404533,0.007281553398058252
12,12,KNN,auto,3,uncalibrated,4.75,0.05555555555555555,0.011893296108635544
12,12,KNN,auto,3,uncalibrated,4.76,0.1790262172284644,0.020043577768179242
12,12,KNN,auto,3,uncalibrated,4.77,0.434587813620082,0.020379363614273564
12,12,KNN,auto,3,uncalibrated,4.78,0.672916666666667,0.02146795750853992
12,12,KNN,auto,3,uncalibrated,4.79,0.8747474747474745,0.01645359154595366
12,12,KNN,auto,3,uncalibrated,4.81,0.9917302798982186,0.006997455470737879
12,12,KNN,auto,3,uncalibrated,4.82,0.9979508196721312,0.0020491803278688547
12,12,KNN,auto,3,uncalibrated,4.83,0.9992156862745284,0.0007843137254903032
12,12,KNN,auto,3,uncalibrated,4.84,0.998834498834499,0.001165501165501126
12,12,KNN,auto,3,uncalibrated,4.85,1.0,0.0
12,12,KNN,auto,3,uncalibrated,4.86,1.0,0.0
12,12,KNN,auto,3,uncalibrated,4.87,1.0,0.0
12,12,KNN,auto,3,uncalibrated,4.88,1.0,0.0
12,12,KNN,auto,3,uncalibrated,4.9,1.0,0.0
12,12,KNN,auto,3,uncalibrated,4.93,1.0,0.0
12,12,KNN,auto,5,uncalibrated,4.67,0.0,0.0
12,12,KNN,auto,5,uncalibrated,4.7,0.0,0.0
12,12,KNN,auto,5,uncalibrated,4.72,0.0,0.0
12,12,KNN,auto,5,uncalibrated,4.73,0.0,0.0
12,12,KNN,auto,5,uncalibrated,4.74,0.009223300970873786,0.007281553398058251
12,12,KNN,auto,5,uncalibrated,4.75,0.061046511627906974,0.011441911903613546
12,12,KNN,auto,5,uncalibrated,4.76,0.1896396396396396,0.022831217833286822
12,12,KNN,auto,5,uncalibrated,4.77,0.4494623655913876,0.02041949356433658
12,12,KNN,auto,5,uncalibrated,4.78,0.6875,0.02269463144217799
12,12,KNN,auto,5,uncalibrated,4.79,0.8836363636363638,0.014204764308078363
12,12,KNN,auto,5,uncalibrated,4.81,0.9916030534351146,0.006870229007633622
12,12,KNN,auto,5,uncalibrated,4.82,0.9974747474747366,0.0020773708584254044
12,12,KNN,auto,5,uncalibrated,4.83,0.9995294117647152,0.00047058823529405017
12,12,KNN,auto,5,uncalibrated,4.84,0.9989510489510489,0.0010489510489510856
12,12,KNN,auto,5,uncalibrated,4.85,1.0,0.0
12,12,KNN,auto,5,uncalibrated,4.86,1.0,0.0
12,12,KNN,auto,5,uncalibrated,4.87,1.0,0.0
12,12,KNN,auto,5,uncalibrated,4.88,1.0,0.0
12,12,KNN,auto,5,uncalibrated,4.9,1.0,0.0
12,12,KNN,auto,5,uncalibrated,4.93,1.0,0.0
12,12,KNN,auto,7,uncalibrated,4.67,0.0,0.0
12,12,KNN,auto,7,uncalibrated,4.7,0.0,0.0
12,12,KNN,auto,7,uncalibrated,4.72,0.0,0.0
12,12,KNN,auto,7,uncalibrated,4.73,0.0,0.0
12,12,KNN,auto,7,uncalibrated,4.74,0.009015256588072122,0.0076282940360610264
12,12,KNN,auto,7,uncalibrated,4.75,0.06353820598006762,0.01158218838197525
12,12,KNN,auto,7,uncalibrated,4.76,0.19325842696629225,0.021918195346968983
12,12,KNN,auto,7,uncalibrated,4.77,0.45545314900153616,0.020428299681638628
12,12,KNN,auto,7,uncalibrated,4.78,0.6925595238095238,0.022782279641950915
12,12,KNN,auto,7,uncalibrated,4.79,0.887445887445888,0.01430537804489901
12,12,KNN,auto,7,uncalibrated,4.81,0.992639040348964,0.006270447110141741
12,12,KNN,auto,7,uncalibrated,4.82,0.9981962481962592,0.0014838363274466268
12,12,KNN,auto,7,uncalibrated,4.83,0.9991496598639461,0.0005808929005646552
12,12,KNN,auto,7,uncalibrated,4.84,0.9992507492507492,0.0007492507492507516
12,12,KNN,auto,7,uncalibrated,4.85,1.0,0.0
12,12,KNN,auto,7,uncalibrated,4.86,1.0,0.0
12,12,KNN,auto,7,uncalibrated,4.87,1.0,0.0
12,12,KNN,auto,7,uncalibrated,4.88,1.0,0.0
12,12,KNN,auto,7,uncalibrated,4.9,1.0,0.0
12,12,KNN,auto,7,uncalibrated,4.93,1.0,0.0
12,12,KNN,auto,9,uncalibrated,4.67,0.0,0.0
12,12,KNN,auto,9,uncalibrated,4.7,0.0,0.0
12,12,KNN,auto,9,uncalibrated,4.72,0.0,0.0
12,12,KNN,auto,9,uncalibrated,4.73,0.0,0.0
12,12,KNN,auto,9,uncalibrated,4.74,0.008899676375404529,0.0072815533980582535
12,12,KNN,auto,9,uncalibrated,4.75,0.06427648578811368,0.011779393979537289
12,12,KNN,auto,9,uncalibrated,4.76,0.19675405742821472,0.021342838292718016
12,12,KNN,auto,9,uncalibrated,4.77,0.45459976105137906,0.020022847172420626
12,12,KNN,auto,9,uncalibrated,4.78,0.6962962962962967,0.024165898005844906
12,12,KNN,auto,9,uncalibrated,4.79,0.8902356902356905,0.013451167916119873
12,12,KNN,auto,9,uncalibrated,4.81,0.992790500424088,0.006361323155216203
12,12,KNN,auto,9,uncalibrated,4.82,0.9983164983164766,0.0011843263349922545
12,12,KNN,auto,9,uncalibrated,4.83,0.9993386243386243,0.00045180558932819454
12,12,KNN,auto,9,uncalibrated,4.84,0.9992229992229992,0.0007770007770008247
12,12,KNN,auto,9,uncalibrated,4.85,1.0,0.0
12,12,KNN,auto,9,uncalibrated,4.86,1.0,0.0
12,12,KNN,auto,9,uncalibrated,4.87,1.0,0.0
12,12,KNN,auto,9,uncalibrated,4.88,1.0,0.0
12,12,KNN,auto,9,uncalibrated,4.9,1.0,0.0
12,12,KNN,auto,9,uncalibrated,4.93,1.0,0.0
12,12,KNN,auto,11,uncalibrated,4.67,0.0,0.0
12,12,KNN,auto,11,uncalibrated,4.7,0.0,0.0
12,12,KNN,auto,11,uncalibrated,4.72,0.0,0.0
12,12,KNN,auto,11,uncalibrated,4.73,0.0,0.0
12,12,KNN,auto,11,uncalibrated,4.74,0.009929390997352162,0.008164165931156223
12,12,KNN,auto,11,uncalibrated,4.75,0.06474630021141649,0.011938378384188632
12,12,KNN,auto,11,uncalibrated,4.76,0.1979570990806946,0.02154606836097974
12,12,KNN,auto,11,uncalibrated,4.77,0.45576735092865145,0.019865168274624354
12,12,KNN,auto,11,uncalibrated,4.78,0.6992424242424239,0.024561894357378464
12,12,KNN,auto,11,uncalibrated,4.79,0.8921261294486466,0.013226426823132138
12,12,KNN,auto,11,uncalibrated,4.81,0.9930603747397639,0.005898681471200595
12,12,KNN,auto,11,uncalibrated,4.82,0.9983233979135622,0.0011928323840225527
12,12,KNN,auto,11,uncalibrated,4.83,0.9991443850267473,0.0005187310161044635
12,12,KNN,auto,11,uncalibrated,4.84,0.9993642720915448,0.0006357279084551748
12,12,KNN,auto,11,uncalibrated,4.85,1.0,0.0
12,12,KNN,auto,11,uncalibrated,4.86,1.0,0.0
12,12,KNN,auto,11,uncalibrated,4.87,1.0,0.0
12,12,KNN,auto,11,uncalibrated,4.88,1.0,0.0
12,12,KNN,auto,11,uncalibrated,4.9,1.0,0.0
12,12,KNN,auto,11,uncalibrated,4.93,1.0,0.0
12,12,KNN,auto,13,uncalibrated,4.67,0.0,0.0
12,12,KNN,auto,13,uncalibrated,4.7,0.0,0.0
12,12,KNN,auto,13,uncalibrated,4.72,0.0,0.0
12,12,KNN,auto,13,uncalibrated,4.73,0.0,0.0
12,12,KNN,auto,13,uncalibrated,4.74,0.010082150858849889,0.008215085884988798
12,12,KNN,auto,13,uncalibrated,4.75,0.06596601073345496,0.011997349640309941
12,12,KNN,auto,13,uncalibrated,4.76,0.19965427830596372,0.02146365184952867
12,12,KNN,auto,13,uncalibrated,4.77,0.46133167907361455,0.019746419132201595
12,12,KNN,auto,13,uncalibrated,4.78,0.7006410256410257,0.02413726135028572
12,12,KNN,auto,13,uncalibrated,4.79,0.894679357154004,0.013073556564434414
12,12,KNN,auto,13,uncalibrated,4.81,0.9929536112742222,0.0061655901350557984
12,12,KNN,auto,13,uncalibrated,4.82,0.9984459984460201,0.001193251193251212
12,12,KNN,auto,13,uncalibrated,4.83,0.9992760180995754,0.0004389262443958134
12,12,KNN,auto,13,uncalibrated,4.84,0.9993275954814413,0.0006724045185584338
12,12,KNN,auto,13,uncalibrated,4.85,1.0,0.0
12,12,KNN,auto,13,uncalibrated,4.86,1.0,0.0
12,12,KNN,auto,13,uncalibrated,4.87,1.0,0.0
12,12,KNN,auto,13,uncalibrated,4.88,1.0,0.0
12,12,KNN,auto,13,uncalibrated,4.9,1.0,0.0
12,12,KNN,auto,13,uncalibrated,4.93,1.0,0.0
12,12,KNN,auto,15,uncalibrated,4.67,0.0,0.0
12,12,KNN,auto,15,uncalibrated,4.7,0.0,0.0
12,12,KNN,auto,15,uncalibrated,4.72,0.0,0.0
12,12,KNN,auto,15,uncalibrated,4.73,0.0,0.0
12,12,KNN,auto,15,uncalibrated,4.74,0.010517799352750809,0.008252427184466019
12,12,KNN,auto,15,uncalibrated,4.75,0.06705426356589266,0.012076467440009628
12,12,KNN,auto,15,uncalibrated,4.76,0.20104868913857668,0.02172878647960594
12,12,KNN,auto,15,uncalibrated,4.77,0.46057347670249876,0.020018602307759287
12,12,KNN,auto,15,uncalibrated,4.78,0.7005555555555552,0.023958769453894396
12,12,KNN,auto,15,uncalibrated,4.79,0.8958755916159549,0.012996438466636813
12,12,KNN,auto,15,uncalibrated,4.81,0.9927480916030537,0.005979643765903431
12,12,KNN,auto,15,uncalibrated,4.82,0.9984848484848158,0.0010725879327070967
12,12,KNN,auto,15,uncalibrated,4.83,0.9993725490196359,0.0003804027451431383
12,12,KNN,auto,15,uncalibrated,4.84,0.9993006993006993,0.0006993006993006867
12,12,KNN,auto,15,uncalibrated,4.85,1.0,0.0
12,12,KNN,auto,15,uncalibrated,4.86,1.0,0.0
12,12,KNN,auto,15,uncalibrated,4.87,1.0,0.0
12,12,KNN,auto,15,uncalibrated,4.88,1.0,0.0
12,12,KNN,auto,15,uncalibrated,4.9,1.0,0.0
12,12,KNN,auto,15,uncalibrated,4.93,1.0,0.0
12,12,KNN,auto,17,uncalibrated,4.67,0.0,0.0
12,12,KNN,auto,17,uncalibrated,4.7,0.0,0.0
12,12,KNN,auto,17,uncalibrated,4.72,0.0,0.0
12,12,KNN,auto,17,uncalibrated,4.73,0.0,0.0
12,12,KNN,auto,17,uncalibrated,4.74,0.010993717875499714,0.008709308966304969
12,12,KNN,auto,17,uncalibrated,4.75,0.0666894664842705,0.011967892323071268
12,12,KNN,auto,17,uncalibrated,4.76,0.20330469266358228,0.022262544777854488
12,12,KNN,auto,17,uncalibrated,4.77,0.4628399746995522,0.019988625768924646
12,12,KNN,auto,17,uncalibrated,4.78,0.7013480392156859,0.023029109694260107
12,12,KNN,auto,17,uncalibrated,4.79,0.8969096766495627,0.013091596236980049
12,12,KNN,auto,17,uncalibrated,4.81,0.9925909295015718,0.006061966771441274
12,12,KNN,auto,17,uncalibrated,4.82,0.9985145573380649,0.00108681843878308
12,12,KNN,auto,17,uncalibrated,4.83,0.9994463667820256,0.00033564948100869835
12,12,KNN,auto,17,uncalibrated,4.84,0.9992801316330728,0.0007198683669271122
12,12,KNN,auto,17,uncalibrated,4.85,1.0,0.0
12,12,KNN,auto,17,uncalibrated,4.86,1.0,0.0
12,12,KNN,auto,17,uncalibrated,4.87,1.0,0.0
12,12,KNN,auto,17,uncalibrated,4.88,1.0,0.0
12,12,KNN,auto,17,uncalibrated,4.9,1.0,0.0
12,12,KNN,auto,17,uncalibrated,4.93,1.0,0.0
12,12,KNN,auto,19,uncalibrated,4.67,0.0,0.0
12,12,KNN,auto,19,uncalibrated,4.7,0.0,0.0
12,12,KNN,auto,19,uncalibrated,4.72,0.0,0.0
12,12,KNN,auto,19,uncalibrated,4.73,0.0001367053998632946,0.0001367053998632946
12,12,KNN,auto,19,uncalibrated,4.74,0.010858456821665818,0.008559018906489524
12,12,KNN,auto,19,uncalibrated,4.75,0.06731946144430725,0.012046084071616373
12,12,KNN,auto,19,uncalibrated,4.76,0.20402128917800116,0.021001406127181235
12,12,KNN,auto,19,uncalibrated,4.77,0.4640633842671296,0.019958727280883902
12,12,KNN,auto,19,uncalibrated,4.78,0.7018640350877193,0.0236288983477727
12,12,KNN,auto,19,uncalibrated,4.79,0.898153090637342,0.01307700936262434
12,12,KNN,auto,19,uncalibrated,4.81,0.9929690638810765,0.005624748895138643
12,12,KNN,auto,19,uncalibrated,4.82,0.9985380116958956,0.0010997638381997166
12,12,KNN,auto,19,uncalibrated,4.83,0.9994778613199665,0.0003399920759420313
12,12,KNN,auto,19,uncalibrated,4.84,0.9993559072506442,0.0006440927493558957
12,12,KNN,auto,19,uncalibrated,4.85,1.0,0.0
12,12,KNN,auto,19,uncalibrated,4.86,1.0,0.0
12,12,KNN,auto,19,uncalibrated,4.87,1.0,0.0
12,12,KNN,auto,19,uncalibrated,4.88,1.0,0.0
12,12,KNN,auto,19,uncalibrated,4.9,1.0,0.0
12,12,KNN,auto,19,uncalibrated,4.93,1.0,0.0
12,12,KNN,auto,21,uncalibrated,4.67,0.0,0.0
12,12,KNN,auto,21,uncalibrated,4.7,0.0,0.0
12,12,KNN,auto,21,uncalibrated,4.72,0.0,0.0
12,12,KNN,auto,21,uncalibrated,4.73,0.00012368583797155226,0.00012368583797155226
12,12,KNN,auto,21,uncalibrated,4.74,0.010517799352750812,0.0079750346740638
12,12,KNN,auto,21,uncalibrated,4.75,0.06727574750830682,0.01203074412166142
12,12,KNN,auto,21,uncalibrated,4.76,0.2055644729802033,0.02148085992958734
12,12,KNN,auto,21,uncalibrated,4.77,0.4642857142857092,0.01991265903217803
12,12,KNN,auto,21,uncalibrated,4.78,0.7019841269841267,0.023905779857047324
12,12,KNN,auto,21,uncalibrated,4.79,0.8988698927846982,0.013137087975202166
12,12,KNN,auto,21,uncalibrated,4.81,0.9927299163940384,0.005634314794620121
12,12,KNN,auto,21,uncalibrated,4.82,0.9984367484367267,0.0012283591796004504
12,12,KNN,auto,21,uncalibrated,4.83,0.9995275888133018,0.00030761187823327945
12,12,KNN,auto,21,uncalibrated,4.84,0.9993339993339996,0.0006660006660005879
12,12,KNN,auto,21,uncalibrated,4.85,1.0,0.0
12,12,KNN,auto,21,uncalibrated,4.86,1.0,0.0
12,12,KNN,auto,21,uncalibrated,4.87,1.0,0.0
12,12,KNN,auto,21,uncalibrated,4.88,1.0,0.0
12,12,KNN,auto,21,uncalibrated,4.9,1.0,0.0
12,12,KNN,auto,21,uncalibrated,4.93,1.0,0.0
12,12,KNN,auto,23,uncalibrated,4.67,0.0,0.0
12,12,KNN,auto,23,uncalibrated,4.7,0.0,0.0
12,12,KNN,auto,23,uncalibrated,4.72,0.0,0.0
12,12,KNN,auto,23,uncalibrated,4.73,0.00011293054771315614,0.00011293054771315642
12,12,KNN,auto,23,uncalibrated,4.74,0.01055297593921486,0.008231321232587591
12,12,KNN,auto,23,uncalibrated,4.75,0.06761880687563195,0.012006232616040589
12,12,KNN,auto,23,uncalibrated,4.76,0.20781631656082086,0.02182956549390467
12,12,KNN,auto,23,uncalibrated,4.77,0.466923796166433,0.01987555329521137
12,12,KNN,auto,23,uncalibrated,4.78,0.7026268115942025,0.02404824491643575
12,12,KNN,auto,23,uncalibrated,4.79,0.8991974600934846,0.013171267661529925
12,12,KNN,auto,23,uncalibrated,4.81,0.9927812811151677,0.005559243279123827
12,12,KNN,auto,23,uncalibrated,4.82,0.9984628897672376,0.0012289317221875235
12,12,KNN,auto,23,uncalibrated,4.83,0.9995686680469283,0.00028086301925634723
12,12,KNN,auto,23,uncalibrated,4.84,0.9993159014898143,0.0006840985101855268
12,12,KNN,auto,23,uncalibrated,4.85,1.0,0.0
12,12,KNN,auto,23,uncalibrated,4.86,1.0,0.0
12,12,KNN,auto,23,uncalibrated,4.87,1.0,0.0
12,12,KNN,auto,23,uncalibrated,4.88,1.0,0.0
12,12,KNN,auto,23,uncalibrated,4.9,1.0,0.0
12,12,KNN,auto,23,uncalibrated,4.93,1.0,0.0
12,12,KNN,auto,25,uncalibrated,4.67,0.0,0.0
12,12,KNN,auto,25,uncalibrated,4.7,0.0,0.0
12,12,KNN,auto,25,uncalibrated,4.72,0.0,0.0
12,12,KNN,auto,25,uncalibrated,4.73,0.0001038961038961039,0.0001038961038961039
12,12,KNN,auto,25,uncalibrated,4.74,0.010485436893203887,0.008155339805825244
12,12,KNN,auto,25,uncalibrated,4.75,0.06802325581395348,0.01208816197144671
12,12,KNN,auto,25,uncalibrated,4.76,0.2086292134831462,0.022514297103033907
12,12,KNN,auto,25,uncalibrated,4.77,0.46881720430107526,0.019981202867469825
12,12,KNN,auto,25,uncalibrated,4.78,0.7025833333333333,0.024401113742037534
12,12,KNN,auto,25,uncalibrated,4.79,0.8997160243407708,0.013190574392066728
12,12,KNN,auto,25,uncalibrated,4.81,0.9929770992366413,0.005496183206106842
12,12,KNN,auto,25,uncalibrated,4.82,0.9984848484848159,0.0012297725291204042
12,12,KNN,auto,25,uncalibrated,4.83,0.999603174603174,0.0002583939777157847
12,12,KNN,auto,25,uncalibrated,4.84,0.9993006993006993,0.0006993006993006867
12,12,KNN,auto,25,uncalibrated,4.85,1.0,0.0
12,12,KNN,auto,25,uncalibrated,4.86,1.0,0.0
12,12,KNN,auto,25,uncalibrated,4.87,1.0,0.0
12,12,KNN,auto,25,uncalibrated,4.88,1.0,0.0
12,12,KNN,auto,25,uncalibrated,4.9,1.0,0.0
12,12,KNN,auto,25,uncalibrated,4.93,1.0,0.0
12,12,KNN,auto,27,uncalibrated,4.67,0.0,0.0
12,12,KNN,auto,27,uncalibrated,4.7,0.0,0.0
12,12,KNN,auto,27,uncalibrated,4.72,0.0,0.0
12,12,KNN,auto,27,uncalibrated,4.73,0.0002494076568150748,0.00017545575333219503
12,12,KNN,auto,27,uncalibrated,4.74,0.010607695073714491,0.008090614886731391
12,12,KNN,auto,27,uncalibrated,4.75,0.069229112833764,0.01220902531113347
12,12,KNN,auto,27,uncalibrated,4.76,0.20957136912193103,0.022669329028775147
12,12,KNN,auto,27,uncalibrated,4.77,0.4692353643966547,0.020033902328588503
12,12,KNN,auto,27,uncalibrated,4.78,0.7032407407407407,0.02454383010245455
12,12,KNN,auto,27,uncalibrated,4.79,0.8998572609120294,0.013034467819351574
12,12,KNN,auto,27,uncalibrated,4.81,0.9931439072660446,0.005301102629347021
12,12,KNN,auto,27,uncalibrated,4.82,0.9985035540591423,0.0012307474176998063
12,12,KNN,auto,27,uncalibrated,4.83,0.9996325690770135,0.00023925368307040805
12,12,KNN,auto,27,uncalibrated,4.84,0.9992877492877493,0.0007122507122506727
12,12,KNN,auto,27,uncalibrated,4.85,1.0,0.0
12,12,KNN,auto,27,uncalibrated,4.86,1.0,0.0
12,12,KNN,auto,27,uncalibrated,4.87,1.0,0.0
12,12,KNN,auto,27,uncalibrated,4.88,1.0,0.0
12,12,KNN,auto,27,uncalibrated,4.9,1.0,0.0
12,12,KNN,auto,27,uncalibrated,4.93,1.0,0.0
12,12,KNN,auto,29,uncalibrated,4.67,0.0,0.0
12,12,KNN,auto,29,uncalibrated,4.7,0.0,0.0
12,12,KNN,auto,29,uncalibrated,4.72,0.0,0.0
12,12,KNN,auto,29,uncalibrated,4.73,0.00023220712875884759,0.00016335535655066436
12,12,KNN,auto,29,uncalibrated,4.74,0.010629394040843652,0.008118513558754602
12,12,KNN,auto,29,uncalibrated,4.75,0.06966720128307823,0.012224153646397526
12,12,KNN,auto,29,uncalibrated,4.76,0.21139093374660983,0.02267063330476278
12,12,KNN,auto,29,uncalibrated,4.77,0.47043010752687664,0.020061787309765437
12,12,KNN,auto,29,uncalibrated,4.78,0.7045977011494249,0.02466275147198042
12,12,KNN,auto,29,uncalibrated,4.79,0.900748408757082,0.012918161718504045
12,12,KNN,auto,29,uncalibrated,4.81,0.9930902869176101,0.005198736509607782
12,12,KNN,auto,29,uncalibrated,4.82,0.9984326018808342,0.0013178417363046003
12,12,KNN,auto,29,uncalibrated,4.83,0.9996579091406677,0.0002227534290654555
12,12,KNN,auto,29,uncalibrated,4.84,0.9993368700265253,0.0006631299734747298
12,12,KNN,auto,29,uncalibrated,4.85,1.0,0.0
12,12,KNN,auto,29,uncalibrated,4.86,1.0,0.0
12,12,KNN,auto,29,uncalibrated,4.87,1.0,0.0
12,12,KNN,auto,29,uncalibrated,4.88,1.0,0.0
12,12,KNN,auto,29,uncalibrated,4.9,1.0,0.0
12,12,KNN,auto,29,uncalibrated,4.93,1.0,0.0
12,12,KNN,auto,31,uncalibrated,4.67,0.0,0.0
12,12,KNN,auto,31,uncalibrated,4.7,0.0,0.0
12,12,KNN,auto,31,uncalibrated,4.72,0.0,0.0
12,12,KNN,auto,31,uncalibrated,4.73,0.0003258390355164602,0.00024187275625874559
12,12,KNN,auto,31,uncalibrated,4.74,0.010413404321954277,0.008064516129032256
12,12,KNN,auto,31,uncalibrated,4.75,0.06995498874718915,0.01218375671784624
12,12,KNN,auto,31,uncalibrated,4.76,0.21188836534976452,0.022602073659067367
12,12,KNN,auto,31,uncalibrated,4.77,0.4712105445716268,0.02010688713610237
12,12,KNN,auto,31,uncalibrated,4.78,0.7050403225806452,0.024696430068534864
12,12,KNN,auto,31,uncalibrated,4.79,0.9011319767061441,0.012768457378708896
12,12,KNN,auto,31,uncalibrated,4.81,0.9931051465156369,0.0051711401132725765
12,12,KNN,auto,31,uncalibrated,4.82,0.998452264581275,0.0013134475931818152
12,12,KNN,auto,31,uncalibrated,4.83,0.9996799795186893,0.0002083822400933696
12,12,KNN,auto,31,uncalibrated,4.84,0.9993232573877735,0.0006767426122264442
12,12,KNN,auto,31,uncalibrated,4.85,1.0,0.0
12,12,KNN,auto,31,uncalibrated,4.86,1.0,0.0
12,12,KNN,auto,31,uncalibrated,4.87,1.0,0.0
12,12,KNN,auto,31,uncalibrated,4.88,1.0,0.0
12,12,KNN,auto,31,uncalibrated,4.9,1.0,0.0
12,12,KNN,auto,31,uncalibrated,4.93,1.0,0.0
12,12,KNN,auto,33,uncalibrated,4.67,0.0,0.0
12,12,KNN,auto,33,uncalibrated,4.7,0.0,0.0
12,12,KNN,auto,33,uncalibrated,4.72,0.0,0.0
12,12,KNN,auto,33,uncalibrated,4.73,0.00030609121518212427,0.0002272138013339732
12,12,KNN,auto,33,uncalibrated,4.74,0.010591350397175639,0.008384819064430712
12,12,KNN,auto,33,uncalibrated,4.75,0.06967935165609584,0.012144520509954432
12,12,KNN,auto,33,uncalibrated,4.76,0.21171263193735115,0.022951567293435452
12,12,KNN,auto,33,uncalibrated,4.77,0.47214076246333797,0.020183360384295437
12,12,KNN,auto,33,uncalibrated,4.78,0.7056818181818179,0.02455918977354701
12,12,KNN,auto,33,uncalibrated,4.79,0.901284651791753,0.01284850292923416
12,12,KNN,auto,33,uncalibrated,4.81,0.9931760351607684,0.0050890585241729624
12,12,KNN,auto,33,uncalibrated,4.82,0.9983930211202721,0.0013855850829250936
12,12,KNN,auto,33,uncalibrated,4.83,0.9996993746993742,0.00019575301342106779
12,12,KNN,auto,33,uncalibrated,4.84,0.9993642720915448,0.0006357279084551748
12,12,KNN,auto,33,uncalibrated,4.85,1.0,0.0
12,12,KNN,auto,33,uncalibrated,4.86,1.0,0.0
12,12,KNN,auto,33,uncalibrated,4.87,1.0,0.0
12,12,KNN,auto,33,uncalibrated,4.88,1.0,0.0
12,12,KNN,auto,33,uncalibrated,4.9,1.0,0.0
12,12,KNN,auto,33,uncalibrated,4.93,1.0,0.0
12,12,KNN,auto,35,uncalibrated,4.67,0.0,0.0
12,12,KNN,auto,35,uncalibrated,4.7,0.0,0.0
12,12,KNN,auto,35,uncalibrated,4.72,0.0,0.0
12,12,KNN,auto,35,uncalibrated,4.73,0.0002886002886002939,0.00021423015554346034
12,12,KNN,auto,35,uncalibrated,4.74,0.010887656033287101,0.008529819694868237
12,12,KNN,auto,35,uncalibrated,4.75,0.06985049833886925,0.012133916608156717
12,12,KNN,auto,35,uncalibrated,4.76,0.2120064205457465,0.02285403156634156
12,12,KNN,auto,35,uncalibrated,4.77,0.47250384024577563,0.020268748683728306
12,12,KNN,auto,35,uncalibrated,4.78,0.7060119047619051,0.024815147086876353
12,12,KNN,auto,35,uncalibrated,4.79,0.9013039698638058,0.012773351155557605
12,12,KNN,auto,35,uncalibrated,4.81,0.9934023991275902,0.0049618320610686495
12,12,KNN,auto,35,uncalibrated,4.82,0.9984126984126659,0.0013780397811915047
12,12,KNN,auto,35,uncalibrated,4.83,0.9997165532879814,0.0001845671269398949
12,12,KNN,auto,35,uncalibrated,4.84,0.9993006993006993,0.0006993006993006867
12,12,KNN,auto,35,uncalibrated,4.85,1.0,0.0
12,12,KNN,auto,35,uncalibrated,4.86,1.0,0.0
12,12,KNN,auto,35,uncalibrated,4.87,1.0,0.0
12,12,KNN,auto,35,uncalibrated,4.88,1.0,0.0
12,12,KNN,auto,35,uncalibrated,4.9,1.0,0.0
12,12,KNN,auto,35,uncalibrated,4.93,1.0,0.0
12,12,KNN,auto,37,uncalibrated,4.67,0.0,0.0
12,12,KNN,auto,37,uncalibrated,4.7,0.0,0.0
12,12,KNN,auto,37,uncalibrated,4.72,0.0,0.0
12,12,KNN,auto,37,uncalibrated,4.73,0.0003640003640003481,0.00022100022100022098
12,12,KNN,auto,37,uncalibrated,4.74,0.010823930726843348,0.008462345840986617
12,12,KNN,auto,37,uncalibrated,4.75,0.0697674418604663,0.0120943138677468
12,12,KNN,auto,37,uncalibrated,4.76,0.21286827367908456,0.02275160056476441
12,12,KNN,auto,37,uncalibrated,4.77,0.4735541993606613,0.02026043755563123
12,12,KNN,auto,37,uncalibrated,4.78,0.7068130630630627,0.024863915357844532
12,12,KNN,auto,37,uncalibrated,4.79,0.9008278054931199,0.01298523222952275
12,12,KNN,auto,37,uncalibrated,4.81,0.9935011347225088,0.0049515164018980595
12,12,KNN,auto,37,uncalibrated,4.82,0.9984302484302157,0.0013713588876544107
12,12,KNN,auto,37,uncalibrated,4.83,0.9997318747318746,0.0001745905254837515
12,12,KNN,auto,37,uncalibrated,4.84,0.9992912492912491,0.000708750708750705
12,12,KNN,auto,37,uncalibrated,4.85,1.0,0.0
12,12,KNN,auto,37,uncalibrated,4.86,1.0,0.0
12,12,KNN,auto,37,uncalibrated,4.87,1.0,0.0
12,12,KNN,auto,37,uncalibrated,4.88,1.0,0.0
12,12,KNN,auto,37,uncalibrated,4.9,1.0,0.0
12,12,KNN,auto,37,uncalibrated,4.93,1.0,0.0
12,12,KNN,auto,39,uncalibrated,4.67,0.0,0.0
12,12,KNN,auto,39,uncalibrated,4.7,0.0,0.0
12,12,KNN,auto,39,uncalibrated,4.72,0.0,0.0
12,12,KNN,auto,39,uncalibrated,4.73,0.00043166709833376496,0.000225400116950914
12,12,KNN,auto,39,uncalibrated,4.74,0.010891212347523025,0.008650734378889718
12,12,KNN,auto,39,uncalibrated,4.75,0.07051282051282287,0.012120475458673776
12,12,KNN,auto,39,uncalibrated,4.76,0.2131554631554632,0.022864282789710057
12,12,KNN,auto,39,uncalibrated,4.77,0.47429004687070225,0.020262833924598
12,12,KNN,auto,39,uncalibrated,4.78,0.7069978632478633,0.024733982796394983
12,12,KNN,auto,39,uncalibrated,4.79,0.9013366619857492,0.012969414797149503
12,12,KNN,auto,39,uncalibrated,4.81,0.9934918770796636,0.005040125269133
12,12,KNN,auto,39,uncalibrated,4.82,0.9983812483812702,0.001429807295126034
12,12,KNN,auto,39,uncalibrated,4.83,0.9997456247456248,0.00016563716520236546
12,12,KNN,auto,39,uncalibrated,4.84,0.9992827685135379,0.0007172314864622442
12,12,KNN,auto,39,uncalibrated,4.85,1.0,0.0
12,12,KNN,auto,39,uncalibrated,4.86,1.0,0.0
12,12,KNN,auto,39,uncalibrated,4.87,1.0,0.0
12,12,KNN,auto,39,uncalibrated,4.88,1.0,0.0
12,12,KNN,auto,39,uncalibrated,4.9,1.0,0.0
12,12,KNN,auto,39,uncalibrated,4.93,1.0,0.0
12,12,KNN,auto,41,uncalibrated,4.67,0.0,0.0
12,12,KNN,auto,41,uncalibrated,4.7,0.0,0.0
12,12,KNN,auto,41,uncalibrated,4.72,0.0,0.0
12,12,KNN,auto,41,uncalibrated,4.73,0.0005748542333907974,0.00031435753603337115
12,12,KNN,auto,41,uncalibrated,4.74,0.011011129528771016,0.008643144683874024
12,12,KNN,auto,41,uncalibrated,4.75,0.07097277368122282,0.012153725404630274
12,12,KNN,auto,41,uncalibrated,4.76,0.21341463414634154,0.022670689166022225
12,12,KNN,auto,41,uncalibrated,4.77,0.47547862575399946,0.020306946232840264
12,12,KNN,auto,41,uncalibrated,4.78,0.7078760162601622,0.02474148276894161
12,12,KNN,auto,41,uncalibrated,4.79,0.9015979814970564,0.013062271677173512
12,12,KNN,auto,41,uncalibrated,4.81,0.9935766151554644,0.005026996834853803
12,12,KNN,auto,41,uncalibrated,4.82,0.9983370288248228,0.0014826677932618917
12,12,KNN,auto,41,uncalibrated,4.83,0.9997580332946192,0.00015755730348531442
12,12,KNN,auto,41,uncalibrated,4.84,0.9992751151287734,0.00072488487122635
12,12,KNN,auto,41,uncalibrated,4.85,1.0,0.0
12,12,KNN,auto,41,uncalibrated,4.86,1.0,0.0
12,12,KNN,auto,41,uncalibrated,4.87,1.0,0.0
12,12,KNN,auto,41,uncalibrated,4.88,1.0,0.0
12,12,KNN,auto,41,uncalibrated,4.9,1.0,0.0
12,12,KNN,auto,41,uncalibrated,4.93,1.0,0.0
12,12,KNN,auto,43,uncalibrated,4.67,0.0,0.0
12,12,KNN,auto,43,uncalibrated,4.7,0.0,0.0
12,12,KNN,auto,43,uncalibrated,4.72,0.0,0.0
12,12,KNN,auto,43,uncalibrated,4.73,0.0005481168271866053,0.0002997362552876331
12,12,KNN,auto,43,uncalibrated,4.74,0.010894107021901106,0.008410476405509144
12,12,KNN,auto,43,uncalibrated,4.75,0.07091671173607354,0.01212427187220784
12,12,KNN,auto,43,uncalibrated,4.76,0.2140163419233186,0.022946030173486953
12,12,KNN,auto,43,uncalibrated,4.77,0.47599399849961976,0.0202139867949792
12,12,KNN,auto,43,uncalibrated,4.78,0.7087209302325573,0.02458008213725757
12,12,KNN,auto,43,uncalibrated,4.79,0.9018821642530307,0.013095784832934063
12,12,KNN,auto,43,uncalibrated,4.81,0.9936534706195632,0.005015089650275084
12,12,KNN,auto,43,uncalibrated,4.82,0.9983556495184295,0.0014721915459721948
12,12,KNN,auto,43,uncalibrated,4.83,0.9997692875599853,0.0001502290568115104
12,12,KNN,auto,43,uncalibrated,4.84,0.9993088307041795,0.0006911692958205263
12,12,KNN,auto,43,uncalibrated,4.85,1.0,0.0
12,12,KNN,auto,43,uncalibrated,4.86,1.0,0.0
12,12,KNN,auto,43,uncalibrated,4.87,1.0,0.0
12,12,KNN,auto,43,uncalibrated,4.88,1.0,0.0
12,12,KNN,auto,43,uncalibrated,4.9,1.0,0.0
12,12,KNN,auto,43,uncalibrated,4.93,1.0,0.0
12,12,KNN,auto,45,uncalibrated,4.67,0.0,0.0
12,12,KNN,auto,45,uncalibrated,4.7,0.0,0.0
12,12,KNN,auto,45,uncalibrated,4.72,0.0,0.0
12,12,KNN,auto,45,uncalibrated,4.73,0.0005237560793116136,0.000286414643941516
12,12,KNN,auto,45,uncalibrated,4.74,0.010949298813376484,0.008576051779935276
12,12,KNN,auto,45,uncalibrated,4.75,0.07131782945736434,0.01215142773518459
12,12,KNN,auto,45,uncalibrated,4.76,0.2141141141141141,0.022925818649031832
12,12,KNN,auto,45,uncalibrated,4.77,0.4767025089605683,0.020128436977340243
12,12,KNN,auto,45,uncalibrated,4.78,0.7086574074074078,0.024792851783180362
12,12,KNN,auto,45,uncalibrated,4.79,0.9020960108181204,0.01311938131477048
12,12,KNN,auto,45,uncalibrated,4.81,0.993765903307888,0.0049618320610687605
12,12,KNN,auto,45,uncalibrated,4.82,0.9983726150393033,0.0014626642103990556
12,12,KNN,auto,45,uncalibrated,4.83,0.9997795414462082,0.00014355220984204134
12,12,KNN,auto,45,uncalibrated,4.84,0.9993006993006993,0.0006993006993006867
12,12,KNN,auto,45,uncalibrated,4.85,1.0,0.0
12,12,KNN,auto,45,uncalibrated,4.86,1.0,0.0
12,12,KNN,auto,45,uncalibrated,4.87,1.0,0.0
12,12,KNN,auto,45,uncalibrated,4.88,1.0,0.0
12,12,KNN,auto,45,uncalibrated,4.9,1.0,0.0
12,12,KNN,auto,45,uncalibrated,4.93,1.0,0.0
12,12,KNN,auto,47,uncalibrated,4.67,0.0,0.0
12,12,KNN,auto,47,uncalibrated,4.7,0.0,0.0
12,12,KNN,auto,47,uncalibrated,4.72,0.0,0.0
12,12,KNN,auto,47,uncalibrated,4.73,0.0005014685865749908,0.0002742267867525152
12,12,KNN,auto,47,uncalibrated,4.74,0.01094815120842801,0.008572608965089858
12,12,KNN,auto,47,uncalibrated,4.75,0.07137555665512241,0.012138924396115282
12,12,KNN,auto,47,uncalibrated,4.76,0.21449108683151238,0.022966356745198587
12,12,KNN,auto,47,uncalibrated,4.77,0.47706474490964196,0.02020911051893287
12,12,KNN,auto,47,uncalibrated,4.78,0.7091755319148945,0.024696506232825235
12,12,KNN,auto,47,uncalibrated,4.79,0.9028153879217714,0.013223026467507249
12,12,KNN,auto,47,uncalibrated,4.81,0.9937063504953709,0.004994315413350603
12,12,KNN,auto,47,uncalibrated,4.82,0.998334407908876,0.0014543476631021272
12,12,KNN,auto,47,uncalibrated,4.83,0.9997889226612624,0.000137443605168106
12,12,KNN,auto,47,uncalibrated,4.84,0.9993304567772654,0.0006695432227346587
12,12,KNN,auto,47,uncalibrated,4.85,1.0,0.0
12,12,KNN,auto,47,uncalibrated,4.86,1.0,0.0
12,12,KNN,auto,47,uncalibrated,4.87,1.0,0.0
12,12,KNN,auto,47,uncalibrated,4.88,1.0,0.0
12,12,KNN,auto,47,uncalibrated,4.9,1.0,0.0
12,12,KNN,auto,47,uncalibrated,4.93,1.0,0.0
12,12,KNN,auto,49,uncalibrated,4.67,0.0,0.0
12,12,KNN,auto,49,uncalibrated,4.7,0.0,0.0
12,12,KNN,auto,49,uncalibrated,4.72,0.0,0.0
12,12,KNN,auto,49,uncalibrated,4.73,0.000481000481000465,0.00026303385668098405
12,12,KNN,auto,49,uncalibrated,4.74,0.011046166039231226,0.00856944719635427
12,12,KNN,auto,49,uncalibrated,4.75,0.07113194114855244,0.012104077166256054
12,12,KNN,auto,49,uncalibrated,4.76,0.21506710792425085,0.022819982995076565
12,12,KNN,auto,49,uncalibrated,4.77,0.478110599078341,0.02021668093430003
12,12,KNN,auto,49,uncalibrated,4.78,0.7096088435374149,0.024458133743185943
12,12,KNN,auto,49,uncalibrated,4.79,0.9027829313543598,0.013321468134877739
12,12,KNN,auto,49,uncalibrated,4.81,0.993729552889858,0.005024147063405426
12,12,KNN,auto,49,uncalibrated,4.82,0.9983508554937018,0.001446321904947436
12,12,KNN,auto,49,uncalibrated,4.83,0.9997975380628442,0.00013183366209987702
12,12,KNN,auto,49,uncalibrated,4.84,0.9993577850720711,0.0006422149279291522
12,12,KNN,auto,49,uncalibrated,4.85,1.0,0.0
12,12,KNN,auto,49,uncalibrated,4.86,1.0,0.0
12,12,KNN,auto,49,uncalibrated,4.87,1.0,0.0
12,12,KNN,auto,49,uncalibrated,4.88,1.0,0.0
12,12,KNN,auto,49,uncalibrated,4.9,1.0,0.0
12,12,KNN,auto,49,uncalibrated,4.93,1.0,0.0
12,12,KNN,auto,51,uncalibrated,4.67,0.0,0.0
12,12,KNN,auto,51,uncalibrated,4.7,0.0,0.0
12,12,KNN,auto,51,uncalibrated,4.72,0.0,0.0
12,12,KNN,auto,51,uncalibrated,4.73,0.0005281573909024889,0.0003066287186903366
12,12,KNN,auto,51,uncalibrated,4.74,0.011279268989149056,0.008518941557205405
12,12,KNN,auto,51,uncalibrated,4.75,0.07124943000456113,0.012055579127722179
12,12,KNN,auto,51,uncalibrated,4.76,0.215244656421127,0.02297318350889017
12,12,KNN,auto,51,uncalibrated,4.77,0.4787581699346456,0.02017365650420372
12,12,KNN,auto,51,uncalibrated,4.78,0.7093137254901961,0.02452568476069039
12,12,KNN,auto,51,uncalibrated,4.79,0.9029510794216682,0.013296090236079671
12,12,KNN,auto,51,uncalibrated,4.81,0.9938257745846428,0.00497679988025751
12,12,KNN,auto,51,uncalibrated,4.82,0.9984155278272926,0.0013896033988711153
12,12,KNN,auto,51,uncalibrated,4.83,0.9998054777466542,0.00012666371456678923
12,12,KNN,auto,51,uncalibrated,4.84,0.999348690525161,0.0006513094748388792
12,12,KNN,auto,51,uncalibrated,4.85,1.0,0.0
12,12,KNN,auto,51,uncalibrated,4.86,1.0,0.0
12,12,KNN,auto,51,uncalibrated,4.87,1.0,0.0
12,12,KNN,auto,51,uncalibrated,4.88,1.0,0.0
12,12,KNN,auto,51,uncalibrated,4.9,1.0,0.0
12,12,KNN,auto,51,uncalibrated,4.93,1.0,0.0
12,12,KNN,auto,61,uncalibrated,4.67,0.0,0.0
12,12,KNN,auto,61,uncalibrated,4.7,0.0,0.0
12,12,KNN,auto,61,uncalibrated,4.72,0.0,0.0
12,12,KNN,auto,61,uncalibrated,4.73,0.0005519677650825193,0.00035518670324021515
12,12,KNN,auto,61,uncalibrated,4.74,0.011578863600190992,0.008475250676428459
12,12,KNN,auto,61,uncalibrated,4.75,0.07124475791079037,0.01201610811988385
12,12,KNN,auto,61,uncalibrated,4.76,0.21787771377935314,0.022792165301083838
12,12,KNN,auto,61,uncalibrated,4.77,0.48065397496916235,0.020099905789871985
12,12,KNN,auto,61,uncalibrated,4.78,0.7115437158469945,0.02373680563286646
12,12,KNN,auto,61,uncalibrated,4.79,0.9037674990855603,0.013233528072051961
12,12,KNN,auto,61,uncalibrated,4.81,0.9938993868101617,0.004974346139406949
12,12,KNN,auto,61,uncalibrated,4.82,0.9984268918695365,0.0013682818329130457
12,12,KNN,auto,61,uncalibrated,4.83,0.9997933599669376,0.00012575711932426815
12,12,KNN,auto,61,uncalibrated,4.84,0.9994268027054912,0.000573197294508776
12,12,KNN,auto,61,uncalibrated,4.85,1.0,0.0
12,12,KNN,auto,61,uncalibrated,4.86,1.0,0.0
12,12,KNN,auto,61,uncalibrated,4.87,1.0,0.0
12,12,KNN,auto,61,uncalibrated,4.88,1.0,0.0
12,12,KNN,auto,61,uncalibrated,4.9,1.0,0.0
12,12,KNN,auto,61,uncalibrated,4.93,1.0,0.0
12,12,KNN,auto,81,uncalibrated,4.67,0.0,0.0
12,12,KNN,auto,81,uncalibrated,4.7,0.0,0.0
12,12,KNN,auto,81,uncalibrated,4.72,0.0,0.0
12,12,KNN,auto,81,uncalibrated,4.73,0.0006650870848401606,0.00036759808646232245
12,12,KNN,auto,81,uncalibrated,4.74,0.011956130888169722,0.008300371568979984
12,12,KNN,auto,81,uncalibrated,4.75,0.07292563881711286,0.012030160106059201
12,12,KNN,auto,81,uncalibrated,4.76,0.22141586030474913,0.022988054789363787
12,12,KNN,auto,81,uncalibrated,4.77,0.4850657108721523,0.020128645739156865
12,12,KNN,auto,81,uncalibrated,4.78,0.7126028806584358,0.023342066121899582
12,12,KNN,auto,81,uncalibrated,4.79,0.9044148949490415,0.013021763376643783
12,12,KNN,auto,81,uncalibrated,4.81,0.9937564791254357,0.004924135331260127
12,12,KNN,auto,81,uncalibrated,4.82,0.9985970819304044,0.0012481035378289187
12,12,KNN,auto,81,uncalibrated,4.83,0.9998184458968884,0.00011031592833358317
12,12,KNN,auto,81,uncalibrated,4.84,0.9993740827074162,0.0006259172925839329
12,12,KNN,auto,81,uncalibrated,4.85,1.0,0.0
12,12,KNN,auto,81,uncalibrated,4.86,1.0,0.0
12,12,KNN,auto,81,uncalibrated,4.87,1.0,0.0
12,12,KNN,auto,81,uncalibrated,4.88,1.0,0.0
12,12,KNN,auto,81,uncalibrated,4.9,1.0,0.0
12,12,KNN,auto,81,uncalibrated,4.93,1.0,0.0
12,12,KNN,auto,101,uncalibrated,4.67,0.0,0.0
12,12,KNN,auto,101,uncalibrated,4.7,0.0,0.0
12,12,KNN,auto,101,uncalibrated,4.72,0.0,0.0
12,12,KNN,auto,101,uncalibrated,4.73,0.0006000600060006,0.0003156133046786753
12,12,KNN,auto,101,uncalibrated,4.74,0.012183985388830143,0.008290877631452465
12,12,KNN,auto,101,uncalibrated,4.75,0.07391204236702859,0.012076399535795836
12,12,KNN,auto,101,uncalibrated,4.76,0.22444474177147453,0.023302611196609563
12,12,KNN,auto,101,uncalibrated,4.77,0.4870648355158096,0.019941226990104782
12,12,KNN,auto,101,uncalibrated,4.78,0.7131806930693065,0.023270944111557397
12,12,KNN,auto,101,uncalibrated,4.79,0.9053105310531053,0.013027100190403882
12,12,KNN,auto,101,uncalibrated,4.81,0.9938402237170283,0.004950495049504955
12,12,KNN,auto,101,uncalibrated,4.82,0.9986498649864987,0.0012255858195904747
12,12,KNN,auto,101,uncalibrated,4.83,0.9998335968050586,0.00010368636030826622
12,12,KNN,auto,101,uncalibrated,4.84,0.9994114796094994,0.0005885203905006131
12,12,KNN,auto,101,uncalibrated,4.85,1.0,0.0
12,12,KNN,auto,101,uncalibrated,4.86,1.0,0.0
12,12,KNN,auto,101,uncalibrated,4.87,1.0,0.0
12,12,KNN,auto,101,uncalibrated,4.88,1.0,0.0
12,12,KNN,auto,101,uncalibrated,4.9,1.0,0.0
12,12,KNN,auto,101,uncalibrated,4.93,1.0,0.0
12,12,KNN,auto,151,uncalibrated,4.67,0.0,0.0
12,12,KNN,auto,151,uncalibrated,4.7,0.0,0.0
12,12,KNN,auto,151,uncalibrated,4.72,0.0,0.0
12,12,KNN,auto,151,uncalibrated,4.73,0.0007135371373781865,0.00037878543227786533
12,12,KNN,auto,151,uncalibrated,4.74,0.013132514627403075,0.00837459011123256
12,12,KNN,auto,151,uncalibrated,4.75,0.0757931618666256,0.012095999878838585
12,12,KNN,auto,151,uncalibrated,4.76,0.22686593878646866,0.02316240364487718
12,12,KNN,auto,151,uncalibrated,4.77,0.4897635832799259,0.019906212191411598
12,12,KNN,auto,151,uncalibrated,4.78,0.713755518763797,0.0232533269756493
12,12,KNN,auto,151,uncalibrated,4.79,0.9050103685865276,0.012799466690179112
12,12,KNN,auto,151,uncalibrated,4.81,0.993743996764572,0.0050174409787169805
12,12,KNN,auto,151,uncalibrated,4.82,0.9987290119740125,0.0011207284095374893
12,12,KNN,auto,151,uncalibrated,4.83,0.9997495687016529,0.00017889422080606733
12,12,KNN,auto,151,uncalibrated,4.84,0.9993516417357478,0.0006252026119576981
12,12,KNN,auto,151,uncalibrated,4.85,1.0,0.0
12,12,KNN,auto,151,uncalibrated,4.86,1.0,0.0
12,12,KNN,auto,151,uncalibrated,4.87,1.0,0.0
12,12,KNN,auto,151,uncalibrated,4.88,1.0,0.0
12,12,KNN,auto,151,uncalibrated,4.9,1.0,0.0
12,12,KNN,auto,151,uncalibrated,4.93,1.0,0.0
12,12,KNN,auto,201,uncalibrated,4.67,0.0,0.0
12,12,KNN,auto,201,uncalibrated,4.7,0.0,0.0
12,12,KNN,auto,201,uncalibrated,4.72,1.764228502875661e-05,1.764228502875693e-05
12,12,KNN,auto,201,uncalibrated,4.73,0.0008878168082148289,0.0004746063121934154
12,12,KNN,auto,201,uncalibrated,4.74,0.013935178476549296,0.008525334492585617
12,12,KNN,auto,201,uncalibrated,4.75,0.07727351614023027,0.01210495104796283
12,12,KNN,auto,201,uncalibrated,4.76,0.22776881358970905,0.02335349225749159
12,12,KNN,auto,201,uncalibrated,4.77,0.49101267854277003,0.019687482642425532
12,12,KNN,auto,201,uncalibrated,4.78,0.7128316749585406,0.023125395160791113
12,12,KNN,auto,201,uncalibrated,4.79,0.9045379164782155,0.012939295828497129
12,12,KNN,auto,201,uncalibrated,4.81,0.9934582811135162,0.005098553036344933
12,12,KNN,auto,201,uncalibrated,4.82,0.9987310920146741,0.001143036832820084
12,12,KNN,auto,201,uncalibrated,4.83,0.9997565364666287,0.00018400709497573442
12,12,KNN,auto,201,uncalibrated,4.84,0.9993041784086563,0.0006784260515603768
12,12,KNN,auto,201,uncalibrated,4.85,1.0,0.0
12,12,KNN,auto,201,uncalibrated,4.86,1.0,0.0
12,12,KNN,auto,201,uncalibrated,4.87,1.0,0.0
12,12,KNN,auto,201,uncalibrated,4.88,1.0,0.0
12,12,KNN,auto,201,uncalibrated,4.9,1.0,0.0
12,12,KNN,auto,201,uncalibrated,4.93,1.0,0.0
12,12,KNN,kd_tree,1,uncalibrated,4.67,0.0,0.0
12,12,KNN,kd_tree,1,uncalibrated,4.7,0.0,0.0
12,12,KNN,kd_tree,1,uncalibrated,4.72,0.0,0.0
12,12,KNN,kd_tree,1,uncalibrated,4.73,0.0,0.0
12,12,KNN,kd_tree,1,uncalibrated,4.74,0.007281553398058253,0.007281553398058253
12,12,KNN,kd_tree,1,uncalibrated,4.75,0.035046728971962614,0.011682242990654205
12,12,KNN,kd_tree,1,uncalibrated,4.76,0.15280898876404495,0.02477012099443664
12,12,KNN,kd_tree,1,uncalibrated,4.77,0.39247311827955966,0.023374532475382025
12,12,KNN,kd_tree,1,uncalibrated,4.78,0.6373165618448637,0.02878308221749682
12,12,KNN,kd_tree,1,uncalibrated,4.79,0.847870182555781,0.017755721501026004
12,12,KNN,kd_tree,1,uncalibrated,4.81,0.9904214559386973,0.0069071863514635675
12,12,KNN,kd_tree,1,uncalibrated,4.82,1.0,0.0
12,12,KNN,kd_tree,1,uncalibrated,4.83,0.9976470588235201,0.00235294117647058
12,12,KNN,kd_tree,1,uncalibrated,4.84,0.9981447124304267,0.0018552875695733364
12,12,KNN,kd_tree,1,uncalibrated,4.85,1.0,0.0
12,12,KNN,kd_tree,1,uncalibrated,4.86,1.0,0.0
12,12,KNN,kd_tree,1,uncalibrated,4.87,1.0,0.0
12,12,KNN,kd_tree,1,uncalibrated,4.88,1.0,0.0
12,12,KNN,kd_tree,1,uncalibrated,4.9,1.0,0.0
12,12,KNN,kd_tree,1,uncalibrated,4.93,1.0,0.0
12,12,KNN,kd_tree,3,uncalibrated,4.67,0.0,0.0
12,12,KNN,kd_tree,3,uncalibrated,4.7,0.0,0.0
12,12,KNN,kd_tree,3,uncalibrated,4.72,0.0,0.0
12,12,KNN,kd_tree,3,uncalibrated,4.73,0.0,0.0
12,12,KNN,kd_tree,3,uncalibrated,4.74,0.008899676375404533,0.007281553398058252
12,12,KNN,kd_tree,3,uncalibrated,4.75,0.05555555555555555,0.011893296108635544
12,12,KNN,kd_tree,3,uncalibrated,4.76,0.1790262172284644,0.020043577768179242
12,12,KNN,kd_tree,3,uncalibrated,4.77,0.434587813620082,0.020379363614273564
12,12,KNN,kd_tree,3,uncalibrated,4.78,0.672916666666667,0.02146795750853992
12,12,KNN,kd_tree,3,uncalibrated,4.79,0.8747474747474745,0.01645359154595366
12,12,KNN,kd_tree,3,uncalibrated,4.81,0.9917302798982186,0.006997455470737879
12,12,KNN,kd_tree,3,uncalibrated,4.82,0.9979508196721312,0.0020491803278688547
12,12,KNN,kd_tree,3,uncalibrated,4.83,0.9992156862745284,0.0007843137254903032
12,12,KNN,kd_tree,3,uncalibrated,4.84,0.998834498834499,0.001165501165501126
12,12,KNN,kd_tree,3,uncalibrated,4.85,1.0,0.0
12,12,KNN,kd_tree,3,uncalibrated,4.86,1.0,0.0
12,12,KNN,kd_tree,3,uncalibrated,4.87,1.0,0.0
12,12,KNN,kd_tree,3,uncalibrated,4.88,1.0,0.0
12,12,KNN,kd_tree,3,uncalibrated,4.9,1.0,0.0
12,12,KNN,kd_tree,3,uncalibrated,4.93,1.0,0.0
12,12,KNN,kd_tree,5,uncalibrated,4.67,0.0,0.0
12,12,KNN,kd_tree,5,uncalibrated,4.7,0.0,0.0
12,12,KNN,kd_tree,5,uncalibrated,4.72,0.0,0.0
12,12,KNN,kd_tree,5,uncalibrated,4.73,0.0,0.0
12,12,KNN,kd_tree,5,uncalibrated,4.74,0.009223300970873786,0.007281553398058251
12,12,KNN,kd_tree,5,uncalibrated,4.75,0.061046511627906974,0.011441911903613546
12,12,KNN,kd_tree,5,uncalibrated,4.76,0.1896396396396396,0.022831217833286822
12,12,KNN,kd_tree,5,uncalibrated,4.77,0.4494623655913876,0.02041949356433658
12,12,KNN,kd_tree,5,uncalibrated,4.78,0.6875,0.02269463144217799
12,12,KNN,kd_tree,5,uncalibrated,4.79,0.8836363636363638,0.014204764308078363
12,12,KNN,kd_tree,5,uncalibrated,4.81,0.9916030534351146,0.006870229007633622
12,12,KNN,kd_tree,5,uncalibrated,4.82,0.9974747474747366,0.0020773708584254044
12,12,KNN,kd_tree,5,uncalibrated,4.83,0.9995294117647152,0.00047058823529405017
12,12,KNN,kd_tree,5,uncalibrated,4.84,0.9989510489510489,0.0010489510489510856
12,12,KNN,kd_tree,5,uncalibrated,4.85,1.0,0.0
12,12,KNN,kd_tree,5,uncalibrated,4.86,1.0,0.0
12,12,KNN,kd_tree,5,uncalibrated,4.87,1.0,0.0
12,12,KNN,kd_tree,5,uncalibrated,4.88,1.0,0.0
12,12,KNN,kd_tree,5,uncalibrated,4.9,1.0,0.0
12,12,KNN,kd_tree,5,uncalibrated,4.93,1.0,0.0
12,12,KNN,kd_tree,7,uncalibrated,4.67,0.0,0.0
12,12,KNN,kd_tree,7,uncalibrated,4.7,0.0,0.0
12,12,KNN,kd_tree,7,uncalibrated,4.72,0.0,0.0
12,12,KNN,kd_tree,7,uncalibrated,4.73,0.0,0.0
12,12,KNN,kd_tree,7,uncalibrated,4.74,0.009015256588072122,0.0076282940360610264
12,12,KNN,kd_tree,7,uncalibrated,4.75,0.06353820598006762,0.01158218838197525
12,12,KNN,kd_tree,7,uncalibrated,4.76,0.19325842696629225,0.021918195346968983
12,12,KNN,kd_tree,7,uncalibrated,4.77,0.45545314900153616,0.020428299681638628
12,12,KNN,kd_tree,7,uncalibrated,4.78,0.6925595238095238,0.022782279641950915
12,12,KNN,kd_tree,7,uncalibrated,4.79,0.887445887445888,0.01430537804489901
12,12,KNN,kd_tree,7,uncalibrated,4.81,0.992639040348964,0.006270447110141741
12,12,KNN,kd_tree,7,uncalibrated,4.82,0.9981962481962592,0.0014838363274466268
12,12,KNN,kd_tree,7,uncalibrated,4.83,0.9991496598639461,0.0005808929005646552
12,12,KNN,kd_tree,7,uncalibrated,4.84,0.9992507492507492,0.0007492507492507516
12,12,KNN,kd_tree,7,uncalibrated,4.85,1.0,0.0
12,12,KNN,kd_tree,7,uncalibrated,4.86,1.0,0.0
12,12,KNN,kd_tree,7,uncalibrated,4.87,1.0,0.0
12,12,KNN,kd_tree,7,uncalibrated,4.88,1.0,0.0
12,12,KNN,kd_tree,7,uncalibrated,4.9,1.0,0.0
12,12,KNN,kd_tree,7,uncalibrated,4.93,1.0,0.0
12,12,KNN,kd_tree,9,uncalibrated,4.67,0.0,0.0
12,12,KNN,kd_tree,9,uncalibrated,4.7,0.0,0.0
12,12,KNN,kd_tree,9,uncalibrated,4.72,0.0,0.0
12,12,KNN,kd_tree,9,uncalibrated,4.73,0.0,0.0
12,12,KNN,kd_tree,9,uncalibrated,4.74,0.008899676375404529,0.0072815533980582535
12,12,KNN,kd_tree,9,uncalibrated,4.75,0.06427648578811368,0.011779393979537289
12,12,KNN,kd_tree,9,uncalibrated,4.76,0.19675405742821472,0.021342838292718016
12,12,KNN,kd_tree,9,uncalibrated,4.77,0.45459976105137906,0.020022847172420626
12,12,KNN,kd_tree,9,uncalibrated,4.78,0.6962962962962967,0.024165898005844906
12,12,KNN,kd_tree,9,uncalibrated,4.79,0.8902356902356905,0.013451167916119873
12,12,KNN,kd_tree,9,uncalibrated,4.81,0.992790500424088,0.006361323155216203
12,12,KNN,kd_tree,9,uncalibrated,4.82,0.9983164983164766,0.0011843263349922545
12,12,KNN,kd_tree,9,uncalibrated,4.83,0.9993386243386243,0.00045180558932819454
12,12,KNN,kd_tree,9,uncalibrated,4.84,0.9992229992229992,0.0007770007770008247
12,12,KNN,kd_tree,9,uncalibrated,4.85,1.0,0.0
12,12,KNN,kd_tree,9,uncalibrated,4.86,1.0,0.0
12,12,KNN,kd_tree,9,uncalibrated,4.87,1.0,0.0
12,12,KNN,kd_tree,9,uncalibrated,4.88,1.0,0.0
12,12,KNN,kd_tree,9,uncalibrated,4.9,1.0,0.0
12,12,KNN,kd_tree,9,uncalibrated,4.93,1.0,0.0
12,12,KNN,kd_tree,11,uncalibrated,4.67,0.0,0.0
12,12,KNN,kd_tree,11,uncalibrated,4.7,0.0,0.0
12,12,KNN,kd_tree,11,uncalibrated,4.72,0.0,0.0
12,12,KNN,kd_tree,11,uncalibrated,4.73,0.0,0.0
12,12,KNN,kd_tree,11,uncalibrated,4.74,0.009929390997352162,0.008164165931156223
12,12,KNN,kd_tree,11,uncalibrated,4.75,0.06474630021141649,0.011938378384188632
12,12,KNN,kd_tree,11,uncalibrated,4.76,0.1979570990806946,0.02154606836097974
12,12,KNN,kd_tree,11,uncalibrated,4.77,0.45576735092865145,0.019865168274624354
12,12,KNN,kd_tree,11,uncalibrated,4.78,0.6992424242424239,0.024561894357378464
12,12,KNN,kd_tree,11,uncalibrated,4.79,0.8921261294486466,0.013226426823132138
12,12,KNN,kd_tree,11,uncalibrated,4.81,0.9930603747397639,0.005898681471200595
12,12,KNN,kd_tree,11,uncalibrated,4.82,0.9983233979135622,0.0011928323840225527
12,12,KNN,kd_tree,11,uncalibrated,4.83,0.9991443850267473,0.0005187310161044635
12,12,KNN,kd_tree,11,uncalibrated,4.84,0.9993642720915448,0.0006357279084551748
12,12,KNN,kd_tree,11,uncalibrated,4.85,1.0,0.0
12,12,KNN,kd_tree,11,uncalibrated,4.86,1.0,0.0
12,12,KNN,kd_tree,11,uncalibrated,4.87,1.0,0.0
12,12,KNN,kd_tree,11,uncalibrated,4.88,1.0,0.0
12,12,KNN,kd_tree,11,uncalibrated,4.9,1.0,0.0
12,12,KNN,kd_tree,11,uncalibrated,4.93,1.0,0.0
12,12,KNN,kd_tree,13,uncalibrated,4.67,0.0,0.0
12,12,KNN,kd_tree,13,uncalibrated,4.7,0.0,0.0
12,12,KNN,kd_tree,13,uncalibrated,4.72,0.0,0.0
12,12,KNN,kd_tree,13,uncalibrated,4.73,0.0,0.0
12,12,KNN,kd_tree,13,uncalibrated,4.74,0.010082150858849889,0.008215085884988798
12,12,KNN,kd_tree,13,uncalibrated,4.75,0.06596601073345496,0.011997349640309941
12,12,KNN,kd_tree,13,uncalibrated,4.76,0.19965427830596372,0.02146365184952867
12,12,KNN,kd_tree,13,uncalibrated,4.77,0.46133167907361455,0.019746419132201595
12,12,KNN,kd_tree,13,uncalibrated,4.78,0.7006410256410257,0.02413726135028572
12,12,KNN,kd_tree,13,uncalibrated,4.79,0.894679357154004,0.013073556564434414
12,12,KNN,kd_tree,13,uncalibrated,4.81,0.9929536112742222,0.0061655901350557984
12,12,KNN,kd_tree,13,uncalibrated,4.82,0.9984459984460201,0.001193251193251212
12,12,KNN,kd_tree,13,uncalibrated,4.83,0.9992760180995754,0.0004389262443958134
12,12,KNN,kd_tree,13,uncalibrated,4.84,0.9993275954814413,0.0006724045185584338
12,12,KNN,kd_tree,13,uncalibrated,4.85,1.0,0.0
12,12,KNN,kd_tree,13,uncalibrated,4.86,1.0,0.0
12,12,KNN,kd_tree,13,uncalibrated,4.87,1.0,0.0
12,12,KNN,kd_tree,13,uncalibrated,4.88,1.0,0.0
12,12,KNN,kd_tree,13,uncalibrated,4.9,1.0,0.0
12,12,KNN,kd_tree,13,uncalibrated,4.93,1.0,0.0
12,12,KNN,kd_tree,15,uncalibrated,4.67,0.0,0.0
12,12,KNN,kd_tree,15,uncalibrated,4.7,0.0,0.0
12,12,KNN,kd_tree,15,uncalibrated,4.72,0.0,0.0
12,12,KNN,kd_tree,15,uncalibrated,4.73,0.0,0.0
12,12,KNN,kd_tree,15,uncalibrated,4.74,0.010517799352750809,0.008252427184466019
12,12,KNN,kd_tree,15,uncalibrated,4.75,0.06705426356589266,0.012076467440009628
12,12,KNN,kd_tree,15,uncalibrated,4.76,0.20104868913857668,0.02172878647960594
12,12,KNN,kd_tree,15,uncalibrated,4.77,0.46057347670249876,0.020018602307759287
12,12,KNN,kd_tree,15,uncalibrated,4.78,0.7005555555555552,0.023958769453894396
12,12,KNN,kd_tree,15,uncalibrated,4.79,0.8958755916159549,0.012996438466636813
12,12,KNN,kd_tree,15,uncalibrated,4.81,0.9927480916030537,0.005979643765903431
12,12,KNN,kd_tree,15,uncalibrated,4.82,0.9984848484848158,0.0010725879327070967
12,12,KNN,kd_tree,15,uncalibrated,4.83,0.9993725490196359,0.0003804027451431383
12,12,KNN,kd_tree,15,uncalibrated,4.84,0.9993006993006993,0.0006993006993006867
12,12,KNN,kd_tree,15,uncalibrated,4.85,1.0,0.0
12,12,KNN,kd_tree,15,uncalibrated,4.86,1.0,0.0
12,12,KNN,kd_tree,15,uncalibrated,4.87,1.0,0.0
12,12,KNN,kd_tree,15,uncalibrated,4.88,1.0,0.0
12,12,KNN,kd_tree,15,uncalibrated,4.9,1.0,0.0
12,12,KNN,kd_tree,15,uncalibrated,4.93,1.0,0.0
12,12,KNN,kd_tree,17,uncalibrated,4.67,0.0,0.0
12,12,KNN,kd_tree,17,uncalibrated,4.7,0.0,0.0
12,12,KNN,kd_tree,17,uncalibrated,4.72,0.0,0.0
12,12,KNN,kd_tree,17,uncalibrated,4.73,0.0,0.0
12,12,KNN,kd_tree,17,uncalibrated,4.74,0.010993717875499714,0.008709308966304969
12,12,KNN,kd_tree,17,uncalibrated,4.75,0.0666894664842705,0.011967892323071268
12,12,KNN,kd_tree,17,uncalibrated,4.76,0.20330469266358228,0.022262544777854488
12,12,KNN,kd_tree,17,uncalibrated,4.77,0.4628399746995522,0.019988625768924646
12,12,KNN,kd_tree,17,uncalibrated,4.78,0.7013480392156859,0.023029109694260107
12,12,KNN,kd_tree,17,uncalibrated,4.79,0.8969096766495627,0.013091596236980049
12,12,KNN,kd_tree,17,uncalibrated,4.81,0.9925909295015718,0.006061966771441274
12,12,KNN,kd_tree,17,uncalibrated,4.82,0.9985145573380649,0.00108681843878308
12,12,KNN,kd_tree,17,uncalibrated,4.83,0.9994463667820256,0.00033564948100869835
12,12,KNN,kd_tree,17,uncalibrated,4.84,0.9992801316330728,0.0007198683669271122
12,12,KNN,kd_tree,17,uncalibrated,4.85,1.0,0.0
12,12,KNN,kd_tree,17,uncalibrated,4.86,1.0,0.0
12,12,KNN,kd_tree,17,uncalibrated,4.87,1.0,0.0
12,12,KNN,kd_tree,17,uncalibrated,4.88,1.0,0.0
12,12,KNN,kd_tree,17,uncalibrated,4.9,1.0,0.0
12,12,KNN,kd_tree,17,uncalibrated,4.93,1.0,0.0
12,12,KNN,kd_tree,19,uncalibrated,4.67,0.0,0.0
12,12,KNN,kd_tree,19,uncalibrated,4.7,0.0,0.0
12,12,KNN,kd_tree,19,uncalibrated,4.72,0.0,0.0
12,12,KNN,kd_tree,19,uncalibrated,4.73,0.0001367053998632946,0.0001367053998632946
12,12,KNN,kd_tree,19,uncalibrated,4.74,0.010858456821665818,0.008559018906489524
12,12,KNN,kd_tree,19,uncalibrated,4.75,0.06731946144430725,0.012046084071616373
12,12,KNN,kd_tree,19,uncalibrated,4.76,0.20402128917800116,0.021001406127181235
12,12,KNN,kd_tree,19,uncalibrated,4.77,0.4640633842671296,0.019958727280883902
12,12,KNN,kd_tree,19,uncalibrated,4.78,0.7018640350877193,0.0236288983477727
12,12,KNN,kd_tree,19,uncalibrated,4.79,0.898153090637342,0.01307700936262434
12,12,KNN,kd_tree,19,uncalibrated,4.81,0.9929690638810765,0.005624748895138643
12,12,KNN,kd_tree,19,uncalibrated,4.82,0.9985380116958956,0.0010997638381997166
12,12,KNN,kd_tree,19,uncalibrated,4.83,0.9994778613199665,0.0003399920759420313
12,12,KNN,kd_tree,19,uncalibrated,4.84,0.9993559072506442,0.0006440927493558957
12,12,KNN,kd_tree,19,uncalibrated,4.85,1.0,0.0
12,12,KNN,kd_tree,19,uncalibrated,4.86,1.0,0.0
12,12,KNN,kd_tree,19,uncalibrated,4.87,1.0,0.0
12,12,KNN,kd_tree,19,uncalibrated,4.88,1.0,0.0
12,12,KNN,kd_tree,19,uncalibrated,4.9,1.0,0.0
12,12,KNN,kd_tree,19,uncalibrated,4.93,1.0,0.0
12,12,KNN,kd_tree,21,uncalibrated,4.67,0.0,0.0
12,12,KNN,kd_tree,21,uncalibrated,4.7,0.0,0.0
12,12,KNN,kd_tree,21,uncalibrated,4.72,0.0,0.0
12,12,KNN,kd_tree,21,uncalibrated,4.73,0.00012368583797155226,0.00012368583797155226
12,12,KNN,kd_tree,21,uncalibrated,4.74,0.010517799352750812,0.0079750346740638
12,12,KNN,kd_tree,21,uncalibrated,4.75,0.06727574750830682,0.01203074412166142
12,12,KNN,kd_tree,21,uncalibrated,4.76,0.2055644729802033,0.02148085992958734
12,12,KNN,kd_tree,21,uncalibrated,4.77,0.4642857142857092,0.01991265903217803
12,12,KNN,kd_tree,21,uncalibrated,4.78,0.7019841269841267,0.023905779857047324
12,12,KNN,kd_tree,21,uncalibrated,4.79,0.8988698927846982,0.013137087975202166
12,12,KNN,kd_tree,21,uncalibrated,4.81,0.9927299163940384,0.005634314794620121
12,12,KNN,kd_tree,21,uncalibrated,4.82,0.9984367484367267,0.0012283591796004504
12,12,KNN,kd_tree,21,uncalibrated,4.83,0.9995275888133018,0.00030761187823327945
12,12,KNN,kd_tree,21,uncalibrated,4.84,0.9993339993339996,0.0006660006660005879
12,12,KNN,kd_tree,21,uncalibrated,4.85,1.0,0.0
12,12,KNN,kd_tree,21,uncalibrated,4.86,1.0,0.0
12,12,KNN,kd_tree,21,uncalibrated,4.87,1.0,0.0
12,12,KNN,kd_tree,21,uncalibrated,4.88,1.0,0.0
12,12,KNN,kd_tree,21,uncalibrated,4.9,1.0,0.0
12,12,KNN,kd_tree,21,uncalibrated,4.93,1.0,0.0
12,12,KNN,kd_tree,23,uncalibrated,4.67,0.0,0.0
12,12,KNN,kd_tree,23,uncalibrated,4.7,0.0,0.0
12,12,KNN,kd_tree,23,uncalibrated,4.72,0.0,0.0
12,12,KNN,kd_tree,23,uncalibrated,4.73,0.00011293054771315614,0.00011293054771315642
12,12,KNN,kd_tree,23,uncalibrated,4.74,0.01055297593921486,0.008231321232587591
12,12,KNN,kd_tree,23,uncalibrated,4.75,0.06761880687563195,0.012006232616040589
12,12,KNN,kd_tree,23,uncalibrated,4.76,0.20781631656082086,0.02182956549390467
12,12,KNN,kd_tree,23,uncalibrated,4.77,0.466923796166433,0.01987555329521137
12,12,KNN,kd_tree,23,uncalibrated,4.78,0.7026268115942025,0.02404824491643575
12,12,KNN,kd_tree,23,uncalibrated,4.79,0.8991974600934846,0.013171267661529925
12,12,KNN,kd_tree,23,uncalibrated,4.81,0.9927812811151677,0.005559243279123827
12,12,KNN,kd_tree,23,uncalibrated,4.82,0.9984628897672376,0.0012289317221875235
12,12,KNN,kd_tree,23,uncalibrated,4.83,0.9995686680469283,0.00028086301925634723
12,12,KNN,kd_tree,23,uncalibrated,4.84,0.9993159014898143,0.0006840985101855268
12,12,KNN,kd_tree,23,uncalibrated,4.85,1.0,0.0
12,12,KNN,kd_tree,23,uncalibrated,4.86,1.0,0.0
12,12,KNN,kd_tree,23,uncalibrated,4.87,1.0,0.0
12,12,KNN,kd_tree,23,uncalibrated,4.88,1.0,0.0
12,12,KNN,kd_tree,23,uncalibrated,4.9,1.0,0.0
12,12,KNN,kd_tree,23,uncalibrated,4.93,1.0,0.0
12,12,KNN,kd_tree,25,uncalibrated,4.67,0.0,0.0
12,12,KNN,kd_tree,25,uncalibrated,4.7,0.0,0.0
12,12,KNN,kd_tree,25,uncalibrated,4.72,0.0,0.0
12,12,KNN,kd_tree,25,uncalibrated,4.73,0.0001038961038961039,0.0001038961038961039
12,12,KNN,kd_tree,25,uncalibrated,4.74,0.010485436893203887,0.008155339805825244
12,12,KNN,kd_tree,25,uncalibrated,4.75,0.06802325581395348,0.01208816197144671
12,12,KNN,kd_tree,25,uncalibrated,4.76,0.2086292134831462,0.022514297103033907
12,12,KNN,kd_tree,25,uncalibrated,4.77,0.46881720430107526,0.019981202867469825
12,12,KNN,kd_tree,25,uncalibrated,4.78,0.7025833333333333,0.024401113742037534
12,12,KNN,kd_tree,25,uncalibrated,4.79,0.8997160243407708,0.013190574392066728
12,12,KNN,kd_tree,25,uncalibrated,4.81,0.9929770992366413,0.005496183206106842
12,12,KNN,kd_tree,25,uncalibrated,4.82,0.9984848484848159,0.0012297725291204042
12,12,KNN,kd_tree,25,uncalibrated,4.83,0.999603174603174,0.0002583939777157847
12,12,KNN,kd_tree,25,uncalibrated,4.84,0.9993006993006993,0.0006993006993006867
12,12,KNN,kd_tree,25,uncalibrated,4.85,1.0,0.0
12,12,KNN,kd_tree,25,uncalibrated,4.86,1.0,0.0
12,12,KNN,kd_tree,25,uncalibrated,4.87,1.0,0.0
12,12,KNN,kd_tree,25,uncalibrated,4.88,1.0,0.0
12,12,KNN,kd_tree,25,uncalibrated,4.9,1.0,0.0
12,12,KNN,kd_tree,25,uncalibrated,4.93,1.0,0.0
12,12,KNN,kd_tree,27,uncalibrated,4.67,0.0,0.0
12,12,KNN,kd_tree,27,uncalibrated,4.7,0.0,0.0
12,12,KNN,kd_tree,27,uncalibrated,4.72,0.0,0.0
12,12,KNN,kd_tree,27,uncalibrated,4.73,0.0002494076568150748,0.00017545575333219503
12,12,KNN,kd_tree,27,uncalibrated,4.74,0.010607695073714491,0.008090614886731391
12,12,KNN,kd_tree,27,uncalibrated,4.75,0.069229112833764,0.01220902531113347
12,12,KNN,kd_tree,27,uncalibrated,4.76,0.20957136912193103,0.022669329028775147
12,12,KNN,kd_tree,27,uncalibrated,4.77,0.4692353643966547,0.020033902328588503
12,12,KNN,kd_tree,27,uncalibrated,4.78,0.7032407407407407,0.02454383010245455
12,12,KNN,kd_tree,27,uncalibrated,4.79,0.8998572609120294,0.013034467819351574
12,12,KNN,kd_tree,27,uncalibrated,4.81,0.9931439072660446,0.005301102629347021
12,12,KNN,kd_tree,27,uncalibrated,4.82,0.9985035540591423,0.0012307474176998063
12,12,KNN,kd_tree,27,uncalibrated,4.83,0.9996325690770135,0.00023925368307040805
12,12,KNN,kd_tree,27,uncalibrated,4.84,0.9992877492877493,0.0007122507122506727
12,12,KNN,kd_tree,27,uncalibrated,4.85,1.0,0.0
12,12,KNN,kd_tree,27,uncalibrated,4.86,1.0,0.0
12,12,KNN,kd_tree,27,uncalibrated,4.87,1.0,0.0
12,12,KNN,kd_tree,27,uncalibrated,4.88,1.0,0.0
12,12,KNN,kd_tree,27,uncalibrated,4.9,1.0,0.0
12,12,KNN,kd_tree,27,uncalibrated,4.93,1.0,0.0
12,12,KNN,kd_tree,29,uncalibrated,4.67,0.0,0.0
12,12,KNN,kd_tree,29,uncalibrated,4.7,0.0,0.0
12,12,KNN,kd_tree,29,uncalibrated,4.72,0.0,0.0
12,12,KNN,kd_tree,29,uncalibrated,4.73,0.00023220712875884759,0.00016335535655066436
12,12,KNN,kd_tree,29,uncalibrated,4.74,0.010629394040843652,0.008118513558754602
12,12,KNN,kd_tree,29,uncalibrated,4.75,0.06966720128307823,0.012224153646397526
12,12,KNN,kd_tree,29,uncalibrated,4.76,0.21139093374660983,0.02267063330476278
12,12,KNN,kd_tree,29,uncalibrated,4.77,0.47043010752687664,0.020061787309765437
12,12,KNN,kd_tree,29,uncalibrated,4.78,0.7045977011494249,0.02466275147198042
12,12,KNN,kd_tree,29,uncalibrated,4.79,0.900748408757082,0.012918161718504045
12,12,KNN,kd_tree,29,uncalibrated,4.81,0.9930902869176101,0.005198736509607782
12,12,KNN,kd_tree,29,uncalibrated,4.82,0.9984326018808342,0.0013178417363046003
12,12,KNN,kd_tree,29,uncalibrated,4.83,0.9996579091406677,0.0002227534290654555
12,12,KNN,kd_tree,29,uncalibrated,4.84,0.9993368700265253,0.0006631299734747298
12,12,KNN,kd_tree,29,uncalibrated,4.85,1.0,0.0
12,12,KNN,kd_tree,29,uncalibrated,4.86,1.0,0.0
12,12,KNN,kd_tree,29,uncalibrated,4.87,1.0,0.0
12,12,KNN,kd_tree,29,uncalibrated,4.88,1.0,0.0
12,12,KNN,kd_tree,29,uncalibrated,4.9,1.0,0.0
12,12,KNN,kd_tree,29,uncalibrated,4.93,1.0,0.0
12,12,KNN,kd_tree,31,uncalibrated,4.67,0.0,0.0
12,12,KNN,kd_tree,31,uncalibrated,4.7,0.0,0.0
12,12,KNN,kd_tree,31,uncalibrated,4.72,0.0,0.0
12,12,KNN,kd_tree,31,uncalibrated,4.73,0.0003258390355164602,0.00024187275625874559
12,12,KNN,kd_tree,31,uncalibrated,4.74,0.010413404321954277,0.008064516129032256
12,12,KNN,kd_tree,31,uncalibrated,4.75,0.06995498874718915,0.01218375671784624
12,12,KNN,kd_tree,31,uncalibrated,4.76,0.21188836534976452,0.022602073659067367
12,12,KNN,kd_tree,31,uncalibrated,4.77,0.4712105445716268,0.02010688713610237
12,12,KNN,kd_tree,31,uncalibrated,4.78,0.7050403225806452,0.024696430068534864
12,12,KNN,kd_tree,31,uncalibrated,4.79,0.9011319767061441,0.012768457378708896
12,12,KNN,kd_tree,31,uncalibrated,4.81,0.9931051465156369,0.0051711401132725765
12,12,KNN,kd_tree,31,uncalibrated,4.82,0.998452264581275,0.0013134475931818152
12,12,KNN,kd_tree,31,uncalibrated,4.83,0.9996799795186893,0.0002083822400933696
12,12,KNN,kd_tree,31,uncalibrated,4.84,0.9993232573877735,0.0006767426122264442
12,12,KNN,kd_tree,31,uncalibrated,4.85,1.0,0.0
12,12,KNN,kd_tree,31,uncalibrated,4.86,1.0,0.0
12,12,KNN,kd_tree,31,uncalibrated,4.87,1.0,0.0
12,12,KNN,kd_tree,31,uncalibrated,4.88,1.0,0.0
12,12,KNN,kd_tree,31,uncalibrated,4.9,1.0,0.0
12,12,KNN,kd_tree,31,uncalibrated,4.93,1.0,0.0
12,12,KNN,kd_tree,33,uncalibrated,4.67,0.0,0.0
12,12,KNN,kd_tree,33,uncalibrated,4.7,0.0,0.0
12,12,KNN,kd_tree,33,uncalibrated,4.72,0.0,0.0
12,12,KNN,kd_tree,33,uncalibrated,4.73,0.00030609121518212427,0.0002272138013339732
12,12,KNN,kd_tree,33,uncalibrated,4.74,0.010591350397175639,0.008384819064430712
12,12,KNN,kd_tree,33,uncalibrated,4.75,0.06967935165609584,0.012144520509954432
12,12,KNN,kd_tree,33,uncalibrated,4.76,0.21171263193735115,0.022951567293435452
12,12,KNN,kd_tree,33,uncalibrated,4.77,0.47214076246333797,0.020183360384295437
12,12,KNN,kd_tree,33,uncalibrated,4.78,0.7056818181818179,0.02455918977354701
12,12,KNN,kd_tree,33,uncalibrated,4.79,0.901284651791753,0.01284850292923416
12,12,KNN,kd_tree,33,uncalibrated,4.81,0.9931760351607684,0.0050890585241729624
12,12,KNN,kd_tree,33,uncalibrated,4.82,0.9983930211202721,0.0013855850829250936
12,12,KNN,kd_tree,33,uncalibrated,4.83,0.9996993746993742,0.00019575301342106779
12,12,KNN,kd_tree,33,uncalibrated,4.84,0.9993642720915448,0.0006357279084551748
12,12,KNN,kd_tree,33,uncalibrated,4.85,1.0,0.0
12,12,KNN,kd_tree,33,uncalibrated,4.86,1.0,0.0
12,12,KNN,kd_tree,33,uncalibrated,4.87,1.0,0.0
12,12,KNN,kd_tree,33,uncalibrated,4.88,1.0,0.0
12,12,KNN,kd_tree,33,uncalibrated,4.9,1.0,0.0
12,12,KNN,kd_tree,33,uncalibrated,4.93,1.0,0.0
12,12,KNN,kd_tree,35,uncalibrated,4.67,0.0,0.0
12,12,KNN,kd_tree,35,uncalibrated,4.7,0.0,0.0
12,12,KNN,kd_tree,35,uncalibrated,4.72,0.0,0.0
12,12,KNN,kd_tree,35,uncalibrated,4.73,0.0002886002886002939,0.00021423015554346034
12,12,KNN,kd_tree,35,uncalibrated,4.74,0.010887656033287101,0.008529819694868237
12,12,KNN,kd_tree,35,uncalibrated,4.75,0.06985049833886925,0.012133916608156717
12,12,KNN,kd_tree,35,uncalibrated,4.76,0.2120064205457465,0.02285403156634156
12,12,KNN,kd_tree,35,uncalibrated,4.77,0.47250384024577563,0.020268748683728306
12,12,KNN,kd_tree,35,uncalibrated,4.78,0.7060119047619051,0.024815147086876353
12,12,KNN,kd_tree,35,uncalibrated,4.79,0.9013039698638058,0.012773351155557605
12,12,KNN,kd_tree,35,uncalibrated,4.81,0.9934023991275902,0.0049618320610686495
12,12,KNN,kd_tree,35,uncalibrated,4.82,0.9984126984126659,0.0013780397811915047
12,12,KNN,kd_tree,35,uncalibrated,4.83,0.9997165532879814,0.0001845671269398949
12,12,KNN,kd_tree,35,uncalibrated,4.84,0.9993006993006993,0.0006993006993006867
12,12,KNN,kd_tree,35,uncalibrated,4.85,1.0,0.0
12,12,KNN,kd_tree,35,uncalibrated,4.86,1.0,0.0
12,12,KNN,kd_tree,35,uncalibrated,4.87,1.0,0.0
12,12,KNN,kd_tree,35,uncalibrated,4.88,1.0,0.0
12,12,KNN,kd_tree,35,uncalibrated,4.9,1.0,0.0
12,12,KNN,kd_tree,35,uncalibrated,4.93,1.0,0.0
12,12,KNN,kd_tree,37,uncalibrated,4.67,0.0,0.0
12,12,KNN,kd_tree,37,uncalibrated,4.7,0.0,0.0
12,12,KNN,kd_tree,37,uncalibrated,4.72,0.0,0.0
12,12,KNN,kd_tree,37,uncalibrated,4.73,0.0003640003640003481,0.00022100022100022098
12,12,KNN,kd_tree,37,uncalibrated,4.74,0.010823930726843348,0.008462345840986617
12,12,KNN,kd_tree,37,uncalibrated,4.75,0.0697674418604663,0.0120943138677468
12,12,KNN,kd_tree,37,uncalibrated,4.76,0.21286827367908456,0.02275160056476441
12,12,KNN,kd_tree,37,uncalibrated,4.77,0.4735541993606613,0.02026043755563123
12,12,KNN,kd_tree,37,uncalibrated,4.78,0.7068130630630627,0.024863915357844532
12,12,KNN,kd_tree,37,uncalibrated,4.79,0.9008278054931199,0.01298523222952275
12,12,KNN,kd_tree,37,uncalibrated,4.81,0.9935011347225088,0.0049515164018980595
12,12,KNN,kd_tree,37,uncalibrated,4.82,0.9984302484302157,0.0013713588876544107
12,12,KNN,kd_tree,37,uncalibrated,4.83,0.9997318747318746,0.0001745905254837515
12,12,KNN,kd_tree,37,uncalibrated,4.84,0.9992912492912491,0.000708750708750705
12,12,KNN,kd_tree,37,uncalibrated,4.85,1.0,0.0
12,12,KNN,kd_tree,37,uncalibrated,4.86,1.0,0.0
12,12,KNN,kd_tree,37,uncalibrated,4.87,1.0,0.0
12,12,KNN,kd_tree,37,uncalibrated,4.88,1.0,0.0
12,12,KNN,kd_tree,37,uncalibrated,4.9,1.0,0.0
12,12,KNN,kd_tree,37,uncalibrated,4.93,1.0,0.0
12,12,KNN,kd_tree,39,uncalibrated,4.67,0.0,0.0
12,12,KNN,kd_tree,39,uncalibrated,4.7,0.0,0.0
12,12,KNN,kd_tree,39,uncalibrated,4.72,0.0,0.0
12,12,KNN,kd_tree,39,uncalibrated,4.73,0.00043166709833376496,0.000225400116950914
12,12,KNN,kd_tree,39,uncalibrated,4.74,0.010891212347523025,0.008650734378889718
12,12,KNN,kd_tree,39,uncalibrated,4.75,0.07051282051282287,0.012120475458673776
12,12,KNN,kd_tree,39,uncalibrated,4.76,0.2131554631554632,0.022864282789710057
12,12,KNN,kd_tree,39,uncalibrated,4.77,0.47429004687070225,0.020262833924598
12,12,KNN,kd_tree,39,uncalibrated,4.78,0.7069978632478633,0.024733982796394983
12,12,KNN,kd_tree,39,uncalibrated,4.79,0.9013366619857492,0.012969414797149503
12,12,KNN,kd_tree,39,uncalibrated,4.81,0.9934918770796636,0.005040125269133
12,12,KNN,kd_tree,39,uncalibrated,4.82,0.9983812483812702,0.001429807295126034
12,12,KNN,kd_tree,39,uncalibrated,4.83,0.9997456247456248,0.00016563716520236546
12,12,KNN,kd_tree,39,uncalibrated,4.84,0.9992827685135379,0.0007172314864622442
12,12,KNN,kd_tree,39,uncalibrated,4.85,1.0,0.0
12,12,KNN,kd_tree,39,uncalibrated,4.86,1.0,0.0
12,12,KNN,kd_tree,39,uncalibrated,4.87,1.0,0.0
12,12,KNN,kd_tree,39,uncalibrated,4.88,1.0,0.0
12,12,KNN,kd_tree,39,uncalibrated,4.9,1.0,0.0
12,12,KNN,kd_tree,39,uncalibrated,4.93,1.0,0.0
12,12,KNN,kd_tree,41,uncalibrated,4.67,0.0,0.0
12,12,KNN,kd_tree,41,uncalibrated,4.7,0.0,0.0
12,12,KNN,kd_tree,41,uncalibrated,4.72,0.0,0.0
12,12,KNN,kd_tree,41,uncalibrated,4.73,0.0005748542333907974,0.00031435753603337115
12,12,KNN,kd_tree,41,uncalibrated,4.74,0.011011129528771016,0.008643144683874024
12,12,KNN,kd_tree,41,uncalibrated,4.75,0.07097277368122282,0.012153725404630274
12,12,KNN,kd_tree,41,uncalibrated,4.76,0.21341463414634154,0.022670689166022225
12,12,KNN,kd_tree,41,uncalibrated,4.77,0.47547862575399946,0.020306946232840264
12,12,KNN,kd_tree,41,uncalibrated,4.78,0.7078760162601622,0.02474148276894161
12,12,KNN,kd_tree,41,uncalibrated,4.79,0.9015979814970564,0.013062271677173512
12,12,KNN,kd_tree,41,uncalibrated,4.81,0.9935766151554644,0.005026996834853803
12,12,KNN,kd_tree,41,uncalibrated,4.82,0.9983370288248228,0.0014826677932618917
12,12,KNN,kd_tree,41,uncalibrated,4.83,0.9997580332946192,0.00015755730348531442
12,12,KNN,kd_tree,41,uncalibrated,4.84,0.9992751151287734,0.00072488487122635
12,12,KNN,kd_tree,41,uncalibrated,4.85,1.0,0.0
12,12,KNN,kd_tree,41,uncalibrated,4.86,1.0,0.0
12,12,KNN,kd_tree,41,uncalibrated,4.87,1.0,0.0
12,12,KNN,kd_tree,41,uncalibrated,4.88,1.0,0.0
12,12,KNN,kd_tree,41,uncalibrated,4.9,1.0,0.0
12,12,KNN,kd_tree,41,uncalibrated,4.93,1.0,0.0
12,12,KNN,kd_tree,43,uncalibrated,4.67,0.0,0.0
12,12,KNN,kd_tree,43,uncalibrated,4.7,0.0,0.0
12,12,KNN,kd_tree,43,uncalibrated,4.72,0.0,0.0
12,12,KNN,kd_tree,43,uncalibrated,4.73,0.0005481168271866053,0.0002997362552876331
12,12,KNN,kd_tree,43,uncalibrated,4.74,0.010894107021901106,0.008410476405509144
12,12,KNN,kd_tree,43,uncalibrated,4.75,0.07091671173607354,0.01212427187220784
12,12,KNN,kd_tree,43,uncalibrated,4.76,0.2140163419233186,0.022946030173486953
12,12,KNN,kd_tree,43,uncalibrated,4.77,0.47599399849961976,0.0202139867949792
12,12,KNN,kd_tree,43,uncalibrated,4.78,0.7087209302325573,0.02458008213725757
12,12,KNN,kd_tree,43,uncalibrated,4.79,0.9018821642530307,0.013095784832934063
12,12,KNN,kd_tree,43,uncalibrated,4.81,0.9936534706195632,0.005015089650275084
12,12,KNN,kd_tree,43,uncalibrated,4.82,0.9983556495184295,0.0014721915459721948
12,12,KNN,kd_tree,43,uncalibrated,4.83,0.9997692875599853,0.0001502290568115104
12,12,KNN,kd_tree,43,uncalibrated,4.84,0.9993088307041795,0.0006911692958205263
12,12,KNN,kd_tree,43,uncalibrated,4.85,1.0,0.0
12,12,KNN,kd_tree,43,uncalibrated,4.86,1.0,0.0
12,12,KNN,kd_tree,43,uncalibrated,4.87,1.0,0.0
12,12,KNN,kd_tree,43,uncalibrated,4.88,1.0,0.0
12,12,KNN,kd_tree,43,uncalibrated,4.9,1.0,0.0
12,12,KNN,kd_tree,43,uncalibrated,4.93,1.0,0.0
12,12,KNN,kd_tree,45,uncalibrated,4.67,0.0,0.0
12,12,KNN,kd_tree,45,uncalibrated,4.7,0.0,0.0
12,12,KNN,kd_tree,45,uncalibrated,4.72,0.0,0.0
12,12,KNN,kd_tree,45,uncalibrated,4.73,0.0005237560793116136,0.000286414643941516
12,12,KNN,kd_tree,45,uncalibrated,4.74,0.010949298813376484,0.008576051779935276
12,12,KNN,kd_tree,45,uncalibrated,4.75,0.07131782945736434,0.01215142773518459
12,12,KNN,kd_tree,45,uncalibrated,4.76,0.2141141141141141,0.022925818649031832
12,12,KNN,kd_tree,45,uncalibrated,4.77,0.4767025089605683,0.020128436977340243
12,12,KNN,kd_tree,45,uncalibrated,4.78,0.7086574074074078,0.024792851783180362
12,12,KNN,kd_tree,45,uncalibrated,4.79,0.9020960108181204,0.01311938131477048
12,12,KNN,kd_tree,45,uncalibrated,4.81,0.993765903307888,0.0049618320610687605
12,12,KNN,kd_tree,45,uncalibrated,4.82,0.9983726150393033,0.0014626642103990556
12,12,KNN,kd_tree,45,uncalibrated,4.83,0.9997795414462082,0.00014355220984204134
12,12,KNN,kd_tree,45,uncalibrated,4.84,0.9993006993006993,0.0006993006993006867
12,12,KNN,kd_tree,45,uncalibrated,4.85,1.0,0.0
12,12,KNN,kd_tree,45,uncalibrated,4.86,1.0,0.0
12,12,KNN,kd_tree,45,uncalibrated,4.87,1.0,0.0
12,12,KNN,kd_tree,45,uncalibrated,4.88,1.0,0.0
12,12,KNN,kd_tree,45,uncalibrated,4.9,1.0,0.0
12,12,KNN,kd_tree,45,uncalibrated,4.93,1.0,0.0
12,12,KNN,kd_tree,47,uncalibrated,4.67,0.0,0.0
12,12,KNN,kd_tree,47,uncalibrated,4.7,0.0,0.0
12,12,KNN,kd_tree,47,uncalibrated,4.72,0.0,0.0
12,12,KNN,kd_tree,47,uncalibrated,4.73,0.0005014685865749908,0.0002742267867525152
12,12,KNN,kd_tree,47,uncalibrated,4.74,0.01094815120842801,0.008572608965089858
12,12,KNN,kd_tree,47,uncalibrated,4.75,0.07137555665512241,0.012138924396115282
12,12,KNN,kd_tree,47,uncalibrated,4.76,0.21449108683151238,0.022966356745198587
12,12,KNN,kd_tree,47,uncalibrated,4.77,0.47706474490964196,0.02020911051893287
12,12,KNN,kd_tree,47,uncalibrated,4.78,0.7091755319148945,0.024696506232825235
12,12,KNN,kd_tree,47,uncalibrated,4.79,0.9028153879217714,0.013223026467507249
12,12,KNN,kd_tree,47,uncalibrated,4.81,0.9937063504953709,0.004994315413350603
12,12,KNN,kd_tree,47,uncalibrated,4.82,0.998334407908876,0.0014543476631021272
12,12,KNN,kd_tree,47,uncalibrated,4.83,0.9997889226612624,0.000137443605168106
12,12,KNN,kd_tree,47,uncalibrated,4.84,0.9993304567772654,0.0006695432227346587
12,12,KNN,kd_tree,47,uncalibrated,4.85,1.0,0.0
12,12,KNN,kd_tree,47,uncalibrated,4.86,1.0,0.0
12,12,KNN,kd_tree,47,uncalibrated,4.87,1.0,0.0
12,12,KNN,kd_tree,47,uncalibrated,4.88,1.0,0.0
12,12,KNN,kd_tree,47,uncalibrated,4.9,1.0,0.0
12,12,KNN,kd_tree,47,uncalibrated,4.93,1.0,0.0
12,12,KNN,kd_tree,49,uncalibrated,4.67,0.0,0.0
12,12,KNN,kd_tree,49,uncalibrated,4.7,0.0,0.0
12,12,KNN,kd_tree,49,uncalibrated,4.72,0.0,0.0
12,12,KNN,kd_tree,49,uncalibrated,4.73,0.000481000481000465,0.00026303385668098405
12,12,KNN,kd_tree,49,uncalibrated,4.74,0.011046166039231226,0.00856944719635427
12,12,KNN,kd_tree,49,uncalibrated,4.75,0.07113194114855244,0.012104077166256054
12,12,KNN,kd_tree,49,uncalibrated,4.76,0.21506710792425085,0.022819982995076565
12,12,KNN,kd_tree,49,uncalibrated,4.77,0.478110599078341,0.02021668093430003
12,12,KNN,kd_tree,49,uncalibrated,4.78,0.7096088435374149,0.024458133743185943
12,12,KNN,kd_tree,49,uncalibrated,4.79,0.9027829313543598,0.013321468134877739
12,12,KNN,kd_tree,49,uncalibrated,4.81,0.993729552889858,0.005024147063405426
12,12,KNN,kd_tree,49,uncalibrated,4.82,0.9983508554937018,0.001446321904947436
12,12,KNN,kd_tree,49,uncalibrated,4.83,0.9997975380628442,0.00013183366209987702
12,12,KNN,kd_tree,49,uncalibrated,4.84,0.9993577850720711,0.0006422149279291522
12,12,KNN,kd_tree,49,uncalibrated,4.85,1.0,0.0
12,12,KNN,kd_tree,49,uncalibrated,4.86,1.0,0.0
12,12,KNN,kd_tree,49,uncalibrated,4.87,1.0,0.0
12,12,KNN,kd_tree,49,uncalibrated,4.88,1.0,0.0
12,12,KNN,kd_tree,49,uncalibrated,4.9,1.0,0.0
12,12,KNN,kd_tree,49,uncalibrated,4.93,1.0,0.0
12,12,KNN,kd_tree,51,uncalibrated,4.67,0.0,0.0
12,12,KNN,kd_tree,51,uncalibrated,4.7,0.0,0.0
12,12,KNN,kd_tree,51,uncalibrated,4.72,0.0,0.0
12,12,KNN,kd_tree,51,uncalibrated,4.73,0.0005281573909024889,0.0003066287186903366
12,12,KNN,kd_tree,51,uncalibrated,4.74,0.011279268989149056,0.008518941557205405
12,12,KNN,kd_tree,51,uncalibrated,4.75,0.07124943000456113,0.012055579127722179
12,12,KNN,kd_tree,51,uncalibrated,4.76,0.215244656421127,0.02297318350889017
12,12,KNN,kd_tree,51,uncalibrated,4.77,0.4787581699346456,0.02017365650420372
12,12,KNN,kd_tree,51,uncalibrated,4.78,0.7093137254901961,0.02452568476069039
12,12,KNN,kd_tree,51,uncalibrated,4.79,0.9029510794216682,0.013296090236079671
12,12,KNN,kd_tree,51,uncalibrated,4.81,0.9938257745846428,0.00497679988025751
12,12,KNN,kd_tree,51,uncalibrated,4.82,0.9984155278272926,0.0013896033988711153
12,12,KNN,kd_tree,51,uncalibrated,4.83,0.9998054777466542,0.00012666371456678923
12,12,KNN,kd_tree,51,uncalibrated,4.84,0.999348690525161,0.0006513094748388792
12,12,KNN,kd_tree,51,uncalibrated,4.85,1.0,0.0
12,12,KNN,kd_tree,51,uncalibrated,4.86,1.0,0.0
12,12,KNN,kd_tree,51,uncalibrated,4.87,1.0,0.0
12,12,KNN,kd_tree,51,uncalibrated,4.88,1.0,0.0
12,12,KNN,kd_tree,51,uncalibrated,4.9,1.0,0.0
12,12,KNN,kd_tree,51,uncalibrated,4.93,1.0,0.0
12,12,KNN,kd_tree,61,uncalibrated,4.67,0.0,0.0
12,12,KNN,kd_tree,61,uncalibrated,4.7,0.0,0.0
12,12,KNN,kd_tree,61,uncalibrated,4.72,0.0,0.0
12,12,KNN,kd_tree,61,uncalibrated,4.73,0.0005519677650825193,0.00035518670324021515
12,12,KNN,kd_tree,61,uncalibrated,4.74,0.011578863600190992,0.008475250676428459
12,12,KNN,kd_tree,61,uncalibrated,4.75,0.07124475791079037,0.01201610811988385
12,12,KNN,kd_tree,61,uncalibrated,4.76,0.21787771377935314,0.022792165301083838
12,12,KNN,kd_tree,61,uncalibrated,4.77,0.48065397496916235,0.020099905789871985
12,12,KNN,kd_tree,61,uncalibrated,4.78,0.7115437158469945,0.02373680563286646
12,12,KNN,kd_tree,61,uncalibrated,4.79,0.9037674990855603,0.013233528072051961
12,12,KNN,kd_tree,61,uncalibrated,4.81,0.9938993868101617,0.004974346139406949
12,12,KNN,kd_tree,61,uncalibrated,4.82,0.9984268918695365,0.0013682818329130457
12,12,KNN,kd_tree,61,uncalibrated,4.83,0.9997933599669376,0.00012575711932426815
12,12,KNN,kd_tree,61,uncalibrated,4.84,0.9994268027054912,0.000573197294508776
12,12,KNN,kd_tree,61,uncalibrated,4.85,1.0,0.0
12,12,KNN,kd_tree,61,uncalibrated,4.86,1.0,0.0
12,12,KNN,kd_tree,61,uncalibrated,4.87,1.0,0.0
12,12,KNN,kd_tree,61,uncalibrated,4.88,1.0,0.0
12,12,KNN,kd_tree,61,uncalibrated,4.9,1.0,0.0
12,12,KNN,kd_tree,61,uncalibrated,4.93,1.0,0.0
12,12,KNN,kd_tree,81,uncalibrated,4.67,0.0,0.0
12,12,KNN,kd_tree,81,uncalibrated,4.7,0.0,0.0
12,12,KNN,kd_tree,81,uncalibrated,4.72,0.0,0.0
12,12,KNN,kd_tree,81,uncalibrated,4.73,0.0006650870848401606,0.00036759808646232245
12,12,KNN,kd_tree,81,uncalibrated,4.74,0.011956130888169722,0.008300371568979984
12,12,KNN,kd_tree,81,uncalibrated,4.75,0.07292563881711286,0.012030160106059201
12,12,KNN,kd_tree,81,uncalibrated,4.76,0.22141586030474913,0.022988054789363787
12,12,KNN,kd_tree,81,uncalibrated,4.77,0.4850657108721523,0.020128645739156865
12,12,KNN,kd_tree,81,uncalibrated,4.78,0.7126028806584358,0.023342066121899582
12,12,KNN,kd_tree,81,uncalibrated,4.79,0.9044148949490415,0.013021763376643783
12,12,KNN,kd_tree,81,uncalibrated,4.81,0.9937564791254357,0.004924135331260127
12,12,KNN,kd_tree,81,uncalibrated,4.82,0.9985970819304044,0.0012481035378289187
12,12,KNN,kd_tree,81,uncalibrated,4.83,0.9998184458968884,0.00011031592833358317
12,12,KNN,kd_tree,81,uncalibrated,4.84,0.9993740827074162,0.0006259172925839329
12,12,KNN,kd_tree,81,uncalibrated,4.85,1.0,0.0
12,12,KNN,kd_tree,81,uncalibrated,4.86,1.0,0.0
12,12,KNN,kd_tree,81,uncalibrated,4.87,1.0,0.0
12,12,KNN,kd_tree,81,uncalibrated,4.88,1.0,0.0
12,12,KNN,kd_tree,81,uncalibrated,4.9,1.0,0.0
12,12,KNN,kd_tree,81,uncalibrated,4.93,1.0,0.0
12,12,KNN,kd_tree,101,uncalibrated,4.67,0.0,0.0
12,12,KNN,kd_tree,101,uncalibrated,4.7,0.0,0.0
12,12,KNN,kd_tree,101,uncalibrated,4.72,0.0,0.0
12,12,KNN,kd_tree,101,uncalibrated,4.73,0.0006000600060006,0.0003156133046786753
12,12,KNN,kd_tree,101,uncalibrated,4.74,0.012183985388830143,0.008290877631452465
12,12,KNN,kd_tree,101,uncalibrated,4.75,0.07391204236702859,0.012076399535795836
12,12,KNN,kd_tree,101,uncalibrated,4.76,0.22444474177147453,0.023302611196609563
12,12,KNN,kd_tree,101,uncalibrated,4.77,0.4870648355158096,0.019941226990104782
12,12,KNN,kd_tree,101,uncalibrated,4.78,0.7131806930693065,0.023270944111557397
12,12,KNN,kd_tree,101,uncalibrated,4.79,0.9053105310531053,0.013027100190403882
12,12,KNN,kd_tree,101,uncalibrated,4.81,0.9938402237170283,0.004950495049504955
12,12,KNN,kd_tree,101,uncalibrated,4.82,0.9986498649864987,0.0012255858195904747
12,12,KNN,kd_tree,101,uncalibrated,4.83,0.9998335968050586,0.00010368636030826622
12,12,KNN,kd_tree,101,uncalibrated,4.84,0.9994114796094994,0.0005885203905006131
12,12,KNN,kd_tree,101,uncalibrated,4.85,1.0,0.0
12,12,KNN,kd_tree,101,uncalibrated,4.86,1.0,0.0
12,12,KNN,kd_tree,101,uncalibrated,4.87,1.0,0.0
12,12,KNN,kd_tree,101,uncalibrated,4.88,1.0,0.0
12,12,KNN,kd_tree,101,uncalibrated,4.9,1.0,0.0
12,12,KNN,kd_tree,101,uncalibrated,4.93,1.0,0.0
12,12,KNN,kd_tree,151,uncalibrated,4.67,0.0,0.0
12,12,KNN,kd_tree,151,uncalibrated,4.7,0.0,0.0
12,12,KNN,kd_tree,151,uncalibrated,4.72,0.0,0.0
12,12,KNN,kd_tree,151,uncalibrated,4.73,0.0007135371373781865,0.00037878543227786533
12,12,KNN,kd_tree,151,uncalibrated,4.74,0.013132514627403075,0.00837459011123256
12,12,KNN,kd_tree,151,uncalibrated,4.75,0.0757931618666256,0.012095999878838585
12,12,KNN,kd_tree,151,uncalibrated,4.76,0.22686593878646866,0.02316240364487718
12,12,KNN,kd_tree,151,uncalibrated,4.77,0.4897635832799259,0.019906212191411598
12,12,KNN,kd_tree,151,uncalibrated,4.78,0.713755518763797,0.0232533269756493
12,12,KNN,kd_tree,151,uncalibrated,4.79,0.9050103685865276,0.012799466690179112
12,12,KNN,kd_tree,151,uncalibrated,4.81,0.993743996764572,0.0050174409787169805
12,12,KNN,kd_tree,151,uncalibrated,4.82,0.9987290119740125,0.0011207284095374893
12,12,KNN,kd_tree,151,uncalibrated,4.83,0.9997495687016529,0.00017889422080606733
12,12,KNN,kd_tree,151,uncalibrated,4.84,0.9993516417357478,0.0006252026119576981
12,12,KNN,kd_tree,151,uncalibrated,4.85,1.0,0.0
12,12,KNN,kd_tree,151,uncalibrated,4.86,1.0,0.0
12,12,KNN,kd_tree,151,uncalibrated,4.87,1.0,0.0
12,12,KNN,kd_tree,151,uncalibrated,4.88,1.0,0.0
12,12,KNN,kd_tree,151,uncalibrated,4.9,1.0,0.0
12,12,KNN,kd_tree,151,uncalibrated,4.93,1.0,0.0
12,12,KNN,kd_tree,201,uncalibrated,4.67,0.0,0.0
12,12,KNN,kd_tree,201,uncalibrated,4.7,0.0,0.0
12,12,KNN,kd_tree,201,uncalibrated,4.72,1.764228502875661e-05,1.764228502875693e-05
12,12,KNN,kd_tree,201,uncalibrated,4.73,0.0008878168082148289,0.0004746063121934154
12,12,KNN,kd_tree,201,uncalibrated,4.74,0.013935178476549296,0.008525334492585617
12,12,KNN,kd_tree,201,uncalibrated,4.75,0.07727351614023027,0.01210495104796283
12,12,KNN,kd_tree,201,uncalibrated,4.76,0.22776881358970905,0.02335349225749159
12,12,KNN,kd_tree,201,uncalibrated,4.77,0.49101267854277003,0.019687482642425532
12,12,KNN,kd_tree,201,uncalibrated,4.78,0.7128316749585406,0.023125395160791113
12,12,KNN,kd_tree,201,uncalibrated,4.79,0.9045379164782155,0.012939295828497129
12,12,KNN,kd_tree,201,uncalibrated,4.81,0.9934582811135162,0.005098553036344933
12,12,KNN,kd_tree,201,uncalibrated,4.82,0.9987310920146741,0.001143036832820084
12,12,KNN,kd_tree,201,uncalibrated,4.83,0.9997565364666287,0.00018400709497573442
12,12,KNN,kd_tree,201,uncalibrated,4.84,0.9993041784086563,0.0006784260515603768
12,12,KNN,kd_tree,201,uncalibrated,4.85,1.0,0.0
12,12,KNN,kd_tree,201,uncalibrated,4.86,1.0,0.0
12,12,KNN,kd_tree,201,uncalibrated,4.87,1.0,0.0
12,12,KNN,kd_tree,201,uncalibrated,4.88,1.0,0.0
12,12,KNN,kd_tree,201,uncalibrated,4.9,1.0,0.0
12,12,KNN,kd_tree,201,uncalibrated,4.93,1.0,0.0
12,12,KNN,ball_tree,1,uncalibrated,4.67,0.0,0.0
12,12,KNN,ball_tree,1,uncalibrated,4.7,0.0,0.0
12,12,KNN,ball_tree,1,uncalibrated,4.72,0.0,0.0
12,12,KNN,ball_tree,1,uncalibrated,4.73,0.0,0.0
12,12,KNN,ball_tree,1,uncalibrated,4.74,0.007281553398058253,0.007281553398058253
12,12,KNN,ball_tree,1,uncalibrated,4.75,0.035046728971962614,0.011682242990654205
12,12,KNN,ball_tree,1,uncalibrated,4.76,0.15280898876404495,0.02477012099443664
12,12,KNN,ball_tree,1,uncalibrated,4.77,0.39247311827955966,0.023374532475382025
12,12,KNN,ball_tree,1,uncalibrated,4.78,0.6373165618448637,0.02878308221749682
12,12,KNN,ball_tree,1,uncalibrated,4.79,0.847870182555781,0.017755721501026004
12,12,KNN,ball_tree,1,uncalibrated,4.81,0.9904214559386973,0.0069071863514635675
12,12,KNN,ball_tree,1,uncalibrated,4.82,1.0,0.0
12,12,KNN,ball_tree,1,uncalibrated,4.83,0.9976470588235201,0.00235294117647058
12,12,KNN,ball_tree,1,uncalibrated,4.84,0.9981447124304267,0.0018552875695733364
12,12,KNN,ball_tree,1,uncalibrated,4.85,1.0,0.0
12,12,KNN,ball_tree,1,uncalibrated,4.86,1.0,0.0
12,12,KNN,ball_tree,1,uncalibrated,4.87,1.0,0.0
12,12,KNN,ball_tree,1,uncalibrated,4.88,1.0,0.0
12,12,KNN,ball_tree,1,uncalibrated,4.9,1.0,0.0
12,12,KNN,ball_tree,1,uncalibrated,4.93,1.0,0.0
12,12,KNN,ball_tree,3,uncalibrated,4.67,0.0,0.0
12,12,KNN,ball_tree,3,uncalibrated,4.7,0.0,0.0
12,12,KNN,ball_tree,3,uncalibrated,4.72,0.0,0.0
12,12,KNN,ball_tree,3,uncalibrated,4.73,0.0,0.0
12,12,KNN,ball_tree,3,uncalibrated,4.74,0.008899676375404533,0.007281553398058252
12,12,KNN,ball_tree,3,uncalibrated,4.75,0.05555555555555555,0.011893296108635544
12,12,KNN,ball_tree,3,uncalibrated,4.76,0.1790262172284644,0.020043577768179242
12,12,KNN,ball_tree,3,uncalibrated,4.77,0.434587813620082,0.020379363614273564
12,12,KNN,ball_tree,3,uncalibrated,4.78,0.672916666666667,0.02146795750853992
12,12,KNN,ball_tree,3,uncalibrated,4.79,0.8747474747474745,0.01645359154595366
12,12,KNN,ball_tree,3,uncalibrated,4.81,0.9917302798982186,0.006997455470737879
12,12,KNN,ball_tree,3,uncalibrated,4.82,0.9979508196721312,0.0020491803278688547
12,12,KNN,ball_tree,3,uncalibrated,4.83,0.9992156862745284,0.0007843137254903032
12,12,KNN,ball_tree,3,uncalibrated,4.84,0.998834498834499,0.001165501165501126
12,12,KNN,ball_tree,3,uncalibrated,4.85,1.0,0.0
12,12,KNN,ball_tree,3,uncalibrated,4.86,1.0,0.0
12,12,KNN,ball_tree,3,uncalibrated,4.87,1.0,0.0
12,12,KNN,ball_tree,3,uncalibrated,4.88,1.0,0.0
12,12,KNN,ball_tree,3,uncalibrated,4.9,1.0,0.0
12,12,KNN,ball_tree,3,uncalibrated,4.93,1.0,0.0
12,12,KNN,ball_tree,5,uncalibrated,4.67,0.0,0.0
12,12,KNN,ball_tree,5,uncalibrated,4.7,0.0,0.0
12,12,KNN,ball_tree,5,uncalibrated,4.72,0.0,0.0
12,12,KNN,ball_tree,5,uncalibrated,4.73,0.0,0.0
12,12,KNN,ball_tree,5,uncalibrated,4.74,0.009223300970873786,0.007281553398058251
12,12,KNN,ball_tree,5,uncalibrated,4.75,0.061046511627906974,0.011441911903613546
12,12,KNN,ball_tree,5,uncalibrated,4.76,0.1896396396396396,0.022831217833286822
12,12,KNN,ball_tree,5,uncalibrated,4.77,0.4494623655913876,0.02041949356433658
12,12,KNN,ball_tree,5,uncalibrated,4.78,0.6875,0.02269463144217799
12,12,KNN,ball_tree,5,uncalibrated,4.79,0.8836363636363638,0.014204764308078363
12,12,KNN,ball_tree,5,uncalibrated,4.81,0.9916030534351146,0.006870229007633622
12,12,KNN,ball_tree,5,uncalibrated,4.82,0.9974747474747366,0.0020773708584254044
12,12,KNN,ball_tree,5,uncalibrated,4.83,0.9995294117647152,0.00047058823529405017
12,12,KNN,ball_tree,5,uncalibrated,4.84,0.9989510489510489,0.0010489510489510856
12,12,KNN,ball_tree,5,uncalibrated,4.85,1.0,0.0
12,12,KNN,ball_tree,5,uncalibrated,4.86,1.0,0.0
12,12,KNN,ball_tree,5,uncalibrated,4.87,1.0,0.0
12,12,KNN,ball_tree,5,uncalibrated,4.88,1.0,0.0
12,12,KNN,ball_tree,5,uncalibrated,4.9,1.0,0.0
12,12,KNN,ball_tree,5,uncalibrated,4.93,1.0,0.0
12,12,KNN,ball_tree,7,uncalibrated,4.67,0.0,0.0
12,12,KNN,ball_tree,7,uncalibrated,4.7,0.0,0.0
12,12,KNN,ball_tree,7,uncalibrated,4.72,0.0,0.0
12,12,KNN,ball_tree,7,uncalibrated,4.73,0.0,0.0
12,12,KNN,ball_tree,7,uncalibrated,4.74,0.009015256588072122,0.0076282940360610264
12,12,KNN,ball_tree,7,uncalibrated,4.75,0.06353820598006762,0.01158218838197525
12,12,KNN,ball_tree,7,uncalibrated,4.76,0.19325842696629225,0.021918195346968983
12,12,KNN,ball_tree,7,uncalibrated,4.77,0.45545314900153616,0.020428299681638628
12,12,KNN,ball_tree,7,uncalibrated,4.78,0.6925595238095238,0.022782279641950915
12,12,KNN,ball_tree,7,uncalibrated,4.79,0.887445887445888,0.01430537804489901
12,12,KNN,ball_tree,7,uncalibrated,4.81,0.992639040348964,0.006270447110141741
12,12,KNN,ball_tree,7,uncalibrated,4.82,0.9981962481962592,0.0014838363274466268
12,12,KNN,ball_tree,7,uncalibrated,4.83,0.9991496598639461,0.0005808929005646552
12,12,KNN,ball_tree,7,uncalibrated,4.84,0.9992507492507492,0.0007492507492507516
12,12,KNN,ball_tree,7,uncalibrated,4.85,1.0,0.0
12,12,KNN,ball_tree,7,uncalibrated,4.86,1.0,0.0
12,12,KNN,ball_tree,7,uncalibrated,4.87,1.0,0.0
12,12,KNN,ball_tree,7,uncalibrated,4.88,1.0,0.0
12,12,KNN,ball_tree,7,uncalibrated,4.9,1.0,0.0
12,12,KNN,ball_tree,7,uncalibrated,4.93,1.0,0.0
12,12,KNN,ball_tree,9,uncalibrated,4.67,0.0,0.0
12,12,KNN,ball_tree,9,uncalibrated,4.7,0.0,0.0
12,12,KNN,ball_tree,9,uncalibrated,4.72,0.0,0.0
12,12,KNN,ball_tree,9,uncalibrated,4.73,0.0,0.0
12,12,KNN,ball_tree,9,uncalibrated,4.74,0.008899676375404529,0.0072815533980582535
12,12,KNN,ball_tree,9,uncalibrated,4.75,0.06427648578811368,0.011779393979537289
12,12,KNN,ball_tree,9,uncalibrated,4.76,0.19675405742821472,0.021342838292718016
12,12,KNN,ball_tree,9,uncalibrated,4.77,0.45459976105137906,0.020022847172420626
12,12,KNN,ball_tree,9,uncalibrated,4.78,0.6962962962962967,0.024165898005844906
12,12,KNN,ball_tree,9,uncalibrated,4.79,0.8902356902356905,0.013451167916119873
12,12,KNN,ball_tree,9,uncalibrated,4.81,0.992790500424088,0.006361323155216203
12,12,KNN,ball_tree,9,uncalibrated,4.82,0.9983164983164766,0.0011843263349922545
12,12,KNN,ball_tree,9,uncalibrated,4.83,0.9993386243386243,0.00045180558932819454
12,12,KNN,ball_tree,9,uncalibrated,4.84,0.9992229992229992,0.0007770007770008247
12,12,KNN,ball_tree,9,uncalibrated,4.85,1.0,0.0
12,12,KNN,ball_tree,9,uncalibrated,4.86,1.0,0.0
12,12,KNN,ball_tree,9,uncalibrated,4.87,1.0,0.0
12,12,KNN,ball_tree,9,uncalibrated,4.88,1.0,0.0
12,12,KNN,ball_tree,9,uncalibrated,4.9,1.0,0.0
12,12,KNN,ball_tree,9,uncalibrated,4.93,1.0,0.0
12,12,KNN,ball_tree,11,uncalibrated,4.67,0.0,0.0
12,12,KNN,ball_tree,11,uncalibrated,4.7,0.0,0.0
12,12,KNN,ball_tree,11,uncalibrated,4.72,0.0,0.0
12,12,KNN,ball_tree,11,uncalibrated,4.73,0.0,0.0
12,12,KNN,ball_tree,11,uncalibrated,4.74,0.009929390997352162,0.008164165931156223
12,12,KNN,ball_tree,11,uncalibrated,4.75,0.06474630021141649,0.011938378384188632
12,12,KNN,ball_tree,11,uncalibrated,4.76,0.1979570990806946,0.02154606836097974
12,12,KNN,ball_tree,11,uncalibrated,4.77,0.45576735092865145,0.019865168274624354
12,12,KNN,ball_tree,11,uncalibrated,4.78,0.6992424242424239,0.024561894357378464
12,12,KNN,ball_tree,11,uncalibrated,4.79,0.8921261294486466,0.013226426823132138
12,12,KNN,ball_tree,11,uncalibrated,4.81,0.9930603747397639,0.005898681471200595
12,12,KNN,ball_tree,11,uncalibrated,4.82,0.9983233979135622,0.0011928323840225527
12,12,KNN,ball_tree,11,uncalibrated,4.83,0.9991443850267473,0.0005187310161044635
12,12,KNN,ball_tree,11,uncalibrated,4.84,0.9993642720915448,0.0006357279084551748
12,12,KNN,ball_tree,11,uncalibrated,4.85,1.0,0.0
12,12,KNN,ball_tree,11,uncalibrated,4.86,1.0,0.0
12,12,KNN,ball_tree,11,uncalibrated,4.87,1.0,0.0
12,12,KNN,ball_tree,11,uncalibrated,4.88,1.0,0.0
12,12,KNN,ball_tree,11,uncalibrated,4.9,1.0,0.0
12,12,KNN,ball_tree,11,uncalibrated,4.93,1.0,0.0
12,12,KNN,ball_tree,13,uncalibrated,4.67,0.0,0.0
12,12,KNN,ball_tree,13,uncalibrated,4.7,0.0,0.0
12,12,KNN,ball_tree,13,uncalibrated,4.72,0.0,0.0
12,12,KNN,ball_tree,13,uncalibrated,4.73,0.0,0.0
12,12,KNN,ball_tree,13,uncalibrated,4.74,0.010082150858849889,0.008215085884988798
12,12,KNN,ball_tree,13,uncalibrated,4.75,0.06596601073345496,0.011997349640309941
12,12,KNN,ball_tree,13,uncalibrated,4.76,0.19965427830596372,0.02146365184952867
12,12,KNN,ball_tree,13,uncalibrated,4.77,0.46133167907361455,0.019746419132201595
12,12,KNN,ball_tree,13,uncalibrated,4.78,0.7006410256410257,0.02413726135028572
12,12,KNN,ball_tree,13,uncalibrated,4.79,0.894679357154004,0.013073556564434414
12,12,KNN,ball_tree,13,uncalibrated,4.81,0.9929536112742222,0.0061655901350557984
12,12,KNN,ball_tree,13,uncalibrated,4.82,0.9984459984460201,0.001193251193251212
12,12,KNN,ball_tree,13,uncalibrated,4.83,0.9992760180995754,0.0004389262443958134
12,12,KNN,ball_tree,13,uncalibrated,4.84,0.9993275954814413,0.0006724045185584338
12,12,KNN,ball_tree,13,uncalibrated,4.85,1.0,0.0
12,12,KNN,ball_tree,13,uncalibrated,4.86,1.0,0.0
12,12,KNN,ball_tree,13,uncalibrated,4.87,1.0,0.0
12,12,KNN,ball_tree,13,uncalibrated,4.88,1.0,0.0
12,12,KNN,ball_tree,13,uncalibrated,4.9,1.0,0.0
12,12,KNN,ball_tree,13,uncalibrated,4.93,1.0,0.0
12,12,KNN,ball_tree,15,uncalibrated,4.67,0.0,0.0
12,12,KNN,ball_tree,15,uncalibrated,4.7,0.0,0.0
12,12,KNN,ball_tree,15,uncalibrated,4.72,0.0,0.0
12,12,KNN,ball_tree,15,uncalibrated,4.73,0.0,0.0
12,12,KNN,ball_tree,15,uncalibrated,4.74,0.010517799352750809,0.008252427184466019
12,12,KNN,ball_tree,15,uncalibrated,4.75,0.06705426356589266,0.012076467440009628
12,12,KNN,ball_tree,15,uncalibrated,4.76,0.20104868913857668,0.02172878647960594
12,12,KNN,ball_tree,15,uncalibrated,4.77,0.46057347670249876,0.020018602307759287
12,12,KNN,ball_tree,15,uncalibrated,4.78,0.7005555555555552,0.023958769453894396
12,12,KNN,ball_tree,15,uncalibrated,4.79,0.8958755916159549,0.012996438466636813
12,12,KNN,ball_tree,15,uncalibrated,4.81,0.9927480916030537,0.005979643765903431
12,12,KNN,ball_tree,15,uncalibrated,4.82,0.9984848484848158,0.0010725879327070967
12,12,KNN,ball_tree,15,uncalibrated,4.83,0.9993725490196359,0.0003804027451431383
12,12,KNN,ball_tree,15,uncalibrated,4.84,0.9993006993006993,0.0006993006993006867
12,12,KNN,ball_tree,15,uncalibrated,4.85,1.0,0.0
12,12,KNN,ball_tree,15,uncalibrated,4.86,1.0,0.0
12,12,KNN,ball_tree,15,uncalibrated,4.87,1.0,0.0
12,12,KNN,ball_tree,15,uncalibrated,4.88,1.0,0.0
12,12,KNN,ball_tree,15,uncalibrated,4.9,1.0,0.0
12,12,KNN,ball_tree,15,uncalibrated,4.93,1.0,0.0
12,12,KNN,ball_tree,17,uncalibrated,4.67,0.0,0.0
12,12,KNN,ball_tree,17,uncalibrated,4.7,0.0,0.0
12,12,KNN,ball_tree,17,uncalibrated,4.72,0.0,0.0
12,12,KNN,ball_tree,17,uncalibrated,4.73,0.0,0.0
12,12,KNN,ball_tree,17,uncalibrated,4.74,0.010993717875499714,0.008709308966304969
12,12,KNN,ball_tree,17,uncalibrated,4.75,0.0666894664842705,0.011967892323071268
12,12,KNN,ball_tree,17,uncalibrated,4.76,0.20330469266358228,0.022262544777854488
12,12,KNN,ball_tree,17,uncalibrated,4.77,0.4628399746995522,0.019988625768924646
12,12,KNN,ball_tree,17,uncalibrated,4.78,0.7013480392156859,0.023029109694260107
12,12,KNN,ball_tree,17,uncalibrated,4.79,0.8969096766495627,0.013091596236980049
12,12,KNN,ball_tree,17,uncalibrated,4.81,0.9925909295015718,0.006061966771441274
12,12,KNN,ball_tree,17,uncalibrated,4.82,0.9985145573380649,0.00108681843878308
12,12,KNN,ball_tree,17,uncalibrated,4.83,0.9994463667820256,0.00033564948100869835
12,12,KNN,ball_tree,17,uncalibrated,4.84,0.9992801316330728,0.0007198683669271122
12,12,KNN,ball_tree,17,uncalibrated,4.85,1.0,0.0
12,12,KNN,ball_tree,17,uncalibrated,4.86,1.0,0.0
12,12,KNN,ball_tree,17,uncalibrated,4.87,1.0,0.0
12,12,KNN,ball_tree,17,uncalibrated,4.88,1.0,0.0
12,12,KNN,ball_tree,17,uncalibrated,4.9,1.0,0.0
12,12,KNN,ball_tree,17,uncalibrated,4.93,1.0,0.0
12,12,KNN,ball_tree,19,uncalibrated,4.67,0.0,0.0
12,12,KNN,ball_tree,19,uncalibrated,4.7,0.0,0.0
12,12,KNN,ball_tree,19,uncalibrated,4.72,0.0,0.0
12,12,KNN,ball_tree,19,uncalibrated,4.73,0.0001367053998632946,0.0001367053998632946
12,12,KNN,ball_tree,19,uncalibrated,4.74,0.010858456821665818,0.008559018906489524
12,12,KNN,ball_tree,19,uncalibrated,4.75,0.06731946144430725,0.012046084071616373
12,12,KNN,ball_tree,19,uncalibrated,4.76,0.20402128917800116,0.021001406127181235
12,12,KNN,ball_tree,19,uncalibrated,4.77,0.4640633842671296,0.019958727280883902
12,12,KNN,ball_tree,19,uncalibrated,4.78,0.7018640350877193,0.0236288983477727
12,12,KNN,ball_tree,19,uncalibrated,4.79,0.898153090637342,0.01307700936262434
12,12,KNN,ball_tree,19,uncalibrated,4.81,0.9929690638810765,0.005624748895138643
12,12,KNN,ball_tree,19,uncalibrated,4.82,0.9985380116958956,0.0010997638381997166
12,12,KNN,ball_tree,19,uncalibrated,4.83,0.9994778613199665,0.0003399920759420313
12,12,KNN,ball_tree,19,uncalibrated,4.84,0.9993559072506442,0.0006440927493558957
12,12,KNN,ball_tree,19,uncalibrated,4.85,1.0,0.0
12,12,KNN,ball_tree,19,uncalibrated,4.86,1.0,0.0
12,12,KNN,ball_tree,19,uncalibrated,4.87,1.0,0.0
12,12,KNN,ball_tree,19,uncalibrated,4.88,1.0,0.0
12,12,KNN,ball_tree,19,uncalibrated,4.9,1.0,0.0
12,12,KNN,ball_tree,19,uncalibrated,4.93,1.0,0.0
12,12,KNN,ball_tree,21,uncalibrated,4.67,0.0,0.0
12,12,KNN,ball_tree,21,uncalibrated,4.7,0.0,0.0
12,12,KNN,ball_tree,21,uncalibrated,4.72,0.0,0.0
12,12,KNN,ball_tree,21,uncalibrated,4.73,0.00012368583797155226,0.00012368583797155226
12,12,KNN,ball_tree,21,uncalibrated,4.74,0.010517799352750812,0.0079750346740638
12,12,KNN,ball_tree,21,uncalibrated,4.75,0.06727574750830682,0.01203074412166142
12,12,KNN,ball_tree,21,uncalibrated,4.76,0.2055644729802033,0.02148085992958734
12,12,KNN,ball_tree,21,uncalibrated,4.77,0.4642857142857092,0.01991265903217803
12,12,KNN,ball_tree,21,uncalibrated,4.78,0.7019841269841267,0.023905779857047324
12,12,KNN,ball_tree,21,uncalibrated,4.79,0.8988698927846982,0.013137087975202166
12,12,KNN,ball_tree,21,uncalibrated,4.81,0.9927299163940384,0.005634314794620121
12,12,KNN,ball_tree,21,uncalibrated,4.82,0.9984367484367267,0.0012283591796004504
12,12,KNN,ball_tree,21,uncalibrated,4.83,0.9995275888133018,0.00030761187823327945
12,12,KNN,ball_tree,21,uncalibrated,4.84,0.9993339993339996,0.0006660006660005879
12,12,KNN,ball_tree,21,uncalibrated,4.85,1.0,0.0
12,12,KNN,ball_tree,21,uncalibrated,4.86,1.0,0.0
12,12,KNN,ball_tree,21,uncalibrated,4.87,1.0,0.0
12,12,KNN,ball_tree,21,uncalibrated,4.88,1.0,0.0
12,12,KNN,ball_tree,21,uncalibrated,4.9,1.0,0.0
12,12,KNN,ball_tree,21,uncalibrated,4.93,1.0,0.0
12,12,KNN,ball_tree,23,uncalibrated,4.67,0.0,0.0
12,12,KNN,ball_tree,23,uncalibrated,4.7,0.0,0.0
12,12,KNN,ball_tree,23,uncalibrated,4.72,0.0,0.0
12,12,KNN,ball_tree,23,uncalibrated,4.73,0.00011293054771315614,0.00011293054771315642
12,12,KNN,ball_tree,23,uncalibrated,4.74,0.01055297593921486,0.008231321232587591
12,12,KNN,ball_tree,23,uncalibrated,4.75,0.06761880687563195,0.012006232616040589
12,12,KNN,ball_tree,23,uncalibrated,4.76,0.20781631656082086,0.02182956549390467
12,12,KNN,ball_tree,23,uncalibrated,4.77,0.466923796166433,0.01987555329521137
12,12,KNN,ball_tree,23,uncalibrated,4.78,0.7026268115942025,0.02404824491643575
12,12,KNN,ball_tree,23,uncalibrated,4.79,0.8991974600934846,0.013171267661529925
12,12,KNN,ball_tree,23,uncalibrated,4.81,0.9927812811151677,0.005559243279123827
12,12,KNN,ball_tree,23,uncalibrated,4.82,0.9984628897672376,0.0012289317221875235
12,12,KNN,ball_tree,23,uncalibrated,4.83,0.9995686680469283,0.00028086301925634723
12,12,KNN,ball_tree,23,uncalibrated,4.84,0.9993159014898143,0.0006840985101855268
12,12,KNN,ball_tree,23,uncalibrated,4.85,1.0,0.0
12,12,KNN,ball_tree,23,uncalibrated,4.86,1.0,0.0
12,12,KNN,ball_tree,23,uncalibrated,4.87,1.0,0.0
12,12,KNN,ball_tree,23,uncalibrated,4.88,1.0,0.0
12,12,KNN,ball_tree,23,uncalibrated,4.9,1.0,0.0
12,12,KNN,ball_tree,23,uncalibrated,4.93,1.0,0.0
12,12,KNN,ball_tree,25,uncalibrated,4.67,0.0,0.0
12,12,KNN,ball_tree,25,uncalibrated,4.7,0.0,0.0
12,12,KNN,ball_tree,25,uncalibrated,4.72,0.0,0.0
12,12,KNN,ball_tree,25,uncalibrated,4.73,0.0001038961038961039,0.0001038961038961039
12,12,KNN,ball_tree,25,uncalibrated,4.74,0.010485436893203887,0.008155339805825244
12,12,KNN,ball_tree,25,uncalibrated,4.75,0.06802325581395348,0.01208816197144671
12,12,KNN,ball_tree,25,uncalibrated,4.76,0.2086292134831462,0.022514297103033907
12,12,KNN,ball_tree,25,uncalibrated,4.77,0.46881720430107526,0.019981202867469825
12,12,KNN,ball_tree,25,uncalibrated,4.78,0.7025833333333333,0.024401113742037534
12,12,KNN,ball_tree,25,uncalibrated,4.79,0.8997160243407708,0.013190574392066728
12,12,KNN,ball_tree,25,uncalibrated,4.81,0.9929770992366413,0.005496183206106842
12,12,KNN,ball_tree,25,uncalibrated,4.82,0.9984848484848159,0.0012297725291204042
12,12,KNN,ball_tree,25,uncalibrated,4.83,0.999603174603174,0.0002583939777157847
12,12,KNN,ball_tree,25,uncalibrated,4.84,0.9993006993006993,0.0006993006993006867
12,12,KNN,ball_tree,25,uncalibrated,4.85,1.0,0.0
12,12,KNN,ball_tree,25,uncalibrated,4.86,1.0,0.0
12,12,KNN,ball_tree,25,uncalibrated,4.87,1.0,0.0
12,12,KNN,ball_tree,25,uncalibrated,4.88,1.0,0.0
12,12,KNN,ball_tree,25,uncalibrated,4.9,1.0,0.0
12,12,KNN,ball_tree,25,uncalibrated,4.93,1.0,0.0
12,12,KNN,ball_tree,27,uncalibrated,4.67,0.0,0.0
12,12,KNN,ball_tree,27,uncalibrated,4.7,0.0,0.0
12,12,KNN,ball_tree,27,uncalibrated,4.72,0.0,0.0
12,12,KNN,ball_tree,27,uncalibrated,4.73,0.0002494076568150748,0.00017545575333219503
12,12,KNN,ball_tree,27,uncalibrated,4.74,0.010607695073714491,0.008090614886731391
12,12,KNN,ball_tree,27,uncalibrated,4.75,0.069229112833764,0.01220902531113347
12,12,KNN,ball_tree,27,uncalibrated,4.76,0.20957136912193103,0.022669329028775147
12,12,KNN,ball_tree,27,uncalibrated,4.77,0.4692353643966547,0.020033902328588503
12,12,KNN,ball_tree,27,uncalibrated,4.78,0.7032407407407407,0.02454383010245455
12,12,KNN,ball_tree,27,uncalibrated,4.79,0.8998572609120294,0.013034467819351574
12,12,KNN,ball_tree,27,uncalibrated,4.81,0.9931439072660446,0.005301102629347021
12,12,KNN,ball_tree,27,uncalibrated,4.82,0.9985035540591423,0.0012307474176998063
12,12,KNN,ball_tree,27,uncalibrated,4.83,0.9996325690770135,0.00023925368307040805
12,12,KNN,ball_tree,27,uncalibrated,4.84,0.9992877492877493,0.0007122507122506727
12,12,KNN,ball_tree,27,uncalibrated,4.85,1.0,0.0
12,12,KNN,ball_tree,27,uncalibrated,4.86,1.0,0.0
12,12,KNN,ball_tree,27,uncalibrated,4.87,1.0,0.0
12,12,KNN,ball_tree,27,uncalibrated,4.88,1.0,0.0
12,12,KNN,ball_tree,27,uncalibrated,4.9,1.0,0.0
12,12,KNN,ball_tree,27,uncalibrated,4.93,1.0,0.0
12,12,KNN,ball_tree,29,uncalibrated,4.67,0.0,0.0
12,12,KNN,ball_tree,29,uncalibrated,4.7,0.0,0.0
12,12,KNN,ball_tree,29,uncalibrated,4.72,0.0,0.0
12,12,KNN,ball_tree,29,uncalibrated,4.73,0.00023220712875884759,0.00016335535655066436
12,12,KNN,ball_tree,29,uncalibrated,4.74,0.010629394040843652,0.008118513558754602
12,12,KNN,ball_tree,29,uncalibrated,4.75,0.06966720128307823,0.012224153646397526
12,12,KNN,ball_tree,29,uncalibrated,4.76,0.21139093374660983,0.02267063330476278
12,12,KNN,ball_tree,29,uncalibrated,4.77,0.47043010752687664,0.020061787309765437
12,12,KNN,ball_tree,29,uncalibrated,4.78,0.7045977011494249,0.02466275147198042
12,12,KNN,ball_tree,29,uncalibrated,4.79,0.900748408757082,0.012918161718504045
12,12,KNN,ball_tree,29,uncalibrated,4.81,0.9930902869176101,0.005198736509607782
12,12,KNN,ball_tree,29,uncalibrated,4.82,0.9984326018808342,0.0013178417363046003
12,12,KNN,ball_tree,29,uncalibrated,4.83,0.9996579091406677,0.0002227534290654555
12,12,KNN,ball_tree,29,uncalibrated,4.84,0.9993368700265253,0.0006631299734747298
12,12,KNN,ball_tree,29,uncalibrated,4.85,1.0,0.0
12,12,KNN,ball_tree,29,uncalibrated,4.86,1.0,0.0
12,12,KNN,ball_tree,29,uncalibrated,4.87,1.0,0.0
12,12,KNN,ball_tree,29,uncalibrated,4.88,1.0,0.0
12,12,KNN,ball_tree,29,uncalibrated,4.9,1.0,0.0
12,12,KNN,ball_tree,29,uncalibrated,4.93,1.0,0.0
12,12,KNN,ball_tree,31,uncalibrated,4.67,0.0,0.0
12,12,KNN,ball_tree,31,uncalibrated,4.7,0.0,0.0
12,12,KNN,ball_tree,31,uncalibrated,4.72,0.0,0.0
12,12,KNN,ball_tree,31,uncalibrated,4.73,0.0003258390355164602,0.00024187275625874559
12,12,KNN,ball_tree,31,uncalibrated,4.74,0.010413404321954277,0.008064516129032256
12,12,KNN,ball_tree,31,uncalibrated,4.75,0.06995498874718915,0.01218375671784624
12,12,KNN,ball_tree,31,uncalibrated,4.76,0.21188836534976452,0.022602073659067367
12,12,KNN,ball_tree,31,uncalibrated,4.77,0.4712105445716268,0.02010688713610237
12,12,KNN,ball_tree,31,uncalibrated,4.78,0.7050403225806452,0.024696430068534864
12,12,KNN,ball_tree,31,uncalibrated,4.79,0.9011319767061441,0.012768457378708896
12,12,KNN,ball_tree,31,uncalibrated,4.81,0.9931051465156369,0.0051711401132725765
12,12,KNN,ball_tree,31,uncalibrated,4.82,0.998452264581275,0.0013134475931818152
12,12,KNN,ball_tree,31,uncalibrated,4.83,0.9996799795186893,0.0002083822400933696
12,12,KNN,ball_tree,31,uncalibrated,4.84,0.9993232573877735,0.0006767426122264442
12,12,KNN,ball_tree,31,uncalibrated,4.85,1.0,0.0
12,12,KNN,ball_tree,31,uncalibrated,4.86,1.0,0.0
12,12,KNN,ball_tree,31,uncalibrated,4.87,1.0,0.0
12,12,KNN,ball_tree,31,uncalibrated,4.88,1.0,0.0
12,12,KNN,ball_tree,31,uncalibrated,4.9,1.0,0.0
12,12,KNN,ball_tree,31,uncalibrated,4.93,1.0,0.0
12,12,KNN,ball_tree,33,uncalibrated,4.67,0.0,0.0
12,12,KNN,ball_tree,33,uncalibrated,4.7,0.0,0.0
12,12,KNN,ball_tree,33,uncalibrated,4.72,0.0,0.0
12,12,KNN,ball_tree,33,uncalibrated,4.73,0.00030609121518212427,0.0002272138013339732
12,12,KNN,ball_tree,33,uncalibrated,4.74,0.010591350397175639,0.008384819064430712
12,12,KNN,ball_tree,33,uncalibrated,4.75,0.06967935165609584,0.012144520509954432
12,12,KNN,ball_tree,33,uncalibrated,4.76,0.21171263193735115,0.022951567293435452
12,12,KNN,ball_tree,33,uncalibrated,4.77,0.47214076246333797,0.020183360384295437
12,12,KNN,ball_tree,33,uncalibrated,4.78,0.7056818181818179,0.02455918977354701
12,12,KNN,ball_tree,33,uncalibrated,4.79,0.901284651791753,0.01284850292923416
12,12,KNN,ball_tree,33,uncalibrated,4.81,0.9931760351607684,0.0050890585241729624
12,12,KNN,ball_tree,33,uncalibrated,4.82,0.9983930211202721,0.0013855850829250936
12,12,KNN,ball_tree,33,uncalibrated,4.83,0.9996993746993742,0.00019575301342106779
12,12,KNN,ball_tree,33,uncalibrated,4.84,0.9993642720915448,0.0006357279084551748
12,12,KNN,ball_tree,33,uncalibrated,4.85,1.0,0.0
12,12,KNN,ball_tree,33,uncalibrated,4.86,1.0,0.0
12,12,KNN,ball_tree,33,uncalibrated,4.87,1.0,0.0
12,12,KNN,ball_tree,33,uncalibrated,4.88,1.0,0.0
12,12,KNN,ball_tree,33,uncalibrated,4.9,1.0,0.0
12,12,KNN,ball_tree,33,uncalibrated,4.93,1.0,0.0
12,12,KNN,ball_tree,35,uncalibrated,4.67,0.0,0.0
12,12,KNN,ball_tree,35,uncalibrated,4.7,0.0,0.0
12,12,KNN,ball_tree,35,uncalibrated,4.72,0.0,0.0
12,12,KNN,ball_tree,35,uncalibrated,4.73,0.0002886002886002939,0.00021423015554346034
12,12,KNN,ball_tree,35,uncalibrated,4.74,0.010887656033287101,0.008529819694868237
12,12,KNN,ball_tree,35,uncalibrated,4.75,0.06985049833886925,0.012133916608156717
12,12,KNN,ball_tree,35,uncalibrated,4.76,0.2120064205457465,0.02285403156634156
12,12,KNN,ball_tree,35,uncalibrated,4.77,0.47250384024577563,0.020268748683728306
12,12,KNN,ball_tree,35,uncalibrated,4.78,0.7060119047619051,0.024815147086876353
12,12,KNN,ball_tree,35,uncalibrated,4.79,0.9013039698638058,0.012773351155557605
12,12,KNN,ball_tree,35,uncalibrated,4.81,0.9934023991275902,0.0049618320610686495
12,12,KNN,ball_tree,35,uncalibrated,4.82,0.9984126984126659,0.0013780397811915047
12,12,KNN,ball_tree,35,uncalibrated,4.83,0.9997165532879814,0.0001845671269398949
12,12,KNN,ball_tree,35,uncalibrated,4.84,0.9993006993006993,0.0006993006993006867
12,12,KNN,ball_tree,35,uncalibrated,4.85,1.0,0.0
12,12,KNN,ball_tree,35,uncalibrated,4.86,1.0,0.0
12,12,KNN,ball_tree,35,uncalibrated,4.87,1.0,0.0
12,12,KNN,ball_tree,35,uncalibrated,4.88,1.0,0.0
12,12,KNN,ball_tree,35,uncalibrated,4.9,1.0,0.0
12,12,KNN,ball_tree,35,uncalibrated,4.93,1.0,0.0
12,12,KNN,ball_tree,37,uncalibrated,4.67,0.0,0.0
12,12,KNN,ball_tree,37,uncalibrated,4.7,0.0,0.0
12,12,KNN,ball_tree,37,uncalibrated,4.72,0.0,0.0
12,12,KNN,ball_tree,37,uncalibrated,4.73,0.0003640003640003481,0.00022100022100022098
12,12,KNN,ball_tree,37,uncalibrated,4.74,0.010823930726843348,0.008462345840986617
12,12,KNN,ball_tree,37,uncalibrated,4.75,0.0697674418604663,0.0120943138677468
12,12,KNN,ball_tree,37,uncalibrated,4.76,0.21286827367908456,0.02275160056476441
12,12,KNN,ball_tree,37,uncalibrated,4.77,0.4735541993606613,0.02026043755563123
12,12,KNN,ball_tree,37,uncalibrated,4.78,0.7068130630630627,0.024863915357844532
12,12,KNN,ball_tree,37,uncalibrated,4.79,0.9008278054931199,0.01298523222952275
12,12,KNN,ball_tree,37,uncalibrated,4.81,0.9935011347225088,0.0049515164018980595
12,12,KNN,ball_tree,37,uncalibrated,4.82,0.9984302484302157,0.0013713588876544107
12,12,KNN,ball_tree,37,uncalibrated,4.83,0.9997318747318746,0.0001745905254837515
12,12,KNN,ball_tree,37,uncalibrated,4.84,0.9992912492912491,0.000708750708750705
12,12,KNN,ball_tree,37,uncalibrated,4.85,1.0,0.0
12,12,KNN,ball_tree,37,uncalibrated,4.86,1.0,0.0
12,12,KNN,ball_tree,37,uncalibrated,4.87,1.0,0.0
12,12,KNN,ball_tree,37,uncalibrated,4.88,1.0,0.0
12,12,KNN,ball_tree,37,uncalibrated,4.9,1.0,0.0
12,12,KNN,ball_tree,37,uncalibrated,4.93,1.0,0.0
12,12,KNN,ball_tree,39,uncalibrated,4.67,0.0,0.0
12,12,KNN,ball_tree,39,uncalibrated,4.7,0.0,0.0
12,12,KNN,ball_tree,39,uncalibrated,4.72,0.0,0.0
12,12,KNN,ball_tree,39,uncalibrated,4.73,0.00043166709833376496,0.000225400116950914
12,12,KNN,ball_tree,39,uncalibrated,4.74,0.010891212347523025,0.008650734378889718
12,12,KNN,ball_tree,39,uncalibrated,4.75,0.07051282051282287,0.012120475458673776
12,12,KNN,ball_tree,39,uncalibrated,4.76,0.2131554631554632,0.022864282789710057
12,12,KNN,ball_tree,39,uncalibrated,4.77,0.47429004687070225,0.020262833924598
12,12,KNN,ball_tree,39,uncalibrated,4.78,0.7069978632478633,0.024733982796394983
12,12,KNN,ball_tree,39,uncalibrated,4.79,0.9013366619857492,0.012969414797149503
12,12,KNN,ball_tree,39,uncalibrated,4.81,0.9934918770796636,0.005040125269133
12,12,KNN,ball_tree,39,uncalibrated,4.82,0.9983812483812702,0.001429807295126034
12,12,KNN,ball_tree,39,uncalibrated,4.83,0.9997456247456248,0.00016563716520236546
12,12,KNN,ball_tree,39,uncalibrated,4.84,0.9992827685135379,0.0007172314864622442
12,12,KNN,ball_tree,39,uncalibrated,4.85,1.0,0.0
12,12,KNN,ball_tree,39,uncalibrated,4.86,1.0,0.0
12,12,KNN,ball_tree,39,uncalibrated,4.87,1.0,0.0
12,12,KNN,ball_tree,39,uncalibrated,4.88,1.0,0.0
12,12,KNN,ball_tree,39,uncalibrated,4.9,1.0,0.0
12,12,KNN,ball_tree,39,uncalibrated,4.93,1.0,0.0
12,12,KNN,ball_tree,41,uncalibrated,4.67,0.0,0.0
12,12,KNN,ball_tree,41,uncalibrated,4.7,0.0,0.0
12,12,KNN,ball_tree,41,uncalibrated,4.72,0.0,0.0
12,12,KNN,ball_tree,41,uncalibrated,4.73,0.0005748542333907974,0.00031435753603337115
12,12,KNN,ball_tree,41,uncalibrated,4.74,0.011011129528771016,0.008643144683874024
12,12,KNN,ball_tree,41,uncalibrated,4.75,0.07097277368122282,0.012153725404630274
12,12,KNN,ball_tree,41,uncalibrated,4.76,0.21341463414634154,0.022670689166022225
12,12,KNN,ball_tree,41,uncalibrated,4.77,0.47547862575399946,0.020306946232840264
12,12,KNN,ball_tree,41,uncalibrated,4.78,0.7078760162601622,0.02474148276894161
12,12,KNN,ball_tree,41,uncalibrated,4.79,0.9015979814970564,0.013062271677173512
12,12,KNN,ball_tree,41,uncalibrated,4.81,0.9935766151554644,0.005026996834853803
12,12,KNN,ball_tree,41,uncalibrated,4.82,0.9983370288248228,0.0014826677932618917
12,12,KNN,ball_tree,41,uncalibrated,4.83,0.9997580332946192,0.00015755730348531442
12,12,KNN,ball_tree,41,uncalibrated,4.84,0.9992751151287734,0.00072488487122635
12,12,KNN,ball_tree,41,uncalibrated,4.85,1.0,0.0
12,12,KNN,ball_tree,41,uncalibrated,4.86,1.0,0.0
12,12,KNN,ball_tree,41,uncalibrated,4.87,1.0,0.0
12,12,KNN,ball_tree,41,uncalibrated,4.88,1.0,0.0
12,12,KNN,ball_tree,41,uncalibrated,4.9,1.0,0.0
12,12,KNN,ball_tree,41,uncalibrated,4.93,1.0,0.0
12,12,KNN,ball_tree,43,uncalibrated,4.67,0.0,0.0
12,12,KNN,ball_tree,43,uncalibrated,4.7,0.0,0.0
12,12,KNN,ball_tree,43,uncalibrated,4.72,0.0,0.0
12,12,KNN,ball_tree,43,uncalibrated,4.73,0.0005481168271866053,0.0002997362552876331
12,12,KNN,ball_tree,43,uncalibrated,4.74,0.010894107021901106,0.008410476405509144
12,12,KNN,ball_tree,43,uncalibrated,4.75,0.07091671173607354,0.01212427187220784
12,12,KNN,ball_tree,43,uncalibrated,4.76,0.2140163419233186,0.022946030173486953
12,12,KNN,ball_tree,43,uncalibrated,4.77,0.47599399849961976,0.0202139867949792
12,12,KNN,ball_tree,43,uncalibrated,4.78,0.7087209302325573,0.02458008213725757
12,12,KNN,ball_tree,43,uncalibrated,4.79,0.9018821642530307,0.013095784832934063
12,12,KNN,ball_tree,43,uncalibrated,4.81,0.9936534706195632,0.005015089650275084
12,12,KNN,ball_tree,43,uncalibrated,4.82,0.9983556495184295,0.0014721915459721948
12,12,KNN,ball_tree,43,uncalibrated,4.83,0.9997692875599853,0.0001502290568115104
12,12,KNN,ball_tree,43,uncalibrated,4.84,0.9993088307041795,0.0006911692958205263
12,12,KNN,ball_tree,43,uncalibrated,4.85,1.0,0.0
12,12,KNN,ball_tree,43,uncalibrated,4.86,1.0,0.0
12,12,KNN,ball_tree,43,uncalibrated,4.87,1.0,0.0
12,12,KNN,ball_tree,43,uncalibrated,4.88,1.0,0.0
12,12,KNN,ball_tree,43,uncalibrated,4.9,1.0,0.0
12,12,KNN,ball_tree,43,uncalibrated,4.93,1.0,0.0
12,12,KNN,ball_tree,45,uncalibrated,4.67,0.0,0.0
12,12,KNN,ball_tree,45,uncalibrated,4.7,0.0,0.0
12,12,KNN,ball_tree,45,uncalibrated,4.72,0.0,0.0
12,12,KNN,ball_tree,45,uncalibrated,4.73,0.0005237560793116136,0.000286414643941516
12,12,KNN,ball_tree,45,uncalibrated,4.74,0.010949298813376484,0.008576051779935276
12,12,KNN,ball_tree,45,uncalibrated,4.75,0.07131782945736434,0.01215142773518459
12,12,KNN,ball_tree,45,uncalibrated,4.76,0.2141141141141141,0.022925818649031832
12,12,KNN,ball_tree,45,uncalibrated,4.77,0.4767025089605683,0.020128436977340243
12,12,KNN,ball_tree,45,uncalibrated,4.78,0.7086574074074078,0.024792851783180362
12,12,KNN,ball_tree,45,uncalibrated,4.79,0.9020960108181204,0.01311938131477048
12,12,KNN,ball_tree,45,uncalibrated,4.81,0.993765903307888,0.0049618320610687605
12,12,KNN,ball_tree,45,uncalibrated,4.82,0.9983726150393033,0.0014626642103990556
12,12,KNN,ball_tree,45,uncalibrated,4.83,0.9997795414462082,0.00014355220984204134
12,12,KNN,ball_tree,45,uncalibrated,4.84,0.9993006993006993,0.0006993006993006867
12,12,KNN,ball_tree,45,uncalibrated,4.85,1.0,0.0
12,12,KNN,ball_tree,45,uncalibrated,4.86,1.0,0.0
12,12,KNN,ball_tree,45,uncalibrated,4.87,1.0,0.0
12,12,KNN,ball_tree,45,uncalibrated,4.88,1.0,0.0
12,12,KNN,ball_tree,45,uncalibrated,4.9,1.0,0.0
12,12,KNN,ball_tree,45,uncalibrated,4.93,1.0,0.0
12,12,KNN,ball_tree,47,uncalibrated,4.67,0.0,0.0
12,12,KNN,ball_tree,47,uncalibrated,4.7,0.0,0.0
12,12,KNN,ball_tree,47,uncalibrated,4.72,0.0,0.0
12,12,KNN,ball_tree,47,uncalibrated,4.73,0.0005014685865749908,0.0002742267867525152
12,12,KNN,ball_tree,47,uncalibrated,4.74,0.01094815120842801,0.008572608965089858
12,12,KNN,ball_tree,47,uncalibrated,4.75,0.07137555665512241,0.012138924396115282
12,12,KNN,ball_tree,47,uncalibrated,4.76,0.21449108683151238,0.022966356745198587
12,12,KNN,ball_tree,47,uncalibrated,4.77,0.47706474490964196,0.02020911051893287
12,12,KNN,ball_tree,47,uncalibrated,4.78,0.7091755319148945,0.024696506232825235
12,12,KNN,ball_tree,47,uncalibrated,4.79,0.9028153879217714,0.013223026467507249
12,12,KNN,ball_tree,47,uncalibrated,4.81,0.9937063504953709,0.004994315413350603
12,12,KNN,ball_tree,47,uncalibrated,4.82,0.998334407908876,0.0014543476631021272
12,12,KNN,ball_tree,47,uncalibrated,4.83,0.9997889226612624,0.000137443605168106
12,12,KNN,ball_tree,47,uncalibrated,4.84,0.9993304567772654,0.0006695432227346587
12,12,KNN,ball_tree,47,uncalibrated,4.85,1.0,0.0
12,12,KNN,ball_tree,47,uncalibrated,4.86,1.0,0.0
12,12,KNN,ball_tree,47,uncalibrated,4.87,1.0,0.0
12,12,KNN,ball_tree,47,uncalibrated,4.88,1.0,0.0
12,12,KNN,ball_tree,47,uncalibrated,4.9,1.0,0.0
12,12,KNN,ball_tree,47,uncalibrated,4.93,1.0,0.0
12,12,KNN,ball_tree,49,uncalibrated,4.67,0.0,0.0
12,12,KNN,ball_tree,49,uncalibrated,4.7,0.0,0.0
12,12,KNN,ball_tree,49,uncalibrated,4.72,0.0,0.0
12,12,KNN,ball_tree,49,uncalibrated,4.73,0.000481000481000465,0.00026303385668098405
12,12,KNN,ball_tree,49,uncalibrated,4.74,0.011046166039231226,0.00856944719635427
12,12,KNN,ball_tree,49,uncalibrated,4.75,0.07113194114855244,0.012104077166256054
12,12,KNN,ball_tree,49,uncalibrated,4.76,0.21506710792425085,0.022819982995076565
12,12,KNN,ball_tree,49,uncalibrated,4.77,0.478110599078341,0.02021668093430003
12,12,KNN,ball_tree,49,uncalibrated,4.78,0.7096088435374149,0.024458133743185943
12,12,KNN,ball_tree,49,uncalibrated,4.79,0.9027829313543598,0.013321468134877739
12,12,KNN,ball_tree,49,uncalibrated,4.81,0.993729552889858,0.005024147063405426
12,12,KNN,ball_tree,49,uncalibrated,4.82,0.9983508554937018,0.001446321904947436
12,12,KNN,ball_tree,49,uncalibrated,4.83,0.9997975380628442,0.00013183366209987702
12,12,KNN,ball_tree,49,uncalibrated,4.84,0.9993577850720711,0.0006422149279291522
12,12,KNN,ball_tree,49,uncalibrated,4.85,1.0,0.0
12,12,KNN,ball_tree,49,uncalibrated,4.86,1.0,0.0
12,12,KNN,ball_tree,49,uncalibrated,4.87,1.0,0.0
12,12,KNN,ball_tree,49,uncalibrated,4.88,1.0,0.0
12,12,KNN,ball_tree,49,uncalibrated,4.9,1.0,0.0
12,12,KNN,ball_tree,49,uncalibrated,4.93,1.0,0.0
12,12,KNN,ball_tree,51,uncalibrated,4.67,0.0,0.0
12,12,KNN,ball_tree,51,uncalibrated,4.7,0.0,0.0
12,12,KNN,ball_tree,51,uncalibrated,4.72,0.0,0.0
12,12,KNN,ball_tree,51,uncalibrated,4.73,0.0005281573909024889,0.0003066287186903366
12,12,KNN,ball_tree,51,uncalibrated,4.74,0.011279268989149056,0.008518941557205405
12,12,KNN,ball_tree,51,uncalibrated,4.75,0.07124943000456113,0.012055579127722179
12,12,KNN,ball_tree,51,uncalibrated,4.76,0.215244656421127,0.02297318350889017
12,12,KNN,ball_tree,51,uncalibrated,4.77,0.4787581699346456,0.02017365650420372
12,12,KNN,ball_tree,51,uncalibrated,4.78,0.7093137254901961,0.02452568476069039
12,12,KNN,ball_tree,51,uncalibrated,4.79,0.9029510794216682,0.013296090236079671
12,12,KNN,ball_tree,51,uncalibrated,4.81,0.9938257745846428,0.00497679988025751
12,12,KNN,ball_tree,51,uncalibrated,4.82,0.9984155278272926,0.0013896033988711153
12,12,KNN,ball_tree,51,uncalibrated,4.83,0.9998054777466542,0.00012666371456678923
12,12,KNN,ball_tree,51,uncalibrated,4.84,0.999348690525161,0.0006513094748388792
12,12,KNN,ball_tree,51,uncalibrated,4.85,1.0,0.0
12,12,KNN,ball_tree,51,uncalibrated,4.86,1.0,0.0
12,12,KNN,ball_tree,51,uncalibrated,4.87,1.0,0.0
12,12,KNN,ball_tree,51,uncalibrated,4.88,1.0,0.0
12,12,KNN,ball_tree,51,uncalibrated,4.9,1.0,0.0
12,12,KNN,ball_tree,51,uncalibrated,4.93,1.0,0.0
12,12,KNN,ball_tree,61,uncalibrated,4.67,0.0,0.0
12,12,KNN,ball_tree,61,uncalibrated,4.7,0.0,0.0
12,12,KNN,ball_tree,61,uncalibrated,4.72,0.0,0.0
12,12,KNN,ball_tree,61,uncalibrated,4.73,0.0005519677650825193,0.00035518670324021515
12,12,KNN,ball_tree,61,uncalibrated,4.74,0.011578863600190992,0.008475250676428459
12,12,KNN,ball_tree,61,uncalibrated,4.75,0.07124475791079037,0.01201610811988385
12,12,KNN,ball_tree,61,uncalibrated,4.76,0.21787771377935314,0.022792165301083838
12,12,KNN,ball_tree,61,uncalibrated,4.77,0.48065397496916235,0.020099905789871985
12,12,KNN,ball_tree,61,uncalibrated,4.78,0.7115437158469945,0.02373680563286646
12,12,KNN,ball_tree,61,uncalibrated,4.79,0.9037674990855603,0.013233528072051961
12,12,KNN,ball_tree,61,uncalibrated,4.81,0.9938993868101617,0.004974346139406949
12,12,KNN,ball_tree,61,uncalibrated,4.82,0.9984268918695365,0.0013682818329130457
12,12,KNN,ball_tree,61,uncalibrated,4.83,0.9997933599669376,0.00012575711932426815
12,12,KNN,ball_tree,61,uncalibrated,4.84,0.9994268027054912,0.000573197294508776
12,12,KNN,ball_tree,61,uncalibrated,4.85,1.0,0.0
12,12,KNN,ball_tree,61,uncalibrated,4.86,1.0,0.0
12,12,KNN,ball_tree,61,uncalibrated,4.87,1.0,0.0
12,12,KNN,ball_tree,61,uncalibrated,4.88,1.0,0.0
12,12,KNN,ball_tree,61,uncalibrated,4.9,1.0,0.0
12,12,KNN,ball_tree,61,uncalibrated,4.93,1.0,0.0
12,12,KNN,ball_tree,81,uncalibrated,4.67,0.0,0.0
12,12,KNN,ball_tree,81,uncalibrated,4.7,0.0,0.0
12,12,KNN,ball_tree,81,uncalibrated,4.72,0.0,0.0
12,12,KNN,ball_tree,81,uncalibrated,4.73,0.0006650870848401606,0.00036759808646232245
12,12,KNN,ball_tree,81,uncalibrated,4.74,0.011956130888169722,0.008300371568979984
12,12,KNN,ball_tree,81,uncalibrated,4.75,0.07292563881711286,0.012030160106059201
12,12,KNN,ball_tree,81,uncalibrated,4.76,0.22141586030474913,0.022988054789363787
12,12,KNN,ball_tree,81,uncalibrated,4.77,0.4850657108721523,0.020128645739156865
12,12,KNN,ball_tree,81,uncalibrated,4.78,0.7126028806584358,0.023342066121899582
12,12,KNN,ball_tree,81,uncalibrated,4.79,0.9044148949490415,0.013021763376643783
12,12,KNN,ball_tree,81,uncalibrated,4.81,0.9937564791254357,0.004924135331260127
12,12,KNN,ball_tree,81,uncalibrated,4.82,0.9985970819304044,0.0012481035378289187
12,12,KNN,ball_tree,81,uncalibrated,4.83,0.9998184458968884,0.00011031592833358317
12,12,KNN,ball_tree,81,uncalibrated,4.84,0.9993740827074162,0.0006259172925839329
12,12,KNN,ball_tree,81,uncalibrated,4.85,1.0,0.0
12,12,KNN,ball_tree,81,uncalibrated,4.86,1.0,0.0
12,12,KNN,ball_tree,81,uncalibrated,4.87,1.0,0.0
12,12,KNN,ball_tree,81,uncalibrated,4.88,1.0,0.0
12,12,KNN,ball_tree,81,uncalibrated,4.9,1.0,0.0
12,12,KNN,ball_tree,81,uncalibrated,4.93,1.0,0.0
12,12,KNN,ball_tree,101,uncalibrated,4.67,0.0,0.0
12,12,KNN,ball_tree,101,uncalibrated,4.7,0.0,0.0
12,12,KNN,ball_tree,101,uncalibrated,4.72,0.0,0.0
12,12,KNN,ball_tree,101,uncalibrated,4.73,0.0006000600060006,0.0003156133046786753
12,12,KNN,ball_tree,101,uncalibrated,4.74,0.012183985388830143,0.008290877631452465
12,12,KNN,ball_tree,101,uncalibrated,4.75,0.07391204236702859,0.012076399535795836
12,12,KNN,ball_tree,101,uncalibrated,4.76,0.22444474177147453,0.023302611196609563
12,12,KNN,ball_tree,101,uncalibrated,4.77,0.4870648355158096,0.019941226990104782
12,12,KNN,ball_tree,101,uncalibrated,4.78,0.7131806930693065,0.023270944111557397
12,12,KNN,ball_tree,101,uncalibrated,4.79,0.9053105310531053,0.013027100190403882
12,12,KNN,ball_tree,101,uncalibrated,4.81,0.9938402237170283,0.004950495049504955
12,12,KNN,ball_tree,101,uncalibrated,4.82,0.9986498649864987,0.0012255858195904747
12,12,KNN,ball_tree,101,uncalibrated,4.83,0.9998335968050586,0.00010368636030826622
12,12,KNN,ball_tree,101,uncalibrated,4.84,0.9994114796094994,0.0005885203905006131
12,12,KNN,ball_tree,101,uncalibrated,4.85,1.0,0.0
12,12,KNN,ball_tree,101,uncalibrated,4.86,1.0,0.0
12,12,KNN,ball_tree,101,uncalibrated,4.87,1.0,0.0
12,12,KNN,ball_tree,101,uncalibrated,4.88,1.0,0.0
12,12,KNN,ball_tree,101,uncalibrated,4.9,1.0,0.0
12,12,KNN,ball_tree,101,uncalibrated,4.93,1.0,0.0
12,12,KNN,ball_tree,151,uncalibrated,4.67,0.0,0.0
12,12,KNN,ball_tree,151,uncalibrated,4.7,0.0,0.0
12,12,KNN,ball_tree,151,uncalibrated,4.72,0.0,0.0
12,12,KNN,ball_tree,151,uncalibrated,4.73,0.0007135371373781865,0.00037878543227786533
12,12,KNN,ball_tree,151,uncalibrated,4.74,0.013132514627403075,0.00837459011123256
12,12,KNN,ball_tree,151,uncalibrated,4.75,0.0757931618666256,0.012095999878838585
12,12,KNN,ball_tree,151,uncalibrated,4.76,0.22686593878646866,0.02316240364487718
12,12,KNN,ball_tree,151,uncalibrated,4.77,0.4897635832799259,0.019906212191411598
12,12,KNN,ball_tree,151,uncalibrated,4.78,0.713755518763797,0.0232533269756493
12,12,KNN,ball_tree,151,uncalibrated,4.79,0.9050103685865276,0.012799466690179112
12,12,KNN,ball_tree,151,uncalibrated,4.81,0.993743996764572,0.0050174409787169805
12,12,KNN,ball_tree,151,uncalibrated,4.82,0.9987290119740125,0.0011207284095374893
12,12,KNN,ball_tree,151,uncalibrated,4.83,0.9997495687016529,0.00017889422080606733
12,12,KNN,ball_tree,151,uncalibrated,4.84,0.9993516417357478,0.0006252026119576981
12,12,KNN,ball_tree,151,uncalibrated,4.85,1.0,0.0
12,12,KNN,ball_tree,151,uncalibrated,4.86,1.0,0.0
12,12,KNN,ball_tree,151,uncalibrated,4.87,1.0,0.0
12,12,KNN,ball_tree,151,uncalibrated,4.88,1.0,0.0
12,12,KNN,ball_tree,151,uncalibrated,4.9,1.0,0.0
12,12,KNN,ball_tree,151,uncalibrated,4.93,1.0,0.0
12,12,KNN,ball_tree,201,uncalibrated,4.67,0.0,0.0
12,12,KNN,ball_tree,201,uncalibrated,4.7,0.0,0.0
12,12,KNN,ball_tree,201,uncalibrated,4.72,1.764228502875661e-05,1.764228502875693e-05
12,12,KNN,ball_tree,201,uncalibrated,4.73,0.0008878168082148289,0.0004746063121934154
12,12,KNN,ball_tree,201,uncalibrated,4.74,0.013935178476549296,0.008525334492585617
12,12,KNN,ball_tree,201,uncalibrated,4.75,0.07727351614023027,0.01210495104796283
12,12,KNN,ball_tree,201,uncalibrated,4.76,0.22776881358970905,0.02335349225749159
12,12,KNN,ball_tree,201,uncalibrated,4.77,0.49101267854277003,0.019687482642425532
12,12,KNN,ball_tree,201,uncalibrated,4.78,0.7128316749585406,0.023125395160791113
12,12,KNN,ball_tree,201,uncalibrated,4.79,0.9045379164782155,0.012939295828497129
12,12,KNN,ball_tree,201,uncalibrated,4.81,0.9934582811135162,0.005098553036344933
12,12,KNN,ball_tree,201,uncalibrated,4.82,0.9987310920146741,0.001143036832820084
12,12,KNN,ball_tree,201,uncalibrated,4.83,0.9997565364666287,0.00018400709497573442
12,12,KNN,ball_tree,201,uncalibrated,4.84,0.9993041784086563,0.0006784260515603768
12,12,KNN,ball_tree,201,uncalibrated,4.85,1.0,0.0
12,12,KNN,ball_tree,201,uncalibrated,4.86,1.0,0.0
12,12,KNN,ball_tree,201,uncalibrated,4.87,1.0,0.0
12,12,KNN,ball_tree,201,uncalibrated,4.88,1.0,0.0
12,12,KNN,ball_tree,201,uncalibrated,4.9,1.0,0.0
12,12,KNN,ball_tree,201,uncalibrated,4.93,1.0,0.0
12,12,KNN,brute,1,uncalibrated,4.67,0.0,0.0
12,12,KNN,brute,1,uncalibrated,4.7,0.0,0.0
12,12,KNN,brute,1,uncalibrated,4.72,0.0,0.0
12,12,KNN,brute,1,uncalibrated,4.73,0.0,0.0
12,12,KNN,brute,1,uncalibrated,4.74,0.007281553398058253,0.007281553398058253
12,12,KNN,brute,1,uncalibrated,4.75,0.035046728971962614,0.011682242990654205
12,12,KNN,brute,1,uncalibrated,4.76,0.15280898876404495,0.02477012099443664
12,12,KNN,brute,1,uncalibrated,4.77,0.39247311827955966,0.023374532475382025
12,12,KNN,brute,1,uncalibrated,4.78,0.6373165618448637,0.02878308221749682
12,12,KNN,brute,1,uncalibrated,4.79,0.847870182555781,0.017755721501026004
12,12,KNN,brute,1,uncalibrated,4.81,0.9904214559386973,0.0069071863514635675
12,12,KNN,brute,1,uncalibrated,4.82,1.0,0.0
12,12,KNN,brute,1,uncalibrated,4.83,0.9976470588235201,0.00235294117647058
12,12,KNN,brute,1,uncalibrated,4.84,0.9981447124304267,0.0018552875695733364
12,12,KNN,brute,1,uncalibrated,4.85,1.0,0.0
12,12,KNN,brute,1,uncalibrated,4.86,1.0,0.0
12,12,KNN,brute,1,uncalibrated,4.87,1.0,0.0
12,12,KNN,brute,1,uncalibrated,4.88,1.0,0.0
12,12,KNN,brute,1,uncalibrated,4.9,1.0,0.0
12,12,KNN,brute,1,uncalibrated,4.93,1.0,0.0
12,12,KNN,brute,3,uncalibrated,4.67,0.0,0.0
12,12,KNN,brute,3,uncalibrated,4.7,0.0,0.0
12,12,KNN,brute,3,uncalibrated,4.72,0.0,0.0
12,12,KNN,brute,3,uncalibrated,4.73,0.0,0.0
12,12,KNN,brute,3,uncalibrated,4.74,0.008899676375404533,0.007281553398058252
12,12,KNN,brute,3,uncalibrated,4.75,0.05555555555555555,0.011893296108635544
12,12,KNN,brute,3,uncalibrated,4.76,0.1790262172284644,0.020043577768179242
12,12,KNN,brute,3,uncalibrated,4.77,0.434587813620082,0.020379363614273564
12,12,KNN,brute,3,uncalibrated,4.78,0.672916666666667,0.02146795750853992
12,12,KNN,brute,3,uncalibrated,4.79,0.8747474747474745,0.01645359154595366
12,12,KNN,brute,3,uncalibrated,4.81,0.9917302798982186,0.006997455470737879
12,12,KNN,brute,3,uncalibrated,4.82,0.9979508196721312,0.0020491803278688547
12,12,KNN,brute,3,uncalibrated,4.83,0.9992156862745284,0.0007843137254903032
12,12,KNN,brute,3,uncalibrated,4.84,0.998834498834499,0.001165501165501126
12,12,KNN,brute,3,uncalibrated,4.85,1.0,0.0
12,12,KNN,brute,3,uncalibrated,4.86,1.0,0.0
12,12,KNN,brute,3,uncalibrated,4.87,1.0,0.0
12,12,KNN,brute,3,uncalibrated,4.88,1.0,0.0
12,12,KNN,brute,3,uncalibrated,4.9,1.0,0.0
12,12,KNN,brute,3,uncalibrated,4.93,1.0,0.0
12,12,KNN,brute,5,uncalibrated,4.67,0.0,0.0
12,12,KNN,brute,5,uncalibrated,4.7,0.0,0.0
12,12,KNN,brute,5,uncalibrated,4.72,0.0,0.0
12,12,KNN,brute,5,uncalibrated,4.73,0.0,0.0
12,12,KNN,brute,5,uncalibrated,4.74,0.009223300970873786,0.007281553398058251
12,12,KNN,brute,5,uncalibrated,4.75,0.061046511627906974,0.011441911903613546
12,12,KNN,brute,5,uncalibrated,4.76,0.1896396396396396,0.022831217833286822
12,12,KNN,brute,5,uncalibrated,4.77,0.4494623655913876,0.02041949356433658
12,12,KNN,brute,5,uncalibrated,4.78,0.6875,0.02269463144217799
12,12,KNN,brute,5,uncalibrated,4.79,0.8836363636363638,0.014204764308078363
12,12,KNN,brute,5,uncalibrated,4.81,0.9916030534351146,0.006870229007633622
12,12,KNN,brute,5,uncalibrated,4.82,0.9974747474747366,0.0020773708584254044
12,12,KNN,brute,5,uncalibrated,4.83,0.9995294117647152,0.00047058823529405017
12,12,KNN,brute,5,uncalibrated,4.84,0.9989510489510489,0.0010489510489510856
12,12,KNN,brute,5,uncalibrated,4.85,1.0,0.0
12,12,KNN,brute,5,uncalibrated,4.86,1.0,0.0
12,12,KNN,brute,5,uncalibrated,4.87,1.0,0.0
12,12,KNN,brute,5,uncalibrated,4.88,1.0,0.0
12,12,KNN,brute,5,uncalibrated,4.9,1.0,0.0
12,12,KNN,brute,5,uncalibrated,4.93,1.0,0.0
12,12,KNN,brute,7,uncalibrated,4.67,0.0,0.0
12,12,KNN,brute,7,uncalibrated,4.7,0.0,0.0
12,12,KNN,brute,7,uncalibrated,4.72,0.0,0.0
12,12,KNN,brute,7,uncalibrated,4.73,0.0,0.0
12,12,KNN,brute,7,uncalibrated,4.74,0.009015256588072122,0.0076282940360610264
12,12,KNN,brute,7,uncalibrated,4.75,0.06353820598006762,0.01158218838197525
12,12,KNN,brute,7,uncalibrated,4.76,0.19325842696629225,0.021918195346968983
12,12,KNN,brute,7,uncalibrated,4.77,0.45545314900153616,0.020428299681638628
12,12,KNN,brute,7,uncalibrated,4.78,0.6925595238095238,0.022782279641950915
12,12,KNN,brute,7,uncalibrated,4.79,0.887445887445888,0.01430537804489901
12,12,KNN,brute,7,uncalibrated,4.81,0.992639040348964,0.006270447110141741
12,12,KNN,brute,7,uncalibrated,4.82,0.9981962481962592,0.0014838363274466268
12,12,KNN,brute,7,uncalibrated,4.83,0.9991496598639461,0.0005808929005646552
12,12,KNN,brute,7,uncalibrated,4.84,0.9992507492507492,0.0007492507492507516
12,12,KNN,brute,7,uncalibrated,4.85,1.0,0.0
12,12,KNN,brute,7,uncalibrated,4.86,1.0,0.0
12,12,KNN,brute,7,uncalibrated,4.87,1.0,0.0
12,12,KNN,brute,7,uncalibrated,4.88,1.0,0.0
12,12,KNN,brute,7,uncalibrated,4.9,1.0,0.0
12,12,KNN,brute,7,uncalibrated,4.93,1.0,0.0
12,12,KNN,brute,9,uncalibrated,4.67,0.0,0.0
12,12,KNN,brute,9,uncalibrated,4.7,0.0,0.0
12,12,KNN,brute,9,uncalibrated,4.72,0.0,0.0
12,12,KNN,brute,9,uncalibrated,4.73,0.0,0.0
12,12,KNN,brute,9,uncalibrated,4.74,0.008899676375404529,0.0072815533980582535
12,12,KNN,brute,9,uncalibrated,4.75,0.06427648578811368,0.011779393979537289
12,12,KNN,brute,9,uncalibrated,4.76,0.19675405742821472,0.021342838292718016
12,12,KNN,brute,9,uncalibrated,4.77,0.45459976105137906,0.020022847172420626
12,12,KNN,brute,9,uncalibrated,4.78,0.6962962962962967,0.024165898005844906
12,12,KNN,brute,9,uncalibrated,4.79,0.8902356902356905,0.013451167916119873
12,12,KNN,brute,9,uncalibrated,4.81,0.992790500424088,0.006361323155216203
12,12,KNN,brute,9,uncalibrated,4.82,0.9983164983164766,0.0011843263349922545
12,12,KNN,brute,9,uncalibrated,4.83,0.9993386243386243,0.00045180558932819454
12,12,KNN,brute,9,uncalibrated,4.84,0.9992229992229992,0.0007770007770008247
12,12,KNN,brute,9,uncalibrated,4.85,1.0,0.0
12,12,KNN,brute,9,uncalibrated,4.86,1.0,0.0
12,12,KNN,brute,9,uncalibrated,4.87,1.0,0.0
12,12,KNN,brute,9,uncalibrated,4.88,1.0,0.0
12,12,KNN,brute,9,uncalibrated,4.9,1.0,0.0
12,12,KNN,brute,9,uncalibrated,4.93,1.0,0.0
12,12,KNN,brute,11,uncalibrated,4.67,0.0,0.0
12,12,KNN,brute,11,uncalibrated,4.7,0.0,0.0
12,12,KNN,brute,11,uncalibrated,4.72,0.0,0.0
12,12,KNN,brute,11,uncalibrated,4.73,0.0,0.0
12,12,KNN,brute,11,uncalibrated,4.74,0.009929390997352162,0.008164165931156223
12,12,KNN,brute,11,uncalibrated,4.75,0.06474630021141649,0.011938378384188632
12,12,KNN,brute,11,uncalibrated,4.76,0.1979570990806946,0.02154606836097974
12,12,KNN,brute,11,uncalibrated,4.77,0.45576735092865145,0.019865168274624354
12,12,KNN,brute,11,uncalibrated,4.78,0.6992424242424239,0.024561894357378464
12,12,KNN,brute,11,uncalibrated,4.79,0.8921261294486466,0.013226426823132138
12,12,KNN,brute,11,uncalibrated,4.81,0.9930603747397639,0.005898681471200595
12,12,KNN,brute,11,uncalibrated,4.82,0.9983233979135622,0.0011928323840225527
12,12,KNN,brute,11,uncalibrated,4.83,0.9991443850267473,0.0005187310161044635
12,12,KNN,brute,11,uncalibrated,4.84,0.9993642720915448,0.0006357279084551748
12,12,KNN,brute,11,uncalibrated,4.85,1.0,0.0
12,12,KNN,brute,11,uncalibrated,4.86,1.0,0.0
12,12,KNN,brute,11,uncalibrated,4.87,1.0,0.0
12,12,KNN,brute,11,uncalibrated,4.88,1.0,0.0
12,12,KNN,brute,11,uncalibrated,4.9,1.0,0.0
12,12,KNN,brute,11,uncalibrated,4.93,1.0,0.0
12,12,KNN,brute,13,uncalibrated,4.67,0.0,0.0
12,12,KNN,brute,13,uncalibrated,4.7,0.0,0.0
12,12,KNN,brute,13,uncalibrated,4.72,0.0,0.0
12,12,KNN,brute,13,uncalibrated,4.73,0.0,0.0
12,12,KNN,brute,13,uncalibrated,4.74,0.010082150858849889,0.008215085884988798
12,12,KNN,brute,13,uncalibrated,4.75,0.06596601073345496,0.011997349640309941
12,12,KNN,brute,13,uncalibrated,4.76,0.19965427830596372,0.02146365184952867
12,12,KNN,brute,13,uncalibrated,4.77,0.46133167907361455,0.019746419132201595
12,12,KNN,brute,13,uncalibrated,4.78,0.7006410256410257,0.02413726135028572
12,12,KNN,brute,13,uncalibrated,4.79,0.894679357154004,0.013073556564434414
12,12,KNN,brute,13,uncalibrated,4.81,0.9929536112742222,0.0061655901350557984
12,12,KNN,brute,13,uncalibrated,4.82,0.9984459984460201,0.001193251193251212
12,12,KNN,brute,13,uncalibrated,4.83,0.9992760180995754,0.0004389262443958134
12,12,KNN,brute,13,uncalibrated,4.84,0.9993275954814413,0.0006724045185584338
12,12,KNN,brute,13,uncalibrated,4.85,1.0,0.0
12,12,KNN,brute,13,uncalibrated,4.86,1.0,0.0
12,12,KNN,brute,13,uncalibrated,4.87,1.0,0.0
12,12,KNN,brute,13,uncalibrated,4.88,1.0,0.0
12,12,KNN,brute,13,uncalibrated,4.9,1.0,0.0
12,12,KNN,brute,13,uncalibrated,4.93,1.0,0.0
12,12,KNN,brute,15,uncalibrated,4.67,0.0,0.0
12,12,KNN,brute,15,uncalibrated,4.7,0.0,0.0
12,12,KNN,brute,15,uncalibrated,4.72,0.0,0.0
12,12,KNN,brute,15,uncalibrated,4.73,0.0,0.0
12,12,KNN,brute,15,uncalibrated,4.74,0.010517799352750809,0.008252427184466019
12,12,KNN,brute,15,uncalibrated,4.75,0.06705426356589266,0.012076467440009628
12,12,KNN,brute,15,uncalibrated,4.76,0.20104868913857668,0.02172878647960594
12,12,KNN,brute,15,uncalibrated,4.77,0.46057347670249876,0.020018602307759287
12,12,KNN,brute,15,uncalibrated,4.78,0.7005555555555552,0.023958769453894396
12,12,KNN,brute,15,uncalibrated,4.79,0.8958755916159549,0.012996438466636813
12,12,KNN,brute,15,uncalibrated,4.81,0.9927480916030537,0.005979643765903431
12,12,KNN,brute,15,uncalibrated,4.82,0.9984848484848158,0.0010725879327070967
12,12,KNN,brute,15,uncalibrated,4.83,0.9993725490196359,0.0003804027451431383
12,12,KNN,brute,15,uncalibrated,4.84,0.9993006993006993,0.0006993006993006867
12,12,KNN,brute,15,uncalibrated,4.85,1.0,0.0
12,12,KNN,brute,15,uncalibrated,4.86,1.0,0.0
12,12,KNN,brute,15,uncalibrated,4.87,1.0,0.0
12,12,KNN,brute,15,uncalibrated,4.88,1.0,0.0
12,12,KNN,brute,15,uncalibrated,4.9,1.0,0.0
12,12,KNN,brute,15,uncalibrated,4.93,1.0,0.0
12,12,KNN,brute,17,uncalibrated,4.67,0.0,0.0
12,12,KNN,brute,17,uncalibrated,4.7,0.0,0.0
12,12,KNN,brute,17,uncalibrated,4.72,0.0,0.0
12,12,KNN,brute,17,uncalibrated,4.73,0.0,0.0
12,12,KNN,brute,17,uncalibrated,4.74,0.010993717875499714,0.008709308966304969
12,12,KNN,brute,17,uncalibrated,4.75,0.0666894664842705,0.011967892323071268
12,12,KNN,brute,17,uncalibrated,4.76,0.20330469266358228,0.022262544777854488
12,12,KNN,brute,17,uncalibrated,4.77,0.4628399746995522,0.019988625768924646
12,12,KNN,brute,17,uncalibrated,4.78,0.7013480392156859,0.023029109694260107
12,12,KNN,brute,17,uncalibrated,4.79,0.8969096766495627,0.013091596236980049
12,12,KNN,brute,17,uncalibrated,4.81,0.9925909295015718,0.006061966771441274
12,12,KNN,brute,17,uncalibrated,4.82,0.9985145573380649,0.00108681843878308
12,12,KNN,brute,17,uncalibrated,4.83,0.9994463667820256,0.00033564948100869835
12,12,KNN,brute,17,uncalibrated,4.84,0.9992801316330728,0.0007198683669271122
12,12,KNN,brute,17,uncalibrated,4.85,1.0,0.0
12,12,KNN,brute,17,uncalibrated,4.86,1.0,0.0
12,12,KNN,brute,17,uncalibrated,4.87,1.0,0.0
12,12,KNN,brute,17,uncalibrated,4.88,1.0,0.0
12,12,KNN,brute,17,uncalibrated,4.9,1.0,0.0
12,12,KNN,brute,17,uncalibrated,4.93,1.0,0.0
12,12,KNN,brute,19,uncalibrated,4.67,0.0,0.0
12,12,KNN,brute,19,uncalibrated,4.7,0.0,0.0
12,12,KNN,brute,19,uncalibrated,4.72,0.0,0.0
12,12,KNN,brute,19,uncalibrated,4.73,0.0001367053998632946,0.0001367053998632946
12,12,KNN,brute,19,uncalibrated,4.74,0.010858456821665818,0.008559018906489524
12,12,KNN,brute,19,uncalibrated,4.75,0.06731946144430725,0.012046084071616373
12,12,KNN,brute,19,uncalibrated,4.76,0.20402128917800116,0.021001406127181235
12,12,KNN,brute,19,uncalibrated,4.77,0.4640633842671296,0.019958727280883902
12,12,KNN,brute,19,uncalibrated,4.78,0.7018640350877193,0.0236288983477727
12,12,KNN,brute,19,uncalibrated,4.79,0.898153090637342,0.01307700936262434
12,12,KNN,brute,19,uncalibrated,4.81,0.9929690638810765,0.005624748895138643
12,12,KNN,brute,19,uncalibrated,4.82,0.9985380116958956,0.0010997638381997166
12,12,KNN,brute,19,uncalibrated,4.83,0.9994778613199665,0.0003399920759420313
12,12,KNN,brute,19,uncalibrated,4.84,0.9993559072506442,0.0006440927493558957
12,12,KNN,brute,19,uncalibrated,4.85,1.0,0.0
12,12,KNN,brute,19,uncalibrated,4.86,1.0,0.0
12,12,KNN,brute,19,uncalibrated,4.87,1.0,0.0
12,12,KNN,brute,19,uncalibrated,4.88,1.0,0.0
12,12,KNN,brute,19,uncalibrated,4.9,1.0,0.0
12,12,KNN,brute,19,uncalibrated,4.93,1.0,0.0
12,12,KNN,brute,21,uncalibrated,4.67,0.0,0.0
12,12,KNN,brute,21,uncalibrated,4.7,0.0,0.0
12,12,KNN,brute,21,uncalibrated,4.72,0.0,0.0
12,12,KNN,brute,21,uncalibrated,4.73,0.00012368583797155226,0.00012368583797155226
12,12,KNN,brute,21,uncalibrated,4.74,0.010517799352750812,0.0079750346740638
12,12,KNN,brute,21,uncalibrated,4.75,0.06727574750830682,0.01203074412166142
12,12,KNN,brute,21,uncalibrated,4.76,0.2055644729802033,0.02148085992958734
12,12,KNN,brute,21,uncalibrated,4.77,0.4642857142857092,0.01991265903217803
12,12,KNN,brute,21,uncalibrated,4.78,0.7019841269841267,0.023905779857047324
12,12,KNN,brute,21,uncalibrated,4.79,0.8988698927846982,0.013137087975202166
12,12,KNN,brute,21,uncalibrated,4.81,0.9927299163940384,0.005634314794620121
12,12,KNN,brute,21,uncalibrated,4.82,0.9984367484367267,0.0012283591796004504
12,12,KNN,brute,21,uncalibrated,4.83,0.9995275888133018,0.00030761187823327945
12,12,KNN,brute,21,uncalibrated,4.84,0.9993339993339996,0.0006660006660005879
12,12,KNN,brute,21,uncalibrated,4.85,1.0,0.0
12,12,KNN,brute,21,uncalibrated,4.86,1.0,0.0
12,12,KNN,brute,21,uncalibrated,4.87,1.0,0.0
12,12,KNN,brute,21,uncalibrated,4.88,1.0,0.0
12,12,KNN,brute,21,uncalibrated,4.9,1.0,0.0
12,12,KNN,brute,21,uncalibrated,4.93,1.0,0.0
12,12,KNN,brute,23,uncalibrated,4.67,0.0,0.0
12,12,KNN,brute,23,uncalibrated,4.7,0.0,0.0
12,12,KNN,brute,23,uncalibrated,4.72,0.0,0.0
12,12,KNN,brute,23,uncalibrated,4.73,0.00011293054771315614,0.00011293054771315642
12,12,KNN,brute,23,uncalibrated,4.74,0.01055297593921486,0.008231321232587591
12,12,KNN,brute,23,uncalibrated,4.75,0.06761880687563195,0.012006232616040589
12,12,KNN,brute,23,uncalibrated,4.76,0.20781631656082086,0.02182956549390467
12,12,KNN,brute,23,uncalibrated,4.77,0.466923796166433,0.01987555329521137
12,12,KNN,brute,23,uncalibrated,4.78,0.7026268115942025,0.02404824491643575
12,12,KNN,brute,23,uncalibrated,4.79,0.8991974600934846,0.013171267661529925
12,12,KNN,brute,23,uncalibrated,4.81,0.9927812811151677,0.005559243279123827
12,12,KNN,brute,23,uncalibrated,4.82,0.9984628897672376,0.0012289317221875235
12,12,KNN,brute,23,uncalibrated,4.83,0.9995686680469283,0.00028086301925634723
12,12,KNN,brute,23,uncalibrated,4.84,0.9993159014898143,0.0006840985101855268
12,12,KNN,brute,23,uncalibrated,4.85,1.0,0.0
12,12,KNN,brute,23,uncalibrated,4.86,1.0,0.0
12,12,KNN,brute,23,uncalibrated,4.87,1.0,0.0
12,12,KNN,brute,23,uncalibrated,4.88,1.0,0.0
12,12,KNN,brute,23,uncalibrated,4.9,1.0,0.0
12,12,KNN,brute,23,uncalibrated,4.93,1.0,0.0
12,12,KNN,brute,25,uncalibrated,4.67,0.0,0.0
12,12,KNN,brute,25,uncalibrated,4.7,0.0,0.0
12,12,KNN,brute,25,uncalibrated,4.72,0.0,0.0
12,12,KNN,brute,25,uncalibrated,4.73,0.0001038961038961039,0.0001038961038961039
12,12,KNN,brute,25,uncalibrated,4.74,0.010485436893203887,0.008155339805825244
12,12,KNN,brute,25,uncalibrated,4.75,0.06802325581395348,0.01208816197144671
12,12,KNN,brute,25,uncalibrated,4.76,0.2086292134831462,0.022514297103033907
12,12,KNN,brute,25,uncalibrated,4.77,0.46881720430107526,0.019981202867469825
12,12,KNN,brute,25,uncalibrated,4.78,0.7025833333333333,0.024401113742037534
12,12,KNN,brute,25,uncalibrated,4.79,0.8997160243407708,0.013190574392066728
12,12,KNN,brute,25,uncalibrated,4.81,0.9929770992366413,0.005496183206106842
12,12,KNN,brute,25,uncalibrated,4.82,0.9984848484848159,0.0012297725291204042
12,12,KNN,brute,25,uncalibrated,4.83,0.999603174603174,0.0002583939777157847
12,12,KNN,brute,25,uncalibrated,4.84,0.9993006993006993,0.0006993006993006867
12,12,KNN,brute,25,uncalibrated,4.85,1.0,0.0
12,12,KNN,brute,25,uncalibrated,4.86,1.0,0.0
12,12,KNN,brute,25,uncalibrated,4.87,1.0,0.0
12,12,KNN,brute,25,uncalibrated,4.88,1.0,0.0
12,12,KNN,brute,25,uncalibrated,4.9,1.0,0.0
12,12,KNN,brute,25,uncalibrated,4.93,1.0,0.0
12,12,KNN,brute,27,uncalibrated,4.67,0.0,0.0
12,12,KNN,brute,27,uncalibrated,4.7,0.0,0.0
12,12,KNN,brute,27,uncalibrated,4.72,0.0,0.0
12,12,KNN,brute,27,uncalibrated,4.73,0.0002494076568150748,0.00017545575333219503
12,12,KNN,brute,27,uncalibrated,4.74,0.010607695073714491,0.008090614886731391
12,12,KNN,brute,27,uncalibrated,4.75,0.069229112833764,0.01220902531113347
12,12,KNN,brute,27,uncalibrated,4.76,0.20957136912193103,0.022669329028775147
12,12,KNN,brute,27,uncalibrated,4.77,0.4692353643966547,0.020033902328588503
12,12,KNN,brute,27,uncalibrated,4.78,0.7032407407407407,0.02454383010245455
12,12,KNN,brute,27,uncalibrated,4.79,0.8998572609120294,0.013034467819351574
12,12,KNN,brute,27,uncalibrated,4.81,0.9931439072660446,0.005301102629347021
12,12,KNN,brute,27,uncalibrated,4.82,0.9985035540591423,0.0012307474176998063
12,12,KNN,brute,27,uncalibrated,4.83,0.9996325690770135,0.00023925368307040805
12,12,KNN,brute,27,uncalibrated,4.84,0.9992877492877493,0.0007122507122506727
12,12,KNN,brute,27,uncalibrated,4.85,1.0,0.0
12,12,KNN,brute,27,uncalibrated,4.86,1.0,0.0
12,12,KNN,brute,27,uncalibrated,4.87,1.0,0.0
12,12,KNN,brute,27,uncalibrated,4.88,1.0,0.0
12,12,KNN,brute,27,uncalibrated,4.9,1.0,0.0
12,12,KNN,brute,27,uncalibrated,4.93,1.0,0.0
12,12,KNN,brute,29,uncalibrated,4.67,0.0,0.0
12,12,KNN,brute,29,uncalibrated,4.7,0.0,0.0
12,12,KNN,brute,29,uncalibrated,4.72,0.0,0.0
12,12,KNN,brute,29,uncalibrated,4.73,0.00023220712875884759,0.00016335535655066436
12,12,KNN,brute,29,uncalibrated,4.74,0.010629394040843652,0.008118513558754602
12,12,KNN,brute,29,uncalibrated,4.75,0.06966720128307823,0.012224153646397526
12,12,KNN,brute,29,uncalibrated,4.76,0.21139093374660983,0.02267063330476278
12,12,KNN,brute,29,uncalibrated,4.77,0.47043010752687664,0.020061787309765437
12,12,KNN,brute,29,uncalibrated,4.78,0.7045977011494249,0.02466275147198042
12,12,KNN,brute,29,uncalibrated,4.79,0.900748408757082,0.012918161718504045
12,12,KNN,brute,29,uncalibrated,4.81,0.9930902869176101,0.005198736509607782
12,12,KNN,brute,29,uncalibrated,4.82,0.9984326018808342,0.0013178417363046003
12,12,KNN,brute,29,uncalibrated,4.83,0.9996579091406677,0.0002227534290654555
12,12,KNN,brute,29,uncalibrated,4.84,0.9993368700265253,0.0006631299734747298
12,12,KNN,brute,29,uncalibrated,4.85,1.0,0.0
12,12,KNN,brute,29,uncalibrated,4.86,1.0,0.0
12,12,KNN,brute,29,uncalibrated,4.87,1.0,0.0
12,12,KNN,brute,29,uncalibrated,4.88,1.0,0.0
12,12,KNN,brute,29,uncalibrated,4.9,1.0,0.0
12,12,KNN,brute,29,uncalibrated,4.93,1.0,0.0
12,12,KNN,brute,31,uncalibrated,4.67,0.0,0.0
12,12,KNN,brute,31,uncalibrated,4.7,0.0,0.0
12,12,KNN,brute,31,uncalibrated,4.72,0.0,0.0
12,12,KNN,brute,31,uncalibrated,4.73,0.0003258390355164602,0.00024187275625874559
12,12,KNN,brute,31,uncalibrated,4.74,0.010413404321954277,0.008064516129032256
12,12,KNN,brute,31,uncalibrated,4.75,0.06995498874718915,0.01218375671784624
12,12,KNN,brute,31,uncalibrated,4.76,0.21188836534976452,0.022602073659067367
12,12,KNN,brute,31,uncalibrated,4.77,0.4712105445716268,0.02010688713610237
12,12,KNN,brute,31,uncalibrated,4.78,0.7050403225806452,0.024696430068534864
12,12,KNN,brute,31,uncalibrated,4.79,0.9011319767061441,0.012768457378708896
12,12,KNN,brute,31,uncalibrated,4.81,0.9931051465156369,0.0051711401132725765
12,12,KNN,brute,31,uncalibrated,4.82,0.998452264581275,0.0013134475931818152
12,12,KNN,brute,31,uncalibrated,4.83,0.9996799795186893,0.0002083822400933696
12,12,KNN,brute,31,uncalibrated,4.84,0.9993232573877735,0.0006767426122264442
12,12,KNN,brute,31,uncalibrated,4.85,1.0,0.0
12,12,KNN,brute,31,uncalibrated,4.86,1.0,0.0
12,12,KNN,brute,31,uncalibrated,4.87,1.0,0.0
12,12,KNN,brute,31,uncalibrated,4.88,1.0,0.0
12,12,KNN,brute,31,uncalibrated,4.9,1.0,0.0
12,12,KNN,brute,31,uncalibrated,4.93,1.0,0.0
12,12,KNN,brute,33,uncalibrated,4.67,0.0,0.0
12,12,KNN,brute,33,uncalibrated,4.7,0.0,0.0
12,12,KNN,brute,33,uncalibrated,4.72,0.0,0.0
12,12,KNN,brute,33,uncalibrated,4.73,0.00030609121518212427,0.0002272138013339732
12,12,KNN,brute,33,uncalibrated,4.74,0.010591350397175639,0.008384819064430712
12,12,KNN,brute,33,uncalibrated,4.75,0.06967935165609584,0.012144520509954432
12,12,KNN,brute,33,uncalibrated,4.76,0.21171263193735115,0.022951567293435452
12,12,KNN,brute,33,uncalibrated,4.77,0.47214076246333797,0.020183360384295437
12,12,KNN,brute,33,uncalibrated,4.78,0.7056818181818179,0.02455918977354701
12,12,KNN,brute,33,uncalibrated,4.79,0.901284651791753,0.01284850292923416
12,12,KNN,brute,33,uncalibrated,4.81,0.9931760351607684,0.0050890585241729624
12,12,KNN,brute,33,uncalibrated,4.82,0.9983930211202721,0.0013855850829250936
12,12,KNN,brute,33,uncalibrated,4.83,0.9996993746993742,0.00019575301342106779
12,12,KNN,brute,33,uncalibrated,4.84,0.9993642720915448,0.0006357279084551748
12,12,KNN,brute,33,uncalibrated,4.85,1.0,0.0
12,12,KNN,brute,33,uncalibrated,4.86,1.0,0.0
12,12,KNN,brute,33,uncalibrated,4.87,1.0,0.0
12,12,KNN,brute,33,uncalibrated,4.88,1.0,0.0
12,12,KNN,brute,33,uncalibrated,4.9,1.0,0.0
12,12,KNN,brute,33,uncalibrated,4.93,1.0,0.0
12,12,KNN,brute,35,uncalibrated,4.67,0.0,0.0
12,12,KNN,brute,35,uncalibrated,4.7,0.0,0.0
12,12,KNN,brute,35,uncalibrated,4.72,0.0,0.0
12,12,KNN,brute,35,uncalibrated,4.73,0.0002886002886002939,0.00021423015554346034
12,12,KNN,brute,35,uncalibrated,4.74,0.010887656033287101,0.008529819694868237
12,12,KNN,brute,35,uncalibrated,4.75,0.06985049833886925,0.012133916608156717
12,12,KNN,brute,35,uncalibrated,4.76,0.2120064205457465,0.02285403156634156
12,12,KNN,brute,35,uncalibrated,4.77,0.47250384024577563,0.020268748683728306
12,12,KNN,brute,35,uncalibrated,4.78,0.7060119047619051,0.024815147086876353
12,12,KNN,brute,35,uncalibrated,4.79,0.9013039698638058,0.012773351155557605
12,12,KNN,brute,35,uncalibrated,4.81,0.9934023991275902,0.0049618320610686495
12,12,KNN,brute,35,uncalibrated,4.82,0.9984126984126659,0.0013780397811915047
12,12,KNN,brute,35,uncalibrated,4.83,0.9997165532879814,0.0001845671269398949
12,12,KNN,brute,35,uncalibrated,4.84,0.9993006993006993,0.0006993006993006867
12,12,KNN,brute,35,uncalibrated,4.85,1.0,0.0
12,12,KNN,brute,35,uncalibrated,4.86,1.0,0.0
12,12,KNN,brute,35,uncalibrated,4.87,1.0,0.0
12,12,KNN,brute,35,uncalibrated,4.88,1.0,0.0
12,12,KNN,brute,35,uncalibrated,4.9,1.0,0.0
12,12,KNN,brute,35,uncalibrated,4.93,1.0,0.0
12,12,KNN,brute,37,uncalibrated,4.67,0.0,0.0
12,12,KNN,brute,37,uncalibrated,4.7,0.0,0.0
12,12,KNN,brute,37,uncalibrated,4.72,0.0,0.0
12,12,KNN,brute,37,uncalibrated,4.73,0.0003640003640003481,0.00022100022100022098
12,12,KNN,brute,37,uncalibrated,4.74,0.010823930726843348,0.008462345840986617
12,12,KNN,brute,37,uncalibrated,4.75,0.0697674418604663,0.0120943138677468
12,12,KNN,brute,37,uncalibrated,4.76,0.21286827367908456,0.02275160056476441
12,12,KNN,brute,37,uncalibrated,4.77,0.4735541993606613,0.02026043755563123
12,12,KNN,brute,37,uncalibrated,4.78,0.7068130630630627,0.024863915357844532
12,12,KNN,brute,37,uncalibrated,4.79,0.9008278054931199,0.01298523222952275
12,12,KNN,brute,37,uncalibrated,4.81,0.9935011347225088,0.0049515164018980595
12,12,KNN,brute,37,uncalibrated,4.82,0.9984302484302157,0.0013713588876544107
12,12,KNN,brute,37,uncalibrated,4.83,0.9997318747318746,0.0001745905254837515
12,12,KNN,brute,37,uncalibrated,4.84,0.9992912492912491,0.000708750708750705
12,12,KNN,brute,37,uncalibrated,4.85,1.0,0.0
12,12,KNN,brute,37,uncalibrated,4.86,1.0,0.0
12,12,KNN,brute,37,uncalibrated,4.87,1.0,0.0
12,12,KNN,brute,37,uncalibrated,4.88,1.0,0.0
12,12,KNN,brute,37,uncalibrated,4.9,1.0,0.0
12,12,KNN,brute,37,uncalibrated,4.93,1.0,0.0
12,12,KNN,brute,39,uncalibrated,4.67,0.0,0.0
12,12,KNN,brute,39,uncalibrated,4.7,0.0,0.0
12,12,KNN,brute,39,uncalibrated,4.72,0.0,0.0
12,12,KNN,brute,39,uncalibrated,4.73,0.00043166709833376496,0.000225400116950914
12,12,KNN,brute,39,uncalibrated,4.74,0.010891212347523025,0.008650734378889718
12,12,KNN,brute,39,uncalibrated,4.75,0.07051282051282287,0.012120475458673776
12,12,KNN,brute,39,uncalibrated,4.76,0.2131554631554632,0.022864282789710057
12,12,KNN,brute,39,uncalibrated,4.77,0.47429004687070225,0.020262833924598
12,12,KNN,brute,39,uncalibrated,4.78,0.7069978632478633,0.024733982796394983
12,12,KNN,brute,39,uncalibrated,4.79,0.9013366619857492,0.012969414797149503
12,12,KNN,brute,39,uncalibrated,4.81,0.9934918770796636,0.005040125269133
12,12,KNN,brute,39,uncalibrated,4.82,0.9983812483812702,0.001429807295126034
12,12,KNN,brute,39,uncalibrated,4.83,0.9997456247456248,0.00016563716520236546
12,12,KNN,brute,39,uncalibrated,4.84,0.9992827685135379,0.0007172314864622442
12,12,KNN,brute,39,uncalibrated,4.85,1.0,0.0
12,12,KNN,brute,39,uncalibrated,4.86,1.0,0.0
12,12,KNN,brute,39,uncalibrated,4.87,1.0,0.0
12,12,KNN,brute,39,uncalibrated,4.88,1.0,0.0
12,12,KNN,brute,39,uncalibrated,4.9,1.0,0.0
12,12,KNN,brute,39,uncalibrated,4.93,1.0,0.0
12,12,KNN,brute,41,uncalibrated,4.67,0.0,0.0
12,12,KNN,brute,41,uncalibrated,4.7,0.0,0.0
12,12,KNN,brute,41,uncalibrated,4.72,0.0,0.0
12,12,KNN,brute,41,uncalibrated,4.73,0.0005748542333907974,0.00031435753603337115
12,12,KNN,brute,41,uncalibrated,4.74,0.011011129528771016,0.008643144683874024
12,12,KNN,brute,41,uncalibrated,4.75,0.07097277368122282,0.012153725404630274
12,12,KNN,brute,41,uncalibrated,4.76,0.21341463414634154,0.022670689166022225
12,12,KNN,brute,41,uncalibrated,4.77,0.47547862575399946,0.020306946232840264
12,12,KNN,brute,41,uncalibrated,4.78,0.7078760162601622,0.02474148276894161
12,12,KNN,brute,41,uncalibrated,4.79,0.9015979814970564,0.013062271677173512
12,12,KNN,brute,41,uncalibrated,4.81,0.9935766151554644,0.005026996834853803
12,12,KNN,brute,41,uncalibrated,4.82,0.9983370288248228,0.0014826677932618917
12,12,KNN,brute,41,uncalibrated,4.83,0.9997580332946192,0.00015755730348531442
12,12,KNN,brute,41,uncalibrated,4.84,0.9992751151287734,0.00072488487122635
12,12,KNN,brute,41,uncalibrated,4.85,1.0,0.0
12,12,KNN,brute,41,uncalibrated,4.86,1.0,0.0
12,12,KNN,brute,41,uncalibrated,4.87,1.0,0.0
12,12,KNN,brute,41,uncalibrated,4.88,1.0,0.0
12,12,KNN,brute,41,uncalibrated,4.9,1.0,0.0
12,12,KNN,brute,41,uncalibrated,4.93,1.0,0.0
12,12,KNN,brute,43,uncalibrated,4.67,0.0,0.0
12,12,KNN,brute,43,uncalibrated,4.7,0.0,0.0
12,12,KNN,brute,43,uncalibrated,4.72,0.0,0.0
12,12,KNN,brute,43,uncalibrated,4.73,0.0005481168271866053,0.0002997362552876331
12,12,KNN,brute,43,uncalibrated,4.74,0.010894107021901106,0.008410476405509144
12,12,KNN,brute,43,uncalibrated,4.75,0.07091671173607354,0.01212427187220784
12,12,KNN,brute,43,uncalibrated,4.76,0.2140163419233186,0.022946030173486953
12,12,KNN,brute,43,uncalibrated,4.77,0.47599399849961976,0.0202139867949792
12,12,KNN,brute,43,uncalibrated,4.78,0.7087209302325573,0.02458008213725757
12,12,KNN,brute,43,uncalibrated,4.79,0.9018821642530307,0.013095784832934063
12,12,KNN,brute,43,uncalibrated,4.81,0.9936534706195632,0.005015089650275084
12,12,KNN,brute,43,uncalibrated,4.82,0.9983556495184295,0.0014721915459721948
12,12,KNN,brute,43,uncalibrated,4.83,0.9997692875599853,0.0001502290568115104
12,12,KNN,brute,43,uncalibrated,4.84,0.9993088307041795,0.0006911692958205263
12,12,KNN,brute,43,uncalibrated,4.85,1.0,0.0
12,12,KNN,brute,43,uncalibrated,4.86,1.0,0.0
12,12,KNN,brute,43,uncalibrated,4.87,1.0,0.0
12,12,KNN,brute,43,uncalibrated,4.88,1.0,0.0
12,12,KNN,brute,43,uncalibrated,4.9,1.0,0.0
12,12,KNN,brute,43,uncalibrated,4.93,1.0,0.0
12,12,KNN,brute,45,uncalibrated,4.67,0.0,0.0
12,12,KNN,brute,45,uncalibrated,4.7,0.0,0.0
12,12,KNN,brute,45,uncalibrated,4.72,0.0,0.0
12,12,KNN,brute,45,uncalibrated,4.73,0.0005237560793116136,0.000286414643941516
12,12,KNN,brute,45,uncalibrated,4.74,0.010949298813376484,0.008576051779935276
12,12,KNN,brute,45,uncalibrated,4.75,0.07131782945736434,0.01215142773518459
12,12,KNN,brute,45,uncalibrated,4.76,0.2141141141141141,0.022925818649031832
12,12,KNN,brute,45,uncalibrated,4.77,0.4767025089605683,0.020128436977340243
12,12,KNN,brute,45,uncalibrated,4.78,0.7086574074074078,0.024792851783180362
12,12,KNN,brute,45,uncalibrated,4.79,0.9020960108181204,0.01311938131477048
12,12,KNN,brute,45,uncalibrated,4.81,0.993765903307888,0.0049618320610687605
12,12,KNN,brute,45,uncalibrated,4.82,0.9983726150393033,0.0014626642103990556
12,12,KNN,brute,45,uncalibrated,4.83,0.9997795414462082,0.00014355220984204134
12,12,KNN,brute,45,uncalibrated,4.84,0.9993006993006993,0.0006993006993006867
12,12,KNN,brute,45,uncalibrated,4.85,1.0,0.0
12,12,KNN,brute,45,uncalibrated,4.86,1.0,0.0
12,12,KNN,brute,45,uncalibrated,4.87,1.0,0.0
12,12,KNN,brute,45,uncalibrated,4.88,1.0,0.0
12,12,KNN,brute,45,uncalibrated,4.9,1.0,0.0
12,12,KNN,brute,45,uncalibrated,4.93,1.0,0.0
12,12,KNN,brute,47,uncalibrated,4.67,0.0,0.0
12,12,KNN,brute,47,uncalibrated,4.7,0.0,0.0
12,12,KNN,brute,47,uncalibrated,4.72,0.0,0.0
12,12,KNN,brute,47,uncalibrated,4.73,0.0005014685865749908,0.0002742267867525152
12,12,KNN,brute,47,uncalibrated,4.74,0.01094815120842801,0.008572608965089858
12,12,KNN,brute,47,uncalibrated,4.75,0.07137555665512241,0.012138924396115282
12,12,KNN,brute,47,uncalibrated,4.76,0.21449108683151238,0.022966356745198587
12,12,KNN,brute,47,uncalibrated,4.77,0.47706474490964196,0.02020911051893287
12,12,KNN,brute,47,uncalibrated,4.78,0.7091755319148945,0.024696506232825235
12,12,KNN,brute,47,uncalibrated,4.79,0.9028153879217714,0.013223026467507249
12,12,KNN,brute,47,uncalibrated,4.81,0.9937063504953709,0.004994315413350603
12,12,KNN,brute,47,uncalibrated,4.82,0.998334407908876,0.0014543476631021272
12,12,KNN,brute,47,uncalibrated,4.83,0.9997889226612624,0.000137443605168106
12,12,KNN,brute,47,uncalibrated,4.84,0.9993304567772654,0.0006695432227346587
12,12,KNN,brute,47,uncalibrated,4.85,1.0,0.0
12,12,KNN,brute,47,uncalibrated,4.86,1.0,0.0
12,12,KNN,brute,47,uncalibrated,4.87,1.0,0.0
12,12,KNN,brute,47,uncalibrated,4.88,1.0,0.0
12,12,KNN,brute,47,uncalibrated,4.9,1.0,0.0
12,12,KNN,brute,47,uncalibrated,4.93,1.0,0.0
12,12,KNN,brute,49,uncalibrated,4.67,0.0,0.0
12,12,KNN,brute,49,uncalibrated,4.7,0.0,0.0
12,12,KNN,brute,49,uncalibrated,4.72,0.0,0.0
12,12,KNN,brute,49,uncalibrated,4.73,0.000481000481000465,0.00026303385668098405
12,12,KNN,brute,49,uncalibrated,4.74,0.011046166039231226,0.00856944719635427
12,12,KNN,brute,49,uncalibrated,4.75,0.07113194114855244,0.012104077166256054
12,12,KNN,brute,49,uncalibrated,4.76,0.21506710792425085,0.022819982995076565
12,12,KNN,brute,49,uncalibrated,4.77,0.478110599078341,0.02021668093430003
12,12,KNN,brute,49,uncalibrated,4.78,0.7096088435374149,0.024458133743185943
12,12,KNN,brute,49,uncalibrated,4.79,0.9027829313543598,0.013321468134877739
12,12,KNN,brute,49,uncalibrated,4.81,0.993729552889858,0.005024147063405426
12,12,KNN,brute,49,uncalibrated,4.82,0.9983508554937018,0.001446321904947436
12,12,KNN,brute,49,uncalibrated,4.83,0.9997975380628442,0.00013183366209987702
12,12,KNN,brute,49,uncalibrated,4.84,0.9993577850720711,0.0006422149279291522
12,12,KNN,brute,49,uncalibrated,4.85,1.0,0.0
12,12,KNN,brute,49,uncalibrated,4.86,1.0,0.0
12,12,KNN,brute,49,uncalibrated,4.87,1.0,0.0
12,12,KNN,brute,49,uncalibrated,4.88,1.0,0.0
12,12,KNN,brute,49,uncalibrated,4.9,1.0,0.0
12,12,KNN,brute,49,uncalibrated,4.93,1.0,0.0
12,12,KNN,brute,51,uncalibrated,4.67,0.0,0.0
12,12,KNN,brute,51,uncalibrated,4.7,0.0,0.0
12,12,KNN,brute,51,uncalibrated,4.72,0.0,0.0
12,12,KNN,brute,51,uncalibrated,4.73,0.0005281573909024889,0.0003066287186903366
12,12,KNN,brute,51,uncalibrated,4.74,0.011279268989149056,0.008518941557205405
12,12,KNN,brute,51,uncalibrated,4.75,0.07124943000456113,0.012055579127722179
12,12,KNN,brute,51,uncalibrated,4.76,0.215244656421127,0.02297318350889017
12,12,KNN,brute,51,uncalibrated,4.77,0.4787581699346456,0.02017365650420372
12,12,KNN,brute,51,uncalibrated,4.78,0.7093137254901961,0.02452568476069039
12,12,KNN,brute,51,uncalibrated,4.79,0.9029510794216682,0.013296090236079671
12,12,KNN,brute,51,uncalibrated,4.81,0.9938257745846428,0.00497679988025751
12,12,KNN,brute,51,uncalibrated,4.82,0.9984155278272926,0.0013896033988711153
12,12,KNN,brute,51,uncalibrated,4.83,0.9998054777466542,0.00012666371456678923
12,12,KNN,brute,51,uncalibrated,4.84,0.999348690525161,0.0006513094748388792
12,12,KNN,brute,51,uncalibrated,4.85,1.0,0.0
12,12,KNN,brute,51,uncalibrated,4.86,1.0,0.0
12,12,KNN,brute,51,uncalibrated,4.87,1.0,0.0
12,12,KNN,brute,51,uncalibrated,4.88,1.0,0.0
12,12,KNN,brute,51,uncalibrated,4.9,1.0,0.0
12,12,KNN,brute,51,uncalibrated,4.93,1.0,0.0
12,12,KNN,brute,61,uncalibrated,4.67,0.0,0.0
12,12,KNN,brute,61,uncalibrated,4.7,0.0,0.0
12,12,KNN,brute,61,uncalibrated,4.72,0.0,0.0
12,12,KNN,brute,61,uncalibrated,4.73,0.0005519677650825193,0.00035518670324021515
12,12,KNN,brute,61,uncalibrated,4.74,0.011578863600190992,0.008475250676428459
12,12,KNN,brute,61,uncalibrated,4.75,0.07124475791079037,0.01201610811988385
12,12,KNN,brute,61,uncalibrated,4.76,0.21787771377935314,0.022792165301083838
12,12,KNN,brute,61,uncalibrated,4.77,0.48065397496916235,0.020099905789871985
12,12,KNN,brute,61,uncalibrated,4.78,0.7115437158469945,0.02373680563286646
12,12,KNN,brute,61,uncalibrated,4.79,0.9037674990855603,0.013233528072051961
12,12,KNN,brute,61,uncalibrated,4.81,0.9938993868101617,0.004974346139406949
12,12,KNN,brute,61,uncalibrated,4.82,0.9984268918695365,0.0013682818329130457
12,12,KNN,brute,61,uncalibrated,4.83,0.9997933599669376,0.00012575711932426815
12,12,KNN,brute,61,uncalibrated,4.84,0.9994268027054912,0.000573197294508776
12,12,KNN,brute,61,uncalibrated,4.85,1.0,0.0
12,12,KNN,brute,61,uncalibrated,4.86,1.0,0.0
12,12,KNN,brute,61,uncalibrated,4.87,1.0,0.0
12,12,KNN,brute,61,uncalibrated,4.88,1.0,0.0
12,12,KNN,brute,61,uncalibrated,4.9,1.0,0.0
12,12,KNN,brute,61,uncalibrated,4.93,1.0,0.0
12,12,KNN,brute,81,uncalibrated,4.67,0.0,0.0
12,12,KNN,brute,81,uncalibrated,4.7,0.0,0.0
12,12,KNN,brute,81,uncalibrated,4.72,0.0,0.0
12,12,KNN,brute,81,uncalibrated,4.73,0.0006650870848401606,0.00036759808646232245
12,12,KNN,brute,81,uncalibrated,4.74,0.011956130888169722,0.008300371568979984
12,12,KNN,brute,81,uncalibrated,4.75,0.07292563881711286,0.012030160106059201
12,12,KNN,brute,81,uncalibrated,4.76,0.22141586030474913,0.022988054789363787
12,12,KNN,brute,81,uncalibrated,4.77,0.4850657108721523,0.020128645739156865
12,12,KNN,brute,81,uncalibrated,4.78,0.7126028806584358,0.023342066121899582
12,12,KNN,brute,81,uncalibrated,4.79,0.9044148949490415,0.013021763376643783
12,12,KNN,brute,81,uncalibrated,4.81,0.9937564791254357,0.004924135331260127
12,12,KNN,brute,81,uncalibrated,4.82,0.9985970819304044,0.0012481035378289187
12,12,KNN,brute,81,uncalibrated,4.83,0.9998184458968884,0.00011031592833358317
12,12,KNN,brute,81,uncalibrated,4.84,0.9993740827074162,0.0006259172925839329
12,12,KNN,brute,81,uncalibrated,4.85,1.0,0.0
12,12,KNN,brute,81,uncalibrated,4.86,1.0,0.0
12,12,KNN,brute,81,uncalibrated,4.87,1.0,0.0
12,12,KNN,brute,81,uncalibrated,4.88,1.0,0.0
12,12,KNN,brute,81,uncalibrated,4.9,1.0,0.0
12,12,KNN,brute,81,uncalibrated,4.93,1.0,0.0
12,12,KNN,brute,101,uncalibrated,4.67,0.0,0.0
12,12,KNN,brute,101,uncalibrated,4.7,0.0,0.0
12,12,KNN,brute,101,uncalibrated,4.72,0.0,0.0
12,12,KNN,brute,101,uncalibrated,4.73,0.0006000600060006,0.0003156133046786753
12,12,KNN,brute,101,uncalibrated,4.74,0.012183985388830143,0.008290877631452465
12,12,KNN,brute,101,uncalibrated,4.75,0.07391204236702859,0.012076399535795836
12,12,KNN,brute,101,uncalibrated,4.76,0.22444474177147453,0.023302611196609563
12,12,KNN,brute,101,uncalibrated,4.77,0.4870648355158096,0.019941226990104782
12,12,KNN,brute,101,uncalibrated,4.78,0.7131806930693065,0.023270944111557397
12,12,KNN,brute,101,uncalibrated,4.79,0.9053105310531053,0.013027100190403882
12,12,KNN,brute,101,uncalibrated,4.81,0.9938402237170283,0.004950495049504955
12,12,KNN,brute,101,uncalibrated,4.82,0.9986498649864987,0.0012255858195904747
12,12,KNN,brute,101,uncalibrated,4.83,0.9998335968050586,0.00010368636030826622
12,12,KNN,brute,101,uncalibrated,4.84,0.9994114796094994,0.0005885203905006131
12,12,KNN,brute,101,uncalibrated,4.85,1.0,0.0
12,12,KNN,brute,101,uncalibrated,4.86,1.0,0.0
12,12,KNN,brute,101,uncalibrated,4.87,1.0,0.0
12,12,KNN,brute,101,uncalibrated,4.88,1.0,0.0
12,12,KNN,brute,101,uncalibrated,4.9,1.0,0.0
12,12,KNN,brute,101,uncalibrated,4.93,1.0,0.0
12,12,KNN,brute,151,uncalibrated,4.67,0.0,0.0
12,12,KNN,brute,151,uncalibrated,4.7,0.0,0.0
12,12,KNN,brute,151,uncalibrated,4.72,0.0,0.0
12,12,KNN,brute,151,uncalibrated,4.73,0.0007135371373781865,0.00037878543227786533
12,12,KNN,brute,151,uncalibrated,4.74,0.013132514627403075,0.00837459011123256
12,12,KNN,brute,151,uncalibrated,4.75,0.0757931618666256,0.012095999878838585
12,12,KNN,brute,151,uncalibrated,4.76,0.22686593878646866,0.02316240364487718
12,12,KNN,brute,151,uncalibrated,4.77,0.4897635832799259,0.019906212191411598
12,12,KNN,brute,151,uncalibrated,4.78,0.713755518763797,0.0232533269756493
12,12,KNN,brute,151,uncalibrated,4.79,0.9050103685865276,0.012799466690179112
12,12,KNN,brute,151,uncalibrated,4.81,0.993743996764572,0.0050174409787169805
12,12,KNN,brute,151,uncalibrated,4.82,0.9987290119740125,0.0011207284095374893
12,12,KNN,brute,151,uncalibrated,4.83,0.9997495687016529,0.00017889422080606733
12,12,KNN,brute,151,uncalibrated,4.84,0.9993516417357478,0.0006252026119576981
12,12,KNN,brute,151,uncalibrated,4.85,1.0,0.0
12,12,KNN,brute,151,uncalibrated,4.86,1.0,0.0
12,12,KNN,brute,151,uncalibrated,4.87,1.0,0.0
12,12,KNN,brute,151,uncalibrated,4.88,1.0,0.0
12,12,KNN,brute,151,uncalibrated,4.9,1.0,0.0
12,12,KNN,brute,151,uncalibrated,4.93,1.0,0.0
12,12,KNN,brute,201,uncalibrated,4.67,0.0,0.0
12,12,KNN,brute,201,uncalibrated,4.7,0.0,0.0
12,12,KNN,brute,201,uncalibrated,4.72,1.764228502875661e-05,1.764228502875693e-05
12,12,KNN,brute,201,uncalibrated,4.73,0.0008878168082148289,0.0004746063121934154
12,12,KNN,brute,201,uncalibrated,4.74,0.013935178476549296,0.008525334492585617
12,12,KNN,brute,201,uncalibrated,4.75,0.07727351614023027,0.01210495104796283
12,12,KNN,brute,201,uncalibrated,4.76,0.22776881358970905,0.02335349225749159
12,12,KNN,brute,201,uncalibrated,4.77,0.49101267854277003,0.019687482642425532
12,12,KNN,brute,201,uncalibrated,4.78,0.7128316749585406,0.023125395160791113
12,12,KNN,brute,201,uncalibrated,4.79,0.9045379164782155,0.012939295828497129
12,12,KNN,brute,201,uncalibrated,4.81,0.9934582811135162,0.005098553036344933
12,12,KNN,brute,201,uncalibrated,4.82,0.9987310920146741,0.001143036832820084
12,12,KNN,brute,201,uncalibrated,4.83,0.9997565364666287,0.00018400709497573442
12,12,KNN,brute,201,uncalibrated,4.84,0.9993041784086563,0.0006784260515603768
12,12,KNN,brute,201,uncalibrated,4.85,1.0,0.0
12,12,KNN,brute,201,uncalibrated,4.86,1.0,0.0
12,12,KNN,brute,201,uncalibrated,4.87,1.0,0.0
12,12,KNN,brute,201,uncalibrated,4.88,1.0,0.0
12,12,KNN,brute,201,uncalibrated,4.9,1.0,0.0
12,12,KNN,brute,201,uncalibrated,4.93,1.0,0.0
