feature_set,n_features,model,algorithm,n_neighbors,calibration,K0,chi,chi_err
30,30,KNN,auto,1,uncalibrated,4.67,0.0,0.0
30,30,KNN,auto,1,uncalibrated,4.7,0.0,0.0
30,30,KNN,auto,1,uncalibrated,4.72,0.0,0.0
30,30,KNN,auto,1,uncalibrated,4.73,0.0,0.0
30,30,KNN,auto,1,uncalibrated,4.74,0.0097090835552959,0.009566658773383852
30,30,KNN,auto,1,uncalibrated,4.75,0.04953466782709718,0.011541661154778143
30,30,KNN,auto,1,uncalibrated,4.76,0.15389588670804052,0.0171322690959972
30,30,KNN,auto,1,uncalibrated,4.77,0.24409872365379578,0.0036091714440505034
30,30,KNN,auto,1,uncalibrated,4.78,0.2184059935641467,0.008098359031032032
30,30,KNN,auto,1,uncalibrated,4.79,0.10962114146124412,0.011825709368878142
30,30,KNN,auto,1,uncalibrated,4.81,0.007662962407000121,0.007596585952940913
30,30,KNN,auto,1,uncalibrated,4.82,0.0,0.0
30,30,KNN,auto,1,uncalibrated,4.83,0.0023529411764706245,0.002352941176470588
30,30,KNN,auto,1,uncalibrated,4.84,0.0,0.0
30,30,KNN,auto,1,uncalibrated,4.85,0.0,0.0
30,30,KNN,auto,1,uncalibrated,4.86,0.0,0.0
30,30,KNN,auto,1,uncalibrated,4.87,0.0,0.0
30,30,KNN,auto,1,uncalibrated,4.88,0.0,0.0
30,30,KNN,auto,1,uncalibrated,4.9,0.0,0.0
30,30,KNN,auto,1,uncalibrated,4.93,0.0,0.0
30,30,KNN,auto,3,uncalibrated,4.67,0.0,0.0
30,30,KNN,auto,3,uncalibrated,4.7,0.0,0.0
30,30,KNN,auto,3,uncalibrated,4.72,0.0,0.0
30,30,KNN,auto,3,uncalibrated,4.73,0.0,0.0
30,30,KNN,auto,3,uncalibrated,4.74,0.007742443013922968,0.005029336701134003
30,30,KNN,auto,3,uncalibrated,4.75,0.04356883935427878,0.009396813367692282
30,30,KNN,auto,3,uncalibrated,4.76,0.13498492320457817,0.013351243228824465
30,30,KNN,auto,3,uncalibrated,4.77,0.2007065712432119,0.00785494698538175
30,30,KNN,auto,3,uncalibrated,4.78,0.17051768655769706,0.008787246286964208
30,30,KNN,auto,3,uncalibrated,4.79,0.07320487290625403,0.011768240158305432
30,30,KNN,auto,3,uncalibrated,4.81,0.005725336859532216,0.005648822464651191
30,30,KNN,auto,3,uncalibrated,4.82,0.001400054915869635,0.0011506431467034279
30,30,KNN,auto,3,uncalibrated,4.83,0.0002614379084967276,0.00026143790849673216
30,30,KNN,auto,3,uncalibrated,4.84,0.00020614306328592047,0.0002061430632859205
30,30,KNN,auto,3,uncalibrated,4.85,0.0,0.0
30,30,KNN,auto,3,uncalibrated,4.86,0.0,0.0
30,30,KNN,auto,3,uncalibrated,4.87,0.0,0.0
30,30,KNN,auto,3,uncalibrated,4.88,0.0,0.0
30,30,KNN,auto,3,uncalibrated,4.9,0.0,0.0
30,30,KNN,auto,3,uncalibrated,4.93,0.0,0.0
30,30,KNN,auto,5,uncalibrated,4.67,0.0,0.0
30,30,KNN,auto,5,uncalibrated,4.7,0.0,0.0
30,30,KNN,auto,5,uncalibrated,4.72,0.0,0.0
30,30,KNN,auto,5,uncalibrated,4.73,0.0,0.0
30,30,KNN,auto,5,uncalibrated,4.74,0.008561830043217162,0.006920672507695952
30,30,KNN,auto,5,uncalibrated,4.75,0.04431261976463072,0.00907058445029991
30,30,KNN,auto,5,uncalibrated,4.76,0.13094834312077566,0.01227499502893223
30,30,KNN,auto,5,uncalibrated,4.77,0.1920934000138,0.007229813664596241
30,30,KNN,auto,5,uncalibrated,4.78,0.1604992633988716,0.009678004339628564
30,30,KNN,auto,5,uncalibrated,4.79,0.06216541303663367,0.009287284357001203
30,30,KNN,auto,5,uncalibrated,4.81,0.004503909625228156,0.0044552660056740075
30,30,KNN,auto,5,uncalibrated,4.82,0.0005040197697130725,0.00041423153281323433
30,30,KNN,auto,5,uncalibrated,4.83,9.411764705880631e-05,9.411764705882358e-05
30,30,KNN,auto,5,uncalibrated,4.84,7.421150278293132e-05,7.421150278293133e-05
30,30,KNN,auto,5,uncalibrated,4.85,0.0,0.0
30,30,KNN,auto,5,uncalibrated,4.86,0.0,0.0
30,30,KNN,auto,5,uncalibrated,4.87,0.0,0.0
30,30,KNN,auto,5,uncalibrated,4.88,0.0,0.0
30,30,KNN,auto,5,uncalibrated,4.9,0.0,0.0
30,30,KNN,auto,5,uncalibrated,4.93,0.0,0.0
30,30,KNN,auto,7,uncalibrated,4.67,0.0,0.0
30,30,KNN,auto,7,uncalibrated,4.7,0.0,0.0
30,30,KNN,auto,7,uncalibrated,4.72,0.0,0.0
30,30,KNN,auto,7,uncalibrated,4.73,0.0,0.0
30,30,KNN,auto,7,uncalibrated,4.74,0.009068959248496452,0.007560395695100205
30,30,KNN,auto,7,uncalibrated,4.75,0.044608697606246146,0.009245802966648665
30,30,KNN,auto,7,uncalibrated,4.76,0.12859713659162025,0.012065724013820915
30,30,KNN,auto,7,uncalibrated,4.77,0.19008195842803688,0.006813860496203014
30,30,KNN,auto,7,uncalibrated,4.78,0.15812730210104992,0.009309494464113874
30,30,KNN,auto,7,uncalibrated,4.79,0.06094425154757254,0.008847281034261967
30,30,KNN,auto,7,uncalibrated,4.81,0.00388852989502868,0.0037657600550091066
30,30,KNN,auto,7,uncalibrated,4.82,0.0005843395159578251,0.0005289732020377464
30,30,KNN,auto,7,uncalibrated,4.83,4.801920768307441e-05,4.801920768307324e-05
30,30,KNN,auto,7,uncalibrated,4.84,0.00015145204649577695,0.00015145204649577828
30,30,KNN,auto,7,uncalibrated,4.85,0.0,0.0
30,30,KNN,auto,7,uncalibrated,4.86,0.0,0.0
30,30,KNN,auto,7,uncalibrated,4.87,0.0,0.0
30,30,KNN,auto,7,uncalibrated,4.88,0.0,0.0
30,30,KNN,auto,7,uncalibrated,4.9,0.0,0.0
30,30,KNN,auto,7,uncalibrated,4.93,0.0,0.0
30,30,KNN,auto,9,uncalibrated,4.67,0.0,0.0
30,30,KNN,auto,9,uncalibrated,4.7,0.0,0.0
30,30,KNN,auto,9,uncalibrated,4.72,0.0,0.0
30,30,KNN,auto,9,uncalibrated,4.73,0.0,0.0
30,30,KNN,auto,9,uncalibrated,4.74,0.009371565160308648,0.007700920590651429
30,30,KNN,auto,9,uncalibrated,4.75,0.047122614091172146,0.009451664625049913
30,30,KNN,auto,9,uncalibrated,4.76,0.12697502216513315,0.011150278836479227
30,30,KNN,auto,9,uncalibrated,4.77,0.18746878092555946,0.00721314827595021
30,30,KNN,auto,9,uncalibrated,4.78,0.15785755039122168,0.010828296916163008
30,30,KNN,auto,9,uncalibrated,4.79,0.05968649669082243,0.008570530979526259
30,30,KNN,auto,9,uncalibrated,4.81,0.004230896141631392,0.003997514326743267
30,30,KNN,auto,9,uncalibrated,4.82,0.0005293550143508851,0.0004988014249517348
30,30,KNN,auto,9,uncalibrated,4.83,5.795898294906975e-05,4.064082206328057e-05
30,30,KNN,auto,9,uncalibrated,4.84,9.16191392381862e-05,9.161913923818686e-05
30,30,KNN,auto,9,uncalibrated,4.85,0.0,0.0
30,30,KNN,auto,9,uncalibrated,4.86,0.0,0.0
30,30,KNN,auto,9,uncalibrated,4.87,0.0,0.0
30,30,KNN,auto,9,uncalibrated,4.88,0.0,0.0
30,30,KNN,auto,9,uncalibrated,4.9,0.0,0.0
30,30,KNN,auto,9,uncalibrated,4.93,0.0,0.0
30,30,KNN,auto,11,uncalibrated,4.67,0.0,0.0
30,30,KNN,auto,11,uncalibrated,4.7,0.0,0.0
30,30,KNN,auto,11,uncalibrated,4.72,0.0,0.0
30,30,KNN,auto,11,uncalibrated,4.73,0.0,0.0
30,30,KNN,auto,11,uncalibrated,4.74,0.008580044132578905,0.007150531426681515
30,30,KNN,auto,11,uncalibrated,4.75,0.04818589283285742,0.009592365766449066
30,30,KNN,auto,11,uncalibrated,4.76,0.12595987501043457,0.010722163865129654
30,30,KNN,auto,11,uncalibrated,4.77,0.1855599257715297,0.006353821050191888
30,30,KNN,auto,11,uncalibrated,4.78,0.15644607037538652,0.01031674677547631
30,30,KNN,auto,11,uncalibrated,4.79,0.05714373517348394,0.008573860783488247
30,30,KNN,auto,11,uncalibrated,4.81,0.004296922794268126,0.004113075525408914
30,30,KNN,auto,11,uncalibrated,4.82,0.00035436162117702863,0.00033390839190983906
30,30,KNN,auto,11,uncalibrated,4.83,9.704377201834746e-05,7.972921280357075e-05
30,30,KNN,auto,11,uncalibrated,4.84,0.00013799659608396323,0.00013799659608396323
30,30,KNN,auto,11,uncalibrated,4.85,0.0,0.0
30,30,KNN,auto,11,uncalibrated,4.86,0.0,0.0
30,30,KNN,auto,11,uncalibrated,4.87,0.0,0.0
30,30,KNN,auto,11,uncalibrated,4.88,0.0,0.0
30,30,KNN,auto,11,uncalibrated,4.9,0.0,0.0
30,30,KNN,auto,11,uncalibrated,4.93,0.0,0.0
30,30,KNN,auto,13,uncalibrated,4.67,0.0,0.0
30,30,KNN,auto,13,uncalibrated,4.7,0.0,0.0
30,30,KNN,auto,13,uncalibrated,4.72,0.0,0.0
30,30,KNN,auto,13,uncalibrated,4.73,0.0,0.0
30,30,KNN,auto,13,uncalibrated,4.74,0.008664052866046625,0.007077051984973806
30,30,KNN,auto,13,uncalibrated,4.75,0.048366946138738084,0.009674152639030785
30,30,KNN,auto,13,uncalibrated,4.76,0.1259108387587821,0.010893730320502363
30,30,KNN,auto,13,uncalibrated,4.77,0.18425231836675626,0.005839422561830579
30,30,KNN,auto,13,uncalibrated,4.78,0.1547519384800285,0.010860763123798203
30,30,KNN,auto,13,uncalibrated,4.79,0.05771755980851211,0.008653063806175232
30,30,KNN,auto,13,uncalibrated,4.81,0.004069212547730884,0.003921626145085761
30,30,KNN,auto,13,uncalibrated,4.82,0.00038811919939630245,0.0003733113578224524
30,30,KNN,auto,13,uncalibrated,4.83,6.948104387112464e-05,5.708422928539679e-05
30,30,KNN,auto,13,uncalibrated,4.84,9.880229660449568e-05,9.880229660449435e-05
30,30,KNN,auto,13,uncalibrated,4.85,0.0,0.0
30,30,KNN,auto,13,uncalibrated,4.86,0.0,0.0
30,30,KNN,auto,13,uncalibrated,4.87,0.0,0.0
30,30,KNN,auto,13,uncalibrated,4.88,0.0,0.0
30,30,KNN,auto,13,uncalibrated,4.9,0.0,0.0
30,30,KNN,auto,13,uncalibrated,4.93,0.0,0.0
30,30,KNN,auto,15,uncalibrated,4.67,0.0,0.0
30,30,KNN,auto,15,uncalibrated,4.7,0.0,0.0
30,30,KNN,auto,15,uncalibrated,4.72,0.0,0.0
30,30,KNN,auto,15,uncalibrated,4.73,0.0,0.0
30,30,KNN,auto,15,uncalibrated,4.74,0.008280668236488903,0.006267056068618938
30,30,KNN,auto,15,uncalibrated,4.75,0.048970701900717145,0.009575894876623853
30,30,KNN,auto,15,uncalibrated,4.76,0.12656590922303854,0.011247211884479033
30,30,KNN,auto,15,uncalibrated,4.77,0.18353962853460387,0.0051405985257510205
30,30,KNN,auto,15,uncalibrated,4.78,0.15478989340621618,0.011267356268402293
30,30,KNN,auto,15,uncalibrated,4.79,0.05903534508908045,0.008521523087559255
30,30,KNN,auto,15,uncalibrated,4.81,0.00412101429455297,0.003980352204446263
30,30,KNN,auto,15,uncalibrated,4.82,0.00041492017015128184,0.0004037315263835095
30,30,KNN,auto,15,uncalibrated,4.83,6.249610394885205e-05,4.3847763510422396e-05
30,30,KNN,auto,15,uncalibrated,4.84,0.00013193156050299044,0.00013193156050298908
30,30,KNN,auto,15,uncalibrated,4.85,0.0,0.0
30,30,KNN,auto,15,uncalibrated,4.86,0.0,0.0
30,30,KNN,auto,15,uncalibrated,4.87,0.0,0.0
30,30,KNN,auto,15,uncalibrated,4.88,0.0,0.0
30,30,KNN,auto,15,uncalibrated,4.9,0.0,0.0
30,30,KNN,auto,15,uncalibrated,4.93,0.0,0.0
30,30,KNN,auto,17,uncalibrated,4.67,0.0,0.0
30,30,KNN,auto,17,uncalibrated,4.7,0.0,0.0
30,30,KNN,auto,17,uncalibrated,4.72,0.0,0.0
30,30,KNN,auto,17,uncalibrated,4.73,2.322180422491016e-05,1.6280168805355138e-05
30,30,KNN,auto,17,uncalibrated,4.74,0.008172983993258566,0.006576401924868511
30,30,KNN,auto,17,uncalibrated,4.75,0.04912912493095152,0.009532465494161134
30,30,KNN,auto,17,uncalibrated,4.76,0.12709068347305535,0.011068051636324355
30,30,KNN,auto,17,uncalibrated,4.77,0.18280270446755276,0.005545689404733126
30,30,KNN,auto,17,uncalibrated,4.78,0.15465938591704778,0.010737140044302235
30,30,KNN,auto,17,uncalibrated,4.79,0.05606074342208939,0.008391398185793262
30,30,KNN,auto,17,uncalibrated,4.81,0.004148982293957712,0.003964599842589953
30,30,KNN,auto,17,uncalibrated,4.82,0.0004365828267148773,0.0004278411190432218
30,30,KNN,auto,17,uncalibrated,4.83,4.86561362923571e-05,3.4137532144792616e-05
30,30,KNN,auto,17,uncalibrated,4.84,0.000160492004288345,0.0001604920042883463
30,30,KNN,auto,17,uncalibrated,4.85,0.0,0.0
30,30,KNN,auto,17,uncalibrated,4.86,0.0,0.0
30,30,KNN,auto,17,uncalibrated,4.87,0.0,0.0
30,30,KNN,auto,17,uncalibrated,4.88,0.0,0.0
30,30,KNN,auto,17,uncalibrated,4.9,0.0,0.0
30,30,KNN,auto,17,uncalibrated,4.93,0.0,0.0
30,30,KNN,auto,19,uncalibrated,4.67,0.0,0.0
30,30,KNN,auto,19,uncalibrated,4.7,0.0,0.0
30,30,KNN,auto,19,uncalibrated,4.72,0.0,0.0
30,30,KNN,auto,19,uncalibrated,4.73,1.8590308645426775e-05,1.3033154528386777e-05
30,30,KNN,auto,19,uncalibrated,4.74,0.00864042735299607,0.006544821492643834
30,30,KNN,auto,19,uncalibrated,4.75,0.04940068452609033,0.009417266771521642
30,30,KNN,auto,19,uncalibrated,4.76,0.12779331119925522,0.01129963471017705
30,30,KNN,auto,19,uncalibrated,4.77,0.18172492711597,0.005433841238915457
30,30,KNN,auto,19,uncalibrated,4.78,0.15480302257947715,0.010265707426120735
30,30,KNN,auto,19,uncalibrated,4.79,0.05547481826600569,0.008302564653061343
30,30,KNN,auto,19,uncalibrated,4.81,0.004123757480692949,0.003961046268432889
30,30,KNN,auto,19,uncalibrated,4.82,0.0004610737822921455,0.00044708009530064865
30,30,KNN,auto,19,uncalibrated,4.83,3.895186534208503e-05,2.7328938476025072e-05
30,30,KNN,auto,19,uncalibrated,4.84,0.00018501482688265303,0.00018501482688265434
30,30,KNN,auto,19,uncalibrated,4.85,0.0,0.0
30,30,KNN,auto,19,uncalibrated,4.86,0.0,0.0
30,30,KNN,auto,19,uncalibrated,4.87,0.0,0.0
30,30,KNN,auto,19,uncalibrated,4.88,0.0,0.0
30,30,KNN,auto,19,uncalibrated,4.9,0.0,0.0
30,30,KNN,auto,19,uncalibrated,4.93,0.0,0.0
30,30,KNN,auto,21,uncalibrated,4.67,0.0,0.0
30,30,KNN,auto,21,uncalibrated,4.7,0.0,0.0
30,30,KNN,auto,21,uncalibrated,4.72,0.0,0.0
30,30,KNN,auto,21,uncalibrated,4.73,2.309570774632141e-05,1.3021319297103056e-05
30,30,KNN,auto,21,uncalibrated,4.74,0.00824744640895433,0.006296557615863462
30,30,KNN,auto,21,uncalibrated,4.75,0.049826592752353786,0.009423291765529395
30,30,KNN,auto,21,uncalibrated,4.76,0.12727678002744136,0.011662788980000264
30,30,KNN,auto,21,uncalibrated,4.77,0.18079772294117696,0.005221654664759782
30,30,KNN,auto,21,uncalibrated,4.78,0.15401071309156156,0.0102794717967815
30,30,KNN,auto,21,uncalibrated,4.79,0.05417613020482596,0.008158685272072178
30,30,KNN,auto,21,uncalibrated,4.81,0.003965774103778668,0.003820325474520188
30,30,KNN,auto,21,uncalibrated,4.82,0.0004747191835676146,0.00046324685509845694
30,30,KNN,auto,21,uncalibrated,4.83,3.188576732084265e-05,2.2371307913480845e-05
30,30,KNN,auto,21,uncalibrated,4.84,0.00020614306328592047,0.0002061430632859205
30,30,KNN,auto,21,uncalibrated,4.85,0.0,0.0
30,30,KNN,auto,21,uncalibrated,4.86,0.0,0.0
30,30,KNN,auto,21,uncalibrated,4.87,0.0,0.0
30,30,KNN,auto,21,uncalibrated,4.88,0.0,0.0
30,30,KNN,auto,21,uncalibrated,4.9,0.0,0.0
30,30,KNN,auto,21,uncalibrated,4.93,0.0,0.0
30,30,KNN,auto,23,uncalibrated,4.67,0.0,0.0
30,30,KNN,auto,23,uncalibrated,4.7,0.0,0.0
30,30,KNN,auto,23,uncalibrated,4.72,0.0,0.0
30,30,KNN,auto,23,uncalibrated,4.73,1.9253699652415366e-05,1.0855201909305197e-05
30,30,KNN,auto,23,uncalibrated,4.74,0.008346259750680152,0.006369744942517057
30,30,KNN,auto,23,uncalibrated,4.75,0.0502854621889787,0.009449918159560916
30,30,KNN,auto,23,uncalibrated,4.76,0.12726904519903176,0.01167409999035046
30,30,KNN,auto,23,uncalibrated,4.77,0.18050573131132322,0.005414636583842189
30,30,KNN,auto,23,uncalibrated,4.78,0.153247673418476,0.010846909799198345
30,30,KNN,auto,23,uncalibrated,4.79,0.05380512926927421,0.008120901183765402
30,30,KNN,auto,23,uncalibrated,4.81,0.004006682728369329,0.003828653214050127
30,30,KNN,auto,23,uncalibrated,4.82,0.0004863992241014853,0.00047682525764386485
30,30,KNN,auto,23,uncalibrated,4.83,2.658151869280082e-05,1.8649804895737372e-05
30,30,KNN,auto,23,uncalibrated,4.84,0.00017185083347654858,0.0001718508334765424
30,30,KNN,auto,23,uncalibrated,4.85,0.0,0.0
30,30,KNN,auto,23,uncalibrated,4.86,0.0,0.0
30,30,KNN,auto,23,uncalibrated,4.87,0.0,0.0
30,30,KNN,auto,23,uncalibrated,4.88,0.0,0.0
30,30,KNN,auto,23,uncalibrated,4.9,0.0,0.0
30,30,KNN,auto,23,uncalibrated,4.93,0.0,0.0
30,30,KNN,auto,25,uncalibrated,4.67,0.0,0.0
30,30,KNN,auto,25,uncalibrated,4.7,0.0,0.0
30,30,KNN,auto,25,uncalibrated,4.72,0.0,0.0
30,30,KNN,auto,25,uncalibrated,4.73,1.6296331385804303e-05,9.187842896035926e-06
30,30,KNN,auto,25,uncalibrated,4.74,0.008690950368535651,0.00665498460809851
30,30,KNN,auto,25,uncalibrated,4.75,0.050651905283914445,0.009393171868974417
30,30,KNN,auto,25,uncalibrated,4.76,0.1275378426681152,0.011407123585034328
30,30,KNN,auto,25,uncalibrated,4.77,0.1801691199054201,0.005416306024772932
30,30,KNN,auto,25,uncalibrated,4.78,0.15215041634274096,0.011295955369595545
30,30,KNN,auto,25,uncalibrated,4.79,0.05487579685337979,0.008322676966535242
30,30,KNN,auto,25,uncalibrated,4.81,0.0038914690743312246,0.0037361410897604635
30,30,KNN,auto,25,uncalibrated,4.82,0.0005893836222302363,0.0005812694186403891
30,30,KNN,auto,25,uncalibrated,4.83,2.249859742158616e-05,1.578519486375208e-05
30,30,KNN,auto,25,uncalibrated,4.84,0.00014545454545454136,0.0001454545454545455
30,30,KNN,auto,25,uncalibrated,4.85,0.0,0.0
30,30,KNN,auto,25,uncalibrated,4.86,0.0,0.0
30,30,KNN,auto,25,uncalibrated,4.87,0.0,0.0
30,30,KNN,auto,25,uncalibrated,4.88,0.0,0.0
30,30,KNN,auto,25,uncalibrated,4.9,0.0,0.0
30,30,KNN,auto,25,uncalibrated,4.93,0.0,0.0
30,30,KNN,auto,27,uncalibrated,4.67,0.0,0.0
30,30,KNN,auto,27,uncalibrated,4.7,0.0,0.0
30,30,KNN,auto,27,uncalibrated,4.72,0.0,0.0
30,30,KNN,auto,27,uncalibrated,4.73,1.3971477525552323e-05,7.877094389605558e-06
30,30,KNN,auto,27,uncalibrated,4.74,0.008736389871384195,0.006523229801397856
30,30,KNN,auto,27,uncalibrated,4.75,0.050596441631750255,0.009361006557510607
30,30,KNN,auto,27,uncalibrated,4.76,0.12786551939101867,0.01118604824642248
30,30,KNN,auto,27,uncalibrated,4.77,0.17964254186538747,0.005240189348696517
30,30,KNN,auto,27,uncalibrated,4.78,0.1515638435930171,0.011533060515445975
30,30,KNN,auto,27,uncalibrated,4.79,0.0540967148165093,0.008659222245573093
30,30,KNN,auto,27,uncalibrated,4.81,0.0037504294111838305,0.003567378029955902
30,30,KNN,auto,27,uncalibrated,4.82,0.0006954853952539722,0.0006781681754356321
30,30,KNN,auto,27,uncalibrated,4.83,1.9288920971868394e-05,1.3533260342723004e-05
30,30,KNN,auto,27,uncalibrated,4.84,0.00016287846975677662,0.00016287846975677662
30,30,KNN,auto,27,uncalibrated,4.85,0.0,0.0
30,30,KNN,auto,27,uncalibrated,4.86,0.0,0.0
30,30,KNN,auto,27,uncalibrated,4.87,0.0,0.0
30,30,KNN,auto,27,uncalibrated,4.88,0.0,0.0
30,30,KNN,auto,27,uncalibrated,4.9,0.0,0.0
30,30,KNN,auto,27,uncalibrated,4.93,0.0,0.0
30,30,KNN,auto,29,uncalibrated,4.67,0.0,0.0
30,30,KNN,auto,29,uncalibrated,4.7,0.0,0.0
30,30,KNN,auto,29,uncalibrated,4.72,0.0,0.0
30,30,KNN,auto,29,uncalibrated,4.73,1.2110828913350476e-05,6.828063983379853e-06
30,30,KNN,auto,29,uncalibrated,4.74,0.008858922902084516,0.006310088319358658
30,30,KNN,auto,29,uncalibrated,4.75,0.05085837861445407,0.009378190402647537
30,30,KNN,auto,29,uncalibrated,4.76,0.12822076600497334,0.011042142848943318
30,30,KNN,auto,29,uncalibrated,4.77,0.17896353984457122,0.005179127615048719
30,30,KNN,auto,29,uncalibrated,4.78,0.15152413118013447,0.010915808868037474
30,30,KNN,auto,29,uncalibrated,4.79,0.05410638596910763,0.008942647626419721
30,30,KNN,auto,29,uncalibrated,4.81,0.0037669970095118113,0.003552193036314743
30,30,KNN,auto,29,uncalibrated,4.82,0.0006898959854902884,0.0006748693587826381
30,30,KNN,auto,29,uncalibrated,4.83,1.9464620248151588e-05,1.1972205864839175e-05
30,30,KNN,auto,29,uncalibrated,4.84,0.00022272805637220787,0.00022050413695723963
30,30,KNN,auto,29,uncalibrated,4.85,0.0,0.0
30,30,KNN,auto,29,uncalibrated,4.86,0.0,0.0
30,30,KNN,auto,29,uncalibrated,4.87,0.0,0.0
30,30,KNN,auto,29,uncalibrated,4.88,0.0,0.0
30,30,KNN,auto,29,uncalibrated,4.9,0.0,0.0
30,30,KNN,auto,29,uncalibrated,4.93,0.0,0.0
30,30,KNN,auto,31,uncalibrated,4.67,0.0,0.0
30,30,KNN,auto,31,uncalibrated,4.7,0.0,0.0
30,30,KNN,auto,31,uncalibrated,4.72,0.0,0.0
30,30,KNN,auto,31,uncalibrated,4.73,1.0598550589102852e-05,5.975444131136772e-06
30,30,KNN,auto,31,uncalibrated,4.74,0.008637260319084156,0.0063846883783689875
30,30,KNN,auto,31,uncalibrated,4.75,0.050825628941772893,0.009400686777945089
30,30,KNN,auto,31,uncalibrated,4.76,0.12747570974089642,0.011259054856176193
30,30,KNN,auto,31,uncalibrated,4.77,0.17874962069867073,0.00512864905226503
30,30,KNN,auto,31,uncalibrated,4.78,0.15090163740763807,0.01118535724496654
30,30,KNN,auto,31,uncalibrated,4.79,0.0540102788707916,0.0089983265841381
30,30,KNN,auto,31,uncalibrated,4.81,0.003624192731659774,0.003428892189804408
30,30,KNN,auto,31,uncalibrated,4.82,0.0006851682617117414,0.0006720069080002392
30,30,KNN,auto,31,uncalibrated,4.83,1.703407453558455e-05,1.0477237390561659e-05
30,30,KNN,auto,31,uncalibrated,4.84,0.00023545094636656964,0.00023350319972138367
30,30,KNN,auto,31,uncalibrated,4.85,0.0,0.0
30,30,KNN,auto,31,uncalibrated,4.86,0.0,0.0
30,30,KNN,auto,31,uncalibrated,4.87,0.0,0.0
30,30,KNN,auto,31,uncalibrated,4.88,0.0,0.0
30,30,KNN,auto,31,uncalibrated,4.9,0.0,0.0
30,30,KNN,auto,31,uncalibrated,4.93,0.0,0.0
30,30,KNN,auto,33,uncalibrated,4.67,0.0,0.0
30,30,KNN,auto,33,uncalibrated,4.7,0.0,0.0
30,30,KNN,auto,33,uncalibrated,4.72,0.0,0.0
30,30,KNN,auto,33,uncalibrated,4.73,9.352807269171504e-06,5.2730962442814e-06
30,30,KNN,auto,33,uncalibrated,4.74,0.008831254724152356,0.006420391893881226
30,30,KNN,auto,33,uncalibrated,4.75,0.05096351160413377,0.009380101873239058
30,30,KNN,auto,33,uncalibrated,4.76,0.12741226560703156,0.010882893484878725
30,30,KNN,auto,33,uncalibrated,4.77,0.1780877575804341,0.005068580981406118
30,30,KNN,auto,33,uncalibrated,4.78,0.1506311626337697,0.011209374075482876
30,30,KNN,auto,33,uncalibrated,4.79,0.05311658495537747,0.008864090263073086
30,30,KNN,auto,33,uncalibrated,4.81,0.003659341744738315,0.003429694726048632
30,30,KNN,auto,33,uncalibrated,4.82,0.0006811215613068851,0.000669499132755853
30,30,KNN,auto,33,uncalibrated,4.83,1.5031905995130835e-05,9.245753105904255e-06
30,30,KNN,auto,33,uncalibrated,4.84,0.00021281680269727852,0.00020602217805679884
30,30,KNN,auto,33,uncalibrated,4.85,0.0,0.0
30,30,KNN,auto,33,uncalibrated,4.86,0.0,0.0
30,30,KNN,auto,33,uncalibrated,4.87,0.0,0.0
30,30,KNN,auto,33,uncalibrated,4.88,0.0,0.0
30,30,KNN,auto,33,uncalibrated,4.9,0.0,0.0
30,30,KNN,auto,33,uncalibrated,4.93,0.0,0.0
30,30,KNN,auto,35,uncalibrated,4.67,0.0,0.0
30,30,KNN,auto,35,uncalibrated,4.7,0.0,0.0
30,30,KNN,auto,35,uncalibrated,4.72,0.0,0.0
30,30,KNN,auto,35,uncalibrated,4.73,1.639795398937347e-05,1.1505608859416781e-05
30,30,KNN,auto,35,uncalibrated,4.74,0.008821219589916851,0.00639123942259831
30,30,KNN,auto,35,uncalibrated,4.75,0.05054749082696965,0.009338985618653692
30,30,KNN,auto,35,uncalibrated,4.76,0.1276102151119086,0.010851555618007023
30,30,KNN,auto,35,uncalibrated,4.77,0.17777887313309929,0.004968993625568692
30,30,KNN,auto,35,uncalibrated,4.78,0.15005632969900778,0.011705689807303674
30,30,KNN,auto,35,uncalibrated,4.79,0.052569372046901354,0.008956146660064708
30,30,KNN,auto,35,uncalibrated,4.81,0.003465425269995241,0.003256454288304775
30,30,KNN,auto,35,uncalibrated,4.82,0.0006055031675617694,0.000595171065772346
30,30,KNN,auto,35,uncalibrated,4.83,1.3363057656079755e-05,8.219285822309999e-06
30,30,KNN,auto,35,uncalibrated,4.84,0.00018918979439782016,0.00018314951175824807
30,30,KNN,auto,35,uncalibrated,4.85,0.0,0.0
30,30,KNN,auto,35,uncalibrated,4.86,0.0,0.0
30,30,KNN,auto,35,uncalibrated,4.87,0.0,0.0
30,30,KNN,auto,35,uncalibrated,4.88,0.0,0.0
30,30,KNN,auto,35,uncalibrated,4.9,0.0,0.0
30,30,KNN,auto,35,uncalibrated,4.93,0.0,0.0
30,30,KNN,auto,37,uncalibrated,4.67,0.0,0.0
30,30,KNN,auto,37,uncalibrated,4.7,0.0,0.0
30,30,KNN,auto,37,uncalibrated,4.72,0.0,0.0
30,30,KNN,auto,37,uncalibrated,4.73,2.0707737495083595e-05,1.4720562164498129e-05
30,30,KNN,auto,37,uncalibrated,4.74,0.008806511624121622,0.006377913775946429
30,30,KNN,auto,37,uncalibrated,4.75,0.050871836198011146,0.00935122413070947
30,30,KNN,auto,37,uncalibrated,4.76,0.12811743573393464,0.010776563040695176
30,30,KNN,auto,37,uncalibrated,4.77,0.17785590709250235,0.004851549098925638
30,30,KNN,auto,37,uncalibrated,4.78,0.1500208858154261,0.011653036758346058
30,30,KNN,auto,37,uncalibrated,4.79,0.05255387013494216,0.008844471432425486
30,30,KNN,auto,37,uncalibrated,4.81,0.003487558427951847,0.0032964016284662543
30,30,KNN,auto,37,uncalibrated,4.82,0.0006063451907026249,0.0005970945709476461
30,30,KNN,auto,37,uncalibrated,4.83,1.1957447500874292e-05,7.354729826391344e-06
30,30,KNN,auto,37,uncalibrated,4.84,0.0001692896261046944,0.00016388469824971067
30,30,KNN,auto,37,uncalibrated,4.85,0.0,0.0
30,30,KNN,auto,37,uncalibrated,4.86,0.0,0.0
30,30,KNN,auto,37,uncalibrated,4.87,0.0,0.0
30,30,KNN,auto,37,uncalibrated,4.88,0.0,0.0
30,30,KNN,auto,37,uncalibrated,4.9,0.0,0.0
30,30,KNN,auto,37,uncalibrated,4.93,0.0,0.0
30,30,KNN,auto,39,uncalibrated,4.67,0.0,0.0
30,30,KNN,auto,39,uncalibrated,4.7,0.0,0.0
30,30,KNN,auto,39,uncalibrated,4.72,0.0,0.0
30,30,KNN,auto,39,uncalibrated,4.73,1.86383252010318e-05,1.3249473769360904e-05
30,30,KNN,auto,39,uncalibrated,4.74,0.008730434500644504,0.006507342232036675
30,30,KNN,auto,39,uncalibrated,4.75,0.05061551313562208,0.009351960287373949
30,30,KNN,auto,39,uncalibrated,4.76,0.1275208564433978,0.010753522786784367
30,30,KNN,auto,39,uncalibrated,4.77,0.17751458430056058,0.004876992898780659
30,30,KNN,auto,39,uncalibrated,4.78,0.15008947823866137,0.011605531622831275
30,30,KNN,auto,39,uncalibrated,4.79,0.05226652295817231,0.008666447790515895
30,30,KNN,auto,39,uncalibrated,4.81,0.0034056189249644943,0.0032300851747264782
30,30,KNN,auto,39,uncalibrated,4.82,0.0006718793246815656,0.0006635457737253895
30,30,KNN,auto,39,uncalibrated,4.83,1.0762488907756139e-05,6.619740389434421e-06
30,30,KNN,auto,39,uncalibrated,4.84,0.00018041759527544126,0.0001755402944130426
30,30,KNN,auto,39,uncalibrated,4.85,0.0,0.0
30,30,KNN,auto,39,uncalibrated,4.86,0.0,0.0
30,30,KNN,auto,39,uncalibrated,4.87,0.0,0.0
30,30,KNN,auto,39,uncalibrated,4.88,0.0,0.0
30,30,KNN,auto,39,uncalibrated,4.9,0.0,0.0
30,30,KNN,auto,39,uncalibrated,4.93,0.0,0.0
30,30,KNN,auto,41,uncalibrated,4.67,0.0,0.0
30,30,KNN,auto,41,uncalibrated,4.7,0.0,0.0
30,30,KNN,auto,41,uncalibrated,4.72,0.0,0.0
30,30,KNN,auto,41,uncalibrated,4.73,2.1176903845290772e-05,1.2801477682650635e-05
30,30,KNN,auto,41,uncalibrated,4.74,0.008629033003504252,0.006373133275004745
30,30,KNN,auto,41,uncalibrated,4.75,0.05064329454998942,0.009369028430026884
30,30,KNN,auto,41,uncalibrated,4.76,0.127274945543051,0.0107326148755256
30,30,KNN,auto,41,uncalibrated,4.77,0.17695769966861996,0.004852673828211664
30,30,KNN,auto,41,uncalibrated,4.78,0.14982246638820887,0.011814063281718634
30,30,KNN,auto,41,uncalibrated,4.79,0.052478899423767836,0.00868389387704785
30,30,KNN,auto,41,uncalibrated,4.81,0.0034272620396257995,0.0032643195864864604
30,30,KNN,auto,41,uncalibrated,4.82,0.0006079288833079857,0.0006003885317289215
30,30,KNN,auto,41,uncalibrated,4.83,9.738099719629051e-06,5.989663969262212e-06
30,30,KNN,auto,41,uncalibrated,4.84,0.00019082891245074125,0.0001864070687850542
30,30,KNN,auto,41,uncalibrated,4.85,0.0,0.0
30,30,KNN,auto,41,uncalibrated,4.86,0.0,0.0
30,30,KNN,auto,41,uncalibrated,4.87,0.0,0.0
30,30,KNN,auto,41,uncalibrated,4.88,0.0,0.0
30,30,KNN,auto,41,uncalibrated,4.9,0.0,0.0
30,30,KNN,auto,41,uncalibrated,4.93,0.0,0.0
30,30,KNN,auto,43,uncalibrated,4.67,0.0,0.0
30,30,KNN,auto,43,uncalibrated,4.7,0.0,0.0
30,30,KNN,auto,43,uncalibrated,4.72,0.0,0.0
30,30,KNN,auto,43,uncalibrated,4.73,1.9252771965350647e-05,1.1638336389689408e-05
30,30,KNN,auto,43,uncalibrated,4.74,0.008777535260981788,0.006478551679508298
30,30,KNN,auto,43,uncalibrated,4.75,0.05071229898773714,0.009367892518379614
30,30,KNN,auto,43,uncalibrated,4.76,0.1271418767749433,0.010820487551615427
30,30,KNN,auto,43,uncalibrated,4.77,0.17671982508950548,0.004815548427715257
30,30,KNN,auto,43,uncalibrated,4.78,0.1498644860438786,0.011810824653229565
30,30,KNN,auto,43,uncalibrated,4.79,0.05230050286068832,0.008596863803427569
30,30,KNN,auto,43,uncalibrated,4.81,0.0034206679414702677,0.0032688033701935206
30,30,KNN,auto,43,uncalibrated,4.82,0.0006086669301249235,0.0006018093312901025
30,30,KNN,auto,43,uncalibrated,4.83,8.853296716439665e-06,5.445443554532047e-06
30,30,KNN,auto,43,uncalibrated,4.84,0.00017349021191438146,0.00016947013662935436
30,30,KNN,auto,43,uncalibrated,4.85,0.0,0.0
30,30,KNN,auto,43,uncalibrated,4.86,0.0,0.0
30,30,KNN,auto,43,uncalibrated,4.87,0.0,0.0
30,30,KNN,auto,43,uncalibrated,4.88,0.0,0.0
30,30,KNN,auto,43,uncalibrated,4.9,0.0,0.0
30,30,KNN,auto,43,uncalibrated,4.93,0.0,0.0
30,30,KNN,auto,45,uncalibrated,4.67,0.0,0.0
30,30,KNN,auto,45,uncalibrated,4.7,0.0,0.0
30,30,KNN,auto,45,uncalibrated,4.72,0.0,0.0
30,30,KNN,auto,45,uncalibrated,4.73,2.4187521123210306e-05,1.6509897544486237e-05
30,30,KNN,auto,45,uncalibrated,4.74,0.008781223913783245,0.006369376401423126
30,30,KNN,auto,45,uncalibrated,4.75,0.05100352122070222,0.009421278944997044
30,30,KNN,auto,45,uncalibrated,4.76,0.126637636535799,0.01039890807523826
30,30,KNN,auto,45,uncalibrated,4.77,0.17642563255057347,0.005056700893466109
30,30,KNN,auto,45,uncalibrated,4.78,0.14956226507189374,0.011329670093152182
30,30,KNN,auto,45,uncalibrated,4.79,0.05185571694070223,0.008543469589645419
30,30,KNN,auto,45,uncalibrated,4.81,0.003402729554553823,0.003261211256590156
30,30,KNN,auto,45,uncalibrated,4.82,0.0006654667016656299,0.0006592016909836658
30,30,KNN,auto,45,uncalibrated,4.83,8.083825001825362e-06,4.972160559175181e-06
30,30,KNN,auto,45,uncalibrated,4.84,0.00015841155645911084,0.00015474088030996351
30,30,KNN,auto,45,uncalibrated,4.85,0.0,0.0
30,30,KNN,auto,45,uncalibrated,4.86,0.0,0.0
30,30,KNN,auto,45,uncalibrated,4.87,0.0,0.0
30,30,KNN,auto,45,uncalibrated,4.88,0.0,0.0
30,30,KNN,auto,45,uncalibrated,4.9,0.0,0.0
30,30,KNN,auto,45,uncalibrated,4.93,0.0,0.0
30,30,KNN,auto,47,uncalibrated,4.67,0.0,0.0
30,30,KNN,auto,47,uncalibrated,4.7,0.0,0.0
30,30,KNN,auto,47,uncalibrated,4.72,0.0,0.0
30,30,KNN,auto,47,uncalibrated,4.73,3.331510298818875e-05,2.4935004084869288e-05
30,30,KNN,auto,47,uncalibrated,4.74,0.008772353988369798,0.006359727663519322
30,30,KNN,auto,47,uncalibrated,4.75,0.05106136350974678,0.009383539201486126
30,30,KNN,auto,47,uncalibrated,4.76,0.12647739420139603,0.010298225521041373
30,30,KNN,auto,47,uncalibrated,4.77,0.17637680158764227,0.005090570298456362
30,30,KNN,auto,47,uncalibrated,4.78,0.14957827338654545,0.011430846959913574
30,30,KNN,auto,47,uncalibrated,4.79,0.05193884716638975,0.008451696320278035
30,30,KNN,auto,47,uncalibrated,4.81,0.00328055629159009,0.003149206321969497
30,30,KNN,auto,47,uncalibrated,4.82,0.0006100362475658043,0.0006042930847632066
30,30,KNN,auto,47,uncalibrated,4.83,8.028839920985077e-06,5.232670364754546e-06
30,30,KNN,auto,47,uncalibrated,4.84,0.00016788692457429116,0.0001645167286911631
30,30,KNN,auto,47,uncalibrated,4.85,0.0,0.0
30,30,KNN,auto,47,uncalibrated,4.86,0.0,0.0
30,30,KNN,auto,47,uncalibrated,4.87,0.0,0.0
30,30,KNN,auto,47,uncalibrated,4.88,0.0,0.0
30,30,KNN,auto,47,uncalibrated,4.9,0.0,0.0
30,30,KNN,auto,47,uncalibrated,4.93,0.0,0.0
30,30,KNN,auto,49,uncalibrated,4.67,0.0,0.0
30,30,KNN,auto,49,uncalibrated,4.7,0.0,0.0
30,30,KNN,auto,49,uncalibrated,4.72,0.0,0.0
30,30,KNN,auto,49,uncalibrated,4.73,5.0178738523896504e-05,3.68603782788465e-05
30,30,KNN,auto,49,uncalibrated,4.74,0.008825636508160931,0.006381566288338101
30,30,KNN,auto,49,uncalibrated,4.75,0.05120917384107877,0.009382330698496512
30,30,KNN,auto,49,uncalibrated,4.76,0.1265117359900873,0.010379132518413674
30,30,KNN,auto,49,uncalibrated,4.77,0.17556172677864143,0.0049391267285411695
30,30,KNN,auto,49,uncalibrated,4.78,0.14907866114080037,0.011291549110464776
30,30,KNN,auto,49,uncalibrated,4.79,0.052013735404516655,0.008449179521834762
30,30,KNN,auto,49,uncalibrated,4.81,0.003271323080389851,0.00314789369968844
30,30,KNN,auto,49,uncalibrated,4.82,0.000562165903545821,0.000555837482005302
30,30,KNN,auto,49,uncalibrated,4.83,7.386800243838363e-06,4.814231085273983e-06
30,30,KNN,auto,49,uncalibrated,4.84,0.00020081281587332387,0.000197705064961667
30,30,KNN,auto,49,uncalibrated,4.85,0.0,0.0
30,30,KNN,auto,49,uncalibrated,4.86,0.0,0.0
30,30,KNN,auto,49,uncalibrated,4.87,0.0,0.0
30,30,KNN,auto,49,uncalibrated,4.88,0.0,0.0
30,30,KNN,auto,49,uncalibrated,4.9,0.0,0.0
30,30,KNN,auto,49,uncalibrated,4.93,0.0,0.0
30,30,KNN,auto,51,uncalibrated,4.67,0.0,0.0
30,30,KNN,auto,51,uncalibrated,4.7,0.0,0.0
30,30,KNN,auto,51,uncalibrated,4.72,0.0,0.0
30,30,KNN,auto,51,uncalibrated,4.73,4.752675948973365e-05,3.3980221044215575e-05
30,30,KNN,auto,51,uncalibrated,4.74,0.008849350913225217,0.006406559782331118
30,30,KNN,auto,51,uncalibrated,4.75,0.051382020539987326,0.00942070499315481
30,30,KNN,auto,51,uncalibrated,4.76,0.12640379215953182,0.010270382254436229
30,30,KNN,auto,51,uncalibrated,4.77,0.17538974985121025,0.004911313426342532
30,30,KNN,auto,51,uncalibrated,4.78,0.1486449940786822,0.01141090662479885
30,30,KNN,auto,51,uncalibrated,4.79,0.051932123452978055,0.00834939310194175
30,30,KNN,auto,51,uncalibrated,4.81,0.003257171188654394,0.0031414175771808887
30,30,KNN,auto,51,uncalibrated,4.82,0.0005645504291939716,0.000558707543528662
30,30,KNN,auto,51,uncalibrated,4.83,6.818803300828782e-06,4.444047995287509e-06
30,30,KNN,auto,51,uncalibrated,4.84,0.00020890507915577412,0.00020603388674603052
30,30,KNN,auto,51,uncalibrated,4.85,0.0,0.0
30,30,KNN,auto,51,uncalibrated,4.86,0.0,0.0
30,30,KNN,auto,51,uncalibrated,4.87,0.0,0.0
30,30,KNN,auto,51,uncalibrated,4.88,0.0,0.0
30,30,KNN,auto,51,uncalibrated,4.9,0.0,0.0
30,30,KNN,auto,51,uncalibrated,4.93,0.0,0.0
30,30,KNN,auto,61,uncalibrated,4.67,0.0,0.0
30,30,KNN,auto,61,uncalibrated,4.7,0.0,0.0
30,30,KNN,auto,61,uncalibrated,4.72,0.0,0.0
30,30,KNN,auto,61,uncalibrated,4.73,3.670550873814812e-05,2.388748228128381e-05
30,30,KNN,auto,61,uncalibrated,4.74,0.009111381549947756,0.006363636305783272
30,30,KNN,auto,61,uncalibrated,4.75,0.051596136685889665,0.009316959858943001
30,30,KNN,auto,61,uncalibrated,4.76,0.1267470905777932,0.010055599864926861
30,30,KNN,auto,61,uncalibrated,4.77,0.1740767689458439,0.004992137449409303
30,30,KNN,auto,61,uncalibrated,4.78,0.14756256301183465,0.011097243602501833
30,30,KNN,auto,61,uncalibrated,4.79,0.05094783034830886,0.008072492244074077
30,30,KNN,auto,61,uncalibrated,4.81,0.00305290496748586,0.002963025005417383
30,30,KNN,auto,61,uncalibrated,4.82,0.00042786388156515156,0.0004237790210913211
30,30,KNN,auto,61,uncalibrated,4.83,4.7663819901789636e-06,3.1064146293315876e-06
30,30,KNN,auto,61,uncalibrated,4.84,0.000163473051866613,0.00016146467176390524
30,30,KNN,auto,61,uncalibrated,4.85,0.0,0.0
30,30,KNN,auto,61,uncalibrated,4.86,0.0,0.0
30,30,KNN,auto,61,uncalibrated,4.87,0.0,0.0
30,30,KNN,auto,61,uncalibrated,4.88,0.0,0.0
30,30,KNN,auto,61,uncalibrated,4.9,0.0,0.0
30,30,KNN,auto,61,uncalibrated,4.93,0.0,0.0
30,30,KNN,auto,81,uncalibrated,4.67,0.0,0.0
30,30,KNN,auto,81,uncalibrated,4.7,0.0,0.0
30,30,KNN,auto,81,uncalibrated,4.72,0.0,0.0
30,30,KNN,auto,81,uncalibrated,4.73,4.792711884673736e-05,2.9715496107814358e-05
30,30,KNN,auto,81,uncalibrated,4.74,0.008948815987788523,0.006015184987041047
30,30,KNN,auto,81,uncalibrated,4.75,0.051099167399350734,0.009127951999644224
30,30,KNN,auto,81,uncalibrated,4.76,0.1260704091391843,0.009802299752359446
30,30,KNN,auto,81,uncalibrated,4.77,0.17130526238577187,0.0049917375822830685
30,30,KNN,auto,81,uncalibrated,4.78,0.14622658183669482,0.010963712074880588
30,30,KNN,auto,81,uncalibrated,4.79,0.050454486314269124,0.007799714711980715
30,30,KNN,auto,81,uncalibrated,4.81,0.003197206497154648,0.003109507685050572
30,30,KNN,auto,81,uncalibrated,4.82,0.0003487815049414541,0.00034608335501868276
30,30,KNN,auto,81,uncalibrated,4.83,5.4110291555742675e-06,3.6260814705382194e-06
30,30,KNN,auto,81,uncalibrated,4.84,0.0002086019293537967,0.0002060391096136802
30,30,KNN,auto,81,uncalibrated,4.85,0.0,0.0
30,30,KNN,auto,81,uncalibrated,4.86,0.0,0.0
30,30,KNN,auto,81,uncalibrated,4.87,0.0,0.0
30,30,KNN,auto,81,uncalibrated,4.88,0.0,0.0
30,30,KNN,auto,81,uncalibrated,4.9,0.0,0.0
30,30,KNN,auto,81,uncalibrated,4.93,0.0,0.0
30,30,KNN,auto,101,uncalibrated,4.67,0.0,0.0
30,30,KNN,auto,101,uncalibrated,4.7,0.0,0.0
30,30,KNN,auto,101,uncalibrated,4.72,2.8832236747262383e-07,2.8832236747262383e-07
30,30,KNN,auto,101,uncalibrated,4.73,5.394442092854426e-05,3.551713643161259e-05
30,30,KNN,auto,101,uncalibrated,4.74,0.009113817549983302,0.006271912303639309
30,30,KNN,auto,101,uncalibrated,4.75,0.05082055793403724,0.008993424836689018
30,30,KNN,auto,101,uncalibrated,4.76,0.12574692115250308,0.009678035839256678
30,30,KNN,auto,101,uncalibrated,4.77,0.16972102569231942,0.005002735048129478
30,30,KNN,auto,101,uncalibrated,4.78,0.1452206172063873,0.011163203189014172
30,30,KNN,auto,101,uncalibrated,4.79,0.049259667105519746,0.007845554043128212
30,30,KNN,auto,101,uncalibrated,4.81,0.003080680241550648,0.003002573458474858
30,30,KNN,auto,101,uncalibrated,4.82,0.0003779979887731884,0.00037626212392300693
30,30,KNN,auto,101,uncalibrated,4.83,4.810863903920397e-06,2.9040381049513148e-06
30,30,KNN,auto,101,uncalibrated,4.84,0.0001878092802507142,0.00018615825639257697
30,30,KNN,auto,101,uncalibrated,4.85,0.0,0.0
30,30,KNN,auto,101,uncalibrated,4.86,0.0,0.0
30,30,KNN,auto,101,uncalibrated,4.87,0.0,0.0
30,30,KNN,auto,101,uncalibrated,4.88,0.0,0.0
30,30,KNN,auto,101,uncalibrated,4.9,0.0,0.0
30,30,KNN,auto,101,uncalibrated,4.93,0.0,0.0
30,30,KNN,auto,151,uncalibrated,4.67,0.0,0.0
30,30,KNN,auto,151,uncalibrated,4.7,0.0,0.0
30,30,KNN,auto,151,uncalibrated,4.72,2.5721878320686594e-07,1.8025238336296223e-07
30,30,KNN,auto,151,uncalibrated,4.73,8.433942045082915e-05,4.737575673863209e-05
30,30,KNN,auto,151,uncalibrated,4.74,0.009563376618389123,0.006068736178727991
30,30,KNN,auto,151,uncalibrated,4.75,0.05089072571917824,0.008848007721114664
30,30,KNN,auto,151,uncalibrated,4.76,0.12388654081917923,0.009479091679991926
30,30,KNN,auto,151,uncalibrated,4.77,0.16592592705170683,0.005074270564037423
30,30,KNN,auto,151,uncalibrated,4.78,0.14237892124843005,0.011278143722684111
30,30,KNN,auto,151,uncalibrated,4.79,0.0478895201316957,0.0078104946477317696
30,30,KNN,auto,151,uncalibrated,4.81,0.0031244469424434747,0.0030385354043564214
30,30,KNN,auto,151,uncalibrated,4.82,0.000399898868372654,0.00039845761671654254
30,30,KNN,auto,151,uncalibrated,4.83,3.797562593685584e-06,2.7144578195046533e-06
30,30,KNN,auto,151,uncalibrated,4.84,0.0002073656643706106,0.00020328425458354272
30,30,KNN,auto,151,uncalibrated,4.85,0.0,0.0
30,30,KNN,auto,151,uncalibrated,4.86,0.0,0.0
30,30,KNN,auto,151,uncalibrated,4.87,0.0,0.0
30,30,KNN,auto,151,uncalibrated,4.88,0.0,0.0
30,30,KNN,auto,151,uncalibrated,4.9,0.0,0.0
30,30,KNN,auto,151,uncalibrated,4.93,0.0,0.0
30,30,KNN,auto,201,uncalibrated,4.67,0.0,0.0
30,30,KNN,auto,201,uncalibrated,4.7,0.0,0.0
30,30,KNN,auto,201,uncalibrated,4.72,1.4516584925868704e-07,1.0172853625056065e-07
30,30,KNN,auto,201,uncalibrated,4.73,9.964704473570215e-05,5.618995211607632e-05
30,30,KNN,auto,201,uncalibrated,4.74,0.009738515141115345,0.0062063967850876575
30,30,KNN,auto,201,uncalibrated,4.75,0.05041815570967576,0.008698644893119861
30,30,KNN,auto,201,uncalibrated,4.76,0.12190971196138996,0.009374966167925125
30,30,KNN,auto,201,uncalibrated,4.77,0.16255840467844995,0.005165057509572588
30,30,KNN,auto,201,uncalibrated,4.78,0.1403368939881998,0.011407758688809944
30,30,KNN,auto,201,uncalibrated,4.79,0.04755405948792085,0.007845072126304368
30,30,KNN,auto,201,uncalibrated,4.81,0.003192308303201117,0.003087581297454991
30,30,KNN,auto,201,uncalibrated,4.82,0.00038135777427116083,0.0003800443213370886
30,30,KNN,auto,201,uncalibrated,4.83,6.42993685378917e-06,4.7915290987760085e-06
30,30,KNN,auto,201,uncalibrated,4.84,0.0002097914288115565,0.0002060108846513965
30,30,KNN,auto,201,uncalibrated,4.85,0.0,0.0
30,30,KNN,auto,201,uncalibrated,4.86,0.0,0.0
30,30,KNN,auto,201,uncalibrated,4.87,0.0,0.0
30,30,KNN,auto,201,uncalibrated,4.88,0.0,0.0
30,30,KNN,auto,201,uncalibrated,4.9,0.0,0.0
30,30,KNN,auto,201,uncalibrated,4.93,0.0,0.0
30,30,KNN,kd_tree,1,uncalibrated,4.67,0.0,0.0
30,30,KNN,kd_tree,1,uncalibrated,4.7,0.0,0.0
30,30,KNN,kd_tree,1,uncalibrated,4.72,0.0,0.0
30,30,KNN,kd_tree,1,uncalibrated,4.73,0.0,0.0
30,30,KNN,kd_tree,1,uncalibrated,4.74,0.0097090835552959,0.009566658773383852
30,30,KNN,kd_tree,1,uncalibrated,4.75,0.04953466782709718,0.011541661154778143
30,30,KNN,kd_tree,1,uncalibrated,4.76,0.15389588670804052,0.0171322690959972
30,30,KNN,kd_tree,1,uncalibrated,4.77,0.24409872365379578,0.0036091714440505034
30,30,KNN,kd_tree,1,uncalibrated,4.78,0.2184059935641467,0.008098359031032032
30,30,KNN,kd_tree,1,uncalibrated,4.79,0.10962114146124412,0.011825709368878142
30,30,KNN,kd_tree,1,uncalibrated,4.81,0.007662962407000121,0.007596585952940913
30,30,KNN,kd_tree,1,uncalibrated,4.82,0.0,0.0
30,30,KNN,kd_tree,1,uncalibrated,4.83,0.0023529411764706245,0.002352941176470588
30,30,KNN,kd_tree,1,uncalibrated,4.84,0.0,0.0
30,30,KNN,kd_tree,1,uncalibrated,4.85,0.0,0.0
30,30,KNN,kd_tree,1,uncalibrated,4.86,0.0,0.0
30,30,KNN,kd_tree,1,uncalibrated,4.87,0.0,0.0
30,30,KNN,kd_tree,1,uncalibrated,4.88,0.0,0.0
30,30,KNN,kd_tree,1,uncalibrated,4.9,0.0,0.0
30,30,KNN,kd_tree,1,uncalibrated,4.93,0.0,0.0
30,30,KNN,kd_tree,3,uncalibrated,4.67,0.0,0.0
30,30,KNN,kd_tree,3,uncalibrated,4.7,0.0,0.0
30,30,KNN,kd_tree,3,uncalibrated,4.72,0.0,0.0
30,30,KNN,kd_tree,3,uncalibrated,4.73,0.0,0.0
30,30,KNN,kd_tree,3,uncalibrated,4.74,0.007742443013922968,0.005029336701134003
30,30,KNN,kd_tree,3,uncalibrated,4.75,0.04356883935427878,0.009396813367692282
30,30,KNN,kd_tree,3,uncalibrated,4.76,0.13498492320457817,0.013351243228824465
30,30,KNN,kd_tree,3,uncalibrated,4.77,0.2007065712432119,0.00785494698538175
30,30,KNN,kd_tree,3,uncalibrated,4.78,0.17051768655769706,0.008787246286964208
30,30,KNN,kd_tree,3,uncalibrated,4.79,0.07320487290625403,0.011768240158305432
30,30,KNN,kd_tree,3,uncalibrated,4.81,0.005725336859532216,0.005648822464651191
30,30,KNN,kd_tree,3,uncalibrated,4.82,0.001400054915869635,0.0011506431467034279
30,30,KNN,kd_tree,3,uncalibrated,4.83,0.0002614379084967276,0.00026143790849673216
30,30,KNN,kd_tree,3,uncalibrated,4.84,0.00020614306328592047,0.0002061430632859205
30,30,KNN,kd_tree,3,uncalibrated,4.85,0.0,0.0
30,30,KNN,kd_tree,3,uncalibrated,4.86,0.0,0.0
30,30,KNN,kd_tree,3,uncalibrated,4.87,0.0,0.0
30,30,KNN,kd_tree,3,uncalibrated,4.88,0.0,0.0
30,30,KNN,kd_tree,3,uncalibrated,4.9,0.0,0.0
30,30,KNN,kd_tree,3,uncalibrated,4.93,0.0,0.0
30,30,KNN,kd_tree,5,uncalibrated,4.67,0.0,0.0
30,30,KNN,kd_tree,5,uncalibrated,4.7,0.0,0.0
30,30,KNN,kd_tree,5,uncalibrated,4.72,0.0,0.0
30,30,KNN,kd_tree,5,uncalibrated,4.73,0.0,0.0
30,30,KNN,kd_tree,5,uncalibrated,4.74,0.008561830043217162,0.006920672507695952
30,30,KNN,kd_tree,5,uncalibrated,4.75,0.04431261976463072,0.00907058445029991
30,30,KNN,kd_tree,5,uncalibrated,4.76,0.13094834312077566,0.01227499502893223
30,30,KNN,kd_tree,5,uncalibrated,4.77,0.1920934000138,0.007229813664596241
30,30,KNN,kd_tree,5,uncalibrated,4.78,0.1604992633988716,0.009678004339628564
30,30,KNN,kd_tree,5,uncalibrated,4.79,0.06216541303663367,0.009287284357001203
30,30,KNN,kd_tree,5,uncalibrated,4.81,0.004503909625228156,0.0044552660056740075
30,30,KNN,kd_tree,5,uncalibrated,4.82,0.0005040197697130725,0.00041423153281323433
30,30,KNN,kd_tree,5,uncalibrated,4.83,9.411764705880631e-05,9.411764705882358e-05
30,30,KNN,kd_tree,5,uncalibrated,4.84,7.421150278293132e-05,7.421150278293133e-05
30,30,KNN,kd_tree,5,uncalibrated,4.85,0.0,0.0
30,30,KNN,kd_tree,5,uncalibrated,4.86,0.0,0.0
30,30,KNN,kd_tree,5,uncalibrated,4.87,0.0,0.0
30,30,KNN,kd_tree,5,uncalibrated,4.88,0.0,0.0
30,30,KNN,kd_tree,5,uncalibrated,4.9,0.0,0.0
30,30,KNN,kd_tree,5,uncalibrated,4.93,0.0,0.0
30,30,KNN,kd_tree,7,uncalibrated,4.67,0.0,0.0
30,30,KNN,kd_tree,7,uncalibrated,4.7,0.0,0.0
30,30,KNN,kd_tree,7,uncalibrated,4.72,0.0,0.0
30,30,KNN,kd_tree,7,uncalibrated,4.73,0.0,0.0
30,30,KNN,kd_tree,7,uncalibrated,4.74,0.009068959248496452,0.007560395695100205
30,30,KNN,kd_tree,7,uncalibrated,4.75,0.044608697606246146,0.009245802966648665
30,30,KNN,kd_tree,7,uncalibrated,4.76,0.12859713659162025,0.012065724013820915
30,30,KNN,kd_tree,7,uncalibrated,4.77,0.19008195842803688,0.006813860496203014
30,30,KNN,kd_tree,7,uncalibrated,4.78,0.15812730210104992,0.009309494464113874
30,30,KNN,kd_tree,7,uncalibrated,4.79,0.06094425154757254,0.008847281034261967
30,30,KNN,kd_tree,7,uncalibrated,4.81,0.00388852989502868,0.0037657600550091066
30,30,KNN,kd_tree,7,uncalibrated,4.82,0.0005843395159578251,0.0005289732020377464
30,30,KNN,kd_tree,7,uncalibrated,4.83,4.801920768307441e-05,4.801920768307324e-05
30,30,KNN,kd_tree,7,uncalibrated,4.84,0.00015145204649577695,0.00015145204649577828
30,30,KNN,kd_tree,7,uncalibrated,4.85,0.0,0.0
30,30,KNN,kd_tree,7,uncalibrated,4.86,0.0,0.0
30,30,KNN,kd_tree,7,uncalibrated,4.87,0.0,0.0
30,30,KNN,kd_tree,7,uncalibrated,4.88,0.0,0.0
30,30,KNN,kd_tree,7,uncalibrated,4.9,0.0,0.0
30,30,KNN,kd_tree,7,uncalibrated,4.93,0.0,0.0
30,30,KNN,kd_tree,9,uncalibrated,4.67,0.0,0.0
30,30,KNN,kd_tree,9,uncalibrated,4.7,0.0,0.0
30,30,KNN,kd_tree,9,uncalibrated,4.72,0.0,0.0
30,30,KNN,kd_tree,9,uncalibrated,4.73,0.0,0.0
30,30,KNN,kd_tree,9,uncalibrated,4.74,0.009371565160308648,0.007700920590651429
30,30,KNN,kd_tree,9,uncalibrated,4.75,0.047122614091172146,0.009451664625049913
30,30,KNN,kd_tree,9,uncalibrated,4.76,0.12697502216513315,0.011150278836479227
30,30,KNN,kd_tree,9,uncalibrated,4.77,0.18746878092555946,0.00721314827595021
30,30,KNN,kd_tree,9,uncalibrated,4.78,0.15785755039122168,0.010828296916163008
30,30,KNN,kd_tree,9,uncalibrated,4.79,0.05968649669082243,0.008570530979526259
30,30,KNN,kd_tree,9,uncalibrated,4.81,0.004230896141631392,0.003997514326743267
30,30,KNN,kd_tree,9,uncalibrated,4.82,0.0005293550143508851,0.0004988014249517348
30,30,KNN,kd_tree,9,uncalibrated,4.83,5.795898294906975e-05,4.064082206328057e-05
30,30,KNN,kd_tree,9,uncalibrated,4.84,9.16191392381862e-05,9.161913923818686e-05
30,30,KNN,kd_tree,9,uncalibrated,4.85,0.0,0.0
30,30,KNN,kd_tree,9,uncalibrated,4.86,0.0,0.0
30,30,KNN,kd_tree,9,uncalibrated,4.87,0.0,0.0
30,30,KNN,kd_tree,9,uncalibrated,4.88,0.0,0.0
30,30,KNN,kd_tree,9,uncalibrated,4.9,0.0,0.0
30,30,KNN,kd_tree,9,uncalibrated,4.93,0.0,0.0
30,30,KNN,kd_tree,11,uncalibrated,4.67,0.0,0.0
30,30,KNN,kd_tree,11,uncalibrated,4.7,0.0,0.0
30,30,KNN,kd_tree,11,uncalibrated,4.72,0.0,0.0
30,30,KNN,kd_tree,11,uncalibrated,4.73,0.0,0.0
30,30,KNN,kd_tree,11,uncalibrated,4.74,0.008580044132578905,0.007150531426681515
30,30,KNN,kd_tree,11,uncalibrated,4.75,0.04818589283285742,0.009592365766449066
30,30,KNN,kd_tree,11,uncalibrated,4.76,0.12595987501043457,0.010722163865129654
30,30,KNN,kd_tree,11,uncalibrated,4.77,0.1855599257715297,0.006353821050191888
30,30,KNN,kd_tree,11,uncalibrated,4.78,0.15644607037538652,0.01031674677547631
30,30,KNN,kd_tree,11,uncalibrated,4.79,0.05714373517348394,0.008573860783488247
30,30,KNN,kd_tree,11,uncalibrated,4.81,0.004296922794268126,0.004113075525408914
30,30,KNN,kd_tree,11,uncalibrated,4.82,0.00035436162117702863,0.00033390839190983906
30,30,KNN,kd_tree,11,uncalibrated,4.83,9.704377201834746e-05,7.972921280357075e-05
30,30,KNN,kd_tree,11,uncalibrated,4.84,0.00013799659608396323,0.00013799659608396323
30,30,KNN,kd_tree,11,uncalibrated,4.85,0.0,0.0
30,30,KNN,kd_tree,11,uncalibrated,4.86,0.0,0.0
30,30,KNN,kd_tree,11,uncalibrated,4.87,0.0,0.0
30,30,KNN,kd_tree,11,uncalibrated,4.88,0.0,0.0
30,30,KNN,kd_tree,11,uncalibrated,4.9,0.0,0.0
30,30,KNN,kd_tree,11,uncalibrated,4.93,0.0,0.0
30,30,KNN,kd_tree,13,uncalibrated,4.67,0.0,0.0
30,30,KNN,kd_tree,13,uncalibrated,4.7,0.0,0.0
30,30,KNN,kd_tree,13,uncalibrated,4.72,0.0,0.0
30,30,KNN,kd_tree,13,uncalibrated,4.73,0.0,0.0
30,30,KNN,kd_tree,13,uncalibrated,4.74,0.008664052866046625,0.007077051984973806
30,30,KNN,kd_tree,13,uncalibrated,4.75,0.048366946138738084,0.009674152639030785
30,30,KNN,kd_tree,13,uncalibrated,4.76,0.1259108387587821,0.010893730320502363
30,30,KNN,kd_tree,13,uncalibrated,4.77,0.18425231836675626,0.005839422561830579
30,30,KNN,kd_tree,13,uncalibrated,4.78,0.1547519384800285,0.010860763123798203
30,30,KNN,kd_tree,13,uncalibrated,4.79,0.05771755980851211,0.008653063806175232
30,30,KNN,kd_tree,13,uncalibrated,4.81,0.004069212547730884,0.003921626145085761
30,30,KNN,kd_tree,13,uncalibrated,4.82,0.00038811919939630245,0.0003733113578224524
30,30,KNN,kd_tree,13,uncalibrated,4.83,6.948104387112464e-05,5.708422928539679e-05
30,30,KNN,kd_tree,13,uncalibrated,4.84,9.880229660449568e-05,9.880229660449435e-05
30,30,KNN,kd_tree,13,uncalibrated,4.85,0.0,0.0
30,30,KNN,kd_tree,13,uncalibrated,4.86,0.0,0.0
30,30,KNN,kd_tree,13,uncalibrated,4.87,0.0,0.0
30,30,KNN,kd_tree,13,uncalibrated,4.88,0.0,0.0
30,30,KNN,kd_tree,13,uncalibrated,4.9,0.0,0.0
30,30,KNN,kd_tree,13,uncalibrated,4.93,0.0,0.0
30,30,KNN,kd_tree,15,uncalibrated,4.67,0.0,0.0
30,30,KNN,kd_tree,15,uncalibrated,4.7,0.0,0.0
30,30,KNN,kd_tree,15,uncalibrated,4.72,0.0,0.0
30,30,KNN,kd_tree,15,uncalibrated,4.73,0.0,0.0
30,30,KNN,kd_tree,15,uncalibrated,4.74,0.008280668236488903,0.006267056068618938
30,30,KNN,kd_tree,15,uncalibrated,4.75,0.048970701900717145,0.009575894876623853
30,30,KNN,kd_tree,15,uncalibrated,4.76,0.12656590922303854,0.011247211884479033
30,30,KNN,kd_tree,15,uncalibrated,4.77,0.18353962853460387,0.0051405985257510205
30,30,KNN,kd_tree,15,uncalibrated,4.78,0.15478989340621618,0.011267356268402293
30,30,KNN,kd_tree,15,uncalibrated,4.79,0.05903534508908045,0.008521523087559255
30,30,KNN,kd_tree,15,uncalibrated,4.81,0.00412101429455297,0.003980352204446263
30,30,KNN,kd_tree,15,uncalibrated,4.82,0.00041492017015128184,0.0004037315263835095
30,30,KNN,kd_tree,15,uncalibrated,4.83,6.249610394885205e-05,4.3847763510422396e-05
30,30,KNN,kd_tree,15,uncalibrated,4.84,0.00013193156050299044,0.00013193156050298908
30,30,KNN,kd_tree,15,uncalibrated,4.85,0.0,0.0
30,30,KNN,kd_tree,15,uncalibrated,4.86,0.0,0.0
30,30,KNN,kd_tree,15,uncalibrated,4.87,0.0,0.0
30,30,KNN,kd_tree,15,uncalibrated,4.88,0.0,0.0
30,30,KNN,kd_tree,15,uncalibrated,4.9,0.0,0.0
30,30,KNN,kd_tree,15,uncalibrated,4.93,0.0,0.0
30,30,KNN,kd_tree,17,uncalibrated,4.67,0.0,0.0
30,30,KNN,kd_tree,17,uncalibrated,4.7,0.0,0.0
30,30,KNN,kd_tree,17,uncalibrated,4.72,0.0,0.0
30,30,KNN,kd_tree,17,uncalibrated,4.73,2.322180422491016e-05,1.6280168805355138e-05
30,30,KNN,kd_tree,17,uncalibrated,4.74,0.008172983993258566,0.006576401924868511
30,30,KNN,kd_tree,17,uncalibrated,4.75,0.04912912493095152,0.009532465494161134
30,30,KNN,kd_tree,17,uncalibrated,4.76,0.12709068347305535,0.011068051636324355
30,30,KNN,kd_tree,17,uncalibrated,4.77,0.18280270446755276,0.005545689404733126
30,30,KNN,kd_tree,17,uncalibrated,4.78,0.15465938591704778,0.010737140044302235
30,30,KNN,kd_tree,17,uncalibrated,4.79,0.05606074342208939,0.008391398185793262
30,30,KNN,kd_tree,17,uncalibrated,4.81,0.004148982293957712,0.003964599842589953
30,30,KNN,kd_tree,17,uncalibrated,4.82,0.0004365828267148773,0.0004278411190432218
30,30,KNN,kd_tree,17,uncalibrated,4.83,4.86561362923571e-05,3.4137532144792616e-05
30,30,KNN,kd_tree,17,uncalibrated,4.84,0.000160492004288345,0.0001604920042883463
30,30,KNN,kd_tree,17,uncalibrated,4.85,0.0,0.0
30,30,KNN,kd_tree,17,uncalibrated,4.86,0.0,0.0
30,30,KNN,kd_tree,17,uncalibrated,4.87,0.0,0.0
30,30,KNN,kd_tree,17,uncalibrated,4.88,0.0,0.0
30,30,KNN,kd_tree,17,uncalibrated,4.9,0.0,0.0
30,30,KNN,kd_tree,17,uncalibrated,4.93,0.0,0.0
30,30,KNN,kd_tree,19,uncalibrated,4.67,0.0,0.0
30,30,KNN,kd_tree,19,uncalibrated,4.7,0.0,0.0
30,30,KNN,kd_tree,19,uncalibrated,4.72,0.0,0.0
30,30,KNN,kd_tree,19,uncalibrated,4.73,1.8590308645426775e-05,1.3033154528386777e-05
30,30,KNN,kd_tree,19,uncalibrated,4.74,0.00864042735299607,0.006544821492643834
30,30,KNN,kd_tree,19,uncalibrated,4.75,0.04940068452609033,0.009417266771521642
30,30,KNN,kd_tree,19,uncalibrated,4.76,0.12779331119925522,0.01129963471017705
30,30,KNN,kd_tree,19,uncalibrated,4.77,0.18172492711597,0.005433841238915457
30,30,KNN,kd_tree,19,uncalibrated,4.78,0.15480302257947715,0.010265707426120735
30,30,KNN,kd_tree,19,uncalibrated,4.79,0.05547481826600569,0.008302564653061343
30,30,KNN,kd_tree,19,uncalibrated,4.81,0.004123757480692949,0.003961046268432889
30,30,KNN,kd_tree,19,uncalibrated,4.82,0.0004610737822921455,0.00044708009530064865
30,30,KNN,kd_tree,19,uncalibrated,4.83,3.895186534208503e-05,2.7328938476025072e-05
30,30,KNN,kd_tree,19,uncalibrated,4.84,0.00018501482688265303,0.00018501482688265434
30,30,KNN,kd_tree,19,uncalibrated,4.85,0.0,0.0
30,30,KNN,kd_tree,19,uncalibrated,4.86,0.0,0.0
30,30,KNN,kd_tree,19,uncalibrated,4.87,0.0,0.0
30,30,KNN,kd_tree,19,uncalibrated,4.88,0.0,0.0
30,30,KNN,kd_tree,19,uncalibrated,4.9,0.0,0.0
30,30,KNN,kd_tree,19,uncalibrated,4.93,0.0,0.0
30,30,KNN,kd_tree,21,uncalibrated,4.67,0.0,0.0
30,30,KNN,kd_tree,21,uncalibrated,4.7,0.0,0.0
30,30,KNN,kd_tree,21,uncalibrated,4.72,0.0,0.0
30,30,KNN,kd_tree,21,uncalibrated,4.73,2.309570774632141e-05,1.3021319297103056e-05
30,30,KNN,kd_tree,21,uncalibrated,4.74,0.00824744640895433,0.006296557615863462
30,30,KNN,kd_tree,21,uncalibrated,4.75,0.049826592752353786,0.009423291765529395
30,30,KNN,kd_tree,21,uncalibrated,4.76,0.12727678002744136,0.011662788980000264
30,30,KNN,kd_tree,21,uncalibrated,4.77,0.18079772294117696,0.005221654664759782
30,30,KNN,kd_tree,21,uncalibrated,4.78,0.15401071309156156,0.0102794717967815
30,30,KNN,kd_tree,21,uncalibrated,4.79,0.05417613020482596,0.008158685272072178
30,30,KNN,kd_tree,21,uncalibrated,4.81,0.003965774103778668,0.003820325474520188
30,30,KNN,kd_tree,21,uncalibrated,4.82,0.0004747191835676146,0.00046324685509845694
30,30,KNN,kd_tree,21,uncalibrated,4.83,3.188576732084265e-05,2.2371307913480845e-05
30,30,KNN,kd_tree,21,uncalibrated,4.84,0.00020614306328592047,0.0002061430632859205
30,30,KNN,kd_tree,21,uncalibrated,4.85,0.0,0.0
30,30,KNN,kd_tree,21,uncalibrated,4.86,0.0,0.0
30,30,KNN,kd_tree,21,uncalibrated,4.87,0.0,0.0
30,30,KNN,kd_tree,21,uncalibrated,4.88,0.0,0.0
30,30,KNN,kd_tree,21,uncalibrated,4.9,0.0,0.0
30,30,KNN,kd_tree,21,uncalibrated,4.93,0.0,0.0
30,30,KNN,kd_tree,23,uncalibrated,4.67,0.0,0.0
30,30,KNN,kd_tree,23,uncalibrated,4.7,0.0,0.0
30,30,KNN,kd_tree,23,uncalibrated,4.72,0.0,0.0
30,30,KNN,kd_tree,23,uncalibrated,4.73,1.9253699652415366e-05,1.0855201909305197e-05
30,30,KNN,kd_tree,23,uncalibrated,4.74,0.008346259750680152,0.006369744942517057
30,30,KNN,kd_tree,23,uncalibrated,4.75,0.0502854621889787,0.009449918159560916
30,30,KNN,kd_tree,23,uncalibrated,4.76,0.12726904519903176,0.01167409999035046
30,30,KNN,kd_tree,23,uncalibrated,4.77,0.18050573131132322,0.005414636583842189
30,30,KNN,kd_tree,23,uncalibrated,4.78,0.153247673418476,0.010846909799198345
30,30,KNN,kd_tree,23,uncalibrated,4.79,0.05380512926927421,0.008120901183765402
30,30,KNN,kd_tree,23,uncalibrated,4.81,0.004006682728369329,0.003828653214050127
30,30,KNN,kd_tree,23,uncalibrated,4.82,0.0004863992241014853,0.00047682525764386485
30,30,KNN,kd_tree,23,uncalibrated,4.83,2.658151869280082e-05,1.8649804895737372e-05
30,30,KNN,kd_tree,23,uncalibrated,4.84,0.00017185083347654858,0.0001718508334765424
30,30,KNN,kd_tree,23,uncalibrated,4.85,0.0,0.0
30,30,KNN,kd_tree,23,uncalibrated,4.86,0.0,0.0
30,30,KNN,kd_tree,23,uncalibrated,4.87,0.0,0.0
30,30,KNN,kd_tree,23,uncalibrated,4.88,0.0,0.0
30,30,KNN,kd_tree,23,uncalibrated,4.9,0.0,0.0
30,30,KNN,kd_tree,23,uncalibrated,4.93,0.0,0.0
30,30,KNN,kd_tree,25,uncalibrated,4.67,0.0,0.0
30,30,KNN,kd_tree,25,uncalibrated,4.7,0.0,0.0
30,30,KNN,kd_tree,25,uncalibrated,4.72,0.0,0.0
30,30,KNN,kd_tree,25,uncalibrated,4.73,1.6296331385804303e-05,9.187842896035926e-06
30,30,KNN,kd_tree,25,uncalibrated,4.74,0.008690950368535651,0.00665498460809851
30,30,KNN,kd_tree,25,uncalibrated,4.75,0.050651905283914445,0.009393171868974417
30,30,KNN,kd_tree,25,uncalibrated,4.76,0.1275378426681152,0.011407123585034328
30,30,KNN,kd_tree,25,uncalibrated,4.77,0.1801691199054201,0.005416306024772932
30,30,KNN,kd_tree,25,uncalibrated,4.78,0.15215041634274096,0.011295955369595545
30,30,KNN,kd_tree,25,uncalibrated,4.79,0.05487579685337979,0.008322676966535242
30,30,KNN,kd_tree,25,uncalibrated,4.81,0.0038914690743312246,0.0037361410897604635
30,30,KNN,kd_tree,25,uncalibrated,4.82,0.0005893836222302363,0.0005812694186403891
30,30,KNN,kd_tree,25,uncalibrated,4.83,2.249859742158616e-05,1.578519486375208e-05
30,30,KNN,kd_tree,25,uncalibrated,4.84,0.00014545454545454136,0.0001454545454545455
30,30,KNN,kd_tree,25,uncalibrated,4.85,0.0,0.0
30,30,KNN,kd_tree,25,uncalibrated,4.86,0.0,0.0
30,30,KNN,kd_tree,25,uncalibrated,4.87,0.0,0.0
30,30,KNN,kd_tree,25,uncalibrated,4.88,0.0,0.0
30,30,KNN,kd_tree,25,uncalibrated,4.9,0.0,0.0
30,30,KNN,kd_tree,25,uncalibrated,4.93,0.0,0.0
30,30,KNN,kd_tree,27,uncalibrated,4.67,0.0,0.0
30,30,KNN,kd_tree,27,uncalibrated,4.7,0.0,0.0
30,30,KNN,kd_tree,27,uncalibrated,4.72,0.0,0.0
30,30,KNN,kd_tree,27,uncalibrated,4.73,1.3971477525552323e-05,7.877094389605558e-06
30,30,KNN,kd_tree,27,uncalibrated,4.74,0.008736389871384195,0.006523229801397856
30,30,KNN,kd_tree,27,uncalibrated,4.75,0.050596441631750255,0.009361006557510607
30,30,KNN,kd_tree,27,uncalibrated,4.76,0.12786551939101867,0.01118604824642248
30,30,KNN,kd_tree,27,uncalibrated,4.77,0.17964254186538747,0.005240189348696517
30,30,KNN,kd_tree,27,uncalibrated,4.78,0.1515638435930171,0.011533060515445975
30,30,KNN,kd_tree,27,uncalibrated,4.79,0.0540967148165093,0.008659222245573093
30,30,KNN,kd_tree,27,uncalibrated,4.81,0.0037504294111838305,0.003567378029955902
30,30,KNN,kd_tree,27,uncalibrated,4.82,0.0006954853952539722,0.0006781681754356321
30,30,KNN,kd_tree,27,uncalibrated,4.83,1.9288920971868394e-05,1.3533260342723004e-05
30,30,KNN,kd_tree,27,uncalibrated,4.84,0.00016287846975677662,0.00016287846975677662
30,30,KNN,kd_tree,27,uncalibrated,4.85,0.0,0.0
30,30,KNN,kd_tree,27,uncalibrated,4.86,0.0,0.0
30,30,KNN,kd_tree,27,uncalibrated,4.87,0.0,0.0
30,30,KNN,kd_tree,27,uncalibrated,4.88,0.0,0.0
30,30,KNN,kd_tree,27,uncalibrated,4.9,0.0,0.0
30,30,KNN,kd_tree,27,uncalibrated,4.93,0.0,0.0
30,30,KNN,kd_tree,29,uncalibrated,4.67,0.0,0.0
30,30,KNN,kd_tree,29,uncalibrated,4.7,0.0,0.0
30,30,KNN,kd_tree,29,uncalibrated,4.72,0.0,0.0
30,30,KNN,kd_tree,29,uncalibrated,4.73,1.2110828913350476e-05,6.828063983379853e-06
30,30,KNN,kd_tree,29,uncalibrated,4.74,0.008858922902084516,0.006310088319358658
30,30,KNN,kd_tree,29,uncalibrated,4.75,0.05085837861445407,0.009378190402647537
30,30,KNN,kd_tree,29,uncalibrated,4.76,0.12822076600497334,0.011042142848943318
30,30,KNN,kd_tree,29,uncalibrated,4.77,0.17896353984457122,0.005179127615048719
30,30,KNN,kd_tree,29,uncalibrated,4.78,0.15152413118013447,0.010915808868037474
30,30,KNN,kd_tree,29,uncalibrated,4.79,0.05410638596910763,0.008942647626419721
30,30,KNN,kd_tree,29,uncalibrated,4.81,0.0037669970095118113,0.003552193036314743
30,30,KNN,kd_tree,29,uncalibrated,4.82,0.0006898959854902884,0.0006748693587826381
30,30,KNN,kd_tree,29,uncalibrated,4.83,1.9464620248151588e-05,1.1972205864839175e-05
30,30,KNN,kd_tree,29,uncalibrated,4.84,0.00022272805637220787,0.00022050413695723963
30,30,KNN,kd_tree,29,uncalibrated,4.85,0.0,0.0
30,30,KNN,kd_tree,29,uncalibrated,4.86,0.0,0.0
30,30,KNN,kd_tree,29,uncalibrated,4.87,0.0,0.0
30,30,KNN,kd_tree,29,uncalibrated,4.88,0.0,0.0
30,30,KNN,kd_tree,29,uncalibrated,4.9,0.0,0.0
30,30,KNN,kd_tree,29,uncalibrated,4.93,0.0,0.0
30,30,KNN,kd_tree,31,uncalibrated,4.67,0.0,0.0
30,30,KNN,kd_tree,31,uncalibrated,4.7,0.0,0.0
30,30,KNN,kd_tree,31,uncalibrated,4.72,0.0,0.0
30,30,KNN,kd_tree,31,uncalibrated,4.73,1.0598550589102852e-05,5.975444131136772e-06
30,30,KNN,kd_tree,31,uncalibrated,4.74,0.008637260319084156,0.0063846883783689875
30,30,KNN,kd_tree,31,uncalibrated,4.75,0.050825628941772893,0.009400686777945089
30,30,KNN,kd_tree,31,uncalibrated,4.76,0.12747570974089642,0.011259054856176193
30,30,KNN,kd_tree,31,uncalibrated,4.77,0.17874962069867073,0.00512864905226503
30,30,KNN,kd_tree,31,uncalibrated,4.78,0.15090163740763807,0.01118535724496654
30,30,KNN,kd_tree,31,uncalibrated,4.79,0.0540102788707916,0.0089983265841381
30,30,KNN,kd_tree,31,uncalibrated,4.81,0.003624192731659774,0.003428892189804408
30,30,KNN,kd_tree,31,uncalibrated,4.82,0.0006851682617117414,0.0006720069080002392
30,30,KNN,kd_tree,31,uncalibrated,4.83,1.703407453558455e-05,1.0477237390561659e-05
30,30,KNN,kd_tree,31,uncalibrated,4.84,0.00023545094636656964,0.00023350319972138367
30,30,KNN,kd_tree,31,uncalibrated,4.85,0.0,0.0
30,30,KNN,kd_tree,31,uncalibrated,4.86,0.0,0.0
30,30,KNN,kd_tree,31,uncalibrated,4.87,0.0,0.0
30,30,KNN,kd_tree,31,uncalibrated,4.88,0.0,0.0
30,30,KNN,kd_tree,31,uncalibrated,4.9,0.0,0.0
30,30,KNN,kd_tree,31,uncalibrated,4.93,0.0,0.0
30,30,KNN,kd_tree,33,uncalibrated,4.67,0.0,0.0
30,30,KNN,kd_tree,33,uncalibrated,4.7,0.0,0.0
30,30,KNN,kd_tree,33,uncalibrated,4.72,0.0,0.0
30,30,KNN,kd_tree,33,uncalibrated,4.73,9.352807269171504e-06,5.2730962442814e-06
30,30,KNN,kd_tree,33,uncalibrated,4.74,0.008831254724152356,0.006420391893881226
30,30,KNN,kd_tree,33,uncalibrated,4.75,0.05096351160413377,0.009380101873239058
30,30,KNN,kd_tree,33,uncalibrated,4.76,0.12741226560703156,0.010882893484878725
30,30,KNN,kd_tree,33,uncalibrated,4.77,0.1780877575804341,0.005068580981406118
30,30,KNN,kd_tree,33,uncalibrated,4.78,0.1506311626337697,0.011209374075482876
30,30,KNN,kd_tree,33,uncalibrated,4.79,0.05311658495537747,0.008864090263073086
30,30,KNN,kd_tree,33,uncalibrated,4.81,0.003659341744738315,0.003429694726048632
30,30,KNN,kd_tree,33,uncalibrated,4.82,0.0006811215613068851,0.000669499132755853
30,30,KNN,kd_tree,33,uncalibrated,4.83,1.5031905995130835e-05,9.245753105904255e-06
30,30,KNN,kd_tree,33,uncalibrated,4.84,0.00021281680269727852,0.00020602217805679884
30,30,KNN,kd_tree,33,uncalibrated,4.85,0.0,0.0
30,30,KNN,kd_tree,33,uncalibrated,4.86,0.0,0.0
30,30,KNN,kd_tree,33,uncalibrated,4.87,0.0,0.0
30,30,KNN,kd_tree,33,uncalibrated,4.88,0.0,0.0
30,30,KNN,kd_tree,33,uncalibrated,4.9,0.0,0.0
30,30,KNN,kd_tree,33,uncalibrated,4.93,0.0,0.0
30,30,KNN,kd_tree,35,uncalibrated,4.67,0.0,0.0
30,30,KNN,kd_tree,35,uncalibrated,4.7,0.0,0.0
30,30,KNN,kd_tree,35,uncalibrated,4.72,0.0,0.0
30,30,KNN,kd_tree,35,uncalibrated,4.73,1.639795398937347e-05,1.1505608859416781e-05
30,30,KNN,kd_tree,35,uncalibrated,4.74,0.008821219589916851,0.00639123942259831
30,30,KNN,kd_tree,35,uncalibrated,4.75,0.05054749082696965,0.009338985618653692
30,30,KNN,kd_tree,35,uncalibrated,4.76,0.1276102151119086,0.010851555618007023
30,30,KNN,kd_tree,35,uncalibrated,4.77,0.17777887313309929,0.004968993625568692
30,30,KNN,kd_tree,35,uncalibrated,4.78,0.15005632969900778,0.011705689807303674
30,30,KNN,kd_tree,35,uncalibrated,4.79,0.052569372046901354,0.008956146660064708
30,30,KNN,kd_tree,35,uncalibrated,4.81,0.003465425269995241,0.003256454288304775
30,30,KNN,kd_tree,35,uncalibrated,4.82,0.0006055031675617694,0.000595171065772346
30,30,KNN,kd_tree,35,uncalibrated,4.83,1.3363057656079755e-05,8.219285822309999e-06
30,30,KNN,kd_tree,35,uncalibrated,4.84,0.00018918979439782016,0.00018314951175824807
30,30,KNN,kd_tree,35,uncalibrated,4.85,0.0,0.0
30,30,KNN,kd_tree,35,uncalibrated,4.86,0.0,0.0
30,30,KNN,kd_tree,35,uncalibrated,4.87,0.0,0.0
30,30,KNN,kd_tree,35,uncalibrated,4.88,0.0,0.0
30,30,KNN,kd_tree,35,uncalibrated,4.9,0.0,0.0
30,30,KNN,kd_tree,35,uncalibrated,4.93,0.0,0.0
30,30,KNN,kd_tree,37,uncalibrated,4.67,0.0,0.0
30,30,KNN,kd_tree,37,uncalibrated,4.7,0.0,0.0
30,30,KNN,kd_tree,37,uncalibrated,4.72,0.0,0.0
30,30,KNN,kd_tree,37,uncalibrated,4.73,2.0707737495083595e-05,1.4720562164498129e-05
30,30,KNN,kd_tree,37,uncalibrated,4.74,0.008806511624121622,0.006377913775946429
30,30,KNN,kd_tree,37,uncalibrated,4.75,0.050871836198011146,0.00935122413070947
30,30,KNN,kd_tree,37,uncalibrated,4.76,0.12811743573393464,0.010776563040695176
30,30,KNN,kd_tree,37,uncalibrated,4.77,0.17785590709250235,0.004851549098925638
30,30,KNN,kd_tree,37,uncalibrated,4.78,0.1500208858154261,0.011653036758346058
30,30,KNN,kd_tree,37,uncalibrated,4.79,0.05255387013494216,0.008844471432425486
30,30,KNN,kd_tree,37,uncalibrated,4.81,0.003487558427951847,0.0032964016284662543
30,30,KNN,kd_tree,37,uncalibrated,4.82,0.0006063451907026249,0.0005970945709476461
30,30,KNN,kd_tree,37,uncalibrated,4.83,1.1957447500874292e-05,7.354729826391344e-06
30,30,KNN,kd_tree,37,uncalibrated,4.84,0.0001692896261046944,0.00016388469824971067
30,30,KNN,kd_tree,37,uncalibrated,4.85,0.0,0.0
30,30,KNN,kd_tree,37,uncalibrated,4.86,0.0,0.0
30,30,KNN,kd_tree,37,uncalibrated,4.87,0.0,0.0
30,30,KNN,kd_tree,37,uncalibrated,4.88,0.0,0.0
30,30,KNN,kd_tree,37,uncalibrated,4.9,0.0,0.0
30,30,KNN,kd_tree,37,uncalibrated,4.93,0.0,0.0
30,30,KNN,kd_tree,39,uncalibrated,4.67,0.0,0.0
30,30,KNN,kd_tree,39,uncalibrated,4.7,0.0,0.0
30,30,KNN,kd_tree,39,uncalibrated,4.72,0.0,0.0
30,30,KNN,kd_tree,39,uncalibrated,4.73,1.86383252010318e-05,1.3249473769360904e-05
30,30,KNN,kd_tree,39,uncalibrated,4.74,0.008730434500644504,0.006507342232036675
30,30,KNN,kd_tree,39,uncalibrated,4.75,0.05061551313562208,0.009351960287373949
30,30,KNN,kd_tree,39,uncalibrated,4.76,0.1275208564433978,0.010753522786784367
30,30,KNN,kd_tree,39,uncalibrated,4.77,0.17751458430056058,0.004876992898780659
30,30,KNN,kd_tree,39,uncalibrated,4.78,0.15008947823866137,0.011605531622831275
30,30,KNN,kd_tree,39,uncalibrated,4.79,0.05226652295817231,0.008666447790515895
30,30,KNN,kd_tree,39,uncalibrated,4.81,0.0034056189249644943,0.0032300851747264782
30,30,KNN,kd_tree,39,uncalibrated,4.82,0.0006718793246815656,0.0006635457737253895
30,30,KNN,kd_tree,39,uncalibrated,4.83,1.0762488907756139e-05,6.619740389434421e-06
30,30,KNN,kd_tree,39,uncalibrated,4.84,0.00018041759527544126,0.0001755402944130426
30,30,KNN,kd_tree,39,uncalibrated,4.85,0.0,0.0
30,30,KNN,kd_tree,39,uncalibrated,4.86,0.0,0.0
30,30,KNN,kd_tree,39,uncalibrated,4.87,0.0,0.0
30,30,KNN,kd_tree,39,uncalibrated,4.88,0.0,0.0
30,30,KNN,kd_tree,39,uncalibrated,4.9,0.0,0.0
30,30,KNN,kd_tree,39,uncalibrated,4.93,0.0,0.0
30,30,KNN,kd_tree,41,uncalibrated,4.67,0.0,0.0
30,30,KNN,kd_tree,41,uncalibrated,4.7,0.0,0.0
30,30,KNN,kd_tree,41,uncalibrated,4.72,0.0,0.0
30,30,KNN,kd_tree,41,uncalibrated,4.73,2.1176903845290772e-05,1.2801477682650635e-05
30,30,KNN,kd_tree,41,uncalibrated,4.74,0.008629033003504252,0.006373133275004745
30,30,KNN,kd_tree,41,uncalibrated,4.75,0.05064329454998942,0.009369028430026884
30,30,KNN,kd_tree,41,uncalibrated,4.76,0.127274945543051,0.0107326148755256
30,30,KNN,kd_tree,41,uncalibrated,4.77,0.17695769966861996,0.004852673828211664
30,30,KNN,kd_tree,41,uncalibrated,4.78,0.14982246638820887,0.011814063281718634
30,30,KNN,kd_tree,41,uncalibrated,4.79,0.052478899423767836,0.00868389387704785
30,30,KNN,kd_tree,41,uncalibrated,4.81,0.0034272620396257995,0.0032643195864864604
30,30,KNN,kd_tree,41,uncalibrated,4.82,0.0006079288833079857,0.0006003885317289215
30,30,KNN,kd_tree,41,uncalibrated,4.83,9.738099719629051e-06,5.989663969262212e-06
30,30,KNN,kd_tree,41,uncalibrated,4.84,0.00019082891245074125,0.0001864070687850542
30,30,KNN,kd_tree,41,uncalibrated,4.85,0.0,0.0
30,30,KNN,kd_tree,41,uncalibrated,4.86,0.0,0.0
30,30,KNN,kd_tree,41,uncalibrated,4.87,0.0,0.0
30,30,KNN,kd_tree,41,uncalibrated,4.88,0.0,0.0
30,30,KNN,kd_tree,41,uncalibrated,4.9,0.0,0.0
30,30,KNN,kd_tree,41,uncalibrated,4.93,0.0,0.0
30,30,KNN,kd_tree,43,uncalibrated,4.67,0.0,0.0
30,30,KNN,kd_tree,43,uncalibrated,4.7,0.0,0.0
30,30,KNN,kd_tree,43,uncalibrated,4.72,0.0,0.0
30,30,KNN,kd_tree,43,uncalibrated,4.73,1.9252771965350647e-05,1.1638336389689408e-05
30,30,KNN,kd_tree,43,uncalibrated,4.74,0.008777535260981788,0.006478551679508298
30,30,KNN,kd_tree,43,uncalibrated,4.75,0.05071229898773714,0.009367892518379614
30,30,KNN,kd_tree,43,uncalibrated,4.76,0.1271418767749433,0.010820487551615427
30,30,KNN,kd_tree,43,uncalibrated,4.77,0.17671982508950548,0.004815548427715257
30,30,KNN,kd_tree,43,uncalibrated,4.78,0.1498644860438786,0.011810824653229565
30,30,KNN,kd_tree,43,uncalibrated,4.79,0.05230050286068832,0.008596863803427569
30,30,KNN,kd_tree,43,uncalibrated,4.81,0.0034206679414702677,0.0032688033701935206
30,30,KNN,kd_tree,43,uncalibrated,4.82,0.0006086669301249235,0.0006018093312901025
30,30,KNN,kd_tree,43,uncalibrated,4.83,8.853296716439665e-06,5.445443554532047e-06
30,30,KNN,kd_tree,43,uncalibrated,4.84,0.00017349021191438146,0.00016947013662935436
30,30,KNN,kd_tree,43,uncalibrated,4.85,0.0,0.0
30,30,KNN,kd_tree,43,uncalibrated,4.86,0.0,0.0
30,30,KNN,kd_tree,43,uncalibrated,4.87,0.0,0.0
30,30,KNN,kd_tree,43,uncalibrated,4.88,0.0,0.0
30,30,KNN,kd_tree,43,uncalibrated,4.9,0.0,0.0
30,30,KNN,kd_tree,43,uncalibrated,4.93,0.0,0.0
30,30,KNN,kd_tree,45,uncalibrated,4.67,0.0,0.0
30,30,KNN,kd_tree,45,uncalibrated,4.7,0.0,0.0
30,30,KNN,kd_tree,45,uncalibrated,4.72,0.0,0.0
30,30,KNN,kd_tree,45,uncalibrated,4.73,2.4187521123210306e-05,1.6509897544486237e-05
30,30,KNN,kd_tree,45,uncalibrated,4.74,0.008781223913783245,0.006369376401423126
30,30,KNN,kd_tree,45,uncalibrated,4.75,0.05100352122070222,0.009421278944997044
30,30,KNN,kd_tree,45,uncalibrated,4.76,0.126637636535799,0.01039890807523826
30,30,KNN,kd_tree,45,uncalibrated,4.77,0.17642563255057347,0.005056700893466109
30,30,KNN,kd_tree,45,uncalibrated,4.78,0.14956226507189374,0.011329670093152182
30,30,KNN,kd_tree,45,uncalibrated,4.79,0.05185571694070223,0.008543469589645419
30,30,KNN,kd_tree,45,uncalibrated,4.81,0.003402729554553823,0.003261211256590156
30,30,KNN,kd_tree,45,uncalibrated,4.82,0.0006654667016656299,0.0006592016909836658
30,30,KNN,kd_tree,45,uncalibrated,4.83,8.083825001825362e-06,4.972160559175181e-06
30,30,KNN,kd_tree,45,uncalibrated,4.84,0.00015841155645911084,0.00015474088030996351
30,30,KNN,kd_tree,45,uncalibrated,4.85,0.0,0.0
30,30,KNN,kd_tree,45,uncalibrated,4.86,0.0,0.0
30,30,KNN,kd_tree,45,uncalibrated,4.87,0.0,0.0
30,30,KNN,kd_tree,45,uncalibrated,4.88,0.0,0.0
30,30,KNN,kd_tree,45,uncalibrated,4.9,0.0,0.0
30,30,KNN,kd_tree,45,uncalibrated,4.93,0.0,0.0
30,30,KNN,kd_tree,47,uncalibrated,4.67,0.0,0.0
30,30,KNN,kd_tree,47,uncalibrated,4.7,0.0,0.0
30,30,KNN,kd_tree,47,uncalibrated,4.72,0.0,0.0
30,30,KNN,kd_tree,47,uncalibrated,4.73,3.331510298818875e-05,2.4935004084869288e-05
30,30,KNN,kd_tree,47,uncalibrated,4.74,0.008772353988369798,0.006359727663519322
30,30,KNN,kd_tree,47,uncalibrated,4.75,0.05106136350974678,0.009383539201486126
30,30,KNN,kd_tree,47,uncalibrated,4.76,0.12647739420139603,0.010298225521041373
30,30,KNN,kd_tree,47,uncalibrated,4.77,0.17637680158764227,0.005090570298456362
30,30,KNN,kd_tree,47,uncalibrated,4.78,0.14957827338654545,0.011430846959913574
30,30,KNN,kd_tree,47,uncalibrated,4.79,0.05193884716638975,0.008451696320278035
30,30,KNN,kd_tree,47,uncalibrated,4.81,0.00328055629159009,0.003149206321969497
30,30,KNN,kd_tree,47,uncalibrated,4.82,0.0006100362475658043,0.0006042930847632066
30,30,KNN,kd_tree,47,uncalibrated,4.83,8.028839920985077e-06,5.232670364754546e-06
30,30,KNN,kd_tree,47,uncalibrated,4.84,0.00016788692457429116,0.0001645167286911631
30,30,KNN,kd_tree,47,uncalibrated,4.85,0.0,0.0
30,30,KNN,kd_tree,47,uncalibrated,4.86,0.0,0.0
30,30,KNN,kd_tree,47,uncalibrated,4.87,0.0,0.0
30,30,KNN,kd_tree,47,uncalibrated,4.88,0.0,0.0
30,30,KNN,kd_tree,47,uncalibrated,4.9,0.0,0.0
30,30,KNN,kd_tree,47,uncalibrated,4.93,0.0,0.0
30,30,KNN,kd_tree,49,uncalibrated,4.67,0.0,0.0
30,30,KNN,kd_tree,49,uncalibrated,4.7,0.0,0.0
30,30,KNN,kd_tree,49,uncalibrated,4.72,0.0,0.0
30,30,KNN,kd_tree,49,uncalibrated,4.73,5.0178738523896504e-05,3.68603782788465e-05
30,30,KNN,kd_tree,49,uncalibrated,4.74,0.008825636508160931,0.006381566288338101
30,30,KNN,kd_tree,49,uncalibrated,4.75,0.05120917384107877,0.009382330698496512
30,30,KNN,kd_tree,49,uncalibrated,4.76,0.1265117359900873,0.010379132518413674
30,30,KNN,kd_tree,49,uncalibrated,4.77,0.17556172677864143,0.0049391267285411695
30,30,KNN,kd_tree,49,uncalibrated,4.78,0.14907866114080037,0.011291549110464776
30,30,KNN,kd_tree,49,uncalibrated,4.79,0.052013735404516655,0.008449179521834762
30,30,KNN,kd_tree,49,uncalibrated,4.81,0.003271323080389851,0.00314789369968844
30,30,KNN,kd_tree,49,uncalibrated,4.82,0.000562165903545821,0.000555837482005302
30,30,KNN,kd_tree,49,uncalibrated,4.83,7.386800243838363e-06,4.814231085273983e-06
30,30,KNN,kd_tree,49,uncalibrated,4.84,0.00020081281587332387,0.000197705064961667
30,30,KNN,kd_tree,49,uncalibrated,4.85,0.0,0.0
30,30,KNN,kd_tree,49,uncalibrated,4.86,0.0,0.0
30,30,KNN,kd_tree,49,uncalibrated,4.87,0.0,0.0
30,30,KNN,kd_tree,49,uncalibrated,4.88,0.0,0.0
30,30,KNN,kd_tree,49,uncalibrated,4.9,0.0,0.0
30,30,KNN,kd_tree,49,uncalibrated,4.93,0.0,0.0
30,30,KNN,kd_tree,51,uncalibrated,4.67,0.0,0.0
30,30,KNN,kd_tree,51,uncalibrated,4.7,0.0,0.0
30,30,KNN,kd_tree,51,uncalibrated,4.72,0.0,0.0
30,30,KNN,kd_tree,51,uncalibrated,4.73,4.752675948973365e-05,3.3980221044215575e-05
30,30,KNN,kd_tree,51,uncalibrated,4.74,0.008849350913225217,0.006406559782331118
30,30,KNN,kd_tree,51,uncalibrated,4.75,0.051382020539987326,0.00942070499315481
30,30,KNN,kd_tree,51,uncalibrated,4.76,0.12640379215953182,0.010270382254436229
30,30,KNN,kd_tree,51,uncalibrated,4.77,0.17538974985121025,0.004911313426342532
30,30,KNN,kd_tree,51,uncalibrated,4.78,0.1486449940786822,0.01141090662479885
30,30,KNN,kd_tree,51,uncalibrated,4.79,0.051932123452978055,0.00834939310194175
30,30,KNN,kd_tree,51,uncalibrated,4.81,0.003257171188654394,0.0031414175771808887
30,30,KNN,kd_tree,51,uncalibrated,4.82,0.0005645504291939716,0.000558707543528662
30,30,KNN,kd_tree,51,uncalibrated,4.83,6.818803300828782e-06,4.444047995287509e-06
30,30,KNN,kd_tree,51,uncalibrated,4.84,0.00020890507915577412,0.00020603388674603052
30,30,KNN,kd_tree,51,uncalibrated,4.85,0.0,0.0
30,30,KNN,kd_tree,51,uncalibrated,4.86,0.0,0.0
30,30,KNN,kd_tree,51,uncalibrated,4.87,0.0,0.0
30,30,KNN,kd_tree,51,uncalibrated,4.88,0.0,0.0
30,30,KNN,kd_tree,51,uncalibrated,4.9,0.0,0.0
30,30,KNN,kd_tree,51,uncalibrated,4.93,0.0,0.0
30,30,KNN,kd_tree,61,uncalibrated,4.67,0.0,0.0
30,30,KNN,kd_tree,61,uncalibrated,4.7,0.0,0.0
30,30,KNN,kd_tree,61,uncalibrated,4.72,0.0,0.0
30,30,KNN,kd_tree,61,uncalibrated,4.73,3.670550873814812e-05,2.388748228128381e-05
30,30,KNN,kd_tree,61,uncalibrated,4.74,0.009111381549947756,0.006363636305783272
30,30,KNN,kd_tree,61,uncalibrated,4.75,0.051596136685889665,0.009316959858943001
30,30,KNN,kd_tree,61,uncalibrated,4.76,0.1267470905777932,0.010055599864926861
30,30,KNN,kd_tree,61,uncalibrated,4.77,0.1740767689458439,0.004992137449409303
30,30,KNN,kd_tree,61,uncalibrated,4.78,0.14756256301183465,0.011097243602501833
30,30,KNN,kd_tree,61,uncalibrated,4.79,0.05094783034830886,0.008072492244074077
30,30,KNN,kd_tree,61,uncalibrated,4.81,0.00305290496748586,0.002963025005417383
30,30,KNN,kd_tree,61,uncalibrated,4.82,0.00042786388156515156,0.0004237790210913211
30,30,KNN,kd_tree,61,uncalibrated,4.83,4.7663819901789636e-06,3.1064146293315876e-06
30,30,KNN,kd_tree,61,uncalibrated,4.84,0.000163473051866613,0.00016146467176390524
30,30,KNN,kd_tree,61,uncalibrated,4.85,0.0,0.0
30,30,KNN,kd_tree,61,uncalibrated,4.86,0.0,0.0
30,30,KNN,kd_tree,61,uncalibrated,4.87,0.0,0.0
30,30,KNN,kd_tree,61,uncalibrated,4.88,0.0,0.0
30,30,KNN,kd_tree,61,uncalibrated,4.9,0.0,0.0
30,30,KNN,kd_tree,61,uncalibrated,4.93,0.0,0.0
30,30,KNN,kd_tree,81,uncalibrated,4.67,0.0,0.0
30,30,KNN,kd_tree,81,uncalibrated,4.7,0.0,0.0
30,30,KNN,kd_tree,81,uncalibrated,4.72,0.0,0.0
30,30,KNN,kd_tree,81,uncalibrated,4.73,4.792711884673736e-05,2.9715496107814358e-05
30,30,KNN,kd_tree,81,uncalibrated,4.74,0.008948815987788523,0.006015184987041047
30,30,KNN,kd_tree,81,uncalibrated,4.75,0.051099167399350734,0.009127951999644224
30,30,KNN,kd_tree,81,uncalibrated,4.76,0.1260704091391843,0.009802299752359446
30,30,KNN,kd_tree,81,uncalibrated,4.77,0.17130526238577187,0.0049917375822830685
30,30,KNN,kd_tree,81,uncalibrated,4.78,0.14622658183669482,0.010963712074880588
30,30,KNN,kd_tree,81,uncalibrated,4.79,0.050454486314269124,0.007799714711980715
30,30,KNN,kd_tree,81,uncalibrated,4.81,0.003197206497154648,0.003109507685050572
30,30,KNN,kd_tree,81,uncalibrated,4.82,0.0003487815049414541,0.00034608335501868276
30,30,KNN,kd_tree,81,uncalibrated,4.83,5.4110291555742675e-06,3.6260814705382194e-06
30,30,KNN,kd_tree,81,uncalibrated,4.84,0.0002086019293537967,0.0002060391096136802
30,30,KNN,kd_tree,81,uncalibrated,4.85,0.0,0.0
30,30,KNN,kd_tree,81,uncalibrated,4.86,0.0,0.0
30,30,KNN,kd_tree,81,uncalibrated,4.87,0.0,0.0
30,30,KNN,kd_tree,81,uncalibrated,4.88,0.0,0.0
30,30,KNN,kd_tree,81,uncalibrated,4.9,0.0,0.0
30,30,KNN,kd_tree,81,uncalibrated,4.93,0.0,0.0
30,30,KNN,kd_tree,101,uncalibrated,4.67,0.0,0.0
30,30,KNN,kd_tree,101,uncalibrated,4.7,0.0,0.0
30,30,KNN,kd_tree,101,uncalibrated,4.72,2.8832236747262383e-07,2.8832236747262383e-07
30,30,KNN,kd_tree,101,uncalibrated,4.73,5.394442092854426e-05,3.551713643161259e-05
30,30,KNN,kd_tree,101,uncalibrated,4.74,0.009113817549983302,0.006271912303639309
30,30,KNN,kd_tree,101,uncalibrated,4.75,0.05082055793403724,0.008993424836689018
30,30,KNN,kd_tree,101,uncalibrated,4.76,0.12574692115250308,0.009678035839256678
30,30,KNN,kd_tree,101,uncalibrated,4.77,0.16972102569231942,0.005002735048129478
30,30,KNN,kd_tree,101,uncalibrated,4.78,0.1452206172063873,0.011163203189014172
30,30,KNN,kd_tree,101,uncalibrated,4.79,0.049259667105519746,0.007845554043128212
30,30,KNN,kd_tree,101,uncalibrated,4.81,0.003080680241550648,0.003002573458474858
30,30,KNN,kd_tree,101,uncalibrated,4.82,0.0003779979887731884,0.00037626212392300693
30,30,KNN,kd_tree,101,uncalibrated,4.83,4.810863903920397e-06,2.9040381049513148e-06
30,30,KNN,kd_tree,101,uncalibrated,4.84,0.0001878092802507142,0.00018615825639257697
30,30,KNN,kd_tree,101,uncalibrated,4.85,0.0,0.0
30,30,KNN,kd_tree,101,uncalibrated,4.86,0.0,0.0
30,30,KNN,kd_tree,101,uncalibrated,4.87,0.0,0.0
30,30,KNN,kd_tree,101,uncalibrated,4.88,0.0,0.0
30,30,KNN,kd_tree,101,uncalibrated,4.9,0.0,0.0
30,30,KNN,kd_tree,101,uncalibrated,4.93,0.0,0.0
30,30,KNN,kd_tree,151,uncalibrated,4.67,0.0,0.0
30,30,KNN,kd_tree,151,uncalibrated,4.7,0.0,0.0
30,30,KNN,kd_tree,151,uncalibrated,4.72,2.5721878320686594e-07,1.8025238336296223e-07
30,30,KNN,kd_tree,151,uncalibrated,4.73,8.433942045082915e-05,4.737575673863209e-05
30,30,KNN,kd_tree,151,uncalibrated,4.74,0.009563376618389123,0.006068736178727991
30,30,KNN,kd_tree,151,uncalibrated,4.75,0.05089072571917824,0.008848007721114664
30,30,KNN,kd_tree,151,uncalibrated,4.76,0.12388654081917923,0.009479091679991926
30,30,KNN,kd_tree,151,uncalibrated,4.77,0.16592592705170683,0.005074270564037423
30,30,KNN,kd_tree,151,uncalibrated,4.78,0.14237892124843005,0.011278143722684111
30,30,KNN,kd_tree,151,uncalibrated,4.79,0.0478895201316957,0.0078104946477317696
30,30,KNN,kd_tree,151,uncalibrated,4.81,0.0031244469424434747,0.0030385354043564214
30,30,KNN,kd_tree,151,uncalibrated,4.82,0.000399898868372654,0.00039845761671654254
30,30,KNN,kd_tree,151,uncalibrated,4.83,3.797562593685584e-06,2.7144578195046533e-06
30,30,KNN,kd_tree,151,uncalibrated,4.84,0.0002073656643706106,0.00020328425458354272
30,30,KNN,kd_tree,151,uncalibrated,4.85,0.0,0.0
30,30,KNN,kd_tree,151,uncalibrated,4.86,0.0,0.0
30,30,KNN,kd_tree,151,uncalibrated,4.87,0.0,0.0
30,30,KNN,kd_tree,151,uncalibrated,4.88,0.0,0.0
30,30,KNN,kd_tree,151,uncalibrated,4.9,0.0,0.0
30,30,KNN,kd_tree,151,uncalibrated,4.93,0.0,0.0
30,30,KNN,kd_tree,201,uncalibrated,4.67,0.0,0.0
30,30,KNN,kd_tree,201,uncalibrated,4.7,0.0,0.0
30,30,KNN,kd_tree,201,uncalibrated,4.72,1.4516584925868704e-07,1.0172853625056065e-07
30,30,KNN,kd_tree,201,uncalibrated,4.73,9.964704473570215e-05,5.618995211607632e-05
30,30,KNN,kd_tree,201,uncalibrated,4.74,0.009738515141115345,0.0062063967850876575
30,30,KNN,kd_tree,201,uncalibrated,4.75,0.05041815570967576,0.008698644893119861
30,30,KNN,kd_tree,201,uncalibrated,4.76,0.12190971196138996,0.009374966167925125
30,30,KNN,kd_tree,201,uncalibrated,4.77,0.16255840467844995,0.005165057509572588
30,30,KNN,kd_tree,201,uncalibrated,4.78,0.1403368939881998,0.011407758688809944
30,30,KNN,kd_tree,201,uncalibrated,4.79,0.04755405948792085,0.007845072126304368
30,30,KNN,kd_tree,201,uncalibrated,4.81,0.003192308303201117,0.003087581297454991
30,30,KNN,kd_tree,201,uncalibrated,4.82,0.00038135777427116083,0.0003800443213370886
30,30,KNN,kd_tree,201,uncalibrated,4.83,6.42993685378917e-06,4.7915290987760085e-06
30,30,KNN,kd_tree,201,uncalibrated,4.84,0.0002097914288115565,0.0002060108846513965
30,30,KNN,kd_tree,201,uncalibrated,4.85,0.0,0.0
30,30,KNN,kd_tree,201,uncalibrated,4.86,0.0,0.0
30,30,KNN,kd_tree,201,uncalibrated,4.87,0.0,0.0
30,30,KNN,kd_tree,201,uncalibrated,4.88,0.0,0.0
30,30,KNN,kd_tree,201,uncalibrated,4.9,0.0,0.0
30,30,KNN,kd_tree,201,uncalibrated,4.93,0.0,0.0
30,30,KNN,ball_tree,1,uncalibrated,4.67,0.0,0.0
30,30,KNN,ball_tree,1,uncalibrated,4.7,0.0,0.0
30,30,KNN,ball_tree,1,uncalibrated,4.72,0.0,0.0
30,30,KNN,ball_tree,1,uncalibrated,4.73,0.0,0.0
30,30,KNN,ball_tree,1,uncalibrated,4.74,0.0097090835552959,0.009566658773383852
30,30,KNN,ball_tree,1,uncalibrated,4.75,0.04953466782709718,0.011541661154778143
30,30,KNN,ball_tree,1,uncalibrated,4.76,0.15389588670804052,0.0171322690959972
30,30,KNN,ball_tree,1,uncalibrated,4.77,0.24409872365379578,0.0036091714440505034
30,30,KNN,ball_tree,1,uncalibrated,4.78,0.2184059935641467,0.008098359031032032
30,30,KNN,ball_tree,1,uncalibrated,4.79,0.10962114146124412,0.011825709368878142
30,30,KNN,ball_tree,1,uncalibrated,4.81,0.007662962407000121,0.007596585952940913
30,30,KNN,ball_tree,1,uncalibrated,4.82,0.0,0.0
30,30,KNN,ball_tree,1,uncalibrated,4.83,0.0023529411764706245,0.002352941176470588
30,30,KNN,ball_tree,1,uncalibrated,4.84,0.0,0.0
30,30,KNN,ball_tree,1,uncalibrated,4.85,0.0,0.0
30,30,KNN,ball_tree,1,uncalibrated,4.86,0.0,0.0
30,30,KNN,ball_tree,1,uncalibrated,4.87,0.0,0.0
30,30,KNN,ball_tree,1,uncalibrated,4.88,0.0,0.0
30,30,KNN,ball_tree,1,uncalibrated,4.9,0.0,0.0
30,30,KNN,ball_tree,1,uncalibrated,4.93,0.0,0.0
30,30,KNN,ball_tree,3,uncalibrated,4.67,0.0,0.0
30,30,KNN,ball_tree,3,uncalibrated,4.7,0.0,0.0
30,30,KNN,ball_tree,3,uncalibrated,4.72,0.0,0.0
30,30,KNN,ball_tree,3,uncalibrated,4.73,0.0,0.0
30,30,KNN,ball_tree,3,uncalibrated,4.74,0.007742443013922968,0.005029336701134003
30,30,KNN,ball_tree,3,uncalibrated,4.75,0.04356883935427878,0.009396813367692282
30,30,KNN,ball_tree,3,uncalibrated,4.76,0.13498492320457817,0.013351243228824465
30,30,KNN,ball_tree,3,uncalibrated,4.77,0.2007065712432119,0.00785494698538175
30,30,KNN,ball_tree,3,uncalibrated,4.78,0.17051768655769706,0.008787246286964208
30,30,KNN,ball_tree,3,uncalibrated,4.79,0.07320487290625403,0.011768240158305432
30,30,KNN,ball_tree,3,uncalibrated,4.81,0.005725336859532216,0.005648822464651191
30,30,KNN,ball_tree,3,uncalibrated,4.82,0.001400054915869635,0.0011506431467034279
30,30,KNN,ball_tree,3,uncalibrated,4.83,0.0002614379084967276,0.00026143790849673216
30,30,KNN,ball_tree,3,uncalibrated,4.84,0.00020614306328592047,0.0002061430632859205
30,30,KNN,ball_tree,3,uncalibrated,4.85,0.0,0.0
30,30,KNN,ball_tree,3,uncalibrated,4.86,0.0,0.0
30,30,KNN,ball_tree,3,uncalibrated,4.87,0.0,0.0
30,30,KNN,ball_tree,3,uncalibrated,4.88,0.0,0.0
30,30,KNN,ball_tree,3,uncalibrated,4.9,0.0,0.0
30,30,KNN,ball_tree,3,uncalibrated,4.93,0.0,0.0
30,30,KNN,ball_tree,5,uncalibrated,4.67,0.0,0.0
30,30,KNN,ball_tree,5,uncalibrated,4.7,0.0,0.0
30,30,KNN,ball_tree,5,uncalibrated,4.72,0.0,0.0
30,30,KNN,ball_tree,5,uncalibrated,4.73,0.0,0.0
30,30,KNN,ball_tree,5,uncalibrated,4.74,0.008561830043217162,0.006920672507695952
30,30,KNN,ball_tree,5,uncalibrated,4.75,0.04431261976463072,0.00907058445029991
30,30,KNN,ball_tree,5,uncalibrated,4.76,0.13094834312077566,0.01227499502893223
30,30,KNN,ball_tree,5,uncalibrated,4.77,0.1920934000138,0.007229813664596241
30,30,KNN,ball_tree,5,uncalibrated,4.78,0.1604992633988716,0.009678004339628564
30,30,KNN,ball_tree,5,uncalibrated,4.79,0.06216541303663367,0.009287284357001203
30,30,KNN,ball_tree,5,uncalibrated,4.81,0.004503909625228156,0.0044552660056740075
30,30,KNN,ball_tree,5,uncalibrated,4.82,0.0005040197697130725,0.00041423153281323433
30,30,KNN,ball_tree,5,uncalibrated,4.83,9.411764705880631e-05,9.411764705882358e-05
30,30,KNN,ball_tree,5,uncalibrated,4.84,7.421150278293132e-05,7.421150278293133e-05
30,30,KNN,ball_tree,5,uncalibrated,4.85,0.0,0.0
30,30,KNN,ball_tree,5,uncalibrated,4.86,0.0,0.0
30,30,KNN,ball_tree,5,uncalibrated,4.87,0.0,0.0
30,30,KNN,ball_tree,5,uncalibrated,4.88,0.0,0.0
30,30,KNN,ball_tree,5,uncalibrated,4.9,0.0,0.0
30,30,KNN,ball_tree,5,uncalibrated,4.93,0.0,0.0
30,30,KNN,ball_tree,7,uncalibrated,4.67,0.0,0.0
30,30,KNN,ball_tree,7,uncalibrated,4.7,0.0,0.0
30,30,KNN,ball_tree,7,uncalibrated,4.72,0.0,0.0
30,30,KNN,ball_tree,7,uncalibrated,4.73,0.0,0.0
30,30,KNN,ball_tree,7,uncalibrated,4.74,0.009068959248496452,0.007560395695100205
30,30,KNN,ball_tree,7,uncalibrated,4.75,0.044608697606246146,0.009245802966648665
30,30,KNN,ball_tree,7,uncalibrated,4.76,0.12859713659162025,0.012065724013820915
30,30,KNN,ball_tree,7,uncalibrated,4.77,0.19008195842803688,0.006813860496203014
30,30,KNN,ball_tree,7,uncalibrated,4.78,0.15812730210104992,0.009309494464113874
30,30,KNN,ball_tree,7,uncalibrated,4.79,0.06094425154757254,0.008847281034261967
30,30,KNN,ball_tree,7,uncalibrated,4.81,0.00388852989502868,0.0037657600550091066
30,30,KNN,ball_tree,7,uncalibrated,4.82,0.0005843395159578251,0.0005289732020377464
30,30,KNN,ball_tree,7,uncalibrated,4.83,4.801920768307441e-05,4.801920768307324e-05
30,30,KNN,ball_tree,7,uncalibrated,4.84,0.00015145204649577695,0.00015145204649577828
30,30,KNN,ball_tree,7,uncalibrated,4.85,0.0,0.0
30,30,KNN,ball_tree,7,uncalibrated,4.86,0.0,0.0
30,30,KNN,ball_tree,7,uncalibrated,4.87,0.0,0.0
30,30,KNN,ball_tree,7,uncalibrated,4.88,0.0,0.0
30,30,KNN,ball_tree,7,uncalibrated,4.9,0.0,0.0
30,30,KNN,ball_tree,7,uncalibrated,4.93,0.0,0.0
30,30,KNN,ball_tree,9,uncalibrated,4.67,0.0,0.0
30,30,KNN,ball_tree,9,uncalibrated,4.7,0.0,0.0
30,30,KNN,ball_tree,9,uncalibrated,4.72,0.0,0.0
30,30,KNN,ball_tree,9,uncalibrated,4.73,0.0,0.0
30,30,KNN,ball_tree,9,uncalibrated,4.74,0.009371565160308648,0.007700920590651429
30,30,KNN,ball_tree,9,uncalibrated,4.75,0.047122614091172146,0.009451664625049913
30,30,KNN,ball_tree,9,uncalibrated,4.76,0.12697502216513315,0.011150278836479227
30,30,KNN,ball_tree,9,uncalibrated,4.77,0.18746878092555946,0.00721314827595021
30,30,KNN,ball_tree,9,uncalibrated,4.78,0.15785755039122168,0.010828296916163008
30,30,KNN,ball_tree,9,uncalibrated,4.79,0.05968649669082243,0.008570530979526259
30,30,KNN,ball_tree,9,uncalibrated,4.81,0.004230896141631392,0.003997514326743267
30,30,KNN,ball_tree,9,uncalibrated,4.82,0.0005293550143508851,0.0004988014249517348
30,30,KNN,ball_tree,9,uncalibrated,4.83,5.795898294906975e-05,4.064082206328057e-05
30,30,KNN,ball_tree,9,uncalibrated,4.84,9.16191392381862e-05,9.161913923818686e-05
30,30,KNN,ball_tree,9,uncalibrated,4.85,0.0,0.0
30,30,KNN,ball_tree,9,uncalibrated,4.86,0.0,0.0
30,30,KNN,ball_tree,9,uncalibrated,4.87,0.0,0.0
30,30,KNN,ball_tree,9,uncalibrated,4.88,0.0,0.0
30,30,KNN,ball_tree,9,uncalibrated,4.9,0.0,0.0
30,30,KNN,ball_tree,9,uncalibrated,4.93,0.0,0.0
30,30,KNN,ball_tree,11,uncalibrated,4.67,0.0,0.0
30,30,KNN,ball_tree,11,uncalibrated,4.7,0.0,0.0
30,30,KNN,ball_tree,11,uncalibrated,4.72,0.0,0.0
30,30,KNN,ball_tree,11,uncalibrated,4.73,0.0,0.0
30,30,KNN,ball_tree,11,uncalibrated,4.74,0.008580044132578905,0.007150531426681515
30,30,KNN,ball_tree,11,uncalibrated,4.75,0.04818589283285742,0.009592365766449066
30,30,KNN,ball_tree,11,uncalibrated,4.76,0.12595987501043457,0.010722163865129654
30,30,KNN,ball_tree,11,uncalibrated,4.77,0.1855599257715297,0.006353821050191888
30,30,KNN,ball_tree,11,uncalibrated,4.78,0.15644607037538652,0.01031674677547631
30,30,KNN,ball_tree,11,uncalibrated,4.79,0.05714373517348394,0.008573860783488247
30,30,KNN,ball_tree,11,uncalibrated,4.81,0.004296922794268126,0.004113075525408914
30,30,KNN,ball_tree,11,uncalibrated,4.82,0.00035436162117702863,0.00033390839190983906
30,30,KNN,ball_tree,11,uncalibrated,4.83,9.704377201834746e-05,7.972921280357075e-05
30,30,KNN,ball_tree,11,uncalibrated,4.84,0.00013799659608396323,0.00013799659608396323
30,30,KNN,ball_tree,11,uncalibrated,4.85,0.0,0.0
30,30,KNN,ball_tree,11,uncalibrated,4.86,0.0,0.0
30,30,KNN,ball_tree,11,uncalibrated,4.87,0.0,0.0
30,30,KNN,ball_tree,11,uncalibrated,4.88,0.0,0.0
30,30,KNN,ball_tree,11,uncalibrated,4.9,0.0,0.0
30,30,KNN,ball_tree,11,uncalibrated,4.93,0.0,0.0
30,30,KNN,ball_tree,13,uncalibrated,4.67,0.0,0.0
30,30,KNN,ball_tree,13,uncalibrated,4.7,0.0,0.0
30,30,KNN,ball_tree,13,uncalibrated,4.72,0.0,0.0
30,30,KNN,ball_tree,13,uncalibrated,4.73,0.0,0.0
30,30,KNN,ball_tree,13,uncalibrated,4.74,0.008664052866046625,0.007077051984973806
30,30,KNN,ball_tree,13,uncalibrated,4.75,0.048366946138738084,0.009674152639030785
30,30,KNN,ball_tree,13,uncalibrated,4.76,0.1259108387587821,0.010893730320502363
30,30,KNN,ball_tree,13,uncalibrated,4.77,0.18425231836675626,0.005839422561830579
30,30,KNN,ball_tree,13,uncalibrated,4.78,0.1547519384800285,0.010860763123798203
30,30,KNN,ball_tree,13,uncalibrated,4.79,0.05771755980851211,0.008653063806175232
30,30,KNN,ball_tree,13,uncalibrated,4.81,0.004069212547730884,0.003921626145085761
30,30,KNN,ball_tree,13,uncalibrated,4.82,0.00038811919939630245,0.0003733113578224524
30,30,KNN,ball_tree,13,uncalibrated,4.83,6.948104387112464e-05,5.708422928539679e-05
30,30,KNN,ball_tree,13,uncalibrated,4.84,9.880229660449568e-05,9.880229660449435e-05
30,30,KNN,ball_tree,13,uncalibrated,4.85,0.0,0.0
30,30,KNN,ball_tree,13,uncalibrated,4.86,0.0,0.0
30,30,KNN,ball_tree,13,uncalibrated,4.87,0.0,0.0
30,30,KNN,ball_tree,13,uncalibrated,4.88,0.0,0.0
30,30,KNN,ball_tree,13,uncalibrated,4.9,0.0,0.0
30,30,KNN,ball_tree,13,uncalibrated,4.93,0.0,0.0
30,30,KNN,ball_tree,15,uncalibrated,4.67,0.0,0.0
30,30,KNN,ball_tree,15,uncalibrated,4.7,0.0,0.0
30,30,KNN,ball_tree,15,uncalibrated,4.72,0.0,0.0
30,30,KNN,ball_tree,15,uncalibrated,4.73,0.0,0.0
30,30,KNN,ball_tree,15,uncalibrated,4.74,0.008280668236488903,0.006267056068618938
30,30,KNN,ball_tree,15,uncalibrated,4.75,0.048970701900717145,0.009575894876623853
30,30,KNN,ball_tree,15,uncalibrated,4.76,0.12656590922303854,0.011247211884479033
30,30,KNN,ball_tree,15,uncalibrated,4.77,0.18353962853460387,0.0051405985257510205
30,30,KNN,ball_tree,15,uncalibrated,4.78,0.15478989340621618,0.011267356268402293
30,30,KNN,ball_tree,15,uncalibrated,4.79,0.05903534508908045,0.008521523087559255
30,30,KNN,ball_tree,15,uncalibrated,4.81,0.00412101429455297,0.003980352204446263
30,30,KNN,ball_tree,15,uncalibrated,4.82,0.00041492017015128184,0.0004037315263835095
30,30,KNN,ball_tree,15,uncalibrated,4.83,6.249610394885205e-05,4.3847763510422396e-05
30,30,KNN,ball_tree,15,uncalibrated,4.84,0.00013193156050299044,0.00013193156050298908
30,30,KNN,ball_tree,15,uncalibrated,4.85,0.0,0.0
30,30,KNN,ball_tree,15,uncalibrated,4.86,0.0,0.0
30,30,KNN,ball_tree,15,uncalibrated,4.87,0.0,0.0
30,30,KNN,ball_tree,15,uncalibrated,4.88,0.0,0.0
30,30,KNN,ball_tree,15,uncalibrated,4.9,0.0,0.0
30,30,KNN,ball_tree,15,uncalibrated,4.93,0.0,0.0
30,30,KNN,ball_tree,17,uncalibrated,4.67,0.0,0.0
30,30,KNN,ball_tree,17,uncalibrated,4.7,0.0,0.0
30,30,KNN,ball_tree,17,uncalibrated,4.72,0.0,0.0
30,30,KNN,ball_tree,17,uncalibrated,4.73,2.322180422491016e-05,1.6280168805355138e-05
30,30,KNN,ball_tree,17,uncalibrated,4.74,0.008172983993258566,0.006576401924868511
30,30,KNN,ball_tree,17,uncalibrated,4.75,0.04912912493095152,0.009532465494161134
30,30,KNN,ball_tree,17,uncalibrated,4.76,0.12709068347305535,0.011068051636324355
30,30,KNN,ball_tree,17,uncalibrated,4.77,0.18280270446755276,0.005545689404733126
30,30,KNN,ball_tree,17,uncalibrated,4.78,0.15465938591704778,0.010737140044302235
30,30,KNN,ball_tree,17,uncalibrated,4.79,0.05606074342208939,0.008391398185793262
30,30,KNN,ball_tree,17,uncalibrated,4.81,0.004148982293957712,0.003964599842589953
30,30,KNN,ball_tree,17,uncalibrated,4.82,0.0004365828267148773,0.0004278411190432218
30,30,KNN,ball_tree,17,uncalibrated,4.83,4.86561362923571e-05,3.4137532144792616e-05
30,30,KNN,ball_tree,17,uncalibrated,4.84,0.000160492004288345,0.0001604920042883463
30,30,KNN,ball_tree,17,uncalibrated,4.85,0.0,0.0
30,30,KNN,ball_tree,17,uncalibrated,4.86,0.0,0.0
30,30,KNN,ball_tree,17,uncalibrated,4.87,0.0,0.0
30,30,KNN,ball_tree,17,uncalibrated,4.88,0.0,0.0
30,30,KNN,ball_tree,17,uncalibrated,4.9,0.0,0.0
30,30,KNN,ball_tree,17,uncalibrated,4.93,0.0,0.0
30,30,KNN,ball_tree,19,uncalibrated,4.67,0.0,0.0
30,30,KNN,ball_tree,19,uncalibrated,4.7,0.0,0.0
30,30,KNN,ball_tree,19,uncalibrated,4.72,0.0,0.0
30,30,KNN,ball_tree,19,uncalibrated,4.73,1.8590308645426775e-05,1.3033154528386777e-05
30,30,KNN,ball_tree,19,uncalibrated,4.74,0.00864042735299607,0.006544821492643834
30,30,KNN,ball_tree,19,uncalibrated,4.75,0.04940068452609033,0.009417266771521642
30,30,KNN,ball_tree,19,uncalibrated,4.76,0.12779331119925522,0.01129963471017705
30,30,KNN,ball_tree,19,uncalibrated,4.77,0.18172492711597,0.005433841238915457
30,30,KNN,ball_tree,19,uncalibrated,4.78,0.15480302257947715,0.010265707426120735
30,30,KNN,ball_tree,19,uncalibrated,4.79,0.05547481826600569,0.008302564653061343
30,30,KNN,ball_tree,19,uncalibrated,4.81,0.004123757480692949,0.003961046268432889
30,30,KNN,ball_tree,19,uncalibrated,4.82,0.0004610737822921455,0.00044708009530064865
30,30,KNN,ball_tree,19,uncalibrated,4.83,3.895186534208503e-05,2.7328938476025072e-05
30,30,KNN,ball_tree,19,uncalibrated,4.84,0.00018501482688265303,0.00018501482688265434
30,30,KNN,ball_tree,19,uncalibrated,4.85,0.0,0.0
30,30,KNN,ball_tree,19,uncalibrated,4.86,0.0,0.0
30,30,KNN,ball_tree,19,uncalibrated,4.87,0.0,0.0
30,30,KNN,ball_tree,19,uncalibrated,4.88,0.0,0.0
30,30,KNN,ball_tree,19,uncalibrated,4.9,0.0,0.0
30,30,KNN,ball_tree,19,uncalibrated,4.93,0.0,0.0
30,30,KNN,ball_tree,21,uncalibrated,4.67,0.0,0.0
30,30,KNN,ball_tree,21,uncalibrated,4.7,0.0,0.0
30,30,KNN,ball_tree,21,uncalibrated,4.72,0.0,0.0
30,30,KNN,ball_tree,21,uncalibrated,4.73,2.309570774632141e-05,1.3021319297103056e-05
30,30,KNN,ball_tree,21,uncalibrated,4.74,0.00824744640895433,0.006296557615863462
30,30,KNN,ball_tree,21,uncalibrated,4.75,0.049826592752353786,0.009423291765529395
30,30,KNN,ball_tree,21,uncalibrated,4.76,0.12727678002744136,0.011662788980000264
30,30,KNN,ball_tree,21,uncalibrated,4.77,0.18079772294117696,0.005221654664759782
30,30,KNN,ball_tree,21,uncalibrated,4.78,0.15401071309156156,0.0102794717967815
30,30,KNN,ball_tree,21,uncalibrated,4.79,0.05417613020482596,0.008158685272072178
30,30,KNN,ball_tree,21,uncalibrated,4.81,0.003965774103778668,0.003820325474520188
30,30,KNN,ball_tree,21,uncalibrated,4.82,0.0004747191835676146,0.00046324685509845694
30,30,KNN,ball_tree,21,uncalibrated,4.83,3.188576732084265e-05,2.2371307913480845e-05
30,30,KNN,ball_tree,21,uncalibrated,4.84,0.00020614306328592047,0.0002061430632859205
30,30,KNN,ball_tree,21,uncalibrated,4.85,0.0,0.0
30,30,KNN,ball_tree,21,uncalibrated,4.86,0.0,0.0
30,30,KNN,ball_tree,21,uncalibrated,4.87,0.0,0.0
30,30,KNN,ball_tree,21,uncalibrated,4.88,0.0,0.0
30,30,KNN,ball_tree,21,uncalibrated,4.9,0.0,0.0
30,30,KNN,ball_tree,21,uncalibrated,4.93,0.0,0.0
30,30,KNN,ball_tree,23,uncalibrated,4.67,0.0,0.0
30,30,KNN,ball_tree,23,uncalibrated,4.7,0.0,0.0
30,30,KNN,ball_tree,23,uncalibrated,4.72,0.0,0.0
30,30,KNN,ball_tree,23,uncalibrated,4.73,1.9253699652415366e-05,1.0855201909305197e-05
30,30,KNN,ball_tree,23,uncalibrated,4.74,0.008346259750680152,0.006369744942517057
30,30,KNN,ball_tree,23,uncalibrated,4.75,0.0502854621889787,0.009449918159560916
30,30,KNN,ball_tree,23,uncalibrated,4.76,0.12726904519903176,0.01167409999035046
30,30,KNN,ball_tree,23,uncalibrated,4.77,0.18050573131132322,0.005414636583842189
30,30,KNN,ball_tree,23,uncalibrated,4.78,0.153247673418476,0.010846909799198345
30,30,KNN,ball_tree,23,uncalibrated,4.79,0.05380512926927421,0.008120901183765402
30,30,KNN,ball_tree,23,uncalibrated,4.81,0.004006682728369329,0.003828653214050127
30,30,KNN,ball_tree,23,uncalibrated,4.82,0.0004863992241014853,0.00047682525764386485
30,30,KNN,ball_tree,23,uncalibrated,4.83,2.658151869280082e-05,1.8649804895737372e-05
30,30,KNN,ball_tree,23,uncalibrated,4.84,0.00017185083347654858,0.0001718508334765424
30,30,KNN,ball_tree,23,uncalibrated,4.85,0.0,0.0
30,30,KNN,ball_tree,23,uncalibrated,4.86,0.0,0.0
30,30,KNN,ball_tree,23,uncalibrated,4.87,0.0,0.0
30,30,KNN,ball_tree,23,uncalibrated,4.88,0.0,0.0
30,30,KNN,ball_tree,23,uncalibrated,4.9,0.0,0.0
30,30,KNN,ball_tree,23,uncalibrated,4.93,0.0,0.0
30,30,KNN,ball_tree,25,uncalibrated,4.67,0.0,0.0
30,30,KNN,ball_tree,25,uncalibrated,4.7,0.0,0.0
30,30,KNN,ball_tree,25,uncalibrated,4.72,0.0,0.0
30,30,KNN,ball_tree,25,uncalibrated,4.73,1.6296331385804303e-05,9.187842896035926e-06
30,30,KNN,ball_tree,25,uncalibrated,4.74,0.008690950368535651,0.00665498460809851
30,30,KNN,ball_tree,25,uncalibrated,4.75,0.050651905283914445,0.009393171868974417
30,30,KNN,ball_tree,25,uncalibrated,4.76,0.1275378426681152,0.011407123585034328
30,30,KNN,ball_tree,25,uncalibrated,4.77,0.1801691199054201,0.005416306024772932
30,30,KNN,ball_tree,25,uncalibrated,4.78,0.15215041634274096,0.011295955369595545
30,30,KNN,ball_tree,25,uncalibrated,4.79,0.05487579685337979,0.008322676966535242
30,30,KNN,ball_tree,25,uncalibrated,4.81,0.0038914690743312246,0.0037361410897604635
30,30,KNN,ball_tree,25,uncalibrated,4.82,0.0005893836222302363,0.0005812694186403891
30,30,KNN,ball_tree,25,uncalibrated,4.83,2.249859742158616e-05,1.578519486375208e-05
30,30,KNN,ball_tree,25,uncalibrated,4.84,0.00014545454545454136,0.0001454545454545455
30,30,KNN,ball_tree,25,uncalibrated,4.85,0.0,0.0
30,30,KNN,ball_tree,25,uncalibrated,4.86,0.0,0.0
30,30,KNN,ball_tree,25,uncalibrated,4.87,0.0,0.0
30,30,KNN,ball_tree,25,uncalibrated,4.88,0.0,0.0
30,30,KNN,ball_tree,25,uncalibrated,4.9,0.0,0.0
30,30,KNN,ball_tree,25,uncalibrated,4.93,0.0,0.0
30,30,KNN,ball_tree,27,uncalibrated,4.67,0.0,0.0
30,30,KNN,ball_tree,27,uncalibrated,4.7,0.0,0.0
30,30,KNN,ball_tree,27,uncalibrated,4.72,0.0,0.0
30,30,KNN,ball_tree,27,uncalibrated,4.73,1.3971477525552323e-05,7.877094389605558e-06
30,30,KNN,ball_tree,27,uncalibrated,4.74,0.008736389871384195,0.006523229801397856
30,30,KNN,ball_tree,27,uncalibrated,4.75,0.050596441631750255,0.009361006557510607
30,30,KNN,ball_tree,27,uncalibrated,4.76,0.12786551939101867,0.01118604824642248
30,30,KNN,ball_tree,27,uncalibrated,4.77,0.17964254186538747,0.005240189348696517
30,30,KNN,ball_tree,27,uncalibrated,4.78,0.1515638435930171,0.011533060515445975
30,30,KNN,ball_tree,27,uncalibrated,4.79,0.0540967148165093,0.008659222245573093
30,30,KNN,ball_tree,27,uncalibrated,4.81,0.0037504294111838305,0.003567378029955902
30,30,KNN,ball_tree,27,uncalibrated,4.82,0.0006954853952539722,0.0006781681754356321
30,30,KNN,ball_tree,27,uncalibrated,4.83,1.9288920971868394e-05,1.3533260342723004e-05
30,30,KNN,ball_tree,27,uncalibrated,4.84,0.00016287846975677662,0.00016287846975677662
30,30,KNN,ball_tree,27,uncalibrated,4.85,0.0,0.0
30,30,KNN,ball_tree,27,uncalibrated,4.86,0.0,0.0
30,30,KNN,ball_tree,27,uncalibrated,4.87,0.0,0.0
30,30,KNN,ball_tree,27,uncalibrated,4.88,0.0,0.0
30,30,KNN,ball_tree,27,uncalibrated,4.9,0.0,0.0
30,30,KNN,ball_tree,27,uncalibrated,4.93,0.0,0.0
30,30,KNN,ball_tree,29,uncalibrated,4.67,0.0,0.0
30,30,KNN,ball_tree,29,uncalibrated,4.7,0.0,0.0
30,30,KNN,ball_tree,29,uncalibrated,4.72,0.0,0.0
30,30,KNN,ball_tree,29,uncalibrated,4.73,1.2110828913350476e-05,6.828063983379853e-06
30,30,KNN,ball_tree,29,uncalibrated,4.74,0.008858922902084516,0.006310088319358658
30,30,KNN,ball_tree,29,uncalibrated,4.75,0.05085837861445407,0.009378190402647537
30,30,KNN,ball_tree,29,uncalibrated,4.76,0.12822076600497334,0.011042142848943318
30,30,KNN,ball_tree,29,uncalibrated,4.77,0.17896353984457122,0.005179127615048719
30,30,KNN,ball_tree,29,uncalibrated,4.78,0.15152413118013447,0.010915808868037474
30,30,KNN,ball_tree,29,uncalibrated,4.79,0.05410638596910763,0.008942647626419721
30,30,KNN,ball_tree,29,uncalibrated,4.81,0.0037669970095118113,0.003552193036314743
30,30,KNN,ball_tree,29,uncalibrated,4.82,0.0006898959854902884,0.0006748693587826381
30,30,KNN,ball_tree,29,uncalibrated,4.83,1.9464620248151588e-05,1.1972205864839175e-05
30,30,KNN,ball_tree,29,uncalibrated,4.84,0.00022272805637220787,0.00022050413695723963
30,30,KNN,ball_tree,29,uncalibrated,4.85,0.0,0.0
30,30,KNN,ball_tree,29,uncalibrated,4.86,0.0,0.0
30,30,KNN,ball_tree,29,uncalibrated,4.87,0.0,0.0
30,30,KNN,ball_tree,29,uncalibrated,4.88,0.0,0.0
30,30,KNN,ball_tree,29,uncalibrated,4.9,0.0,0.0
30,30,KNN,ball_tree,29,uncalibrated,4.93,0.0,0.0
30,30,KNN,ball_tree,31,uncalibrated,4.67,0.0,0.0
30,30,KNN,ball_tree,31,uncalibrated,4.7,0.0,0.0
30,30,KNN,ball_tree,31,uncalibrated,4.72,0.0,0.0
30,30,KNN,ball_tree,31,uncalibrated,4.73,1.0598550589102852e-05,5.975444131136772e-06
30,30,KNN,ball_tree,31,uncalibrated,4.74,0.008637260319084156,0.0063846883783689875
30,30,KNN,ball_tree,31,uncalibrated,4.75,0.050825628941772893,0.009400686777945089
30,30,KNN,ball_tree,31,uncalibrated,4.76,0.12747570974089642,0.011259054856176193
30,30,KNN,ball_tree,31,uncalibrated,4.77,0.17874962069867073,0.00512864905226503
30,30,KNN,ball_tree,31,uncalibrated,4.78,0.15090163740763807,0.01118535724496654
30,30,KNN,ball_tree,31,uncalibrated,4.79,0.0540102788707916,0.0089983265841381
30,30,KNN,ball_tree,31,uncalibrated,4.81,0.003624192731659774,0.003428892189804408
30,30,KNN,ball_tree,31,uncalibrated,4.82,0.0006851682617117414,0.0006720069080002392
30,30,KNN,ball_tree,31,uncalibrated,4.83,1.703407453558455e-05,1.0477237390561659e-05
30,30,KNN,ball_tree,31,uncalibrated,4.84,0.00023545094636656964,0.00023350319972138367
30,30,KNN,ball_tree,31,uncalibrated,4.85,0.0,0.0
30,30,KNN,ball_tree,31,uncalibrated,4.86,0.0,0.0
30,30,KNN,ball_tree,31,uncalibrated,4.87,0.0,0.0
30,30,KNN,ball_tree,31,uncalibrated,4.88,0.0,0.0
30,30,KNN,ball_tree,31,uncalibrated,4.9,0.0,0.0
30,30,KNN,ball_tree,31,uncalibrated,4.93,0.0,0.0
30,30,KNN,ball_tree,33,uncalibrated,4.67,0.0,0.0
30,30,KNN,ball_tree,33,uncalibrated,4.7,0.0,0.0
30,30,KNN,ball_tree,33,uncalibrated,4.72,0.0,0.0
30,30,KNN,ball_tree,33,uncalibrated,4.73,9.352807269171504e-06,5.2730962442814e-06
30,30,KNN,ball_tree,33,uncalibrated,4.74,0.008831254724152356,0.006420391893881226
30,30,KNN,ball_tree,33,uncalibrated,4.75,0.05096351160413377,0.009380101873239058
30,30,KNN,ball_tree,33,uncalibrated,4.76,0.12741226560703156,0.010882893484878725
30,30,KNN,ball_tree,33,uncalibrated,4.77,0.1780877575804341,0.005068580981406118
30,30,KNN,ball_tree,33,uncalibrated,4.78,0.1506311626337697,0.011209374075482876
30,30,KNN,ball_tree,33,uncalibrated,4.79,0.05311658495537747,0.008864090263073086
30,30,KNN,ball_tree,33,uncalibrated,4.81,0.003659341744738315,0.003429694726048632
30,30,KNN,ball_tree,33,uncalibrated,4.82,0.0006811215613068851,0.000669499132755853
30,30,KNN,ball_tree,33,uncalibrated,4.83,1.5031905995130835e-05,9.245753105904255e-06
30,30,KNN,ball_tree,33,uncalibrated,4.84,0.00021281680269727852,0.00020602217805679884
30,30,KNN,ball_tree,33,uncalibrated,4.85,0.0,0.0
30,30,KNN,ball_tree,33,uncalibrated,4.86,0.0,0.0
30,30,KNN,ball_tree,33,uncalibrated,4.87,0.0,0.0
30,30,KNN,ball_tree,33,uncalibrated,4.88,0.0,0.0
30,30,KNN,ball_tree,33,uncalibrated,4.9,0.0,0.0
30,30,KNN,ball_tree,33,uncalibrated,4.93,0.0,0.0
30,30,KNN,ball_tree,35,uncalibrated,4.67,0.0,0.0
30,30,KNN,ball_tree,35,uncalibrated,4.7,0.0,0.0
30,30,KNN,ball_tree,35,uncalibrated,4.72,0.0,0.0
30,30,KNN,ball_tree,35,uncalibrated,4.73,1.639795398937347e-05,1.1505608859416781e-05
30,30,KNN,ball_tree,35,uncalibrated,4.74,0.008821219589916851,0.00639123942259831
30,30,KNN,ball_tree,35,uncalibrated,4.75,0.05054749082696965,0.009338985618653692
30,30,KNN,ball_tree,35,uncalibrated,4.76,0.1276102151119086,0.010851555618007023
30,30,KNN,ball_tree,35,uncalibrated,4.77,0.17777887313309929,0.004968993625568692
30,30,KNN,ball_tree,35,uncalibrated,4.78,0.15005632969900778,0.011705689807303674
30,30,KNN,ball_tree,35,uncalibrated,4.79,0.052569372046901354,0.008956146660064708
30,30,KNN,ball_tree,35,uncalibrated,4.81,0.003465425269995241,0.003256454288304775
30,30,KNN,ball_tree,35,uncalibrated,4.82,0.0006055031675617694,0.000595171065772346
30,30,KNN,ball_tree,35,uncalibrated,4.83,1.3363057656079755e-05,8.219285822309999e-06
30,30,KNN,ball_tree,35,uncalibrated,4.84,0.00018918979439782016,0.00018314951175824807
30,30,KNN,ball_tree,35,uncalibrated,4.85,0.0,0.0
30,30,KNN,ball_tree,35,uncalibrated,4.86,0.0,0.0
30,30,KNN,ball_tree,35,uncalibrated,4.87,0.0,0.0
30,30,KNN,ball_tree,35,uncalibrated,4.88,0.0,0.0
30,30,KNN,ball_tree,35,uncalibrated,4.9,0.0,0.0
30,30,KNN,ball_tree,35,uncalibrated,4.93,0.0,0.0
30,30,KNN,ball_tree,37,uncalibrated,4.67,0.0,0.0
30,30,KNN,ball_tree,37,uncalibrated,4.7,0.0,0.0
30,30,KNN,ball_tree,37,uncalibrated,4.72,0.0,0.0
30,30,KNN,ball_tree,37,uncalibrated,4.73,2.0707737495083595e-05,1.4720562164498129e-05
30,30,KNN,ball_tree,37,uncalibrated,4.74,0.008806511624121622,0.006377913775946429
30,30,KNN,ball_tree,37,uncalibrated,4.75,0.050871836198011146,0.00935122413070947
30,30,KNN,ball_tree,37,uncalibrated,4.76,0.12811743573393464,0.010776563040695176
30,30,KNN,ball_tree,37,uncalibrated,4.77,0.17785590709250235,0.004851549098925638
30,30,KNN,ball_tree,37,uncalibrated,4.78,0.1500208858154261,0.011653036758346058
30,30,KNN,ball_tree,37,uncalibrated,4.79,0.05255387013494216,0.008844471432425486
30,30,KNN,ball_tree,37,uncalibrated,4.81,0.003487558427951847,0.0032964016284662543
30,30,KNN,ball_tree,37,uncalibrated,4.82,0.0006063451907026249,0.0005970945709476461
30,30,KNN,ball_tree,37,uncalibrated,4.83,1.1957447500874292e-05,7.354729826391344e-06
30,30,KNN,ball_tree,37,uncalibrated,4.84,0.0001692896261046944,0.00016388469824971067
30,30,KNN,ball_tree,37,uncalibrated,4.85,0.0,0.0
30,30,KNN,ball_tree,37,uncalibrated,4.86,0.0,0.0
30,30,KNN,ball_tree,37,uncalibrated,4.87,0.0,0.0
30,30,KNN,ball_tree,37,uncalibrated,4.88,0.0,0.0
30,30,KNN,ball_tree,37,uncalibrated,4.9,0.0,0.0
30,30,KNN,ball_tree,37,uncalibrated,4.93,0.0,0.0
30,30,KNN,ball_tree,39,uncalibrated,4.67,0.0,0.0
30,30,KNN,ball_tree,39,uncalibrated,4.7,0.0,0.0
30,30,KNN,ball_tree,39,uncalibrated,4.72,0.0,0.0
30,30,KNN,ball_tree,39,uncalibrated,4.73,1.86383252010318e-05,1.3249473769360904e-05
30,30,KNN,ball_tree,39,uncalibrated,4.74,0.008730434500644504,0.006507342232036675
30,30,KNN,ball_tree,39,uncalibrated,4.75,0.05061551313562208,0.009351960287373949
30,30,KNN,ball_tree,39,uncalibrated,4.76,0.1275208564433978,0.010753522786784367
30,30,KNN,ball_tree,39,uncalibrated,4.77,0.17751458430056058,0.004876992898780659
30,30,KNN,ball_tree,39,uncalibrated,4.78,0.15008947823866137,0.011605531622831275
30,30,KNN,ball_tree,39,uncalibrated,4.79,0.05226652295817231,0.008666447790515895
30,30,KNN,ball_tree,39,uncalibrated,4.81,0.0034056189249644943,0.0032300851747264782
30,30,KNN,ball_tree,39,uncalibrated,4.82,0.0006718793246815656,0.0006635457737253895
30,30,KNN,ball_tree,39,uncalibrated,4.83,1.0762488907756139e-05,6.619740389434421e-06
30,30,KNN,ball_tree,39,uncalibrated,4.84,0.00018041759527544126,0.0001755402944130426
30,30,KNN,ball_tree,39,uncalibrated,4.85,0.0,0.0
30,30,KNN,ball_tree,39,uncalibrated,4.86,0.0,0.0
30,30,KNN,ball_tree,39,uncalibrated,4.87,0.0,0.0
30,30,KNN,ball_tree,39,uncalibrated,4.88,0.0,0.0
30,30,KNN,ball_tree,39,uncalibrated,4.9,0.0,0.0
30,30,KNN,ball_tree,39,uncalibrated,4.93,0.0,0.0
30,30,KNN,ball_tree,41,uncalibrated,4.67,0.0,0.0
30,30,KNN,ball_tree,41,uncalibrated,4.7,0.0,0.0
30,30,KNN,ball_tree,41,uncalibrated,4.72,0.0,0.0
30,30,KNN,ball_tree,41,uncalibrated,4.73,2.1176903845290772e-05,1.2801477682650635e-05
30,30,KNN,ball_tree,41,uncalibrated,4.74,0.008629033003504252,0.006373133275004745
30,30,KNN,ball_tree,41,uncalibrated,4.75,0.05064329454998942,0.009369028430026884
30,30,KNN,ball_tree,41,uncalibrated,4.76,0.127274945543051,0.0107326148755256
30,30,KNN,ball_tree,41,uncalibrated,4.77,0.17695769966861996,0.004852673828211664
30,30,KNN,ball_tree,41,uncalibrated,4.78,0.14982246638820887,0.011814063281718634
30,30,KNN,ball_tree,41,uncalibrated,4.79,0.052478899423767836,0.00868389387704785
30,30,KNN,ball_tree,41,uncalibrated,4.81,0.0034272620396257995,0.0032643195864864604
30,30,KNN,ball_tree,41,uncalibrated,4.82,0.0006079288833079857,0.0006003885317289215
30,30,KNN,ball_tree,41,uncalibrated,4.83,9.738099719629051e-06,5.989663969262212e-06
30,30,KNN,ball_tree,41,uncalibrated,4.84,0.00019082891245074125,0.0001864070687850542
30,30,KNN,ball_tree,41,uncalibrated,4.85,0.0,0.0
30,30,KNN,ball_tree,41,uncalibrated,4.86,0.0,0.0
30,30,KNN,ball_tree,41,uncalibrated,4.87,0.0,0.0
30,30,KNN,ball_tree,41,uncalibrated,4.88,0.0,0.0
30,30,KNN,ball_tree,41,uncalibrated,4.9,0.0,0.0
30,30,KNN,ball_tree,41,uncalibrated,4.93,0.0,0.0
30,30,KNN,ball_tree,43,uncalibrated,4.67,0.0,0.0
30,30,KNN,ball_tree,43,uncalibrated,4.7,0.0,0.0
30,30,KNN,ball_tree,43,uncalibrated,4.72,0.0,0.0
30,30,KNN,ball_tree,43,uncalibrated,4.73,1.9252771965350647e-05,1.1638336389689408e-05
30,30,KNN,ball_tree,43,uncalibrated,4.74,0.008777535260981788,0.006478551679508298
30,30,KNN,ball_tree,43,uncalibrated,4.75,0.05071229898773714,0.009367892518379614
30,30,KNN,ball_tree,43,uncalibrated,4.76,0.1271418767749433,0.010820487551615427
30,30,KNN,ball_tree,43,uncalibrated,4.77,0.17671982508950548,0.004815548427715257
30,30,KNN,ball_tree,43,uncalibrated,4.78,0.1498644860438786,0.011810824653229565
30,30,KNN,ball_tree,43,uncalibrated,4.79,0.05230050286068832,0.008596863803427569
30,30,KNN,ball_tree,43,uncalibrated,4.81,0.0034206679414702677,0.0032688033701935206
30,30,KNN,ball_tree,43,uncalibrated,4.82,0.0006086669301249235,0.0006018093312901025
30,30,KNN,ball_tree,43,uncalibrated,4.83,8.853296716439665e-06,5.445443554532047e-06
30,30,KNN,ball_tree,43,uncalibrated,4.84,0.00017349021191438146,0.00016947013662935436
30,30,KNN,ball_tree,43,uncalibrated,4.85,0.0,0.0
30,30,KNN,ball_tree,43,uncalibrated,4.86,0.0,0.0
30,30,KNN,ball_tree,43,uncalibrated,4.87,0.0,0.0
30,30,KNN,ball_tree,43,uncalibrated,4.88,0.0,0.0
30,30,KNN,ball_tree,43,uncalibrated,4.9,0.0,0.0
30,30,KNN,ball_tree,43,uncalibrated,4.93,0.0,0.0
30,30,KNN,ball_tree,45,uncalibrated,4.67,0.0,0.0
30,30,KNN,ball_tree,45,uncalibrated,4.7,0.0,0.0
30,30,KNN,ball_tree,45,uncalibrated,4.72,0.0,0.0
30,30,KNN,ball_tree,45,uncalibrated,4.73,2.4187521123210306e-05,1.6509897544486237e-05
30,30,KNN,ball_tree,45,uncalibrated,4.74,0.008781223913783245,0.006369376401423126
30,30,KNN,ball_tree,45,uncalibrated,4.75,0.05100352122070222,0.009421278944997044
30,30,KNN,ball_tree,45,uncalibrated,4.76,0.126637636535799,0.01039890807523826
30,30,KNN,ball_tree,45,uncalibrated,4.77,0.17642563255057347,0.005056700893466109
30,30,KNN,ball_tree,45,uncalibrated,4.78,0.14956226507189374,0.011329670093152182
30,30,KNN,ball_tree,45,uncalibrated,4.79,0.05185571694070223,0.008543469589645419
30,30,KNN,ball_tree,45,uncalibrated,4.81,0.003402729554553823,0.003261211256590156
30,30,KNN,ball_tree,45,uncalibrated,4.82,0.0006654667016656299,0.0006592016909836658
30,30,KNN,ball_tree,45,uncalibrated,4.83,8.083825001825362e-06,4.972160559175181e-06
30,30,KNN,ball_tree,45,uncalibrated,4.84,0.00015841155645911084,0.00015474088030996351
30,30,KNN,ball_tree,45,uncalibrated,4.85,0.0,0.0
30,30,KNN,ball_tree,45,uncalibrated,4.86,0.0,0.0
30,30,KNN,ball_tree,45,uncalibrated,4.87,0.0,0.0
30,30,KNN,ball_tree,45,uncalibrated,4.88,0.0,0.0
30,30,KNN,ball_tree,45,uncalibrated,4.9,0.0,0.0
30,30,KNN,ball_tree,45,uncalibrated,4.93,0.0,0.0
30,30,KNN,ball_tree,47,uncalibrated,4.67,0.0,0.0
30,30,KNN,ball_tree,47,uncalibrated,4.7,0.0,0.0
30,30,KNN,ball_tree,47,uncalibrated,4.72,0.0,0.0
30,30,KNN,ball_tree,47,uncalibrated,4.73,3.331510298818875e-05,2.4935004084869288e-05
30,30,KNN,ball_tree,47,uncalibrated,4.74,0.008772353988369798,0.006359727663519322
30,30,KNN,ball_tree,47,uncalibrated,4.75,0.05106136350974678,0.009383539201486126
30,30,KNN,ball_tree,47,uncalibrated,4.76,0.12647739420139603,0.010298225521041373
30,30,KNN,ball_tree,47,uncalibrated,4.77,0.17637680158764227,0.005090570298456362
30,30,KNN,ball_tree,47,uncalibrated,4.78,0.14957827338654545,0.011430846959913574
30,30,KNN,ball_tree,47,uncalibrated,4.79,0.05193884716638975,0.008451696320278035
30,30,KNN,ball_tree,47,uncalibrated,4.81,0.00328055629159009,0.003149206321969497
30,30,KNN,ball_tree,47,uncalibrated,4.82,0.0006100362475658043,0.0006042930847632066
30,30,KNN,ball_tree,47,uncalibrated,4.83,8.028839920985077e-06,5.232670364754546e-06
30,30,KNN,ball_tree,47,uncalibrated,4.84,0.00016788692457429116,0.0001645167286911631
30,30,KNN,ball_tree,47,uncalibrated,4.85,0.0,0.0
30,30,KNN,ball_tree,47,uncalibrated,4.86,0.0,0.0
30,30,KNN,ball_tree,47,uncalibrated,4.87,0.0,0.0
30,30,KNN,ball_tree,47,uncalibrated,4.88,0.0,0.0
30,30,KNN,ball_tree,47,uncalibrated,4.9,0.0,0.0
30,30,KNN,ball_tree,47,uncalibrated,4.93,0.0,0.0
30,30,KNN,ball_tree,49,uncalibrated,4.67,0.0,0.0
30,30,KNN,ball_tree,49,uncalibrated,4.7,0.0,0.0
30,30,KNN,ball_tree,49,uncalibrated,4.72,0.0,0.0
30,30,KNN,ball_tree,49,uncalibrated,4.73,5.0178738523896504e-05,3.68603782788465e-05
30,30,KNN,ball_tree,49,uncalibrated,4.74,0.008825636508160931,0.006381566288338101
30,30,KNN,ball_tree,49,uncalibrated,4.75,0.05120917384107877,0.009382330698496512
30,30,KNN,ball_tree,49,uncalibrated,4.76,0.1265117359900873,0.010379132518413674
30,30,KNN,ball_tree,49,uncalibrated,4.77,0.17556172677864143,0.0049391267285411695
30,30,KNN,ball_tree,49,uncalibrated,4.78,0.14907866114080037,0.011291549110464776
30,30,KNN,ball_tree,49,uncalibrated,4.79,0.052013735404516655,0.008449179521834762
30,30,KNN,ball_tree,49,uncalibrated,4.81,0.003271323080389851,0.00314789369968844
30,30,KNN,ball_tree,49,uncalibrated,4.82,0.000562165903545821,0.000555837482005302
30,30,KNN,ball_tree,49,uncalibrated,4.83,7.386800243838363e-06,4.814231085273983e-06
30,30,KNN,ball_tree,49,uncalibrated,4.84,0.00020081281587332387,0.000197705064961667
30,30,KNN,ball_tree,49,uncalibrated,4.85,0.0,0.0
30,30,KNN,ball_tree,49,uncalibrated,4.86,0.0,0.0
30,30,KNN,ball_tree,49,uncalibrated,4.87,0.0,0.0
30,30,KNN,ball_tree,49,uncalibrated,4.88,0.0,0.0
30,30,KNN,ball_tree,49,uncalibrated,4.9,0.0,0.0
30,30,KNN,ball_tree,49,uncalibrated,4.93,0.0,0.0
30,30,KNN,ball_tree,51,uncalibrated,4.67,0.0,0.0
30,30,KNN,ball_tree,51,uncalibrated,4.7,0.0,0.0
30,30,KNN,ball_tree,51,uncalibrated,4.72,0.0,0.0
30,30,KNN,ball_tree,51,uncalibrated,4.73,4.752675948973365e-05,3.3980221044215575e-05
30,30,KNN,ball_tree,51,uncalibrated,4.74,0.008849350913225217,0.006406559782331118
30,30,KNN,ball_tree,51,uncalibrated,4.75,0.051382020539987326,0.00942070499315481
30,30,KNN,ball_tree,51,uncalibrated,4.76,0.12640379215953182,0.010270382254436229
30,30,KNN,ball_tree,51,uncalibrated,4.77,0.17538974985121025,0.004911313426342532
30,30,KNN,ball_tree,51,uncalibrated,4.78,0.1486449940786822,0.01141090662479885
30,30,KNN,ball_tree,51,uncalibrated,4.79,0.051932123452978055,0.00834939310194175
30,30,KNN,ball_tree,51,uncalibrated,4.81,0.003257171188654394,0.0031414175771808887
30,30,KNN,ball_tree,51,uncalibrated,4.82,0.0005645504291939716,0.000558707543528662
30,30,KNN,ball_tree,51,uncalibrated,4.83,6.818803300828782e-06,4.444047995287509e-06
30,30,KNN,ball_tree,51,uncalibrated,4.84,0.00020890507915577412,0.00020603388674603052
30,30,KNN,ball_tree,51,uncalibrated,4.85,0.0,0.0
30,30,KNN,ball_tree,51,uncalibrated,4.86,0.0,0.0
30,30,KNN,ball_tree,51,uncalibrated,4.87,0.0,0.0
30,30,KNN,ball_tree,51,uncalibrated,4.88,0.0,0.0
30,30,KNN,ball_tree,51,uncalibrated,4.9,0.0,0.0
30,30,KNN,ball_tree,51,uncalibrated,4.93,0.0,0.0
30,30,KNN,ball_tree,61,uncalibrated,4.67,0.0,0.0
30,30,KNN,ball_tree,61,uncalibrated,4.7,0.0,0.0
30,30,KNN,ball_tree,61,uncalibrated,4.72,0.0,0.0
30,30,KNN,ball_tree,61,uncalibrated,4.73,3.670550873814812e-05,2.388748228128381e-05
30,30,KNN,ball_tree,61,uncalibrated,4.74,0.009111381549947756,0.006363636305783272
30,30,KNN,ball_tree,61,uncalibrated,4.75,0.051596136685889665,0.009316959858943001
30,30,KNN,ball_tree,61,uncalibrated,4.76,0.1267470905777932,0.010055599864926861
30,30,KNN,ball_tree,61,uncalibrated,4.77,0.1740767689458439,0.004992137449409303
30,30,KNN,ball_tree,61,uncalibrated,4.78,0.14756256301183465,0.011097243602501833
30,30,KNN,ball_tree,61,uncalibrated,4.79,0.05094783034830886,0.008072492244074077
30,30,KNN,ball_tree,61,uncalibrated,4.81,0.00305290496748586,0.002963025005417383
30,30,KNN,ball_tree,61,uncalibrated,4.82,0.00042786388156515156,0.0004237790210913211
30,30,KNN,ball_tree,61,uncalibrated,4.83,4.7663819901789636e-06,3.1064146293315876e-06
30,30,KNN,ball_tree,61,uncalibrated,4.84,0.000163473051866613,0.00016146467176390524
30,30,KNN,ball_tree,61,uncalibrated,4.85,0.0,0.0
30,30,KNN,ball_tree,61,uncalibrated,4.86,0.0,0.0
30,30,KNN,ball_tree,61,uncalibrated,4.87,0.0,0.0
30,30,KNN,ball_tree,61,uncalibrated,4.88,0.0,0.0
30,30,KNN,ball_tree,61,uncalibrated,4.9,0.0,0.0
30,30,KNN,ball_tree,61,uncalibrated,4.93,0.0,0.0
30,30,KNN,ball_tree,81,uncalibrated,4.67,0.0,0.0
30,30,KNN,ball_tree,81,uncalibrated,4.7,0.0,0.0
30,30,KNN,ball_tree,81,uncalibrated,4.72,0.0,0.0
30,30,KNN,ball_tree,81,uncalibrated,4.73,4.792711884673736e-05,2.9715496107814358e-05
30,30,KNN,ball_tree,81,uncalibrated,4.74,0.008948815987788523,0.006015184987041047
30,30,KNN,ball_tree,81,uncalibrated,4.75,0.051099167399350734,0.009127951999644224
30,30,KNN,ball_tree,81,uncalibrated,4.76,0.1260704091391843,0.009802299752359446
30,30,KNN,ball_tree,81,uncalibrated,4.77,0.17130526238577187,0.0049917375822830685
30,30,KNN,ball_tree,81,uncalibrated,4.78,0.14622658183669482,0.010963712074880588
30,30,KNN,ball_tree,81,uncalibrated,4.79,0.050454486314269124,0.007799714711980715
30,30,KNN,ball_tree,81,uncalibrated,4.81,0.003197206497154648,0.003109507685050572
30,30,KNN,ball_tree,81,uncalibrated,4.82,0.0003487815049414541,0.00034608335501868276
30,30,KNN,ball_tree,81,uncalibrated,4.83,5.4110291555742675e-06,3.6260814705382194e-06
30,30,KNN,ball_tree,81,uncalibrated,4.84,0.0002086019293537967,0.0002060391096136802
30,30,KNN,ball_tree,81,uncalibrated,4.85,0.0,0.0
30,30,KNN,ball_tree,81,uncalibrated,4.86,0.0,0.0
30,30,KNN,ball_tree,81,uncalibrated,4.87,0.0,0.0
30,30,KNN,ball_tree,81,uncalibrated,4.88,0.0,0.0
30,30,KNN,ball_tree,81,uncalibrated,4.9,0.0,0.0
30,30,KNN,ball_tree,81,uncalibrated,4.93,0.0,0.0
30,30,KNN,ball_tree,101,uncalibrated,4.67,0.0,0.0
30,30,KNN,ball_tree,101,uncalibrated,4.7,0.0,0.0
30,30,KNN,ball_tree,101,uncalibrated,4.72,2.8832236747262383e-07,2.8832236747262383e-07
30,30,KNN,ball_tree,101,uncalibrated,4.73,5.394442092854426e-05,3.551713643161259e-05
30,30,KNN,ball_tree,101,uncalibrated,4.74,0.009113817549983302,0.006271912303639309
30,30,KNN,ball_tree,101,uncalibrated,4.75,0.05082055793403724,0.008993424836689018
30,30,KNN,ball_tree,101,uncalibrated,4.76,0.12574692115250308,0.009678035839256678
30,30,KNN,ball_tree,101,uncalibrated,4.77,0.16972102569231942,0.005002735048129478
30,30,KNN,ball_tree,101,uncalibrated,4.78,0.1452206172063873,0.011163203189014172
30,30,KNN,ball_tree,101,uncalibrated,4.79,0.049259667105519746,0.007845554043128212
30,30,KNN,ball_tree,101,uncalibrated,4.81,0.003080680241550648,0.003002573458474858
30,30,KNN,ball_tree,101,uncalibrated,4.82,0.0003779979887731884,0.00037626212392300693
30,30,KNN,ball_tree,101,uncalibrated,4.83,4.810863903920397e-06,2.9040381049513148e-06
30,30,KNN,ball_tree,101,uncalibrated,4.84,0.0001878092802507142,0.00018615825639257697
30,30,KNN,ball_tree,101,uncalibrated,4.85,0.0,0.0
30,30,KNN,ball_tree,101,uncalibrated,4.86,0.0,0.0
30,30,KNN,ball_tree,101,uncalibrated,4.87,0.0,0.0
30,30,KNN,ball_tree,101,uncalibrated,4.88,0.0,0.0
30,30,KNN,ball_tree,101,uncalibrated,4.9,0.0,0.0
30,30,KNN,ball_tree,101,uncalibrated,4.93,0.0,0.0
30,30,KNN,ball_tree,151,uncalibrated,4.67,0.0,0.0
30,30,KNN,ball_tree,151,uncalibrated,4.7,0.0,0.0
30,30,KNN,ball_tree,151,uncalibrated,4.72,2.5721878320686594e-07,1.8025238336296223e-07
30,30,KNN,ball_tree,151,uncalibrated,4.73,8.433942045082915e-05,4.737575673863209e-05
30,30,KNN,ball_tree,151,uncalibrated,4.74,0.009563376618389123,0.006068736178727991
30,30,KNN,ball_tree,151,uncalibrated,4.75,0.05089072571917824,0.008848007721114664
30,30,KNN,ball_tree,151,uncalibrated,4.76,0.12388654081917923,0.009479091679991926
30,30,KNN,ball_tree,151,uncalibrated,4.77,0.16592592705170683,0.005074270564037423
30,30,KNN,ball_tree,151,uncalibrated,4.78,0.14237892124843005,0.011278143722684111
30,30,KNN,ball_tree,151,uncalibrated,4.79,0.0478895201316957,0.0078104946477317696
30,30,KNN,ball_tree,151,uncalibrated,4.81,0.0031244469424434747,0.0030385354043564214
30,30,KNN,ball_tree,151,uncalibrated,4.82,0.000399898868372654,0.00039845761671654254
30,30,KNN,ball_tree,151,uncalibrated,4.83,3.797562593685584e-06,2.7144578195046533e-06
30,30,KNN,ball_tree,151,uncalibrated,4.84,0.0002073656643706106,0.00020328425458354272
30,30,KNN,ball_tree,151,uncalibrated,4.85,0.0,0.0
30,30,KNN,ball_tree,151,uncalibrated,4.86,0.0,0.0
30,30,KNN,ball_tree,151,uncalibrated,4.87,0.0,0.0
30,30,KNN,ball_tree,151,uncalibrated,4.88,0.0,0.0
30,30,KNN,ball_tree,151,uncalibrated,4.9,0.0,0.0
30,30,KNN,ball_tree,151,uncalibrated,4.93,0.0,0.0
30,30,KNN,ball_tree,201,uncalibrated,4.67,0.0,0.0
30,30,KNN,ball_tree,201,uncalibrated,4.7,0.0,0.0
30,30,KNN,ball_tree,201,uncalibrated,4.72,1.4516584925868704e-07,1.0172853625056065e-07
30,30,KNN,ball_tree,201,uncalibrated,4.73,9.964704473570215e-05,5.618995211607632e-05
30,30,KNN,ball_tree,201,uncalibrated,4.74,0.009738515141115345,0.0062063967850876575
30,30,KNN,ball_tree,201,uncalibrated,4.75,0.05041815570967576,0.008698644893119861
30,30,KNN,ball_tree,201,uncalibrated,4.76,0.12190971196138996,0.009374966167925125
30,30,KNN,ball_tree,201,uncalibrated,4.77,0.16255840467844995,0.005165057509572588
30,30,KNN,ball_tree,201,uncalibrated,4.78,0.1403368939881998,0.011407758688809944
30,30,KNN,ball_tree,201,uncalibrated,4.79,0.04755405948792085,0.007845072126304368
30,30,KNN,ball_tree,201,uncalibrated,4.81,0.003192308303201117,0.003087581297454991
30,30,KNN,ball_tree,201,uncalibrated,4.82,0.00038135777427116083,0.0003800443213370886
30,30,KNN,ball_tree,201,uncalibrated,4.83,6.42993685378917e-06,4.7915290987760085e-06
30,30,KNN,ball_tree,201,uncalibrated,4.84,0.0002097914288115565,0.0002060108846513965
30,30,KNN,ball_tree,201,uncalibrated,4.85,0.0,0.0
30,30,KNN,ball_tree,201,uncalibrated,4.86,0.0,0.0
30,30,KNN,ball_tree,201,uncalibrated,4.87,0.0,0.0
30,30,KNN,ball_tree,201,uncalibrated,4.88,0.0,0.0
30,30,KNN,ball_tree,201,uncalibrated,4.9,0.0,0.0
30,30,KNN,ball_tree,201,uncalibrated,4.93,0.0,0.0
30,30,KNN,brute,1,uncalibrated,4.67,0.0,0.0
30,30,KNN,brute,1,uncalibrated,4.7,0.0,0.0
30,30,KNN,brute,1,uncalibrated,4.72,0.0,0.0
30,30,KNN,brute,1,uncalibrated,4.73,0.0,0.0
30,30,KNN,brute,1,uncalibrated,4.74,0.0097090835552959,0.009566658773383852
30,30,KNN,brute,1,uncalibrated,4.75,0.04953466782709718,0.011541661154778143
30,30,KNN,brute,1,uncalibrated,4.76,0.15389588670804052,0.0171322690959972
30,30,KNN,brute,1,uncalibrated,4.77,0.24409872365379578,0.0036091714440505034
30,30,KNN,brute,1,uncalibrated,4.78,0.2184059935641467,0.008098359031032032
30,30,KNN,brute,1,uncalibrated,4.79,0.10962114146124412,0.011825709368878142
30,30,KNN,brute,1,uncalibrated,4.81,0.007662962407000121,0.007596585952940913
30,30,KNN,brute,1,uncalibrated,4.82,0.0,0.0
30,30,KNN,brute,1,uncalibrated,4.83,0.0023529411764706245,0.002352941176470588
30,30,KNN,brute,1,uncalibrated,4.84,0.0,0.0
30,30,KNN,brute,1,uncalibrated,4.85,0.0,0.0
30,30,KNN,brute,1,uncalibrated,4.86,0.0,0.0
30,30,KNN,brute,1,uncalibrated,4.87,0.0,0.0
30,30,KNN,brute,1,uncalibrated,4.88,0.0,0.0
30,30,KNN,brute,1,uncalibrated,4.9,0.0,0.0
30,30,KNN,brute,1,uncalibrated,4.93,0.0,0.0
30,30,KNN,brute,3,uncalibrated,4.67,0.0,0.0
30,30,KNN,brute,3,uncalibrated,4.7,0.0,0.0
30,30,KNN,brute,3,uncalibrated,4.72,0.0,0.0
30,30,KNN,brute,3,uncalibrated,4.73,0.0,0.0
30,30,KNN,brute,3,uncalibrated,4.74,0.007742443013922968,0.005029336701134003
30,30,KNN,brute,3,uncalibrated,4.75,0.04356883935427878,0.009396813367692282
30,30,KNN,brute,3,uncalibrated,4.76,0.13498492320457817,0.013351243228824465
30,30,KNN,brute,3,uncalibrated,4.77,0.2007065712432119,0.00785494698538175
30,30,KNN,brute,3,uncalibrated,4.78,0.17051768655769706,0.008787246286964208
30,30,KNN,brute,3,uncalibrated,4.79,0.07320487290625403,0.011768240158305432
30,30,KNN,brute,3,uncalibrated,4.81,0.005725336859532216,0.005648822464651191
30,30,KNN,brute,3,uncalibrated,4.82,0.001400054915869635,0.0011506431467034279
30,30,KNN,brute,3,uncalibrated,4.83,0.0002614379084967276,0.00026143790849673216
30,30,KNN,brute,3,uncalibrated,4.84,0.00020614306328592047,0.0002061430632859205
30,30,KNN,brute,3,uncalibrated,4.85,0.0,0.0
30,30,KNN,brute,3,uncalibrated,4.86,0.0,0.0
30,30,KNN,brute,3,uncalibrated,4.87,0.0,0.0
30,30,KNN,brute,3,uncalibrated,4.88,0.0,0.0
30,30,KNN,brute,3,uncalibrated,4.9,0.0,0.0
30,30,KNN,brute,3,uncalibrated,4.93,0.0,0.0
30,30,KNN,brute,5,uncalibrated,4.67,0.0,0.0
30,30,KNN,brute,5,uncalibrated,4.7,0.0,0.0
30,30,KNN,brute,5,uncalibrated,4.72,0.0,0.0
30,30,KNN,brute,5,uncalibrated,4.73,0.0,0.0
30,30,KNN,brute,5,uncalibrated,4.74,0.008561830043217162,0.006920672507695952
30,30,KNN,brute,5,uncalibrated,4.75,0.04431261976463072,0.00907058445029991
30,30,KNN,brute,5,uncalibrated,4.76,0.13094834312077566,0.01227499502893223
30,30,KNN,brute,5,uncalibrated,4.77,0.1920934000138,0.007229813664596241
30,30,KNN,brute,5,uncalibrated,4.78,0.1604992633988716,0.009678004339628564
30,30,KNN,brute,5,uncalibrated,4.79,0.06216541303663367,0.009287284357001203
30,30,KNN,brute,5,uncalibrated,4.81,0.004503909625228156,0.0044552660056740075
30,30,KNN,brute,5,uncalibrated,4.82,0.0005040197697130725,0.00041423153281323433
30,30,KNN,brute,5,uncalibrated,4.83,9.411764705880631e-05,9.411764705882358e-05
30,30,KNN,brute,5,uncalibrated,4.84,7.421150278293132e-05,7.421150278293133e-05
30,30,KNN,brute,5,uncalibrated,4.85,0.0,0.0
30,30,KNN,brute,5,uncalibrated,4.86,0.0,0.0
30,30,KNN,brute,5,uncalibrated,4.87,0.0,0.0
30,30,KNN,brute,5,uncalibrated,4.88,0.0,0.0
30,30,KNN,brute,5,uncalibrated,4.9,0.0,0.0
30,30,KNN,brute,5,uncalibrated,4.93,0.0,0.0
30,30,KNN,brute,7,uncalibrated,4.67,0.0,0.0
30,30,KNN,brute,7,uncalibrated,4.7,0.0,0.0
30,30,KNN,brute,7,uncalibrated,4.72,0.0,0.0
30,30,KNN,brute,7,uncalibrated,4.73,0.0,0.0
30,30,KNN,brute,7,uncalibrated,4.74,0.009068959248496452,0.007560395695100205
30,30,KNN,brute,7,uncalibrated,4.75,0.044608697606246146,0.009245802966648665
30,30,KNN,brute,7,uncalibrated,4.76,0.12859713659162025,0.012065724013820915
30,30,KNN,brute,7,uncalibrated,4.77,0.19008195842803688,0.006813860496203014
30,30,KNN,brute,7,uncalibrated,4.78,0.15812730210104992,0.009309494464113874
30,30,KNN,brute,7,uncalibrated,4.79,0.06094425154757254,0.008847281034261967
30,30,KNN,brute,7,uncalibrated,4.81,0.00388852989502868,0.0037657600550091066
30,30,KNN,brute,7,uncalibrated,4.82,0.0005843395159578251,0.0005289732020377464
30,30,KNN,brute,7,uncalibrated,4.83,4.801920768307441e-05,4.801920768307324e-05
30,30,KNN,brute,7,uncalibrated,4.84,0.00015145204649577695,0.00015145204649577828
30,30,KNN,brute,7,uncalibrated,4.85,0.0,0.0
30,30,KNN,brute,7,uncalibrated,4.86,0.0,0.0
30,30,KNN,brute,7,uncalibrated,4.87,0.0,0.0
30,30,KNN,brute,7,uncalibrated,4.88,0.0,0.0
30,30,KNN,brute,7,uncalibrated,4.9,0.0,0.0
30,30,KNN,brute,7,uncalibrated,4.93,0.0,0.0
30,30,KNN,brute,9,uncalibrated,4.67,0.0,0.0
30,30,KNN,brute,9,uncalibrated,4.7,0.0,0.0
30,30,KNN,brute,9,uncalibrated,4.72,0.0,0.0
30,30,KNN,brute,9,uncalibrated,4.73,0.0,0.0
30,30,KNN,brute,9,uncalibrated,4.74,0.009371565160308648,0.007700920590651429
30,30,KNN,brute,9,uncalibrated,4.75,0.047122614091172146,0.009451664625049913
30,30,KNN,brute,9,uncalibrated,4.76,0.12697502216513315,0.011150278836479227
30,30,KNN,brute,9,uncalibrated,4.77,0.18746878092555946,0.00721314827595021
30,30,KNN,brute,9,uncalibrated,4.78,0.15785755039122168,0.010828296916163008
30,30,KNN,brute,9,uncalibrated,4.79,0.05968649669082243,0.008570530979526259
30,30,KNN,brute,9,uncalibrated,4.81,0.004230896141631392,0.003997514326743267
30,30,KNN,brute,9,uncalibrated,4.82,0.0005293550143508851,0.0004988014249517348
30,30,KNN,brute,9,uncalibrated,4.83,5.795898294906975e-05,4.064082206328057e-05
30,30,KNN,brute,9,uncalibrated,4.84,9.16191392381862e-05,9.161913923818686e-05
30,30,KNN,brute,9,uncalibrated,4.85,0.0,0.0
30,30,KNN,brute,9,uncalibrated,4.86,0.0,0.0
30,30,KNN,brute,9,uncalibrated,4.87,0.0,0.0
30,30,KNN,brute,9,uncalibrated,4.88,0.0,0.0
30,30,KNN,brute,9,uncalibrated,4.9,0.0,0.0
30,30,KNN,brute,9,uncalibrated,4.93,0.0,0.0
30,30,KNN,brute,11,uncalibrated,4.67,0.0,0.0
30,30,KNN,brute,11,uncalibrated,4.7,0.0,0.0
30,30,KNN,brute,11,uncalibrated,4.72,0.0,0.0
30,30,KNN,brute,11,uncalibrated,4.73,0.0,0.0
30,30,KNN,brute,11,uncalibrated,4.74,0.008580044132578905,0.007150531426681515
30,30,KNN,brute,11,uncalibrated,4.75,0.04818589283285742,0.009592365766449066
30,30,KNN,brute,11,uncalibrated,4.76,0.12595987501043457,0.010722163865129654
30,30,KNN,brute,11,uncalibrated,4.77,0.1855599257715297,0.006353821050191888
30,30,KNN,brute,11,uncalibrated,4.78,0.15644607037538652,0.01031674677547631
30,30,KNN,brute,11,uncalibrated,4.79,0.05714373517348394,0.008573860783488247
30,30,KNN,brute,11,uncalibrated,4.81,0.004296922794268126,0.004113075525408914
30,30,KNN,brute,11,uncalibrated,4.82,0.00035436162117702863,0.00033390839190983906
30,30,KNN,brute,11,uncalibrated,4.83,9.704377201834746e-05,7.972921280357075e-05
30,30,KNN,brute,11,uncalibrated,4.84,0.00013799659608396323,0.00013799659608396323
30,30,KNN,brute,11,uncalibrated,4.85,0.0,0.0
30,30,KNN,brute,11,uncalibrated,4.86,0.0,0.0
30,30,KNN,brute,11,uncalibrated,4.87,0.0,0.0
30,30,KNN,brute,11,uncalibrated,4.88,0.0,0.0
30,30,KNN,brute,11,uncalibrated,4.9,0.0,0.0
30,30,KNN,brute,11,uncalibrated,4.93,0.0,0.0
30,30,KNN,brute,13,uncalibrated,4.67,0.0,0.0
30,30,KNN,brute,13,uncalibrated,4.7,0.0,0.0
30,30,KNN,brute,13,uncalibrated,4.72,0.0,0.0
30,30,KNN,brute,13,uncalibrated,4.73,0.0,0.0
30,30,KNN,brute,13,uncalibrated,4.74,0.008664052866046625,0.007077051984973806
30,30,KNN,brute,13,uncalibrated,4.75,0.048366946138738084,0.009674152639030785
30,30,KNN,brute,13,uncalibrated,4.76,0.1259108387587821,0.010893730320502363
30,30,KNN,brute,13,uncalibrated,4.77,0.18425231836675626,0.005839422561830579
30,30,KNN,brute,13,uncalibrated,4.78,0.1547519384800285,0.010860763123798203
30,30,KNN,brute,13,uncalibrated,4.79,0.05771755980851211,0.008653063806175232
30,30,KNN,brute,13,uncalibrated,4.81,0.004069212547730884,0.003921626145085761
30,30,KNN,brute,13,uncalibrated,4.82,0.00038811919939630245,0.0003733113578224524
30,30,KNN,brute,13,uncalibrated,4.83,6.948104387112464e-05,5.708422928539679e-05
30,30,KNN,brute,13,uncalibrated,4.84,9.880229660449568e-05,9.880229660449435e-05
30,30,KNN,brute,13,uncalibrated,4.85,0.0,0.0
30,30,KNN,brute,13,uncalibrated,4.86,0.0,0.0
30,30,KNN,brute,13,uncalibrated,4.87,0.0,0.0
30,30,KNN,brute,13,uncalibrated,4.88,0.0,0.0
30,30,KNN,brute,13,uncalibrated,4.9,0.0,0.0
30,30,KNN,brute,13,uncalibrated,4.93,0.0,0.0
30,30,KNN,brute,15,uncalibrated,4.67,0.0,0.0
30,30,KNN,brute,15,uncalibrated,4.7,0.0,0.0
30,30,KNN,brute,15,uncalibrated,4.72,0.0,0.0
30,30,KNN,brute,15,uncalibrated,4.73,0.0,0.0
30,30,KNN,brute,15,uncalibrated,4.74,0.008280668236488903,0.006267056068618938
30,30,KNN,brute,15,uncalibrated,4.75,0.048970701900717145,0.009575894876623853
30,30,KNN,brute,15,uncalibrated,4.76,0.12656590922303854,0.011247211884479033
30,30,KNN,brute,15,uncalibrated,4.77,0.18353962853460387,0.0051405985257510205
30,30,KNN,brute,15,uncalibrated,4.78,0.15478989340621618,0.011267356268402293
30,30,KNN,brute,15,uncalibrated,4.79,0.05903534508908045,0.008521523087559255
30,30,KNN,brute,15,uncalibrated,4.81,0.00412101429455297,0.003980352204446263
30,30,KNN,brute,15,uncalibrated,4.82,0.00041492017015128184,0.0004037315263835095
30,30,KNN,brute,15,uncalibrated,4.83,6.249610394885205e-05,4.3847763510422396e-05
30,30,KNN,brute,15,uncalibrated,4.84,0.00013193156050299044,0.00013193156050298908
30,30,KNN,brute,15,uncalibrated,4.85,0.0,0.0
30,30,KNN,brute,15,uncalibrated,4.86,0.0,0.0
30,30,KNN,brute,15,uncalibrated,4.87,0.0,0.0
30,30,KNN,brute,15,uncalibrated,4.88,0.0,0.0
30,30,KNN,brute,15,uncalibrated,4.9,0.0,0.0
30,30,KNN,brute,15,uncalibrated,4.93,0.0,0.0
30,30,KNN,brute,17,uncalibrated,4.67,0.0,0.0
30,30,KNN,brute,17,uncalibrated,4.7,0.0,0.0
30,30,KNN,brute,17,uncalibrated,4.72,0.0,0.0
30,30,KNN,brute,17,uncalibrated,4.73,2.322180422491016e-05,1.6280168805355138e-05
30,30,KNN,brute,17,uncalibrated,4.74,0.008172983993258566,0.006576401924868511
30,30,KNN,brute,17,uncalibrated,4.75,0.04912912493095152,0.009532465494161134
30,30,KNN,brute,17,uncalibrated,4.76,0.12709068347305535,0.011068051636324355
30,30,KNN,brute,17,uncalibrated,4.77,0.18280270446755276,0.005545689404733126
30,30,KNN,brute,17,uncalibrated,4.78,0.15465938591704778,0.010737140044302235
30,30,KNN,brute,17,uncalibrated,4.79,0.05606074342208939,0.008391398185793262
30,30,KNN,brute,17,uncalibrated,4.81,0.004148982293957712,0.003964599842589953
30,30,KNN,brute,17,uncalibrated,4.82,0.0004365828267148773,0.0004278411190432218
30,30,KNN,brute,17,uncalibrated,4.83,4.86561362923571e-05,3.4137532144792616e-05
30,30,KNN,brute,17,uncalibrated,4.84,0.000160492004288345,0.0001604920042883463
30,30,KNN,brute,17,uncalibrated,4.85,0.0,0.0
30,30,KNN,brute,17,uncalibrated,4.86,0.0,0.0
30,30,KNN,brute,17,uncalibrated,4.87,0.0,0.0
30,30,KNN,brute,17,uncalibrated,4.88,0.0,0.0
30,30,KNN,brute,17,uncalibrated,4.9,0.0,0.0
30,30,KNN,brute,17,uncalibrated,4.93,0.0,0.0
30,30,KNN,brute,19,uncalibrated,4.67,0.0,0.0
30,30,KNN,brute,19,uncalibrated,4.7,0.0,0.0
30,30,KNN,brute,19,uncalibrated,4.72,0.0,0.0
30,30,KNN,brute,19,uncalibrated,4.73,1.8590308645426775e-05,1.3033154528386777e-05
30,30,KNN,brute,19,uncalibrated,4.74,0.00864042735299607,0.006544821492643834
30,30,KNN,brute,19,uncalibrated,4.75,0.04940068452609033,0.009417266771521642
30,30,KNN,brute,19,uncalibrated,4.76,0.12779331119925522,0.01129963471017705
30,30,KNN,brute,19,uncalibrated,4.77,0.18172492711597,0.005433841238915457
30,30,KNN,brute,19,uncalibrated,4.78,0.15480302257947715,0.010265707426120735
30,30,KNN,brute,19,uncalibrated,4.79,0.05547481826600569,0.008302564653061343
30,30,KNN,brute,19,uncalibrated,4.81,0.004123757480692949,0.003961046268432889
30,30,KNN,brute,19,uncalibrated,4.82,0.0004610737822921455,0.00044708009530064865
30,30,KNN,brute,19,uncalibrated,4.83,3.895186534208503e-05,2.7328938476025072e-05
30,30,KNN,brute,19,uncalibrated,4.84,0.00018501482688265303,0.00018501482688265434
30,30,KNN,brute,19,uncalibrated,4.85,0.0,0.0
30,30,KNN,brute,19,uncalibrated,4.86,0.0,0.0
30,30,KNN,brute,19,uncalibrated,4.87,0.0,0.0
30,30,KNN,brute,19,uncalibrated,4.88,0.0,0.0
30,30,KNN,brute,19,uncalibrated,4.9,0.0,0.0
30,30,KNN,brute,19,uncalibrated,4.93,0.0,0.0
30,30,KNN,brute,21,uncalibrated,4.67,0.0,0.0
30,30,KNN,brute,21,uncalibrated,4.7,0.0,0.0
30,30,KNN,brute,21,uncalibrated,4.72,0.0,0.0
30,30,KNN,brute,21,uncalibrated,4.73,2.309570774632141e-05,1.3021319297103056e-05
30,30,KNN,brute,21,uncalibrated,4.74,0.00824744640895433,0.006296557615863462
30,30,KNN,brute,21,uncalibrated,4.75,0.049826592752353786,0.009423291765529395
30,30,KNN,brute,21,uncalibrated,4.76,0.12727678002744136,0.011662788980000264
30,30,KNN,brute,21,uncalibrated,4.77,0.18079772294117696,0.005221654664759782
30,30,KNN,brute,21,uncalibrated,4.78,0.15401071309156156,0.0102794717967815
30,30,KNN,brute,21,uncalibrated,4.79,0.05417613020482596,0.008158685272072178
30,30,KNN,brute,21,uncalibrated,4.81,0.003965774103778668,0.003820325474520188
30,30,KNN,brute,21,uncalibrated,4.82,0.0004747191835676146,0.00046324685509845694
30,30,KNN,brute,21,uncalibrated,4.83,3.188576732084265e-05,2.2371307913480845e-05
30,30,KNN,brute,21,uncalibrated,4.84,0.00020614306328592047,0.0002061430632859205
30,30,KNN,brute,21,uncalibrated,4.85,0.0,0.0
30,30,KNN,brute,21,uncalibrated,4.86,0.0,0.0
30,30,KNN,brute,21,uncalibrated,4.87,0.0,0.0
30,30,KNN,brute,21,uncalibrated,4.88,0.0,0.0
30,30,KNN,brute,21,uncalibrated,4.9,0.0,0.0
30,30,KNN,brute,21,uncalibrated,4.93,0.0,0.0
30,30,KNN,brute,23,uncalibrated,4.67,0.0,0.0
30,30,KNN,brute,23,uncalibrated,4.7,0.0,0.0
30,30,KNN,brute,23,uncalibrated,4.72,0.0,0.0
30,30,KNN,brute,23,uncalibrated,4.73,1.9253699652415366e-05,1.0855201909305197e-05
30,30,KNN,brute,23,uncalibrated,4.74,0.008346259750680152,0.006369744942517057
30,30,KNN,brute,23,uncalibrated,4.75,0.0502854621889787,0.009449918159560916
30,30,KNN,brute,23,uncalibrated,4.76,0.12726904519903176,0.01167409999035046
30,30,KNN,brute,23,uncalibrated,4.77,0.18050573131132322,0.005414636583842189
30,30,KNN,brute,23,uncalibrated,4.78,0.153247673418476,0.010846909799198345
30,30,KNN,brute,23,uncalibrated,4.79,0.05380512926927421,0.008120901183765402
30,30,KNN,brute,23,uncalibrated,4.81,0.004006682728369329,0.003828653214050127
30,30,KNN,brute,23,uncalibrated,4.82,0.0004863992241014853,0.00047682525764386485
30,30,KNN,brute,23,uncalibrated,4.83,2.658151869280082e-05,1.8649804895737372e-05
30,30,KNN,brute,23,uncalibrated,4.84,0.00017185083347654858,0.0001718508334765424
30,30,KNN,brute,23,uncalibrated,4.85,0.0,0.0
30,30,KNN,brute,23,uncalibrated,4.86,0.0,0.0
30,30,KNN,brute,23,uncalibrated,4.87,0.0,0.0
30,30,KNN,brute,23,uncalibrated,4.88,0.0,0.0
30,30,KNN,brute,23,uncalibrated,4.9,0.0,0.0
30,30,KNN,brute,23,uncalibrated,4.93,0.0,0.0
30,30,KNN,brute,25,uncalibrated,4.67,0.0,0.0
30,30,KNN,brute,25,uncalibrated,4.7,0.0,0.0
30,30,KNN,brute,25,uncalibrated,4.72,0.0,0.0
30,30,KNN,brute,25,uncalibrated,4.73,1.6296331385804303e-05,9.187842896035926e-06
30,30,KNN,brute,25,uncalibrated,4.74,0.008690950368535651,0.00665498460809851
30,30,KNN,brute,25,uncalibrated,4.75,0.050651905283914445,0.009393171868974417
30,30,KNN,brute,25,uncalibrated,4.76,0.1275378426681152,0.011407123585034328
30,30,KNN,brute,25,uncalibrated,4.77,0.1801691199054201,0.005416306024772932
30,30,KNN,brute,25,uncalibrated,4.78,0.15215041634274096,0.011295955369595545
30,30,KNN,brute,25,uncalibrated,4.79,0.05487579685337979,0.008322676966535242
30,30,KNN,brute,25,uncalibrated,4.81,0.0038914690743312246,0.0037361410897604635
30,30,KNN,brute,25,uncalibrated,4.82,0.0005893836222302363,0.0005812694186403891
30,30,KNN,brute,25,uncalibrated,4.83,2.249859742158616e-05,1.578519486375208e-05
30,30,KNN,brute,25,uncalibrated,4.84,0.00014545454545454136,0.0001454545454545455
30,30,KNN,brute,25,uncalibrated,4.85,0.0,0.0
30,30,KNN,brute,25,uncalibrated,4.86,0.0,0.0
30,30,KNN,brute,25,uncalibrated,4.87,0.0,0.0
30,30,KNN,brute,25,uncalibrated,4.88,0.0,0.0
30,30,KNN,brute,25,uncalibrated,4.9,0.0,0.0
30,30,KNN,brute,25,uncalibrated,4.93,0.0,0.0
30,30,KNN,brute,27,uncalibrated,4.67,0.0,0.0
30,30,KNN,brute,27,uncalibrated,4.7,0.0,0.0
30,30,KNN,brute,27,uncalibrated,4.72,0.0,0.0
30,30,KNN,brute,27,uncalibrated,4.73,1.3971477525552323e-05,7.877094389605558e-06
30,30,KNN,brute,27,uncalibrated,4.74,0.008736389871384195,0.006523229801397856
30,30,KNN,brute,27,uncalibrated,4.75,0.050596441631750255,0.009361006557510607
30,30,KNN,brute,27,uncalibrated,4.76,0.12786551939101867,0.01118604824642248
30,30,KNN,brute,27,uncalibrated,4.77,0.17964254186538747,0.005240189348696517
30,30,KNN,brute,27,uncalibrated,4.78,0.1515638435930171,0.011533060515445975
30,30,KNN,brute,27,uncalibrated,4.79,0.0540967148165093,0.008659222245573093
30,30,KNN,brute,27,uncalibrated,4.81,0.0037504294111838305,0.003567378029955902
30,30,KNN,brute,27,uncalibrated,4.82,0.0006954853952539722,0.0006781681754356321
30,30,KNN,brute,27,uncalibrated,4.83,1.9288920971868394e-05,1.3533260342723004e-05
30,30,KNN,brute,27,uncalibrated,4.84,0.00016287846975677662,0.00016287846975677662
30,30,KNN,brute,27,uncalibrated,4.85,0.0,0.0
30,30,KNN,brute,27,uncalibrated,4.86,0.0,0.0
30,30,KNN,brute,27,uncalibrated,4.87,0.0,0.0
30,30,KNN,brute,27,uncalibrated,4.88,0.0,0.0
30,30,KNN,brute,27,uncalibrated,4.9,0.0,0.0
30,30,KNN,brute,27,uncalibrated,4.93,0.0,0.0
30,30,KNN,brute,29,uncalibrated,4.67,0.0,0.0
30,30,KNN,brute,29,uncalibrated,4.7,0.0,0.0
30,30,KNN,brute,29,uncalibrated,4.72,0.0,0.0
30,30,KNN,brute,29,uncalibrated,4.73,1.2110828913350476e-05,6.828063983379853e-06
30,30,KNN,brute,29,uncalibrated,4.74,0.008858922902084516,0.006310088319358658
30,30,KNN,brute,29,uncalibrated,4.75,0.05085837861445407,0.009378190402647537
30,30,KNN,brute,29,uncalibrated,4.76,0.12822076600497334,0.011042142848943318
30,30,KNN,brute,29,uncalibrated,4.77,0.17896353984457122,0.005179127615048719
30,30,KNN,brute,29,uncalibrated,4.78,0.15152413118013447,0.010915808868037474
30,30,KNN,brute,29,uncalibrated,4.79,0.05410638596910763,0.008942647626419721
30,30,KNN,brute,29,uncalibrated,4.81,0.0037669970095118113,0.003552193036314743
30,30,KNN,brute,29,uncalibrated,4.82,0.0006898959854902884,0.0006748693587826381
30,30,KNN,brute,29,uncalibrated,4.83,1.9464620248151588e-05,1.1972205864839175e-05
30,30,KNN,brute,29,uncalibrated,4.84,0.00022272805637220787,0.00022050413695723963
30,30,KNN,brute,29,uncalibrated,4.85,0.0,0.0
30,30,KNN,brute,29,uncalibrated,4.86,0.0,0.0
30,30,KNN,brute,29,uncalibrated,4.87,0.0,0.0
30,30,KNN,brute,29,uncalibrated,4.88,0.0,0.0
30,30,KNN,brute,29,uncalibrated,4.9,0.0,0.0
30,30,KNN,brute,29,uncalibrated,4.93,0.0,0.0
30,30,KNN,brute,31,uncalibrated,4.67,0.0,0.0
30,30,KNN,brute,31,uncalibrated,4.7,0.0,0.0
30,30,KNN,brute,31,uncalibrated,4.72,0.0,0.0
30,30,KNN,brute,31,uncalibrated,4.73,1.0598550589102852e-05,5.975444131136772e-06
30,30,KNN,brute,31,uncalibrated,4.74,0.008637260319084156,0.0063846883783689875
30,30,KNN,brute,31,uncalibrated,4.75,0.050825628941772893,0.009400686777945089
30,30,KNN,brute,31,uncalibrated,4.76,0.12747570974089642,0.011259054856176193
30,30,KNN,brute,31,uncalibrated,4.77,0.17874962069867073,0.00512864905226503
30,30,KNN,brute,31,uncalibrated,4.78,0.15090163740763807,0.01118535724496654
30,30,KNN,brute,31,uncalibrated,4.79,0.0540102788707916,0.0089983265841381
30,30,KNN,brute,31,uncalibrated,4.81,0.003624192731659774,0.003428892189804408
30,30,KNN,brute,31,uncalibrated,4.82,0.0006851682617117414,0.0006720069080002392
30,30,KNN,brute,31,uncalibrated,4.83,1.703407453558455e-05,1.0477237390561659e-05
30,30,KNN,brute,31,uncalibrated,4.84,0.00023545094636656964,0.00023350319972138367
30,30,KNN,brute,31,uncalibrated,4.85,0.0,0.0
30,30,KNN,brute,31,uncalibrated,4.86,0.0,0.0
30,30,KNN,brute,31,uncalibrated,4.87,0.0,0.0
30,30,KNN,brute,31,uncalibrated,4.88,0.0,0.0
30,30,KNN,brute,31,uncalibrated,4.9,0.0,0.0
30,30,KNN,brute,31,uncalibrated,4.93,0.0,0.0
30,30,KNN,brute,33,uncalibrated,4.67,0.0,0.0
30,30,KNN,brute,33,uncalibrated,4.7,0.0,0.0
30,30,KNN,brute,33,uncalibrated,4.72,0.0,0.0
30,30,KNN,brute,33,uncalibrated,4.73,9.352807269171504e-06,5.2730962442814e-06
30,30,KNN,brute,33,uncalibrated,4.74,0.008831254724152356,0.006420391893881226
30,30,KNN,brute,33,uncalibrated,4.75,0.05096351160413377,0.009380101873239058
30,30,KNN,brute,33,uncalibrated,4.76,0.12741226560703156,0.010882893484878725
30,30,KNN,brute,33,uncalibrated,4.77,0.1780877575804341,0.005068580981406118
30,30,KNN,brute,33,uncalibrated,4.78,0.1506311626337697,0.011209374075482876
30,30,KNN,brute,33,uncalibrated,4.79,0.05311658495537747,0.008864090263073086
30,30,KNN,brute,33,uncalibrated,4.81,0.003659341744738315,0.003429694726048632
30,30,KNN,brute,33,uncalibrated,4.82,0.0006811215613068851,0.000669499132755853
30,30,KNN,brute,33,uncalibrated,4.83,1.5031905995130835e-05,9.245753105904255e-06
30,30,KNN,brute,33,uncalibrated,4.84,0.00021281680269727852,0.00020602217805679884
30,30,KNN,brute,33,uncalibrated,4.85,0.0,0.0
30,30,KNN,brute,33,uncalibrated,4.86,0.0,0.0
30,30,KNN,brute,33,uncalibrated,4.87,0.0,0.0
30,30,KNN,brute,33,uncalibrated,4.88,0.0,0.0
30,30,KNN,brute,33,uncalibrated,4.9,0.0,0.0
30,30,KNN,brute,33,uncalibrated,4.93,0.0,0.0
30,30,KNN,brute,35,uncalibrated,4.67,0.0,0.0
30,30,KNN,brute,35,uncalibrated,4.7,0.0,0.0
30,30,KNN,brute,35,uncalibrated,4.72,0.0,0.0
30,30,KNN,brute,35,uncalibrated,4.73,1.639795398937347e-05,1.1505608859416781e-05
30,30,KNN,brute,35,uncalibrated,4.74,0.008821219589916851,0.00639123942259831
30,30,KNN,brute,35,uncalibrated,4.75,0.05054749082696965,0.009338985618653692
30,30,KNN,brute,35,uncalibrated,4.76,0.1276102151119086,0.010851555618007023
30,30,KNN,brute,35,uncalibrated,4.77,0.17777887313309929,0.004968993625568692
30,30,KNN,brute,35,uncalibrated,4.78,0.15005632969900778,0.011705689807303674
30,30,KNN,brute,35,uncalibrated,4.79,0.052569372046901354,0.008956146660064708
30,30,KNN,brute,35,uncalibrated,4.81,0.003465425269995241,0.003256454288304775
30,30,KNN,brute,35,uncalibrated,4.82,0.0006055031675617694,0.000595171065772346
30,30,KNN,brute,35,uncalibrated,4.83,1.3363057656079755e-05,8.219285822309999e-06
30,30,KNN,brute,35,uncalibrated,4.84,0.00018918979439782016,0.00018314951175824807
30,30,KNN,brute,35,uncalibrated,4.85,0.0,0.0
30,30,KNN,brute,35,uncalibrated,4.86,0.0,0.0
30,30,KNN,brute,35,uncalibrated,4.87,0.0,0.0
30,30,KNN,brute,35,uncalibrated,4.88,0.0,0.0
30,30,KNN,brute,35,uncalibrated,4.9,0.0,0.0
30,30,KNN,brute,35,uncalibrated,4.93,0.0,0.0
30,30,KNN,brute,37,uncalibrated,4.67,0.0,0.0
30,30,KNN,brute,37,uncalibrated,4.7,0.0,0.0
30,30,KNN,brute,37,uncalibrated,4.72,0.0,0.0
30,30,KNN,brute,37,uncalibrated,4.73,2.0707737495083595e-05,1.4720562164498129e-05
30,30,KNN,brute,37,uncalibrated,4.74,0.008806511624121622,0.006377913775946429
30,30,KNN,brute,37,uncalibrated,4.75,0.050871836198011146,0.00935122413070947
30,30,KNN,brute,37,uncalibrated,4.76,0.12811743573393464,0.010776563040695176
30,30,KNN,brute,37,uncalibrated,4.77,0.17785590709250235,0.004851549098925638
30,30,KNN,brute,37,uncalibrated,4.78,0.1500208858154261,0.011653036758346058
30,30,KNN,brute,37,uncalibrated,4.79,0.05255387013494216,0.008844471432425486
30,30,KNN,brute,37,uncalibrated,4.81,0.003487558427951847,0.0032964016284662543
30,30,KNN,brute,37,uncalibrated,4.82,0.0006063451907026249,0.0005970945709476461
30,30,KNN,brute,37,uncalibrated,4.83,1.1957447500874292e-05,7.354729826391344e-06
30,30,KNN,brute,37,uncalibrated,4.84,0.0001692896261046944,0.00016388469824971067
30,30,KNN,brute,37,uncalibrated,4.85,0.0,0.0
30,30,KNN,brute,37,uncalibrated,4.86,0.0,0.0
30,30,KNN,brute,37,uncalibrated,4.87,0.0,0.0
30,30,KNN,brute,37,uncalibrated,4.88,0.0,0.0
30,30,KNN,brute,37,uncalibrated,4.9,0.0,0.0
30,30,KNN,brute,37,uncalibrated,4.93,0.0,0.0
30,30,KNN,brute,39,uncalibrated,4.67,0.0,0.0
30,30,KNN,brute,39,uncalibrated,4.7,0.0,0.0
30,30,KNN,brute,39,uncalibrated,4.72,0.0,0.0
30,30,KNN,brute,39,uncalibrated,4.73,1.86383252010318e-05,1.3249473769360904e-05
30,30,KNN,brute,39,uncalibrated,4.74,0.008730434500644504,0.006507342232036675
30,30,KNN,brute,39,uncalibrated,4.75,0.05061551313562208,0.009351960287373949
30,30,KNN,brute,39,uncalibrated,4.76,0.1275208564433978,0.010753522786784367
30,30,KNN,brute,39,uncalibrated,4.77,0.17751458430056058,0.004876992898780659
30,30,KNN,brute,39,uncalibrated,4.78,0.15008947823866137,0.011605531622831275
30,30,KNN,brute,39,uncalibrated,4.79,0.05226652295817231,0.008666447790515895
30,30,KNN,brute,39,uncalibrated,4.81,0.0034056189249644943,0.0032300851747264782
30,30,KNN,brute,39,uncalibrated,4.82,0.0006718793246815656,0.0006635457737253895
30,30,KNN,brute,39,uncalibrated,4.83,1.0762488907756139e-05,6.619740389434421e-06
30,30,KNN,brute,39,uncalibrated,4.84,0.00018041759527544126,0.0001755402944130426
30,30,KNN,brute,39,uncalibrated,4.85,0.0,0.0
30,30,KNN,brute,39,uncalibrated,4.86,0.0,0.0
30,30,KNN,brute,39,uncalibrated,4.87,0.0,0.0
30,30,KNN,brute,39,uncalibrated,4.88,0.0,0.0
30,30,KNN,brute,39,uncalibrated,4.9,0.0,0.0
30,30,KNN,brute,39,uncalibrated,4.93,0.0,0.0
30,30,KNN,brute,41,uncalibrated,4.67,0.0,0.0
30,30,KNN,brute,41,uncalibrated,4.7,0.0,0.0
30,30,KNN,brute,41,uncalibrated,4.72,0.0,0.0
30,30,KNN,brute,41,uncalibrated,4.73,2.1176903845290772e-05,1.2801477682650635e-05
30,30,KNN,brute,41,uncalibrated,4.74,0.008629033003504252,0.006373133275004745
30,30,KNN,brute,41,uncalibrated,4.75,0.05064329454998942,0.009369028430026884
30,30,KNN,brute,41,uncalibrated,4.76,0.127274945543051,0.0107326148755256
30,30,KNN,brute,41,uncalibrated,4.77,0.17695769966861996,0.004852673828211664
30,30,KNN,brute,41,uncalibrated,4.78,0.14982246638820887,0.011814063281718634
30,30,KNN,brute,41,uncalibrated,4.79,0.052478899423767836,0.00868389387704785
30,30,KNN,brute,41,uncalibrated,4.81,0.0034272620396257995,0.0032643195864864604
30,30,KNN,brute,41,uncalibrated,4.82,0.0006079288833079857,0.0006003885317289215
30,30,KNN,brute,41,uncalibrated,4.83,9.738099719629051e-06,5.989663969262212e-06
30,30,KNN,brute,41,uncalibrated,4.84,0.00019082891245074125,0.0001864070687850542
30,30,KNN,brute,41,uncalibrated,4.85,0.0,0.0
30,30,KNN,brute,41,uncalibrated,4.86,0.0,0.0
30,30,KNN,brute,41,uncalibrated,4.87,0.0,0.0
30,30,KNN,brute,41,uncalibrated,4.88,0.0,0.0
30,30,KNN,brute,41,uncalibrated,4.9,0.0,0.0
30,30,KNN,brute,41,uncalibrated,4.93,0.0,0.0
30,30,KNN,brute,43,uncalibrated,4.67,0.0,0.0
30,30,KNN,brute,43,uncalibrated,4.7,0.0,0.0
30,30,KNN,brute,43,uncalibrated,4.72,0.0,0.0
30,30,KNN,brute,43,uncalibrated,4.73,1.9252771965350647e-05,1.1638336389689408e-05
30,30,KNN,brute,43,uncalibrated,4.74,0.008777535260981788,0.006478551679508298
30,30,KNN,brute,43,uncalibrated,4.75,0.05071229898773714,0.009367892518379614
30,30,KNN,brute,43,uncalibrated,4.76,0.1271418767749433,0.010820487551615427
30,30,KNN,brute,43,uncalibrated,4.77,0.17671982508950548,0.004815548427715257
30,30,KNN,brute,43,uncalibrated,4.78,0.1498644860438786,0.011810824653229565
30,30,KNN,brute,43,uncalibrated,4.79,0.05230050286068832,0.008596863803427569
30,30,KNN,brute,43,uncalibrated,4.81,0.0034206679414702677,0.0032688033701935206
30,30,KNN,brute,43,uncalibrated,4.82,0.0006086669301249235,0.0006018093312901025
30,30,KNN,brute,43,uncalibrated,4.83,8.853296716439665e-06,5.445443554532047e-06
30,30,KNN,brute,43,uncalibrated,4.84,0.00017349021191438146,0.00016947013662935436
30,30,KNN,brute,43,uncalibrated,4.85,0.0,0.0
30,30,KNN,brute,43,uncalibrated,4.86,0.0,0.0
30,30,KNN,brute,43,uncalibrated,4.87,0.0,0.0
30,30,KNN,brute,43,uncalibrated,4.88,0.0,0.0
30,30,KNN,brute,43,uncalibrated,4.9,0.0,0.0
30,30,KNN,brute,43,uncalibrated,4.93,0.0,0.0
30,30,KNN,brute,45,uncalibrated,4.67,0.0,0.0
30,30,KNN,brute,45,uncalibrated,4.7,0.0,0.0
30,30,KNN,brute,45,uncalibrated,4.72,0.0,0.0
30,30,KNN,brute,45,uncalibrated,4.73,2.4187521123210306e-05,1.6509897544486237e-05
30,30,KNN,brute,45,uncalibrated,4.74,0.008781223913783245,0.006369376401423126
30,30,KNN,brute,45,uncalibrated,4.75,0.05100352122070222,0.009421278944997044
30,30,KNN,brute,45,uncalibrated,4.76,0.126637636535799,0.01039890807523826
30,30,KNN,brute,45,uncalibrated,4.77,0.17642563255057347,0.005056700893466109
30,30,KNN,brute,45,uncalibrated,4.78,0.14956226507189374,0.011329670093152182
30,30,KNN,brute,45,uncalibrated,4.79,0.05185571694070223,0.008543469589645419
30,30,KNN,brute,45,uncalibrated,4.81,0.003402729554553823,0.003261211256590156
30,30,KNN,brute,45,uncalibrated,4.82,0.0006654667016656299,0.0006592016909836658
30,30,KNN,brute,45,uncalibrated,4.83,8.083825001825362e-06,4.972160559175181e-06
30,30,KNN,brute,45,uncalibrated,4.84,0.00015841155645911084,0.00015474088030996351
30,30,KNN,brute,45,uncalibrated,4.85,0.0,0.0
30,30,KNN,brute,45,uncalibrated,4.86,0.0,0.0
30,30,KNN,brute,45,uncalibrated,4.87,0.0,0.0
30,30,KNN,brute,45,uncalibrated,4.88,0.0,0.0
30,30,KNN,brute,45,uncalibrated,4.9,0.0,0.0
30,30,KNN,brute,45,uncalibrated,4.93,0.0,0.0
30,30,KNN,brute,47,uncalibrated,4.67,0.0,0.0
30,30,KNN,brute,47,uncalibrated,4.7,0.0,0.0
30,30,KNN,brute,47,uncalibrated,4.72,0.0,0.0
30,30,KNN,brute,47,uncalibrated,4.73,3.331510298818875e-05,2.4935004084869288e-05
30,30,KNN,brute,47,uncalibrated,4.74,0.008772353988369798,0.006359727663519322
30,30,KNN,brute,47,uncalibrated,4.75,0.05106136350974678,0.009383539201486126
30,30,KNN,brute,47,uncalibrated,4.76,0.12647739420139603,0.010298225521041373
30,30,KNN,brute,47,uncalibrated,4.77,0.17637680158764227,0.005090570298456362
30,30,KNN,brute,47,uncalibrated,4.78,0.14957827338654545,0.011430846959913574
30,30,KNN,brute,47,uncalibrated,4.79,0.05193884716638975,0.008451696320278035
30,30,KNN,brute,47,uncalibrated,4.81,0.00328055629159009,0.003149206321969497
30,30,KNN,brute,47,uncalibrated,4.82,0.0006100362475658043,0.0006042930847632066
30,30,KNN,brute,47,uncalibrated,4.83,8.028839920985077e-06,5.232670364754546e-06
30,30,KNN,brute,47,uncalibrated,4.84,0.00016788692457429116,0.0001645167286911631
30,30,KNN,brute,47,uncalibrated,4.85,0.0,0.0
30,30,KNN,brute,47,uncalibrated,4.86,0.0,0.0
30,30,KNN,brute,47,uncalibrated,4.87,0.0,0.0
30,30,KNN,brute,47,uncalibrated,4.88,0.0,0.0
30,30,KNN,brute,47,uncalibrated,4.9,0.0,0.0
30,30,KNN,brute,47,uncalibrated,4.93,0.0,0.0
30,30,KNN,brute,49,uncalibrated,4.67,0.0,0.0
30,30,KNN,brute,49,uncalibrated,4.7,0.0,0.0
30,30,KNN,brute,49,uncalibrated,4.72,0.0,0.0
30,30,KNN,brute,49,uncalibrated,4.73,5.0178738523896504e-05,3.68603782788465e-05
30,30,KNN,brute,49,uncalibrated,4.74,0.008825636508160931,0.006381566288338101
30,30,KNN,brute,49,uncalibrated,4.75,0.05120917384107877,0.009382330698496512
30,30,KNN,brute,49,uncalibrated,4.76,0.1265117359900873,0.010379132518413674
30,30,KNN,brute,49,uncalibrated,4.77,0.17556172677864143,0.0049391267285411695
30,30,KNN,brute,49,uncalibrated,4.78,0.14907866114080037,0.011291549110464776
30,30,KNN,brute,49,uncalibrated,4.79,0.052013735404516655,0.008449179521834762
30,30,KNN,brute,49,uncalibrated,4.81,0.003271323080389851,0.00314789369968844
30,30,KNN,brute,49,uncalibrated,4.82,0.000562165903545821,0.000555837482005302
30,30,KNN,brute,49,uncalibrated,4.83,7.386800243838363e-06,4.814231085273983e-06
30,30,KNN,brute,49,uncalibrated,4.84,0.00020081281587332387,0.000197705064961667
30,30,KNN,brute,49,uncalibrated,4.85,0.0,0.0
30,30,KNN,brute,49,uncalibrated,4.86,0.0,0.0
30,30,KNN,brute,49,uncalibrated,4.87,0.0,0.0
30,30,KNN,brute,49,uncalibrated,4.88,0.0,0.0
30,30,KNN,brute,49,uncalibrated,4.9,0.0,0.0
30,30,KNN,brute,49,uncalibrated,4.93,0.0,0.0
30,30,KNN,brute,51,uncalibrated,4.67,0.0,0.0
30,30,KNN,brute,51,uncalibrated,4.7,0.0,0.0
30,30,KNN,brute,51,uncalibrated,4.72,0.0,0.0
30,30,KNN,brute,51,uncalibrated,4.73,4.752675948973365e-05,3.3980221044215575e-05
30,30,KNN,brute,51,uncalibrated,4.74,0.008849350913225217,0.006406559782331118
30,30,KNN,brute,51,uncalibrated,4.75,0.051382020539987326,0.00942070499315481
30,30,KNN,brute,51,uncalibrated,4.76,0.12640379215953182,0.010270382254436229
30,30,KNN,brute,51,uncalibrated,4.77,0.17538974985121025,0.004911313426342532
30,30,KNN,brute,51,uncalibrated,4.78,0.1486449940786822,0.01141090662479885
30,30,KNN,brute,51,uncalibrated,4.79,0.051932123452978055,0.00834939310194175
30,30,KNN,brute,51,uncalibrated,4.81,0.003257171188654394,0.0031414175771808887
30,30,KNN,brute,51,uncalibrated,4.82,0.0005645504291939716,0.000558707543528662
30,30,KNN,brute,51,uncalibrated,4.83,6.818803300828782e-06,4.444047995287509e-06
30,30,KNN,brute,51,uncalibrated,4.84,0.00020890507915577412,0.00020603388674603052
30,30,KNN,brute,51,uncalibrated,4.85,0.0,0.0
30,30,KNN,brute,51,uncalibrated,4.86,0.0,0.0
30,30,KNN,brute,51,uncalibrated,4.87,0.0,0.0
30,30,KNN,brute,51,uncalibrated,4.88,0.0,0.0
30,30,KNN,brute,51,uncalibrated,4.9,0.0,0.0
30,30,KNN,brute,51,uncalibrated,4.93,0.0,0.0
30,30,KNN,brute,61,uncalibrated,4.67,0.0,0.0
30,30,KNN,brute,61,uncalibrated,4.7,0.0,0.0
30,30,KNN,brute,61,uncalibrated,4.72,0.0,0.0
30,30,KNN,brute,61,uncalibrated,4.73,3.670550873814812e-05,2.388748228128381e-05
30,30,KNN,brute,61,uncalibrated,4.74,0.009111381549947756,0.006363636305783272
30,30,KNN,brute,61,uncalibrated,4.75,0.051596136685889665,0.009316959858943001
30,30,KNN,brute,61,uncalibrated,4.76,0.1267470905777932,0.010055599864926861
30,30,KNN,brute,61,uncalibrated,4.77,0.1740767689458439,0.004992137449409303
30,30,KNN,brute,61,uncalibrated,4.78,0.14756256301183465,0.011097243602501833
30,30,KNN,brute,61,uncalibrated,4.79,0.05094783034830886,0.008072492244074077
30,30,KNN,brute,61,uncalibrated,4.81,0.00305290496748586,0.002963025005417383
30,30,KNN,brute,61,uncalibrated,4.82,0.00042786388156515156,0.0004237790210913211
30,30,KNN,brute,61,uncalibrated,4.83,4.7663819901789636e-06,3.1064146293315876e-06
30,30,KNN,brute,61,uncalibrated,4.84,0.000163473051866613,0.00016146467176390524
30,30,KNN,brute,61,uncalibrated,4.85,0.0,0.0
30,30,KNN,brute,61,uncalibrated,4.86,0.0,0.0
30,30,KNN,brute,61,uncalibrated,4.87,0.0,0.0
30,30,KNN,brute,61,uncalibrated,4.88,0.0,0.0
30,30,KNN,brute,61,uncalibrated,4.9,0.0,0.0
30,30,KNN,brute,61,uncalibrated,4.93,0.0,0.0
30,30,KNN,brute,81,uncalibrated,4.67,0.0,0.0
30,30,KNN,brute,81,uncalibrated,4.7,0.0,0.0
30,30,KNN,brute,81,uncalibrated,4.72,0.0,0.0
30,30,KNN,brute,81,uncalibrated,4.73,4.792711884673736e-05,2.9715496107814358e-05
30,30,KNN,brute,81,uncalibrated,4.74,0.008948815987788523,0.006015184987041047
30,30,KNN,brute,81,uncalibrated,4.75,0.051099167399350734,0.009127951999644224
30,30,KNN,brute,81,uncalibrated,4.76,0.1260704091391843,0.009802299752359446
30,30,KNN,brute,81,uncalibrated,4.77,0.17130526238577187,0.0049917375822830685
30,30,KNN,brute,81,uncalibrated,4.78,0.14622658183669482,0.010963712074880588
30,30,KNN,brute,81,uncalibrated,4.79,0.050454486314269124,0.007799714711980715
30,30,KNN,brute,81,uncalibrated,4.81,0.003197206497154648,0.003109507685050572
30,30,KNN,brute,81,uncalibrated,4.82,0.0003487815049414541,0.00034608335501868276
30,30,KNN,brute,81,uncalibrated,4.83,5.4110291555742675e-06,3.6260814705382194e-06
30,30,KNN,brute,81,uncalibrated,4.84,0.0002086019293537967,0.0002060391096136802
30,30,KNN,brute,81,uncalibrated,4.85,0.0,0.0
30,30,KNN,brute,81,uncalibrated,4.86,0.0,0.0
30,30,KNN,brute,81,uncalibrated,4.87,0.0,0.0
30,30,KNN,brute,81,uncalibrated,4.88,0.0,0.0
30,30,KNN,brute,81,uncalibrated,4.9,0.0,0.0
30,30,KNN,brute,81,uncalibrated,4.93,0.0,0.0
30,30,KNN,brute,101,uncalibrated,4.67,0.0,0.0
30,30,KNN,brute,101,uncalibrated,4.7,0.0,0.0
30,30,KNN,brute,101,uncalibrated,4.72,2.8832236747262383e-07,2.8832236747262383e-07
30,30,KNN,brute,101,uncalibrated,4.73,5.394442092854426e-05,3.551713643161259e-05
30,30,KNN,brute,101,uncalibrated,4.74,0.009113817549983302,0.006271912303639309
30,30,KNN,brute,101,uncalibrated,4.75,0.05082055793403724,0.008993424836689018
30,30,KNN,brute,101,uncalibrated,4.76,0.12574692115250308,0.009678035839256678
30,30,KNN,brute,101,uncalibrated,4.77,0.16972102569231942,0.005002735048129478
30,30,KNN,brute,101,uncalibrated,4.78,0.1452206172063873,0.011163203189014172
30,30,KNN,brute,101,uncalibrated,4.79,0.049259667105519746,0.007845554043128212
30,30,KNN,brute,101,uncalibrated,4.81,0.003080680241550648,0.003002573458474858
30,30,KNN,brute,101,uncalibrated,4.82,0.0003779979887731884,0.00037626212392300693
30,30,KNN,brute,101,uncalibrated,4.83,4.810863903920397e-06,2.9040381049513148e-06
30,30,KNN,brute,101,uncalibrated,4.84,0.0001878092802507142,0.00018615825639257697
30,30,KNN,brute,101,uncalibrated,4.85,0.0,0.0
30,30,KNN,brute,101,uncalibrated,4.86,0.0,0.0
30,30,KNN,brute,101,uncalibrated,4.87,0.0,0.0
30,30,KNN,brute,101,uncalibrated,4.88,0.0,0.0
30,30,KNN,brute,101,uncalibrated,4.9,0.0,0.0
30,30,KNN,brute,101,uncalibrated,4.93,0.0,0.0
30,30,KNN,brute,151,uncalibrated,4.67,0.0,0.0
30,30,KNN,brute,151,uncalibrated,4.7,0.0,0.0
30,30,KNN,brute,151,uncalibrated,4.72,2.5721878320686594e-07,1.8025238336296223e-07
30,30,KNN,brute,151,uncalibrated,4.73,8.433942045082915e-05,4.737575673863209e-05
30,30,KNN,brute,151,uncalibrated,4.74,0.009563376618389123,0.006068736178727991
30,30,KNN,brute,151,uncalibrated,4.75,0.05089072571917824,0.008848007721114664
30,30,KNN,brute,151,uncalibrated,4.76,0.12388654081917923,0.009479091679991926
30,30,KNN,brute,151,uncalibrated,4.77,0.16592592705170683,0.005074270564037423
30,30,KNN,brute,151,uncalibrated,4.78,0.14237892124843005,0.011278143722684111
30,30,KNN,brute,151,uncalibrated,4.79,0.0478895201316957,0.0078104946477317696
30,30,KNN,brute,151,uncalibrated,4.81,0.0031244469424434747,0.0030385354043564214
30,30,KNN,brute,151,uncalibrated,4.82,0.000399898868372654,0.00039845761671654254
30,30,KNN,brute,151,uncalibrated,4.83,3.797562593685584e-06,2.7144578195046533e-06
30,30,KNN,brute,151,uncalibrated,4.84,0.0002073656643706106,0.00020328425458354272
30,30,KNN,brute,151,uncalibrated,4.85,0.0,0.0
30,30,KNN,brute,151,uncalibrated,4.86,0.0,0.0
30,30,KNN,brute,151,uncalibrated,4.87,0.0,0.0
30,30,KNN,brute,151,uncalibrated,4.88,0.0,0.0
30,30,KNN,brute,151,uncalibrated,4.9,0.0,0.0
30,30,KNN,brute,151,uncalibrated,4.93,0.0,0.0
30,30,KNN,brute,201,uncalibrated,4.67,0.0,0.0
30,30,KNN,brute,201,uncalibrated,4.7,0.0,0.0
30,30,KNN,brute,201,uncalibrated,4.72,1.4516584925868704e-07,1.0172853625056065e-07
30,30,KNN,brute,201,uncalibrated,4.73,9.964704473570215e-05,5.618995211607632e-05
30,30,KNN,brute,201,uncalibrated,4.74,0.009738515141115345,0.0062063967850876575
30,30,KNN,brute,201,uncalibrated,4.75,0.05041815570967576,0.008698644893119861
30,30,KNN,brute,201,uncalibrated,4.76,0.12190971196138996,0.009374966167925125
30,30,KNN,brute,201,uncalibrated,4.77,0.16255840467844995,0.005165057509572588
30,30,KNN,brute,201,uncalibrated,4.78,0.1403368939881998,0.011407758688809944
30,30,KNN,brute,201,uncalibrated,4.79,0.04755405948792085,0.007845072126304368
30,30,KNN,brute,201,uncalibrated,4.81,0.003192308303201117,0.003087581297454991
30,30,KNN,brute,201,uncalibrated,4.82,0.00038135777427116083,0.0003800443213370886
30,30,KNN,brute,201,uncalibrated,4.83,6.42993685378917e-06,4.7915290987760085e-06
30,30,KNN,brute,201,uncalibrated,4.84,0.0002097914288115565,0.0002060108846513965
30,30,KNN,brute,201,uncalibrated,4.85,0.0,0.0
30,30,KNN,brute,201,uncalibrated,4.86,0.0,0.0
30,30,KNN,brute,201,uncalibrated,4.87,0.0,0.0
30,30,KNN,brute,201,uncalibrated,4.88,0.0,0.0
30,30,KNN,brute,201,uncalibrated,4.9,0.0,0.0
30,30,KNN,brute,201,uncalibrated,4.93,0.0,0.0
21,20,KNN,auto,1,uncalibrated,4.67,0.0,0.0
21,20,KNN,auto,1,uncalibrated,4.7,0.0,0.0
21,20,KNN,auto,1,uncalibrated,4.72,0.0,0.0
21,20,KNN,auto,1,uncalibrated,4.73,0.012229934901725706,0.005942087039377596
21,20,KNN,auto,1,uncalibrated,4.74,0.029003018855945417,0.01006448988224637
21,20,KNN,auto,1,uncalibrated,4.75,0.09398087285953625,0.013343252860778863
21,20,KNN,auto,1,uncalibrated,4.76,0.17662128658172355,0.018988596216216378
21,20,KNN,auto,1,uncalibrated,4.77,0.24896600015599793,0.0024027906136861866
21,20,KNN,auto,1,uncalibrated,4.78,0.22793191352285402,0.007330644215607615
21,20,KNN,auto,1,uncalibrated,4.79,0.12310511996219352,0.015348792939298039
21,20,KNN,auto,1,uncalibrated,4.81,0.013359365812109494,0.013051680266736863
21,20,KNN,auto,1,uncalibrated,4.82,0.004098383711970474,0.0040871322703795185
21,20,KNN,auto,1,uncalibrated,4.83,0.004255338916202328,0.004246048301117137
21,20,KNN,auto,1,uncalibrated,4.84,0.0,0.0
21,20,KNN,auto,1,uncalibrated,4.85,0.0,0.0
21,20,KNN,auto,1,uncalibrated,4.86,0.0,0.0
21,20,KNN,auto,1,uncalibrated,4.87,0.0,0.0
21,20,KNN,auto,1,uncalibrated,4.88,0.0,0.0
21,20,KNN,auto,1,uncalibrated,4.9,0.0,0.0
21,20,KNN,auto,1,uncalibrated,4.93,0.0,0.0
21,20,KNN,auto,3,uncalibrated,4.67,0.0,0.0
21,20,KNN,auto,3,uncalibrated,4.7,0.0,0.0
21,20,KNN,auto,3,uncalibrated,4.72,0.0003267973856209113,0.000326797385620915
21,20,KNN,auto,3,uncalibrated,4.73,0.007270519869953236,0.004845464744519126
21,20,KNN,auto,3,uncalibrated,4.74,0.02668912720601934,0.009095525621544072
21,20,KNN,auto,3,uncalibrated,4.75,0.061740689670826035,0.01368961432144267
21,20,KNN,auto,3,uncalibrated,4.76,0.13539377009546325,0.022020502701015205
21,20,KNN,auto,3,uncalibrated,4.77,0.19336388092400542,0.011456176673567936
21,20,KNN,auto,3,uncalibrated,4.78,0.19371450278802774,0.007142107292777264
21,20,KNN,auto,3,uncalibrated,4.79,0.09237148631568234,0.00962247201605449
21,20,KNN,auto,3,uncalibrated,4.81,0.010915147518218567,0.009368937244694021
21,20,KNN,auto,3,uncalibrated,4.82,0.0031814040313259363,0.002879965211094396
21,20,KNN,auto,3,uncalibrated,4.83,0.0018912617405343665,0.0018871325782742834
21,20,KNN,auto,3,uncalibrated,4.84,0.00023148148148148157,0.00023148148148148157
21,20,KNN,auto,3,uncalibrated,4.85,0.0,0.0
21,20,KNN,auto,3,uncalibrated,4.86,0.0,0.0
21,20,KNN,auto,3,uncalibrated,4.87,0.0,0.0
21,20,KNN,auto,3,uncalibrated,4.88,0.0,0.0
21,20,KNN,auto,3,uncalibrated,4.9,0.0,0.0
21,20,KNN,auto,3,uncalibrated,4.93,0.0,0.0
21,20,KNN,auto,5,uncalibrated,4.67,0.0,0.0
21,20,KNN,auto,5,uncalibrated,4.7,0.0,0.0
21,20,KNN,auto,5,uncalibrated,4.72,0.00047058823529411777,0.0004705882352941177
21,20,KNN,auto,5,uncalibrated,4.73,0.006144221227774095,0.004466697638102961
21,20,KNN,auto,5,uncalibrated,4.74,0.021863895745606186,0.007131632762735687
21,20,KNN,auto,5,uncalibrated,4.75,0.05486331399355741,0.013733491290421652
21,20,KNN,auto,5,uncalibrated,4.76,0.12504543397646734,0.018720583439720197
21,20,KNN,auto,5,uncalibrated,4.77,0.1778914078470808,0.011209486166007906
21,20,KNN,auto,5,uncalibrated,4.78,0.17947419905230444,0.006580418768987102
21,20,KNN,auto,5,uncalibrated,4.79,0.08936189385835339,0.008668910286017902
21,20,KNN,auto,5,uncalibrated,4.81,0.012580166987913416,0.009321751338071423
21,20,KNN,auto,5,uncalibrated,4.82,0.0031017780505586266,0.0025644765466794617
21,20,KNN,auto,5,uncalibrated,4.83,0.0022923311803815685,0.0021175627956742746
21,20,KNN,auto,5,uncalibrated,4.84,0.00033333333333334373,0.00033333333333333327
21,20,KNN,auto,5,uncalibrated,4.85,0.0,0.0
21,20,KNN,auto,5,uncalibrated,4.86,0.0,0.0
21,20,KNN,auto,5,uncalibrated,4.87,0.0,0.0
21,20,KNN,auto,5,uncalibrated,4.88,0.0,0.0
21,20,KNN,auto,5,uncalibrated,4.9,0.0,0.0
21,20,KNN,auto,5,uncalibrated,4.93,0.0,0.0
21,20,KNN,auto,7,uncalibrated,4.67,0.0,0.0
21,20,KNN,auto,7,uncalibrated,4.7,0.0,0.0
21,20,KNN,auto,7,uncalibrated,4.72,0.0005402160864345737,0.0005402160864345737
21,20,KNN,auto,7,uncalibrated,4.73,0.0048346523029891035,0.003896178462511596
21,20,KNN,auto,7,uncalibrated,4.74,0.021433180295084075,0.0068332021836423696
21,20,KNN,auto,7,uncalibrated,4.75,0.05247657598872287,0.013885717509328328
21,20,KNN,auto,7,uncalibrated,4.76,0.11764573762765167,0.01986177639631119
21,20,KNN,auto,7,uncalibrated,4.77,0.1713560498761838,0.013669589800911888
21,20,KNN,auto,7,uncalibrated,4.78,0.1732303446723985,0.0068947672467624035
21,20,KNN,auto,7,uncalibrated,4.79,0.09304098601041239,0.00882088253674731
21,20,KNN,auto,7,uncalibrated,4.81,0.014247110248361746,0.009504380852103938
21,20,KNN,auto,7,uncalibrated,4.82,0.0027416199322318003,0.0020999572545428464
21,20,KNN,auto,7,uncalibrated,4.83,0.0027721993241640428,0.0026350403800089917
21,20,KNN,auto,7,uncalibrated,4.84,0.0006802721088435163,0.0006802721088435372
21,20,KNN,auto,7,uncalibrated,4.85,0.0,0.0
21,20,KNN,auto,7,uncalibrated,4.86,0.0,0.0
21,20,KNN,auto,7,uncalibrated,4.87,0.0,0.0
21,20,KNN,auto,7,uncalibrated,4.88,0.0,0.0
21,20,KNN,auto,7,uncalibrated,4.9,0.0,0.0
21,20,KNN,auto,7,uncalibrated,4.93,0.0,0.0
21,20,KNN,auto,9,uncalibrated,4.67,0.0,0.0
21,20,KNN,auto,9,uncalibrated,4.7,0.0,0.0
21,20,KNN,auto,9,uncalibrated,4.72,0.0005809731299927232,0.0005809731299927379
21,20,KNN,auto,9,uncalibrated,4.73,0.005282102931597513,0.004378807553410727
21,20,KNN,auto,9,uncalibrated,4.74,0.019207001468784853,0.005897349055887291
21,20,KNN,auto,9,uncalibrated,4.75,0.05009391951030548,0.014426314047509551
21,20,KNN,auto,9,uncalibrated,4.76,0.11511322685242613,0.01860787302435196
21,20,KNN,auto,9,uncalibrated,4.77,0.16533973600736684,0.015463816913092288
21,20,KNN,auto,9,uncalibrated,4.78,0.16958661109468237,0.007314736273776198
21,20,KNN,auto,9,uncalibrated,4.79,0.0943870940629007,0.00913115462190709
21,20,KNN,auto,9,uncalibrated,4.81,0.0147835038466351,0.009769645538805067
21,20,KNN,auto,9,uncalibrated,4.82,0.0025359432294293676,0.002072981086330437
21,20,KNN,auto,9,uncalibrated,4.83,0.0030898591963844147,0.002951051924608494
21,20,KNN,auto,9,uncalibrated,4.84,0.0006430041152263377,0.0006430041152263378
21,20,KNN,auto,9,uncalibrated,4.85,0.0,0.0
21,20,KNN,auto,9,uncalibrated,4.86,0.0,0.0
21,20,KNN,auto,9,uncalibrated,4.87,0.0,0.0
21,20,KNN,auto,9,uncalibrated,4.88,0.0,0.0
21,20,KNN,auto,9,uncalibrated,4.9,0.0,0.0
21,20,KNN,auto,9,uncalibrated,4.93,0.0,0.0
21,20,KNN,auto,11,uncalibrated,4.67,0.0,0.0
21,20,KNN,auto,11,uncalibrated,4.7,0.0,0.0
21,20,KNN,auto,11,uncalibrated,4.72,0.0003889158969372781,0.00038891589693728734
21,20,KNN,auto,11,uncalibrated,4.73,0.005234841663247016,0.004175910669417162
21,20,KNN,auto,11,uncalibrated,4.74,0.01812455443792176,0.005431822072365602
21,20,KNN,auto,11,uncalibrated,4.75,0.047331344226522284,0.0129121579454845
21,20,KNN,auto,11,uncalibrated,4.76,0.11132238721989691,0.01844719160393535
21,20,KNN,auto,11,uncalibrated,4.77,0.16261457678934255,0.01585834216089335
21,20,KNN,auto,11,uncalibrated,4.78,0.16724058616650805,0.006945553323347871
21,20,KNN,auto,11,uncalibrated,4.79,0.09602245733733922,0.008556093309096383
21,20,KNN,auto,11,uncalibrated,4.81,0.015007833634090731,0.009701214204791699
21,20,KNN,auto,11,uncalibrated,4.82,0.0026532175176713995,0.0021015485600728192
21,20,KNN,auto,11,uncalibrated,4.83,0.0030817932462286306,0.002863958634418768
21,20,KNN,auto,11,uncalibrated,4.84,0.0009391484730644604,0.000936304524821271
21,20,KNN,auto,11,uncalibrated,4.85,0.0,0.0
21,20,KNN,auto,11,uncalibrated,4.86,0.0,0.0
21,20,KNN,auto,11,uncalibrated,4.87,0.0,0.0
21,20,KNN,auto,11,uncalibrated,4.88,0.0,0.0
21,20,KNN,auto,11,uncalibrated,4.9,0.0,0.0
21,20,KNN,auto,11,uncalibrated,4.93,0.0,0.0
21,20,KNN,auto,13,uncalibrated,4.67,0.0,0.0
21,20,KNN,auto,13,uncalibrated,4.7,0.0,0.0
21,20,KNN,auto,13,uncalibrated,4.72,0.0006433046427225014,0.0006259245614049207
21,20,KNN,auto,13,uncalibrated,4.73,0.0048941824458900345,0.003974730538551334
21,20,KNN,auto,13,uncalibrated,4.74,0.0181701297154377,0.005471500178634297
21,20,KNN,auto,13,uncalibrated,4.75,0.04634581991684029,0.013852400472625051
21,20,KNN,auto,13,uncalibrated,4.76,0.10752607964825078,0.018125004450230655
21,20,KNN,auto,13,uncalibrated,4.77,0.15759787312323237,0.014367683598452821
21,20,KNN,auto,13,uncalibrated,4.78,0.16670058018677,0.007000271323792903
21,20,KNN,auto,13,uncalibrated,4.79,0.09609831364486306,0.008290021721022727
21,20,KNN,auto,13,uncalibrated,4.81,0.015338704409310434,0.009208105043041363
21,20,KNN,auto,13,uncalibrated,4.82,0.002727479279616005,0.0021558804603410086
21,20,KNN,auto,13,uncalibrated,4.83,0.0033455349941659005,0.0030489890261502536
21,20,KNN,auto,13,uncalibrated,4.84,0.0008379250709277575,0.0008347253286524542
21,20,KNN,auto,13,uncalibrated,4.85,0.0,0.0
21,20,KNN,auto,13,uncalibrated,4.86,0.0,0.0
21,20,KNN,auto,13,uncalibrated,4.87,0.0,0.0
21,20,KNN,auto,13,uncalibrated,4.88,0.0,0.0
21,20,KNN,auto,13,uncalibrated,4.9,0.0,0.0
21,20,KNN,auto,13,uncalibrated,4.93,0.0,0.0
21,20,KNN,auto,15,uncalibrated,4.67,0.0,0.0
21,20,KNN,auto,15,uncalibrated,4.7,0.0,0.0
21,20,KNN,auto,15,uncalibrated,4.72,0.00048319326497826744,0.00047013889278858486
21,20,KNN,auto,15,uncalibrated,4.73,0.004758033871296566,0.003760393046107332
21,20,KNN,auto,15,uncalibrated,4.74,0.01792135653352917,0.0053967674448463015
21,20,KNN,auto,15,uncalibrated,4.75,0.04459042973089716,0.014242269121826846
21,20,KNN,auto,15,uncalibrated,4.76,0.10441738525992374,0.017520074031752736
21,20,KNN,auto,15,uncalibrated,4.77,0.15382233485336383,0.013612397264571197
21,20,KNN,auto,15,uncalibrated,4.78,0.16484864420182854,0.006584238440317523
21,20,KNN,auto,15,uncalibrated,4.79,0.09789272018778752,0.008402292943691858
21,20,KNN,auto,15,uncalibrated,4.81,0.015423895184549716,0.008834716088379335
21,20,KNN,auto,15,uncalibrated,4.82,0.002963816521778735,0.0021938298267864353
21,20,KNN,auto,15,uncalibrated,4.83,0.0036441292487967404,0.0031851042228924153
21,20,KNN,auto,15,uncalibrated,4.84,0.0010878098731357097,0.0010827846617320303
21,20,KNN,auto,15,uncalibrated,4.85,0.0,0.0
21,20,KNN,auto,15,uncalibrated,4.86,0.0,0.0
21,20,KNN,auto,15,uncalibrated,4.87,0.0,0.0
21,20,KNN,auto,15,uncalibrated,4.88,0.0,0.0
21,20,KNN,auto,15,uncalibrated,4.9,0.0,0.0
21,20,KNN,auto,15,uncalibrated,4.93,0.0,0.0
21,20,KNN,auto,17,uncalibrated,4.67,0.0,0.0
21,20,KNN,auto,17,uncalibrated,4.7,0.0,0.0
21,20,KNN,auto,17,uncalibrated,4.72,0.0003761885280972583,0.0003660250895412857
21,20,KNN,auto,17,uncalibrated,4.73,0.004487096131111945,0.003617419818606175
21,20,KNN,auto,17,uncalibrated,4.74,0.017524224637270363,0.005304101275312014
21,20,KNN,auto,17,uncalibrated,4.75,0.04364674769289278,0.013580718971961095
21,20,KNN,auto,17,uncalibrated,4.76,0.10210996062189,0.017720426797425425
21,20,KNN,auto,17,uncalibrated,4.77,0.15084420696405548,0.012820678143380101
21,20,KNN,auto,17,uncalibrated,4.78,0.16387829881841248,0.006767468727264117
21,20,KNN,auto,17,uncalibrated,4.79,0.09820779684672254,0.008284567863174063
21,20,KNN,auto,17,uncalibrated,4.81,0.016158905841764937,0.009047181419987596
21,20,KNN,auto,17,uncalibrated,4.82,0.0032270430418651816,0.0024349368034870217
21,20,KNN,auto,17,uncalibrated,4.83,0.003602470130298799,0.003097082286185511
21,20,KNN,auto,17,uncalibrated,4.84,0.0011484891124269175,0.0011319221663421259
21,20,KNN,auto,17,uncalibrated,4.85,0.0,0.0
21,20,KNN,auto,17,uncalibrated,4.86,0.0,0.0
21,20,KNN,auto,17,uncalibrated,4.87,0.0,0.0
21,20,KNN,auto,17,uncalibrated,4.88,0.0,0.0
21,20,KNN,auto,17,uncalibrated,4.9,0.0,0.0
21,20,KNN,auto,17,uncalibrated,4.93,0.0,0.0
21,20,KNN,auto,19,uncalibrated,4.67,0.0,0.0
21,20,KNN,auto,19,uncalibrated,4.7,0.0,0.0
21,20,KNN,auto,19,uncalibrated,4.72,0.0004070256821952539,0.00039886083335203556
21,20,KNN,auto,19,uncalibrated,4.73,0.004806333636021598,0.0037423300877990236
21,20,KNN,auto,19,uncalibrated,4.74,0.017496923043969385,0.0051874585043574445
21,20,KNN,auto,19,uncalibrated,4.75,0.043583323445025454,0.013810792543248901
21,20,KNN,auto,19,uncalibrated,4.76,0.10061134040737257,0.017954486329058696
21,20,KNN,auto,19,uncalibrated,4.77,0.14896364932480777,0.013294469792121247
21,20,KNN,auto,19,uncalibrated,4.78,0.16297329359107002,0.006648290983967975
21,20,KNN,auto,19,uncalibrated,4.79,0.09842469465329498,0.008222472958568547
21,20,KNN,auto,19,uncalibrated,4.81,0.016894431412823284,0.009209082171678398
21,20,KNN,auto,19,uncalibrated,4.82,0.003383184800249183,0.0025088767869260098
21,20,KNN,auto,19,uncalibrated,4.83,0.0033019019095182115,0.0028902869757130197
21,20,KNN,auto,19,uncalibrated,4.84,0.001030778702527557,0.0010172094513835291
21,20,KNN,auto,19,uncalibrated,4.85,0.0,0.0
21,20,KNN,auto,19,uncalibrated,4.86,0.0,0.0
21,20,KNN,auto,19,uncalibrated,4.87,0.0,0.0
21,20,KNN,auto,19,uncalibrated,4.88,0.0,0.0
21,20,KNN,auto,19,uncalibrated,4.9,0.0,0.0
21,20,KNN,auto,19,uncalibrated,4.93,0.0,0.0
21,20,KNN,auto,21,uncalibrated,4.67,0.0,0.0
21,20,KNN,auto,21,uncalibrated,4.7,0.0,0.0
21,20,KNN,auto,21,uncalibrated,4.72,0.00043318914028577134,0.00042649054176290485
21,20,KNN,auto,21,uncalibrated,4.73,0.005027164476844971,0.003965969782296312
21,20,KNN,auto,21,uncalibrated,4.74,0.017557152405344473,0.005253235627426178
21,20,KNN,auto,21,uncalibrated,4.75,0.04299967332539088,0.013591711968890929
21,20,KNN,auto,21,uncalibrated,4.76,0.10012222854744951,0.0181693092091682
21,20,KNN,auto,21,uncalibrated,4.77,0.14656609727777492,0.013805951516687981
21,20,KNN,auto,21,uncalibrated,4.78,0.1627760995189185,0.006452826799342661
21,20,KNN,auto,21,uncalibrated,4.79,0.09977498091587678,0.008398375303189112
21,20,KNN,auto,21,uncalibrated,4.81,0.017669207289723734,0.009415892355011671
21,20,KNN,auto,21,uncalibrated,4.82,0.0035355208154278246,0.002423973547035477
21,20,KNN,auto,21,uncalibrated,4.83,0.0033926038510331976,0.0028463205320011235
21,20,KNN,auto,21,uncalibrated,4.84,0.0010887997423952025,0.0010694540769728735
21,20,KNN,auto,21,uncalibrated,4.85,5.212813094586361e-06,5.212813094586508e-06
21,20,KNN,auto,21,uncalibrated,4.86,0.0,0.0
21,20,KNN,auto,21,uncalibrated,4.87,0.0,0.0
21,20,KNN,auto,21,uncalibrated,4.88,0.0,0.0
21,20,KNN,auto,21,uncalibrated,4.9,0.0,0.0
21,20,KNN,auto,21,uncalibrated,4.93,0.0,0.0
21,20,KNN,auto,23,uncalibrated,4.67,0.0,0.0
21,20,KNN,auto,23,uncalibrated,4.7,0.0,0.0
21,20,KNN,auto,23,uncalibrated,4.72,0.0004556122937632118,0.00045001965045286536
21,20,KNN,auto,23,uncalibrated,4.73,0.00496164616405135,0.0038024807130937295
21,20,KNN,auto,23,uncalibrated,4.74,0.017595156793753827,0.005333586104223939
21,20,KNN,auto,23,uncalibrated,4.75,0.04266766226165209,0.013556925888315778
21,20,KNN,auto,23,uncalibrated,4.76,0.0992512674649435,0.01856740359802237
21,20,KNN,auto,23,uncalibrated,4.77,0.14545793279830282,0.013546933601178701
21,20,KNN,auto,23,uncalibrated,4.78,0.1623399070810999,0.006338568647457728
21,20,KNN,auto,23,uncalibrated,4.79,0.09987309035747577,0.008387094873641338
21,20,KNN,auto,23,uncalibrated,4.81,0.018123299007957196,0.009550803202226742
21,20,KNN,auto,23,uncalibrated,4.82,0.003848363187782777,0.0025342733459373366
21,20,KNN,auto,23,uncalibrated,4.83,0.003562365256340771,0.002989776222041332
21,20,KNN,auto,23,uncalibrated,4.84,0.0011586603926179973,0.0011410918534587823
21,20,KNN,auto,23,uncalibrated,4.85,4.345653260326572e-06,4.3456532603263525e-06
21,20,KNN,auto,23,uncalibrated,4.86,0.0,0.0
21,20,KNN,auto,23,uncalibrated,4.87,0.0,0.0
21,20,KNN,auto,23,uncalibrated,4.88,0.0,0.0
21,20,KNN,auto,23,uncalibrated,4.9,0.0,0.0
21,20,KNN,auto,23,uncalibrated,4.93,0.0,0.0
21,20,KNN,auto,25,uncalibrated,4.67,0.0,0.0
21,20,KNN,auto,25,uncalibrated,4.7,0.0,0.0
21,20,KNN,auto,25,uncalibrated,4.72,0.000475013998202622,0.00047027542444957784
21,20,KNN,auto,25,uncalibrated,4.73,0.005264340599115899,0.0038061747776033496
21,20,KNN,auto,25,uncalibrated,4.74,0.018004004444325015,0.005439050998017358
21,20,KNN,auto,25,uncalibrated,4.75,0.04244960802042222,0.013279715677241016
21,20,KNN,auto,25,uncalibrated,4.76,0.09820460113325248,0.01825286869850067
21,20,KNN,auto,25,uncalibrated,4.77,0.1433656112845625,0.013638396386222468
21,20,KNN,auto,25,uncalibrated,4.78,0.16136125905368356,0.00645111388344149
21,20,KNN,auto,25,uncalibrated,4.79,0.10081781698774135,0.008001948505073134
21,20,KNN,auto,25,uncalibrated,4.81,0.01842441515559902,0.00919964903044661
21,20,KNN,auto,25,uncalibrated,4.82,0.0038443308458732373,0.0023059738963380383
21,20,KNN,auto,25,uncalibrated,4.83,0.0037930215390838172,0.003160639296410366
21,20,KNN,auto,25,uncalibrated,4.84,0.0011562291691778286,0.0011246914489019754
21,20,KNN,auto,25,uncalibrated,4.85,3.678160919540018e-06,3.678160919540237e-06
21,20,KNN,auto,25,uncalibrated,4.86,0.0,0.0
21,20,KNN,auto,25,uncalibrated,4.87,0.0,0.0
21,20,KNN,auto,25,uncalibrated,4.88,0.0,0.0
21,20,KNN,auto,25,uncalibrated,4.9,0.0,0.0
21,20,KNN,auto,25,uncalibrated,4.93,0.0,0.0
21,20,KNN,auto,27,uncalibrated,4.67,0.0,0.0
21,20,KNN,auto,27,uncalibrated,4.7,0.0,0.0
21,20,KNN,auto,27,uncalibrated,4.72,0.000407247940845873,0.00040318537761452127
21,20,KNN,auto,27,uncalibrated,4.73,0.005208152921811655,0.00369736899719263
21,20,KNN,auto,27,uncalibrated,4.74,0.017819371773362496,0.00541009551164092
21,20,KNN,auto,27,uncalibrated,4.75,0.041883892764490484,0.01294892714792057
21,20,KNN,auto,27,uncalibrated,4.76,0.0972247261349036,0.018184437278041678
21,20,KNN,auto,27,uncalibrated,4.77,0.14159880638817998,0.012999173546677567
21,20,KNN,auto,27,uncalibrated,4.78,0.160560059564956,0.006528838970175027
21,20,KNN,auto,27,uncalibrated,4.79,0.1017043144489486,0.00791879224068531
21,20,KNN,auto,27,uncalibrated,4.81,0.018647183206064906,0.009100213642886231
21,20,KNN,auto,27,uncalibrated,4.82,0.003834231347032811,0.0023222068667936913
21,20,KNN,auto,27,uncalibrated,4.83,0.004035001975479109,0.0033139910951963322
21,20,KNN,auto,27,uncalibrated,4.84,0.0011799472907568444,0.0011281320897955074
21,20,KNN,auto,27,uncalibrated,4.85,3.1534301436388262e-06,3.1534301436387517e-06
21,20,KNN,auto,27,uncalibrated,4.86,0.0,0.0
21,20,KNN,auto,27,uncalibrated,4.87,0.0,0.0
21,20,KNN,auto,27,uncalibrated,4.88,0.0,0.0
21,20,KNN,auto,27,uncalibrated,4.9,0.0,0.0
21,20,KNN,auto,27,uncalibrated,4.93,0.0,0.0
21,20,KNN,auto,29,uncalibrated,4.67,0.0,0.0
21,20,KNN,auto,29,uncalibrated,4.7,0.0,0.0
21,20,KNN,auto,29,uncalibrated,4.72,0.00042968137239118544,0.00042265369512381554
21,20,KNN,auto,29,uncalibrated,4.73,0.0052725503246765365,0.0037553409729390707
21,20,KNN,auto,29,uncalibrated,4.74,0.01753036156202024,0.005241070521232485
21,20,KNN,auto,29,uncalibrated,4.75,0.04150539877978466,0.012849521665388185
21,20,KNN,auto,29,uncalibrated,4.76,0.09611789365110805,0.018402313983305208
21,20,KNN,auto,29,uncalibrated,4.77,0.14007344169840533,0.013027274987674115
21,20,KNN,auto,29,uncalibrated,4.78,0.16008641686463637,0.006424786520941338
21,20,KNN,auto,29,uncalibrated,4.79,0.10202578081450385,0.007487320489166963
21,20,KNN,auto,29,uncalibrated,4.81,0.019058712930386194,0.008697651171388703
21,20,KNN,auto,29,uncalibrated,4.82,0.00410129791287288,0.002333005462389304
21,20,KNN,auto,29,uncalibrated,4.83,0.0042338402813040105,0.0034550455209773744
21,20,KNN,auto,29,uncalibrated,4.84,0.00123716793264686,0.001172627360123449
21,20,KNN,auto,29,uncalibrated,4.85,2.7334727404429054e-06,2.7334727404430897e-06
21,20,KNN,auto,29,uncalibrated,4.86,0.0,0.0
21,20,KNN,auto,29,uncalibrated,4.87,0.0,0.0
21,20,KNN,auto,29,uncalibrated,4.88,0.0,0.0
21,20,KNN,auto,29,uncalibrated,4.9,0.0,0.0
21,20,KNN,auto,29,uncalibrated,4.93,0.0,0.0
21,20,KNN,auto,31,uncalibrated,4.67,0.0,0.0
21,20,KNN,auto,31,uncalibrated,4.7,0.0,0.0
21,20,KNN,auto,31,uncalibrated,4.72,0.0003760270907190341,0.0003698769590001342
21,20,KNN,auto,31,uncalibrated,4.73,0.005414908550534417,0.003792252220884266
21,20,KNN,auto,31,uncalibrated,4.74,0.017063874827529874,0.0051282046546408
21,20,KNN,auto,31,uncalibrated,4.75,0.04088668113243866,0.013338861100902821
21,20,KNN,auto,31,uncalibrated,4.76,0.0947501800595264,0.018730541920370877
21,20,KNN,auto,31,uncalibrated,4.77,0.1387947442488483,0.013384150121244623
21,20,KNN,auto,31,uncalibrated,4.78,0.15897015647330895,0.0066309621435530494
21,20,KNN,auto,31,uncalibrated,4.79,0.10327818447364062,0.007276120284424297
21,20,KNN,auto,31,uncalibrated,4.81,0.019405487491538205,0.008641567656700894
21,20,KNN,auto,31,uncalibrated,4.82,0.004211029099757934,0.0023704352198718457
21,20,KNN,auto,31,uncalibrated,4.83,0.004414732663095689,0.0035336765316451788
21,20,KNN,auto,31,uncalibrated,4.84,0.0011692166452542284,0.001086854252416441
21,20,KNN,auto,31,uncalibrated,4.85,2.152929778606967e-05,2.1529297786070555e-05
21,20,KNN,auto,31,uncalibrated,4.86,0.0,0.0
21,20,KNN,auto,31,uncalibrated,4.87,0.0,0.0
21,20,KNN,auto,31,uncalibrated,4.88,0.0,0.0
21,20,KNN,auto,31,uncalibrated,4.9,0.0,0.0
21,20,KNN,auto,31,uncalibrated,4.93,0.0,0.0
21,20,KNN,auto,33,uncalibrated,4.67,0.0,0.0
21,20,KNN,auto,33,uncalibrated,4.7,0.0,0.0
21,20,KNN,auto,33,uncalibrated,4.72,0.0004614035582259918,0.0004559711297837631
21,20,KNN,auto,33,uncalibrated,4.73,0.005510243920015244,0.0038699868775059214
21,20,KNN,auto,33,uncalibrated,4.74,0.016690208280379475,0.004990003396644011
21,20,KNN,auto,33,uncalibrated,4.75,0.04061406212929082,0.013292636538056377
21,20,KNN,auto,33,uncalibrated,4.76,0.09429300402354973,0.019263715523908258
21,20,KNN,auto,33,uncalibrated,4.77,0.13738102565972116,0.013364778977427202
21,20,KNN,auto,33,uncalibrated,4.78,0.1582298428477884,0.006727117227200761
21,20,KNN,auto,33,uncalibrated,4.79,0.10397968440391937,0.0070465966075428195
21,20,KNN,auto,33,uncalibrated,4.81,0.0200478527682057,0.008896217406032587
21,20,KNN,auto,33,uncalibrated,4.82,0.004436547244345129,0.0024167556315257844
21,20,KNN,auto,33,uncalibrated,4.83,0.004443811161947824,0.0034664360231431565
21,20,KNN,auto,33,uncalibrated,4.84,0.0010990350523110135,0.0010258224046827786
21,20,KNN,auto,33,uncalibrated,4.85,1.899876508026951e-05,1.8998765080269812e-05
21,20,KNN,auto,33,uncalibrated,4.86,0.0,0.0
21,20,KNN,auto,33,uncalibrated,4.87,0.0,0.0
21,20,KNN,auto,33,uncalibrated,4.88,0.0,0.0
21,20,KNN,auto,33,uncalibrated,4.9,0.0,0.0
21,20,KNN,auto,33,uncalibrated,4.93,0.0,0.0
21,20,KNN,auto,35,uncalibrated,4.67,0.0,0.0
21,20,KNN,auto,35,uncalibrated,4.7,0.0,0.0
21,20,KNN,auto,35,uncalibrated,4.72,0.000410178346863783,0.00040534902884450437
21,20,KNN,auto,35,uncalibrated,4.73,0.005703709440708565,0.003908605080208373
21,20,KNN,auto,35,uncalibrated,4.74,0.016580443668961723,0.005009385972318232
21,20,KNN,auto,35,uncalibrated,4.75,0.040424409948768336,0.012933793235604098
21,20,KNN,auto,35,uncalibrated,4.76,0.09373980176568734,0.01942597328117081
21,20,KNN,auto,35,uncalibrated,4.77,0.13616013760638984,0.012877631685085093
21,20,KNN,auto,35,uncalibrated,4.78,0.1576114614873506,0.006675864682921586
21,20,KNN,auto,35,uncalibrated,4.79,0.10480796448227012,0.006985569104415641
21,20,KNN,auto,35,uncalibrated,4.81,0.020592736884792923,0.008989285281542641
21,20,KNN,auto,35,uncalibrated,4.82,0.0045231302620969485,0.002535300969941927
21,20,KNN,auto,35,uncalibrated,4.83,0.004577331809961328,0.003485110234745085
21,20,KNN,auto,35,uncalibrated,4.84,0.0012289965761121766,0.001120919181069557
21,20,KNN,auto,35,uncalibrated,4.85,3.0025803424817074e-05,3.0025803424818243e-05
21,20,KNN,auto,35,uncalibrated,4.86,0.0,0.0
21,20,KNN,auto,35,uncalibrated,4.87,0.0,0.0
21,20,KNN,auto,35,uncalibrated,4.88,0.0,0.0
21,20,KNN,auto,35,uncalibrated,4.9,0.0,0.0
21,20,KNN,auto,35,uncalibrated,4.93,0.0,0.0
21,20,KNN,auto,37,uncalibrated,4.67,0.0,0.0
21,20,KNN,auto,37,uncalibrated,4.7,0.0,0.0
21,20,KNN,auto,37,uncalibrated,4.72,0.000425014773326095,0.00042069208974015006
21,20,KNN,auto,37,uncalibrated,4.73,0.005650983529455718,0.004011711444143877
21,20,KNN,auto,37,uncalibrated,4.74,0.016553735604329895,0.004999212248111957
21,20,KNN,auto,37,uncalibrated,4.75,0.03950869359751291,0.012622785402936884
21,20,KNN,auto,37,uncalibrated,4.76,0.09304889318675333,0.01981649026628434
21,20,KNN,auto,37,uncalibrated,4.77,0.13461242407741486,0.013053404710279007
21,20,KNN,auto,37,uncalibrated,4.78,0.1576901741884955,0.006635998471551953
21,20,KNN,auto,37,uncalibrated,4.79,0.10143015158729947,0.006900190247566424
21,20,KNN,auto,37,uncalibrated,4.81,0.021056000018302386,0.008922949044104678
21,20,KNN,auto,37,uncalibrated,4.82,0.004656981555497815,0.0025385175989875407
21,20,KNN,auto,37,uncalibrated,4.83,0.004671081052683726,0.003508978763568943
21,20,KNN,auto,37,uncalibrated,4.84,0.0012111210643644817,0.0011109742973185366
21,20,KNN,auto,37,uncalibrated,4.85,4.198047068503203e-05,4.1980470685037334e-05
21,20,KNN,auto,37,uncalibrated,4.86,0.0,0.0
21,20,KNN,auto,37,uncalibrated,4.87,0.0,0.0
21,20,KNN,auto,37,uncalibrated,4.88,0.0,0.0
21,20,KNN,auto,37,uncalibrated,4.9,0.0,0.0
21,20,KNN,auto,37,uncalibrated,4.93,0.0,0.0
21,20,KNN,auto,39,uncalibrated,4.67,0.0,0.0
21,20,KNN,auto,39,uncalibrated,4.7,0.0,0.0
21,20,KNN,auto,39,uncalibrated,4.72,0.00038254123910812015,0.0003786505396806478
21,20,KNN,auto,39,uncalibrated,4.73,0.005820477181921168,0.0040607837733788715
21,20,KNN,auto,39,uncalibrated,4.74,0.016054247450077795,0.004846915804572761
21,20,KNN,auto,39,uncalibrated,4.75,0.0391357532895284,0.012334188112076153
21,20,KNN,auto,39,uncalibrated,4.76,0.09220310654366703,0.019997493423752045
21,20,KNN,auto,39,uncalibrated,4.77,0.1339004678625541,0.013164811158122194
21,20,KNN,auto,39,uncalibrated,4.78,0.15689435714567096,0.006800921936252743
21,20,KNN,auto,39,uncalibrated,4.79,0.10193462413691949,0.006849372247165851
21,20,KNN,auto,39,uncalibrated,4.81,0.021415785133647454,0.008960246737057096
21,20,KNN,auto,39,uncalibrated,4.82,0.004817377869545655,0.0025092651170457434
21,20,KNN,auto,39,uncalibrated,4.83,0.004804687499134317,0.0035322588890556355
21,20,KNN,auto,39,uncalibrated,4.84,0.0012608704847130014,0.0011694938509015124
21,20,KNN,auto,39,uncalibrated,4.85,3.778518367377665e-05,3.778518367377785e-05
21,20,KNN,auto,39,uncalibrated,4.86,0.0,0.0
21,20,KNN,auto,39,uncalibrated,4.87,0.0,0.0
21,20,KNN,auto,39,uncalibrated,4.88,0.0,0.0
21,20,KNN,auto,39,uncalibrated,4.9,0.0,0.0
21,20,KNN,auto,39,uncalibrated,4.93,0.0,0.0
21,20,KNN,auto,41,uncalibrated,4.67,0.0,0.0
21,20,KNN,auto,41,uncalibrated,4.7,0.0,0.0
21,20,KNN,auto,41,uncalibrated,4.72,0.00034613041325606483,0.0003426100362012286
21,20,KNN,auto,41,uncalibrated,4.73,0.00568537592803592,0.0038991100445363246
21,20,KNN,auto,41,uncalibrated,4.74,0.016030046414030382,0.004792361181290909
21,20,KNN,auto,41,uncalibrated,4.75,0.03875059683760645,0.012051105784448816
21,20,KNN,auto,41,uncalibrated,4.76,0.09147968435030109,0.019969580072584023
21,20,KNN,auto,41,uncalibrated,4.77,0.13307716323300176,0.013550042194999917
21,20,KNN,auto,41,uncalibrated,4.78,0.15611616918112486,0.006657147142591613
21,20,KNN,auto,41,uncalibrated,4.79,0.10284132851484172,0.006816716358981344
21,20,KNN,auto,41,uncalibrated,4.81,0.0218178235225311,0.009029236344918999
21,20,KNN,auto,41,uncalibrated,4.82,0.004969219482119695,0.002561408354350651
21,20,KNN,auto,41,uncalibrated,4.83,0.004940963270446572,0.003587711481849882
21,20,KNN,auto,41,uncalibrated,4.84,0.0013867949562793433,0.0012429579667126238
21,20,KNN,auto,41,uncalibrated,4.85,6.700992157104315e-05,6.700992157104081e-05
21,20,KNN,auto,41,uncalibrated,4.86,1.2523873634114252e-06,1.2523873634115056e-06
21,20,KNN,auto,41,uncalibrated,4.87,0.0,0.0
21,20,KNN,auto,41,uncalibrated,4.88,0.0,0.0
21,20,KNN,auto,41,uncalibrated,4.9,0.0,0.0
21,20,KNN,auto,41,uncalibrated,4.93,0.0,0.0
21,20,KNN,auto,43,uncalibrated,4.67,0.0,0.0
21,20,KNN,auto,43,uncalibrated,4.7,0.0,0.0
21,20,KNN,auto,43,uncalibrated,4.72,0.00036079195640885794,0.0003575906771749114
21,20,KNN,auto,43,uncalibrated,4.73,0.005557096967918118,0.0037982238408260744
21,20,KNN,auto,43,uncalibrated,4.74,0.015871992162366486,0.004725691804081874
21,20,KNN,auto,43,uncalibrated,4.75,0.03836228778447007,0.012292266934570091
21,20,KNN,auto,43,uncalibrated,4.76,0.08990944648033111,0.019752076484277646
21,20,KNN,auto,43,uncalibrated,4.77,0.1313211040262228,0.013207407730886932
21,20,KNN,auto,43,uncalibrated,4.78,0.15548012784013038,0.006469937710229346
21,20,KNN,auto,43,uncalibrated,4.79,0.10325604658962534,0.0067803883414187935
21,20,KNN,auto,43,uncalibrated,4.81,0.022195416609413,0.008838807868355222
21,20,KNN,auto,43,uncalibrated,4.82,0.00510628895997852,0.0025745735189090894
21,20,KNN,auto,43,uncalibrated,4.83,0.0051217601405588314,0.003708877996377443
21,20,KNN,auto,43,uncalibrated,4.84,0.0014355797010919056,0.001275824172980531
21,20,KNN,auto,43,uncalibrated,4.85,6.0921405170865495e-05,6.092140517085962e-05
21,20,KNN,auto,43,uncalibrated,4.86,2.2723459102039e-06,1.5947993955097751e-06
21,20,KNN,auto,43,uncalibrated,4.87,0.0,0.0
21,20,KNN,auto,43,uncalibrated,4.88,0.0,0.0
21,20,KNN,auto,43,uncalibrated,4.9,1.0360783192324213e-06,1.0360783192323118e-06
21,20,KNN,auto,43,uncalibrated,4.93,0.0,0.0
21,20,KNN,auto,45,uncalibrated,4.67,0.0,0.0
21,20,KNN,auto,45,uncalibrated,4.7,0.0,0.0
21,20,KNN,auto,45,uncalibrated,4.72,0.0003744423620037683,0.0003715187798077
21,20,KNN,auto,45,uncalibrated,4.73,0.005661786237315607,0.0037657370591599936
21,20,KNN,auto,45,uncalibrated,4.74,0.015708494621218653,0.004652886708500804
21,20,KNN,auto,45,uncalibrated,4.75,0.03827362005407074,0.012366826628011595
21,20,KNN,auto,45,uncalibrated,4.76,0.08933998677527862,0.01999428925061549
21,20,KNN,auto,45,uncalibrated,4.77,0.1311034929893324,0.013599626353249544
21,20,KNN,auto,45,uncalibrated,4.78,0.15513606080236086,0.006555819908338105
21,20,KNN,auto,45,uncalibrated,4.79,0.1035479185821362,0.006720728676852404
21,20,KNN,auto,45,uncalibrated,4.81,0.022669368318106772,0.00907866159277349
21,20,KNN,auto,45,uncalibrated,4.82,0.005304978214678015,0.002668756637801281
21,20,KNN,auto,45,uncalibrated,4.83,0.005252610457560399,0.00371727559136773
21,20,KNN,auto,45,uncalibrated,4.84,0.0014415778656210437,0.0012948074234623943
21,20,KNN,auto,45,uncalibrated,4.85,5.5626507733786864e-05,5.562650773378744e-05
21,20,KNN,auto,45,uncalibrated,4.86,2.0748481915886947e-06,1.4561896702704076e-06
21,20,KNN,auto,45,uncalibrated,4.87,0.0,0.0
21,20,KNN,auto,45,uncalibrated,4.88,0.0,0.0
21,20,KNN,auto,45,uncalibrated,4.9,9.460290430916078e-07,9.460290430916272e-07
21,20,KNN,auto,45,uncalibrated,4.93,0.0,0.0
21,20,KNN,auto,47,uncalibrated,4.67,0.0,0.0
21,20,KNN,auto,47,uncalibrated,4.7,0.0,0.0
21,20,KNN,auto,47,uncalibrated,4.72,0.000344441749729854,0.0003404336760400075
21,20,KNN,auto,47,uncalibrated,4.73,0.00570652755141396,0.0037727683841263025
21,20,KNN,auto,47,uncalibrated,4.74,0.01557989143720501,0.004566606865853981
21,20,KNN,auto,47,uncalibrated,4.75,0.038318113835367804,0.012255235685367299
21,20,KNN,auto,47,uncalibrated,4.76,0.0884036872386713,0.020064724620537388
21,20,KNN,auto,47,uncalibrated,4.77,0.1301892458212917,0.013636623511247073
21,20,KNN,auto,47,uncalibrated,4.78,0.154550461231129,0.006263809914092274
21,20,KNN,auto,47,uncalibrated,4.79,0.10453607150297359,0.006664529786830959
21,20,KNN,auto,47,uncalibrated,4.81,0.02276025602429959,0.008985842705397458
21,20,KNN,auto,47,uncalibrated,4.82,0.005534815460592208,0.0027400080043464754
21,20,KNN,auto,47,uncalibrated,4.83,0.005404810511638201,0.0037608964088921906
21,20,KNN,auto,47,uncalibrated,4.84,0.001482754228238862,0.001331299961306394
21,20,KNN,auto,47,uncalibrated,4.85,5.199985551373953e-05,5.095734046046431e-05
21,20,KNN,auto,47,uncalibrated,4.86,4.7570838994245955e-06,3.909860022804631e-06
21,20,KNN,auto,47,uncalibrated,4.87,3.894137862215737e-06,3.894137862215656e-06
21,20,KNN,auto,47,uncalibrated,4.88,0.0,0.0
21,20,KNN,auto,47,uncalibrated,4.9,8.672289779358899e-07,8.672289779359636e-07
21,20,KNN,auto,47,uncalibrated,4.93,0.0,0.0
21,20,KNN,auto,49,uncalibrated,4.67,0.0,0.0
21,20,KNN,auto,49,uncalibrated,4.7,0.0,0.0
21,20,KNN,auto,49,uncalibrated,4.72,0.00035837948915113684,0.00035347683120218594
21,20,KNN,auto,49,uncalibrated,4.73,0.005795122704615538,0.003725043974805233
21,20,KNN,auto,49,uncalibrated,4.74,0.015547906942904513,0.004594153980692101
21,20,KNN,auto,49,uncalibrated,4.75,0.03800428634787735,0.012076624026695622
21,20,KNN,auto,49,uncalibrated,4.76,0.0878997094926815,0.019994262504532616
21,20,KNN,auto,49,uncalibrated,4.77,0.1295173816287323,0.013600370257922378
21,20,KNN,auto,49,uncalibrated,4.78,0.154255452385467,0.006162864529881753
21,20,KNN,auto,49,uncalibrated,4.79,0.1048129010799575,0.006631408916488041
21,20,KNN,auto,49,uncalibrated,4.81,0.022838713896273198,0.008993978518719185
21,20,KNN,auto,49,uncalibrated,4.82,0.0057979620990913664,0.0027082576235921744
21,20,KNN,auto,49,uncalibrated,4.83,0.005546031489879645,0.0037991412163121806
21,20,KNN,auto,49,uncalibrated,4.84,0.00151636939097298,0.0013448548280526186
21,20,KNN,auto,49,uncalibrated,4.85,8.029265786624382e-05,7.741729731080001e-05
21,20,KNN,auto,49,uncalibrated,4.86,4.376675690890961e-06,3.597201495366705e-06
21,20,KNN,auto,49,uncalibrated,4.87,3.5827365837711077e-06,3.582736583771106e-06
21,20,KNN,auto,49,uncalibrated,4.88,0.0,0.0
21,20,KNN,auto,49,uncalibrated,4.9,7.978795552937251e-07,7.978795552938539e-07
21,20,KNN,auto,49,uncalibrated,4.93,0.0,0.0
21,20,KNN,auto,51,uncalibrated,4.67,0.0,0.0
21,20,KNN,auto,51,uncalibrated,4.7,0.0,0.0
21,20,KNN,auto,51,uncalibrated,4.72,0.00033082243500649045,0.0003262967595987883
21,20,KNN,auto,51,uncalibrated,4.73,0.0058440655669354516,0.003838263066980527
21,20,KNN,auto,51,uncalibrated,4.74,0.015259904881113354,0.0045807046740045185
21,20,KNN,auto,51,uncalibrated,4.75,0.037806552570318855,0.011873856801261667
21,20,KNN,auto,51,uncalibrated,4.76,0.08712463078182806,0.020230667744603543
21,20,KNN,auto,51,uncalibrated,4.77,0.12849049584888855,0.013874407134524494
21,20,KNN,auto,51,uncalibrated,4.78,0.1538257299257669,0.006181345962889075
21,20,KNN,auto,51,uncalibrated,4.79,0.10527994209224953,0.006630221241651065
21,20,KNN,auto,51,uncalibrated,4.81,0.023317162549122326,0.00899706379537319
21,20,KNN,auto,51,uncalibrated,4.82,0.006073201998234284,0.002758690495835928
21,20,KNN,auto,51,uncalibrated,4.83,0.005553610540334454,0.00377442819489478
21,20,KNN,auto,51,uncalibrated,4.84,0.0014851594259037296,0.001325148811945388
21,20,KNN,auto,51,uncalibrated,4.85,7.672495391131648e-05,7.1474441723008e-05
21,20,KNN,auto,51,uncalibrated,4.86,4.040137767715271e-06,3.3206000731931732e-06
21,20,KNN,auto,51,uncalibrated,4.87,3.307247419313533e-06,3.307247419313492e-06
21,20,KNN,auto,51,uncalibrated,4.88,0.0,0.0
21,20,KNN,auto,51,uncalibrated,4.9,7.365278017149621e-07,7.36527801714935e-07
21,20,KNN,auto,51,uncalibrated,4.93,0.0,0.0
21,20,KNN,auto,61,uncalibrated,4.67,0.0,0.0
21,20,KNN,auto,61,uncalibrated,4.7,0.0,0.0
21,20,KNN,auto,61,uncalibrated,4.72,0.00038753944065865725,0.0003820013186423538
21,20,KNN,auto,61,uncalibrated,4.73,0.005857479288661036,0.00373414653891903
21,20,KNN,auto,61,uncalibrated,4.74,0.01417858438007803,0.004315078526699712
21,20,KNN,auto,61,uncalibrated,4.75,0.03668564713223813,0.01155618661666131
21,20,KNN,auto,61,uncalibrated,4.76,0.08375015959715681,0.019997526910900683
21,20,KNN,auto,61,uncalibrated,4.77,0.12528734125642638,0.013681242982622924
21,20,KNN,auto,61,uncalibrated,4.78,0.15145436251157818,0.006437824502477519
21,20,KNN,auto,61,uncalibrated,4.79,0.10659064276081516,0.006398710660250809
21,20,KNN,auto,61,uncalibrated,4.81,0.025321151390015933,0.008902887191467073
21,20,KNN,auto,61,uncalibrated,4.82,0.006917662370691618,0.0026331560240068766
21,20,KNN,auto,61,uncalibrated,4.83,0.006273243766996437,0.003979096898840602
21,20,KNN,auto,61,uncalibrated,4.84,0.001824248807330855,0.0015654402222811962
21,20,KNN,auto,61,uncalibrated,4.85,0.00014668402369030702,0.00013872320155461774
21,20,KNN,auto,61,uncalibrated,4.86,8.161987017976416e-06,5.834273535319956e-06
21,20,KNN,auto,61,uncalibrated,4.87,2.3117846110277567e-06,2.3117846110277948e-06
21,20,KNN,auto,61,uncalibrated,4.88,0.0,0.0
21,20,KNN,auto,61,uncalibrated,4.9,5.148370900994985e-07,5.148370900995817e-07
21,20,KNN,auto,61,uncalibrated,4.93,0.0,0.0
21,20,KNN,auto,81,uncalibrated,4.67,0.0,0.0
21,20,KNN,auto,81,uncalibrated,4.7,0.0,0.0
21,20,KNN,auto,81,uncalibrated,4.72,0.0003671053603880782,0.0003505767146628614
21,20,KNN,auto,81,uncalibrated,4.73,0.005949649698436323,0.003638838889305266
21,20,KNN,auto,81,uncalibrated,4.74,0.013330615507764577,0.0040608175818329945
21,20,KNN,auto,81,uncalibrated,4.75,0.03541869446994454,0.012022622205500695
21,20,KNN,auto,81,uncalibrated,4.76,0.07895064279955948,0.019444460526392458
21,20,KNN,auto,81,uncalibrated,4.77,0.11875325103108167,0.014084596013384694
21,20,KNN,auto,81,uncalibrated,4.78,0.14769467036605977,0.005720562673449966
21,20,KNN,auto,81,uncalibrated,4.79,0.10751397470641143,0.005965467323501441
21,20,KNN,auto,81,uncalibrated,4.81,0.029249657258798478,0.009000648120387356
21,20,KNN,auto,81,uncalibrated,4.82,0.008485111044739395,0.0026264672071812678
21,20,KNN,auto,81,uncalibrated,4.83,0.007479329617223846,0.004198547080073722
21,20,KNN,auto,81,uncalibrated,4.84,0.0020153034164237457,0.0015488209878506613
21,20,KNN,auto,81,uncalibrated,4.85,0.00019578154924391488,0.00018471802952957654
21,20,KNN,auto,81,uncalibrated,4.86,1.94363857606349e-05,1.4309368965532385e-05
21,20,KNN,auto,81,uncalibrated,4.87,3.30911138062628e-05,3.276139935950863e-05
21,20,KNN,auto,81,uncalibrated,4.88,6.084314983681791e-07,4.271776774120119e-07
21,20,KNN,auto,81,uncalibrated,4.9,2.919842725591456e-07,2.9198427255914565e-07
21,20,KNN,auto,81,uncalibrated,4.93,0.0,0.0
21,20,KNN,auto,101,uncalibrated,4.67,0.0,0.0
21,20,KNN,auto,101,uncalibrated,4.7,0.0,0.0
21,20,KNN,auto,101,uncalibrated,4.72,0.00032437980305627173,0.000313182418972916
21,20,KNN,auto,101,uncalibrated,4.73,0.006099162145845786,0.003751142837377356
21,20,KNN,auto,101,uncalibrated,4.74,0.013065287778078952,0.004032700819000393
21,20,KNN,auto,101,uncalibrated,4.75,0.033807099235506975,0.01154002887793617
21,20,KNN,auto,101,uncalibrated,4.76,0.07548018364874458,0.018816348593149186
21,20,KNN,auto,101,uncalibrated,4.77,0.11359460348364994,0.014158796114529332
21,20,KNN,auto,101,uncalibrated,4.78,0.14430585012801683,0.005438967202293444
21,20,KNN,auto,101,uncalibrated,4.79,0.10858084342564177,0.00560898041832243
21,20,KNN,auto,101,uncalibrated,4.81,0.032003491004254016,0.009740012935458092
21,20,KNN,auto,101,uncalibrated,4.82,0.009841691515064767,0.002826254555791028
21,20,KNN,auto,101,uncalibrated,4.83,0.008471422165757532,0.004265981132904636
21,20,KNN,auto,101,uncalibrated,4.84,0.0025949922026039735,0.0018921102837024387
21,20,KNN,auto,101,uncalibrated,4.85,0.0002796314466995104,0.0002591885957063631
21,20,KNN,auto,101,uncalibrated,4.86,5.359922758675313e-05,3.910169866843179e-05
21,20,KNN,auto,101,uncalibrated,4.87,7.034391671891244e-05,6.824137870183042e-05
21,20,KNN,auto,101,uncalibrated,4.88,3.9132624848481423e-07,2.747488228115074e-07
21,20,KNN,auto,101,uncalibrated,4.9,1.8779617804730084e-07,1.8779617804730325e-07
21,20,KNN,auto,101,uncalibrated,4.93,0.0,0.0
21,20,KNN,auto,151,uncalibrated,4.67,0.0,0.0
21,20,KNN,auto,151,uncalibrated,4.7,0.0,0.0
21,20,KNN,auto,151,uncalibrated,4.72,0.00034806461620297773,0.0003344885662880262
21,20,KNN,auto,151,uncalibrated,4.73,0.006180621391348608,0.0036683842725202444
21,20,KNN,auto,151,uncalibrated,4.74,0.01194773507152056,0.0037093645034233357
21,20,KNN,auto,151,uncalibrated,4.75,0.03124374383619405,0.01083218661189537
21,20,KNN,auto,151,uncalibrated,4.76,0.06883108425242529,0.01814743242864739
21,20,KNN,auto,151,uncalibrated,4.77,0.10356962062316136,0.01386766010152092
21,20,KNN,auto,151,uncalibrated,4.78,0.13805706408529062,0.00509834957630531
21,20,KNN,auto,151,uncalibrated,4.79,0.11138068432490933,0.005211354551625452
21,20,KNN,auto,151,uncalibrated,4.81,0.03907333353417499,0.01023038978496812
21,20,KNN,auto,151,uncalibrated,4.82,0.014088227429321684,0.0032536994147363777
21,20,KNN,auto,151,uncalibrated,4.83,0.011179444770505123,0.0048034656269034925
21,20,KNN,auto,151,uncalibrated,4.84,0.0039024946036596924,0.002271483937685096
21,20,KNN,auto,151,uncalibrated,4.85,0.00050960496062261,0.0004352711355510662
21,20,KNN,auto,151,uncalibrated,4.86,0.00016393416779143658,0.00012268914525897376
21,20,KNN,auto,151,uncalibrated,4.87,0.00018022674603354589,0.00016648630756505123
21,20,KNN,auto,151,uncalibrated,4.88,2.927475532284844e-07,1.9247815683248364e-07
21,20,KNN,auto,151,uncalibrated,4.9,8.401863129951848e-08,8.401863129952883e-08
21,20,KNN,auto,151,uncalibrated,4.93,0.0,0.0
21,20,KNN,auto,201,uncalibrated,4.67,0.0,0.0
21,20,KNN,auto,201,uncalibrated,4.7,0.0,0.0
21,20,KNN,auto,201,uncalibrated,4.72,0.00037070547223375165,0.0003554817008950276
21,20,KNN,auto,201,uncalibrated,4.73,0.007455492353244933,0.003515062519279995
21,20,KNN,auto,201,uncalibrated,4.74,0.011344778260232178,0.0034827508035658195
21,20,KNN,auto,201,uncalibrated,4.75,0.029454143026044384,0.010217435506750064
21,20,KNN,auto,201,uncalibrated,4.76,0.06328409698762585,0.01685697491079189
21,20,KNN,auto,201,uncalibrated,4.77,0.09645777256636812,0.013344358976677594
21,20,KNN,auto,201,uncalibrated,4.78,0.13116927301420753,0.005176052115965622
21,20,KNN,auto,201,uncalibrated,4.79,0.11344916091557743,0.004846666629190638
21,20,KNN,auto,201,uncalibrated,4.81,0.04466007789181288,0.010080196034751611
21,20,KNN,auto,201,uncalibrated,4.82,0.018484514309033577,0.003593490389548239
21,20,KNN,auto,201,uncalibrated,4.83,0.013851403163351452,0.005094501073023447
21,20,KNN,auto,201,uncalibrated,4.84,0.005517244662883301,0.0026825384500871966
21,20,KNN,auto,201,uncalibrated,4.85,0.0008088365925630043,0.0005731563149186946
21,20,KNN,auto,201,uncalibrated,4.86,0.0003746825362635749,0.0002404003362164236
21,20,KNN,auto,201,uncalibrated,4.87,0.0002733274266353247,0.00023297531460450636
21,20,KNN,auto,201,uncalibrated,4.88,1.0335776793595881e-06,6.251640626824163e-07
21,20,KNN,auto,201,uncalibrated,4.9,1.1854340314972047e-06,1.185434031497076e-06
21,20,KNN,auto,201,uncalibrated,4.93,0.0,0.0
21,20,KNN,kd_tree,1,uncalibrated,4.67,0.0,0.0
21,20,KNN,kd_tree,1,uncalibrated,4.7,0.0,0.0
21,20,KNN,kd_tree,1,uncalibrated,4.72,0.0,0.0
21,20,KNN,kd_tree,1,uncalibrated,4.73,0.012229934901725706,0.005942087039377596
21,20,KNN,kd_tree,1,uncalibrated,4.74,0.029003018855945417,0.01006448988224637
21,20,KNN,kd_tree,1,uncalibrated,4.75,0.09398087285953625,0.013343252860778863
21,20,KNN,kd_tree,1,uncalibrated,4.76,0.17662128658172355,0.018988596216216378
21,20,KNN,kd_tree,1,uncalibrated,4.77,0.24896600015599793,0.0024027906136861866
21,20,KNN,kd_tree,1,uncalibrated,4.78,0.22793191352285402,0.007330644215607615
21,20,KNN,kd_tree,1,uncalibrated,4.79,0.12310511996219352,0.015348792939298039
21,20,KNN,kd_tree,1,uncalibrated,4.81,0.013359365812109494,0.013051680266736863
21,20,KNN,kd_tree,1,uncalibrated,4.82,0.004098383711970474,0.0040871322703795185
21,20,KNN,kd_tree,1,uncalibrated,4.83,0.004255338916202328,0.004246048301117137
21,20,KNN,kd_tree,1,uncalibrated,4.84,0.0,0.0
21,20,KNN,kd_tree,1,uncalibrated,4.85,0.0,0.0
21,20,KNN,kd_tree,1,uncalibrated,4.86,0.0,0.0
21,20,KNN,kd_tree,1,uncalibrated,4.87,0.0,0.0
21,20,KNN,kd_tree,1,uncalibrated,4.88,0.0,0.0
21,20,KNN,kd_tree,1,uncalibrated,4.9,0.0,0.0
21,20,KNN,kd_tree,1,uncalibrated,4.93,0.0,0.0
21,20,KNN,kd_tree,3,uncalibrated,4.67,0.0,0.0
21,20,KNN,kd_tree,3,uncalibrated,4.7,0.0,0.0
21,20,KNN,kd_tree,3,uncalibrated,4.72,0.0003267973856209113,0.000326797385620915
21,20,KNN,kd_tree,3,uncalibrated,4.73,0.007270519869953236,0.004845464744519126
21,20,KNN,kd_tree,3,uncalibrated,4.74,0.02668912720601934,0.009095525621544072
21,20,KNN,kd_tree,3,uncalibrated,4.75,0.061740689670826035,0.01368961432144267
21,20,KNN,kd_tree,3,uncalibrated,4.76,0.13539377009546325,0.022020502701015205
21,20,KNN,kd_tree,3,uncalibrated,4.77,0.19336388092400542,0.011456176673567936
21,20,KNN,kd_tree,3,uncalibrated,4.78,0.19371450278802774,0.007142107292777264
21,20,KNN,kd_tree,3,uncalibrated,4.79,0.09237148631568234,0.00962247201605449
21,20,KNN,kd_tree,3,uncalibrated,4.81,0.010915147518218567,0.009368937244694021
21,20,KNN,kd_tree,3,uncalibrated,4.82,0.0031814040313259363,0.002879965211094396
21,20,KNN,kd_tree,3,uncalibrated,4.83,0.0018912617405343665,0.0018871325782742834
21,20,KNN,kd_tree,3,uncalibrated,4.84,0.00023148148148148157,0.00023148148148148157
21,20,KNN,kd_tree,3,uncalibrated,4.85,0.0,0.0
21,20,KNN,kd_tree,3,uncalibrated,4.86,0.0,0.0
21,20,KNN,kd_tree,3,uncalibrated,4.87,0.0,0.0
21,20,KNN,kd_tree,3,uncalibrated,4.88,0.0,0.0
21,20,KNN,kd_tree,3,uncalibrated,4.9,0.0,0.0
21,20,KNN,kd_tree,3,uncalibrated,4.93,0.0,0.0
21,20,KNN,kd_tree,5,uncalibrated,4.67,0.0,0.0
21,20,KNN,kd_tree,5,uncalibrated,4.7,0.0,0.0
21,20,KNN,kd_tree,5,uncalibrated,4.72,0.00047058823529411777,0.0004705882352941177
21,20,KNN,kd_tree,5,uncalibrated,4.73,0.006144221227774095,0.004466697638102961
21,20,KNN,kd_tree,5,uncalibrated,4.74,0.021863895745606186,0.007131632762735687
21,20,KNN,kd_tree,5,uncalibrated,4.75,0.05486331399355741,0.013733491290421652
21,20,KNN,kd_tree,5,uncalibrated,4.76,0.12504543397646734,0.018720583439720197
21,20,KNN,kd_tree,5,uncalibrated,4.77,0.1778914078470808,0.011209486166007906
21,20,KNN,kd_tree,5,uncalibrated,4.78,0.17947419905230444,0.006580418768987102
21,20,KNN,kd_tree,5,uncalibrated,4.79,0.08936189385835339,0.008668910286017902
21,20,KNN,kd_tree,5,uncalibrated,4.81,0.012580166987913416,0.009321751338071423
21,20,KNN,kd_tree,5,uncalibrated,4.82,0.0031017780505586266,0.0025644765466794617
21,20,KNN,kd_tree,5,uncalibrated,4.83,0.0022923311803815685,0.0021175627956742746
21,20,KNN,kd_tree,5,uncalibrated,4.84,0.00033333333333334373,0.00033333333333333327
21,20,KNN,kd_tree,5,uncalibrated,4.85,0.0,0.0
21,20,KNN,kd_tree,5,uncalibrated,4.86,0.0,0.0
21,20,KNN,kd_tree,5,uncalibrated,4.87,0.0,0.0
21,20,KNN,kd_tree,5,uncalibrated,4.88,0.0,0.0
21,20,KNN,kd_tree,5,uncalibrated,4.9,0.0,0.0
21,20,KNN,kd_tree,5,uncalibrated,4.93,0.0,0.0
21,20,KNN,kd_tree,7,uncalibrated,4.67,0.0,0.0
21,20,KNN,kd_tree,7,uncalibrated,4.7,0.0,0.0
21,20,KNN,kd_tree,7,uncalibrated,4.72,0.0005402160864345737,0.0005402160864345737
21,20,KNN,kd_tree,7,uncalibrated,4.73,0.0048346523029891035,0.003896178462511596
21,20,KNN,kd_tree,7,uncalibrated,4.74,0.021433180295084075,0.0068332021836423696
21,20,KNN,kd_tree,7,uncalibrated,4.75,0.05247657598872287,0.013885717509328328
21,20,KNN,kd_tree,7,uncalibrated,4.76,0.11764573762765167,0.01986177639631119
21,20,KNN,kd_tree,7,uncalibrated,4.77,0.1713560498761838,0.013669589800911888
21,20,KNN,kd_tree,7,uncalibrated,4.78,0.1732303446723985,0.0068947672467624035
21,20,KNN,kd_tree,7,uncalibrated,4.79,0.09304098601041239,0.00882088253674731
21,20,KNN,kd_tree,7,uncalibrated,4.81,0.014247110248361746,0.009504380852103938
21,20,KNN,kd_tree,7,uncalibrated,4.82,0.0027416199322318003,0.0020999572545428464
21,20,KNN,kd_tree,7,uncalibrated,4.83,0.0027721993241640428,0.0026350403800089917
21,20,KNN,kd_tree,7,uncalibrated,4.84,0.0006802721088435163,0.0006802721088435372
21,20,KNN,kd_tree,7,uncalibrated,4.85,0.0,0.0
21,20,KNN,kd_tree,7,uncalibrated,4.86,0.0,0.0
21,20,KNN,kd_tree,7,uncalibrated,4.87,0.0,0.0
21,20,KNN,kd_tree,7,uncalibrated,4.88,0.0,0.0
21,20,KNN,kd_tree,7,uncalibrated,4.9,0.0,0.0
21,20,KNN,kd_tree,7,uncalibrated,4.93,0.0,0.0
21,20,KNN,kd_tree,9,uncalibrated,4.67,0.0,0.0
21,20,KNN,kd_tree,9,uncalibrated,4.7,0.0,0.0
21,20,KNN,kd_tree,9,uncalibrated,4.72,0.0005809731299927232,0.0005809731299927379
21,20,KNN,kd_tree,9,uncalibrated,4.73,0.005282102931597513,0.004378807553410727
21,20,KNN,kd_tree,9,uncalibrated,4.74,0.019207001468784853,0.005897349055887291
21,20,KNN,kd_tree,9,uncalibrated,4.75,0.05009391951030548,0.014426314047509551
21,20,KNN,kd_tree,9,uncalibrated,4.76,0.11511322685242613,0.01860787302435196
21,20,KNN,kd_tree,9,uncalibrated,4.77,0.16533973600736684,0.015463816913092288
21,20,KNN,kd_tree,9,uncalibrated,4.78,0.16958661109468237,0.007314736273776198
21,20,KNN,kd_tree,9,uncalibrated,4.79,0.0943870940629007,0.00913115462190709
21,20,KNN,kd_tree,9,uncalibrated,4.81,0.0147835038466351,0.009769645538805067
21,20,KNN,kd_tree,9,uncalibrated,4.82,0.0025359432294293676,0.002072981086330437
21,20,KNN,kd_tree,9,uncalibrated,4.83,0.0030898591963844147,0.002951051924608494
21,20,KNN,kd_tree,9,uncalibrated,4.84,0.0006430041152263377,0.0006430041152263378
21,20,KNN,kd_tree,9,uncalibrated,4.85,0.0,0.0
21,20,KNN,kd_tree,9,uncalibrated,4.86,0.0,0.0
21,20,KNN,kd_tree,9,uncalibrated,4.87,0.0,0.0
21,20,KNN,kd_tree,9,uncalibrated,4.88,0.0,0.0
21,20,KNN,kd_tree,9,uncalibrated,4.9,0.0,0.0
21,20,KNN,kd_tree,9,uncalibrated,4.93,0.0,0.0
21,20,KNN,kd_tree,11,uncalibrated,4.67,0.0,0.0
21,20,KNN,kd_tree,11,uncalibrated,4.7,0.0,0.0
21,20,KNN,kd_tree,11,uncalibrated,4.72,0.0003889158969372781,0.00038891589693728734
21,20,KNN,kd_tree,11,uncalibrated,4.73,0.005234841663247016,0.004175910669417162
21,20,KNN,kd_tree,11,uncalibrated,4.74,0.01812455443792176,0.005431822072365602
21,20,KNN,kd_tree,11,uncalibrated,4.75,0.047331344226522284,0.0129121579454845
21,20,KNN,kd_tree,11,uncalibrated,4.76,0.11132238721989691,0.01844719160393535
21,20,KNN,kd_tree,11,uncalibrated,4.77,0.16261457678934255,0.01585834216089335
21,20,KNN,kd_tree,11,uncalibrated,4.78,0.16724058616650805,0.006945553323347871
21,20,KNN,kd_tree,11,uncalibrated,4.79,0.09602245733733922,0.008556093309096383
21,20,KNN,kd_tree,11,uncalibrated,4.81,0.015007833634090731,0.009701214204791699
21,20,KNN,kd_tree,11,uncalibrated,4.82,0.0026532175176713995,0.0021015485600728192
21,20,KNN,kd_tree,11,uncalibrated,4.83,0.0030817932462286306,0.002863958634418768
21,20,KNN,kd_tree,11,uncalibrated,4.84,0.0009391484730644604,0.000936304524821271
21,20,KNN,kd_tree,11,uncalibrated,4.85,0.0,0.0
21,20,KNN,kd_tree,11,uncalibrated,4.86,0.0,0.0
21,20,KNN,kd_tree,11,uncalibrated,4.87,0.0,0.0
21,20,KNN,kd_tree,11,uncalibrated,4.88,0.0,0.0
21,20,KNN,kd_tree,11,uncalibrated,4.9,0.0,0.0
21,20,KNN,kd_tree,11,uncalibrated,4.93,0.0,0.0
21,20,KNN,kd_tree,13,uncalibrated,4.67,0.0,0.0
21,20,KNN,kd_tree,13,uncalibrated,4.7,0.0,0.0
21,20,KNN,kd_tree,13,uncalibrated,4.72,0.0006433046427225014,0.0006259245614049207
21,20,KNN,kd_tree,13,uncalibrated,4.73,0.0048941824458900345,0.003974730538551334
21,20,KNN,kd_tree,13,uncalibrated,4.74,0.0181701297154377,0.005471500178634297
21,20,KNN,kd_tree,13,uncalibrated,4.75,0.04634581991684029,0.013852400472625051
21,20,KNN,kd_tree,13,uncalibrated,4.76,0.10752607964825078,0.018125004450230655
21,20,KNN,kd_tree,13,uncalibrated,4.77,0.15759787312323237,0.014367683598452821
21,20,KNN,kd_tree,13,uncalibrated,4.78,0.16670058018677,0.007000271323792903
21,20,KNN,kd_tree,13,uncalibrated,4.79,0.09609831364486306,0.008290021721022727
21,20,KNN,kd_tree,13,uncalibrated,4.81,0.015338704409310434,0.009208105043041363
21,20,KNN,kd_tree,13,uncalibrated,4.82,0.002727479279616005,0.0021558804603410086
21,20,KNN,kd_tree,13,uncalibrated,4.83,0.0033455349941659005,0.0030489890261502536
21,20,KNN,kd_tree,13,uncalibrated,4.84,0.0008379250709277575,0.0008347253286524542
21,20,KNN,kd_tree,13,uncalibrated,4.85,0.0,0.0
21,20,KNN,kd_tree,13,uncalibrated,4.86,0.0,0.0
21,20,KNN,kd_tree,13,uncalibrated,4.87,0.0,0.0
21,20,KNN,kd_tree,13,uncalibrated,4.88,0.0,0.0
21,20,KNN,kd_tree,13,uncalibrated,4.9,0.0,0.0
21,20,KNN,kd_tree,13,uncalibrated,4.93,0.0,0.0
21,20,KNN,kd_tree,15,uncalibrated,4.67,0.0,0.0
21,20,KNN,kd_tree,15,uncalibrated,4.7,0.0,0.0
21,20,KNN,kd_tree,15,uncalibrated,4.72,0.00048319326497826744,0.00047013889278858486
21,20,KNN,kd_tree,15,uncalibrated,4.73,0.004758033871296566,0.003760393046107332
21,20,KNN,kd_tree,15,uncalibrated,4.74,0.01792135653352917,0.0053967674448463015
21,20,KNN,kd_tree,15,uncalibrated,4.75,0.04459042973089716,0.014242269121826846
21,20,KNN,kd_tree,15,uncalibrated,4.76,0.10441738525992374,0.017520074031752736
21,20,KNN,kd_tree,15,uncalibrated,4.77,0.15382233485336383,0.013612397264571197
21,20,KNN,kd_tree,15,uncalibrated,4.78,0.16484864420182854,0.006584238440317523
21,20,KNN,kd_tree,15,uncalibrated,4.79,0.09789272018778752,0.008402292943691858
21,20,KNN,kd_tree,15,uncalibrated,4.81,0.015423895184549716,0.008834716088379335
21,20,KNN,kd_tree,15,uncalibrated,4.82,0.002963816521778735,0.0021938298267864353
21,20,KNN,kd_tree,15,uncalibrated,4.83,0.0036441292487967404,0.0031851042228924153
21,20,KNN,kd_tree,15,uncalibrated,4.84,0.0010878098731357097,0.0010827846617320303
21,20,KNN,kd_tree,15,uncalibrated,4.85,0.0,0.0
21,20,KNN,kd_tree,15,uncalibrated,4.86,0.0,0.0
21,20,KNN,kd_tree,15,uncalibrated,4.87,0.0,0.0
21,20,KNN,kd_tree,15,uncalibrated,4.88,0.0,0.0
21,20,KNN,kd_tree,15,uncalibrated,4.9,0.0,0.0
21,20,KNN,kd_tree,15,uncalibrated,4.93,0.0,0.0
21,20,KNN,kd_tree,17,uncalibrated,4.67,0.0,0.0
21,20,KNN,kd_tree,17,uncalibrated,4.7,0.0,0.0
21,20,KNN,kd_tree,17,uncalibrated,4.72,0.0003761885280972583,0.0003660250895412857
21,20,KNN,kd_tree,17,uncalibrated,4.73,0.004487096131111945,0.003617419818606175
21,20,KNN,kd_tree,17,uncalibrated,4.74,0.017524224637270363,0.005304101275312014
21,20,KNN,kd_tree,17,uncalibrated,4.75,0.04364674769289278,0.013580718971961095
21,20,KNN,kd_tree,17,uncalibrated,4.76,0.10210996062189,0.017720426797425425
21,20,KNN,kd_tree,17,uncalibrated,4.77,0.15084420696405548,0.012820678143380101
21,20,KNN,kd_tree,17,uncalibrated,4.78,0.16387829881841248,0.006767468727264117
21,20,KNN,kd_tree,17,uncalibrated,4.79,0.09820779684672254,0.008284567863174063
21,20,KNN,kd_tree,17,uncalibrated,4.81,0.016158905841764937,0.009047181419987596
21,20,KNN,kd_tree,17,uncalibrated,4.82,0.0032270430418651816,0.0024349368034870217
21,20,KNN,kd_tree,17,uncalibrated,4.83,0.003602470130298799,0.003097082286185511
21,20,KNN,kd_tree,17,uncalibrated,4.84,0.0011484891124269175,0.0011319221663421259
21,20,KNN,kd_tree,17,uncalibrated,4.85,0.0,0.0
21,20,KNN,kd_tree,17,uncalibrated,4.86,0.0,0.0
21,20,KNN,kd_tree,17,uncalibrated,4.87,0.0,0.0
21,20,KNN,kd_tree,17,uncalibrated,4.88,0.0,0.0
21,20,KNN,kd_tree,17,uncalibrated,4.9,0.0,0.0
21,20,KNN,kd_tree,17,uncalibrated,4.93,0.0,0.0
21,20,KNN,kd_tree,19,uncalibrated,4.67,0.0,0.0
21,20,KNN,kd_tree,19,uncalibrated,4.7,0.0,0.0
21,20,KNN,kd_tree,19,uncalibrated,4.72,0.0004070256821952539,0.00039886083335203556
21,20,KNN,kd_tree,19,uncalibrated,4.73,0.004806333636021598,0.0037423300877990236
21,20,KNN,kd_tree,19,uncalibrated,4.74,0.017496923043969385,0.0051874585043574445
21,20,KNN,kd_tree,19,uncalibrated,4.75,0.043583323445025454,0.013810792543248901
21,20,KNN,kd_tree,19,uncalibrated,4.76,0.10061134040737257,0.017954486329058696
21,20,KNN,kd_tree,19,uncalibrated,4.77,0.14896364932480777,0.013294469792121247
21,20,KNN,kd_tree,19,uncalibrated,4.78,0.16297329359107002,0.006648290983967975
21,20,KNN,kd_tree,19,uncalibrated,4.79,0.09842469465329498,0.008222472958568547
21,20,KNN,kd_tree,19,uncalibrated,4.81,0.016894431412823284,0.009209082171678398
21,20,KNN,kd_tree,19,uncalibrated,4.82,0.003383184800249183,0.0025088767869260098
21,20,KNN,kd_tree,19,uncalibrated,4.83,0.0033019019095182115,0.0028902869757130197
21,20,KNN,kd_tree,19,uncalibrated,4.84,0.001030778702527557,0.0010172094513835291
21,20,KNN,kd_tree,19,uncalibrated,4.85,0.0,0.0
21,20,KNN,kd_tree,19,uncalibrated,4.86,0.0,0.0
21,20,KNN,kd_tree,19,uncalibrated,4.87,0.0,0.0
21,20,KNN,kd_tree,19,uncalibrated,4.88,0.0,0.0
21,20,KNN,kd_tree,19,uncalibrated,4.9,0.0,0.0
21,20,KNN,kd_tree,19,uncalibrated,4.93,0.0,0.0
21,20,KNN,kd_tree,21,uncalibrated,4.67,0.0,0.0
21,20,KNN,kd_tree,21,uncalibrated,4.7,0.0,0.0
21,20,KNN,kd_tree,21,uncalibrated,4.72,0.00043318914028577134,0.00042649054176290485
21,20,KNN,kd_tree,21,uncalibrated,4.73,0.005027164476844971,0.003965969782296312
21,20,KNN,kd_tree,21,uncalibrated,4.74,0.017557152405344473,0.005253235627426178
21,20,KNN,kd_tree,21,uncalibrated,4.75,0.04299967332539088,0.013591711968890929
21,20,KNN,kd_tree,21,uncalibrated,4.76,0.10012222854744951,0.0181693092091682
21,20,KNN,kd_tree,21,uncalibrated,4.77,0.14656609727777492,0.013805951516687981
21,20,KNN,kd_tree,21,uncalibrated,4.78,0.1627760995189185,0.006452826799342661
21,20,KNN,kd_tree,21,uncalibrated,4.79,0.09977498091587678,0.008398375303189112
21,20,KNN,kd_tree,21,uncalibrated,4.81,0.017669207289723734,0.009415892355011671
21,20,KNN,kd_tree,21,uncalibrated,4.82,0.0035355208154278246,0.002423973547035477
21,20,KNN,kd_tree,21,uncalibrated,4.83,0.0033926038510331976,0.0028463205320011235
21,20,KNN,kd_tree,21,uncalibrated,4.84,0.0010887997423952025,0.0010694540769728735
21,20,KNN,kd_tree,21,uncalibrated,4.85,5.212813094586361e-06,5.212813094586508e-06
21,20,KNN,kd_tree,21,uncalibrated,4.86,0.0,0.0
21,20,KNN,kd_tree,21,uncalibrated,4.87,0.0,0.0
21,20,KNN,kd_tree,21,uncalibrated,4.88,0.0,0.0
21,20,KNN,kd_tree,21,uncalibrated,4.9,0.0,0.0
21,20,KNN,kd_tree,21,uncalibrated,4.93,0.0,0.0
21,20,KNN,kd_tree,23,uncalibrated,4.67,0.0,0.0
21,20,KNN,kd_tree,23,uncalibrated,4.7,0.0,0.0
21,20,KNN,kd_tree,23,uncalibrated,4.72,0.0004556122937632118,0.00045001965045286536
21,20,KNN,kd_tree,23,uncalibrated,4.73,0.00496164616405135,0.0038024807130937295
21,20,KNN,kd_tree,23,uncalibrated,4.74,0.017595156793753827,0.005333586104223939
21,20,KNN,kd_tree,23,uncalibrated,4.75,0.04266766226165209,0.013556925888315778
21,20,KNN,kd_tree,23,uncalibrated,4.76,0.0992512674649435,0.01856740359802237
21,20,KNN,kd_tree,23,uncalibrated,4.77,0.14545793279830282,0.013546933601178701
21,20,KNN,kd_tree,23,uncalibrated,4.78,0.1623399070810999,0.006338568647457728
21,20,KNN,kd_tree,23,uncalibrated,4.79,0.09987309035747577,0.008387094873641338
21,20,KNN,kd_tree,23,uncalibrated,4.81,0.018123299007957196,0.009550803202226742
21,20,KNN,kd_tree,23,uncalibrated,4.82,0.003848363187782777,0.0025342733459373366
21,20,KNN,kd_tree,23,uncalibrated,4.83,0.003562365256340771,0.002989776222041332
21,20,KNN,kd_tree,23,uncalibrated,4.84,0.0011586603926179973,0.0011410918534587823
21,20,KNN,kd_tree,23,uncalibrated,4.85,4.345653260326572e-06,4.3456532603263525e-06
21,20,KNN,kd_tree,23,uncalibrated,4.86,0.0,0.0
21,20,KNN,kd_tree,23,uncalibrated,4.87,0.0,0.0
21,20,KNN,kd_tree,23,uncalibrated,4.88,0.0,0.0
21,20,KNN,kd_tree,23,uncalibrated,4.9,0.0,0.0
21,20,KNN,kd_tree,23,uncalibrated,4.93,0.0,0.0
21,20,KNN,kd_tree,25,uncalibrated,4.67,0.0,0.0
21,20,KNN,kd_tree,25,uncalibrated,4.7,0.0,0.0
21,20,KNN,kd_tree,25,uncalibrated,4.72,0.000475013998202622,0.00047027542444957784
21,20,KNN,kd_tree,25,uncalibrated,4.73,0.005264340599115899,0.0038061747776033496
21,20,KNN,kd_tree,25,uncalibrated,4.74,0.018004004444325015,0.005439050998017358
21,20,KNN,kd_tree,25,uncalibrated,4.75,0.04244960802042222,0.013279715677241016
21,20,KNN,kd_tree,25,uncalibrated,4.76,0.09820460113325248,0.01825286869850067
21,20,KNN,kd_tree,25,uncalibrated,4.77,0.1433656112845625,0.013638396386222468
21,20,KNN,kd_tree,25,uncalibrated,4.78,0.16136125905368356,0.00645111388344149
21,20,KNN,kd_tree,25,uncalibrated,4.79,0.10081781698774135,0.008001948505073134
21,20,KNN,kd_tree,25,uncalibrated,4.81,0.01842441515559902,0.00919964903044661
21,20,KNN,kd_tree,25,uncalibrated,4.82,0.0038443308458732373,0.0023059738963380383
21,20,KNN,kd_tree,25,uncalibrated,4.83,0.0037930215390838172,0.003160639296410366
21,20,KNN,kd_tree,25,uncalibrated,4.84,0.0011562291691778286,0.0011246914489019754
21,20,KNN,kd_tree,25,uncalibrated,4.85,3.678160919540018e-06,3.678160919540237e-06
21,20,KNN,kd_tree,25,uncalibrated,4.86,0.0,0.0
21,20,KNN,kd_tree,25,uncalibrated,4.87,0.0,0.0
21,20,KNN,kd_tree,25,uncalibrated,4.88,0.0,0.0
21,20,KNN,kd_tree,25,uncalibrated,4.9,0.0,0.0
21,20,KNN,kd_tree,25,uncalibrated,4.93,0.0,0.0
21,20,KNN,kd_tree,27,uncalibrated,4.67,0.0,0.0
21,20,KNN,kd_tree,27,uncalibrated,4.7,0.0,0.0
21,20,KNN,kd_tree,27,uncalibrated,4.72,0.000407247940845873,0.00040318537761452127
21,20,KNN,kd_tree,27,uncalibrated,4.73,0.005208152921811655,0.00369736899719263
21,20,KNN,kd_tree,27,uncalibrated,4.74,0.017819371773362496,0.00541009551164092
21,20,KNN,kd_tree,27,uncalibrated,4.75,0.041883892764490484,0.01294892714792057
21,20,KNN,kd_tree,27,uncalibrated,4.76,0.0972247261349036,0.018184437278041678
21,20,KNN,kd_tree,27,uncalibrated,4.77,0.14159880638817998,0.012999173546677567
21,20,KNN,kd_tree,27,uncalibrated,4.78,0.160560059564956,0.006528838970175027
21,20,KNN,kd_tree,27,uncalibrated,4.79,0.1017043144489486,0.00791879224068531
21,20,KNN,kd_tree,27,uncalibrated,4.81,0.018647183206064906,0.009100213642886231
21,20,KNN,kd_tree,27,uncalibrated,4.82,0.003834231347032811,0.0023222068667936913
21,20,KNN,kd_tree,27,uncalibrated,4.83,0.004035001975479109,0.0033139910951963322
21,20,KNN,kd_tree,27,uncalibrated,4.84,0.0011799472907568444,0.0011281320897955074
21,20,KNN,kd_tree,27,uncalibrated,4.85,3.1534301436388262e-06,3.1534301436387517e-06
21,20,KNN,kd_tree,27,uncalibrated,4.86,0.0,0.0
21,20,KNN,kd_tree,27,uncalibrated,4.87,0.0,0.0
21,20,KNN,kd_tree,27,uncalibrated,4.88,0.0,0.0
21,20,KNN,kd_tree,27,uncalibrated,4.9,0.0,0.0
21,20,KNN,kd_tree,27,uncalibrated,4.93,0.0,0.0
21,20,KNN,kd_tree,29,uncalibrated,4.67,0.0,0.0
21,20,KNN,kd_tree,29,uncalibrated,4.7,0.0,0.0
21,20,KNN,kd_tree,29,uncalibrated,4.72,0.00042968137239118544,0.00042265369512381554
21,20,KNN,kd_tree,29,uncalibrated,4.73,0.0052725503246765365,0.0037553409729390707
21,20,KNN,kd_tree,29,uncalibrated,4.74,0.01753036156202024,0.005241070521232485
21,20,KNN,kd_tree,29,uncalibrated,4.75,0.04150539877978466,0.012849521665388185
21,20,KNN,kd_tree,29,uncalibrated,4.76,0.09611789365110805,0.018402313983305208
21,20,KNN,kd_tree,29,uncalibrated,4.77,0.14007344169840533,0.013027274987674115
21,20,KNN,kd_tree,29,uncalibrated,4.78,0.16008641686463637,0.006424786520941338
21,20,KNN,kd_tree,29,uncalibrated,4.79,0.10202578081450385,0.007487320489166963
21,20,KNN,kd_tree,29,uncalibrated,4.81,0.019058712930386194,0.008697651171388703
21,20,KNN,kd_tree,29,uncalibrated,4.82,0.00410129791287288,0.002333005462389304
21,20,KNN,kd_tree,29,uncalibrated,4.83,0.0042338402813040105,0.0034550455209773744
21,20,KNN,kd_tree,29,uncalibrated,4.84,0.00123716793264686,0.001172627360123449
21,20,KNN,kd_tree,29,uncalibrated,4.85,2.7334727404429054e-06,2.7334727404430897e-06
21,20,KNN,kd_tree,29,uncalibrated,4.86,0.0,0.0
21,20,KNN,kd_tree,29,uncalibrated,4.87,0.0,0.0
21,20,KNN,kd_tree,29,uncalibrated,4.88,0.0,0.0
21,20,KNN,kd_tree,29,uncalibrated,4.9,0.0,0.0
21,20,KNN,kd_tree,29,uncalibrated,4.93,0.0,0.0
21,20,KNN,kd_tree,31,uncalibrated,4.67,0.0,0.0
21,20,KNN,kd_tree,31,uncalibrated,4.7,0.0,0.0
21,20,KNN,kd_tree,31,uncalibrated,4.72,0.0003760270907190341,0.0003698769590001342
21,20,KNN,kd_tree,31,uncalibrated,4.73,0.005414908550534417,0.003792252220884266
21,20,KNN,kd_tree,31,uncalibrated,4.74,0.017063874827529874,0.0051282046546408
21,20,KNN,kd_tree,31,uncalibrated,4.75,0.04088668113243866,0.013338861100902821
21,20,KNN,kd_tree,31,uncalibrated,4.76,0.0947501800595264,0.018730541920370877
21,20,KNN,kd_tree,31,uncalibrated,4.77,0.1387947442488483,0.013384150121244623
21,20,KNN,kd_tree,31,uncalibrated,4.78,0.15897015647330895,0.0066309621435530494
21,20,KNN,kd_tree,31,uncalibrated,4.79,0.10327818447364062,0.007276120284424297
21,20,KNN,kd_tree,31,uncalibrated,4.81,0.019405487491538205,0.008641567656700894
21,20,KNN,kd_tree,31,uncalibrated,4.82,0.004211029099757934,0.0023704352198718457
21,20,KNN,kd_tree,31,uncalibrated,4.83,0.004414732663095689,0.0035336765316451788
21,20,KNN,kd_tree,31,uncalibrated,4.84,0.0011692166452542284,0.001086854252416441
21,20,KNN,kd_tree,31,uncalibrated,4.85,2.152929778606967e-05,2.1529297786070555e-05
21,20,KNN,kd_tree,31,uncalibrated,4.86,0.0,0.0
21,20,KNN,kd_tree,31,uncalibrated,4.87,0.0,0.0
21,20,KNN,kd_tree,31,uncalibrated,4.88,0.0,0.0
21,20,KNN,kd_tree,31,uncalibrated,4.9,0.0,0.0
21,20,KNN,kd_tree,31,uncalibrated,4.93,0.0,0.0
21,20,KNN,kd_tree,33,uncalibrated,4.67,0.0,0.0
21,20,KNN,kd_tree,33,uncalibrated,4.7,0.0,0.0
21,20,KNN,kd_tree,33,uncalibrated,4.72,0.0004614035582259918,0.0004559711297837631
21,20,KNN,kd_tree,33,uncalibrated,4.73,0.005510243920015244,0.0038699868775059214
21,20,KNN,kd_tree,33,uncalibrated,4.74,0.016690208280379475,0.004990003396644011
21,20,KNN,kd_tree,33,uncalibrated,4.75,0.04061406212929082,0.013292636538056377
21,20,KNN,kd_tree,33,uncalibrated,4.76,0.09429300402354973,0.019263715523908258
21,20,KNN,kd_tree,33,uncalibrated,4.77,0.13738102565972116,0.013364778977427202
21,20,KNN,kd_tree,33,uncalibrated,4.78,0.1582298428477884,0.006727117227200761
21,20,KNN,kd_tree,33,uncalibrated,4.79,0.10397968440391937,0.0070465966075428195
21,20,KNN,kd_tree,33,uncalibrated,4.81,0.0200478527682057,0.008896217406032587
21,20,KNN,kd_tree,33,uncalibrated,4.82,0.004436547244345129,0.0024167556315257844
21,20,KNN,kd_tree,33,uncalibrated,4.83,0.004443811161947824,0.0034664360231431565
21,20,KNN,kd_tree,33,uncalibrated,4.84,0.0010990350523110135,0.0010258224046827786
21,20,KNN,kd_tree,33,uncalibrated,4.85,1.899876508026951e-05,1.8998765080269812e-05
21,20,KNN,kd_tree,33,uncalibrated,4.86,0.0,0.0
21,20,KNN,kd_tree,33,uncalibrated,4.87,0.0,0.0
21,20,KNN,kd_tree,33,uncalibrated,4.88,0.0,0.0
21,20,KNN,kd_tree,33,uncalibrated,4.9,0.0,0.0
21,20,KNN,kd_tree,33,uncalibrated,4.93,0.0,0.0
21,20,KNN,kd_tree,35,uncalibrated,4.67,0.0,0.0
21,20,KNN,kd_tree,35,uncalibrated,4.7,0.0,0.0
21,20,KNN,kd_tree,35,uncalibrated,4.72,0.000410178346863783,0.00040534902884450437
21,20,KNN,kd_tree,35,uncalibrated,4.73,0.005703709440708565,0.003908605080208373
21,20,KNN,kd_tree,35,uncalibrated,4.74,0.016580443668961723,0.005009385972318232
21,20,KNN,kd_tree,35,uncalibrated,4.75,0.040424409948768336,0.012933793235604098
21,20,KNN,kd_tree,35,uncalibrated,4.76,0.09373980176568734,0.01942597328117081
21,20,KNN,kd_tree,35,uncalibrated,4.77,0.13616013760638984,0.012877631685085093
21,20,KNN,kd_tree,35,uncalibrated,4.78,0.1576114614873506,0.006675864682921586
21,20,KNN,kd_tree,35,uncalibrated,4.79,0.10480796448227012,0.006985569104415641
21,20,KNN,kd_tree,35,uncalibrated,4.81,0.020592736884792923,0.008989285281542641
21,20,KNN,kd_tree,35,uncalibrated,4.82,0.0045231302620969485,0.002535300969941927
21,20,KNN,kd_tree,35,uncalibrated,4.83,0.004577331809961328,0.003485110234745085
21,20,KNN,kd_tree,35,uncalibrated,4.84,0.0012289965761121766,0.001120919181069557
21,20,KNN,kd_tree,35,uncalibrated,4.85,3.0025803424817074e-05,3.0025803424818243e-05
21,20,KNN,kd_tree,35,uncalibrated,4.86,0.0,0.0
21,20,KNN,kd_tree,35,uncalibrated,4.87,0.0,0.0
21,20,KNN,kd_tree,35,uncalibrated,4.88,0.0,0.0
21,20,KNN,kd_tree,35,uncalibrated,4.9,0.0,0.0
21,20,KNN,kd_tree,35,uncalibrated,4.93,0.0,0.0
21,20,KNN,kd_tree,37,uncalibrated,4.67,0.0,0.0
21,20,KNN,kd_tree,37,uncalibrated,4.7,0.0,0.0
21,20,KNN,kd_tree,37,uncalibrated,4.72,0.000425014773326095,0.00042069208974015006
21,20,KNN,kd_tree,37,uncalibrated,4.73,0.005650983529455718,0.004011711444143877
21,20,KNN,kd_tree,37,uncalibrated,4.74,0.016553735604329895,0.004999212248111957
21,20,KNN,kd_tree,37,uncalibrated,4.75,0.03950869359751291,0.012622785402936884
21,20,KNN,kd_tree,37,uncalibrated,4.76,0.09304889318675333,0.01981649026628434
21,20,KNN,kd_tree,37,uncalibrated,4.77,0.13461242407741486,0.013053404710279007
21,20,KNN,kd_tree,37,uncalibrated,4.78,0.1576901741884955,0.006635998471551953
21,20,KNN,kd_tree,37,uncalibrated,4.79,0.10143015158729947,0.006900190247566424
21,20,KNN,kd_tree,37,uncalibrated,4.81,0.021056000018302386,0.008922949044104678
21,20,KNN,kd_tree,37,uncalibrated,4.82,0.004656981555497815,0.0025385175989875407
21,20,KNN,kd_tree,37,uncalibrated,4.83,0.004671081052683726,0.003508978763568943
21,20,KNN,kd_tree,37,uncalibrated,4.84,0.0012111210643644817,0.0011109742973185366
21,20,KNN,kd_tree,37,uncalibrated,4.85,4.198047068503203e-05,4.1980470685037334e-05
21,20,KNN,kd_tree,37,uncalibrated,4.86,0.0,0.0
21,20,KNN,kd_tree,37,uncalibrated,4.87,0.0,0.0
21,20,KNN,kd_tree,37,uncalibrated,4.88,0.0,0.0
21,20,KNN,kd_tree,37,uncalibrated,4.9,0.0,0.0
21,20,KNN,kd_tree,37,uncalibrated,4.93,0.0,0.0
21,20,KNN,kd_tree,39,uncalibrated,4.67,0.0,0.0
21,20,KNN,kd_tree,39,uncalibrated,4.7,0.0,0.0
21,20,KNN,kd_tree,39,uncalibrated,4.72,0.00038254123910812015,0.0003786505396806478
21,20,KNN,kd_tree,39,uncalibrated,4.73,0.005820477181921168,0.0040607837733788715
21,20,KNN,kd_tree,39,uncalibrated,4.74,0.016054247450077795,0.004846915804572761
21,20,KNN,kd_tree,39,uncalibrated,4.75,0.0391357532895284,0.012334188112076153
21,20,KNN,kd_tree,39,uncalibrated,4.76,0.09220310654366703,0.019997493423752045
21,20,KNN,kd_tree,39,uncalibrated,4.77,0.1339004678625541,0.013164811158122194
21,20,KNN,kd_tree,39,uncalibrated,4.78,0.15689435714567096,0.006800921936252743
21,20,KNN,kd_tree,39,uncalibrated,4.79,0.10193462413691949,0.006849372247165851
21,20,KNN,kd_tree,39,uncalibrated,4.81,0.021415785133647454,0.008960246737057096
21,20,KNN,kd_tree,39,uncalibrated,4.82,0.004817377869545655,0.0025092651170457434
21,20,KNN,kd_tree,39,uncalibrated,4.83,0.004804687499134317,0.0035322588890556355
21,20,KNN,kd_tree,39,uncalibrated,4.84,0.0012608704847130014,0.0011694938509015124
21,20,KNN,kd_tree,39,uncalibrated,4.85,3.778518367377665e-05,3.778518367377785e-05
21,20,KNN,kd_tree,39,uncalibrated,4.86,0.0,0.0
21,20,KNN,kd_tree,39,uncalibrated,4.87,0.0,0.0
21,20,KNN,kd_tree,39,uncalibrated,4.88,0.0,0.0
21,20,KNN,kd_tree,39,uncalibrated,4.9,0.0,0.0
21,20,KNN,kd_tree,39,uncalibrated,4.93,0.0,0.0
21,20,KNN,kd_tree,41,uncalibrated,4.67,0.0,0.0
21,20,KNN,kd_tree,41,uncalibrated,4.7,0.0,0.0
21,20,KNN,kd_tree,41,uncalibrated,4.72,0.00034613041325606483,0.0003426100362012286
21,20,KNN,kd_tree,41,uncalibrated,4.73,0.00568537592803592,0.0038991100445363246
21,20,KNN,kd_tree,41,uncalibrated,4.74,0.016030046414030382,0.004792361181290909
21,20,KNN,kd_tree,41,uncalibrated,4.75,0.03875059683760645,0.012051105784448816
21,20,KNN,kd_tree,41,uncalibrated,4.76,0.09147968435030109,0.019969580072584023
21,20,KNN,kd_tree,41,uncalibrated,4.77,0.13307716323300176,0.013550042194999917
21,20,KNN,kd_tree,41,uncalibrated,4.78,0.15611616918112486,0.006657147142591613
21,20,KNN,kd_tree,41,uncalibrated,4.79,0.10284132851484172,0.006816716358981344
21,20,KNN,kd_tree,41,uncalibrated,4.81,0.0218178235225311,0.009029236344918999
21,20,KNN,kd_tree,41,uncalibrated,4.82,0.004969219482119695,0.002561408354350651
21,20,KNN,kd_tree,41,uncalibrated,4.83,0.004940963270446572,0.003587711481849882
21,20,KNN,kd_tree,41,uncalibrated,4.84,0.0013867949562793433,0.0012429579667126238
21,20,KNN,kd_tree,41,uncalibrated,4.85,6.700992157104315e-05,6.700992157104081e-05
21,20,KNN,kd_tree,41,uncalibrated,4.86,1.2523873634114252e-06,1.2523873634115056e-06
21,20,KNN,kd_tree,41,uncalibrated,4.87,0.0,0.0
21,20,KNN,kd_tree,41,uncalibrated,4.88,0.0,0.0
21,20,KNN,kd_tree,41,uncalibrated,4.9,0.0,0.0
21,20,KNN,kd_tree,41,uncalibrated,4.93,0.0,0.0
21,20,KNN,kd_tree,43,uncalibrated,4.67,0.0,0.0
21,20,KNN,kd_tree,43,uncalibrated,4.7,0.0,0.0
21,20,KNN,kd_tree,43,uncalibrated,4.72,0.00036079195640885794,0.0003575906771749114
21,20,KNN,kd_tree,43,uncalibrated,4.73,0.005557096967918118,0.0037982238408260744
21,20,KNN,kd_tree,43,uncalibrated,4.74,0.015871992162366486,0.004725691804081874
21,20,KNN,kd_tree,43,uncalibrated,4.75,0.03836228778447007,0.012292266934570091
21,20,KNN,kd_tree,43,uncalibrated,4.76,0.08990944648033111,0.019752076484277646
21,20,KNN,kd_tree,43,uncalibrated,4.77,0.1313211040262228,0.013207407730886932
21,20,KNN,kd_tree,43,uncalibrated,4.78,0.15548012784013038,0.006469937710229346
21,20,KNN,kd_tree,43,uncalibrated,4.79,0.10325604658962534,0.0067803883414187935
21,20,KNN,kd_tree,43,uncalibrated,4.81,0.022195416609413,0.008838807868355222
21,20,KNN,kd_tree,43,uncalibrated,4.82,0.00510628895997852,0.0025745735189090894
21,20,KNN,kd_tree,43,uncalibrated,4.83,0.0051217601405588314,0.003708877996377443
21,20,KNN,kd_tree,43,uncalibrated,4.84,0.0014355797010919056,0.001275824172980531
21,20,KNN,kd_tree,43,uncalibrated,4.85,6.0921405170865495e-05,6.092140517085962e-05
21,20,KNN,kd_tree,43,uncalibrated,4.86,2.2723459102039e-06,1.5947993955097751e-06
21,20,KNN,kd_tree,43,uncalibrated,4.87,0.0,0.0
21,20,KNN,kd_tree,43,uncalibrated,4.88,0.0,0.0
21,20,KNN,kd_tree,43,uncalibrated,4.9,1.0360783192324213e-06,1.0360783192323118e-06
21,20,KNN,kd_tree,43,uncalibrated,4.93,0.0,0.0
21,20,KNN,kd_tree,45,uncalibrated,4.67,0.0,0.0
21,20,KNN,kd_tree,45,uncalibrated,4.7,0.0,0.0
21,20,KNN,kd_tree,45,uncalibrated,4.72,0.0003744423620037683,0.0003715187798077
21,20,KNN,kd_tree,45,uncalibrated,4.73,0.005661786237315607,0.0037657370591599936
21,20,KNN,kd_tree,45,uncalibrated,4.74,0.015708494621218653,0.004652886708500804
21,20,KNN,kd_tree,45,uncalibrated,4.75,0.03827362005407074,0.012366826628011595
21,20,KNN,kd_tree,45,uncalibrated,4.76,0.08933998677527862,0.01999428925061549
21,20,KNN,kd_tree,45,uncalibrated,4.77,0.1311034929893324,0.013599626353249544
21,20,KNN,kd_tree,45,uncalibrated,4.78,0.15513606080236086,0.006555819908338105
21,20,KNN,kd_tree,45,uncalibrated,4.79,0.1035479185821362,0.006720728676852404
21,20,KNN,kd_tree,45,uncalibrated,4.81,0.022669368318106772,0.00907866159277349
21,20,KNN,kd_tree,45,uncalibrated,4.82,0.005304978214678015,0.002668756637801281
21,20,KNN,kd_tree,45,uncalibrated,4.83,0.005252610457560399,0.00371727559136773
21,20,KNN,kd_tree,45,uncalibrated,4.84,0.0014415778656210437,0.0012948074234623943
21,20,KNN,kd_tree,45,uncalibrated,4.85,5.5626507733786864e-05,5.562650773378744e-05
21,20,KNN,kd_tree,45,uncalibrated,4.86,2.0748481915886947e-06,1.4561896702704076e-06
21,20,KNN,kd_tree,45,uncalibrated,4.87,0.0,0.0
21,20,KNN,kd_tree,45,uncalibrated,4.88,0.0,0.0
21,20,KNN,kd_tree,45,uncalibrated,4.9,9.460290430916078e-07,9.460290430916272e-07
21,20,KNN,kd_tree,45,uncalibrated,4.93,0.0,0.0
21,20,KNN,kd_tree,47,uncalibrated,4.67,0.0,0.0
21,20,KNN,kd_tree,47,uncalibrated,4.7,0.0,0.0
21,20,KNN,kd_tree,47,uncalibrated,4.72,0.000344441749729854,0.0003404336760400075
21,20,KNN,kd_tree,47,uncalibrated,4.73,0.00570652755141396,0.0037727683841263025
21,20,KNN,kd_tree,47,uncalibrated,4.74,0.01557989143720501,0.004566606865853981
21,20,KNN,kd_tree,47,uncalibrated,4.75,0.038318113835367804,0.012255235685367299
21,20,KNN,kd_tree,47,uncalibrated,4.76,0.0884036872386713,0.020064724620537388
21,20,KNN,kd_tree,47,uncalibrated,4.77,0.1301892458212917,0.013636623511247073
21,20,KNN,kd_tree,47,uncalibrated,4.78,0.154550461231129,0.006263809914092274
21,20,KNN,kd_tree,47,uncalibrated,4.79,0.10453607150297359,0.006664529786830959
21,20,KNN,kd_tree,47,uncalibrated,4.81,0.02276025602429959,0.008985842705397458
21,20,KNN,kd_tree,47,uncalibrated,4.82,0.005534815460592208,0.0027400080043464754
21,20,KNN,kd_tree,47,uncalibrated,4.83,0.005404810511638201,0.0037608964088921906
21,20,KNN,kd_tree,47,uncalibrated,4.84,0.001482754228238862,0.001331299961306394
21,20,KNN,kd_tree,47,uncalibrated,4.85,5.199985551373953e-05,5.095734046046431e-05
21,20,KNN,kd_tree,47,uncalibrated,4.86,4.7570838994245955e-06,3.909860022804631e-06
21,20,KNN,kd_tree,47,uncalibrated,4.87,3.894137862215737e-06,3.894137862215656e-06
21,20,KNN,kd_tree,47,uncalibrated,4.88,0.0,0.0
21,20,KNN,kd_tree,47,uncalibrated,4.9,8.672289779358899e-07,8.672289779359636e-07
21,20,KNN,kd_tree,47,uncalibrated,4.93,0.0,0.0
21,20,KNN,kd_tree,49,uncalibrated,4.67,0.0,0.0
21,20,KNN,kd_tree,49,uncalibrated,4.7,0.0,0.0
21,20,KNN,kd_tree,49,uncalibrated,4.72,0.00035837948915113684,0.00035347683120218594
21,20,KNN,kd_tree,49,uncalibrated,4.73,0.005795122704615538,0.003725043974805233
21,20,KNN,kd_tree,49,uncalibrated,4.74,0.015547906942904513,0.004594153980692101
21,20,KNN,kd_tree,49,uncalibrated,4.75,0.03800428634787735,0.012076624026695622
21,20,KNN,kd_tree,49,uncalibrated,4.76,0.0878997094926815,0.019994262504532616
21,20,KNN,kd_tree,49,uncalibrated,4.77,0.1295173816287323,0.013600370257922378
21,20,KNN,kd_tree,49,uncalibrated,4.78,0.154255452385467,0.006162864529881753
21,20,KNN,kd_tree,49,uncalibrated,4.79,0.1048129010799575,0.006631408916488041
21,20,KNN,kd_tree,49,uncalibrated,4.81,0.022838713896273198,0.008993978518719185
21,20,KNN,kd_tree,49,uncalibrated,4.82,0.0057979620990913664,0.0027082576235921744
21,20,KNN,kd_tree,49,uncalibrated,4.83,0.005546031489879645,0.0037991412163121806
21,20,KNN,kd_tree,49,uncalibrated,4.84,0.00151636939097298,0.0013448548280526186
21,20,KNN,kd_tree,49,uncalibrated,4.85,8.029265786624382e-05,7.741729731080001e-05
21,20,KNN,kd_tree,49,uncalibrated,4.86,4.376675690890961e-06,3.597201495366705e-06
21,20,KNN,kd_tree,49,uncalibrated,4.87,3.5827365837711077e-06,3.582736583771106e-06
21,20,KNN,kd_tree,49,uncalibrated,4.88,0.0,0.0
21,20,KNN,kd_tree,49,uncalibrated,4.9,7.978795552937251e-07,7.978795552938539e-07
21,20,KNN,kd_tree,49,uncalibrated,4.93,0.0,0.0
21,20,KNN,kd_tree,51,uncalibrated,4.67,0.0,0.0
21,20,KNN,kd_tree,51,uncalibrated,4.7,0.0,0.0
21,20,KNN,kd_tree,51,uncalibrated,4.72,0.00033082243500649045,0.0003262967595987883
21,20,KNN,kd_tree,51,uncalibrated,4.73,0.0058440655669354516,0.003838263066980527
21,20,KNN,kd_tree,51,uncalibrated,4.74,0.015259904881113354,0.0045807046740045185
21,20,KNN,kd_tree,51,uncalibrated,4.75,0.037806552570318855,0.011873856801261667
21,20,KNN,kd_tree,51,uncalibrated,4.76,0.08712463078182806,0.020230667744603543
21,20,KNN,kd_tree,51,uncalibrated,4.77,0.12849049584888855,0.013874407134524494
21,20,KNN,kd_tree,51,uncalibrated,4.78,0.1538257299257669,0.006181345962889075
21,20,KNN,kd_tree,51,uncalibrated,4.79,0.10527994209224953,0.006630221241651065
21,20,KNN,kd_tree,51,uncalibrated,4.81,0.023317162549122326,0.00899706379537319
21,20,KNN,kd_tree,51,uncalibrated,4.82,0.006073201998234284,0.002758690495835928
21,20,KNN,kd_tree,51,uncalibrated,4.83,0.005553610540334454,0.00377442819489478
21,20,KNN,kd_tree,51,uncalibrated,4.84,0.0014851594259037296,0.001325148811945388
21,20,KNN,kd_tree,51,uncalibrated,4.85,7.672495391131648e-05,7.1474441723008e-05
21,20,KNN,kd_tree,51,uncalibrated,4.86,4.040137767715271e-06,3.3206000731931732e-06
21,20,KNN,kd_tree,51,uncalibrated,4.87,3.307247419313533e-06,3.307247419313492e-06
21,20,KNN,kd_tree,51,uncalibrated,4.88,0.0,0.0
21,20,KNN,kd_tree,51,uncalibrated,4.9,7.365278017149621e-07,7.36527801714935e-07
21,20,KNN,kd_tree,51,uncalibrated,4.93,0.0,0.0
21,20,KNN,kd_tree,61,uncalibrated,4.67,0.0,0.0
21,20,KNN,kd_tree,61,uncalibrated,4.7,0.0,0.0
21,20,KNN,kd_tree,61,uncalibrated,4.72,0.00038753944065865725,0.0003820013186423538
21,20,KNN,kd_tree,61,uncalibrated,4.73,0.005857479288661036,0.00373414653891903
21,20,KNN,kd_tree,61,uncalibrated,4.74,0.01417858438007803,0.004315078526699712
21,20,KNN,kd_tree,61,uncalibrated,4.75,0.03668564713223813,0.01155618661666131
21,20,KNN,kd_tree,61,uncalibrated,4.76,0.08375015959715681,0.019997526910900683
21,20,KNN,kd_tree,61,uncalibrated,4.77,0.12528734125642638,0.013681242982622924
21,20,KNN,kd_tree,61,uncalibrated,4.78,0.15145436251157818,0.006437824502477519
21,20,KNN,kd_tree,61,uncalibrated,4.79,0.10659064276081516,0.006398710660250809
21,20,KNN,kd_tree,61,uncalibrated,4.81,0.025321151390015933,0.008902887191467073
21,20,KNN,kd_tree,61,uncalibrated,4.82,0.006917662370691618,0.0026331560240068766
21,20,KNN,kd_tree,61,uncalibrated,4.83,0.006273243766996437,0.003979096898840602
21,20,KNN,kd_tree,61,uncalibrated,4.84,0.001824248807330855,0.0015654402222811962
21,20,KNN,kd_tree,61,uncalibrated,4.85,0.00014668402369030702,0.00013872320155461774
21,20,KNN,kd_tree,61,uncalibrated,4.86,8.161987017976416e-06,5.834273535319956e-06
21,20,KNN,kd_tree,61,uncalibrated,4.87,2.3117846110277567e-06,2.3117846110277948e-06
21,20,KNN,kd_tree,61,uncalibrated,4.88,0.0,0.0
21,20,KNN,kd_tree,61,uncalibrated,4.9,5.148370900994985e-07,5.148370900995817e-07
21,20,KNN,kd_tree,61,uncalibrated,4.93,0.0,0.0
21,20,KNN,kd_tree,81,uncalibrated,4.67,0.0,0.0
21,20,KNN,kd_tree,81,uncalibrated,4.7,0.0,0.0
21,20,KNN,kd_tree,81,uncalibrated,4.72,0.0003671053603880782,0.0003505767146628614
21,20,KNN,kd_tree,81,uncalibrated,4.73,0.005949649698436323,0.003638838889305266
21,20,KNN,kd_tree,81,uncalibrated,4.74,0.013330615507764577,0.0040608175818329945
21,20,KNN,kd_tree,81,uncalibrated,4.75,0.03541869446994454,0.012022622205500695
21,20,KNN,kd_tree,81,uncalibrated,4.76,0.07895064279955948,0.019444460526392458
21,20,KNN,kd_tree,81,uncalibrated,4.77,0.11875325103108167,0.014084596013384694
21,20,KNN,kd_tree,81,uncalibrated,4.78,0.14769467036605977,0.005720562673449966
21,20,KNN,kd_tree,81,uncalibrated,4.79,0.10751397470641143,0.005965467323501441
21,20,KNN,kd_tree,81,uncalibrated,4.81,0.029249657258798478,0.009000648120387356
21,20,KNN,kd_tree,81,uncalibrated,4.82,0.008485111044739395,0.0026264672071812678
21,20,KNN,kd_tree,81,uncalibrated,4.83,0.007479329617223846,0.004198547080073722
21,20,KNN,kd_tree,81,uncalibrated,4.84,0.0020153034164237457,0.0015488209878506613
21,20,KNN,kd_tree,81,uncalibrated,4.85,0.00019578154924391488,0.00018471802952957654
21,20,KNN,kd_tree,81,uncalibrated,4.86,1.94363857606349e-05,1.4309368965532385e-05
21,20,KNN,kd_tree,81,uncalibrated,4.87,3.30911138062628e-05,3.276139935950863e-05
21,20,KNN,kd_tree,81,uncalibrated,4.88,6.084314983681791e-07,4.271776774120119e-07
21,20,KNN,kd_tree,81,uncalibrated,4.9,2.919842725591456e-07,2.9198427255914565e-07
21,20,KNN,kd_tree,81,uncalibrated,4.93,0.0,0.0
21,20,KNN,kd_tree,101,uncalibrated,4.67,0.0,0.0
21,20,KNN,kd_tree,101,uncalibrated,4.7,0.0,0.0
21,20,KNN,kd_tree,101,uncalibrated,4.72,0.00032437980305627173,0.000313182418972916
21,20,KNN,kd_tree,101,uncalibrated,4.73,0.006099162145845786,0.003751142837377356
21,20,KNN,kd_tree,101,uncalibrated,4.74,0.013065287778078952,0.004032700819000393
21,20,KNN,kd_tree,101,uncalibrated,4.75,0.033807099235506975,0.01154002887793617
21,20,KNN,kd_tree,101,uncalibrated,4.76,0.07548018364874458,0.018816348593149186
21,20,KNN,kd_tree,101,uncalibrated,4.77,0.11359460348364994,0.014158796114529332
21,20,KNN,kd_tree,101,uncalibrated,4.78,0.14430585012801683,0.005438967202293444
21,20,KNN,kd_tree,101,uncalibrated,4.79,0.10858084342564177,0.00560898041832243
21,20,KNN,kd_tree,101,uncalibrated,4.81,0.032003491004254016,0.009740012935458092
21,20,KNN,kd_tree,101,uncalibrated,4.82,0.009841691515064767,0.002826254555791028
21,20,KNN,kd_tree,101,uncalibrated,4.83,0.008471422165757532,0.004265981132904636
21,20,KNN,kd_tree,101,uncalibrated,4.84,0.0025949922026039735,0.0018921102837024387
21,20,KNN,kd_tree,101,uncalibrated,4.85,0.0002796314466995104,0.0002591885957063631
21,20,KNN,kd_tree,101,uncalibrated,4.86,5.359922758675313e-05,3.910169866843179e-05
21,20,KNN,kd_tree,101,uncalibrated,4.87,7.034391671891244e-05,6.824137870183042e-05
21,20,KNN,kd_tree,101,uncalibrated,4.88,3.9132624848481423e-07,2.747488228115074e-07
21,20,KNN,kd_tree,101,uncalibrated,4.9,1.8779617804730084e-07,1.8779617804730325e-07
21,20,KNN,kd_tree,101,uncalibrated,4.93,0.0,0.0
21,20,KNN,kd_tree,151,uncalibrated,4.67,0.0,0.0
21,20,KNN,kd_tree,151,uncalibrated,4.7,0.0,0.0
21,20,KNN,kd_tree,151,uncalibrated,4.72,0.00034806461620297773,0.0003344885662880262
21,20,KNN,kd_tree,151,uncalibrated,4.73,0.006180621391348608,0.0036683842725202444
21,20,KNN,kd_tree,151,uncalibrated,4.74,0.01194773507152056,0.0037093645034233357
21,20,KNN,kd_tree,151,uncalibrated,4.75,0.03124374383619405,0.01083218661189537
21,20,KNN,kd_tree,151,uncalibrated,4.76,0.06883108425242529,0.01814743242864739
21,20,KNN,kd_tree,151,uncalibrated,4.77,0.10356962062316136,0.01386766010152092
21,20,KNN,kd_tree,151,uncalibrated,4.78,0.13805706408529062,0.00509834957630531
21,20,KNN,kd_tree,151,uncalibrated,4.79,0.11138068432490933,0.005211354551625452
21,20,KNN,kd_tree,151,uncalibrated,4.81,0.03907333353417499,0.01023038978496812
21,20,KNN,kd_tree,151,uncalibrated,4.82,0.014088227429321684,0.0032536994147363777
21,20,KNN,kd_tree,151,uncalibrated,4.83,0.011179444770505123,0.0048034656269034925
21,20,KNN,kd_tree,151,uncalibrated,4.84,0.0039024946036596924,0.002271483937685096
21,20,KNN,kd_tree,151,uncalibrated,4.85,0.00050960496062261,0.0004352711355510662
21,20,KNN,kd_tree,151,uncalibrated,4.86,0.00016393416779143658,0.00012268914525897376
21,20,KNN,kd_tree,151,uncalibrated,4.87,0.00018022674603354589,0.00016648630756505123
21,20,KNN,kd_tree,151,uncalibrated,4.88,2.927475532284844e-07,1.9247815683248364e-07
21,20,KNN,kd_tree,151,uncalibrated,4.9,8.401863129951848e-08,8.401863129952883e-08
21,20,KNN,kd_tree,151,uncalibrated,4.93,0.0,0.0
21,20,KNN,kd_tree,201,uncalibrated,4.67,0.0,0.0
21,20,KNN,kd_tree,201,uncalibrated,4.7,0.0,0.0
21,20,KNN,kd_tree,201,uncalibrated,4.72,0.00037070547223375165,0.0003554817008950276
21,20,KNN,kd_tree,201,uncalibrated,4.73,0.007455492353244933,0.003515062519279995
21,20,KNN,kd_tree,201,uncalibrated,4.74,0.011344778260232178,0.0034827508035658195
21,20,KNN,kd_tree,201,uncalibrated,4.75,0.029454143026044384,0.010217435506750064
21,20,KNN,kd_tree,201,uncalibrated,4.76,0.06328409698762585,0.01685697491079189
21,20,KNN,kd_tree,201,uncalibrated,4.77,0.09645777256636812,0.013344358976677594
21,20,KNN,kd_tree,201,uncalibrated,4.78,0.13116927301420753,0.005176052115965622
21,20,KNN,kd_tree,201,uncalibrated,4.79,0.11344916091557743,0.004846666629190638
21,20,KNN,kd_tree,201,uncalibrated,4.81,0.04466007789181288,0.010080196034751611
21,20,KNN,kd_tree,201,uncalibrated,4.82,0.018484514309033577,0.003593490389548239
21,20,KNN,kd_tree,201,uncalibrated,4.83,0.013851403163351452,0.005094501073023447
21,20,KNN,kd_tree,201,uncalibrated,4.84,0.005517244662883301,0.0026825384500871966
21,20,KNN,kd_tree,201,uncalibrated,4.85,0.0008088365925630043,0.0005731563149186946
21,20,KNN,kd_tree,201,uncalibrated,4.86,0.0003746825362635749,0.0002404003362164236
21,20,KNN,kd_tree,201,uncalibrated,4.87,0.0002733274266353247,0.00023297531460450636
21,20,KNN,kd_tree,201,uncalibrated,4.88,1.0335776793595881e-06,6.251640626824163e-07
21,20,KNN,kd_tree,201,uncalibrated,4.9,1.1854340314972047e-06,1.185434031497076e-06
21,20,KNN,kd_tree,201,uncalibrated,4.93,0.0,0.0
21,20,KNN,ball_tree,1,uncalibrated,4.67,0.0,0.0
21,20,KNN,ball_tree,1,uncalibrated,4.7,0.0,0.0
21,20,KNN,ball_tree,1,uncalibrated,4.72,0.0,0.0
21,20,KNN,ball_tree,1,uncalibrated,4.73,0.012229934901725706,0.005942087039377596
21,20,KNN,ball_tree,1,uncalibrated,4.74,0.029003018855945417,0.01006448988224637
21,20,KNN,ball_tree,1,uncalibrated,4.75,0.09398087285953625,0.013343252860778863
21,20,KNN,ball_tree,1,uncalibrated,4.76,0.17662128658172355,0.018988596216216378
21,20,KNN,ball_tree,1,uncalibrated,4.77,0.24896600015599793,0.0024027906136861866
21,20,KNN,ball_tree,1,uncalibrated,4.78,0.22793191352285402,0.007330644215607615
21,20,KNN,ball_tree,1,uncalibrated,4.79,0.12310511996219352,0.015348792939298039
21,20,KNN,ball_tree,1,uncalibrated,4.81,0.013359365812109494,0.013051680266736863
21,20,KNN,ball_tree,1,uncalibrated,4.82,0.004098383711970474,0.0040871322703795185
21,20,KNN,ball_tree,1,uncalibrated,4.83,0.004255338916202328,0.004246048301117137
21,20,KNN,ball_tree,1,uncalibrated,4.84,0.0,0.0
21,20,KNN,ball_tree,1,uncalibrated,4.85,0.0,0.0
21,20,KNN,ball_tree,1,uncalibrated,4.86,0.0,0.0
21,20,KNN,ball_tree,1,uncalibrated,4.87,0.0,0.0
21,20,KNN,ball_tree,1,uncalibrated,4.88,0.0,0.0
21,20,KNN,ball_tree,1,uncalibrated,4.9,0.0,0.0
21,20,KNN,ball_tree,1,uncalibrated,4.93,0.0,0.0
21,20,KNN,ball_tree,3,uncalibrated,4.67,0.0,0.0
21,20,KNN,ball_tree,3,uncalibrated,4.7,0.0,0.0
21,20,KNN,ball_tree,3,uncalibrated,4.72,0.0003267973856209113,0.000326797385620915
21,20,KNN,ball_tree,3,uncalibrated,4.73,0.007270519869953236,0.004845464744519126
21,20,KNN,ball_tree,3,uncalibrated,4.74,0.02668912720601934,0.009095525621544072
21,20,KNN,ball_tree,3,uncalibrated,4.75,0.061740689670826035,0.01368961432144267
21,20,KNN,ball_tree,3,uncalibrated,4.76,0.13539377009546325,0.022020502701015205
21,20,KNN,ball_tree,3,uncalibrated,4.77,0.19336388092400542,0.011456176673567936
21,20,KNN,ball_tree,3,uncalibrated,4.78,0.19371450278802774,0.007142107292777264
21,20,KNN,ball_tree,3,uncalibrated,4.79,0.09237148631568234,0.00962247201605449
21,20,KNN,ball_tree,3,uncalibrated,4.81,0.010915147518218567,0.009368937244694021
21,20,KNN,ball_tree,3,uncalibrated,4.82,0.0031814040313259363,0.002879965211094396
21,20,KNN,ball_tree,3,uncalibrated,4.83,0.0018912617405343665,0.0018871325782742834
21,20,KNN,ball_tree,3,uncalibrated,4.84,0.00023148148148148157,0.00023148148148148157
21,20,KNN,ball_tree,3,uncalibrated,4.85,0.0,0.0
21,20,KNN,ball_tree,3,uncalibrated,4.86,0.0,0.0
21,20,KNN,ball_tree,3,uncalibrated,4.87,0.0,0.0
21,20,KNN,ball_tree,3,uncalibrated,4.88,0.0,0.0
21,20,KNN,ball_tree,3,uncalibrated,4.9,0.0,0.0
21,20,KNN,ball_tree,3,uncalibrated,4.93,0.0,0.0
21,20,KNN,ball_tree,5,uncalibrated,4.67,0.0,0.0
21,20,KNN,ball_tree,5,uncalibrated,4.7,0.0,0.0
21,20,KNN,ball_tree,5,uncalibrated,4.72,0.00047058823529411777,0.0004705882352941177
21,20,KNN,ball_tree,5,uncalibrated,4.73,0.006144221227774095,0.004466697638102961
21,20,KNN,ball_tree,5,uncalibrated,4.74,0.021863895745606186,0.007131632762735687
21,20,KNN,ball_tree,5,uncalibrated,4.75,0.05486331399355741,0.013733491290421652
21,20,KNN,ball_tree,5,uncalibrated,4.76,0.12504543397646734,0.018720583439720197
21,20,KNN,ball_tree,5,uncalibrated,4.77,0.1778914078470808,0.011209486166007906
21,20,KNN,ball_tree,5,uncalibrated,4.78,0.17947419905230444,0.006580418768987102
21,20,KNN,ball_tree,5,uncalibrated,4.79,0.08936189385835339,0.008668910286017902
21,20,KNN,ball_tree,5,uncalibrated,4.81,0.012580166987913416,0.009321751338071423
21,20,KNN,ball_tree,5,uncalibrated,4.82,0.0031017780505586266,0.0025644765466794617
21,20,KNN,ball_tree,5,uncalibrated,4.83,0.0022923311803815685,0.0021175627956742746
21,20,KNN,ball_tree,5,uncalibrated,4.84,0.00033333333333334373,0.00033333333333333327
21,20,KNN,ball_tree,5,uncalibrated,4.85,0.0,0.0
21,20,KNN,ball_tree,5,uncalibrated,4.86,0.0,0.0
21,20,KNN,ball_tree,5,uncalibrated,4.87,0.0,0.0
21,20,KNN,ball_tree,5,uncalibrated,4.88,0.0,0.0
21,20,KNN,ball_tree,5,uncalibrated,4.9,0.0,0.0
21,20,KNN,ball_tree,5,uncalibrated,4.93,0.0,0.0
21,20,KNN,ball_tree,7,uncalibrated,4.67,0.0,0.0
21,20,KNN,ball_tree,7,uncalibrated,4.7,0.0,0.0
21,20,KNN,ball_tree,7,uncalibrated,4.72,0.0005402160864345737,0.0005402160864345737
21,20,KNN,ball_tree,7,uncalibrated,4.73,0.0048346523029891035,0.003896178462511596
21,20,KNN,ball_tree,7,uncalibrated,4.74,0.021433180295084075,0.0068332021836423696
21,20,KNN,ball_tree,7,uncalibrated,4.75,0.05247657598872287,0.013885717509328328
21,20,KNN,ball_tree,7,uncalibrated,4.76,0.11764573762765167,0.01986177639631119
21,20,KNN,ball_tree,7,uncalibrated,4.77,0.1713560498761838,0.013669589800911888
21,20,KNN,ball_tree,7,uncalibrated,4.78,0.1732303446723985,0.0068947672467624035
21,20,KNN,ball_tree,7,uncalibrated,4.79,0.09304098601041239,0.00882088253674731
21,20,KNN,ball_tree,7,uncalibrated,4.81,0.014247110248361746,0.009504380852103938
21,20,KNN,ball_tree,7,uncalibrated,4.82,0.0027416199322318003,0.0020999572545428464
21,20,KNN,ball_tree,7,uncalibrated,4.83,0.0027721993241640428,0.0026350403800089917
21,20,KNN,ball_tree,7,uncalibrated,4.84,0.0006802721088435163,0.0006802721088435372
21,20,KNN,ball_tree,7,uncalibrated,4.85,0.0,0.0
21,20,KNN,ball_tree,7,uncalibrated,4.86,0.0,0.0
21,20,KNN,ball_tree,7,uncalibrated,4.87,0.0,0.0
21,20,KNN,ball_tree,7,uncalibrated,4.88,0.0,0.0
21,20,KNN,ball_tree,7,uncalibrated,4.9,0.0,0.0
21,20,KNN,ball_tree,7,uncalibrated,4.93,0.0,0.0
21,20,KNN,ball_tree,9,uncalibrated,4.67,0.0,0.0
21,20,KNN,ball_tree,9,uncalibrated,4.7,0.0,0.0
21,20,KNN,ball_tree,9,uncalibrated,4.72,0.0005809731299927232,0.0005809731299927379
21,20,KNN,ball_tree,9,uncalibrated,4.73,0.005282102931597513,0.004378807553410727
21,20,KNN,ball_tree,9,uncalibrated,4.74,0.019207001468784853,0.005897349055887291
21,20,KNN,ball_tree,9,uncalibrated,4.75,0.05009391951030548,0.014426314047509551
21,20,KNN,ball_tree,9,uncalibrated,4.76,0.11511322685242613,0.01860787302435196
21,20,KNN,ball_tree,9,uncalibrated,4.77,0.16533973600736684,0.015463816913092288
21,20,KNN,ball_tree,9,uncalibrated,4.78,0.16958661109468237,0.007314736273776198
21,20,KNN,ball_tree,9,uncalibrated,4.79,0.0943870940629007,0.00913115462190709
21,20,KNN,ball_tree,9,uncalibrated,4.81,0.0147835038466351,0.009769645538805067
21,20,KNN,ball_tree,9,uncalibrated,4.82,0.0025359432294293676,0.002072981086330437
21,20,KNN,ball_tree,9,uncalibrated,4.83,0.0030898591963844147,0.002951051924608494
21,20,KNN,ball_tree,9,uncalibrated,4.84,0.0006430041152263377,0.0006430041152263378
21,20,KNN,ball_tree,9,uncalibrated,4.85,0.0,0.0
21,20,KNN,ball_tree,9,uncalibrated,4.86,0.0,0.0
21,20,KNN,ball_tree,9,uncalibrated,4.87,0.0,0.0
21,20,KNN,ball_tree,9,uncalibrated,4.88,0.0,0.0
21,20,KNN,ball_tree,9,uncalibrated,4.9,0.0,0.0
21,20,KNN,ball_tree,9,uncalibrated,4.93,0.0,0.0
21,20,KNN,ball_tree,11,uncalibrated,4.67,0.0,0.0
21,20,KNN,ball_tree,11,uncalibrated,4.7,0.0,0.0
21,20,KNN,ball_tree,11,uncalibrated,4.72,0.0003889158969372781,0.00038891589693728734
21,20,KNN,ball_tree,11,uncalibrated,4.73,0.005234841663247016,0.004175910669417162
21,20,KNN,ball_tree,11,uncalibrated,4.74,0.01812455443792176,0.005431822072365602
21,20,KNN,ball_tree,11,uncalibrated,4.75,0.047331344226522284,0.0129121579454845
21,20,KNN,ball_tree,11,uncalibrated,4.76,0.11132238721989691,0.01844719160393535
21,20,KNN,ball_tree,11,uncalibrated,4.77,0.16261457678934255,0.01585834216089335
21,20,KNN,ball_tree,11,uncalibrated,4.78,0.16724058616650805,0.006945553323347871
21,20,KNN,ball_tree,11,uncalibrated,4.79,0.09602245733733922,0.008556093309096383
21,20,KNN,ball_tree,11,uncalibrated,4.81,0.015007833634090731,0.009701214204791699
21,20,KNN,ball_tree,11,uncalibrated,4.82,0.0026532175176713995,0.0021015485600728192
21,20,KNN,ball_tree,11,uncalibrated,4.83,0.0030817932462286306,0.002863958634418768
21,20,KNN,ball_tree,11,uncalibrated,4.84,0.0009391484730644604,0.000936304524821271
21,20,KNN,ball_tree,11,uncalibrated,4.85,0.0,0.0
21,20,KNN,ball_tree,11,uncalibrated,4.86,0.0,0.0
21,20,KNN,ball_tree,11,uncalibrated,4.87,0.0,0.0
21,20,KNN,ball_tree,11,uncalibrated,4.88,0.0,0.0
21,20,KNN,ball_tree,11,uncalibrated,4.9,0.0,0.0
21,20,KNN,ball_tree,11,uncalibrated,4.93,0.0,0.0
21,20,KNN,ball_tree,13,uncalibrated,4.67,0.0,0.0
21,20,KNN,ball_tree,13,uncalibrated,4.7,0.0,0.0
21,20,KNN,ball_tree,13,uncalibrated,4.72,0.0006433046427225014,0.0006259245614049207
21,20,KNN,ball_tree,13,uncalibrated,4.73,0.0048941824458900345,0.003974730538551334
21,20,KNN,ball_tree,13,uncalibrated,4.74,0.0181701297154377,0.005471500178634297
21,20,KNN,ball_tree,13,uncalibrated,4.75,0.04634581991684029,0.013852400472625051
21,20,KNN,ball_tree,13,uncalibrated,4.76,0.10752607964825078,0.018125004450230655
21,20,KNN,ball_tree,13,uncalibrated,4.77,0.15759787312323237,0.014367683598452821
21,20,KNN,ball_tree,13,uncalibrated,4.78,0.16670058018677,0.007000271323792903
21,20,KNN,ball_tree,13,uncalibrated,4.79,0.09609831364486306,0.008290021721022727
21,20,KNN,ball_tree,13,uncalibrated,4.81,0.015338704409310434,0.009208105043041363
21,20,KNN,ball_tree,13,uncalibrated,4.82,0.002727479279616005,0.0021558804603410086
21,20,KNN,ball_tree,13,uncalibrated,4.83,0.0033455349941659005,0.0030489890261502536
21,20,KNN,ball_tree,13,uncalibrated,4.84,0.0008379250709277575,0.0008347253286524542
21,20,KNN,ball_tree,13,uncalibrated,4.85,0.0,0.0
21,20,KNN,ball_tree,13,uncalibrated,4.86,0.0,0.0
21,20,KNN,ball_tree,13,uncalibrated,4.87,0.0,0.0
21,20,KNN,ball_tree,13,uncalibrated,4.88,0.0,0.0
21,20,KNN,ball_tree,13,uncalibrated,4.9,0.0,0.0
21,20,KNN,ball_tree,13,uncalibrated,4.93,0.0,0.0
21,20,KNN,ball_tree,15,uncalibrated,4.67,0.0,0.0
21,20,KNN,ball_tree,15,uncalibrated,4.7,0.0,0.0
21,20,KNN,ball_tree,15,uncalibrated,4.72,0.00048319326497826744,0.00047013889278858486
21,20,KNN,ball_tree,15,uncalibrated,4.73,0.004758033871296566,0.003760393046107332
21,20,KNN,ball_tree,15,uncalibrated,4.74,0.01792135653352917,0.0053967674448463015
21,20,KNN,ball_tree,15,uncalibrated,4.75,0.04459042973089716,0.014242269121826846
21,20,KNN,ball_tree,15,uncalibrated,4.76,0.10441738525992374,0.017520074031752736
21,20,KNN,ball_tree,15,uncalibrated,4.77,0.15382233485336383,0.013612397264571197
21,20,KNN,ball_tree,15,uncalibrated,4.78,0.16484864420182854,0.006584238440317523
21,20,KNN,ball_tree,15,uncalibrated,4.79,0.09789272018778752,0.008402292943691858
21,20,KNN,ball_tree,15,uncalibrated,4.81,0.015423895184549716,0.008834716088379335
21,20,KNN,ball_tree,15,uncalibrated,4.82,0.002963816521778735,0.0021938298267864353
21,20,KNN,ball_tree,15,uncalibrated,4.83,0.0036441292487967404,0.0031851042228924153
21,20,KNN,ball_tree,15,uncalibrated,4.84,0.0010878098731357097,0.0010827846617320303
21,20,KNN,ball_tree,15,uncalibrated,4.85,0.0,0.0
21,20,KNN,ball_tree,15,uncalibrated,4.86,0.0,0.0
21,20,KNN,ball_tree,15,uncalibrated,4.87,0.0,0.0
21,20,KNN,ball_tree,15,uncalibrated,4.88,0.0,0.0
21,20,KNN,ball_tree,15,uncalibrated,4.9,0.0,0.0
21,20,KNN,ball_tree,15,uncalibrated,4.93,0.0,0.0
21,20,KNN,ball_tree,17,uncalibrated,4.67,0.0,0.0
21,20,KNN,ball_tree,17,uncalibrated,4.7,0.0,0.0
21,20,KNN,ball_tree,17,uncalibrated,4.72,0.0003761885280972583,0.0003660250895412857
21,20,KNN,ball_tree,17,uncalibrated,4.73,0.004487096131111945,0.003617419818606175
21,20,KNN,ball_tree,17,uncalibrated,4.74,0.017524224637270363,0.005304101275312014
21,20,KNN,ball_tree,17,uncalibrated,4.75,0.04364674769289278,0.013580718971961095
21,20,KNN,ball_tree,17,uncalibrated,4.76,0.10210996062189,0.017720426797425425
21,20,KNN,ball_tree,17,uncalibrated,4.77,0.15084420696405548,0.012820678143380101
21,20,KNN,ball_tree,17,uncalibrated,4.78,0.16387829881841248,0.006767468727264117
21,20,KNN,ball_tree,17,uncalibrated,4.79,0.09820779684672254,0.008284567863174063
21,20,KNN,ball_tree,17,uncalibrated,4.81,0.016158905841764937,0.009047181419987596
21,20,KNN,ball_tree,17,uncalibrated,4.82,0.0032270430418651816,0.0024349368034870217
21,20,KNN,ball_tree,17,uncalibrated,4.83,0.003602470130298799,0.003097082286185511
21,20,KNN,ball_tree,17,uncalibrated,4.84,0.0011484891124269175,0.0011319221663421259
21,20,KNN,ball_tree,17,uncalibrated,4.85,0.0,0.0
21,20,KNN,ball_tree,17,uncalibrated,4.86,0.0,0.0
21,20,KNN,ball_tree,17,uncalibrated,4.87,0.0,0.0
21,20,KNN,ball_tree,17,uncalibrated,4.88,0.0,0.0
21,20,KNN,ball_tree,17,uncalibrated,4.9,0.0,0.0
21,20,KNN,ball_tree,17,uncalibrated,4.93,0.0,0.0
21,20,KNN,ball_tree,19,uncalibrated,4.67,0.0,0.0
21,20,KNN,ball_tree,19,uncalibrated,4.7,0.0,0.0
21,20,KNN,ball_tree,19,uncalibrated,4.72,0.0004070256821952539,0.00039886083335203556
21,20,KNN,ball_tree,19,uncalibrated,4.73,0.004806333636021598,0.0037423300877990236
21,20,KNN,ball_tree,19,uncalibrated,4.74,0.017496923043969385,0.0051874585043574445
21,20,KNN,ball_tree,19,uncalibrated,4.75,0.043583323445025454,0.013810792543248901
21,20,KNN,ball_tree,19,uncalibrated,4.76,0.10061134040737257,0.017954486329058696
21,20,KNN,ball_tree,19,uncalibrated,4.77,0.14896364932480777,0.013294469792121247
21,20,KNN,ball_tree,19,uncalibrated,4.78,0.16297329359107002,0.006648290983967975
21,20,KNN,ball_tree,19,uncalibrated,4.79,0.09842469465329498,0.008222472958568547
21,20,KNN,ball_tree,19,uncalibrated,4.81,0.016894431412823284,0.009209082171678398
21,20,KNN,ball_tree,19,uncalibrated,4.82,0.003383184800249183,0.0025088767869260098
21,20,KNN,ball_tree,19,uncalibrated,4.83,0.0033019019095182115,0.0028902869757130197
21,20,KNN,ball_tree,19,uncalibrated,4.84,0.001030778702527557,0.0010172094513835291
21,20,KNN,ball_tree,19,uncalibrated,4.85,0.0,0.0
21,20,KNN,ball_tree,19,uncalibrated,4.86,0.0,0.0
21,20,KNN,ball_tree,19,uncalibrated,4.87,0.0,0.0
21,20,KNN,ball_tree,19,uncalibrated,4.88,0.0,0.0
21,20,KNN,ball_tree,19,uncalibrated,4.9,0.0,0.0
21,20,KNN,ball_tree,19,uncalibrated,4.93,0.0,0.0
21,20,KNN,ball_tree,21,uncalibrated,4.67,0.0,0.0
21,20,KNN,ball_tree,21,uncalibrated,4.7,0.0,0.0
21,20,KNN,ball_tree,21,uncalibrated,4.72,0.00043318914028577134,0.00042649054176290485
21,20,KNN,ball_tree,21,uncalibrated,4.73,0.005027164476844971,0.003965969782296312
21,20,KNN,ball_tree,21,uncalibrated,4.74,0.017557152405344473,0.005253235627426178
21,20,KNN,ball_tree,21,uncalibrated,4.75,0.04299967332539088,0.013591711968890929
21,20,KNN,ball_tree,21,uncalibrated,4.76,0.10012222854744951,0.0181693092091682
21,20,KNN,ball_tree,21,uncalibrated,4.77,0.14656609727777492,0.013805951516687981
21,20,KNN,ball_tree,21,uncalibrated,4.78,0.1627760995189185,0.006452826799342661
21,20,KNN,ball_tree,21,uncalibrated,4.79,0.09977498091587678,0.008398375303189112
21,20,KNN,ball_tree,21,uncalibrated,4.81,0.017669207289723734,0.009415892355011671
21,20,KNN,ball_tree,21,uncalibrated,4.82,0.0035355208154278246,0.002423973547035477
21,20,KNN,ball_tree,21,uncalibrated,4.83,0.0033926038510331976,0.0028463205320011235
21,20,KNN,ball_tree,21,uncalibrated,4.84,0.0010887997423952025,0.0010694540769728735
21,20,KNN,ball_tree,21,uncalibrated,4.85,5.212813094586361e-06,5.212813094586508e-06
21,20,KNN,ball_tree,21,uncalibrated,4.86,0.0,0.0
21,20,KNN,ball_tree,21,uncalibrated,4.87,0.0,0.0
21,20,KNN,ball_tree,21,uncalibrated,4.88,0.0,0.0
21,20,KNN,ball_tree,21,uncalibrated,4.9,0.0,0.0
21,20,KNN,ball_tree,21,uncalibrated,4.93,0.0,0.0
21,20,KNN,ball_tree,23,uncalibrated,4.67,0.0,0.0
21,20,KNN,ball_tree,23,uncalibrated,4.7,0.0,0.0
21,20,KNN,ball_tree,23,uncalibrated,4.72,0.0004556122937632118,0.00045001965045286536
21,20,KNN,ball_tree,23,uncalibrated,4.73,0.00496164616405135,0.0038024807130937295
21,20,KNN,ball_tree,23,uncalibrated,4.74,0.017595156793753827,0.005333586104223939
21,20,KNN,ball_tree,23,uncalibrated,4.75,0.04266766226165209,0.013556925888315778
21,20,KNN,ball_tree,23,uncalibrated,4.76,0.0992512674649435,0.01856740359802237
21,20,KNN,ball_tree,23,uncalibrated,4.77,0.14545793279830282,0.013546933601178701
21,20,KNN,ball_tree,23,uncalibrated,4.78,0.1623399070810999,0.006338568647457728
21,20,KNN,ball_tree,23,uncalibrated,4.79,0.09987309035747577,0.008387094873641338
21,20,KNN,ball_tree,23,uncalibrated,4.81,0.018123299007957196,0.009550803202226742
21,20,KNN,ball_tree,23,uncalibrated,4.82,0.003848363187782777,0.0025342733459373366
21,20,KNN,ball_tree,23,uncalibrated,4.83,0.003562365256340771,0.002989776222041332
21,20,KNN,ball_tree,23,uncalibrated,4.84,0.0011586603926179973,0.0011410918534587823
21,20,KNN,ball_tree,23,uncalibrated,4.85,4.345653260326572e-06,4.3456532603263525e-06
21,20,KNN,ball_tree,23,uncalibrated,4.86,0.0,0.0
21,20,KNN,ball_tree,23,uncalibrated,4.87,0.0,0.0
21,20,KNN,ball_tree,23,uncalibrated,4.88,0.0,0.0
21,20,KNN,ball_tree,23,uncalibrated,4.9,0.0,0.0
21,20,KNN,ball_tree,23,uncalibrated,4.93,0.0,0.0
21,20,KNN,ball_tree,25,uncalibrated,4.67,0.0,0.0
21,20,KNN,ball_tree,25,uncalibrated,4.7,0.0,0.0
21,20,KNN,ball_tree,25,uncalibrated,4.72,0.000475013998202622,0.00047027542444957784
21,20,KNN,ball_tree,25,uncalibrated,4.73,0.005264340599115899,0.0038061747776033496
21,20,KNN,ball_tree,25,uncalibrated,4.74,0.018004004444325015,0.005439050998017358
21,20,KNN,ball_tree,25,uncalibrated,4.75,0.04244960802042222,0.013279715677241016
21,20,KNN,ball_tree,25,uncalibrated,4.76,0.09820460113325248,0.01825286869850067
21,20,KNN,ball_tree,25,uncalibrated,4.77,0.1433656112845625,0.013638396386222468
21,20,KNN,ball_tree,25,uncalibrated,4.78,0.16136125905368356,0.00645111388344149
21,20,KNN,ball_tree,25,uncalibrated,4.79,0.10081781698774135,0.008001948505073134
21,20,KNN,ball_tree,25,uncalibrated,4.81,0.01842441515559902,0.00919964903044661
21,20,KNN,ball_tree,25,uncalibrated,4.82,0.0038443308458732373,0.0023059738963380383
21,20,KNN,ball_tree,25,uncalibrated,4.83,0.0037930215390838172,0.003160639296410366
21,20,KNN,ball_tree,25,uncalibrated,4.84,0.0011562291691778286,0.0011246914489019754
21,20,KNN,ball_tree,25,uncalibrated,4.85,3.678160919540018e-06,3.678160919540237e-06
21,20,KNN,ball_tree,25,uncalibrated,4.86,0.0,0.0
21,20,KNN,ball_tree,25,uncalibrated,4.87,0.0,0.0
21,20,KNN,ball_tree,25,uncalibrated,4.88,0.0,0.0
21,20,KNN,ball_tree,25,uncalibrated,4.9,0.0,0.0
21,20,KNN,ball_tree,25,uncalibrated,4.93,0.0,0.0
21,20,KNN,ball_tree,27,uncalibrated,4.67,0.0,0.0
21,20,KNN,ball_tree,27,uncalibrated,4.7,0.0,0.0
21,20,KNN,ball_tree,27,uncalibrated,4.72,0.000407247940845873,0.00040318537761452127
21,20,KNN,ball_tree,27,uncalibrated,4.73,0.005208152921811655,0.00369736899719263
21,20,KNN,ball_tree,27,uncalibrated,4.74,0.017819371773362496,0.00541009551164092
21,20,KNN,ball_tree,27,uncalibrated,4.75,0.041883892764490484,0.01294892714792057
21,20,KNN,ball_tree,27,uncalibrated,4.76,0.0972247261349036,0.018184437278041678
21,20,KNN,ball_tree,27,uncalibrated,4.77,0.14159880638817998,0.012999173546677567
21,20,KNN,ball_tree,27,uncalibrated,4.78,0.160560059564956,0.006528838970175027
21,20,KNN,ball_tree,27,uncalibrated,4.79,0.1017043144489486,0.00791879224068531
21,20,KNN,ball_tree,27,uncalibrated,4.81,0.018647183206064906,0.009100213642886231
21,20,KNN,ball_tree,27,uncalibrated,4.82,0.003834231347032811,0.0023222068667936913
21,20,KNN,ball_tree,27,uncalibrated,4.83,0.004035001975479109,0.0033139910951963322
21,20,KNN,ball_tree,27,uncalibrated,4.84,0.0011799472907568444,0.0011281320897955074
21,20,KNN,ball_tree,27,uncalibrated,4.85,3.1534301436388262e-06,3.1534301436387517e-06
21,20,KNN,ball_tree,27,uncalibrated,4.86,0.0,0.0
21,20,KNN,ball_tree,27,uncalibrated,4.87,0.0,0.0
21,20,KNN,ball_tree,27,uncalibrated,4.88,0.0,0.0
21,20,KNN,ball_tree,27,uncalibrated,4.9,0.0,0.0
21,20,KNN,ball_tree,27,uncalibrated,4.93,0.0,0.0
21,20,KNN,ball_tree,29,uncalibrated,4.67,0.0,0.0
21,20,KNN,ball_tree,29,uncalibrated,4.7,0.0,0.0
21,20,KNN,ball_tree,29,uncalibrated,4.72,0.00042968137239118544,0.00042265369512381554
21,20,KNN,ball_tree,29,uncalibrated,4.73,0.0052725503246765365,0.0037553409729390707
21,20,KNN,ball_tree,29,uncalibrated,4.74,0.01753036156202024,0.005241070521232485
21,20,KNN,ball_tree,29,uncalibrated,4.75,0.04150539877978466,0.012849521665388185
21,20,KNN,ball_tree,29,uncalibrated,4.76,0.09611789365110805,0.018402313983305208
21,20,KNN,ball_tree,29,uncalibrated,4.77,0.14007344169840533,0.013027274987674115
21,20,KNN,ball_tree,29,uncalibrated,4.78,0.16008641686463637,0.006424786520941338
21,20,KNN,ball_tree,29,uncalibrated,4.79,0.10202578081450385,0.007487320489166963
21,20,KNN,ball_tree,29,uncalibrated,4.81,0.019058712930386194,0.008697651171388703
21,20,KNN,ball_tree,29,uncalibrated,4.82,0.00410129791287288,0.002333005462389304
21,20,KNN,ball_tree,29,uncalibrated,4.83,0.0042338402813040105,0.0034550455209773744
21,20,KNN,ball_tree,29,uncalibrated,4.84,0.00123716793264686,0.001172627360123449
21,20,KNN,ball_tree,29,uncalibrated,4.85,2.7334727404429054e-06,2.7334727404430897e-06
21,20,KNN,ball_tree,29,uncalibrated,4.86,0.0,0.0
21,20,KNN,ball_tree,29,uncalibrated,4.87,0.0,0.0
21,20,KNN,ball_tree,29,uncalibrated,4.88,0.0,0.0
21,20,KNN,ball_tree,29,uncalibrated,4.9,0.0,0.0
21,20,KNN,ball_tree,29,uncalibrated,4.93,0.0,0.0
21,20,KNN,ball_tree,31,uncalibrated,4.67,0.0,0.0
21,20,KNN,ball_tree,31,uncalibrated,4.7,0.0,0.0
21,20,KNN,ball_tree,31,uncalibrated,4.72,0.0003760270907190341,0.0003698769590001342
21,20,KNN,ball_tree,31,uncalibrated,4.73,0.005414908550534417,0.003792252220884266
21,20,KNN,ball_tree,31,uncalibrated,4.74,0.017063874827529874,0.0051282046546408
21,20,KNN,ball_tree,31,uncalibrated,4.75,0.04088668113243866,0.013338861100902821
21,20,KNN,ball_tree,31,uncalibrated,4.76,0.0947501800595264,0.018730541920370877
21,20,KNN,ball_tree,31,uncalibrated,4.77,0.1387947442488483,0.013384150121244623
21,20,KNN,ball_tree,31,uncalibrated,4.78,0.15897015647330895,0.0066309621435530494
21,20,KNN,ball_tree,31,uncalibrated,4.79,0.10327818447364062,0.007276120284424297
21,20,KNN,ball_tree,31,uncalibrated,4.81,0.019405487491538205,0.008641567656700894
21,20,KNN,ball_tree,31,uncalibrated,4.82,0.004211029099757934,0.0023704352198718457
21,20,KNN,ball_tree,31,uncalibrated,4.83,0.004414732663095689,0.0035336765316451788
21,20,KNN,ball_tree,31,uncalibrated,4.84,0.0011692166452542284,0.001086854252416441
21,20,KNN,ball_tree,31,uncalibrated,4.85,2.152929778606967e-05,2.1529297786070555e-05
21,20,KNN,ball_tree,31,uncalibrated,4.86,0.0,0.0
21,20,KNN,ball_tree,31,uncalibrated,4.87,0.0,0.0
21,20,KNN,ball_tree,31,uncalibrated,4.88,0.0,0.0
21,20,KNN,ball_tree,31,uncalibrated,4.9,0.0,0.0
21,20,KNN,ball_tree,31,uncalibrated,4.93,0.0,0.0
21,20,KNN,ball_tree,33,uncalibrated,4.67,0.0,0.0
21,20,KNN,ball_tree,33,uncalibrated,4.7,0.0,0.0
21,20,KNN,ball_tree,33,uncalibrated,4.72,0.0004614035582259918,0.0004559711297837631
21,20,KNN,ball_tree,33,uncalibrated,4.73,0.005510243920015244,0.0038699868775059214
21,20,KNN,ball_tree,33,uncalibrated,4.74,0.016690208280379475,0.004990003396644011
21,20,KNN,ball_tree,33,uncalibrated,4.75,0.04061406212929082,0.013292636538056377
21,20,KNN,ball_tree,33,uncalibrated,4.76,0.09429300402354973,0.019263715523908258
21,20,KNN,ball_tree,33,uncalibrated,4.77,0.13738102565972116,0.013364778977427202
21,20,KNN,ball_tree,33,uncalibrated,4.78,0.1582298428477884,0.006727117227200761
21,20,KNN,ball_tree,33,uncalibrated,4.79,0.10397968440391937,0.0070465966075428195
21,20,KNN,ball_tree,33,uncalibrated,4.81,0.0200478527682057,0.008896217406032587
21,20,KNN,ball_tree,33,uncalibrated,4.82,0.004436547244345129,0.0024167556315257844
21,20,KNN,ball_tree,33,uncalibrated,4.83,0.004443811161947824,0.0034664360231431565
21,20,KNN,ball_tree,33,uncalibrated,4.84,0.0010990350523110135,0.0010258224046827786
21,20,KNN,ball_tree,33,uncalibrated,4.85,1.899876508026951e-05,1.8998765080269812e-05
21,20,KNN,ball_tree,33,uncalibrated,4.86,0.0,0.0
21,20,KNN,ball_tree,33,uncalibrated,4.87,0.0,0.0
21,20,KNN,ball_tree,33,uncalibrated,4.88,0.0,0.0
21,20,KNN,ball_tree,33,uncalibrated,4.9,0.0,0.0
21,20,KNN,ball_tree,33,uncalibrated,4.93,0.0,0.0
21,20,KNN,ball_tree,35,uncalibrated,4.67,0.0,0.0
21,20,KNN,ball_tree,35,uncalibrated,4.7,0.0,0.0
21,20,KNN,ball_tree,35,uncalibrated,4.72,0.000410178346863783,0.00040534902884450437
21,20,KNN,ball_tree,35,uncalibrated,4.73,0.005703709440708565,0.003908605080208373
21,20,KNN,ball_tree,35,uncalibrated,4.74,0.016580443668961723,0.005009385972318232
21,20,KNN,ball_tree,35,uncalibrated,4.75,0.040424409948768336,0.012933793235604098
21,20,KNN,ball_tree,35,uncalibrated,4.76,0.09373980176568734,0.01942597328117081
21,20,KNN,ball_tree,35,uncalibrated,4.77,0.13616013760638984,0.012877631685085093
21,20,KNN,ball_tree,35,uncalibrated,4.78,0.1576114614873506,0.006675864682921586
21,20,KNN,ball_tree,35,uncalibrated,4.79,0.10480796448227012,0.006985569104415641
21,20,KNN,ball_tree,35,uncalibrated,4.81,0.020592736884792923,0.008989285281542641
21,20,KNN,ball_tree,35,uncalibrated,4.82,0.0045231302620969485,0.002535300969941927
21,20,KNN,ball_tree,35,uncalibrated,4.83,0.004577331809961328,0.003485110234745085
21,20,KNN,ball_tree,35,uncalibrated,4.84,0.0012289965761121766,0.001120919181069557
21,20,KNN,ball_tree,35,uncalibrated,4.85,3.0025803424817074e-05,3.0025803424818243e-05
21,20,KNN,ball_tree,35,uncalibrated,4.86,0.0,0.0
21,20,KNN,ball_tree,35,uncalibrated,4.87,0.0,0.0
21,20,KNN,ball_tree,35,uncalibrated,4.88,0.0,0.0
21,20,KNN,ball_tree,35,uncalibrated,4.9,0.0,0.0
21,20,KNN,ball_tree,35,uncalibrated,4.93,0.0,0.0
21,20,KNN,ball_tree,37,uncalibrated,4.67,0.0,0.0
21,20,KNN,ball_tree,37,uncalibrated,4.7,0.0,0.0
21,20,KNN,ball_tree,37,uncalibrated,4.72,0.000425014773326095,0.00042069208974015006
21,20,KNN,ball_tree,37,uncalibrated,4.73,0.005650983529455718,0.004011711444143877
21,20,KNN,ball_tree,37,uncalibrated,4.74,0.016553735604329895,0.004999212248111957
21,20,KNN,ball_tree,37,uncalibrated,4.75,0.03950869359751291,0.012622785402936884
21,20,KNN,ball_tree,37,uncalibrated,4.76,0.09304889318675333,0.01981649026628434
21,20,KNN,ball_tree,37,uncalibrated,4.77,0.13461242407741486,0.013053404710279007
21,20,KNN,ball_tree,37,uncalibrated,4.78,0.1576901741884955,0.006635998471551953
21,20,KNN,ball_tree,37,uncalibrated,4.79,0.10143015158729947,0.006900190247566424
21,20,KNN,ball_tree,37,uncalibrated,4.81,0.021056000018302386,0.008922949044104678
21,20,KNN,ball_tree,37,uncalibrated,4.82,0.004656981555497815,0.0025385175989875407
21,20,KNN,ball_tree,37,uncalibrated,4.83,0.004671081052683726,0.003508978763568943
21,20,KNN,ball_tree,37,uncalibrated,4.84,0.0012111210643644817,0.0011109742973185366
21,20,KNN,ball_tree,37,uncalibrated,4.85,4.198047068503203e-05,4.1980470685037334e-05
21,20,KNN,ball_tree,37,uncalibrated,4.86,0.0,0.0
21,20,KNN,ball_tree,37,uncalibrated,4.87,0.0,0.0
21,20,KNN,ball_tree,37,uncalibrated,4.88,0.0,0.0
21,20,KNN,ball_tree,37,uncalibrated,4.9,0.0,0.0
21,20,KNN,ball_tree,37,uncalibrated,4.93,0.0,0.0
21,20,KNN,ball_tree,39,uncalibrated,4.67,0.0,0.0
21,20,KNN,ball_tree,39,uncalibrated,4.7,0.0,0.0
21,20,KNN,ball_tree,39,uncalibrated,4.72,0.00038254123910812015,0.0003786505396806478
21,20,KNN,ball_tree,39,uncalibrated,4.73,0.005820477181921168,0.0040607837733788715
21,20,KNN,ball_tree,39,uncalibrated,4.74,0.016054247450077795,0.004846915804572761
21,20,KNN,ball_tree,39,uncalibrated,4.75,0.0391357532895284,0.012334188112076153
21,20,KNN,ball_tree,39,uncalibrated,4.76,0.09220310654366703,0.019997493423752045
21,20,KNN,ball_tree,39,uncalibrated,4.77,0.1339004678625541,0.013164811158122194
21,20,KNN,ball_tree,39,uncalibrated,4.78,0.15689435714567096,0.006800921936252743
21,20,KNN,ball_tree,39,uncalibrated,4.79,0.10193462413691949,0.006849372247165851
21,20,KNN,ball_tree,39,uncalibrated,4.81,0.021415785133647454,0.008960246737057096
21,20,KNN,ball_tree,39,uncalibrated,4.82,0.004817377869545655,0.0025092651170457434
21,20,KNN,ball_tree,39,uncalibrated,4.83,0.004804687499134317,0.0035322588890556355
21,20,KNN,ball_tree,39,uncalibrated,4.84,0.0012608704847130014,0.0011694938509015124
21,20,KNN,ball_tree,39,uncalibrated,4.85,3.778518367377665e-05,3.778518367377785e-05
21,20,KNN,ball_tree,39,uncalibrated,4.86,0.0,0.0
21,20,KNN,ball_tree,39,uncalibrated,4.87,0.0,0.0
21,20,KNN,ball_tree,39,uncalibrated,4.88,0.0,0.0
21,20,KNN,ball_tree,39,uncalibrated,4.9,0.0,0.0
21,20,KNN,ball_tree,39,uncalibrated,4.93,0.0,0.0
21,20,KNN,ball_tree,41,uncalibrated,4.67,0.0,0.0
21,20,KNN,ball_tree,41,uncalibrated,4.7,0.0,0.0
21,20,KNN,ball_tree,41,uncalibrated,4.72,0.00034613041325606483,0.0003426100362012286
21,20,KNN,ball_tree,41,uncalibrated,4.73,0.00568537592803592,0.0038991100445363246
21,20,KNN,ball_tree,41,uncalibrated,4.74,0.016030046414030382,0.004792361181290909
21,20,KNN,ball_tree,41,uncalibrated,4.75,0.03875059683760645,0.012051105784448816
21,20,KNN,ball_tree,41,uncalibrated,4.76,0.09147968435030109,0.019969580072584023
21,20,KNN,ball_tree,41,uncalibrated,4.77,0.13307716323300176,0.013550042194999917
21,20,KNN,ball_tree,41,uncalibrated,4.78,0.15611616918112486,0.006657147142591613
21,20,KNN,ball_tree,41,uncalibrated,4.79,0.10284132851484172,0.006816716358981344
21,20,KNN,ball_tree,41,uncalibrated,4.81,0.0218178235225311,0.009029236344918999
21,20,KNN,ball_tree,41,uncalibrated,4.82,0.004969219482119695,0.002561408354350651
21,20,KNN,ball_tree,41,uncalibrated,4.83,0.004940963270446572,0.003587711481849882
21,20,KNN,ball_tree,41,uncalibrated,4.84,0.0013867949562793433,0.0012429579667126238
21,20,KNN,ball_tree,41,uncalibrated,4.85,6.700992157104315e-05,6.700992157104081e-05
21,20,KNN,ball_tree,41,uncalibrated,4.86,1.2523873634114252e-06,1.2523873634115056e-06
21,20,KNN,ball_tree,41,uncalibrated,4.87,0.0,0.0
21,20,KNN,ball_tree,41,uncalibrated,4.88,0.0,0.0
21,20,KNN,ball_tree,41,uncalibrated,4.9,0.0,0.0
21,20,KNN,ball_tree,41,uncalibrated,4.93,0.0,0.0
21,20,KNN,ball_tree,43,uncalibrated,4.67,0.0,0.0
21,20,KNN,ball_tree,43,uncalibrated,4.7,0.0,0.0
21,20,KNN,ball_tree,43,uncalibrated,4.72,0.00036079195640885794,0.0003575906771749114
21,20,KNN,ball_tree,43,uncalibrated,4.73,0.005557096967918118,0.0037982238408260744
21,20,KNN,ball_tree,43,uncalibrated,4.74,0.015871992162366486,0.004725691804081874
21,20,KNN,ball_tree,43,uncalibrated,4.75,0.03836228778447007,0.012292266934570091
21,20,KNN,ball_tree,43,uncalibrated,4.76,0.08990944648033111,0.019752076484277646
21,20,KNN,ball_tree,43,uncalibrated,4.77,0.1313211040262228,0.013207407730886932
21,20,KNN,ball_tree,43,uncalibrated,4.78,0.15548012784013038,0.006469937710229346
21,20,KNN,ball_tree,43,uncalibrated,4.79,0.10325604658962534,0.0067803883414187935
21,20,KNN,ball_tree,43,uncalibrated,4.81,0.022195416609413,0.008838807868355222
21,20,KNN,ball_tree,43,uncalibrated,4.82,0.00510628895997852,0.0025745735189090894
21,20,KNN,ball_tree,43,uncalibrated,4.83,0.0051217601405588314,0.003708877996377443
21,20,KNN,ball_tree,43,uncalibrated,4.84,0.0014355797010919056,0.001275824172980531
21,20,KNN,ball_tree,43,uncalibrated,4.85,6.0921405170865495e-05,6.092140517085962e-05
21,20,KNN,ball_tree,43,uncalibrated,4.86,2.2723459102039e-06,1.5947993955097751e-06
21,20,KNN,ball_tree,43,uncalibrated,4.87,0.0,0.0
21,20,KNN,ball_tree,43,uncalibrated,4.88,0.0,0.0
21,20,KNN,ball_tree,43,uncalibrated,4.9,1.0360783192324213e-06,1.0360783192323118e-06
21,20,KNN,ball_tree,43,uncalibrated,4.93,0.0,0.0
21,20,KNN,ball_tree,45,uncalibrated,4.67,0.0,0.0
21,20,KNN,ball_tree,45,uncalibrated,4.7,0.0,0.0
21,20,KNN,ball_tree,45,uncalibrated,4.72,0.0003744423620037683,0.0003715187798077
21,20,KNN,ball_tree,45,uncalibrated,4.73,0.005661786237315607,0.0037657370591599936
21,20,KNN,ball_tree,45,uncalibrated,4.74,0.015708494621218653,0.004652886708500804
21,20,KNN,ball_tree,45,uncalibrated,4.75,0.03827362005407074,0.012366826628011595
21,20,KNN,ball_tree,45,uncalibrated,4.76,0.08933998677527862,0.01999428925061549
21,20,KNN,ball_tree,45,uncalibrated,4.77,0.1311034929893324,0.013599626353249544
21,20,KNN,ball_tree,45,uncalibrated,4.78,0.15513606080236086,0.006555819908338105
21,20,KNN,ball_tree,45,uncalibrated,4.79,0.1035479185821362,0.006720728676852404
21,20,KNN,ball_tree,45,uncalibrated,4.81,0.022669368318106772,0.00907866159277349
21,20,KNN,ball_tree,45,uncalibrated,4.82,0.005304978214678015,0.002668756637801281
21,20,KNN,ball_tree,45,uncalibrated,4.83,0.005252610457560399,0.00371727559136773
21,20,KNN,ball_tree,45,uncalibrated,4.84,0.0014415778656210437,0.0012948074234623943
21,20,KNN,ball_tree,45,uncalibrated,4.85,5.5626507733786864e-05,5.562650773378744e-05
21,20,KNN,ball_tree,45,uncalibrated,4.86,2.0748481915886947e-06,1.4561896702704076e-06
21,20,KNN,ball_tree,45,uncalibrated,4.87,0.0,0.0
21,20,KNN,ball_tree,45,uncalibrated,4.88,0.0,0.0
21,20,KNN,ball_tree,45,uncalibrated,4.9,9.460290430916078e-07,9.460290430916272e-07
21,20,KNN,ball_tree,45,uncalibrated,4.93,0.0,0.0
21,20,KNN,ball_tree,47,uncalibrated,4.67,0.0,0.0
21,20,KNN,ball_tree,47,uncalibrated,4.7,0.0,0.0
21,20,KNN,ball_tree,47,uncalibrated,4.72,0.000344441749729854,0.0003404336760400075
21,20,KNN,ball_tree,47,uncalibrated,4.73,0.00570652755141396,0.0037727683841263025
21,20,KNN,ball_tree,47,uncalibrated,4.74,0.01557989143720501,0.004566606865853981
21,20,KNN,ball_tree,47,uncalibrated,4.75,0.038318113835367804,0.012255235685367299
21,20,KNN,ball_tree,47,uncalibrated,4.76,0.0884036872386713,0.020064724620537388
21,20,KNN,ball_tree,47,uncalibrated,4.77,0.1301892458212917,0.013636623511247073
21,20,KNN,ball_tree,47,uncalibrated,4.78,0.154550461231129,0.006263809914092274
21,20,KNN,ball_tree,47,uncalibrated,4.79,0.10453607150297359,0.006664529786830959
21,20,KNN,ball_tree,47,uncalibrated,4.81,0.02276025602429959,0.008985842705397458
21,20,KNN,ball_tree,47,uncalibrated,4.82,0.005534815460592208,0.0027400080043464754
21,20,KNN,ball_tree,47,uncalibrated,4.83,0.005404810511638201,0.0037608964088921906
21,20,KNN,ball_tree,47,uncalibrated,4.84,0.001482754228238862,0.001331299961306394
21,20,KNN,ball_tree,47,uncalibrated,4.85,5.199985551373953e-05,5.095734046046431e-05
21,20,KNN,ball_tree,47,uncalibrated,4.86,4.7570838994245955e-06,3.909860022804631e-06
21,20,KNN,ball_tree,47,uncalibrated,4.87,3.894137862215737e-06,3.894137862215656e-06
21,20,KNN,ball_tree,47,uncalibrated,4.88,0.0,0.0
21,20,KNN,ball_tree,47,uncalibrated,4.9,8.672289779358899e-07,8.672289779359636e-07
21,20,KNN,ball_tree,47,uncalibrated,4.93,0.0,0.0
21,20,KNN,ball_tree,49,uncalibrated,4.67,0.0,0.0
21,20,KNN,ball_tree,49,uncalibrated,4.7,0.0,0.0
21,20,KNN,ball_tree,49,uncalibrated,4.72,0.00035837948915113684,0.00035347683120218594
21,20,KNN,ball_tree,49,uncalibrated,4.73,0.005795122704615538,0.003725043974805233
21,20,KNN,ball_tree,49,uncalibrated,4.74,0.015547906942904513,0.004594153980692101
21,20,KNN,ball_tree,49,uncalibrated,4.75,0.03800428634787735,0.012076624026695622
21,20,KNN,ball_tree,49,uncalibrated,4.76,0.0878997094926815,0.019994262504532616
21,20,KNN,ball_tree,49,uncalibrated,4.77,0.1295173816287323,0.013600370257922378
21,20,KNN,ball_tree,49,uncalibrated,4.78,0.154255452385467,0.006162864529881753
21,20,KNN,ball_tree,49,uncalibrated,4.79,0.1048129010799575,0.006631408916488041
21,20,KNN,ball_tree,49,uncalibrated,4.81,0.022838713896273198,0.008993978518719185
21,20,KNN,ball_tree,49,uncalibrated,4.82,0.0057979620990913664,0.0027082576235921744
21,20,KNN,ball_tree,49,uncalibrated,4.83,0.005546031489879645,0.0037991412163121806
21,20,KNN,ball_tree,49,uncalibrated,4.84,0.00151636939097298,0.0013448548280526186
21,20,KNN,ball_tree,49,uncalibrated,4.85,8.029265786624382e-05,7.741729731080001e-05
21,20,KNN,ball_tree,49,uncalibrated,4.86,4.376675690890961e-06,3.597201495366705e-06
21,20,KNN,ball_tree,49,uncalibrated,4.87,3.5827365837711077e-06,3.582736583771106e-06
21,20,KNN,ball_tree,49,uncalibrated,4.88,0.0,0.0
21,20,KNN,ball_tree,49,uncalibrated,4.9,7.978795552937251e-07,7.978795552938539e-07
21,20,KNN,ball_tree,49,uncalibrated,4.93,0.0,0.0
21,20,KNN,ball_tree,51,uncalibrated,4.67,0.0,0.0
21,20,KNN,ball_tree,51,uncalibrated,4.7,0.0,0.0
21,20,KNN,ball_tree,51,uncalibrated,4.72,0.00033082243500649045,0.0003262967595987883
21,20,KNN,ball_tree,51,uncalibrated,4.73,0.0058440655669354516,0.003838263066980527
21,20,KNN,ball_tree,51,uncalibrated,4.74,0.015259904881113354,0.0045807046740045185
21,20,KNN,ball_tree,51,uncalibrated,4.75,0.037806552570318855,0.011873856801261667
21,20,KNN,ball_tree,51,uncalibrated,4.76,0.08712463078182806,0.020230667744603543
21,20,KNN,ball_tree,51,uncalibrated,4.77,0.12849049584888855,0.013874407134524494
21,20,KNN,ball_tree,51,uncalibrated,4.78,0.1538257299257669,0.006181345962889075
21,20,KNN,ball_tree,51,uncalibrated,4.79,0.10527994209224953,0.006630221241651065
21,20,KNN,ball_tree,51,uncalibrated,4.81,0.023317162549122326,0.00899706379537319
21,20,KNN,ball_tree,51,uncalibrated,4.82,0.006073201998234284,0.002758690495835928
21,20,KNN,ball_tree,51,uncalibrated,4.83,0.005553610540334454,0.00377442819489478
21,20,KNN,ball_tree,51,uncalibrated,4.84,0.0014851594259037296,0.001325148811945388
21,20,KNN,ball_tree,51,uncalibrated,4.85,7.672495391131648e-05,7.1474441723008e-05
21,20,KNN,ball_tree,51,uncalibrated,4.86,4.040137767715271e-06,3.3206000731931732e-06
21,20,KNN,ball_tree,51,uncalibrated,4.87,3.307247419313533e-06,3.307247419313492e-06
21,20,KNN,ball_tree,51,uncalibrated,4.88,0.0,0.0
21,20,KNN,ball_tree,51,uncalibrated,4.9,7.365278017149621e-07,7.36527801714935e-07
21,20,KNN,ball_tree,51,uncalibrated,4.93,0.0,0.0
21,20,KNN,ball_tree,61,uncalibrated,4.67,0.0,0.0
21,20,KNN,ball_tree,61,uncalibrated,4.7,0.0,0.0
21,20,KNN,ball_tree,61,uncalibrated,4.72,0.00038753944065865725,0.0003820013186423538
21,20,KNN,ball_tree,61,uncalibrated,4.73,0.005857479288661036,0.00373414653891903
21,20,KNN,ball_tree,61,uncalibrated,4.74,0.01417858438007803,0.004315078526699712
21,20,KNN,ball_tree,61,uncalibrated,4.75,0.03668564713223813,0.01155618661666131
21,20,KNN,ball_tree,61,uncalibrated,4.76,0.08375015959715681,0.019997526910900683
21,20,KNN,ball_tree,61,uncalibrated,4.77,0.12528734125642638,0.013681242982622924
21,20,KNN,ball_tree,61,uncalibrated,4.78,0.15145436251157818,0.006437824502477519
21,20,KNN,ball_tree,61,uncalibrated,4.79,0.10659064276081516,0.006398710660250809
21,20,KNN,ball_tree,61,uncalibrated,4.81,0.025321151390015933,0.008902887191467073
21,20,KNN,ball_tree,61,uncalibrated,4.82,0.006917662370691618,0.0026331560240068766
21,20,KNN,ball_tree,61,uncalibrated,4.83,0.006273243766996437,0.003979096898840602
21,20,KNN,ball_tree,61,uncalibrated,4.84,0.001824248807330855,0.0015654402222811962
21,20,KNN,ball_tree,61,uncalibrated,4.85,0.00014668402369030702,0.00013872320155461774
21,20,KNN,ball_tree,61,uncalibrated,4.86,8.161987017976416e-06,5.834273535319956e-06
21,20,KNN,ball_tree,61,uncalibrated,4.87,2.3117846110277567e-06,2.3117846110277948e-06
21,20,KNN,ball_tree,61,uncalibrated,4.88,0.0,0.0
21,20,KNN,ball_tree,61,uncalibrated,4.9,5.148370900994985e-07,5.148370900995817e-07
21,20,KNN,ball_tree,61,uncalibrated,4.93,0.0,0.0
21,20,KNN,ball_tree,81,uncalibrated,4.67,0.0,0.0
21,20,KNN,ball_tree,81,uncalibrated,4.7,0.0,0.0
21,20,KNN,ball_tree,81,uncalibrated,4.72,0.0003671053603880782,0.0003505767146628614
21,20,KNN,ball_tree,81,uncalibrated,4.73,0.005949649698436323,0.003638838889305266
21,20,KNN,ball_tree,81,uncalibrated,4.74,0.013330615507764577,0.0040608175818329945
21,20,KNN,ball_tree,81,uncalibrated,4.75,0.03541869446994454,0.012022622205500695
21,20,KNN,ball_tree,81,uncalibrated,4.76,0.07895064279955948,0.019444460526392458
21,20,KNN,ball_tree,81,uncalibrated,4.77,0.11875325103108167,0.014084596013384694
21,20,KNN,ball_tree,81,uncalibrated,4.78,0.14769467036605977,0.005720562673449966
21,20,KNN,ball_tree,81,uncalibrated,4.79,0.10751397470641143,0.005965467323501441
21,20,KNN,ball_tree,81,uncalibrated,4.81,0.029249657258798478,0.009000648120387356
21,20,KNN,ball_tree,81,uncalibrated,4.82,0.008485111044739395,0.0026264672071812678
21,20,KNN,ball_tree,81,uncalibrated,4.83,0.007479329617223846,0.004198547080073722
21,20,KNN,ball_tree,81,uncalibrated,4.84,0.0020153034164237457,0.0015488209878506613
21,20,KNN,ball_tree,81,uncalibrated,4.85,0.00019578154924391488,0.00018471802952957654
21,20,KNN,ball_tree,81,uncalibrated,4.86,1.94363857606349e-05,1.4309368965532385e-05
21,20,KNN,ball_tree,81,uncalibrated,4.87,3.30911138062628e-05,3.276139935950863e-05
21,20,KNN,ball_tree,81,uncalibrated,4.88,6.084314983681791e-07,4.271776774120119e-07
21,20,KNN,ball_tree,81,uncalibrated,4.9,2.919842725591456e-07,2.9198427255914565e-07
21,20,KNN,ball_tree,81,uncalibrated,4.93,0.0,0.0
21,20,KNN,ball_tree,101,uncalibrated,4.67,0.0,0.0
21,20,KNN,ball_tree,101,uncalibrated,4.7,0.0,0.0
21,20,KNN,ball_tree,101,uncalibrated,4.72,0.00032437980305627173,0.000313182418972916
21,20,KNN,ball_tree,101,uncalibrated,4.73,0.006099162145845786,0.003751142837377356
21,20,KNN,ball_tree,101,uncalibrated,4.74,0.013065287778078952,0.004032700819000393
21,20,KNN,ball_tree,101,uncalibrated,4.75,0.033807099235506975,0.01154002887793617
21,20,KNN,ball_tree,101,uncalibrated,4.76,0.07548018364874458,0.018816348593149186
21,20,KNN,ball_tree,101,uncalibrated,4.77,0.11359460348364994,0.014158796114529332
21,20,KNN,ball_tree,101,uncalibrated,4.78,0.14430585012801683,0.005438967202293444
21,20,KNN,ball_tree,101,uncalibrated,4.79,0.10858084342564177,0.00560898041832243
21,20,KNN,ball_tree,101,uncalibrated,4.81,0.032003491004254016,0.009740012935458092
21,20,KNN,ball_tree,101,uncalibrated,4.82,0.009841691515064767,0.002826254555791028
21,20,KNN,ball_tree,101,uncalibrated,4.83,0.008471422165757532,0.004265981132904636
21,20,KNN,ball_tree,101,uncalibrated,4.84,0.0025949922026039735,0.0018921102837024387
21,20,KNN,ball_tree,101,uncalibrated,4.85,0.0002796314466995104,0.0002591885957063631
21,20,KNN,ball_tree,101,uncalibrated,4.86,5.359922758675313e-05,3.910169866843179e-05
21,20,KNN,ball_tree,101,uncalibrated,4.87,7.034391671891244e-05,6.824137870183042e-05
21,20,KNN,ball_tree,101,uncalibrated,4.88,3.9132624848481423e-07,2.747488228115074e-07
21,20,KNN,ball_tree,101,uncalibrated,4.9,1.8779617804730084e-07,1.8779617804730325e-07
21,20,KNN,ball_tree,101,uncalibrated,4.93,0.0,0.0
21,20,KNN,ball_tree,151,uncalibrated,4.67,0.0,0.0
21,20,KNN,ball_tree,151,uncalibrated,4.7,0.0,0.0
21,20,KNN,ball_tree,151,uncalibrated,4.72,0.00034806461620297773,0.0003344885662880262
21,20,KNN,ball_tree,151,uncalibrated,4.73,0.006180621391348608,0.0036683842725202444
21,20,KNN,ball_tree,151,uncalibrated,4.74,0.01194773507152056,0.0037093645034233357
21,20,KNN,ball_tree,151,uncalibrated,4.75,0.03124374383619405,0.01083218661189537
21,20,KNN,ball_tree,151,uncalibrated,4.76,0.06883108425242529,0.01814743242864739
21,20,KNN,ball_tree,151,uncalibrated,4.77,0.10356962062316136,0.01386766010152092
21,20,KNN,ball_tree,151,uncalibrated,4.78,0.13805706408529062,0.00509834957630531
21,20,KNN,ball_tree,151,uncalibrated,4.79,0.11138068432490933,0.005211354551625452
21,20,KNN,ball_tree,151,uncalibrated,4.81,0.03907333353417499,0.01023038978496812
21,20,KNN,ball_tree,151,uncalibrated,4.82,0.014088227429321684,0.0032536994147363777
21,20,KNN,ball_tree,151,uncalibrated,4.83,0.011179444770505123,0.0048034656269034925
21,20,KNN,ball_tree,151,uncalibrated,4.84,0.0039024946036596924,0.002271483937685096
21,20,KNN,ball_tree,151,uncalibrated,4.85,0.00050960496062261,0.0004352711355510662
21,20,KNN,ball_tree,151,uncalibrated,4.86,0.00016393416779143658,0.00012268914525897376
21,20,KNN,ball_tree,151,uncalibrated,4.87,0.00018022674603354589,0.00016648630756505123
21,20,KNN,ball_tree,151,uncalibrated,4.88,2.927475532284844e-07,1.9247815683248364e-07
21,20,KNN,ball_tree,151,uncalibrated,4.9,8.401863129951848e-08,8.401863129952883e-08
21,20,KNN,ball_tree,151,uncalibrated,4.93,0.0,0.0
21,20,KNN,ball_tree,201,uncalibrated,4.67,0.0,0.0
21,20,KNN,ball_tree,201,uncalibrated,4.7,0.0,0.0
21,20,KNN,ball_tree,201,uncalibrated,4.72,0.00037070547223375165,0.0003554817008950276
21,20,KNN,ball_tree,201,uncalibrated,4.73,0.007455492353244933,0.003515062519279995
21,20,KNN,ball_tree,201,uncalibrated,4.74,0.011344778260232178,0.0034827508035658195
21,20,KNN,ball_tree,201,uncalibrated,4.75,0.029454143026044384,0.010217435506750064
21,20,KNN,ball_tree,201,uncalibrated,4.76,0.06328409698762585,0.01685697491079189
21,20,KNN,ball_tree,201,uncalibrated,4.77,0.09645777256636812,0.013344358976677594
21,20,KNN,ball_tree,201,uncalibrated,4.78,0.13116927301420753,0.005176052115965622
21,20,KNN,ball_tree,201,uncalibrated,4.79,0.11344916091557743,0.004846666629190638
21,20,KNN,ball_tree,201,uncalibrated,4.81,0.04466007789181288,0.010080196034751611
21,20,KNN,ball_tree,201,uncalibrated,4.82,0.018484514309033577,0.003593490389548239
21,20,KNN,ball_tree,201,uncalibrated,4.83,0.013851403163351452,0.005094501073023447
21,20,KNN,ball_tree,201,uncalibrated,4.84,0.005517244662883301,0.0026825384500871966
21,20,KNN,ball_tree,201,uncalibrated,4.85,0.0008088365925630043,0.0005731563149186946
21,20,KNN,ball_tree,201,uncalibrated,4.86,0.0003746825362635749,0.0002404003362164236
21,20,KNN,ball_tree,201,uncalibrated,4.87,0.0002733274266353247,0.00023297531460450636
21,20,KNN,ball_tree,201,uncalibrated,4.88,1.0335776793595881e-06,6.251640626824163e-07
21,20,KNN,ball_tree,201,uncalibrated,4.9,1.1854340314972047e-06,1.185434031497076e-06
21,20,KNN,ball_tree,201,uncalibrated,4.93,0.0,0.0
21,20,KNN,brute,1,uncalibrated,4.67,0.0,0.0
21,20,KNN,brute,1,uncalibrated,4.7,0.0,0.0
21,20,KNN,brute,1,uncalibrated,4.72,0.0,0.0
21,20,KNN,brute,1,uncalibrated,4.73,0.012229934901725706,0.005942087039377596
21,20,KNN,brute,1,uncalibrated,4.74,0.029003018855945417,0.01006448988224637
21,20,KNN,brute,1,uncalibrated,4.75,0.09398087285953625,0.013343252860778863
21,20,KNN,brute,1,uncalibrated,4.76,0.17662128658172355,0.018988596216216378
21,20,KNN,brute,1,uncalibrated,4.77,0.24896600015599793,0.0024027906136861866
21,20,KNN,brute,1,uncalibrated,4.78,0.22793191352285402,0.007330644215607615
21,20,KNN,brute,1,uncalibrated,4.79,0.12310511996219352,0.015348792939298039
21,20,KNN,brute,1,uncalibrated,4.81,0.013359365812109494,0.013051680266736863
21,20,KNN,brute,1,uncalibrated,4.82,0.004098383711970474,0.0040871322703795185
21,20,KNN,brute,1,uncalibrated,4.83,0.004255338916202328,0.004246048301117137
21,20,KNN,brute,1,uncalibrated,4.84,0.0,0.0
21,20,KNN,brute,1,uncalibrated,4.85,0.0,0.0
21,20,KNN,brute,1,uncalibrated,4.86,0.0,0.0
21,20,KNN,brute,1,uncalibrated,4.87,0.0,0.0
21,20,KNN,brute,1,uncalibrated,4.88,0.0,0.0
21,20,KNN,brute,1,uncalibrated,4.9,0.0,0.0
21,20,KNN,brute,1,uncalibrated,4.93,0.0,0.0
21,20,KNN,brute,3,uncalibrated,4.67,0.0,0.0
21,20,KNN,brute,3,uncalibrated,4.7,0.0,0.0
21,20,KNN,brute,3,uncalibrated,4.72,0.0003267973856209113,0.000326797385620915
21,20,KNN,brute,3,uncalibrated,4.73,0.007270519869953236,0.004845464744519126
21,20,KNN,brute,3,uncalibrated,4.74,0.02668912720601934,0.009095525621544072
21,20,KNN,brute,3,uncalibrated,4.75,0.061740689670826035,0.01368961432144267
21,20,KNN,brute,3,uncalibrated,4.76,0.13539377009546325,0.022020502701015205
21,20,KNN,brute,3,uncalibrated,4.77,0.19336388092400542,0.011456176673567936
21,20,KNN,brute,3,uncalibrated,4.78,0.19371450278802774,0.007142107292777264
21,20,KNN,brute,3,uncalibrated,4.79,0.09237148631568234,0.00962247201605449
21,20,KNN,brute,3,uncalibrated,4.81,0.010915147518218567,0.009368937244694021
21,20,KNN,brute,3,uncalibrated,4.82,0.0031814040313259363,0.002879965211094396
21,20,KNN,brute,3,uncalibrated,4.83,0.0018912617405343665,0.0018871325782742834
21,20,KNN,brute,3,uncalibrated,4.84,0.00023148148148148157,0.00023148148148148157
21,20,KNN,brute,3,uncalibrated,4.85,0.0,0.0
21,20,KNN,brute,3,uncalibrated,4.86,0.0,0.0
21,20,KNN,brute,3,uncalibrated,4.87,0.0,0.0
21,20,KNN,brute,3,uncalibrated,4.88,0.0,0.0
21,20,KNN,brute,3,uncalibrated,4.9,0.0,0.0
21,20,KNN,brute,3,uncalibrated,4.93,0.0,0.0
21,20,KNN,brute,5,uncalibrated,4.67,0.0,0.0
21,20,KNN,brute,5,uncalibrated,4.7,0.0,0.0
21,20,KNN,brute,5,uncalibrated,4.72,0.00047058823529411777,0.0004705882352941177
21,20,KNN,brute,5,uncalibrated,4.73,0.006144221227774095,0.004466697638102961
21,20,KNN,brute,5,uncalibrated,4.74,0.021863895745606186,0.007131632762735687
21,20,KNN,brute,5,uncalibrated,4.75,0.05486331399355741,0.013733491290421652
21,20,KNN,brute,5,uncalibrated,4.76,0.12504543397646734,0.018720583439720197
21,20,KNN,brute,5,uncalibrated,4.77,0.1778914078470808,0.011209486166007906
21,20,KNN,brute,5,uncalibrated,4.78,0.17947419905230444,0.006580418768987102
21,20,KNN,brute,5,uncalibrated,4.79,0.08936189385835339,0.008668910286017902
21,20,KNN,brute,5,uncalibrated,4.81,0.012580166987913416,0.009321751338071423
21,20,KNN,brute,5,uncalibrated,4.82,0.0031017780505586266,0.0025644765466794617
21,20,KNN,brute,5,uncalibrated,4.83,0.0022923311803815685,0.0021175627956742746
21,20,KNN,brute,5,uncalibrated,4.84,0.00033333333333334373,0.00033333333333333327
21,20,KNN,brute,5,uncalibrated,4.85,0.0,0.0
21,20,KNN,brute,5,uncalibrated,4.86,0.0,0.0
21,20,KNN,brute,5,uncalibrated,4.87,0.0,0.0
21,20,KNN,brute,5,uncalibrated,4.88,0.0,0.0
21,20,KNN,brute,5,uncalibrated,4.9,0.0,0.0
21,20,KNN,brute,5,uncalibrated,4.93,0.0,0.0
21,20,KNN,brute,7,uncalibrated,4.67,0.0,0.0
21,20,KNN,brute,7,uncalibrated,4.7,0.0,0.0
21,20,KNN,brute,7,uncalibrated,4.72,0.0005402160864345737,0.0005402160864345737
21,20,KNN,brute,7,uncalibrated,4.73,0.0048346523029891035,0.003896178462511596
21,20,KNN,brute,7,uncalibrated,4.74,0.021433180295084075,0.0068332021836423696
21,20,KNN,brute,7,uncalibrated,4.75,0.05247657598872287,0.013885717509328328
21,20,KNN,brute,7,uncalibrated,4.76,0.11764573762765167,0.01986177639631119
21,20,KNN,brute,7,uncalibrated,4.77,0.1713560498761838,0.013669589800911888
21,20,KNN,brute,7,uncalibrated,4.78,0.1732303446723985,0.0068947672467624035
21,20,KNN,brute,7,uncalibrated,4.79,0.09304098601041239,0.00882088253674731
21,20,KNN,brute,7,uncalibrated,4.81,0.014247110248361746,0.009504380852103938
21,20,KNN,brute,7,uncalibrated,4.82,0.0027416199322318003,0.0020999572545428464
21,20,KNN,brute,7,uncalibrated,4.83,0.0027721993241640428,0.0026350403800089917
21,20,KNN,brute,7,uncalibrated,4.84,0.0006802721088435163,0.0006802721088435372
21,20,KNN,brute,7,uncalibrated,4.85,0.0,0.0
21,20,KNN,brute,7,uncalibrated,4.86,0.0,0.0
21,20,KNN,brute,7,uncalibrated,4.87,0.0,0.0
21,20,KNN,brute,7,uncalibrated,4.88,0.0,0.0
21,20,KNN,brute,7,uncalibrated,4.9,0.0,0.0
21,20,KNN,brute,7,uncalibrated,4.93,0.0,0.0
21,20,KNN,brute,9,uncalibrated,4.67,0.0,0.0
21,20,KNN,brute,9,uncalibrated,4.7,0.0,0.0
21,20,KNN,brute,9,uncalibrated,4.72,0.0005809731299927232,0.0005809731299927379
21,20,KNN,brute,9,uncalibrated,4.73,0.005282102931597513,0.004378807553410727
21,20,KNN,brute,9,uncalibrated,4.74,0.019207001468784853,0.005897349055887291
21,20,KNN,brute,9,uncalibrated,4.75,0.05009391951030548,0.014426314047509551
21,20,KNN,brute,9,uncalibrated,4.76,0.11511322685242613,0.01860787302435196
21,20,KNN,brute,9,uncalibrated,4.77,0.16533973600736684,0.015463816913092288
21,20,KNN,brute,9,uncalibrated,4.78,0.16958661109468237,0.007314736273776198
21,20,KNN,brute,9,uncalibrated,4.79,0.0943870940629007,0.00913115462190709
21,20,KNN,brute,9,uncalibrated,4.81,0.0147835038466351,0.009769645538805067
21,20,KNN,brute,9,uncalibrated,4.82,0.0025359432294293676,0.002072981086330437
21,20,KNN,brute,9,uncalibrated,4.83,0.0030898591963844147,0.002951051924608494
21,20,KNN,brute,9,uncalibrated,4.84,0.0006430041152263377,0.0006430041152263378
21,20,KNN,brute,9,uncalibrated,4.85,0.0,0.0
21,20,KNN,brute,9,uncalibrated,4.86,0.0,0.0
21,20,KNN,brute,9,uncalibrated,4.87,0.0,0.0
21,20,KNN,brute,9,uncalibrated,4.88,0.0,0.0
21,20,KNN,brute,9,uncalibrated,4.9,0.0,0.0
21,20,KNN,brute,9,uncalibrated,4.93,0.0,0.0
21,20,KNN,brute,11,uncalibrated,4.67,0.0,0.0
21,20,KNN,brute,11,uncalibrated,4.7,0.0,0.0
21,20,KNN,brute,11,uncalibrated,4.72,0.0003889158969372781,0.00038891589693728734
21,20,KNN,brute,11,uncalibrated,4.73,0.005234841663247016,0.004175910669417162
21,20,KNN,brute,11,uncalibrated,4.74,0.01812455443792176,0.005431822072365602
21,20,KNN,brute,11,uncalibrated,4.75,0.047331344226522284,0.0129121579454845
21,20,KNN,brute,11,uncalibrated,4.76,0.11132238721989691,0.01844719160393535
21,20,KNN,brute,11,uncalibrated,4.77,0.16261457678934255,0.01585834216089335
21,20,KNN,brute,11,uncalibrated,4.78,0.16724058616650805,0.006945553323347871
21,20,KNN,brute,11,uncalibrated,4.79,0.09602245733733922,0.008556093309096383
21,20,KNN,brute,11,uncalibrated,4.81,0.015007833634090731,0.009701214204791699
21,20,KNN,brute,11,uncalibrated,4.82,0.0026532175176713995,0.0021015485600728192
21,20,KNN,brute,11,uncalibrated,4.83,0.0030817932462286306,0.002863958634418768
21,20,KNN,brute,11,uncalibrated,4.84,0.0009391484730644604,0.000936304524821271
21,20,KNN,brute,11,uncalibrated,4.85,0.0,0.0
21,20,KNN,brute,11,uncalibrated,4.86,0.0,0.0
21,20,KNN,brute,11,uncalibrated,4.87,0.0,0.0
21,20,KNN,brute,11,uncalibrated,4.88,0.0,0.0
21,20,KNN,brute,11,uncalibrated,4.9,0.0,0.0
21,20,KNN,brute,11,uncalibrated,4.93,0.0,0.0
21,20,KNN,brute,13,uncalibrated,4.67,0.0,0.0
21,20,KNN,brute,13,uncalibrated,4.7,0.0,0.0
21,20,KNN,brute,13,uncalibrated,4.72,0.0006433046427225014,0.0006259245614049207
21,20,KNN,brute,13,uncalibrated,4.73,0.0048941824458900345,0.003974730538551334
21,20,KNN,brute,13,uncalibrated,4.74,0.0181701297154377,0.005471500178634297
21,20,KNN,brute,13,uncalibrated,4.75,0.04634581991684029,0.013852400472625051
21,20,KNN,brute,13,uncalibrated,4.76,0.10752607964825078,0.018125004450230655
21,20,KNN,brute,13,uncalibrated,4.77,0.15759787312323237,0.014367683598452821
21,20,KNN,brute,13,uncalibrated,4.78,0.16670058018677,0.007000271323792903
21,20,KNN,brute,13,uncalibrated,4.79,0.09609831364486306,0.008290021721022727
21,20,KNN,brute,13,uncalibrated,4.81,0.015338704409310434,0.009208105043041363
21,20,KNN,brute,13,uncalibrated,4.82,0.002727479279616005,0.0021558804603410086
21,20,KNN,brute,13,uncalibrated,4.83,0.0033455349941659005,0.0030489890261502536
21,20,KNN,brute,13,uncalibrated,4.84,0.0008379250709277575,0.0008347253286524542
21,20,KNN,brute,13,uncalibrated,4.85,0.0,0.0
21,20,KNN,brute,13,uncalibrated,4.86,0.0,0.0
21,20,KNN,brute,13,uncalibrated,4.87,0.0,0.0
21,20,KNN,brute,13,uncalibrated,4.88,0.0,0.0
21,20,KNN,brute,13,uncalibrated,4.9,0.0,0.0
21,20,KNN,brute,13,uncalibrated,4.93,0.0,0.0
21,20,KNN,brute,15,uncalibrated,4.67,0.0,0.0
21,20,KNN,brute,15,uncalibrated,4.7,0.0,0.0
21,20,KNN,brute,15,uncalibrated,4.72,0.00048319326497826744,0.00047013889278858486
21,20,KNN,brute,15,uncalibrated,4.73,0.004758033871296566,0.003760393046107332
21,20,KNN,brute,15,uncalibrated,4.74,0.01792135653352917,0.0053967674448463015
21,20,KNN,brute,15,uncalibrated,4.75,0.04459042973089716,0.014242269121826846
21,20,KNN,brute,15,uncalibrated,4.76,0.10441738525992374,0.017520074031752736
21,20,KNN,brute,15,uncalibrated,4.77,0.15382233485336383,0.013612397264571197
21,20,KNN,brute,15,uncalibrated,4.78,0.16484864420182854,0.006584238440317523
21,20,KNN,brute,15,uncalibrated,4.79,0.09789272018778752,0.008402292943691858
21,20,KNN,brute,15,uncalibrated,4.81,0.015423895184549716,0.008834716088379335
21,20,KNN,brute,15,uncalibrated,4.82,0.002963816521778735,0.0021938298267864353
21,20,KNN,brute,15,uncalibrated,4.83,0.0036441292487967404,0.0031851042228924153
21,20,KNN,brute,15,uncalibrated,4.84,0.0010878098731357097,0.0010827846617320303
21,20,KNN,brute,15,uncalibrated,4.85,0.0,0.0
21,20,KNN,brute,15,uncalibrated,4.86,0.0,0.0
21,20,KNN,brute,15,uncalibrated,4.87,0.0,0.0
21,20,KNN,brute,15,uncalibrated,4.88,0.0,0.0
21,20,KNN,brute,15,uncalibrated,4.9,0.0,0.0
21,20,KNN,brute,15,uncalibrated,4.93,0.0,0.0
21,20,KNN,brute,17,uncalibrated,4.67,0.0,0.0
21,20,KNN,brute,17,uncalibrated,4.7,0.0,0.0
21,20,KNN,brute,17,uncalibrated,4.72,0.0003761885280972583,0.0003660250895412857
21,20,KNN,brute,17,uncalibrated,4.73,0.004487096131111945,0.003617419818606175
21,20,KNN,brute,17,uncalibrated,4.74,0.017524224637270363,0.005304101275312014
21,20,KNN,brute,17,uncalibrated,4.75,0.04364674769289278,0.013580718971961095
21,20,KNN,brute,17,uncalibrated,4.76,0.10210996062189,0.017720426797425425
21,20,KNN,brute,17,uncalibrated,4.77,0.15084420696405548,0.012820678143380101
21,20,KNN,brute,17,uncalibrated,4.78,0.16387829881841248,0.006767468727264117
21,20,KNN,brute,17,uncalibrated,4.79,0.09820779684672254,0.008284567863174063
21,20,KNN,brute,17,uncalibrated,4.81,0.016158905841764937,0.009047181419987596
21,20,KNN,brute,17,uncalibrated,4.82,0.0032270430418651816,0.0024349368034870217
21,20,KNN,brute,17,uncalibrated,4.83,0.003602470130298799,0.003097082286185511
21,20,KNN,brute,17,uncalibrated,4.84,0.0011484891124269175,0.0011319221663421259
21,20,KNN,brute,17,uncalibrated,4.85,0.0,0.0
21,20,KNN,brute,17,uncalibrated,4.86,0.0,0.0
21,20,KNN,brute,17,uncalibrated,4.87,0.0,0.0
21,20,KNN,brute,17,uncalibrated,4.88,0.0,0.0
21,20,KNN,brute,17,uncalibrated,4.9,0.0,0.0
21,20,KNN,brute,17,uncalibrated,4.93,0.0,0.0
21,20,KNN,brute,19,uncalibrated,4.67,0.0,0.0
21,20,KNN,brute,19,uncalibrated,4.7,0.0,0.0
21,20,KNN,brute,19,uncalibrated,4.72,0.0004070256821952539,0.00039886083335203556
21,20,KNN,brute,19,uncalibrated,4.73,0.004806333636021598,0.0037423300877990236
21,20,KNN,brute,19,uncalibrated,4.74,0.017496923043969385,0.0051874585043574445
21,20,KNN,brute,19,uncalibrated,4.75,0.043583323445025454,0.013810792543248901
21,20,KNN,brute,19,uncalibrated,4.76,0.10061134040737257,0.017954486329058696
21,20,KNN,brute,19,uncalibrated,4.77,0.14896364932480777,0.013294469792121247
21,20,KNN,brute,19,uncalibrated,4.78,0.16297329359107002,0.006648290983967975
21,20,KNN,brute,19,uncalibrated,4.79,0.09842469465329498,0.008222472958568547
21,20,KNN,brute,19,uncalibrated,4.81,0.016894431412823284,0.009209082171678398
21,20,KNN,brute,19,uncalibrated,4.82,0.003383184800249183,0.0025088767869260098
21,20,KNN,brute,19,uncalibrated,4.83,0.0033019019095182115,0.0028902869757130197
21,20,KNN,brute,19,uncalibrated,4.84,0.001030778702527557,0.0010172094513835291
21,20,KNN,brute,19,uncalibrated,4.85,0.0,0.0
21,20,KNN,brute,19,uncalibrated,4.86,0.0,0.0
21,20,KNN,brute,19,uncalibrated,4.87,0.0,0.0
21,20,KNN,brute,19,uncalibrated,4.88,0.0,0.0
21,20,KNN,brute,19,uncalibrated,4.9,0.0,0.0
21,20,KNN,brute,19,uncalibrated,4.93,0.0,0.0
21,20,KNN,brute,21,uncalibrated,4.67,0.0,0.0
21,20,KNN,brute,21,uncalibrated,4.7,0.0,0.0
21,20,KNN,brute,21,uncalibrated,4.72,0.00043318914028577134,0.00042649054176290485
21,20,KNN,brute,21,uncalibrated,4.73,0.005027164476844971,0.003965969782296312
21,20,KNN,brute,21,uncalibrated,4.74,0.017557152405344473,0.005253235627426178
21,20,KNN,brute,21,uncalibrated,4.75,0.04299967332539088,0.013591711968890929
21,20,KNN,brute,21,uncalibrated,4.76,0.10012222854744951,0.0181693092091682
21,20,KNN,brute,21,uncalibrated,4.77,0.14656609727777492,0.013805951516687981
21,20,KNN,brute,21,uncalibrated,4.78,0.1627760995189185,0.006452826799342661
21,20,KNN,brute,21,uncalibrated,4.79,0.09977498091587678,0.008398375303189112
21,20,KNN,brute,21,uncalibrated,4.81,0.017669207289723734,0.009415892355011671
21,20,KNN,brute,21,uncalibrated,4.82,0.0035355208154278246,0.002423973547035477
21,20,KNN,brute,21,uncalibrated,4.83,0.0033926038510331976,0.0028463205320011235
21,20,KNN,brute,21,uncalibrated,4.84,0.0010887997423952025,0.0010694540769728735
21,20,KNN,brute,21,uncalibrated,4.85,5.212813094586361e-06,5.212813094586508e-06
21,20,KNN,brute,21,uncalibrated,4.86,0.0,0.0
21,20,KNN,brute,21,uncalibrated,4.87,0.0,0.0
21,20,KNN,brute,21,uncalibrated,4.88,0.0,0.0
21,20,KNN,brute,21,uncalibrated,4.9,0.0,0.0
21,20,KNN,brute,21,uncalibrated,4.93,0.0,0.0
21,20,KNN,brute,23,uncalibrated,4.67,0.0,0.0
21,20,KNN,brute,23,uncalibrated,4.7,0.0,0.0
21,20,KNN,brute,23,uncalibrated,4.72,0.0004556122937632118,0.00045001965045286536
21,20,KNN,brute,23,uncalibrated,4.73,0.00496164616405135,0.0038024807130937295
21,20,KNN,brute,23,uncalibrated,4.74,0.017595156793753827,0.005333586104223939
21,20,KNN,brute,23,uncalibrated,4.75,0.04266766226165209,0.013556925888315778
21,20,KNN,brute,23,uncalibrated,4.76,0.0992512674649435,0.01856740359802237
21,20,KNN,brute,23,uncalibrated,4.77,0.14545793279830282,0.013546933601178701
21,20,KNN,brute,23,uncalibrated,4.78,0.1623399070810999,0.006338568647457728
21,20,KNN,brute,23,uncalibrated,4.79,0.09987309035747577,0.008387094873641338
21,20,KNN,brute,23,uncalibrated,4.81,0.018123299007957196,0.009550803202226742
21,20,KNN,brute,23,uncalibrated,4.82,0.003848363187782777,0.0025342733459373366
21,20,KNN,brute,23,uncalibrated,4.83,0.003562365256340771,0.002989776222041332
21,20,KNN,brute,23,uncalibrated,4.84,0.0011586603926179973,0.0011410918534587823
21,20,KNN,brute,23,uncalibrated,4.85,4.345653260326572e-06,4.3456532603263525e-06
21,20,KNN,brute,23,uncalibrated,4.86,0.0,0.0
21,20,KNN,brute,23,uncalibrated,4.87,0.0,0.0
21,20,KNN,brute,23,uncalibrated,4.88,0.0,0.0
21,20,KNN,brute,23,uncalibrated,4.9,0.0,0.0
21,20,KNN,brute,23,uncalibrated,4.93,0.0,0.0
21,20,KNN,brute,25,uncalibrated,4.67,0.0,0.0
21,20,KNN,brute,25,uncalibrated,4.7,0.0,0.0
21,20,KNN,brute,25,uncalibrated,4.72,0.000475013998202622,0.00047027542444957784
21,20,KNN,brute,25,uncalibrated,4.73,0.005264340599115899,0.0038061747776033496
21,20,KNN,brute,25,uncalibrated,4.74,0.018004004444325015,0.005439050998017358
21,20,KNN,brute,25,uncalibrated,4.75,0.04244960802042222,0.013279715677241016
21,20,KNN,brute,25,uncalibrated,4.76,0.09820460113325248,0.01825286869850067
21,20,KNN,brute,25,uncalibrated,4.77,0.1433656112845625,0.013638396386222468
21,20,KNN,brute,25,uncalibrated,4.78,0.16136125905368356,0.00645111388344149
21,20,KNN,brute,25,uncalibrated,4.79,0.10081781698774135,0.008001948505073134
21,20,KNN,brute,25,uncalibrated,4.81,0.01842441515559902,0.00919964903044661
21,20,KNN,brute,25,uncalibrated,4.82,0.0038443308458732373,0.0023059738963380383
21,20,KNN,brute,25,uncalibrated,4.83,0.0037930215390838172,0.003160639296410366
21,20,KNN,brute,25,uncalibrated,4.84,0.0011562291691778286,0.0011246914489019754
21,20,KNN,brute,25,uncalibrated,4.85,3.678160919540018e-06,3.678160919540237e-06
21,20,KNN,brute,25,uncalibrated,4.86,0.0,0.0
21,20,KNN,brute,25,uncalibrated,4.87,0.0,0.0
21,20,KNN,brute,25,uncalibrated,4.88,0.0,0.0
21,20,KNN,brute,25,uncalibrated,4.9,0.0,0.0
21,20,KNN,brute,25,uncalibrated,4.93,0.0,0.0
21,20,KNN,brute,27,uncalibrated,4.67,0.0,0.0
21,20,KNN,brute,27,uncalibrated,4.7,0.0,0.0
21,20,KNN,brute,27,uncalibrated,4.72,0.000407247940845873,0.00040318537761452127
21,20,KNN,brute,27,uncalibrated,4.73,0.005208152921811655,0.00369736899719263
21,20,KNN,brute,27,uncalibrated,4.74,0.017819371773362496,0.00541009551164092
21,20,KNN,brute,27,uncalibrated,4.75,0.041883892764490484,0.01294892714792057
21,20,KNN,brute,27,uncalibrated,4.76,0.0972247261349036,0.018184437278041678
21,20,KNN,brute,27,uncalibrated,4.77,0.14159880638817998,0.012999173546677567
21,20,KNN,brute,27,uncalibrated,4.78,0.160560059564956,0.006528838970175027
21,20,KNN,brute,27,uncalibrated,4.79,0.1017043144489486,0.00791879224068531
21,20,KNN,brute,27,uncalibrated,4.81,0.018647183206064906,0.009100213642886231
21,20,KNN,brute,27,uncalibrated,4.82,0.003834231347032811,0.0023222068667936913
21,20,KNN,brute,27,uncalibrated,4.83,0.004035001975479109,0.0033139910951963322
21,20,KNN,brute,27,uncalibrated,4.84,0.0011799472907568444,0.0011281320897955074
21,20,KNN,brute,27,uncalibrated,4.85,3.1534301436388262e-06,3.1534301436387517e-06
21,20,KNN,brute,27,uncalibrated,4.86,0.0,0.0
21,20,KNN,brute,27,uncalibrated,4.87,0.0,0.0
21,20,KNN,brute,27,uncalibrated,4.88,0.0,0.0
21,20,KNN,brute,27,uncalibrated,4.9,0.0,0.0
21,20,KNN,brute,27,uncalibrated,4.93,0.0,0.0
21,20,KNN,brute,29,uncalibrated,4.67,0.0,0.0
21,20,KNN,brute,29,uncalibrated,4.7,0.0,0.0
21,20,KNN,brute,29,uncalibrated,4.72,0.00042968137239118544,0.00042265369512381554
21,20,KNN,brute,29,uncalibrated,4.73,0.0052725503246765365,0.0037553409729390707
21,20,KNN,brute,29,uncalibrated,4.74,0.01753036156202024,0.005241070521232485
21,20,KNN,brute,29,uncalibrated,4.75,0.04150539877978466,0.012849521665388185
21,20,KNN,brute,29,uncalibrated,4.76,0.09611789365110805,0.018402313983305208
21,20,KNN,brute,29,uncalibrated,4.77,0.14007344169840533,0.013027274987674115
21,20,KNN,brute,29,uncalibrated,4.78,0.16008641686463637,0.006424786520941338
21,20,KNN,brute,29,uncalibrated,4.79,0.10202578081450385,0.007487320489166963
21,20,KNN,brute,29,uncalibrated,4.81,0.019058712930386194,0.008697651171388703
21,20,KNN,brute,29,uncalibrated,4.82,0.00410129791287288,0.002333005462389304
21,20,KNN,brute,29,uncalibrated,4.83,0.0042338402813040105,0.0034550455209773744
21,20,KNN,brute,29,uncalibrated,4.84,0.00123716793264686,0.001172627360123449
21,20,KNN,brute,29,uncalibrated,4.85,2.7334727404429054e-06,2.7334727404430897e-06
21,20,KNN,brute,29,uncalibrated,4.86,0.0,0.0
21,20,KNN,brute,29,uncalibrated,4.87,0.0,0.0
21,20,KNN,brute,29,uncalibrated,4.88,0.0,0.0
21,20,KNN,brute,29,uncalibrated,4.9,0.0,0.0
21,20,KNN,brute,29,uncalibrated,4.93,0.0,0.0
21,20,KNN,brute,31,uncalibrated,4.67,0.0,0.0
21,20,KNN,brute,31,uncalibrated,4.7,0.0,0.0
21,20,KNN,brute,31,uncalibrated,4.72,0.0003760270907190341,0.0003698769590001342
21,20,KNN,brute,31,uncalibrated,4.73,0.005414908550534417,0.003792252220884266
21,20,KNN,brute,31,uncalibrated,4.74,0.017063874827529874,0.0051282046546408
21,20,KNN,brute,31,uncalibrated,4.75,0.04088668113243866,0.013338861100902821
21,20,KNN,brute,31,uncalibrated,4.76,0.0947501800595264,0.018730541920370877
21,20,KNN,brute,31,uncalibrated,4.77,0.1387947442488483,0.013384150121244623
21,20,KNN,brute,31,uncalibrated,4.78,0.15897015647330895,0.0066309621435530494
21,20,KNN,brute,31,uncalibrated,4.79,0.10327818447364062,0.007276120284424297
21,20,KNN,brute,31,uncalibrated,4.81,0.019405487491538205,0.008641567656700894
21,20,KNN,brute,31,uncalibrated,4.82,0.004211029099757934,0.0023704352198718457
21,20,KNN,brute,31,uncalibrated,4.83,0.004414732663095689,0.0035336765316451788
21,20,KNN,brute,31,uncalibrated,4.84,0.0011692166452542284,0.001086854252416441
21,20,KNN,brute,31,uncalibrated,4.85,2.152929778606967e-05,2.1529297786070555e-05
21,20,KNN,brute,31,uncalibrated,4.86,0.0,0.0
21,20,KNN,brute,31,uncalibrated,4.87,0.0,0.0
21,20,KNN,brute,31,uncalibrated,4.88,0.0,0.0
21,20,KNN,brute,31,uncalibrated,4.9,0.0,0.0
21,20,KNN,brute,31,uncalibrated,4.93,0.0,0.0
21,20,KNN,brute,33,uncalibrated,4.67,0.0,0.0
21,20,KNN,brute,33,uncalibrated,4.7,0.0,0.0
21,20,KNN,brute,33,uncalibrated,4.72,0.0004614035582259918,0.0004559711297837631
21,20,KNN,brute,33,uncalibrated,4.73,0.005510243920015244,0.0038699868775059214
21,20,KNN,brute,33,uncalibrated,4.74,0.016690208280379475,0.004990003396644011
21,20,KNN,brute,33,uncalibrated,4.75,0.04061406212929082,0.013292636538056377
21,20,KNN,brute,33,uncalibrated,4.76,0.09429300402354973,0.019263715523908258
21,20,KNN,brute,33,uncalibrated,4.77,0.13738102565972116,0.013364778977427202
21,20,KNN,brute,33,uncalibrated,4.78,0.1582298428477884,0.006727117227200761
21,20,KNN,brute,33,uncalibrated,4.79,0.10397968440391937,0.0070465966075428195
21,20,KNN,brute,33,uncalibrated,4.81,0.0200478527682057,0.008896217406032587
21,20,KNN,brute,33,uncalibrated,4.82,0.004436547244345129,0.0024167556315257844
21,20,KNN,brute,33,uncalibrated,4.83,0.004443811161947824,0.0034664360231431565
21,20,KNN,brute,33,uncalibrated,4.84,0.0010990350523110135,0.0010258224046827786
21,20,KNN,brute,33,uncalibrated,4.85,1.899876508026951e-05,1.8998765080269812e-05
21,20,KNN,brute,33,uncalibrated,4.86,0.0,0.0
21,20,KNN,brute,33,uncalibrated,4.87,0.0,0.0
21,20,KNN,brute,33,uncalibrated,4.88,0.0,0.0
21,20,KNN,brute,33,uncalibrated,4.9,0.0,0.0
21,20,KNN,brute,33,uncalibrated,4.93,0.0,0.0
21,20,KNN,brute,35,uncalibrated,4.67,0.0,0.0
21,20,KNN,brute,35,uncalibrated,4.7,0.0,0.0
21,20,KNN,brute,35,uncalibrated,4.72,0.000410178346863783,0.00040534902884450437
21,20,KNN,brute,35,uncalibrated,4.73,0.005703709440708565,0.003908605080208373
21,20,KNN,brute,35,uncalibrated,4.74,0.016580443668961723,0.005009385972318232
21,20,KNN,brute,35,uncalibrated,4.75,0.040424409948768336,0.012933793235604098
21,20,KNN,brute,35,uncalibrated,4.76,0.09373980176568734,0.01942597328117081
21,20,KNN,brute,35,uncalibrated,4.77,0.13616013760638984,0.012877631685085093
21,20,KNN,brute,35,uncalibrated,4.78,0.1576114614873506,0.006675864682921586
21,20,KNN,brute,35,uncalibrated,4.79,0.10480796448227012,0.006985569104415641
21,20,KNN,brute,35,uncalibrated,4.81,0.020592736884792923,0.008989285281542641
21,20,KNN,brute,35,uncalibrated,4.82,0.0045231302620969485,0.002535300969941927
21,20,KNN,brute,35,uncalibrated,4.83,0.004577331809961328,0.003485110234745085
21,20,KNN,brute,35,uncalibrated,4.84,0.0012289965761121766,0.001120919181069557
21,20,KNN,brute,35,uncalibrated,4.85,3.0025803424817074e-05,3.0025803424818243e-05
21,20,KNN,brute,35,uncalibrated,4.86,0.0,0.0
21,20,KNN,brute,35,uncalibrated,4.87,0.0,0.0
21,20,KNN,brute,35,uncalibrated,4.88,0.0,0.0
21,20,KNN,brute,35,uncalibrated,4.9,0.0,0.0
21,20,KNN,brute,35,uncalibrated,4.93,0.0,0.0
21,20,KNN,brute,37,uncalibrated,4.67,0.0,0.0
21,20,KNN,brute,37,uncalibrated,4.7,0.0,0.0
21,20,KNN,brute,37,uncalibrated,4.72,0.000425014773326095,0.00042069208974015006
21,20,KNN,brute,37,uncalibrated,4.73,0.005650983529455718,0.004011711444143877
21,20,KNN,brute,37,uncalibrated,4.74,0.016553735604329895,0.004999212248111957
21,20,KNN,brute,37,uncalibrated,4.75,0.03950869359751291,0.012622785402936884
21,20,KNN,brute,37,uncalibrated,4.76,0.09304889318675333,0.01981649026628434
21,20,KNN,brute,37,uncalibrated,4.77,0.13461242407741486,0.013053404710279007
21,20,KNN,brute,37,uncalibrated,4.78,0.1576901741884955,0.006635998471551953
21,20,KNN,brute,37,uncalibrated,4.79,0.10143015158729947,0.006900190247566424
21,20,KNN,brute,37,uncalibrated,4.81,0.021056000018302386,0.008922949044104678
21,20,KNN,brute,37,uncalibrated,4.82,0.004656981555497815,0.0025385175989875407
21,20,KNN,brute,37,uncalibrated,4.83,0.004671081052683726,0.003508978763568943
21,20,KNN,brute,37,uncalibrated,4.84,0.0012111210643644817,0.0011109742973185366
21,20,KNN,brute,37,uncalibrated,4.85,4.198047068503203e-05,4.1980470685037334e-05
21,20,KNN,brute,37,uncalibrated,4.86,0.0,0.0
21,20,KNN,brute,37,uncalibrated,4.87,0.0,0.0
21,20,KNN,brute,37,uncalibrated,4.88,0.0,0.0
21,20,KNN,brute,37,uncalibrated,4.9,0.0,0.0
21,20,KNN,brute,37,uncalibrated,4.93,0.0,0.0
21,20,KNN,brute,39,uncalibrated,4.67,0.0,0.0
21,20,KNN,brute,39,uncalibrated,4.7,0.0,0.0
21,20,KNN,brute,39,uncalibrated,4.72,0.00038254123910812015,0.0003786505396806478
21,20,KNN,brute,39,uncalibrated,4.73,0.005820477181921168,0.0040607837733788715
21,20,KNN,brute,39,uncalibrated,4.74,0.016054247450077795,0.004846915804572761
21,20,KNN,brute,39,uncalibrated,4.75,0.0391357532895284,0.012334188112076153
21,20,KNN,brute,39,uncalibrated,4.76,0.09220310654366703,0.019997493423752045
21,20,KNN,brute,39,uncalibrated,4.77,0.1339004678625541,0.013164811158122194
21,20,KNN,brute,39,uncalibrated,4.78,0.15689435714567096,0.006800921936252743
21,20,KNN,brute,39,uncalibrated,4.79,0.10193462413691949,0.006849372247165851
21,20,KNN,brute,39,uncalibrated,4.81,0.021415785133647454,0.008960246737057096
21,20,KNN,brute,39,uncalibrated,4.82,0.004817377869545655,0.0025092651170457434
21,20,KNN,brute,39,uncalibrated,4.83,0.004804687499134317,0.0035322588890556355
21,20,KNN,brute,39,uncalibrated,4.84,0.0012608704847130014,0.0011694938509015124
21,20,KNN,brute,39,uncalibrated,4.85,3.778518367377665e-05,3.778518367377785e-05
21,20,KNN,brute,39,uncalibrated,4.86,0.0,0.0
21,20,KNN,brute,39,uncalibrated,4.87,0.0,0.0
21,20,KNN,brute,39,uncalibrated,4.88,0.0,0.0
21,20,KNN,brute,39,uncalibrated,4.9,0.0,0.0
21,20,KNN,brute,39,uncalibrated,4.93,0.0,0.0
21,20,KNN,brute,41,uncalibrated,4.67,0.0,0.0
21,20,KNN,brute,41,uncalibrated,4.7,0.0,0.0
21,20,KNN,brute,41,uncalibrated,4.72,0.00034613041325606483,0.0003426100362012286
21,20,KNN,brute,41,uncalibrated,4.73,0.00568537592803592,0.0038991100445363246
21,20,KNN,brute,41,uncalibrated,4.74,0.016030046414030382,0.004792361181290909
21,20,KNN,brute,41,uncalibrated,4.75,0.03875059683760645,0.012051105784448816
21,20,KNN,brute,41,uncalibrated,4.76,0.09147968435030109,0.019969580072584023
21,20,KNN,brute,41,uncalibrated,4.77,0.13307716323300176,0.013550042194999917
21,20,KNN,brute,41,uncalibrated,4.78,0.15611616918112486,0.006657147142591613
21,20,KNN,brute,41,uncalibrated,4.79,0.10284132851484172,0.006816716358981344
21,20,KNN,brute,41,uncalibrated,4.81,0.0218178235225311,0.009029236344918999
21,20,KNN,brute,41,uncalibrated,4.82,0.004969219482119695,0.002561408354350651
21,20,KNN,brute,41,uncalibrated,4.83,0.004940963270446572,0.003587711481849882
21,20,KNN,brute,41,uncalibrated,4.84,0.0013867949562793433,0.0012429579667126238
21,20,KNN,brute,41,uncalibrated,4.85,6.700992157104315e-05,6.700992157104081e-05
21,20,KNN,brute,41,uncalibrated,4.86,1.2523873634114252e-06,1.2523873634115056e-06
21,20,KNN,brute,41,uncalibrated,4.87,0.0,0.0
21,20,KNN,brute,41,uncalibrated,4.88,0.0,0.0
21,20,KNN,brute,41,uncalibrated,4.9,0.0,0.0
21,20,KNN,brute,41,uncalibrated,4.93,0.0,0.0
21,20,KNN,brute,43,uncalibrated,4.67,0.0,0.0
21,20,KNN,brute,43,uncalibrated,4.7,0.0,0.0
21,20,KNN,brute,43,uncalibrated,4.72,0.00036079195640885794,0.0003575906771749114
21,20,KNN,brute,43,uncalibrated,4.73,0.005557096967918118,0.0037982238408260744
21,20,KNN,brute,43,uncalibrated,4.74,0.015871992162366486,0.004725691804081874
21,20,KNN,brute,43,uncalibrated,4.75,0.03836228778447007,0.012292266934570091
21,20,KNN,brute,43,uncalibrated,4.76,0.08990944648033111,0.019752076484277646
21,20,KNN,brute,43,uncalibrated,4.77,0.1313211040262228,0.013207407730886932
21,20,KNN,brute,43,uncalibrated,4.78,0.15548012784013038,0.006469937710229346
21,20,KNN,brute,43,uncalibrated,4.79,0.10325604658962534,0.0067803883414187935
21,20,KNN,brute,43,uncalibrated,4.81,0.022195416609413,0.008838807868355222
21,20,KNN,brute,43,uncalibrated,4.82,0.00510628895997852,0.0025745735189090894
21,20,KNN,brute,43,uncalibrated,4.83,0.0051217601405588314,0.003708877996377443
21,20,KNN,brute,43,uncalibrated,4.84,0.0014355797010919056,0.001275824172980531
21,20,KNN,brute,43,uncalibrated,4.85,6.0921405170865495e-05,6.092140517085962e-05
21,20,KNN,brute,43,uncalibrated,4.86,2.2723459102039e-06,1.5947993955097751e-06
21,20,KNN,brute,43,uncalibrated,4.87,0.0,0.0
21,20,KNN,brute,43,uncalibrated,4.88,0.0,0.0
21,20,KNN,brute,43,uncalibrated,4.9,1.0360783192324213e-06,1.0360783192323118e-06
21,20,KNN,brute,43,uncalibrated,4.93,0.0,0.0
21,20,KNN,brute,45,uncalibrated,4.67,0.0,0.0
21,20,KNN,brute,45,uncalibrated,4.7,0.0,0.0
21,20,KNN,brute,45,uncalibrated,4.72,0.0003744423620037683,0.0003715187798077
21,20,KNN,brute,45,uncalibrated,4.73,0.005661786237315607,0.0037657370591599936
21,20,KNN,brute,45,uncalibrated,4.74,0.015708494621218653,0.004652886708500804
21,20,KNN,brute,45,uncalibrated,4.75,0.03827362005407074,0.012366826628011595
21,20,KNN,brute,45,uncalibrated,4.76,0.08933998677527862,0.01999428925061549
21,20,KNN,brute,45,uncalibrated,4.77,0.1311034929893324,0.013599626353249544
21,20,KNN,brute,45,uncalibrated,4.78,0.15513606080236086,0.006555819908338105
21,20,KNN,brute,45,uncalibrated,4.79,0.1035479185821362,0.006720728676852404
21,20,KNN,brute,45,uncalibrated,4.81,0.022669368318106772,0.00907866159277349
21,20,KNN,brute,45,uncalibrated,4.82,0.005304978214678015,0.002668756637801281
21,20,KNN,brute,45,uncalibrated,4.83,0.005252610457560399,0.00371727559136773
21,20,KNN,brute,45,uncalibrated,4.84,0.0014415778656210437,0.0012948074234623943
21,20,KNN,brute,45,uncalibrated,4.85,5.5626507733786864e-05,5.562650773378744e-05
21,20,KNN,brute,45,uncalibrated,4.86,2.0748481915886947e-06,1.4561896702704076e-06
21,20,KNN,brute,45,uncalibrated,4.87,0.0,0.0
21,20,KNN,brute,45,uncalibrated,4.88,0.0,0.0
21,20,KNN,brute,45,uncalibrated,4.9,9.460290430916078e-07,9.460290430916272e-07
21,20,KNN,brute,45,uncalibrated,4.93,0.0,0.0
21,20,KNN,brute,47,uncalibrated,4.67,0.0,0.0
21,20,KNN,brute,47,uncalibrated,4.7,0.0,0.0
21,20,KNN,brute,47,uncalibrated,4.72,0.000344441749729854,0.0003404336760400075
21,20,KNN,brute,47,uncalibrated,4.73,0.00570652755141396,0.0037727683841263025
21,20,KNN,brute,47,uncalibrated,4.74,0.01557989143720501,0.004566606865853981
21,20,KNN,brute,47,uncalibrated,4.75,0.038318113835367804,0.012255235685367299
21,20,KNN,brute,47,uncalibrated,4.76,0.0884036872386713,0.020064724620537388
21,20,KNN,brute,47,uncalibrated,4.77,0.1301892458212917,0.013636623511247073
21,20,KNN,brute,47,uncalibrated,4.78,0.154550461231129,0.006263809914092274
21,20,KNN,brute,47,uncalibrated,4.79,0.10453607150297359,0.006664529786830959
21,20,KNN,brute,47,uncalibrated,4.81,0.02276025602429959,0.008985842705397458
21,20,KNN,brute,47,uncalibrated,4.82,0.005534815460592208,0.0027400080043464754
21,20,KNN,brute,47,uncalibrated,4.83,0.005404810511638201,0.0037608964088921906
21,20,KNN,brute,47,uncalibrated,4.84,0.001482754228238862,0.001331299961306394
21,20,KNN,brute,47,uncalibrated,4.85,5.199985551373953e-05,5.095734046046431e-05
21,20,KNN,brute,47,uncalibrated,4.86,4.7570838994245955e-06,3.909860022804631e-06
21,20,KNN,brute,47,uncalibrated,4.87,3.894137862215737e-06,3.894137862215656e-06
21,20,KNN,brute,47,uncalibrated,4.88,0.0,0.0
21,20,KNN,brute,47,uncalibrated,4.9,8.672289779358899e-07,8.672289779359636e-07
21,20,KNN,brute,47,uncalibrated,4.93,0.0,0.0
21,20,KNN,brute,49,uncalibrated,4.67,0.0,0.0
21,20,KNN,brute,49,uncalibrated,4.7,0.0,0.0
21,20,KNN,brute,49,uncalibrated,4.72,0.00035837948915113684,0.00035347683120218594
21,20,KNN,brute,49,uncalibrated,4.73,0.005795122704615538,0.003725043974805233
21,20,KNN,brute,49,uncalibrated,4.74,0.015547906942904513,0.004594153980692101
21,20,KNN,brute,49,uncalibrated,4.75,0.03800428634787735,0.012076624026695622
21,20,KNN,brute,49,uncalibrated,4.76,0.0878997094926815,0.019994262504532616
21,20,KNN,brute,49,uncalibrated,4.77,0.1295173816287323,0.013600370257922378
21,20,KNN,brute,49,uncalibrated,4.78,0.154255452385467,0.006162864529881753
21,20,KNN,brute,49,uncalibrated,4.79,0.1048129010799575,0.006631408916488041
21,20,KNN,brute,49,uncalibrated,4.81,0.022838713896273198,0.008993978518719185
21,20,KNN,brute,49,uncalibrated,4.82,0.0057979620990913664,0.0027082576235921744
21,20,KNN,brute,49,uncalibrated,4.83,0.005546031489879645,0.0037991412163121806
21,20,KNN,brute,49,uncalibrated,4.84,0.00151636939097298,0.0013448548280526186
21,20,KNN,brute,49,uncalibrated,4.85,8.029265786624382e-05,7.741729731080001e-05
21,20,KNN,brute,49,uncalibrated,4.86,4.376675690890961e-06,3.597201495366705e-06
21,20,KNN,brute,49,uncalibrated,4.87,3.5827365837711077e-06,3.582736583771106e-06
21,20,KNN,brute,49,uncalibrated,4.88,0.0,0.0
21,20,KNN,brute,49,uncalibrated,4.9,7.978795552937251e-07,7.978795552938539e-07
21,20,KNN,brute,49,uncalibrated,4.93,0.0,0.0
21,20,KNN,brute,51,uncalibrated,4.67,0.0,0.0
21,20,KNN,brute,51,uncalibrated,4.7,0.0,0.0
21,20,KNN,brute,51,uncalibrated,4.72,0.00033082243500649045,0.0003262967595987883
21,20,KNN,brute,51,uncalibrated,4.73,0.0058440655669354516,0.003838263066980527
21,20,KNN,brute,51,uncalibrated,4.74,0.015259904881113354,0.0045807046740045185
21,20,KNN,brute,51,uncalibrated,4.75,0.037806552570318855,0.011873856801261667
21,20,KNN,brute,51,uncalibrated,4.76,0.08712463078182806,0.020230667744603543
21,20,KNN,brute,51,uncalibrated,4.77,0.12849049584888855,0.013874407134524494
21,20,KNN,brute,51,uncalibrated,4.78,0.1538257299257669,0.006181345962889075
21,20,KNN,brute,51,uncalibrated,4.79,0.10527994209224953,0.006630221241651065
21,20,KNN,brute,51,uncalibrated,4.81,0.023317162549122326,0.00899706379537319
21,20,KNN,brute,51,uncalibrated,4.82,0.006073201998234284,0.002758690495835928
21,20,KNN,brute,51,uncalibrated,4.83,0.005553610540334454,0.00377442819489478
21,20,KNN,brute,51,uncalibrated,4.84,0.0014851594259037296,0.001325148811945388
21,20,KNN,brute,51,uncalibrated,4.85,7.672495391131648e-05,7.1474441723008e-05
21,20,KNN,brute,51,uncalibrated,4.86,4.040137767715271e-06,3.3206000731931732e-06
21,20,KNN,brute,51,uncalibrated,4.87,3.307247419313533e-06,3.307247419313492e-06
21,20,KNN,brute,51,uncalibrated,4.88,0.0,0.0
21,20,KNN,brute,51,uncalibrated,4.9,7.365278017149621e-07,7.36527801714935e-07
21,20,KNN,brute,51,uncalibrated,4.93,0.0,0.0
21,20,KNN,brute,61,uncalibrated,4.67,0.0,0.0
21,20,KNN,brute,61,uncalibrated,4.7,0.0,0.0
21,20,KNN,brute,61,uncalibrated,4.72,0.00038753944065865725,0.0003820013186423538
21,20,KNN,brute,61,uncalibrated,4.73,0.005857479288661036,0.00373414653891903
21,20,KNN,brute,61,uncalibrated,4.74,0.01417858438007803,0.004315078526699712
21,20,KNN,brute,61,uncalibrated,4.75,0.03668564713223813,0.01155618661666131
21,20,KNN,brute,61,uncalibrated,4.76,0.08375015959715681,0.019997526910900683
21,20,KNN,brute,61,uncalibrated,4.77,0.12528734125642638,0.013681242982622924
21,20,KNN,brute,61,uncalibrated,4.78,0.15145436251157818,0.006437824502477519
21,20,KNN,brute,61,uncalibrated,4.79,0.10659064276081516,0.006398710660250809
21,20,KNN,brute,61,uncalibrated,4.81,0.025321151390015933,0.008902887191467073
21,20,KNN,brute,61,uncalibrated,4.82,0.006917662370691618,0.0026331560240068766
21,20,KNN,brute,61,uncalibrated,4.83,0.006273243766996437,0.003979096898840602
21,20,KNN,brute,61,uncalibrated,4.84,0.001824248807330855,0.0015654402222811962
21,20,KNN,brute,61,uncalibrated,4.85,0.00014668402369030702,0.00013872320155461774
21,20,KNN,brute,61,uncalibrated,4.86,8.161987017976416e-06,5.834273535319956e-06
21,20,KNN,brute,61,uncalibrated,4.87,2.3117846110277567e-06,2.3117846110277948e-06
21,20,KNN,brute,61,uncalibrated,4.88,0.0,0.0
21,20,KNN,brute,61,uncalibrated,4.9,5.148370900994985e-07,5.148370900995817e-07
21,20,KNN,brute,61,uncalibrated,4.93,0.0,0.0
21,20,KNN,brute,81,uncalibrated,4.67,0.0,0.0
21,20,KNN,brute,81,uncalibrated,4.7,0.0,0.0
21,20,KNN,brute,81,uncalibrated,4.72,0.0003671053603880782,0.0003505767146628614
21,20,KNN,brute,81,uncalibrated,4.73,0.005949649698436323,0.003638838889305266
21,20,KNN,brute,81,uncalibrated,4.74,0.013330615507764577,0.0040608175818329945
21,20,KNN,brute,81,uncalibrated,4.75,0.03541869446994454,0.012022622205500695
21,20,KNN,brute,81,uncalibrated,4.76,0.07895064279955948,0.019444460526392458
21,20,KNN,brute,81,uncalibrated,4.77,0.11875325103108167,0.014084596013384694
21,20,KNN,brute,81,uncalibrated,4.78,0.14769467036605977,0.005720562673449966
21,20,KNN,brute,81,uncalibrated,4.79,0.10751397470641143,0.005965467323501441
21,20,KNN,brute,81,uncalibrated,4.81,0.029249657258798478,0.009000648120387356
21,20,KNN,brute,81,uncalibrated,4.82,0.008485111044739395,0.0026264672071812678
21,20,KNN,brute,81,uncalibrated,4.83,0.007479329617223846,0.004198547080073722
21,20,KNN,brute,81,uncalibrated,4.84,0.0020153034164237457,0.0015488209878506613
21,20,KNN,brute,81,uncalibrated,4.85,0.00019578154924391488,0.00018471802952957654
21,20,KNN,brute,81,uncalibrated,4.86,1.94363857606349e-05,1.4309368965532385e-05
21,20,KNN,brute,81,uncalibrated,4.87,3.30911138062628e-05,3.276139935950863e-05
21,20,KNN,brute,81,uncalibrated,4.88,6.084314983681791e-07,4.271776774120119e-07
21,20,KNN,brute,81,uncalibrated,4.9,2.919842725591456e-07,2.9198427255914565e-07
21,20,KNN,brute,81,uncalibrated,4.93,0.0,0.0
21,20,KNN,brute,101,uncalibrated,4.67,0.0,0.0
21,20,KNN,brute,101,uncalibrated,4.7,0.0,0.0
21,20,KNN,brute,101,uncalibrated,4.72,0.00032437980305627173,0.000313182418972916
21,20,KNN,brute,101,uncalibrated,4.73,0.006099162145845786,0.003751142837377356
21,20,KNN,brute,101,uncalibrated,4.74,0.013065287778078952,0.004032700819000393
21,20,KNN,brute,101,uncalibrated,4.75,0.033807099235506975,0.01154002887793617
21,20,KNN,brute,101,uncalibrated,4.76,0.07548018364874458,0.018816348593149186
21,20,KNN,brute,101,uncalibrated,4.77,0.11359460348364994,0.014158796114529332
21,20,KNN,brute,101,uncalibrated,4.78,0.14430585012801683,0.005438967202293444
21,20,KNN,brute,101,uncalibrated,4.79,0.10858084342564177,0.00560898041832243
21,20,KNN,brute,101,uncalibrated,4.81,0.032003491004254016,0.009740012935458092
21,20,KNN,brute,101,uncalibrated,4.82,0.009841691515064767,0.002826254555791028
21,20,KNN,brute,101,uncalibrated,4.83,0.008471422165757532,0.004265981132904636
21,20,KNN,brute,101,uncalibrated,4.84,0.0025949922026039735,0.0018921102837024387
21,20,KNN,brute,101,uncalibrated,4.85,0.0002796314466995104,0.0002591885957063631
21,20,KNN,brute,101,uncalibrated,4.86,5.359922758675313e-05,3.910169866843179e-05
21,20,KNN,brute,101,uncalibrated,4.87,7.034391671891244e-05,6.824137870183042e-05
21,20,KNN,brute,101,uncalibrated,4.88,3.9132624848481423e-07,2.747488228115074e-07
21,20,KNN,brute,101,uncalibrated,4.9,1.8779617804730084e-07,1.8779617804730325e-07
21,20,KNN,brute,101,uncalibrated,4.93,0.0,0.0
21,20,KNN,brute,151,uncalibrated,4.67,0.0,0.0
21,20,KNN,brute,151,uncalibrated,4.7,0.0,0.0
21,20,KNN,brute,151,uncalibrated,4.72,0.00034806461620297773,0.0003344885662880262
21,20,KNN,brute,151,uncalibrated,4.73,0.006180621391348608,0.0036683842725202444
21,20,KNN,brute,151,uncalibrated,4.74,0.01194773507152056,0.0037093645034233357
21,20,KNN,brute,151,uncalibrated,4.75,0.03124374383619405,0.01083218661189537
21,20,KNN,brute,151,uncalibrated,4.76,0.06883108425242529,0.01814743242864739
21,20,KNN,brute,151,uncalibrated,4.77,0.10356962062316136,0.01386766010152092
21,20,KNN,brute,151,uncalibrated,4.78,0.13805706408529062,0.00509834957630531
21,20,KNN,brute,151,uncalibrated,4.79,0.11138068432490933,0.005211354551625452
21,20,KNN,brute,151,uncalibrated,4.81,0.03907333353417499,0.01023038978496812
21,20,KNN,brute,151,uncalibrated,4.82,0.014088227429321684,0.0032536994147363777
21,20,KNN,brute,151,uncalibrated,4.83,0.011179444770505123,0.0048034656269034925
21,20,KNN,brute,151,uncalibrated,4.84,0.0039024946036596924,0.002271483937685096
21,20,KNN,brute,151,uncalibrated,4.85,0.00050960496062261,0.0004352711355510662
21,20,KNN,brute,151,uncalibrated,4.86,0.00016393416779143658,0.00012268914525897376
21,20,KNN,brute,151,uncalibrated,4.87,0.00018022674603354589,0.00016648630756505123
21,20,KNN,brute,151,uncalibrated,4.88,2.927475532284844e-07,1.9247815683248364e-07
21,20,KNN,brute,151,uncalibrated,4.9,8.401863129951848e-08,8.401863129952883e-08
21,20,KNN,brute,151,uncalibrated,4.93,0.0,0.0
21,20,KNN,brute,201,uncalibrated,4.67,0.0,0.0
21,20,KNN,brute,201,uncalibrated,4.7,0.0,0.0
21,20,KNN,brute,201,uncalibrated,4.72,0.00037070547223375165,0.0003554817008950276
21,20,KNN,brute,201,uncalibrated,4.73,0.007455492353244933,0.003515062519279995
21,20,KNN,brute,201,uncalibrated,4.74,0.011344778260232178,0.0034827508035658195
21,20,KNN,brute,201,uncalibrated,4.75,0.029454143026044384,0.010217435506750064
21,20,KNN,brute,201,uncalibrated,4.76,0.06328409698762585,0.01685697491079189
21,20,KNN,brute,201,uncalibrated,4.77,0.09645777256636812,0.013344358976677594
21,20,KNN,brute,201,uncalibrated,4.78,0.13116927301420753,0.005176052115965622
21,20,KNN,brute,201,uncalibrated,4.79,0.11344916091557743,0.004846666629190638
21,20,KNN,brute,201,uncalibrated,4.81,0.04466007789181288,0.010080196034751611
21,20,KNN,brute,201,uncalibrated,4.82,0.018484514309033577,0.003593490389548239
21,20,KNN,brute,201,uncalibrated,4.83,0.013851403163351452,0.005094501073023447
21,20,KNN,brute,201,uncalibrated,4.84,0.005517244662883301,0.0026825384500871966
21,20,KNN,brute,201,uncalibrated,4.85,0.0008088365925630043,0.0005731563149186946
21,20,KNN,brute,201,uncalibrated,4.86,0.0003746825362635749,0.0002404003362164236
21,20,KNN,brute,201,uncalibrated,4.87,0.0002733274266353247,0.00023297531460450636
21,20,KNN,brute,201,uncalibrated,4.88,1.0335776793595881e-06,6.251640626824163e-07
21,20,KNN,brute,201,uncalibrated,4.9,1.1854340314972047e-06,1.185434031497076e-06
21,20,KNN,brute,201,uncalibrated,4.93,0.0,0.0
12,12,KNN,auto,1,uncalibrated,4.67,0.0,0.0
12,12,KNN,auto,1,uncalibrated,4.7,0.0,0.0
12,12,KNN,auto,1,uncalibrated,4.72,0.0,0.0
12,12,KNN,auto,1,uncalibrated,4.73,0.0,0.0
12,12,KNN,auto,1,uncalibrated,4.74,0.007281726243667368,0.007210513852711344
12,12,KNN,auto,1,uncalibrated,4.75,0.033955199456788744,0.010914396033521997
12,12,KNN,auto,1,uncalibrated,4.76,0.13007286761361783,0.017142651172800803
12,12,KNN,auto,1,uncalibrated,4.77,0.23898407602040328,0.005044195824351796
12,12,KNN,auto,1,uncalibrated,4.78,0.2321578355653057,0.008092807321453292
12,12,KNN,auto,1,uncalibrated,4.79,0.12930171641777524,0.01245431699746419
12,12,KNN,auto,1,uncalibrated,4.81,0.009534589793831807,0.006812271317652183
12,12,KNN,auto,1,uncalibrated,4.82,0.0,0.0
12,12,KNN,auto,1,uncalibrated,4.83,0.0023529411764706245,0.002352941176470588
12,12,KNN,auto,1,uncalibrated,4.84,0.0018552875695732013,0.0018552875695732839
12,12,KNN,auto,1,uncalibrated,4.85,0.0,0.0
12,12,KNN,auto,1,uncalibrated,4.86,0.0,0.0
12,12,KNN,auto,1,uncalibrated,4.87,0.0,0.0
12,12,KNN,auto,1,uncalibrated,4.88,0.0,0.0
12,12,KNN,auto,1,uncalibrated,4.9,0.0,0.0
12,12,KNN,auto,1,uncalibrated,4.93,0.0,0.0
12,12,KNN,auto,3,uncalibrated,4.67,0.0,0.0
12,12,KNN,auto,3,uncalibrated,4.7,0.0,0.0
12,12,KNN,auto,3,uncalibrated,4.72,0.0,0.0
12,12,KNN,auto,3,uncalibrated,4.73,0.0,0.0
12,12,KNN,auto,3,uncalibrated,4.74,0.006716175410637957,0.006102823164153972
12,12,KNN,auto,3,uncalibrated,4.75,0.038006940119400395,0.010997274752704522
12,12,KNN,auto,3,uncalibrated,4.76,0.12374141350729609,0.011689809326244704
12,12,KNN,auto,3,uncalibrated,4.77,0.19923544830646595,0.007254742037350714
12,12,KNN,auto,3,uncalibrated,4.78,0.17771858626664638,0.007613778717819737
12,12,KNN,auto,3,uncalibrated,4.79,0.0806546832675985,0.012685979062720855
12,12,KNN,auto,3,uncalibrated,4.81,0.006129998217874484,0.005630949015172935
12,12,KNN,auto,3,uncalibrated,4.82,0.0011384386390899828,0.001135938318736432
12,12,KNN,auto,3,uncalibrated,4.83,0.0002614379084967276,0.00026143790849673216
12,12,KNN,auto,3,uncalibrated,4.84,0.00038850277581957963,0.0003871372292424924
12,12,KNN,auto,3,uncalibrated,4.85,0.0,0.0
12,12,KNN,auto,3,uncalibrated,4.86,0.0,0.0
12,12,KNN,auto,3,uncalibrated,4.87,0.0,0.0
12,12,KNN,auto,3,uncalibrated,4.88,0.0,0.0
12,12,KNN,auto,3,uncalibrated,4.9,0.0,0.0
12,12,KNN,auto,3,uncalibrated,4.93,0.0,0.0
12,12,KNN,auto,5,uncalibrated,4.67,0.0,0.0
12,12,KNN,auto,5,uncalibrated,4.7,0.0,0.0
12,12,KNN,auto,5,uncalibrated,4.72,0.0,0.0
12,12,KNN,auto,5,uncalibrated,4.73,0.0,0.0
12,12,KNN,auto,5,uncalibrated,4.74,0.006472988552435311,0.006011366327255504
12,12,KNN,auto,5,uncalibrated,4.75,0.041869384275039695,0.008751769085829964
12,12,KNN,auto,5,uncalibrated,4.76,0.12356705332020736,0.011311580811314843
12,12,KNN,auto,5,uncalibrated,4.77,0.19076790404414673,0.006234519104084332
12,12,KNN,auto,5,uncalibrated,4.78,0.16769259211875562,0.009282786821569036
12,12,KNN,auto,5,uncalibrated,4.79,0.07183316919487127,0.011049135554662321
12,12,KNN,auto,5,uncalibrated,4.81,0.00608369818564511,0.005401421426691235
12,12,KNN,auto,5,uncalibrated,4.82,0.001715110246496766,0.0016161166168436204
12,12,KNN,auto,5,uncalibrated,4.83,9.411764705880631e-05,9.411764705882358e-05
12,12,KNN,auto,5,uncalibrated,4.84,0.00034965206852016745,0.0003486688749846644
12,12,KNN,auto,5,uncalibrated,4.85,0.0,0.0
12,12,KNN,auto,5,uncalibrated,4.86,0.0,0.0
12,12,KNN,auto,5,uncalibrated,4.87,0.0,0.0
12,12,KNN,auto,5,uncalibrated,4.88,0.0,0.0
12,12,KNN,auto,5,uncalibrated,4.9,0.0,0.0
12,12,KNN,auto,5,uncalibrated,4.93,0.0,0.0
12,12,KNN,auto,7,uncalibrated,4.67,0.0,0.0
12,12,KNN,auto,7,uncalibrated,4.7,0.0,0.0
12,12,KNN,auto,7,uncalibrated,4.72,0.0,0.0
12,12,KNN,auto,7,uncalibrated,4.73,0.0,0.0
12,12,KNN,auto,7,uncalibrated,4.74,0.006317525826338113,0.006034011994568132
12,12,KNN,auto,7,uncalibrated,4.75,0.04302398062277275,0.008793734521263976
12,12,KNN,auto,7,uncalibrated,4.76,0.12237766840980073,0.011494769600626939
12,12,KNN,auto,7,uncalibrated,4.77,0.18858078492890143,0.005548861679655919
12,12,KNN,auto,7,uncalibrated,4.78,0.16118930029799672,0.009452473458002444
12,12,KNN,auto,7,uncalibrated,4.79,0.06941643649370409,0.01031541861012003
12,12,KNN,auto,7,uncalibrated,4.81,0.004853609715248644,0.00448157678443844
12,12,KNN,auto,7,uncalibrated,4.82,0.0008750562482126342,0.0008245492943079696
12,12,KNN,auto,7,uncalibrated,4.83,0.00012109175289220257,8.236229593371565e-05
12,12,KNN,auto,7,uncalibrated,4.84,0.00017839391251028922,0.000177892283155441
12,12,KNN,auto,7,uncalibrated,4.85,0.0,0.0
12,12,KNN,auto,7,uncalibrated,4.86,0.0,0.0
12,12,KNN,auto,7,uncalibrated,4.87,0.0,0.0
12,12,KNN,auto,7,uncalibrated,4.88,0.0,0.0
12,12,KNN,auto,7,uncalibrated,4.9,0.0,0.0
12,12,KNN,auto,7,uncalibrated,4.93,0.0,0.0
12,12,KNN,auto,9,uncalibrated,4.67,0.0,0.0
12,12,KNN,auto,9,uncalibrated,4.7,0.0,0.0
12,12,KNN,auto,9,uncalibrated,4.72,0.0,0.0
12,12,KNN,auto,9,uncalibrated,4.73,0.0,0.0
12,12,KNN,auto,9,uncalibrated,4.74,0.006056947947857788,0.005801709041901638
12,12,KNN,auto,9,uncalibrated,4.75,0.044421039768581645,0.008997092040546868
12,12,KNN,auto,9,uncalibrated,4.76,0.12388699190987455,0.011442849083139585
12,12,KNN,auto,9,uncalibrated,4.77,0.1876675907609093,0.0055269460070507676
12,12,KNN,auto,9,uncalibrated,4.78,0.161177961911308,0.009983556058146941
12,12,KNN,auto,9,uncalibrated,4.79,0.06712027321707559,0.009479754136983286
12,12,KNN,auto,9,uncalibrated,4.81,0.004700701678756517,0.004448864061042705
12,12,KNN,auto,9,uncalibrated,4.82,0.0005597356509763333,0.0004987540384083688
12,12,KNN,auto,9,uncalibrated,4.83,7.325303570022137e-05,4.982410494755634e-05
12,12,KNN,auto,9,uncalibrated,4.84,0.00021583434493994632,0.00021537916274758383
12,12,KNN,auto,9,uncalibrated,4.85,0.0,0.0
12,12,KNN,auto,9,uncalibrated,4.86,0.0,0.0
12,12,KNN,auto,9,uncalibrated,4.87,0.0,0.0
12,12,KNN,auto,9,uncalibrated,4.88,0.0,0.0
12,12,KNN,auto,9,uncalibrated,4.9,0.0,0.0
12,12,KNN,auto,9,uncalibrated,4.93,0.0,0.0
12,12,KNN,auto,11,uncalibrated,4.67,0.0,0.0
12,12,KNN,auto,11,uncalibrated,4.7,0.0,0.0
12,12,KNN,auto,11,uncalibrated,4.72,0.0,0.0
12,12,KNN,auto,11,uncalibrated,4.73,0.0,0.0
12,12,KNN,auto,11,uncalibrated,4.74,0.006567843403858962,0.006226919486558262
12,12,KNN,auto,11,uncalibrated,4.75,0.04527298003260048,0.009228909141818238
12,12,KNN,auto,11,uncalibrated,4.76,0.1227855237256668,0.011455523716171355
12,12,KNN,auto,11,uncalibrated,4.77,0.18527077166032457,0.008570433040429454
12,12,KNN,auto,11,uncalibrated,4.78,0.16030278599769082,0.01042048480237906
12,12,KNN,auto,11,uncalibrated,4.79,0.06352238021067766,0.00891044071151179
12,12,KNN,auto,11,uncalibrated,4.81,0.0043713190028419205,0.004034216147451687
12,12,KNN,auto,11,uncalibrated,4.82,0.0005623148105200339,0.0005210438341274305
12,12,KNN,auto,11,uncalibrated,4.83,0.0001162117635412516,8.153509743673607e-05
12,12,KNN,auto,11,uncalibrated,4.84,0.00014448414826558363,0.00014417943952524202
12,12,KNN,auto,11,uncalibrated,4.85,0.0,0.0
12,12,KNN,auto,11,uncalibrated,4.86,0.0,0.0
12,12,KNN,auto,11,uncalibrated,4.87,0.0,0.0
12,12,KNN,auto,11,uncalibrated,4.88,0.0,0.0
12,12,KNN,auto,11,uncalibrated,4.9,0.0,0.0
12,12,KNN,auto,11,uncalibrated,4.93,0.0,0.0
12,12,KNN,auto,13,uncalibrated,4.67,0.0,0.0
12,12,KNN,auto,13,uncalibrated,4.7,0.0,0.0
12,12,KNN,auto,13,uncalibrated,4.72,0.0,0.0
12,12,KNN,auto,13,uncalibrated,4.73,0.0,0.0
12,12,KNN,auto,13,uncalibrated,4.74,0.006744969886800479,0.006443440892155805
12,12,KNN,auto,13,uncalibrated,4.75,0.045727090421499264,0.009236145376590992
12,12,KNN,auto,13,uncalibrated,4.76,0.12227746228574009,0.011302240500972744
12,12,KNN,auto,13,uncalibrated,4.77,0.18372213880524305,0.007888321266247666
12,12,KNN,auto,13,uncalibrated,4.78,0.16017855199312597,0.009916567905591268
12,12,KNN,auto,13,uncalibrated,4.79,0.061634120745344176,0.008877819831931746
12,12,KNN,auto,13,uncalibrated,4.81,0.004618313749427555,0.00435631439741833
12,12,KNN,auto,13,uncalibrated,4.82,0.0005668171684453364,0.00053709499333007
12,12,KNN,auto,13,uncalibrated,4.83,8.320487212125802e-05,5.8377199939911585e-05
12,12,KNN,auto,13,uncalibrated,4.84,0.0001864614735834012,0.0001756738759133545
12,12,KNN,auto,13,uncalibrated,4.85,0.0,0.0
12,12,KNN,auto,13,uncalibrated,4.86,0.0,0.0
12,12,KNN,auto,13,uncalibrated,4.87,0.0,0.0
12,12,KNN,auto,13,uncalibrated,4.88,0.0,0.0
12,12,KNN,auto,13,uncalibrated,4.9,0.0,0.0
12,12,KNN,auto,13,uncalibrated,4.93,0.0,0.0
12,12,KNN,auto,15,uncalibrated,4.67,0.0,0.0
12,12,KNN,auto,15,uncalibrated,4.7,0.0,0.0
12,12,KNN,auto,15,uncalibrated,4.72,0.0,0.0
12,12,KNN,auto,15,uncalibrated,4.73,0.0,0.0
12,12,KNN,auto,15,uncalibrated,4.74,0.00689408347559487,0.006470544899623753
12,12,KNN,auto,15,uncalibrated,4.75,0.04616639709520095,0.009185006761571942
12,12,KNN,auto,15,uncalibrated,4.76,0.12103090639302072,0.01148582160886116
12,12,KNN,auto,15,uncalibrated,4.77,0.18296517239872895,0.006844845975280789
12,12,KNN,auto,15,uncalibrated,4.78,0.15964210655043193,0.01021850302185029
12,12,KNN,auto,15,uncalibrated,4.79,0.06332304576767778,0.008881364150496823
12,12,KNN,auto,15,uncalibrated,4.81,0.004690647995464215,0.004348870235507071
12,12,KNN,auto,15,uncalibrated,4.82,0.000459011865337736,0.0004049859388710846
12,12,KNN,auto,15,uncalibrated,4.83,6.249610394885205e-05,4.3847763510422396e-05
12,12,KNN,auto,15,uncalibrated,4.84,0.00021423378777762596,0.00020604019799203062
12,12,KNN,auto,15,uncalibrated,4.85,0.0,0.0
12,12,KNN,auto,15,uncalibrated,4.86,0.0,0.0
12,12,KNN,auto,15,uncalibrated,4.87,0.0,0.0
12,12,KNN,auto,15,uncalibrated,4.88,0.0,0.0
12,12,KNN,auto,15,uncalibrated,4.9,0.0,0.0
12,12,KNN,auto,15,uncalibrated,4.93,0.0,0.0
12,12,KNN,auto,17,uncalibrated,4.67,0.0,0.0
12,12,KNN,auto,17,uncalibrated,4.7,0.0,0.0
12,12,KNN,auto,17,uncalibrated,4.72,0.0,0.0
12,12,KNN,auto,17,uncalibrated,4.73,0.0,0.0
12,12,KNN,auto,17,uncalibrated,4.74,0.0071360470999061575,0.006652029952959859
12,12,KNN,auto,17,uncalibrated,4.75,0.04574808127086422,0.009119299420788375
12,12,KNN,auto,17,uncalibrated,4.76,0.1215832633395199,0.011299561901989899
12,12,KNN,auto,17,uncalibrated,4.77,0.18248890471079332,0.0061367397458867295
12,12,KNN,auto,17,uncalibrated,4.78,0.15930726290820507,0.010219526525845388
12,12,KNN,auto,17,uncalibrated,4.79,0.06241177355376074,0.008744953565550813
12,12,KNN,auto,17,uncalibrated,4.81,0.00481568403931299,0.004523438906553751
12,12,KNN,auto,17,uncalibrated,4.82,0.00047082110710766156,0.00042822912648214515
12,12,KNN,auto,17,uncalibrated,4.83,4.86561362923571e-05,3.4137532144792616e-05
12,12,KNN,auto,17,uncalibrated,4.84,0.00023738335848956112,0.00023096607941370045
12,12,KNN,auto,17,uncalibrated,4.85,0.0,0.0
12,12,KNN,auto,17,uncalibrated,4.86,0.0,0.0
12,12,KNN,auto,17,uncalibrated,4.87,0.0,0.0
12,12,KNN,auto,17,uncalibrated,4.88,0.0,0.0
12,12,KNN,auto,17,uncalibrated,4.9,0.0,0.0
12,12,KNN,auto,17,uncalibrated,4.93,0.0,0.0
12,12,KNN,auto,19,uncalibrated,4.67,0.0,0.0
12,12,KNN,auto,19,uncalibrated,4.7,0.0,0.0
12,12,KNN,auto,19,uncalibrated,4.72,0.0,0.0
12,12,KNN,auto,19,uncalibrated,4.73,7.195021045436557e-06,7.195021045436559e-06
12,12,KNN,auto,19,uncalibrated,4.74,0.00699513322145546,0.006549249165137753
12,12,KNN,auto,19,uncalibrated,4.75,0.04634440207717122,0.009165339157363405
12,12,KNN,auto,19,uncalibrated,4.76,0.12107079541598224,0.010942262627905106
12,12,KNN,auto,19,uncalibrated,4.77,0.18200174782078252,0.005946059240049373
12,12,KNN,auto,19,uncalibrated,4.78,0.15901710113940448,0.010914228838999063
12,12,KNN,auto,19,uncalibrated,4.79,0.06197780115034289,0.00863674542639214
12,12,KNN,auto,19,uncalibrated,4.81,0.0044334567779256775,0.004102260472394325
12,12,KNN,auto,19,uncalibrated,4.82,0.00048173804780541127,0.0004473658269338947
12,12,KNN,auto,19,uncalibrated,4.83,4.534555575816448e-05,2.7890928344403767e-05
12,12,KNN,auto,19,uncalibrated,4.84,0.00019003820111768773,0.00018490082257772696
12,12,KNN,auto,19,uncalibrated,4.85,0.0,0.0
12,12,KNN,auto,19,uncalibrated,4.86,0.0,0.0
12,12,KNN,auto,19,uncalibrated,4.87,0.0,0.0
12,12,KNN,auto,19,uncalibrated,4.88,0.0,0.0
12,12,KNN,auto,19,uncalibrated,4.9,0.0,0.0
12,12,KNN,auto,19,uncalibrated,4.93,0.0,0.0
12,12,KNN,auto,21,uncalibrated,4.67,0.0,0.0
12,12,KNN,auto,21,uncalibrated,4.7,0.0,0.0
12,12,KNN,auto,21,uncalibrated,4.72,0.0,0.0
12,12,KNN,auto,21,uncalibrated,4.73,5.889801808169154e-06,5.889801808169155e-06
12,12,KNN,auto,21,uncalibrated,4.74,0.006475237515506345,0.005975993681078083
12,12,KNN,auto,21,uncalibrated,4.75,0.04592724131441989,0.009154086298051882
12,12,KNN,auto,21,uncalibrated,4.76,0.12061954129008114,0.011061305722182072
12,12,KNN,auto,21,uncalibrated,4.77,0.181305476598299,0.005803375368592725
12,12,KNN,auto,21,uncalibrated,4.78,0.1588652380984733,0.010988402799520555
12,12,KNN,auto,21,uncalibrated,4.79,0.061344063121241,0.008654038787510986
12,12,KNN,auto,21,uncalibrated,4.81,0.004237174036538762,0.003922940297174116
12,12,KNN,auto,21,uncalibrated,4.82,0.0006003156939150661,0.0005719153779473654
12,12,KNN,auto,21,uncalibrated,4.83,3.711960460021863e-05,2.2831349506416717e-05
12,12,KNN,auto,21,uncalibrated,4.84,0.00021023935169194808,0.00020601896467050985
12,12,KNN,auto,21,uncalibrated,4.85,0.0,0.0
12,12,KNN,auto,21,uncalibrated,4.86,0.0,0.0
12,12,KNN,auto,21,uncalibrated,4.87,0.0,0.0
12,12,KNN,auto,21,uncalibrated,4.88,0.0,0.0
12,12,KNN,auto,21,uncalibrated,4.9,0.0,0.0
12,12,KNN,auto,21,uncalibrated,4.93,0.0,0.0
12,12,KNN,auto,23,uncalibrated,4.67,0.0,0.0
12,12,KNN,auto,23,uncalibrated,4.7,0.0,0.0
12,12,KNN,auto,23,uncalibrated,4.72,0.0,0.0
12,12,KNN,auto,23,uncalibrated,4.73,4.910023813615496e-06,4.910023813615496e-06
12,12,KNN,auto,23,uncalibrated,4.74,0.006563723350671883,0.006123546140117557
12,12,KNN,auto,23,uncalibrated,4.75,0.046012594780331234,0.009127041171227696
12,12,KNN,auto,23,uncalibrated,4.76,0.1212919481831225,0.011044691822467765
12,12,KNN,auto,23,uncalibrated,4.77,0.18035950835014183,0.005605325881482687
12,12,KNN,auto,23,uncalibrated,4.78,0.15780590057629856,0.010996561365487892
12,12,KNN,auto,23,uncalibrated,4.79,0.06159021463268538,0.008839851433364581
12,12,KNN,auto,23,uncalibrated,4.81,0.004051814583574544,0.003703770971025163
12,12,KNN,auto,23,uncalibrated,4.82,0.0006006254659200083,0.0005768823325707237
12,12,KNN,auto,23,uncalibrated,4.83,3.094469873099496e-05,1.9033317830491023e-05
12,12,KNN,auto,23,uncalibrated,4.84,0.0002278599106388654,0.0002243335826904359
12,12,KNN,auto,23,uncalibrated,4.85,0.0,0.0
12,12,KNN,auto,23,uncalibrated,4.86,0.0,0.0
12,12,KNN,auto,23,uncalibrated,4.87,0.0,0.0
12,12,KNN,auto,23,uncalibrated,4.88,0.0,0.0
12,12,KNN,auto,23,uncalibrated,4.9,0.0,0.0
12,12,KNN,auto,23,uncalibrated,4.93,0.0,0.0
12,12,KNN,auto,25,uncalibrated,4.67,0.0,0.0
12,12,KNN,auto,25,uncalibrated,4.7,0.0,0.0
12,12,KNN,auto,25,uncalibrated,4.72,0.0,0.0
12,12,KNN,auto,25,uncalibrated,4.73,4.155844155844155e-06,4.155844155844156e-06
12,12,KNN,auto,25,uncalibrated,4.74,0.006535453618897322,0.00614228747336017
12,12,KNN,auto,25,uncalibrated,4.75,0.0466678284873473,0.009197811999110512
12,12,KNN,auto,25,uncalibrated,4.76,0.12144342793434343,0.011141184584491596
12,12,KNN,auto,25,uncalibrated,4.77,0.17991643108129773,0.005392673339755726
12,12,KNN,auto,25,uncalibrated,4.78,0.157771091476606,0.011649888423988841
12,12,KNN,auto,25,uncalibrated,4.79,0.06124520959712433,0.009059992408034031
12,12,KNN,auto,25,uncalibrated,4.81,0.004023721470651907,0.0037232722061361187
12,12,KNN,auto,25,uncalibrated,4.82,0.0006012368431637502,0.0005810975963571369
12,12,KNN,auto,25,uncalibrated,4.83,2.6191593005915132e-05,1.6109800211727608e-05
12,12,KNN,auto,25,uncalibrated,4.84,0.00024331329039826053,0.00024032401745339651
12,12,KNN,auto,25,uncalibrated,4.85,0.0,0.0
12,12,KNN,auto,25,uncalibrated,4.86,0.0,0.0
12,12,KNN,auto,25,uncalibrated,4.87,0.0,0.0
12,12,KNN,auto,25,uncalibrated,4.88,0.0,0.0
12,12,KNN,auto,25,uncalibrated,4.9,0.0,0.0
12,12,KNN,auto,25,uncalibrated,4.93,0.0,0.0
12,12,KNN,auto,27,uncalibrated,4.67,0.0,0.0
12,12,KNN,auto,27,uncalibrated,4.7,0.0,0.0
12,12,KNN,auto,27,uncalibrated,4.72,0.0,0.0
12,12,KNN,auto,27,uncalibrated,4.73,9.205900440327937e-06,6.454003819955606e-06
12,12,KNN,auto,27,uncalibrated,4.74,0.006432329449908213,0.006017085221793125
12,12,KNN,auto,27,uncalibrated,4.75,0.04724735544051272,0.009219769174648819
12,12,KNN,auto,27,uncalibrated,4.76,0.12237996940333976,0.010875136881673178
12,12,KNN,auto,27,uncalibrated,4.77,0.17942803289182088,0.005600002272036636
12,12,KNN,auto,27,uncalibrated,4.78,0.1580275695988385,0.011170945468946411
12,12,KNN,auto,27,uncalibrated,4.79,0.06117716632078804,0.009091592983196348
12,12,KNN,auto,27,uncalibrated,4.81,0.0038372367662771073,0.0035718714673107044
12,12,KNN,auto,27,uncalibrated,4.82,0.0006020105453134539,0.0005847158320948719
12,12,KNN,auto,27,uncalibrated,4.83,2.2455069449515547e-05,1.381155710881996e-05
12,12,KNN,auto,27,uncalibrated,4.84,0.00025694690728260834,0.00025438131574902396
12,12,KNN,auto,27,uncalibrated,4.85,0.0,0.0
12,12,KNN,auto,27,uncalibrated,4.86,0.0,0.0
12,12,KNN,auto,27,uncalibrated,4.87,0.0,0.0
12,12,KNN,auto,27,uncalibrated,4.88,0.0,0.0
12,12,KNN,auto,27,uncalibrated,4.9,0.0,0.0
12,12,KNN,auto,27,uncalibrated,4.93,0.0,0.0
12,12,KNN,auto,29,uncalibrated,4.67,0.0,0.0
12,12,KNN,auto,29,uncalibrated,4.7,0.0,0.0
12,12,KNN,auto,29,uncalibrated,4.72,0.0,0.0
12,12,KNN,auto,29,uncalibrated,4.73,7.97990656480274e-06,5.594493204218349e-06
12,12,KNN,auto,29,uncalibrated,4.74,0.0064670306937691276,0.006029984713686416
12,12,KNN,auto,29,uncalibrated,4.75,0.0474245020336629,0.009194191843992859
12,12,KNN,auto,29,uncalibrated,4.76,0.12303594385364652,0.01076768468080687
12,12,KNN,auto,29,uncalibrated,4.77,0.17999265736001993,0.005528858432806011
12,12,KNN,auto,29,uncalibrated,4.78,0.157416533183277,0.01125511403870999
12,12,KNN,auto,29,uncalibrated,4.79,0.06045906156101411,0.00888825949273874
12,12,KNN,auto,29,uncalibrated,4.81,0.0039345727268239195,0.003638570427142676
12,12,KNN,auto,29,uncalibrated,4.82,0.0006898959854902884,0.0006748693587826381
12,12,KNN,auto,29,uncalibrated,4.83,1.9464620248151588e-05,1.1972205864839175e-05
12,12,KNN,auto,29,uncalibrated,4.84,0.00022272805637220787,0.00022050413695723963
12,12,KNN,auto,29,uncalibrated,4.85,0.0,0.0
12,12,KNN,auto,29,uncalibrated,4.86,0.0,0.0
12,12,KNN,auto,29,uncalibrated,4.87,0.0,0.0
12,12,KNN,auto,29,uncalibrated,4.88,0.0,0.0
12,12,KNN,auto,29,uncalibrated,4.9,0.0,0.0
12,12,KNN,auto,29,uncalibrated,4.93,0.0,0.0
12,12,KNN,auto,31,uncalibrated,4.67,0.0,0.0
12,12,KNN,auto,31,uncalibrated,4.7,0.0,0.0
12,12,KNN,auto,31,uncalibrated,4.72,0.0,0.0
12,12,KNN,auto,31,uncalibrated,4.73,1.7470557969823818e-05,1.4353666784315722e-05
12,12,KNN,auto,31,uncalibrated,4.74,0.006263479630570339,0.005869140377147788
12,12,KNN,auto,31,uncalibrated,4.75,0.047417008955121166,0.009091519861495813
12,12,KNN,auto,31,uncalibrated,4.76,0.12293310836191793,0.010605351481262203
12,12,KNN,auto,31,uncalibrated,4.77,0.17959726932909303,0.005385848256522181
12,12,KNN,auto,31,uncalibrated,4.78,0.1574112805497811,0.011069171539409353
12,12,KNN,auto,31,uncalibrated,4.79,0.0598791181526382,0.008708334945464816
12,12,KNN,auto,31,uncalibrated,4.81,0.0039033052592762933,0.0035804250901109455
12,12,KNN,auto,31,uncalibrated,4.82,0.0006851682617117414,0.0006720069080002392
12,12,KNN,auto,31,uncalibrated,4.83,1.703407453558455e-05,1.0477237390561659e-05
12,12,KNN,auto,31,uncalibrated,4.84,0.00023545094636656964,0.00023350319972138367
12,12,KNN,auto,31,uncalibrated,4.85,0.0,0.0
12,12,KNN,auto,31,uncalibrated,4.86,0.0,0.0
12,12,KNN,auto,31,uncalibrated,4.87,0.0,0.0
12,12,KNN,auto,31,uncalibrated,4.88,0.0,0.0
12,12,KNN,auto,31,uncalibrated,4.9,0.0,0.0
12,12,KNN,auto,31,uncalibrated,4.93,0.0,0.0
12,12,KNN,auto,33,uncalibrated,4.67,0.0,0.0
12,12,KNN,auto,33,uncalibrated,4.7,0.0,0.0
12,12,KNN,auto,33,uncalibrated,4.72,0.0,0.0
12,12,KNN,auto,33,uncalibrated,4.73,1.5417085591370537e-05,1.266655076191681e-05
12,12,KNN,auto,33,uncalibrated,4.74,0.006462090963213752,0.0060926575726481
12,12,KNN,auto,33,uncalibrated,4.75,0.04703329194466218,0.009062060890413868
12,12,KNN,auto,33,uncalibrated,4.76,0.12274569147405999,0.010677029760788916
12,12,KNN,auto,33,uncalibrated,4.77,0.17887754064012115,0.005334243101657517
12,12,KNN,auto,33,uncalibrated,4.78,0.15693375487431238,0.011056168378344097
12,12,KNN,auto,33,uncalibrated,4.79,0.05957809072999494,0.008802841309409115
12,12,KNN,auto,33,uncalibrated,4.81,0.003894332917452969,0.0036033733577744372
12,12,KNN,auto,33,uncalibrated,4.82,0.0007622466171459076,0.0007506175092996576
12,12,KNN,auto,33,uncalibrated,4.83,1.5031905995130835e-05,9.245753105904255e-06
12,12,KNN,auto,33,uncalibrated,4.84,0.00020777627131155058,0.00020605746091115676
12,12,KNN,auto,33,uncalibrated,4.85,0.0,0.0
12,12,KNN,auto,33,uncalibrated,4.86,0.0,0.0
12,12,KNN,auto,33,uncalibrated,4.87,0.0,0.0
12,12,KNN,auto,33,uncalibrated,4.88,0.0,0.0
12,12,KNN,auto,33,uncalibrated,4.9,0.0,0.0
12,12,KNN,auto,33,uncalibrated,4.93,0.0,0.0
12,12,KNN,auto,35,uncalibrated,4.67,0.0,0.0
12,12,KNN,auto,35,uncalibrated,4.7,0.0,0.0
12,12,KNN,auto,35,uncalibrated,4.72,0.0,0.0
12,12,KNN,auto,35,uncalibrated,4.73,1.3705474456327264e-05,1.1260305126308086e-05
12,12,KNN,auto,35,uncalibrated,4.74,0.006653522710507934,0.0062225132534661975
12,12,KNN,auto,35,uncalibrated,4.75,0.047159484479639455,0.009036486105343378
12,12,KNN,auto,35,uncalibrated,4.76,0.12237440964049512,0.010655835010495886
12,12,KNN,auto,35,uncalibrated,4.77,0.17881484058596575,0.005397393105844992
12,12,KNN,auto,35,uncalibrated,4.78,0.1568079932849268,0.01165177326160588
12,12,KNN,auto,35,uncalibrated,4.79,0.05940454520258462,0.008648516064064134
12,12,KNN,auto,35,uncalibrated,4.81,0.0037340796100735155,0.003473255582833291
12,12,KNN,auto,35,uncalibrated,4.82,0.0007538630668824755,0.0007435200548240871
12,12,KNN,auto,35,uncalibrated,4.83,1.3363057656079755e-05,8.219285822309999e-06
12,12,KNN,auto,35,uncalibrated,4.84,0.0002240123774807613,0.00021795656147121457
12,12,KNN,auto,35,uncalibrated,4.85,0.0,0.0
12,12,KNN,auto,35,uncalibrated,4.86,0.0,0.0
12,12,KNN,auto,35,uncalibrated,4.87,0.0,0.0
12,12,KNN,auto,35,uncalibrated,4.88,0.0,0.0
12,12,KNN,auto,35,uncalibrated,4.9,0.0,0.0
12,12,KNN,auto,35,uncalibrated,4.93,0.0,0.0
12,12,KNN,auto,37,uncalibrated,4.67,0.0,0.0
12,12,KNN,auto,37,uncalibrated,4.7,0.0,0.0
12,12,KNN,auto,37,uncalibrated,4.72,0.0,0.0
12,12,KNN,auto,37,uncalibrated,4.73,1.4673114417080368e-05,1.0295376809923713e-05
12,12,KNN,auto,37,uncalibrated,4.74,0.0065767376129629235,0.006128159698696845
12,12,KNN,auto,37,uncalibrated,4.75,0.04700557888337903,0.009032177562585179
12,12,KNN,auto,37,uncalibrated,4.76,0.12241174476271824,0.010627107189644045
12,12,KNN,auto,37,uncalibrated,4.77,0.1784844980644172,0.00533059711976417
12,12,KNN,auto,37,uncalibrated,4.78,0.15650341070022572,0.011962641851395658
12,12,KNN,auto,37,uncalibrated,4.79,0.05992488838087265,0.008768264749917369
12,12,KNN,auto,37,uncalibrated,4.81,0.003737806540429735,0.0035009362499527066
12,12,KNN,auto,37,uncalibrated,4.82,0.0007464780517463102,0.0007372192270535553
12,12,KNN,auto,37,uncalibrated,4.83,1.1957447500874292e-05,7.354729826391344e-06
12,12,KNN,auto,37,uncalibrated,4.84,0.00023431950462358657,0.00022888990695958813
12,12,KNN,auto,37,uncalibrated,4.85,0.0,0.0
12,12,KNN,auto,37,uncalibrated,4.86,0.0,0.0
12,12,KNN,auto,37,uncalibrated,4.87,0.0,0.0
12,12,KNN,auto,37,uncalibrated,4.88,0.0,0.0
12,12,KNN,auto,37,uncalibrated,4.9,0.0,0.0
12,12,KNN,auto,37,uncalibrated,4.93,0.0,0.0
12,12,KNN,auto,39,uncalibrated,4.67,0.0,0.0
12,12,KNN,auto,39,uncalibrated,4.7,0.0,0.0
12,12,KNN,auto,39,uncalibrated,4.72,0.0,0.0
12,12,KNN,auto,39,uncalibrated,4.73,1.5360207594973162e-05,9.448733303772815e-06
12,12,KNN,auto,39,uncalibrated,4.74,0.006695490681511194,0.006274622722098997
12,12,KNN,auto,39,uncalibrated,4.75,0.047271110262053065,0.009016193427210715
12,12,KNN,auto,39,uncalibrated,4.76,0.12227083819485081,0.010580164484021905
12,12,KNN,auto,39,uncalibrated,4.77,0.17860651055327542,0.00531919420992105
12,12,KNN,auto,39,uncalibrated,4.78,0.1563289817565846,0.011817269752979434
12,12,KNN,auto,39,uncalibrated,4.79,0.0594909292999587,0.00880272860249999
12,12,KNN,auto,39,uncalibrated,4.81,0.0037058090457747967,0.0034872119074439525
12,12,KNN,auto,39,uncalibrated,4.82,0.0008112901773909638,0.000802951297800442
12,12,KNN,auto,39,uncalibrated,4.83,1.0762488907756139e-05,6.619740389434421e-06
12,12,KNN,auto,39,uncalibrated,4.84,0.00024382788716935776,0.00023893323713266223
12,12,KNN,auto,39,uncalibrated,4.85,0.0,0.0
12,12,KNN,auto,39,uncalibrated,4.86,0.0,0.0
12,12,KNN,auto,39,uncalibrated,4.87,0.0,0.0
12,12,KNN,auto,39,uncalibrated,4.88,0.0,0.0
12,12,KNN,auto,39,uncalibrated,4.9,0.0,0.0
12,12,KNN,auto,39,uncalibrated,4.93,0.0,0.0
12,12,KNN,auto,41,uncalibrated,4.67,0.0,0.0
12,12,KNN,auto,41,uncalibrated,4.7,0.0,0.0
12,12,KNN,auto,41,uncalibrated,4.72,0.0,0.0
12,12,KNN,auto,41,uncalibrated,4.73,2.4563619836252432e-05,1.958624560721352e-05
12,12,KNN,auto,41,uncalibrated,4.74,0.00667362401261659,0.0062247714880537906
12,12,KNN,auto,41,uncalibrated,4.75,0.04750363154025221,0.009036270628603021
12,12,KNN,auto,41,uncalibrated,4.76,0.12233701337564272,0.010595196874353192
12,12,KNN,auto,41,uncalibrated,4.77,0.1783666469794014,0.005237721132020013
12,12,KNN,auto,41,uncalibrated,4.78,0.1560657765673952,0.01146315846896609
12,12,KNN,auto,41,uncalibrated,4.79,0.05945189085907099,0.008913118365704312
12,12,KNN,auto,41,uncalibrated,4.81,0.0037032409631106815,0.0035021966306052936
12,12,KNN,auto,41,uncalibrated,4.82,0.0008722297959456607,0.0008646810636147016
12,12,KNN,auto,41,uncalibrated,4.83,9.738099719629051e-06,5.989663969262212e-06
12,12,KNN,auto,41,uncalibrated,4.84,0.0002526184450200126,0.0002481841162254396
12,12,KNN,auto,41,uncalibrated,4.85,0.0,0.0
12,12,KNN,auto,41,uncalibrated,4.86,0.0,0.0
12,12,KNN,auto,41,uncalibrated,4.87,0.0,0.0
12,12,KNN,auto,41,uncalibrated,4.88,0.0,0.0
12,12,KNN,auto,41,uncalibrated,4.9,0.0,0.0
12,12,KNN,auto,41,uncalibrated,4.93,0.0,0.0
12,12,KNN,auto,43,uncalibrated,4.67,0.0,0.0
12,12,KNN,auto,43,uncalibrated,4.7,0.0,0.0
12,12,KNN,auto,43,uncalibrated,4.72,0.0,0.0
12,12,KNN,auto,43,uncalibrated,4.73,2.2331771197804327e-05,1.780664081434609e-05
12,12,KNN,auto,43,uncalibrated,4.74,0.006496138681285662,0.006053902455673284
12,12,KNN,auto,43,uncalibrated,4.75,0.04729406959268567,0.00900556078390799
12,12,KNN,auto,43,uncalibrated,4.76,0.12243641293821239,0.01066170234848712
12,12,KNN,auto,43,uncalibrated,4.77,0.17844651857370486,0.0052474532891713796
12,12,KNN,auto,43,uncalibrated,4.78,0.15567363524158231,0.011333503805064815
12,12,KNN,auto,43,uncalibrated,4.79,0.05909799760210648,0.008971342161960697
12,12,KNN,auto,43,uncalibrated,4.81,0.0036706565153394235,0.00348466751985739
12,12,KNN,auto,43,uncalibrated,4.82,0.0008598793986732641,0.0008530152437002819
12,12,KNN,auto,43,uncalibrated,4.83,8.853296716439665e-06,5.445443554532047e-06
12,12,KNN,auto,43,uncalibrated,4.84,0.00022966555223291209,0.00022563412621685438
12,12,KNN,auto,43,uncalibrated,4.85,0.0,0.0
12,12,KNN,auto,43,uncalibrated,4.86,0.0,0.0
12,12,KNN,auto,43,uncalibrated,4.87,0.0,0.0
12,12,KNN,auto,43,uncalibrated,4.88,0.0,0.0
12,12,KNN,auto,43,uncalibrated,4.9,0.0,0.0
12,12,KNN,auto,43,uncalibrated,4.93,0.0,0.0
12,12,KNN,auto,45,uncalibrated,4.67,0.0,0.0
12,12,KNN,auto,45,uncalibrated,4.7,0.0,0.0
12,12,KNN,auto,45,uncalibrated,4.72,0.0,0.0
12,12,KNN,auto,45,uncalibrated,4.73,2.039083700974838e-05,1.6259001909000452e-05
12,12,KNN,auto,45,uncalibrated,4.74,0.0065714668474333,0.006152743792810096
12,12,KNN,auto,45,uncalibrated,4.75,0.04733822701550361,0.008991595704255945
12,12,KNN,auto,45,uncalibrated,4.76,0.12238553760181216,0.010609918861025571
12,12,KNN,auto,45,uncalibrated,4.77,0.176826899207709,0.0051361590927877405
12,12,KNN,auto,45,uncalibrated,4.78,0.15557346020147533,0.011363754153968009
12,12,KNN,auto,45,uncalibrated,4.79,0.05878136975035345,0.009105443711603205
12,12,KNN,auto,45,uncalibrated,4.81,0.0035736104051673325,0.003401310214116703
12,12,KNN,auto,45,uncalibrated,4.82,0.0008487240663503303,0.0008424554671489781
12,12,KNN,auto,45,uncalibrated,4.83,8.083825001825362e-06,4.972160559175181e-06
12,12,KNN,auto,45,uncalibrated,4.84,0.00023809954119103678,0.00023441474615948753
12,12,KNN,auto,45,uncalibrated,4.85,0.0,0.0
12,12,KNN,auto,45,uncalibrated,4.86,0.0,0.0
12,12,KNN,auto,45,uncalibrated,4.87,0.0,0.0
12,12,KNN,auto,45,uncalibrated,4.88,0.0,0.0
12,12,KNN,auto,45,uncalibrated,4.9,0.0,0.0
12,12,KNN,auto,45,uncalibrated,4.93,0.0,0.0
12,12,KNN,auto,47,uncalibrated,4.67,0.0,0.0
12,12,KNN,auto,47,uncalibrated,4.7,0.0,0.0
12,12,KNN,auto,47,uncalibrated,4.72,0.0,0.0
12,12,KNN,auto,47,uncalibrated,4.73,1.8692369825595366e-05,1.490469844532636e-05
12,12,KNN,auto,47,uncalibrated,4.74,0.0065223607757615275,0.006087253970501704
12,12,KNN,auto,47,uncalibrated,4.75,0.04722321019740557,0.008982717026984189
12,12,KNN,auto,47,uncalibrated,4.76,0.12211916598029969,0.01052498922236556
12,12,KNN,auto,47,uncalibrated,4.77,0.1767142295321202,0.005106911681395512
12,12,KNN,auto,47,uncalibrated,4.78,0.1552198355231974,0.011400004451170662
12,12,KNN,auto,47,uncalibrated,4.79,0.05848327457101929,0.009086850851688703
12,12,KNN,auto,47,uncalibrated,4.81,0.0035559798569878044,0.003392801673775759
12,12,KNN,auto,47,uncalibrated,4.82,0.0008395675384320818,0.0008326849332703409
12,12,KNN,auto,47,uncalibrated,4.83,7.410477876277396e-06,4.558001417985394e-06
12,12,KNN,auto,47,uncalibrated,4.84,0.00021826689493519174,0.0002148890271493719
12,12,KNN,auto,47,uncalibrated,4.85,0.0,0.0
12,12,KNN,auto,47,uncalibrated,4.86,0.0,0.0
12,12,KNN,auto,47,uncalibrated,4.87,0.0,0.0
12,12,KNN,auto,47,uncalibrated,4.88,0.0,0.0
12,12,KNN,auto,47,uncalibrated,4.9,0.0,0.0
12,12,KNN,auto,47,uncalibrated,4.93,0.0,0.0
12,12,KNN,auto,49,uncalibrated,4.67,0.0,0.0
12,12,KNN,auto,49,uncalibrated,4.7,0.0,0.0
12,12,KNN,auto,49,uncalibrated,4.72,0.0,0.0
12,12,KNN,auto,49,uncalibrated,4.73,1.7197603059033674e-05,1.3712819186058285e-05
12,12,KNN,auto,49,uncalibrated,4.74,0.0066105337964982355,0.00614553214714486
12,12,KNN,auto,49,uncalibrated,4.75,0.04689296150645898,0.008936933840593268
12,12,KNN,auto,49,uncalibrated,4.76,0.1223316817424105,0.010519965445895424
12,12,KNN,auto,49,uncalibrated,4.77,0.17694015112623454,0.005063429806383624
12,12,KNN,auto,49,uncalibrated,4.78,0.15488794494831637,0.011569519789813285
12,12,KNN,auto,49,uncalibrated,4.79,0.05835315857089487,0.009211268653306166
12,12,KNN,auto,49,uncalibrated,4.81,0.0035699017610693316,0.003416304036499469
12,12,KNN,auto,49,uncalibrated,4.82,0.0008302549123358694,0.0008239220297173821
12,12,KNN,auto,49,uncalibrated,4.83,6.817886559223881e-06,4.193513174647963e-06
12,12,KNN,auto,49,uncalibrated,4.84,0.00020081281587332387,0.000197705064961667
12,12,KNN,auto,49,uncalibrated,4.85,0.0,0.0
12,12,KNN,auto,49,uncalibrated,4.86,0.0,0.0
12,12,KNN,auto,49,uncalibrated,4.87,0.0,0.0
12,12,KNN,auto,49,uncalibrated,4.88,0.0,0.0
12,12,KNN,auto,49,uncalibrated,4.9,0.0,0.0
12,12,KNN,auto,49,uncalibrated,4.93,0.0,0.0
12,12,KNN,auto,51,uncalibrated,4.67,0.0,0.0
12,12,KNN,auto,51,uncalibrated,4.7,0.0,0.0
12,12,KNN,auto,51,uncalibrated,4.72,0.0,0.0
12,12,KNN,auto,51,uncalibrated,4.73,2.82941416766297e-05,2.1177018078998944e-05
12,12,KNN,auto,51,uncalibrated,4.74,0.006676607079005703,0.006159978907545991
12,12,KNN,auto,51,uncalibrated,4.75,0.04684235099876823,0.008889285957569035
12,12,KNN,auto,51,uncalibrated,4.76,0.12217054724889208,0.010422625741937388
12,12,KNN,auto,51,uncalibrated,4.77,0.1767832898066352,0.005053706898658032
12,12,KNN,auto,51,uncalibrated,4.78,0.154869906362526,0.011700279422623097
12,12,KNN,auto,51,uncalibrated,4.79,0.058187054673334106,0.009094980255675972
12,12,KNN,auto,51,uncalibrated,4.81,0.0034799419252856223,0.003335911517980313
12,12,KNN,auto,51,uncalibrated,4.82,0.0007664137041593148,0.0007605677790662953
12,12,KNN,auto,51,uncalibrated,4.83,6.29363538204406e-06,3.871059258873408e-06
12,12,KNN,auto,51,uncalibrated,4.84,0.00020890507915577412,0.00020603388674603052
12,12,KNN,auto,51,uncalibrated,4.85,0.0,0.0
12,12,KNN,auto,51,uncalibrated,4.86,0.0,0.0
12,12,KNN,auto,51,uncalibrated,4.87,0.0,0.0
12,12,KNN,auto,51,uncalibrated,4.88,0.0,0.0
12,12,KNN,auto,51,uncalibrated,4.9,0.0,0.0
12,12,KNN,auto,51,uncalibrated,4.93,0.0,0.0
12,12,KNN,auto,61,uncalibrated,4.67,0.0,0.0
12,12,KNN,auto,61,uncalibrated,4.7,0.0,0.0
12,12,KNN,auto,61,uncalibrated,4.72,0.0,0.0
12,12,KNN,auto,61,uncalibrated,4.73,3.782582298761505e-05,3.2584523852366025e-05
12,12,KNN,auto,61,uncalibrated,4.74,0.006791679228418344,0.006132702099806265
12,12,KNN,auto,61,uncalibrated,4.75,0.04615279998664916,0.008764730591515335
12,12,KNN,auto,61,uncalibrated,4.76,0.12301400611825469,0.010353845497370763
12,12,KNN,auto,61,uncalibrated,4.77,0.17606530253051147,0.005042464366413559
12,12,KNN,auto,61,uncalibrated,4.78,0.1536221632247779,0.011692607864369611
12,12,KNN,auto,61,uncalibrated,4.79,0.05702042816299889,0.008783226870093546
12,12,KNN,auto,61,uncalibrated,4.81,0.003424352233202223,0.0033107424390219297
12,12,KNN,auto,61,uncalibrated,4.82,0.000743196699359785,0.0007384385355018867
12,12,KNN,auto,61,uncalibrated,4.83,4.7663819901789636e-06,3.1064146293315876e-06
12,12,KNN,auto,61,uncalibrated,4.84,0.000163473051866613,0.00016146467176390524
12,12,KNN,auto,61,uncalibrated,4.85,0.0,0.0
12,12,KNN,auto,61,uncalibrated,4.86,0.0,0.0
12,12,KNN,auto,61,uncalibrated,4.87,0.0,0.0
12,12,KNN,auto,61,uncalibrated,4.88,0.0,0.0
12,12,KNN,auto,61,uncalibrated,4.9,0.0,0.0
12,12,KNN,auto,61,uncalibrated,4.93,0.0,0.0
12,12,KNN,auto,81,uncalibrated,4.67,0.0,0.0
12,12,KNN,auto,81,uncalibrated,4.7,0.0,0.0
12,12,KNN,auto,81,uncalibrated,4.72,0.0,0.0
12,12,KNN,auto,81,uncalibrated,4.73,4.074753876171305e-05,3.290907398904378e-05
12,12,KNN,auto,81,uncalibrated,4.74,0.006663944686848619,0.005947368441947898
12,12,KNN,auto,81,uncalibrated,4.75,0.046614298664557983,0.008765124282246888
12,12,KNN,auto,81,uncalibrated,4.76,0.12258428289809568,0.01030319580406605
12,12,KNN,auto,81,uncalibrated,4.77,0.17379019996358058,0.005180224727562461
12,12,KNN,auto,81,uncalibrated,4.78,0.15230817312089157,0.011583972066033246
12,12,KNN,auto,81,uncalibrated,4.79,0.05616679029829909,0.008754518758119124
12,12,KNN,auto,81,uncalibrated,4.81,0.003407417208051956,0.0032812044673094422
12,12,KNN,auto,81,uncalibrated,4.82,0.0006181051687260701,0.0006154062316981323
12,12,KNN,auto,81,uncalibrated,4.83,3.5014318163104133e-06,2.2110021014057084e-06
12,12,KNN,auto,81,uncalibrated,4.84,0.0001936180371952807,0.0001910563728652807
12,12,KNN,auto,81,uncalibrated,4.85,0.0,0.0
12,12,KNN,auto,81,uncalibrated,4.86,0.0,0.0
12,12,KNN,auto,81,uncalibrated,4.87,0.0,0.0
12,12,KNN,auto,81,uncalibrated,4.88,0.0,0.0
12,12,KNN,auto,81,uncalibrated,4.9,0.0,0.0
12,12,KNN,auto,81,uncalibrated,4.93,0.0,0.0
12,12,KNN,auto,101,uncalibrated,4.67,0.0,0.0
12,12,KNN,auto,101,uncalibrated,4.7,0.0,0.0
12,12,KNN,auto,101,uncalibrated,4.72,0.0,0.0
12,12,KNN,auto,101,uncalibrated,4.73,3.010560665183978e-05,2.1666952203145063e-05
12,12,KNN,auto,101,uncalibrated,4.74,0.006680543821771755,0.005914269059765168
12,12,KNN,auto,101,uncalibrated,4.75,0.04645505143672409,0.008686363372754064
12,12,KNN,auto,101,uncalibrated,4.76,0.12252851869666043,0.010028452557701777
12,12,KNN,auto,101,uncalibrated,4.77,0.17212910244191365,0.005271920251870326
12,12,KNN,auto,101,uncalibrated,4.78,0.1509507109226158,0.0113582704173313
12,12,KNN,auto,101,uncalibrated,4.79,0.05498795871469687,0.008696642146790159
12,12,KNN,auto,101,uncalibrated,4.81,0.003373893512506801,0.0032586392814768
12,12,KNN,auto,101,uncalibrated,4.82,0.0005957784036968657,0.0005940425478461905
12,12,KNN,auto,101,uncalibrated,4.83,3.4802237319599682e-06,2.3321949346339783e-06
12,12,KNN,auto,101,uncalibrated,4.84,0.00016651371672528377,0.00016359082418388937
12,12,KNN,auto,101,uncalibrated,4.85,0.0,0.0
12,12,KNN,auto,101,uncalibrated,4.86,0.0,0.0
12,12,KNN,auto,101,uncalibrated,4.87,0.0,0.0
12,12,KNN,auto,101,uncalibrated,4.88,0.0,0.0
12,12,KNN,auto,101,uncalibrated,4.9,0.0,0.0
12,12,KNN,auto,101,uncalibrated,4.93,0.0,0.0
12,12,KNN,auto,151,uncalibrated,4.67,0.0,0.0
12,12,KNN,auto,151,uncalibrated,4.7,0.0,0.0
12,12,KNN,auto,151,uncalibrated,4.72,0.0,0.0
12,12,KNN,auto,151,uncalibrated,4.73,3.537035118189806e-05,2.204655645895728e-05
12,12,KNN,auto,151,uncalibrated,4.74,0.006982124534649966,0.006007300052468297
12,12,KNN,auto,151,uncalibrated,4.75,0.04660352720626207,0.008605626132495246
12,12,KNN,auto,151,uncalibrated,4.76,0.1202981742392815,0.009719675004509492
12,12,KNN,auto,151,uncalibrated,4.77,0.16948777782586974,0.005411086175245256
12,12,KNN,auto,151,uncalibrated,4.78,0.14818398670962366,0.011711299930751262
12,12,KNN,auto,151,uncalibrated,4.79,0.05395193205209251,0.008780031391123523
12,12,KNN,auto,151,uncalibrated,4.81,0.0033399698436265978,0.003203709619855317
12,12,KNN,auto,151,uncalibrated,4.82,0.0004984668667078127,0.000496811072905949
12,12,KNN,auto,151,uncalibrated,4.83,1.2540114266420717e-05,1.038871526511461e-05
12,12,KNN,auto,151,uncalibrated,4.84,0.00019827011317072324,0.00019524354150786877
12,12,KNN,auto,151,uncalibrated,4.85,0.0,0.0
12,12,KNN,auto,151,uncalibrated,4.86,0.0,0.0
12,12,KNN,auto,151,uncalibrated,4.87,0.0,0.0
12,12,KNN,auto,151,uncalibrated,4.88,0.0,0.0
12,12,KNN,auto,151,uncalibrated,4.9,0.0,0.0
12,12,KNN,auto,151,uncalibrated,4.93,0.0,0.0
12,12,KNN,auto,201,uncalibrated,4.67,0.0,0.0
12,12,KNN,auto,201,uncalibrated,4.7,0.0,0.0
12,12,KNN,auto,201,uncalibrated,4.72,8.777256233212646e-08,8.777256233212401e-08
12,12,KNN,auto,201,uncalibrated,4.73,5.302455823440542e-05,3.405864610928164e-05
12,12,KNN,auto,201,uncalibrated,4.74,0.007245804987107467,0.006146372199566031
12,12,KNN,auto,201,uncalibrated,4.75,0.04647554930321652,0.008523832386783612
12,12,KNN,auto,201,uncalibrated,4.76,0.11910831231845391,0.00963543760554018
12,12,KNN,auto,201,uncalibrated,4.77,0.16688458274216633,0.005910584988911727
12,12,KNN,auto,201,uncalibrated,4.78,0.1467417974255249,0.011720149331404542
12,12,KNN,auto,201,uncalibrated,4.79,0.05314644075585554,0.008812212062957426
12,12,KNN,auto,201,uncalibrated,4.81,0.003450189705266591,0.003274586683113816
12,12,KNN,auto,201,uncalibrated,4.82,0.000518297924593555,0.0005173037609860604
12,12,KNN,auto,201,uncalibrated,4.83,1.177744826045588e-05,9.866867838956398e-06
12,12,KNN,auto,201,uncalibrated,4.84,0.00023436512864321272,0.00023136101892236234
12,12,KNN,auto,201,uncalibrated,4.85,0.0,0.0
12,12,KNN,auto,201,uncalibrated,4.86,0.0,0.0
12,12,KNN,auto,201,uncalibrated,4.87,0.0,0.0
12,12,KNN,auto,201,uncalibrated,4.88,0.0,0.0
12,12,KNN,auto,201,uncalibrated,4.9,0.0,0.0
12,12,KNN,auto,201,uncalibrated,4.93,0.0,0.0
12,12,KNN,kd_tree,1,uncalibrated,4.67,0.0,0.0
12,12,KNN,kd_tree,1,uncalibrated,4.7,0.0,0.0
12,12,KNN,kd_tree,1,uncalibrated,4.72,0.0,0.0
12,12,KNN,kd_tree,1,uncalibrated,4.73,0.0,0.0
12,12,KNN,kd_tree,1,uncalibrated,4.74,0.007281726243667368,0.007210513852711344
12,12,KNN,kd_tree,1,uncalibrated,4.75,0.033955199456788744,0.010914396033521997
12,12,KNN,kd_tree,1,uncalibrated,4.76,0.13007286761361783,0.017142651172800803
12,12,KNN,kd_tree,1,uncalibrated,4.77,0.23898407602040328,0.005044195824351796
12,12,KNN,kd_tree,1,uncalibrated,4.78,0.2321578355653057,0.008092807321453292
12,12,KNN,kd_tree,1,uncalibrated,4.79,0.12930171641777524,0.01245431699746419
12,12,KNN,kd_tree,1,uncalibrated,4.81,0.009534589793831807,0.006812271317652183
12,12,KNN,kd_tree,1,uncalibrated,4.82,0.0,0.0
12,12,KNN,kd_tree,1,uncalibrated,4.83,0.0023529411764706245,0.002352941176470588
12,12,KNN,kd_tree,1,uncalibrated,4.84,0.0018552875695732013,0.0018552875695732839
12,12,KNN,kd_tree,1,uncalibrated,4.85,0.0,0.0
12,12,KNN,kd_tree,1,uncalibrated,4.86,0.0,0.0
12,12,KNN,kd_tree,1,uncalibrated,4.87,0.0,0.0
12,12,KNN,kd_tree,1,uncalibrated,4.88,0.0,0.0
12,12,KNN,kd_tree,1,uncalibrated,4.9,0.0,0.0
12,12,KNN,kd_tree,1,uncalibrated,4.93,0.0,0.0
12,12,KNN,kd_tree,3,uncalibrated,4.67,0.0,0.0
12,12,KNN,kd_tree,3,uncalibrated,4.7,0.0,0.0
12,12,KNN,kd_tree,3,uncalibrated,4.72,0.0,0.0
12,12,KNN,kd_tree,3,uncalibrated,4.73,0.0,0.0
12,12,KNN,kd_tree,3,uncalibrated,4.74,0.006716175410637957,0.006102823164153972
12,12,KNN,kd_tree,3,uncalibrated,4.75,0.038006940119400395,0.010997274752704522
12,12,KNN,kd_tree,3,uncalibrated,4.76,0.12374141350729609,0.011689809326244704
12,12,KNN,kd_tree,3,uncalibrated,4.77,0.19923544830646595,0.007254742037350714
12,12,KNN,kd_tree,3,uncalibrated,4.78,0.17771858626664638,0.007613778717819737
12,12,KNN,kd_tree,3,uncalibrated,4.79,0.0806546832675985,0.012685979062720855
12,12,KNN,kd_tree,3,uncalibrated,4.81,0.006129998217874484,0.005630949015172935
12,12,KNN,kd_tree,3,uncalibrated,4.82,0.0011384386390899828,0.001135938318736432
12,12,KNN,kd_tree,3,uncalibrated,4.83,0.0002614379084967276,0.00026143790849673216
12,12,KNN,kd_tree,3,uncalibrated,4.84,0.00038850277581957963,0.0003871372292424924
12,12,KNN,kd_tree,3,uncalibrated,4.85,0.0,0.0
12,12,KNN,kd_tree,3,uncalibrated,4.86,0.0,0.0
12,12,KNN,kd_tree,3,uncalibrated,4.87,0.0,0.0
12,12,KNN,kd_tree,3,uncalibrated,4.88,0.0,0.0
12,12,KNN,kd_tree,3,uncalibrated,4.9,0.0,0.0
12,12,KNN,kd_tree,3,uncalibrated,4.93,0.0,0.0
12,12,KNN,kd_tree,5,uncalibrated,4.67,0.0,0.0
12,12,KNN,kd_tree,5,uncalibrated,4.7,0.0,0.0
12,12,KNN,kd_tree,5,uncalibrated,4.72,0.0,0.0
12,12,KNN,kd_tree,5,uncalibrated,4.73,0.0,0.0
12,12,KNN,kd_tree,5,uncalibrated,4.74,0.006472988552435311,0.006011366327255504
12,12,KNN,kd_tree,5,uncalibrated,4.75,0.041869384275039695,0.008751769085829964
12,12,KNN,kd_tree,5,uncalibrated,4.76,0.12356705332020736,0.011311580811314843
12,12,KNN,kd_tree,5,uncalibrated,4.77,0.19076790404414673,0.006234519104084332
12,12,KNN,kd_tree,5,uncalibrated,4.78,0.16769259211875562,0.009282786821569036
12,12,KNN,kd_tree,5,uncalibrated,4.79,0.07183316919487127,0.011049135554662321
12,12,KNN,kd_tree,5,uncalibrated,4.81,0.00608369818564511,0.005401421426691235
12,12,KNN,kd_tree,5,uncalibrated,4.82,0.001715110246496766,0.0016161166168436204
12,12,KNN,kd_tree,5,uncalibrated,4.83,9.411764705880631e-05,9.411764705882358e-05
12,12,KNN,kd_tree,5,uncalibrated,4.84,0.00034965206852016745,0.0003486688749846644
12,12,KNN,kd_tree,5,uncalibrated,4.85,0.0,0.0
12,12,KNN,kd_tree,5,uncalibrated,4.86,0.0,0.0
12,12,KNN,kd_tree,5,uncalibrated,4.87,0.0,0.0
12,12,KNN,kd_tree,5,uncalibrated,4.88,0.0,0.0
12,12,KNN,kd_tree,5,uncalibrated,4.9,0.0,0.0
12,12,KNN,kd_tree,5,uncalibrated,4.93,0.0,0.0
12,12,KNN,kd_tree,7,uncalibrated,4.67,0.0,0.0
12,12,KNN,kd_tree,7,uncalibrated,4.7,0.0,0.0
12,12,KNN,kd_tree,7,uncalibrated,4.72,0.0,0.0
12,12,KNN,kd_tree,7,uncalibrated,4.73,0.0,0.0
12,12,KNN,kd_tree,7,uncalibrated,4.74,0.006317525826338113,0.006034011994568132
12,12,KNN,kd_tree,7,uncalibrated,4.75,0.04302398062277275,0.008793734521263976
12,12,KNN,kd_tree,7,uncalibrated,4.76,0.12237766840980073,0.011494769600626939
12,12,KNN,kd_tree,7,uncalibrated,4.77,0.18858078492890143,0.005548861679655919
12,12,KNN,kd_tree,7,uncalibrated,4.78,0.16118930029799672,0.009452473458002444
12,12,KNN,kd_tree,7,uncalibrated,4.79,0.06941643649370409,0.01031541861012003
12,12,KNN,kd_tree,7,uncalibrated,4.81,0.004853609715248644,0.00448157678443844
12,12,KNN,kd_tree,7,uncalibrated,4.82,0.0008750562482126342,0.0008245492943079696
12,12,KNN,kd_tree,7,uncalibrated,4.83,0.00012109175289220257,8.236229593371565e-05
12,12,KNN,kd_tree,7,uncalibrated,4.84,0.00017839391251028922,0.000177892283155441
12,12,KNN,kd_tree,7,uncalibrated,4.85,0.0,0.0
12,12,KNN,kd_tree,7,uncalibrated,4.86,0.0,0.0
12,12,KNN,kd_tree,7,uncalibrated,4.87,0.0,0.0
12,12,KNN,kd_tree,7,uncalibrated,4.88,0.0,0.0
12,12,KNN,kd_tree,7,uncalibrated,4.9,0.0,0.0
12,12,KNN,kd_tree,7,uncalibrated,4.93,0.0,0.0
12,12,KNN,kd_tree,9,uncalibrated,4.67,0.0,0.0
12,12,KNN,kd_tree,9,uncalibrated,4.7,0.0,0.0
12,12,KNN,kd_tree,9,uncalibrated,4.72,0.0,0.0
12,12,KNN,kd_tree,9,uncalibrated,4.73,0.0,0.0
12,12,KNN,kd_tree,9,uncalibrated,4.74,0.006056947947857788,0.005801709041901638
12,12,KNN,kd_tree,9,uncalibrated,4.75,0.044421039768581645,0.008997092040546868
12,12,KNN,kd_tree,9,uncalibrated,4.76,0.12388699190987455,0.011442849083139585
12,12,KNN,kd_tree,9,uncalibrated,4.77,0.1876675907609093,0.0055269460070507676
12,12,KNN,kd_tree,9,uncalibrated,4.78,0.161177961911308,0.009983556058146941
12,12,KNN,kd_tree,9,uncalibrated,4.79,0.06712027321707559,0.009479754136983286
12,12,KNN,kd_tree,9,uncalibrated,4.81,0.004700701678756517,0.004448864061042705
12,12,KNN,kd_tree,9,uncalibrated,4.82,0.0005597356509763333,0.0004987540384083688
12,12,KNN,kd_tree,9,uncalibrated,4.83,7.325303570022137e-05,4.982410494755634e-05
12,12,KNN,kd_tree,9,uncalibrated,4.84,0.00021583434493994632,0.00021537916274758383
12,12,KNN,kd_tree,9,uncalibrated,4.85,0.0,0.0
12,12,KNN,kd_tree,9,uncalibrated,4.86,0.0,0.0
12,12,KNN,kd_tree,9,uncalibrated,4.87,0.0,0.0
12,12,KNN,kd_tree,9,uncalibrated,4.88,0.0,0.0
12,12,KNN,kd_tree,9,uncalibrated,4.9,0.0,0.0
12,12,KNN,kd_tree,9,uncalibrated,4.93,0.0,0.0
12,12,KNN,kd_tree,11,uncalibrated,4.67,0.0,0.0
12,12,KNN,kd_tree,11,uncalibrated,4.7,0.0,0.0
12,12,KNN,kd_tree,11,uncalibrated,4.72,0.0,0.0
12,12,KNN,kd_tree,11,uncalibrated,4.73,0.0,0.0
12,12,KNN,kd_tree,11,uncalibrated,4.74,0.006567843403858962,0.006226919486558262
12,12,KNN,kd_tree,11,uncalibrated,4.75,0.04527298003260048,0.009228909141818238
12,12,KNN,kd_tree,11,uncalibrated,4.76,0.1227855237256668,0.011455523716171355
12,12,KNN,kd_tree,11,uncalibrated,4.77,0.18527077166032457,0.008570433040429454
12,12,KNN,kd_tree,11,uncalibrated,4.78,0.16030278599769082,0.01042048480237906
12,12,KNN,kd_tree,11,uncalibrated,4.79,0.06352238021067766,0.00891044071151179
12,12,KNN,kd_tree,11,uncalibrated,4.81,0.0043713190028419205,0.004034216147451687
12,12,KNN,kd_tree,11,uncalibrated,4.82,0.0005623148105200339,0.0005210438341274305
12,12,KNN,kd_tree,11,uncalibrated,4.83,0.0001162117635412516,8.153509743673607e-05
12,12,KNN,kd_tree,11,uncalibrated,4.84,0.00014448414826558363,0.00014417943952524202
12,12,KNN,kd_tree,11,uncalibrated,4.85,0.0,0.0
12,12,KNN,kd_tree,11,uncalibrated,4.86,0.0,0.0
12,12,KNN,kd_tree,11,uncalibrated,4.87,0.0,0.0
12,12,KNN,kd_tree,11,uncalibrated,4.88,0.0,0.0
12,12,KNN,kd_tree,11,uncalibrated,4.9,0.0,0.0
12,12,KNN,kd_tree,11,uncalibrated,4.93,0.0,0.0
12,12,KNN,kd_tree,13,uncalibrated,4.67,0.0,0.0
12,12,KNN,kd_tree,13,uncalibrated,4.7,0.0,0.0
12,12,KNN,kd_tree,13,uncalibrated,4.72,0.0,0.0
12,12,KNN,kd_tree,13,uncalibrated,4.73,0.0,0.0
12,12,KNN,kd_tree,13,uncalibrated,4.74,0.006744969886800479,0.006443440892155805
12,12,KNN,kd_tree,13,uncalibrated,4.75,0.045727090421499264,0.009236145376590992
12,12,KNN,kd_tree,13,uncalibrated,4.76,0.12227746228574009,0.011302240500972744
12,12,KNN,kd_tree,13,uncalibrated,4.77,0.18372213880524305,0.007888321266247666
12,12,KNN,kd_tree,13,uncalibrated,4.78,0.16017855199312597,0.009916567905591268
12,12,KNN,kd_tree,13,uncalibrated,4.79,0.061634120745344176,0.008877819831931746
12,12,KNN,kd_tree,13,uncalibrated,4.81,0.004618313749427555,0.00435631439741833
12,12,KNN,kd_tree,13,uncalibrated,4.82,0.0005668171684453364,0.00053709499333007
12,12,KNN,kd_tree,13,uncalibrated,4.83,8.320487212125802e-05,5.8377199939911585e-05
12,12,KNN,kd_tree,13,uncalibrated,4.84,0.0001864614735834012,0.0001756738759133545
12,12,KNN,kd_tree,13,uncalibrated,4.85,0.0,0.0
12,12,KNN,kd_tree,13,uncalibrated,4.86,0.0,0.0
12,12,KNN,kd_tree,13,uncalibrated,4.87,0.0,0.0
12,12,KNN,kd_tree,13,uncalibrated,4.88,0.0,0.0
12,12,KNN,kd_tree,13,uncalibrated,4.9,0.0,0.0
12,12,KNN,kd_tree,13,uncalibrated,4.93,0.0,0.0
12,12,KNN,kd_tree,15,uncalibrated,4.67,0.0,0.0
12,12,KNN,kd_tree,15,uncalibrated,4.7,0.0,0.0
12,12,KNN,kd_tree,15,uncalibrated,4.72,0.0,0.0
12,12,KNN,kd_tree,15,uncalibrated,4.73,0.0,0.0
12,12,KNN,kd_tree,15,uncalibrated,4.74,0.00689408347559487,0.006470544899623753
12,12,KNN,kd_tree,15,uncalibrated,4.75,0.04616639709520095,0.009185006761571942
12,12,KNN,kd_tree,15,uncalibrated,4.76,0.12103090639302072,0.01148582160886116
12,12,KNN,kd_tree,15,uncalibrated,4.77,0.18296517239872895,0.006844845975280789
12,12,KNN,kd_tree,15,uncalibrated,4.78,0.15964210655043193,0.01021850302185029
12,12,KNN,kd_tree,15,uncalibrated,4.79,0.06332304576767778,0.008881364150496823
12,12,KNN,kd_tree,15,uncalibrated,4.81,0.004690647995464215,0.004348870235507071
12,12,KNN,kd_tree,15,uncalibrated,4.82,0.000459011865337736,0.0004049859388710846
12,12,KNN,kd_tree,15,uncalibrated,4.83,6.249610394885205e-05,4.3847763510422396e-05
12,12,KNN,kd_tree,15,uncalibrated,4.84,0.00021423378777762596,0.00020604019799203062
12,12,KNN,kd_tree,15,uncalibrated,4.85,0.0,0.0
12,12,KNN,kd_tree,15,uncalibrated,4.86,0.0,0.0
12,12,KNN,kd_tree,15,uncalibrated,4.87,0.0,0.0
12,12,KNN,kd_tree,15,uncalibrated,4.88,0.0,0.0
12,12,KNN,kd_tree,15,uncalibrated,4.9,0.0,0.0
12,12,KNN,kd_tree,15,uncalibrated,4.93,0.0,0.0
12,12,KNN,kd_tree,17,uncalibrated,4.67,0.0,0.0
12,12,KNN,kd_tree,17,uncalibrated,4.7,0.0,0.0
12,12,KNN,kd_tree,17,uncalibrated,4.72,0.0,0.0
12,12,KNN,kd_tree,17,uncalibrated,4.73,0.0,0.0
12,12,KNN,kd_tree,17,uncalibrated,4.74,0.0071360470999061575,0.006652029952959859
12,12,KNN,kd_tree,17,uncalibrated,4.75,0.04574808127086422,0.009119299420788375
12,12,KNN,kd_tree,17,uncalibrated,4.76,0.1215832633395199,0.011299561901989899
12,12,KNN,kd_tree,17,uncalibrated,4.77,0.18248890471079332,0.0061367397458867295
12,12,KNN,kd_tree,17,uncalibrated,4.78,0.15930726290820507,0.010219526525845388
12,12,KNN,kd_tree,17,uncalibrated,4.79,0.06241177355376074,0.008744953565550813
12,12,KNN,kd_tree,17,uncalibrated,4.81,0.00481568403931299,0.004523438906553751
12,12,KNN,kd_tree,17,uncalibrated,4.82,0.00047082110710766156,0.00042822912648214515
12,12,KNN,kd_tree,17,uncalibrated,4.83,4.86561362923571e-05,3.4137532144792616e-05
12,12,KNN,kd_tree,17,uncalibrated,4.84,0.00023738335848956112,0.00023096607941370045
12,12,KNN,kd_tree,17,uncalibrated,4.85,0.0,0.0
12,12,KNN,kd_tree,17,uncalibrated,4.86,0.0,0.0
12,12,KNN,kd_tree,17,uncalibrated,4.87,0.0,0.0
12,12,KNN,kd_tree,17,uncalibrated,4.88,0.0,0.0
12,12,KNN,kd_tree,17,uncalibrated,4.9,0.0,0.0
12,12,KNN,kd_tree,17,uncalibrated,4.93,0.0,0.0
12,12,KNN,kd_tree,19,uncalibrated,4.67,0.0,0.0
12,12,KNN,kd_tree,19,uncalibrated,4.7,0.0,0.0
12,12,KNN,kd_tree,19,uncalibrated,4.72,0.0,0.0
12,12,KNN,kd_tree,19,uncalibrated,4.73,7.195021045436557e-06,7.195021045436559e-06
12,12,KNN,kd_tree,19,uncalibrated,4.74,0.00699513322145546,0.006549249165137753
12,12,KNN,kd_tree,19,uncalibrated,4.75,0.04634440207717122,0.009165339157363405
12,12,KNN,kd_tree,19,uncalibrated,4.76,0.12107079541598224,0.010942262627905106
12,12,KNN,kd_tree,19,uncalibrated,4.77,0.18200174782078252,0.005946059240049373
12,12,KNN,kd_tree,19,uncalibrated,4.78,0.15901710113940448,0.010914228838999063
12,12,KNN,kd_tree,19,uncalibrated,4.79,0.06197780115034289,0.00863674542639214
12,12,KNN,kd_tree,19,uncalibrated,4.81,0.0044334567779256775,0.004102260472394325
12,12,KNN,kd_tree,19,uncalibrated,4.82,0.00048173804780541127,0.0004473658269338947
12,12,KNN,kd_tree,19,uncalibrated,4.83,4.534555575816448e-05,2.7890928344403767e-05
12,12,KNN,kd_tree,19,uncalibrated,4.84,0.00019003820111768773,0.00018490082257772696
12,12,KNN,kd_tree,19,uncalibrated,4.85,0.0,0.0
12,12,KNN,kd_tree,19,uncalibrated,4.86,0.0,0.0
12,12,KNN,kd_tree,19,uncalibrated,4.87,0.0,0.0
12,12,KNN,kd_tree,19,uncalibrated,4.88,0.0,0.0
12,12,KNN,kd_tree,19,uncalibrated,4.9,0.0,0.0
12,12,KNN,kd_tree,19,uncalibrated,4.93,0.0,0.0
12,12,KNN,kd_tree,21,uncalibrated,4.67,0.0,0.0
12,12,KNN,kd_tree,21,uncalibrated,4.7,0.0,0.0
12,12,KNN,kd_tree,21,uncalibrated,4.72,0.0,0.0
12,12,KNN,kd_tree,21,uncalibrated,4.73,5.889801808169154e-06,5.889801808169155e-06
12,12,KNN,kd_tree,21,uncalibrated,4.74,0.006475237515506345,0.005975993681078083
12,12,KNN,kd_tree,21,uncalibrated,4.75,0.04592724131441989,0.009154086298051882
12,12,KNN,kd_tree,21,uncalibrated,4.76,0.12061954129008114,0.011061305722182072
12,12,KNN,kd_tree,21,uncalibrated,4.77,0.181305476598299,0.005803375368592725
12,12,KNN,kd_tree,21,uncalibrated,4.78,0.1588652380984733,0.010988402799520555
12,12,KNN,kd_tree,21,uncalibrated,4.79,0.061344063121241,0.008654038787510986
12,12,KNN,kd_tree,21,uncalibrated,4.81,0.004237174036538762,0.003922940297174116
12,12,KNN,kd_tree,21,uncalibrated,4.82,0.0006003156939150661,0.0005719153779473654
12,12,KNN,kd_tree,21,uncalibrated,4.83,3.711960460021863e-05,2.2831349506416717e-05
12,12,KNN,kd_tree,21,uncalibrated,4.84,0.00021023935169194808,0.00020601896467050985
12,12,KNN,kd_tree,21,uncalibrated,4.85,0.0,0.0
12,12,KNN,kd_tree,21,uncalibrated,4.86,0.0,0.0
12,12,KNN,kd_tree,21,uncalibrated,4.87,0.0,0.0
12,12,KNN,kd_tree,21,uncalibrated,4.88,0.0,0.0
12,12,KNN,kd_tree,21,uncalibrated,4.9,0.0,0.0
12,12,KNN,kd_tree,21,uncalibrated,4.93,0.0,0.0
12,12,KNN,kd_tree,23,uncalibrated,4.67,0.0,0.0
12,12,KNN,kd_tree,23,uncalibrated,4.7,0.0,0.0
12,12,KNN,kd_tree,23,uncalibrated,4.72,0.0,0.0
12,12,KNN,kd_tree,23,uncalibrated,4.73,4.910023813615496e-06,4.910023813615496e-06
12,12,KNN,kd_tree,23,uncalibrated,4.74,0.006563723350671883,0.006123546140117557
12,12,KNN,kd_tree,23,uncalibrated,4.75,0.046012594780331234,0.009127041171227696
12,12,KNN,kd_tree,23,uncalibrated,4.76,0.1212919481831225,0.011044691822467765
12,12,KNN,kd_tree,23,uncalibrated,4.77,0.18035950835014183,0.005605325881482687
12,12,KNN,kd_tree,23,uncalibrated,4.78,0.15780590057629856,0.010996561365487892
12,12,KNN,kd_tree,23,uncalibrated,4.79,0.06159021463268538,0.008839851433364581
12,12,KNN,kd_tree,23,uncalibrated,4.81,0.004051814583574544,0.003703770971025163
12,12,KNN,kd_tree,23,uncalibrated,4.82,0.0006006254659200083,0.0005768823325707237
12,12,KNN,kd_tree,23,uncalibrated,4.83,3.094469873099496e-05,1.9033317830491023e-05
12,12,KNN,kd_tree,23,uncalibrated,4.84,0.0002278599106388654,0.0002243335826904359
12,12,KNN,kd_tree,23,uncalibrated,4.85,0.0,0.0
12,12,KNN,kd_tree,23,uncalibrated,4.86,0.0,0.0
12,12,KNN,kd_tree,23,uncalibrated,4.87,0.0,0.0
12,12,KNN,kd_tree,23,uncalibrated,4.88,0.0,0.0
12,12,KNN,kd_tree,23,uncalibrated,4.9,0.0,0.0
12,12,KNN,kd_tree,23,uncalibrated,4.93,0.0,0.0
12,12,KNN,kd_tree,25,uncalibrated,4.67,0.0,0.0
12,12,KNN,kd_tree,25,uncalibrated,4.7,0.0,0.0
12,12,KNN,kd_tree,25,uncalibrated,4.72,0.0,0.0
12,12,KNN,kd_tree,25,uncalibrated,4.73,4.155844155844155e-06,4.155844155844156e-06
12,12,KNN,kd_tree,25,uncalibrated,4.74,0.006535453618897322,0.00614228747336017
12,12,KNN,kd_tree,25,uncalibrated,4.75,0.0466678284873473,0.009197811999110512
12,12,KNN,kd_tree,25,uncalibrated,4.76,0.12144342793434343,0.011141184584491596
12,12,KNN,kd_tree,25,uncalibrated,4.77,0.17991643108129773,0.005392673339755726
12,12,KNN,kd_tree,25,uncalibrated,4.78,0.157771091476606,0.011649888423988841
12,12,KNN,kd_tree,25,uncalibrated,4.79,0.06124520959712433,0.009059992408034031
12,12,KNN,kd_tree,25,uncalibrated,4.81,0.004023721470651907,0.0037232722061361187
12,12,KNN,kd_tree,25,uncalibrated,4.82,0.0006012368431637502,0.0005810975963571369
12,12,KNN,kd_tree,25,uncalibrated,4.83,2.6191593005915132e-05,1.6109800211727608e-05
12,12,KNN,kd_tree,25,uncalibrated,4.84,0.00024331329039826053,0.00024032401745339651
12,12,KNN,kd_tree,25,uncalibrated,4.85,0.0,0.0
12,12,KNN,kd_tree,25,uncalibrated,4.86,0.0,0.0
12,12,KNN,kd_tree,25,uncalibrated,4.87,0.0,0.0
12,12,KNN,kd_tree,25,uncalibrated,4.88,0.0,0.0
12,12,KNN,kd_tree,25,uncalibrated,4.9,0.0,0.0
12,12,KNN,kd_tree,25,uncalibrated,4.93,0.0,0.0
12,12,KNN,kd_tree,27,uncalibrated,4.67,0.0,0.0
12,12,KNN,kd_tree,27,uncalibrated,4.7,0.0,0.0
12,12,KNN,kd_tree,27,uncalibrated,4.72,0.0,0.0
12,12,KNN,kd_tree,27,uncalibrated,4.73,9.205900440327937e-06,6.454003819955606e-06
12,12,KNN,kd_tree,27,uncalibrated,4.74,0.006432329449908213,0.006017085221793125
12,12,KNN,kd_tree,27,uncalibrated,4.75,0.04724735544051272,0.009219769174648819
12,12,KNN,kd_tree,27,uncalibrated,4.76,0.12237996940333976,0.010875136881673178
12,12,KNN,kd_tree,27,uncalibrated,4.77,0.17942803289182088,0.005600002272036636
12,12,KNN,kd_tree,27,uncalibrated,4.78,0.1580275695988385,0.011170945468946411
12,12,KNN,kd_tree,27,uncalibrated,4.79,0.06117716632078804,0.009091592983196348
12,12,KNN,kd_tree,27,uncalibrated,4.81,0.0038372367662771073,0.0035718714673107044
12,12,KNN,kd_tree,27,uncalibrated,4.82,0.0006020105453134539,0.0005847158320948719
12,12,KNN,kd_tree,27,uncalibrated,4.83,2.2455069449515547e-05,1.381155710881996e-05
12,12,KNN,kd_tree,27,uncalibrated,4.84,0.00025694690728260834,0.00025438131574902396
12,12,KNN,kd_tree,27,uncalibrated,4.85,0.0,0.0
12,12,KNN,kd_tree,27,uncalibrated,4.86,0.0,0.0
12,12,KNN,kd_tree,27,uncalibrated,4.87,0.0,0.0
12,12,KNN,kd_tree,27,uncalibrated,4.88,0.0,0.0
12,12,KNN,kd_tree,27,uncalibrated,4.9,0.0,0.0
12,12,KNN,kd_tree,27,uncalibrated,4.93,0.0,0.0
12,12,KNN,kd_tree,29,uncalibrated,4.67,0.0,0.0
12,12,KNN,kd_tree,29,uncalibrated,4.7,0.0,0.0
12,12,KNN,kd_tree,29,uncalibrated,4.72,0.0,0.0
12,12,KNN,kd_tree,29,uncalibrated,4.73,7.97990656480274e-06,5.594493204218349e-06
12,12,KNN,kd_tree,29,uncalibrated,4.74,0.0064670306937691276,0.006029984713686416
12,12,KNN,kd_tree,29,uncalibrated,4.75,0.0474245020336629,0.009194191843992859
12,12,KNN,kd_tree,29,uncalibrated,4.76,0.12303594385364652,0.01076768468080687
12,12,KNN,kd_tree,29,uncalibrated,4.77,0.17999265736001993,0.005528858432806011
12,12,KNN,kd_tree,29,uncalibrated,4.78,0.157416533183277,0.01125511403870999
12,12,KNN,kd_tree,29,uncalibrated,4.79,0.06045906156101411,0.00888825949273874
12,12,KNN,kd_tree,29,uncalibrated,4.81,0.0039345727268239195,0.003638570427142676
12,12,KNN,kd_tree,29,uncalibrated,4.82,0.0006898959854902884,0.0006748693587826381
12,12,KNN,kd_tree,29,uncalibrated,4.83,1.9464620248151588e-05,1.1972205864839175e-05
12,12,KNN,kd_tree,29,uncalibrated,4.84,0.00022272805637220787,0.00022050413695723963
12,12,KNN,kd_tree,29,uncalibrated,4.85,0.0,0.0
12,12,KNN,kd_tree,29,uncalibrated,4.86,0.0,0.0
12,12,KNN,kd_tree,29,uncalibrated,4.87,0.0,0.0
12,12,KNN,kd_tree,29,uncalibrated,4.88,0.0,0.0
12,12,KNN,kd_tree,29,uncalibrated,4.9,0.0,0.0
12,12,KNN,kd_tree,29,uncalibrated,4.93,0.0,0.0
12,12,KNN,kd_tree,31,uncalibrated,4.67,0.0,0.0
12,12,KNN,kd_tree,31,uncalibrated,4.7,0.0,0.0
12,12,KNN,kd_tree,31,uncalibrated,4.72,0.0,0.0
12,12,KNN,kd_tree,31,uncalibrated,4.73,1.7470557969823818e-05,1.4353666784315722e-05
12,12,KNN,kd_tree,31,uncalibrated,4.74,0.006263479630570339,0.005869140377147788
12,12,KNN,kd_tree,31,uncalibrated,4.75,0.047417008955121166,0.009091519861495813
12,12,KNN,kd_tree,31,uncalibrated,4.76,0.12293310836191793,0.010605351481262203
12,12,KNN,kd_tree,31,uncalibrated,4.77,0.17959726932909303,0.005385848256522181
12,12,KNN,kd_tree,31,uncalibrated,4.78,0.1574112805497811,0.011069171539409353
12,12,KNN,kd_tree,31,uncalibrated,4.79,0.0598791181526382,0.008708334945464816
12,12,KNN,kd_tree,31,uncalibrated,4.81,0.0039033052592762933,0.0035804250901109455
12,12,KNN,kd_tree,31,uncalibrated,4.82,0.0006851682617117414,0.0006720069080002392
12,12,KNN,kd_tree,31,uncalibrated,4.83,1.703407453558455e-05,1.0477237390561659e-05
12,12,KNN,kd_tree,31,uncalibrated,4.84,0.00023545094636656964,0.00023350319972138367
12,12,KNN,kd_tree,31,uncalibrated,4.85,0.0,0.0
12,12,KNN,kd_tree,31,uncalibrated,4.86,0.0,0.0
12,12,KNN,kd_tree,31,uncalibrated,4.87,0.0,0.0
12,12,KNN,kd_tree,31,uncalibrated,4.88,0.0,0.0
12,12,KNN,kd_tree,31,uncalibrated,4.9,0.0,0.0
12,12,KNN,kd_tree,31,uncalibrated,4.93,0.0,0.0
12,12,KNN,kd_tree,33,uncalibrated,4.67,0.0,0.0
12,12,KNN,kd_tree,33,uncalibrated,4.7,0.0,0.0
12,12,KNN,kd_tree,33,uncalibrated,4.72,0.0,0.0
12,12,KNN,kd_tree,33,uncalibrated,4.73,1.5417085591370537e-05,1.266655076191681e-05
12,12,KNN,kd_tree,33,uncalibrated,4.74,0.006462090963213752,0.0060926575726481
12,12,KNN,kd_tree,33,uncalibrated,4.75,0.04703329194466218,0.009062060890413868
12,12,KNN,kd_tree,33,uncalibrated,4.76,0.12274569147405999,0.010677029760788916
12,12,KNN,kd_tree,33,uncalibrated,4.77,0.17887754064012115,0.005334243101657517
12,12,KNN,kd_tree,33,uncalibrated,4.78,0.15693375487431238,0.011056168378344097
12,12,KNN,kd_tree,33,uncalibrated,4.79,0.05957809072999494,0.008802841309409115
12,12,KNN,kd_tree,33,uncalibrated,4.81,0.003894332917452969,0.0036033733577744372
12,12,KNN,kd_tree,33,uncalibrated,4.82,0.0007622466171459076,0.0007506175092996576
12,12,KNN,kd_tree,33,uncalibrated,4.83,1.5031905995130835e-05,9.245753105904255e-06
12,12,KNN,kd_tree,33,uncalibrated,4.84,0.00020777627131155058,0.00020605746091115676
12,12,KNN,kd_tree,33,uncalibrated,4.85,0.0,0.0
12,12,KNN,kd_tree,33,uncalibrated,4.86,0.0,0.0
12,12,KNN,kd_tree,33,uncalibrated,4.87,0.0,0.0
12,12,KNN,kd_tree,33,uncalibrated,4.88,0.0,0.0
12,12,KNN,kd_tree,33,uncalibrated,4.9,0.0,0.0
12,12,KNN,kd_tree,33,uncalibrated,4.93,0.0,0.0
12,12,KNN,kd_tree,35,uncalibrated,4.67,0.0,0.0
12,12,KNN,kd_tree,35,uncalibrated,4.7,0.0,0.0
12,12,KNN,kd_tree,35,uncalibrated,4.72,0.0,0.0
12,12,KNN,kd_tree,35,uncalibrated,4.73,1.3705474456327264e-05,1.1260305126308086e-05
12,12,KNN,kd_tree,35,uncalibrated,4.74,0.006653522710507934,0.0062225132534661975
12,12,KNN,kd_tree,35,uncalibrated,4.75,0.047159484479639455,0.009036486105343378
12,12,KNN,kd_tree,35,uncalibrated,4.76,0.12237440964049512,0.010655835010495886
12,12,KNN,kd_tree,35,uncalibrated,4.77,0.17881484058596575,0.005397393105844992
12,12,KNN,kd_tree,35,uncalibrated,4.78,0.1568079932849268,0.01165177326160588
12,12,KNN,kd_tree,35,uncalibrated,4.79,0.05940454520258462,0.008648516064064134
12,12,KNN,kd_tree,35,uncalibrated,4.81,0.0037340796100735155,0.003473255582833291
12,12,KNN,kd_tree,35,uncalibrated,4.82,0.0007538630668824755,0.0007435200548240871
12,12,KNN,kd_tree,35,uncalibrated,4.83,1.3363057656079755e-05,8.219285822309999e-06
12,12,KNN,kd_tree,35,uncalibrated,4.84,0.0002240123774807613,0.00021795656147121457
12,12,KNN,kd_tree,35,uncalibrated,4.85,0.0,0.0
12,12,KNN,kd_tree,35,uncalibrated,4.86,0.0,0.0
12,12,KNN,kd_tree,35,uncalibrated,4.87,0.0,0.0
12,12,KNN,kd_tree,35,uncalibrated,4.88,0.0,0.0
12,12,KNN,kd_tree,35,uncalibrated,4.9,0.0,0.0
12,12,KNN,kd_tree,35,uncalibrated,4.93,0.0,0.0
12,12,KNN,kd_tree,37,uncalibrated,4.67,0.0,0.0
12,12,KNN,kd_tree,37,uncalibrated,4.7,0.0,0.0
12,12,KNN,kd_tree,37,uncalibrated,4.72,0.0,0.0
12,12,KNN,kd_tree,37,uncalibrated,4.73,1.4673114417080368e-05,1.0295376809923713e-05
12,12,KNN,kd_tree,37,uncalibrated,4.74,0.0065767376129629235,0.006128159698696845
12,12,KNN,kd_tree,37,uncalibrated,4.75,0.04700557888337903,0.009032177562585179
12,12,KNN,kd_tree,37,uncalibrated,4.76,0.12241174476271824,0.010627107189644045
12,12,KNN,kd_tree,37,uncalibrated,4.77,0.1784844980644172,0.00533059711976417
12,12,KNN,kd_tree,37,uncalibrated,4.78,0.15650341070022572,0.011962641851395658
12,12,KNN,kd_tree,37,uncalibrated,4.79,0.05992488838087265,0.008768264749917369
12,12,KNN,kd_tree,37,uncalibrated,4.81,0.003737806540429735,0.0035009362499527066
12,12,KNN,kd_tree,37,uncalibrated,4.82,0.0007464780517463102,0.0007372192270535553
12,12,KNN,kd_tree,37,uncalibrated,4.83,1.1957447500874292e-05,7.354729826391344e-06
12,12,KNN,kd_tree,37,uncalibrated,4.84,0.00023431950462358657,0.00022888990695958813
12,12,KNN,kd_tree,37,uncalibrated,4.85,0.0,0.0
12,12,KNN,kd_tree,37,uncalibrated,4.86,0.0,0.0
12,12,KNN,kd_tree,37,uncalibrated,4.87,0.0,0.0
12,12,KNN,kd_tree,37,uncalibrated,4.88,0.0,0.0
12,12,KNN,kd_tree,37,uncalibrated,4.9,0.0,0.0
12,12,KNN,kd_tree,37,uncalibrated,4.93,0.0,0.0
12,12,KNN,kd_tree,39,uncalibrated,4.67,0.0,0.0
12,12,KNN,kd_tree,39,uncalibrated,4.7,0.0,0.0
12,12,KNN,kd_tree,39,uncalibrated,4.72,0.0,0.0
12,12,KNN,kd_tree,39,uncalibrated,4.73,1.5360207594973162e-05,9.448733303772815e-06
12,12,KNN,kd_tree,39,uncalibrated,4.74,0.006695490681511194,0.006274622722098997
12,12,KNN,kd_tree,39,uncalibrated,4.75,0.047271110262053065,0.009016193427210715
12,12,KNN,kd_tree,39,uncalibrated,4.76,0.12227083819485081,0.010580164484021905
12,12,KNN,kd_tree,39,uncalibrated,4.77,0.17860651055327542,0.00531919420992105
12,12,KNN,kd_tree,39,uncalibrated,4.78,0.1563289817565846,0.011817269752979434
12,12,KNN,kd_tree,39,uncalibrated,4.79,0.0594909292999587,0.00880272860249999
12,12,KNN,kd_tree,39,uncalibrated,4.81,0.0037058090457747967,0.0034872119074439525
12,12,KNN,kd_tree,39,uncalibrated,4.82,0.0008112901773909638,0.000802951297800442
12,12,KNN,kd_tree,39,uncalibrated,4.83,1.0762488907756139e-05,6.619740389434421e-06
12,12,KNN,kd_tree,39,uncalibrated,4.84,0.00024382788716935776,0.00023893323713266223
12,12,KNN,kd_tree,39,uncalibrated,4.85,0.0,0.0
12,12,KNN,kd_tree,39,uncalibrated,4.86,0.0,0.0
12,12,KNN,kd_tree,39,uncalibrated,4.87,0.0,0.0
12,12,KNN,kd_tree,39,uncalibrated,4.88,0.0,0.0
12,12,KNN,kd_tree,39,uncalibrated,4.9,0.0,0.0
12,12,KNN,kd_tree,39,uncalibrated,4.93,0.0,0.0
12,12,KNN,kd_tree,41,uncalibrated,4.67,0.0,0.0
12,12,KNN,kd_tree,41,uncalibrated,4.7,0.0,0.0
12,12,KNN,kd_tree,41,uncalibrated,4.72,0.0,0.0
12,12,KNN,kd_tree,41,uncalibrated,4.73,2.4563619836252432e-05,1.958624560721352e-05
12,12,KNN,kd_tree,41,uncalibrated,4.74,0.00667362401261659,0.0062247714880537906
12,12,KNN,kd_tree,41,uncalibrated,4.75,0.04750363154025221,0.009036270628603021
12,12,KNN,kd_tree,41,uncalibrated,4.76,0.12233701337564272,0.010595196874353192
12,12,KNN,kd_tree,41,uncalibrated,4.77,0.1783666469794014,0.005237721132020013
12,12,KNN,kd_tree,41,uncalibrated,4.78,0.1560657765673952,0.01146315846896609
12,12,KNN,kd_tree,41,uncalibrated,4.79,0.05945189085907099,0.008913118365704312
12,12,KNN,kd_tree,41,uncalibrated,4.81,0.0037032409631106815,0.0035021966306052936
12,12,KNN,kd_tree,41,uncalibrated,4.82,0.0008722297959456607,0.0008646810636147016
12,12,KNN,kd_tree,41,uncalibrated,4.83,9.738099719629051e-06,5.989663969262212e-06
12,12,KNN,kd_tree,41,uncalibrated,4.84,0.0002526184450200126,0.0002481841162254396
12,12,KNN,kd_tree,41,uncalibrated,4.85,0.0,0.0
12,12,KNN,kd_tree,41,uncalibrated,4.86,0.0,0.0
12,12,KNN,kd_tree,41,uncalibrated,4.87,0.0,0.0
12,12,KNN,kd_tree,41,uncalibrated,4.88,0.0,0.0
12,12,KNN,kd_tree,41,uncalibrated,4.9,0.0,0.0
12,12,KNN,kd_tree,41,uncalibrated,4.93,0.0,0.0
12,12,KNN,kd_tree,43,uncalibrated,4.67,0.0,0.0
12,12,KNN,kd_tree,43,uncalibrated,4.7,0.0,0.0
12,12,KNN,kd_tree,43,uncalibrated,4.72,0.0,0.0
12,12,KNN,kd_tree,43,uncalibrated,4.73,2.2331771197804327e-05,1.780664081434609e-05
12,12,KNN,kd_tree,43,uncalibrated,4.74,0.006496138681285662,0.006053902455673284
12,12,KNN,kd_tree,43,uncalibrated,4.75,0.04729406959268567,0.00900556078390799
12,12,KNN,kd_tree,43,uncalibrated,4.76,0.12243641293821239,0.01066170234848712
12,12,KNN,kd_tree,43,uncalibrated,4.77,0.17844651857370486,0.0052474532891713796
12,12,KNN,kd_tree,43,uncalibrated,4.78,0.15567363524158231,0.011333503805064815
12,12,KNN,kd_tree,43,uncalibrated,4.79,0.05909799760210648,0.008971342161960697
12,12,KNN,kd_tree,43,uncalibrated,4.81,0.0036706565153394235,0.00348466751985739
12,12,KNN,kd_tree,43,uncalibrated,4.82,0.0008598793986732641,0.0008530152437002819
12,12,KNN,kd_tree,43,uncalibrated,4.83,8.853296716439665e-06,5.445443554532047e-06
12,12,KNN,kd_tree,43,uncalibrated,4.84,0.00022966555223291209,0.00022563412621685438
12,12,KNN,kd_tree,43,uncalibrated,4.85,0.0,0.0
12,12,KNN,kd_tree,43,uncalibrated,4.86,0.0,0.0
12,12,KNN,kd_tree,43,uncalibrated,4.87,0.0,0.0
12,12,KNN,kd_tree,43,uncalibrated,4.88,0.0,0.0
12,12,KNN,kd_tree,43,uncalibrated,4.9,0.0,0.0
12,12,KNN,kd_tree,43,uncalibrated,4.93,0.0,0.0
12,12,KNN,kd_tree,45,uncalibrated,4.67,0.0,0.0
12,12,KNN,kd_tree,45,uncalibrated,4.7,0.0,0.0
12,12,KNN,kd_tree,45,uncalibrated,4.72,0.0,0.0
12,12,KNN,kd_tree,45,uncalibrated,4.73,2.039083700974838e-05,1.6259001909000452e-05
12,12,KNN,kd_tree,45,uncalibrated,4.74,0.0065714668474333,0.006152743792810096
12,12,KNN,kd_tree,45,uncalibrated,4.75,0.04733822701550361,0.008991595704255945
12,12,KNN,kd_tree,45,uncalibrated,4.76,0.12238553760181216,0.010609918861025571
12,12,KNN,kd_tree,45,uncalibrated,4.77,0.176826899207709,0.0051361590927877405
12,12,KNN,kd_tree,45,uncalibrated,4.78,0.15557346020147533,0.011363754153968009
12,12,KNN,kd_tree,45,uncalibrated,4.79,0.05878136975035345,0.009105443711603205
12,12,KNN,kd_tree,45,uncalibrated,4.81,0.0035736104051673325,0.003401310214116703
12,12,KNN,kd_tree,45,uncalibrated,4.82,0.0008487240663503303,0.0008424554671489781
12,12,KNN,kd_tree,45,uncalibrated,4.83,8.083825001825362e-06,4.972160559175181e-06
12,12,KNN,kd_tree,45,uncalibrated,4.84,0.00023809954119103678,0.00023441474615948753
12,12,KNN,kd_tree,45,uncalibrated,4.85,0.0,0.0
12,12,KNN,kd_tree,45,uncalibrated,4.86,0.0,0.0
12,12,KNN,kd_tree,45,uncalibrated,4.87,0.0,0.0
12,12,KNN,kd_tree,45,uncalibrated,4.88,0.0,0.0
12,12,KNN,kd_tree,45,uncalibrated,4.9,0.0,0.0
12,12,KNN,kd_tree,45,uncalibrated,4.93,0.0,0.0
12,12,KNN,kd_tree,47,uncalibrated,4.67,0.0,0.0
12,12,KNN,kd_tree,47,uncalibrated,4.7,0.0,0.0
12,12,KNN,kd_tree,47,uncalibrated,4.72,0.0,0.0
12,12,KNN,kd_tree,47,uncalibrated,4.73,1.8692369825595366e-05,1.490469844532636e-05
12,12,KNN,kd_tree,47,uncalibrated,4.74,0.0065223607757615275,0.006087253970501704
12,12,KNN,kd_tree,47,uncalibrated,4.75,0.04722321019740557,0.008982717026984189
12,12,KNN,kd_tree,47,uncalibrated,4.76,0.12211916598029969,0.01052498922236556
12,12,KNN,kd_tree,47,uncalibrated,4.77,0.1767142295321202,0.005106911681395512
12,12,KNN,kd_tree,47,uncalibrated,4.78,0.1552198355231974,0.011400004451170662
12,12,KNN,kd_tree,47,uncalibrated,4.79,0.05848327457101929,0.009086850851688703
12,12,KNN,kd_tree,47,uncalibrated,4.81,0.0035559798569878044,0.003392801673775759
12,12,KNN,kd_tree,47,uncalibrated,4.82,0.0008395675384320818,0.0008326849332703409
12,12,KNN,kd_tree,47,uncalibrated,4.83,7.410477876277396e-06,4.558001417985394e-06
12,12,KNN,kd_tree,47,uncalibrated,4.84,0.00021826689493519174,0.0002148890271493719
12,12,KNN,kd_tree,47,uncalibrated,4.85,0.0,0.0
12,12,KNN,kd_tree,47,uncalibrated,4.86,0.0,0.0
12,12,KNN,kd_tree,47,uncalibrated,4.87,0.0,0.0
12,12,KNN,kd_tree,47,uncalibrated,4.88,0.0,0.0
12,12,KNN,kd_tree,47,uncalibrated,4.9,0.0,0.0
12,12,KNN,kd_tree,47,uncalibrated,4.93,0.0,0.0
12,12,KNN,kd_tree,49,uncalibrated,4.67,0.0,0.0
12,12,KNN,kd_tree,49,uncalibrated,4.7,0.0,0.0
12,12,KNN,kd_tree,49,uncalibrated,4.72,0.0,0.0
12,12,KNN,kd_tree,49,uncalibrated,4.73,1.7197603059033674e-05,1.3712819186058285e-05
12,12,KNN,kd_tree,49,uncalibrated,4.74,0.0066105337964982355,0.00614553214714486
12,12,KNN,kd_tree,49,uncalibrated,4.75,0.04689296150645898,0.008936933840593268
12,12,KNN,kd_tree,49,uncalibrated,4.76,0.1223316817424105,0.010519965445895424
12,12,KNN,kd_tree,49,uncalibrated,4.77,0.17694015112623454,0.005063429806383624
12,12,KNN,kd_tree,49,uncalibrated,4.78,0.15488794494831637,0.011569519789813285
12,12,KNN,kd_tree,49,uncalibrated,4.79,0.05835315857089487,0.009211268653306166
12,12,KNN,kd_tree,49,uncalibrated,4.81,0.0035699017610693316,0.003416304036499469
12,12,KNN,kd_tree,49,uncalibrated,4.82,0.0008302549123358694,0.0008239220297173821
12,12,KNN,kd_tree,49,uncalibrated,4.83,6.817886559223881e-06,4.193513174647963e-06
12,12,KNN,kd_tree,49,uncalibrated,4.84,0.00020081281587332387,0.000197705064961667
12,12,KNN,kd_tree,49,uncalibrated,4.85,0.0,0.0
12,12,KNN,kd_tree,49,uncalibrated,4.86,0.0,0.0
12,12,KNN,kd_tree,49,uncalibrated,4.87,0.0,0.0
12,12,KNN,kd_tree,49,uncalibrated,4.88,0.0,0.0
12,12,KNN,kd_tree,49,uncalibrated,4.9,0.0,0.0
12,12,KNN,kd_tree,49,uncalibrated,4.93,0.0,0.0
12,12,KNN,kd_tree,51,uncalibrated,4.67,0.0,0.0
12,12,KNN,kd_tree,51,uncalibrated,4.7,0.0,0.0
12,12,KNN,kd_tree,51,uncalibrated,4.72,0.0,0.0
12,12,KNN,kd_tree,51,uncalibrated,4.73,2.82941416766297e-05,2.1177018078998944e-05
12,12,KNN,kd_tree,51,uncalibrated,4.74,0.006676607079005703,0.006159978907545991
12,12,KNN,kd_tree,51,uncalibrated,4.75,0.04684235099876823,0.008889285957569035
12,12,KNN,kd_tree,51,uncalibrated,4.76,0.12217054724889208,0.010422625741937388
12,12,KNN,kd_tree,51,uncalibrated,4.77,0.1767832898066352,0.005053706898658032
12,12,KNN,kd_tree,51,uncalibrated,4.78,0.154869906362526,0.011700279422623097
12,12,KNN,kd_tree,51,uncalibrated,4.79,0.058187054673334106,0.009094980255675972
12,12,KNN,kd_tree,51,uncalibrated,4.81,0.0034799419252856223,0.003335911517980313
12,12,KNN,kd_tree,51,uncalibrated,4.82,0.0007664137041593148,0.0007605677790662953
12,12,KNN,kd_tree,51,uncalibrated,4.83,6.29363538204406e-06,3.871059258873408e-06
12,12,KNN,kd_tree,51,uncalibrated,4.84,0.00020890507915577412,0.00020603388674603052
12,12,KNN,kd_tree,51,uncalibrated,4.85,0.0,0.0
12,12,KNN,kd_tree,51,uncalibrated,4.86,0.0,0.0
12,12,KNN,kd_tree,51,uncalibrated,4.87,0.0,0.0
12,12,KNN,kd_tree,51,uncalibrated,4.88,0.0,0.0
12,12,KNN,kd_tree,51,uncalibrated,4.9,0.0,0.0
12,12,KNN,kd_tree,51,uncalibrated,4.93,0.0,0.0
12,12,KNN,kd_tree,61,uncalibrated,4.67,0.0,0.0
12,12,KNN,kd_tree,61,uncalibrated,4.7,0.0,0.0
12,12,KNN,kd_tree,61,uncalibrated,4.72,0.0,0.0
12,12,KNN,kd_tree,61,uncalibrated,4.73,3.782582298761505e-05,3.2584523852366025e-05
12,12,KNN,kd_tree,61,uncalibrated,4.74,0.006791679228418344,0.006132702099806265
12,12,KNN,kd_tree,61,uncalibrated,4.75,0.04615279998664916,0.008764730591515335
12,12,KNN,kd_tree,61,uncalibrated,4.76,0.12301400611825469,0.010353845497370763
12,12,KNN,kd_tree,61,uncalibrated,4.77,0.17606530253051147,0.005042464366413559
12,12,KNN,kd_tree,61,uncalibrated,4.78,0.1536221632247779,0.011692607864369611
12,12,KNN,kd_tree,61,uncalibrated,4.79,0.05702042816299889,0.008783226870093546
12,12,KNN,kd_tree,61,uncalibrated,4.81,0.003424352233202223,0.0033107424390219297
12,12,KNN,kd_tree,61,uncalibrated,4.82,0.000743196699359785,0.0007384385355018867
12,12,KNN,kd_tree,61,uncalibrated,4.83,4.7663819901789636e-06,3.1064146293315876e-06
12,12,KNN,kd_tree,61,uncalibrated,4.84,0.000163473051866613,0.00016146467176390524
12,12,KNN,kd_tree,61,uncalibrated,4.85,0.0,0.0
12,12,KNN,kd_tree,61,uncalibrated,4.86,0.0,0.0
12,12,KNN,kd_tree,61,uncalibrated,4.87,0.0,0.0
12,12,KNN,kd_tree,61,uncalibrated,4.88,0.0,0.0
12,12,KNN,kd_tree,61,uncalibrated,4.9,0.0,0.0
12,12,KNN,kd_tree,61,uncalibrated,4.93,0.0,0.0
12,12,KNN,kd_tree,81,uncalibrated,4.67,0.0,0.0
12,12,KNN,kd_tree,81,uncalibrated,4.7,0.0,0.0
12,12,KNN,kd_tree,81,uncalibrated,4.72,0.0,0.0
12,12,KNN,kd_tree,81,uncalibrated,4.73,4.074753876171305e-05,3.290907398904378e-05
12,12,KNN,kd_tree,81,uncalibrated,4.74,0.006663944686848619,0.005947368441947898
12,12,KNN,kd_tree,81,uncalibrated,4.75,0.046614298664557983,0.008765124282246888
12,12,KNN,kd_tree,81,uncalibrated,4.76,0.12258428289809568,0.01030319580406605
12,12,KNN,kd_tree,81,uncalibrated,4.77,0.17379019996358058,0.005180224727562461
12,12,KNN,kd_tree,81,uncalibrated,4.78,0.15230817312089157,0.011583972066033246
12,12,KNN,kd_tree,81,uncalibrated,4.79,0.05616679029829909,0.008754518758119124
12,12,KNN,kd_tree,81,uncalibrated,4.81,0.003407417208051956,0.0032812044673094422
12,12,KNN,kd_tree,81,uncalibrated,4.82,0.0006181051687260701,0.0006154062316981323
12,12,KNN,kd_tree,81,uncalibrated,4.83,3.5014318163104133e-06,2.2110021014057084e-06
12,12,KNN,kd_tree,81,uncalibrated,4.84,0.0001936180371952807,0.0001910563728652807
12,12,KNN,kd_tree,81,uncalibrated,4.85,0.0,0.0
12,12,KNN,kd_tree,81,uncalibrated,4.86,0.0,0.0
12,12,KNN,kd_tree,81,uncalibrated,4.87,0.0,0.0
12,12,KNN,kd_tree,81,uncalibrated,4.88,0.0,0.0
12,12,KNN,kd_tree,81,uncalibrated,4.9,0.0,0.0
12,12,KNN,kd_tree,81,uncalibrated,4.93,0.0,0.0
12,12,KNN,kd_tree,101,uncalibrated,4.67,0.0,0.0
12,12,KNN,kd_tree,101,uncalibrated,4.7,0.0,0.0
12,12,KNN,kd_tree,101,uncalibrated,4.72,0.0,0.0
12,12,KNN,kd_tree,101,uncalibrated,4.73,3.010560665183978e-05,2.1666952203145063e-05
12,12,KNN,kd_tree,101,uncalibrated,4.74,0.006680543821771755,0.005914269059765168
12,12,KNN,kd_tree,101,uncalibrated,4.75,0.04645505143672409,0.008686363372754064
12,12,KNN,kd_tree,101,uncalibrated,4.76,0.12252851869666043,0.010028452557701777
12,12,KNN,kd_tree,101,uncalibrated,4.77,0.17212910244191365,0.005271920251870326
12,12,KNN,kd_tree,101,uncalibrated,4.78,0.1509507109226158,0.0113582704173313
12,12,KNN,kd_tree,101,uncalibrated,4.79,0.05498795871469687,0.008696642146790159
12,12,KNN,kd_tree,101,uncalibrated,4.81,0.003373893512506801,0.0032586392814768
12,12,KNN,kd_tree,101,uncalibrated,4.82,0.0005957784036968657,0.0005940425478461905
12,12,KNN,kd_tree,101,uncalibrated,4.83,3.4802237319599682e-06,2.3321949346339783e-06
12,12,KNN,kd_tree,101,uncalibrated,4.84,0.00016651371672528377,0.00016359082418388937
12,12,KNN,kd_tree,101,uncalibrated,4.85,0.0,0.0
12,12,KNN,kd_tree,101,uncalibrated,4.86,0.0,0.0
12,12,KNN,kd_tree,101,uncalibrated,4.87,0.0,0.0
12,12,KNN,kd_tree,101,uncalibrated,4.88,0.0,0.0
12,12,KNN,kd_tree,101,uncalibrated,4.9,0.0,0.0
12,12,KNN,kd_tree,101,uncalibrated,4.93,0.0,0.0
12,12,KNN,kd_tree,151,uncalibrated,4.67,0.0,0.0
12,12,KNN,kd_tree,151,uncalibrated,4.7,0.0,0.0
12,12,KNN,kd_tree,151,uncalibrated,4.72,0.0,0.0
12,12,KNN,kd_tree,151,uncalibrated,4.73,3.537035118189806e-05,2.204655645895728e-05
12,12,KNN,kd_tree,151,uncalibrated,4.74,0.006982124534649966,0.006007300052468297
12,12,KNN,kd_tree,151,uncalibrated,4.75,0.04660352720626207,0.008605626132495246
12,12,KNN,kd_tree,151,uncalibrated,4.76,0.1202981742392815,0.009719675004509492
12,12,KNN,kd_tree,151,uncalibrated,4.77,0.16948777782586974,0.005411086175245256
12,12,KNN,kd_tree,151,uncalibrated,4.78,0.14818398670962366,0.011711299930751262
12,12,KNN,kd_tree,151,uncalibrated,4.79,0.05395193205209251,0.008780031391123523
12,12,KNN,kd_tree,151,uncalibrated,4.81,0.0033399698436265978,0.003203709619855317
12,12,KNN,kd_tree,151,uncalibrated,4.82,0.0004984668667078127,0.000496811072905949
12,12,KNN,kd_tree,151,uncalibrated,4.83,1.2540114266420717e-05,1.038871526511461e-05
12,12,KNN,kd_tree,151,uncalibrated,4.84,0.00019827011317072324,0.00019524354150786877
12,12,KNN,kd_tree,151,uncalibrated,4.85,0.0,0.0
12,12,KNN,kd_tree,151,uncalibrated,4.86,0.0,0.0
12,12,KNN,kd_tree,151,uncalibrated,4.87,0.0,0.0
12,12,KNN,kd_tree,151,uncalibrated,4.88,0.0,0.0
12,12,KNN,kd_tree,151,uncalibrated,4.9,0.0,0.0
12,12,KNN,kd_tree,151,uncalibrated,4.93,0.0,0.0
12,12,KNN,kd_tree,201,uncalibrated,4.67,0.0,0.0
12,12,KNN,kd_tree,201,uncalibrated,4.7,0.0,0.0
12,12,KNN,kd_tree,201,uncalibrated,4.72,8.777256233212646e-08,8.777256233212401e-08
12,12,KNN,kd_tree,201,uncalibrated,4.73,5.302455823440542e-05,3.405864610928164e-05
12,12,KNN,kd_tree,201,uncalibrated,4.74,0.007245804987107467,0.006146372199566031
12,12,KNN,kd_tree,201,uncalibrated,4.75,0.04647554930321652,0.008523832386783612
12,12,KNN,kd_tree,201,uncalibrated,4.76,0.11910831231845391,0.00963543760554018
12,12,KNN,kd_tree,201,uncalibrated,4.77,0.16688458274216633,0.005910584988911727
12,12,KNN,kd_tree,201,uncalibrated,4.78,0.1467417974255249,0.011720149331404542
12,12,KNN,kd_tree,201,uncalibrated,4.79,0.05314644075585554,0.008812212062957426
12,12,KNN,kd_tree,201,uncalibrated,4.81,0.003450189705266591,0.003274586683113816
12,12,KNN,kd_tree,201,uncalibrated,4.82,0.000518297924593555,0.0005173037609860604
12,12,KNN,kd_tree,201,uncalibrated,4.83,1.177744826045588e-05,9.866867838956398e-06
12,12,KNN,kd_tree,201,uncalibrated,4.84,0.00023436512864321272,0.00023136101892236234
12,12,KNN,kd_tree,201,uncalibrated,4.85,0.0,0.0
12,12,KNN,kd_tree,201,uncalibrated,4.86,0.0,0.0
12,12,KNN,kd_tree,201,uncalibrated,4.87,0.0,0.0
12,12,KNN,kd_tree,201,uncalibrated,4.88,0.0,0.0
12,12,KNN,kd_tree,201,uncalibrated,4.9,0.0,0.0
12,12,KNN,kd_tree,201,uncalibrated,4.93,0.0,0.0
12,12,KNN,ball_tree,1,uncalibrated,4.67,0.0,0.0
12,12,KNN,ball_tree,1,uncalibrated,4.7,0.0,0.0
12,12,KNN,ball_tree,1,uncalibrated,4.72,0.0,0.0
12,12,KNN,ball_tree,1,uncalibrated,4.73,0.0,0.0
12,12,KNN,ball_tree,1,uncalibrated,4.74,0.007281726243667368,0.007210513852711344
12,12,KNN,ball_tree,1,uncalibrated,4.75,0.033955199456788744,0.010914396033521997
12,12,KNN,ball_tree,1,uncalibrated,4.76,0.13007286761361783,0.017142651172800803
12,12,KNN,ball_tree,1,uncalibrated,4.77,0.23898407602040328,0.005044195824351796
12,12,KNN,ball_tree,1,uncalibrated,4.78,0.2321578355653057,0.008092807321453292
12,12,KNN,ball_tree,1,uncalibrated,4.79,0.12930171641777524,0.01245431699746419
12,12,KNN,ball_tree,1,uncalibrated,4.81,0.009534589793831807,0.006812271317652183
12,12,KNN,ball_tree,1,uncalibrated,4.82,0.0,0.0
12,12,KNN,ball_tree,1,uncalibrated,4.83,0.0023529411764706245,0.002352941176470588
12,12,KNN,ball_tree,1,uncalibrated,4.84,0.0018552875695732013,0.0018552875695732839
12,12,KNN,ball_tree,1,uncalibrated,4.85,0.0,0.0
12,12,KNN,ball_tree,1,uncalibrated,4.86,0.0,0.0
12,12,KNN,ball_tree,1,uncalibrated,4.87,0.0,0.0
12,12,KNN,ball_tree,1,uncalibrated,4.88,0.0,0.0
12,12,KNN,ball_tree,1,uncalibrated,4.9,0.0,0.0
12,12,KNN,ball_tree,1,uncalibrated,4.93,0.0,0.0
12,12,KNN,ball_tree,3,uncalibrated,4.67,0.0,0.0
12,12,KNN,ball_tree,3,uncalibrated,4.7,0.0,0.0
12,12,KNN,ball_tree,3,uncalibrated,4.72,0.0,0.0
12,12,KNN,ball_tree,3,uncalibrated,4.73,0.0,0.0
12,12,KNN,ball_tree,3,uncalibrated,4.74,0.006716175410637957,0.006102823164153972
12,12,KNN,ball_tree,3,uncalibrated,4.75,0.038006940119400395,0.010997274752704522
12,12,KNN,ball_tree,3,uncalibrated,4.76,0.12374141350729609,0.011689809326244704
12,12,KNN,ball_tree,3,uncalibrated,4.77,0.19923544830646595,0.007254742037350714
12,12,KNN,ball_tree,3,uncalibrated,4.78,0.17771858626664638,0.007613778717819737
12,12,KNN,ball_tree,3,uncalibrated,4.79,0.0806546832675985,0.012685979062720855
12,12,KNN,ball_tree,3,uncalibrated,4.81,0.006129998217874484,0.005630949015172935
12,12,KNN,ball_tree,3,uncalibrated,4.82,0.0011384386390899828,0.001135938318736432
12,12,KNN,ball_tree,3,uncalibrated,4.83,0.0002614379084967276,0.00026143790849673216
12,12,KNN,ball_tree,3,uncalibrated,4.84,0.00038850277581957963,0.0003871372292424924
12,12,KNN,ball_tree,3,uncalibrated,4.85,0.0,0.0
12,12,KNN,ball_tree,3,uncalibrated,4.86,0.0,0.0
12,12,KNN,ball_tree,3,uncalibrated,4.87,0.0,0.0
12,12,KNN,ball_tree,3,uncalibrated,4.88,0.0,0.0
12,12,KNN,ball_tree,3,uncalibrated,4.9,0.0,0.0
12,12,KNN,ball_tree,3,uncalibrated,4.93,0.0,0.0
12,12,KNN,ball_tree,5,uncalibrated,4.67,0.0,0.0
12,12,KNN,ball_tree,5,uncalibrated,4.7,0.0,0.0
12,12,KNN,ball_tree,5,uncalibrated,4.72,0.0,0.0
12,12,KNN,ball_tree,5,uncalibrated,4.73,0.0,0.0
12,12,KNN,ball_tree,5,uncalibrated,4.74,0.006472988552435311,0.006011366327255504
12,12,KNN,ball_tree,5,uncalibrated,4.75,0.041869384275039695,0.008751769085829964
12,12,KNN,ball_tree,5,uncalibrated,4.76,0.12356705332020736,0.011311580811314843
12,12,KNN,ball_tree,5,uncalibrated,4.77,0.19076790404414673,0.006234519104084332
12,12,KNN,ball_tree,5,uncalibrated,4.78,0.16769259211875562,0.009282786821569036
12,12,KNN,ball_tree,5,uncalibrated,4.79,0.07183316919487127,0.011049135554662321
12,12,KNN,ball_tree,5,uncalibrated,4.81,0.00608369818564511,0.005401421426691235
12,12,KNN,ball_tree,5,uncalibrated,4.82,0.001715110246496766,0.0016161166168436204
12,12,KNN,ball_tree,5,uncalibrated,4.83,9.411764705880631e-05,9.411764705882358e-05
12,12,KNN,ball_tree,5,uncalibrated,4.84,0.00034965206852016745,0.0003486688749846644
12,12,KNN,ball_tree,5,uncalibrated,4.85,0.0,0.0
12,12,KNN,ball_tree,5,uncalibrated,4.86,0.0,0.0
12,12,KNN,ball_tree,5,uncalibrated,4.87,0.0,0.0
12,12,KNN,ball_tree,5,uncalibrated,4.88,0.0,0.0
12,12,KNN,ball_tree,5,uncalibrated,4.9,0.0,0.0
12,12,KNN,ball_tree,5,uncalibrated,4.93,0.0,0.0
12,12,KNN,ball_tree,7,uncalibrated,4.67,0.0,0.0
12,12,KNN,ball_tree,7,uncalibrated,4.7,0.0,0.0
12,12,KNN,ball_tree,7,uncalibrated,4.72,0.0,0.0
12,12,KNN,ball_tree,7,uncalibrated,4.73,0.0,0.0
12,12,KNN,ball_tree,7,uncalibrated,4.74,0.006317525826338113,0.006034011994568132
12,12,KNN,ball_tree,7,uncalibrated,4.75,0.04302398062277275,0.008793734521263976
12,12,KNN,ball_tree,7,uncalibrated,4.76,0.12237766840980073,0.011494769600626939
12,12,KNN,ball_tree,7,uncalibrated,4.77,0.18858078492890143,0.005548861679655919
12,12,KNN,ball_tree,7,uncalibrated,4.78,0.16118930029799672,0.009452473458002444
12,12,KNN,ball_tree,7,uncalibrated,4.79,0.06941643649370409,0.01031541861012003
12,12,KNN,ball_tree,7,uncalibrated,4.81,0.004853609715248644,0.00448157678443844
12,12,KNN,ball_tree,7,uncalibrated,4.82,0.0008750562482126342,0.0008245492943079696
12,12,KNN,ball_tree,7,uncalibrated,4.83,0.00012109175289220257,8.236229593371565e-05
12,12,KNN,ball_tree,7,uncalibrated,4.84,0.00017839391251028922,0.000177892283155441
12,12,KNN,ball_tree,7,uncalibrated,4.85,0.0,0.0
12,12,KNN,ball_tree,7,uncalibrated,4.86,0.0,0.0
12,12,KNN,ball_tree,7,uncalibrated,4.87,0.0,0.0
12,12,KNN,ball_tree,7,uncalibrated,4.88,0.0,0.0
12,12,KNN,ball_tree,7,uncalibrated,4.9,0.0,0.0
12,12,KNN,ball_tree,7,uncalibrated,4.93,0.0,0.0
12,12,KNN,ball_tree,9,uncalibrated,4.67,0.0,0.0
12,12,KNN,ball_tree,9,uncalibrated,4.7,0.0,0.0
12,12,KNN,ball_tree,9,uncalibrated,4.72,0.0,0.0
12,12,KNN,ball_tree,9,uncalibrated,4.73,0.0,0.0
12,12,KNN,ball_tree,9,uncalibrated,4.74,0.006056947947857788,0.005801709041901638
12,12,KNN,ball_tree,9,uncalibrated,4.75,0.044421039768581645,0.008997092040546868
12,12,KNN,ball_tree,9,uncalibrated,4.76,0.12388699190987455,0.011442849083139585
12,12,KNN,ball_tree,9,uncalibrated,4.77,0.1876675907609093,0.0055269460070507676
12,12,KNN,ball_tree,9,uncalibrated,4.78,0.161177961911308,0.009983556058146941
12,12,KNN,ball_tree,9,uncalibrated,4.79,0.06712027321707559,0.009479754136983286
12,12,KNN,ball_tree,9,uncalibrated,4.81,0.004700701678756517,0.004448864061042705
12,12,KNN,ball_tree,9,uncalibrated,4.82,0.0005597356509763333,0.0004987540384083688
12,12,KNN,ball_tree,9,uncalibrated,4.83,7.325303570022137e-05,4.982410494755634e-05
12,12,KNN,ball_tree,9,uncalibrated,4.84,0.00021583434493994632,0.00021537916274758383
12,12,KNN,ball_tree,9,uncalibrated,4.85,0.0,0.0
12,12,KNN,ball_tree,9,uncalibrated,4.86,0.0,0.0
12,12,KNN,ball_tree,9,uncalibrated,4.87,0.0,0.0
12,12,KNN,ball_tree,9,uncalibrated,4.88,0.0,0.0
12,12,KNN,ball_tree,9,uncalibrated,4.9,0.0,0.0
12,12,KNN,ball_tree,9,uncalibrated,4.93,0.0,0.0
12,12,KNN,ball_tree,11,uncalibrated,4.67,0.0,0.0
12,12,KNN,ball_tree,11,uncalibrated,4.7,0.0,0.0
12,12,KNN,ball_tree,11,uncalibrated,4.72,0.0,0.0
12,12,KNN,ball_tree,11,uncalibrated,4.73,0.0,0.0
12,12,KNN,ball_tree,11,uncalibrated,4.74,0.006567843403858962,0.006226919486558262
12,12,KNN,ball_tree,11,uncalibrated,4.75,0.04527298003260048,0.009228909141818238
12,12,KNN,ball_tree,11,uncalibrated,4.76,0.1227855237256668,0.011455523716171355
12,12,KNN,ball_tree,11,uncalibrated,4.77,0.18527077166032457,0.008570433040429454
12,12,KNN,ball_tree,11,uncalibrated,4.78,0.16030278599769082,0.01042048480237906
12,12,KNN,ball_tree,11,uncalibrated,4.79,0.06352238021067766,0.00891044071151179
12,12,KNN,ball_tree,11,uncalibrated,4.81,0.0043713190028419205,0.004034216147451687
12,12,KNN,ball_tree,11,uncalibrated,4.82,0.0005623148105200339,0.0005210438341274305
12,12,KNN,ball_tree,11,uncalibrated,4.83,0.0001162117635412516,8.153509743673607e-05
12,12,KNN,ball_tree,11,uncalibrated,4.84,0.00014448414826558363,0.00014417943952524202
12,12,KNN,ball_tree,11,uncalibrated,4.85,0.0,0.0
12,12,KNN,ball_tree,11,uncalibrated,4.86,0.0,0.0
12,12,KNN,ball_tree,11,uncalibrated,4.87,0.0,0.0
12,12,KNN,ball_tree,11,uncalibrated,4.88,0.0,0.0
12,12,KNN,ball_tree,11,uncalibrated,4.9,0.0,0.0
12,12,KNN,ball_tree,11,uncalibrated,4.93,0.0,0.0
12,12,KNN,ball_tree,13,uncalibrated,4.67,0.0,0.0
12,12,KNN,ball_tree,13,uncalibrated,4.7,0.0,0.0
12,12,KNN,ball_tree,13,uncalibrated,4.72,0.0,0.0
12,12,KNN,ball_tree,13,uncalibrated,4.73,0.0,0.0
12,12,KNN,ball_tree,13,uncalibrated,4.74,0.006744969886800479,0.006443440892155805
12,12,KNN,ball_tree,13,uncalibrated,4.75,0.045727090421499264,0.009236145376590992
12,12,KNN,ball_tree,13,uncalibrated,4.76,0.12227746228574009,0.011302240500972744
12,12,KNN,ball_tree,13,uncalibrated,4.77,0.18372213880524305,0.007888321266247666
12,12,KNN,ball_tree,13,uncalibrated,4.78,0.16017855199312597,0.009916567905591268
12,12,KNN,ball_tree,13,uncalibrated,4.79,0.061634120745344176,0.008877819831931746
12,12,KNN,ball_tree,13,uncalibrated,4.81,0.004618313749427555,0.00435631439741833
12,12,KNN,ball_tree,13,uncalibrated,4.82,0.0005668171684453364,0.00053709499333007
12,12,KNN,ball_tree,13,uncalibrated,4.83,8.320487212125802e-05,5.8377199939911585e-05
12,12,KNN,ball_tree,13,uncalibrated,4.84,0.0001864614735834012,0.0001756738759133545
12,12,KNN,ball_tree,13,uncalibrated,4.85,0.0,0.0
12,12,KNN,ball_tree,13,uncalibrated,4.86,0.0,0.0
12,12,KNN,ball_tree,13,uncalibrated,4.87,0.0,0.0
12,12,KNN,ball_tree,13,uncalibrated,4.88,0.0,0.0
12,12,KNN,ball_tree,13,uncalibrated,4.9,0.0,0.0
12,12,KNN,ball_tree,13,uncalibrated,4.93,0.0,0.0
12,12,KNN,ball_tree,15,uncalibrated,4.67,0.0,0.0
12,12,KNN,ball_tree,15,uncalibrated,4.7,0.0,0.0
12,12,KNN,ball_tree,15,uncalibrated,4.72,0.0,0.0
12,12,KNN,ball_tree,15,uncalibrated,4.73,0.0,0.0
12,12,KNN,ball_tree,15,uncalibrated,4.74,0.00689408347559487,0.006470544899623753
12,12,KNN,ball_tree,15,uncalibrated,4.75,0.04616639709520095,0.009185006761571942
12,12,KNN,ball_tree,15,uncalibrated,4.76,0.12103090639302072,0.01148582160886116
12,12,KNN,ball_tree,15,uncalibrated,4.77,0.18296517239872895,0.006844845975280789
12,12,KNN,ball_tree,15,uncalibrated,4.78,0.15964210655043193,0.01021850302185029
12,12,KNN,ball_tree,15,uncalibrated,4.79,0.06332304576767778,0.008881364150496823
12,12,KNN,ball_tree,15,uncalibrated,4.81,0.004690647995464215,0.004348870235507071
12,12,KNN,ball_tree,15,uncalibrated,4.82,0.000459011865337736,0.0004049859388710846
12,12,KNN,ball_tree,15,uncalibrated,4.83,6.249610394885205e-05,4.3847763510422396e-05
12,12,KNN,ball_tree,15,uncalibrated,4.84,0.00021423378777762596,0.00020604019799203062
12,12,KNN,ball_tree,15,uncalibrated,4.85,0.0,0.0
12,12,KNN,ball_tree,15,uncalibrated,4.86,0.0,0.0
12,12,KNN,ball_tree,15,uncalibrated,4.87,0.0,0.0
12,12,KNN,ball_tree,15,uncalibrated,4.88,0.0,0.0
12,12,KNN,ball_tree,15,uncalibrated,4.9,0.0,0.0
12,12,KNN,ball_tree,15,uncalibrated,4.93,0.0,0.0
12,12,KNN,ball_tree,17,uncalibrated,4.67,0.0,0.0
12,12,KNN,ball_tree,17,uncalibrated,4.7,0.0,0.0
12,12,KNN,ball_tree,17,uncalibrated,4.72,0.0,0.0
12,12,KNN,ball_tree,17,uncalibrated,4.73,0.0,0.0
12,12,KNN,ball_tree,17,uncalibrated,4.74,0.0071360470999061575,0.006652029952959859
12,12,KNN,ball_tree,17,uncalibrated,4.75,0.04574808127086422,0.009119299420788375
12,12,KNN,ball_tree,17,uncalibrated,4.76,0.1215832633395199,0.011299561901989899
12,12,KNN,ball_tree,17,uncalibrated,4.77,0.18248890471079332,0.0061367397458867295
12,12,KNN,ball_tree,17,uncalibrated,4.78,0.15930726290820507,0.010219526525845388
12,12,KNN,ball_tree,17,uncalibrated,4.79,0.06241177355376074,0.008744953565550813
12,12,KNN,ball_tree,17,uncalibrated,4.81,0.00481568403931299,0.004523438906553751
12,12,KNN,ball_tree,17,uncalibrated,4.82,0.00047082110710766156,0.00042822912648214515
12,12,KNN,ball_tree,17,uncalibrated,4.83,4.86561362923571e-05,3.4137532144792616e-05
12,12,KNN,ball_tree,17,uncalibrated,4.84,0.00023738335848956112,0.00023096607941370045
12,12,KNN,ball_tree,17,uncalibrated,4.85,0.0,0.0
12,12,KNN,ball_tree,17,uncalibrated,4.86,0.0,0.0
12,12,KNN,ball_tree,17,uncalibrated,4.87,0.0,0.0
12,12,KNN,ball_tree,17,uncalibrated,4.88,0.0,0.0
12,12,KNN,ball_tree,17,uncalibrated,4.9,0.0,0.0
12,12,KNN,ball_tree,17,uncalibrated,4.93,0.0,0.0
12,12,KNN,ball_tree,19,uncalibrated,4.67,0.0,0.0
12,12,KNN,ball_tree,19,uncalibrated,4.7,0.0,0.0
12,12,KNN,ball_tree,19,uncalibrated,4.72,0.0,0.0
12,12,KNN,ball_tree,19,uncalibrated,4.73,7.195021045436557e-06,7.195021045436559e-06
12,12,KNN,ball_tree,19,uncalibrated,4.74,0.00699513322145546,0.006549249165137753
12,12,KNN,ball_tree,19,uncalibrated,4.75,0.04634440207717122,0.009165339157363405
12,12,KNN,ball_tree,19,uncalibrated,4.76,0.12107079541598224,0.010942262627905106
12,12,KNN,ball_tree,19,uncalibrated,4.77,0.18200174782078252,0.005946059240049373
12,12,KNN,ball_tree,19,uncalibrated,4.78,0.15901710113940448,0.010914228838999063
12,12,KNN,ball_tree,19,uncalibrated,4.79,0.06197780115034289,0.00863674542639214
12,12,KNN,ball_tree,19,uncalibrated,4.81,0.0044334567779256775,0.004102260472394325
12,12,KNN,ball_tree,19,uncalibrated,4.82,0.00048173804780541127,0.0004473658269338947
12,12,KNN,ball_tree,19,uncalibrated,4.83,4.534555575816448e-05,2.7890928344403767e-05
12,12,KNN,ball_tree,19,uncalibrated,4.84,0.00019003820111768773,0.00018490082257772696
12,12,KNN,ball_tree,19,uncalibrated,4.85,0.0,0.0
12,12,KNN,ball_tree,19,uncalibrated,4.86,0.0,0.0
12,12,KNN,ball_tree,19,uncalibrated,4.87,0.0,0.0
12,12,KNN,ball_tree,19,uncalibrated,4.88,0.0,0.0
12,12,KNN,ball_tree,19,uncalibrated,4.9,0.0,0.0
12,12,KNN,ball_tree,19,uncalibrated,4.93,0.0,0.0
12,12,KNN,ball_tree,21,uncalibrated,4.67,0.0,0.0
12,12,KNN,ball_tree,21,uncalibrated,4.7,0.0,0.0
12,12,KNN,ball_tree,21,uncalibrated,4.72,0.0,0.0
12,12,KNN,ball_tree,21,uncalibrated,4.73,5.889801808169154e-06,5.889801808169155e-06
12,12,KNN,ball_tree,21,uncalibrated,4.74,0.006475237515506345,0.005975993681078083
12,12,KNN,ball_tree,21,uncalibrated,4.75,0.04592724131441989,0.009154086298051882
12,12,KNN,ball_tree,21,uncalibrated,4.76,0.12061954129008114,0.011061305722182072
12,12,KNN,ball_tree,21,uncalibrated,4.77,0.181305476598299,0.005803375368592725
12,12,KNN,ball_tree,21,uncalibrated,4.78,0.1588652380984733,0.010988402799520555
12,12,KNN,ball_tree,21,uncalibrated,4.79,0.061344063121241,0.008654038787510986
12,12,KNN,ball_tree,21,uncalibrated,4.81,0.004237174036538762,0.003922940297174116
12,12,KNN,ball_tree,21,uncalibrated,4.82,0.0006003156939150661,0.0005719153779473654
12,12,KNN,ball_tree,21,uncalibrated,4.83,3.711960460021863e-05,2.2831349506416717e-05
12,12,KNN,ball_tree,21,uncalibrated,4.84,0.00021023935169194808,0.00020601896467050985
12,12,KNN,ball_tree,21,uncalibrated,4.85,0.0,0.0
12,12,KNN,ball_tree,21,uncalibrated,4.86,0.0,0.0
12,12,KNN,ball_tree,21,uncalibrated,4.87,0.0,0.0
12,12,KNN,ball_tree,21,uncalibrated,4.88,0.0,0.0
12,12,KNN,ball_tree,21,uncalibrated,4.9,0.0,0.0
12,12,KNN,ball_tree,21,uncalibrated,4.93,0.0,0.0
12,12,KNN,ball_tree,23,uncalibrated,4.67,0.0,0.0
12,12,KNN,ball_tree,23,uncalibrated,4.7,0.0,0.0
12,12,KNN,ball_tree,23,uncalibrated,4.72,0.0,0.0
12,12,KNN,ball_tree,23,uncalibrated,4.73,4.910023813615496e-06,4.910023813615496e-06
12,12,KNN,ball_tree,23,uncalibrated,4.74,0.006563723350671883,0.006123546140117557
12,12,KNN,ball_tree,23,uncalibrated,4.75,0.046012594780331234,0.009127041171227696
12,12,KNN,ball_tree,23,uncalibrated,4.76,0.1212919481831225,0.011044691822467765
12,12,KNN,ball_tree,23,uncalibrated,4.77,0.18035950835014183,0.005605325881482687
12,12,KNN,ball_tree,23,uncalibrated,4.78,0.15780590057629856,0.010996561365487892
12,12,KNN,ball_tree,23,uncalibrated,4.79,0.06159021463268538,0.008839851433364581
12,12,KNN,ball_tree,23,uncalibrated,4.81,0.004051814583574544,0.003703770971025163
12,12,KNN,ball_tree,23,uncalibrated,4.82,0.0006006254659200083,0.0005768823325707237
12,12,KNN,ball_tree,23,uncalibrated,4.83,3.094469873099496e-05,1.9033317830491023e-05
12,12,KNN,ball_tree,23,uncalibrated,4.84,0.0002278599106388654,0.0002243335826904359
12,12,KNN,ball_tree,23,uncalibrated,4.85,0.0,0.0
12,12,KNN,ball_tree,23,uncalibrated,4.86,0.0,0.0
12,12,KNN,ball_tree,23,uncalibrated,4.87,0.0,0.0
12,12,KNN,ball_tree,23,uncalibrated,4.88,0.0,0.0
12,12,KNN,ball_tree,23,uncalibrated,4.9,0.0,0.0
12,12,KNN,ball_tree,23,uncalibrated,4.93,0.0,0.0
12,12,KNN,ball_tree,25,uncalibrated,4.67,0.0,0.0
12,12,KNN,ball_tree,25,uncalibrated,4.7,0.0,0.0
12,12,KNN,ball_tree,25,uncalibrated,4.72,0.0,0.0
12,12,KNN,ball_tree,25,uncalibrated,4.73,4.155844155844155e-06,4.155844155844156e-06
12,12,KNN,ball_tree,25,uncalibrated,4.74,0.006535453618897322,0.00614228747336017
12,12,KNN,ball_tree,25,uncalibrated,4.75,0.0466678284873473,0.009197811999110512
12,12,KNN,ball_tree,25,uncalibrated,4.76,0.12144342793434343,0.011141184584491596
12,12,KNN,ball_tree,25,uncalibrated,4.77,0.17991643108129773,0.005392673339755726
12,12,KNN,ball_tree,25,uncalibrated,4.78,0.157771091476606,0.011649888423988841
12,12,KNN,ball_tree,25,uncalibrated,4.79,0.06124520959712433,0.009059992408034031
12,12,KNN,ball_tree,25,uncalibrated,4.81,0.004023721470651907,0.0037232722061361187
12,12,KNN,ball_tree,25,uncalibrated,4.82,0.0006012368431637502,0.0005810975963571369
12,12,KNN,ball_tree,25,uncalibrated,4.83,2.6191593005915132e-05,1.6109800211727608e-05
12,12,KNN,ball_tree,25,uncalibrated,4.84,0.00024331329039826053,0.00024032401745339651
12,12,KNN,ball_tree,25,uncalibrated,4.85,0.0,0.0
12,12,KNN,ball_tree,25,uncalibrated,4.86,0.0,0.0
12,12,KNN,ball_tree,25,uncalibrated,4.87,0.0,0.0
12,12,KNN,ball_tree,25,uncalibrated,4.88,0.0,0.0
12,12,KNN,ball_tree,25,uncalibrated,4.9,0.0,0.0
12,12,KNN,ball_tree,25,uncalibrated,4.93,0.0,0.0
12,12,KNN,ball_tree,27,uncalibrated,4.67,0.0,0.0
12,12,KNN,ball_tree,27,uncalibrated,4.7,0.0,0.0
12,12,KNN,ball_tree,27,uncalibrated,4.72,0.0,0.0
12,12,KNN,ball_tree,27,uncalibrated,4.73,9.205900440327937e-06,6.454003819955606e-06
12,12,KNN,ball_tree,27,uncalibrated,4.74,0.006432329449908213,0.006017085221793125
12,12,KNN,ball_tree,27,uncalibrated,4.75,0.04724735544051272,0.009219769174648819
12,12,KNN,ball_tree,27,uncalibrated,4.76,0.12237996940333976,0.010875136881673178
12,12,KNN,ball_tree,27,uncalibrated,4.77,0.17942803289182088,0.005600002272036636
12,12,KNN,ball_tree,27,uncalibrated,4.78,0.1580275695988385,0.011170945468946411
12,12,KNN,ball_tree,27,uncalibrated,4.79,0.06117716632078804,0.009091592983196348
12,12,KNN,ball_tree,27,uncalibrated,4.81,0.0038372367662771073,0.0035718714673107044
12,12,KNN,ball_tree,27,uncalibrated,4.82,0.0006020105453134539,0.0005847158320948719
12,12,KNN,ball_tree,27,uncalibrated,4.83,2.2455069449515547e-05,1.381155710881996e-05
12,12,KNN,ball_tree,27,uncalibrated,4.84,0.00025694690728260834,0.00025438131574902396
12,12,KNN,ball_tree,27,uncalibrated,4.85,0.0,0.0
12,12,KNN,ball_tree,27,uncalibrated,4.86,0.0,0.0
12,12,KNN,ball_tree,27,uncalibrated,4.87,0.0,0.0
12,12,KNN,ball_tree,27,uncalibrated,4.88,0.0,0.0
12,12,KNN,ball_tree,27,uncalibrated,4.9,0.0,0.0
12,12,KNN,ball_tree,27,uncalibrated,4.93,0.0,0.0
12,12,KNN,ball_tree,29,uncalibrated,4.67,0.0,0.0
12,12,KNN,ball_tree,29,uncalibrated,4.7,0.0,0.0
12,12,KNN,ball_tree,29,uncalibrated,4.72,0.0,0.0
12,12,KNN,ball_tree,29,uncalibrated,4.73,7.97990656480274e-06,5.594493204218349e-06
12,12,KNN,ball_tree,29,uncalibrated,4.74,0.0064670306937691276,0.006029984713686416
12,12,KNN,ball_tree,29,uncalibrated,4.75,0.0474245020336629,0.009194191843992859
12,12,KNN,ball_tree,29,uncalibrated,4.76,0.12303594385364652,0.01076768468080687
12,12,KNN,ball_tree,29,uncalibrated,4.77,0.17999265736001993,0.005528858432806011
12,12,KNN,ball_tree,29,uncalibrated,4.78,0.157416533183277,0.01125511403870999
12,12,KNN,ball_tree,29,uncalibrated,4.79,0.06045906156101411,0.00888825949273874
12,12,KNN,ball_tree,29,uncalibrated,4.81,0.0039345727268239195,0.003638570427142676
12,12,KNN,ball_tree,29,uncalibrated,4.82,0.0006898959854902884,0.0006748693587826381
12,12,KNN,ball_tree,29,uncalibrated,4.83,1.9464620248151588e-05,1.1972205864839175e-05
12,12,KNN,ball_tree,29,uncalibrated,4.84,0.00022272805637220787,0.00022050413695723963
12,12,KNN,ball_tree,29,uncalibrated,4.85,0.0,0.0
12,12,KNN,ball_tree,29,uncalibrated,4.86,0.0,0.0
12,12,KNN,ball_tree,29,uncalibrated,4.87,0.0,0.0
12,12,KNN,ball_tree,29,uncalibrated,4.88,0.0,0.0
12,12,KNN,ball_tree,29,uncalibrated,4.9,0.0,0.0
12,12,KNN,ball_tree,29,uncalibrated,4.93,0.0,0.0
12,12,KNN,ball_tree,31,uncalibrated,4.67,0.0,0.0
12,12,KNN,ball_tree,31,uncalibrated,4.7,0.0,0.0
12,12,KNN,ball_tree,31,uncalibrated,4.72,0.0,0.0
12,12,KNN,ball_tree,31,uncalibrated,4.73,1.7470557969823818e-05,1.4353666784315722e-05
12,12,KNN,ball_tree,31,uncalibrated,4.74,0.006263479630570339,0.005869140377147788
12,12,KNN,ball_tree,31,uncalibrated,4.75,0.047417008955121166,0.009091519861495813
12,12,KNN,ball_tree,31,uncalibrated,4.76,0.12293310836191793,0.010605351481262203
12,12,KNN,ball_tree,31,uncalibrated,4.77,0.17959726932909303,0.005385848256522181
12,12,KNN,ball_tree,31,uncalibrated,4.78,0.1574112805497811,0.011069171539409353
12,12,KNN,ball_tree,31,uncalibrated,4.79,0.0598791181526382,0.008708334945464816
12,12,KNN,ball_tree,31,uncalibrated,4.81,0.0039033052592762933,0.0035804250901109455
12,12,KNN,ball_tree,31,uncalibrated,4.82,0.0006851682617117414,0.0006720069080002392
12,12,KNN,ball_tree,31,uncalibrated,4.83,1.703407453558455e-05,1.0477237390561659e-05
12,12,KNN,ball_tree,31,uncalibrated,4.84,0.00023545094636656964,0.00023350319972138367
12,12,KNN,ball_tree,31,uncalibrated,4.85,0.0,0.0
12,12,KNN,ball_tree,31,uncalibrated,4.86,0.0,0.0
12,12,KNN,ball_tree,31,uncalibrated,4.87,0.0,0.0
12,12,KNN,ball_tree,31,uncalibrated,4.88,0.0,0.0
12,12,KNN,ball_tree,31,uncalibrated,4.9,0.0,0.0
12,12,KNN,ball_tree,31,uncalibrated,4.93,0.0,0.0
12,12,KNN,ball_tree,33,uncalibrated,4.67,0.0,0.0
12,12,KNN,ball_tree,33,uncalibrated,4.7,0.0,0.0
12,12,KNN,ball_tree,33,uncalibrated,4.72,0.0,0.0
12,12,KNN,ball_tree,33,uncalibrated,4.73,1.5417085591370537e-05,1.266655076191681e-05
12,12,KNN,ball_tree,33,uncalibrated,4.74,0.006462090963213752,0.0060926575726481
12,12,KNN,ball_tree,33,uncalibrated,4.75,0.04703329194466218,0.009062060890413868
12,12,KNN,ball_tree,33,uncalibrated,4.76,0.12274569147405999,0.010677029760788916
12,12,KNN,ball_tree,33,uncalibrated,4.77,0.17887754064012115,0.005334243101657517
12,12,KNN,ball_tree,33,uncalibrated,4.78,0.15693375487431238,0.011056168378344097
12,12,KNN,ball_tree,33,uncalibrated,4.79,0.05957809072999494,0.008802841309409115
12,12,KNN,ball_tree,33,uncalibrated,4.81,0.003894332917452969,0.0036033733577744372
12,12,KNN,ball_tree,33,uncalibrated,4.82,0.0007622466171459076,0.0007506175092996576
12,12,KNN,ball_tree,33,uncalibrated,4.83,1.5031905995130835e-05,9.245753105904255e-06
12,12,KNN,ball_tree,33,uncalibrated,4.84,0.00020777627131155058,0.00020605746091115676
12,12,KNN,ball_tree,33,uncalibrated,4.85,0.0,0.0
12,12,KNN,ball_tree,33,uncalibrated,4.86,0.0,0.0
12,12,KNN,ball_tree,33,uncalibrated,4.87,0.0,0.0
12,12,KNN,ball_tree,33,uncalibrated,4.88,0.0,0.0
12,12,KNN,ball_tree,33,uncalibrated,4.9,0.0,0.0
12,12,KNN,ball_tree,33,uncalibrated,4.93,0.0,0.0
12,12,KNN,ball_tree,35,uncalibrated,4.67,0.0,0.0
12,12,KNN,ball_tree,35,uncalibrated,4.7,0.0,0.0
12,12,KNN,ball_tree,35,uncalibrated,4.72,0.0,0.0
12,12,KNN,ball_tree,35,uncalibrated,4.73,1.3705474456327264e-05,1.1260305126308086e-05
12,12,KNN,ball_tree,35,uncalibrated,4.74,0.006653522710507934,0.0062225132534661975
12,12,KNN,ball_tree,35,uncalibrated,4.75,0.047159484479639455,0.009036486105343378
12,12,KNN,ball_tree,35,uncalibrated,4.76,0.12237440964049512,0.010655835010495886
12,12,KNN,ball_tree,35,uncalibrated,4.77,0.17881484058596575,0.005397393105844992
12,12,KNN,ball_tree,35,uncalibrated,4.78,0.1568079932849268,0.01165177326160588
12,12,KNN,ball_tree,35,uncalibrated,4.79,0.05940454520258462,0.008648516064064134
12,12,KNN,ball_tree,35,uncalibrated,4.81,0.0037340796100735155,0.003473255582833291
12,12,KNN,ball_tree,35,uncalibrated,4.82,0.0007538630668824755,0.0007435200548240871
12,12,KNN,ball_tree,35,uncalibrated,4.83,1.3363057656079755e-05,8.219285822309999e-06
12,12,KNN,ball_tree,35,uncalibrated,4.84,0.0002240123774807613,0.00021795656147121457
12,12,KNN,ball_tree,35,uncalibrated,4.85,0.0,0.0
12,12,KNN,ball_tree,35,uncalibrated,4.86,0.0,0.0
12,12,KNN,ball_tree,35,uncalibrated,4.87,0.0,0.0
12,12,KNN,ball_tree,35,uncalibrated,4.88,0.0,0.0
12,12,KNN,ball_tree,35,uncalibrated,4.9,0.0,0.0
12,12,KNN,ball_tree,35,uncalibrated,4.93,0.0,0.0
12,12,KNN,ball_tree,37,uncalibrated,4.67,0.0,0.0
12,12,KNN,ball_tree,37,uncalibrated,4.7,0.0,0.0
12,12,KNN,ball_tree,37,uncalibrated,4.72,0.0,0.0
12,12,KNN,ball_tree,37,uncalibrated,4.73,1.4673114417080368e-05,1.0295376809923713e-05
12,12,KNN,ball_tree,37,uncalibrated,4.74,0.0065767376129629235,0.006128159698696845
12,12,KNN,ball_tree,37,uncalibrated,4.75,0.04700557888337903,0.009032177562585179
12,12,KNN,ball_tree,37,uncalibrated,4.76,0.12241174476271824,0.010627107189644045
12,12,KNN,ball_tree,37,uncalibrated,4.77,0.1784844980644172,0.00533059711976417
12,12,KNN,ball_tree,37,uncalibrated,4.78,0.15650341070022572,0.011962641851395658
12,12,KNN,ball_tree,37,uncalibrated,4.79,0.05992488838087265,0.008768264749917369
12,12,KNN,ball_tree,37,uncalibrated,4.81,0.003737806540429735,0.0035009362499527066
12,12,KNN,ball_tree,37,uncalibrated,4.82,0.0007464780517463102,0.0007372192270535553
12,12,KNN,ball_tree,37,uncalibrated,4.83,1.1957447500874292e-05,7.354729826391344e-06
12,12,KNN,ball_tree,37,uncalibrated,4.84,0.00023431950462358657,0.00022888990695958813
12,12,KNN,ball_tree,37,uncalibrated,4.85,0.0,0.0
12,12,KNN,ball_tree,37,uncalibrated,4.86,0.0,0.0
12,12,KNN,ball_tree,37,uncalibrated,4.87,0.0,0.0
12,12,KNN,ball_tree,37,uncalibrated,4.88,0.0,0.0
12,12,KNN,ball_tree,37,uncalibrated,4.9,0.0,0.0
12,12,KNN,ball_tree,37,uncalibrated,4.93,0.0,0.0
12,12,KNN,ball_tree,39,uncalibrated,4.67,0.0,0.0
12,12,KNN,ball_tree,39,uncalibrated,4.7,0.0,0.0
12,12,KNN,ball_tree,39,uncalibrated,4.72,0.0,0.0
12,12,KNN,ball_tree,39,uncalibrated,4.73,1.5360207594973162e-05,9.448733303772815e-06
12,12,KNN,ball_tree,39,uncalibrated,4.74,0.006695490681511194,0.006274622722098997
12,12,KNN,ball_tree,39,uncalibrated,4.75,0.047271110262053065,0.009016193427210715
12,12,KNN,ball_tree,39,uncalibrated,4.76,0.12227083819485081,0.010580164484021905
12,12,KNN,ball_tree,39,uncalibrated,4.77,0.17860651055327542,0.00531919420992105
12,12,KNN,ball_tree,39,uncalibrated,4.78,0.1563289817565846,0.011817269752979434
12,12,KNN,ball_tree,39,uncalibrated,4.79,0.0594909292999587,0.00880272860249999
12,12,KNN,ball_tree,39,uncalibrated,4.81,0.0037058090457747967,0.0034872119074439525
12,12,KNN,ball_tree,39,uncalibrated,4.82,0.0008112901773909638,0.000802951297800442
12,12,KNN,ball_tree,39,uncalibrated,4.83,1.0762488907756139e-05,6.619740389434421e-06
12,12,KNN,ball_tree,39,uncalibrated,4.84,0.00024382788716935776,0.00023893323713266223
12,12,KNN,ball_tree,39,uncalibrated,4.85,0.0,0.0
12,12,KNN,ball_tree,39,uncalibrated,4.86,0.0,0.0
12,12,KNN,ball_tree,39,uncalibrated,4.87,0.0,0.0
12,12,KNN,ball_tree,39,uncalibrated,4.88,0.0,0.0
12,12,KNN,ball_tree,39,uncalibrated,4.9,0.0,0.0
12,12,KNN,ball_tree,39,uncalibrated,4.93,0.0,0.0
12,12,KNN,ball_tree,41,uncalibrated,4.67,0.0,0.0
12,12,KNN,ball_tree,41,uncalibrated,4.7,0.0,0.0
12,12,KNN,ball_tree,41,uncalibrated,4.72,0.0,0.0
12,12,KNN,ball_tree,41,uncalibrated,4.73,2.4563619836252432e-05,1.958624560721352e-05
12,12,KNN,ball_tree,41,uncalibrated,4.74,0.00667362401261659,0.0062247714880537906
12,12,KNN,ball_tree,41,uncalibrated,4.75,0.04750363154025221,0.009036270628603021
12,12,KNN,ball_tree,41,uncalibrated,4.76,0.12233701337564272,0.010595196874353192
12,12,KNN,ball_tree,41,uncalibrated,4.77,0.1783666469794014,0.005237721132020013
12,12,KNN,ball_tree,41,uncalibrated,4.78,0.1560657765673952,0.01146315846896609
12,12,KNN,ball_tree,41,uncalibrated,4.79,0.05945189085907099,0.008913118365704312
12,12,KNN,ball_tree,41,uncalibrated,4.81,0.0037032409631106815,0.0035021966306052936
12,12,KNN,ball_tree,41,uncalibrated,4.82,0.0008722297959456607,0.0008646810636147016
12,12,KNN,ball_tree,41,uncalibrated,4.83,9.738099719629051e-06,5.989663969262212e-06
12,12,KNN,ball_tree,41,uncalibrated,4.84,0.0002526184450200126,0.0002481841162254396
12,12,KNN,ball_tree,41,uncalibrated,4.85,0.0,0.0
12,12,KNN,ball_tree,41,uncalibrated,4.86,0.0,0.0
12,12,KNN,ball_tree,41,uncalibrated,4.87,0.0,0.0
12,12,KNN,ball_tree,41,uncalibrated,4.88,0.0,0.0
12,12,KNN,ball_tree,41,uncalibrated,4.9,0.0,0.0
12,12,KNN,ball_tree,41,uncalibrated,4.93,0.0,0.0
12,12,KNN,ball_tree,43,uncalibrated,4.67,0.0,0.0
12,12,KNN,ball_tree,43,uncalibrated,4.7,0.0,0.0
12,12,KNN,ball_tree,43,uncalibrated,4.72,0.0,0.0
12,12,KNN,ball_tree,43,uncalibrated,4.73,2.2331771197804327e-05,1.780664081434609e-05
12,12,KNN,ball_tree,43,uncalibrated,4.74,0.006496138681285662,0.006053902455673284
12,12,KNN,ball_tree,43,uncalibrated,4.75,0.04729406959268567,0.00900556078390799
12,12,KNN,ball_tree,43,uncalibrated,4.76,0.12243641293821239,0.01066170234848712
12,12,KNN,ball_tree,43,uncalibrated,4.77,0.17844651857370486,0.0052474532891713796
12,12,KNN,ball_tree,43,uncalibrated,4.78,0.15567363524158231,0.011333503805064815
12,12,KNN,ball_tree,43,uncalibrated,4.79,0.05909799760210648,0.008971342161960697
12,12,KNN,ball_tree,43,uncalibrated,4.81,0.0036706565153394235,0.00348466751985739
12,12,KNN,ball_tree,43,uncalibrated,4.82,0.0008598793986732641,0.0008530152437002819
12,12,KNN,ball_tree,43,uncalibrated,4.83,8.853296716439665e-06,5.445443554532047e-06
12,12,KNN,ball_tree,43,uncalibrated,4.84,0.00022966555223291209,0.00022563412621685438
12,12,KNN,ball_tree,43,uncalibrated,4.85,0.0,0.0
12,12,KNN,ball_tree,43,uncalibrated,4.86,0.0,0.0
12,12,KNN,ball_tree,43,uncalibrated,4.87,0.0,0.0
12,12,KNN,ball_tree,43,uncalibrated,4.88,0.0,0.0
12,12,KNN,ball_tree,43,uncalibrated,4.9,0.0,0.0
12,12,KNN,ball_tree,43,uncalibrated,4.93,0.0,0.0
12,12,KNN,ball_tree,45,uncalibrated,4.67,0.0,0.0
12,12,KNN,ball_tree,45,uncalibrated,4.7,0.0,0.0
12,12,KNN,ball_tree,45,uncalibrated,4.72,0.0,0.0
12,12,KNN,ball_tree,45,uncalibrated,4.73,2.039083700974838e-05,1.6259001909000452e-05
12,12,KNN,ball_tree,45,uncalibrated,4.74,0.0065714668474333,0.006152743792810096
12,12,KNN,ball_tree,45,uncalibrated,4.75,0.04733822701550361,0.008991595704255945
12,12,KNN,ball_tree,45,uncalibrated,4.76,0.12238553760181216,0.010609918861025571
12,12,KNN,ball_tree,45,uncalibrated,4.77,0.176826899207709,0.0051361590927877405
12,12,KNN,ball_tree,45,uncalibrated,4.78,0.15557346020147533,0.011363754153968009
12,12,KNN,ball_tree,45,uncalibrated,4.79,0.05878136975035345,0.009105443711603205
12,12,KNN,ball_tree,45,uncalibrated,4.81,0.0035736104051673325,0.003401310214116703
12,12,KNN,ball_tree,45,uncalibrated,4.82,0.0008487240663503303,0.0008424554671489781
12,12,KNN,ball_tree,45,uncalibrated,4.83,8.083825001825362e-06,4.972160559175181e-06
12,12,KNN,ball_tree,45,uncalibrated,4.84,0.00023809954119103678,0.00023441474615948753
12,12,KNN,ball_tree,45,uncalibrated,4.85,0.0,0.0
12,12,KNN,ball_tree,45,uncalibrated,4.86,0.0,0.0
12,12,KNN,ball_tree,45,uncalibrated,4.87,0.0,0.0
12,12,KNN,ball_tree,45,uncalibrated,4.88,0.0,0.0
12,12,KNN,ball_tree,45,uncalibrated,4.9,0.0,0.0
12,12,KNN,ball_tree,45,uncalibrated,4.93,0.0,0.0
12,12,KNN,ball_tree,47,uncalibrated,4.67,0.0,0.0
12,12,KNN,ball_tree,47,uncalibrated,4.7,0.0,0.0
12,12,KNN,ball_tree,47,uncalibrated,4.72,0.0,0.0
12,12,KNN,ball_tree,47,uncalibrated,4.73,1.8692369825595366e-05,1.490469844532636e-05
12,12,KNN,ball_tree,47,uncalibrated,4.74,0.0065223607757615275,0.006087253970501704
12,12,KNN,ball_tree,47,uncalibrated,4.75,0.04722321019740557,0.008982717026984189
12,12,KNN,ball_tree,47,uncalibrated,4.76,0.12211916598029969,0.01052498922236556
12,12,KNN,ball_tree,47,uncalibrated,4.77,0.1767142295321202,0.005106911681395512
12,12,KNN,ball_tree,47,uncalibrated,4.78,0.1552198355231974,0.011400004451170662
12,12,KNN,ball_tree,47,uncalibrated,4.79,0.05848327457101929,0.009086850851688703
12,12,KNN,ball_tree,47,uncalibrated,4.81,0.0035559798569878044,0.003392801673775759
12,12,KNN,ball_tree,47,uncalibrated,4.82,0.0008395675384320818,0.0008326849332703409
12,12,KNN,ball_tree,47,uncalibrated,4.83,7.410477876277396e-06,4.558001417985394e-06
12,12,KNN,ball_tree,47,uncalibrated,4.84,0.00021826689493519174,0.0002148890271493719
12,12,KNN,ball_tree,47,uncalibrated,4.85,0.0,0.0
12,12,KNN,ball_tree,47,uncalibrated,4.86,0.0,0.0
12,12,KNN,ball_tree,47,uncalibrated,4.87,0.0,0.0
12,12,KNN,ball_tree,47,uncalibrated,4.88,0.0,0.0
12,12,KNN,ball_tree,47,uncalibrated,4.9,0.0,0.0
12,12,KNN,ball_tree,47,uncalibrated,4.93,0.0,0.0
12,12,KNN,ball_tree,49,uncalibrated,4.67,0.0,0.0
12,12,KNN,ball_tree,49,uncalibrated,4.7,0.0,0.0
12,12,KNN,ball_tree,49,uncalibrated,4.72,0.0,0.0
12,12,KNN,ball_tree,49,uncalibrated,4.73,1.7197603059033674e-05,1.3712819186058285e-05
12,12,KNN,ball_tree,49,uncalibrated,4.74,0.0066105337964982355,0.00614553214714486
12,12,KNN,ball_tree,49,uncalibrated,4.75,0.04689296150645898,0.008936933840593268
12,12,KNN,ball_tree,49,uncalibrated,4.76,0.1223316817424105,0.010519965445895424
12,12,KNN,ball_tree,49,uncalibrated,4.77,0.17694015112623454,0.005063429806383624
12,12,KNN,ball_tree,49,uncalibrated,4.78,0.15488794494831637,0.011569519789813285
12,12,KNN,ball_tree,49,uncalibrated,4.79,0.05835315857089487,0.009211268653306166
12,12,KNN,ball_tree,49,uncalibrated,4.81,0.0035699017610693316,0.003416304036499469
12,12,KNN,ball_tree,49,uncalibrated,4.82,0.0008302549123358694,0.0008239220297173821
12,12,KNN,ball_tree,49,uncalibrated,4.83,6.817886559223881e-06,4.193513174647963e-06
12,12,KNN,ball_tree,49,uncalibrated,4.84,0.00020081281587332387,0.000197705064961667
12,12,KNN,ball_tree,49,uncalibrated,4.85,0.0,0.0
12,12,KNN,ball_tree,49,uncalibrated,4.86,0.0,0.0
12,12,KNN,ball_tree,49,uncalibrated,4.87,0.0,0.0
12,12,KNN,ball_tree,49,uncalibrated,4.88,0.0,0.0
12,12,KNN,ball_tree,49,uncalibrated,4.9,0.0,0.0
12,12,KNN,ball_tree,49,uncalibrated,4.93,0.0,0.0
12,12,KNN,ball_tree,51,uncalibrated,4.67,0.0,0.0
12,12,KNN,ball_tree,51,uncalibrated,4.7,0.0,0.0
12,12,KNN,ball_tree,51,uncalibrated,4.72,0.0,0.0
12,12,KNN,ball_tree,51,uncalibrated,4.73,2.82941416766297e-05,2.1177018078998944e-05
12,12,KNN,ball_tree,51,uncalibrated,4.74,0.006676607079005703,0.006159978907545991
12,12,KNN,ball_tree,51,uncalibrated,4.75,0.04684235099876823,0.008889285957569035
12,12,KNN,ball_tree,51,uncalibrated,4.76,0.12217054724889208,0.010422625741937388
12,12,KNN,ball_tree,51,uncalibrated,4.77,0.1767832898066352,0.005053706898658032
12,12,KNN,ball_tree,51,uncalibrated,4.78,0.154869906362526,0.011700279422623097
12,12,KNN,ball_tree,51,uncalibrated,4.79,0.058187054673334106,0.009094980255675972
12,12,KNN,ball_tree,51,uncalibrated,4.81,0.0034799419252856223,0.003335911517980313
12,12,KNN,ball_tree,51,uncalibrated,4.82,0.0007664137041593148,0.0007605677790662953
12,12,KNN,ball_tree,51,uncalibrated,4.83,6.29363538204406e-06,3.871059258873408e-06
12,12,KNN,ball_tree,51,uncalibrated,4.84,0.00020890507915577412,0.00020603388674603052
12,12,KNN,ball_tree,51,uncalibrated,4.85,0.0,0.0
12,12,KNN,ball_tree,51,uncalibrated,4.86,0.0,0.0
12,12,KNN,ball_tree,51,uncalibrated,4.87,0.0,0.0
12,12,KNN,ball_tree,51,uncalibrated,4.88,0.0,0.0
12,12,KNN,ball_tree,51,uncalibrated,4.9,0.0,0.0
12,12,KNN,ball_tree,51,uncalibrated,4.93,0.0,0.0
12,12,KNN,ball_tree,61,uncalibrated,4.67,0.0,0.0
12,12,KNN,ball_tree,61,uncalibrated,4.7,0.0,0.0
12,12,KNN,ball_tree,61,uncalibrated,4.72,0.0,0.0
12,12,KNN,ball_tree,61,uncalibrated,4.73,3.782582298761505e-05,3.2584523852366025e-05
12,12,KNN,ball_tree,61,uncalibrated,4.74,0.006791679228418344,0.006132702099806265
12,12,KNN,ball_tree,61,uncalibrated,4.75,0.04615279998664916,0.008764730591515335
12,12,KNN,ball_tree,61,uncalibrated,4.76,0.12301400611825469,0.010353845497370763
12,12,KNN,ball_tree,61,uncalibrated,4.77,0.17606530253051147,0.005042464366413559
12,12,KNN,ball_tree,61,uncalibrated,4.78,0.1536221632247779,0.011692607864369611
12,12,KNN,ball_tree,61,uncalibrated,4.79,0.05702042816299889,0.008783226870093546
12,12,KNN,ball_tree,61,uncalibrated,4.81,0.003424352233202223,0.0033107424390219297
12,12,KNN,ball_tree,61,uncalibrated,4.82,0.000743196699359785,0.0007384385355018867
12,12,KNN,ball_tree,61,uncalibrated,4.83,4.7663819901789636e-06,3.1064146293315876e-06
12,12,KNN,ball_tree,61,uncalibrated,4.84,0.000163473051866613,0.00016146467176390524
12,12,KNN,ball_tree,61,uncalibrated,4.85,0.0,0.0
12,12,KNN,ball_tree,61,uncalibrated,4.86,0.0,0.0
12,12,KNN,ball_tree,61,uncalibrated,4.87,0.0,0.0
12,12,KNN,ball_tree,61,uncalibrated,4.88,0.0,0.0
12,12,KNN,ball_tree,61,uncalibrated,4.9,0.0,0.0
12,12,KNN,ball_tree,61,uncalibrated,4.93,0.0,0.0
12,12,KNN,ball_tree,81,uncalibrated,4.67,0.0,0.0
12,12,KNN,ball_tree,81,uncalibrated,4.7,0.0,0.0
12,12,KNN,ball_tree,81,uncalibrated,4.72,0.0,0.0
12,12,KNN,ball_tree,81,uncalibrated,4.73,4.074753876171305e-05,3.290907398904378e-05
12,12,KNN,ball_tree,81,uncalibrated,4.74,0.006663944686848619,0.005947368441947898
12,12,KNN,ball_tree,81,uncalibrated,4.75,0.046614298664557983,0.008765124282246888
12,12,KNN,ball_tree,81,uncalibrated,4.76,0.12258428289809568,0.01030319580406605
12,12,KNN,ball_tree,81,uncalibrated,4.77,0.17379019996358058,0.005180224727562461
12,12,KNN,ball_tree,81,uncalibrated,4.78,0.15230817312089157,0.011583972066033246
12,12,KNN,ball_tree,81,uncalibrated,4.79,0.05616679029829909,0.008754518758119124
12,12,KNN,ball_tree,81,uncalibrated,4.81,0.003407417208051956,0.0032812044673094422
12,12,KNN,ball_tree,81,uncalibrated,4.82,0.0006181051687260701,0.0006154062316981323
12,12,KNN,ball_tree,81,uncalibrated,4.83,3.5014318163104133e-06,2.2110021014057084e-06
12,12,KNN,ball_tree,81,uncalibrated,4.84,0.0001936180371952807,0.0001910563728652807
12,12,KNN,ball_tree,81,uncalibrated,4.85,0.0,0.0
12,12,KNN,ball_tree,81,uncalibrated,4.86,0.0,0.0
12,12,KNN,ball_tree,81,uncalibrated,4.87,0.0,0.0
12,12,KNN,ball_tree,81,uncalibrated,4.88,0.0,0.0
12,12,KNN,ball_tree,81,uncalibrated,4.9,0.0,0.0
12,12,KNN,ball_tree,81,uncalibrated,4.93,0.0,0.0
12,12,KNN,ball_tree,101,uncalibrated,4.67,0.0,0.0
12,12,KNN,ball_tree,101,uncalibrated,4.7,0.0,0.0
12,12,KNN,ball_tree,101,uncalibrated,4.72,0.0,0.0
12,12,KNN,ball_tree,101,uncalibrated,4.73,3.010560665183978e-05,2.1666952203145063e-05
12,12,KNN,ball_tree,101,uncalibrated,4.74,0.006680543821771755,0.005914269059765168
12,12,KNN,ball_tree,101,uncalibrated,4.75,0.04645505143672409,0.008686363372754064
12,12,KNN,ball_tree,101,uncalibrated,4.76,0.12252851869666043,0.010028452557701777
12,12,KNN,ball_tree,101,uncalibrated,4.77,0.17212910244191365,0.005271920251870326
12,12,KNN,ball_tree,101,uncalibrated,4.78,0.1509507109226158,0.0113582704173313
12,12,KNN,ball_tree,101,uncalibrated,4.79,0.05498795871469687,0.008696642146790159
12,12,KNN,ball_tree,101,uncalibrated,4.81,0.003373893512506801,0.0032586392814768
12,12,KNN,ball_tree,101,uncalibrated,4.82,0.0005957784036968657,0.0005940425478461905
12,12,KNN,ball_tree,101,uncalibrated,4.83,3.4802237319599682e-06,2.3321949346339783e-06
12,12,KNN,ball_tree,101,uncalibrated,4.84,0.00016651371672528377,0.00016359082418388937
12,12,KNN,ball_tree,101,uncalibrated,4.85,0.0,0.0
12,12,KNN,ball_tree,101,uncalibrated,4.86,0.0,0.0
12,12,KNN,ball_tree,101,uncalibrated,4.87,0.0,0.0
12,12,KNN,ball_tree,101,uncalibrated,4.88,0.0,0.0
12,12,KNN,ball_tree,101,uncalibrated,4.9,0.0,0.0
12,12,KNN,ball_tree,101,uncalibrated,4.93,0.0,0.0
12,12,KNN,ball_tree,151,uncalibrated,4.67,0.0,0.0
12,12,KNN,ball_tree,151,uncalibrated,4.7,0.0,0.0
12,12,KNN,ball_tree,151,uncalibrated,4.72,0.0,0.0
12,12,KNN,ball_tree,151,uncalibrated,4.73,3.537035118189806e-05,2.204655645895728e-05
12,12,KNN,ball_tree,151,uncalibrated,4.74,0.006982124534649966,0.006007300052468297
12,12,KNN,ball_tree,151,uncalibrated,4.75,0.04660352720626207,0.008605626132495246
12,12,KNN,ball_tree,151,uncalibrated,4.76,0.1202981742392815,0.009719675004509492
12,12,KNN,ball_tree,151,uncalibrated,4.77,0.16948777782586974,0.005411086175245256
12,12,KNN,ball_tree,151,uncalibrated,4.78,0.14818398670962366,0.011711299930751262
12,12,KNN,ball_tree,151,uncalibrated,4.79,0.05395193205209251,0.008780031391123523
12,12,KNN,ball_tree,151,uncalibrated,4.81,0.0033399698436265978,0.003203709619855317
12,12,KNN,ball_tree,151,uncalibrated,4.82,0.0004984668667078127,0.000496811072905949
12,12,KNN,ball_tree,151,uncalibrated,4.83,1.2540114266420717e-05,1.038871526511461e-05
12,12,KNN,ball_tree,151,uncalibrated,4.84,0.00019827011317072324,0.00019524354150786877
12,12,KNN,ball_tree,151,uncalibrated,4.85,0.0,0.0
12,12,KNN,ball_tree,151,uncalibrated,4.86,0.0,0.0
12,12,KNN,ball_tree,151,uncalibrated,4.87,0.0,0.0
12,12,KNN,ball_tree,151,uncalibrated,4.88,0.0,0.0
12,12,KNN,ball_tree,151,uncalibrated,4.9,0.0,0.0
12,12,KNN,ball_tree,151,uncalibrated,4.93,0.0,0.0
12,12,KNN,ball_tree,201,uncalibrated,4.67,0.0,0.0
12,12,KNN,ball_tree,201,uncalibrated,4.7,0.0,0.0
12,12,KNN,ball_tree,201,uncalibrated,4.72,8.777256233212646e-08,8.777256233212401e-08
12,12,KNN,ball_tree,201,uncalibrated,4.73,5.302455823440542e-05,3.405864610928164e-05
12,12,KNN,ball_tree,201,uncalibrated,4.74,0.007245804987107467,0.006146372199566031
12,12,KNN,ball_tree,201,uncalibrated,4.75,0.04647554930321652,0.008523832386783612
12,12,KNN,ball_tree,201,uncalibrated,4.76,0.11910831231845391,0.00963543760554018
12,12,KNN,ball_tree,201,uncalibrated,4.77,0.16688458274216633,0.005910584988911727
12,12,KNN,ball_tree,201,uncalibrated,4.78,0.1467417974255249,0.011720149331404542
12,12,KNN,ball_tree,201,uncalibrated,4.79,0.05314644075585554,0.008812212062957426
12,12,KNN,ball_tree,201,uncalibrated,4.81,0.003450189705266591,0.003274586683113816
12,12,KNN,ball_tree,201,uncalibrated,4.82,0.000518297924593555,0.0005173037609860604
12,12,KNN,ball_tree,201,uncalibrated,4.83,1.177744826045588e-05,9.866867838956398e-06
12,12,KNN,ball_tree,201,uncalibrated,4.84,0.00023436512864321272,0.00023136101892236234
12,12,KNN,ball_tree,201,uncalibrated,4.85,0.0,0.0
12,12,KNN,ball_tree,201,uncalibrated,4.86,0.0,0.0
12,12,KNN,ball_tree,201,uncalibrated,4.87,0.0,0.0
12,12,KNN,ball_tree,201,uncalibrated,4.88,0.0,0.0
12,12,KNN,ball_tree,201,uncalibrated,4.9,0.0,0.0
12,12,KNN,ball_tree,201,uncalibrated,4.93,0.0,0.0
12,12,KNN,brute,1,uncalibrated,4.67,0.0,0.0
12,12,KNN,brute,1,uncalibrated,4.7,0.0,0.0
12,12,KNN,brute,1,uncalibrated,4.72,0.0,0.0
12,12,KNN,brute,1,uncalibrated,4.73,0.0,0.0
12,12,KNN,brute,1,uncalibrated,4.74,0.007281726243667368,0.007210513852711344
12,12,KNN,brute,1,uncalibrated,4.75,0.033955199456788744,0.010914396033521997
12,12,KNN,brute,1,uncalibrated,4.76,0.13007286761361783,0.017142651172800803
12,12,KNN,brute,1,uncalibrated,4.77,0.23898407602040328,0.005044195824351796
12,12,KNN,brute,1,uncalibrated,4.78,0.2321578355653057,0.008092807321453292
12,12,KNN,brute,1,uncalibrated,4.79,0.12930171641777524,0.01245431699746419
12,12,KNN,brute,1,uncalibrated,4.81,0.009534589793831807,0.006812271317652183
12,12,KNN,brute,1,uncalibrated,4.82,0.0,0.0
12,12,KNN,brute,1,uncalibrated,4.83,0.0023529411764706245,0.002352941176470588
12,12,KNN,brute,1,uncalibrated,4.84,0.0018552875695732013,0.0018552875695732839
12,12,KNN,brute,1,uncalibrated,4.85,0.0,0.0
12,12,KNN,brute,1,uncalibrated,4.86,0.0,0.0
12,12,KNN,brute,1,uncalibrated,4.87,0.0,0.0
12,12,KNN,brute,1,uncalibrated,4.88,0.0,0.0
12,12,KNN,brute,1,uncalibrated,4.9,0.0,0.0
12,12,KNN,brute,1,uncalibrated,4.93,0.0,0.0
12,12,KNN,brute,3,uncalibrated,4.67,0.0,0.0
12,12,KNN,brute,3,uncalibrated,4.7,0.0,0.0
12,12,KNN,brute,3,uncalibrated,4.72,0.0,0.0
12,12,KNN,brute,3,uncalibrated,4.73,0.0,0.0
12,12,KNN,brute,3,uncalibrated,4.74,0.006716175410637957,0.006102823164153972
12,12,KNN,brute,3,uncalibrated,4.75,0.038006940119400395,0.010997274752704522
12,12,KNN,brute,3,uncalibrated,4.76,0.12374141350729609,0.011689809326244704
12,12,KNN,brute,3,uncalibrated,4.77,0.19923544830646595,0.007254742037350714
12,12,KNN,brute,3,uncalibrated,4.78,0.17771858626664638,0.007613778717819737
12,12,KNN,brute,3,uncalibrated,4.79,0.0806546832675985,0.012685979062720855
12,12,KNN,brute,3,uncalibrated,4.81,0.006129998217874484,0.005630949015172935
12,12,KNN,brute,3,uncalibrated,4.82,0.0011384386390899828,0.001135938318736432
12,12,KNN,brute,3,uncalibrated,4.83,0.0002614379084967276,0.00026143790849673216
12,12,KNN,brute,3,uncalibrated,4.84,0.00038850277581957963,0.0003871372292424924
12,12,KNN,brute,3,uncalibrated,4.85,0.0,0.0
12,12,KNN,brute,3,uncalibrated,4.86,0.0,0.0
12,12,KNN,brute,3,uncalibrated,4.87,0.0,0.0
12,12,KNN,brute,3,uncalibrated,4.88,0.0,0.0
12,12,KNN,brute,3,uncalibrated,4.9,0.0,0.0
12,12,KNN,brute,3,uncalibrated,4.93,0.0,0.0
12,12,KNN,brute,5,uncalibrated,4.67,0.0,0.0
12,12,KNN,brute,5,uncalibrated,4.7,0.0,0.0
12,12,KNN,brute,5,uncalibrated,4.72,0.0,0.0
12,12,KNN,brute,5,uncalibrated,4.73,0.0,0.0
12,12,KNN,brute,5,uncalibrated,4.74,0.006472988552435311,0.006011366327255504
12,12,KNN,brute,5,uncalibrated,4.75,0.041869384275039695,0.008751769085829964
12,12,KNN,brute,5,uncalibrated,4.76,0.12356705332020736,0.011311580811314843
12,12,KNN,brute,5,uncalibrated,4.77,0.19076790404414673,0.006234519104084332
12,12,KNN,brute,5,uncalibrated,4.78,0.16769259211875562,0.009282786821569036
12,12,KNN,brute,5,uncalibrated,4.79,0.07183316919487127,0.011049135554662321
12,12,KNN,brute,5,uncalibrated,4.81,0.00608369818564511,0.005401421426691235
12,12,KNN,brute,5,uncalibrated,4.82,0.001715110246496766,0.0016161166168436204
12,12,KNN,brute,5,uncalibrated,4.83,9.411764705880631e-05,9.411764705882358e-05
12,12,KNN,brute,5,uncalibrated,4.84,0.00034965206852016745,0.0003486688749846644
12,12,KNN,brute,5,uncalibrated,4.85,0.0,0.0
12,12,KNN,brute,5,uncalibrated,4.86,0.0,0.0
12,12,KNN,brute,5,uncalibrated,4.87,0.0,0.0
12,12,KNN,brute,5,uncalibrated,4.88,0.0,0.0
12,12,KNN,brute,5,uncalibrated,4.9,0.0,0.0
12,12,KNN,brute,5,uncalibrated,4.93,0.0,0.0
12,12,KNN,brute,7,uncalibrated,4.67,0.0,0.0
12,12,KNN,brute,7,uncalibrated,4.7,0.0,0.0
12,12,KNN,brute,7,uncalibrated,4.72,0.0,0.0
12,12,KNN,brute,7,uncalibrated,4.73,0.0,0.0
12,12,KNN,brute,7,uncalibrated,4.74,0.006317525826338113,0.006034011994568132
12,12,KNN,brute,7,uncalibrated,4.75,0.04302398062277275,0.008793734521263976
12,12,KNN,brute,7,uncalibrated,4.76,0.12237766840980073,0.011494769600626939
12,12,KNN,brute,7,uncalibrated,4.77,0.18858078492890143,0.005548861679655919
12,12,KNN,brute,7,uncalibrated,4.78,0.16118930029799672,0.009452473458002444
12,12,KNN,brute,7,uncalibrated,4.79,0.06941643649370409,0.01031541861012003
12,12,KNN,brute,7,uncalibrated,4.81,0.004853609715248644,0.00448157678443844
12,12,KNN,brute,7,uncalibrated,4.82,0.0008750562482126342,0.0008245492943079696
12,12,KNN,brute,7,uncalibrated,4.83,0.00012109175289220257,8.236229593371565e-05
12,12,KNN,brute,7,uncalibrated,4.84,0.00017839391251028922,0.000177892283155441
12,12,KNN,brute,7,uncalibrated,4.85,0.0,0.0
12,12,KNN,brute,7,uncalibrated,4.86,0.0,0.0
12,12,KNN,brute,7,uncalibrated,4.87,0.0,0.0
12,12,KNN,brute,7,uncalibrated,4.88,0.0,0.0
12,12,KNN,brute,7,uncalibrated,4.9,0.0,0.0
12,12,KNN,brute,7,uncalibrated,4.93,0.0,0.0
12,12,KNN,brute,9,uncalibrated,4.67,0.0,0.0
12,12,KNN,brute,9,uncalibrated,4.7,0.0,0.0
12,12,KNN,brute,9,uncalibrated,4.72,0.0,0.0
12,12,KNN,brute,9,uncalibrated,4.73,0.0,0.0
12,12,KNN,brute,9,uncalibrated,4.74,0.006056947947857788,0.005801709041901638
12,12,KNN,brute,9,uncalibrated,4.75,0.044421039768581645,0.008997092040546868
12,12,KNN,brute,9,uncalibrated,4.76,0.12388699190987455,0.011442849083139585
12,12,KNN,brute,9,uncalibrated,4.77,0.1876675907609093,0.0055269460070507676
12,12,KNN,brute,9,uncalibrated,4.78,0.161177961911308,0.009983556058146941
12,12,KNN,brute,9,uncalibrated,4.79,0.06712027321707559,0.009479754136983286
12,12,KNN,brute,9,uncalibrated,4.81,0.004700701678756517,0.004448864061042705
12,12,KNN,brute,9,uncalibrated,4.82,0.0005597356509763333,0.0004987540384083688
12,12,KNN,brute,9,uncalibrated,4.83,7.325303570022137e-05,4.982410494755634e-05
12,12,KNN,brute,9,uncalibrated,4.84,0.00021583434493994632,0.00021537916274758383
12,12,KNN,brute,9,uncalibrated,4.85,0.0,0.0
12,12,KNN,brute,9,uncalibrated,4.86,0.0,0.0
12,12,KNN,brute,9,uncalibrated,4.87,0.0,0.0
12,12,KNN,brute,9,uncalibrated,4.88,0.0,0.0
12,12,KNN,brute,9,uncalibrated,4.9,0.0,0.0
12,12,KNN,brute,9,uncalibrated,4.93,0.0,0.0
12,12,KNN,brute,11,uncalibrated,4.67,0.0,0.0
12,12,KNN,brute,11,uncalibrated,4.7,0.0,0.0
12,12,KNN,brute,11,uncalibrated,4.72,0.0,0.0
12,12,KNN,brute,11,uncalibrated,4.73,0.0,0.0
12,12,KNN,brute,11,uncalibrated,4.74,0.006567843403858962,0.006226919486558262
12,12,KNN,brute,11,uncalibrated,4.75,0.04527298003260048,0.009228909141818238
12,12,KNN,brute,11,uncalibrated,4.76,0.1227855237256668,0.011455523716171355
12,12,KNN,brute,11,uncalibrated,4.77,0.18527077166032457,0.008570433040429454
12,12,KNN,brute,11,uncalibrated,4.78,0.16030278599769082,0.01042048480237906
12,12,KNN,brute,11,uncalibrated,4.79,0.06352238021067766,0.00891044071151179
12,12,KNN,brute,11,uncalibrated,4.81,0.0043713190028419205,0.004034216147451687
12,12,KNN,brute,11,uncalibrated,4.82,0.0005623148105200339,0.0005210438341274305
12,12,KNN,brute,11,uncalibrated,4.83,0.0001162117635412516,8.153509743673607e-05
12,12,KNN,brute,11,uncalibrated,4.84,0.00014448414826558363,0.00014417943952524202
12,12,KNN,brute,11,uncalibrated,4.85,0.0,0.0
12,12,KNN,brute,11,uncalibrated,4.86,0.0,0.0
12,12,KNN,brute,11,uncalibrated,4.87,0.0,0.0
12,12,KNN,brute,11,uncalibrated,4.88,0.0,0.0
12,12,KNN,brute,11,uncalibrated,4.9,0.0,0.0
12,12,KNN,brute,11,uncalibrated,4.93,0.0,0.0
12,12,KNN,brute,13,uncalibrated,4.67,0.0,0.0
12,12,KNN,brute,13,uncalibrated,4.7,0.0,0.0
12,12,KNN,brute,13,uncalibrated,4.72,0.0,0.0
12,12,KNN,brute,13,uncalibrated,4.73,0.0,0.0
12,12,KNN,brute,13,uncalibrated,4.74,0.006744969886800479,0.006443440892155805
12,12,KNN,brute,13,uncalibrated,4.75,0.045727090421499264,0.009236145376590992
12,12,KNN,brute,13,uncalibrated,4.76,0.12227746228574009,0.011302240500972744
12,12,KNN,brute,13,uncalibrated,4.77,0.18372213880524305,0.007888321266247666
12,12,KNN,brute,13,uncalibrated,4.78,0.16017855199312597,0.009916567905591268
12,12,KNN,brute,13,uncalibrated,4.79,0.061634120745344176,0.008877819831931746
12,12,KNN,brute,13,uncalibrated,4.81,0.004618313749427555,0.00435631439741833
12,12,KNN,brute,13,uncalibrated,4.82,0.0005668171684453364,0.00053709499333007
12,12,KNN,brute,13,uncalibrated,4.83,8.320487212125802e-05,5.8377199939911585e-05
12,12,KNN,brute,13,uncalibrated,4.84,0.0001864614735834012,0.0001756738759133545
12,12,KNN,brute,13,uncalibrated,4.85,0.0,0.0
12,12,KNN,brute,13,uncalibrated,4.86,0.0,0.0
12,12,KNN,brute,13,uncalibrated,4.87,0.0,0.0
12,12,KNN,brute,13,uncalibrated,4.88,0.0,0.0
12,12,KNN,brute,13,uncalibrated,4.9,0.0,0.0
12,12,KNN,brute,13,uncalibrated,4.93,0.0,0.0
12,12,KNN,brute,15,uncalibrated,4.67,0.0,0.0
12,12,KNN,brute,15,uncalibrated,4.7,0.0,0.0
12,12,KNN,brute,15,uncalibrated,4.72,0.0,0.0
12,12,KNN,brute,15,uncalibrated,4.73,0.0,0.0
12,12,KNN,brute,15,uncalibrated,4.74,0.00689408347559487,0.006470544899623753
12,12,KNN,brute,15,uncalibrated,4.75,0.04616639709520095,0.009185006761571942
12,12,KNN,brute,15,uncalibrated,4.76,0.12103090639302072,0.01148582160886116
12,12,KNN,brute,15,uncalibrated,4.77,0.18296517239872895,0.006844845975280789
12,12,KNN,brute,15,uncalibrated,4.78,0.15964210655043193,0.01021850302185029
12,12,KNN,brute,15,uncalibrated,4.79,0.06332304576767778,0.008881364150496823
12,12,KNN,brute,15,uncalibrated,4.81,0.004690647995464215,0.004348870235507071
12,12,KNN,brute,15,uncalibrated,4.82,0.000459011865337736,0.0004049859388710846
12,12,KNN,brute,15,uncalibrated,4.83,6.249610394885205e-05,4.3847763510422396e-05
12,12,KNN,brute,15,uncalibrated,4.84,0.00021423378777762596,0.00020604019799203062
12,12,KNN,brute,15,uncalibrated,4.85,0.0,0.0
12,12,KNN,brute,15,uncalibrated,4.86,0.0,0.0
12,12,KNN,brute,15,uncalibrated,4.87,0.0,0.0
12,12,KNN,brute,15,uncalibrated,4.88,0.0,0.0
12,12,KNN,brute,15,uncalibrated,4.9,0.0,0.0
12,12,KNN,brute,15,uncalibrated,4.93,0.0,0.0
12,12,KNN,brute,17,uncalibrated,4.67,0.0,0.0
12,12,KNN,brute,17,uncalibrated,4.7,0.0,0.0
12,12,KNN,brute,17,uncalibrated,4.72,0.0,0.0
12,12,KNN,brute,17,uncalibrated,4.73,0.0,0.0
12,12,KNN,brute,17,uncalibrated,4.74,0.0071360470999061575,0.006652029952959859
12,12,KNN,brute,17,uncalibrated,4.75,0.04574808127086422,0.009119299420788375
12,12,KNN,brute,17,uncalibrated,4.76,0.1215832633395199,0.011299561901989899
12,12,KNN,brute,17,uncalibrated,4.77,0.18248890471079332,0.0061367397458867295
12,12,KNN,brute,17,uncalibrated,4.78,0.15930726290820507,0.010219526525845388
12,12,KNN,brute,17,uncalibrated,4.79,0.06241177355376074,0.008744953565550813
12,12,KNN,brute,17,uncalibrated,4.81,0.00481568403931299,0.004523438906553751
12,12,KNN,brute,17,uncalibrated,4.82,0.00047082110710766156,0.00042822912648214515
12,12,KNN,brute,17,uncalibrated,4.83,4.86561362923571e-05,3.4137532144792616e-05
12,12,KNN,brute,17,uncalibrated,4.84,0.00023738335848956112,0.00023096607941370045
12,12,KNN,brute,17,uncalibrated,4.85,0.0,0.0
12,12,KNN,brute,17,uncalibrated,4.86,0.0,0.0
12,12,KNN,brute,17,uncalibrated,4.87,0.0,0.0
12,12,KNN,brute,17,uncalibrated,4.88,0.0,0.0
12,12,KNN,brute,17,uncalibrated,4.9,0.0,0.0
12,12,KNN,brute,17,uncalibrated,4.93,0.0,0.0
12,12,KNN,brute,19,uncalibrated,4.67,0.0,0.0
12,12,KNN,brute,19,uncalibrated,4.7,0.0,0.0
12,12,KNN,brute,19,uncalibrated,4.72,0.0,0.0
12,12,KNN,brute,19,uncalibrated,4.73,7.195021045436557e-06,7.195021045436559e-06
12,12,KNN,brute,19,uncalibrated,4.74,0.00699513322145546,0.006549249165137753
12,12,KNN,brute,19,uncalibrated,4.75,0.04634440207717122,0.009165339157363405
12,12,KNN,brute,19,uncalibrated,4.76,0.12107079541598224,0.010942262627905106
12,12,KNN,brute,19,uncalibrated,4.77,0.18200174782078252,0.005946059240049373
12,12,KNN,brute,19,uncalibrated,4.78,0.15901710113940448,0.010914228838999063
12,12,KNN,brute,19,uncalibrated,4.79,0.06197780115034289,0.00863674542639214
12,12,KNN,brute,19,uncalibrated,4.81,0.0044334567779256775,0.004102260472394325
12,12,KNN,brute,19,uncalibrated,4.82,0.00048173804780541127,0.0004473658269338947
12,12,KNN,brute,19,uncalibrated,4.83,4.534555575816448e-05,2.7890928344403767e-05
12,12,KNN,brute,19,uncalibrated,4.84,0.00019003820111768773,0.00018490082257772696
12,12,KNN,brute,19,uncalibrated,4.85,0.0,0.0
12,12,KNN,brute,19,uncalibrated,4.86,0.0,0.0
12,12,KNN,brute,19,uncalibrated,4.87,0.0,0.0
12,12,KNN,brute,19,uncalibrated,4.88,0.0,0.0
12,12,KNN,brute,19,uncalibrated,4.9,0.0,0.0
12,12,KNN,brute,19,uncalibrated,4.93,0.0,0.0
12,12,KNN,brute,21,uncalibrated,4.67,0.0,0.0
12,12,KNN,brute,21,uncalibrated,4.7,0.0,0.0
12,12,KNN,brute,21,uncalibrated,4.72,0.0,0.0
12,12,KNN,brute,21,uncalibrated,4.73,5.889801808169154e-06,5.889801808169155e-06
12,12,KNN,brute,21,uncalibrated,4.74,0.006475237515506345,0.005975993681078083
12,12,KNN,brute,21,uncalibrated,4.75,0.04592724131441989,0.009154086298051882
12,12,KNN,brute,21,uncalibrated,4.76,0.12061954129008114,0.011061305722182072
12,12,KNN,brute,21,uncalibrated,4.77,0.181305476598299,0.005803375368592725
12,12,KNN,brute,21,uncalibrated,4.78,0.1588652380984733,0.010988402799520555
12,12,KNN,brute,21,uncalibrated,4.79,0.061344063121241,0.008654038787510986
12,12,KNN,brute,21,uncalibrated,4.81,0.004237174036538762,0.003922940297174116
12,12,KNN,brute,21,uncalibrated,4.82,0.0006003156939150661,0.0005719153779473654
12,12,KNN,brute,21,uncalibrated,4.83,3.711960460021863e-05,2.2831349506416717e-05
12,12,KNN,brute,21,uncalibrated,4.84,0.00021023935169194808,0.00020601896467050985
12,12,KNN,brute,21,uncalibrated,4.85,0.0,0.0
12,12,KNN,brute,21,uncalibrated,4.86,0.0,0.0
12,12,KNN,brute,21,uncalibrated,4.87,0.0,0.0
12,12,KNN,brute,21,uncalibrated,4.88,0.0,0.0
12,12,KNN,brute,21,uncalibrated,4.9,0.0,0.0
12,12,KNN,brute,21,uncalibrated,4.93,0.0,0.0
12,12,KNN,brute,23,uncalibrated,4.67,0.0,0.0
12,12,KNN,brute,23,uncalibrated,4.7,0.0,0.0
12,12,KNN,brute,23,uncalibrated,4.72,0.0,0.0
12,12,KNN,brute,23,uncalibrated,4.73,4.910023813615496e-06,4.910023813615496e-06
12,12,KNN,brute,23,uncalibrated,4.74,0.006563723350671883,0.006123546140117557
12,12,KNN,brute,23,uncalibrated,4.75,0.046012594780331234,0.009127041171227696
12,12,KNN,brute,23,uncalibrated,4.76,0.1212919481831225,0.011044691822467765
12,12,KNN,brute,23,uncalibrated,4.77,0.18035950835014183,0.005605325881482687
12,12,KNN,brute,23,uncalibrated,4.78,0.15780590057629856,0.010996561365487892
12,12,KNN,brute,23,uncalibrated,4.79,0.06159021463268538,0.008839851433364581
12,12,KNN,brute,23,uncalibrated,4.81,0.004051814583574544,0.003703770971025163
12,12,KNN,brute,23,uncalibrated,4.82,0.0006006254659200083,0.0005768823325707237
12,12,KNN,brute,23,uncalibrated,4.83,3.094469873099496e-05,1.9033317830491023e-05
12,12,KNN,brute,23,uncalibrated,4.84,0.0002278599106388654,0.0002243335826904359
12,12,KNN,brute,23,uncalibrated,4.85,0.0,0.0
12,12,KNN,brute,23,uncalibrated,4.86,0.0,0.0
12,12,KNN,brute,23,uncalibrated,4.87,0.0,0.0
12,12,KNN,brute,23,uncalibrated,4.88,0.0,0.0
12,12,KNN,brute,23,uncalibrated,4.9,0.0,0.0
12,12,KNN,brute,23,uncalibrated,4.93,0.0,0.0
12,12,KNN,brute,25,uncalibrated,4.67,0.0,0.0
12,12,KNN,brute,25,uncalibrated,4.7,0.0,0.0
12,12,KNN,brute,25,uncalibrated,4.72,0.0,0.0
12,12,KNN,brute,25,uncalibrated,4.73,4.155844155844155e-06,4.155844155844156e-06
12,12,KNN,brute,25,uncalibrated,4.74,0.006535453618897322,0.00614228747336017
12,12,KNN,brute,25,uncalibrated,4.75,0.0466678284873473,0.009197811999110512
12,12,KNN,brute,25,uncalibrated,4.76,0.12144342793434343,0.011141184584491596
12,12,KNN,brute,25,uncalibrated,4.77,0.17991643108129773,0.005392673339755726
12,12,KNN,brute,25,uncalibrated,4.78,0.157771091476606,0.011649888423988841
12,12,KNN,brute,25,uncalibrated,4.79,0.06124520959712433,0.009059992408034031
12,12,KNN,brute,25,uncalibrated,4.81,0.004023721470651907,0.0037232722061361187
12,12,KNN,brute,25,uncalibrated,4.82,0.0006012368431637502,0.0005810975963571369
12,12,KNN,brute,25,uncalibrated,4.83,2.6191593005915132e-05,1.6109800211727608e-05
12,12,KNN,brute,25,uncalibrated,4.84,0.00024331329039826053,0.00024032401745339651
12,12,KNN,brute,25,uncalibrated,4.85,0.0,0.0
12,12,KNN,brute,25,uncalibrated,4.86,0.0,0.0
12,12,KNN,brute,25,uncalibrated,4.87,0.0,0.0
12,12,KNN,brute,25,uncalibrated,4.88,0.0,0.0
12,12,KNN,brute,25,uncalibrated,4.9,0.0,0.0
12,12,KNN,brute,25,uncalibrated,4.93,0.0,0.0
12,12,KNN,brute,27,uncalibrated,4.67,0.0,0.0
12,12,KNN,brute,27,uncalibrated,4.7,0.0,0.0
12,12,KNN,brute,27,uncalibrated,4.72,0.0,0.0
12,12,KNN,brute,27,uncalibrated,4.73,9.205900440327937e-06,6.454003819955606e-06
12,12,KNN,brute,27,uncalibrated,4.74,0.006432329449908213,0.006017085221793125
12,12,KNN,brute,27,uncalibrated,4.75,0.04724735544051272,0.009219769174648819
12,12,KNN,brute,27,uncalibrated,4.76,0.12237996940333976,0.010875136881673178
12,12,KNN,brute,27,uncalibrated,4.77,0.17942803289182088,0.005600002272036636
12,12,KNN,brute,27,uncalibrated,4.78,0.1580275695988385,0.011170945468946411
12,12,KNN,brute,27,uncalibrated,4.79,0.06117716632078804,0.009091592983196348
12,12,KNN,brute,27,uncalibrated,4.81,0.0038372367662771073,0.0035718714673107044
12,12,KNN,brute,27,uncalibrated,4.82,0.0006020105453134539,0.0005847158320948719
12,12,KNN,brute,27,uncalibrated,4.83,2.2455069449515547e-05,1.381155710881996e-05
12,12,KNN,brute,27,uncalibrated,4.84,0.00025694690728260834,0.00025438131574902396
12,12,KNN,brute,27,uncalibrated,4.85,0.0,0.0
12,12,KNN,brute,27,uncalibrated,4.86,0.0,0.0
12,12,KNN,brute,27,uncalibrated,4.87,0.0,0.0
12,12,KNN,brute,27,uncalibrated,4.88,0.0,0.0
12,12,KNN,brute,27,uncalibrated,4.9,0.0,0.0
12,12,KNN,brute,27,uncalibrated,4.93,0.0,0.0
12,12,KNN,brute,29,uncalibrated,4.67,0.0,0.0
12,12,KNN,brute,29,uncalibrated,4.7,0.0,0.0
12,12,KNN,brute,29,uncalibrated,4.72,0.0,0.0
12,12,KNN,brute,29,uncalibrated,4.73,7.97990656480274e-06,5.594493204218349e-06
12,12,KNN,brute,29,uncalibrated,4.74,0.0064670306937691276,0.006029984713686416
12,12,KNN,brute,29,uncalibrated,4.75,0.0474245020336629,0.009194191843992859
12,12,KNN,brute,29,uncalibrated,4.76,0.12303594385364652,0.01076768468080687
12,12,KNN,brute,29,uncalibrated,4.77,0.17999265736001993,0.005528858432806011
12,12,KNN,brute,29,uncalibrated,4.78,0.157416533183277,0.01125511403870999
12,12,KNN,brute,29,uncalibrated,4.79,0.06045906156101411,0.00888825949273874
12,12,KNN,brute,29,uncalibrated,4.81,0.0039345727268239195,0.003638570427142676
12,12,KNN,brute,29,uncalibrated,4.82,0.0006898959854902884,0.0006748693587826381
12,12,KNN,brute,29,uncalibrated,4.83,1.9464620248151588e-05,1.1972205864839175e-05
12,12,KNN,brute,29,uncalibrated,4.84,0.00022272805637220787,0.00022050413695723963
12,12,KNN,brute,29,uncalibrated,4.85,0.0,0.0
12,12,KNN,brute,29,uncalibrated,4.86,0.0,0.0
12,12,KNN,brute,29,uncalibrated,4.87,0.0,0.0
12,12,KNN,brute,29,uncalibrated,4.88,0.0,0.0
12,12,KNN,brute,29,uncalibrated,4.9,0.0,0.0
12,12,KNN,brute,29,uncalibrated,4.93,0.0,0.0
12,12,KNN,brute,31,uncalibrated,4.67,0.0,0.0
12,12,KNN,brute,31,uncalibrated,4.7,0.0,0.0
12,12,KNN,brute,31,uncalibrated,4.72,0.0,0.0
12,12,KNN,brute,31,uncalibrated,4.73,1.7470557969823818e-05,1.4353666784315722e-05
12,12,KNN,brute,31,uncalibrated,4.74,0.006263479630570339,0.005869140377147788
12,12,KNN,brute,31,uncalibrated,4.75,0.047417008955121166,0.009091519861495813
12,12,KNN,brute,31,uncalibrated,4.76,0.12293310836191793,0.010605351481262203
12,12,KNN,brute,31,uncalibrated,4.77,0.17959726932909303,0.005385848256522181
12,12,KNN,brute,31,uncalibrated,4.78,0.1574112805497811,0.011069171539409353
12,12,KNN,brute,31,uncalibrated,4.79,0.0598791181526382,0.008708334945464816
12,12,KNN,brute,31,uncalibrated,4.81,0.0039033052592762933,0.0035804250901109455
12,12,KNN,brute,31,uncalibrated,4.82,0.0006851682617117414,0.0006720069080002392
12,12,KNN,brute,31,uncalibrated,4.83,1.703407453558455e-05,1.0477237390561659e-05
12,12,KNN,brute,31,uncalibrated,4.84,0.00023545094636656964,0.00023350319972138367
12,12,KNN,brute,31,uncalibrated,4.85,0.0,0.0
12,12,KNN,brute,31,uncalibrated,4.86,0.0,0.0
12,12,KNN,brute,31,uncalibrated,4.87,0.0,0.0
12,12,KNN,brute,31,uncalibrated,4.88,0.0,0.0
12,12,KNN,brute,31,uncalibrated,4.9,0.0,0.0
12,12,KNN,brute,31,uncalibrated,4.93,0.0,0.0
12,12,KNN,brute,33,uncalibrated,4.67,0.0,0.0
12,12,KNN,brute,33,uncalibrated,4.7,0.0,0.0
12,12,KNN,brute,33,uncalibrated,4.72,0.0,0.0
12,12,KNN,brute,33,uncalibrated,4.73,1.5417085591370537e-05,1.266655076191681e-05
12,12,KNN,brute,33,uncalibrated,4.74,0.006462090963213752,0.0060926575726481
12,12,KNN,brute,33,uncalibrated,4.75,0.04703329194466218,0.009062060890413868
12,12,KNN,brute,33,uncalibrated,4.76,0.12274569147405999,0.010677029760788916
12,12,KNN,brute,33,uncalibrated,4.77,0.17887754064012115,0.005334243101657517
12,12,KNN,brute,33,uncalibrated,4.78,0.15693375487431238,0.011056168378344097
12,12,KNN,brute,33,uncalibrated,4.79,0.05957809072999494,0.008802841309409115
12,12,KNN,brute,33,uncalibrated,4.81,0.003894332917452969,0.0036033733577744372
12,12,KNN,brute,33,uncalibrated,4.82,0.0007622466171459076,0.0007506175092996576
12,12,KNN,brute,33,uncalibrated,4.83,1.5031905995130835e-05,9.245753105904255e-06
12,12,KNN,brute,33,uncalibrated,4.84,0.00020777627131155058,0.00020605746091115676
12,12,KNN,brute,33,uncalibrated,4.85,0.0,0.0
12,12,KNN,brute,33,uncalibrated,4.86,0.0,0.0
12,12,KNN,brute,33,uncalibrated,4.87,0.0,0.0
12,12,KNN,brute,33,uncalibrated,4.88,0.0,0.0
12,12,KNN,brute,33,uncalibrated,4.9,0.0,0.0
12,12,KNN,brute,33,uncalibrated,4.93,0.0,0.0
12,12,KNN,brute,35,uncalibrated,4.67,0.0,0.0
12,12,KNN,brute,35,uncalibrated,4.7,0.0,0.0
12,12,KNN,brute,35,uncalibrated,4.72,0.0,0.0
12,12,KNN,brute,35,uncalibrated,4.73,1.3705474456327264e-05,1.1260305126308086e-05
12,12,KNN,brute,35,uncalibrated,4.74,0.006653522710507934,0.0062225132534661975
12,12,KNN,brute,35,uncalibrated,4.75,0.047159484479639455,0.009036486105343378
12,12,KNN,brute,35,uncalibrated,4.76,0.12237440964049512,0.010655835010495886
12,12,KNN,brute,35,uncalibrated,4.77,0.17881484058596575,0.005397393105844992
12,12,KNN,brute,35,uncalibrated,4.78,0.1568079932849268,0.01165177326160588
12,12,KNN,brute,35,uncalibrated,4.79,0.05940454520258462,0.008648516064064134
12,12,KNN,brute,35,uncalibrated,4.81,0.0037340796100735155,0.003473255582833291
12,12,KNN,brute,35,uncalibrated,4.82,0.0007538630668824755,0.0007435200548240871
12,12,KNN,brute,35,uncalibrated,4.83,1.3363057656079755e-05,8.219285822309999e-06
12,12,KNN,brute,35,uncalibrated,4.84,0.0002240123774807613,0.00021795656147121457
12,12,KNN,brute,35,uncalibrated,4.85,0.0,0.0
12,12,KNN,brute,35,uncalibrated,4.86,0.0,0.0
12,12,KNN,brute,35,uncalibrated,4.87,0.0,0.0
12,12,KNN,brute,35,uncalibrated,4.88,0.0,0.0
12,12,KNN,brute,35,uncalibrated,4.9,0.0,0.0
12,12,KNN,brute,35,uncalibrated,4.93,0.0,0.0
12,12,KNN,brute,37,uncalibrated,4.67,0.0,0.0
12,12,KNN,brute,37,uncalibrated,4.7,0.0,0.0
12,12,KNN,brute,37,uncalibrated,4.72,0.0,0.0
12,12,KNN,brute,37,uncalibrated,4.73,1.4673114417080368e-05,1.0295376809923713e-05
12,12,KNN,brute,37,uncalibrated,4.74,0.0065767376129629235,0.006128159698696845
12,12,KNN,brute,37,uncalibrated,4.75,0.04700557888337903,0.009032177562585179
12,12,KNN,brute,37,uncalibrated,4.76,0.12241174476271824,0.010627107189644045
12,12,KNN,brute,37,uncalibrated,4.77,0.1784844980644172,0.00533059711976417
12,12,KNN,brute,37,uncalibrated,4.78,0.15650341070022572,0.011962641851395658
12,12,KNN,brute,37,uncalibrated,4.79,0.05992488838087265,0.008768264749917369
12,12,KNN,brute,37,uncalibrated,4.81,0.003737806540429735,0.0035009362499527066
12,12,KNN,brute,37,uncalibrated,4.82,0.0007464780517463102,0.0007372192270535553
12,12,KNN,brute,37,uncalibrated,4.83,1.1957447500874292e-05,7.354729826391344e-06
12,12,KNN,brute,37,uncalibrated,4.84,0.00023431950462358657,0.00022888990695958813
12,12,KNN,brute,37,uncalibrated,4.85,0.0,0.0
12,12,KNN,brute,37,uncalibrated,4.86,0.0,0.0
12,12,KNN,brute,37,uncalibrated,4.87,0.0,0.0
12,12,KNN,brute,37,uncalibrated,4.88,0.0,0.0
12,12,KNN,brute,37,uncalibrated,4.9,0.0,0.0
12,12,KNN,brute,37,uncalibrated,4.93,0.0,0.0
12,12,KNN,brute,39,uncalibrated,4.67,0.0,0.0
12,12,KNN,brute,39,uncalibrated,4.7,0.0,0.0
12,12,KNN,brute,39,uncalibrated,4.72,0.0,0.0
12,12,KNN,brute,39,uncalibrated,4.73,1.5360207594973162e-05,9.448733303772815e-06
12,12,KNN,brute,39,uncalibrated,4.74,0.006695490681511194,0.006274622722098997
12,12,KNN,brute,39,uncalibrated,4.75,0.047271110262053065,0.009016193427210715
12,12,KNN,brute,39,uncalibrated,4.76,0.12227083819485081,0.010580164484021905
12,12,KNN,brute,39,uncalibrated,4.77,0.17860651055327542,0.00531919420992105
12,12,KNN,brute,39,uncalibrated,4.78,0.1563289817565846,0.011817269752979434
12,12,KNN,brute,39,uncalibrated,4.79,0.0594909292999587,0.00880272860249999
12,12,KNN,brute,39,uncalibrated,4.81,0.0037058090457747967,0.0034872119074439525
12,12,KNN,brute,39,uncalibrated,4.82,0.0008112901773909638,0.000802951297800442
12,12,KNN,brute,39,uncalibrated,4.83,1.0762488907756139e-05,6.619740389434421e-06
12,12,KNN,brute,39,uncalibrated,4.84,0.00024382788716935776,0.00023893323713266223
12,12,KNN,brute,39,uncalibrated,4.85,0.0,0.0
12,12,KNN,brute,39,uncalibrated,4.86,0.0,0.0
12,12,KNN,brute,39,uncalibrated,4.87,0.0,0.0
12,12,KNN,brute,39,uncalibrated,4.88,0.0,0.0
12,12,KNN,brute,39,uncalibrated,4.9,0.0,0.0
12,12,KNN,brute,39,uncalibrated,4.93,0.0,0.0
12,12,KNN,brute,41,uncalibrated,4.67,0.0,0.0
12,12,KNN,brute,41,uncalibrated,4.7,0.0,0.0
12,12,KNN,brute,41,uncalibrated,4.72,0.0,0.0
12,12,KNN,brute,41,uncalibrated,4.73,2.4563619836252432e-05,1.958624560721352e-05
12,12,KNN,brute,41,uncalibrated,4.74,0.00667362401261659,0.0062247714880537906
12,12,KNN,brute,41,uncalibrated,4.75,0.04750363154025221,0.009036270628603021
12,12,KNN,brute,41,uncalibrated,4.76,0.12233701337564272,0.010595196874353192
12,12,KNN,brute,41,uncalibrated,4.77,0.1783666469794014,0.005237721132020013
12,12,KNN,brute,41,uncalibrated,4.78,0.1560657765673952,0.01146315846896609
12,12,KNN,brute,41,uncalibrated,4.79,0.05945189085907099,0.008913118365704312
12,12,KNN,brute,41,uncalibrated,4.81,0.0037032409631106815,0.0035021966306052936
12,12,KNN,brute,41,uncalibrated,4.82,0.0008722297959456607,0.0008646810636147016
12,12,KNN,brute,41,uncalibrated,4.83,9.738099719629051e-06,5.989663969262212e-06
12,12,KNN,brute,41,uncalibrated,4.84,0.0002526184450200126,0.0002481841162254396
12,12,KNN,brute,41,uncalibrated,4.85,0.0,0.0
12,12,KNN,brute,41,uncalibrated,4.86,0.0,0.0
12,12,KNN,brute,41,uncalibrated,4.87,0.0,0.0
12,12,KNN,brute,41,uncalibrated,4.88,0.0,0.0
12,12,KNN,brute,41,uncalibrated,4.9,0.0,0.0
12,12,KNN,brute,41,uncalibrated,4.93,0.0,0.0
12,12,KNN,brute,43,uncalibrated,4.67,0.0,0.0
12,12,KNN,brute,43,uncalibrated,4.7,0.0,0.0
12,12,KNN,brute,43,uncalibrated,4.72,0.0,0.0
12,12,KNN,brute,43,uncalibrated,4.73,2.2331771197804327e-05,1.780664081434609e-05
12,12,KNN,brute,43,uncalibrated,4.74,0.006496138681285662,0.006053902455673284
12,12,KNN,brute,43,uncalibrated,4.75,0.04729406959268567,0.00900556078390799
12,12,KNN,brute,43,uncalibrated,4.76,0.12243641293821239,0.01066170234848712
12,12,KNN,brute,43,uncalibrated,4.77,0.17844651857370486,0.0052474532891713796
12,12,KNN,brute,43,uncalibrated,4.78,0.15567363524158231,0.011333503805064815
12,12,KNN,brute,43,uncalibrated,4.79,0.05909799760210648,0.008971342161960697
12,12,KNN,brute,43,uncalibrated,4.81,0.0036706565153394235,0.00348466751985739
12,12,KNN,brute,43,uncalibrated,4.82,0.0008598793986732641,0.0008530152437002819
12,12,KNN,brute,43,uncalibrated,4.83,8.853296716439665e-06,5.445443554532047e-06
12,12,KNN,brute,43,uncalibrated,4.84,0.00022966555223291209,0.00022563412621685438
12,12,KNN,brute,43,uncalibrated,4.85,0.0,0.0
12,12,KNN,brute,43,uncalibrated,4.86,0.0,0.0
12,12,KNN,brute,43,uncalibrated,4.87,0.0,0.0
12,12,KNN,brute,43,uncalibrated,4.88,0.0,0.0
12,12,KNN,brute,43,uncalibrated,4.9,0.0,0.0
12,12,KNN,brute,43,uncalibrated,4.93,0.0,0.0
12,12,KNN,brute,45,uncalibrated,4.67,0.0,0.0
12,12,KNN,brute,45,uncalibrated,4.7,0.0,0.0
12,12,KNN,brute,45,uncalibrated,4.72,0.0,0.0
12,12,KNN,brute,45,uncalibrated,4.73,2.039083700974838e-05,1.6259001909000452e-05
12,12,KNN,brute,45,uncalibrated,4.74,0.0065714668474333,0.006152743792810096
12,12,KNN,brute,45,uncalibrated,4.75,0.04733822701550361,0.008991595704255945
12,12,KNN,brute,45,uncalibrated,4.76,0.12238553760181216,0.010609918861025571
12,12,KNN,brute,45,uncalibrated,4.77,0.176826899207709,0.0051361590927877405
12,12,KNN,brute,45,uncalibrated,4.78,0.15557346020147533,0.011363754153968009
12,12,KNN,brute,45,uncalibrated,4.79,0.05878136975035345,0.009105443711603205
12,12,KNN,brute,45,uncalibrated,4.81,0.0035736104051673325,0.003401310214116703
12,12,KNN,brute,45,uncalibrated,4.82,0.0008487240663503303,0.0008424554671489781
12,12,KNN,brute,45,uncalibrated,4.83,8.083825001825362e-06,4.972160559175181e-06
12,12,KNN,brute,45,uncalibrated,4.84,0.00023809954119103678,0.00023441474615948753
12,12,KNN,brute,45,uncalibrated,4.85,0.0,0.0
12,12,KNN,brute,45,uncalibrated,4.86,0.0,0.0
12,12,KNN,brute,45,uncalibrated,4.87,0.0,0.0
12,12,KNN,brute,45,uncalibrated,4.88,0.0,0.0
12,12,KNN,brute,45,uncalibrated,4.9,0.0,0.0
12,12,KNN,brute,45,uncalibrated,4.93,0.0,0.0
12,12,KNN,brute,47,uncalibrated,4.67,0.0,0.0
12,12,KNN,brute,47,uncalibrated,4.7,0.0,0.0
12,12,KNN,brute,47,uncalibrated,4.72,0.0,0.0
12,12,KNN,brute,47,uncalibrated,4.73,1.8692369825595366e-05,1.490469844532636e-05
12,12,KNN,brute,47,uncalibrated,4.74,0.0065223607757615275,0.006087253970501704
12,12,KNN,brute,47,uncalibrated,4.75,0.04722321019740557,0.008982717026984189
12,12,KNN,brute,47,uncalibrated,4.76,0.12211916598029969,0.01052498922236556
12,12,KNN,brute,47,uncalibrated,4.77,0.1767142295321202,0.005106911681395512
12,12,KNN,brute,47,uncalibrated,4.78,0.1552198355231974,0.011400004451170662
12,12,KNN,brute,47,uncalibrated,4.79,0.05848327457101929,0.009086850851688703
12,12,KNN,brute,47,uncalibrated,4.81,0.0035559798569878044,0.003392801673775759
12,12,KNN,brute,47,uncalibrated,4.82,0.0008395675384320818,0.0008326849332703409
12,12,KNN,brute,47,uncalibrated,4.83,7.410477876277396e-06,4.558001417985394e-06
12,12,KNN,brute,47,uncalibrated,4.84,0.00021826689493519174,0.0002148890271493719
12,12,KNN,brute,47,uncalibrated,4.85,0.0,0.0
12,12,KNN,brute,47,uncalibrated,4.86,0.0,0.0
12,12,KNN,brute,47,uncalibrated,4.87,0.0,0.0
12,12,KNN,brute,47,uncalibrated,4.88,0.0,0.0
12,12,KNN,brute,47,uncalibrated,4.9,0.0,0.0
12,12,KNN,brute,47,uncalibrated,4.93,0.0,0.0
12,12,KNN,brute,49,uncalibrated,4.67,0.0,0.0
12,12,KNN,brute,49,uncalibrated,4.7,0.0,0.0
12,12,KNN,brute,49,uncalibrated,4.72,0.0,0.0
12,12,KNN,brute,49,uncalibrated,4.73,1.7197603059033674e-05,1.3712819186058285e-05
12,12,KNN,brute,49,uncalibrated,4.74,0.0066105337964982355,0.00614553214714486
12,12,KNN,brute,49,uncalibrated,4.75,0.04689296150645898,0.008936933840593268
12,12,KNN,brute,49,uncalibrated,4.76,0.1223316817424105,0.010519965445895424
12,12,KNN,brute,49,uncalibrated,4.77,0.17694015112623454,0.005063429806383624
12,12,KNN,brute,49,uncalibrated,4.78,0.15488794494831637,0.011569519789813285
12,12,KNN,brute,49,uncalibrated,4.79,0.05835315857089487,0.009211268653306166
12,12,KNN,brute,49,uncalibrated,4.81,0.0035699017610693316,0.003416304036499469
12,12,KNN,brute,49,uncalibrated,4.82,0.0008302549123358694,0.0008239220297173821
12,12,KNN,brute,49,uncalibrated,4.83,6.817886559223881e-06,4.193513174647963e-06
12,12,KNN,brute,49,uncalibrated,4.84,0.00020081281587332387,0.000197705064961667
12,12,KNN,brute,49,uncalibrated,4.85,0.0,0.0
12,12,KNN,brute,49,uncalibrated,4.86,0.0,0.0
12,12,KNN,brute,49,uncalibrated,4.87,0.0,0.0
12,12,KNN,brute,49,uncalibrated,4.88,0.0,0.0
12,12,KNN,brute,49,uncalibrated,4.9,0.0,0.0
12,12,KNN,brute,49,uncalibrated,4.93,0.0,0.0
12,12,KNN,brute,51,uncalibrated,4.67,0.0,0.0
12,12,KNN,brute,51,uncalibrated,4.7,0.0,0.0
12,12,KNN,brute,51,uncalibrated,4.72,0.0,0.0
12,12,KNN,brute,51,uncalibrated,4.73,2.82941416766297e-05,2.1177018078998944e-05
12,12,KNN,brute,51,uncalibrated,4.74,0.006676607079005703,0.006159978907545991
12,12,KNN,brute,51,uncalibrated,4.75,0.04684235099876823,0.008889285957569035
12,12,KNN,brute,51,uncalibrated,4.76,0.12217054724889208,0.010422625741937388
12,12,KNN,brute,51,uncalibrated,4.77,0.1767832898066352,0.005053706898658032
12,12,KNN,brute,51,uncalibrated,4.78,0.154869906362526,0.011700279422623097
12,12,KNN,brute,51,uncalibrated,4.79,0.058187054673334106,0.009094980255675972
12,12,KNN,brute,51,uncalibrated,4.81,0.0034799419252856223,0.003335911517980313
12,12,KNN,brute,51,uncalibrated,4.82,0.0007664137041593148,0.0007605677790662953
12,12,KNN,brute,51,uncalibrated,4.83,6.29363538204406e-06,3.871059258873408e-06
12,12,KNN,brute,51,uncalibrated,4.84,0.00020890507915577412,0.00020603388674603052
12,12,KNN,brute,51,uncalibrated,4.85,0.0,0.0
12,12,KNN,brute,51,uncalibrated,4.86,0.0,0.0
12,12,KNN,brute,51,uncalibrated,4.87,0.0,0.0
12,12,KNN,brute,51,uncalibrated,4.88,0.0,0.0
12,12,KNN,brute,51,uncalibrated,4.9,0.0,0.0
12,12,KNN,brute,51,uncalibrated,4.93,0.0,0.0
12,12,KNN,brute,61,uncalibrated,4.67,0.0,0.0
12,12,KNN,brute,61,uncalibrated,4.7,0.0,0.0
12,12,KNN,brute,61,uncalibrated,4.72,0.0,0.0
12,12,KNN,brute,61,uncalibrated,4.73,3.782582298761505e-05,3.2584523852366025e-05
12,12,KNN,brute,61,uncalibrated,4.74,0.006791679228418344,0.006132702099806265
12,12,KNN,brute,61,uncalibrated,4.75,0.04615279998664916,0.008764730591515335
12,12,KNN,brute,61,uncalibrated,4.76,0.12301400611825469,0.010353845497370763
12,12,KNN,brute,61,uncalibrated,4.77,0.17606530253051147,0.005042464366413559
12,12,KNN,brute,61,uncalibrated,4.78,0.1536221632247779,0.011692607864369611
12,12,KNN,brute,61,uncalibrated,4.79,0.05702042816299889,0.008783226870093546
12,12,KNN,brute,61,uncalibrated,4.81,0.003424352233202223,0.0033107424390219297
12,12,KNN,brute,61,uncalibrated,4.82,0.000743196699359785,0.0007384385355018867
12,12,KNN,brute,61,uncalibrated,4.83,4.7663819901789636e-06,3.1064146293315876e-06
12,12,KNN,brute,61,uncalibrated,4.84,0.000163473051866613,0.00016146467176390524
12,12,KNN,brute,61,uncalibrated,4.85,0.0,0.0
12,12,KNN,brute,61,uncalibrated,4.86,0.0,0.0
12,12,KNN,brute,61,uncalibrated,4.87,0.0,0.0
12,12,KNN,brute,61,uncalibrated,4.88,0.0,0.0
12,12,KNN,brute,61,uncalibrated,4.9,0.0,0.0
12,12,KNN,brute,61,uncalibrated,4.93,0.0,0.0
12,12,KNN,brute,81,uncalibrated,4.67,0.0,0.0
12,12,KNN,brute,81,uncalibrated,4.7,0.0,0.0
12,12,KNN,brute,81,uncalibrated,4.72,0.0,0.0
12,12,KNN,brute,81,uncalibrated,4.73,4.074753876171305e-05,3.290907398904378e-05
12,12,KNN,brute,81,uncalibrated,4.74,0.006663944686848619,0.005947368441947898
12,12,KNN,brute,81,uncalibrated,4.75,0.046614298664557983,0.008765124282246888
12,12,KNN,brute,81,uncalibrated,4.76,0.12258428289809568,0.01030319580406605
12,12,KNN,brute,81,uncalibrated,4.77,0.17379019996358058,0.005180224727562461
12,12,KNN,brute,81,uncalibrated,4.78,0.15230817312089157,0.011583972066033246
12,12,KNN,brute,81,uncalibrated,4.79,0.05616679029829909,0.008754518758119124
12,12,KNN,brute,81,uncalibrated,4.81,0.003407417208051956,0.0032812044673094422
12,12,KNN,brute,81,uncalibrated,4.82,0.0006181051687260701,0.0006154062316981323
12,12,KNN,brute,81,uncalibrated,4.83,3.5014318163104133e-06,2.2110021014057084e-06
12,12,KNN,brute,81,uncalibrated,4.84,0.0001936180371952807,0.0001910563728652807
12,12,KNN,brute,81,uncalibrated,4.85,0.0,0.0
12,12,KNN,brute,81,uncalibrated,4.86,0.0,0.0
12,12,KNN,brute,81,uncalibrated,4.87,0.0,0.0
12,12,KNN,brute,81,uncalibrated,4.88,0.0,0.0
12,12,KNN,brute,81,uncalibrated,4.9,0.0,0.0
12,12,KNN,brute,81,uncalibrated,4.93,0.0,0.0
12,12,KNN,brute,101,uncalibrated,4.67,0.0,0.0
12,12,KNN,brute,101,uncalibrated,4.7,0.0,0.0
12,12,KNN,brute,101,uncalibrated,4.72,0.0,0.0
12,12,KNN,brute,101,uncalibrated,4.73,3.010560665183978e-05,2.1666952203145063e-05
12,12,KNN,brute,101,uncalibrated,4.74,0.006680543821771755,0.005914269059765168
12,12,KNN,brute,101,uncalibrated,4.75,0.04645505143672409,0.008686363372754064
12,12,KNN,brute,101,uncalibrated,4.76,0.12252851869666043,0.010028452557701777
12,12,KNN,brute,101,uncalibrated,4.77,0.17212910244191365,0.005271920251870326
12,12,KNN,brute,101,uncalibrated,4.78,0.1509507109226158,0.0113582704173313
12,12,KNN,brute,101,uncalibrated,4.79,0.05498795871469687,0.008696642146790159
12,12,KNN,brute,101,uncalibrated,4.81,0.003373893512506801,0.0032586392814768
12,12,KNN,brute,101,uncalibrated,4.82,0.0005957784036968657,0.0005940425478461905
12,12,KNN,brute,101,uncalibrated,4.83,3.4802237319599682e-06,2.3321949346339783e-06
12,12,KNN,brute,101,uncalibrated,4.84,0.00016651371672528377,0.00016359082418388937
12,12,KNN,brute,101,uncalibrated,4.85,0.0,0.0
12,12,KNN,brute,101,uncalibrated,4.86,0.0,0.0
12,12,KNN,brute,101,uncalibrated,4.87,0.0,0.0
12,12,KNN,brute,101,uncalibrated,4.88,0.0,0.0
12,12,KNN,brute,101,uncalibrated,4.9,0.0,0.0
12,12,KNN,brute,101,uncalibrated,4.93,0.0,0.0
12,12,KNN,brute,151,uncalibrated,4.67,0.0,0.0
12,12,KNN,brute,151,uncalibrated,4.7,0.0,0.0
12,12,KNN,brute,151,uncalibrated,4.72,0.0,0.0
12,12,KNN,brute,151,uncalibrated,4.73,3.537035118189806e-05,2.204655645895728e-05
12,12,KNN,brute,151,uncalibrated,4.74,0.006982124534649966,0.006007300052468297
12,12,KNN,brute,151,uncalibrated,4.75,0.04660352720626207,0.008605626132495246
12,12,KNN,brute,151,uncalibrated,4.76,0.1202981742392815,0.009719675004509492
12,12,KNN,brute,151,uncalibrated,4.77,0.16948777782586974,0.005411086175245256
12,12,KNN,brute,151,uncalibrated,4.78,0.14818398670962366,0.011711299930751262
12,12,KNN,brute,151,uncalibrated,4.79,0.05395193205209251,0.008780031391123523
12,12,KNN,brute,151,uncalibrated,4.81,0.0033399698436265978,0.003203709619855317
12,12,KNN,brute,151,uncalibrated,4.82,0.0004984668667078127,0.000496811072905949
12,12,KNN,brute,151,uncalibrated,4.83,1.2540114266420717e-05,1.038871526511461e-05
12,12,KNN,brute,151,uncalibrated,4.84,0.00019827011317072324,0.00019524354150786877
12,12,KNN,brute,151,uncalibrated,4.85,0.0,0.0
12,12,KNN,brute,151,uncalibrated,4.86,0.0,0.0
12,12,KNN,brute,151,uncalibrated,4.87,0.0,0.0
12,12,KNN,brute,151,uncalibrated,4.88,0.0,0.0
12,12,KNN,brute,151,uncalibrated,4.9,0.0,0.0
12,12,KNN,brute,151,uncalibrated,4.93,0.0,0.0
12,12,KNN,brute,201,uncalibrated,4.67,0.0,0.0
12,12,KNN,brute,201,uncalibrated,4.7,0.0,0.0
12,12,KNN,brute,201,uncalibrated,4.72,8.777256233212646e-08,8.777256233212401e-08
12,12,KNN,brute,201,uncalibrated,4.73,5.302455823440542e-05,3.405864610928164e-05
12,12,KNN,brute,201,uncalibrated,4.74,0.007245804987107467,0.006146372199566031
12,12,KNN,brute,201,uncalibrated,4.75,0.04647554930321652,0.008523832386783612
12,12,KNN,brute,201,uncalibrated,4.76,0.11910831231845391,0.00963543760554018
12,12,KNN,brute,201,uncalibrated,4.77,0.16688458274216633,0.005910584988911727
12,12,KNN,brute,201,uncalibrated,4.78,0.1467417974255249,0.011720149331404542
12,12,KNN,brute,201,uncalibrated,4.79,0.05314644075585554,0.008812212062957426
12,12,KNN,brute,201,uncalibrated,4.81,0.003450189705266591,0.003274586683113816
12,12,KNN,brute,201,uncalibrated,4.82,0.000518297924593555,0.0005173037609860604
12,12,KNN,brute,201,uncalibrated,4.83,1.177744826045588e-05,9.866867838956398e-06
12,12,KNN,brute,201,uncalibrated,4.84,0.00023436512864321272,0.00023136101892236234
12,12,KNN,brute,201,uncalibrated,4.85,0.0,0.0
12,12,KNN,brute,201,uncalibrated,4.86,0.0,0.0
12,12,KNN,brute,201,uncalibrated,4.87,0.0,0.0
12,12,KNN,brute,201,uncalibrated,4.88,0.0,0.0
12,12,KNN,brute,201,uncalibrated,4.9,0.0,0.0
12,12,KNN,brute,201,uncalibrated,4.93,0.0,0.0
